date_scrap,date_debut,date_fin,price,identifiant,typologie,nom
27/12/2023,25/05/2024,01/06/2024,840.92,HVGJZ2T,55 m² Maison de vacances ∙ 2 chambres ∙ 6 personnes,Termen - Valais
27/12/2023,24/02/2024,02/03/2024,3453.80,H86SMPU,180 m² Maison de vacances ∙ 4 chambres ∙ 8 personnes,Hérémence - Valais
27/12/2023,09/03/2024,16/03/2024,2406.10,H86SMPU,180 m² Maison de vacances ∙ 4 chambres ∙ 8 personnes,Hérémence - Valais
27/12/2023,16/03/2024,23/03/2024,2116.61,H86SMPU,180 m² Maison de vacances ∙ 4 chambres ∙ 8 personnes,Hérémence - Valais
27/12/2023,23/03/2024,30/03/2024,2567.29,H86SMPU,180 m² Maison de vacances ∙ 4 chambres ∙ 8 personnes,Hérémence - Valais
27/12/2023,13/04/2024,20/04/2024,2116.61,H86SMPU,180 m² Maison de vacances ∙ 4 chambres ∙ 8 personnes,Hérémence - Valais
27/12/2023,06/01/2024,13/01/2024,726.39,H7J8G2S,65 m² Maison de vacances ∙ 2 chambres ∙ 4 personnes,Albinen - Valais
27/12/2023,13/01/2024,20/01/2024,726.39,H7J8G2S,65 m² Maison de vacances ∙ 2 chambres ∙ 4 personnes,Albinen - Valais
27/12/2023,20/01/2024,27/01/2024,726.39,H7J8G2S,65 m² Maison de vacances ∙ 2 chambres ∙ 4 personnes,Albinen - Valais
27/12/2023,27/01/2024,03/02/2024,726.39,H7J8G2S,65 m² Maison de vacances ∙ 2 chambres ∙ 4 personnes,Albinen - Valais
27/12/2023,02/03/2024,09/03/2024,726.39,H7J8G2S,65 m² Maison de vacances ∙ 2 chambres ∙ 4 personnes,Albinen - Valais
27/12/2023,09/03/2024,16/03/2024,726.39,H7J8G2S,65 m² Maison de vacances ∙ 2 chambres ∙ 4 personnes,Albinen - Valais
27/12/2023,16/03/2024,23/03/2024,726.39,H7J8G2S,65 m² Maison de vacances ∙ 2 chambres ∙ 4 personnes,Albinen - Valais
27/12/2023,06/04/2024,13/04/2024,726.39,H7J8G2S,65 m² Maison de vacances ∙ 2 chambres ∙ 4 personnes,Albinen - Valais
27/12/2023,13/04/2024,20/04/2024,770.93,H7J8G2S,65 m² Maison de vacances ∙ 2 chambres ∙ 4 personnes,Albinen - Valais
27/12/2023,20/04/2024,27/04/2024,770.93,H7J8G2S,65 m² Maison de vacances ∙ 2 chambres ∙ 4 personnes,Albinen - Valais
27/12/2023,27/04/2024,04/05/2024,770.93,H7J8G2S,65 m² Maison de vacances ∙ 2 chambres ∙ 4 personnes,Albinen - Valais
27/12/2023,04/05/2024,11/05/2024,770.93,H7J8G2S,65 m² Maison de vacances ∙ 2 chambres ∙ 4 personnes,Albinen - Valais
27/12/2023,13/01/2024,20/01/2024,611.86,HZFHD7V,25 m² Appartement ∙ 1 chambre ∙ 4 personnes,Fiesch - Valais
27/12/2023,02/03/2024,09/03/2024,611.86,HZFHD7V,25 m² Appartement ∙ 1 chambre ∙ 4 personnes,Fiesch - Valais
27/12/2023,09/03/2024,16/03/2024,611.86,HZFHD7V,25 m² Appartement ∙ 1 chambre ∙ 4 personnes,Fiesch - Valais
27/12/2023,16/03/2024,23/03/2024,611.86,HZFHD7V,25 m² Appartement ∙ 1 chambre ∙ 4 personnes,Fiesch - Valais
27/12/2023,23/03/2024,30/03/2024,611.86,HZFHD7V,25 m² Appartement ∙ 1 chambre ∙ 4 personnes,Fiesch - Valais
27/12/2023,30/03/2024,06/04/2024,611.86,HZFHD7V,25 m² Appartement ∙ 1 chambre ∙ 4 personnes,Fiesch - Valais
27/12/2023,06/04/2024,13/04/2024,611.86,HZFHD7V,25 m² Appartement ∙ 1 chambre ∙ 4 personnes,Fiesch - Valais
27/12/2023,13/04/2024,20/04/2024,611.86,HZFHD7V,25 m² Appartement ∙ 1 chambre ∙ 4 personnes,Fiesch - Valais
27/12/2023,20/04/2024,27/04/2024,611.86,HZFHD7V,25 m² Appartement ∙ 1 chambre ∙ 4 personnes,Fiesch - Valais
27/12/2023,27/04/2024,04/05/2024,568.39,HZFHD7V,25 m² Appartement ∙ 1 chambre ∙ 4 personnes,Fiesch - Valais
27/12/2023,04/05/2024,11/05/2024,535.51,HZFHD7V,25 m² Appartement ∙ 1 chambre ∙ 4 personnes,Fiesch - Valais
27/12/2023,11/05/2024,18/05/2024,535.51,HZFHD7V,25 m² Appartement ∙ 1 chambre ∙ 4 personnes,Fiesch - Valais
27/12/2023,18/05/2024,25/05/2024,535.51,HZFHD7V,25 m² Appartement ∙ 1 chambre ∙ 4 personnes,Fiesch - Valais
27/12/2023,20/01/2024,27/01/2024,519.61,H5EHGAK,Studio ∙ 1 chambre ∙ 2 personnes,Grächen - Valais
27/12/2023,27/01/2024,03/02/2024,593.84,H5EHGAK,Studio ∙ 1 chambre ∙ 2 personnes,Grächen - Valais
27/12/2023,16/03/2024,23/03/2024,539.77,H5EHGAK,Studio ∙ 1 chambre ∙ 2 personnes,Grächen - Valais
27/12/2023,20/01/2024,27/01/2024,1881.19,HGUAHV0,Maison de vacances ∙ 2 chambres ∙ 4 personnes,Bellwald - Valais
27/12/2023,02/03/2024,09/03/2024,1881.19,HGUAHV0,Maison de vacances ∙ 2 chambres ∙ 4 personnes,Bellwald - Valais
27/12/2023,09/03/2024,16/03/2024,1881.19,HGUAHV0,Maison de vacances ∙ 2 chambres ∙ 4 personnes,Bellwald - Valais
27/12/2023,16/03/2024,23/03/2024,1881.19,HGUAHV0,Maison de vacances ∙ 2 chambres ∙ 4 personnes,Bellwald - Valais
27/12/2023,23/03/2024,30/03/2024,1923.61,HGUAHV0,Maison de vacances ∙ 2 chambres ∙ 4 personnes,Bellwald - Valais
27/12/2023,06/04/2024,13/04/2024,1881.19,HGUAHV0,Maison de vacances ∙ 2 chambres ∙ 4 personnes,Bellwald - Valais
27/12/2023,20/04/2024,27/04/2024,1256.60,HGUAHV0,Maison de vacances ∙ 2 chambres ∙ 4 personnes,Bellwald - Valais
27/12/2023,13/01/2024,20/01/2024,573.69,HHT6YEJ,60 m² Appartement ∙ 1 chambre ∙ 4 personnes,Veysonnaz - Valais
27/12/2023,20/01/2024,27/01/2024,573.69,HHT6YEJ,60 m² Appartement ∙ 1 chambre ∙ 4 personnes,Veysonnaz - Valais
27/12/2023,24/02/2024,02/03/2024,880.15,HHT6YEJ,60 m² Appartement ∙ 1 chambre ∙ 4 personnes,Veysonnaz - Valais
27/12/2023,02/03/2024,09/03/2024,880.15,HHT6YEJ,60 m² Appartement ∙ 1 chambre ∙ 4 personnes,Veysonnaz - Valais
27/12/2023,09/03/2024,16/03/2024,880.15,HHT6YEJ,60 m² Appartement ∙ 1 chambre ∙ 4 personnes,Veysonnaz - Valais
27/12/2023,16/03/2024,23/03/2024,880.15,HHT6YEJ,60 m² Appartement ∙ 1 chambre ∙ 4 personnes,Veysonnaz - Valais
27/12/2023,23/03/2024,30/03/2024,880.15,HHT6YEJ,60 m² Appartement ∙ 1 chambre ∙ 4 personnes,Veysonnaz - Valais
27/12/2023,06/04/2024,13/04/2024,880.15,HHT6YEJ,60 m² Appartement ∙ 1 chambre ∙ 4 personnes,Veysonnaz - Valais
27/12/2023,13/04/2024,20/04/2024,880.15,HHT6YEJ,60 m² Appartement ∙ 1 chambre ∙ 4 personnes,Veysonnaz - Valais
27/12/2023,20/04/2024,27/04/2024,880.15,HHT6YEJ,60 m² Appartement ∙ 1 chambre ∙ 4 personnes,Veysonnaz - Valais
27/12/2023,06/04/2024,13/04/2024,962.86,HXUSNPA,50 m² Maison de vacances ∙ 2 chambres ∙ 6 personnes,Simplon - Valais
27/12/2023,13/04/2024,20/04/2024,962.86,HXUSNPA,50 m² Maison de vacances ∙ 2 chambres ∙ 6 personnes,Simplon - Valais
27/12/2023,20/04/2024,27/04/2024,962.86,HXUSNPA,50 m² Maison de vacances ∙ 2 chambres ∙ 6 personnes,Simplon - Valais
27/12/2023,27/04/2024,04/05/2024,962.86,HXUSNPA,50 m² Maison de vacances ∙ 2 chambres ∙ 6 personnes,Simplon - Valais
27/12/2023,04/05/2024,11/05/2024,962.86,HXUSNPA,50 m² Maison de vacances ∙ 2 chambres ∙ 6 personnes,Simplon - Valais
27/12/2023,11/05/2024,18/05/2024,962.86,HXUSNPA,50 m² Maison de vacances ∙ 2 chambres ∙ 6 personnes,Simplon - Valais
27/12/2023,18/05/2024,25/05/2024,962.86,HXUSNPA,50 m² Maison de vacances ∙ 2 chambres ∙ 6 personnes,Simplon - Valais
27/12/2023,25/05/2024,01/06/2024,962.86,HXUSNPA,50 m² Maison de vacances ∙ 2 chambres ∙ 6 personnes,Simplon - Valais
27/12/2023,13/01/2024,20/01/2024,988.32,HAW3PSD,54 m² Appartement ∙ 2 chambres ∙ 5 personnes,Zinal - Ayer - Valais
27/12/2023,20/01/2024,27/01/2024,988.32,HAW3PSD,54 m² Appartement ∙ 2 chambres ∙ 5 personnes,Zinal - Ayer - Valais
27/12/2023,27/01/2024,03/02/2024,988.32,HAW3PSD,54 m² Appartement ∙ 2 chambres ∙ 5 personnes,Zinal - Ayer - Valais
27/12/2023,02/03/2024,09/03/2024,988.32,HAW3PSD,54 m² Appartement ∙ 2 chambres ∙ 5 personnes,Zinal - Ayer - Valais
27/12/2023,09/03/2024,16/03/2024,988.32,HAW3PSD,54 m² Appartement ∙ 2 chambres ∙ 5 personnes,Zinal - Ayer - Valais
27/12/2023,06/04/2024,13/04/2024,988.32,HAW3PSD,54 m² Appartement ∙ 2 chambres ∙ 5 personnes,Zinal - Ayer - Valais
27/12/2023,13/04/2024,20/04/2024,988.32,HAW3PSD,54 m² Appartement ∙ 2 chambres ∙ 5 personnes,Zinal - Ayer - Valais
27/12/2023,20/04/2024,27/04/2024,988.32,HAW3PSD,54 m² Appartement ∙ 2 chambres ∙ 5 personnes,Zinal - Ayer - Valais
27/12/2023,27/04/2024,04/05/2024,988.32,HAW3PSD,54 m² Appartement ∙ 2 chambres ∙ 5 personnes,Zinal - Ayer - Valais
27/12/2023,04/05/2024,11/05/2024,988.32,HAW3PSD,54 m² Appartement ∙ 2 chambres ∙ 5 personnes,Zinal - Ayer - Valais
27/12/2023,11/05/2024,18/05/2024,988.32,HAW3PSD,54 m² Appartement ∙ 2 chambres ∙ 5 personnes,Zinal - Ayer - Valais
27/12/2023,18/05/2024,25/05/2024,988.32,HAW3PSD,54 m² Appartement ∙ 2 chambres ∙ 5 personnes,Zinal - Ayer - Valais
27/12/2023,25/05/2024,01/06/2024,988.32,HAW3PSD,54 m² Appartement ∙ 2 chambres ∙ 5 personnes,Zinal - Ayer - Valais
27/12/2023,06/01/2024,13/01/2024,770.93,HR0DG6T,60 m² Appartement ∙ 1 chambre ∙ 2 personnes,Saint-Nicolas - Valais
27/12/2023,13/01/2024,20/01/2024,770.93,HR0DG6T,60 m² Appartement ∙ 1 chambre ∙ 2 personnes,Saint-Nicolas - Valais
27/12/2023,20/01/2024,27/01/2024,770.93,HR0DG6T,60 m² Appartement ∙ 1 chambre ∙ 2 personnes,Saint-Nicolas - Valais
27/12/2023,27/01/2024,03/02/2024,770.93,HR0DG6T,60 m² Appartement ∙ 1 chambre ∙ 2 personnes,Saint-Nicolas - Valais
27/12/2023,03/02/2024,10/02/2024,770.93,HR0DG6T,60 m² Appartement ∙ 1 chambre ∙ 2 personnes,Saint-Nicolas - Valais
27/12/2023,24/02/2024,02/03/2024,770.93,HR0DG6T,60 m² Appartement ∙ 1 chambre ∙ 2 personnes,Saint-Nicolas - Valais
27/12/2023,02/03/2024,09/03/2024,770.93,HR0DG6T,60 m² Appartement ∙ 1 chambre ∙ 2 personnes,Saint-Nicolas - Valais
27/12/2023,09/03/2024,16/03/2024,770.93,HR0DG6T,60 m² Appartement ∙ 1 chambre ∙ 2 personnes,Saint-Nicolas - Valais
27/12/2023,16/03/2024,23/03/2024,770.93,HR0DG6T,60 m² Appartement ∙ 1 chambre ∙ 2 personnes,Saint-Nicolas - Valais
27/12/2023,23/03/2024,30/03/2024,770.93,HR0DG6T,60 m² Appartement ∙ 1 chambre ∙ 2 personnes,Saint-Nicolas - Valais
27/12/2023,30/03/2024,06/04/2024,770.93,HR0DG6T,60 m² Appartement ∙ 1 chambre ∙ 2 personnes,Saint-Nicolas - Valais
27/12/2023,06/04/2024,13/04/2024,770.93,HR0DG6T,60 m² Appartement ∙ 1 chambre ∙ 2 personnes,Saint-Nicolas - Valais
27/12/2023,13/04/2024,20/04/2024,770.93,HR0DG6T,60 m² Appartement ∙ 1 chambre ∙ 2 personnes,Saint-Nicolas - Valais
27/12/2023,20/04/2024,27/04/2024,770.93,HR0DG6T,60 m² Appartement ∙ 1 chambre ∙ 2 personnes,Saint-Nicolas - Valais
27/12/2023,27/04/2024,04/05/2024,770.93,HR0DG6T,60 m² Appartement ∙ 1 chambre ∙ 2 personnes,Saint-Nicolas - Valais
27/12/2023,04/05/2024,11/05/2024,770.93,HR0DG6T,60 m² Appartement ∙ 1 chambre ∙ 2 personnes,Saint-Nicolas - Valais
27/12/2023,11/05/2024,18/05/2024,726.39,HR0DG6T,60 m² Appartement ∙ 1 chambre ∙ 2 personnes,Saint-Nicolas - Valais
27/12/2023,18/05/2024,25/05/2024,726.39,HR0DG6T,60 m² Appartement ∙ 1 chambre ∙ 2 personnes,Saint-Nicolas - Valais
27/12/2023,25/05/2024,01/06/2024,726.39,HR0DG6T,60 m² Appartement ∙ 1 chambre ∙ 2 personnes,Saint-Nicolas - Valais
27/12/2023,13/04/2024,20/04/2024,1092.18,HM87T15,61 m² Maison de vacances ∙ 2 chambres ∙ 4 personnes,Evolène - Valais
27/12/2023,20/04/2024,27/04/2024,1092.18,HM87T15,61 m² Maison de vacances ∙ 2 chambres ∙ 4 personnes,Evolène - Valais
27/12/2023,27/04/2024,04/05/2024,1309.58,HM87T15,61 m² Maison de vacances ∙ 2 chambres ∙ 4 personnes,Evolène - Valais
27/12/2023,04/05/2024,11/05/2024,1309.58,HM87T15,61 m² Maison de vacances ∙ 2 chambres ∙ 4 personnes,Evolène - Valais
27/12/2023,11/05/2024,18/05/2024,1309.58,HM87T15,61 m² Maison de vacances ∙ 2 chambres ∙ 4 personnes,Evolène - Valais
27/12/2023,18/05/2024,25/05/2024,1309.58,HM87T15,61 m² Maison de vacances ∙ 2 chambres ∙ 4 personnes,Evolène - Valais
27/12/2023,13/01/2024,20/01/2024,1525.95,HTJNW40,135 m² Maison de vacances ∙ 3 chambres ∙ 4 personnes,Vercorin - Valais
27/12/2023,20/01/2024,27/01/2024,1628.81,HTJNW40,135 m² Maison de vacances ∙ 3 chambres ∙ 4 personnes,Vercorin - Valais
27/12/2023,27/01/2024,03/02/2024,1525.95,HTJNW40,135 m² Maison de vacances ∙ 3 chambres ∙ 4 personnes,Vercorin - Valais
27/12/2023,03/02/2024,10/02/2024,2787.85,HTJNW40,135 m² Maison de vacances ∙ 3 chambres ∙ 4 personnes,Vercorin - Valais
27/12/2023,24/02/2024,02/03/2024,2787.85,HTJNW40,135 m² Maison de vacances ∙ 3 chambres ∙ 4 personnes,Vercorin - Valais
27/12/2023,06/04/2024,13/04/2024,2119.79,HTJNW40,135 m² Maison de vacances ∙ 3 chambres ∙ 4 personnes,Vercorin - Valais
27/12/2023,13/04/2024,20/04/2024,1525.95,HTJNW40,135 m² Maison de vacances ∙ 3 chambres ∙ 4 personnes,Vercorin - Valais
27/12/2023,20/04/2024,27/04/2024,1525.95,HTJNW40,135 m² Maison de vacances ∙ 3 chambres ∙ 4 personnes,Vercorin - Valais
27/12/2023,27/04/2024,04/05/2024,1525.95,HTJNW40,135 m² Maison de vacances ∙ 3 chambres ∙ 4 personnes,Vercorin - Valais
27/12/2023,11/05/2024,18/05/2024,1525.95,HTJNW40,135 m² Maison de vacances ∙ 3 chambres ∙ 4 personnes,Vercorin - Valais
27/12/2023,18/05/2024,25/05/2024,1525.95,HTJNW40,135 m² Maison de vacances ∙ 3 chambres ∙ 4 personnes,Vercorin - Valais
27/12/2023,13/01/2024,20/01/2024,863.72,HP93H48,55 m² Appartement ∙ 2 chambres ∙ 4 personnes,Saas-Balen - Valais
27/12/2023,02/03/2024,09/03/2024,839.96,HP93H48,55 m² Appartement ∙ 2 chambres ∙ 4 personnes,Saas-Balen - Valais
27/12/2023,30/03/2024,06/04/2024,1158.83,HP93H48,55 m² Appartement ∙ 2 chambres ∙ 4 personnes,Saas-Balen - Valais
27/12/2023,06/04/2024,13/04/2024,981.95,HP93H48,55 m² Appartement ∙ 2 chambres ∙ 4 personnes,Saas-Balen - Valais
27/12/2023,13/04/2024,20/04/2024,981.95,HP93H48,55 m² Appartement ∙ 2 chambres ∙ 4 personnes,Saas-Balen - Valais
27/12/2023,30/03/2024,06/04/2024,1806.96,HJKZN1E,50 m² Maison de vacances ∙ 2 chambres ∙ 6 personnes,Evolène - Valais
27/12/2023,06/04/2024,13/04/2024,1806.96,HJKZN1E,50 m² Maison de vacances ∙ 2 chambres ∙ 6 personnes,Evolène - Valais
27/12/2023,04/05/2024,11/05/2024,1806.96,HJKZN1E,50 m² Maison de vacances ∙ 2 chambres ∙ 6 personnes,Evolène - Valais
27/12/2023,11/05/2024,18/05/2024,1806.96,HJKZN1E,50 m² Maison de vacances ∙ 2 chambres ∙ 6 personnes,Evolène - Valais
27/12/2023,25/05/2024,01/06/2024,1806.96,HJKZN1E,50 m² Maison de vacances ∙ 2 chambres ∙ 6 personnes,Evolène - Valais
27/12/2023,30/12/2023,06/01/2024,1621.38,HW37AMG,68 m² Appartement ∙ 2 chambres ∙ 4 personnes,Crans-Montana - Valais
27/12/2023,06/01/2024,13/01/2024,1621.38,HW37AMG,68 m² Appartement ∙ 2 chambres ∙ 4 personnes,Crans-Montana - Valais
27/12/2023,13/01/2024,20/01/2024,1621.38,HW37AMG,68 m² Appartement ∙ 2 chambres ∙ 4 personnes,Crans-Montana - Valais
27/12/2023,20/01/2024,27/01/2024,1621.38,HW37AMG,68 m² Appartement ∙ 2 chambres ∙ 4 personnes,Crans-Montana - Valais
27/12/2023,27/01/2024,03/02/2024,1621.38,HW37AMG,68 m² Appartement ∙ 2 chambres ∙ 4 personnes,Crans-Montana - Valais
27/12/2023,03/02/2024,10/02/2024,1621.38,HW37AMG,68 m² Appartement ∙ 2 chambres ∙ 4 personnes,Crans-Montana - Valais
27/12/2023,10/02/2024,17/02/2024,1621.38,HW37AMG,68 m² Appartement ∙ 2 chambres ∙ 4 personnes,Crans-Montana - Valais
27/12/2023,17/02/2024,24/02/2024,1621.38,HW37AMG,68 m² Appartement ∙ 2 chambres ∙ 4 personnes,Crans-Montana - Valais
27/12/2023,24/02/2024,02/03/2024,1621.38,HW37AMG,68 m² Appartement ∙ 2 chambres ∙ 4 personnes,Crans-Montana - Valais
27/12/2023,02/03/2024,09/03/2024,1600.17,HW37AMG,68 m² Appartement ∙ 2 chambres ∙ 4 personnes,Crans-Montana - Valais
27/12/2023,09/03/2024,16/03/2024,1443.23,HW37AMG,68 m² Appartement ∙ 2 chambres ∙ 4 personnes,Crans-Montana - Valais
27/12/2023,16/03/2024,23/03/2024,1443.23,HW37AMG,68 m² Appartement ∙ 2 chambres ∙ 4 personnes,Crans-Montana - Valais
27/12/2023,23/03/2024,30/03/2024,1443.23,HW37AMG,68 m² Appartement ∙ 2 chambres ∙ 4 personnes,Crans-Montana - Valais
27/12/2023,30/03/2024,06/04/2024,1443.23,HW37AMG,68 m² Appartement ∙ 2 chambres ∙ 4 personnes,Crans-Montana - Valais
27/12/2023,06/04/2024,13/04/2024,1443.23,HW37AMG,68 m² Appartement ∙ 2 chambres ∙ 4 personnes,Crans-Montana - Valais
27/12/2023,13/04/2024,20/04/2024,1443.23,HW37AMG,68 m² Appartement ∙ 2 chambres ∙ 4 personnes,Crans-Montana - Valais
27/12/2023,20/04/2024,27/04/2024,1443.23,HW37AMG,68 m² Appartement ∙ 2 chambres ∙ 4 personnes,Crans-Montana - Valais
27/12/2023,27/04/2024,04/05/2024,1443.23,HW37AMG,68 m² Appartement ∙ 2 chambres ∙ 4 personnes,Crans-Montana - Valais
27/12/2023,04/05/2024,11/05/2024,1443.23,HW37AMG,68 m² Appartement ∙ 2 chambres ∙ 4 personnes,Crans-Montana - Valais
27/12/2023,11/05/2024,18/05/2024,1443.23,HW37AMG,68 m² Appartement ∙ 2 chambres ∙ 4 personnes,Crans-Montana - Valais
27/12/2023,18/05/2024,25/05/2024,1443.23,HW37AMG,68 m² Appartement ∙ 2 chambres ∙ 4 personnes,Crans-Montana - Valais
27/12/2023,25/05/2024,01/06/2024,1443.23,HW37AMG,68 m² Appartement ∙ 2 chambres ∙ 4 personnes,Crans-Montana - Valais
27/12/2023,06/01/2024,13/01/2024,913.02,HNRUWBE,80 m² Maison de vacances ∙ 3 chambres ∙ 5 personnes,Orsières - Valais
27/12/2023,17/02/2024,24/02/2024,845.15,HNRUWBE,80 m² Maison de vacances ∙ 3 chambres ∙ 5 personnes,Orsières - Valais
27/12/2023,24/02/2024,02/03/2024,845.15,HNRUWBE,80 m² Maison de vacances ∙ 3 chambres ∙ 5 personnes,Orsières - Valais
27/12/2023,02/03/2024,09/03/2024,845.15,HNRUWBE,80 m² Maison de vacances ∙ 3 chambres ∙ 5 personnes,Orsières - Valais
27/12/2023,09/03/2024,16/03/2024,845.15,HNRUWBE,80 m² Maison de vacances ∙ 3 chambres ∙ 5 personnes,Orsières - Valais
27/12/2023,16/03/2024,23/03/2024,845.15,HNRUWBE,80 m² Maison de vacances ∙ 3 chambres ∙ 5 personnes,Orsières - Valais
27/12/2023,23/03/2024,30/03/2024,845.15,HNRUWBE,80 m² Maison de vacances ∙ 3 chambres ∙ 5 personnes,Orsières - Valais
27/12/2023,30/03/2024,06/04/2024,845.15,HNRUWBE,80 m² Maison de vacances ∙ 3 chambres ∙ 5 personnes,Orsières - Valais
27/12/2023,06/04/2024,13/04/2024,845.15,HNRUWBE,80 m² Maison de vacances ∙ 3 chambres ∙ 5 personnes,Orsières - Valais
27/12/2023,13/04/2024,20/04/2024,845.15,HNRUWBE,80 m² Maison de vacances ∙ 3 chambres ∙ 5 personnes,Orsières - Valais
27/12/2023,20/04/2024,27/04/2024,845.15,HNRUWBE,80 m² Maison de vacances ∙ 3 chambres ∙ 5 personnes,Orsières - Valais
27/12/2023,09/03/2024,16/03/2024,815.47,H62139S,30 m² Appartement ∙ 4 personnes,Ayent - Valais
27/12/2023,16/03/2024,23/03/2024,680.79,H62139S,30 m² Appartement ∙ 4 personnes,Ayent - Valais
27/12/2023,30/03/2024,06/04/2024,705.18,H62139S,30 m² Appartement ∙ 4 personnes,Ayent - Valais
27/12/2023,06/04/2024,13/04/2024,671.25,H62139S,30 m² Appartement ∙ 4 personnes,Ayent - Valais
27/12/2023,13/04/2024,20/04/2024,628.83,H62139S,30 m² Appartement ∙ 4 personnes,Ayent - Valais
27/12/2023,20/04/2024,27/04/2024,628.83,H62139S,30 m² Appartement ∙ 4 personnes,Ayent - Valais
27/12/2023,06/01/2024,13/01/2024,555.00,HD7EG4S,65 m² Maison de vacances ∙ 3 chambres ∙ 5 personnes,Hérémence - Valais
27/12/2023,13/01/2024,20/01/2024,555.00,HD7EG4S,65 m² Maison de vacances ∙ 3 chambres ∙ 5 personnes,Hérémence - Valais
27/12/2023,20/01/2024,27/01/2024,555.00,HD7EG4S,65 m² Maison de vacances ∙ 3 chambres ∙ 5 personnes,Hérémence - Valais
27/12/2023,03/02/2024,10/02/2024,797.00,HD7EG4S,65 m² Maison de vacances ∙ 3 chambres ∙ 5 personnes,Hérémence - Valais
27/12/2023,17/02/2024,24/02/2024,1059.00,HD7EG4S,65 m² Maison de vacances ∙ 3 chambres ∙ 5 personnes,Hérémence - Valais
27/12/2023,09/03/2024,16/03/2024,555.00,HD7EG4S,65 m² Maison de vacances ∙ 3 chambres ∙ 5 personnes,Hérémence - Valais
27/12/2023,16/03/2024,23/03/2024,555.00,HD7EG4S,65 m² Maison de vacances ∙ 3 chambres ∙ 5 personnes,Hérémence - Valais
27/12/2023,23/03/2024,30/03/2024,629.00,HD7EG4S,65 m² Maison de vacances ∙ 3 chambres ∙ 5 personnes,Hérémence - Valais
27/12/2023,30/03/2024,06/04/2024,615.00,HD7EG4S,65 m² Maison de vacances ∙ 3 chambres ∙ 5 personnes,Hérémence - Valais
27/12/2023,06/04/2024,13/04/2024,555.00,HD7EG4S,65 m² Maison de vacances ∙ 3 chambres ∙ 5 personnes,Hérémence - Valais
27/12/2023,13/04/2024,20/04/2024,555.00,HD7EG4S,65 m² Maison de vacances ∙ 3 chambres ∙ 5 personnes,Hérémence - Valais
27/12/2023,20/04/2024,27/04/2024,555.00,HD7EG4S,65 m² Maison de vacances ∙ 3 chambres ∙ 5 personnes,Hérémence - Valais
27/12/2023,27/04/2024,04/05/2024,555.00,HD7EG4S,65 m² Maison de vacances ∙ 3 chambres ∙ 5 personnes,Hérémence - Valais
27/12/2023,13/01/2024,20/01/2024,764.57,HKWT71S,50 m² Appartement ∙ 1 chambre ∙ 4 personnes,Täsch - Valais
27/12/2023,20/01/2024,27/01/2024,764.57,HKWT71S,50 m² Appartement ∙ 1 chambre ∙ 4 personnes,Täsch - Valais
27/12/2023,27/01/2024,03/02/2024,764.57,HKWT71S,50 m² Appartement ∙ 1 chambre ∙ 4 personnes,Täsch - Valais
27/12/2023,03/02/2024,10/02/2024,764.57,HKWT71S,50 m² Appartement ∙ 1 chambre ∙ 4 personnes,Täsch - Valais
27/12/2023,02/03/2024,09/03/2024,764.57,HKWT71S,50 m² Appartement ∙ 1 chambre ∙ 4 personnes,Täsch - Valais
27/12/2023,23/03/2024,30/03/2024,764.57,HKWT71S,50 m² Appartement ∙ 1 chambre ∙ 4 personnes,Täsch - Valais
27/12/2023,30/03/2024,06/04/2024,764.57,HKWT71S,50 m² Appartement ∙ 1 chambre ∙ 4 personnes,Täsch - Valais
27/12/2023,06/04/2024,13/04/2024,764.57,HKWT71S,50 m² Appartement ∙ 1 chambre ∙ 4 personnes,Täsch - Valais
27/12/2023,13/04/2024,20/04/2024,764.57,HKWT71S,50 m² Appartement ∙ 1 chambre ∙ 4 personnes,Täsch - Valais
27/12/2023,20/04/2024,27/04/2024,764.57,HKWT71S,50 m² Appartement ∙ 1 chambre ∙ 4 personnes,Täsch - Valais
27/12/2023,27/04/2024,04/05/2024,764.57,HKWT71S,50 m² Appartement ∙ 1 chambre ∙ 4 personnes,Täsch - Valais
27/12/2023,04/05/2024,11/05/2024,764.57,HKWT71S,50 m² Appartement ∙ 1 chambre ∙ 4 personnes,Täsch - Valais
27/12/2023,11/05/2024,18/05/2024,764.57,HKWT71S,50 m² Appartement ∙ 1 chambre ∙ 4 personnes,Täsch - Valais
27/12/2023,18/05/2024,25/05/2024,764.57,HKWT71S,50 m² Appartement ∙ 1 chambre ∙ 4 personnes,Täsch - Valais
27/12/2023,25/05/2024,01/06/2024,764.57,HKWT71S,50 m² Appartement ∙ 1 chambre ∙ 4 personnes,Täsch - Valais
27/12/2023,06/01/2024,13/01/2024,1550.00,HMUEHB7,140 m² Maison de vacances ∙ 4 chambres ∙ 8 personnes,Ernen - Valais
27/12/2023,20/01/2024,27/01/2024,1550.00,HMUEHB7,140 m² Maison de vacances ∙ 4 chambres ∙ 8 personnes,Ernen - Valais
27/12/2023,27/01/2024,03/02/2024,1550.00,HMUEHB7,140 m² Maison de vacances ∙ 4 chambres ∙ 8 personnes,Ernen - Valais
27/12/2023,03/02/2024,10/02/2024,2195.00,HMUEHB7,140 m² Maison de vacances ∙ 4 chambres ∙ 8 personnes,Ernen - Valais
27/12/2023,24/02/2024,02/03/2024,2195.00,HMUEHB7,140 m² Maison de vacances ∙ 4 chambres ∙ 8 personnes,Ernen - Valais
27/12/2023,02/03/2024,09/03/2024,1550.00,HMUEHB7,140 m² Maison de vacances ∙ 4 chambres ∙ 8 personnes,Ernen - Valais
27/12/2023,09/03/2024,16/03/2024,1550.00,HMUEHB7,140 m² Maison de vacances ∙ 4 chambres ∙ 8 personnes,Ernen - Valais
27/12/2023,16/03/2024,23/03/2024,1550.00,HMUEHB7,140 m² Maison de vacances ∙ 4 chambres ∙ 8 personnes,Ernen - Valais
27/12/2023,06/04/2024,13/04/2024,1375.00,HMUEHB7,140 m² Maison de vacances ∙ 4 chambres ∙ 8 personnes,Ernen - Valais
27/12/2023,13/04/2024,20/04/2024,1375.00,HMUEHB7,140 m² Maison de vacances ∙ 4 chambres ∙ 8 personnes,Ernen - Valais
27/12/2023,20/04/2024,27/04/2024,1375.00,HMUEHB7,140 m² Maison de vacances ∙ 4 chambres ∙ 8 personnes,Ernen - Valais
27/12/2023,27/04/2024,04/05/2024,1375.00,HMUEHB7,140 m² Maison de vacances ∙ 4 chambres ∙ 8 personnes,Ernen - Valais
27/12/2023,20/01/2024,27/01/2024,540.82,HX0HYMV,Appartement ∙ 2 chambres ∙ 5 personnes,Eischoll - Valais
27/12/2023,06/01/2024,13/01/2024,1072.09,HUBDXHJ,60 m² Appartement ∙ 3 chambres ∙ 6 personnes,Grimentz - Valais
27/12/2023,02/03/2024,09/03/2024,1072.09,HUBDXHJ,60 m² Appartement ∙ 3 chambres ∙ 6 personnes,Grimentz - Valais
27/12/2023,06/04/2024,13/04/2024,918.32,HUBDXHJ,60 m² Appartement ∙ 3 chambres ∙ 6 personnes,Grimentz - Valais
27/12/2023,13/04/2024,20/04/2024,918.12,HUBDXHJ,60 m² Appartement ∙ 3 chambres ∙ 6 personnes,Grimentz - Valais
27/12/2023,20/04/2024,27/04/2024,918.12,HUBDXHJ,60 m² Appartement ∙ 3 chambres ∙ 6 personnes,Grimentz - Valais
27/12/2023,27/04/2024,04/05/2024,918.12,HUBDXHJ,60 m² Appartement ∙ 3 chambres ∙ 6 personnes,Grimentz - Valais
27/12/2023,04/05/2024,11/05/2024,918.12,HUBDXHJ,60 m² Appartement ∙ 3 chambres ∙ 6 personnes,Grimentz - Valais
27/12/2023,11/05/2024,18/05/2024,918.12,HUBDXHJ,60 m² Appartement ∙ 3 chambres ∙ 6 personnes,Grimentz - Valais
27/12/2023,18/05/2024,25/05/2024,918.12,HUBDXHJ,60 m² Appartement ∙ 3 chambres ∙ 6 personnes,Grimentz - Valais
27/12/2023,25/05/2024,01/06/2024,918.12,HUBDXHJ,60 m² Appartement ∙ 3 chambres ∙ 6 personnes,Grimentz - Valais
27/12/2023,02/03/2024,09/03/2024,1270.00,HXL7GNA,120 m² Maison de vacances ∙ 3 chambres ∙ 8 personnes,Nendaz - Valais
27/12/2023,16/03/2024,23/03/2024,888.00,HXL7GNA,120 m² Maison de vacances ∙ 3 chambres ∙ 8 personnes,Nendaz - Valais
27/12/2023,13/04/2024,20/04/2024,888.00,HXL7GNA,120 m² Maison de vacances ∙ 3 chambres ∙ 8 personnes,Nendaz - Valais
27/12/2023,20/04/2024,27/04/2024,888.00,HXL7GNA,120 m² Maison de vacances ∙ 3 chambres ∙ 8 personnes,Nendaz - Valais
27/12/2023,27/04/2024,04/05/2024,888.00,HXL7GNA,120 m² Maison de vacances ∙ 3 chambres ∙ 8 personnes,Nendaz - Valais
27/12/2023,06/04/2024,13/04/2024,809.98,HB92GWK,Maison de vacances ∙ 4 chambres ∙ 8 personnes,Wiler (Lötschen) - Valais
27/12/2023,13/04/2024,20/04/2024,809.98,HB92GWK,Maison de vacances ∙ 4 chambres ∙ 8 personnes,Wiler (Lötschen) - Valais
27/12/2023,20/04/2024,27/04/2024,809.98,HB92GWK,Maison de vacances ∙ 4 chambres ∙ 8 personnes,Wiler (Lötschen) - Valais
27/12/2023,27/04/2024,04/05/2024,809.98,HB92GWK,Maison de vacances ∙ 4 chambres ∙ 8 personnes,Wiler (Lötschen) - Valais
27/12/2023,04/05/2024,11/05/2024,809.98,HB92GWK,Maison de vacances ∙ 4 chambres ∙ 8 personnes,Wiler (Lötschen) - Valais
27/12/2023,11/05/2024,18/05/2024,809.98,HB92GWK,Maison de vacances ∙ 4 chambres ∙ 8 personnes,Wiler (Lötschen) - Valais
27/12/2023,18/05/2024,25/05/2024,809.98,HB92GWK,Maison de vacances ∙ 4 chambres ∙ 8 personnes,Wiler (Lötschen) - Valais
27/12/2023,25/05/2024,01/06/2024,809.98,HB92GWK,Maison de vacances ∙ 4 chambres ∙ 8 personnes,Wiler (Lötschen) - Valais
27/12/2023,30/03/2024,06/04/2024,1923.18,HRNBCUS,80 m² Appartement ∙ 2 chambres ∙ 5 personnes,Zermatt - Valais
27/12/2023,13/04/2024,20/04/2024,1554.24,HRNBCUS,80 m² Appartement ∙ 2 chambres ∙ 5 personnes,Zermatt - Valais
27/12/2023,20/04/2024,27/04/2024,1137.58,HRNBCUS,80 m² Appartement ∙ 2 chambres ∙ 5 personnes,Zermatt - Valais
27/12/2023,27/04/2024,04/05/2024,1069.73,HRNBCUS,80 m² Appartement ∙ 2 chambres ∙ 5 personnes,Zermatt - Valais
27/12/2023,04/05/2024,11/05/2024,1451.40,HRNBCUS,80 m² Appartement ∙ 2 chambres ∙ 5 personnes,Zermatt - Valais
27/12/2023,11/05/2024,18/05/2024,1451.40,HRNBCUS,80 m² Appartement ∙ 2 chambres ∙ 5 personnes,Zermatt - Valais
27/12/2023,18/05/2024,25/05/2024,1451.40,HRNBCUS,80 m² Appartement ∙ 2 chambres ∙ 5 personnes,Zermatt - Valais
27/12/2023,16/03/2024,23/03/2024,420.90,HPFGS53,35 m² Appartement ∙ 1 chambre ∙ 4 personnes,Loèche-les-Bains - Valais
27/12/2023,23/03/2024,30/03/2024,420.90,HPFGS53,35 m² Appartement ∙ 1 chambre ∙ 4 personnes,Loèche-les-Bains - Valais
27/12/2023,30/03/2024,06/04/2024,420.90,HPFGS53,35 m² Appartement ∙ 1 chambre ∙ 4 personnes,Loèche-les-Bains - Valais
27/12/2023,13/04/2024,20/04/2024,420.90,HPFGS53,35 m² Appartement ∙ 1 chambre ∙ 4 personnes,Loèche-les-Bains - Valais
27/12/2023,11/05/2024,18/05/2024,420.90,HPFGS53,35 m² Appartement ∙ 1 chambre ∙ 4 personnes,Loèche-les-Bains - Valais
27/12/2023,27/01/2024,03/02/2024,732.59,HEHR4FT,51 m² Appartement ∙ 1 chambre ∙ 3 personnes,Saas-Almagell - Valais
27/12/2023,13/04/2024,20/04/2024,732.59,HEHR4FT,51 m² Appartement ∙ 1 chambre ∙ 3 personnes,Saas-Almagell - Valais
27/12/2023,20/04/2024,27/04/2024,732.59,HEHR4FT,51 m² Appartement ∙ 1 chambre ∙ 3 personnes,Saas-Almagell - Valais
27/12/2023,27/04/2024,04/05/2024,732.59,HEHR4FT,51 m² Appartement ∙ 1 chambre ∙ 3 personnes,Saas-Almagell - Valais
27/12/2023,04/05/2024,11/05/2024,732.59,HEHR4FT,51 m² Appartement ∙ 1 chambre ∙ 3 personnes,Saas-Almagell - Valais
27/12/2023,11/05/2024,18/05/2024,732.59,HEHR4FT,51 m² Appartement ∙ 1 chambre ∙ 3 personnes,Saas-Almagell - Valais
27/12/2023,18/05/2024,25/05/2024,732.59,HEHR4FT,51 m² Appartement ∙ 1 chambre ∙ 3 personnes,Saas-Almagell - Valais
27/12/2023,25/05/2024,01/06/2024,732.59,HEHR4FT,51 m² Appartement ∙ 1 chambre ∙ 3 personnes,Saas-Almagell - Valais
27/12/2023,06/01/2024,13/01/2024,573.57,HEB86WH,50 m² Maison de vacances ∙ 3 chambres ∙ 6 personnes,Leuk - Valais
27/12/2023,13/01/2024,20/01/2024,573.57,HEB86WH,50 m² Maison de vacances ∙ 3 chambres ∙ 6 personnes,Leuk - Valais
27/12/2023,20/01/2024,27/01/2024,573.57,HEB86WH,50 m² Maison de vacances ∙ 3 chambres ∙ 6 personnes,Leuk - Valais
27/12/2023,27/01/2024,03/02/2024,573.57,HEB86WH,50 m² Maison de vacances ∙ 3 chambres ∙ 6 personnes,Leuk - Valais
27/12/2023,17/02/2024,24/02/2024,573.57,HEB86WH,50 m² Maison de vacances ∙ 3 chambres ∙ 6 personnes,Leuk - Valais
27/12/2023,23/03/2024,30/03/2024,535.40,HEB86WH,50 m² Maison de vacances ∙ 3 chambres ∙ 6 personnes,Leuk - Valais
27/12/2023,06/04/2024,13/04/2024,535.40,HEB86WH,50 m² Maison de vacances ∙ 3 chambres ∙ 6 personnes,Leuk - Valais
27/12/2023,13/04/2024,20/04/2024,535.40,HEB86WH,50 m² Maison de vacances ∙ 3 chambres ∙ 6 personnes,Leuk - Valais
27/12/2023,20/04/2024,27/04/2024,535.40,HEB86WH,50 m² Maison de vacances ∙ 3 chambres ∙ 6 personnes,Leuk - Valais
27/12/2023,27/04/2024,04/05/2024,535.40,HEB86WH,50 m² Maison de vacances ∙ 3 chambres ∙ 6 personnes,Leuk - Valais
27/12/2023,04/05/2024,11/05/2024,535.40,HEB86WH,50 m² Maison de vacances ∙ 3 chambres ∙ 6 personnes,Leuk - Valais
27/12/2023,30/03/2024,06/04/2024,1244.66,HMHYX7D,120 m² Appartement ∙ 2 chambres ∙ 4 personnes,Riederalp - Valais
27/12/2023,06/04/2024,13/04/2024,1244.66,HMHYX7D,120 m² Appartement ∙ 2 chambres ∙ 4 personnes,Riederalp - Valais
27/12/2023,13/04/2024,20/04/2024,1451.40,HMHYX7D,120 m² Appartement ∙ 2 chambres ∙ 4 personnes,Riederalp - Valais
27/12/2023,23/03/2024,30/03/2024,2265.86,HLMTPKU,160 m² Chalet ∙ 4 chambres ∙ 8 personnes,Riddes - Valais
27/12/2023,30/03/2024,06/04/2024,1594.13,HLMTPKU,160 m² Chalet ∙ 4 chambres ∙ 8 personnes,Riddes - Valais
27/12/2023,06/04/2024,13/04/2024,936.75,HLMTPKU,160 m² Chalet ∙ 4 chambres ∙ 8 personnes,Riddes - Valais
27/12/2023,13/04/2024,20/04/2024,936.75,HLMTPKU,160 m² Chalet ∙ 4 chambres ∙ 8 personnes,Riddes - Valais
27/12/2023,20/04/2024,27/04/2024,826.10,HLMTPKU,160 m² Chalet ∙ 4 chambres ∙ 8 personnes,Riddes - Valais
27/12/2023,27/04/2024,04/05/2024,826.10,HLMTPKU,160 m² Chalet ∙ 4 chambres ∙ 8 personnes,Riddes - Valais
27/12/2023,04/05/2024,11/05/2024,826.10,HLMTPKU,160 m² Chalet ∙ 4 chambres ∙ 8 personnes,Riddes - Valais
27/12/2023,11/05/2024,18/05/2024,826.10,HLMTPKU,160 m² Chalet ∙ 4 chambres ∙ 8 personnes,Riddes - Valais
27/12/2023,25/05/2024,01/06/2024,826.10,HLMTPKU,160 m² Chalet ∙ 4 chambres ∙ 8 personnes,Riddes - Valais
27/12/2023,06/01/2024,13/01/2024,1220.06,HC4EYZ9,85 m² Appartement ∙ 3 chambres ∙ 6 personnes,Saas Grund - Valais
27/12/2023,13/01/2024,20/01/2024,1220.06,HC4EYZ9,85 m² Appartement ∙ 3 chambres ∙ 6 personnes,Saas Grund - Valais
27/12/2023,20/01/2024,27/01/2024,2349.91,HC4EYZ9,85 m² Appartement ∙ 3 chambres ∙ 6 personnes,Saas Grund - Valais
27/12/2023,02/03/2024,09/03/2024,1262.48,HC4EYZ9,85 m² Appartement ∙ 3 chambres ∙ 6 personnes,Saas Grund - Valais
27/12/2023,09/03/2024,16/03/2024,1144.79,HC4EYZ9,85 m² Appartement ∙ 3 chambres ∙ 6 personnes,Saas Grund - Valais
27/12/2023,16/03/2024,23/03/2024,1144.79,HC4EYZ9,85 m² Appartement ∙ 3 chambres ∙ 6 personnes,Saas Grund - Valais
27/12/2023,23/03/2024,30/03/2024,1947.36,HC4EYZ9,85 m² Appartement ∙ 3 chambres ∙ 6 personnes,Saas Grund - Valais
27/12/2023,30/03/2024,06/04/2024,1947.36,HC4EYZ9,85 m² Appartement ∙ 3 chambres ∙ 6 personnes,Saas Grund - Valais
27/12/2023,04/05/2024,11/05/2024,981.74,HC4EYZ9,85 m² Appartement ∙ 3 chambres ∙ 6 personnes,Saas Grund - Valais
27/12/2023,11/05/2024,18/05/2024,981.74,HC4EYZ9,85 m² Appartement ∙ 3 chambres ∙ 6 personnes,Saas Grund - Valais
27/12/2023,18/05/2024,25/05/2024,981.74,HC4EYZ9,85 m² Appartement ∙ 3 chambres ∙ 6 personnes,Saas Grund - Valais
27/12/2023,25/05/2024,01/06/2024,981.74,HC4EYZ9,85 m² Appartement ∙ 3 chambres ∙ 6 personnes,Saas Grund - Valais
27/12/2023,06/01/2024,13/01/2024,1769.56,HRZEMTN,90 m² Appartement ∙ 3 chambres ∙ 6 personnes,Saas Fee - Valais
27/12/2023,13/01/2024,20/01/2024,1735.53,HRZEMTN,90 m² Appartement ∙ 3 chambres ∙ 6 personnes,Saas Fee - Valais
27/12/2023,20/01/2024,27/01/2024,1735.53,HRZEMTN,90 m² Appartement ∙ 3 chambres ∙ 6 personnes,Saas Fee - Valais
27/12/2023,27/01/2024,03/02/2024,1973.76,HRZEMTN,90 m² Appartement ∙ 3 chambres ∙ 6 personnes,Saas Fee - Valais
27/12/2023,02/03/2024,09/03/2024,1973.76,HRZEMTN,90 m² Appartement ∙ 3 chambres ∙ 6 personnes,Saas Fee - Valais
27/12/2023,09/03/2024,16/03/2024,1735.53,HRZEMTN,90 m² Appartement ∙ 3 chambres ∙ 6 personnes,Saas Fee - Valais
27/12/2023,06/04/2024,13/04/2024,1679.56,HRZEMTN,90 m² Appartement ∙ 3 chambres ∙ 6 personnes,Saas Fee - Valais
27/12/2023,13/04/2024,20/04/2024,1679.56,HRZEMTN,90 m² Appartement ∙ 3 chambres ∙ 6 personnes,Saas Fee - Valais
27/12/2023,20/04/2024,27/04/2024,1509.39,HRZEMTN,90 m² Appartement ∙ 3 chambres ∙ 6 personnes,Saas Fee - Valais
27/12/2023,27/04/2024,04/05/2024,1415.88,HRZEMTN,90 m² Appartement ∙ 3 chambres ∙ 6 personnes,Saas Fee - Valais
27/12/2023,04/05/2024,11/05/2024,1415.88,HRZEMTN,90 m² Appartement ∙ 3 chambres ∙ 6 personnes,Saas Fee - Valais
27/12/2023,11/05/2024,18/05/2024,1415.88,HRZEMTN,90 m² Appartement ∙ 3 chambres ∙ 6 personnes,Saas Fee - Valais
27/12/2023,18/05/2024,25/05/2024,1415.88,HRZEMTN,90 m² Appartement ∙ 3 chambres ∙ 6 personnes,Saas Fee - Valais
27/12/2023,25/05/2024,01/06/2024,1415.88,HRZEMTN,90 m² Appartement ∙ 3 chambres ∙ 6 personnes,Saas Fee - Valais
27/12/2023,20/01/2024,27/01/2024,610.59,HDVNZYJ,55 m² Appartement ∙ 2 chambres ∙ 6 personnes,Saas Fee - Valais
27/12/2023,27/01/2024,03/02/2024,1131.08,HDVNZYJ,55 m² Appartement ∙ 2 chambres ∙ 6 personnes,Saas Fee - Valais
27/12/2023,09/03/2024,16/03/2024,889.74,HDVNZYJ,55 m² Appartement ∙ 2 chambres ∙ 6 personnes,Saas Fee - Valais
27/12/2023,23/03/2024,30/03/2024,1445.83,HDVNZYJ,55 m² Appartement ∙ 2 chambres ∙ 6 personnes,Saas Fee - Valais
27/12/2023,13/04/2024,20/04/2024,678.43,HDVNZYJ,55 m² Appartement ∙ 2 chambres ∙ 6 personnes,Saas Fee - Valais
27/12/2023,06/04/2024,13/04/2024,1392.08,HE5X1GW,Appartement ∙ 3 chambres ∙ 6 personnes,Grächen - Valais
27/12/2023,13/04/2024,20/04/2024,1042.33,HE5X1GW,Appartement ∙ 3 chambres ∙ 6 personnes,Grächen - Valais
27/12/2023,20/04/2024,27/04/2024,1042.33,HE5X1GW,Appartement ∙ 3 chambres ∙ 6 personnes,Grächen - Valais
27/12/2023,27/04/2024,04/05/2024,1042.33,HE5X1GW,Appartement ∙ 3 chambres ∙ 6 personnes,Grächen - Valais
27/12/2023,04/05/2024,11/05/2024,1042.33,HE5X1GW,Appartement ∙ 3 chambres ∙ 6 personnes,Grächen - Valais
27/12/2023,11/05/2024,18/05/2024,1042.33,HE5X1GW,Appartement ∙ 3 chambres ∙ 6 personnes,Grächen - Valais
27/12/2023,18/05/2024,25/05/2024,1042.33,HE5X1GW,Appartement ∙ 3 chambres ∙ 6 personnes,Grächen - Valais
27/12/2023,25/05/2024,01/06/2024,1042.33,HE5X1GW,Appartement ∙ 3 chambres ∙ 6 personnes,Grächen - Valais
27/12/2023,06/01/2024,13/01/2024,913.21,HW2VD0M,65 m² Appartement ∙ 3 chambres ∙ 6 personnes,Ernen - Valais
27/12/2023,13/01/2024,20/01/2024,861.40,HW2VD0M,65 m² Appartement ∙ 3 chambres ∙ 6 personnes,Ernen - Valais
27/12/2023,09/03/2024,16/03/2024,861.40,HW2VD0M,65 m² Appartement ∙ 3 chambres ∙ 6 personnes,Ernen - Valais
27/12/2023,16/03/2024,23/03/2024,861.40,HW2VD0M,65 m² Appartement ∙ 3 chambres ∙ 6 personnes,Ernen - Valais
27/12/2023,23/03/2024,30/03/2024,861.40,HW2VD0M,65 m² Appartement ∙ 3 chambres ∙ 6 personnes,Ernen - Valais
27/12/2023,30/03/2024,06/04/2024,861.40,HW2VD0M,65 m² Appartement ∙ 3 chambres ∙ 6 personnes,Ernen - Valais
27/12/2023,06/04/2024,13/04/2024,861.40,HW2VD0M,65 m² Appartement ∙ 3 chambres ∙ 6 personnes,Ernen - Valais
27/12/2023,13/04/2024,20/04/2024,861.40,HW2VD0M,65 m² Appartement ∙ 3 chambres ∙ 6 personnes,Ernen - Valais
27/12/2023,20/04/2024,27/04/2024,861.40,HW2VD0M,65 m² Appartement ∙ 3 chambres ∙ 6 personnes,Ernen - Valais
27/12/2023,27/04/2024,04/05/2024,861.40,HW2VD0M,65 m² Appartement ∙ 3 chambres ∙ 6 personnes,Ernen - Valais
27/12/2023,04/05/2024,11/05/2024,861.40,HW2VD0M,65 m² Appartement ∙ 3 chambres ∙ 6 personnes,Ernen - Valais
27/12/2023,11/05/2024,18/05/2024,830.31,HW2VD0M,65 m² Appartement ∙ 3 chambres ∙ 6 personnes,Ernen - Valais
27/12/2023,18/05/2024,25/05/2024,752.59,HW2VD0M,65 m² Appartement ∙ 3 chambres ∙ 6 personnes,Ernen - Valais
27/12/2023,06/01/2024,13/01/2024,537.93,HTWZ3AF,95 m² Appartement ∙ 2 chambres ∙ 4 personnes,Saas Grund - Valais
27/12/2023,13/01/2024,20/01/2024,537.93,HTWZ3AF,95 m² Appartement ∙ 2 chambres ∙ 4 personnes,Saas Grund - Valais
27/12/2023,27/01/2024,03/02/2024,743.39,HTWZ3AF,95 m² Appartement ∙ 2 chambres ∙ 4 personnes,Saas Grund - Valais
27/12/2023,24/02/2024,02/03/2024,743.39,HTWZ3AF,95 m² Appartement ∙ 2 chambres ∙ 4 personnes,Saas Grund - Valais
27/12/2023,02/03/2024,09/03/2024,743.39,HTWZ3AF,95 m² Appartement ∙ 2 chambres ∙ 4 personnes,Saas Grund - Valais
27/12/2023,30/03/2024,06/04/2024,537.93,HTWZ3AF,95 m² Appartement ∙ 2 chambres ∙ 4 personnes,Saas Grund - Valais
27/12/2023,06/01/2024,13/01/2024,1023.89,HUWM1TN,60 m² Appartement ∙ 2 chambres ∙ 4 personnes,Grächen - Valais
27/12/2023,13/01/2024,20/01/2024,1023.89,HUWM1TN,60 m² Appartement ∙ 2 chambres ∙ 4 personnes,Grächen - Valais
27/12/2023,20/01/2024,27/01/2024,1023.89,HUWM1TN,60 m² Appartement ∙ 2 chambres ∙ 4 personnes,Grächen - Valais
27/12/2023,02/03/2024,09/03/2024,1023.89,HUWM1TN,60 m² Appartement ∙ 2 chambres ∙ 4 personnes,Grächen - Valais
27/12/2023,09/03/2024,16/03/2024,1023.89,HUWM1TN,60 m² Appartement ∙ 2 chambres ∙ 4 personnes,Grächen - Valais
27/12/2023,16/03/2024,23/03/2024,1023.89,HUWM1TN,60 m² Appartement ∙ 2 chambres ∙ 4 personnes,Grächen - Valais
27/12/2023,06/04/2024,13/04/2024,751.58,HUWM1TN,60 m² Appartement ∙ 2 chambres ∙ 4 personnes,Grächen - Valais
27/12/2023,13/04/2024,20/04/2024,642.65,HUWM1TN,60 m² Appartement ∙ 2 chambres ∙ 4 personnes,Grächen - Valais
27/12/2023,20/04/2024,27/04/2024,642.65,HUWM1TN,60 m² Appartement ∙ 2 chambres ∙ 4 personnes,Grächen - Valais
27/12/2023,27/04/2024,04/05/2024,642.65,HUWM1TN,60 m² Appartement ∙ 2 chambres ∙ 4 personnes,Grächen - Valais
27/12/2023,04/05/2024,11/05/2024,642.65,HUWM1TN,60 m² Appartement ∙ 2 chambres ∙ 4 personnes,Grächen - Valais
27/12/2023,11/05/2024,18/05/2024,642.65,HUWM1TN,60 m² Appartement ∙ 2 chambres ∙ 4 personnes,Grächen - Valais
27/12/2023,18/05/2024,25/05/2024,642.65,HUWM1TN,60 m² Appartement ∙ 2 chambres ∙ 4 personnes,Grächen - Valais
27/12/2023,25/05/2024,01/06/2024,642.65,HUWM1TN,60 m² Appartement ∙ 2 chambres ∙ 4 personnes,Grächen - Valais
27/12/2023,23/03/2024,30/03/2024,1455.00,H5FCPYB,140 m² Maison de vacances ∙ 4 chambres ∙ 8 personnes,Val-d'Illiez - Valais
27/12/2023,30/03/2024,06/04/2024,1240.00,H5FCPYB,140 m² Maison de vacances ∙ 4 chambres ∙ 8 personnes,Val-d'Illiez - Valais
27/12/2023,06/04/2024,13/04/2024,1145.00,H5FCPYB,140 m² Maison de vacances ∙ 4 chambres ∙ 8 personnes,Val-d'Illiez - Valais
27/12/2023,13/04/2024,20/04/2024,1145.00,H5FCPYB,140 m² Maison de vacances ∙ 4 chambres ∙ 8 personnes,Val-d'Illiez - Valais
27/12/2023,20/04/2024,27/04/2024,1145.00,H5FCPYB,140 m² Maison de vacances ∙ 4 chambres ∙ 8 personnes,Val-d'Illiez - Valais
27/12/2023,27/04/2024,04/05/2024,1145.00,H5FCPYB,140 m² Maison de vacances ∙ 4 chambres ∙ 8 personnes,Val-d'Illiez - Valais
27/12/2023,06/01/2024,13/01/2024,1192.51,H7CFUXJ,67 m² Appartement ∙ 2 chambres ∙ 4 personnes,Loèche-les-Bains - Valais
27/12/2023,02/03/2024,09/03/2024,1021.92,H7CFUXJ,67 m² Appartement ∙ 2 chambres ∙ 4 personnes,Loèche-les-Bains - Valais
27/12/2023,09/03/2024,16/03/2024,1021.92,H7CFUXJ,67 m² Appartement ∙ 2 chambres ∙ 4 personnes,Loèche-les-Bains - Valais
27/12/2023,16/03/2024,23/03/2024,1021.92,H7CFUXJ,67 m² Appartement ∙ 2 chambres ∙ 4 personnes,Loèche-les-Bains - Valais
27/12/2023,23/03/2024,30/03/2024,1021.92,H7CFUXJ,67 m² Appartement ∙ 2 chambres ∙ 4 personnes,Loèche-les-Bains - Valais
27/12/2023,30/03/2024,06/04/2024,1021.92,H7CFUXJ,67 m² Appartement ∙ 2 chambres ∙ 4 personnes,Loèche-les-Bains - Valais
27/12/2023,06/04/2024,13/04/2024,1021.92,H7CFUXJ,67 m² Appartement ∙ 2 chambres ∙ 4 personnes,Loèche-les-Bains - Valais
27/12/2023,13/04/2024,20/04/2024,870.53,H7CFUXJ,67 m² Appartement ∙ 2 chambres ∙ 4 personnes,Loèche-les-Bains - Valais
27/12/2023,20/04/2024,27/04/2024,870.53,H7CFUXJ,67 m² Appartement ∙ 2 chambres ∙ 4 personnes,Loèche-les-Bains - Valais
27/12/2023,27/04/2024,04/05/2024,870.53,H7CFUXJ,67 m² Appartement ∙ 2 chambres ∙ 4 personnes,Loèche-les-Bains - Valais
27/12/2023,04/05/2024,11/05/2024,870.53,H7CFUXJ,67 m² Appartement ∙ 2 chambres ∙ 4 personnes,Loèche-les-Bains - Valais
27/12/2023,11/05/2024,18/05/2024,870.53,H7CFUXJ,67 m² Appartement ∙ 2 chambres ∙ 4 personnes,Loèche-les-Bains - Valais
27/12/2023,18/05/2024,25/05/2024,870.53,H7CFUXJ,67 m² Appartement ∙ 2 chambres ∙ 4 personnes,Loèche-les-Bains - Valais
27/12/2023,25/05/2024,01/06/2024,870.53,H7CFUXJ,67 m² Appartement ∙ 2 chambres ∙ 4 personnes,Loèche-les-Bains - Valais
27/12/2023,13/01/2024,20/01/2024,761.43,HGEP13H,65 m² Appartement ∙ 1 chambre ∙ 4 personnes,Loèche-les-Bains - Valais
27/12/2023,27/01/2024,03/02/2024,832.67,HGEP13H,65 m² Appartement ∙ 1 chambre ∙ 4 personnes,Loèche-les-Bains - Valais
27/12/2023,24/02/2024,02/03/2024,832.67,HGEP13H,65 m² Appartement ∙ 1 chambre ∙ 4 personnes,Loèche-les-Bains - Valais
27/12/2023,23/03/2024,30/03/2024,756.97,HGEP13H,65 m² Appartement ∙ 1 chambre ∙ 4 personnes,Loèche-les-Bains - Valais
27/12/2023,30/03/2024,06/04/2024,756.97,HGEP13H,65 m² Appartement ∙ 1 chambre ∙ 4 personnes,Loèche-les-Bains - Valais
27/12/2023,06/04/2024,13/04/2024,756.97,HGEP13H,65 m² Appartement ∙ 1 chambre ∙ 4 personnes,Loèche-les-Bains - Valais
27/12/2023,13/04/2024,20/04/2024,605.58,HGEP13H,65 m² Appartement ∙ 1 chambre ∙ 4 personnes,Loèche-les-Bains - Valais
27/12/2023,20/04/2024,27/04/2024,605.58,HGEP13H,65 m² Appartement ∙ 1 chambre ∙ 4 personnes,Loèche-les-Bains - Valais
27/12/2023,27/04/2024,04/05/2024,636.05,HGEP13H,65 m² Appartement ∙ 1 chambre ∙ 4 personnes,Loèche-les-Bains - Valais
27/12/2023,04/05/2024,11/05/2024,636.05,HGEP13H,65 m² Appartement ∙ 1 chambre ∙ 4 personnes,Loèche-les-Bains - Valais
27/12/2023,11/05/2024,18/05/2024,636.05,HGEP13H,65 m² Appartement ∙ 1 chambre ∙ 4 personnes,Loèche-les-Bains - Valais
27/12/2023,18/05/2024,25/05/2024,636.05,HGEP13H,65 m² Appartement ∙ 1 chambre ∙ 4 personnes,Loèche-les-Bains - Valais
27/12/2023,25/05/2024,01/06/2024,636.05,HGEP13H,65 m² Appartement ∙ 1 chambre ∙ 4 personnes,Loèche-les-Bains - Valais
27/12/2023,16/03/2024,23/03/2024,539.66,HN94S0H,Appartement ∙ 1 chambre ∙ 2 personnes,Grächen - Valais
27/12/2023,23/03/2024,30/03/2024,539.66,HN94S0H,Appartement ∙ 1 chambre ∙ 2 personnes,Grächen - Valais
27/12/2023,27/01/2024,03/02/2024,1072.89,HXHG1RF,58 m² Appartement ∙ 2 chambres ∙ 4 personnes,Saas Grund - Valais
27/12/2023,27/01/2024,03/02/2024,1031.47,HXHG1RF,58 m² Appartement ∙ 2 chambres ∙ 4 personnes,Saas Grund - Valais
27/12/2023,24/02/2024,02/03/2024,1269.50,HXHG1RF,58 m² Appartement ∙ 2 chambres ∙ 4 personnes,Saas Grund - Valais
27/12/2023,06/04/2024,13/04/2024,2754.87,H6A9DK7,100 m² Appartement ∙ 2 chambres ∙ 5 personnes,Saas Fee - Valais
27/12/2023,13/04/2024,20/04/2024,2754.87,H6A9DK7,100 m² Appartement ∙ 2 chambres ∙ 5 personnes,Saas Fee - Valais
27/12/2023,02/03/2024,09/03/2024,753.75,HE78N12,35 m² Appartement ∙ 1 chambre ∙ 2 personnes,Loèche-les-Bains - Valais
27/12/2023,09/03/2024,16/03/2024,648.49,HE78N12,35 m² Appartement ∙ 1 chambre ∙ 2 personnes,Loèche-les-Bains - Valais
27/12/2023,16/03/2024,23/03/2024,606.38,HE78N12,35 m² Appartement ∙ 1 chambre ∙ 2 personnes,Loèche-les-Bains - Valais
27/12/2023,23/03/2024,30/03/2024,606.38,HE78N12,35 m² Appartement ∙ 1 chambre ∙ 2 personnes,Loèche-les-Bains - Valais
27/12/2023,30/03/2024,06/04/2024,606.38,HE78N12,35 m² Appartement ∙ 1 chambre ∙ 2 personnes,Loèche-les-Bains - Valais
27/12/2023,06/04/2024,13/04/2024,645.86,HE78N12,35 m² Appartement ∙ 1 chambre ∙ 2 personnes,Loèche-les-Bains - Valais
27/12/2023,13/04/2024,20/04/2024,619.55,HE78N12,35 m² Appartement ∙ 1 chambre ∙ 2 personnes,Loèche-les-Bains - Valais
27/12/2023,20/04/2024,27/04/2024,606.38,HE78N12,35 m² Appartement ∙ 1 chambre ∙ 2 personnes,Loèche-les-Bains - Valais
27/12/2023,20/04/2024,27/04/2024,935.71,HT1MC9F,Studio ∙ 2 personnes,Zermatt - Valais
27/12/2023,27/04/2024,04/05/2024,845.64,HT1MC9F,Studio ∙ 2 personnes,Zermatt - Valais
27/12/2023,25/05/2024,01/06/2024,856.30,HT1MC9F,Studio ∙ 2 personnes,Zermatt - Valais
27/12/2023,09/03/2024,16/03/2024,4434.35,HE2YGPR,60 m² Appartement ∙ 2 chambres ∙ 4 personnes,Zermatt - Valais
27/12/2023,03/02/2024,10/02/2024,1437.31,HFMRYLD,64 m² Appartement ∙ 1 chambre ∙ 2 personnes,Loèche-les-Bains - Valais
27/12/2023,17/02/2024,24/02/2024,1437.31,HFMRYLD,64 m² Appartement ∙ 1 chambre ∙ 2 personnes,Loèche-les-Bains - Valais
27/12/2023,24/02/2024,02/03/2024,1437.31,HFMRYLD,64 m² Appartement ∙ 1 chambre ∙ 2 personnes,Loèche-les-Bains - Valais
27/12/2023,30/03/2024,06/04/2024,950.39,HFMRYLD,64 m² Appartement ∙ 1 chambre ∙ 2 personnes,Loèche-les-Bains - Valais
27/12/2023,06/04/2024,13/04/2024,950.39,HFMRYLD,64 m² Appartement ∙ 1 chambre ∙ 2 personnes,Loèche-les-Bains - Valais
27/12/2023,13/04/2024,20/04/2024,793.63,HFMRYLD,64 m² Appartement ∙ 1 chambre ∙ 2 personnes,Loèche-les-Bains - Valais
27/12/2023,20/04/2024,27/04/2024,793.63,HFMRYLD,64 m² Appartement ∙ 1 chambre ∙ 2 personnes,Loèche-les-Bains - Valais
27/12/2023,18/05/2024,25/05/2024,793.63,HFMRYLD,64 m² Appartement ∙ 1 chambre ∙ 2 personnes,Loèche-les-Bains - Valais
27/12/2023,25/05/2024,01/06/2024,793.63,HFMRYLD,64 m² Appartement ∙ 1 chambre ∙ 2 personnes,Loèche-les-Bains - Valais
27/12/2023,06/01/2024,13/01/2024,1059.00,H14HCZT,44 m² Appartement ∙ 1 chambre ∙ 4 personnes,Val-d'Illiez - Valais
27/12/2023,13/01/2024,20/01/2024,1059.00,H14HCZT,44 m² Appartement ∙ 1 chambre ∙ 4 personnes,Val-d'Illiez - Valais
27/12/2023,24/02/2024,02/03/2024,1295.00,H14HCZT,44 m² Appartement ∙ 1 chambre ∙ 4 personnes,Val-d'Illiez - Valais
27/12/2023,09/03/2024,16/03/2024,1059.00,H14HCZT,44 m² Appartement ∙ 1 chambre ∙ 4 personnes,Val-d'Illiez - Valais
27/12/2023,16/03/2024,23/03/2024,1059.00,H14HCZT,44 m² Appartement ∙ 1 chambre ∙ 4 personnes,Val-d'Illiez - Valais
27/12/2023,23/03/2024,30/03/2024,1059.00,H14HCZT,44 m² Appartement ∙ 1 chambre ∙ 4 personnes,Val-d'Illiez - Valais
27/12/2023,30/03/2024,06/04/2024,1059.00,H14HCZT,44 m² Appartement ∙ 1 chambre ∙ 4 personnes,Val-d'Illiez - Valais
27/12/2023,06/04/2024,13/04/2024,1059.00,H14HCZT,44 m² Appartement ∙ 1 chambre ∙ 4 personnes,Val-d'Illiez - Valais
27/12/2023,30/03/2024,06/04/2024,1921.72,HHC6TXJ,52 m² Appartement ∙ 1 chambre ∙ 3 personnes,Saas Fee - Valais
27/12/2023,06/04/2024,13/04/2024,1340.11,HHC6TXJ,52 m² Appartement ∙ 1 chambre ∙ 3 personnes,Saas Fee - Valais
27/12/2023,13/04/2024,20/04/2024,1340.11,HHC6TXJ,52 m² Appartement ∙ 1 chambre ∙ 3 personnes,Saas Fee - Valais
27/12/2023,06/01/2024,13/01/2024,593.97,H6ABED5,Appartement ∙ 1 chambre ∙ 4 personnes,Grächen - Valais
27/12/2023,13/01/2024,20/01/2024,593.97,H6ABED5,Appartement ∙ 1 chambre ∙ 4 personnes,Grächen - Valais
27/12/2023,27/01/2024,03/02/2024,668.22,H6ABED5,Appartement ∙ 1 chambre ∙ 4 personnes,Grächen - Valais
27/12/2023,02/03/2024,09/03/2024,593.97,H6ABED5,Appartement ∙ 1 chambre ∙ 4 personnes,Grächen - Valais
27/12/2023,09/03/2024,16/03/2024,593.97,H6ABED5,Appartement ∙ 1 chambre ∙ 4 personnes,Grächen - Valais
27/12/2023,16/03/2024,23/03/2024,593.97,H6ABED5,Appartement ∙ 1 chambre ∙ 4 personnes,Grächen - Valais
27/12/2023,23/03/2024,30/03/2024,593.97,H6ABED5,Appartement ∙ 1 chambre ∙ 4 personnes,Grächen - Valais
27/12/2023,30/03/2024,06/04/2024,593.97,H6ABED5,Appartement ∙ 1 chambre ∙ 4 personnes,Grächen - Valais
27/12/2023,06/01/2024,13/01/2024,965.21,H12U5RH,Appartement ∙ 1 chambre ∙ 4 personnes,Grächen - Valais
27/12/2023,13/01/2024,20/01/2024,965.21,H12U5RH,Appartement ∙ 1 chambre ∙ 4 personnes,Grächen - Valais
27/12/2023,20/01/2024,27/01/2024,965.21,H12U5RH,Appartement ∙ 1 chambre ∙ 4 personnes,Grächen - Valais
27/12/2023,02/03/2024,09/03/2024,965.21,H12U5RH,Appartement ∙ 1 chambre ∙ 4 personnes,Grächen - Valais
27/12/2023,16/03/2024,23/03/2024,965.21,H12U5RH,Appartement ∙ 1 chambre ∙ 4 personnes,Grächen - Valais
27/12/2023,23/03/2024,30/03/2024,998.99,H12U5RH,Appartement ∙ 1 chambre ∙ 4 personnes,Grächen - Valais
27/12/2023,30/03/2024,06/04/2024,998.99,H12U5RH,Appartement ∙ 1 chambre ∙ 4 personnes,Grächen - Valais
27/12/2023,06/04/2024,13/04/2024,998.99,H12U5RH,Appartement ∙ 1 chambre ∙ 4 personnes,Grächen - Valais
27/12/2023,13/04/2024,20/04/2024,998.99,H12U5RH,Appartement ∙ 1 chambre ∙ 4 personnes,Grächen - Valais
27/12/2023,20/04/2024,27/04/2024,998.99,H12U5RH,Appartement ∙ 1 chambre ∙ 4 personnes,Grächen - Valais
27/12/2023,27/04/2024,04/05/2024,998.99,H12U5RH,Appartement ∙ 1 chambre ∙ 4 personnes,Grächen - Valais
27/12/2023,04/05/2024,11/05/2024,998.99,H12U5RH,Appartement ∙ 1 chambre ∙ 4 personnes,Grächen - Valais
27/12/2023,11/05/2024,18/05/2024,998.99,H12U5RH,Appartement ∙ 1 chambre ∙ 4 personnes,Grächen - Valais
27/12/2023,18/05/2024,25/05/2024,998.99,H12U5RH,Appartement ∙ 1 chambre ∙ 4 personnes,Grächen - Valais
27/12/2023,25/05/2024,01/06/2024,998.99,H12U5RH,Appartement ∙ 1 chambre ∙ 4 personnes,Grächen - Valais
27/12/2023,24/02/2024,02/03/2024,3056.00,HFUX3R6,73 m² Maison de vacances ∙ 2 chambres ∙ 4 personnes,Verbier - Bagnes - Valais
27/12/2023,30/03/2024,06/04/2024,1749.00,HFUX3R6,73 m² Maison de vacances ∙ 2 chambres ∙ 4 personnes,Verbier - Bagnes - Valais
27/12/2023,06/04/2024,13/04/2024,1498.00,HFUX3R6,73 m² Maison de vacances ∙ 2 chambres ∙ 4 personnes,Verbier - Bagnes - Valais
27/12/2023,13/04/2024,20/04/2024,1498.00,HFUX3R6,73 m² Maison de vacances ∙ 2 chambres ∙ 4 personnes,Verbier - Bagnes - Valais
27/12/2023,20/04/2024,27/04/2024,1498.00,HFUX3R6,73 m² Maison de vacances ∙ 2 chambres ∙ 4 personnes,Verbier - Bagnes - Valais
27/12/2023,27/04/2024,04/05/2024,1498.00,HFUX3R6,73 m² Maison de vacances ∙ 2 chambres ∙ 4 personnes,Verbier - Bagnes - Valais
27/12/2023,04/05/2024,11/05/2024,1498.00,HFUX3R6,73 m² Maison de vacances ∙ 2 chambres ∙ 4 personnes,Verbier - Bagnes - Valais
27/12/2023,11/05/2024,18/05/2024,1498.00,HFUX3R6,73 m² Maison de vacances ∙ 2 chambres ∙ 4 personnes,Verbier - Bagnes - Valais
27/12/2023,18/05/2024,25/05/2024,1498.00,HFUX3R6,73 m² Maison de vacances ∙ 2 chambres ∙ 4 personnes,Verbier - Bagnes - Valais
27/12/2023,25/05/2024,01/06/2024,1498.00,HFUX3R6,73 m² Maison de vacances ∙ 2 chambres ∙ 4 personnes,Verbier - Bagnes - Valais
27/12/2023,25/05/2024,01/06/2024,2788.50,H0TEWXK,120 m² Maison de vacances ∙ 3 chambres ∙ 12 personnes,Evolène - Valais
27/12/2023,06/01/2024,13/01/2024,911.16,HAGM16C,135 m² Appartement ∙ 4 chambres ∙ 8 personnes,Saas Grund - Valais
27/12/2023,20/01/2024,27/01/2024,911.16,HAGM16C,135 m² Appartement ∙ 4 chambres ∙ 8 personnes,Saas Grund - Valais
27/12/2023,02/03/2024,09/03/2024,1010.08,HAGM16C,135 m² Appartement ∙ 4 chambres ∙ 8 personnes,Saas Grund - Valais
27/12/2023,09/03/2024,16/03/2024,1010.08,HAGM16C,135 m² Appartement ∙ 4 chambres ∙ 8 personnes,Saas Grund - Valais
27/12/2023,16/03/2024,23/03/2024,1010.08,HAGM16C,135 m² Appartement ∙ 4 chambres ∙ 8 personnes,Saas Grund - Valais
27/12/2023,06/01/2024,13/01/2024,1307.00,HEYXU2H,100 m² Appartement ∙ 3 chambres ∙ 5 personnes,Bürchen - Valais
27/12/2023,13/01/2024,20/01/2024,1307.00,HEYXU2H,100 m² Appartement ∙ 3 chambres ∙ 5 personnes,Bürchen - Valais
27/12/2023,20/01/2024,27/01/2024,1307.00,HEYXU2H,100 m² Appartement ∙ 3 chambres ∙ 5 personnes,Bürchen - Valais
27/12/2023,27/01/2024,03/02/2024,1722.00,HEYXU2H,100 m² Appartement ∙ 3 chambres ∙ 5 personnes,Bürchen - Valais
27/12/2023,24/02/2024,02/03/2024,1463.00,HEYXU2H,100 m² Appartement ∙ 3 chambres ∙ 5 personnes,Bürchen - Valais
27/12/2023,02/03/2024,09/03/2024,1307.00,HEYXU2H,100 m² Appartement ∙ 3 chambres ∙ 5 personnes,Bürchen - Valais
27/12/2023,09/03/2024,16/03/2024,1065.00,HEYXU2H,100 m² Appartement ∙ 3 chambres ∙ 5 personnes,Bürchen - Valais
27/12/2023,16/03/2024,23/03/2024,1065.00,HEYXU2H,100 m² Appartement ∙ 3 chambres ∙ 5 personnes,Bürchen - Valais
27/12/2023,23/03/2024,30/03/2024,1065.00,HEYXU2H,100 m² Appartement ∙ 3 chambres ∙ 5 personnes,Bürchen - Valais
27/12/2023,30/03/2024,06/04/2024,1065.00,HEYXU2H,100 m² Appartement ∙ 3 chambres ∙ 5 personnes,Bürchen - Valais
27/12/2023,06/04/2024,13/04/2024,1065.00,HEYXU2H,100 m² Appartement ∙ 3 chambres ∙ 5 personnes,Bürchen - Valais
27/12/2023,13/04/2024,20/04/2024,1065.00,HEYXU2H,100 m² Appartement ∙ 3 chambres ∙ 5 personnes,Bürchen - Valais
27/12/2023,20/04/2024,27/04/2024,1065.00,HEYXU2H,100 m² Appartement ∙ 3 chambres ∙ 5 personnes,Bürchen - Valais
27/12/2023,27/04/2024,04/05/2024,1065.00,HEYXU2H,100 m² Appartement ∙ 3 chambres ∙ 5 personnes,Bürchen - Valais
27/12/2023,04/05/2024,11/05/2024,1065.00,HEYXU2H,100 m² Appartement ∙ 3 chambres ∙ 5 personnes,Bürchen - Valais
27/12/2023,11/05/2024,18/05/2024,1065.00,HEYXU2H,100 m² Appartement ∙ 3 chambres ∙ 5 personnes,Bürchen - Valais
27/12/2023,18/05/2024,25/05/2024,1065.00,HEYXU2H,100 m² Appartement ∙ 3 chambres ∙ 5 personnes,Bürchen - Valais
27/12/2023,25/05/2024,01/06/2024,1065.00,HEYXU2H,100 m² Appartement ∙ 3 chambres ∙ 5 personnes,Bürchen - Valais
27/12/2023,06/01/2024,13/01/2024,1532.67,H0RB42T,Appartement ∙ 2 chambres ∙ 6 personnes,Grengiols - Valais
27/12/2023,13/01/2024,20/01/2024,1532.67,H0RB42T,Appartement ∙ 2 chambres ∙ 6 personnes,Grengiols - Valais
27/12/2023,20/01/2024,27/01/2024,1532.67,H0RB42T,Appartement ∙ 2 chambres ∙ 6 personnes,Grengiols - Valais
27/12/2023,27/01/2024,03/02/2024,1532.67,H0RB42T,Appartement ∙ 2 chambres ∙ 6 personnes,Grengiols - Valais
27/12/2023,02/03/2024,09/03/2024,1532.67,H0RB42T,Appartement ∙ 2 chambres ∙ 6 personnes,Grengiols - Valais
27/12/2023,09/03/2024,16/03/2024,1532.67,H0RB42T,Appartement ∙ 2 chambres ∙ 6 personnes,Grengiols - Valais
27/12/2023,16/03/2024,23/03/2024,1532.67,H0RB42T,Appartement ∙ 2 chambres ∙ 6 personnes,Grengiols - Valais
27/12/2023,30/03/2024,06/04/2024,1532.67,H0RB42T,Appartement ∙ 2 chambres ∙ 6 personnes,Grengiols - Valais
27/12/2023,06/04/2024,13/04/2024,1532.67,H0RB42T,Appartement ∙ 2 chambres ∙ 6 personnes,Grengiols - Valais
27/12/2023,13/04/2024,20/04/2024,1105.22,H0RB42T,Appartement ∙ 2 chambres ∙ 6 personnes,Grengiols - Valais
27/12/2023,20/04/2024,27/04/2024,1105.22,H0RB42T,Appartement ∙ 2 chambres ∙ 6 personnes,Grengiols - Valais
27/12/2023,27/04/2024,04/05/2024,1105.22,H0RB42T,Appartement ∙ 2 chambres ∙ 6 personnes,Grengiols - Valais
27/12/2023,04/05/2024,11/05/2024,1105.22,H0RB42T,Appartement ∙ 2 chambres ∙ 6 personnes,Grengiols - Valais
27/12/2023,11/05/2024,18/05/2024,1105.22,H0RB42T,Appartement ∙ 2 chambres ∙ 6 personnes,Grengiols - Valais
27/12/2023,18/05/2024,25/05/2024,1105.22,H0RB42T,Appartement ∙ 2 chambres ∙ 6 personnes,Grengiols - Valais
27/12/2023,25/05/2024,01/06/2024,1105.22,H0RB42T,Appartement ∙ 2 chambres ∙ 6 personnes,Grengiols - Valais
27/12/2023,17/02/2024,24/02/2024,2314.00,HG7XHJ6,85 m² Appartement ∙ 1 chambre ∙ 4 personnes,Ovronnaz - Leytron - Valais
27/12/2023,16/03/2024,23/03/2024,1052.00,HG7XHJ6,85 m² Appartement ∙ 1 chambre ∙ 4 personnes,Ovronnaz - Leytron - Valais
27/12/2023,23/03/2024,30/03/2024,1052.00,HG7XHJ6,85 m² Appartement ∙ 1 chambre ∙ 4 personnes,Ovronnaz - Leytron - Valais
27/12/2023,30/03/2024,06/04/2024,1052.00,HG7XHJ6,85 m² Appartement ∙ 1 chambre ∙ 4 personnes,Ovronnaz - Leytron - Valais
27/12/2023,06/04/2024,13/04/2024,1052.00,HG7XHJ6,85 m² Appartement ∙ 1 chambre ∙ 4 personnes,Ovronnaz - Leytron - Valais
27/12/2023,13/04/2024,20/04/2024,1052.00,HG7XHJ6,85 m² Appartement ∙ 1 chambre ∙ 4 personnes,Ovronnaz - Leytron - Valais
27/12/2023,20/04/2024,27/04/2024,1052.00,HG7XHJ6,85 m² Appartement ∙ 1 chambre ∙ 4 personnes,Ovronnaz - Leytron - Valais
27/12/2023,27/04/2024,04/05/2024,1052.00,HG7XHJ6,85 m² Appartement ∙ 1 chambre ∙ 4 personnes,Ovronnaz - Leytron - Valais
27/12/2023,04/05/2024,11/05/2024,1052.00,HG7XHJ6,85 m² Appartement ∙ 1 chambre ∙ 4 personnes,Ovronnaz - Leytron - Valais
27/12/2023,11/05/2024,18/05/2024,1052.00,HG7XHJ6,85 m² Appartement ∙ 1 chambre ∙ 4 personnes,Ovronnaz - Leytron - Valais
27/12/2023,18/05/2024,25/05/2024,1052.00,HG7XHJ6,85 m² Appartement ∙ 1 chambre ∙ 4 personnes,Ovronnaz - Leytron - Valais
27/12/2023,25/05/2024,01/06/2024,1052.00,HG7XHJ6,85 m² Appartement ∙ 1 chambre ∙ 4 personnes,Ovronnaz - Leytron - Valais
27/12/2023,06/01/2024,13/01/2024,1329.00,H7BYW6L,50 m² Appartement ∙ 3 chambres ∙ 4 personnes,Goms - Valais
27/12/2023,20/01/2024,27/01/2024,1329.00,H7BYW6L,50 m² Appartement ∙ 3 chambres ∙ 4 personnes,Goms - Valais
27/12/2023,24/02/2024,02/03/2024,1457.00,H7BYW6L,50 m² Appartement ∙ 3 chambres ∙ 4 personnes,Goms - Valais
27/12/2023,02/03/2024,09/03/2024,1329.00,H7BYW6L,50 m² Appartement ∙ 3 chambres ∙ 4 personnes,Goms - Valais
27/12/2023,09/03/2024,16/03/2024,1329.00,H7BYW6L,50 m² Appartement ∙ 3 chambres ∙ 4 personnes,Goms - Valais
27/12/2023,16/03/2024,23/03/2024,1329.00,H7BYW6L,50 m² Appartement ∙ 3 chambres ∙ 4 personnes,Goms - Valais
27/12/2023,23/03/2024,30/03/2024,1329.00,H7BYW6L,50 m² Appartement ∙ 3 chambres ∙ 4 personnes,Goms - Valais
27/12/2023,30/03/2024,06/04/2024,1329.00,H7BYW6L,50 m² Appartement ∙ 3 chambres ∙ 4 personnes,Goms - Valais
27/12/2023,06/04/2024,13/04/2024,1329.00,H7BYW6L,50 m² Appartement ∙ 3 chambres ∙ 4 personnes,Goms - Valais
27/12/2023,13/04/2024,20/04/2024,1329.00,H7BYW6L,50 m² Appartement ∙ 3 chambres ∙ 4 personnes,Goms - Valais
27/12/2023,20/04/2024,27/04/2024,1329.00,H7BYW6L,50 m² Appartement ∙ 3 chambres ∙ 4 personnes,Goms - Valais
27/12/2023,27/04/2024,04/05/2024,1329.00,H7BYW6L,50 m² Appartement ∙ 3 chambres ∙ 4 personnes,Goms - Valais
27/12/2023,04/05/2024,11/05/2024,1329.00,H7BYW6L,50 m² Appartement ∙ 3 chambres ∙ 4 personnes,Goms - Valais
27/12/2023,11/05/2024,18/05/2024,1329.00,H7BYW6L,50 m² Appartement ∙ 3 chambres ∙ 4 personnes,Goms - Valais
27/12/2023,18/05/2024,25/05/2024,1329.00,H7BYW6L,50 m² Appartement ∙ 3 chambres ∙ 4 personnes,Goms - Valais
27/12/2023,25/05/2024,01/06/2024,1329.00,H7BYW6L,50 m² Appartement ∙ 3 chambres ∙ 4 personnes,Goms - Valais
27/12/2023,13/01/2024,20/01/2024,1173.10,HLZRS3H,40 m² Appartement ∙ 2 chambres ∙ 4 personnes,Termen - Valais
27/12/2023,20/01/2024,27/01/2024,1173.10,HLZRS3H,40 m² Appartement ∙ 2 chambres ∙ 4 personnes,Termen - Valais
27/12/2023,24/02/2024,02/03/2024,1410.69,HLZRS3H,40 m² Appartement ∙ 2 chambres ∙ 4 personnes,Termen - Valais
27/12/2023,02/03/2024,09/03/2024,1173.10,HLZRS3H,40 m² Appartement ∙ 2 chambres ∙ 4 personnes,Termen - Valais
27/12/2023,09/03/2024,16/03/2024,1173.10,HLZRS3H,40 m² Appartement ∙ 2 chambres ∙ 4 personnes,Termen - Valais
27/12/2023,16/03/2024,23/03/2024,1173.10,HLZRS3H,40 m² Appartement ∙ 2 chambres ∙ 4 personnes,Termen - Valais
27/12/2023,23/03/2024,30/03/2024,1173.10,HLZRS3H,40 m² Appartement ∙ 2 chambres ∙ 4 personnes,Termen - Valais
27/12/2023,13/01/2024,20/01/2024,2268.77,H3ENJVT,55 m² Maison de vacances ∙ 1 chambre ∙ 4 personnes,Nendaz - Valais
27/12/2023,20/01/2024,27/01/2024,2268.77,H3ENJVT,55 m² Maison de vacances ∙ 1 chambre ∙ 4 personnes,Nendaz - Valais
27/12/2023,27/01/2024,03/02/2024,2268.77,H3ENJVT,55 m² Maison de vacances ∙ 1 chambre ∙ 4 personnes,Nendaz - Valais
27/12/2023,03/02/2024,10/02/2024,2640.01,H3ENJVT,55 m² Maison de vacances ∙ 1 chambre ∙ 4 personnes,Nendaz - Valais
27/12/2023,17/02/2024,24/02/2024,2640.01,H3ENJVT,55 m² Maison de vacances ∙ 1 chambre ∙ 4 personnes,Nendaz - Valais
27/12/2023,24/02/2024,02/03/2024,2640.01,H3ENJVT,55 m² Maison de vacances ∙ 1 chambre ∙ 4 personnes,Nendaz - Valais
27/12/2023,02/03/2024,09/03/2024,2268.77,H3ENJVT,55 m² Maison de vacances ∙ 1 chambre ∙ 4 personnes,Nendaz - Valais
27/12/2023,09/03/2024,16/03/2024,2268.77,H3ENJVT,55 m² Maison de vacances ∙ 1 chambre ∙ 4 personnes,Nendaz - Valais
27/12/2023,16/03/2024,23/03/2024,2268.77,H3ENJVT,55 m² Maison de vacances ∙ 1 chambre ∙ 4 personnes,Nendaz - Valais
27/12/2023,23/03/2024,30/03/2024,2268.77,H3ENJVT,55 m² Maison de vacances ∙ 1 chambre ∙ 4 personnes,Nendaz - Valais
27/12/2023,30/03/2024,06/04/2024,2268.77,H3ENJVT,55 m² Maison de vacances ∙ 1 chambre ∙ 4 personnes,Nendaz - Valais
27/12/2023,06/04/2024,13/04/2024,2268.77,H3ENJVT,55 m² Maison de vacances ∙ 1 chambre ∙ 4 personnes,Nendaz - Valais
27/12/2023,13/04/2024,20/04/2024,1897.54,H3ENJVT,55 m² Maison de vacances ∙ 1 chambre ∙ 4 personnes,Nendaz - Valais
27/12/2023,20/04/2024,27/04/2024,1897.54,H3ENJVT,55 m² Maison de vacances ∙ 1 chambre ∙ 4 personnes,Nendaz - Valais
27/12/2023,27/04/2024,04/05/2024,1897.54,H3ENJVT,55 m² Maison de vacances ∙ 1 chambre ∙ 4 personnes,Nendaz - Valais
27/12/2023,04/05/2024,11/05/2024,1897.54,H3ENJVT,55 m² Maison de vacances ∙ 1 chambre ∙ 4 personnes,Nendaz - Valais
27/12/2023,11/05/2024,18/05/2024,1897.54,H3ENJVT,55 m² Maison de vacances ∙ 1 chambre ∙ 4 personnes,Nendaz - Valais
27/12/2023,18/05/2024,25/05/2024,1897.54,H3ENJVT,55 m² Maison de vacances ∙ 1 chambre ∙ 4 personnes,Nendaz - Valais
27/12/2023,25/05/2024,01/06/2024,1897.54,H3ENJVT,55 m² Maison de vacances ∙ 1 chambre ∙ 4 personnes,Nendaz - Valais
27/12/2023,06/01/2024,13/01/2024,1040.65,HHL9JMR,110 m² Appartement ∙ 3 chambres ∙ 8 personnes,Riddes - Valais
27/12/2023,13/01/2024,20/01/2024,1040.65,HHL9JMR,110 m² Appartement ∙ 3 chambres ∙ 8 personnes,Riddes - Valais
27/12/2023,09/03/2024,16/03/2024,982.83,HHL9JMR,110 m² Appartement ∙ 3 chambres ∙ 8 personnes,Riddes - Valais
27/12/2023,16/03/2024,23/03/2024,982.83,HHL9JMR,110 m² Appartement ∙ 3 chambres ∙ 8 personnes,Riddes - Valais
27/12/2023,06/04/2024,13/04/2024,993.74,HHL9JMR,110 m² Appartement ∙ 3 chambres ∙ 8 personnes,Riddes - Valais
27/12/2023,13/04/2024,20/04/2024,993.74,HHL9JMR,110 m² Appartement ∙ 3 chambres ∙ 8 personnes,Riddes - Valais
27/12/2023,20/04/2024,27/04/2024,993.74,HHL9JMR,110 m² Appartement ∙ 3 chambres ∙ 8 personnes,Riddes - Valais
27/12/2023,27/04/2024,04/05/2024,993.74,HHL9JMR,110 m² Appartement ∙ 3 chambres ∙ 8 personnes,Riddes - Valais
27/12/2023,04/05/2024,11/05/2024,993.74,HHL9JMR,110 m² Appartement ∙ 3 chambres ∙ 8 personnes,Riddes - Valais
27/12/2023,11/05/2024,18/05/2024,993.74,HHL9JMR,110 m² Appartement ∙ 3 chambres ∙ 8 personnes,Riddes - Valais
27/12/2023,18/05/2024,25/05/2024,993.74,HHL9JMR,110 m² Appartement ∙ 3 chambres ∙ 8 personnes,Riddes - Valais
27/12/2023,25/05/2024,01/06/2024,993.74,HHL9JMR,110 m² Appartement ∙ 3 chambres ∙ 8 personnes,Riddes - Valais
27/12/2023,06/01/2024,13/01/2024,1220.00,HHC7W3X,50 m² Villa ∙ 3 chambres ∙ 5 personnes,Visperterminen - Valais
27/12/2023,13/01/2024,20/01/2024,1220.00,HHC7W3X,50 m² Villa ∙ 3 chambres ∙ 5 personnes,Visperterminen - Valais
27/12/2023,20/01/2024,27/01/2024,1220.00,HHC7W3X,50 m² Villa ∙ 3 chambres ∙ 5 personnes,Visperterminen - Valais
27/12/2023,02/03/2024,09/03/2024,1220.00,HHC7W3X,50 m² Villa ∙ 3 chambres ∙ 5 personnes,Visperterminen - Valais
27/12/2023,09/03/2024,16/03/2024,1220.00,HHC7W3X,50 m² Villa ∙ 3 chambres ∙ 5 personnes,Visperterminen - Valais
27/12/2023,16/03/2024,23/03/2024,1220.00,HHC7W3X,50 m² Villa ∙ 3 chambres ∙ 5 personnes,Visperterminen - Valais
27/12/2023,06/04/2024,13/04/2024,1220.00,HHC7W3X,50 m² Villa ∙ 3 chambres ∙ 5 personnes,Visperterminen - Valais
27/12/2023,13/04/2024,20/04/2024,1220.00,HHC7W3X,50 m² Villa ∙ 3 chambres ∙ 5 personnes,Visperterminen - Valais
27/12/2023,20/04/2024,27/04/2024,1220.00,HHC7W3X,50 m² Villa ∙ 3 chambres ∙ 5 personnes,Visperterminen - Valais
27/12/2023,27/04/2024,04/05/2024,1220.00,HHC7W3X,50 m² Villa ∙ 3 chambres ∙ 5 personnes,Visperterminen - Valais
27/12/2023,04/05/2024,11/05/2024,1220.00,HHC7W3X,50 m² Villa ∙ 3 chambres ∙ 5 personnes,Visperterminen - Valais
27/12/2023,11/05/2024,18/05/2024,1220.00,HHC7W3X,50 m² Villa ∙ 3 chambres ∙ 5 personnes,Visperterminen - Valais
27/12/2023,18/05/2024,25/05/2024,1220.00,HHC7W3X,50 m² Villa ∙ 3 chambres ∙ 5 personnes,Visperterminen - Valais
27/12/2023,25/05/2024,01/06/2024,1220.00,HHC7W3X,50 m² Villa ∙ 3 chambres ∙ 5 personnes,Visperterminen - Valais
27/12/2023,02/03/2024,09/03/2024,1187.95,HX89S26,60 m² Appartement ∙ 2 chambres ∙ 4 personnes,Saas Fee - Valais
27/12/2023,09/03/2024,16/03/2024,1187.95,HX89S26,60 m² Appartement ∙ 2 chambres ∙ 4 personnes,Saas Fee - Valais
27/12/2023,06/04/2024,13/04/2024,1187.95,HX89S26,60 m² Appartement ∙ 2 chambres ∙ 4 personnes,Saas Fee - Valais
27/12/2023,13/04/2024,20/04/2024,1187.95,HX89S26,60 m² Appartement ∙ 2 chambres ∙ 4 personnes,Saas Fee - Valais
27/12/2023,20/04/2024,27/04/2024,1187.95,HX89S26,60 m² Appartement ∙ 2 chambres ∙ 4 personnes,Saas Fee - Valais
27/12/2023,27/04/2024,04/05/2024,965.21,HX89S26,60 m² Appartement ∙ 2 chambres ∙ 4 personnes,Saas Fee - Valais
27/12/2023,04/05/2024,11/05/2024,965.21,HX89S26,60 m² Appartement ∙ 2 chambres ∙ 4 personnes,Saas Fee - Valais
27/12/2023,11/05/2024,18/05/2024,965.21,HX89S26,60 m² Appartement ∙ 2 chambres ∙ 4 personnes,Saas Fee - Valais
27/12/2023,18/05/2024,25/05/2024,965.21,HX89S26,60 m² Appartement ∙ 2 chambres ∙ 4 personnes,Saas Fee - Valais
27/12/2023,25/05/2024,01/06/2024,965.21,HX89S26,60 m² Appartement ∙ 2 chambres ∙ 4 personnes,Saas Fee - Valais
27/12/2023,13/01/2024,20/01/2024,742.47,HV9X1KH,Appartement ∙ 1 chambre ∙ 4 personnes,Grächen - Valais
27/12/2023,20/01/2024,27/01/2024,941.45,HV9X1KH,Appartement ∙ 1 chambre ∙ 4 personnes,Grächen - Valais
27/12/2023,24/02/2024,02/03/2024,965.21,HV9X1KH,Appartement ∙ 1 chambre ∙ 4 personnes,Grächen - Valais
27/12/2023,16/03/2024,23/03/2024,556.85,HV9X1KH,Appartement ∙ 1 chambre ∙ 4 personnes,Grächen - Valais
27/12/2023,23/03/2024,30/03/2024,556.85,HV9X1KH,Appartement ∙ 1 chambre ∙ 4 personnes,Grächen - Valais
27/12/2023,30/03/2024,06/04/2024,556.85,HV9X1KH,Appartement ∙ 1 chambre ∙ 4 personnes,Grächen - Valais
27/12/2023,06/04/2024,13/04/2024,556.85,HV9X1KH,Appartement ∙ 1 chambre ∙ 4 personnes,Grächen - Valais
27/12/2023,13/04/2024,20/04/2024,556.85,HV9X1KH,Appartement ∙ 1 chambre ∙ 4 personnes,Grächen - Valais
27/12/2023,13/01/2024,20/01/2024,882.05,H7EU4KN,52 m² Appartement ∙ 1 chambre ∙ 2 personnes,Loèche-les-Bains - Valais
27/12/2023,20/01/2024,27/01/2024,921.24,H7EU4KN,52 m² Appartement ∙ 1 chambre ∙ 2 personnes,Loèche-les-Bains - Valais
27/12/2023,27/01/2024,03/02/2024,1170.22,H7EU4KN,52 m² Appartement ∙ 1 chambre ∙ 2 personnes,Loèche-les-Bains - Valais
27/12/2023,03/02/2024,10/02/2024,1170.22,H7EU4KN,52 m² Appartement ∙ 1 chambre ∙ 2 personnes,Loèche-les-Bains - Valais
27/12/2023,24/02/2024,02/03/2024,1170.22,H7EU4KN,52 m² Appartement ∙ 1 chambre ∙ 2 personnes,Loèche-les-Bains - Valais
27/12/2023,02/03/2024,09/03/2024,1170.22,H7EU4KN,52 m² Appartement ∙ 1 chambre ∙ 2 personnes,Loèche-les-Bains - Valais
27/12/2023,09/03/2024,16/03/2024,1170.22,H7EU4KN,52 m² Appartement ∙ 1 chambre ∙ 2 personnes,Loèche-les-Bains - Valais
27/12/2023,16/03/2024,23/03/2024,1170.22,H7EU4KN,52 m² Appartement ∙ 1 chambre ∙ 2 personnes,Loèche-les-Bains - Valais
27/12/2023,23/03/2024,30/03/2024,1170.22,H7EU4KN,52 m² Appartement ∙ 1 chambre ∙ 2 personnes,Loèche-les-Bains - Valais
27/12/2023,30/03/2024,06/04/2024,1170.22,H7EU4KN,52 m² Appartement ∙ 1 chambre ∙ 2 personnes,Loèche-les-Bains - Valais
27/12/2023,06/04/2024,13/04/2024,755.25,H7EU4KN,52 m² Appartement ∙ 1 chambre ∙ 2 personnes,Loèche-les-Bains - Valais
27/12/2023,13/04/2024,20/04/2024,755.25,H7EU4KN,52 m² Appartement ∙ 1 chambre ∙ 2 personnes,Loèche-les-Bains - Valais
27/12/2023,20/04/2024,27/04/2024,755.25,H7EU4KN,52 m² Appartement ∙ 1 chambre ∙ 2 personnes,Loèche-les-Bains - Valais
27/12/2023,27/04/2024,04/05/2024,755.25,H7EU4KN,52 m² Appartement ∙ 1 chambre ∙ 2 personnes,Loèche-les-Bains - Valais
27/12/2023,04/05/2024,11/05/2024,755.25,H7EU4KN,52 m² Appartement ∙ 1 chambre ∙ 2 personnes,Loèche-les-Bains - Valais
27/12/2023,11/05/2024,18/05/2024,755.25,H7EU4KN,52 m² Appartement ∙ 1 chambre ∙ 2 personnes,Loèche-les-Bains - Valais
27/12/2023,18/05/2024,25/05/2024,755.25,H7EU4KN,52 m² Appartement ∙ 1 chambre ∙ 2 personnes,Loèche-les-Bains - Valais
27/12/2023,25/05/2024,01/06/2024,755.25,H7EU4KN,52 m² Appartement ∙ 1 chambre ∙ 2 personnes,Loèche-les-Bains - Valais
27/12/2023,03/02/2024,10/02/2024,1414.00,H6W8M5S,35 m² Appartement ∙ 1 chambre ∙ 2 personnes,Zermatt - Valais
27/12/2023,10/02/2024,17/02/2024,1402.00,H6W8M5S,35 m² Appartement ∙ 1 chambre ∙ 2 personnes,Zermatt - Valais
27/12/2023,02/03/2024,09/03/2024,1259.00,H6W8M5S,35 m² Appartement ∙ 1 chambre ∙ 2 personnes,Zermatt - Valais
27/12/2023,09/03/2024,16/03/2024,1259.00,H6W8M5S,35 m² Appartement ∙ 1 chambre ∙ 2 personnes,Zermatt - Valais
27/12/2023,16/03/2024,23/03/2024,1207.00,H6W8M5S,35 m² Appartement ∙ 1 chambre ∙ 2 personnes,Zermatt - Valais
27/12/2023,23/03/2024,30/03/2024,1207.00,H6W8M5S,35 m² Appartement ∙ 1 chambre ∙ 2 personnes,Zermatt - Valais
27/12/2023,30/03/2024,06/04/2024,1207.00,H6W8M5S,35 m² Appartement ∙ 1 chambre ∙ 2 personnes,Zermatt - Valais
27/12/2023,20/04/2024,27/04/2024,930.00,H6W8M5S,35 m² Appartement ∙ 1 chambre ∙ 2 personnes,Zermatt - Valais
27/12/2023,27/04/2024,04/05/2024,870.00,H6W8M5S,35 m² Appartement ∙ 1 chambre ∙ 2 personnes,Zermatt - Valais
27/12/2023,04/05/2024,11/05/2024,870.00,H6W8M5S,35 m² Appartement ∙ 1 chambre ∙ 2 personnes,Zermatt - Valais
27/12/2023,11/05/2024,18/05/2024,870.00,H6W8M5S,35 m² Appartement ∙ 1 chambre ∙ 2 personnes,Zermatt - Valais
27/12/2023,18/05/2024,25/05/2024,870.00,H6W8M5S,35 m² Appartement ∙ 1 chambre ∙ 2 personnes,Zermatt - Valais
27/12/2023,25/05/2024,01/06/2024,870.00,H6W8M5S,35 m² Appartement ∙ 1 chambre ∙ 2 personnes,Zermatt - Valais
27/12/2023,13/01/2024,20/01/2024,2010.66,H69TJEG,160 m² Maison de vacances ∙ 4 chambres ∙ 8 personnes,Riddes - Valais
27/12/2023,24/02/2024,02/03/2024,4349.82,H69TJEG,160 m² Maison de vacances ∙ 4 chambres ∙ 8 personnes,Riddes - Valais
27/12/2023,30/03/2024,06/04/2024,2603.57,H69TJEG,160 m² Maison de vacances ∙ 4 chambres ∙ 8 personnes,Riddes - Valais
27/12/2023,06/04/2024,13/04/2024,2010.68,H69TJEG,160 m² Maison de vacances ∙ 4 chambres ∙ 8 personnes,Riddes - Valais
27/12/2023,13/04/2024,20/04/2024,1815.04,H69TJEG,160 m² Maison de vacances ∙ 4 chambres ∙ 8 personnes,Riddes - Valais
27/12/2023,20/04/2024,27/04/2024,1815.04,H69TJEG,160 m² Maison de vacances ∙ 4 chambres ∙ 8 personnes,Riddes - Valais
27/12/2023,27/04/2024,04/05/2024,1815.04,H69TJEG,160 m² Maison de vacances ∙ 4 chambres ∙ 8 personnes,Riddes - Valais
27/12/2023,04/05/2024,11/05/2024,1815.04,H69TJEG,160 m² Maison de vacances ∙ 4 chambres ∙ 8 personnes,Riddes - Valais
27/12/2023,11/05/2024,18/05/2024,1815.04,H69TJEG,160 m² Maison de vacances ∙ 4 chambres ∙ 8 personnes,Riddes - Valais
27/12/2023,18/05/2024,25/05/2024,1815.04,H69TJEG,160 m² Maison de vacances ∙ 4 chambres ∙ 8 personnes,Riddes - Valais
27/12/2023,25/05/2024,01/06/2024,1815.04,H69TJEG,160 m² Maison de vacances ∙ 4 chambres ∙ 8 personnes,Riddes - Valais
27/12/2023,20/01/2024,27/01/2024,1436.34,H68ZN3C,88 m² Appartement ∙ 3 chambres ∙ 6 personnes,Verbier - Bagnes - Valais
27/12/2023,03/02/2024,10/02/2024,2815.44,H68ZN3C,88 m² Appartement ∙ 3 chambres ∙ 6 personnes,Verbier - Bagnes - Valais
27/12/2023,16/03/2024,23/03/2024,1592.05,H68ZN3C,88 m² Appartement ∙ 3 chambres ∙ 6 personnes,Verbier - Bagnes - Valais
27/12/2023,23/03/2024,30/03/2024,2314.96,H68ZN3C,88 m² Appartement ∙ 3 chambres ∙ 6 personnes,Verbier - Bagnes - Valais
27/12/2023,30/03/2024,06/04/2024,1925.70,H68ZN3C,88 m² Appartement ∙ 3 chambres ∙ 6 personnes,Verbier - Bagnes - Valais
27/12/2023,06/04/2024,13/04/2024,1592.05,H68ZN3C,88 m² Appartement ∙ 3 chambres ∙ 6 personnes,Verbier - Bagnes - Valais
27/12/2023,13/04/2024,20/04/2024,1592.05,H68ZN3C,88 m² Appartement ∙ 3 chambres ∙ 6 personnes,Verbier - Bagnes - Valais
27/12/2023,20/04/2024,27/04/2024,813.52,H68ZN3C,88 m² Appartement ∙ 3 chambres ∙ 6 personnes,Verbier - Bagnes - Valais
27/12/2023,06/01/2024,13/01/2024,714.99,H9DW52J,85 m² Appartement ∙ 2 chambres ∙ 5 personnes,Saas-Almagell - Valais
27/12/2023,13/01/2024,20/01/2024,714.99,H9DW52J,85 m² Appartement ∙ 2 chambres ∙ 5 personnes,Saas-Almagell - Valais
27/12/2023,02/03/2024,09/03/2024,743.73,H9DW52J,85 m² Appartement ∙ 2 chambres ∙ 5 personnes,Saas-Almagell - Valais
27/12/2023,09/03/2024,16/03/2024,743.73,H9DW52J,85 m² Appartement ∙ 2 chambres ∙ 5 personnes,Saas-Almagell - Valais
27/12/2023,16/03/2024,23/03/2024,743.73,H9DW52J,85 m² Appartement ∙ 2 chambres ∙ 5 personnes,Saas-Almagell - Valais
27/12/2023,23/03/2024,30/03/2024,1154.86,H9DW52J,85 m² Appartement ∙ 2 chambres ∙ 5 personnes,Saas-Almagell - Valais
27/12/2023,13/04/2024,20/04/2024,743.73,H9DW52J,85 m² Appartement ∙ 2 chambres ∙ 5 personnes,Saas-Almagell - Valais
27/12/2023,20/04/2024,27/04/2024,743.73,H9DW52J,85 m² Appartement ∙ 2 chambres ∙ 5 personnes,Saas-Almagell - Valais
27/12/2023,06/01/2024,13/01/2024,706.12,HBLKYX4,25 m² Appartement ∙ 1 chambre ∙ 2 personnes,Saas Fee - Valais
27/12/2023,03/02/2024,10/02/2024,1017.55,HBLKYX4,25 m² Appartement ∙ 1 chambre ∙ 2 personnes,Saas Fee - Valais
27/12/2023,17/02/2024,24/02/2024,968.83,HBLKYX4,25 m² Appartement ∙ 1 chambre ∙ 2 personnes,Saas Fee - Valais
27/12/2023,24/02/2024,02/03/2024,968.83,HBLKYX4,25 m² Appartement ∙ 1 chambre ∙ 2 personnes,Saas Fee - Valais
27/12/2023,09/03/2024,16/03/2024,821.58,HBLKYX4,25 m² Appartement ∙ 1 chambre ∙ 2 personnes,Saas Fee - Valais
27/12/2023,16/03/2024,23/03/2024,706.12,HBLKYX4,25 m² Appartement ∙ 1 chambre ∙ 2 personnes,Saas Fee - Valais
27/12/2023,06/04/2024,13/04/2024,635.34,HBLKYX4,25 m² Appartement ∙ 1 chambre ∙ 2 personnes,Saas Fee - Valais
27/12/2023,13/04/2024,20/04/2024,750.67,HBLKYX4,25 m² Appartement ∙ 1 chambre ∙ 2 personnes,Saas Fee - Valais
27/12/2023,24/02/2024,02/03/2024,1267.66,HGCUF1W,65 m² Appartement ∙ 2 chambres ∙ 4 personnes,Saas-Almagell - Valais
27/12/2023,23/03/2024,30/03/2024,1267.66,HGCUF1W,65 m² Appartement ∙ 2 chambres ∙ 4 personnes,Saas-Almagell - Valais
27/12/2023,30/03/2024,06/04/2024,1267.66,HGCUF1W,65 m² Appartement ∙ 2 chambres ∙ 4 personnes,Saas-Almagell - Valais
27/12/2023,06/04/2024,13/04/2024,1232.55,HGCUF1W,65 m² Appartement ∙ 2 chambres ∙ 4 personnes,Saas-Almagell - Valais
27/12/2023,13/04/2024,20/04/2024,1226.88,HGCUF1W,65 m² Appartement ∙ 2 chambres ∙ 4 personnes,Saas-Almagell - Valais
27/12/2023,20/04/2024,27/04/2024,1226.88,HGCUF1W,65 m² Appartement ∙ 2 chambres ∙ 4 personnes,Saas-Almagell - Valais
27/12/2023,27/04/2024,04/05/2024,1096.04,HGCUF1W,65 m² Appartement ∙ 2 chambres ∙ 4 personnes,Saas-Almagell - Valais
27/12/2023,04/05/2024,11/05/2024,1096.04,HGCUF1W,65 m² Appartement ∙ 2 chambres ∙ 4 personnes,Saas-Almagell - Valais
27/12/2023,11/05/2024,18/05/2024,1096.04,HGCUF1W,65 m² Appartement ∙ 2 chambres ∙ 4 personnes,Saas-Almagell - Valais
27/12/2023,18/05/2024,25/05/2024,1096.04,HGCUF1W,65 m² Appartement ∙ 2 chambres ∙ 4 personnes,Saas-Almagell - Valais
27/12/2023,25/05/2024,01/06/2024,1096.04,HGCUF1W,65 m² Appartement ∙ 2 chambres ∙ 4 personnes,Saas-Almagell - Valais
27/12/2023,06/01/2024,13/01/2024,1388.84,HN19DZ4,60 m² Appartement ∙ 2 chambres ∙ 5 personnes,Saas Fee - Valais
27/12/2023,13/01/2024,20/01/2024,1388.84,HN19DZ4,60 m² Appartement ∙ 2 chambres ∙ 5 personnes,Saas Fee - Valais
27/12/2023,06/04/2024,13/04/2024,1388.84,HN19DZ4,60 m² Appartement ∙ 2 chambres ∙ 5 personnes,Saas Fee - Valais
27/12/2023,13/04/2024,20/04/2024,1388.84,HN19DZ4,60 m² Appartement ∙ 2 chambres ∙ 5 personnes,Saas Fee - Valais
27/12/2023,13/01/2024,20/01/2024,2160.05,HE2P63A,120 m² Appartement ∙ 3 chambres ∙ 6 personnes,Saas Fee - Valais
27/12/2023,03/02/2024,10/02/2024,2160.05,HE2P63A,120 m² Appartement ∙ 3 chambres ∙ 6 personnes,Saas Fee - Valais
27/12/2023,06/04/2024,13/04/2024,2157.35,HE2P63A,120 m² Appartement ∙ 3 chambres ∙ 6 personnes,Saas Fee - Valais
27/12/2023,13/04/2024,20/04/2024,2157.35,HE2P63A,120 m² Appartement ∙ 3 chambres ∙ 6 personnes,Saas Fee - Valais
27/12/2023,20/04/2024,27/04/2024,2157.35,HE2P63A,120 m² Appartement ∙ 3 chambres ∙ 6 personnes,Saas Fee - Valais
27/12/2023,06/01/2024,13/01/2024,1936.01,HBWJD7L,90 m² Appartement ∙ 4 chambres ∙ 8 personnes,Saas Fee - Valais
27/12/2023,13/01/2024,20/01/2024,1936.01,HBWJD7L,90 m² Appartement ∙ 4 chambres ∙ 8 personnes,Saas Fee - Valais
27/12/2023,20/01/2024,27/01/2024,1936.01,HBWJD7L,90 m² Appartement ∙ 4 chambres ∙ 8 personnes,Saas Fee - Valais
27/12/2023,02/03/2024,09/03/2024,2586.64,HBWJD7L,90 m² Appartement ∙ 4 chambres ∙ 8 personnes,Saas Fee - Valais
27/12/2023,06/04/2024,13/04/2024,2586.64,HBWJD7L,90 m² Appartement ∙ 4 chambres ∙ 8 personnes,Saas Fee - Valais
27/12/2023,13/04/2024,20/04/2024,2677.17,HBWJD7L,90 m² Appartement ∙ 4 chambres ∙ 8 personnes,Saas Fee - Valais
27/12/2023,20/01/2024,27/01/2024,1068.18,HXPAUN1,80 m² Appartement ∙ 2 chambres ∙ 6 personnes,Loèche-les-Bains - Valais
27/12/2023,16/03/2024,23/03/2024,1068.18,HXPAUN1,80 m² Appartement ∙ 2 chambres ∙ 6 personnes,Loèche-les-Bains - Valais
27/12/2023,06/04/2024,13/04/2024,1068.18,HXPAUN1,80 m² Appartement ∙ 2 chambres ∙ 6 personnes,Loèche-les-Bains - Valais
27/12/2023,13/04/2024,20/04/2024,930.04,HXPAUN1,80 m² Appartement ∙ 2 chambres ∙ 6 personnes,Loèche-les-Bains - Valais
27/12/2023,20/04/2024,27/04/2024,930.04,HXPAUN1,80 m² Appartement ∙ 2 chambres ∙ 6 personnes,Loèche-les-Bains - Valais
27/12/2023,27/04/2024,04/05/2024,930.04,HXPAUN1,80 m² Appartement ∙ 2 chambres ∙ 6 personnes,Loèche-les-Bains - Valais
27/12/2023,04/05/2024,11/05/2024,930.04,HXPAUN1,80 m² Appartement ∙ 2 chambres ∙ 6 personnes,Loèche-les-Bains - Valais
27/12/2023,11/05/2024,18/05/2024,930.04,HXPAUN1,80 m² Appartement ∙ 2 chambres ∙ 6 personnes,Loèche-les-Bains - Valais
27/12/2023,18/05/2024,25/05/2024,930.04,HXPAUN1,80 m² Appartement ∙ 2 chambres ∙ 6 personnes,Loèche-les-Bains - Valais
27/12/2023,25/05/2024,01/06/2024,930.04,HXPAUN1,80 m² Appartement ∙ 2 chambres ∙ 6 personnes,Loèche-les-Bains - Valais
27/12/2023,13/01/2024,20/01/2024,1881.78,H1N70MS,106 m² Appartement ∙ 3 chambres ∙ 7 personnes,Saas Grund - Valais
27/12/2023,16/03/2024,23/03/2024,1881.78,H1N70MS,106 m² Appartement ∙ 3 chambres ∙ 7 personnes,Saas Grund - Valais
27/12/2023,23/03/2024,30/03/2024,2282.16,H1N70MS,106 m² Appartement ∙ 3 chambres ∙ 7 personnes,Saas Grund - Valais
27/12/2023,30/03/2024,06/04/2024,2282.16,H1N70MS,106 m² Appartement ∙ 3 chambres ∙ 7 personnes,Saas Grund - Valais
27/12/2023,06/04/2024,13/04/2024,1881.78,H1N70MS,106 m² Appartement ∙ 3 chambres ∙ 7 personnes,Saas Grund - Valais
27/12/2023,13/04/2024,20/04/2024,1881.78,H1N70MS,106 m² Appartement ∙ 3 chambres ∙ 7 personnes,Saas Grund - Valais
27/12/2023,20/04/2024,27/04/2024,1531.44,H1N70MS,106 m² Appartement ∙ 3 chambres ∙ 7 personnes,Saas Grund - Valais
27/12/2023,27/04/2024,04/05/2024,1531.44,H1N70MS,106 m² Appartement ∙ 3 chambres ∙ 7 personnes,Saas Grund - Valais
27/12/2023,04/05/2024,11/05/2024,1531.44,H1N70MS,106 m² Appartement ∙ 3 chambres ∙ 7 personnes,Saas Grund - Valais
27/12/2023,11/05/2024,18/05/2024,1531.44,H1N70MS,106 m² Appartement ∙ 3 chambres ∙ 7 personnes,Saas Grund - Valais
27/12/2023,18/05/2024,25/05/2024,1531.44,H1N70MS,106 m² Appartement ∙ 3 chambres ∙ 7 personnes,Saas Grund - Valais
27/12/2023,25/05/2024,01/06/2024,1531.44,H1N70MS,106 m² Appartement ∙ 3 chambres ∙ 7 personnes,Saas Grund - Valais
27/12/2023,24/02/2024,02/03/2024,1510.00,HA2CE75,86 m² Appartement ∙ 2 chambres ∙ 5 personnes,Crans-Montana - Valais
27/12/2023,23/03/2024,30/03/2024,1380.00,HA2CE75,86 m² Appartement ∙ 2 chambres ∙ 5 personnes,Crans-Montana - Valais
27/12/2023,30/03/2024,06/04/2024,1380.00,HA2CE75,86 m² Appartement ∙ 2 chambres ∙ 5 personnes,Crans-Montana - Valais
27/12/2023,30/03/2024,06/04/2024,1021.00,H8TGHW0,54 m² Appartement ∙ 6 personnes,Saas Grund - Valais
27/12/2023,06/04/2024,13/04/2024,918.00,H8TGHW0,54 m² Appartement ∙ 6 personnes,Saas Grund - Valais
27/12/2023,13/04/2024,20/04/2024,918.00,H8TGHW0,54 m² Appartement ∙ 6 personnes,Saas Grund - Valais
27/12/2023,13/01/2024,20/01/2024,991.00,HGFJ0TV,60 m² Villa ∙ 1 chambre ∙ 2 personnes,Loèche-les-Bains - Valais
27/12/2023,20/01/2024,27/01/2024,991.00,HGFJ0TV,60 m² Villa ∙ 1 chambre ∙ 2 personnes,Loèche-les-Bains - Valais
27/12/2023,27/01/2024,03/02/2024,1182.00,HGFJ0TV,60 m² Villa ∙ 1 chambre ∙ 2 personnes,Loèche-les-Bains - Valais
27/12/2023,17/02/2024,24/02/2024,1310.00,HGFJ0TV,60 m² Villa ∙ 1 chambre ∙ 2 personnes,Loèche-les-Bains - Valais
27/12/2023,24/02/2024,02/03/2024,1112.00,HGFJ0TV,60 m² Villa ∙ 1 chambre ∙ 2 personnes,Loèche-les-Bains - Valais
27/12/2023,02/03/2024,09/03/2024,991.00,HGFJ0TV,60 m² Villa ∙ 1 chambre ∙ 2 personnes,Loèche-les-Bains - Valais
27/12/2023,09/03/2024,16/03/2024,991.00,HGFJ0TV,60 m² Villa ∙ 1 chambre ∙ 2 personnes,Loèche-les-Bains - Valais
27/12/2023,16/03/2024,23/03/2024,991.00,HGFJ0TV,60 m² Villa ∙ 1 chambre ∙ 2 personnes,Loèche-les-Bains - Valais
27/12/2023,23/03/2024,30/03/2024,991.00,HGFJ0TV,60 m² Villa ∙ 1 chambre ∙ 2 personnes,Loèche-les-Bains - Valais
27/12/2023,30/03/2024,06/04/2024,991.00,HGFJ0TV,60 m² Villa ∙ 1 chambre ∙ 2 personnes,Loèche-les-Bains - Valais
27/12/2023,06/04/2024,13/04/2024,991.00,HGFJ0TV,60 m² Villa ∙ 1 chambre ∙ 2 personnes,Loèche-les-Bains - Valais
27/12/2023,13/04/2024,20/04/2024,991.00,HGFJ0TV,60 m² Villa ∙ 1 chambre ∙ 2 personnes,Loèche-les-Bains - Valais
27/12/2023,20/04/2024,27/04/2024,991.00,HGFJ0TV,60 m² Villa ∙ 1 chambre ∙ 2 personnes,Loèche-les-Bains - Valais
27/12/2023,27/04/2024,04/05/2024,991.00,HGFJ0TV,60 m² Villa ∙ 1 chambre ∙ 2 personnes,Loèche-les-Bains - Valais
27/12/2023,04/05/2024,11/05/2024,991.00,HGFJ0TV,60 m² Villa ∙ 1 chambre ∙ 2 personnes,Loèche-les-Bains - Valais
27/12/2023,11/05/2024,18/05/2024,991.00,HGFJ0TV,60 m² Villa ∙ 1 chambre ∙ 2 personnes,Loèche-les-Bains - Valais
27/12/2023,18/05/2024,25/05/2024,991.00,HGFJ0TV,60 m² Villa ∙ 1 chambre ∙ 2 personnes,Loèche-les-Bains - Valais
27/12/2023,25/05/2024,01/06/2024,991.00,HGFJ0TV,60 m² Villa ∙ 1 chambre ∙ 2 personnes,Loèche-les-Bains - Valais
27/12/2023,03/02/2024,10/02/2024,1369.99,HSX238T,Appartement ∙ 1 chambre ∙ 2 personnes,Zermatt - Valais
27/12/2023,16/03/2024,23/03/2024,1369.99,HSX238T,Appartement ∙ 1 chambre ∙ 2 personnes,Zermatt - Valais
27/12/2023,06/04/2024,13/04/2024,1339.29,HSX238T,Appartement ∙ 1 chambre ∙ 2 personnes,Zermatt - Valais
27/12/2023,06/01/2024,13/01/2024,698.30,H3MH2FL,45 m² Appartement ∙ 1 chambre ∙ 4 personnes,Loèche-les-Bains - Valais
27/12/2023,13/01/2024,20/01/2024,698.30,H3MH2FL,45 m² Appartement ∙ 1 chambre ∙ 4 personnes,Loèche-les-Bains - Valais
27/12/2023,20/01/2024,27/01/2024,698.30,H3MH2FL,45 m² Appartement ∙ 1 chambre ∙ 4 personnes,Loèche-les-Bains - Valais
27/12/2023,27/01/2024,03/02/2024,836.45,H3MH2FL,45 m² Appartement ∙ 1 chambre ∙ 4 personnes,Loèche-les-Bains - Valais
27/12/2023,17/02/2024,24/02/2024,836.45,H3MH2FL,45 m² Appartement ∙ 1 chambre ∙ 4 personnes,Loèche-les-Bains - Valais
27/12/2023,24/02/2024,02/03/2024,836.45,H3MH2FL,45 m² Appartement ∙ 1 chambre ∙ 4 personnes,Loèche-les-Bains - Valais
27/12/2023,02/03/2024,09/03/2024,836.45,H3MH2FL,45 m² Appartement ∙ 1 chambre ∙ 4 personnes,Loèche-les-Bains - Valais
27/12/2023,09/03/2024,16/03/2024,836.45,H3MH2FL,45 m² Appartement ∙ 1 chambre ∙ 4 personnes,Loèche-les-Bains - Valais
27/12/2023,16/03/2024,23/03/2024,836.45,H3MH2FL,45 m² Appartement ∙ 1 chambre ∙ 4 personnes,Loèche-les-Bains - Valais
27/12/2023,23/03/2024,30/03/2024,836.45,H3MH2FL,45 m² Appartement ∙ 1 chambre ∙ 4 personnes,Loèche-les-Bains - Valais
27/12/2023,30/03/2024,06/04/2024,836.45,H3MH2FL,45 m² Appartement ∙ 1 chambre ∙ 4 personnes,Loèche-les-Bains - Valais
27/12/2023,06/04/2024,13/04/2024,836.45,H3MH2FL,45 m² Appartement ∙ 1 chambre ∙ 4 personnes,Loèche-les-Bains - Valais
27/12/2023,13/04/2024,20/04/2024,698.30,H3MH2FL,45 m² Appartement ∙ 1 chambre ∙ 4 personnes,Loèche-les-Bains - Valais
27/12/2023,20/04/2024,27/04/2024,698.30,H3MH2FL,45 m² Appartement ∙ 1 chambre ∙ 4 personnes,Loèche-les-Bains - Valais
27/12/2023,27/04/2024,04/05/2024,698.30,H3MH2FL,45 m² Appartement ∙ 1 chambre ∙ 4 personnes,Loèche-les-Bains - Valais
27/12/2023,04/05/2024,11/05/2024,698.30,H3MH2FL,45 m² Appartement ∙ 1 chambre ∙ 4 personnes,Loèche-les-Bains - Valais
27/12/2023,11/05/2024,18/05/2024,698.30,H3MH2FL,45 m² Appartement ∙ 1 chambre ∙ 4 personnes,Loèche-les-Bains - Valais
27/12/2023,18/05/2024,25/05/2024,698.30,H3MH2FL,45 m² Appartement ∙ 1 chambre ∙ 4 personnes,Loèche-les-Bains - Valais
27/12/2023,25/05/2024,01/06/2024,698.30,H3MH2FL,45 m² Appartement ∙ 1 chambre ∙ 4 personnes,Loèche-les-Bains - Valais
27/12/2023,13/01/2024,20/01/2024,1234.74,HZULSMA,65 m² Appartement ∙ 2 chambres ∙ 4 personnes,Loèche-les-Bains - Valais
27/12/2023,20/01/2024,27/01/2024,1234.74,HZULSMA,65 m² Appartement ∙ 2 chambres ∙ 4 personnes,Loèche-les-Bains - Valais
27/12/2023,27/01/2024,03/02/2024,1262.37,HZULSMA,65 m² Appartement ∙ 2 chambres ∙ 4 personnes,Loèche-les-Bains - Valais
27/12/2023,02/03/2024,09/03/2024,1105.80,HZULSMA,65 m² Appartement ∙ 2 chambres ∙ 4 personnes,Loèche-les-Bains - Valais
27/12/2023,09/03/2024,16/03/2024,1105.80,HZULSMA,65 m² Appartement ∙ 2 chambres ∙ 4 personnes,Loèche-les-Bains - Valais
27/12/2023,16/03/2024,23/03/2024,1105.80,HZULSMA,65 m² Appartement ∙ 2 chambres ∙ 4 personnes,Loèche-les-Bains - Valais
27/12/2023,23/03/2024,30/03/2024,1061.06,HZULSMA,65 m² Appartement ∙ 2 chambres ∙ 4 personnes,Loèche-les-Bains - Valais
27/12/2023,30/03/2024,06/04/2024,949.23,HZULSMA,65 m² Appartement ∙ 2 chambres ∙ 4 personnes,Loèche-les-Bains - Valais
27/12/2023,06/04/2024,13/04/2024,949.23,HZULSMA,65 m² Appartement ∙ 2 chambres ∙ 4 personnes,Loèche-les-Bains - Valais
27/12/2023,13/04/2024,20/04/2024,949.23,HZULSMA,65 m² Appartement ∙ 2 chambres ∙ 4 personnes,Loèche-les-Bains - Valais
27/12/2023,20/04/2024,27/04/2024,949.23,HZULSMA,65 m² Appartement ∙ 2 chambres ∙ 4 personnes,Loèche-les-Bains - Valais
27/12/2023,27/04/2024,04/05/2024,949.23,HZULSMA,65 m² Appartement ∙ 2 chambres ∙ 4 personnes,Loèche-les-Bains - Valais
27/12/2023,04/05/2024,11/05/2024,949.23,HZULSMA,65 m² Appartement ∙ 2 chambres ∙ 4 personnes,Loèche-les-Bains - Valais
27/12/2023,11/05/2024,18/05/2024,949.23,HZULSMA,65 m² Appartement ∙ 2 chambres ∙ 4 personnes,Loèche-les-Bains - Valais
27/12/2023,18/05/2024,25/05/2024,949.23,HZULSMA,65 m² Appartement ∙ 2 chambres ∙ 4 personnes,Loèche-les-Bains - Valais
27/12/2023,25/05/2024,01/06/2024,949.23,HZULSMA,65 m² Appartement ∙ 2 chambres ∙ 4 personnes,Loèche-les-Bains - Valais
27/12/2023,02/03/2024,09/03/2024,3073.99,HBWM2FY,170 m² Maison de vacances ∙ 4 chambres ∙ 10 personnes,Riddes - Valais
27/12/2023,09/03/2024,16/03/2024,1801.60,HBWM2FY,170 m² Maison de vacances ∙ 4 chambres ∙ 10 personnes,Riddes - Valais
27/12/2023,16/03/2024,23/03/2024,1801.60,HBWM2FY,170 m² Maison de vacances ∙ 4 chambres ∙ 10 personnes,Riddes - Valais
27/12/2023,23/03/2024,30/03/2024,2165.15,HBWM2FY,170 m² Maison de vacances ∙ 4 chambres ∙ 10 personnes,Riddes - Valais
27/12/2023,30/03/2024,06/04/2024,2528.68,HBWM2FY,170 m² Maison de vacances ∙ 4 chambres ∙ 10 personnes,Riddes - Valais
27/12/2023,06/04/2024,13/04/2024,1801.60,HBWM2FY,170 m² Maison de vacances ∙ 4 chambres ∙ 10 personnes,Riddes - Valais
27/12/2023,13/04/2024,20/04/2024,1561.35,HBWM2FY,170 m² Maison de vacances ∙ 4 chambres ∙ 10 personnes,Riddes - Valais
27/12/2023,20/04/2024,27/04/2024,1561.35,HBWM2FY,170 m² Maison de vacances ∙ 4 chambres ∙ 10 personnes,Riddes - Valais
27/12/2023,27/04/2024,04/05/2024,1561.35,HBWM2FY,170 m² Maison de vacances ∙ 4 chambres ∙ 10 personnes,Riddes - Valais
27/12/2023,04/05/2024,11/05/2024,1561.35,HBWM2FY,170 m² Maison de vacances ∙ 4 chambres ∙ 10 personnes,Riddes - Valais
27/12/2023,11/05/2024,18/05/2024,1561.35,HBWM2FY,170 m² Maison de vacances ∙ 4 chambres ∙ 10 personnes,Riddes - Valais
27/12/2023,18/05/2024,25/05/2024,1561.35,HBWM2FY,170 m² Maison de vacances ∙ 4 chambres ∙ 10 personnes,Riddes - Valais
27/12/2023,25/05/2024,01/06/2024,1561.35,HBWM2FY,170 m² Maison de vacances ∙ 4 chambres ∙ 10 personnes,Riddes - Valais
27/12/2023,06/01/2024,13/01/2024,922.96,HALM74W,Appartement ∙ 1 chambre ∙ 3 personnes,Grächen - Valais
27/12/2023,06/04/2024,13/04/2024,905.48,HALM74W,Appartement ∙ 1 chambre ∙ 3 personnes,Grächen - Valais
27/12/2023,13/04/2024,20/04/2024,846.21,HALM74W,Appartement ∙ 1 chambre ∙ 3 personnes,Grächen - Valais
27/12/2023,20/04/2024,27/04/2024,846.21,HALM74W,Appartement ∙ 1 chambre ∙ 3 personnes,Grächen - Valais
27/12/2023,27/04/2024,04/05/2024,846.21,HALM74W,Appartement ∙ 1 chambre ∙ 3 personnes,Grächen - Valais
27/12/2023,04/05/2024,11/05/2024,846.21,HALM74W,Appartement ∙ 1 chambre ∙ 3 personnes,Grächen - Valais
27/12/2023,11/05/2024,18/05/2024,846.21,HALM74W,Appartement ∙ 1 chambre ∙ 3 personnes,Grächen - Valais
27/12/2023,18/05/2024,25/05/2024,846.21,HALM74W,Appartement ∙ 1 chambre ∙ 3 personnes,Grächen - Valais
27/12/2023,25/05/2024,01/06/2024,815.69,HALM74W,Appartement ∙ 1 chambre ∙ 3 personnes,Grächen - Valais
27/12/2023,06/01/2024,13/01/2024,1228.00,HGR71LK,38 m² Appartement ∙ 1 chambre ∙ 4 personnes,Saas Fee - Valais
27/12/2023,13/01/2024,20/01/2024,1228.00,HGR71LK,38 m² Appartement ∙ 1 chambre ∙ 4 personnes,Saas Fee - Valais
27/12/2023,20/01/2024,27/01/2024,1228.00,HGR71LK,38 m² Appartement ∙ 1 chambre ∙ 4 personnes,Saas Fee - Valais
27/12/2023,27/01/2024,03/02/2024,1550.67,HGR71LK,38 m² Appartement ∙ 1 chambre ∙ 4 personnes,Saas Fee - Valais
27/12/2023,02/03/2024,09/03/2024,1550.67,HGR71LK,38 m² Appartement ∙ 1 chambre ∙ 4 personnes,Saas Fee - Valais
27/12/2023,06/04/2024,13/04/2024,1550.67,HGR71LK,38 m² Appartement ∙ 1 chambre ∙ 4 personnes,Saas Fee - Valais
27/12/2023,13/04/2024,20/04/2024,1550.67,HGR71LK,38 m² Appartement ∙ 1 chambre ∙ 4 personnes,Saas Fee - Valais
27/12/2023,20/04/2024,27/04/2024,1064.01,HGR71LK,38 m² Appartement ∙ 1 chambre ∙ 4 personnes,Saas Fee - Valais
27/12/2023,27/04/2024,04/05/2024,1064.01,HGR71LK,38 m² Appartement ∙ 1 chambre ∙ 4 personnes,Saas Fee - Valais
27/12/2023,04/05/2024,11/05/2024,1064.01,HGR71LK,38 m² Appartement ∙ 1 chambre ∙ 4 personnes,Saas Fee - Valais
27/12/2023,11/05/2024,18/05/2024,1064.01,HGR71LK,38 m² Appartement ∙ 1 chambre ∙ 4 personnes,Saas Fee - Valais
27/12/2023,18/05/2024,25/05/2024,1064.01,HGR71LK,38 m² Appartement ∙ 1 chambre ∙ 4 personnes,Saas Fee - Valais
27/12/2023,25/05/2024,01/06/2024,1064.01,HGR71LK,38 m² Appartement ∙ 1 chambre ∙ 4 personnes,Saas Fee - Valais
27/12/2023,06/01/2024,13/01/2024,1620.90,HGT8VB5,90 m² Appartement ∙ 3 chambres ∙ 6 personnes,Saas Fee - Valais
27/12/2023,13/01/2024,20/01/2024,1586.90,HGT8VB5,90 m² Appartement ∙ 3 chambres ∙ 6 personnes,Saas Fee - Valais
27/12/2023,20/01/2024,27/01/2024,1586.90,HGT8VB5,90 m² Appartement ∙ 3 chambres ∙ 6 personnes,Saas Fee - Valais
27/12/2023,02/03/2024,09/03/2024,1892.51,HGT8VB5,90 m² Appartement ∙ 3 chambres ∙ 6 personnes,Saas Fee - Valais
27/12/2023,06/04/2024,13/04/2024,1481.90,HGT8VB5,90 m² Appartement ∙ 3 chambres ∙ 6 personnes,Saas Fee - Valais
27/12/2023,13/04/2024,20/04/2024,1481.90,HGT8VB5,90 m² Appartement ∙ 3 chambres ∙ 6 personnes,Saas Fee - Valais
27/12/2023,20/04/2024,27/04/2024,1305.92,HGT8VB5,90 m² Appartement ∙ 3 chambres ∙ 6 personnes,Saas Fee - Valais
27/12/2023,27/04/2024,04/05/2024,1235.53,HGT8VB5,90 m² Appartement ∙ 3 chambres ∙ 6 personnes,Saas Fee - Valais
27/12/2023,04/05/2024,11/05/2024,1235.53,HGT8VB5,90 m² Appartement ∙ 3 chambres ∙ 6 personnes,Saas Fee - Valais
27/12/2023,11/05/2024,18/05/2024,1235.53,HGT8VB5,90 m² Appartement ∙ 3 chambres ∙ 6 personnes,Saas Fee - Valais
27/12/2023,18/05/2024,25/05/2024,1235.53,HGT8VB5,90 m² Appartement ∙ 3 chambres ∙ 6 personnes,Saas Fee - Valais
27/12/2023,25/05/2024,01/06/2024,1235.53,HGT8VB5,90 m² Appartement ∙ 3 chambres ∙ 6 personnes,Saas Fee - Valais
27/12/2023,13/01/2024,20/01/2024,884.95,HE01WV5,56 m² Appartement ∙ 2 chambres ∙ 4 personnes,Saas Grund - Valais
27/12/2023,20/01/2024,27/01/2024,884.95,HE01WV5,56 m² Appartement ∙ 2 chambres ∙ 4 personnes,Saas Grund - Valais
27/12/2023,06/04/2024,13/04/2024,884.95,HE01WV5,56 m² Appartement ∙ 2 chambres ∙ 4 personnes,Saas Grund - Valais
27/12/2023,13/04/2024,20/04/2024,884.95,HE01WV5,56 m² Appartement ∙ 2 chambres ∙ 4 personnes,Saas Grund - Valais
27/12/2023,20/04/2024,27/04/2024,884.95,HE01WV5,56 m² Appartement ∙ 2 chambres ∙ 4 personnes,Saas Grund - Valais
27/12/2023,27/04/2024,04/05/2024,884.95,HE01WV5,56 m² Appartement ∙ 2 chambres ∙ 4 personnes,Saas Grund - Valais
27/12/2023,04/05/2024,11/05/2024,884.95,HE01WV5,56 m² Appartement ∙ 2 chambres ∙ 4 personnes,Saas Grund - Valais
27/12/2023,11/05/2024,18/05/2024,884.95,HE01WV5,56 m² Appartement ∙ 2 chambres ∙ 4 personnes,Saas Grund - Valais
27/12/2023,18/05/2024,25/05/2024,884.95,HE01WV5,56 m² Appartement ∙ 2 chambres ∙ 4 personnes,Saas Grund - Valais
27/12/2023,25/05/2024,01/06/2024,884.95,HE01WV5,56 m² Appartement ∙ 2 chambres ∙ 4 personnes,Saas Grund - Valais
27/12/2023,20/01/2024,27/01/2024,1586.89,HHV19L2,55 m² Appartement ∙ 2 chambres ∙ 6 personnes,Saas Fee - Valais
27/12/2023,27/01/2024,03/02/2024,1586.89,HHV19L2,55 m² Appartement ∙ 2 chambres ∙ 6 personnes,Saas Fee - Valais
27/12/2023,23/03/2024,30/03/2024,1530.22,HHV19L2,55 m² Appartement ∙ 2 chambres ∙ 6 personnes,Saas Fee - Valais
27/12/2023,13/04/2024,20/04/2024,1190.17,HHV19L2,55 m² Appartement ∙ 2 chambres ∙ 6 personnes,Saas Fee - Valais
27/12/2023,20/04/2024,27/04/2024,1190.17,HHV19L2,55 m² Appartement ∙ 2 chambres ∙ 6 personnes,Saas Fee - Valais
27/12/2023,27/04/2024,04/05/2024,1190.17,HHV19L2,55 m² Appartement ∙ 2 chambres ∙ 6 personnes,Saas Fee - Valais
27/12/2023,04/05/2024,11/05/2024,1190.17,HHV19L2,55 m² Appartement ∙ 2 chambres ∙ 6 personnes,Saas Fee - Valais
27/12/2023,11/05/2024,18/05/2024,1190.17,HHV19L2,55 m² Appartement ∙ 2 chambres ∙ 6 personnes,Saas Fee - Valais
27/12/2023,18/05/2024,25/05/2024,1190.17,HHV19L2,55 m² Appartement ∙ 2 chambres ∙ 6 personnes,Saas Fee - Valais
27/12/2023,25/05/2024,01/06/2024,1190.17,HHV19L2,55 m² Appartement ∙ 2 chambres ∙ 6 personnes,Saas Fee - Valais
27/12/2023,06/01/2024,13/01/2024,1416.94,HBA8KMG,50 m² Appartement ∙ 2 chambres ∙ 4 personnes,Saas Fee - Valais
27/12/2023,13/01/2024,20/01/2024,1416.94,HBA8KMG,50 m² Appartement ∙ 2 chambres ∙ 4 personnes,Saas Fee - Valais
27/12/2023,20/01/2024,27/01/2024,1416.94,HBA8KMG,50 m² Appartement ∙ 2 chambres ∙ 4 personnes,Saas Fee - Valais
27/12/2023,30/03/2024,06/04/2024,1761.86,HBA8KMG,50 m² Appartement ∙ 2 chambres ∙ 4 personnes,Saas Fee - Valais
27/12/2023,06/04/2024,13/04/2024,1416.94,HBA8KMG,50 m² Appartement ∙ 2 chambres ∙ 4 personnes,Saas Fee - Valais
27/12/2023,13/04/2024,20/04/2024,1416.94,HBA8KMG,50 m² Appartement ∙ 2 chambres ∙ 4 personnes,Saas Fee - Valais
27/12/2023,20/04/2024,27/04/2024,1416.94,HBA8KMG,50 m² Appartement ∙ 2 chambres ∙ 4 personnes,Saas Fee - Valais
27/12/2023,06/01/2024,13/01/2024,1362.24,HC4X3KF,60 m² Appartement ∙ 1 chambre ∙ 4 personnes,Saas Fee - Valais
27/12/2023,13/01/2024,20/01/2024,1362.24,HC4X3KF,60 m² Appartement ∙ 1 chambre ∙ 4 personnes,Saas Fee - Valais
27/12/2023,20/01/2024,27/01/2024,1362.24,HC4X3KF,60 m² Appartement ∙ 1 chambre ∙ 4 personnes,Saas Fee - Valais
27/12/2023,02/03/2024,09/03/2024,1672.70,H06GHFP,Appartement ∙ 2 chambres ∙ 6 personnes,Champéry - Valais
27/12/2023,16/03/2024,23/03/2024,1450.24,H06GHFP,Appartement ∙ 2 chambres ∙ 6 personnes,Champéry - Valais
27/12/2023,23/03/2024,30/03/2024,1450.24,H06GHFP,Appartement ∙ 2 chambres ∙ 6 personnes,Champéry - Valais
27/12/2023,30/03/2024,06/04/2024,1075.23,H06GHFP,Appartement ∙ 2 chambres ∙ 6 personnes,Champéry - Valais
27/12/2023,06/04/2024,13/04/2024,1075.23,H06GHFP,Appartement ∙ 2 chambres ∙ 6 personnes,Champéry - Valais
27/12/2023,13/04/2024,20/04/2024,846.41,H06GHFP,Appartement ∙ 2 chambres ∙ 6 personnes,Champéry - Valais
27/12/2023,20/04/2024,27/04/2024,846.41,H06GHFP,Appartement ∙ 2 chambres ∙ 6 personnes,Champéry - Valais
27/12/2023,27/04/2024,04/05/2024,914.21,H06GHFP,Appartement ∙ 2 chambres ∙ 6 personnes,Champéry - Valais
27/12/2023,04/05/2024,11/05/2024,914.21,H06GHFP,Appartement ∙ 2 chambres ∙ 6 personnes,Champéry - Valais
27/12/2023,11/05/2024,18/05/2024,914.21,H06GHFP,Appartement ∙ 2 chambres ∙ 6 personnes,Champéry - Valais
27/12/2023,18/05/2024,25/05/2024,914.21,H06GHFP,Appartement ∙ 2 chambres ∙ 6 personnes,Champéry - Valais
27/12/2023,25/05/2024,01/06/2024,1078.41,H06GHFP,Appartement ∙ 2 chambres ∙ 6 personnes,Champéry - Valais
27/12/2023,09/03/2024,16/03/2024,1264.00,HNHEC8X,98 m² Maison de vacances ∙ 2 chambres ∙ 4 personnes,Crans-Montana - Valais
27/12/2023,16/03/2024,23/03/2024,1264.00,HNHEC8X,98 m² Maison de vacances ∙ 2 chambres ∙ 4 personnes,Crans-Montana - Valais
27/12/2023,23/03/2024,30/03/2024,1584.00,HNHEC8X,98 m² Maison de vacances ∙ 2 chambres ∙ 4 personnes,Crans-Montana - Valais
27/12/2023,06/04/2024,13/04/2024,1264.00,HNHEC8X,98 m² Maison de vacances ∙ 2 chambres ∙ 4 personnes,Crans-Montana - Valais
27/12/2023,13/04/2024,20/04/2024,1264.00,HNHEC8X,98 m² Maison de vacances ∙ 2 chambres ∙ 4 personnes,Crans-Montana - Valais
27/12/2023,20/04/2024,27/04/2024,1264.00,HNHEC8X,98 m² Maison de vacances ∙ 2 chambres ∙ 4 personnes,Crans-Montana - Valais
27/12/2023,27/04/2024,04/05/2024,1264.00,HNHEC8X,98 m² Maison de vacances ∙ 2 chambres ∙ 4 personnes,Crans-Montana - Valais
27/12/2023,04/05/2024,11/05/2024,1264.00,HNHEC8X,98 m² Maison de vacances ∙ 2 chambres ∙ 4 personnes,Crans-Montana - Valais
27/12/2023,11/05/2024,18/05/2024,1264.00,HNHEC8X,98 m² Maison de vacances ∙ 2 chambres ∙ 4 personnes,Crans-Montana - Valais
27/12/2023,18/05/2024,25/05/2024,1264.00,HNHEC8X,98 m² Maison de vacances ∙ 2 chambres ∙ 4 personnes,Crans-Montana - Valais
27/12/2023,25/05/2024,01/06/2024,1264.00,HNHEC8X,98 m² Maison de vacances ∙ 2 chambres ∙ 4 personnes,Crans-Montana - Valais
27/12/2023,06/01/2024,13/01/2024,1625.46,HNV0GL9,52 m² Appartement ∙ 2 chambres ∙ 4 personnes,Saas Fee - Valais
27/12/2023,13/01/2024,20/01/2024,1625.46,HNV0GL9,52 m² Appartement ∙ 2 chambres ∙ 4 personnes,Saas Fee - Valais
27/12/2023,20/01/2024,27/01/2024,1522.70,HNV0GL9,52 m² Appartement ∙ 2 chambres ∙ 4 personnes,Saas Fee - Valais
27/12/2023,27/01/2024,03/02/2024,1522.70,HNV0GL9,52 m² Appartement ∙ 2 chambres ∙ 4 personnes,Saas Fee - Valais
27/12/2023,24/02/2024,02/03/2024,1575.45,HNV0GL9,52 m² Appartement ∙ 2 chambres ∙ 4 personnes,Saas Fee - Valais
27/12/2023,02/03/2024,09/03/2024,1575.45,HNV0GL9,52 m² Appartement ∙ 2 chambres ∙ 4 personnes,Saas Fee - Valais
27/12/2023,09/03/2024,16/03/2024,1575.45,HNV0GL9,52 m² Appartement ∙ 2 chambres ∙ 4 personnes,Saas Fee - Valais
27/12/2023,16/03/2024,23/03/2024,1575.45,HNV0GL9,52 m² Appartement ∙ 2 chambres ∙ 4 personnes,Saas Fee - Valais
27/12/2023,23/03/2024,30/03/2024,1575.45,HNV0GL9,52 m² Appartement ∙ 2 chambres ∙ 4 personnes,Saas Fee - Valais
27/12/2023,13/04/2024,20/04/2024,1694.47,HNV0GL9,52 m² Appartement ∙ 2 chambres ∙ 4 personnes,Saas Fee - Valais
27/12/2023,20/04/2024,27/04/2024,1694.47,HNV0GL9,52 m² Appartement ∙ 2 chambres ∙ 4 personnes,Saas Fee - Valais
27/12/2023,23/03/2024,30/03/2024,1470.00,HA56NGR,90 m² Villa ∙ 1 chambre ∙ 2 personnes,Saint-Nicolas - Valais
27/12/2023,30/03/2024,06/04/2024,1470.00,HA56NGR,90 m² Villa ∙ 1 chambre ∙ 2 personnes,Saint-Nicolas - Valais
27/12/2023,06/04/2024,13/04/2024,1392.00,HA56NGR,90 m² Villa ∙ 1 chambre ∙ 2 personnes,Saint-Nicolas - Valais
27/12/2023,13/04/2024,20/04/2024,1392.00,HA56NGR,90 m² Villa ∙ 1 chambre ∙ 2 personnes,Saint-Nicolas - Valais
27/12/2023,20/04/2024,27/04/2024,1392.00,HA56NGR,90 m² Villa ∙ 1 chambre ∙ 2 personnes,Saint-Nicolas - Valais
27/12/2023,27/04/2024,04/05/2024,1392.00,HA56NGR,90 m² Villa ∙ 1 chambre ∙ 2 personnes,Saint-Nicolas - Valais
27/12/2023,04/05/2024,11/05/2024,1392.00,HA56NGR,90 m² Villa ∙ 1 chambre ∙ 2 personnes,Saint-Nicolas - Valais
27/12/2023,11/05/2024,18/05/2024,1392.00,HA56NGR,90 m² Villa ∙ 1 chambre ∙ 2 personnes,Saint-Nicolas - Valais
27/12/2023,18/05/2024,25/05/2024,1392.00,HA56NGR,90 m² Villa ∙ 1 chambre ∙ 2 personnes,Saint-Nicolas - Valais
27/12/2023,16/03/2024,23/03/2024,3155.78,HYM7USV,150 m² Maison de vacances ∙ 4 chambres ∙ 10 personnes,Vex - Valais
27/12/2023,06/04/2024,13/04/2024,3305.15,HYM7USV,150 m² Maison de vacances ∙ 4 chambres ∙ 10 personnes,Vex - Valais
27/12/2023,13/04/2024,20/04/2024,2771.24,HYM7USV,150 m² Maison de vacances ∙ 4 chambres ∙ 10 personnes,Vex - Valais
27/12/2023,20/04/2024,27/04/2024,1715.08,HYM7USV,150 m² Maison de vacances ∙ 4 chambres ∙ 10 personnes,Vex - Valais
27/12/2023,27/04/2024,04/05/2024,1715.08,HYM7USV,150 m² Maison de vacances ∙ 4 chambres ∙ 10 personnes,Vex - Valais
27/12/2023,04/05/2024,11/05/2024,1715.08,HYM7USV,150 m² Maison de vacances ∙ 4 chambres ∙ 10 personnes,Vex - Valais
27/12/2023,11/05/2024,18/05/2024,1612.32,HYM7USV,150 m² Maison de vacances ∙ 4 chambres ∙ 10 personnes,Vex - Valais
27/12/2023,18/05/2024,25/05/2024,1612.32,HYM7USV,150 m² Maison de vacances ∙ 4 chambres ∙ 10 personnes,Vex - Valais
27/12/2023,25/05/2024,01/06/2024,1612.32,HYM7USV,150 m² Maison de vacances ∙ 4 chambres ∙ 10 personnes,Vex - Valais
27/12/2023,10/02/2024,17/02/2024,2089.00,HRFDKNL,49 m² Maison de vacances ∙ 1 chambre ∙ 2 personnes,Crans-Montana - Valais
27/12/2023,17/02/2024,24/02/2024,2089.00,HRFDKNL,49 m² Maison de vacances ∙ 1 chambre ∙ 2 personnes,Crans-Montana - Valais
27/12/2023,13/04/2024,20/04/2024,1052.00,HRFDKNL,49 m² Maison de vacances ∙ 1 chambre ∙ 2 personnes,Crans-Montana - Valais
27/12/2023,20/04/2024,27/04/2024,1052.00,HRFDKNL,49 m² Maison de vacances ∙ 1 chambre ∙ 2 personnes,Crans-Montana - Valais
27/12/2023,27/04/2024,04/05/2024,1052.00,HRFDKNL,49 m² Maison de vacances ∙ 1 chambre ∙ 2 personnes,Crans-Montana - Valais
27/12/2023,04/05/2024,11/05/2024,1052.00,HRFDKNL,49 m² Maison de vacances ∙ 1 chambre ∙ 2 personnes,Crans-Montana - Valais
27/12/2023,11/05/2024,18/05/2024,1052.00,HRFDKNL,49 m² Maison de vacances ∙ 1 chambre ∙ 2 personnes,Crans-Montana - Valais
27/12/2023,18/05/2024,25/05/2024,1052.00,HRFDKNL,49 m² Maison de vacances ∙ 1 chambre ∙ 2 personnes,Crans-Montana - Valais
27/12/2023,25/05/2024,01/06/2024,1052.00,HRFDKNL,49 m² Maison de vacances ∙ 1 chambre ∙ 2 personnes,Crans-Montana - Valais
27/12/2023,13/04/2024,20/04/2024,1047.00,HY65DT7,80 m² Appartement ∙ 3 chambres ∙ 6 personnes,Grächen - Valais
27/12/2023,20/04/2024,27/04/2024,1047.00,HY65DT7,80 m² Appartement ∙ 3 chambres ∙ 6 personnes,Grächen - Valais
27/12/2023,27/04/2024,04/05/2024,1047.00,HY65DT7,80 m² Appartement ∙ 3 chambres ∙ 6 personnes,Grächen - Valais
27/12/2023,04/05/2024,11/05/2024,1047.00,HY65DT7,80 m² Appartement ∙ 3 chambres ∙ 6 personnes,Grächen - Valais
27/12/2023,11/05/2024,18/05/2024,1047.00,HY65DT7,80 m² Appartement ∙ 3 chambres ∙ 6 personnes,Grächen - Valais
27/12/2023,18/05/2024,25/05/2024,1047.00,HY65DT7,80 m² Appartement ∙ 3 chambres ∙ 6 personnes,Grächen - Valais
27/12/2023,25/05/2024,01/06/2024,1047.00,HY65DT7,80 m² Appartement ∙ 3 chambres ∙ 6 personnes,Grächen - Valais
27/12/2023,20/04/2024,27/04/2024,1900.79,H7U634L,61 m² Appartement ∙ 2 chambres ∙ 4 personnes,Saas Fee - Valais
27/12/2023,20/01/2024,27/01/2024,1432.00,HR71268,95 m² Maison de vacances ∙ 1 chambre ∙ 4 personnes,Crans-Montana - Valais
27/12/2023,27/01/2024,03/02/2024,1544.00,HR71268,95 m² Maison de vacances ∙ 1 chambre ∙ 4 personnes,Crans-Montana - Valais
27/12/2023,24/02/2024,02/03/2024,1631.00,HR71268,95 m² Maison de vacances ∙ 1 chambre ∙ 4 personnes,Crans-Montana - Valais
27/12/2023,06/04/2024,13/04/2024,1155.00,HR71268,95 m² Maison de vacances ∙ 1 chambre ∙ 4 personnes,Crans-Montana - Valais
27/12/2023,13/04/2024,20/04/2024,1155.00,HR71268,95 m² Maison de vacances ∙ 1 chambre ∙ 4 personnes,Crans-Montana - Valais
27/12/2023,20/04/2024,27/04/2024,1155.00,HR71268,95 m² Maison de vacances ∙ 1 chambre ∙ 4 personnes,Crans-Montana - Valais
27/12/2023,27/04/2024,04/05/2024,1155.00,HR71268,95 m² Maison de vacances ∙ 1 chambre ∙ 4 personnes,Crans-Montana - Valais
27/12/2023,04/05/2024,11/05/2024,1155.00,HR71268,95 m² Maison de vacances ∙ 1 chambre ∙ 4 personnes,Crans-Montana - Valais
27/12/2023,11/05/2024,18/05/2024,1155.00,HR71268,95 m² Maison de vacances ∙ 1 chambre ∙ 4 personnes,Crans-Montana - Valais
27/12/2023,18/05/2024,25/05/2024,1155.00,HR71268,95 m² Maison de vacances ∙ 1 chambre ∙ 4 personnes,Crans-Montana - Valais
27/12/2023,25/05/2024,01/06/2024,1155.00,HR71268,95 m² Maison de vacances ∙ 1 chambre ∙ 4 personnes,Crans-Montana - Valais
27/12/2023,06/01/2024,13/01/2024,2185.00,HRETBS9,320 m² Villa ∙ 13 chambres ∙ 32 personnes,Champéry - Valais
27/12/2023,06/04/2024,13/04/2024,2650.00,HRETBS9,320 m² Villa ∙ 13 chambres ∙ 32 personnes,Champéry - Valais
27/12/2023,13/04/2024,20/04/2024,2650.00,HRETBS9,320 m² Villa ∙ 13 chambres ∙ 32 personnes,Champéry - Valais
27/12/2023,20/04/2024,27/04/2024,2650.00,HRETBS9,320 m² Villa ∙ 13 chambres ∙ 32 personnes,Champéry - Valais
27/12/2023,27/04/2024,04/05/2024,2455.00,HRETBS9,320 m² Villa ∙ 13 chambres ∙ 32 personnes,Champéry - Valais
27/12/2023,04/05/2024,11/05/2024,2455.00,HRETBS9,320 m² Villa ∙ 13 chambres ∙ 32 personnes,Champéry - Valais
27/12/2023,11/05/2024,18/05/2024,2455.00,HRETBS9,320 m² Villa ∙ 13 chambres ∙ 32 personnes,Champéry - Valais
27/12/2023,18/05/2024,25/05/2024,2455.00,HRETBS9,320 m² Villa ∙ 13 chambres ∙ 32 personnes,Champéry - Valais
27/12/2023,25/05/2024,01/06/2024,2455.00,HRETBS9,320 m² Villa ∙ 13 chambres ∙ 32 personnes,Champéry - Valais
27/12/2023,13/01/2024,20/01/2024,1627.84,HXLCG83,Appartement ∙ 1 chambre ∙ 4 personnes,Grächen - Valais
27/12/2023,27/01/2024,03/02/2024,1627.84,HXLCG83,Appartement ∙ 1 chambre ∙ 4 personnes,Grächen - Valais
27/12/2023,03/02/2024,10/02/2024,1627.84,HXLCG83,Appartement ∙ 1 chambre ∙ 4 personnes,Grächen - Valais
27/12/2023,24/02/2024,02/03/2024,1627.84,HXLCG83,Appartement ∙ 1 chambre ∙ 4 personnes,Grächen - Valais
27/12/2023,02/03/2024,09/03/2024,1627.84,HXLCG83,Appartement ∙ 1 chambre ∙ 4 personnes,Grächen - Valais
27/12/2023,09/03/2024,16/03/2024,1627.84,HXLCG83,Appartement ∙ 1 chambre ∙ 4 personnes,Grächen - Valais
27/12/2023,16/03/2024,23/03/2024,1627.84,HXLCG83,Appartement ∙ 1 chambre ∙ 4 personnes,Grächen - Valais
27/12/2023,23/03/2024,30/03/2024,1627.84,HXLCG83,Appartement ∙ 1 chambre ∙ 4 personnes,Grächen - Valais
27/12/2023,30/03/2024,06/04/2024,1757.59,HXLCG83,Appartement ∙ 1 chambre ∙ 4 personnes,Grächen - Valais
27/12/2023,06/04/2024,13/04/2024,1550.75,HXLCG83,Appartement ∙ 1 chambre ∙ 4 personnes,Grächen - Valais
27/12/2023,13/04/2024,20/04/2024,1489.56,HXLCG83,Appartement ∙ 1 chambre ∙ 4 personnes,Grächen - Valais
27/12/2023,20/04/2024,27/04/2024,1489.56,HXLCG83,Appartement ∙ 1 chambre ∙ 4 personnes,Grächen - Valais
27/12/2023,06/01/2024,13/01/2024,1666.94,HMGKLF3,40 m² Appartement ∙ 1 chambre ∙ 3 personnes,Saas Fee - Valais
27/12/2023,25/05/2024,01/06/2024,1069.18,HMGKLF3,40 m² Appartement ∙ 1 chambre ∙ 3 personnes,Saas Fee - Valais
27/12/2023,13/01/2024,20/01/2024,1317.00,H189XDG,65 m² Appartement ∙ 1 chambre ∙ 4 personnes,Zermatt - Valais
27/12/2023,20/04/2024,27/04/2024,1299.00,H189XDG,65 m² Appartement ∙ 1 chambre ∙ 4 personnes,Zermatt - Valais
27/12/2023,27/04/2024,04/05/2024,1187.00,H189XDG,65 m² Appartement ∙ 1 chambre ∙ 4 personnes,Zermatt - Valais
27/12/2023,04/05/2024,11/05/2024,1187.00,H189XDG,65 m² Appartement ∙ 1 chambre ∙ 4 personnes,Zermatt - Valais
27/12/2023,11/05/2024,18/05/2024,1187.00,H189XDG,65 m² Appartement ∙ 1 chambre ∙ 4 personnes,Zermatt - Valais
27/12/2023,18/05/2024,25/05/2024,1187.00,H189XDG,65 m² Appartement ∙ 1 chambre ∙ 4 personnes,Zermatt - Valais
27/12/2023,25/05/2024,01/06/2024,1187.00,H189XDG,65 m² Appartement ∙ 1 chambre ∙ 4 personnes,Zermatt - Valais
27/12/2023,09/03/2024,16/03/2024,695.20,H9FVGLE,60 m² Appartement ∙ 2 chambres ∙ 5 personnes,Saas Grund - Valais
27/12/2023,03/02/2024,10/02/2024,1383.17,HXCMSED,60 m² Appartement ∙ 2 chambres ∙ 4 personnes,Saas Fee - Valais
27/12/2023,23/03/2024,30/03/2024,2639.44,HVN24S0,92 m² Appartement ∙ 3 chambres ∙ 6 personnes,Saas Fee - Valais
27/12/2023,06/04/2024,13/04/2024,2639.44,HVN24S0,92 m² Appartement ∙ 3 chambres ∙ 6 personnes,Saas Fee - Valais
27/12/2023,13/04/2024,20/04/2024,2639.44,HVN24S0,92 m² Appartement ∙ 3 chambres ∙ 6 personnes,Saas Fee - Valais
27/12/2023,20/04/2024,27/04/2024,1744.62,HVN24S0,92 m² Appartement ∙ 3 chambres ∙ 6 personnes,Saas Fee - Valais
27/12/2023,27/04/2024,04/05/2024,1595.48,HVN24S0,92 m² Appartement ∙ 3 chambres ∙ 6 personnes,Saas Fee - Valais
27/12/2023,04/05/2024,11/05/2024,1595.48,HVN24S0,92 m² Appartement ∙ 3 chambres ∙ 6 personnes,Saas Fee - Valais
27/12/2023,11/05/2024,18/05/2024,1595.48,HVN24S0,92 m² Appartement ∙ 3 chambres ∙ 6 personnes,Saas Fee - Valais
27/12/2023,18/05/2024,25/05/2024,1595.48,HVN24S0,92 m² Appartement ∙ 3 chambres ∙ 6 personnes,Saas Fee - Valais
27/12/2023,25/05/2024,01/06/2024,1595.48,HVN24S0,92 m² Appartement ∙ 3 chambres ∙ 6 personnes,Saas Fee - Valais
27/12/2023,13/01/2024,20/01/2024,1269.00,HLH3VD8,55 m² Appartement ∙ 1 chambre ∙ 2 personnes,Goms - Valais
27/12/2023,24/02/2024,02/03/2024,1355.00,HLH3VD8,55 m² Appartement ∙ 1 chambre ∙ 2 personnes,Goms - Valais
27/12/2023,09/03/2024,16/03/2024,966.00,HLH3VD8,55 m² Appartement ∙ 1 chambre ∙ 2 personnes,Goms - Valais
27/12/2023,16/03/2024,23/03/2024,966.00,HLH3VD8,55 m² Appartement ∙ 1 chambre ∙ 2 personnes,Goms - Valais
27/12/2023,23/03/2024,30/03/2024,966.00,HLH3VD8,55 m² Appartement ∙ 1 chambre ∙ 2 personnes,Goms - Valais
27/12/2023,30/03/2024,06/04/2024,966.00,HLH3VD8,55 m² Appartement ∙ 1 chambre ∙ 2 personnes,Goms - Valais
27/12/2023,06/04/2024,13/04/2024,966.00,HLH3VD8,55 m² Appartement ∙ 1 chambre ∙ 2 personnes,Goms - Valais
27/12/2023,13/04/2024,20/04/2024,966.00,HLH3VD8,55 m² Appartement ∙ 1 chambre ∙ 2 personnes,Goms - Valais
27/12/2023,20/04/2024,27/04/2024,966.00,HLH3VD8,55 m² Appartement ∙ 1 chambre ∙ 2 personnes,Goms - Valais
27/12/2023,27/04/2024,04/05/2024,966.00,HLH3VD8,55 m² Appartement ∙ 1 chambre ∙ 2 personnes,Goms - Valais
27/12/2023,04/05/2024,11/05/2024,966.00,HLH3VD8,55 m² Appartement ∙ 1 chambre ∙ 2 personnes,Goms - Valais
27/12/2023,11/05/2024,18/05/2024,966.00,HLH3VD8,55 m² Appartement ∙ 1 chambre ∙ 2 personnes,Goms - Valais
27/12/2023,18/05/2024,25/05/2024,966.00,HLH3VD8,55 m² Appartement ∙ 1 chambre ∙ 2 personnes,Goms - Valais
27/12/2023,25/05/2024,01/06/2024,966.00,HLH3VD8,55 m² Appartement ∙ 1 chambre ∙ 2 personnes,Goms - Valais
27/12/2023,06/01/2024,13/01/2024,1673.00,HT9BLY0,Villa ∙ 3 chambres ∙ 5 personnes,Zinal - Ayer - Valais
27/12/2023,13/01/2024,20/01/2024,1673.00,HT9BLY0,Villa ∙ 3 chambres ∙ 5 personnes,Zinal - Ayer - Valais
27/12/2023,20/01/2024,27/01/2024,1673.00,HT9BLY0,Villa ∙ 3 chambres ∙ 5 personnes,Zinal - Ayer - Valais
27/12/2023,27/01/2024,03/02/2024,1854.00,HT9BLY0,Villa ∙ 3 chambres ∙ 5 personnes,Zinal - Ayer - Valais
27/12/2023,24/02/2024,02/03/2024,2269.00,HT9BLY0,Villa ∙ 3 chambres ∙ 5 personnes,Zinal - Ayer - Valais
27/12/2023,02/03/2024,09/03/2024,2035.00,HT9BLY0,Villa ∙ 3 chambres ∙ 5 personnes,Zinal - Ayer - Valais
27/12/2023,09/03/2024,16/03/2024,1854.00,HT9BLY0,Villa ∙ 3 chambres ∙ 5 personnes,Zinal - Ayer - Valais
27/12/2023,16/03/2024,23/03/2024,1673.00,HT9BLY0,Villa ∙ 3 chambres ∙ 5 personnes,Zinal - Ayer - Valais
27/12/2023,23/03/2024,30/03/2024,1673.00,HT9BLY0,Villa ∙ 3 chambres ∙ 5 personnes,Zinal - Ayer - Valais
27/12/2023,06/04/2024,13/04/2024,1586.00,HT9BLY0,Villa ∙ 3 chambres ∙ 5 personnes,Zinal - Ayer - Valais
27/12/2023,13/04/2024,20/04/2024,1586.00,HT9BLY0,Villa ∙ 3 chambres ∙ 5 personnes,Zinal - Ayer - Valais
27/12/2023,20/04/2024,27/04/2024,1586.00,HT9BLY0,Villa ∙ 3 chambres ∙ 5 personnes,Zinal - Ayer - Valais
27/12/2023,27/04/2024,04/05/2024,1586.00,HT9BLY0,Villa ∙ 3 chambres ∙ 5 personnes,Zinal - Ayer - Valais
27/12/2023,04/05/2024,11/05/2024,1586.00,HT9BLY0,Villa ∙ 3 chambres ∙ 5 personnes,Zinal - Ayer - Valais
27/12/2023,11/05/2024,18/05/2024,1586.00,HT9BLY0,Villa ∙ 3 chambres ∙ 5 personnes,Zinal - Ayer - Valais
27/12/2023,18/05/2024,25/05/2024,1586.00,HT9BLY0,Villa ∙ 3 chambres ∙ 5 personnes,Zinal - Ayer - Valais
27/12/2023,25/05/2024,01/06/2024,1586.00,HT9BLY0,Villa ∙ 3 chambres ∙ 5 personnes,Zinal - Ayer - Valais
27/12/2023,06/01/2024,13/01/2024,1034.00,H382TZN,78 m² Appartement ∙ 2 chambres ∙ 4 personnes,Crans-Montana - Valais
27/12/2023,13/01/2024,20/01/2024,1350.00,H382TZN,78 m² Appartement ∙ 2 chambres ∙ 4 personnes,Crans-Montana - Valais
27/12/2023,20/01/2024,27/01/2024,1350.00,H382TZN,78 m² Appartement ∙ 2 chambres ∙ 4 personnes,Crans-Montana - Valais
27/12/2023,27/01/2024,03/02/2024,1463.00,H382TZN,78 m² Appartement ∙ 2 chambres ∙ 4 personnes,Crans-Montana - Valais
27/12/2023,09/03/2024,16/03/2024,1082.00,H382TZN,78 m² Appartement ∙ 2 chambres ∙ 4 personnes,Crans-Montana - Valais
27/12/2023,16/03/2024,23/03/2024,1082.00,H382TZN,78 m² Appartement ∙ 2 chambres ∙ 4 personnes,Crans-Montana - Valais
27/12/2023,06/04/2024,13/04/2024,1082.00,H382TZN,78 m² Appartement ∙ 2 chambres ∙ 4 personnes,Crans-Montana - Valais
27/12/2023,13/04/2024,20/04/2024,1082.00,H382TZN,78 m² Appartement ∙ 2 chambres ∙ 4 personnes,Crans-Montana - Valais
27/12/2023,20/04/2024,27/04/2024,1082.00,H382TZN,78 m² Appartement ∙ 2 chambres ∙ 4 personnes,Crans-Montana - Valais
27/12/2023,27/04/2024,04/05/2024,1082.00,H382TZN,78 m² Appartement ∙ 2 chambres ∙ 4 personnes,Crans-Montana - Valais
27/12/2023,04/05/2024,11/05/2024,1082.00,H382TZN,78 m² Appartement ∙ 2 chambres ∙ 4 personnes,Crans-Montana - Valais
27/12/2023,11/05/2024,18/05/2024,1082.00,H382TZN,78 m² Appartement ∙ 2 chambres ∙ 4 personnes,Crans-Montana - Valais
27/12/2023,18/05/2024,25/05/2024,1082.00,H382TZN,78 m² Appartement ∙ 2 chambres ∙ 4 personnes,Crans-Montana - Valais
27/12/2023,25/05/2024,01/06/2024,1082.00,H382TZN,78 m² Appartement ∙ 2 chambres ∙ 4 personnes,Crans-Montana - Valais
27/12/2023,06/01/2024,13/01/2024,2722.71,HUBTKXG,Appartement ∙ 2 chambres ∙ 4 personnes,Zermatt - Valais
27/12/2023,13/01/2024,20/01/2024,2722.71,HUBTKXG,Appartement ∙ 2 chambres ∙ 4 personnes,Zermatt - Valais
27/12/2023,27/01/2024,03/02/2024,2722.71,HUBTKXG,Appartement ∙ 2 chambres ∙ 4 personnes,Zermatt - Valais
27/12/2023,09/03/2024,16/03/2024,2722.71,HUBTKXG,Appartement ∙ 2 chambres ∙ 4 personnes,Zermatt - Valais
27/12/2023,16/03/2024,23/03/2024,2722.71,HUBTKXG,Appartement ∙ 2 chambres ∙ 4 personnes,Zermatt - Valais
27/12/2023,23/03/2024,30/03/2024,2722.71,HUBTKXG,Appartement ∙ 2 chambres ∙ 4 personnes,Zermatt - Valais
27/12/2023,30/03/2024,06/04/2024,2722.71,HUBTKXG,Appartement ∙ 2 chambres ∙ 4 personnes,Zermatt - Valais
27/12/2023,06/04/2024,13/04/2024,2722.71,HUBTKXG,Appartement ∙ 2 chambres ∙ 4 personnes,Zermatt - Valais
27/12/2023,13/04/2024,20/04/2024,2722.71,HUBTKXG,Appartement ∙ 2 chambres ∙ 4 personnes,Zermatt - Valais
27/12/2023,06/01/2024,13/01/2024,2830.17,HL1N9PR,Appartement ∙ 1 chambre ∙ 4 personnes,Randa - Valais
27/12/2023,13/01/2024,20/01/2024,2830.17,HL1N9PR,Appartement ∙ 1 chambre ∙ 4 personnes,Randa - Valais
27/12/2023,20/01/2024,27/01/2024,2830.17,HL1N9PR,Appartement ∙ 1 chambre ∙ 4 personnes,Randa - Valais
27/12/2023,09/03/2024,16/03/2024,968.22,HL1N9PR,Appartement ∙ 1 chambre ∙ 4 personnes,Randa - Valais
27/12/2023,30/03/2024,06/04/2024,1167.34,HL1N9PR,Appartement ∙ 1 chambre ∙ 4 personnes,Randa - Valais
27/12/2023,06/04/2024,13/04/2024,968.22,HL1N9PR,Appartement ∙ 1 chambre ∙ 4 personnes,Randa - Valais
27/12/2023,13/04/2024,20/04/2024,819.26,HL1N9PR,Appartement ∙ 1 chambre ∙ 4 personnes,Randa - Valais
27/12/2023,20/04/2024,27/04/2024,819.26,HL1N9PR,Appartement ∙ 1 chambre ∙ 4 personnes,Randa - Valais
27/12/2023,27/04/2024,04/05/2024,819.26,HL1N9PR,Appartement ∙ 1 chambre ∙ 4 personnes,Randa - Valais
27/12/2023,04/05/2024,11/05/2024,1040.89,HL1N9PR,Appartement ∙ 1 chambre ∙ 4 personnes,Randa - Valais
27/12/2023,11/05/2024,18/05/2024,1092.28,HL1N9PR,Appartement ∙ 1 chambre ∙ 4 personnes,Randa - Valais
27/12/2023,18/05/2024,25/05/2024,1060.95,HL1N9PR,Appartement ∙ 1 chambre ∙ 4 personnes,Randa - Valais
27/12/2023,25/05/2024,01/06/2024,819.26,HL1N9PR,Appartement ∙ 1 chambre ∙ 4 personnes,Randa - Valais
27/12/2023,13/01/2024,20/01/2024,786.49,HBNFMHE,29 m² Appartement ∙ 1 chambre ∙ 2 personnes,Loèche-les-Bains - Valais
27/12/2023,03/02/2024,10/02/2024,786.49,HBNFMHE,29 m² Appartement ∙ 1 chambre ∙ 2 personnes,Loèche-les-Bains - Valais
27/12/2023,10/02/2024,17/02/2024,786.49,HBNFMHE,29 m² Appartement ∙ 1 chambre ∙ 2 personnes,Loèche-les-Bains - Valais
27/12/2023,24/02/2024,02/03/2024,786.49,HBNFMHE,29 m² Appartement ∙ 1 chambre ∙ 2 personnes,Loèche-les-Bains - Valais
27/12/2023,02/03/2024,09/03/2024,786.49,HBNFMHE,29 m² Appartement ∙ 1 chambre ∙ 2 personnes,Loèche-les-Bains - Valais
27/12/2023,09/03/2024,16/03/2024,786.49,HBNFMHE,29 m² Appartement ∙ 1 chambre ∙ 2 personnes,Loèche-les-Bains - Valais
27/12/2023,16/03/2024,23/03/2024,786.49,HBNFMHE,29 m² Appartement ∙ 1 chambre ∙ 2 personnes,Loèche-les-Bains - Valais
27/12/2023,06/04/2024,13/04/2024,786.49,HBNFMHE,29 m² Appartement ∙ 1 chambre ∙ 2 personnes,Loèche-les-Bains - Valais
27/12/2023,13/04/2024,20/04/2024,786.49,HBNFMHE,29 m² Appartement ∙ 1 chambre ∙ 2 personnes,Loèche-les-Bains - Valais
27/12/2023,20/04/2024,27/04/2024,786.49,HBNFMHE,29 m² Appartement ∙ 1 chambre ∙ 2 personnes,Loèche-les-Bains - Valais
27/12/2023,27/04/2024,04/05/2024,786.49,HBNFMHE,29 m² Appartement ∙ 1 chambre ∙ 2 personnes,Loèche-les-Bains - Valais
27/12/2023,04/05/2024,11/05/2024,786.49,HBNFMHE,29 m² Appartement ∙ 1 chambre ∙ 2 personnes,Loèche-les-Bains - Valais
27/12/2023,11/05/2024,18/05/2024,786.49,HBNFMHE,29 m² Appartement ∙ 1 chambre ∙ 2 personnes,Loèche-les-Bains - Valais
27/12/2023,18/05/2024,25/05/2024,786.49,HBNFMHE,29 m² Appartement ∙ 1 chambre ∙ 2 personnes,Loèche-les-Bains - Valais
27/12/2023,25/05/2024,01/06/2024,786.49,HBNFMHE,29 m² Appartement ∙ 1 chambre ∙ 2 personnes,Loèche-les-Bains - Valais
27/12/2023,06/01/2024,13/01/2024,1380.03,HFKJS2R,Appartement ∙ 2 chambres ∙ 5 personnes,Grächen - Valais
27/12/2023,13/01/2024,20/01/2024,1005.45,HFKJS2R,Appartement ∙ 2 chambres ∙ 5 personnes,Grächen - Valais
27/12/2023,16/03/2024,23/03/2024,1005.45,HFKJS2R,Appartement ∙ 2 chambres ∙ 5 personnes,Grächen - Valais
27/12/2023,06/04/2024,13/04/2024,1005.45,HFKJS2R,Appartement ∙ 2 chambres ∙ 5 personnes,Grächen - Valais
27/12/2023,13/04/2024,20/04/2024,1005.45,HFKJS2R,Appartement ∙ 2 chambres ∙ 5 personnes,Grächen - Valais
27/12/2023,20/04/2024,27/04/2024,1005.45,HFKJS2R,Appartement ∙ 2 chambres ∙ 5 personnes,Grächen - Valais
27/12/2023,27/04/2024,04/05/2024,1005.45,HFKJS2R,Appartement ∙ 2 chambres ∙ 5 personnes,Grächen - Valais
27/12/2023,04/05/2024,11/05/2024,1005.45,HFKJS2R,Appartement ∙ 2 chambres ∙ 5 personnes,Grächen - Valais
27/12/2023,11/05/2024,18/05/2024,1005.45,HFKJS2R,Appartement ∙ 2 chambres ∙ 5 personnes,Grächen - Valais
27/12/2023,18/05/2024,25/05/2024,1005.45,HFKJS2R,Appartement ∙ 2 chambres ∙ 5 personnes,Grächen - Valais
27/12/2023,25/05/2024,01/06/2024,1005.45,HFKJS2R,Appartement ∙ 2 chambres ∙ 5 personnes,Grächen - Valais
27/12/2023,13/01/2024,20/01/2024,687.51,HXB6UNG,60 m² Appartement ∙ 2 chambres ∙ 5 personnes,Riddes - Valais
27/12/2023,27/01/2024,03/02/2024,1037.37,HXB6UNG,60 m² Appartement ∙ 2 chambres ∙ 5 personnes,Riddes - Valais
27/12/2023,03/02/2024,10/02/2024,1037.37,HXB6UNG,60 m² Appartement ∙ 2 chambres ∙ 5 personnes,Riddes - Valais
27/12/2023,24/02/2024,02/03/2024,1375.21,HXB6UNG,60 m² Appartement ∙ 2 chambres ∙ 5 personnes,Riddes - Valais
27/12/2023,02/03/2024,09/03/2024,1037.37,HXB6UNG,60 m² Appartement ∙ 2 chambres ∙ 5 personnes,Riddes - Valais
27/12/2023,06/01/2024,13/01/2024,994.98,HAEXZTV,70 m² Appartement ∙ 2 chambres ∙ 4 personnes,Saas-Almagell - Valais
27/12/2023,13/01/2024,20/01/2024,994.98,HAEXZTV,70 m² Appartement ∙ 2 chambres ∙ 4 personnes,Saas-Almagell - Valais
27/12/2023,20/01/2024,27/01/2024,1159.94,HAEXZTV,70 m² Appartement ∙ 2 chambres ∙ 4 personnes,Saas-Almagell - Valais
27/12/2023,27/01/2024,03/02/2024,1324.90,HAEXZTV,70 m² Appartement ∙ 2 chambres ∙ 4 personnes,Saas-Almagell - Valais
27/12/2023,24/02/2024,02/03/2024,1159.94,HAEXZTV,70 m² Appartement ∙ 2 chambres ∙ 4 personnes,Saas-Almagell - Valais
27/12/2023,02/03/2024,09/03/2024,994.98,HAEXZTV,70 m² Appartement ∙ 2 chambres ∙ 4 personnes,Saas-Almagell - Valais
27/12/2023,09/03/2024,16/03/2024,994.98,HAEXZTV,70 m² Appartement ∙ 2 chambres ∙ 4 personnes,Saas-Almagell - Valais
27/12/2023,16/03/2024,23/03/2024,994.98,HAEXZTV,70 m² Appartement ∙ 2 chambres ∙ 4 personnes,Saas-Almagell - Valais
27/12/2023,23/03/2024,30/03/2024,1159.94,HAEXZTV,70 m² Appartement ∙ 2 chambres ∙ 4 personnes,Saas-Almagell - Valais
27/12/2023,30/03/2024,06/04/2024,1159.94,HAEXZTV,70 m² Appartement ∙ 2 chambres ∙ 4 personnes,Saas-Almagell - Valais
27/12/2023,24/02/2024,02/03/2024,929.89,HYM0SEA,28 m² Appartement ∙ 1 chambre ∙ 3 personnes,Saas Fee - Valais
27/12/2023,30/03/2024,06/04/2024,1053.69,HYM0SEA,28 m² Appartement ∙ 1 chambre ∙ 3 personnes,Saas Fee - Valais
27/12/2023,06/04/2024,13/04/2024,848.07,HYM0SEA,28 m² Appartement ∙ 1 chambre ∙ 3 personnes,Saas Fee - Valais
27/12/2023,13/04/2024,20/04/2024,848.07,HYM0SEA,28 m² Appartement ∙ 1 chambre ∙ 3 personnes,Saas Fee - Valais
27/12/2023,06/01/2024,13/01/2024,1127.14,HSZGPC4,44 m² Appartement ∙ 1 chambre ∙ 4 personnes,Saas Fee - Valais
27/12/2023,20/01/2024,27/01/2024,1127.14,HSZGPC4,44 m² Appartement ∙ 1 chambre ∙ 4 personnes,Saas Fee - Valais
27/12/2023,27/01/2024,03/02/2024,1490.60,HSZGPC4,44 m² Appartement ∙ 1 chambre ∙ 4 personnes,Saas Fee - Valais
27/12/2023,24/02/2024,02/03/2024,1490.60,HSZGPC4,44 m² Appartement ∙ 1 chambre ∙ 4 personnes,Saas Fee - Valais
27/12/2023,30/03/2024,06/04/2024,1840.22,HSZGPC4,44 m² Appartement ∙ 1 chambre ∙ 4 personnes,Saas Fee - Valais
27/12/2023,06/04/2024,13/04/2024,1302.49,HSZGPC4,44 m² Appartement ∙ 1 chambre ∙ 4 personnes,Saas Fee - Valais
27/12/2023,13/04/2024,20/04/2024,1302.49,HSZGPC4,44 m² Appartement ∙ 1 chambre ∙ 4 personnes,Saas Fee - Valais
27/12/2023,13/01/2024,20/01/2024,1303.36,HK4C9U2,71 m² Appartement ∙ 2 chambres ∙ 5 personnes,Saas Fee - Valais
27/12/2023,20/01/2024,27/01/2024,1303.36,HK4C9U2,71 m² Appartement ∙ 2 chambres ∙ 5 personnes,Saas Fee - Valais
27/12/2023,06/01/2024,13/01/2024,823.14,HNPZVDE,Studio ∙ 2 personnes,Grächen - Valais
27/12/2023,13/01/2024,20/01/2024,823.14,HNPZVDE,Studio ∙ 2 personnes,Grächen - Valais
27/12/2023,09/03/2024,16/03/2024,823.14,HNPZVDE,Studio ∙ 2 personnes,Grächen - Valais
27/12/2023,23/03/2024,30/03/2024,823.14,HNPZVDE,Studio ∙ 2 personnes,Grächen - Valais
27/12/2023,30/03/2024,06/04/2024,823.14,HNPZVDE,Studio ∙ 2 personnes,Grächen - Valais
27/12/2023,06/04/2024,13/04/2024,823.14,HNPZVDE,Studio ∙ 2 personnes,Grächen - Valais
27/12/2023,13/04/2024,20/04/2024,823.14,HNPZVDE,Studio ∙ 2 personnes,Grächen - Valais
27/12/2023,20/04/2024,27/04/2024,823.14,HNPZVDE,Studio ∙ 2 personnes,Grächen - Valais
27/12/2023,04/05/2024,11/05/2024,710.89,HNPZVDE,Studio ∙ 2 personnes,Grächen - Valais
27/12/2023,11/05/2024,18/05/2024,710.89,HNPZVDE,Studio ∙ 2 personnes,Grächen - Valais
27/12/2023,18/05/2024,25/05/2024,710.89,HNPZVDE,Studio ∙ 2 personnes,Grächen - Valais
27/12/2023,25/05/2024,01/06/2024,710.89,HNPZVDE,Studio ∙ 2 personnes,Grächen - Valais
27/12/2023,06/01/2024,13/01/2024,2095.25,HDNYU2M,Appartement ∙ 5 chambres ∙ 8 personnes,Grächen - Valais
27/12/2023,23/03/2024,30/03/2024,2544.23,HDNYU2M,Appartement ∙ 5 chambres ∙ 8 personnes,Grächen - Valais
27/12/2023,20/01/2024,27/01/2024,1469.72,HZJ9X2R,110 m² Appartement ∙ 3 chambres ∙ 6 personnes,Saas-Balen - Valais
27/12/2023,06/04/2024,13/04/2024,1653.88,HZJ9X2R,110 m² Appartement ∙ 3 chambres ∙ 6 personnes,Saas-Balen - Valais
27/12/2023,13/04/2024,20/04/2024,1496.03,HZJ9X2R,110 m² Appartement ∙ 3 chambres ∙ 6 personnes,Saas-Balen - Valais
27/12/2023,20/04/2024,27/04/2024,1469.72,HZJ9X2R,110 m² Appartement ∙ 3 chambres ∙ 6 personnes,Saas-Balen - Valais
27/12/2023,27/04/2024,04/05/2024,1469.72,HZJ9X2R,110 m² Appartement ∙ 3 chambres ∙ 6 personnes,Saas-Balen - Valais
27/12/2023,04/05/2024,11/05/2024,1469.72,HZJ9X2R,110 m² Appartement ∙ 3 chambres ∙ 6 personnes,Saas-Balen - Valais
27/12/2023,11/05/2024,18/05/2024,1469.72,HZJ9X2R,110 m² Appartement ∙ 3 chambres ∙ 6 personnes,Saas-Balen - Valais
27/12/2023,25/05/2024,01/06/2024,1469.72,HZJ9X2R,110 m² Appartement ∙ 3 chambres ∙ 6 personnes,Saas-Balen - Valais
27/12/2023,06/01/2024,13/01/2024,690.76,H6JW5N4,60 m² Appartement ∙ 2 chambres ∙ 4 personnes,Riddes - Valais
27/12/2023,13/01/2024,20/01/2024,690.76,H6JW5N4,60 m² Appartement ∙ 2 chambres ∙ 4 personnes,Riddes - Valais
27/12/2023,03/02/2024,10/02/2024,908.94,H6JW5N4,60 m² Appartement ∙ 2 chambres ∙ 4 personnes,Riddes - Valais
27/12/2023,10/02/2024,17/02/2024,1733.14,H6JW5N4,60 m² Appartement ∙ 2 chambres ∙ 4 personnes,Riddes - Valais
27/12/2023,17/02/2024,24/02/2024,1733.14,H6JW5N4,60 m² Appartement ∙ 2 chambres ∙ 4 personnes,Riddes - Valais
27/12/2023,24/02/2024,02/03/2024,1333.17,H6JW5N4,60 m² Appartement ∙ 2 chambres ∙ 4 personnes,Riddes - Valais
27/12/2023,02/03/2024,09/03/2024,908.92,H6JW5N4,60 m² Appartement ∙ 2 chambres ∙ 4 personnes,Riddes - Valais
27/12/2023,09/03/2024,16/03/2024,690.76,H6JW5N4,60 m² Appartement ∙ 2 chambres ∙ 4 personnes,Riddes - Valais
27/12/2023,16/03/2024,23/03/2024,690.76,H6JW5N4,60 m² Appartement ∙ 2 chambres ∙ 4 personnes,Riddes - Valais
27/12/2023,23/03/2024,30/03/2024,690.76,H6JW5N4,60 m² Appartement ∙ 2 chambres ∙ 4 personnes,Riddes - Valais
27/12/2023,30/03/2024,06/04/2024,618.03,H6JW5N4,60 m² Appartement ∙ 2 chambres ∙ 4 personnes,Riddes - Valais
27/12/2023,06/04/2024,13/04/2024,521.05,H6JW5N4,60 m² Appartement ∙ 2 chambres ∙ 4 personnes,Riddes - Valais
27/12/2023,03/02/2024,10/02/2024,4659.62,H0FKC4U,200 m² Chalet ∙ 5 chambres ∙ 12 personnes,Vex - Valais
27/12/2023,06/04/2024,13/04/2024,2493.75,H0FKC4U,200 m² Chalet ∙ 5 chambres ∙ 12 personnes,Vex - Valais
27/12/2023,13/04/2024,20/04/2024,2139.01,H0FKC4U,200 m² Chalet ∙ 5 chambres ∙ 12 personnes,Vex - Valais
27/12/2023,20/04/2024,27/04/2024,1751.74,H0FKC4U,200 m² Chalet ∙ 5 chambres ∙ 12 personnes,Vex - Valais
27/12/2023,27/04/2024,04/05/2024,1751.74,H0FKC4U,200 m² Chalet ∙ 5 chambres ∙ 12 personnes,Vex - Valais
27/12/2023,04/05/2024,11/05/2024,1751.74,H0FKC4U,200 m² Chalet ∙ 5 chambres ∙ 12 personnes,Vex - Valais
27/12/2023,11/05/2024,18/05/2024,1751.74,H0FKC4U,200 m² Chalet ∙ 5 chambres ∙ 12 personnes,Vex - Valais
27/12/2023,18/05/2024,25/05/2024,1751.74,H0FKC4U,200 m² Chalet ∙ 5 chambres ∙ 12 personnes,Vex - Valais
27/12/2023,25/05/2024,01/06/2024,1751.74,H0FKC4U,200 m² Chalet ∙ 5 chambres ∙ 12 personnes,Vex - Valais
27/12/2023,13/01/2024,20/01/2024,812.75,H1F0WSR,200 m² Maison de vacances ∙ 6 chambres ∙ 12 personnes,Isérables - Valais
27/12/2023,03/02/2024,10/02/2024,2866.00,H1F0WSR,200 m² Maison de vacances ∙ 6 chambres ∙ 12 personnes,Isérables - Valais
27/12/2023,10/02/2024,17/02/2024,3764.29,H1F0WSR,200 m² Maison de vacances ∙ 6 chambres ∙ 12 personnes,Isérables - Valais
27/12/2023,24/02/2024,02/03/2024,2566.56,H1F0WSR,200 m² Maison de vacances ∙ 6 chambres ∙ 12 personnes,Isérables - Valais
27/12/2023,30/03/2024,06/04/2024,1711.04,H1F0WSR,200 m² Maison de vacances ∙ 6 chambres ∙ 12 personnes,Isérables - Valais
27/12/2023,06/04/2024,13/04/2024,641.64,H1F0WSR,200 m² Maison de vacances ∙ 6 chambres ∙ 12 personnes,Isérables - Valais
27/12/2023,13/04/2024,20/04/2024,556.09,H1F0WSR,200 m² Maison de vacances ∙ 6 chambres ∙ 12 personnes,Isérables - Valais
27/12/2023,11/05/2024,18/05/2024,1026.63,H1F0WSR,200 m² Maison de vacances ∙ 6 chambres ∙ 12 personnes,Isérables - Valais
27/12/2023,18/05/2024,25/05/2024,1026.63,H1F0WSR,200 m² Maison de vacances ∙ 6 chambres ∙ 12 personnes,Isérables - Valais
27/12/2023,25/05/2024,01/06/2024,1026.63,H1F0WSR,200 m² Maison de vacances ∙ 6 chambres ∙ 12 personnes,Isérables - Valais
27/12/2023,27/01/2024,03/02/2024,1483.14,HVKT9L6,69 m² Appartement ∙ 2 chambres ∙ 6 personnes,Saas Grund - Valais
27/12/2023,16/03/2024,23/03/2024,1038.16,HVKT9L6,69 m² Appartement ∙ 2 chambres ∙ 6 personnes,Saas Grund - Valais
27/12/2023,30/03/2024,06/04/2024,1390.00,HVKT9L6,69 m² Appartement ∙ 2 chambres ∙ 6 personnes,Saas Grund - Valais
27/12/2023,06/04/2024,13/04/2024,1254.75,HVKT9L6,69 m² Appartement ∙ 2 chambres ∙ 6 personnes,Saas Grund - Valais
27/12/2023,13/04/2024,20/04/2024,1049.23,HVKT9L6,69 m² Appartement ∙ 2 chambres ∙ 6 personnes,Saas Grund - Valais
27/12/2023,20/04/2024,27/04/2024,1049.23,HVKT9L6,69 m² Appartement ∙ 2 chambres ∙ 6 personnes,Saas Grund - Valais
27/12/2023,06/04/2024,13/04/2024,816.87,HSB90EZ,33 m² Studio ∙ 2 personnes,Saas Grund - Valais
27/12/2023,13/04/2024,20/04/2024,745.84,HSB90EZ,33 m² Studio ∙ 2 personnes,Saas Grund - Valais
27/12/2023,20/04/2024,27/04/2024,745.84,HSB90EZ,33 m² Studio ∙ 2 personnes,Saas Grund - Valais
27/12/2023,27/04/2024,04/05/2024,657.05,HSB90EZ,33 m² Studio ∙ 2 personnes,Saas Grund - Valais
27/12/2023,23/03/2024,30/03/2024,4567.27,HW8AC1H,75 m² Appartement ∙ 3 chambres ∙ 6 personnes,Saas Fee - Valais
27/12/2023,30/03/2024,06/04/2024,4567.27,HW8AC1H,75 m² Appartement ∙ 3 chambres ∙ 6 personnes,Saas Fee - Valais
27/12/2023,06/04/2024,13/04/2024,3158.46,HW8AC1H,75 m² Appartement ∙ 3 chambres ∙ 6 personnes,Saas Fee - Valais
27/12/2023,13/04/2024,20/04/2024,3158.46,HW8AC1H,75 m² Appartement ∙ 3 chambres ∙ 6 personnes,Saas Fee - Valais
27/12/2023,23/03/2024,30/03/2024,2385.39,H2EGFPH,65 m² Appartement ∙ 2 chambres ∙ 5 personnes,Saas Fee - Valais
27/12/2023,13/04/2024,20/04/2024,1374.80,H2EGFPH,65 m² Appartement ∙ 2 chambres ∙ 5 personnes,Saas Fee - Valais
27/12/2023,20/04/2024,27/04/2024,1247.21,H2EGFPH,65 m² Appartement ∙ 2 chambres ∙ 5 personnes,Saas Fee - Valais
27/12/2023,27/04/2024,04/05/2024,1247.21,H2EGFPH,65 m² Appartement ∙ 2 chambres ∙ 5 personnes,Saas Fee - Valais
27/12/2023,04/05/2024,11/05/2024,1247.21,H2EGFPH,65 m² Appartement ∙ 2 chambres ∙ 5 personnes,Saas Fee - Valais
27/12/2023,11/05/2024,18/05/2024,1247.21,H2EGFPH,65 m² Appartement ∙ 2 chambres ∙ 5 personnes,Saas Fee - Valais
27/12/2023,18/05/2024,25/05/2024,1247.21,H2EGFPH,65 m² Appartement ∙ 2 chambres ∙ 5 personnes,Saas Fee - Valais
27/12/2023,25/05/2024,01/06/2024,1247.21,H2EGFPH,65 m² Appartement ∙ 2 chambres ∙ 5 personnes,Saas Fee - Valais
27/12/2023,24/02/2024,02/03/2024,3277.05,H854Z9U,90 m² Appartement ∙ 3 chambres ∙ 6 personnes,Saas Fee - Valais
27/12/2023,16/03/2024,23/03/2024,2919.14,H854Z9U,90 m² Appartement ∙ 3 chambres ∙ 6 personnes,Saas Fee - Valais
27/12/2023,23/03/2024,30/03/2024,3799.89,H854Z9U,90 m² Appartement ∙ 3 chambres ∙ 6 personnes,Saas Fee - Valais
27/12/2023,13/04/2024,20/04/2024,2919.14,H854Z9U,90 m² Appartement ∙ 3 chambres ∙ 6 personnes,Saas Fee - Valais
27/12/2023,06/01/2024,13/01/2024,1106.67,H8X59Z0,60 m² Appartement ∙ 1 chambre ∙ 5 personnes,Saas Fee - Valais
27/12/2023,13/01/2024,20/01/2024,1106.67,H8X59Z0,60 m² Appartement ∙ 1 chambre ∙ 5 personnes,Saas Fee - Valais
27/12/2023,20/01/2024,27/01/2024,1106.67,H8X59Z0,60 m² Appartement ∙ 1 chambre ∙ 5 personnes,Saas Fee - Valais
27/12/2023,27/01/2024,03/02/2024,1521.03,H8X59Z0,60 m² Appartement ∙ 1 chambre ∙ 5 personnes,Saas Fee - Valais
27/12/2023,03/02/2024,10/02/2024,1811.08,H8X59Z0,60 m² Appartement ∙ 1 chambre ∙ 5 personnes,Saas Fee - Valais
27/12/2023,17/02/2024,24/02/2024,1811.08,H8X59Z0,60 m² Appartement ∙ 1 chambre ∙ 5 personnes,Saas Fee - Valais
27/12/2023,24/02/2024,02/03/2024,1521.03,H8X59Z0,60 m² Appartement ∙ 1 chambre ∙ 5 personnes,Saas Fee - Valais
27/12/2023,02/03/2024,09/03/2024,1521.03,H8X59Z0,60 m² Appartement ∙ 1 chambre ∙ 5 personnes,Saas Fee - Valais
27/12/2023,30/03/2024,06/04/2024,1811.08,H8X59Z0,60 m² Appartement ∙ 1 chambre ∙ 5 personnes,Saas Fee - Valais
27/12/2023,06/04/2024,13/04/2024,1396.72,H8X59Z0,60 m² Appartement ∙ 1 chambre ∙ 5 personnes,Saas Fee - Valais
27/12/2023,13/04/2024,20/04/2024,1396.72,H8X59Z0,60 m² Appartement ∙ 1 chambre ∙ 5 personnes,Saas Fee - Valais
27/12/2023,06/01/2024,13/01/2024,1915.67,HTX5KJE,85 m² Appartement ∙ 2 chambres ∙ 5 personnes,Saas Fee - Valais
27/12/2023,27/01/2024,03/02/2024,2348.08,HTX5KJE,85 m² Appartement ∙ 2 chambres ∙ 5 personnes,Saas Fee - Valais
27/12/2023,24/02/2024,02/03/2024,2348.08,HTX5KJE,85 m² Appartement ∙ 2 chambres ∙ 5 personnes,Saas Fee - Valais
27/12/2023,02/03/2024,09/03/2024,2348.08,HTX5KJE,85 m² Appartement ∙ 2 chambres ∙ 5 personnes,Saas Fee - Valais
27/12/2023,09/03/2024,16/03/2024,2115.84,HTX5KJE,85 m² Appartement ∙ 2 chambres ∙ 5 personnes,Saas Fee - Valais
27/12/2023,16/03/2024,23/03/2024,2115.84,HTX5KJE,85 m² Appartement ∙ 2 chambres ∙ 5 personnes,Saas Fee - Valais
27/12/2023,06/04/2024,13/04/2024,2115.84,HTX5KJE,85 m² Appartement ∙ 2 chambres ∙ 5 personnes,Saas Fee - Valais
27/12/2023,13/04/2024,20/04/2024,2115.84,HTX5KJE,85 m² Appartement ∙ 2 chambres ∙ 5 personnes,Saas Fee - Valais
27/12/2023,06/01/2024,13/01/2024,1605.92,H74LF9J,35 m² Appartement ∙ 1 chambre ∙ 2 personnes,Saas Fee - Valais
27/12/2023,13/01/2024,20/01/2024,1554.68,H74LF9J,35 m² Appartement ∙ 1 chambre ∙ 2 personnes,Saas Fee - Valais
27/12/2023,20/01/2024,27/01/2024,1554.68,H74LF9J,35 m² Appartement ∙ 1 chambre ∙ 2 personnes,Saas Fee - Valais
27/12/2023,27/01/2024,03/02/2024,1734.03,H74LF9J,35 m² Appartement ∙ 1 chambre ∙ 2 personnes,Saas Fee - Valais
27/12/2023,24/02/2024,02/03/2024,1734.03,H74LF9J,35 m² Appartement ∙ 1 chambre ∙ 2 personnes,Saas Fee - Valais
27/12/2023,16/03/2024,23/03/2024,1439.35,H74LF9J,35 m² Appartement ∙ 1 chambre ∙ 2 personnes,Saas Fee - Valais
27/12/2023,23/03/2024,30/03/2024,1590.55,H74LF9J,35 m² Appartement ∙ 1 chambre ∙ 2 personnes,Saas Fee - Valais
27/12/2023,30/03/2024,06/04/2024,1590.55,H74LF9J,35 m² Appartement ∙ 1 chambre ∙ 2 personnes,Saas Fee - Valais
27/12/2023,06/01/2024,13/01/2024,655.52,HADSR75,36 m² Appartement ∙ 1 chambre ∙ 2 personnes,Loèche-les-Bains - Valais
27/12/2023,13/01/2024,20/01/2024,655.52,HADSR75,36 m² Appartement ∙ 1 chambre ∙ 2 personnes,Loèche-les-Bains - Valais
27/12/2023,20/01/2024,27/01/2024,655.52,HADSR75,36 m² Appartement ∙ 1 chambre ∙ 2 personnes,Loèche-les-Bains - Valais
27/12/2023,27/01/2024,03/02/2024,673.48,HADSR75,36 m² Appartement ∙ 1 chambre ∙ 2 personnes,Loèche-les-Bains - Valais
27/12/2023,03/02/2024,10/02/2024,673.48,HADSR75,36 m² Appartement ∙ 1 chambre ∙ 2 personnes,Loèche-les-Bains - Valais
27/12/2023,24/02/2024,02/03/2024,673.48,HADSR75,36 m² Appartement ∙ 1 chambre ∙ 2 personnes,Loèche-les-Bains - Valais
27/12/2023,02/03/2024,09/03/2024,673.48,HADSR75,36 m² Appartement ∙ 1 chambre ∙ 2 personnes,Loèche-les-Bains - Valais
27/12/2023,09/03/2024,16/03/2024,673.48,HADSR75,36 m² Appartement ∙ 1 chambre ∙ 2 personnes,Loèche-les-Bains - Valais
27/12/2023,16/03/2024,23/03/2024,673.48,HADSR75,36 m² Appartement ∙ 1 chambre ∙ 2 personnes,Loèche-les-Bains - Valais
27/12/2023,23/03/2024,30/03/2024,668.34,HADSR75,36 m² Appartement ∙ 1 chambre ∙ 2 personnes,Loèche-les-Bains - Valais
27/12/2023,30/03/2024,06/04/2024,655.52,HADSR75,36 m² Appartement ∙ 1 chambre ∙ 2 personnes,Loèche-les-Bains - Valais
27/12/2023,06/04/2024,13/04/2024,655.52,HADSR75,36 m² Appartement ∙ 1 chambre ∙ 2 personnes,Loèche-les-Bains - Valais
27/12/2023,13/04/2024,20/04/2024,655.52,HADSR75,36 m² Appartement ∙ 1 chambre ∙ 2 personnes,Loèche-les-Bains - Valais
27/12/2023,06/01/2024,13/01/2024,690.86,HURVFHT,60 m² Appartement ∙ 2 chambres ∙ 4 personnes,Riddes - Valais
27/12/2023,13/01/2024,20/01/2024,690.86,HURVFHT,60 m² Appartement ∙ 2 chambres ∙ 4 personnes,Riddes - Valais
27/12/2023,20/01/2024,27/01/2024,690.86,HURVFHT,60 m² Appartement ∙ 2 chambres ∙ 4 personnes,Riddes - Valais
27/12/2023,03/02/2024,10/02/2024,909.02,HURVFHT,60 m² Appartement ∙ 2 chambres ∙ 4 personnes,Riddes - Valais
27/12/2023,17/02/2024,24/02/2024,1595.33,HURVFHT,60 m² Appartement ∙ 2 chambres ∙ 4 personnes,Riddes - Valais
27/12/2023,24/02/2024,02/03/2024,1090.73,HURVFHT,60 m² Appartement ∙ 2 chambres ∙ 4 personnes,Riddes - Valais
27/12/2023,02/03/2024,09/03/2024,788.94,HURVFHT,60 m² Appartement ∙ 2 chambres ∙ 4 personnes,Riddes - Valais
27/12/2023,09/03/2024,16/03/2024,690.84,HURVFHT,60 m² Appartement ∙ 2 chambres ∙ 4 personnes,Riddes - Valais
27/12/2023,16/03/2024,23/03/2024,690.84,HURVFHT,60 m² Appartement ∙ 2 chambres ∙ 4 personnes,Riddes - Valais
27/12/2023,23/03/2024,30/03/2024,718.87,HURVFHT,60 m² Appartement ∙ 2 chambres ∙ 4 personnes,Riddes - Valais
27/12/2023,30/03/2024,06/04/2024,788.94,HURVFHT,60 m² Appartement ∙ 2 chambres ∙ 4 personnes,Riddes - Valais
27/12/2023,06/04/2024,13/04/2024,788.94,HURVFHT,60 m² Appartement ∙ 2 chambres ∙ 4 personnes,Riddes - Valais
27/12/2023,13/04/2024,20/04/2024,726.76,HURVFHT,60 m² Appartement ∙ 2 chambres ∙ 4 personnes,Riddes - Valais
27/12/2023,20/04/2024,27/04/2024,726.76,HURVFHT,60 m² Appartement ∙ 2 chambres ∙ 4 personnes,Riddes - Valais
27/12/2023,27/04/2024,04/05/2024,726.76,HURVFHT,60 m² Appartement ∙ 2 chambres ∙ 4 personnes,Riddes - Valais
27/12/2023,04/05/2024,11/05/2024,726.76,HURVFHT,60 m² Appartement ∙ 2 chambres ∙ 4 personnes,Riddes - Valais
27/12/2023,11/05/2024,18/05/2024,726.76,HURVFHT,60 m² Appartement ∙ 2 chambres ∙ 4 personnes,Riddes - Valais
27/12/2023,18/05/2024,25/05/2024,726.76,HURVFHT,60 m² Appartement ∙ 2 chambres ∙ 4 personnes,Riddes - Valais
27/12/2023,25/05/2024,01/06/2024,726.76,HURVFHT,60 m² Appartement ∙ 2 chambres ∙ 4 personnes,Riddes - Valais
27/12/2023,06/01/2024,13/01/2024,2361.44,HF1RCUY,82 m² Appartement ∙ 2 chambres ∙ 5 personnes,Saas Fee - Valais
27/12/2023,13/01/2024,20/01/2024,2361.44,HF1RCUY,82 m² Appartement ∙ 2 chambres ∙ 5 personnes,Saas Fee - Valais
27/12/2023,20/01/2024,27/01/2024,2361.44,HF1RCUY,82 m² Appartement ∙ 2 chambres ∙ 5 personnes,Saas Fee - Valais
27/12/2023,27/01/2024,03/02/2024,2361.44,HF1RCUY,82 m² Appartement ∙ 2 chambres ∙ 5 personnes,Saas Fee - Valais
27/12/2023,03/02/2024,10/02/2024,2361.44,HF1RCUY,82 m² Appartement ∙ 2 chambres ∙ 5 personnes,Saas Fee - Valais
27/12/2023,02/03/2024,09/03/2024,2361.44,HF1RCUY,82 m² Appartement ∙ 2 chambres ∙ 5 personnes,Saas Fee - Valais
27/12/2023,09/03/2024,16/03/2024,2361.44,HF1RCUY,82 m² Appartement ∙ 2 chambres ∙ 5 personnes,Saas Fee - Valais
27/12/2023,16/03/2024,23/03/2024,2361.44,HF1RCUY,82 m² Appartement ∙ 2 chambres ∙ 5 personnes,Saas Fee - Valais
27/12/2023,23/03/2024,30/03/2024,2361.44,HF1RCUY,82 m² Appartement ∙ 2 chambres ∙ 5 personnes,Saas Fee - Valais
27/12/2023,30/03/2024,06/04/2024,2361.44,HF1RCUY,82 m² Appartement ∙ 2 chambres ∙ 5 personnes,Saas Fee - Valais
27/12/2023,06/04/2024,13/04/2024,2361.44,HF1RCUY,82 m² Appartement ∙ 2 chambres ∙ 5 personnes,Saas Fee - Valais
27/12/2023,13/04/2024,20/04/2024,2361.44,HF1RCUY,82 m² Appartement ∙ 2 chambres ∙ 5 personnes,Saas Fee - Valais
27/12/2023,20/04/2024,27/04/2024,2361.44,HF1RCUY,82 m² Appartement ∙ 2 chambres ∙ 5 personnes,Saas Fee - Valais
27/12/2023,16/03/2024,23/03/2024,1401.79,HJBYHR1,50 m² Appartement ∙ 1 chambre ∙ 4 personnes,Saas Fee - Valais
27/12/2023,13/04/2024,20/04/2024,1401.79,HJBYHR1,50 m² Appartement ∙ 1 chambre ∙ 4 personnes,Saas Fee - Valais
27/12/2023,20/04/2024,27/04/2024,1401.79,HJBYHR1,50 m² Appartement ∙ 1 chambre ∙ 4 personnes,Saas Fee - Valais
27/12/2023,27/01/2024,03/02/2024,1204.45,H0VWXZ3,58 m² Appartement ∙ 2 chambres ∙ 4 personnes,Saas Grund - Valais
27/12/2023,24/02/2024,02/03/2024,1451.07,H0VWXZ3,58 m² Appartement ∙ 2 chambres ∙ 4 personnes,Saas Grund - Valais
27/12/2023,17/02/2024,24/02/2024,1696.79,HKUAM7Z,52 m² Appartement ∙ 1 chambre ∙ 5 personnes,Riddes - Valais
27/12/2023,24/02/2024,02/03/2024,1454.44,HKUAM7Z,52 m² Appartement ∙ 1 chambre ∙ 5 personnes,Riddes - Valais
27/12/2023,16/03/2024,23/03/2024,545.33,HKUAM7Z,52 m² Appartement ∙ 1 chambre ∙ 5 personnes,Riddes - Valais
27/12/2023,30/03/2024,06/04/2024,839.71,HKUAM7Z,52 m² Appartement ∙ 1 chambre ∙ 5 personnes,Riddes - Valais
27/12/2023,06/04/2024,13/04/2024,666.59,HKUAM7Z,52 m² Appartement ∙ 1 chambre ∙ 5 personnes,Riddes - Valais
27/12/2023,13/04/2024,20/04/2024,396.88,HKUAM7Z,52 m² Appartement ∙ 1 chambre ∙ 5 personnes,Riddes - Valais
27/12/2023,20/04/2024,27/04/2024,396.88,HKUAM7Z,52 m² Appartement ∙ 1 chambre ∙ 5 personnes,Riddes - Valais
27/12/2023,27/04/2024,04/05/2024,396.88,HKUAM7Z,52 m² Appartement ∙ 1 chambre ∙ 5 personnes,Riddes - Valais
27/12/2023,04/05/2024,11/05/2024,396.88,HKUAM7Z,52 m² Appartement ∙ 1 chambre ∙ 5 personnes,Riddes - Valais
27/12/2023,11/05/2024,18/05/2024,396.88,HKUAM7Z,52 m² Appartement ∙ 1 chambre ∙ 5 personnes,Riddes - Valais
27/12/2023,18/05/2024,25/05/2024,396.88,HKUAM7Z,52 m² Appartement ∙ 1 chambre ∙ 5 personnes,Riddes - Valais
27/12/2023,25/05/2024,01/06/2024,396.88,HKUAM7Z,52 m² Appartement ∙ 1 chambre ∙ 5 personnes,Riddes - Valais
27/12/2023,13/01/2024,20/01/2024,699.00,HRUD80F,50 m² Villa ∙ 1 chambre ∙ 3 personnes,Grächen - Valais
27/12/2023,24/02/2024,02/03/2024,699.00,HRUD80F,50 m² Villa ∙ 1 chambre ∙ 3 personnes,Grächen - Valais
27/12/2023,16/03/2024,23/03/2024,699.00,HRUD80F,50 m² Villa ∙ 1 chambre ∙ 3 personnes,Grächen - Valais
27/12/2023,23/03/2024,30/03/2024,699.00,HRUD80F,50 m² Villa ∙ 1 chambre ∙ 3 personnes,Grächen - Valais
27/12/2023,30/03/2024,06/04/2024,699.00,HRUD80F,50 m² Villa ∙ 1 chambre ∙ 3 personnes,Grächen - Valais
27/12/2023,06/04/2024,13/04/2024,699.00,HRUD80F,50 m² Villa ∙ 1 chambre ∙ 3 personnes,Grächen - Valais
27/12/2023,13/04/2024,20/04/2024,699.00,HRUD80F,50 m² Villa ∙ 1 chambre ∙ 3 personnes,Grächen - Valais
27/12/2023,04/05/2024,11/05/2024,699.00,HRUD80F,50 m² Villa ∙ 1 chambre ∙ 3 personnes,Grächen - Valais
27/12/2023,11/05/2024,18/05/2024,699.00,HRUD80F,50 m² Villa ∙ 1 chambre ∙ 3 personnes,Grächen - Valais
27/12/2023,18/05/2024,25/05/2024,699.00,HRUD80F,50 m² Villa ∙ 1 chambre ∙ 3 personnes,Grächen - Valais
27/12/2023,25/05/2024,01/06/2024,699.00,HRUD80F,50 m² Villa ∙ 1 chambre ∙ 3 personnes,Grächen - Valais
27/12/2023,27/01/2024,03/02/2024,1912.45,H1N6C8D,48 m² Appartement ∙ 1 chambre ∙ 5 personnes,Val-d'Illiez - Valais
27/12/2023,13/01/2024,20/01/2024,1008.08,HACW3R0,70 m² Appartement ∙ 2 chambres ∙ 6 personnes,Fiesch - Valais
27/12/2023,24/02/2024,02/03/2024,1266.77,HACW3R0,70 m² Appartement ∙ 2 chambres ∙ 6 personnes,Fiesch - Valais
27/12/2023,02/03/2024,09/03/2024,1008.08,HACW3R0,70 m² Appartement ∙ 2 chambres ∙ 6 personnes,Fiesch - Valais
27/12/2023,09/03/2024,16/03/2024,1008.08,HACW3R0,70 m² Appartement ∙ 2 chambres ∙ 6 personnes,Fiesch - Valais
27/12/2023,16/03/2024,23/03/2024,1008.08,HACW3R0,70 m² Appartement ∙ 2 chambres ∙ 6 personnes,Fiesch - Valais
27/12/2023,23/03/2024,30/03/2024,1008.08,HACW3R0,70 m² Appartement ∙ 2 chambres ∙ 6 personnes,Fiesch - Valais
27/12/2023,30/03/2024,06/04/2024,1008.08,HACW3R0,70 m² Appartement ∙ 2 chambres ∙ 6 personnes,Fiesch - Valais
27/12/2023,06/04/2024,13/04/2024,1008.08,HACW3R0,70 m² Appartement ∙ 2 chambres ∙ 6 personnes,Fiesch - Valais
27/12/2023,13/04/2024,20/04/2024,1008.08,HACW3R0,70 m² Appartement ∙ 2 chambres ∙ 6 personnes,Fiesch - Valais
27/12/2023,20/04/2024,27/04/2024,1008.08,HACW3R0,70 m² Appartement ∙ 2 chambres ∙ 6 personnes,Fiesch - Valais
27/12/2023,27/04/2024,04/05/2024,1008.08,HACW3R0,70 m² Appartement ∙ 2 chambres ∙ 6 personnes,Fiesch - Valais
27/12/2023,04/05/2024,11/05/2024,1008.08,HACW3R0,70 m² Appartement ∙ 2 chambres ∙ 6 personnes,Fiesch - Valais
27/12/2023,11/05/2024,18/05/2024,1008.08,HACW3R0,70 m² Appartement ∙ 2 chambres ∙ 6 personnes,Fiesch - Valais
27/12/2023,18/05/2024,25/05/2024,1008.08,HACW3R0,70 m² Appartement ∙ 2 chambres ∙ 6 personnes,Fiesch - Valais
27/12/2023,06/01/2024,13/01/2024,1152.00,H72CSZ1,65 m² Villa ∙ 1 chambre ∙ 4 personnes,Saas Fee - Valais
27/12/2023,13/01/2024,20/01/2024,1152.00,H72CSZ1,65 m² Villa ∙ 1 chambre ∙ 4 personnes,Saas Fee - Valais
27/12/2023,20/01/2024,27/01/2024,1152.00,H72CSZ1,65 m² Villa ∙ 1 chambre ∙ 4 personnes,Saas Fee - Valais
27/12/2023,27/01/2024,03/02/2024,1411.00,H72CSZ1,65 m² Villa ∙ 1 chambre ∙ 4 personnes,Saas Fee - Valais
27/12/2023,24/02/2024,02/03/2024,1411.00,H72CSZ1,65 m² Villa ∙ 1 chambre ∙ 4 personnes,Saas Fee - Valais
27/12/2023,02/03/2024,09/03/2024,1411.00,H72CSZ1,65 m² Villa ∙ 1 chambre ∙ 4 personnes,Saas Fee - Valais
27/12/2023,09/03/2024,16/03/2024,1411.00,H72CSZ1,65 m² Villa ∙ 1 chambre ∙ 4 personnes,Saas Fee - Valais
27/12/2023,16/03/2024,23/03/2024,1152.00,H72CSZ1,65 m² Villa ∙ 1 chambre ∙ 4 personnes,Saas Fee - Valais
27/12/2023,23/03/2024,30/03/2024,1152.00,H72CSZ1,65 m² Villa ∙ 1 chambre ∙ 4 personnes,Saas Fee - Valais
27/12/2023,30/03/2024,06/04/2024,1152.00,H72CSZ1,65 m² Villa ∙ 1 chambre ∙ 4 personnes,Saas Fee - Valais
27/12/2023,06/04/2024,13/04/2024,979.00,H72CSZ1,65 m² Villa ∙ 1 chambre ∙ 4 personnes,Saas Fee - Valais
27/12/2023,13/04/2024,20/04/2024,979.00,H72CSZ1,65 m² Villa ∙ 1 chambre ∙ 4 personnes,Saas Fee - Valais
27/12/2023,20/04/2024,27/04/2024,979.00,H72CSZ1,65 m² Villa ∙ 1 chambre ∙ 4 personnes,Saas Fee - Valais
27/12/2023,27/04/2024,04/05/2024,979.00,H72CSZ1,65 m² Villa ∙ 1 chambre ∙ 4 personnes,Saas Fee - Valais
27/12/2023,04/05/2024,11/05/2024,979.00,H72CSZ1,65 m² Villa ∙ 1 chambre ∙ 4 personnes,Saas Fee - Valais
27/12/2023,11/05/2024,18/05/2024,979.00,H72CSZ1,65 m² Villa ∙ 1 chambre ∙ 4 personnes,Saas Fee - Valais
27/12/2023,18/05/2024,25/05/2024,979.00,H72CSZ1,65 m² Villa ∙ 1 chambre ∙ 4 personnes,Saas Fee - Valais
27/12/2023,25/05/2024,01/06/2024,979.00,H72CSZ1,65 m² Villa ∙ 1 chambre ∙ 4 personnes,Saas Fee - Valais
27/12/2023,06/01/2024,13/01/2024,1088.93,HPJ62TB,88 m² Appartement ∙ 2 chambres ∙ 4 personnes,Saas Fee - Valais
27/12/2023,13/01/2024,20/01/2024,1088.93,HPJ62TB,88 m² Appartement ∙ 2 chambres ∙ 4 personnes,Saas Fee - Valais
27/12/2023,20/01/2024,27/01/2024,1088.93,HPJ62TB,88 m² Appartement ∙ 2 chambres ∙ 4 personnes,Saas Fee - Valais
27/12/2023,24/02/2024,02/03/2024,1777.52,HPJ62TB,88 m² Appartement ∙ 2 chambres ∙ 4 personnes,Saas Fee - Valais
27/12/2023,23/03/2024,30/03/2024,2054.42,HPJ62TB,88 m² Appartement ∙ 2 chambres ∙ 4 personnes,Saas Fee - Valais
27/12/2023,30/03/2024,06/04/2024,2054.42,HPJ62TB,88 m² Appartement ∙ 2 chambres ∙ 4 personnes,Saas Fee - Valais
27/12/2023,06/04/2024,13/04/2024,1526.83,HPJ62TB,88 m² Appartement ∙ 2 chambres ∙ 4 personnes,Saas Fee - Valais
27/12/2023,13/04/2024,20/04/2024,1526.83,HPJ62TB,88 m² Appartement ∙ 2 chambres ∙ 4 personnes,Saas Fee - Valais
27/12/2023,02/03/2024,09/03/2024,964.00,H1YCHAD,69 m² Maison de vacances ∙ 1 chambre ∙ 4 personnes,Loèche-les-Bains - Valais
27/12/2023,09/03/2024,16/03/2024,1053.00,H1YCHAD,69 m² Maison de vacances ∙ 1 chambre ∙ 4 personnes,Loèche-les-Bains - Valais
27/12/2023,06/04/2024,13/04/2024,1053.00,H1YCHAD,69 m² Maison de vacances ∙ 1 chambre ∙ 4 personnes,Loèche-les-Bains - Valais
27/12/2023,18/05/2024,25/05/2024,1053.00,H1YCHAD,69 m² Maison de vacances ∙ 1 chambre ∙ 4 personnes,Loèche-les-Bains - Valais
27/12/2023,25/05/2024,01/06/2024,1053.00,H1YCHAD,69 m² Maison de vacances ∙ 1 chambre ∙ 4 personnes,Loèche-les-Bains - Valais
27/12/2023,13/01/2024,20/01/2024,853.00,H184M3Y,43 m² Maison de vacances ∙ 1 chambre ∙ 2 personnes,Loèche-les-Bains - Valais
27/12/2023,20/01/2024,27/01/2024,853.00,H184M3Y,43 m² Maison de vacances ∙ 1 chambre ∙ 2 personnes,Loèche-les-Bains - Valais
27/12/2023,27/01/2024,03/02/2024,1112.00,H184M3Y,43 m² Maison de vacances ∙ 1 chambre ∙ 2 personnes,Loèche-les-Bains - Valais
27/12/2023,03/02/2024,10/02/2024,1112.00,H184M3Y,43 m² Maison de vacances ∙ 1 chambre ∙ 2 personnes,Loèche-les-Bains - Valais
27/12/2023,17/02/2024,24/02/2024,1155.00,H184M3Y,43 m² Maison de vacances ∙ 1 chambre ∙ 2 personnes,Loèche-les-Bains - Valais
27/12/2023,24/02/2024,02/03/2024,1155.00,H184M3Y,43 m² Maison de vacances ∙ 1 chambre ∙ 2 personnes,Loèche-les-Bains - Valais
27/12/2023,02/03/2024,09/03/2024,853.00,H184M3Y,43 m² Maison de vacances ∙ 1 chambre ∙ 2 personnes,Loèche-les-Bains - Valais
27/12/2023,09/03/2024,16/03/2024,723.00,H184M3Y,43 m² Maison de vacances ∙ 1 chambre ∙ 2 personnes,Loèche-les-Bains - Valais
27/12/2023,16/03/2024,23/03/2024,723.00,H184M3Y,43 m² Maison de vacances ∙ 1 chambre ∙ 2 personnes,Loèche-les-Bains - Valais
27/12/2023,23/03/2024,30/03/2024,853.00,H184M3Y,43 m² Maison de vacances ∙ 1 chambre ∙ 2 personnes,Loèche-les-Bains - Valais
27/12/2023,30/03/2024,06/04/2024,853.00,H184M3Y,43 m² Maison de vacances ∙ 1 chambre ∙ 2 personnes,Loèche-les-Bains - Valais
27/12/2023,06/04/2024,13/04/2024,723.00,H184M3Y,43 m² Maison de vacances ∙ 1 chambre ∙ 2 personnes,Loèche-les-Bains - Valais
27/12/2023,18/05/2024,25/05/2024,723.00,H184M3Y,43 m² Maison de vacances ∙ 1 chambre ∙ 2 personnes,Loèche-les-Bains - Valais
27/12/2023,25/05/2024,01/06/2024,723.00,H184M3Y,43 m² Maison de vacances ∙ 1 chambre ∙ 2 personnes,Loèche-les-Bains - Valais
27/12/2023,13/01/2024,20/01/2024,1596.00,HZ0EA5S,120 m² Villa ∙ 3 chambres ∙ 6 personnes,Ovronnaz - Leytron - Valais
27/12/2023,03/02/2024,10/02/2024,2080.00,HZ0EA5S,120 m² Villa ∙ 3 chambres ∙ 6 personnes,Ovronnaz - Leytron - Valais
27/12/2023,17/02/2024,24/02/2024,3100.00,HZ0EA5S,120 m² Villa ∙ 3 chambres ∙ 6 personnes,Ovronnaz - Leytron - Valais
27/12/2023,24/02/2024,02/03/2024,2236.00,HZ0EA5S,120 m² Villa ∙ 3 chambres ∙ 6 personnes,Ovronnaz - Leytron - Valais
27/12/2023,02/03/2024,09/03/2024,1596.00,HZ0EA5S,120 m² Villa ∙ 3 chambres ∙ 6 personnes,Ovronnaz - Leytron - Valais
27/12/2023,09/03/2024,16/03/2024,1596.00,HZ0EA5S,120 m² Villa ∙ 3 chambres ∙ 6 personnes,Ovronnaz - Leytron - Valais
27/12/2023,16/03/2024,23/03/2024,1596.00,HZ0EA5S,120 m² Villa ∙ 3 chambres ∙ 6 personnes,Ovronnaz - Leytron - Valais
27/12/2023,23/03/2024,30/03/2024,1596.00,HZ0EA5S,120 m² Villa ∙ 3 chambres ∙ 6 personnes,Ovronnaz - Leytron - Valais
27/12/2023,30/03/2024,06/04/2024,1596.00,HZ0EA5S,120 m² Villa ∙ 3 chambres ∙ 6 personnes,Ovronnaz - Leytron - Valais
27/12/2023,06/04/2024,13/04/2024,1596.00,HZ0EA5S,120 m² Villa ∙ 3 chambres ∙ 6 personnes,Ovronnaz - Leytron - Valais
27/12/2023,13/04/2024,20/04/2024,1596.00,HZ0EA5S,120 m² Villa ∙ 3 chambres ∙ 6 personnes,Ovronnaz - Leytron - Valais
27/12/2023,20/04/2024,27/04/2024,1596.00,HZ0EA5S,120 m² Villa ∙ 3 chambres ∙ 6 personnes,Ovronnaz - Leytron - Valais
27/12/2023,27/04/2024,04/05/2024,1596.00,HZ0EA5S,120 m² Villa ∙ 3 chambres ∙ 6 personnes,Ovronnaz - Leytron - Valais
27/12/2023,04/05/2024,11/05/2024,1596.00,HZ0EA5S,120 m² Villa ∙ 3 chambres ∙ 6 personnes,Ovronnaz - Leytron - Valais
27/12/2023,11/05/2024,18/05/2024,1596.00,HZ0EA5S,120 m² Villa ∙ 3 chambres ∙ 6 personnes,Ovronnaz - Leytron - Valais
27/12/2023,18/05/2024,25/05/2024,1596.00,HZ0EA5S,120 m² Villa ∙ 3 chambres ∙ 6 personnes,Ovronnaz - Leytron - Valais
27/12/2023,25/05/2024,01/06/2024,1596.00,HZ0EA5S,120 m² Villa ∙ 3 chambres ∙ 6 personnes,Ovronnaz - Leytron - Valais
27/12/2023,06/01/2024,13/01/2024,2195.38,H8ML0ZD,188 m² Maison de vacances ∙ 5 chambres ∙ 10 personnes,Hérémence - Valais
27/12/2023,13/01/2024,20/01/2024,2271.16,H8ML0ZD,188 m² Maison de vacances ∙ 5 chambres ∙ 10 personnes,Hérémence - Valais
27/12/2023,27/01/2024,03/02/2024,2583.87,H8ML0ZD,188 m² Maison de vacances ∙ 5 chambres ∙ 10 personnes,Hérémence - Valais
27/12/2023,24/02/2024,02/03/2024,3691.70,H8ML0ZD,188 m² Maison de vacances ∙ 5 chambres ∙ 10 personnes,Hérémence - Valais
27/12/2023,09/03/2024,16/03/2024,2561.46,H8ML0ZD,188 m² Maison de vacances ∙ 5 chambres ∙ 10 personnes,Hérémence - Valais
27/12/2023,23/03/2024,30/03/2024,2658.58,H8ML0ZD,188 m² Maison de vacances ∙ 5 chambres ∙ 10 personnes,Hérémence - Valais
27/12/2023,30/03/2024,06/04/2024,3046.00,H8ML0ZD,188 m² Maison de vacances ∙ 5 chambres ∙ 10 personnes,Hérémence - Valais
27/12/2023,06/04/2024,13/04/2024,2734.36,H8ML0ZD,188 m² Maison de vacances ∙ 5 chambres ∙ 10 personnes,Hérémence - Valais
27/12/2023,13/04/2024,20/04/2024,2335.20,H8ML0ZD,188 m² Maison de vacances ∙ 5 chambres ∙ 10 personnes,Hérémence - Valais
27/12/2023,06/01/2024,13/01/2024,2402.75,H25PHBK,85 m² Appartement ∙ 3 chambres ∙ 6 personnes,Saas Fee - Valais
27/12/2023,13/01/2024,20/01/2024,2402.75,H25PHBK,85 m² Appartement ∙ 3 chambres ∙ 6 personnes,Saas Fee - Valais
27/12/2023,27/01/2024,03/02/2024,3961.56,H25PHBK,85 m² Appartement ∙ 3 chambres ∙ 6 personnes,Saas Fee - Valais
27/12/2023,13/04/2024,20/04/2024,2568.18,H25PHBK,85 m² Appartement ∙ 3 chambres ∙ 6 personnes,Saas Fee - Valais
27/12/2023,06/01/2024,13/01/2024,2160.48,HL0B72C,81 m² Appartement ∙ 2 chambres ∙ 4 personnes,Loèche-les-Bains - Valais
27/12/2023,13/01/2024,20/01/2024,2160.48,HL0B72C,81 m² Appartement ∙ 2 chambres ∙ 4 personnes,Loèche-les-Bains - Valais
27/12/2023,20/01/2024,27/01/2024,2591.95,HL0B72C,81 m² Appartement ∙ 2 chambres ∙ 4 personnes,Loèche-les-Bains - Valais
27/12/2023,17/02/2024,24/02/2024,3009.50,HL0B72C,81 m² Appartement ∙ 2 chambres ∙ 4 personnes,Loèche-les-Bains - Valais
27/12/2023,09/03/2024,16/03/2024,3009.50,HL0B72C,81 m² Appartement ∙ 2 chambres ∙ 4 personnes,Loèche-les-Bains - Valais
27/12/2023,16/03/2024,23/03/2024,3009.50,HL0B72C,81 m² Appartement ∙ 2 chambres ∙ 4 personnes,Loèche-les-Bains - Valais
27/12/2023,23/03/2024,30/03/2024,3009.50,HL0B72C,81 m² Appartement ∙ 2 chambres ∙ 4 personnes,Loèche-les-Bains - Valais
27/12/2023,30/03/2024,06/04/2024,3009.50,HL0B72C,81 m² Appartement ∙ 2 chambres ∙ 4 personnes,Loèche-les-Bains - Valais
27/12/2023,06/04/2024,13/04/2024,2090.89,HL0B72C,81 m² Appartement ∙ 2 chambres ∙ 4 personnes,Loèche-les-Bains - Valais
27/12/2023,13/04/2024,20/04/2024,2090.89,HL0B72C,81 m² Appartement ∙ 2 chambres ∙ 4 personnes,Loèche-les-Bains - Valais
27/12/2023,20/04/2024,27/04/2024,2090.89,HL0B72C,81 m² Appartement ∙ 2 chambres ∙ 4 personnes,Loèche-les-Bains - Valais
27/12/2023,27/04/2024,04/05/2024,2090.89,HL0B72C,81 m² Appartement ∙ 2 chambres ∙ 4 personnes,Loèche-les-Bains - Valais
27/12/2023,04/05/2024,11/05/2024,2090.89,HL0B72C,81 m² Appartement ∙ 2 chambres ∙ 4 personnes,Loèche-les-Bains - Valais
27/12/2023,11/05/2024,18/05/2024,2017.15,HL0B72C,81 m² Appartement ∙ 2 chambres ∙ 4 personnes,Loèche-les-Bains - Valais
27/12/2023,18/05/2024,25/05/2024,2017.15,HL0B72C,81 m² Appartement ∙ 2 chambres ∙ 4 personnes,Loèche-les-Bains - Valais
27/12/2023,25/05/2024,01/06/2024,2017.15,HL0B72C,81 m² Appartement ∙ 2 chambres ∙ 4 personnes,Loèche-les-Bains - Valais
27/12/2023,06/01/2024,13/01/2024,1325.56,HU19T6J,80 m² Appartement ∙ 1 chambre ∙ 5 personnes,Viège - Valais
27/12/2023,13/01/2024,20/01/2024,1325.56,HU19T6J,80 m² Appartement ∙ 1 chambre ∙ 5 personnes,Viège - Valais
27/12/2023,20/01/2024,27/01/2024,1325.56,HU19T6J,80 m² Appartement ∙ 1 chambre ∙ 5 personnes,Viège - Valais
27/12/2023,27/01/2024,03/02/2024,1325.56,HU19T6J,80 m² Appartement ∙ 1 chambre ∙ 5 personnes,Viège - Valais
27/12/2023,10/02/2024,17/02/2024,1325.56,HU19T6J,80 m² Appartement ∙ 1 chambre ∙ 5 personnes,Viège - Valais
27/12/2023,24/02/2024,02/03/2024,1325.56,HU19T6J,80 m² Appartement ∙ 1 chambre ∙ 5 personnes,Viège - Valais
27/12/2023,02/03/2024,09/03/2024,1325.56,HU19T6J,80 m² Appartement ∙ 1 chambre ∙ 5 personnes,Viège - Valais
27/12/2023,09/03/2024,16/03/2024,1325.56,HU19T6J,80 m² Appartement ∙ 1 chambre ∙ 5 personnes,Viège - Valais
27/12/2023,16/03/2024,23/03/2024,1325.56,HU19T6J,80 m² Appartement ∙ 1 chambre ∙ 5 personnes,Viège - Valais
27/12/2023,23/03/2024,30/03/2024,1325.56,HU19T6J,80 m² Appartement ∙ 1 chambre ∙ 5 personnes,Viège - Valais
27/12/2023,30/03/2024,06/04/2024,1325.56,HU19T6J,80 m² Appartement ∙ 1 chambre ∙ 5 personnes,Viège - Valais
27/12/2023,06/04/2024,13/04/2024,1325.56,HU19T6J,80 m² Appartement ∙ 1 chambre ∙ 5 personnes,Viège - Valais
27/12/2023,13/04/2024,20/04/2024,1325.56,HU19T6J,80 m² Appartement ∙ 1 chambre ∙ 5 personnes,Viège - Valais
27/12/2023,20/04/2024,27/04/2024,1325.56,HU19T6J,80 m² Appartement ∙ 1 chambre ∙ 5 personnes,Viège - Valais
27/12/2023,27/04/2024,04/05/2024,1325.56,HU19T6J,80 m² Appartement ∙ 1 chambre ∙ 5 personnes,Viège - Valais
27/12/2023,04/05/2024,11/05/2024,1325.56,HU19T6J,80 m² Appartement ∙ 1 chambre ∙ 5 personnes,Viège - Valais
27/12/2023,11/05/2024,18/05/2024,1325.56,HU19T6J,80 m² Appartement ∙ 1 chambre ∙ 5 personnes,Viège - Valais
27/12/2023,18/05/2024,25/05/2024,1325.56,HU19T6J,80 m² Appartement ∙ 1 chambre ∙ 5 personnes,Viège - Valais
27/12/2023,25/05/2024,01/06/2024,1325.56,HU19T6J,80 m² Appartement ∙ 1 chambre ∙ 5 personnes,Viège - Valais
27/12/2023,06/01/2024,13/01/2024,2045.86,H6NDWU2,124 m² Appartement ∙ 3 chambres ∙ 7 personnes,Saas Fee - Valais
27/12/2023,13/01/2024,20/01/2024,2045.86,H6NDWU2,124 m² Appartement ∙ 3 chambres ∙ 7 personnes,Saas Fee - Valais
27/12/2023,27/01/2024,03/02/2024,3029.20,H6NDWU2,124 m² Appartement ∙ 3 chambres ∙ 7 personnes,Saas Fee - Valais
27/12/2023,24/02/2024,02/03/2024,3029.20,H6NDWU2,124 m² Appartement ∙ 3 chambres ∙ 7 personnes,Saas Fee - Valais
27/12/2023,02/03/2024,09/03/2024,3029.20,H6NDWU2,124 m² Appartement ∙ 3 chambres ∙ 7 personnes,Saas Fee - Valais
27/12/2023,16/03/2024,23/03/2024,2637.45,H6NDWU2,124 m² Appartement ∙ 3 chambres ∙ 7 personnes,Saas Fee - Valais
27/12/2023,23/03/2024,30/03/2024,3764.71,H6NDWU2,124 m² Appartement ∙ 3 chambres ∙ 7 personnes,Saas Fee - Valais
27/12/2023,30/03/2024,06/04/2024,3764.71,H6NDWU2,124 m² Appartement ∙ 3 chambres ∙ 7 personnes,Saas Fee - Valais
27/12/2023,13/04/2024,20/04/2024,2637.45,H6NDWU2,124 m² Appartement ∙ 3 chambres ∙ 7 personnes,Saas Fee - Valais
27/12/2023,06/01/2024,13/01/2024,1372.44,HV617RK,52 m² Appartement ∙ 1 chambre ∙ 4 personnes,Saas Fee - Valais
27/12/2023,13/01/2024,20/01/2024,1372.44,HV617RK,52 m² Appartement ∙ 1 chambre ∙ 4 personnes,Saas Fee - Valais
27/12/2023,20/01/2024,27/01/2024,1372.44,HV617RK,52 m² Appartement ∙ 1 chambre ∙ 4 personnes,Saas Fee - Valais
27/12/2023,24/02/2024,02/03/2024,1503.05,HV617RK,52 m² Appartement ∙ 1 chambre ∙ 4 personnes,Saas Fee - Valais
27/12/2023,02/03/2024,09/03/2024,1503.05,HV617RK,52 m² Appartement ∙ 1 chambre ∙ 4 personnes,Saas Fee - Valais
27/12/2023,09/03/2024,16/03/2024,1503.05,HV617RK,52 m² Appartement ∙ 1 chambre ∙ 4 personnes,Saas Fee - Valais
27/12/2023,16/03/2024,23/03/2024,1503.05,HV617RK,52 m² Appartement ∙ 1 chambre ∙ 4 personnes,Saas Fee - Valais
27/12/2023,23/03/2024,30/03/2024,1503.05,HV617RK,52 m² Appartement ∙ 1 chambre ∙ 4 personnes,Saas Fee - Valais
27/12/2023,06/04/2024,13/04/2024,1503.05,HV617RK,52 m² Appartement ∙ 1 chambre ∙ 4 personnes,Saas Fee - Valais
27/12/2023,13/04/2024,20/04/2024,1503.05,HV617RK,52 m² Appartement ∙ 1 chambre ∙ 4 personnes,Saas Fee - Valais
27/12/2023,11/05/2024,18/05/2024,1236.97,HXJ9MAE,140 m² Appartement ∙ 4 chambres ∙ 8 personnes,Täsch - Valais
27/12/2023,18/05/2024,25/05/2024,1236.97,HXJ9MAE,140 m² Appartement ∙ 4 chambres ∙ 8 personnes,Täsch - Valais
27/12/2023,06/01/2024,13/01/2024,1456.83,H4NXG6R,Appartement ∙ 1 chambre ∙ 4 personnes,Val-d'Illiez - Valais
27/12/2023,13/01/2024,20/01/2024,1456.83,H4NXG6R,Appartement ∙ 1 chambre ∙ 4 personnes,Val-d'Illiez - Valais
27/12/2023,20/01/2024,27/01/2024,1456.83,H4NXG6R,Appartement ∙ 1 chambre ∙ 4 personnes,Val-d'Illiez - Valais
27/12/2023,27/01/2024,03/02/2024,1456.83,H4NXG6R,Appartement ∙ 1 chambre ∙ 4 personnes,Val-d'Illiez - Valais
27/12/2023,03/02/2024,10/02/2024,1456.83,H4NXG6R,Appartement ∙ 1 chambre ∙ 4 personnes,Val-d'Illiez - Valais
27/12/2023,24/02/2024,02/03/2024,1456.83,H4NXG6R,Appartement ∙ 1 chambre ∙ 4 personnes,Val-d'Illiez - Valais
27/12/2023,09/03/2024,16/03/2024,1456.83,H4NXG6R,Appartement ∙ 1 chambre ∙ 4 personnes,Val-d'Illiez - Valais
27/12/2023,16/03/2024,23/03/2024,1456.83,H4NXG6R,Appartement ∙ 1 chambre ∙ 4 personnes,Val-d'Illiez - Valais
27/12/2023,23/03/2024,30/03/2024,1456.83,H4NXG6R,Appartement ∙ 1 chambre ∙ 4 personnes,Val-d'Illiez - Valais
27/12/2023,30/03/2024,06/04/2024,1456.83,H4NXG6R,Appartement ∙ 1 chambre ∙ 4 personnes,Val-d'Illiez - Valais
27/12/2023,06/04/2024,13/04/2024,1456.83,H4NXG6R,Appartement ∙ 1 chambre ∙ 4 personnes,Val-d'Illiez - Valais
27/12/2023,06/01/2024,13/01/2024,679.48,H02YASD,36 m² Appartement ∙ 1 chambre ∙ 4 personnes,Saas-Almagell - Valais
27/12/2023,13/01/2024,20/01/2024,679.48,H02YASD,36 m² Appartement ∙ 1 chambre ∙ 4 personnes,Saas-Almagell - Valais
27/12/2023,20/01/2024,27/01/2024,679.48,H02YASD,36 m² Appartement ∙ 1 chambre ∙ 4 personnes,Saas-Almagell - Valais
27/12/2023,27/01/2024,03/02/2024,679.48,H02YASD,36 m² Appartement ∙ 1 chambre ∙ 4 personnes,Saas-Almagell - Valais
27/12/2023,03/02/2024,10/02/2024,799.39,H02YASD,36 m² Appartement ∙ 1 chambre ∙ 4 personnes,Saas-Almagell - Valais
27/12/2023,17/02/2024,24/02/2024,799.39,H02YASD,36 m² Appartement ∙ 1 chambre ∙ 4 personnes,Saas-Almagell - Valais
27/12/2023,09/03/2024,16/03/2024,679.48,H02YASD,36 m² Appartement ∙ 1 chambre ∙ 4 personnes,Saas-Almagell - Valais
27/12/2023,16/03/2024,23/03/2024,679.48,H02YASD,36 m² Appartement ∙ 1 chambre ∙ 4 personnes,Saas-Almagell - Valais
27/12/2023,06/04/2024,13/04/2024,759.42,H02YASD,36 m² Appartement ∙ 1 chambre ∙ 4 personnes,Saas-Almagell - Valais
27/12/2023,13/04/2024,20/04/2024,789.36,H02YASD,36 m² Appartement ∙ 1 chambre ∙ 4 personnes,Saas-Almagell - Valais
27/12/2023,20/04/2024,27/04/2024,789.36,H02YASD,36 m² Appartement ∙ 1 chambre ∙ 4 personnes,Saas-Almagell - Valais
27/12/2023,02/03/2024,09/03/2024,2344.13,HS95PC1,125 m² Chalet ∙ 4 chambres ∙ 10 personnes,Hérémence - Valais
27/12/2023,09/03/2024,16/03/2024,1974.59,HS95PC1,125 m² Chalet ∙ 4 chambres ∙ 10 personnes,Hérémence - Valais
27/12/2023,16/03/2024,23/03/2024,1974.59,HS95PC1,125 m² Chalet ∙ 4 chambres ∙ 10 personnes,Hérémence - Valais
27/12/2023,23/03/2024,30/03/2024,2998.33,HS95PC1,125 m² Chalet ∙ 4 chambres ∙ 10 personnes,Hérémence - Valais
27/12/2023,30/03/2024,06/04/2024,2459.27,HS95PC1,125 m² Chalet ∙ 4 chambres ∙ 10 personnes,Hérémence - Valais
27/12/2023,06/04/2024,13/04/2024,1104.05,HS95PC1,125 m² Chalet ∙ 4 chambres ∙ 10 personnes,Hérémence - Valais
27/12/2023,13/04/2024,20/04/2024,1104.05,HS95PC1,125 m² Chalet ∙ 4 chambres ∙ 10 personnes,Hérémence - Valais
27/12/2023,20/04/2024,27/04/2024,864.43,HS95PC1,125 m² Chalet ∙ 4 chambres ∙ 10 personnes,Hérémence - Valais
27/12/2023,27/04/2024,04/05/2024,864.43,HS95PC1,125 m² Chalet ∙ 4 chambres ∙ 10 personnes,Hérémence - Valais
27/12/2023,04/05/2024,11/05/2024,864.43,HS95PC1,125 m² Chalet ∙ 4 chambres ∙ 10 personnes,Hérémence - Valais
27/12/2023,11/05/2024,18/05/2024,864.43,HS95PC1,125 m² Chalet ∙ 4 chambres ∙ 10 personnes,Hérémence - Valais
27/12/2023,18/05/2024,25/05/2024,864.43,HS95PC1,125 m² Chalet ∙ 4 chambres ∙ 10 personnes,Hérémence - Valais
27/12/2023,25/05/2024,01/06/2024,864.43,HS95PC1,125 m² Chalet ∙ 4 chambres ∙ 10 personnes,Hérémence - Valais
27/12/2023,20/01/2024,27/01/2024,956.00,HLSPRX6,40 m² Appartement ∙ 1 chambre ∙ 2 personnes,Ayent - Valais
27/12/2023,27/01/2024,03/02/2024,1388.49,HLSPRX6,40 m² Appartement ∙ 1 chambre ∙ 2 personnes,Ayent - Valais
27/12/2023,03/02/2024,10/02/2024,1613.80,HLSPRX6,40 m² Appartement ∙ 1 chambre ∙ 2 personnes,Ayent - Valais
27/12/2023,17/02/2024,24/02/2024,2017.80,HLSPRX6,40 m² Appartement ∙ 1 chambre ∙ 2 personnes,Ayent - Valais
27/12/2023,24/02/2024,02/03/2024,2024.27,HLSPRX6,40 m² Appartement ∙ 1 chambre ∙ 2 personnes,Ayent - Valais
27/12/2023,02/03/2024,09/03/2024,1661.71,HLSPRX6,40 m² Appartement ∙ 1 chambre ∙ 2 personnes,Ayent - Valais
27/12/2023,09/03/2024,16/03/2024,1224.05,HLSPRX6,40 m² Appartement ∙ 1 chambre ∙ 2 personnes,Ayent - Valais
27/12/2023,16/03/2024,23/03/2024,857.59,HLSPRX6,40 m² Appartement ∙ 1 chambre ∙ 2 personnes,Ayent - Valais
27/12/2023,23/03/2024,30/03/2024,812.28,HLSPRX6,40 m² Appartement ∙ 1 chambre ∙ 2 personnes,Ayent - Valais
27/12/2023,30/03/2024,06/04/2024,1194.26,HLSPRX6,40 m² Appartement ∙ 1 chambre ∙ 2 personnes,Ayent - Valais
27/12/2023,06/04/2024,13/04/2024,787.68,HLSPRX6,40 m² Appartement ∙ 1 chambre ∙ 2 personnes,Ayent - Valais
27/12/2023,13/04/2024,20/04/2024,577.90,HLSPRX6,40 m² Appartement ∙ 1 chambre ∙ 2 personnes,Ayent - Valais
27/12/2023,20/04/2024,27/04/2024,553.30,HLSPRX6,40 m² Appartement ∙ 1 chambre ∙ 2 personnes,Ayent - Valais
27/12/2023,27/04/2024,04/05/2024,552.00,HLSPRX6,40 m² Appartement ∙ 1 chambre ∙ 2 personnes,Ayent - Valais
27/12/2023,04/05/2024,11/05/2024,757.89,HLSPRX6,40 m² Appartement ∙ 1 chambre ∙ 2 personnes,Ayent - Valais
27/12/2023,11/05/2024,18/05/2024,687.97,HLSPRX6,40 m² Appartement ∙ 1 chambre ∙ 2 personnes,Ayent - Valais
27/12/2023,18/05/2024,25/05/2024,558.48,HLSPRX6,40 m² Appartement ∙ 1 chambre ∙ 2 personnes,Ayent - Valais
27/12/2023,25/05/2024,01/06/2024,568.84,HLSPRX6,40 m² Appartement ∙ 1 chambre ∙ 2 personnes,Ayent - Valais
27/12/2023,20/01/2024,27/01/2024,1494.34,HY59L28,110 m² Appartement ∙ 3 chambres ∙ 6 personnes,Loèche-les-Bains - Valais
27/12/2023,27/01/2024,03/02/2024,2051.06,HY59L28,110 m² Appartement ∙ 3 chambres ∙ 6 personnes,Loèche-les-Bains - Valais
27/12/2023,24/02/2024,02/03/2024,2051.06,HY59L28,110 m² Appartement ∙ 3 chambres ∙ 6 personnes,Loèche-les-Bains - Valais
27/12/2023,02/03/2024,09/03/2024,1434.42,HY59L28,110 m² Appartement ∙ 3 chambres ∙ 6 personnes,Loèche-les-Bains - Valais
27/12/2023,16/03/2024,23/03/2024,1434.42,HY59L28,110 m² Appartement ∙ 3 chambres ∙ 6 personnes,Loèche-les-Bains - Valais
27/12/2023,23/03/2024,30/03/2024,1434.42,HY59L28,110 m² Appartement ∙ 3 chambres ∙ 6 personnes,Loèche-les-Bains - Valais
27/12/2023,30/03/2024,06/04/2024,1434.42,HY59L28,110 m² Appartement ∙ 3 chambres ∙ 6 personnes,Loèche-les-Bains - Valais
27/12/2023,06/04/2024,13/04/2024,1434.42,HY59L28,110 m² Appartement ∙ 3 chambres ∙ 6 personnes,Loèche-les-Bains - Valais
27/12/2023,09/03/2024,16/03/2024,2469.32,HH4K8DX,150 m² Chalet ∙ 4 chambres ∙ 8 personnes,Vex - Valais
27/12/2023,16/03/2024,23/03/2024,2469.32,HH4K8DX,150 m² Chalet ∙ 4 chambres ∙ 8 personnes,Vex - Valais
27/12/2023,06/04/2024,13/04/2024,2596.59,HH4K8DX,150 m² Chalet ∙ 4 chambres ∙ 8 personnes,Vex - Valais
27/12/2023,13/04/2024,20/04/2024,2169.32,HH4K8DX,150 m² Chalet ∙ 4 chambres ∙ 8 personnes,Vex - Valais
27/12/2023,20/04/2024,27/04/2024,1323.86,HH4K8DX,150 m² Chalet ∙ 4 chambres ∙ 8 personnes,Vex - Valais
27/12/2023,27/04/2024,04/05/2024,1323.86,HH4K8DX,150 m² Chalet ∙ 4 chambres ∙ 8 personnes,Vex - Valais
27/12/2023,04/05/2024,11/05/2024,1323.86,HH4K8DX,150 m² Chalet ∙ 4 chambres ∙ 8 personnes,Vex - Valais
27/12/2023,11/05/2024,18/05/2024,1323.86,HH4K8DX,150 m² Chalet ∙ 4 chambres ∙ 8 personnes,Vex - Valais
27/12/2023,18/05/2024,25/05/2024,1323.86,HH4K8DX,150 m² Chalet ∙ 4 chambres ∙ 8 personnes,Vex - Valais
27/12/2023,25/05/2024,01/06/2024,1323.86,HH4K8DX,150 m² Chalet ∙ 4 chambres ∙ 8 personnes,Vex - Valais
27/12/2023,13/01/2024,20/01/2024,1045.93,HSZR5DC,Appartement ∙ 2 chambres ∙ 4 personnes,Grächen - Valais
27/12/2023,20/01/2024,27/01/2024,1045.93,HSZR5DC,Appartement ∙ 2 chambres ∙ 4 personnes,Grächen - Valais
27/12/2023,16/03/2024,23/03/2024,1045.93,HSZR5DC,Appartement ∙ 2 chambres ∙ 4 personnes,Grächen - Valais
27/12/2023,13/04/2024,20/04/2024,1045.93,HSZR5DC,Appartement ∙ 2 chambres ∙ 4 personnes,Grächen - Valais
27/12/2023,20/04/2024,27/04/2024,1045.93,HSZR5DC,Appartement ∙ 2 chambres ∙ 4 personnes,Grächen - Valais
27/12/2023,27/04/2024,04/05/2024,1045.93,HSZR5DC,Appartement ∙ 2 chambres ∙ 4 personnes,Grächen - Valais
27/12/2023,04/05/2024,11/05/2024,1045.93,HSZR5DC,Appartement ∙ 2 chambres ∙ 4 personnes,Grächen - Valais
27/12/2023,11/05/2024,18/05/2024,1045.93,HSZR5DC,Appartement ∙ 2 chambres ∙ 4 personnes,Grächen - Valais
27/12/2023,18/05/2024,25/05/2024,1045.93,HSZR5DC,Appartement ∙ 2 chambres ∙ 4 personnes,Grächen - Valais
27/12/2023,25/05/2024,01/06/2024,1045.93,HSZR5DC,Appartement ∙ 2 chambres ∙ 4 personnes,Grächen - Valais
27/12/2023,06/01/2024,13/01/2024,1709.00,HSKJ3A6,40 m² Maison de vacances ∙ 1 chambre ∙ 4 personnes,Grimentz - Valais
27/12/2023,13/01/2024,20/01/2024,1709.00,HSKJ3A6,40 m² Maison de vacances ∙ 1 chambre ∙ 4 personnes,Grimentz - Valais
27/12/2023,16/03/2024,23/03/2024,1709.00,HSKJ3A6,40 m² Maison de vacances ∙ 1 chambre ∙ 4 personnes,Grimentz - Valais
27/12/2023,23/03/2024,30/03/2024,1709.00,HSKJ3A6,40 m² Maison de vacances ∙ 1 chambre ∙ 4 personnes,Grimentz - Valais
27/12/2023,13/04/2024,20/04/2024,1005.00,HSKJ3A6,40 m² Maison de vacances ∙ 1 chambre ∙ 4 personnes,Grimentz - Valais
27/12/2023,20/04/2024,27/04/2024,1005.00,HSKJ3A6,40 m² Maison de vacances ∙ 1 chambre ∙ 4 personnes,Grimentz - Valais
27/12/2023,27/04/2024,04/05/2024,1005.00,HSKJ3A6,40 m² Maison de vacances ∙ 1 chambre ∙ 4 personnes,Grimentz - Valais
27/12/2023,04/05/2024,11/05/2024,1005.00,HSKJ3A6,40 m² Maison de vacances ∙ 1 chambre ∙ 4 personnes,Grimentz - Valais
27/12/2023,11/05/2024,18/05/2024,1005.00,HSKJ3A6,40 m² Maison de vacances ∙ 1 chambre ∙ 4 personnes,Grimentz - Valais
27/12/2023,18/05/2024,25/05/2024,1005.00,HSKJ3A6,40 m² Maison de vacances ∙ 1 chambre ∙ 4 personnes,Grimentz - Valais
27/12/2023,25/05/2024,01/06/2024,1005.00,HSKJ3A6,40 m² Maison de vacances ∙ 1 chambre ∙ 4 personnes,Grimentz - Valais
27/12/2023,06/04/2024,13/04/2024,1256.82,HY5MNLK,64 m² Appartement ∙ 1 chambre ∙ 3 personnes,Saas Fee - Valais
27/12/2023,13/04/2024,20/04/2024,1256.82,HY5MNLK,64 m² Appartement ∙ 1 chambre ∙ 3 personnes,Saas Fee - Valais
27/12/2023,13/01/2024,20/01/2024,1037.28,HCWVRP4,56 m² Appartement ∙ 2 chambres ∙ 6 personnes,Saas Grund - Valais
27/12/2023,20/01/2024,27/01/2024,1037.28,HCWVRP4,56 m² Appartement ∙ 2 chambres ∙ 6 personnes,Saas Grund - Valais
27/12/2023,24/02/2024,02/03/2024,1648.57,HCWVRP4,56 m² Appartement ∙ 2 chambres ∙ 6 personnes,Saas Grund - Valais
27/12/2023,02/03/2024,09/03/2024,1037.28,HCWVRP4,56 m² Appartement ∙ 2 chambres ∙ 6 personnes,Saas Grund - Valais
27/12/2023,16/03/2024,23/03/2024,1037.28,HCWVRP4,56 m² Appartement ∙ 2 chambres ∙ 6 personnes,Saas Grund - Valais
27/12/2023,30/03/2024,06/04/2024,1648.57,HCWVRP4,56 m² Appartement ∙ 2 chambres ∙ 6 personnes,Saas Grund - Valais
27/12/2023,06/04/2024,13/04/2024,1037.28,HCWVRP4,56 m² Appartement ∙ 2 chambres ∙ 6 personnes,Saas Grund - Valais
27/12/2023,13/04/2024,20/04/2024,1037.28,HCWVRP4,56 m² Appartement ∙ 2 chambres ∙ 6 personnes,Saas Grund - Valais
27/12/2023,20/04/2024,27/04/2024,1037.28,HCWVRP4,56 m² Appartement ∙ 2 chambres ∙ 6 personnes,Saas Grund - Valais
27/12/2023,24/02/2024,02/03/2024,1095.35,H7U8JPD,80 m² Appartement ∙ 2 chambres ∙ 6 personnes,Bürchen - Valais
27/12/2023,09/03/2024,16/03/2024,1095.35,H7U8JPD,80 m² Appartement ∙ 2 chambres ∙ 6 personnes,Bürchen - Valais
27/12/2023,16/03/2024,23/03/2024,1004.08,H7U8JPD,80 m² Appartement ∙ 2 chambres ∙ 6 personnes,Bürchen - Valais
27/12/2023,23/03/2024,30/03/2024,1004.08,H7U8JPD,80 m² Appartement ∙ 2 chambres ∙ 6 personnes,Bürchen - Valais
27/12/2023,30/03/2024,06/04/2024,1004.08,H7U8JPD,80 m² Appartement ∙ 2 chambres ∙ 6 personnes,Bürchen - Valais
27/12/2023,06/04/2024,13/04/2024,1004.08,H7U8JPD,80 m² Appartement ∙ 2 chambres ∙ 6 personnes,Bürchen - Valais
27/12/2023,13/04/2024,20/04/2024,1004.08,H7U8JPD,80 m² Appartement ∙ 2 chambres ∙ 6 personnes,Bürchen - Valais
27/12/2023,20/04/2024,27/04/2024,1004.08,H7U8JPD,80 m² Appartement ∙ 2 chambres ∙ 6 personnes,Bürchen - Valais
27/12/2023,27/04/2024,04/05/2024,1004.08,H7U8JPD,80 m² Appartement ∙ 2 chambres ∙ 6 personnes,Bürchen - Valais
27/12/2023,04/05/2024,11/05/2024,1004.08,H7U8JPD,80 m² Appartement ∙ 2 chambres ∙ 6 personnes,Bürchen - Valais
27/12/2023,11/05/2024,18/05/2024,1004.08,H7U8JPD,80 m² Appartement ∙ 2 chambres ∙ 6 personnes,Bürchen - Valais
27/12/2023,18/05/2024,25/05/2024,1004.08,H7U8JPD,80 m² Appartement ∙ 2 chambres ∙ 6 personnes,Bürchen - Valais
27/12/2023,25/05/2024,01/06/2024,1004.08,H7U8JPD,80 m² Appartement ∙ 2 chambres ∙ 6 personnes,Bürchen - Valais
27/12/2023,06/01/2024,13/01/2024,436.32,H6K9C1F,55 m² Appartement ∙ 1 chambre ∙ 6 personnes,Veysonnaz - Valais
27/12/2023,03/02/2024,10/02/2024,1557.05,H6K9C1F,55 m² Appartement ∙ 1 chambre ∙ 6 personnes,Veysonnaz - Valais
27/12/2023,17/02/2024,24/02/2024,1711.04,H6K9C1F,55 m² Appartement ∙ 1 chambre ∙ 6 personnes,Veysonnaz - Valais
27/12/2023,02/03/2024,09/03/2024,1112.18,H6K9C1F,55 m² Appartement ∙ 1 chambre ∙ 6 personnes,Veysonnaz - Valais
27/12/2023,16/03/2024,23/03/2024,470.54,H6K9C1F,55 m² Appartement ∙ 1 chambre ∙ 6 personnes,Veysonnaz - Valais
27/12/2023,23/03/2024,30/03/2024,769.97,H6K9C1F,55 m² Appartement ∙ 1 chambre ∙ 6 personnes,Veysonnaz - Valais
27/12/2023,30/03/2024,06/04/2024,641.64,H6K9C1F,55 m² Appartement ∙ 1 chambre ∙ 6 personnes,Veysonnaz - Valais
27/12/2023,06/04/2024,13/04/2024,222.44,H6K9C1F,55 m² Appartement ∙ 1 chambre ∙ 6 personnes,Veysonnaz - Valais
27/12/2023,13/04/2024,20/04/2024,222.44,H6K9C1F,55 m² Appartement ∙ 1 chambre ∙ 6 personnes,Veysonnaz - Valais
27/12/2023,20/04/2024,27/04/2024,222.44,H6K9C1F,55 m² Appartement ∙ 1 chambre ∙ 6 personnes,Veysonnaz - Valais
27/12/2023,27/04/2024,04/05/2024,342.21,H6K9C1F,55 m² Appartement ∙ 1 chambre ∙ 6 personnes,Veysonnaz - Valais
27/12/2023,04/05/2024,11/05/2024,342.21,H6K9C1F,55 m² Appartement ∙ 1 chambre ∙ 6 personnes,Veysonnaz - Valais
27/12/2023,11/05/2024,18/05/2024,342.21,H6K9C1F,55 m² Appartement ∙ 1 chambre ∙ 6 personnes,Veysonnaz - Valais
27/12/2023,18/05/2024,25/05/2024,342.21,H6K9C1F,55 m² Appartement ∙ 1 chambre ∙ 6 personnes,Veysonnaz - Valais
27/12/2023,25/05/2024,01/06/2024,342.21,H6K9C1F,55 m² Appartement ∙ 1 chambre ∙ 6 personnes,Veysonnaz - Valais
27/12/2023,06/01/2024,13/01/2024,4469.00,HSHBW43,240 m² Maison de vacances ∙ 20 personnes,Val-d'Illiez - Valais
27/12/2023,20/01/2024,27/01/2024,4469.00,HSHBW43,240 m² Maison de vacances ∙ 20 personnes,Val-d'Illiez - Valais
27/12/2023,27/01/2024,03/02/2024,5766.00,HSHBW43,240 m² Maison de vacances ∙ 20 personnes,Val-d'Illiez - Valais
27/12/2023,03/02/2024,10/02/2024,5766.00,HSHBW43,240 m² Maison de vacances ∙ 20 personnes,Val-d'Illiez - Valais
27/12/2023,02/03/2024,09/03/2024,5766.00,HSHBW43,240 m² Maison de vacances ∙ 20 personnes,Val-d'Illiez - Valais
27/12/2023,09/03/2024,16/03/2024,5766.00,HSHBW43,240 m² Maison de vacances ∙ 20 personnes,Val-d'Illiez - Valais
27/12/2023,16/03/2024,23/03/2024,4469.00,HSHBW43,240 m² Maison de vacances ∙ 20 personnes,Val-d'Illiez - Valais
27/12/2023,06/04/2024,13/04/2024,2641.00,HSHBW43,240 m² Maison de vacances ∙ 20 personnes,Val-d'Illiez - Valais
27/12/2023,13/04/2024,20/04/2024,2641.00,HSHBW43,240 m² Maison de vacances ∙ 20 personnes,Val-d'Illiez - Valais
27/12/2023,20/04/2024,27/04/2024,2641.00,HSHBW43,240 m² Maison de vacances ∙ 20 personnes,Val-d'Illiez - Valais
27/12/2023,27/04/2024,04/05/2024,2641.00,HSHBW43,240 m² Maison de vacances ∙ 20 personnes,Val-d'Illiez - Valais
27/12/2023,04/05/2024,11/05/2024,2641.00,HSHBW43,240 m² Maison de vacances ∙ 20 personnes,Val-d'Illiez - Valais
27/12/2023,18/05/2024,25/05/2024,2641.00,HSHBW43,240 m² Maison de vacances ∙ 20 personnes,Val-d'Illiez - Valais
27/12/2023,25/05/2024,01/06/2024,2641.00,HSHBW43,240 m² Maison de vacances ∙ 20 personnes,Val-d'Illiez - Valais
27/12/2023,20/01/2024,27/01/2024,1931.00,HB9YTX7,110 m² Villa ∙ 3 chambres ∙ 6 personnes,Crans-Montana - Valais
27/12/2023,24/02/2024,02/03/2024,2234.00,HB9YTX7,110 m² Villa ∙ 3 chambres ∙ 6 personnes,Crans-Montana - Valais
27/12/2023,02/03/2024,09/03/2024,1813.00,HB9YTX7,110 m² Villa ∙ 3 chambres ∙ 6 personnes,Crans-Montana - Valais
27/12/2023,09/03/2024,16/03/2024,1655.00,HB9YTX7,110 m² Villa ∙ 3 chambres ∙ 6 personnes,Crans-Montana - Valais
27/12/2023,16/03/2024,23/03/2024,1655.00,HB9YTX7,110 m² Villa ∙ 3 chambres ∙ 6 personnes,Crans-Montana - Valais
27/12/2023,06/04/2024,13/04/2024,1655.00,HB9YTX7,110 m² Villa ∙ 3 chambres ∙ 6 personnes,Crans-Montana - Valais
27/12/2023,13/04/2024,20/04/2024,1655.00,HB9YTX7,110 m² Villa ∙ 3 chambres ∙ 6 personnes,Crans-Montana - Valais
27/12/2023,20/04/2024,27/04/2024,1655.00,HB9YTX7,110 m² Villa ∙ 3 chambres ∙ 6 personnes,Crans-Montana - Valais
27/12/2023,18/05/2024,25/05/2024,1655.00,HB9YTX7,110 m² Villa ∙ 3 chambres ∙ 6 personnes,Crans-Montana - Valais
27/12/2023,25/05/2024,01/06/2024,1655.00,HB9YTX7,110 m² Villa ∙ 3 chambres ∙ 6 personnes,Crans-Montana - Valais
27/12/2023,30/03/2024,06/04/2024,1886.00,HCWLX6A,59 m² Appartement ∙ 1 chambre ∙ 5 personnes,Verbier - Bagnes - Valais
27/12/2023,06/04/2024,13/04/2024,1653.00,HCWLX6A,59 m² Appartement ∙ 1 chambre ∙ 5 personnes,Verbier - Bagnes - Valais
27/12/2023,13/04/2024,20/04/2024,1653.00,HCWLX6A,59 m² Appartement ∙ 1 chambre ∙ 5 personnes,Verbier - Bagnes - Valais
27/12/2023,20/04/2024,27/04/2024,1653.00,HCWLX6A,59 m² Appartement ∙ 1 chambre ∙ 5 personnes,Verbier - Bagnes - Valais
27/12/2023,27/04/2024,04/05/2024,1653.00,HCWLX6A,59 m² Appartement ∙ 1 chambre ∙ 5 personnes,Verbier - Bagnes - Valais
27/12/2023,04/05/2024,11/05/2024,1653.00,HCWLX6A,59 m² Appartement ∙ 1 chambre ∙ 5 personnes,Verbier - Bagnes - Valais
27/12/2023,11/05/2024,18/05/2024,1653.00,HCWLX6A,59 m² Appartement ∙ 1 chambre ∙ 5 personnes,Verbier - Bagnes - Valais
27/12/2023,18/05/2024,25/05/2024,1653.00,HCWLX6A,59 m² Appartement ∙ 1 chambre ∙ 5 personnes,Verbier - Bagnes - Valais
27/12/2023,25/05/2024,01/06/2024,1653.00,HCWLX6A,59 m² Appartement ∙ 1 chambre ∙ 5 personnes,Verbier - Bagnes - Valais
27/12/2023,13/01/2024,20/01/2024,1298.07,HSD9ZP3,59 m² Appartement ∙ 2 chambres ∙ 4 personnes,Saas Grund - Valais
27/12/2023,20/01/2024,27/01/2024,1357.33,HSD9ZP3,59 m² Appartement ∙ 2 chambres ∙ 4 personnes,Saas Grund - Valais
27/12/2023,27/01/2024,03/02/2024,1787.90,HSD9ZP3,59 m² Appartement ∙ 2 chambres ∙ 4 personnes,Saas Grund - Valais
27/12/2023,17/02/2024,24/02/2024,1787.90,HSD9ZP3,59 m² Appartement ∙ 2 chambres ∙ 4 personnes,Saas Grund - Valais
27/12/2023,24/02/2024,02/03/2024,1787.90,HSD9ZP3,59 m² Appartement ∙ 2 chambres ∙ 4 personnes,Saas Grund - Valais
27/12/2023,02/03/2024,09/03/2024,1645.09,HSD9ZP3,59 m² Appartement ∙ 2 chambres ∙ 4 personnes,Saas Grund - Valais
27/12/2023,09/03/2024,16/03/2024,1645.09,HSD9ZP3,59 m² Appartement ∙ 2 chambres ∙ 4 personnes,Saas Grund - Valais
27/12/2023,16/03/2024,23/03/2024,1645.09,HSD9ZP3,59 m² Appartement ∙ 2 chambres ∙ 4 personnes,Saas Grund - Valais
27/12/2023,23/03/2024,30/03/2024,1702.21,HSD9ZP3,59 m² Appartement ∙ 2 chambres ∙ 4 personnes,Saas Grund - Valais
27/12/2023,30/03/2024,06/04/2024,1673.65,HSD9ZP3,59 m² Appartement ∙ 2 chambres ∙ 4 personnes,Saas Grund - Valais
27/12/2023,06/04/2024,13/04/2024,1416.59,HSD9ZP3,59 m² Appartement ∙ 2 chambres ∙ 4 personnes,Saas Grund - Valais
27/12/2023,13/04/2024,20/04/2024,1416.59,HSD9ZP3,59 m² Appartement ∙ 2 chambres ∙ 4 personnes,Saas Grund - Valais
27/12/2023,20/04/2024,27/04/2024,1416.59,HSD9ZP3,59 m² Appartement ∙ 2 chambres ∙ 4 personnes,Saas Grund - Valais
27/12/2023,27/04/2024,04/05/2024,1479.42,HSD9ZP3,59 m² Appartement ∙ 2 chambres ∙ 4 personnes,Saas Grund - Valais
27/12/2023,04/05/2024,11/05/2024,1428.01,HSD9ZP3,59 m² Appartement ∙ 2 chambres ∙ 4 personnes,Saas Grund - Valais
27/12/2023,11/05/2024,18/05/2024,1428.01,HSD9ZP3,59 m² Appartement ∙ 2 chambres ∙ 4 personnes,Saas Grund - Valais
27/12/2023,18/05/2024,25/05/2024,1428.01,HSD9ZP3,59 m² Appartement ∙ 2 chambres ∙ 4 personnes,Saas Grund - Valais
27/12/2023,25/05/2024,01/06/2024,1428.01,HSD9ZP3,59 m² Appartement ∙ 2 chambres ∙ 4 personnes,Saas Grund - Valais
27/12/2023,30/12/2023,06/01/2024,2433.41,HPUS5ZJ,300 m² Maison de vacances ∙ 5 chambres ∙ 10 personnes,Vollèges - Valais
27/12/2023,06/01/2024,13/01/2024,2433.41,HPUS5ZJ,300 m² Maison de vacances ∙ 5 chambres ∙ 10 personnes,Vollèges - Valais
27/12/2023,13/01/2024,20/01/2024,2433.41,HPUS5ZJ,300 m² Maison de vacances ∙ 5 chambres ∙ 10 personnes,Vollèges - Valais
27/12/2023,20/01/2024,27/01/2024,2433.41,HPUS5ZJ,300 m² Maison de vacances ∙ 5 chambres ∙ 10 personnes,Vollèges - Valais
27/12/2023,27/01/2024,03/02/2024,2433.41,HPUS5ZJ,300 m² Maison de vacances ∙ 5 chambres ∙ 10 personnes,Vollèges - Valais
27/12/2023,03/02/2024,10/02/2024,2433.41,HPUS5ZJ,300 m² Maison de vacances ∙ 5 chambres ∙ 10 personnes,Vollèges - Valais
27/12/2023,10/02/2024,17/02/2024,2433.41,HPUS5ZJ,300 m² Maison de vacances ∙ 5 chambres ∙ 10 personnes,Vollèges - Valais
27/12/2023,17/02/2024,24/02/2024,2433.41,HPUS5ZJ,300 m² Maison de vacances ∙ 5 chambres ∙ 10 personnes,Vollèges - Valais
27/12/2023,24/02/2024,02/03/2024,2433.41,HPUS5ZJ,300 m² Maison de vacances ∙ 5 chambres ∙ 10 personnes,Vollèges - Valais
27/12/2023,02/03/2024,09/03/2024,2433.41,HPUS5ZJ,300 m² Maison de vacances ∙ 5 chambres ∙ 10 personnes,Vollèges - Valais
27/12/2023,09/03/2024,16/03/2024,2433.41,HPUS5ZJ,300 m² Maison de vacances ∙ 5 chambres ∙ 10 personnes,Vollèges - Valais
27/12/2023,16/03/2024,23/03/2024,2433.41,HPUS5ZJ,300 m² Maison de vacances ∙ 5 chambres ∙ 10 personnes,Vollèges - Valais
27/12/2023,23/03/2024,30/03/2024,2433.41,HPUS5ZJ,300 m² Maison de vacances ∙ 5 chambres ∙ 10 personnes,Vollèges - Valais
27/12/2023,30/03/2024,06/04/2024,2433.41,HPUS5ZJ,300 m² Maison de vacances ∙ 5 chambres ∙ 10 personnes,Vollèges - Valais
27/12/2023,06/04/2024,13/04/2024,2433.41,HPUS5ZJ,300 m² Maison de vacances ∙ 5 chambres ∙ 10 personnes,Vollèges - Valais
27/12/2023,13/04/2024,20/04/2024,2598.91,HPUS5ZJ,300 m² Maison de vacances ∙ 5 chambres ∙ 10 personnes,Vollèges - Valais
27/12/2023,06/01/2024,13/01/2024,1753.40,HTY3BU9,155 m² Chalet ∙ 5 chambres ∙ 10 personnes,Riddes - Valais
27/12/2023,06/04/2024,13/04/2024,1616.97,HTY3BU9,155 m² Chalet ∙ 5 chambres ∙ 10 personnes,Riddes - Valais
27/12/2023,13/04/2024,20/04/2024,1581.68,HTY3BU9,155 m² Chalet ∙ 5 chambres ∙ 10 personnes,Riddes - Valais
27/12/2023,20/04/2024,27/04/2024,1558.11,HTY3BU9,155 m² Chalet ∙ 5 chambres ∙ 10 personnes,Riddes - Valais
27/12/2023,27/04/2024,04/05/2024,1353.60,HTY3BU9,155 m² Chalet ∙ 5 chambres ∙ 10 personnes,Riddes - Valais
27/12/2023,04/05/2024,11/05/2024,1353.60,HTY3BU9,155 m² Chalet ∙ 5 chambres ∙ 10 personnes,Riddes - Valais
27/12/2023,11/05/2024,18/05/2024,1353.60,HTY3BU9,155 m² Chalet ∙ 5 chambres ∙ 10 personnes,Riddes - Valais
27/12/2023,18/05/2024,25/05/2024,1353.60,HTY3BU9,155 m² Chalet ∙ 5 chambres ∙ 10 personnes,Riddes - Valais
27/12/2023,25/05/2024,01/06/2024,1353.60,HTY3BU9,155 m² Chalet ∙ 5 chambres ∙ 10 personnes,Riddes - Valais
27/12/2023,20/01/2024,27/01/2024,1070.00,H34UGT5,80 m² Appartement ∙ 3 chambres ∙ 6 personnes,Bellwald - Valais
27/12/2023,16/03/2024,23/03/2024,1080.00,H34UGT5,80 m² Appartement ∙ 3 chambres ∙ 6 personnes,Bellwald - Valais
27/12/2023,23/03/2024,30/03/2024,1080.00,H34UGT5,80 m² Appartement ∙ 3 chambres ∙ 6 personnes,Bellwald - Valais
27/12/2023,30/03/2024,06/04/2024,1100.00,H34UGT5,80 m² Appartement ∙ 3 chambres ∙ 6 personnes,Bellwald - Valais
27/12/2023,06/04/2024,13/04/2024,1220.00,H34UGT5,80 m² Appartement ∙ 3 chambres ∙ 6 personnes,Bellwald - Valais
27/12/2023,13/04/2024,20/04/2024,1000.00,H34UGT5,80 m² Appartement ∙ 3 chambres ∙ 6 personnes,Bellwald - Valais
27/12/2023,20/04/2024,27/04/2024,1220.00,H34UGT5,80 m² Appartement ∙ 3 chambres ∙ 6 personnes,Bellwald - Valais
27/12/2023,27/04/2024,04/05/2024,1220.00,H34UGT5,80 m² Appartement ∙ 3 chambres ∙ 6 personnes,Bellwald - Valais
27/12/2023,04/05/2024,11/05/2024,1220.00,H34UGT5,80 m² Appartement ∙ 3 chambres ∙ 6 personnes,Bellwald - Valais
27/12/2023,11/05/2024,18/05/2024,1170.00,H34UGT5,80 m² Appartement ∙ 3 chambres ∙ 6 personnes,Bellwald - Valais
27/12/2023,18/05/2024,25/05/2024,910.00,H34UGT5,80 m² Appartement ∙ 3 chambres ∙ 6 personnes,Bellwald - Valais
27/12/2023,25/05/2024,01/06/2024,985.00,H34UGT5,80 m² Appartement ∙ 3 chambres ∙ 6 personnes,Bellwald - Valais
27/12/2023,03/02/2024,10/02/2024,1644.34,HD4UEX0,Appartement ∙ 1 chambre ∙ 6 personnes,Val-d'Illiez - Valais
27/12/2023,06/04/2024,13/04/2024,1162.70,HD4UEX0,Appartement ∙ 1 chambre ∙ 6 personnes,Val-d'Illiez - Valais
27/12/2023,13/04/2024,20/04/2024,1162.70,HD4UEX0,Appartement ∙ 1 chambre ∙ 6 personnes,Val-d'Illiez - Valais
27/12/2023,20/04/2024,27/04/2024,755.29,HD4UEX0,Appartement ∙ 1 chambre ∙ 6 personnes,Val-d'Illiez - Valais
27/12/2023,27/04/2024,04/05/2024,621.18,HD4UEX0,Appartement ∙ 1 chambre ∙ 6 personnes,Val-d'Illiez - Valais
27/12/2023,04/05/2024,11/05/2024,621.18,HD4UEX0,Appartement ∙ 1 chambre ∙ 6 personnes,Val-d'Illiez - Valais
27/12/2023,11/05/2024,18/05/2024,621.18,HD4UEX0,Appartement ∙ 1 chambre ∙ 6 personnes,Val-d'Illiez - Valais
27/12/2023,18/05/2024,25/05/2024,621.18,HD4UEX0,Appartement ∙ 1 chambre ∙ 6 personnes,Val-d'Illiez - Valais
27/12/2023,25/05/2024,01/06/2024,630.63,HD4UEX0,Appartement ∙ 1 chambre ∙ 6 personnes,Val-d'Illiez - Valais
27/12/2023,06/01/2024,13/01/2024,1029.13,HEAU5RP,60 m² Appartement ∙ 1 chambre ∙ 4 personnes,Loèche-les-Bains - Valais
27/12/2023,13/01/2024,20/01/2024,1029.13,HEAU5RP,60 m² Appartement ∙ 1 chambre ∙ 4 personnes,Loèche-les-Bains - Valais
27/12/2023,20/01/2024,27/01/2024,1029.13,HEAU5RP,60 m² Appartement ∙ 1 chambre ∙ 4 personnes,Loèche-les-Bains - Valais
27/12/2023,24/02/2024,02/03/2024,1029.13,HEAU5RP,60 m² Appartement ∙ 1 chambre ∙ 4 personnes,Loèche-les-Bains - Valais
27/12/2023,09/03/2024,16/03/2024,1029.13,HEAU5RP,60 m² Appartement ∙ 1 chambre ∙ 4 personnes,Loèche-les-Bains - Valais
27/12/2023,16/03/2024,23/03/2024,1029.13,HEAU5RP,60 m² Appartement ∙ 1 chambre ∙ 4 personnes,Loèche-les-Bains - Valais
27/12/2023,23/03/2024,30/03/2024,1029.13,HEAU5RP,60 m² Appartement ∙ 1 chambre ∙ 4 personnes,Loèche-les-Bains - Valais
27/12/2023,30/03/2024,06/04/2024,1029.13,HEAU5RP,60 m² Appartement ∙ 1 chambre ∙ 4 personnes,Loèche-les-Bains - Valais
27/12/2023,06/04/2024,13/04/2024,1029.13,HEAU5RP,60 m² Appartement ∙ 1 chambre ∙ 4 personnes,Loèche-les-Bains - Valais
27/12/2023,13/04/2024,20/04/2024,936.30,HEAU5RP,60 m² Appartement ∙ 1 chambre ∙ 4 personnes,Loèche-les-Bains - Valais
27/12/2023,20/04/2024,27/04/2024,936.30,HEAU5RP,60 m² Appartement ∙ 1 chambre ∙ 4 personnes,Loèche-les-Bains - Valais
27/12/2023,27/04/2024,04/05/2024,896.91,HEAU5RP,60 m² Appartement ∙ 1 chambre ∙ 4 personnes,Loèche-les-Bains - Valais
27/12/2023,04/05/2024,11/05/2024,896.91,HEAU5RP,60 m² Appartement ∙ 1 chambre ∙ 4 personnes,Loèche-les-Bains - Valais
27/12/2023,11/05/2024,18/05/2024,896.91,HEAU5RP,60 m² Appartement ∙ 1 chambre ∙ 4 personnes,Loèche-les-Bains - Valais
27/12/2023,18/05/2024,25/05/2024,896.91,HEAU5RP,60 m² Appartement ∙ 1 chambre ∙ 4 personnes,Loèche-les-Bains - Valais
27/12/2023,25/05/2024,01/06/2024,896.91,HEAU5RP,60 m² Appartement ∙ 1 chambre ∙ 4 personnes,Loèche-les-Bains - Valais
27/12/2023,27/04/2024,04/05/2024,1025.31,H5GYK72,35 m² Studio ∙ 2 personnes,Zermatt - Valais
27/12/2023,11/05/2024,18/05/2024,1280.72,H5GYK72,35 m² Studio ∙ 2 personnes,Zermatt - Valais
27/12/2023,18/05/2024,25/05/2024,1348.25,H5GYK72,35 m² Studio ∙ 2 personnes,Zermatt - Valais
27/12/2023,25/05/2024,01/06/2024,1304.05,H5GYK72,35 m² Studio ∙ 2 personnes,Zermatt - Valais
27/12/2023,02/03/2024,09/03/2024,1180.93,HAS7FXM,35 m² Appartement ∙ 1 chambre ∙ 2 personnes,Saas Fee - Valais
27/12/2023,16/03/2024,23/03/2024,1190.54,HAS7FXM,35 m² Appartement ∙ 1 chambre ∙ 2 personnes,Saas Fee - Valais
27/12/2023,06/04/2024,13/04/2024,1129.69,HAS7FXM,35 m² Appartement ∙ 1 chambre ∙ 2 personnes,Saas Fee - Valais
27/12/2023,13/04/2024,20/04/2024,852.07,HAS7FXM,35 m² Appartement ∙ 1 chambre ∙ 2 personnes,Saas Fee - Valais
27/12/2023,13/01/2024,20/01/2024,1280.49,HZTN8WG,105 m² Maison de vacances ∙ 2 chambres ∙ 7 personnes,Riddes - Valais
27/12/2023,20/01/2024,27/01/2024,1280.49,HZTN8WG,105 m² Maison de vacances ∙ 2 chambres ∙ 7 personnes,Riddes - Valais
27/12/2023,27/01/2024,03/02/2024,1280.39,HZTN8WG,105 m² Maison de vacances ∙ 2 chambres ∙ 7 personnes,Riddes - Valais
27/12/2023,03/02/2024,10/02/2024,1827.62,HZTN8WG,105 m² Maison de vacances ∙ 2 chambres ∙ 7 personnes,Riddes - Valais
27/12/2023,10/02/2024,17/02/2024,3725.42,HZTN8WG,105 m² Maison de vacances ∙ 2 chambres ∙ 7 personnes,Riddes - Valais
27/12/2023,17/02/2024,24/02/2024,3725.42,HZTN8WG,105 m² Maison de vacances ∙ 2 chambres ∙ 7 personnes,Riddes - Valais
27/12/2023,24/02/2024,02/03/2024,2491.07,HZTN8WG,105 m² Maison de vacances ∙ 2 chambres ∙ 7 personnes,Riddes - Valais
27/12/2023,02/03/2024,09/03/2024,1827.53,HZTN8WG,105 m² Maison de vacances ∙ 2 chambres ∙ 7 personnes,Riddes - Valais
27/12/2023,16/03/2024,23/03/2024,1280.49,HZTN8WG,105 m² Maison de vacances ∙ 2 chambres ∙ 7 personnes,Riddes - Valais
27/12/2023,06/04/2024,13/04/2024,1280.49,HZTN8WG,105 m² Maison de vacances ∙ 2 chambres ∙ 7 personnes,Riddes - Valais
27/12/2023,13/04/2024,20/04/2024,1280.49,HZTN8WG,105 m² Maison de vacances ∙ 2 chambres ∙ 7 personnes,Riddes - Valais
27/12/2023,20/04/2024,27/04/2024,1280.49,HZTN8WG,105 m² Maison de vacances ∙ 2 chambres ∙ 7 personnes,Riddes - Valais
27/12/2023,27/04/2024,04/05/2024,1280.49,HZTN8WG,105 m² Maison de vacances ∙ 2 chambres ∙ 7 personnes,Riddes - Valais
27/12/2023,04/05/2024,11/05/2024,1280.49,HZTN8WG,105 m² Maison de vacances ∙ 2 chambres ∙ 7 personnes,Riddes - Valais
27/12/2023,11/05/2024,18/05/2024,1280.49,HZTN8WG,105 m² Maison de vacances ∙ 2 chambres ∙ 7 personnes,Riddes - Valais
27/12/2023,18/05/2024,25/05/2024,1280.49,HZTN8WG,105 m² Maison de vacances ∙ 2 chambres ∙ 7 personnes,Riddes - Valais
27/12/2023,25/05/2024,01/06/2024,1280.49,HZTN8WG,105 m² Maison de vacances ∙ 2 chambres ∙ 7 personnes,Riddes - Valais
27/12/2023,06/01/2024,13/01/2024,1199.62,HMUT6ZG,45 m² Appartement ∙ 1 chambre ∙ 4 personnes,Saas Fee - Valais
27/12/2023,13/01/2024,20/01/2024,1199.62,HMUT6ZG,45 m² Appartement ∙ 1 chambre ∙ 4 personnes,Saas Fee - Valais
27/12/2023,20/01/2024,27/01/2024,1199.62,HMUT6ZG,45 m² Appartement ∙ 1 chambre ∙ 4 personnes,Saas Fee - Valais
27/12/2023,27/01/2024,03/02/2024,1199.62,HMUT6ZG,45 m² Appartement ∙ 1 chambre ∙ 4 personnes,Saas Fee - Valais
27/12/2023,24/02/2024,02/03/2024,1359.57,HMUT6ZG,45 m² Appartement ∙ 1 chambre ∙ 4 personnes,Saas Fee - Valais
27/12/2023,06/04/2024,13/04/2024,1279.59,HMUT6ZG,45 m² Appartement ∙ 1 chambre ∙ 4 personnes,Saas Fee - Valais
27/12/2023,13/04/2024,20/04/2024,1279.59,HMUT6ZG,45 m² Appartement ∙ 1 chambre ∙ 4 personnes,Saas Fee - Valais
27/12/2023,06/01/2024,13/01/2024,638.00,HJ693CP,35 m² Appartement ∙ 1 chambre ∙ 3 personnes,Crans-Montana - Valais
27/12/2023,27/01/2024,03/02/2024,891.00,HJ693CP,35 m² Appartement ∙ 1 chambre ∙ 3 personnes,Crans-Montana - Valais
27/12/2023,03/02/2024,10/02/2024,925.00,HJ693CP,35 m² Appartement ∙ 1 chambre ∙ 3 personnes,Crans-Montana - Valais
27/12/2023,24/02/2024,02/03/2024,925.00,HJ693CP,35 m² Appartement ∙ 1 chambre ∙ 3 personnes,Crans-Montana - Valais
27/12/2023,16/03/2024,23/03/2024,666.00,HJ693CP,35 m² Appartement ∙ 1 chambre ∙ 3 personnes,Crans-Montana - Valais
27/12/2023,30/03/2024,06/04/2024,821.00,HJ693CP,35 m² Appartement ∙ 1 chambre ∙ 3 personnes,Crans-Montana - Valais
27/12/2023,06/04/2024,13/04/2024,666.00,HJ693CP,35 m² Appartement ∙ 1 chambre ∙ 3 personnes,Crans-Montana - Valais
27/12/2023,13/04/2024,20/04/2024,666.00,HJ693CP,35 m² Appartement ∙ 1 chambre ∙ 3 personnes,Crans-Montana - Valais
27/12/2023,20/04/2024,27/04/2024,666.00,HJ693CP,35 m² Appartement ∙ 1 chambre ∙ 3 personnes,Crans-Montana - Valais
27/12/2023,27/04/2024,04/05/2024,666.00,HJ693CP,35 m² Appartement ∙ 1 chambre ∙ 3 personnes,Crans-Montana - Valais
27/12/2023,04/05/2024,11/05/2024,666.00,HJ693CP,35 m² Appartement ∙ 1 chambre ∙ 3 personnes,Crans-Montana - Valais
27/12/2023,11/05/2024,18/05/2024,666.00,HJ693CP,35 m² Appartement ∙ 1 chambre ∙ 3 personnes,Crans-Montana - Valais
27/12/2023,18/05/2024,25/05/2024,666.00,HJ693CP,35 m² Appartement ∙ 1 chambre ∙ 3 personnes,Crans-Montana - Valais
27/12/2023,25/05/2024,01/06/2024,666.00,HJ693CP,35 m² Appartement ∙ 1 chambre ∙ 3 personnes,Crans-Montana - Valais
27/12/2023,24/02/2024,02/03/2024,934.78,H8BNLUF,Appartement ∙ 1 chambre ∙ 4 personnes,Grächen - Valais
27/12/2023,02/03/2024,09/03/2024,934.78,H8BNLUF,Appartement ∙ 1 chambre ∙ 4 personnes,Grächen - Valais
27/12/2023,09/03/2024,16/03/2024,934.78,H8BNLUF,Appartement ∙ 1 chambre ∙ 4 personnes,Grächen - Valais
27/12/2023,16/03/2024,23/03/2024,934.78,H8BNLUF,Appartement ∙ 1 chambre ∙ 4 personnes,Grächen - Valais
27/12/2023,23/03/2024,30/03/2024,934.78,H8BNLUF,Appartement ∙ 1 chambre ∙ 4 personnes,Grächen - Valais
27/12/2023,30/03/2024,06/04/2024,934.78,H8BNLUF,Appartement ∙ 1 chambre ∙ 4 personnes,Grächen - Valais
27/12/2023,06/04/2024,13/04/2024,934.78,H8BNLUF,Appartement ∙ 1 chambre ∙ 4 personnes,Grächen - Valais
27/12/2023,13/04/2024,20/04/2024,934.78,H8BNLUF,Appartement ∙ 1 chambre ∙ 4 personnes,Grächen - Valais
27/12/2023,20/04/2024,27/04/2024,934.78,H8BNLUF,Appartement ∙ 1 chambre ∙ 4 personnes,Grächen - Valais
27/12/2023,06/01/2024,13/01/2024,847.39,HTC7ZBA,60 m² Appartement ∙ 2 chambres ∙ 6 personnes,Riddes - Valais
27/12/2023,20/01/2024,27/01/2024,847.39,HTC7ZBA,60 m² Appartement ∙ 2 chambres ∙ 6 personnes,Riddes - Valais
27/12/2023,09/03/2024,16/03/2024,847.39,HTC7ZBA,60 m² Appartement ∙ 2 chambres ∙ 6 personnes,Riddes - Valais
27/12/2023,16/03/2024,23/03/2024,847.39,HTC7ZBA,60 m² Appartement ∙ 2 chambres ∙ 6 personnes,Riddes - Valais
27/12/2023,23/03/2024,30/03/2024,847.39,HTC7ZBA,60 m² Appartement ∙ 2 chambres ∙ 6 personnes,Riddes - Valais
27/12/2023,30/03/2024,06/04/2024,847.39,HTC7ZBA,60 m² Appartement ∙ 2 chambres ∙ 6 personnes,Riddes - Valais
27/12/2023,06/04/2024,13/04/2024,847.39,HTC7ZBA,60 m² Appartement ∙ 2 chambres ∙ 6 personnes,Riddes - Valais
27/12/2023,13/04/2024,20/04/2024,847.39,HTC7ZBA,60 m² Appartement ∙ 2 chambres ∙ 6 personnes,Riddes - Valais
27/12/2023,20/04/2024,27/04/2024,847.39,HTC7ZBA,60 m² Appartement ∙ 2 chambres ∙ 6 personnes,Riddes - Valais
27/12/2023,27/04/2024,04/05/2024,847.39,HTC7ZBA,60 m² Appartement ∙ 2 chambres ∙ 6 personnes,Riddes - Valais
27/12/2023,04/05/2024,11/05/2024,847.39,HTC7ZBA,60 m² Appartement ∙ 2 chambres ∙ 6 personnes,Riddes - Valais
27/12/2023,11/05/2024,18/05/2024,847.39,HTC7ZBA,60 m² Appartement ∙ 2 chambres ∙ 6 personnes,Riddes - Valais
27/12/2023,18/05/2024,25/05/2024,847.39,HTC7ZBA,60 m² Appartement ∙ 2 chambres ∙ 6 personnes,Riddes - Valais
27/12/2023,25/05/2024,01/06/2024,847.39,HTC7ZBA,60 m² Appartement ∙ 2 chambres ∙ 6 personnes,Riddes - Valais
27/12/2023,30/12/2023,06/01/2024,1213.82,H2C9GEV,50 m² Appartement ∙ 1 chambre ∙ 4 personnes,Bellwald - Valais
27/12/2023,20/01/2024,27/01/2024,1213.82,H2C9GEV,50 m² Appartement ∙ 1 chambre ∙ 4 personnes,Bellwald - Valais
27/12/2023,09/03/2024,16/03/2024,1213.82,H2C9GEV,50 m² Appartement ∙ 1 chambre ∙ 4 personnes,Bellwald - Valais
27/12/2023,16/03/2024,23/03/2024,1213.82,H2C9GEV,50 m² Appartement ∙ 1 chambre ∙ 4 personnes,Bellwald - Valais
27/12/2023,23/03/2024,30/03/2024,1213.82,H2C9GEV,50 m² Appartement ∙ 1 chambre ∙ 4 personnes,Bellwald - Valais
27/12/2023,30/03/2024,06/04/2024,1213.82,H2C9GEV,50 m² Appartement ∙ 1 chambre ∙ 4 personnes,Bellwald - Valais
27/12/2023,13/04/2024,20/04/2024,1213.82,H2C9GEV,50 m² Appartement ∙ 1 chambre ∙ 4 personnes,Bellwald - Valais
27/12/2023,20/04/2024,27/04/2024,1213.82,H2C9GEV,50 m² Appartement ∙ 1 chambre ∙ 4 personnes,Bellwald - Valais
27/12/2023,27/04/2024,04/05/2024,1213.82,H2C9GEV,50 m² Appartement ∙ 1 chambre ∙ 4 personnes,Bellwald - Valais
27/12/2023,04/05/2024,11/05/2024,1213.82,H2C9GEV,50 m² Appartement ∙ 1 chambre ∙ 4 personnes,Bellwald - Valais
27/12/2023,18/05/2024,25/05/2024,1213.82,H2C9GEV,50 m² Appartement ∙ 1 chambre ∙ 4 personnes,Bellwald - Valais
27/12/2023,25/05/2024,01/06/2024,1213.82,H2C9GEV,50 m² Appartement ∙ 1 chambre ∙ 4 personnes,Bellwald - Valais
27/12/2023,09/03/2024,16/03/2024,602.00,H0FYEVR,26 m² Appartement ∙ 1 chambre ∙ 2 personnes,Crans-Montana - Valais
27/12/2023,16/03/2024,23/03/2024,602.00,H0FYEVR,26 m² Appartement ∙ 1 chambre ∙ 2 personnes,Crans-Montana - Valais
27/12/2023,23/03/2024,30/03/2024,740.00,H0FYEVR,26 m² Appartement ∙ 1 chambre ∙ 2 personnes,Crans-Montana - Valais
27/12/2023,13/04/2024,20/04/2024,602.00,H0FYEVR,26 m² Appartement ∙ 1 chambre ∙ 2 personnes,Crans-Montana - Valais
27/12/2023,20/04/2024,27/04/2024,602.00,H0FYEVR,26 m² Appartement ∙ 1 chambre ∙ 2 personnes,Crans-Montana - Valais
27/12/2023,27/04/2024,04/05/2024,602.00,H0FYEVR,26 m² Appartement ∙ 1 chambre ∙ 2 personnes,Crans-Montana - Valais
27/12/2023,04/05/2024,11/05/2024,602.00,H0FYEVR,26 m² Appartement ∙ 1 chambre ∙ 2 personnes,Crans-Montana - Valais
27/12/2023,11/05/2024,18/05/2024,602.00,H0FYEVR,26 m² Appartement ∙ 1 chambre ∙ 2 personnes,Crans-Montana - Valais
27/12/2023,18/05/2024,25/05/2024,602.00,H0FYEVR,26 m² Appartement ∙ 1 chambre ∙ 2 personnes,Crans-Montana - Valais
27/12/2023,25/05/2024,01/06/2024,602.00,H0FYEVR,26 m² Appartement ∙ 1 chambre ∙ 2 personnes,Crans-Montana - Valais
27/12/2023,30/12/2023,06/01/2024,1219.80,H756JLW,60 m² Appartement ∙ 2 chambres ∙ 4 personnes,Saas-Almagell - Valais
27/12/2023,06/01/2024,13/01/2024,609.90,H756JLW,60 m² Appartement ∙ 2 chambres ∙ 4 personnes,Saas-Almagell - Valais
27/12/2023,24/02/2024,02/03/2024,686.13,H756JLW,60 m² Appartement ∙ 2 chambres ∙ 4 personnes,Saas-Almagell - Valais
27/12/2023,02/03/2024,09/03/2024,609.90,H756JLW,60 m² Appartement ∙ 2 chambres ∙ 4 personnes,Saas-Almagell - Valais
27/12/2023,16/03/2024,23/03/2024,609.90,H756JLW,60 m² Appartement ∙ 2 chambres ∙ 4 personnes,Saas-Almagell - Valais
27/12/2023,23/03/2024,30/03/2024,609.90,H756JLW,60 m² Appartement ∙ 2 chambres ∙ 4 personnes,Saas-Almagell - Valais
27/12/2023,30/03/2024,06/04/2024,609.90,H756JLW,60 m² Appartement ∙ 2 chambres ∙ 4 personnes,Saas-Almagell - Valais
27/12/2023,06/01/2024,13/01/2024,703.00,HN25CRT,37 m² Maison de vacances ∙ 1 chambre ∙ 4 personnes,Chalais - Valais
27/12/2023,13/01/2024,20/01/2024,703.00,HN25CRT,37 m² Maison de vacances ∙ 1 chambre ∙ 4 personnes,Chalais - Valais
27/12/2023,20/01/2024,27/01/2024,797.00,HN25CRT,37 m² Maison de vacances ∙ 1 chambre ∙ 4 personnes,Chalais - Valais
27/12/2023,03/02/2024,10/02/2024,1644.00,HN25CRT,37 m² Maison de vacances ∙ 1 chambre ∙ 4 personnes,Chalais - Valais
27/12/2023,17/02/2024,24/02/2024,1943.00,HN25CRT,37 m² Maison de vacances ∙ 1 chambre ∙ 4 personnes,Chalais - Valais
27/12/2023,24/02/2024,02/03/2024,1630.00,HN25CRT,37 m² Maison de vacances ∙ 1 chambre ∙ 4 personnes,Chalais - Valais
27/12/2023,02/03/2024,09/03/2024,1407.00,HN25CRT,37 m² Maison de vacances ∙ 1 chambre ∙ 4 personnes,Chalais - Valais
27/12/2023,09/03/2024,16/03/2024,1109.00,HN25CRT,37 m² Maison de vacances ∙ 1 chambre ∙ 4 personnes,Chalais - Valais
27/12/2023,16/03/2024,23/03/2024,988.00,HN25CRT,37 m² Maison de vacances ∙ 1 chambre ∙ 4 personnes,Chalais - Valais
27/12/2023,23/03/2024,30/03/2024,988.00,HN25CRT,37 m² Maison de vacances ∙ 1 chambre ∙ 4 personnes,Chalais - Valais
27/12/2023,30/03/2024,06/04/2024,1407.00,HN25CRT,37 m² Maison de vacances ∙ 1 chambre ∙ 4 personnes,Chalais - Valais
27/12/2023,06/04/2024,13/04/2024,949.00,HN25CRT,37 m² Maison de vacances ∙ 1 chambre ∙ 4 personnes,Chalais - Valais
27/12/2023,13/04/2024,20/04/2024,1109.00,HN25CRT,37 m² Maison de vacances ∙ 1 chambre ∙ 4 personnes,Chalais - Valais
27/12/2023,20/01/2024,27/01/2024,1617.00,HCUG7Z4,84 m² Villa ∙ 3 chambres ∙ 6 personnes,Nendaz - Valais
27/12/2023,27/01/2024,03/02/2024,1824.00,HCUG7Z4,84 m² Villa ∙ 3 chambres ∙ 6 personnes,Nendaz - Valais
27/12/2023,03/02/2024,10/02/2024,1995.00,HCUG7Z4,84 m² Villa ∙ 3 chambres ∙ 6 personnes,Nendaz - Valais
27/12/2023,24/02/2024,02/03/2024,2239.00,HCUG7Z4,84 m² Villa ∙ 3 chambres ∙ 6 personnes,Nendaz - Valais
27/12/2023,02/03/2024,09/03/2024,1617.00,HCUG7Z4,84 m² Villa ∙ 3 chambres ∙ 6 personnes,Nendaz - Valais
27/12/2023,09/03/2024,16/03/2024,1289.00,HCUG7Z4,84 m² Villa ∙ 3 chambres ∙ 6 personnes,Nendaz - Valais
27/12/2023,16/03/2024,23/03/2024,1289.00,HCUG7Z4,84 m² Villa ∙ 3 chambres ∙ 6 personnes,Nendaz - Valais
27/12/2023,06/04/2024,13/04/2024,1289.00,HCUG7Z4,84 m² Villa ∙ 3 chambres ∙ 6 personnes,Nendaz - Valais
27/12/2023,13/04/2024,20/04/2024,1289.00,HCUG7Z4,84 m² Villa ∙ 3 chambres ∙ 6 personnes,Nendaz - Valais
27/12/2023,20/04/2024,27/04/2024,1289.00,HCUG7Z4,84 m² Villa ∙ 3 chambres ∙ 6 personnes,Nendaz - Valais
27/12/2023,27/04/2024,04/05/2024,1289.00,HCUG7Z4,84 m² Villa ∙ 3 chambres ∙ 6 personnes,Nendaz - Valais
27/12/2023,04/05/2024,11/05/2024,1289.00,HCUG7Z4,84 m² Villa ∙ 3 chambres ∙ 6 personnes,Nendaz - Valais
27/12/2023,11/05/2024,18/05/2024,1289.00,HCUG7Z4,84 m² Villa ∙ 3 chambres ∙ 6 personnes,Nendaz - Valais
27/12/2023,18/05/2024,25/05/2024,1289.00,HCUG7Z4,84 m² Villa ∙ 3 chambres ∙ 6 personnes,Nendaz - Valais
27/12/2023,25/05/2024,01/06/2024,1289.00,HCUG7Z4,84 m² Villa ∙ 3 chambres ∙ 6 personnes,Nendaz - Valais
27/12/2023,13/01/2024,20/01/2024,1309.37,HYS96AC,76 m² Appartement ∙ 3 chambres ∙ 6 personnes,Crans-Montana - Valais
27/12/2023,20/01/2024,27/01/2024,1316.83,HYS96AC,76 m² Appartement ∙ 3 chambres ∙ 6 personnes,Crans-Montana - Valais
27/12/2023,02/03/2024,09/03/2024,1424.10,HYS96AC,76 m² Appartement ∙ 3 chambres ∙ 6 personnes,Crans-Montana - Valais
27/12/2023,09/03/2024,16/03/2024,1323.16,HYS96AC,76 m² Appartement ∙ 3 chambres ∙ 6 personnes,Crans-Montana - Valais
27/12/2023,16/03/2024,23/03/2024,1290.30,HYS96AC,76 m² Appartement ∙ 3 chambres ∙ 6 personnes,Crans-Montana - Valais
27/12/2023,23/03/2024,30/03/2024,1070.62,HYS96AC,76 m² Appartement ∙ 3 chambres ∙ 6 personnes,Crans-Montana - Valais
27/12/2023,30/03/2024,06/04/2024,1085.60,HYS96AC,76 m² Appartement ∙ 3 chambres ∙ 6 personnes,Crans-Montana - Valais
27/12/2023,06/04/2024,13/04/2024,1054.62,HYS96AC,76 m² Appartement ∙ 3 chambres ∙ 6 personnes,Crans-Montana - Valais
27/12/2023,13/04/2024,20/04/2024,1054.62,HYS96AC,76 m² Appartement ∙ 3 chambres ∙ 6 personnes,Crans-Montana - Valais
27/12/2023,20/04/2024,27/04/2024,964.66,HYS96AC,76 m² Appartement ∙ 3 chambres ∙ 6 personnes,Crans-Montana - Valais
27/12/2023,27/04/2024,04/05/2024,922.53,HYS96AC,76 m² Appartement ∙ 3 chambres ∙ 6 personnes,Crans-Montana - Valais
27/12/2023,04/05/2024,11/05/2024,845.93,HYS96AC,76 m² Appartement ∙ 3 chambres ∙ 6 personnes,Crans-Montana - Valais
27/12/2023,11/05/2024,18/05/2024,845.93,HYS96AC,76 m² Appartement ∙ 3 chambres ∙ 6 personnes,Crans-Montana - Valais
27/12/2023,18/05/2024,25/05/2024,855.38,HYS96AC,76 m² Appartement ∙ 3 chambres ∙ 6 personnes,Crans-Montana - Valais
27/12/2023,25/05/2024,01/06/2024,872.30,HYS96AC,76 m² Appartement ∙ 3 chambres ∙ 6 personnes,Crans-Montana - Valais
27/12/2023,06/01/2024,13/01/2024,1801.62,HSDZNA1,68 m² Appartement ∙ 2 chambres ∙ 4 personnes,Saas Fee - Valais
27/12/2023,13/01/2024,20/01/2024,1801.62,HSDZNA1,68 m² Appartement ∙ 2 chambres ∙ 4 personnes,Saas Fee - Valais
27/12/2023,20/01/2024,27/01/2024,1801.62,HSDZNA1,68 m² Appartement ∙ 2 chambres ∙ 4 personnes,Saas Fee - Valais
27/12/2023,27/01/2024,03/02/2024,1801.62,HSDZNA1,68 m² Appartement ∙ 2 chambres ∙ 4 personnes,Saas Fee - Valais
27/12/2023,09/03/2024,16/03/2024,1801.62,HSDZNA1,68 m² Appartement ∙ 2 chambres ∙ 4 personnes,Saas Fee - Valais
27/12/2023,16/03/2024,23/03/2024,1801.62,HSDZNA1,68 m² Appartement ∙ 2 chambres ∙ 4 personnes,Saas Fee - Valais
27/12/2023,23/03/2024,30/03/2024,1801.62,HSDZNA1,68 m² Appartement ∙ 2 chambres ∙ 4 personnes,Saas Fee - Valais
27/12/2023,30/03/2024,06/04/2024,1801.62,HSDZNA1,68 m² Appartement ∙ 2 chambres ∙ 4 personnes,Saas Fee - Valais
27/12/2023,06/04/2024,13/04/2024,1801.62,HSDZNA1,68 m² Appartement ∙ 2 chambres ∙ 4 personnes,Saas Fee - Valais
27/12/2023,13/04/2024,20/04/2024,1801.62,HSDZNA1,68 m² Appartement ∙ 2 chambres ∙ 4 personnes,Saas Fee - Valais
27/12/2023,20/04/2024,27/04/2024,1801.62,HSDZNA1,68 m² Appartement ∙ 2 chambres ∙ 4 personnes,Saas Fee - Valais
27/12/2023,27/04/2024,04/05/2024,1668.15,HSDZNA1,68 m² Appartement ∙ 2 chambres ∙ 4 personnes,Saas Fee - Valais
27/12/2023,04/05/2024,11/05/2024,1668.15,HSDZNA1,68 m² Appartement ∙ 2 chambres ∙ 4 personnes,Saas Fee - Valais
27/12/2023,11/05/2024,18/05/2024,1668.15,HSDZNA1,68 m² Appartement ∙ 2 chambres ∙ 4 personnes,Saas Fee - Valais
27/12/2023,18/05/2024,25/05/2024,1668.15,HSDZNA1,68 m² Appartement ∙ 2 chambres ∙ 4 personnes,Saas Fee - Valais
27/12/2023,25/05/2024,01/06/2024,1668.15,HSDZNA1,68 m² Appartement ∙ 2 chambres ∙ 4 personnes,Saas Fee - Valais
27/12/2023,06/01/2024,13/01/2024,590.31,HY2S46H,63 m² Appartement ∙ 2 chambres ∙ 8 personnes,Nendaz - Valais
27/12/2023,03/02/2024,10/02/2024,1711.04,HY2S46H,63 m² Appartement ∙ 2 chambres ∙ 8 personnes,Nendaz - Valais
27/12/2023,24/02/2024,02/03/2024,1539.94,HY2S46H,63 m² Appartement ∙ 2 chambres ∙ 8 personnes,Nendaz - Valais
27/12/2023,02/03/2024,09/03/2024,1390.22,HY2S46H,63 m² Appartement ∙ 2 chambres ∙ 8 personnes,Nendaz - Valais
27/12/2023,23/03/2024,30/03/2024,962.46,HY2S46H,63 m² Appartement ∙ 2 chambres ∙ 8 personnes,Nendaz - Valais
27/12/2023,30/03/2024,06/04/2024,802.05,HY2S46H,63 m² Appartement ∙ 2 chambres ∙ 8 personnes,Nendaz - Valais
27/12/2023,20/04/2024,27/04/2024,278.04,HY2S46H,63 m² Appartement ∙ 2 chambres ∙ 8 personnes,Nendaz - Valais
27/12/2023,27/04/2024,04/05/2024,384.98,HY2S46H,63 m² Appartement ∙ 2 chambres ∙ 8 personnes,Nendaz - Valais
27/12/2023,04/05/2024,11/05/2024,384.98,HY2S46H,63 m² Appartement ∙ 2 chambres ∙ 8 personnes,Nendaz - Valais
27/12/2023,11/05/2024,18/05/2024,384.98,HY2S46H,63 m² Appartement ∙ 2 chambres ∙ 8 personnes,Nendaz - Valais
27/12/2023,18/05/2024,25/05/2024,384.98,HY2S46H,63 m² Appartement ∙ 2 chambres ∙ 8 personnes,Nendaz - Valais
27/12/2023,25/05/2024,01/06/2024,384.98,HY2S46H,63 m² Appartement ∙ 2 chambres ∙ 8 personnes,Nendaz - Valais
27/12/2023,06/01/2024,13/01/2024,822.17,HSZBKY8,Appartement ∙ 1 chambre ∙ 4 personnes,Grächen - Valais
27/12/2023,13/01/2024,20/01/2024,822.17,HSZBKY8,Appartement ∙ 1 chambre ∙ 4 personnes,Grächen - Valais
27/12/2023,02/03/2024,09/03/2024,822.17,HSZBKY8,Appartement ∙ 1 chambre ∙ 4 personnes,Grächen - Valais
27/12/2023,09/03/2024,16/03/2024,822.17,HSZBKY8,Appartement ∙ 1 chambre ∙ 4 personnes,Grächen - Valais
27/12/2023,16/03/2024,23/03/2024,822.17,HSZBKY8,Appartement ∙ 1 chambre ∙ 4 personnes,Grächen - Valais
27/12/2023,23/03/2024,30/03/2024,822.17,HSZBKY8,Appartement ∙ 1 chambre ∙ 4 personnes,Grächen - Valais
27/12/2023,30/03/2024,06/04/2024,822.17,HSZBKY8,Appartement ∙ 1 chambre ∙ 4 personnes,Grächen - Valais
27/12/2023,13/01/2024,20/01/2024,2061.51,HBTUR4V,200 m² Maison de vacances ∙ 5 chambres ∙ 10 personnes,Vex - Valais
27/12/2023,24/02/2024,02/03/2024,3321.91,HBTUR4V,200 m² Maison de vacances ∙ 5 chambres ∙ 10 personnes,Vex - Valais
27/12/2023,02/03/2024,09/03/2024,2794.24,HBTUR4V,200 m² Maison de vacances ∙ 5 chambres ∙ 10 personnes,Vex - Valais
27/12/2023,23/03/2024,30/03/2024,2993.99,HBTUR4V,200 m² Maison de vacances ∙ 5 chambres ∙ 10 personnes,Vex - Valais
27/12/2023,30/03/2024,06/04/2024,3167.03,HBTUR4V,200 m² Maison de vacances ∙ 5 chambres ∙ 10 personnes,Vex - Valais
27/12/2023,06/04/2024,13/04/2024,2736.57,HBTUR4V,200 m² Maison de vacances ∙ 5 chambres ∙ 10 personnes,Vex - Valais
27/12/2023,13/04/2024,20/04/2024,2423.60,HBTUR4V,200 m² Maison de vacances ∙ 5 chambres ∙ 10 personnes,Vex - Valais
27/12/2023,20/04/2024,27/04/2024,1733.59,HBTUR4V,200 m² Maison de vacances ∙ 5 chambres ∙ 10 personnes,Vex - Valais
27/12/2023,27/04/2024,04/05/2024,1733.59,HBTUR4V,200 m² Maison de vacances ∙ 5 chambres ∙ 10 personnes,Vex - Valais
27/12/2023,04/05/2024,11/05/2024,1733.59,HBTUR4V,200 m² Maison de vacances ∙ 5 chambres ∙ 10 personnes,Vex - Valais
27/12/2023,11/05/2024,18/05/2024,2509.05,HBTUR4V,200 m² Maison de vacances ∙ 5 chambres ∙ 10 personnes,Vex - Valais
27/12/2023,18/05/2024,25/05/2024,2509.05,HBTUR4V,200 m² Maison de vacances ∙ 5 chambres ∙ 10 personnes,Vex - Valais
27/12/2023,25/05/2024,01/06/2024,2509.05,HBTUR4V,200 m² Maison de vacances ∙ 5 chambres ∙ 10 personnes,Vex - Valais
27/12/2023,06/04/2024,13/04/2024,4415.68,H17VJND,220 m² Maison de vacances ∙ 5 chambres ∙ 12 personnes,Vex - Valais
27/12/2023,13/04/2024,20/04/2024,2749.38,H17VJND,220 m² Maison de vacances ∙ 5 chambres ∙ 12 personnes,Vex - Valais
27/12/2023,20/04/2024,27/04/2024,2471.67,H17VJND,220 m² Maison de vacances ∙ 5 chambres ∙ 12 personnes,Vex - Valais
27/12/2023,20/04/2024,27/04/2024,491.00,HM6L0SZ,25 m² Maison de vacances ∙ 1 chambre ∙ 2 personnes,Nendaz - Valais
27/12/2023,27/04/2024,04/05/2024,491.00,HM6L0SZ,25 m² Maison de vacances ∙ 1 chambre ∙ 2 personnes,Nendaz - Valais
27/12/2023,04/05/2024,11/05/2024,491.00,HM6L0SZ,25 m² Maison de vacances ∙ 1 chambre ∙ 2 personnes,Nendaz - Valais
27/12/2023,11/05/2024,18/05/2024,491.00,HM6L0SZ,25 m² Maison de vacances ∙ 1 chambre ∙ 2 personnes,Nendaz - Valais
27/12/2023,18/05/2024,25/05/2024,491.00,HM6L0SZ,25 m² Maison de vacances ∙ 1 chambre ∙ 2 personnes,Nendaz - Valais
27/12/2023,25/05/2024,01/06/2024,491.00,HM6L0SZ,25 m² Maison de vacances ∙ 1 chambre ∙ 2 personnes,Nendaz - Valais
27/12/2023,06/01/2024,13/01/2024,732.00,HJEDAWN,50 m² Appartement ∙ 1 chambre ∙ 4 personnes,Crans-Montana - Valais
27/12/2023,13/01/2024,20/01/2024,947.00,HJEDAWN,50 m² Appartement ∙ 1 chambre ∙ 4 personnes,Crans-Montana - Valais
27/12/2023,20/01/2024,27/01/2024,947.00,HJEDAWN,50 m² Appartement ∙ 1 chambre ∙ 4 personnes,Crans-Montana - Valais
27/12/2023,27/01/2024,03/02/2024,1041.00,HJEDAWN,50 m² Appartement ∙ 1 chambre ∙ 4 personnes,Crans-Montana - Valais
27/12/2023,03/02/2024,10/02/2024,1085.00,HJEDAWN,50 m² Appartement ∙ 1 chambre ∙ 4 personnes,Crans-Montana - Valais
27/12/2023,17/02/2024,24/02/2024,1595.00,HJEDAWN,50 m² Appartement ∙ 1 chambre ∙ 4 personnes,Crans-Montana - Valais
27/12/2023,24/02/2024,02/03/2024,1085.00,HJEDAWN,50 m² Appartement ∙ 1 chambre ∙ 4 personnes,Crans-Montana - Valais
27/12/2023,02/03/2024,09/03/2024,791.00,HJEDAWN,50 m² Appartement ∙ 1 chambre ∙ 4 personnes,Crans-Montana - Valais
27/12/2023,09/03/2024,16/03/2024,791.00,HJEDAWN,50 m² Appartement ∙ 1 chambre ∙ 4 personnes,Crans-Montana - Valais
27/12/2023,16/03/2024,23/03/2024,791.00,HJEDAWN,50 m² Appartement ∙ 1 chambre ∙ 4 personnes,Crans-Montana - Valais
27/12/2023,23/03/2024,30/03/2024,947.00,HJEDAWN,50 m² Appartement ∙ 1 chambre ∙ 4 personnes,Crans-Montana - Valais
27/12/2023,30/03/2024,06/04/2024,947.00,HJEDAWN,50 m² Appartement ∙ 1 chambre ∙ 4 personnes,Crans-Montana - Valais
27/12/2023,06/04/2024,13/04/2024,791.00,HJEDAWN,50 m² Appartement ∙ 1 chambre ∙ 4 personnes,Crans-Montana - Valais
27/12/2023,13/04/2024,20/04/2024,791.00,HJEDAWN,50 m² Appartement ∙ 1 chambre ∙ 4 personnes,Crans-Montana - Valais
27/12/2023,20/04/2024,27/04/2024,791.00,HJEDAWN,50 m² Appartement ∙ 1 chambre ∙ 4 personnes,Crans-Montana - Valais
27/12/2023,27/04/2024,04/05/2024,791.00,HJEDAWN,50 m² Appartement ∙ 1 chambre ∙ 4 personnes,Crans-Montana - Valais
27/12/2023,04/05/2024,11/05/2024,791.00,HJEDAWN,50 m² Appartement ∙ 1 chambre ∙ 4 personnes,Crans-Montana - Valais
27/12/2023,11/05/2024,18/05/2024,791.00,HJEDAWN,50 m² Appartement ∙ 1 chambre ∙ 4 personnes,Crans-Montana - Valais
27/12/2023,18/05/2024,25/05/2024,791.00,HJEDAWN,50 m² Appartement ∙ 1 chambre ∙ 4 personnes,Crans-Montana - Valais
27/12/2023,25/05/2024,01/06/2024,791.00,HJEDAWN,50 m² Appartement ∙ 1 chambre ∙ 4 personnes,Crans-Montana - Valais
27/12/2023,06/01/2024,13/01/2024,1235.83,HVYJ265,50 m² Appartement ∙ 1 chambre ∙ 2 personnes,Mund - Valais
27/12/2023,13/01/2024,20/01/2024,1235.83,HVYJ265,50 m² Appartement ∙ 1 chambre ∙ 2 personnes,Mund - Valais
27/12/2023,20/01/2024,27/01/2024,1235.83,HVYJ265,50 m² Appartement ∙ 1 chambre ∙ 2 personnes,Mund - Valais
27/12/2023,27/01/2024,03/02/2024,1235.83,HVYJ265,50 m² Appartement ∙ 1 chambre ∙ 2 personnes,Mund - Valais
27/12/2023,17/02/2024,24/02/2024,1235.83,HVYJ265,50 m² Appartement ∙ 1 chambre ∙ 2 personnes,Mund - Valais
27/12/2023,24/02/2024,02/03/2024,1235.83,HVYJ265,50 m² Appartement ∙ 1 chambre ∙ 2 personnes,Mund - Valais
27/12/2023,02/03/2024,09/03/2024,1235.83,HVYJ265,50 m² Appartement ∙ 1 chambre ∙ 2 personnes,Mund - Valais
27/12/2023,09/03/2024,16/03/2024,1235.83,HVYJ265,50 m² Appartement ∙ 1 chambre ∙ 2 personnes,Mund - Valais
27/12/2023,16/03/2024,23/03/2024,1235.83,HVYJ265,50 m² Appartement ∙ 1 chambre ∙ 2 personnes,Mund - Valais
27/12/2023,23/03/2024,30/03/2024,1235.83,HVYJ265,50 m² Appartement ∙ 1 chambre ∙ 2 personnes,Mund - Valais
27/12/2023,13/04/2024,20/04/2024,1315.94,HVYJ265,50 m² Appartement ∙ 1 chambre ∙ 2 personnes,Mund - Valais
27/12/2023,20/04/2024,27/04/2024,1315.94,HVYJ265,50 m² Appartement ∙ 1 chambre ∙ 2 personnes,Mund - Valais
27/12/2023,27/04/2024,04/05/2024,1315.94,HVYJ265,50 m² Appartement ∙ 1 chambre ∙ 2 personnes,Mund - Valais
27/12/2023,11/05/2024,18/05/2024,1315.94,HVYJ265,50 m² Appartement ∙ 1 chambre ∙ 2 personnes,Mund - Valais
27/12/2023,18/05/2024,25/05/2024,1315.94,HVYJ265,50 m² Appartement ∙ 1 chambre ∙ 2 personnes,Mund - Valais
27/12/2023,25/05/2024,01/06/2024,1383.24,HVYJ265,50 m² Appartement ∙ 1 chambre ∙ 2 personnes,Mund - Valais
27/12/2023,09/03/2024,16/03/2024,1163.00,H8UBDFC,85 m² Appartement ∙ 1 chambre ∙ 4 personnes,Ovronnaz - Leytron - Valais
27/12/2023,16/03/2024,23/03/2024,1163.00,H8UBDFC,85 m² Appartement ∙ 1 chambre ∙ 4 personnes,Ovronnaz - Leytron - Valais
27/12/2023,23/03/2024,30/03/2024,1163.00,H8UBDFC,85 m² Appartement ∙ 1 chambre ∙ 4 personnes,Ovronnaz - Leytron - Valais
27/12/2023,30/03/2024,06/04/2024,1163.00,H8UBDFC,85 m² Appartement ∙ 1 chambre ∙ 4 personnes,Ovronnaz - Leytron - Valais
27/12/2023,06/04/2024,13/04/2024,1163.00,H8UBDFC,85 m² Appartement ∙ 1 chambre ∙ 4 personnes,Ovronnaz - Leytron - Valais
27/12/2023,13/04/2024,20/04/2024,1163.00,H8UBDFC,85 m² Appartement ∙ 1 chambre ∙ 4 personnes,Ovronnaz - Leytron - Valais
27/12/2023,20/04/2024,27/04/2024,1163.00,H8UBDFC,85 m² Appartement ∙ 1 chambre ∙ 4 personnes,Ovronnaz - Leytron - Valais
27/12/2023,27/04/2024,04/05/2024,1163.00,H8UBDFC,85 m² Appartement ∙ 1 chambre ∙ 4 personnes,Ovronnaz - Leytron - Valais
27/12/2023,04/05/2024,11/05/2024,1163.00,H8UBDFC,85 m² Appartement ∙ 1 chambre ∙ 4 personnes,Ovronnaz - Leytron - Valais
27/12/2023,11/05/2024,18/05/2024,1163.00,H8UBDFC,85 m² Appartement ∙ 1 chambre ∙ 4 personnes,Ovronnaz - Leytron - Valais
27/12/2023,18/05/2024,25/05/2024,1163.00,H8UBDFC,85 m² Appartement ∙ 1 chambre ∙ 4 personnes,Ovronnaz - Leytron - Valais
27/12/2023,25/05/2024,01/06/2024,1163.00,H8UBDFC,85 m² Appartement ∙ 1 chambre ∙ 4 personnes,Ovronnaz - Leytron - Valais
27/12/2023,06/01/2024,13/01/2024,1197.00,H73WE9J,100 m² Appartement ∙ 3 chambres ∙ 6 personnes,Saas Grund - Valais
27/12/2023,13/01/2024,20/01/2024,1398.62,H73WE9J,100 m² Appartement ∙ 3 chambres ∙ 6 personnes,Saas Grund - Valais
27/12/2023,20/01/2024,27/01/2024,1398.62,H73WE9J,100 m² Appartement ∙ 3 chambres ∙ 6 personnes,Saas Grund - Valais
27/12/2023,24/02/2024,02/03/2024,1935.25,H73WE9J,100 m² Appartement ∙ 3 chambres ∙ 6 personnes,Saas Grund - Valais
27/12/2023,09/03/2024,16/03/2024,1935.25,H73WE9J,100 m² Appartement ∙ 3 chambres ∙ 6 personnes,Saas Grund - Valais
27/12/2023,16/03/2024,23/03/2024,1935.25,H73WE9J,100 m² Appartement ∙ 3 chambres ∙ 6 personnes,Saas Grund - Valais
27/12/2023,23/03/2024,30/03/2024,1935.25,H73WE9J,100 m² Appartement ∙ 3 chambres ∙ 6 personnes,Saas Grund - Valais
27/12/2023,30/03/2024,06/04/2024,1935.25,H73WE9J,100 m² Appartement ∙ 3 chambres ∙ 6 personnes,Saas Grund - Valais
27/12/2023,06/01/2024,13/01/2024,541.00,H3582GW,30 m² Maison de vacances ∙ 1 chambre ∙ 2 personnes,Ernen - Valais
27/12/2023,13/01/2024,20/01/2024,706.00,H3582GW,30 m² Maison de vacances ∙ 1 chambre ∙ 2 personnes,Ernen - Valais
27/12/2023,20/01/2024,27/01/2024,706.00,H3582GW,30 m² Maison de vacances ∙ 1 chambre ∙ 2 personnes,Ernen - Valais
27/12/2023,27/01/2024,03/02/2024,878.00,H3582GW,30 m² Maison de vacances ∙ 1 chambre ∙ 2 personnes,Ernen - Valais
27/12/2023,03/02/2024,10/02/2024,878.00,H3582GW,30 m² Maison de vacances ∙ 1 chambre ∙ 2 personnes,Ernen - Valais
27/12/2023,10/02/2024,17/02/2024,878.00,H3582GW,30 m² Maison de vacances ∙ 1 chambre ∙ 2 personnes,Ernen - Valais
27/12/2023,17/02/2024,24/02/2024,878.00,H3582GW,30 m² Maison de vacances ∙ 1 chambre ∙ 2 personnes,Ernen - Valais
27/12/2023,24/02/2024,02/03/2024,792.00,H3582GW,30 m² Maison de vacances ∙ 1 chambre ∙ 2 personnes,Ernen - Valais
27/12/2023,02/03/2024,09/03/2024,706.00,H3582GW,30 m² Maison de vacances ∙ 1 chambre ∙ 2 personnes,Ernen - Valais
27/12/2023,09/03/2024,16/03/2024,576.00,H3582GW,30 m² Maison de vacances ∙ 1 chambre ∙ 2 personnes,Ernen - Valais
27/12/2023,16/03/2024,23/03/2024,576.00,H3582GW,30 m² Maison de vacances ∙ 1 chambre ∙ 2 personnes,Ernen - Valais
27/12/2023,23/03/2024,30/03/2024,620.00,H3582GW,30 m² Maison de vacances ∙ 1 chambre ∙ 2 personnes,Ernen - Valais
27/12/2023,30/03/2024,06/04/2024,620.00,H3582GW,30 m² Maison de vacances ∙ 1 chambre ∙ 2 personnes,Ernen - Valais
27/12/2023,06/04/2024,13/04/2024,576.00,H3582GW,30 m² Maison de vacances ∙ 1 chambre ∙ 2 personnes,Ernen - Valais
27/12/2023,13/04/2024,20/04/2024,576.00,H3582GW,30 m² Maison de vacances ∙ 1 chambre ∙ 2 personnes,Ernen - Valais
27/12/2023,20/04/2024,27/04/2024,576.00,H3582GW,30 m² Maison de vacances ∙ 1 chambre ∙ 2 personnes,Ernen - Valais
27/12/2023,27/04/2024,04/05/2024,576.00,H3582GW,30 m² Maison de vacances ∙ 1 chambre ∙ 2 personnes,Ernen - Valais
27/12/2023,04/05/2024,11/05/2024,576.00,H3582GW,30 m² Maison de vacances ∙ 1 chambre ∙ 2 personnes,Ernen - Valais
27/12/2023,11/05/2024,18/05/2024,576.00,H3582GW,30 m² Maison de vacances ∙ 1 chambre ∙ 2 personnes,Ernen - Valais
27/12/2023,18/05/2024,25/05/2024,576.00,H3582GW,30 m² Maison de vacances ∙ 1 chambre ∙ 2 personnes,Ernen - Valais
27/12/2023,25/05/2024,01/06/2024,576.00,H3582GW,30 m² Maison de vacances ∙ 1 chambre ∙ 2 personnes,Ernen - Valais
27/12/2023,06/01/2024,13/01/2024,2100.81,HE8HM1Z,75 m² Appartement ∙ 2 chambres ∙ 4 personnes,Saas Fee - Valais
27/12/2023,13/01/2024,20/01/2024,2100.81,HE8HM1Z,75 m² Appartement ∙ 2 chambres ∙ 4 personnes,Saas Fee - Valais
27/12/2023,03/02/2024,10/02/2024,2580.83,HE8HM1Z,75 m² Appartement ∙ 2 chambres ∙ 4 personnes,Saas Fee - Valais
27/12/2023,23/03/2024,30/03/2024,3140.86,HE8HM1Z,75 m² Appartement ∙ 2 chambres ∙ 4 personnes,Saas Fee - Valais
27/12/2023,30/03/2024,06/04/2024,3140.86,HE8HM1Z,75 m² Appartement ∙ 2 chambres ∙ 4 personnes,Saas Fee - Valais
27/12/2023,06/04/2024,13/04/2024,2500.83,HE8HM1Z,75 m² Appartement ∙ 2 chambres ∙ 4 personnes,Saas Fee - Valais
27/12/2023,13/04/2024,20/04/2024,2666.39,HE8HM1Z,75 m² Appartement ∙ 2 chambres ∙ 4 personnes,Saas Fee - Valais
27/12/2023,06/01/2024,13/01/2024,502.00,H21SA96,21 m² Appartement ∙ 1 chambre ∙ 2 personnes,Nendaz - Valais
27/12/2023,13/01/2024,20/01/2024,653.00,H21SA96,21 m² Appartement ∙ 1 chambre ∙ 2 personnes,Nendaz - Valais
27/12/2023,03/02/2024,10/02/2024,705.00,H21SA96,21 m² Appartement ∙ 1 chambre ∙ 2 personnes,Nendaz - Valais
27/12/2023,10/02/2024,17/02/2024,1111.00,H21SA96,21 m² Appartement ∙ 1 chambre ∙ 2 personnes,Nendaz - Valais
27/12/2023,17/02/2024,24/02/2024,1111.00,H21SA96,21 m² Appartement ∙ 1 chambre ∙ 2 personnes,Nendaz - Valais
27/12/2023,24/02/2024,02/03/2024,739.00,H21SA96,21 m² Appartement ∙ 1 chambre ∙ 2 personnes,Nendaz - Valais
27/12/2023,09/03/2024,16/03/2024,653.00,H21SA96,21 m² Appartement ∙ 1 chambre ∙ 2 personnes,Nendaz - Valais
27/12/2023,16/03/2024,23/03/2024,653.00,H21SA96,21 m² Appartement ∙ 1 chambre ∙ 2 personnes,Nendaz - Valais
27/12/2023,23/03/2024,30/03/2024,653.00,H21SA96,21 m² Appartement ∙ 1 chambre ∙ 2 personnes,Nendaz - Valais
27/12/2023,30/03/2024,06/04/2024,653.00,H21SA96,21 m² Appartement ∙ 1 chambre ∙ 2 personnes,Nendaz - Valais
27/12/2023,06/04/2024,13/04/2024,515.00,H21SA96,21 m² Appartement ∙ 1 chambre ∙ 2 personnes,Nendaz - Valais
27/12/2023,13/04/2024,20/04/2024,515.00,H21SA96,21 m² Appartement ∙ 1 chambre ∙ 2 personnes,Nendaz - Valais
27/12/2023,20/04/2024,27/04/2024,515.00,H21SA96,21 m² Appartement ∙ 1 chambre ∙ 2 personnes,Nendaz - Valais
27/12/2023,27/04/2024,04/05/2024,515.00,H21SA96,21 m² Appartement ∙ 1 chambre ∙ 2 personnes,Nendaz - Valais
27/12/2023,04/05/2024,11/05/2024,515.00,H21SA96,21 m² Appartement ∙ 1 chambre ∙ 2 personnes,Nendaz - Valais
27/12/2023,11/05/2024,18/05/2024,515.00,H21SA96,21 m² Appartement ∙ 1 chambre ∙ 2 personnes,Nendaz - Valais
27/12/2023,18/05/2024,25/05/2024,515.00,H21SA96,21 m² Appartement ∙ 1 chambre ∙ 2 personnes,Nendaz - Valais
27/12/2023,25/05/2024,01/06/2024,515.00,H21SA96,21 m² Appartement ∙ 1 chambre ∙ 2 personnes,Nendaz - Valais
27/12/2023,13/01/2024,20/01/2024,803.00,HY01ZE6,52 m² Maison de vacances ∙ 1 chambre ∙ 4 personnes,Ovronnaz - Leytron - Valais
27/12/2023,20/01/2024,27/01/2024,803.00,HY01ZE6,52 m² Maison de vacances ∙ 1 chambre ∙ 4 personnes,Ovronnaz - Leytron - Valais
27/12/2023,27/01/2024,03/02/2024,803.00,HY01ZE6,52 m² Maison de vacances ∙ 1 chambre ∙ 4 personnes,Ovronnaz - Leytron - Valais
27/12/2023,17/02/2024,24/02/2024,1521.00,HY01ZE6,52 m² Maison de vacances ∙ 1 chambre ∙ 4 personnes,Ovronnaz - Leytron - Valais
27/12/2023,09/03/2024,16/03/2024,803.00,HY01ZE6,52 m² Maison de vacances ∙ 1 chambre ∙ 4 personnes,Ovronnaz - Leytron - Valais
27/12/2023,16/03/2024,23/03/2024,803.00,HY01ZE6,52 m² Maison de vacances ∙ 1 chambre ∙ 4 personnes,Ovronnaz - Leytron - Valais
27/12/2023,23/03/2024,30/03/2024,803.00,HY01ZE6,52 m² Maison de vacances ∙ 1 chambre ∙ 4 personnes,Ovronnaz - Leytron - Valais
27/12/2023,30/03/2024,06/04/2024,803.00,HY01ZE6,52 m² Maison de vacances ∙ 1 chambre ∙ 4 personnes,Ovronnaz - Leytron - Valais
27/12/2023,06/04/2024,13/04/2024,803.00,HY01ZE6,52 m² Maison de vacances ∙ 1 chambre ∙ 4 personnes,Ovronnaz - Leytron - Valais
27/12/2023,13/04/2024,20/04/2024,803.00,HY01ZE6,52 m² Maison de vacances ∙ 1 chambre ∙ 4 personnes,Ovronnaz - Leytron - Valais
27/12/2023,20/04/2024,27/04/2024,803.00,HY01ZE6,52 m² Maison de vacances ∙ 1 chambre ∙ 4 personnes,Ovronnaz - Leytron - Valais
27/12/2023,27/04/2024,04/05/2024,803.00,HY01ZE6,52 m² Maison de vacances ∙ 1 chambre ∙ 4 personnes,Ovronnaz - Leytron - Valais
27/12/2023,04/05/2024,11/05/2024,803.00,HY01ZE6,52 m² Maison de vacances ∙ 1 chambre ∙ 4 personnes,Ovronnaz - Leytron - Valais
27/12/2023,11/05/2024,18/05/2024,803.00,HY01ZE6,52 m² Maison de vacances ∙ 1 chambre ∙ 4 personnes,Ovronnaz - Leytron - Valais
27/12/2023,18/05/2024,25/05/2024,803.00,HY01ZE6,52 m² Maison de vacances ∙ 1 chambre ∙ 4 personnes,Ovronnaz - Leytron - Valais
27/12/2023,25/05/2024,01/06/2024,803.00,HY01ZE6,52 m² Maison de vacances ∙ 1 chambre ∙ 4 personnes,Ovronnaz - Leytron - Valais
27/12/2023,06/01/2024,13/01/2024,1179.93,HDL370G,40 m² Appartement ∙ 1 chambre ∙ 4 personnes,Saas Fee - Valais
27/12/2023,13/01/2024,20/01/2024,1179.93,HDL370G,40 m² Appartement ∙ 1 chambre ∙ 4 personnes,Saas Fee - Valais
27/12/2023,20/01/2024,27/01/2024,1179.93,HDL370G,40 m² Appartement ∙ 1 chambre ∙ 4 personnes,Saas Fee - Valais
27/12/2023,13/04/2024,20/04/2024,1236.37,HDL370G,40 m² Appartement ∙ 1 chambre ∙ 4 personnes,Saas Fee - Valais
27/12/2023,27/01/2024,03/02/2024,911.00,HZR3XL1,35 m² Appartement ∙ 1 chambre ∙ 3 personnes,Orsières - Valais
27/12/2023,03/02/2024,10/02/2024,998.00,HZR3XL1,35 m² Appartement ∙ 1 chambre ∙ 3 personnes,Orsières - Valais
27/12/2023,17/02/2024,24/02/2024,1430.00,HZR3XL1,35 m² Appartement ∙ 1 chambre ∙ 3 personnes,Orsières - Valais
27/12/2023,24/02/2024,02/03/2024,998.00,HZR3XL1,35 m² Appartement ∙ 1 chambre ∙ 3 personnes,Orsières - Valais
27/12/2023,02/03/2024,09/03/2024,911.00,HZR3XL1,35 m² Appartement ∙ 1 chambre ∙ 3 personnes,Orsières - Valais
27/12/2023,09/03/2024,16/03/2024,911.00,HZR3XL1,35 m² Appartement ∙ 1 chambre ∙ 3 personnes,Orsières - Valais
27/12/2023,16/03/2024,23/03/2024,911.00,HZR3XL1,35 m² Appartement ∙ 1 chambre ∙ 3 personnes,Orsières - Valais
27/12/2023,23/03/2024,30/03/2024,1085.00,HZR3XL1,35 m² Appartement ∙ 1 chambre ∙ 3 personnes,Orsières - Valais
27/12/2023,30/03/2024,06/04/2024,1085.00,HZR3XL1,35 m² Appartement ∙ 1 chambre ∙ 3 personnes,Orsières - Valais
27/12/2023,06/04/2024,13/04/2024,911.00,HZR3XL1,35 m² Appartement ∙ 1 chambre ∙ 3 personnes,Orsières - Valais
27/12/2023,13/04/2024,20/04/2024,911.00,HZR3XL1,35 m² Appartement ∙ 1 chambre ∙ 3 personnes,Orsières - Valais
27/12/2023,20/04/2024,27/04/2024,911.00,HZR3XL1,35 m² Appartement ∙ 1 chambre ∙ 3 personnes,Orsières - Valais
27/12/2023,27/04/2024,04/05/2024,911.00,HZR3XL1,35 m² Appartement ∙ 1 chambre ∙ 3 personnes,Orsières - Valais
27/12/2023,04/05/2024,11/05/2024,911.00,HZR3XL1,35 m² Appartement ∙ 1 chambre ∙ 3 personnes,Orsières - Valais
27/12/2023,11/05/2024,18/05/2024,911.00,HZR3XL1,35 m² Appartement ∙ 1 chambre ∙ 3 personnes,Orsières - Valais
27/12/2023,18/05/2024,25/05/2024,911.00,HZR3XL1,35 m² Appartement ∙ 1 chambre ∙ 3 personnes,Orsières - Valais
27/12/2023,25/05/2024,01/06/2024,911.00,HZR3XL1,35 m² Appartement ∙ 1 chambre ∙ 3 personnes,Orsières - Valais
27/12/2023,06/01/2024,13/01/2024,1480.06,HK32TJD,148 m² Appartement ∙ 3 chambres ∙ 6 personnes,Saas Fee - Valais
27/12/2023,13/01/2024,20/01/2024,1480.06,HK32TJD,148 m² Appartement ∙ 3 chambres ∙ 6 personnes,Saas Fee - Valais
27/12/2023,20/01/2024,27/01/2024,1480.06,HK32TJD,148 m² Appartement ∙ 3 chambres ∙ 6 personnes,Saas Fee - Valais
27/12/2023,24/02/2024,02/03/2024,1680.07,HK32TJD,148 m² Appartement ∙ 3 chambres ∙ 6 personnes,Saas Fee - Valais
27/12/2023,09/03/2024,16/03/2024,1480.06,HK32TJD,148 m² Appartement ∙ 3 chambres ∙ 6 personnes,Saas Fee - Valais
27/12/2023,16/03/2024,23/03/2024,1480.06,HK32TJD,148 m² Appartement ∙ 3 chambres ∙ 6 personnes,Saas Fee - Valais
27/12/2023,13/04/2024,20/04/2024,1480.06,HK32TJD,148 m² Appartement ∙ 3 chambres ∙ 6 personnes,Saas Fee - Valais
27/12/2023,20/04/2024,27/04/2024,1480.06,HK32TJD,148 m² Appartement ∙ 3 chambres ∙ 6 personnes,Saas Fee - Valais
27/12/2023,06/01/2024,13/01/2024,1860.00,HH58KLD,120 m² Appartement ∙ 12 personnes,Saas Fee - Valais
27/12/2023,27/01/2024,03/02/2024,3025.00,HH58KLD,120 m² Appartement ∙ 12 personnes,Saas Fee - Valais
27/12/2023,13/04/2024,20/04/2024,1860.00,HH58KLD,120 m² Appartement ∙ 12 personnes,Saas Fee - Valais
27/12/2023,24/02/2024,02/03/2024,1680.07,HL9WDUA,76 m² Appartement ∙ 2 chambres ∙ 4 personnes,Saas Fee - Valais
27/12/2023,16/03/2024,23/03/2024,1240.05,HL9WDUA,76 m² Appartement ∙ 2 chambres ∙ 4 personnes,Saas Fee - Valais
27/12/2023,06/04/2024,13/04/2024,1240.05,HL9WDUA,76 m² Appartement ∙ 2 chambres ∙ 4 personnes,Saas Fee - Valais
27/12/2023,13/04/2024,20/04/2024,1240.05,HL9WDUA,76 m² Appartement ∙ 2 chambres ∙ 4 personnes,Saas Fee - Valais
27/12/2023,20/04/2024,27/04/2024,1080.04,HL9WDUA,76 m² Appartement ∙ 2 chambres ∙ 4 personnes,Saas Fee - Valais
27/12/2023,20/01/2024,27/01/2024,2490.84,H0VM7RJ,60 m² Appartement ∙ 3 chambres ∙ 6 personnes,Saas Fee - Valais
27/12/2023,30/03/2024,06/04/2024,2739.25,H0VM7RJ,60 m² Appartement ∙ 3 chambres ∙ 6 personnes,Saas Fee - Valais
27/12/2023,06/04/2024,13/04/2024,2076.82,H0VM7RJ,60 m² Appartement ∙ 3 chambres ∙ 6 personnes,Saas Fee - Valais
27/12/2023,13/04/2024,20/04/2024,2076.82,H0VM7RJ,60 m² Appartement ∙ 3 chambres ∙ 6 personnes,Saas Fee - Valais
27/12/2023,20/01/2024,27/01/2024,3010.49,H5FZLWR,90 m² Appartement ∙ 3 chambres ∙ 6 personnes,Saas Fee - Valais
27/12/2023,27/01/2024,03/02/2024,3010.49,H5FZLWR,90 m² Appartement ∙ 3 chambres ∙ 6 personnes,Saas Fee - Valais
27/12/2023,03/02/2024,10/02/2024,3010.49,H5FZLWR,90 m² Appartement ∙ 3 chambres ∙ 6 personnes,Saas Fee - Valais
27/12/2023,24/02/2024,02/03/2024,3010.49,H5FZLWR,90 m² Appartement ∙ 3 chambres ∙ 6 personnes,Saas Fee - Valais
27/12/2023,23/03/2024,30/03/2024,3010.49,H5FZLWR,90 m² Appartement ∙ 3 chambres ∙ 6 personnes,Saas Fee - Valais
27/12/2023,30/03/2024,06/04/2024,3010.49,H5FZLWR,90 m² Appartement ∙ 3 chambres ∙ 6 personnes,Saas Fee - Valais
27/12/2023,06/04/2024,13/04/2024,3010.49,H5FZLWR,90 m² Appartement ∙ 3 chambres ∙ 6 personnes,Saas Fee - Valais
27/12/2023,13/04/2024,20/04/2024,3010.49,H5FZLWR,90 m² Appartement ∙ 3 chambres ∙ 6 personnes,Saas Fee - Valais
27/12/2023,20/04/2024,27/04/2024,3010.49,H5FZLWR,90 m² Appartement ∙ 3 chambres ∙ 6 personnes,Saas Fee - Valais
27/12/2023,27/04/2024,04/05/2024,3010.49,H5FZLWR,90 m² Appartement ∙ 3 chambres ∙ 6 personnes,Saas Fee - Valais
27/12/2023,04/05/2024,11/05/2024,3010.49,H5FZLWR,90 m² Appartement ∙ 3 chambres ∙ 6 personnes,Saas Fee - Valais
27/12/2023,11/05/2024,18/05/2024,3010.49,H5FZLWR,90 m² Appartement ∙ 3 chambres ∙ 6 personnes,Saas Fee - Valais
27/12/2023,18/05/2024,25/05/2024,3010.49,H5FZLWR,90 m² Appartement ∙ 3 chambres ∙ 6 personnes,Saas Fee - Valais
27/12/2023,25/05/2024,01/06/2024,3010.49,H5FZLWR,90 m² Appartement ∙ 3 chambres ∙ 6 personnes,Saas Fee - Valais
27/12/2023,06/01/2024,13/01/2024,1121.54,HPS75MH,65 m² Appartement ∙ 2 chambres ∙ 4 personnes,Saas Fee - Valais
27/12/2023,13/01/2024,20/01/2024,1121.54,HPS75MH,65 m² Appartement ∙ 2 chambres ∙ 4 personnes,Saas Fee - Valais
27/12/2023,20/01/2024,27/01/2024,1121.54,HPS75MH,65 m² Appartement ∙ 2 chambres ∙ 4 personnes,Saas Fee - Valais
27/12/2023,16/03/2024,23/03/2024,1121.54,HPS75MH,65 m² Appartement ∙ 2 chambres ∙ 4 personnes,Saas Fee - Valais
27/12/2023,06/04/2024,13/04/2024,1121.54,HPS75MH,65 m² Appartement ∙ 2 chambres ∙ 4 personnes,Saas Fee - Valais
27/12/2023,13/04/2024,20/04/2024,1121.54,HPS75MH,65 m² Appartement ∙ 2 chambres ∙ 4 personnes,Saas Fee - Valais
27/12/2023,06/04/2024,13/04/2024,3385.00,HL6X4RV,Appartement ∙ 1 chambre ∙ 6 personnes,Betten - Bettmeralp - Valais
27/12/2023,13/04/2024,20/04/2024,1357.55,H29BS5L,62 m² Appartement ∙ 2 chambres ∙ 5 personnes,Saas Fee - Valais
27/12/2023,06/01/2024,13/01/2024,1343.29,HK8PCLD,60 m² Appartement ∙ 2 chambres ∙ 4 personnes,Saas Fee - Valais
27/12/2023,20/01/2024,27/01/2024,1962.06,HK8PCLD,60 m² Appartement ∙ 2 chambres ∙ 4 personnes,Saas Fee - Valais
27/12/2023,27/01/2024,03/02/2024,2282.08,HK8PCLD,60 m² Appartement ∙ 2 chambres ∙ 4 personnes,Saas Fee - Valais
27/12/2023,02/03/2024,09/03/2024,2148.56,HK8PCLD,60 m² Appartement ∙ 2 chambres ∙ 4 personnes,Saas Fee - Valais
27/12/2023,23/03/2024,30/03/2024,2148.56,HK8PCLD,60 m² Appartement ∙ 2 chambres ∙ 4 personnes,Saas Fee - Valais
27/12/2023,06/04/2024,13/04/2024,1828.54,HK8PCLD,60 m² Appartement ∙ 2 chambres ∙ 4 personnes,Saas Fee - Valais
27/12/2023,13/01/2024,20/01/2024,1221.00,H9WS45P,76 m² Appartement ∙ 2 chambres ∙ 4 personnes,Bürchen - Valais
27/12/2023,20/01/2024,27/01/2024,1221.00,H9WS45P,76 m² Appartement ∙ 2 chambres ∙ 4 personnes,Bürchen - Valais
27/12/2023,02/03/2024,09/03/2024,1221.00,H9WS45P,76 m² Appartement ∙ 2 chambres ∙ 4 personnes,Bürchen - Valais
27/12/2023,09/03/2024,16/03/2024,1221.00,H9WS45P,76 m² Appartement ∙ 2 chambres ∙ 4 personnes,Bürchen - Valais
27/12/2023,16/03/2024,23/03/2024,1221.00,H9WS45P,76 m² Appartement ∙ 2 chambres ∙ 4 personnes,Bürchen - Valais
27/12/2023,23/03/2024,30/03/2024,1135.00,H9WS45P,76 m² Appartement ∙ 2 chambres ∙ 4 personnes,Bürchen - Valais
27/12/2023,30/03/2024,06/04/2024,1135.00,H9WS45P,76 m² Appartement ∙ 2 chambres ∙ 4 personnes,Bürchen - Valais
27/12/2023,06/04/2024,13/04/2024,1135.00,H9WS45P,76 m² Appartement ∙ 2 chambres ∙ 4 personnes,Bürchen - Valais
27/12/2023,13/04/2024,20/04/2024,1135.00,H9WS45P,76 m² Appartement ∙ 2 chambres ∙ 4 personnes,Bürchen - Valais
27/12/2023,20/04/2024,27/04/2024,1135.00,H9WS45P,76 m² Appartement ∙ 2 chambres ∙ 4 personnes,Bürchen - Valais
27/12/2023,27/04/2024,04/05/2024,1135.00,H9WS45P,76 m² Appartement ∙ 2 chambres ∙ 4 personnes,Bürchen - Valais
27/12/2023,04/05/2024,11/05/2024,1135.00,H9WS45P,76 m² Appartement ∙ 2 chambres ∙ 4 personnes,Bürchen - Valais
27/12/2023,11/05/2024,18/05/2024,1135.00,H9WS45P,76 m² Appartement ∙ 2 chambres ∙ 4 personnes,Bürchen - Valais
27/12/2023,18/05/2024,25/05/2024,1135.00,H9WS45P,76 m² Appartement ∙ 2 chambres ∙ 4 personnes,Bürchen - Valais
27/12/2023,25/05/2024,01/06/2024,1135.00,H9WS45P,76 m² Appartement ∙ 2 chambres ∙ 4 personnes,Bürchen - Valais
27/12/2023,06/01/2024,13/01/2024,2520.00,HX7BFZ3,350 m² Maison de vacances ∙ 10 chambres ∙ 28 personnes,Nendaz - Valais
27/12/2023,24/02/2024,02/03/2024,5222.00,HX7BFZ3,350 m² Maison de vacances ∙ 10 chambres ∙ 28 personnes,Nendaz - Valais
27/12/2023,09/03/2024,16/03/2024,3995.00,HX7BFZ3,350 m² Maison de vacances ∙ 10 chambres ∙ 28 personnes,Nendaz - Valais
27/12/2023,16/03/2024,23/03/2024,3195.00,HX7BFZ3,350 m² Maison de vacances ∙ 10 chambres ∙ 28 personnes,Nendaz - Valais
27/12/2023,06/04/2024,13/04/2024,2696.00,HX7BFZ3,350 m² Maison de vacances ∙ 10 chambres ∙ 28 personnes,Nendaz - Valais
27/12/2023,13/04/2024,20/04/2024,2696.00,HX7BFZ3,350 m² Maison de vacances ∙ 10 chambres ∙ 28 personnes,Nendaz - Valais
27/12/2023,06/01/2024,13/01/2024,897.24,HV8KXCP,45 m² Appartement ∙ 1 chambre ∙ 4 personnes,Loèche-les-Bains - Valais
27/12/2023,13/01/2024,20/01/2024,897.24,HV8KXCP,45 m² Appartement ∙ 1 chambre ∙ 4 personnes,Loèche-les-Bains - Valais
27/12/2023,23/03/2024,30/03/2024,897.24,HV8KXCP,45 m² Appartement ∙ 1 chambre ∙ 4 personnes,Loèche-les-Bains - Valais
27/12/2023,30/03/2024,06/04/2024,897.24,HV8KXCP,45 m² Appartement ∙ 1 chambre ∙ 4 personnes,Loèche-les-Bains - Valais
27/12/2023,06/04/2024,13/04/2024,897.24,HV8KXCP,45 m² Appartement ∙ 1 chambre ∙ 4 personnes,Loèche-les-Bains - Valais
27/12/2023,13/04/2024,20/04/2024,717.79,HV8KXCP,45 m² Appartement ∙ 1 chambre ∙ 4 personnes,Loèche-les-Bains - Valais
27/12/2023,20/04/2024,27/04/2024,717.79,HV8KXCP,45 m² Appartement ∙ 1 chambre ∙ 4 personnes,Loèche-les-Bains - Valais
27/12/2023,27/04/2024,04/05/2024,717.79,HV8KXCP,45 m² Appartement ∙ 1 chambre ∙ 4 personnes,Loèche-les-Bains - Valais
27/12/2023,04/05/2024,11/05/2024,717.79,HV8KXCP,45 m² Appartement ∙ 1 chambre ∙ 4 personnes,Loèche-les-Bains - Valais
27/12/2023,11/05/2024,18/05/2024,717.79,HV8KXCP,45 m² Appartement ∙ 1 chambre ∙ 4 personnes,Loèche-les-Bains - Valais
27/12/2023,18/05/2024,25/05/2024,717.79,HV8KXCP,45 m² Appartement ∙ 1 chambre ∙ 4 personnes,Loèche-les-Bains - Valais
27/12/2023,25/05/2024,01/06/2024,717.79,HV8KXCP,45 m² Appartement ∙ 1 chambre ∙ 4 personnes,Loèche-les-Bains - Valais
27/12/2023,13/04/2024,20/04/2024,1036.10,HV8HNXW,200 m² Maison de vacances ∙ 5 chambres ∙ 10 personnes,Vex - Valais
27/12/2023,20/04/2024,27/04/2024,1780.59,HV8HNXW,200 m² Maison de vacances ∙ 5 chambres ∙ 10 personnes,Vex - Valais
27/12/2023,27/04/2024,04/05/2024,1780.59,HV8HNXW,200 m² Maison de vacances ∙ 5 chambres ∙ 10 personnes,Vex - Valais
27/12/2023,04/05/2024,11/05/2024,1780.59,HV8HNXW,200 m² Maison de vacances ∙ 5 chambres ∙ 10 personnes,Vex - Valais
27/12/2023,11/05/2024,18/05/2024,1780.59,HV8HNXW,200 m² Maison de vacances ∙ 5 chambres ∙ 10 personnes,Vex - Valais
27/12/2023,18/05/2024,25/05/2024,1780.59,HV8HNXW,200 m² Maison de vacances ∙ 5 chambres ∙ 10 personnes,Vex - Valais
27/12/2023,25/05/2024,01/06/2024,1780.59,HV8HNXW,200 m² Maison de vacances ∙ 5 chambres ∙ 10 personnes,Vex - Valais
27/12/2023,13/01/2024,20/01/2024,2223.44,H7T14WL,60 m² Appartement ∙ 3 chambres ∙ 5 personnes,Saas Fee - Valais
27/12/2023,20/01/2024,27/01/2024,2223.44,H7T14WL,60 m² Appartement ∙ 3 chambres ∙ 5 personnes,Saas Fee - Valais
27/12/2023,02/03/2024,09/03/2024,2224.35,H7T14WL,60 m² Appartement ∙ 3 chambres ∙ 5 personnes,Saas Fee - Valais
27/12/2023,06/04/2024,13/04/2024,2224.35,H7T14WL,60 m² Appartement ∙ 3 chambres ∙ 5 personnes,Saas Fee - Valais
27/12/2023,13/04/2024,20/04/2024,2224.35,H7T14WL,60 m² Appartement ∙ 3 chambres ∙ 5 personnes,Saas Fee - Valais
27/12/2023,11/05/2024,18/05/2024,926.14,HEFV3PR,90 m² Appartement ∙ 3 chambres ∙ 7 personnes,Saas-Balen - Valais
27/12/2023,18/05/2024,25/05/2024,914.70,HEFV3PR,90 m² Appartement ∙ 3 chambres ∙ 7 personnes,Saas-Balen - Valais
27/12/2023,25/05/2024,01/06/2024,914.70,HEFV3PR,90 m² Appartement ∙ 3 chambres ∙ 7 personnes,Saas-Balen - Valais
27/12/2023,13/01/2024,20/01/2024,852.73,HMPHKZV,70 m² Appartement ∙ 1 chambre ∙ 4 personnes,Loèche-les-Bains - Valais
27/12/2023,20/01/2024,27/01/2024,891.70,HMPHKZV,70 m² Appartement ∙ 1 chambre ∙ 4 personnes,Loèche-les-Bains - Valais
27/12/2023,27/01/2024,03/02/2024,1035.70,HMPHKZV,70 m² Appartement ∙ 1 chambre ∙ 4 personnes,Loèche-les-Bains - Valais
27/12/2023,02/03/2024,09/03/2024,956.73,HMPHKZV,70 m² Appartement ∙ 1 chambre ∙ 4 personnes,Loèche-les-Bains - Valais
27/12/2023,09/03/2024,16/03/2024,956.73,HMPHKZV,70 m² Appartement ∙ 1 chambre ∙ 4 personnes,Loèche-les-Bains - Valais
27/12/2023,16/03/2024,23/03/2024,956.73,HMPHKZV,70 m² Appartement ∙ 1 chambre ∙ 4 personnes,Loèche-les-Bains - Valais
27/12/2023,23/03/2024,30/03/2024,956.73,HMPHKZV,70 m² Appartement ∙ 1 chambre ∙ 4 personnes,Loèche-les-Bains - Valais
27/12/2023,30/03/2024,06/04/2024,956.73,HMPHKZV,70 m² Appartement ∙ 1 chambre ∙ 4 personnes,Loèche-les-Bains - Valais
27/12/2023,06/04/2024,13/04/2024,956.73,HMPHKZV,70 m² Appartement ∙ 1 chambre ∙ 4 personnes,Loèche-les-Bains - Valais
27/12/2023,13/04/2024,20/04/2024,719.83,HMPHKZV,70 m² Appartement ∙ 1 chambre ∙ 4 personnes,Loèche-les-Bains - Valais
27/12/2023,20/04/2024,27/04/2024,719.83,HMPHKZV,70 m² Appartement ∙ 1 chambre ∙ 4 personnes,Loèche-les-Bains - Valais
27/12/2023,27/04/2024,04/05/2024,719.83,HMPHKZV,70 m² Appartement ∙ 1 chambre ∙ 4 personnes,Loèche-les-Bains - Valais
27/12/2023,04/05/2024,11/05/2024,719.83,HMPHKZV,70 m² Appartement ∙ 1 chambre ∙ 4 personnes,Loèche-les-Bains - Valais
27/12/2023,11/05/2024,18/05/2024,719.83,HMPHKZV,70 m² Appartement ∙ 1 chambre ∙ 4 personnes,Loèche-les-Bains - Valais
27/12/2023,18/05/2024,25/05/2024,719.83,HMPHKZV,70 m² Appartement ∙ 1 chambre ∙ 4 personnes,Loèche-les-Bains - Valais
27/12/2023,25/05/2024,01/06/2024,719.83,HMPHKZV,70 m² Appartement ∙ 1 chambre ∙ 4 personnes,Loèche-les-Bains - Valais
27/12/2023,20/04/2024,27/04/2024,990.00,HSJYH7L,33 m² Appartement ∙ 1 chambre ∙ 2 personnes,Zermatt - Valais
27/12/2023,06/01/2024,13/01/2024,2462.00,HGHYDL4,115 m² Appartement ∙ 2 chambres ∙ 6 personnes,Veysonnaz - Valais
27/12/2023,13/01/2024,20/01/2024,2462.00,HGHYDL4,115 m² Appartement ∙ 2 chambres ∙ 6 personnes,Veysonnaz - Valais
27/12/2023,20/01/2024,27/01/2024,3099.00,HGHYDL4,115 m² Appartement ∙ 2 chambres ∙ 6 personnes,Veysonnaz - Valais
27/12/2023,27/01/2024,03/02/2024,3099.00,HGHYDL4,115 m² Appartement ∙ 2 chambres ∙ 6 personnes,Veysonnaz - Valais
27/12/2023,03/02/2024,10/02/2024,3099.00,HGHYDL4,115 m² Appartement ∙ 2 chambres ∙ 6 personnes,Veysonnaz - Valais
27/12/2023,10/02/2024,17/02/2024,4113.00,HGHYDL4,115 m² Appartement ∙ 2 chambres ∙ 6 personnes,Veysonnaz - Valais
27/12/2023,17/02/2024,24/02/2024,4113.00,HGHYDL4,115 m² Appartement ∙ 2 chambres ∙ 6 personnes,Veysonnaz - Valais
27/12/2023,24/02/2024,02/03/2024,3099.00,HGHYDL4,115 m² Appartement ∙ 2 chambres ∙ 6 personnes,Veysonnaz - Valais
27/12/2023,02/03/2024,09/03/2024,3099.00,HGHYDL4,115 m² Appartement ∙ 2 chambres ∙ 6 personnes,Veysonnaz - Valais
27/12/2023,09/03/2024,16/03/2024,2462.00,HGHYDL4,115 m² Appartement ∙ 2 chambres ∙ 6 personnes,Veysonnaz - Valais
27/12/2023,16/03/2024,23/03/2024,2462.00,HGHYDL4,115 m² Appartement ∙ 2 chambres ∙ 6 personnes,Veysonnaz - Valais
27/12/2023,23/03/2024,30/03/2024,2462.00,HGHYDL4,115 m² Appartement ∙ 2 chambres ∙ 6 personnes,Veysonnaz - Valais
27/12/2023,30/03/2024,06/04/2024,3099.00,HGHYDL4,115 m² Appartement ∙ 2 chambres ∙ 6 personnes,Veysonnaz - Valais
27/12/2023,06/04/2024,13/04/2024,2462.00,HGHYDL4,115 m² Appartement ∙ 2 chambres ∙ 6 personnes,Veysonnaz - Valais
27/12/2023,13/04/2024,20/04/2024,2462.00,HGHYDL4,115 m² Appartement ∙ 2 chambres ∙ 6 personnes,Veysonnaz - Valais
27/12/2023,20/04/2024,27/04/2024,2462.00,HGHYDL4,115 m² Appartement ∙ 2 chambres ∙ 6 personnes,Veysonnaz - Valais
27/12/2023,27/04/2024,04/05/2024,2462.00,HGHYDL4,115 m² Appartement ∙ 2 chambres ∙ 6 personnes,Veysonnaz - Valais
27/12/2023,06/01/2024,13/01/2024,1738.00,HLHNF6A,100 m² Villa ∙ 3 chambres ∙ 6 personnes,Nendaz - Valais
27/12/2023,13/01/2024,20/01/2024,1738.00,HLHNF6A,100 m² Villa ∙ 3 chambres ∙ 6 personnes,Nendaz - Valais
27/12/2023,16/03/2024,23/03/2024,1323.00,HLHNF6A,100 m² Villa ∙ 3 chambres ∙ 6 personnes,Nendaz - Valais
27/12/2023,23/03/2024,30/03/2024,1738.00,HLHNF6A,100 m² Villa ∙ 3 chambres ∙ 6 personnes,Nendaz - Valais
27/12/2023,30/03/2024,06/04/2024,1738.00,HLHNF6A,100 m² Villa ∙ 3 chambres ∙ 6 personnes,Nendaz - Valais
27/12/2023,06/04/2024,13/04/2024,1323.00,HLHNF6A,100 m² Villa ∙ 3 chambres ∙ 6 personnes,Nendaz - Valais
27/12/2023,20/04/2024,27/04/2024,1323.00,HLHNF6A,100 m² Villa ∙ 3 chambres ∙ 6 personnes,Nendaz - Valais
27/12/2023,27/04/2024,04/05/2024,1323.00,HLHNF6A,100 m² Villa ∙ 3 chambres ∙ 6 personnes,Nendaz - Valais
27/12/2023,04/05/2024,11/05/2024,1323.00,HLHNF6A,100 m² Villa ∙ 3 chambres ∙ 6 personnes,Nendaz - Valais
27/12/2023,11/05/2024,18/05/2024,1323.00,HLHNF6A,100 m² Villa ∙ 3 chambres ∙ 6 personnes,Nendaz - Valais
27/12/2023,18/05/2024,25/05/2024,1323.00,HLHNF6A,100 m² Villa ∙ 3 chambres ∙ 6 personnes,Nendaz - Valais
27/12/2023,25/05/2024,01/06/2024,1323.00,HLHNF6A,100 m² Villa ∙ 3 chambres ∙ 6 personnes,Nendaz - Valais
27/12/2023,13/01/2024,20/01/2024,1148.40,HUYECRS,85 m² Appartement ∙ 2 chambres ∙ 6 personnes,Saas Fee - Valais
27/12/2023,13/04/2024,20/04/2024,1224.27,HUYECRS,85 m² Appartement ∙ 2 chambres ∙ 6 personnes,Saas Fee - Valais
27/12/2023,20/04/2024,27/04/2024,1224.27,HUYECRS,85 m² Appartement ∙ 2 chambres ∙ 6 personnes,Saas Fee - Valais
27/12/2023,27/04/2024,04/05/2024,1188.90,HUYECRS,85 m² Appartement ∙ 2 chambres ∙ 6 personnes,Saas Fee - Valais
27/12/2023,04/05/2024,11/05/2024,1134.62,HUYECRS,85 m² Appartement ∙ 2 chambres ∙ 6 personnes,Saas Fee - Valais
27/12/2023,11/05/2024,18/05/2024,1134.62,HUYECRS,85 m² Appartement ∙ 2 chambres ∙ 6 personnes,Saas Fee - Valais
27/12/2023,18/05/2024,25/05/2024,1134.62,HUYECRS,85 m² Appartement ∙ 2 chambres ∙ 6 personnes,Saas Fee - Valais
27/12/2023,25/05/2024,01/06/2024,1134.62,HUYECRS,85 m² Appartement ∙ 2 chambres ∙ 6 personnes,Saas Fee - Valais
27/12/2023,20/04/2024,27/04/2024,930.00,HBUZ76Y,Appartement ∙ 2 chambres ∙ 6 personnes,Nendaz - Valais
27/12/2023,06/01/2024,13/01/2024,1491.57,HWZ8YT2,150 m² Appartement ∙ 3 chambres ∙ 8 personnes,Naters - Valais
27/12/2023,02/03/2024,09/03/2024,1491.57,HWZ8YT2,150 m² Appartement ∙ 3 chambres ∙ 8 personnes,Naters - Valais
27/12/2023,09/03/2024,16/03/2024,1491.57,HWZ8YT2,150 m² Appartement ∙ 3 chambres ∙ 8 personnes,Naters - Valais
27/12/2023,16/03/2024,23/03/2024,1491.57,HWZ8YT2,150 m² Appartement ∙ 3 chambres ∙ 8 personnes,Naters - Valais
27/12/2023,23/03/2024,30/03/2024,1491.57,HWZ8YT2,150 m² Appartement ∙ 3 chambres ∙ 8 personnes,Naters - Valais
27/12/2023,30/03/2024,06/04/2024,1491.57,HWZ8YT2,150 m² Appartement ∙ 3 chambres ∙ 8 personnes,Naters - Valais
27/12/2023,06/04/2024,13/04/2024,1491.57,HWZ8YT2,150 m² Appartement ∙ 3 chambres ∙ 8 personnes,Naters - Valais
27/12/2023,13/04/2024,20/04/2024,1491.57,HWZ8YT2,150 m² Appartement ∙ 3 chambres ∙ 8 personnes,Naters - Valais
27/12/2023,20/04/2024,27/04/2024,1491.57,HWZ8YT2,150 m² Appartement ∙ 3 chambres ∙ 8 personnes,Naters - Valais
27/12/2023,27/04/2024,04/05/2024,1491.57,HWZ8YT2,150 m² Appartement ∙ 3 chambres ∙ 8 personnes,Naters - Valais
27/12/2023,18/05/2024,25/05/2024,1491.57,HWZ8YT2,150 m² Appartement ∙ 3 chambres ∙ 8 personnes,Naters - Valais
27/12/2023,25/05/2024,01/06/2024,1491.57,HWZ8YT2,150 m² Appartement ∙ 3 chambres ∙ 8 personnes,Naters - Valais
27/12/2023,16/03/2024,23/03/2024,1259.95,HZAWEJ0,125 m² Maison de vacances ∙ 3 chambres ∙ 8 personnes,Riddes - Valais
27/12/2023,23/03/2024,30/03/2024,1315.33,HZAWEJ0,125 m² Maison de vacances ∙ 3 chambres ∙ 8 personnes,Riddes - Valais
27/12/2023,13/04/2024,20/04/2024,1260.04,HZAWEJ0,125 m² Maison de vacances ∙ 3 chambres ∙ 8 personnes,Riddes - Valais
27/12/2023,20/04/2024,27/04/2024,1260.04,HZAWEJ0,125 m² Maison de vacances ∙ 3 chambres ∙ 8 personnes,Riddes - Valais
27/12/2023,27/04/2024,04/05/2024,1260.04,HZAWEJ0,125 m² Maison de vacances ∙ 3 chambres ∙ 8 personnes,Riddes - Valais
27/12/2023,04/05/2024,11/05/2024,1260.04,HZAWEJ0,125 m² Maison de vacances ∙ 3 chambres ∙ 8 personnes,Riddes - Valais
27/12/2023,11/05/2024,18/05/2024,1260.04,HZAWEJ0,125 m² Maison de vacances ∙ 3 chambres ∙ 8 personnes,Riddes - Valais
27/12/2023,18/05/2024,25/05/2024,1260.04,HZAWEJ0,125 m² Maison de vacances ∙ 3 chambres ∙ 8 personnes,Riddes - Valais
27/12/2023,25/05/2024,01/06/2024,1260.04,HZAWEJ0,125 m² Maison de vacances ∙ 3 chambres ∙ 8 personnes,Riddes - Valais
27/12/2023,06/01/2024,13/01/2024,899.00,HLVJ3FT,45 m² Appartement ∙ 1 chambre ∙ 4 personnes,Grächen - Valais
27/12/2023,13/01/2024,20/01/2024,1219.00,HLVJ3FT,45 m² Appartement ∙ 1 chambre ∙ 4 personnes,Grächen - Valais
27/12/2023,09/03/2024,16/03/2024,979.00,HLVJ3FT,45 m² Appartement ∙ 1 chambre ∙ 4 personnes,Grächen - Valais
27/12/2023,16/03/2024,23/03/2024,979.00,HLVJ3FT,45 m² Appartement ∙ 1 chambre ∙ 4 personnes,Grächen - Valais
27/12/2023,23/03/2024,30/03/2024,1219.00,HLVJ3FT,45 m² Appartement ∙ 1 chambre ∙ 4 personnes,Grächen - Valais
27/12/2023,06/04/2024,13/04/2024,979.00,HLVJ3FT,45 m² Appartement ∙ 1 chambre ∙ 4 personnes,Grächen - Valais
27/12/2023,13/04/2024,20/04/2024,979.00,HLVJ3FT,45 m² Appartement ∙ 1 chambre ∙ 4 personnes,Grächen - Valais
27/12/2023,20/04/2024,27/04/2024,979.00,HLVJ3FT,45 m² Appartement ∙ 1 chambre ∙ 4 personnes,Grächen - Valais
27/12/2023,27/04/2024,04/05/2024,979.00,HLVJ3FT,45 m² Appartement ∙ 1 chambre ∙ 4 personnes,Grächen - Valais
27/12/2023,04/05/2024,11/05/2024,979.00,HLVJ3FT,45 m² Appartement ∙ 1 chambre ∙ 4 personnes,Grächen - Valais
27/12/2023,11/05/2024,18/05/2024,979.00,HLVJ3FT,45 m² Appartement ∙ 1 chambre ∙ 4 personnes,Grächen - Valais
27/12/2023,18/05/2024,25/05/2024,979.00,HLVJ3FT,45 m² Appartement ∙ 1 chambre ∙ 4 personnes,Grächen - Valais
27/12/2023,25/05/2024,01/06/2024,979.00,HLVJ3FT,45 m² Appartement ∙ 1 chambre ∙ 4 personnes,Grächen - Valais
27/12/2023,13/01/2024,20/01/2024,3040.65,HAH92X1,145 m² Appartement ∙ 3 chambres ∙ 6 personnes,Saas Fee - Valais
27/12/2023,27/01/2024,03/02/2024,4185.25,HAH92X1,145 m² Appartement ∙ 3 chambres ∙ 6 personnes,Saas Fee - Valais
28/12/2023,20/01/2024,27/01/2024,1774.76,HDTE0VY,120 m² Chalet ∙ 3 chambres ∙ 6 personnes,Vex - Valais
28/12/2023,20/01/2024,27/01/2024,1774.76,HDTE0VY,120 m² Chalet ∙ 3 chambres ∙ 6 personnes,Vex - Valais
28/12/2023,09/03/2024,16/03/2024,1774.76,HDTE0VY,120 m² Chalet ∙ 3 chambres ∙ 6 personnes,Vex - Valais
28/12/2023,30/03/2024,06/04/2024,2124.45,HDTE0VY,120 m² Chalet ∙ 3 chambres ∙ 6 personnes,Vex - Valais
28/12/2023,06/04/2024,13/04/2024,1374.23,HDTE0VY,120 m² Chalet ∙ 3 chambres ∙ 6 personnes,Vex - Valais
28/12/2023,13/04/2024,20/04/2024,1350.64,HDTE0VY,120 m² Chalet ∙ 3 chambres ∙ 6 personnes,Vex - Valais
28/12/2023,20/04/2024,27/04/2024,1230.76,HDTE0VY,120 m² Chalet ∙ 3 chambres ∙ 6 personnes,Vex - Valais
28/12/2023,27/04/2024,04/05/2024,1024.12,HDTE0VY,120 m² Chalet ∙ 3 chambres ∙ 6 personnes,Vex - Valais
28/12/2023,20/01/2024,27/01/2024,1774.76,HDTE0VY,120 m² Chalet ∙ 3 chambres ∙ 6 personnes,Vex - Valais
28/12/2023,09/03/2024,16/03/2024,1774.76,HDTE0VY,120 m² Chalet ∙ 3 chambres ∙ 6 personnes,Vex - Valais
28/12/2023,30/03/2024,06/04/2024,2124.45,HDTE0VY,120 m² Chalet ∙ 3 chambres ∙ 6 personnes,Vex - Valais
28/12/2023,06/04/2024,13/04/2024,1374.23,HDTE0VY,120 m² Chalet ∙ 3 chambres ∙ 6 personnes,Vex - Valais
28/12/2023,13/04/2024,20/04/2024,1350.64,HDTE0VY,120 m² Chalet ∙ 3 chambres ∙ 6 personnes,Vex - Valais
28/12/2023,20/04/2024,27/04/2024,1230.76,HDTE0VY,120 m² Chalet ∙ 3 chambres ∙ 6 personnes,Vex - Valais
28/12/2023,27/04/2024,04/05/2024,1024.12,HDTE0VY,120 m² Chalet ∙ 3 chambres ∙ 6 personnes,Vex - Valais
28/12/2023,04/05/2024,11/05/2024,1024.12,HDTE0VY,120 m² Chalet ∙ 3 chambres ∙ 6 personnes,Vex - Valais
28/12/2023,11/05/2024,18/05/2024,1024.12,HDTE0VY,120 m² Chalet ∙ 3 chambres ∙ 6 personnes,Vex - Valais
28/12/2023,18/05/2024,25/05/2024,1024.12,HDTE0VY,120 m² Chalet ∙ 3 chambres ∙ 6 personnes,Vex - Valais
28/12/2023,25/05/2024,01/06/2024,1110.86,HDTE0VY,120 m² Chalet ∙ 3 chambres ∙ 6 personnes,Vex - Valais
28/12/2023,06/01/2024,13/01/2024,2793.29,HVU5FTN,135 m² Appartement ∙ 4 chambres ∙ 6 personnes,Termen - Valais
28/12/2023,13/01/2024,20/01/2024,2793.29,HVU5FTN,135 m² Appartement ∙ 4 chambres ∙ 6 personnes,Termen - Valais
28/12/2023,20/01/2024,27/01/2024,3103.65,HVU5FTN,135 m² Appartement ∙ 4 chambres ∙ 6 personnes,Termen - Valais
28/12/2023,24/02/2024,02/03/2024,3103.65,HVU5FTN,135 m² Appartement ∙ 4 chambres ∙ 6 personnes,Termen - Valais
28/12/2023,09/03/2024,16/03/2024,2793.29,HVU5FTN,135 m² Appartement ∙ 4 chambres ∙ 6 personnes,Termen - Valais
28/12/2023,16/03/2024,23/03/2024,2793.29,HVU5FTN,135 m² Appartement ∙ 4 chambres ∙ 6 personnes,Termen - Valais
28/12/2023,16/03/2024,23/03/2024,3111.60,H14XDVB,Maison de vacances ∙ 4 chambres ∙ 7 personnes,Champéry - Valais
28/12/2023,23/03/2024,30/03/2024,3111.60,H14XDVB,Maison de vacances ∙ 4 chambres ∙ 7 personnes,Champéry - Valais
28/12/2023,30/03/2024,06/04/2024,2335.69,H14XDVB,Maison de vacances ∙ 4 chambres ∙ 7 personnes,Champéry - Valais
28/12/2023,06/04/2024,13/04/2024,2335.69,H14XDVB,Maison de vacances ∙ 4 chambres ∙ 7 personnes,Champéry - Valais
28/12/2023,13/04/2024,20/04/2024,2335.69,H14XDVB,Maison de vacances ∙ 4 chambres ∙ 7 personnes,Champéry - Valais
28/12/2023,20/04/2024,27/04/2024,2335.69,H14XDVB,Maison de vacances ∙ 4 chambres ∙ 7 personnes,Champéry - Valais
28/12/2023,27/04/2024,04/05/2024,2335.69,H14XDVB,Maison de vacances ∙ 4 chambres ∙ 7 personnes,Champéry - Valais
28/12/2023,04/05/2024,11/05/2024,2335.69,H14XDVB,Maison de vacances ∙ 4 chambres ∙ 7 personnes,Champéry - Valais
28/12/2023,11/05/2024,18/05/2024,2335.69,H14XDVB,Maison de vacances ∙ 4 chambres ∙ 7 personnes,Champéry - Valais
28/12/2023,18/05/2024,25/05/2024,2335.69,H14XDVB,Maison de vacances ∙ 4 chambres ∙ 7 personnes,Champéry - Valais
28/12/2023,25/05/2024,01/06/2024,2423.57,H14XDVB,Maison de vacances ∙ 4 chambres ∙ 7 personnes,Champéry - Valais
28/12/2023,27/01/2024,03/02/2024,787.16,H1XJSYF,50 m² Appartement ∙ 1 chambre ∙ 3 personnes,Saas-Almagell - Valais
28/12/2023,13/04/2024,20/04/2024,674.71,H1XJSYF,50 m² Appartement ∙ 1 chambre ∙ 3 personnes,Saas-Almagell - Valais
28/12/2023,20/04/2024,27/04/2024,674.71,H1XJSYF,50 m² Appartement ∙ 1 chambre ∙ 3 personnes,Saas-Almagell - Valais
28/12/2023,27/04/2024,04/05/2024,674.71,H1XJSYF,50 m² Appartement ∙ 1 chambre ∙ 3 personnes,Saas-Almagell - Valais
28/12/2023,04/05/2024,11/05/2024,674.71,H1XJSYF,50 m² Appartement ∙ 1 chambre ∙ 3 personnes,Saas-Almagell - Valais
28/12/2023,11/05/2024,18/05/2024,674.71,H1XJSYF,50 m² Appartement ∙ 1 chambre ∙ 3 personnes,Saas-Almagell - Valais
28/12/2023,18/05/2024,25/05/2024,674.71,H1XJSYF,50 m² Appartement ∙ 1 chambre ∙ 3 personnes,Saas-Almagell - Valais
28/12/2023,25/05/2024,01/06/2024,674.71,H1XJSYF,50 m² Appartement ∙ 1 chambre ∙ 3 personnes,Saas-Almagell - Valais
28/12/2023,06/01/2024,13/01/2024,1001.14,HLPRT5V,85 m² Appartement ∙ 2 chambres ∙ 4 personnes,Saas Grund - Valais
28/12/2023,13/01/2024,20/01/2024,962.58,HLPRT5V,85 m² Appartement ∙ 2 chambres ∙ 4 personnes,Saas Grund - Valais
28/12/2023,20/01/2024,27/01/2024,962.58,HLPRT5V,85 m² Appartement ∙ 2 chambres ∙ 4 personnes,Saas Grund - Valais
28/12/2023,24/02/2024,02/03/2024,1764.73,HLPRT5V,85 m² Appartement ∙ 2 chambres ∙ 4 personnes,Saas Grund - Valais
28/12/2023,02/03/2024,09/03/2024,962.58,HLPRT5V,85 m² Appartement ∙ 2 chambres ∙ 4 personnes,Saas Grund - Valais
28/12/2023,16/03/2024,23/03/2024,962.58,HLPRT5V,85 m² Appartement ∙ 2 chambres ∙ 4 personnes,Saas Grund - Valais
28/12/2023,30/03/2024,06/04/2024,1042.79,HLPRT5V,85 m² Appartement ∙ 2 chambres ∙ 4 personnes,Saas Grund - Valais
28/12/2023,06/04/2024,13/04/2024,721.93,HLPRT5V,85 m² Appartement ∙ 2 chambres ∙ 4 personnes,Saas Grund - Valais
28/12/2023,13/04/2024,20/04/2024,721.93,HLPRT5V,85 m² Appartement ∙ 2 chambres ∙ 4 personnes,Saas Grund - Valais
28/12/2023,30/12/2023,06/01/2024,1302.43,HU3H6R4,45 m² Maison de vacances ∙ 2 chambres ∙ 6 personnes,Saas-Balen - Valais
28/12/2023,06/01/2024,13/01/2024,388.73,HU3H6R4,45 m² Maison de vacances ∙ 2 chambres ∙ 6 personnes,Saas-Balen - Valais
28/12/2023,13/01/2024,20/01/2024,388.73,HU3H6R4,45 m² Maison de vacances ∙ 2 chambres ∙ 6 personnes,Saas-Balen - Valais
28/12/2023,20/01/2024,27/01/2024,388.73,HU3H6R4,45 m² Maison de vacances ∙ 2 chambres ∙ 6 personnes,Saas-Balen - Valais
28/12/2023,27/01/2024,03/02/2024,754.04,HU3H6R4,45 m² Maison de vacances ∙ 2 chambres ∙ 6 personnes,Saas-Balen - Valais
28/12/2023,03/02/2024,10/02/2024,1165.54,HU3H6R4,45 m² Maison de vacances ∙ 2 chambres ∙ 6 personnes,Saas-Balen - Valais
28/12/2023,02/03/2024,09/03/2024,453.75,HU3H6R4,45 m² Maison de vacances ∙ 2 chambres ∙ 6 personnes,Saas-Balen - Valais
28/12/2023,16/03/2024,23/03/2024,453.75,HU3H6R4,45 m² Maison de vacances ∙ 2 chambres ∙ 6 personnes,Saas-Balen - Valais
28/12/2023,23/03/2024,30/03/2024,754.04,HU3H6R4,45 m² Maison de vacances ∙ 2 chambres ∙ 6 personnes,Saas-Balen - Valais
28/12/2023,30/03/2024,06/04/2024,642.82,HU3H6R4,45 m² Maison de vacances ∙ 2 chambres ∙ 6 personnes,Saas-Balen - Valais
28/12/2023,06/01/2024,13/01/2024,1245.10,H15FV0K,55 m² Appartement ∙ 1 chambre ∙ 4 personnes,Saas Fee - Valais
28/12/2023,13/01/2024,20/01/2024,1245.10,H15FV0K,55 m² Appartement ∙ 1 chambre ∙ 4 personnes,Saas Fee - Valais
28/12/2023,20/01/2024,27/01/2024,1245.10,H15FV0K,55 m² Appartement ∙ 1 chambre ∙ 4 personnes,Saas Fee - Valais
28/12/2023,06/01/2024,13/01/2024,1696.00,H6SF48Y,180 m² Maison de vacances ∙ 5 chambres ∙ 12 personnes,Val-d'Illiez - Valais
28/12/2023,13/01/2024,20/01/2024,1696.00,H6SF48Y,180 m² Maison de vacances ∙ 5 chambres ∙ 12 personnes,Val-d'Illiez - Valais
28/12/2023,20/01/2024,27/01/2024,1995.00,H6SF48Y,180 m² Maison de vacances ∙ 5 chambres ∙ 12 personnes,Val-d'Illiez - Valais
28/12/2023,09/03/2024,16/03/2024,1995.00,H6SF48Y,180 m² Maison de vacances ∙ 5 chambres ∙ 12 personnes,Val-d'Illiez - Valais
28/12/2023,30/03/2024,06/04/2024,1750.00,H6SF48Y,180 m² Maison de vacances ∙ 5 chambres ∙ 12 personnes,Val-d'Illiez - Valais
28/12/2023,06/04/2024,13/04/2024,1696.00,H6SF48Y,180 m² Maison de vacances ∙ 5 chambres ∙ 12 personnes,Val-d'Illiez - Valais
28/12/2023,13/04/2024,20/04/2024,1696.00,H6SF48Y,180 m² Maison de vacances ∙ 5 chambres ∙ 12 personnes,Val-d'Illiez - Valais
28/12/2023,20/04/2024,27/04/2024,1696.00,H6SF48Y,180 m² Maison de vacances ∙ 5 chambres ∙ 12 personnes,Val-d'Illiez - Valais
28/12/2023,27/04/2024,04/05/2024,1696.00,H6SF48Y,180 m² Maison de vacances ∙ 5 chambres ∙ 12 personnes,Val-d'Illiez - Valais
28/12/2023,10/02/2024,17/02/2024,1569.00,HZXP5EJ,33 m² Maison de vacances ∙ 1 chambre ∙ 2 personnes,Crans-Montana - Valais
28/12/2023,06/04/2024,13/04/2024,704.00,HZXP5EJ,33 m² Maison de vacances ∙ 1 chambre ∙ 2 personnes,Crans-Montana - Valais
28/12/2023,13/04/2024,20/04/2024,704.00,HZXP5EJ,33 m² Maison de vacances ∙ 1 chambre ∙ 2 personnes,Crans-Montana - Valais
28/12/2023,20/04/2024,27/04/2024,704.00,HZXP5EJ,33 m² Maison de vacances ∙ 1 chambre ∙ 2 personnes,Crans-Montana - Valais
28/12/2023,27/04/2024,04/05/2024,704.00,HZXP5EJ,33 m² Maison de vacances ∙ 1 chambre ∙ 2 personnes,Crans-Montana - Valais
28/12/2023,11/05/2024,18/05/2024,704.00,HZXP5EJ,33 m² Maison de vacances ∙ 1 chambre ∙ 2 personnes,Crans-Montana - Valais
28/12/2023,18/05/2024,25/05/2024,704.00,HZXP5EJ,33 m² Maison de vacances ∙ 1 chambre ∙ 2 personnes,Crans-Montana - Valais
28/12/2023,25/05/2024,01/06/2024,704.00,HZXP5EJ,33 m² Maison de vacances ∙ 1 chambre ∙ 2 personnes,Crans-Montana - Valais
28/12/2023,13/01/2024,20/01/2024,2007.04,HEK874M,81 m² Appartement ∙ 2 chambres ∙ 5 personnes,Saas Fee - Valais
28/12/2023,20/01/2024,27/01/2024,2007.04,HEK874M,81 m² Appartement ∙ 2 chambres ∙ 5 personnes,Saas Fee - Valais
28/12/2023,09/03/2024,16/03/2024,2656.78,HEK874M,81 m² Appartement ∙ 2 chambres ∙ 5 personnes,Saas Fee - Valais
28/12/2023,16/03/2024,23/03/2024,2656.78,HEK874M,81 m² Appartement ∙ 2 chambres ∙ 5 personnes,Saas Fee - Valais
28/12/2023,13/04/2024,20/04/2024,2822.78,HEK874M,81 m² Appartement ∙ 2 chambres ∙ 5 personnes,Saas Fee - Valais
28/12/2023,06/04/2024,13/04/2024,1508.23,HWHPD36,55 m² Appartement ∙ 2 chambres ∙ 5 personnes,Saas Fee - Valais
28/12/2023,13/04/2024,20/04/2024,1508.23,HWHPD36,55 m² Appartement ∙ 2 chambres ∙ 5 personnes,Saas Fee - Valais
28/12/2023,06/01/2024,13/01/2024,1351.00,HWHDXYP,90 m² Appartement ∙ 3 chambres ∙ 5 personnes,Crans-Montana - Valais
28/12/2023,13/01/2024,20/01/2024,1758.00,HWHDXYP,90 m² Appartement ∙ 3 chambres ∙ 5 personnes,Crans-Montana - Valais
28/12/2023,20/01/2024,27/01/2024,1758.00,HWHDXYP,90 m² Appartement ∙ 3 chambres ∙ 5 personnes,Crans-Montana - Valais
28/12/2023,27/01/2024,03/02/2024,1853.00,HWHDXYP,90 m² Appartement ∙ 3 chambres ∙ 5 personnes,Crans-Montana - Valais
28/12/2023,16/03/2024,23/03/2024,1361.00,HWHDXYP,90 m² Appartement ∙ 3 chambres ∙ 5 personnes,Crans-Montana - Valais
28/12/2023,06/04/2024,13/04/2024,1361.00,HWHDXYP,90 m² Appartement ∙ 3 chambres ∙ 5 personnes,Crans-Montana - Valais
28/12/2023,13/04/2024,20/04/2024,1361.00,HWHDXYP,90 m² Appartement ∙ 3 chambres ∙ 5 personnes,Crans-Montana - Valais
28/12/2023,20/04/2024,27/04/2024,1361.00,HWHDXYP,90 m² Appartement ∙ 3 chambres ∙ 5 personnes,Crans-Montana - Valais
28/12/2023,27/04/2024,04/05/2024,1361.00,HWHDXYP,90 m² Appartement ∙ 3 chambres ∙ 5 personnes,Crans-Montana - Valais
28/12/2023,04/05/2024,11/05/2024,1361.00,HWHDXYP,90 m² Appartement ∙ 3 chambres ∙ 5 personnes,Crans-Montana - Valais
28/12/2023,11/05/2024,18/05/2024,1361.00,HWHDXYP,90 m² Appartement ∙ 3 chambres ∙ 5 personnes,Crans-Montana - Valais
28/12/2023,18/05/2024,25/05/2024,1361.00,HWHDXYP,90 m² Appartement ∙ 3 chambres ∙ 5 personnes,Crans-Montana - Valais
28/12/2023,25/05/2024,01/06/2024,1361.00,HWHDXYP,90 m² Appartement ∙ 3 chambres ∙ 5 personnes,Crans-Montana - Valais
28/12/2023,20/04/2024,27/04/2024,1435.15,H2Y4501,Appartement ∙ 2 chambres ∙ 4 personnes,Zermatt - Valais
28/12/2023,27/04/2024,04/05/2024,1435.15,H2Y4501,Appartement ∙ 2 chambres ∙ 4 personnes,Zermatt - Valais
28/12/2023,25/05/2024,01/06/2024,1435.15,H2Y4501,Appartement ∙ 2 chambres ∙ 4 personnes,Zermatt - Valais
28/12/2023,06/04/2024,13/04/2024,3115.65,HFHG18C,Appartement ∙ 4 chambres ∙ 10 personnes,Grächen - Valais
28/12/2023,13/04/2024,20/04/2024,2339.73,HFHG18C,Appartement ∙ 4 chambres ∙ 10 personnes,Grächen - Valais
28/12/2023,20/04/2024,27/04/2024,2339.73,HFHG18C,Appartement ∙ 4 chambres ∙ 10 personnes,Grächen - Valais
28/12/2023,27/04/2024,04/05/2024,2339.73,HFHG18C,Appartement ∙ 4 chambres ∙ 10 personnes,Grächen - Valais
28/12/2023,04/05/2024,11/05/2024,2339.73,HFHG18C,Appartement ∙ 4 chambres ∙ 10 personnes,Grächen - Valais
28/12/2023,11/05/2024,18/05/2024,2339.73,HFHG18C,Appartement ∙ 4 chambres ∙ 10 personnes,Grächen - Valais
28/12/2023,18/05/2024,25/05/2024,2339.73,HFHG18C,Appartement ∙ 4 chambres ∙ 10 personnes,Grächen - Valais
28/12/2023,25/05/2024,01/06/2024,2339.73,HFHG18C,Appartement ∙ 4 chambres ∙ 10 personnes,Grächen - Valais
28/12/2023,06/01/2024,13/01/2024,1136.00,HCB35GF,80 m² Villa ∙ 1 chambre ∙ 5 personnes,Nendaz - Valais
28/12/2023,13/01/2024,20/01/2024,1457.00,HCB35GF,80 m² Villa ∙ 1 chambre ∙ 5 personnes,Nendaz - Valais
28/12/2023,20/01/2024,27/01/2024,1457.00,HCB35GF,80 m² Villa ∙ 1 chambre ∙ 5 personnes,Nendaz - Valais
28/12/2023,24/02/2024,02/03/2024,1774.00,HCB35GF,80 m² Villa ∙ 1 chambre ∙ 5 personnes,Nendaz - Valais
28/12/2023,02/03/2024,09/03/2024,1457.00,HCB35GF,80 m² Villa ∙ 1 chambre ∙ 5 personnes,Nendaz - Valais
28/12/2023,09/03/2024,16/03/2024,1154.00,HCB35GF,80 m² Villa ∙ 1 chambre ∙ 5 personnes,Nendaz - Valais
28/12/2023,16/03/2024,23/03/2024,1154.00,HCB35GF,80 m² Villa ∙ 1 chambre ∙ 5 personnes,Nendaz - Valais
28/12/2023,23/03/2024,30/03/2024,1457.00,HCB35GF,80 m² Villa ∙ 1 chambre ∙ 5 personnes,Nendaz - Valais
28/12/2023,30/03/2024,06/04/2024,1457.00,HCB35GF,80 m² Villa ∙ 1 chambre ∙ 5 personnes,Nendaz - Valais
28/12/2023,06/04/2024,13/04/2024,1154.00,HCB35GF,80 m² Villa ∙ 1 chambre ∙ 5 personnes,Nendaz - Valais
28/12/2023,13/04/2024,20/04/2024,1154.00,HCB35GF,80 m² Villa ∙ 1 chambre ∙ 5 personnes,Nendaz - Valais
28/12/2023,20/04/2024,27/04/2024,1154.00,HCB35GF,80 m² Villa ∙ 1 chambre ∙ 5 personnes,Nendaz - Valais
28/12/2023,27/04/2024,04/05/2024,1154.00,HCB35GF,80 m² Villa ∙ 1 chambre ∙ 5 personnes,Nendaz - Valais
28/12/2023,04/05/2024,11/05/2024,1154.00,HCB35GF,80 m² Villa ∙ 1 chambre ∙ 5 personnes,Nendaz - Valais
28/12/2023,11/05/2024,18/05/2024,1154.00,HCB35GF,80 m² Villa ∙ 1 chambre ∙ 5 personnes,Nendaz - Valais
28/12/2023,18/05/2024,25/05/2024,1154.00,HCB35GF,80 m² Villa ∙ 1 chambre ∙ 5 personnes,Nendaz - Valais
28/12/2023,25/05/2024,01/06/2024,1154.00,HCB35GF,80 m² Villa ∙ 1 chambre ∙ 5 personnes,Nendaz - Valais
28/12/2023,06/01/2024,13/01/2024,505.36,HHX6MTC,36 m² Appartement ∙ 1 chambre ∙ 3 personnes,Saas Fee - Valais
28/12/2023,13/01/2024,20/01/2024,505.36,HHX6MTC,36 m² Appartement ∙ 1 chambre ∙ 3 personnes,Saas Fee - Valais
28/12/2023,24/02/2024,02/03/2024,585.57,HHX6MTC,36 m² Appartement ∙ 1 chambre ∙ 3 personnes,Saas Fee - Valais
28/12/2023,16/03/2024,23/03/2024,505.36,HHX6MTC,36 m² Appartement ∙ 1 chambre ∙ 3 personnes,Saas Fee - Valais
28/12/2023,23/03/2024,30/03/2024,906.43,HHX6MTC,36 m² Appartement ∙ 1 chambre ∙ 3 personnes,Saas Fee - Valais
28/12/2023,30/03/2024,06/04/2024,906.43,HHX6MTC,36 m² Appartement ∙ 1 chambre ∙ 3 personnes,Saas Fee - Valais
28/12/2023,06/04/2024,13/04/2024,505.36,HHX6MTC,36 m² Appartement ∙ 1 chambre ∙ 3 personnes,Saas Fee - Valais
28/12/2023,13/04/2024,20/04/2024,505.36,HHX6MTC,36 m² Appartement ∙ 1 chambre ∙ 3 personnes,Saas Fee - Valais
28/12/2023,16/03/2024,23/03/2024,2137.00,H1KR43B,140 m² Villa ∙ 3 chambres ∙ 8 personnes,Orsières - Valais
28/12/2023,23/03/2024,30/03/2024,2154.00,H1KR43B,140 m² Villa ∙ 3 chambres ∙ 8 personnes,Orsières - Valais
28/12/2023,30/03/2024,06/04/2024,2154.00,H1KR43B,140 m² Villa ∙ 3 chambres ∙ 8 personnes,Orsières - Valais
28/12/2023,06/04/2024,13/04/2024,1446.00,H1KR43B,140 m² Villa ∙ 3 chambres ∙ 8 personnes,Orsières - Valais
28/12/2023,13/04/2024,20/04/2024,1446.00,H1KR43B,140 m² Villa ∙ 3 chambres ∙ 8 personnes,Orsières - Valais
28/12/2023,20/04/2024,27/04/2024,1446.00,H1KR43B,140 m² Villa ∙ 3 chambres ∙ 8 personnes,Orsières - Valais
28/12/2023,27/04/2024,04/05/2024,1446.00,H1KR43B,140 m² Villa ∙ 3 chambres ∙ 8 personnes,Orsières - Valais
28/12/2023,04/05/2024,11/05/2024,1446.00,H1KR43B,140 m² Villa ∙ 3 chambres ∙ 8 personnes,Orsières - Valais
28/12/2023,11/05/2024,18/05/2024,1446.00,H1KR43B,140 m² Villa ∙ 3 chambres ∙ 8 personnes,Orsières - Valais
28/12/2023,18/05/2024,25/05/2024,1446.00,H1KR43B,140 m² Villa ∙ 3 chambres ∙ 8 personnes,Orsières - Valais
28/12/2023,25/05/2024,01/06/2024,1446.00,H1KR43B,140 m² Villa ∙ 3 chambres ∙ 8 personnes,Orsières - Valais
28/12/2023,13/01/2024,20/01/2024,783.00,HHYKFP4,30 m² Maison de vacances ∙ 1 chambre ∙ 2 personnes,Crans-Montana - Valais
28/12/2023,03/02/2024,10/02/2024,886.00,HHYKFP4,30 m² Maison de vacances ∙ 1 chambre ∙ 2 personnes,Crans-Montana - Valais
28/12/2023,10/02/2024,17/02/2024,1275.00,HHYKFP4,30 m² Maison de vacances ∙ 1 chambre ∙ 2 personnes,Crans-Montana - Valais
28/12/2023,17/02/2024,24/02/2024,1275.00,HHYKFP4,30 m² Maison de vacances ∙ 1 chambre ∙ 2 personnes,Crans-Montana - Valais
28/12/2023,13/04/2024,20/04/2024,696.00,HHYKFP4,30 m² Maison de vacances ∙ 1 chambre ∙ 2 personnes,Crans-Montana - Valais
28/12/2023,20/04/2024,27/04/2024,696.00,HHYKFP4,30 m² Maison de vacances ∙ 1 chambre ∙ 2 personnes,Crans-Montana - Valais
28/12/2023,27/04/2024,04/05/2024,696.00,HHYKFP4,30 m² Maison de vacances ∙ 1 chambre ∙ 2 personnes,Crans-Montana - Valais
28/12/2023,04/05/2024,11/05/2024,696.00,HHYKFP4,30 m² Maison de vacances ∙ 1 chambre ∙ 2 personnes,Crans-Montana - Valais
28/12/2023,11/05/2024,18/05/2024,696.00,HHYKFP4,30 m² Maison de vacances ∙ 1 chambre ∙ 2 personnes,Crans-Montana - Valais
28/12/2023,20/04/2024,27/04/2024,1570.00,HA87WUL,65 m² Appartement ∙ 2 chambres ∙ 4 personnes,Zermatt - Valais
28/12/2023,27/04/2024,04/05/2024,1399.00,HA87WUL,65 m² Appartement ∙ 2 chambres ∙ 4 personnes,Zermatt - Valais
28/12/2023,04/05/2024,11/05/2024,1399.00,HA87WUL,65 m² Appartement ∙ 2 chambres ∙ 4 personnes,Zermatt - Valais
28/12/2023,11/05/2024,18/05/2024,1399.00,HA87WUL,65 m² Appartement ∙ 2 chambres ∙ 4 personnes,Zermatt - Valais
28/12/2023,18/05/2024,25/05/2024,1399.00,HA87WUL,65 m² Appartement ∙ 2 chambres ∙ 4 personnes,Zermatt - Valais
28/12/2023,25/05/2024,01/06/2024,1399.00,HA87WUL,65 m² Appartement ∙ 2 chambres ∙ 4 personnes,Zermatt - Valais
28/12/2023,06/01/2024,13/01/2024,1248.85,H8S7103,65 m² Appartement ∙ 2 chambres ∙ 5 personnes,Loèche-les-Bains - Valais
28/12/2023,27/01/2024,03/02/2024,1337.30,H8S7103,65 m² Appartement ∙ 2 chambres ∙ 5 personnes,Loèche-les-Bains - Valais
28/12/2023,02/03/2024,09/03/2024,1118.49,H8S7103,65 m² Appartement ∙ 2 chambres ∙ 5 personnes,Loèche-les-Bains - Valais
28/12/2023,09/03/2024,16/03/2024,1118.49,H8S7103,65 m² Appartement ∙ 2 chambres ∙ 5 personnes,Loèche-les-Bains - Valais
28/12/2023,16/03/2024,23/03/2024,1118.49,H8S7103,65 m² Appartement ∙ 2 chambres ∙ 5 personnes,Loèche-les-Bains - Valais
28/12/2023,06/04/2024,13/04/2024,1118.49,H8S7103,65 m² Appartement ∙ 2 chambres ∙ 5 personnes,Loèche-les-Bains - Valais
28/12/2023,13/04/2024,20/04/2024,881.07,H8S7103,65 m² Appartement ∙ 2 chambres ∙ 5 personnes,Loèche-les-Bains - Valais
28/12/2023,20/04/2024,27/04/2024,881.07,H8S7103,65 m² Appartement ∙ 2 chambres ∙ 5 personnes,Loèche-les-Bains - Valais
28/12/2023,06/01/2024,13/01/2024,824.64,HWPS283,Appartement ∙ 2 chambres ∙ 5 personnes,Grächen - Valais
28/12/2023,13/01/2024,20/01/2024,824.64,HWPS283,Appartement ∙ 2 chambres ∙ 5 personnes,Grächen - Valais
28/12/2023,20/01/2024,27/01/2024,824.64,HWPS283,Appartement ∙ 2 chambres ∙ 5 personnes,Grächen - Valais
28/12/2023,24/02/2024,02/03/2024,974.57,HWPS283,Appartement ∙ 2 chambres ∙ 5 personnes,Grächen - Valais
28/12/2023,02/03/2024,09/03/2024,824.64,HWPS283,Appartement ∙ 2 chambres ∙ 5 personnes,Grächen - Valais
28/12/2023,09/03/2024,16/03/2024,824.64,HWPS283,Appartement ∙ 2 chambres ∙ 5 personnes,Grächen - Valais
28/12/2023,16/03/2024,23/03/2024,824.64,HWPS283,Appartement ∙ 2 chambres ∙ 5 personnes,Grächen - Valais
28/12/2023,23/03/2024,30/03/2024,974.57,HWPS283,Appartement ∙ 2 chambres ∙ 5 personnes,Grächen - Valais
28/12/2023,30/03/2024,06/04/2024,974.57,HWPS283,Appartement ∙ 2 chambres ∙ 5 personnes,Grächen - Valais
28/12/2023,09/03/2024,16/03/2024,1339.99,HXC7EAY,30 m² Studio ∙ 3 personnes,Vex - Valais
28/12/2023,16/03/2024,23/03/2024,1071.50,HXC7EAY,30 m² Studio ∙ 3 personnes,Vex - Valais
28/12/2023,23/03/2024,30/03/2024,873.21,HXC7EAY,30 m² Studio ∙ 3 personnes,Vex - Valais
28/12/2023,30/03/2024,06/04/2024,1158.94,HXC7EAY,30 m² Studio ∙ 3 personnes,Vex - Valais
28/12/2023,06/04/2024,13/04/2024,769.76,HXC7EAY,30 m² Studio ∙ 3 personnes,Vex - Valais
28/12/2023,13/04/2024,20/04/2024,657.68,HXC7EAY,30 m² Studio ∙ 3 personnes,Vex - Valais
28/12/2023,20/04/2024,27/04/2024,570.23,HXC7EAY,30 m² Studio ∙ 3 personnes,Vex - Valais
28/12/2023,06/01/2024,13/01/2024,1337.00,HEV9HF5,49 m² Maison de vacances ∙ 1 chambre ∙ 4 personnes,Vex - Valais
28/12/2023,13/01/2024,20/01/2024,1337.00,HEV9HF5,49 m² Maison de vacances ∙ 1 chambre ∙ 4 personnes,Vex - Valais
28/12/2023,20/01/2024,27/01/2024,1337.00,HEV9HF5,49 m² Maison de vacances ∙ 1 chambre ∙ 4 personnes,Vex - Valais
28/12/2023,24/02/2024,02/03/2024,1966.00,HEV9HF5,49 m² Maison de vacances ∙ 1 chambre ∙ 4 personnes,Vex - Valais
28/12/2023,02/03/2024,09/03/2024,1337.00,HEV9HF5,49 m² Maison de vacances ∙ 1 chambre ∙ 4 personnes,Vex - Valais
28/12/2023,23/03/2024,30/03/2024,1337.00,HEV9HF5,49 m² Maison de vacances ∙ 1 chambre ∙ 4 personnes,Vex - Valais
28/12/2023,30/03/2024,06/04/2024,1337.00,HEV9HF5,49 m² Maison de vacances ∙ 1 chambre ∙ 4 personnes,Vex - Valais
28/12/2023,06/04/2024,13/04/2024,1337.00,HEV9HF5,49 m² Maison de vacances ∙ 1 chambre ∙ 4 personnes,Vex - Valais
28/12/2023,17/02/2024,24/02/2024,1796.00,H8BPS6T,75 m² Appartement ∙ 1 chambre ∙ 4 personnes,Orsières - Valais
28/12/2023,09/03/2024,16/03/2024,1019.00,H8BPS6T,75 m² Appartement ∙ 1 chambre ∙ 4 personnes,Orsières - Valais
28/12/2023,16/03/2024,23/03/2024,1019.00,H8BPS6T,75 m² Appartement ∙ 1 chambre ∙ 4 personnes,Orsières - Valais
28/12/2023,23/03/2024,30/03/2024,1364.00,H8BPS6T,75 m² Appartement ∙ 1 chambre ∙ 4 personnes,Orsières - Valais
28/12/2023,30/03/2024,06/04/2024,1364.00,H8BPS6T,75 m² Appartement ∙ 1 chambre ∙ 4 personnes,Orsières - Valais
28/12/2023,06/04/2024,13/04/2024,1019.00,H8BPS6T,75 m² Appartement ∙ 1 chambre ∙ 4 personnes,Orsières - Valais
28/12/2023,13/04/2024,20/04/2024,1019.00,H8BPS6T,75 m² Appartement ∙ 1 chambre ∙ 4 personnes,Orsières - Valais
28/12/2023,20/04/2024,27/04/2024,1019.00,H8BPS6T,75 m² Appartement ∙ 1 chambre ∙ 4 personnes,Orsières - Valais
28/12/2023,27/04/2024,04/05/2024,1019.00,H8BPS6T,75 m² Appartement ∙ 1 chambre ∙ 4 personnes,Orsières - Valais
28/12/2023,04/05/2024,11/05/2024,1019.00,H8BPS6T,75 m² Appartement ∙ 1 chambre ∙ 4 personnes,Orsières - Valais
28/12/2023,11/05/2024,18/05/2024,1019.00,H8BPS6T,75 m² Appartement ∙ 1 chambre ∙ 4 personnes,Orsières - Valais
28/12/2023,18/05/2024,25/05/2024,1019.00,H8BPS6T,75 m² Appartement ∙ 1 chambre ∙ 4 personnes,Orsières - Valais
28/12/2023,25/05/2024,01/06/2024,1019.00,H8BPS6T,75 m² Appartement ∙ 1 chambre ∙ 4 personnes,Orsières - Valais
28/12/2023,06/01/2024,13/01/2024,1006.63,HL4NB1V,Studio ∙ 4 personnes,Val-d'Illiez - Valais
28/12/2023,13/01/2024,20/01/2024,1006.63,HL4NB1V,Studio ∙ 4 personnes,Val-d'Illiez - Valais
28/12/2023,20/01/2024,27/01/2024,1006.63,HL4NB1V,Studio ∙ 4 personnes,Val-d'Illiez - Valais
28/12/2023,27/01/2024,03/02/2024,1006.63,HL4NB1V,Studio ∙ 4 personnes,Val-d'Illiez - Valais
28/12/2023,02/03/2024,09/03/2024,1006.63,HL4NB1V,Studio ∙ 4 personnes,Val-d'Illiez - Valais
28/12/2023,09/03/2024,16/03/2024,1006.63,HL4NB1V,Studio ∙ 4 personnes,Val-d'Illiez - Valais
28/12/2023,30/03/2024,06/04/2024,1006.63,HL4NB1V,Studio ∙ 4 personnes,Val-d'Illiez - Valais
28/12/2023,06/04/2024,13/04/2024,1006.63,HL4NB1V,Studio ∙ 4 personnes,Val-d'Illiez - Valais
28/12/2023,13/04/2024,20/04/2024,1006.63,HL4NB1V,Studio ∙ 4 personnes,Val-d'Illiez - Valais
28/12/2023,06/01/2024,13/01/2024,848.25,HJEBA48,40 m² Appartement ∙ 1 chambre ∙ 3 personnes,Saas Fee - Valais
28/12/2023,13/04/2024,20/04/2024,848.25,HJEBA48,40 m² Appartement ∙ 1 chambre ∙ 3 personnes,Saas Fee - Valais
28/12/2023,06/01/2024,13/01/2024,1235.00,H9Y06DT,90 m² Appartement ∙ 3 chambres ∙ 8 personnes,Hérémence - Valais
28/12/2023,13/01/2024,20/01/2024,1235.00,H9Y06DT,90 m² Appartement ∙ 3 chambres ∙ 8 personnes,Hérémence - Valais
28/12/2023,24/02/2024,02/03/2024,2190.00,H9Y06DT,90 m² Appartement ∙ 3 chambres ∙ 8 personnes,Hérémence - Valais
28/12/2023,09/03/2024,16/03/2024,1235.00,H9Y06DT,90 m² Appartement ∙ 3 chambres ∙ 8 personnes,Hérémence - Valais
28/12/2023,16/03/2024,23/03/2024,1235.00,H9Y06DT,90 m² Appartement ∙ 3 chambres ∙ 8 personnes,Hérémence - Valais
28/12/2023,06/04/2024,13/04/2024,1235.00,H9Y06DT,90 m² Appartement ∙ 3 chambres ∙ 8 personnes,Hérémence - Valais
28/12/2023,13/04/2024,20/04/2024,1235.00,H9Y06DT,90 m² Appartement ∙ 3 chambres ∙ 8 personnes,Hérémence - Valais
28/12/2023,20/04/2024,27/04/2024,1235.00,H9Y06DT,90 m² Appartement ∙ 3 chambres ∙ 8 personnes,Hérémence - Valais
28/12/2023,27/04/2024,04/05/2024,1235.00,H9Y06DT,90 m² Appartement ∙ 3 chambres ∙ 8 personnes,Hérémence - Valais
28/12/2023,20/01/2024,27/01/2024,1296.94,HMWYT37,70 m² Appartement ∙ 2 chambres ∙ 4 personnes,Termen - Valais
28/12/2023,02/03/2024,09/03/2024,1037.55,HMWYT37,70 m² Appartement ∙ 2 chambres ∙ 4 personnes,Termen - Valais
28/12/2023,09/03/2024,16/03/2024,1037.55,HMWYT37,70 m² Appartement ∙ 2 chambres ∙ 4 personnes,Termen - Valais
28/12/2023,16/03/2024,23/03/2024,1037.55,HMWYT37,70 m² Appartement ∙ 2 chambres ∙ 4 personnes,Termen - Valais
28/12/2023,06/01/2024,13/01/2024,579.35,H5BLAUY,20 m² Studio ∙ 4 personnes,Veysonnaz - Valais
28/12/2023,13/01/2024,20/01/2024,579.35,H5BLAUY,20 m² Studio ∙ 4 personnes,Veysonnaz - Valais
28/12/2023,20/01/2024,27/01/2024,1077.66,H5BLAUY,20 m² Studio ∙ 4 personnes,Veysonnaz - Valais
28/12/2023,27/01/2024,03/02/2024,1077.66,H5BLAUY,20 m² Studio ∙ 4 personnes,Veysonnaz - Valais
28/12/2023,10/02/2024,17/02/2024,1206.98,H5BLAUY,20 m² Studio ∙ 4 personnes,Veysonnaz - Valais
28/12/2023,16/03/2024,23/03/2024,724.19,H5BLAUY,20 m² Studio ∙ 4 personnes,Veysonnaz - Valais
28/12/2023,23/03/2024,30/03/2024,724.19,H5BLAUY,20 m² Studio ∙ 4 personnes,Veysonnaz - Valais
28/12/2023,30/03/2024,06/04/2024,1077.66,H5BLAUY,20 m² Studio ∙ 4 personnes,Veysonnaz - Valais
28/12/2023,06/04/2024,13/04/2024,724.19,H5BLAUY,20 m² Studio ∙ 4 personnes,Veysonnaz - Valais
28/12/2023,13/04/2024,20/04/2024,724.19,H5BLAUY,20 m² Studio ∙ 4 personnes,Veysonnaz - Valais
28/12/2023,06/01/2024,13/01/2024,1239.21,HF4PHX3,75 m² Appartement ∙ 2 chambres ∙ 6 personnes,Loèche-les-Bains - Valais
28/12/2023,13/01/2024,20/01/2024,1239.21,HF4PHX3,75 m² Appartement ∙ 2 chambres ∙ 6 personnes,Loèche-les-Bains - Valais
28/12/2023,20/01/2024,27/01/2024,1239.21,HF4PHX3,75 m² Appartement ∙ 2 chambres ∙ 6 personnes,Loèche-les-Bains - Valais
28/12/2023,27/01/2024,03/02/2024,1324.67,HF4PHX3,75 m² Appartement ∙ 2 chambres ∙ 6 personnes,Loèche-les-Bains - Valais
28/12/2023,24/02/2024,02/03/2024,1185.23,HF4PHX3,75 m² Appartement ∙ 2 chambres ∙ 6 personnes,Loèche-les-Bains - Valais
28/12/2023,02/03/2024,09/03/2024,1108.77,HF4PHX3,75 m² Appartement ∙ 2 chambres ∙ 6 personnes,Loèche-les-Bains - Valais
28/12/2023,09/03/2024,16/03/2024,1108.77,HF4PHX3,75 m² Appartement ∙ 2 chambres ∙ 6 personnes,Loèche-les-Bains - Valais
28/12/2023,16/03/2024,23/03/2024,1108.77,HF4PHX3,75 m² Appartement ∙ 2 chambres ∙ 6 personnes,Loèche-les-Bains - Valais
28/12/2023,23/03/2024,30/03/2024,1108.77,HF4PHX3,75 m² Appartement ∙ 2 chambres ∙ 6 personnes,Loèche-les-Bains - Valais
28/12/2023,30/03/2024,06/04/2024,1108.77,HF4PHX3,75 m² Appartement ∙ 2 chambres ∙ 6 personnes,Loèche-les-Bains - Valais
28/12/2023,06/04/2024,13/04/2024,1108.77,HF4PHX3,75 m² Appartement ∙ 2 chambres ∙ 6 personnes,Loèche-les-Bains - Valais
28/12/2023,13/04/2024,20/04/2024,917.60,HF4PHX3,75 m² Appartement ∙ 2 chambres ∙ 6 personnes,Loèche-les-Bains - Valais
28/12/2023,20/04/2024,27/04/2024,917.60,HF4PHX3,75 m² Appartement ∙ 2 chambres ∙ 6 personnes,Loèche-les-Bains - Valais
28/12/2023,27/04/2024,04/05/2024,917.60,HF4PHX3,75 m² Appartement ∙ 2 chambres ∙ 6 personnes,Loèche-les-Bains - Valais
28/12/2023,04/05/2024,11/05/2024,917.60,HF4PHX3,75 m² Appartement ∙ 2 chambres ∙ 6 personnes,Loèche-les-Bains - Valais
28/12/2023,11/05/2024,18/05/2024,917.60,HF4PHX3,75 m² Appartement ∙ 2 chambres ∙ 6 personnes,Loèche-les-Bains - Valais
28/12/2023,18/05/2024,25/05/2024,917.60,HF4PHX3,75 m² Appartement ∙ 2 chambres ∙ 6 personnes,Loèche-les-Bains - Valais
28/12/2023,25/05/2024,01/06/2024,917.60,HF4PHX3,75 m² Appartement ∙ 2 chambres ∙ 6 personnes,Loèche-les-Bains - Valais
28/12/2023,06/04/2024,13/04/2024,1525.97,H13U809,85 m² Appartement ∙ 3 chambres ∙ 8 personnes,Veysonnaz - Valais
28/12/2023,13/04/2024,20/04/2024,1525.97,H13U809,85 m² Appartement ∙ 3 chambres ∙ 8 personnes,Veysonnaz - Valais
28/12/2023,06/01/2024,13/01/2024,1916.00,HH2MZCB,320 m² Maison de vacances ∙ 32 personnes,Champéry - Valais
28/12/2023,06/04/2024,13/04/2024,2324.00,HH2MZCB,320 m² Maison de vacances ∙ 32 personnes,Champéry - Valais
28/12/2023,13/04/2024,20/04/2024,2324.00,HH2MZCB,320 m² Maison de vacances ∙ 32 personnes,Champéry - Valais
28/12/2023,20/04/2024,27/04/2024,2324.00,HH2MZCB,320 m² Maison de vacances ∙ 32 personnes,Champéry - Valais
28/12/2023,27/04/2024,04/05/2024,2153.00,HH2MZCB,320 m² Maison de vacances ∙ 32 personnes,Champéry - Valais
28/12/2023,04/05/2024,11/05/2024,2153.00,HH2MZCB,320 m² Maison de vacances ∙ 32 personnes,Champéry - Valais
28/12/2023,11/05/2024,18/05/2024,2153.00,HH2MZCB,320 m² Maison de vacances ∙ 32 personnes,Champéry - Valais
28/12/2023,18/05/2024,25/05/2024,2153.00,HH2MZCB,320 m² Maison de vacances ∙ 32 personnes,Champéry - Valais
28/12/2023,25/05/2024,01/06/2024,2153.00,HH2MZCB,320 m² Maison de vacances ∙ 32 personnes,Champéry - Valais
28/12/2023,02/03/2024,09/03/2024,1584.00,HZ73UYX,92 m² Villa ∙ 1 chambre ∙ 8 personnes,Grächen - Valais
28/12/2023,16/03/2024,23/03/2024,1514.00,HZ73UYX,92 m² Villa ∙ 1 chambre ∙ 8 personnes,Grächen - Valais
28/12/2023,06/04/2024,13/04/2024,1514.00,HZ73UYX,92 m² Villa ∙ 1 chambre ∙ 8 personnes,Grächen - Valais
28/12/2023,13/04/2024,20/04/2024,1514.00,HZ73UYX,92 m² Villa ∙ 1 chambre ∙ 8 personnes,Grächen - Valais
28/12/2023,20/04/2024,27/04/2024,1514.00,HZ73UYX,92 m² Villa ∙ 1 chambre ∙ 8 personnes,Grächen - Valais
28/12/2023,27/04/2024,04/05/2024,1514.00,HZ73UYX,92 m² Villa ∙ 1 chambre ∙ 8 personnes,Grächen - Valais
28/12/2023,04/05/2024,11/05/2024,1514.00,HZ73UYX,92 m² Villa ∙ 1 chambre ∙ 8 personnes,Grächen - Valais
28/12/2023,11/05/2024,18/05/2024,1514.00,HZ73UYX,92 m² Villa ∙ 1 chambre ∙ 8 personnes,Grächen - Valais
28/12/2023,18/05/2024,25/05/2024,1514.00,HZ73UYX,92 m² Villa ∙ 1 chambre ∙ 8 personnes,Grächen - Valais
28/12/2023,13/01/2024,20/01/2024,797.43,HPRH5KC,40 m² Appartement ∙ 1 chambre ∙ 4 personnes,Termen - Valais
28/12/2023,20/01/2024,27/01/2024,797.43,HPRH5KC,40 m² Appartement ∙ 1 chambre ∙ 4 personnes,Termen - Valais
28/12/2023,24/02/2024,02/03/2024,1154.35,HPRH5KC,40 m² Appartement ∙ 1 chambre ∙ 4 personnes,Termen - Valais
28/12/2023,02/03/2024,09/03/2024,797.43,HPRH5KC,40 m² Appartement ∙ 1 chambre ∙ 4 personnes,Termen - Valais
28/12/2023,09/03/2024,16/03/2024,764.67,HPRH5KC,40 m² Appartement ∙ 1 chambre ∙ 4 personnes,Termen - Valais
28/12/2023,16/03/2024,23/03/2024,764.67,HPRH5KC,40 m² Appartement ∙ 1 chambre ∙ 4 personnes,Termen - Valais
28/12/2023,06/01/2024,13/01/2024,903.00,HYHDKNW,45 m² Maison de vacances ∙ 2 chambres ∙ 4 personnes,Eischoll - Valais
28/12/2023,13/01/2024,20/01/2024,1177.00,HYHDKNW,45 m² Maison de vacances ∙ 2 chambres ∙ 4 personnes,Eischoll - Valais
28/12/2023,20/01/2024,27/01/2024,1177.00,HYHDKNW,45 m² Maison de vacances ∙ 2 chambres ∙ 4 personnes,Eischoll - Valais
28/12/2023,27/01/2024,03/02/2024,1350.00,HYHDKNW,45 m² Maison de vacances ∙ 2 chambres ∙ 4 personnes,Eischoll - Valais
28/12/2023,02/03/2024,09/03/2024,1177.00,HYHDKNW,45 m² Maison de vacances ∙ 2 chambres ∙ 4 personnes,Eischoll - Valais
28/12/2023,09/03/2024,16/03/2024,1091.00,HYHDKNW,45 m² Maison de vacances ∙ 2 chambres ∙ 4 personnes,Eischoll - Valais
28/12/2023,16/03/2024,23/03/2024,1091.00,HYHDKNW,45 m² Maison de vacances ∙ 2 chambres ∙ 4 personnes,Eischoll - Valais
28/12/2023,23/03/2024,30/03/2024,1177.00,HYHDKNW,45 m² Maison de vacances ∙ 2 chambres ∙ 4 personnes,Eischoll - Valais
28/12/2023,30/03/2024,06/04/2024,1177.00,HYHDKNW,45 m² Maison de vacances ∙ 2 chambres ∙ 4 personnes,Eischoll - Valais
28/12/2023,06/04/2024,13/04/2024,1091.00,HYHDKNW,45 m² Maison de vacances ∙ 2 chambres ∙ 4 personnes,Eischoll - Valais
28/12/2023,13/04/2024,20/04/2024,1091.00,HYHDKNW,45 m² Maison de vacances ∙ 2 chambres ∙ 4 personnes,Eischoll - Valais
28/12/2023,20/04/2024,27/04/2024,1091.00,HYHDKNW,45 m² Maison de vacances ∙ 2 chambres ∙ 4 personnes,Eischoll - Valais
28/12/2023,27/04/2024,04/05/2024,1091.00,HYHDKNW,45 m² Maison de vacances ∙ 2 chambres ∙ 4 personnes,Eischoll - Valais
28/12/2023,04/05/2024,11/05/2024,1091.00,HYHDKNW,45 m² Maison de vacances ∙ 2 chambres ∙ 4 personnes,Eischoll - Valais
28/12/2023,11/05/2024,18/05/2024,1091.00,HYHDKNW,45 m² Maison de vacances ∙ 2 chambres ∙ 4 personnes,Eischoll - Valais
28/12/2023,18/05/2024,25/05/2024,1091.00,HYHDKNW,45 m² Maison de vacances ∙ 2 chambres ∙ 4 personnes,Eischoll - Valais
28/12/2023,25/05/2024,01/06/2024,1091.00,HYHDKNW,45 m² Maison de vacances ∙ 2 chambres ∙ 4 personnes,Eischoll - Valais
28/12/2023,16/03/2024,23/03/2024,524.77,HGLJM32,Appartement ∙ 4 personnes,Grächen - Valais
28/12/2023,06/04/2024,13/04/2024,449.80,HGLJM32,Appartement ∙ 4 personnes,Grächen - Valais
28/12/2023,13/04/2024,20/04/2024,449.80,HGLJM32,Appartement ∙ 4 personnes,Grächen - Valais
28/12/2023,20/04/2024,27/04/2024,449.80,HGLJM32,Appartement ∙ 4 personnes,Grächen - Valais
28/12/2023,27/04/2024,04/05/2024,449.80,HGLJM32,Appartement ∙ 4 personnes,Grächen - Valais
28/12/2023,04/05/2024,11/05/2024,449.80,HGLJM32,Appartement ∙ 4 personnes,Grächen - Valais
28/12/2023,11/05/2024,18/05/2024,449.80,HGLJM32,Appartement ∙ 4 personnes,Grächen - Valais
28/12/2023,18/05/2024,25/05/2024,449.80,HGLJM32,Appartement ∙ 4 personnes,Grächen - Valais
28/12/2023,25/05/2024,01/06/2024,449.80,HGLJM32,Appartement ∙ 4 personnes,Grächen - Valais
28/12/2023,06/01/2024,13/01/2024,1693.00,H0C1JH9,84 m² Villa ∙ 3 chambres ∙ 6 personnes,Nendaz - Valais
28/12/2023,13/01/2024,20/01/2024,1693.00,H0C1JH9,84 m² Villa ∙ 3 chambres ∙ 6 personnes,Nendaz - Valais
28/12/2023,16/03/2024,23/03/2024,1296.00,H0C1JH9,84 m² Villa ∙ 3 chambres ∙ 6 personnes,Nendaz - Valais
28/12/2023,23/03/2024,30/03/2024,1693.00,H0C1JH9,84 m² Villa ∙ 3 chambres ∙ 6 personnes,Nendaz - Valais
28/12/2023,30/03/2024,06/04/2024,1693.00,H0C1JH9,84 m² Villa ∙ 3 chambres ∙ 6 personnes,Nendaz - Valais
28/12/2023,06/04/2024,13/04/2024,1296.00,H0C1JH9,84 m² Villa ∙ 3 chambres ∙ 6 personnes,Nendaz - Valais
28/12/2023,13/04/2024,20/04/2024,1296.00,H0C1JH9,84 m² Villa ∙ 3 chambres ∙ 6 personnes,Nendaz - Valais
28/12/2023,20/04/2024,27/04/2024,1296.00,H0C1JH9,84 m² Villa ∙ 3 chambres ∙ 6 personnes,Nendaz - Valais
28/12/2023,27/04/2024,04/05/2024,1296.00,H0C1JH9,84 m² Villa ∙ 3 chambres ∙ 6 personnes,Nendaz - Valais
28/12/2023,04/05/2024,11/05/2024,1296.00,H0C1JH9,84 m² Villa ∙ 3 chambres ∙ 6 personnes,Nendaz - Valais
28/12/2023,11/05/2024,18/05/2024,1296.00,H0C1JH9,84 m² Villa ∙ 3 chambres ∙ 6 personnes,Nendaz - Valais
28/12/2023,18/05/2024,25/05/2024,1296.00,H0C1JH9,84 m² Villa ∙ 3 chambres ∙ 6 personnes,Nendaz - Valais
28/12/2023,25/05/2024,01/06/2024,1296.00,H0C1JH9,84 m² Villa ∙ 3 chambres ∙ 6 personnes,Nendaz - Valais
28/12/2023,06/01/2024,13/01/2024,4538.14,HVCPZAK,120 m² Maison de vacances ∙ 3 chambres ∙ 6 personnes,Nendaz - Valais
28/12/2023,13/01/2024,20/01/2024,4538.14,HVCPZAK,120 m² Maison de vacances ∙ 3 chambres ∙ 6 personnes,Nendaz - Valais
28/12/2023,20/01/2024,27/01/2024,4538.14,HVCPZAK,120 m² Maison de vacances ∙ 3 chambres ∙ 6 personnes,Nendaz - Valais
28/12/2023,17/02/2024,24/02/2024,5287.54,HVCPZAK,120 m² Maison de vacances ∙ 3 chambres ∙ 6 personnes,Nendaz - Valais
28/12/2023,24/02/2024,02/03/2024,5287.54,HVCPZAK,120 m² Maison de vacances ∙ 3 chambres ∙ 6 personnes,Nendaz - Valais
28/12/2023,02/03/2024,09/03/2024,4538.14,HVCPZAK,120 m² Maison de vacances ∙ 3 chambres ∙ 6 personnes,Nendaz - Valais
28/12/2023,16/03/2024,23/03/2024,4538.14,HVCPZAK,120 m² Maison de vacances ∙ 3 chambres ∙ 6 personnes,Nendaz - Valais
28/12/2023,23/03/2024,30/03/2024,4538.14,HVCPZAK,120 m² Maison de vacances ∙ 3 chambres ∙ 6 personnes,Nendaz - Valais
28/12/2023,30/03/2024,06/04/2024,5287.54,HVCPZAK,120 m² Maison de vacances ∙ 3 chambres ∙ 6 personnes,Nendaz - Valais
28/12/2023,06/04/2024,13/04/2024,5287.54,HVCPZAK,120 m² Maison de vacances ∙ 3 chambres ∙ 6 personnes,Nendaz - Valais
28/12/2023,13/04/2024,20/04/2024,3788.75,HVCPZAK,120 m² Maison de vacances ∙ 3 chambres ∙ 6 personnes,Nendaz - Valais
28/12/2023,20/04/2024,27/04/2024,3788.75,HVCPZAK,120 m² Maison de vacances ∙ 3 chambres ∙ 6 personnes,Nendaz - Valais
28/12/2023,27/04/2024,04/05/2024,3360.52,HVCPZAK,120 m² Maison de vacances ∙ 3 chambres ∙ 6 personnes,Nendaz - Valais
28/12/2023,04/05/2024,11/05/2024,3039.35,HVCPZAK,120 m² Maison de vacances ∙ 3 chambres ∙ 6 personnes,Nendaz - Valais
28/12/2023,11/05/2024,18/05/2024,3039.35,HVCPZAK,120 m² Maison de vacances ∙ 3 chambres ∙ 6 personnes,Nendaz - Valais
28/12/2023,18/05/2024,25/05/2024,3039.35,HVCPZAK,120 m² Maison de vacances ∙ 3 chambres ∙ 6 personnes,Nendaz - Valais
28/12/2023,25/05/2024,01/06/2024,3039.35,HVCPZAK,120 m² Maison de vacances ∙ 3 chambres ∙ 6 personnes,Nendaz - Valais
28/12/2023,06/01/2024,13/01/2024,2065.13,HXGLJR2,100 m² Appartement ∙ 4 chambres ∙ 8 personnes,Troistorrents - Valais
28/12/2023,13/01/2024,20/01/2024,2065.13,HXGLJR2,100 m² Appartement ∙ 4 chambres ∙ 8 personnes,Troistorrents - Valais
28/12/2023,20/01/2024,27/01/2024,2065.13,HXGLJR2,100 m² Appartement ∙ 4 chambres ∙ 8 personnes,Troistorrents - Valais
28/12/2023,27/01/2024,03/02/2024,2439.83,HXGLJR2,100 m² Appartement ∙ 4 chambres ∙ 8 personnes,Troistorrents - Valais
28/12/2023,24/02/2024,02/03/2024,2964.41,HXGLJR2,100 m² Appartement ∙ 4 chambres ∙ 8 personnes,Troistorrents - Valais
28/12/2023,09/03/2024,16/03/2024,2664.65,HXGLJR2,100 m² Appartement ∙ 4 chambres ∙ 8 personnes,Troistorrents - Valais
28/12/2023,16/03/2024,23/03/2024,1765.37,HXGLJR2,100 m² Appartement ∙ 4 chambres ∙ 8 personnes,Troistorrents - Valais
28/12/2023,23/03/2024,30/03/2024,1765.37,HXGLJR2,100 m² Appartement ∙ 4 chambres ∙ 8 personnes,Troistorrents - Valais
28/12/2023,30/03/2024,06/04/2024,1765.37,HXGLJR2,100 m² Appartement ∙ 4 chambres ∙ 8 personnes,Troistorrents - Valais
28/12/2023,06/04/2024,13/04/2024,1615.49,HXGLJR2,100 m² Appartement ∙ 4 chambres ∙ 8 personnes,Troistorrents - Valais
28/12/2023,13/04/2024,20/04/2024,1615.49,HXGLJR2,100 m² Appartement ∙ 4 chambres ∙ 8 personnes,Troistorrents - Valais
28/12/2023,20/04/2024,27/04/2024,1615.49,HXGLJR2,100 m² Appartement ∙ 4 chambres ∙ 8 personnes,Troistorrents - Valais
28/12/2023,27/04/2024,04/05/2024,1615.49,HXGLJR2,100 m² Appartement ∙ 4 chambres ∙ 8 personnes,Troistorrents - Valais
28/12/2023,04/05/2024,11/05/2024,1615.49,HXGLJR2,100 m² Appartement ∙ 4 chambres ∙ 8 personnes,Troistorrents - Valais
28/12/2023,11/05/2024,18/05/2024,1615.49,HXGLJR2,100 m² Appartement ∙ 4 chambres ∙ 8 personnes,Troistorrents - Valais
28/12/2023,18/05/2024,25/05/2024,1615.49,HXGLJR2,100 m² Appartement ∙ 4 chambres ∙ 8 personnes,Troistorrents - Valais
28/12/2023,25/05/2024,01/06/2024,1615.49,HXGLJR2,100 m² Appartement ∙ 4 chambres ∙ 8 personnes,Troistorrents - Valais
28/12/2023,06/01/2024,13/01/2024,749.40,HY37SVE,Appartement ∙ 2 chambres ∙ 5 personnes,Grächen - Valais
28/12/2023,13/01/2024,20/01/2024,749.40,HY37SVE,Appartement ∙ 2 chambres ∙ 5 personnes,Grächen - Valais
28/12/2023,20/01/2024,27/01/2024,749.40,HY37SVE,Appartement ∙ 2 chambres ∙ 5 personnes,Grächen - Valais
28/12/2023,09/03/2024,16/03/2024,749.40,HY37SVE,Appartement ∙ 2 chambres ∙ 5 personnes,Grächen - Valais
28/12/2023,16/03/2024,23/03/2024,749.40,HY37SVE,Appartement ∙ 2 chambres ∙ 5 personnes,Grächen - Valais
28/12/2023,23/03/2024,30/03/2024,749.40,HY37SVE,Appartement ∙ 2 chambres ∙ 5 personnes,Grächen - Valais
28/12/2023,30/03/2024,06/04/2024,749.40,HY37SVE,Appartement ∙ 2 chambres ∙ 5 personnes,Grächen - Valais
28/12/2023,06/04/2024,13/04/2024,784.59,HY37SVE,Appartement ∙ 2 chambres ∙ 5 personnes,Grächen - Valais
28/12/2023,13/04/2024,20/04/2024,784.59,HY37SVE,Appartement ∙ 2 chambres ∙ 5 personnes,Grächen - Valais
28/12/2023,20/04/2024,27/04/2024,784.59,HY37SVE,Appartement ∙ 2 chambres ∙ 5 personnes,Grächen - Valais
28/12/2023,06/01/2024,13/01/2024,276.31,HVA1Z49,50 m² Appartement ∙ 1 chambre ∙ 4 personnes,Saint-Nicolas - Valais
28/12/2023,20/01/2024,27/01/2024,287.78,HVA1Z49,50 m² Appartement ∙ 1 chambre ∙ 4 personnes,Saint-Nicolas - Valais
28/12/2023,27/01/2024,03/02/2024,343.24,HVA1Z49,50 m² Appartement ∙ 1 chambre ∙ 4 personnes,Saint-Nicolas - Valais
28/12/2023,03/02/2024,10/02/2024,343.24,HVA1Z49,50 m² Appartement ∙ 1 chambre ∙ 4 personnes,Saint-Nicolas - Valais
28/12/2023,10/02/2024,17/02/2024,412.09,HVA1Z49,50 m² Appartement ∙ 1 chambre ∙ 4 personnes,Saint-Nicolas - Valais
28/12/2023,06/01/2024,13/01/2024,276.31,HVA1Z49,50 m² Appartement ∙ 1 chambre ∙ 4 personnes,Saint-Nicolas - Valais
28/12/2023,20/01/2024,27/01/2024,287.78,HVA1Z49,50 m² Appartement ∙ 1 chambre ∙ 4 personnes,Saint-Nicolas - Valais
28/12/2023,27/01/2024,03/02/2024,343.24,HVA1Z49,50 m² Appartement ∙ 1 chambre ∙ 4 personnes,Saint-Nicolas - Valais
28/12/2023,03/02/2024,10/02/2024,343.24,HVA1Z49,50 m² Appartement ∙ 1 chambre ∙ 4 personnes,Saint-Nicolas - Valais
28/12/2023,10/02/2024,17/02/2024,412.09,HVA1Z49,50 m² Appartement ∙ 1 chambre ∙ 4 personnes,Saint-Nicolas - Valais
28/12/2023,17/02/2024,24/02/2024,419.30,HVA1Z49,50 m² Appartement ∙ 1 chambre ∙ 4 personnes,Saint-Nicolas - Valais
28/12/2023,16/03/2024,23/03/2024,276.31,HVA1Z49,50 m² Appartement ∙ 1 chambre ∙ 4 personnes,Saint-Nicolas - Valais
28/12/2023,06/01/2024,13/01/2024,276.31,HVA1Z49,50 m² Appartement ∙ 1 chambre ∙ 4 personnes,Saint-Nicolas - Valais
28/12/2023,20/01/2024,27/01/2024,287.78,HVA1Z49,50 m² Appartement ∙ 1 chambre ∙ 4 personnes,Saint-Nicolas - Valais
28/12/2023,27/01/2024,03/02/2024,343.24,HVA1Z49,50 m² Appartement ∙ 1 chambre ∙ 4 personnes,Saint-Nicolas - Valais
28/12/2023,03/02/2024,10/02/2024,343.24,HVA1Z49,50 m² Appartement ∙ 1 chambre ∙ 4 personnes,Saint-Nicolas - Valais
28/12/2023,10/02/2024,17/02/2024,412.09,HVA1Z49,50 m² Appartement ∙ 1 chambre ∙ 4 personnes,Saint-Nicolas - Valais
28/12/2023,17/02/2024,24/02/2024,419.30,HVA1Z49,50 m² Appartement ∙ 1 chambre ∙ 4 personnes,Saint-Nicolas - Valais
28/12/2023,16/03/2024,23/03/2024,276.31,HVA1Z49,50 m² Appartement ∙ 1 chambre ∙ 4 personnes,Saint-Nicolas - Valais
28/12/2023,30/03/2024,06/04/2024,344.83,HVA1Z49,50 m² Appartement ∙ 1 chambre ∙ 4 personnes,Saint-Nicolas - Valais
28/12/2023,06/04/2024,13/04/2024,342.75,HVA1Z49,50 m² Appartement ∙ 1 chambre ∙ 4 personnes,Saint-Nicolas - Valais
28/12/2023,13/04/2024,20/04/2024,342.75,HVA1Z49,50 m² Appartement ∙ 1 chambre ∙ 4 personnes,Saint-Nicolas - Valais
28/12/2023,20/04/2024,27/04/2024,342.40,HVA1Z49,50 m² Appartement ∙ 1 chambre ∙ 4 personnes,Saint-Nicolas - Valais
28/12/2023,27/04/2024,04/05/2024,342.40,HVA1Z49,50 m² Appartement ∙ 1 chambre ∙ 4 personnes,Saint-Nicolas - Valais
28/12/2023,04/05/2024,11/05/2024,342.40,HVA1Z49,50 m² Appartement ∙ 1 chambre ∙ 4 personnes,Saint-Nicolas - Valais
28/12/2023,11/05/2024,18/05/2024,342.40,HVA1Z49,50 m² Appartement ∙ 1 chambre ∙ 4 personnes,Saint-Nicolas - Valais
28/12/2023,18/05/2024,25/05/2024,342.40,HVA1Z49,50 m² Appartement ∙ 1 chambre ∙ 4 personnes,Saint-Nicolas - Valais
28/12/2023,25/05/2024,01/06/2024,342.40,HVA1Z49,50 m² Appartement ∙ 1 chambre ∙ 4 personnes,Saint-Nicolas - Valais
28/12/2023,06/01/2024,13/01/2024,629.12,HC2HGEU,40 m² Appartement ∙ 1 chambre ∙ 4 personnes,Veysonnaz - Valais
28/12/2023,13/01/2024,20/01/2024,629.12,HC2HGEU,40 m² Appartement ∙ 1 chambre ∙ 4 personnes,Veysonnaz - Valais
28/12/2023,20/01/2024,27/01/2024,1051.41,HC2HGEU,40 m² Appartement ∙ 1 chambre ∙ 4 personnes,Veysonnaz - Valais
28/12/2023,27/01/2024,03/02/2024,1051.41,HC2HGEU,40 m² Appartement ∙ 1 chambre ∙ 4 personnes,Veysonnaz - Valais
28/12/2023,17/02/2024,24/02/2024,1180.68,HC2HGEU,40 m² Appartement ∙ 1 chambre ∙ 4 personnes,Veysonnaz - Valais
28/12/2023,24/02/2024,02/03/2024,1051.41,HC2HGEU,40 m² Appartement ∙ 1 chambre ∙ 4 personnes,Veysonnaz - Valais
28/12/2023,09/03/2024,16/03/2024,629.12,HC2HGEU,40 m² Appartement ∙ 1 chambre ∙ 4 personnes,Veysonnaz - Valais
28/12/2023,16/03/2024,23/03/2024,629.12,HC2HGEU,40 m² Appartement ∙ 1 chambre ∙ 4 personnes,Veysonnaz - Valais
28/12/2023,23/03/2024,30/03/2024,629.12,HC2HGEU,40 m² Appartement ∙ 1 chambre ∙ 4 personnes,Veysonnaz - Valais
28/12/2023,13/04/2024,20/04/2024,629.12,HC2HGEU,40 m² Appartement ∙ 1 chambre ∙ 4 personnes,Veysonnaz - Valais
28/12/2023,17/02/2024,24/02/2024,4970.51,HD3WKAS,145 m² Maison de vacances ∙ 4 chambres ∙ 8 personnes,Riddes - Valais
28/12/2023,24/02/2024,02/03/2024,3816.64,HD3WKAS,145 m² Maison de vacances ∙ 4 chambres ∙ 8 personnes,Riddes - Valais
28/12/2023,16/03/2024,23/03/2024,1657.20,HD3WKAS,145 m² Maison de vacances ∙ 4 chambres ∙ 8 personnes,Riddes - Valais
28/12/2023,06/04/2024,13/04/2024,1721.93,HD3WKAS,145 m² Maison de vacances ∙ 4 chambres ∙ 8 personnes,Riddes - Valais
28/12/2023,13/04/2024,20/04/2024,1721.93,HD3WKAS,145 m² Maison de vacances ∙ 4 chambres ∙ 8 personnes,Riddes - Valais
28/12/2023,20/04/2024,27/04/2024,1721.93,HD3WKAS,145 m² Maison de vacances ∙ 4 chambres ∙ 8 personnes,Riddes - Valais
28/12/2023,27/04/2024,04/05/2024,1721.93,HD3WKAS,145 m² Maison de vacances ∙ 4 chambres ∙ 8 personnes,Riddes - Valais
28/12/2023,04/05/2024,11/05/2024,1721.93,HD3WKAS,145 m² Maison de vacances ∙ 4 chambres ∙ 8 personnes,Riddes - Valais
28/12/2023,11/05/2024,18/05/2024,1721.93,HD3WKAS,145 m² Maison de vacances ∙ 4 chambres ∙ 8 personnes,Riddes - Valais
28/12/2023,18/05/2024,25/05/2024,1721.93,HD3WKAS,145 m² Maison de vacances ∙ 4 chambres ∙ 8 personnes,Riddes - Valais
28/12/2023,25/05/2024,01/06/2024,1721.93,HD3WKAS,145 m² Maison de vacances ∙ 4 chambres ∙ 8 personnes,Riddes - Valais
28/12/2023,13/01/2024,20/01/2024,632.20,HVCRZ7A,40 m² Appartement ∙ 1 chambre ∙ 2 personnes,Loèche-les-Bains - Valais
28/12/2023,17/02/2024,24/02/2024,649.73,HVCRZ7A,40 m² Appartement ∙ 1 chambre ∙ 2 personnes,Loèche-les-Bains - Valais
28/12/2023,24/02/2024,02/03/2024,649.73,HVCRZ7A,40 m² Appartement ∙ 1 chambre ∙ 2 personnes,Loèche-les-Bains - Valais
28/12/2023,02/03/2024,09/03/2024,588.58,HVCRZ7A,40 m² Appartement ∙ 1 chambre ∙ 2 personnes,Loèche-les-Bains - Valais
28/12/2023,09/03/2024,16/03/2024,588.58,HVCRZ7A,40 m² Appartement ∙ 1 chambre ∙ 2 personnes,Loèche-les-Bains - Valais
28/12/2023,13/04/2024,20/04/2024,550.36,HVCRZ7A,40 m² Appartement ∙ 1 chambre ∙ 2 personnes,Loèche-les-Bains - Valais
28/12/2023,20/04/2024,27/04/2024,550.36,HVCRZ7A,40 m² Appartement ∙ 1 chambre ∙ 2 personnes,Loèche-les-Bains - Valais
28/12/2023,27/04/2024,04/05/2024,550.36,HVCRZ7A,40 m² Appartement ∙ 1 chambre ∙ 2 personnes,Loèche-les-Bains - Valais
28/12/2023,04/05/2024,11/05/2024,550.36,HVCRZ7A,40 m² Appartement ∙ 1 chambre ∙ 2 personnes,Loèche-les-Bains - Valais
28/12/2023,11/05/2024,18/05/2024,550.36,HVCRZ7A,40 m² Appartement ∙ 1 chambre ∙ 2 personnes,Loèche-les-Bains - Valais
28/12/2023,18/05/2024,25/05/2024,550.36,HVCRZ7A,40 m² Appartement ∙ 1 chambre ∙ 2 personnes,Loèche-les-Bains - Valais
28/12/2023,25/05/2024,01/06/2024,550.36,HVCRZ7A,40 m² Appartement ∙ 1 chambre ∙ 2 personnes,Loèche-les-Bains - Valais
28/12/2023,09/03/2024,16/03/2024,521.74,HWGBFM6,25 m² Appartement ∙ 1 chambre ∙ 2 personnes,Loèche-les-Bains - Valais
28/12/2023,16/03/2024,23/03/2024,521.74,HWGBFM6,25 m² Appartement ∙ 1 chambre ∙ 2 personnes,Loèche-les-Bains - Valais
28/12/2023,23/03/2024,30/03/2024,499.14,HWGBFM6,25 m² Appartement ∙ 1 chambre ∙ 2 personnes,Loèche-les-Bains - Valais
28/12/2023,30/03/2024,06/04/2024,442.63,HWGBFM6,25 m² Appartement ∙ 1 chambre ∙ 2 personnes,Loèche-les-Bains - Valais
28/12/2023,06/04/2024,13/04/2024,442.63,HWGBFM6,25 m² Appartement ∙ 1 chambre ∙ 2 personnes,Loèche-les-Bains - Valais
28/12/2023,13/04/2024,20/04/2024,442.63,HWGBFM6,25 m² Appartement ∙ 1 chambre ∙ 2 personnes,Loèche-les-Bains - Valais
28/12/2023,20/04/2024,27/04/2024,442.63,HWGBFM6,25 m² Appartement ∙ 1 chambre ∙ 2 personnes,Loèche-les-Bains - Valais
28/12/2023,27/04/2024,04/05/2024,442.63,HWGBFM6,25 m² Appartement ∙ 1 chambre ∙ 2 personnes,Loèche-les-Bains - Valais
28/12/2023,04/05/2024,11/05/2024,442.63,HWGBFM6,25 m² Appartement ∙ 1 chambre ∙ 2 personnes,Loèche-les-Bains - Valais
28/12/2023,11/05/2024,18/05/2024,442.63,HWGBFM6,25 m² Appartement ∙ 1 chambre ∙ 2 personnes,Loèche-les-Bains - Valais
28/12/2023,18/05/2024,25/05/2024,442.63,HWGBFM6,25 m² Appartement ∙ 1 chambre ∙ 2 personnes,Loèche-les-Bains - Valais
28/12/2023,25/05/2024,01/06/2024,442.63,HWGBFM6,25 m² Appartement ∙ 1 chambre ∙ 2 personnes,Loèche-les-Bains - Valais
28/12/2023,06/01/2024,13/01/2024,1919.00,HURCJ3B,120 m² Villa ∙ 3 chambres ∙ 6 personnes,Zinal - Ayer - Valais
28/12/2023,13/01/2024,20/01/2024,1919.00,HURCJ3B,120 m² Villa ∙ 3 chambres ∙ 6 personnes,Zinal - Ayer - Valais
28/12/2023,20/01/2024,27/01/2024,1919.00,HURCJ3B,120 m² Villa ∙ 3 chambres ∙ 6 personnes,Zinal - Ayer - Valais
28/12/2023,27/01/2024,03/02/2024,2006.00,HURCJ3B,120 m² Villa ∙ 3 chambres ∙ 6 personnes,Zinal - Ayer - Valais
28/12/2023,24/02/2024,02/03/2024,2179.00,HURCJ3B,120 m² Villa ∙ 3 chambres ∙ 6 personnes,Zinal - Ayer - Valais
28/12/2023,02/03/2024,09/03/2024,2109.00,HURCJ3B,120 m² Villa ∙ 3 chambres ∙ 6 personnes,Zinal - Ayer - Valais
28/12/2023,16/03/2024,23/03/2024,1919.00,HURCJ3B,120 m² Villa ∙ 3 chambres ∙ 6 personnes,Zinal - Ayer - Valais
28/12/2023,30/03/2024,06/04/2024,1899.00,HURCJ3B,120 m² Villa ∙ 3 chambres ∙ 6 personnes,Zinal - Ayer - Valais
28/12/2023,06/04/2024,13/04/2024,1773.00,HURCJ3B,120 m² Villa ∙ 3 chambres ∙ 6 personnes,Zinal - Ayer - Valais
28/12/2023,13/04/2024,20/04/2024,1773.00,HURCJ3B,120 m² Villa ∙ 3 chambres ∙ 6 personnes,Zinal - Ayer - Valais
28/12/2023,20/04/2024,27/04/2024,1773.00,HURCJ3B,120 m² Villa ∙ 3 chambres ∙ 6 personnes,Zinal - Ayer - Valais
28/12/2023,27/04/2024,04/05/2024,1773.00,HURCJ3B,120 m² Villa ∙ 3 chambres ∙ 6 personnes,Zinal - Ayer - Valais
28/12/2023,04/05/2024,11/05/2024,1773.00,HURCJ3B,120 m² Villa ∙ 3 chambres ∙ 6 personnes,Zinal - Ayer - Valais
28/12/2023,11/05/2024,18/05/2024,1773.00,HURCJ3B,120 m² Villa ∙ 3 chambres ∙ 6 personnes,Zinal - Ayer - Valais
28/12/2023,18/05/2024,25/05/2024,1773.00,HURCJ3B,120 m² Villa ∙ 3 chambres ∙ 6 personnes,Zinal - Ayer - Valais
28/12/2023,25/05/2024,01/06/2024,1773.00,HURCJ3B,120 m² Villa ∙ 3 chambres ∙ 6 personnes,Zinal - Ayer - Valais
28/12/2023,06/01/2024,13/01/2024,1202.00,HTPZ5LN,63 m² Appartement ∙ 1 chambre ∙ 2 personnes,Loèche-les-Bains - Valais
28/12/2023,20/01/2024,27/01/2024,1202.00,HTPZ5LN,63 m² Appartement ∙ 1 chambre ∙ 2 personnes,Loèche-les-Bains - Valais
28/12/2023,27/01/2024,03/02/2024,1382.00,HTPZ5LN,63 m² Appartement ∙ 1 chambre ∙ 2 personnes,Loèche-les-Bains - Valais
28/12/2023,02/03/2024,09/03/2024,1202.00,HTPZ5LN,63 m² Appartement ∙ 1 chambre ∙ 2 personnes,Loèche-les-Bains - Valais
28/12/2023,09/03/2024,16/03/2024,1023.00,HTPZ5LN,63 m² Appartement ∙ 1 chambre ∙ 2 personnes,Loèche-les-Bains - Valais
28/12/2023,16/03/2024,23/03/2024,1023.00,HTPZ5LN,63 m² Appartement ∙ 1 chambre ∙ 2 personnes,Loèche-les-Bains - Valais
28/12/2023,23/03/2024,30/03/2024,1202.00,HTPZ5LN,63 m² Appartement ∙ 1 chambre ∙ 2 personnes,Loèche-les-Bains - Valais
28/12/2023,30/03/2024,06/04/2024,1202.00,HTPZ5LN,63 m² Appartement ∙ 1 chambre ∙ 2 personnes,Loèche-les-Bains - Valais
28/12/2023,06/04/2024,13/04/2024,1023.00,HTPZ5LN,63 m² Appartement ∙ 1 chambre ∙ 2 personnes,Loèche-les-Bains - Valais
28/12/2023,13/04/2024,20/04/2024,1023.00,HTPZ5LN,63 m² Appartement ∙ 1 chambre ∙ 2 personnes,Loèche-les-Bains - Valais
28/12/2023,20/04/2024,27/04/2024,1023.00,HTPZ5LN,63 m² Appartement ∙ 1 chambre ∙ 2 personnes,Loèche-les-Bains - Valais
28/12/2023,27/04/2024,04/05/2024,1023.00,HTPZ5LN,63 m² Appartement ∙ 1 chambre ∙ 2 personnes,Loèche-les-Bains - Valais
28/12/2023,04/05/2024,11/05/2024,1023.00,HTPZ5LN,63 m² Appartement ∙ 1 chambre ∙ 2 personnes,Loèche-les-Bains - Valais
28/12/2023,11/05/2024,18/05/2024,1023.00,HTPZ5LN,63 m² Appartement ∙ 1 chambre ∙ 2 personnes,Loèche-les-Bains - Valais
28/12/2023,18/05/2024,25/05/2024,1023.00,HTPZ5LN,63 m² Appartement ∙ 1 chambre ∙ 2 personnes,Loèche-les-Bains - Valais
28/12/2023,25/05/2024,01/06/2024,1023.00,HTPZ5LN,63 m² Appartement ∙ 1 chambre ∙ 2 personnes,Loèche-les-Bains - Valais
28/12/2023,06/01/2024,13/01/2024,704.56,HUXMRC6,Appartement ∙ 1 chambre ∙ 2 personnes,Grächen - Valais
28/12/2023,13/01/2024,20/01/2024,704.56,HUXMRC6,Appartement ∙ 1 chambre ∙ 2 personnes,Grächen - Valais
28/12/2023,20/01/2024,27/01/2024,704.56,HUXMRC6,Appartement ∙ 1 chambre ∙ 2 personnes,Grächen - Valais
28/12/2023,24/02/2024,02/03/2024,704.56,HUXMRC6,Appartement ∙ 1 chambre ∙ 2 personnes,Grächen - Valais
28/12/2023,09/03/2024,16/03/2024,704.56,HUXMRC6,Appartement ∙ 1 chambre ∙ 2 personnes,Grächen - Valais
28/12/2023,16/03/2024,23/03/2024,704.56,HUXMRC6,Appartement ∙ 1 chambre ∙ 2 personnes,Grächen - Valais
28/12/2023,13/04/2024,20/04/2024,471.87,HUXMRC6,Appartement ∙ 1 chambre ∙ 2 personnes,Grächen - Valais
28/12/2023,20/04/2024,27/04/2024,471.87,HUXMRC6,Appartement ∙ 1 chambre ∙ 2 personnes,Grächen - Valais
28/12/2023,27/04/2024,04/05/2024,471.87,HUXMRC6,Appartement ∙ 1 chambre ∙ 2 personnes,Grächen - Valais
28/12/2023,04/05/2024,11/05/2024,471.87,HUXMRC6,Appartement ∙ 1 chambre ∙ 2 personnes,Grächen - Valais
28/12/2023,11/05/2024,18/05/2024,471.87,HUXMRC6,Appartement ∙ 1 chambre ∙ 2 personnes,Grächen - Valais
28/12/2023,18/05/2024,25/05/2024,449.64,HUXMRC6,Appartement ∙ 1 chambre ∙ 2 personnes,Grächen - Valais
28/12/2023,25/05/2024,01/06/2024,449.64,HUXMRC6,Appartement ∙ 1 chambre ∙ 2 personnes,Grächen - Valais
28/12/2023,06/01/2024,13/01/2024,974.22,HSDEN1Y,Appartement ∙ 1 chambre ∙ 4 personnes,Champéry - Valais
28/12/2023,13/01/2024,20/01/2024,974.22,HSDEN1Y,Appartement ∙ 1 chambre ∙ 4 personnes,Champéry - Valais
28/12/2023,20/01/2024,27/01/2024,974.22,HSDEN1Y,Appartement ∙ 1 chambre ∙ 4 personnes,Champéry - Valais
28/12/2023,27/01/2024,03/02/2024,974.22,HSDEN1Y,Appartement ∙ 1 chambre ∙ 4 personnes,Champéry - Valais
28/12/2023,16/03/2024,23/03/2024,749.40,HSDEN1Y,Appartement ∙ 1 chambre ∙ 4 personnes,Champéry - Valais
28/12/2023,23/03/2024,30/03/2024,749.40,HSDEN1Y,Appartement ∙ 1 chambre ∙ 4 personnes,Champéry - Valais
28/12/2023,30/03/2024,06/04/2024,749.40,HSDEN1Y,Appartement ∙ 1 chambre ∙ 4 personnes,Champéry - Valais
28/12/2023,06/04/2024,13/04/2024,749.40,HSDEN1Y,Appartement ∙ 1 chambre ∙ 4 personnes,Champéry - Valais
28/12/2023,13/04/2024,20/04/2024,599.52,HSDEN1Y,Appartement ∙ 1 chambre ∙ 4 personnes,Champéry - Valais
28/12/2023,20/04/2024,27/04/2024,599.52,HSDEN1Y,Appartement ∙ 1 chambre ∙ 4 personnes,Champéry - Valais
28/12/2023,27/04/2024,04/05/2024,599.52,HSDEN1Y,Appartement ∙ 1 chambre ∙ 4 personnes,Champéry - Valais
28/12/2023,04/05/2024,11/05/2024,599.52,HSDEN1Y,Appartement ∙ 1 chambre ∙ 4 personnes,Champéry - Valais
28/12/2023,11/05/2024,18/05/2024,599.52,HSDEN1Y,Appartement ∙ 1 chambre ∙ 4 personnes,Champéry - Valais
28/12/2023,18/05/2024,25/05/2024,599.52,HSDEN1Y,Appartement ∙ 1 chambre ∙ 4 personnes,Champéry - Valais
28/12/2023,25/05/2024,01/06/2024,599.52,HSDEN1Y,Appartement ∙ 1 chambre ∙ 4 personnes,Champéry - Valais
28/12/2023,20/01/2024,27/01/2024,1665.00,HRUY45T,72 m² Appartement ∙ 1 chambre ∙ 6 personnes,Crans-Montana - Valais
28/12/2023,13/01/2024,20/01/2024,1126.35,H0293EN,80 m² Appartement ∙ 2 chambres ∙ 6 personnes,Termen - Valais
28/12/2023,20/01/2024,27/01/2024,1126.35,H0293EN,80 m² Appartement ∙ 2 chambres ∙ 6 personnes,Termen - Valais
28/12/2023,24/02/2024,02/03/2024,1536.27,H0293EN,80 m² Appartement ∙ 2 chambres ∙ 6 personnes,Termen - Valais
28/12/2023,02/03/2024,09/03/2024,1126.35,H0293EN,80 m² Appartement ∙ 2 chambres ∙ 6 personnes,Termen - Valais
28/12/2023,09/03/2024,16/03/2024,1126.35,H0293EN,80 m² Appartement ∙ 2 chambres ∙ 6 personnes,Termen - Valais
28/12/2023,16/03/2024,23/03/2024,1126.35,H0293EN,80 m² Appartement ∙ 2 chambres ∙ 6 personnes,Termen - Valais
28/12/2023,23/03/2024,30/03/2024,1126.35,H0293EN,80 m² Appartement ∙ 2 chambres ∙ 6 personnes,Termen - Valais
28/12/2023,06/01/2024,13/01/2024,1086.63,H40T5MH,Appartement ∙ 2 chambres ∙ 5 personnes,Grächen - Valais
28/12/2023,24/02/2024,02/03/2024,1461.33,H40T5MH,Appartement ∙ 2 chambres ∙ 5 personnes,Grächen - Valais
28/12/2023,09/03/2024,16/03/2024,1086.63,H40T5MH,Appartement ∙ 2 chambres ∙ 5 personnes,Grächen - Valais
28/12/2023,16/03/2024,23/03/2024,1086.63,H40T5MH,Appartement ∙ 2 chambres ∙ 5 personnes,Grächen - Valais
28/12/2023,23/03/2024,30/03/2024,1461.33,H40T5MH,Appartement ∙ 2 chambres ∙ 5 personnes,Grächen - Valais
28/12/2023,30/03/2024,06/04/2024,1461.33,H40T5MH,Appartement ∙ 2 chambres ∙ 5 personnes,Grächen - Valais
28/12/2023,06/01/2024,13/01/2024,1378.89,HGLV9FA,56 m² Appartement ∙ 2 chambres ∙ 6 personnes,Zinal - Ayer - Valais
28/12/2023,20/01/2024,27/01/2024,1508.16,HGLV9FA,56 m² Appartement ∙ 2 chambres ∙ 6 personnes,Zinal - Ayer - Valais
28/12/2023,30/03/2024,06/04/2024,1508.16,HGLV9FA,56 m² Appartement ∙ 2 chambres ∙ 6 personnes,Zinal - Ayer - Valais
28/12/2023,06/04/2024,13/04/2024,1378.89,HGLV9FA,56 m² Appartement ∙ 2 chambres ∙ 6 personnes,Zinal - Ayer - Valais
28/12/2023,13/04/2024,20/04/2024,1378.89,HGLV9FA,56 m² Appartement ∙ 2 chambres ∙ 6 personnes,Zinal - Ayer - Valais
28/12/2023,13/04/2024,20/04/2024,1809.79,H3WN8KM,72 m² Appartement ∙ 2 chambres ∙ 6 personnes,Zinal - Ayer - Valais
28/12/2023,06/01/2024,13/01/2024,1673.00,HT9BLY0,Villa ∙ 3 chambres ∙ 5 personnes,Zinal - Ayer - Valais
28/12/2023,13/01/2024,20/01/2024,1673.00,HT9BLY0,Villa ∙ 3 chambres ∙ 5 personnes,Zinal - Ayer - Valais
28/12/2023,20/01/2024,27/01/2024,1673.00,HT9BLY0,Villa ∙ 3 chambres ∙ 5 personnes,Zinal - Ayer - Valais
28/12/2023,27/01/2024,03/02/2024,1854.00,HT9BLY0,Villa ∙ 3 chambres ∙ 5 personnes,Zinal - Ayer - Valais
28/12/2023,24/02/2024,02/03/2024,2269.00,HT9BLY0,Villa ∙ 3 chambres ∙ 5 personnes,Zinal - Ayer - Valais
28/12/2023,02/03/2024,09/03/2024,2035.00,HT9BLY0,Villa ∙ 3 chambres ∙ 5 personnes,Zinal - Ayer - Valais
28/12/2023,09/03/2024,16/03/2024,1854.00,HT9BLY0,Villa ∙ 3 chambres ∙ 5 personnes,Zinal - Ayer - Valais
28/12/2023,16/03/2024,23/03/2024,1673.00,HT9BLY0,Villa ∙ 3 chambres ∙ 5 personnes,Zinal - Ayer - Valais
28/12/2023,23/03/2024,30/03/2024,1673.00,HT9BLY0,Villa ∙ 3 chambres ∙ 5 personnes,Zinal - Ayer - Valais
28/12/2023,06/04/2024,13/04/2024,1586.00,HT9BLY0,Villa ∙ 3 chambres ∙ 5 personnes,Zinal - Ayer - Valais
28/12/2023,13/04/2024,20/04/2024,1586.00,HT9BLY0,Villa ∙ 3 chambres ∙ 5 personnes,Zinal - Ayer - Valais
28/12/2023,20/04/2024,27/04/2024,1586.00,HT9BLY0,Villa ∙ 3 chambres ∙ 5 personnes,Zinal - Ayer - Valais
28/12/2023,27/04/2024,04/05/2024,1586.00,HT9BLY0,Villa ∙ 3 chambres ∙ 5 personnes,Zinal - Ayer - Valais
28/12/2023,04/05/2024,11/05/2024,1586.00,HT9BLY0,Villa ∙ 3 chambres ∙ 5 personnes,Zinal - Ayer - Valais
28/12/2023,11/05/2024,18/05/2024,1586.00,HT9BLY0,Villa ∙ 3 chambres ∙ 5 personnes,Zinal - Ayer - Valais
28/12/2023,18/05/2024,25/05/2024,1586.00,HT9BLY0,Villa ∙ 3 chambres ∙ 5 personnes,Zinal - Ayer - Valais
28/12/2023,25/05/2024,01/06/2024,1586.00,HT9BLY0,Villa ∙ 3 chambres ∙ 5 personnes,Zinal - Ayer - Valais
28/12/2023,17/02/2024,24/02/2024,4179.77,H53V2HB,74 m² Appartement ∙ 2 chambres ∙ 6 personnes,Zinal - Ayer - Valais
28/12/2023,06/04/2024,13/04/2024,1551.25,H53V2HB,74 m² Appartement ∙ 2 chambres ∙ 6 personnes,Zinal - Ayer - Valais
28/12/2023,13/04/2024,20/04/2024,1551.25,H53V2HB,74 m² Appartement ∙ 2 chambres ∙ 6 personnes,Zinal - Ayer - Valais
28/12/2023,27/01/2024,03/02/2024,916.00,HPKN8VZ,28 m² Maison de vacances ∙ 1 chambre ∙ 2 personnes,Zinal - Ayer - Valais
28/12/2023,24/02/2024,02/03/2024,1131.00,HPKN8VZ,28 m² Maison de vacances ∙ 1 chambre ∙ 2 personnes,Zinal - Ayer - Valais
28/12/2023,09/03/2024,16/03/2024,916.00,HPKN8VZ,28 m² Maison de vacances ∙ 1 chambre ∙ 2 personnes,Zinal - Ayer - Valais
28/12/2023,06/04/2024,13/04/2024,622.00,HPKN8VZ,28 m² Maison de vacances ∙ 1 chambre ∙ 2 personnes,Zinal - Ayer - Valais
28/12/2023,13/04/2024,20/04/2024,622.00,HPKN8VZ,28 m² Maison de vacances ∙ 1 chambre ∙ 2 personnes,Zinal - Ayer - Valais
28/12/2023,20/04/2024,27/04/2024,622.00,HPKN8VZ,28 m² Maison de vacances ∙ 1 chambre ∙ 2 personnes,Zinal - Ayer - Valais
28/12/2023,27/04/2024,04/05/2024,622.00,HPKN8VZ,28 m² Maison de vacances ∙ 1 chambre ∙ 2 personnes,Zinal - Ayer - Valais
28/12/2023,04/05/2024,11/05/2024,622.00,HPKN8VZ,28 m² Maison de vacances ∙ 1 chambre ∙ 2 personnes,Zinal - Ayer - Valais
28/12/2023,11/05/2024,18/05/2024,622.00,HPKN8VZ,28 m² Maison de vacances ∙ 1 chambre ∙ 2 personnes,Zinal - Ayer - Valais
28/12/2023,18/05/2024,25/05/2024,622.00,HPKN8VZ,28 m² Maison de vacances ∙ 1 chambre ∙ 2 personnes,Zinal - Ayer - Valais
28/12/2023,25/05/2024,01/06/2024,622.00,HPKN8VZ,28 m² Maison de vacances ∙ 1 chambre ∙ 2 personnes,Zinal - Ayer - Valais
28/12/2023,13/01/2024,20/01/2024,997.77,HAW3PSD,54 m² Appartement ∙ 2 chambres ∙ 5 personnes,Zinal - Ayer - Valais
28/12/2023,20/01/2024,27/01/2024,997.77,HAW3PSD,54 m² Appartement ∙ 2 chambres ∙ 5 personnes,Zinal - Ayer - Valais
28/12/2023,27/01/2024,03/02/2024,997.77,HAW3PSD,54 m² Appartement ∙ 2 chambres ∙ 5 personnes,Zinal - Ayer - Valais
28/12/2023,02/03/2024,09/03/2024,997.77,HAW3PSD,54 m² Appartement ∙ 2 chambres ∙ 5 personnes,Zinal - Ayer - Valais
28/12/2023,09/03/2024,16/03/2024,997.77,HAW3PSD,54 m² Appartement ∙ 2 chambres ∙ 5 personnes,Zinal - Ayer - Valais
28/12/2023,06/04/2024,13/04/2024,997.77,HAW3PSD,54 m² Appartement ∙ 2 chambres ∙ 5 personnes,Zinal - Ayer - Valais
28/12/2023,13/04/2024,20/04/2024,997.77,HAW3PSD,54 m² Appartement ∙ 2 chambres ∙ 5 personnes,Zinal - Ayer - Valais
28/12/2023,20/04/2024,27/04/2024,997.77,HAW3PSD,54 m² Appartement ∙ 2 chambres ∙ 5 personnes,Zinal - Ayer - Valais
28/12/2023,27/04/2024,04/05/2024,997.77,HAW3PSD,54 m² Appartement ∙ 2 chambres ∙ 5 personnes,Zinal - Ayer - Valais
28/12/2023,04/05/2024,11/05/2024,997.77,HAW3PSD,54 m² Appartement ∙ 2 chambres ∙ 5 personnes,Zinal - Ayer - Valais
28/12/2023,11/05/2024,18/05/2024,997.77,HAW3PSD,54 m² Appartement ∙ 2 chambres ∙ 5 personnes,Zinal - Ayer - Valais
28/12/2023,18/05/2024,25/05/2024,997.77,HAW3PSD,54 m² Appartement ∙ 2 chambres ∙ 5 personnes,Zinal - Ayer - Valais
28/12/2023,25/05/2024,01/06/2024,997.77,HAW3PSD,54 m² Appartement ∙ 2 chambres ∙ 5 personnes,Zinal - Ayer - Valais
28/12/2023,06/01/2024,13/01/2024,1919.00,HURCJ3B,120 m² Villa ∙ 3 chambres ∙ 6 personnes,Zinal - Ayer - Valais
28/12/2023,13/01/2024,20/01/2024,1919.00,HURCJ3B,120 m² Villa ∙ 3 chambres ∙ 6 personnes,Zinal - Ayer - Valais
28/12/2023,20/01/2024,27/01/2024,1919.00,HURCJ3B,120 m² Villa ∙ 3 chambres ∙ 6 personnes,Zinal - Ayer - Valais
28/12/2023,27/01/2024,03/02/2024,2006.00,HURCJ3B,120 m² Villa ∙ 3 chambres ∙ 6 personnes,Zinal - Ayer - Valais
28/12/2023,24/02/2024,02/03/2024,2179.00,HURCJ3B,120 m² Villa ∙ 3 chambres ∙ 6 personnes,Zinal - Ayer - Valais
28/12/2023,02/03/2024,09/03/2024,2109.00,HURCJ3B,120 m² Villa ∙ 3 chambres ∙ 6 personnes,Zinal - Ayer - Valais
28/12/2023,16/03/2024,23/03/2024,1919.00,HURCJ3B,120 m² Villa ∙ 3 chambres ∙ 6 personnes,Zinal - Ayer - Valais
28/12/2023,30/03/2024,06/04/2024,1899.00,HURCJ3B,120 m² Villa ∙ 3 chambres ∙ 6 personnes,Zinal - Ayer - Valais
28/12/2023,06/04/2024,13/04/2024,1773.00,HURCJ3B,120 m² Villa ∙ 3 chambres ∙ 6 personnes,Zinal - Ayer - Valais
28/12/2023,13/04/2024,20/04/2024,1773.00,HURCJ3B,120 m² Villa ∙ 3 chambres ∙ 6 personnes,Zinal - Ayer - Valais
28/12/2023,20/04/2024,27/04/2024,1773.00,HURCJ3B,120 m² Villa ∙ 3 chambres ∙ 6 personnes,Zinal - Ayer - Valais
28/12/2023,27/04/2024,04/05/2024,1773.00,HURCJ3B,120 m² Villa ∙ 3 chambres ∙ 6 personnes,Zinal - Ayer - Valais
28/12/2023,04/05/2024,11/05/2024,1773.00,HURCJ3B,120 m² Villa ∙ 3 chambres ∙ 6 personnes,Zinal - Ayer - Valais
28/12/2023,11/05/2024,18/05/2024,1773.00,HURCJ3B,120 m² Villa ∙ 3 chambres ∙ 6 personnes,Zinal - Ayer - Valais
28/12/2023,18/05/2024,25/05/2024,1773.00,HURCJ3B,120 m² Villa ∙ 3 chambres ∙ 6 personnes,Zinal - Ayer - Valais
28/12/2023,25/05/2024,01/06/2024,1773.00,HURCJ3B,120 m² Villa ∙ 3 chambres ∙ 6 personnes,Zinal - Ayer - Valais
28/12/2023,17/02/2024,24/02/2024,2051.00,HPXV46D,34 m² Maison de vacances ∙ 1 chambre ∙ 4 personnes,Zinal - Ayer - Valais
28/12/2023,24/02/2024,02/03/2024,1707.00,HPXV46D,34 m² Maison de vacances ∙ 1 chambre ∙ 4 personnes,Zinal - Ayer - Valais
28/12/2023,02/03/2024,09/03/2024,1433.00,HPXV46D,34 m² Maison de vacances ∙ 1 chambre ∙ 4 personnes,Zinal - Ayer - Valais
28/12/2023,09/03/2024,16/03/2024,1166.00,HPXV46D,34 m² Maison de vacances ∙ 1 chambre ∙ 4 personnes,Zinal - Ayer - Valais
28/12/2023,16/03/2024,23/03/2024,1019.00,HPXV46D,34 m² Maison de vacances ∙ 1 chambre ∙ 4 personnes,Zinal - Ayer - Valais
28/12/2023,23/03/2024,30/03/2024,1019.00,HPXV46D,34 m² Maison de vacances ∙ 1 chambre ∙ 4 personnes,Zinal - Ayer - Valais
28/12/2023,30/03/2024,06/04/2024,1433.00,HPXV46D,34 m² Maison de vacances ∙ 1 chambre ∙ 4 personnes,Zinal - Ayer - Valais
28/12/2023,06/04/2024,13/04/2024,997.00,HPXV46D,34 m² Maison de vacances ∙ 1 chambre ∙ 4 personnes,Zinal - Ayer - Valais
28/12/2023,13/04/2024,20/04/2024,1166.00,HPXV46D,34 m² Maison de vacances ∙ 1 chambre ∙ 4 personnes,Zinal - Ayer - Valais
28/12/2023,06/01/2024,13/01/2024,2041.00,HJV2ZK9,Villa ∙ 3 chambres ∙ 6 personnes,Zinal - Ayer - Valais
28/12/2023,13/01/2024,20/01/2024,2041.00,HJV2ZK9,Villa ∙ 3 chambres ∙ 6 personnes,Zinal - Ayer - Valais
28/12/2023,20/01/2024,27/01/2024,2041.00,HJV2ZK9,Villa ∙ 3 chambres ∙ 6 personnes,Zinal - Ayer - Valais
28/12/2023,27/01/2024,03/02/2024,2084.00,HJV2ZK9,Villa ∙ 3 chambres ∙ 6 personnes,Zinal - Ayer - Valais
28/12/2023,16/03/2024,23/03/2024,2041.00,HJV2ZK9,Villa ∙ 3 chambres ∙ 6 personnes,Zinal - Ayer - Valais
28/12/2023,13/04/2024,20/04/2024,1695.00,HJV2ZK9,Villa ∙ 3 chambres ∙ 6 personnes,Zinal - Ayer - Valais
28/12/2023,20/04/2024,27/04/2024,1695.00,HJV2ZK9,Villa ∙ 3 chambres ∙ 6 personnes,Zinal - Ayer - Valais
28/12/2023,27/04/2024,04/05/2024,1695.00,HJV2ZK9,Villa ∙ 3 chambres ∙ 6 personnes,Zinal - Ayer - Valais
28/12/2023,04/05/2024,11/05/2024,1695.00,HJV2ZK9,Villa ∙ 3 chambres ∙ 6 personnes,Zinal - Ayer - Valais
28/12/2023,11/05/2024,18/05/2024,1695.00,HJV2ZK9,Villa ∙ 3 chambres ∙ 6 personnes,Zinal - Ayer - Valais
28/12/2023,18/05/2024,25/05/2024,1695.00,HJV2ZK9,Villa ∙ 3 chambres ∙ 6 personnes,Zinal - Ayer - Valais
28/12/2023,25/05/2024,01/06/2024,1695.00,HJV2ZK9,Villa ∙ 3 chambres ∙ 6 personnes,Zinal - Ayer - Valais
28/12/2023,06/04/2024,13/04/2024,1387.00,HTS39LB,57 m² Maison de vacances ∙ 1 chambre ∙ 6 personnes,Zinal - Ayer - Valais
28/12/2023,13/04/2024,20/04/2024,1620.00,HTS39LB,57 m² Maison de vacances ∙ 1 chambre ∙ 6 personnes,Zinal - Ayer - Valais
28/12/2023,06/01/2024,13/01/2024,2116.00,H6EW24U,Villa ∙ 1 chambre ∙ 6 personnes,Zinal - Ayer - Valais
28/12/2023,13/01/2024,20/01/2024,2116.00,H6EW24U,Villa ∙ 1 chambre ∙ 6 personnes,Zinal - Ayer - Valais
28/12/2023,20/01/2024,27/01/2024,2116.00,H6EW24U,Villa ∙ 1 chambre ∙ 6 personnes,Zinal - Ayer - Valais
28/12/2023,27/01/2024,03/02/2024,2246.00,H6EW24U,Villa ∙ 1 chambre ∙ 6 personnes,Zinal - Ayer - Valais
28/12/2023,03/02/2024,10/02/2024,2246.00,H6EW24U,Villa ∙ 1 chambre ∙ 6 personnes,Zinal - Ayer - Valais
28/12/2023,24/02/2024,02/03/2024,2505.00,H6EW24U,Villa ∙ 1 chambre ∙ 6 personnes,Zinal - Ayer - Valais
28/12/2023,09/03/2024,16/03/2024,2246.00,H6EW24U,Villa ∙ 1 chambre ∙ 6 personnes,Zinal - Ayer - Valais
28/12/2023,16/03/2024,23/03/2024,2116.00,H6EW24U,Villa ∙ 1 chambre ∙ 6 personnes,Zinal - Ayer - Valais
28/12/2023,06/04/2024,13/04/2024,1856.00,H6EW24U,Villa ∙ 1 chambre ∙ 6 personnes,Zinal - Ayer - Valais
28/12/2023,13/04/2024,20/04/2024,1856.00,H6EW24U,Villa ∙ 1 chambre ∙ 6 personnes,Zinal - Ayer - Valais
28/12/2023,20/04/2024,27/04/2024,1856.00,H6EW24U,Villa ∙ 1 chambre ∙ 6 personnes,Zinal - Ayer - Valais
28/12/2023,27/04/2024,04/05/2024,1856.00,H6EW24U,Villa ∙ 1 chambre ∙ 6 personnes,Zinal - Ayer - Valais
28/12/2023,04/05/2024,11/05/2024,1856.00,H6EW24U,Villa ∙ 1 chambre ∙ 6 personnes,Zinal - Ayer - Valais
28/12/2023,11/05/2024,18/05/2024,1856.00,H6EW24U,Villa ∙ 1 chambre ∙ 6 personnes,Zinal - Ayer - Valais
28/12/2023,18/05/2024,25/05/2024,1856.00,H6EW24U,Villa ∙ 1 chambre ∙ 6 personnes,Zinal - Ayer - Valais
28/12/2023,25/05/2024,01/06/2024,1856.00,H6EW24U,Villa ∙ 1 chambre ∙ 6 personnes,Zinal - Ayer - Valais
28/12/2023,17/02/2024,24/02/2024,3173.00,HMWPBN5,54 m² Maison de vacances ∙ 2 chambres ∙ 6 personnes,Zinal - Ayer - Valais
28/12/2023,24/02/2024,02/03/2024,2637.00,HMWPBN5,54 m² Maison de vacances ∙ 2 chambres ∙ 6 personnes,Zinal - Ayer - Valais
28/12/2023,02/03/2024,09/03/2024,2209.00,HMWPBN5,54 m² Maison de vacances ∙ 2 chambres ∙ 6 personnes,Zinal - Ayer - Valais
28/12/2023,30/03/2024,06/04/2024,2209.00,HMWPBN5,54 m² Maison de vacances ∙ 2 chambres ∙ 6 personnes,Zinal - Ayer - Valais
28/12/2023,06/04/2024,13/04/2024,1528.00,HMWPBN5,54 m² Maison de vacances ∙ 2 chambres ∙ 6 personnes,Zinal - Ayer - Valais
28/12/2023,13/04/2024,20/04/2024,1785.00,HMWPBN5,54 m² Maison de vacances ∙ 2 chambres ∙ 6 personnes,Zinal - Ayer - Valais
28/12/2023,13/01/2024,20/01/2024,2599.00,HUDBMSA,150 m² Villa ∙ 4 chambres ∙ 10 personnes,Zinal - Ayer - Valais
28/12/2023,06/04/2024,13/04/2024,2253.00,HUDBMSA,150 m² Villa ∙ 4 chambres ∙ 10 personnes,Zinal - Ayer - Valais
28/12/2023,13/04/2024,20/04/2024,2253.00,HUDBMSA,150 m² Villa ∙ 4 chambres ∙ 10 personnes,Zinal - Ayer - Valais
28/12/2023,20/04/2024,27/04/2024,2253.00,HUDBMSA,150 m² Villa ∙ 4 chambres ∙ 10 personnes,Zinal - Ayer - Valais
28/12/2023,27/04/2024,04/05/2024,2253.00,HUDBMSA,150 m² Villa ∙ 4 chambres ∙ 10 personnes,Zinal - Ayer - Valais
28/12/2023,04/05/2024,11/05/2024,2253.00,HUDBMSA,150 m² Villa ∙ 4 chambres ∙ 10 personnes,Zinal - Ayer - Valais
28/12/2023,11/05/2024,18/05/2024,2253.00,HUDBMSA,150 m² Villa ∙ 4 chambres ∙ 10 personnes,Zinal - Ayer - Valais
28/12/2023,18/05/2024,25/05/2024,2253.00,HUDBMSA,150 m² Villa ∙ 4 chambres ∙ 10 personnes,Zinal - Ayer - Valais
28/12/2023,25/05/2024,01/06/2024,2253.00,HUDBMSA,150 m² Villa ∙ 4 chambres ∙ 10 personnes,Zinal - Ayer - Valais
28/12/2023,06/01/2024,13/01/2024,918.00,HJSXPGV,34 m² Maison de vacances ∙ 1 chambre ∙ 4 personnes,Zinal - Ayer - Valais
28/12/2023,13/01/2024,20/01/2024,976.00,HJSXPGV,34 m² Maison de vacances ∙ 1 chambre ∙ 4 personnes,Zinal - Ayer - Valais
28/12/2023,17/02/2024,24/02/2024,2449.00,HJSXPGV,34 m² Maison de vacances ∙ 1 chambre ∙ 4 personnes,Zinal - Ayer - Valais
28/12/2023,24/02/2024,02/03/2024,2048.00,HJSXPGV,34 m² Maison de vacances ∙ 1 chambre ∙ 4 personnes,Zinal - Ayer - Valais
28/12/2023,02/03/2024,09/03/2024,1707.00,HJSXPGV,34 m² Maison de vacances ∙ 1 chambre ∙ 4 personnes,Zinal - Ayer - Valais
28/12/2023,09/03/2024,16/03/2024,1390.00,HJSXPGV,34 m² Maison de vacances ∙ 1 chambre ∙ 4 personnes,Zinal - Ayer - Valais
28/12/2023,16/03/2024,23/03/2024,1209.00,HJSXPGV,34 m² Maison de vacances ∙ 1 chambre ∙ 4 personnes,Zinal - Ayer - Valais
28/12/2023,23/03/2024,30/03/2024,1209.00,HJSXPGV,34 m² Maison de vacances ∙ 1 chambre ∙ 4 personnes,Zinal - Ayer - Valais
28/12/2023,30/03/2024,06/04/2024,1707.00,HJSXPGV,34 m² Maison de vacances ∙ 1 chambre ∙ 4 personnes,Zinal - Ayer - Valais
28/12/2023,06/04/2024,13/04/2024,1190.00,HJSXPGV,34 m² Maison de vacances ∙ 1 chambre ∙ 4 personnes,Zinal - Ayer - Valais
28/12/2023,13/04/2024,20/04/2024,1390.00,HJSXPGV,34 m² Maison de vacances ∙ 1 chambre ∙ 4 personnes,Zinal - Ayer - Valais
28/12/2023,24/02/2024,02/03/2024,2379.00,H6UMWRH,54 m² Maison de vacances ∙ 1 chambre ∙ 6 personnes,Zinal - Ayer - Valais
28/12/2023,02/03/2024,09/03/2024,1993.00,H6UMWRH,54 m² Maison de vacances ∙ 1 chambre ∙ 6 personnes,Zinal - Ayer - Valais
28/12/2023,16/03/2024,23/03/2024,1405.00,H6UMWRH,54 m² Maison de vacances ∙ 1 chambre ∙ 6 personnes,Zinal - Ayer - Valais
28/12/2023,23/03/2024,30/03/2024,1405.00,H6UMWRH,54 m² Maison de vacances ∙ 1 chambre ∙ 6 personnes,Zinal - Ayer - Valais
28/12/2023,30/03/2024,06/04/2024,1993.00,H6UMWRH,54 m² Maison de vacances ∙ 1 chambre ∙ 6 personnes,Zinal - Ayer - Valais
28/12/2023,06/04/2024,13/04/2024,1387.00,H6UMWRH,54 m² Maison de vacances ∙ 1 chambre ∙ 6 personnes,Zinal - Ayer - Valais
28/12/2023,13/04/2024,20/04/2024,1620.00,H6UMWRH,54 m² Maison de vacances ∙ 1 chambre ∙ 6 personnes,Zinal - Ayer - Valais
28/12/2023,06/01/2024,13/01/2024,1302.00,HNBD1US,52 m² Maison de vacances ∙ 2 chambres ∙ 6 personnes,Zinal - Ayer - Valais
28/12/2023,17/02/2024,24/02/2024,3487.00,HNBD1US,52 m² Maison de vacances ∙ 2 chambres ∙ 6 personnes,Zinal - Ayer - Valais
28/12/2023,24/02/2024,02/03/2024,2903.00,HNBD1US,52 m² Maison de vacances ∙ 2 chambres ∙ 6 personnes,Zinal - Ayer - Valais
28/12/2023,02/03/2024,09/03/2024,2430.00,HNBD1US,52 m² Maison de vacances ∙ 2 chambres ∙ 6 personnes,Zinal - Ayer - Valais
28/12/2023,16/03/2024,23/03/2024,1715.00,HNBD1US,52 m² Maison de vacances ∙ 2 chambres ∙ 6 personnes,Zinal - Ayer - Valais
28/12/2023,23/03/2024,30/03/2024,1715.00,HNBD1US,52 m² Maison de vacances ∙ 2 chambres ∙ 6 personnes,Zinal - Ayer - Valais
28/12/2023,30/03/2024,06/04/2024,2430.00,HNBD1US,52 m² Maison de vacances ∙ 2 chambres ∙ 6 personnes,Zinal - Ayer - Valais
28/12/2023,06/04/2024,13/04/2024,1682.00,HNBD1US,52 m² Maison de vacances ∙ 2 chambres ∙ 6 personnes,Zinal - Ayer - Valais
28/12/2023,13/04/2024,20/04/2024,1966.00,HNBD1US,52 m² Maison de vacances ∙ 2 chambres ∙ 6 personnes,Zinal - Ayer - Valais
28/12/2023,06/04/2024,13/04/2024,1617.02,HNRH8DZ,125 m² Maison de vacances ∙ 3 chambres ∙ 6 personnes,Saint-Luc - Valais
28/12/2023,13/04/2024,20/04/2024,1617.02,HNRH8DZ,125 m² Maison de vacances ∙ 3 chambres ∙ 6 personnes,Saint-Luc - Valais
28/12/2023,20/04/2024,27/04/2024,1750.97,HNRH8DZ,125 m² Maison de vacances ∙ 3 chambres ∙ 6 personnes,Saint-Luc - Valais
28/12/2023,27/04/2024,04/05/2024,1463.78,HNRH8DZ,125 m² Maison de vacances ∙ 3 chambres ∙ 6 personnes,Saint-Luc - Valais
28/12/2023,04/05/2024,11/05/2024,1245.19,HNRH8DZ,125 m² Maison de vacances ∙ 3 chambres ∙ 6 personnes,Saint-Luc - Valais
28/12/2023,11/05/2024,18/05/2024,1245.19,HNRH8DZ,125 m² Maison de vacances ∙ 3 chambres ∙ 6 personnes,Saint-Luc - Valais
28/12/2023,18/05/2024,25/05/2024,1245.19,HNRH8DZ,125 m² Maison de vacances ∙ 3 chambres ∙ 6 personnes,Saint-Luc - Valais
28/12/2023,25/05/2024,01/06/2024,1245.19,HNRH8DZ,125 m² Maison de vacances ∙ 3 chambres ∙ 6 personnes,Saint-Luc - Valais
28/12/2023,06/01/2024,13/01/2024,1159.45,HUBDXHJ,60 m² Appartement ∙ 3 chambres ∙ 6 personnes,Grimentz - Valais
28/12/2023,02/03/2024,09/03/2024,1159.45,HUBDXHJ,60 m² Appartement ∙ 3 chambres ∙ 6 personnes,Grimentz - Valais
28/12/2023,06/04/2024,13/04/2024,989.07,HUBDXHJ,60 m² Appartement ∙ 3 chambres ∙ 6 personnes,Grimentz - Valais
28/12/2023,13/04/2024,20/04/2024,989.07,HUBDXHJ,60 m² Appartement ∙ 3 chambres ∙ 6 personnes,Grimentz - Valais
28/12/2023,20/04/2024,27/04/2024,989.07,HUBDXHJ,60 m² Appartement ∙ 3 chambres ∙ 6 personnes,Grimentz - Valais
28/12/2023,27/04/2024,04/05/2024,989.07,HUBDXHJ,60 m² Appartement ∙ 3 chambres ∙ 6 personnes,Grimentz - Valais
28/12/2023,04/05/2024,11/05/2024,989.07,HUBDXHJ,60 m² Appartement ∙ 3 chambres ∙ 6 personnes,Grimentz - Valais
28/12/2023,11/05/2024,18/05/2024,989.07,HUBDXHJ,60 m² Appartement ∙ 3 chambres ∙ 6 personnes,Grimentz - Valais
28/12/2023,18/05/2024,25/05/2024,989.07,HUBDXHJ,60 m² Appartement ∙ 3 chambres ∙ 6 personnes,Grimentz - Valais
28/12/2023,25/05/2024,01/06/2024,989.07,HUBDXHJ,60 m² Appartement ∙ 3 chambres ∙ 6 personnes,Grimentz - Valais
28/12/2023,13/01/2024,20/01/2024,1601,HWYX7N4,Maison de vacances ∙ 4 chambres ∙ 7 personnes,Ayer - Valais
28/12/2023,20/01/2024,27/01/2024,1601,HWYX7N4,Maison de vacances ∙ 4 chambres ∙ 7 personnes,Ayer - Valais
28/12/2023,27/01/2024,03/02/2024,1601,HWYX7N4,Maison de vacances ∙ 4 chambres ∙ 7 personnes,Ayer - Valais
28/12/2023,03/02/2024,10/02/2024,1601,HWYX7N4,Maison de vacances ∙ 4 chambres ∙ 7 personnes,Ayer - Valais
28/12/2023,02/03/2024,09/03/2024,1489,HWYX7N4,Maison de vacances ∙ 4 chambres ∙ 7 personnes,Ayer - Valais
28/12/2023,06/04/2024,13/04/2024,1489,HWYX7N4,Maison de vacances ∙ 4 chambres ∙ 7 personnes,Ayer - Valais
28/12/2023,13/04/2024,20/04/2024,1489,HWYX7N4,Maison de vacances ∙ 4 chambres ∙ 7 personnes,Ayer - Valais
28/12/2023,20/04/2024,27/04/2024,1489,HWYX7N4,Maison de vacances ∙ 4 chambres ∙ 7 personnes,Ayer - Valais
28/12/2023,27/04/2024,04/05/2024,1264,HWYX7N4,Maison de vacances ∙ 4 chambres ∙ 7 personnes,Ayer - Valais
28/12/2023,04/05/2024,11/05/2024,1264,HWYX7N4,Maison de vacances ∙ 4 chambres ∙ 7 personnes,Ayer - Valais
28/12/2023,11/05/2024,18/05/2024,1264,HWYX7N4,Maison de vacances ∙ 4 chambres ∙ 7 personnes,Ayer - Valais
28/12/2023,18/05/2024,25/05/2024,1264,HWYX7N4,Maison de vacances ∙ 4 chambres ∙ 7 personnes,Ayer - Valais
28/12/2023,25/05/2024,01/06/2024,1264,HWYX7N4,Maison de vacances ∙ 4 chambres ∙ 7 personnes,Ayer - Valais
28/12/2023,13/01/2024,20/01/2024,1573.00,H28MEPL,100 m² Maison de vacances ∙ 6 personnes,Grimentz - Valais
28/12/2023,13/04/2024,20/04/2024,1346.00,H28MEPL,100 m² Maison de vacances ∙ 6 personnes,Grimentz - Valais
28/12/2023,11/05/2024,18/05/2024,1346.00,H28MEPL,100 m² Maison de vacances ∙ 6 personnes,Grimentz - Valais
28/12/2023,18/05/2024,25/05/2024,1346.00,H28MEPL,100 m² Maison de vacances ∙ 6 personnes,Grimentz - Valais
28/12/2023,25/05/2024,01/06/2024,1346.00,H28MEPL,100 m² Maison de vacances ∙ 6 personnes,Grimentz - Valais
28/12/2023,06/01/2024,13/01/2024,1159.45,HUBDXHJ,60 m² Appartement ∙ 3 chambres ∙ 6 personnes,Grimentz - Valais
28/12/2023,02/03/2024,09/03/2024,1159.45,HUBDXHJ,60 m² Appartement ∙ 3 chambres ∙ 6 personnes,Grimentz - Valais
28/12/2023,06/04/2024,13/04/2024,989.07,HUBDXHJ,60 m² Appartement ∙ 3 chambres ∙ 6 personnes,Grimentz - Valais
28/12/2023,13/04/2024,20/04/2024,989.07,HUBDXHJ,60 m² Appartement ∙ 3 chambres ∙ 6 personnes,Grimentz - Valais
28/12/2023,20/04/2024,27/04/2024,989.07,HUBDXHJ,60 m² Appartement ∙ 3 chambres ∙ 6 personnes,Grimentz - Valais
28/12/2023,27/04/2024,04/05/2024,989.07,HUBDXHJ,60 m² Appartement ∙ 3 chambres ∙ 6 personnes,Grimentz - Valais
28/12/2023,04/05/2024,11/05/2024,989.07,HUBDXHJ,60 m² Appartement ∙ 3 chambres ∙ 6 personnes,Grimentz - Valais
28/12/2023,11/05/2024,18/05/2024,989.07,HUBDXHJ,60 m² Appartement ∙ 3 chambres ∙ 6 personnes,Grimentz - Valais
28/12/2023,18/05/2024,25/05/2024,989.07,HUBDXHJ,60 m² Appartement ∙ 3 chambres ∙ 6 personnes,Grimentz - Valais
28/12/2023,25/05/2024,01/06/2024,989.07,HUBDXHJ,60 m² Appartement ∙ 3 chambres ∙ 6 personnes,Grimentz - Valais
28/12/2023,13/01/2024,20/01/2024,1573.00,H28MEPL,100 m² Maison de vacances ∙ 6 personnes,Grimentz - Valais
28/12/2023,13/04/2024,20/04/2024,1346.00,H28MEPL,100 m² Maison de vacances ∙ 6 personnes,Grimentz - Valais
28/12/2023,11/05/2024,18/05/2024,1346.00,H28MEPL,100 m² Maison de vacances ∙ 6 personnes,Grimentz - Valais
28/12/2023,18/05/2024,25/05/2024,1346.00,H28MEPL,100 m² Maison de vacances ∙ 6 personnes,Grimentz - Valais
28/12/2023,25/05/2024,01/06/2024,1346.00,H28MEPL,100 m² Maison de vacances ∙ 6 personnes,Grimentz - Valais
28/12/2023,13/01/2024,20/01/2024,1601,HWYX7N4,Maison de vacances ∙ 4 chambres ∙ 7 personnes,Ayer - Valais
28/12/2023,20/01/2024,27/01/2024,1601,HWYX7N4,Maison de vacances ∙ 4 chambres ∙ 7 personnes,Ayer - Valais
28/12/2023,27/01/2024,03/02/2024,1601,HWYX7N4,Maison de vacances ∙ 4 chambres ∙ 7 personnes,Ayer - Valais
28/12/2023,03/02/2024,10/02/2024,1601,HWYX7N4,Maison de vacances ∙ 4 chambres ∙ 7 personnes,Ayer - Valais
28/12/2023,02/03/2024,09/03/2024,1489,HWYX7N4,Maison de vacances ∙ 4 chambres ∙ 7 personnes,Ayer - Valais
28/12/2023,06/04/2024,13/04/2024,1489,HWYX7N4,Maison de vacances ∙ 4 chambres ∙ 7 personnes,Ayer - Valais
28/12/2023,13/04/2024,20/04/2024,1489,HWYX7N4,Maison de vacances ∙ 4 chambres ∙ 7 personnes,Ayer - Valais
28/12/2023,20/04/2024,27/04/2024,1489,HWYX7N4,Maison de vacances ∙ 4 chambres ∙ 7 personnes,Ayer - Valais
28/12/2023,27/04/2024,04/05/2024,1264,HWYX7N4,Maison de vacances ∙ 4 chambres ∙ 7 personnes,Ayer - Valais
28/12/2023,04/05/2024,11/05/2024,1264,HWYX7N4,Maison de vacances ∙ 4 chambres ∙ 7 personnes,Ayer - Valais
28/12/2023,11/05/2024,18/05/2024,1264,HWYX7N4,Maison de vacances ∙ 4 chambres ∙ 7 personnes,Ayer - Valais
28/12/2023,18/05/2024,25/05/2024,1264,HWYX7N4,Maison de vacances ∙ 4 chambres ∙ 7 personnes,Ayer - Valais
28/12/2023,25/05/2024,01/06/2024,1264,HWYX7N4,Maison de vacances ∙ 4 chambres ∙ 7 personnes,Ayer - Valais
28/12/2023,17/02/2024,24/02/2024,1976.00,HLT4XN9,75 m² Maison de vacances ∙ 1 chambre ∙ 4 personnes,Evolène - Valais
28/12/2023,09/03/2024,16/03/2024,1825.98,HLT4XN9,75 m² Maison de vacances ∙ 1 chambre ∙ 4 personnes,Evolène - Valais
28/12/2023,16/03/2024,23/03/2024,1825.98,HLT4XN9,75 m² Maison de vacances ∙ 1 chambre ∙ 4 personnes,Evolène - Valais
28/12/2023,23/03/2024,30/03/2024,1825.98,HLT4XN9,75 m² Maison de vacances ∙ 1 chambre ∙ 4 personnes,Evolène - Valais
28/12/2023,30/03/2024,06/04/2024,1825.98,HLT4XN9,75 m² Maison de vacances ∙ 1 chambre ∙ 4 personnes,Evolène - Valais
28/12/2023,06/04/2024,13/04/2024,1825.98,HLT4XN9,75 m² Maison de vacances ∙ 1 chambre ∙ 4 personnes,Evolène - Valais
28/12/2023,13/04/2024,20/04/2024,1825.98,HLT4XN9,75 m² Maison de vacances ∙ 1 chambre ∙ 4 personnes,Evolène - Valais
28/12/2023,16/03/2024,23/03/2024,2051.01,HK1XFSW,65 m² Maison de vacances ∙ 2 chambres ∙ 7 personnes,Grimentz - Valais
28/12/2023,06/04/2024,13/04/2024,1900.99,HK1XFSW,65 m² Maison de vacances ∙ 2 chambres ∙ 7 personnes,Grimentz - Valais
28/12/2023,13/04/2024,20/04/2024,1900.99,HK1XFSW,65 m² Maison de vacances ∙ 2 chambres ∙ 7 personnes,Grimentz - Valais
28/12/2023,20/04/2024,27/04/2024,1900.99,HK1XFSW,65 m² Maison de vacances ∙ 2 chambres ∙ 7 personnes,Grimentz - Valais
28/12/2023,27/04/2024,04/05/2024,1900.99,HK1XFSW,65 m² Maison de vacances ∙ 2 chambres ∙ 7 personnes,Grimentz - Valais
28/12/2023,04/05/2024,11/05/2024,1900.99,HK1XFSW,65 m² Maison de vacances ∙ 2 chambres ∙ 7 personnes,Grimentz - Valais
28/12/2023,11/05/2024,18/05/2024,1900.99,HK1XFSW,65 m² Maison de vacances ∙ 2 chambres ∙ 7 personnes,Grimentz - Valais
28/12/2023,18/05/2024,25/05/2024,1767.04,HK1XFSW,65 m² Maison de vacances ∙ 2 chambres ∙ 7 personnes,Grimentz - Valais
28/12/2023,25/05/2024,01/06/2024,1767.04,HK1XFSW,65 m² Maison de vacances ∙ 2 chambres ∙ 7 personnes,Grimentz - Valais
28/12/2023,04/05/2024,11/05/2024,1540.88,HPZW5VL,90 m² Maison de vacances ∙ 3 chambres ∙ 8 personnes,Evolène - Valais
28/12/2023,11/05/2024,18/05/2024,1540.88,HPZW5VL,90 m² Maison de vacances ∙ 3 chambres ∙ 8 personnes,Evolène - Valais
28/12/2023,18/05/2024,25/05/2024,1540.88,HPZW5VL,90 m² Maison de vacances ∙ 3 chambres ∙ 8 personnes,Evolène - Valais
28/12/2023,06/01/2024,13/01/2024,1709.00,HSKJ3A6,40 m² Maison de vacances ∙ 1 chambre ∙ 4 personnes,Grimentz - Valais
28/12/2023,13/01/2024,20/01/2024,1709.00,HSKJ3A6,40 m² Maison de vacances ∙ 1 chambre ∙ 4 personnes,Grimentz - Valais
28/12/2023,06/01/2024,13/01/2024,1709.00,HSKJ3A6,40 m² Maison de vacances ∙ 1 chambre ∙ 4 personnes,Grimentz - Valais
28/12/2023,13/01/2024,20/01/2024,1709.00,HSKJ3A6,40 m² Maison de vacances ∙ 1 chambre ∙ 4 personnes,Grimentz - Valais
28/12/2023,16/03/2024,23/03/2024,1709.00,HSKJ3A6,40 m² Maison de vacances ∙ 1 chambre ∙ 4 personnes,Grimentz - Valais
28/12/2023,23/03/2024,30/03/2024,1709.00,HSKJ3A6,40 m² Maison de vacances ∙ 1 chambre ∙ 4 personnes,Grimentz - Valais
28/12/2023,13/04/2024,20/04/2024,1005.00,HSKJ3A6,40 m² Maison de vacances ∙ 1 chambre ∙ 4 personnes,Grimentz - Valais
28/12/2023,20/04/2024,27/04/2024,1005.00,HSKJ3A6,40 m² Maison de vacances ∙ 1 chambre ∙ 4 personnes,Grimentz - Valais
28/12/2023,27/04/2024,04/05/2024,1005.00,HSKJ3A6,40 m² Maison de vacances ∙ 1 chambre ∙ 4 personnes,Grimentz - Valais
28/12/2023,04/05/2024,11/05/2024,1005.00,HSKJ3A6,40 m² Maison de vacances ∙ 1 chambre ∙ 4 personnes,Grimentz - Valais
28/12/2023,11/05/2024,18/05/2024,1005.00,HSKJ3A6,40 m² Maison de vacances ∙ 1 chambre ∙ 4 personnes,Grimentz - Valais
28/12/2023,18/05/2024,25/05/2024,1005.00,HSKJ3A6,40 m² Maison de vacances ∙ 1 chambre ∙ 4 personnes,Grimentz - Valais
28/12/2023,25/05/2024,01/06/2024,1005.00,HSKJ3A6,40 m² Maison de vacances ∙ 1 chambre ∙ 4 personnes,Grimentz - Valais
28/12/2023,30/12/2023,06/01/2024,2914.34,HF3GKWL,47 m² Appartement ∙ 1 chambre ∙ 2 personnes,Grimentz - Valais
28/12/2023,06/01/2024,13/01/2024,2372.19,HF3GKWL,47 m² Appartement ∙ 1 chambre ∙ 2 personnes,Grimentz - Valais
28/12/2023,13/01/2024,20/01/2024,2372.19,HF3GKWL,47 m² Appartement ∙ 1 chambre ∙ 2 personnes,Grimentz - Valais
28/12/2023,20/01/2024,27/01/2024,2372.19,HF3GKWL,47 m² Appartement ∙ 1 chambre ∙ 2 personnes,Grimentz - Valais
28/12/2023,27/01/2024,03/02/2024,2372.19,HF3GKWL,47 m² Appartement ∙ 1 chambre ∙ 2 personnes,Grimentz - Valais
28/12/2023,03/02/2024,10/02/2024,2914.34,HF3GKWL,47 m² Appartement ∙ 1 chambre ∙ 2 personnes,Grimentz - Valais
28/12/2023,10/02/2024,17/02/2024,2914.34,HF3GKWL,47 m² Appartement ∙ 1 chambre ∙ 2 personnes,Grimentz - Valais
28/12/2023,17/02/2024,24/02/2024,2914.34,HF3GKWL,47 m² Appartement ∙ 1 chambre ∙ 2 personnes,Grimentz - Valais
28/12/2023,24/02/2024,02/03/2024,2812.27,HF3GKWL,47 m² Appartement ∙ 1 chambre ∙ 2 personnes,Grimentz - Valais
28/12/2023,02/03/2024,09/03/2024,2289.11,HF3GKWL,47 m² Appartement ∙ 1 chambre ∙ 2 personnes,Grimentz - Valais
28/12/2023,09/03/2024,16/03/2024,2289.11,HF3GKWL,47 m² Appartement ∙ 1 chambre ∙ 2 personnes,Grimentz - Valais
28/12/2023,16/03/2024,23/03/2024,2289.11,HF3GKWL,47 m² Appartement ∙ 1 chambre ∙ 2 personnes,Grimentz - Valais
28/12/2023,23/03/2024,30/03/2024,2289.11,HF3GKWL,47 m² Appartement ∙ 1 chambre ∙ 2 personnes,Grimentz - Valais
28/12/2023,30/03/2024,06/04/2024,2812.27,HF3GKWL,47 m² Appartement ∙ 1 chambre ∙ 2 personnes,Grimentz - Valais
28/12/2023,06/04/2024,13/04/2024,2289.11,HF3GKWL,47 m² Appartement ∙ 1 chambre ∙ 2 personnes,Grimentz - Valais
28/12/2023,13/04/2024,20/04/2024,2289.11,HF3GKWL,47 m² Appartement ∙ 1 chambre ∙ 2 personnes,Grimentz - Valais
28/12/2023,20/04/2024,27/04/2024,1962.39,HF3GKWL,47 m² Appartement ∙ 1 chambre ∙ 2 personnes,Grimentz - Valais
28/12/2023,27/04/2024,04/05/2024,1968.67,HF3GKWL,47 m² Appartement ∙ 1 chambre ∙ 2 personnes,Grimentz - Valais
28/12/2023,04/05/2024,11/05/2024,1968.67,HF3GKWL,47 m² Appartement ∙ 1 chambre ∙ 2 personnes,Grimentz - Valais
28/12/2023,11/05/2024,18/05/2024,1968.67,HF3GKWL,47 m² Appartement ∙ 1 chambre ∙ 2 personnes,Grimentz - Valais
28/12/2023,18/05/2024,25/05/2024,1968.67,HF3GKWL,47 m² Appartement ∙ 1 chambre ∙ 2 personnes,Grimentz - Valais
28/12/2023,25/05/2024,01/06/2024,1968.67,HF3GKWL,47 m² Appartement ∙ 1 chambre ∙ 2 personnes,Grimentz - Valais
28/12/2023,11/05/2024,18/05/2024,1585.00,H5VC3WM,180 m² Villa ∙ 1 chambre ∙ 8 personnes,Grimentz - Valais
28/12/2023,18/05/2024,25/05/2024,1585.00,H5VC3WM,180 m² Villa ∙ 1 chambre ∙ 8 personnes,Grimentz - Valais
28/12/2023,25/05/2024,01/06/2024,1585.00,H5VC3WM,180 m² Villa ∙ 1 chambre ∙ 8 personnes,Grimentz - Valais
28/12/2023,06/01/2024,13/01/2024,3805.60,H74MP03,107 m² Appartement ∙ 1 chambre ∙ 5 personnes,Grimentz - Valais
28/12/2023,13/01/2024,20/01/2024,3805.60,H74MP03,107 m² Appartement ∙ 1 chambre ∙ 5 personnes,Grimentz - Valais
28/12/2023,20/01/2024,27/01/2024,3805.60,H74MP03,107 m² Appartement ∙ 1 chambre ∙ 5 personnes,Grimentz - Valais
28/12/2023,27/01/2024,03/02/2024,3805.60,H74MP03,107 m² Appartement ∙ 1 chambre ∙ 5 personnes,Grimentz - Valais
28/12/2023,03/02/2024,10/02/2024,5904.96,H74MP03,107 m² Appartement ∙ 1 chambre ∙ 5 personnes,Grimentz - Valais
28/12/2023,17/02/2024,24/02/2024,5904.96,H74MP03,107 m² Appartement ∙ 1 chambre ∙ 5 personnes,Grimentz - Valais
28/12/2023,24/02/2024,02/03/2024,5904.96,H74MP03,107 m² Appartement ∙ 1 chambre ∙ 5 personnes,Grimentz - Valais
28/12/2023,16/03/2024,23/03/2024,4068.02,H74MP03,107 m² Appartement ∙ 1 chambre ∙ 5 personnes,Grimentz - Valais
28/12/2023,23/03/2024,30/03/2024,4068.02,H74MP03,107 m² Appartement ∙ 1 chambre ∙ 5 personnes,Grimentz - Valais
28/12/2023,30/03/2024,06/04/2024,4592.86,H74MP03,107 m² Appartement ∙ 1 chambre ∙ 5 personnes,Grimentz - Valais
28/12/2023,06/04/2024,13/04/2024,4068.02,H74MP03,107 m² Appartement ∙ 1 chambre ∙ 5 personnes,Grimentz - Valais
28/12/2023,13/04/2024,20/04/2024,4068.02,H74MP03,107 m² Appartement ∙ 1 chambre ∙ 5 personnes,Grimentz - Valais
28/12/2023,20/04/2024,27/04/2024,2481.06,H74MP03,107 m² Appartement ∙ 1 chambre ∙ 5 personnes,Grimentz - Valais
28/12/2023,27/04/2024,04/05/2024,2481.06,H74MP03,107 m² Appartement ∙ 1 chambre ∙ 5 personnes,Grimentz - Valais
28/12/2023,04/05/2024,11/05/2024,2481.06,H74MP03,107 m² Appartement ∙ 1 chambre ∙ 5 personnes,Grimentz - Valais
28/12/2023,11/05/2024,18/05/2024,2481.06,H74MP03,107 m² Appartement ∙ 1 chambre ∙ 5 personnes,Grimentz - Valais
28/12/2023,18/05/2024,25/05/2024,2481.06,H74MP03,107 m² Appartement ∙ 1 chambre ∙ 5 personnes,Grimentz - Valais
28/12/2023,25/05/2024,01/06/2024,2481.06,H74MP03,107 m² Appartement ∙ 1 chambre ∙ 5 personnes,Grimentz - Valais
28/12/2023,03/02/2024,10/02/2024,5904.96,H7RM4CV,116 m² Chalet ∙ 2 chambres ∙ 4 personnes,Grimentz - Valais
28/12/2023,24/02/2024,02/03/2024,5904.96,H7RM4CV,116 m² Chalet ∙ 2 chambres ∙ 4 personnes,Grimentz - Valais
28/12/2023,02/03/2024,09/03/2024,4068.02,H7RM4CV,116 m² Chalet ∙ 2 chambres ∙ 4 personnes,Grimentz - Valais
28/12/2023,09/03/2024,16/03/2024,4068.02,H7RM4CV,116 m² Chalet ∙ 2 chambres ∙ 4 personnes,Grimentz - Valais
28/12/2023,16/03/2024,23/03/2024,4068.02,H7RM4CV,116 m² Chalet ∙ 2 chambres ∙ 4 personnes,Grimentz - Valais
28/12/2023,23/03/2024,30/03/2024,4068.02,H7RM4CV,116 m² Chalet ∙ 2 chambres ∙ 4 personnes,Grimentz - Valais
28/12/2023,30/03/2024,06/04/2024,4592.86,H7RM4CV,116 m² Chalet ∙ 2 chambres ∙ 4 personnes,Grimentz - Valais
28/12/2023,06/04/2024,13/04/2024,4068.02,H7RM4CV,116 m² Chalet ∙ 2 chambres ∙ 4 personnes,Grimentz - Valais
28/12/2023,13/04/2024,20/04/2024,4068.02,H7RM4CV,116 m² Chalet ∙ 2 chambres ∙ 4 personnes,Grimentz - Valais
28/12/2023,20/04/2024,27/04/2024,2481.06,H7RM4CV,116 m² Chalet ∙ 2 chambres ∙ 4 personnes,Grimentz - Valais
28/12/2023,27/04/2024,04/05/2024,2481.06,H7RM4CV,116 m² Chalet ∙ 2 chambres ∙ 4 personnes,Grimentz - Valais
28/12/2023,04/05/2024,11/05/2024,2481.06,H7RM4CV,116 m² Chalet ∙ 2 chambres ∙ 4 personnes,Grimentz - Valais
28/12/2023,11/05/2024,18/05/2024,2481.06,H7RM4CV,116 m² Chalet ∙ 2 chambres ∙ 4 personnes,Grimentz - Valais
28/12/2023,18/05/2024,25/05/2024,2481.06,H7RM4CV,116 m² Chalet ∙ 2 chambres ∙ 4 personnes,Grimentz - Valais
28/12/2023,25/05/2024,01/06/2024,2481.06,H7RM4CV,116 m² Chalet ∙ 2 chambres ∙ 4 personnes,Grimentz - Valais
28/12/2023,06/01/2024,13/01/2024,3936.29,HPASMER,114 m² Chalet ∙ 1 chambre ∙ 6 personnes,Grimentz - Valais
28/12/2023,13/01/2024,20/01/2024,3936.29,HPASMER,114 m² Chalet ∙ 1 chambre ∙ 6 personnes,Grimentz - Valais
28/12/2023,03/02/2024,10/02/2024,6560.49,HPASMER,114 m² Chalet ∙ 1 chambre ∙ 6 personnes,Grimentz - Valais
28/12/2023,17/02/2024,24/02/2024,6560.49,HPASMER,114 m² Chalet ∙ 1 chambre ∙ 6 personnes,Grimentz - Valais
28/12/2023,24/02/2024,02/03/2024,6560.49,HPASMER,114 m² Chalet ∙ 1 chambre ∙ 6 personnes,Grimentz - Valais
28/12/2023,02/03/2024,09/03/2024,4330.45,HPASMER,114 m² Chalet ∙ 1 chambre ∙ 6 personnes,Grimentz - Valais
28/12/2023,09/03/2024,16/03/2024,4487.62,HPASMER,114 m² Chalet ∙ 1 chambre ∙ 6 personnes,Grimentz - Valais
28/12/2023,23/03/2024,30/03/2024,4487.62,HPASMER,114 m² Chalet ∙ 1 chambre ∙ 6 personnes,Grimentz - Valais
28/12/2023,30/03/2024,06/04/2024,5303.46,HPASMER,114 m² Chalet ∙ 1 chambre ∙ 6 personnes,Grimentz - Valais
28/12/2023,06/04/2024,13/04/2024,4487.62,HPASMER,114 m² Chalet ∙ 1 chambre ∙ 6 personnes,Grimentz - Valais
28/12/2023,13/04/2024,20/04/2024,4487.62,HPASMER,114 m² Chalet ∙ 1 chambre ∙ 6 personnes,Grimentz - Valais
28/12/2023,20/04/2024,27/04/2024,2707.61,HPASMER,114 m² Chalet ∙ 1 chambre ∙ 6 personnes,Grimentz - Valais
28/12/2023,27/04/2024,04/05/2024,2707.61,HPASMER,114 m² Chalet ∙ 1 chambre ∙ 6 personnes,Grimentz - Valais
28/12/2023,04/05/2024,11/05/2024,2707.61,HPASMER,114 m² Chalet ∙ 1 chambre ∙ 6 personnes,Grimentz - Valais
28/12/2023,11/05/2024,18/05/2024,2707.61,HPASMER,114 m² Chalet ∙ 1 chambre ∙ 6 personnes,Grimentz - Valais
28/12/2023,18/05/2024,25/05/2024,2707.61,HPASMER,114 m² Chalet ∙ 1 chambre ∙ 6 personnes,Grimentz - Valais
28/12/2023,25/05/2024,01/06/2024,2707.61,HPASMER,114 m² Chalet ∙ 1 chambre ∙ 6 personnes,Grimentz - Valais
28/12/2023,06/01/2024,13/01/2024,4079.16,H0LRYD3,108 m² Chalet ∙ 2 chambres ∙ 6 personnes,Grimentz - Valais
28/12/2023,20/01/2024,27/01/2024,4079.16,H0LRYD3,108 m² Chalet ∙ 2 chambres ∙ 6 personnes,Grimentz - Valais
28/12/2023,27/01/2024,03/02/2024,4079.16,H0LRYD3,108 m² Chalet ∙ 2 chambres ∙ 6 personnes,Grimentz - Valais
28/12/2023,03/02/2024,10/02/2024,6798.60,H0LRYD3,108 m² Chalet ∙ 2 chambres ∙ 6 personnes,Grimentz - Valais
28/12/2023,17/02/2024,24/02/2024,6798.60,H0LRYD3,108 m² Chalet ∙ 2 chambres ∙ 6 personnes,Grimentz - Valais
28/12/2023,09/03/2024,16/03/2024,4487.62,H0LRYD3,108 m² Chalet ∙ 2 chambres ∙ 6 personnes,Grimentz - Valais
28/12/2023,16/03/2024,23/03/2024,4487.62,H0LRYD3,108 m² Chalet ∙ 2 chambres ∙ 6 personnes,Grimentz - Valais
28/12/2023,06/04/2024,13/04/2024,4487.62,H0LRYD3,108 m² Chalet ∙ 2 chambres ∙ 6 personnes,Grimentz - Valais
28/12/2023,13/04/2024,20/04/2024,4487.62,H0LRYD3,108 m² Chalet ∙ 2 chambres ∙ 6 personnes,Grimentz - Valais
28/12/2023,20/04/2024,27/04/2024,2707.61,H0LRYD3,108 m² Chalet ∙ 2 chambres ∙ 6 personnes,Grimentz - Valais
28/12/2023,27/04/2024,04/05/2024,2707.61,H0LRYD3,108 m² Chalet ∙ 2 chambres ∙ 6 personnes,Grimentz - Valais
28/12/2023,04/05/2024,11/05/2024,2612.78,H0LRYD3,108 m² Chalet ∙ 2 chambres ∙ 6 personnes,Grimentz - Valais
28/12/2023,11/05/2024,18/05/2024,2612.78,H0LRYD3,108 m² Chalet ∙ 2 chambres ∙ 6 personnes,Grimentz - Valais
28/12/2023,18/05/2024,25/05/2024,2612.78,H0LRYD3,108 m² Chalet ∙ 2 chambres ∙ 6 personnes,Grimentz - Valais
28/12/2023,25/05/2024,01/06/2024,2612.78,H0LRYD3,108 m² Chalet ∙ 2 chambres ∙ 6 personnes,Grimentz - Valais
28/12/2023,06/01/2024,13/01/2024,3805.60,H9TS3A2,107 m² Appartement ∙ 1 chambre ∙ 5 personnes,Grimentz - Valais
28/12/2023,13/01/2024,20/01/2024,3805.60,H9TS3A2,107 m² Appartement ∙ 1 chambre ∙ 5 personnes,Grimentz - Valais
28/12/2023,20/01/2024,27/01/2024,3805.60,H9TS3A2,107 m² Appartement ∙ 1 chambre ∙ 5 personnes,Grimentz - Valais
28/12/2023,03/02/2024,10/02/2024,5904.96,H9TS3A2,107 m² Appartement ∙ 1 chambre ∙ 5 personnes,Grimentz - Valais
28/12/2023,17/02/2024,24/02/2024,5904.96,H9TS3A2,107 m² Appartement ∙ 1 chambre ∙ 5 personnes,Grimentz - Valais
28/12/2023,24/02/2024,02/03/2024,5904.96,H9TS3A2,107 m² Appartement ∙ 1 chambre ∙ 5 personnes,Grimentz - Valais
28/12/2023,02/03/2024,09/03/2024,4068.02,H9TS3A2,107 m² Appartement ∙ 1 chambre ∙ 5 personnes,Grimentz - Valais
28/12/2023,09/03/2024,16/03/2024,4068.02,H9TS3A2,107 m² Appartement ∙ 1 chambre ∙ 5 personnes,Grimentz - Valais
28/12/2023,16/03/2024,23/03/2024,4068.02,H9TS3A2,107 m² Appartement ∙ 1 chambre ∙ 5 personnes,Grimentz - Valais
28/12/2023,30/03/2024,06/04/2024,4592.86,H9TS3A2,107 m² Appartement ∙ 1 chambre ∙ 5 personnes,Grimentz - Valais
28/12/2023,06/04/2024,13/04/2024,4068.02,H9TS3A2,107 m² Appartement ∙ 1 chambre ∙ 5 personnes,Grimentz - Valais
28/12/2023,13/04/2024,20/04/2024,4068.02,H9TS3A2,107 m² Appartement ∙ 1 chambre ∙ 5 personnes,Grimentz - Valais
28/12/2023,20/04/2024,27/04/2024,2481.06,H9TS3A2,107 m² Appartement ∙ 1 chambre ∙ 5 personnes,Grimentz - Valais
28/12/2023,27/04/2024,04/05/2024,2481.06,H9TS3A2,107 m² Appartement ∙ 1 chambre ∙ 5 personnes,Grimentz - Valais
28/12/2023,04/05/2024,11/05/2024,2481.06,H9TS3A2,107 m² Appartement ∙ 1 chambre ∙ 5 personnes,Grimentz - Valais
28/12/2023,11/05/2024,18/05/2024,2481.06,H9TS3A2,107 m² Appartement ∙ 1 chambre ∙ 5 personnes,Grimentz - Valais
28/12/2023,18/05/2024,25/05/2024,2481.06,H9TS3A2,107 m² Appartement ∙ 1 chambre ∙ 5 personnes,Grimentz - Valais
28/12/2023,25/05/2024,01/06/2024,2481.06,H9TS3A2,107 m² Appartement ∙ 1 chambre ∙ 5 personnes,Grimentz - Valais
28/12/2023,30/03/2024,06/04/2024,10198.45,H41PXJD,207 m² Chalet ∙ 5 chambres ∙ 11 personnes,Grimentz - Valais
28/12/2023,06/04/2024,13/04/2024,8158.33,H41PXJD,207 m² Chalet ∙ 5 chambres ∙ 11 personnes,Grimentz - Valais
28/12/2023,13/04/2024,20/04/2024,8158.33,H41PXJD,207 m² Chalet ∙ 5 chambres ∙ 11 personnes,Grimentz - Valais
28/12/2023,20/04/2024,27/04/2024,5427.07,H41PXJD,207 m² Chalet ∙ 5 chambres ∙ 11 personnes,Grimentz - Valais
28/12/2023,04/05/2024,11/05/2024,5427.07,H41PXJD,207 m² Chalet ∙ 5 chambres ∙ 11 personnes,Grimentz - Valais
28/12/2023,11/05/2024,18/05/2024,5427.07,H41PXJD,207 m² Chalet ∙ 5 chambres ∙ 11 personnes,Grimentz - Valais
28/12/2023,18/05/2024,25/05/2024,5427.07,H41PXJD,207 m² Chalet ∙ 5 chambres ∙ 11 personnes,Grimentz - Valais
28/12/2023,25/05/2024,01/06/2024,5427.07,H41PXJD,207 m² Chalet ∙ 5 chambres ∙ 11 personnes,Grimentz - Valais
28/12/2023,06/01/2024,13/01/2024,5438.89,HW6LKMP,146 m² Chalet ∙ 1 chambre ∙ 7 personnes,Grimentz - Valais
28/12/2023,03/02/2024,10/02/2024,9518.05,HW6LKMP,146 m² Chalet ∙ 1 chambre ∙ 7 personnes,Grimentz - Valais
28/12/2023,17/02/2024,24/02/2024,9518.05,HW6LKMP,146 m² Chalet ∙ 1 chambre ∙ 7 personnes,Grimentz - Valais
28/12/2023,13/04/2024,20/04/2024,6429.81,HW6LKMP,146 m² Chalet ∙ 1 chambre ∙ 7 personnes,Grimentz - Valais
28/12/2023,20/04/2024,27/04/2024,3805.60,HW6LKMP,146 m² Chalet ∙ 1 chambre ∙ 7 personnes,Grimentz - Valais
28/12/2023,04/05/2024,11/05/2024,3805.60,HW6LKMP,146 m² Chalet ∙ 1 chambre ∙ 7 personnes,Grimentz - Valais
28/12/2023,11/05/2024,18/05/2024,3805.60,HW6LKMP,146 m² Chalet ∙ 1 chambre ∙ 7 personnes,Grimentz - Valais
28/12/2023,18/05/2024,25/05/2024,3805.60,HW6LKMP,146 m² Chalet ∙ 1 chambre ∙ 7 personnes,Grimentz - Valais
28/12/2023,25/05/2024,01/06/2024,3805.60,HW6LKMP,146 m² Chalet ∙ 1 chambre ∙ 7 personnes,Grimentz - Valais
28/12/2023,06/01/2024,13/01/2024,3936.29,H9ECB2X,105 m² Appartement ∙ 1 chambre ∙ 5 personnes,Grimentz - Valais
28/12/2023,03/02/2024,10/02/2024,6560.49,H9ECB2X,105 m² Appartement ∙ 1 chambre ∙ 5 personnes,Grimentz - Valais
28/12/2023,24/02/2024,02/03/2024,6560.49,H9ECB2X,105 m² Appartement ∙ 1 chambre ∙ 5 personnes,Grimentz - Valais
28/12/2023,02/03/2024,09/03/2024,4330.45,H9ECB2X,105 m² Appartement ∙ 1 chambre ∙ 5 personnes,Grimentz - Valais
28/12/2023,09/03/2024,16/03/2024,4330.45,H9ECB2X,105 m² Appartement ∙ 1 chambre ∙ 5 personnes,Grimentz - Valais
28/12/2023,16/03/2024,23/03/2024,4330.45,H9ECB2X,105 m² Appartement ∙ 1 chambre ∙ 5 personnes,Grimentz - Valais
28/12/2023,23/03/2024,30/03/2024,4330.45,H9ECB2X,105 m² Appartement ∙ 1 chambre ∙ 5 personnes,Grimentz - Valais
28/12/2023,30/03/2024,06/04/2024,5117.71,H9ECB2X,105 m² Appartement ∙ 1 chambre ∙ 5 personnes,Grimentz - Valais
28/12/2023,06/04/2024,13/04/2024,4330.45,H9ECB2X,105 m² Appartement ∙ 1 chambre ∙ 5 personnes,Grimentz - Valais
28/12/2023,13/04/2024,20/04/2024,4330.45,H9ECB2X,105 m² Appartement ∙ 1 chambre ∙ 5 personnes,Grimentz - Valais
28/12/2023,20/04/2024,27/04/2024,2612.78,H9ECB2X,105 m² Appartement ∙ 1 chambre ∙ 5 personnes,Grimentz - Valais
28/12/2023,27/04/2024,04/05/2024,2612.78,H9ECB2X,105 m² Appartement ∙ 1 chambre ∙ 5 personnes,Grimentz - Valais
28/12/2023,04/05/2024,11/05/2024,2612.78,H9ECB2X,105 m² Appartement ∙ 1 chambre ∙ 5 personnes,Grimentz - Valais
28/12/2023,11/05/2024,18/05/2024,2612.78,H9ECB2X,105 m² Appartement ∙ 1 chambre ∙ 5 personnes,Grimentz - Valais
28/12/2023,18/05/2024,25/05/2024,2707.61,H9ECB2X,105 m² Appartement ∙ 1 chambre ∙ 5 personnes,Grimentz - Valais
28/12/2023,25/05/2024,01/06/2024,2707.61,H9ECB2X,105 m² Appartement ∙ 1 chambre ∙ 5 personnes,Grimentz - Valais
28/12/2023,03/02/2024,10/02/2024,8838.73,H5MXHVE,140 m² Chalet ∙ 3 chambres ∙ 9 personnes,Grimentz - Valais
28/12/2023,17/02/2024,24/02/2024,8838.73,H5MXHVE,140 m² Chalet ∙ 3 chambres ∙ 9 personnes,Grimentz - Valais
28/12/2023,30/03/2024,06/04/2024,6798.60,H5MXHVE,140 m² Chalet ∙ 3 chambres ∙ 9 personnes,Grimentz - Valais
28/12/2023,06/04/2024,13/04/2024,6119.28,H5MXHVE,140 m² Chalet ∙ 3 chambres ∙ 9 personnes,Grimentz - Valais
28/12/2023,13/04/2024,20/04/2024,6119.28,H5MXHVE,140 m² Chalet ∙ 3 chambres ∙ 9 personnes,Grimentz - Valais
28/12/2023,20/04/2024,27/04/2024,3485.83,H5MXHVE,140 m² Chalet ∙ 3 chambres ∙ 9 personnes,Grimentz - Valais
28/12/2023,27/04/2024,04/05/2024,3485.83,H5MXHVE,140 m² Chalet ∙ 3 chambres ∙ 9 personnes,Grimentz - Valais
28/12/2023,04/05/2024,11/05/2024,3485.83,H5MXHVE,140 m² Chalet ∙ 3 chambres ∙ 9 personnes,Grimentz - Valais
28/12/2023,11/05/2024,18/05/2024,3485.83,H5MXHVE,140 m² Chalet ∙ 3 chambres ∙ 9 personnes,Grimentz - Valais
28/12/2023,18/05/2024,25/05/2024,3485.83,H5MXHVE,140 m² Chalet ∙ 3 chambres ∙ 9 personnes,Grimentz - Valais
28/12/2023,25/05/2024,01/06/2024,3485.83,H5MXHVE,140 m² Chalet ∙ 3 chambres ∙ 9 personnes,Grimentz - Valais
28/12/2023,17/02/2024,24/02/2024,8838.73,HMZUEL8,141 m² Chalet ∙ 3 chambres ∙ 7 personnes,Grimentz - Valais
28/12/2023,24/02/2024,02/03/2024,8838.73,HMZUEL8,141 m² Chalet ∙ 3 chambres ∙ 7 personnes,Grimentz - Valais
28/12/2023,02/03/2024,09/03/2024,6119.28,HMZUEL8,141 m² Chalet ∙ 3 chambres ∙ 7 personnes,Grimentz - Valais
28/12/2023,30/03/2024,06/04/2024,6798.60,HMZUEL8,141 m² Chalet ∙ 3 chambres ∙ 7 personnes,Grimentz - Valais
28/12/2023,06/04/2024,13/04/2024,6119.28,HMZUEL8,141 m² Chalet ∙ 3 chambres ∙ 7 personnes,Grimentz - Valais
28/12/2023,13/04/2024,20/04/2024,6119.28,HMZUEL8,141 m² Chalet ∙ 3 chambres ∙ 7 personnes,Grimentz - Valais
28/12/2023,20/04/2024,27/04/2024,3485.83,HMZUEL8,141 m² Chalet ∙ 3 chambres ∙ 7 personnes,Grimentz - Valais
28/12/2023,27/04/2024,04/05/2024,3485.83,HMZUEL8,141 m² Chalet ∙ 3 chambres ∙ 7 personnes,Grimentz - Valais
28/12/2023,04/05/2024,11/05/2024,3485.83,HMZUEL8,141 m² Chalet ∙ 3 chambres ∙ 7 personnes,Grimentz - Valais
28/12/2023,11/05/2024,18/05/2024,3485.83,HMZUEL8,141 m² Chalet ∙ 3 chambres ∙ 7 personnes,Grimentz - Valais
28/12/2023,18/05/2024,25/05/2024,3485.83,HMZUEL8,141 m² Chalet ∙ 3 chambres ∙ 7 personnes,Grimentz - Valais
28/12/2023,25/05/2024,01/06/2024,3485.83,HMZUEL8,141 m² Chalet ∙ 3 chambres ∙ 7 personnes,Grimentz - Valais
28/12/2023,06/01/2024,13/01/2024,4079.16,H4RNLKH,116 m² Appartement ∙ 1 chambre ∙ 5 personnes,Grimentz - Valais
28/12/2023,27/01/2024,03/02/2024,4079.16,H4RNLKH,116 m² Appartement ∙ 1 chambre ∙ 5 personnes,Grimentz - Valais
28/12/2023,03/02/2024,10/02/2024,6798.60,H4RNLKH,116 m² Appartement ∙ 1 chambre ∙ 5 personnes,Grimentz - Valais
28/12/2023,24/02/2024,02/03/2024,6798.60,H4RNLKH,116 m² Appartement ∙ 1 chambre ∙ 5 personnes,Grimentz - Valais
28/12/2023,30/03/2024,06/04/2024,5303.46,H4RNLKH,116 m² Appartement ∙ 1 chambre ∙ 5 personnes,Grimentz - Valais
28/12/2023,06/04/2024,13/04/2024,4487.62,H4RNLKH,116 m² Appartement ∙ 1 chambre ∙ 5 personnes,Grimentz - Valais
28/12/2023,13/04/2024,20/04/2024,4487.62,H4RNLKH,116 m² Appartement ∙ 1 chambre ∙ 5 personnes,Grimentz - Valais
28/12/2023,20/04/2024,27/04/2024,2707.61,H4RNLKH,116 m² Appartement ∙ 1 chambre ∙ 5 personnes,Grimentz - Valais
28/12/2023,27/04/2024,04/05/2024,2707.61,H4RNLKH,116 m² Appartement ∙ 1 chambre ∙ 5 personnes,Grimentz - Valais
28/12/2023,04/05/2024,11/05/2024,2707.61,H4RNLKH,116 m² Appartement ∙ 1 chambre ∙ 5 personnes,Grimentz - Valais
28/12/2023,11/05/2024,18/05/2024,2707.61,H4RNLKH,116 m² Appartement ∙ 1 chambre ∙ 5 personnes,Grimentz - Valais
28/12/2023,18/05/2024,25/05/2024,2707.61,H4RNLKH,116 m² Appartement ∙ 1 chambre ∙ 5 personnes,Grimentz - Valais
28/12/2023,25/05/2024,01/06/2024,2707.61,H4RNLKH,116 m² Appartement ∙ 1 chambre ∙ 5 personnes,Grimentz - Valais
28/12/2023,03/02/2024,10/02/2024,9518.05,HF9L104,152 m² Appartement ∙ 1 chambre ∙ 8 personnes,Grimentz - Valais
28/12/2023,24/02/2024,02/03/2024,9518.05,HF9L104,152 m² Appartement ∙ 1 chambre ∙ 8 personnes,Grimentz - Valais
28/12/2023,02/03/2024,09/03/2024,6663.18,HF9L104,152 m² Appartement ∙ 1 chambre ∙ 8 personnes,Grimentz - Valais
28/12/2023,16/03/2024,23/03/2024,6663.18,HF9L104,152 m² Appartement ∙ 1 chambre ∙ 8 personnes,Grimentz - Valais
28/12/2023,30/03/2024,06/04/2024,7479.00,HF9L104,152 m² Appartement ∙ 1 chambre ∙ 8 personnes,Grimentz - Valais
28/12/2023,06/04/2024,13/04/2024,6663.18,HF9L104,152 m² Appartement ∙ 1 chambre ∙ 8 personnes,Grimentz - Valais
28/12/2023,13/04/2024,20/04/2024,6663.18,HF9L104,152 m² Appartement ∙ 1 chambre ∙ 8 personnes,Grimentz - Valais
28/12/2023,20/04/2024,27/04/2024,3943.72,HF9L104,152 m² Appartement ∙ 1 chambre ∙ 8 personnes,Grimentz - Valais
28/12/2023,18/05/2024,25/05/2024,3943.72,HF9L104,152 m² Appartement ∙ 1 chambre ∙ 8 personnes,Grimentz - Valais
28/12/2023,25/05/2024,01/06/2024,3943.72,HF9L104,152 m² Appartement ∙ 1 chambre ∙ 8 personnes,Grimentz - Valais
28/12/2023,03/02/2024,10/02/2024,14956.93,HXJP5AC,Appartement ∙ 5 chambres ∙ 10 personnes,Grimentz - Valais
28/12/2023,10/02/2024,17/02/2024,14956.93,HXJP5AC,Appartement ∙ 5 chambres ∙ 10 personnes,Grimentz - Valais
28/12/2023,06/04/2024,13/04/2024,8430.27,HXJP5AC,Appartement ∙ 5 chambres ∙ 10 personnes,Grimentz - Valais
28/12/2023,13/04/2024,20/04/2024,8430.27,HXJP5AC,Appartement ∙ 5 chambres ∙ 10 personnes,Grimentz - Valais
28/12/2023,20/04/2024,27/04/2024,5710.84,HXJP5AC,Appartement ∙ 5 chambres ∙ 10 personnes,Grimentz - Valais
28/12/2023,04/05/2024,11/05/2024,5710.84,HXJP5AC,Appartement ∙ 5 chambres ∙ 10 personnes,Grimentz - Valais
28/12/2023,11/05/2024,18/05/2024,5710.84,HXJP5AC,Appartement ∙ 5 chambres ∙ 10 personnes,Grimentz - Valais
28/12/2023,18/05/2024,25/05/2024,5710.84,HXJP5AC,Appartement ∙ 5 chambres ∙ 10 personnes,Grimentz - Valais
28/12/2023,25/05/2024,01/06/2024,5710.84,HXJP5AC,Appartement ∙ 5 chambres ∙ 10 personnes,Grimentz - Valais
28/12/2023,23/03/2024,30/03/2024,6119.28,H0UJE4N,126 m² Appartement ∙ 1 chambre ∙ 8 personnes,Grimentz - Valais
28/12/2023,13/04/2024,20/04/2024,6119.28,H0UJE4N,126 m² Appartement ∙ 1 chambre ∙ 8 personnes,Grimentz - Valais
28/12/2023,20/04/2024,27/04/2024,3485.83,H0UJE4N,126 m² Appartement ∙ 1 chambre ∙ 8 personnes,Grimentz - Valais
28/12/2023,27/04/2024,04/05/2024,3485.83,H0UJE4N,126 m² Appartement ∙ 1 chambre ∙ 8 personnes,Grimentz - Valais
28/12/2023,04/05/2024,11/05/2024,3485.83,H0UJE4N,126 m² Appartement ∙ 1 chambre ∙ 8 personnes,Grimentz - Valais
28/12/2023,11/05/2024,18/05/2024,3485.83,H0UJE4N,126 m² Appartement ∙ 1 chambre ∙ 8 personnes,Grimentz - Valais
28/12/2023,18/05/2024,25/05/2024,3485.83,H0UJE4N,126 m² Appartement ∙ 1 chambre ∙ 8 personnes,Grimentz - Valais
28/12/2023,25/05/2024,01/06/2024,3485.83,H0UJE4N,126 m² Appartement ∙ 1 chambre ∙ 8 personnes,Grimentz - Valais
28/12/2023,13/01/2024,20/01/2024,7342.49,HB795XG,244 m² Chalet ∙ 5 chambres ∙ 10 personnes,Grimentz - Valais
28/12/2023,20/01/2024,27/01/2024,7342.49,HB795XG,244 m² Chalet ∙ 5 chambres ∙ 10 personnes,Grimentz - Valais
28/12/2023,17/02/2024,24/02/2024,14956.93,HB795XG,244 m² Chalet ∙ 5 chambres ∙ 10 personnes,Grimentz - Valais
28/12/2023,24/02/2024,02/03/2024,14956.93,HB795XG,244 m² Chalet ∙ 5 chambres ∙ 10 personnes,Grimentz - Valais
28/12/2023,09/03/2024,16/03/2024,8430.27,HB795XG,244 m² Chalet ∙ 5 chambres ∙ 10 personnes,Grimentz - Valais
28/12/2023,16/03/2024,23/03/2024,8430.27,HB795XG,244 m² Chalet ∙ 5 chambres ∙ 10 personnes,Grimentz - Valais
28/12/2023,20/04/2024,27/04/2024,5510.82,HB795XG,244 m² Chalet ∙ 5 chambres ∙ 10 personnes,Grimentz - Valais
28/12/2023,27/04/2024,04/05/2024,5510.82,HB795XG,244 m² Chalet ∙ 5 chambres ∙ 10 personnes,Grimentz - Valais
28/12/2023,04/05/2024,11/05/2024,5510.82,HB795XG,244 m² Chalet ∙ 5 chambres ∙ 10 personnes,Grimentz - Valais
28/12/2023,11/05/2024,18/05/2024,5510.82,HB795XG,244 m² Chalet ∙ 5 chambres ∙ 10 personnes,Grimentz - Valais
28/12/2023,18/05/2024,25/05/2024,5510.82,HB795XG,244 m² Chalet ∙ 5 chambres ∙ 10 personnes,Grimentz - Valais
28/12/2023,25/05/2024,01/06/2024,5510.82,HB795XG,244 m² Chalet ∙ 5 chambres ∙ 10 personnes,Grimentz - Valais
28/12/2023,03/02/2024,10/02/2024,9184.69,HSXAG0D,153 m² Appartement ∙ 1 chambre ∙ 8 personnes,Grimentz - Valais
28/12/2023,20/04/2024,27/04/2024,3805.60,HSXAG0D,153 m² Appartement ∙ 1 chambre ∙ 8 personnes,Grimentz - Valais
28/12/2023,27/04/2024,04/05/2024,3805.60,HSXAG0D,153 m² Appartement ∙ 1 chambre ∙ 8 personnes,Grimentz - Valais
28/12/2023,04/05/2024,11/05/2024,3805.60,HSXAG0D,153 m² Appartement ∙ 1 chambre ∙ 8 personnes,Grimentz - Valais
28/12/2023,11/05/2024,18/05/2024,3805.60,HSXAG0D,153 m² Appartement ∙ 1 chambre ∙ 8 personnes,Grimentz - Valais
28/12/2023,18/05/2024,25/05/2024,3805.60,HSXAG0D,153 m² Appartement ∙ 1 chambre ∙ 8 personnes,Grimentz - Valais
28/12/2023,25/05/2024,01/06/2024,3805.60,HSXAG0D,153 m² Appartement ∙ 1 chambre ∙ 8 personnes,Grimentz - Valais
28/12/2023,03/02/2024,10/02/2024,12465.46,HCH86FZ,142 m² Appartement ∙ 4 chambres ∙ 10 personnes,Grimentz - Valais
28/12/2023,10/02/2024,17/02/2024,12465.46,HCH86FZ,142 m² Appartement ∙ 4 chambres ∙ 10 personnes,Grimentz - Valais
28/12/2023,24/02/2024,02/03/2024,12465.46,HCH86FZ,142 m² Appartement ∙ 4 chambres ∙ 10 personnes,Grimentz - Valais
28/12/2023,20/04/2024,27/04/2024,4712.15,HCH86FZ,142 m² Appartement ∙ 4 chambres ∙ 10 personnes,Grimentz - Valais
28/12/2023,27/04/2024,04/05/2024,4712.15,HCH86FZ,142 m² Appartement ∙ 4 chambres ∙ 10 personnes,Grimentz - Valais
28/12/2023,04/05/2024,11/05/2024,4712.15,HCH86FZ,142 m² Appartement ∙ 4 chambres ∙ 10 personnes,Grimentz - Valais
28/12/2023,11/05/2024,18/05/2024,4712.15,HCH86FZ,142 m² Appartement ∙ 4 chambres ∙ 10 personnes,Grimentz - Valais
28/12/2023,18/05/2024,25/05/2024,4712.15,HCH86FZ,142 m² Appartement ∙ 4 chambres ∙ 10 personnes,Grimentz - Valais
28/12/2023,25/05/2024,01/06/2024,4712.15,HCH86FZ,142 m² Appartement ∙ 4 chambres ∙ 10 personnes,Grimentz - Valais
28/12/2023,03/02/2024,10/02/2024,14433.08,H13GAUJ,225 m² Appartement ∙ 1 chambre ∙ 12 personnes,Grimentz - Valais
28/12/2023,10/02/2024,17/02/2024,14433.08,H13GAUJ,225 m² Appartement ∙ 1 chambre ∙ 12 personnes,Grimentz - Valais
28/12/2023,17/02/2024,24/02/2024,14433.08,H13GAUJ,225 m² Appartement ∙ 1 chambre ∙ 12 personnes,Grimentz - Valais
28/12/2023,24/02/2024,02/03/2024,14433.08,H13GAUJ,225 m² Appartement ∙ 1 chambre ∙ 12 personnes,Grimentz - Valais
28/12/2023,06/04/2024,13/04/2024,8135.01,H13GAUJ,225 m² Appartement ∙ 1 chambre ∙ 12 personnes,Grimentz - Valais
28/12/2023,13/04/2024,20/04/2024,8135.01,H13GAUJ,225 m² Appartement ∙ 1 chambre ∙ 12 personnes,Grimentz - Valais
28/12/2023,20/04/2024,27/04/2024,5510.82,H13GAUJ,225 m² Appartement ∙ 1 chambre ∙ 12 personnes,Grimentz - Valais
28/12/2023,27/04/2024,04/05/2024,5510.82,H13GAUJ,225 m² Appartement ∙ 1 chambre ∙ 12 personnes,Grimentz - Valais
28/12/2023,04/05/2024,11/05/2024,5510.82,H13GAUJ,225 m² Appartement ∙ 1 chambre ∙ 12 personnes,Grimentz - Valais
28/12/2023,11/05/2024,18/05/2024,5510.82,H13GAUJ,225 m² Appartement ∙ 1 chambre ∙ 12 personnes,Grimentz - Valais
28/12/2023,18/05/2024,25/05/2024,5510.82,H13GAUJ,225 m² Appartement ∙ 1 chambre ∙ 12 personnes,Grimentz - Valais
28/12/2023,25/05/2024,01/06/2024,5510.82,H13GAUJ,225 m² Appartement ∙ 1 chambre ∙ 12 personnes,Grimentz - Valais
28/12/2023,06/01/2024,13/01/2024,2146,HNX5M0L,Appartement ∙ 3 chambres ∙ 8 personnes,Grimentz - Valais
28/12/2023,13/01/2024,20/01/2024,2146,HNX5M0L,Appartement ∙ 3 chambres ∙ 8 personnes,Grimentz - Valais
28/12/2023,20/01/2024,27/01/2024,2146,HNX5M0L,Appartement ∙ 3 chambres ∙ 8 personnes,Grimentz - Valais
28/12/2023,30/03/2024,06/04/2024,2146,HNX5M0L,Appartement ∙ 3 chambres ∙ 8 personnes,Grimentz - Valais
28/12/2023,06/04/2024,13/04/2024,2146,HNX5M0L,Appartement ∙ 3 chambres ∙ 8 personnes,Grimentz - Valais
28/12/2023,06/01/2024,13/01/2024,2272,HFT1348,120 m² Maison de vacances ∙ 4 chambres ∙ 8 personnes,Saint-Luc - Valais
28/12/2023,13/01/2024,20/01/2024,2272,HFT1348,120 m² Maison de vacances ∙ 4 chambres ∙ 8 personnes,Saint-Luc - Valais
28/12/2023,20/01/2024,27/01/2024,2272,HFT1348,120 m² Maison de vacances ∙ 4 chambres ∙ 8 personnes,Saint-Luc - Valais
28/12/2023,27/01/2024,03/02/2024,2272,HFT1348,120 m² Maison de vacances ∙ 4 chambres ∙ 8 personnes,Saint-Luc - Valais
28/12/2023,03/02/2024,10/02/2024,2272,HFT1348,120 m² Maison de vacances ∙ 4 chambres ∙ 8 personnes,Saint-Luc - Valais
28/12/2023,24/02/2024,02/03/2024,2272,HFT1348,120 m² Maison de vacances ∙ 4 chambres ∙ 8 personnes,Saint-Luc - Valais
28/12/2023,09/03/2024,16/03/2024,2272,HFT1348,120 m² Maison de vacances ∙ 4 chambres ∙ 8 personnes,Saint-Luc - Valais
28/12/2023,16/03/2024,23/03/2024,2272,HFT1348,120 m² Maison de vacances ∙ 4 chambres ∙ 8 personnes,Saint-Luc - Valais
28/12/2023,23/03/2024,30/03/2024,2272,HFT1348,120 m² Maison de vacances ∙ 4 chambres ∙ 8 personnes,Saint-Luc - Valais
28/12/2023,30/03/2024,06/04/2024,2272,HFT1348,120 m² Maison de vacances ∙ 4 chambres ∙ 8 personnes,Saint-Luc - Valais
28/12/2023,06/04/2024,13/04/2024,2272,HFT1348,120 m² Maison de vacances ∙ 4 chambres ∙ 8 personnes,Saint-Luc - Valais
28/12/2023,13/04/2024,20/04/2024,2272,HFT1348,120 m² Maison de vacances ∙ 4 chambres ∙ 8 personnes,Saint-Luc - Valais
28/12/2023,06/01/2024,13/01/2024,2420,HG9RS1A,Maison de vacances ∙ 4 chambres ∙ 10 personnes,Grimentz - Valais
28/12/2023,13/01/2024,20/01/2024,2420,HG9RS1A,Maison de vacances ∙ 4 chambres ∙ 10 personnes,Grimentz - Valais
28/12/2023,17/02/2024,24/02/2024,5109,HG9RS1A,Maison de vacances ∙ 4 chambres ∙ 10 personnes,Grimentz - Valais
28/12/2023,24/02/2024,02/03/2024,5099,HG9RS1A,Maison de vacances ∙ 4 chambres ∙ 10 personnes,Grimentz - Valais
28/12/2023,09/03/2024,16/03/2024,2952,HG9RS1A,Maison de vacances ∙ 4 chambres ∙ 10 personnes,Grimentz - Valais
28/12/2023,16/03/2024,23/03/2024,2952,HG9RS1A,Maison de vacances ∙ 4 chambres ∙ 10 personnes,Grimentz - Valais
28/12/2023,23/03/2024,30/03/2024,2952,HG9RS1A,Maison de vacances ∙ 4 chambres ∙ 10 personnes,Grimentz - Valais
28/12/2023,30/03/2024,06/04/2024,2952,HG9RS1A,Maison de vacances ∙ 4 chambres ∙ 10 personnes,Grimentz - Valais
28/12/2023,06/04/2024,13/04/2024,2952,HG9RS1A,Maison de vacances ∙ 4 chambres ∙ 10 personnes,Grimentz - Valais
28/12/2023,17/02/2024,24/02/2024,6816,H0KPLNX,Maison de vacances ∙ 4 chambres ∙ 11 personnes,Grimentz - Valais
28/12/2023,16/03/2024,23/03/2024,3918,H0KPLNX,Maison de vacances ∙ 4 chambres ∙ 11 personnes,Grimentz - Valais
28/12/2023,06/04/2024,13/04/2024,3918,H0KPLNX,Maison de vacances ∙ 4 chambres ∙ 11 personnes,Grimentz - Valais
28/12/2023,17/02/2024,24/02/2024,6816,HRXF1AD,Maison de vacances ∙ 5 chambres ∙ 14 personnes,Grimentz - Valais
