date_scrap,date_debut,date_fin,price,identifiant,typologie,nom
06/05/2024,15/06/2024,22/06/2024,812.73,HVGJZ2T,55 m² Maison de vacances ∙ 2 chambres ∙ 6 personnes,Termen - Valais
06/05/2024,07/09/2024,14/09/2024,812.73,HVGJZ2T,55 m² Maison de vacances ∙ 2 chambres ∙ 6 personnes,Termen - Valais
06/05/2024,28/09/2024,05/10/2024,812.73,HVGJZ2T,55 m² Maison de vacances ∙ 2 chambres ∙ 6 personnes,Termen - Valais
06/05/2024,29/06/2024,06/07/2024,480.67,HZVS437,50 m² Maison de vacances ∙ 1 chambre ∙ 4 personnes,Leuk - Valais
06/05/2024,06/07/2024,13/07/2024,480.67,HZVS437,50 m² Maison de vacances ∙ 1 chambre ∙ 4 personnes,Leuk - Valais
06/05/2024,27/07/2024,03/08/2024,480.67,HZVS437,50 m² Maison de vacances ∙ 1 chambre ∙ 4 personnes,Leuk - Valais
06/05/2024,28/09/2024,05/10/2024,480.67,HZVS437,50 m² Maison de vacances ∙ 1 chambre ∙ 4 personnes,Leuk - Valais
06/05/2024,05/10/2024,12/10/2024,480.67,HZVS437,50 m² Maison de vacances ∙ 1 chambre ∙ 4 personnes,Leuk - Valais
06/05/2024,12/10/2024,19/10/2024,480.67,HZVS437,50 m² Maison de vacances ∙ 1 chambre ∙ 4 personnes,Leuk - Valais
06/05/2024,11/05/2024,18/05/2024,375.11,HX0HYMV,76 m² Appartement ∙ 2 chambres ∙ 6 personnes,Eischoll - Valais
06/05/2024,25/05/2024,01/06/2024,375.11,HX0HYMV,76 m² Appartement ∙ 2 chambres ∙ 6 personnes,Eischoll - Valais
06/05/2024,01/06/2024,08/06/2024,375.11,HX0HYMV,76 m² Appartement ∙ 2 chambres ∙ 6 personnes,Eischoll - Valais
06/05/2024,08/06/2024,15/06/2024,395.60,HX0HYMV,76 m² Appartement ∙ 2 chambres ∙ 6 personnes,Eischoll - Valais
06/05/2024,31/08/2024,07/09/2024,412.00,HX0HYMV,76 m² Appartement ∙ 2 chambres ∙ 6 personnes,Eischoll - Valais
06/05/2024,14/09/2024,21/09/2024,412.00,HX0HYMV,76 m² Appartement ∙ 2 chambres ∙ 6 personnes,Eischoll - Valais
06/05/2024,28/09/2024,05/10/2024,412.00,HX0HYMV,76 m² Appartement ∙ 2 chambres ∙ 6 personnes,Eischoll - Valais
06/05/2024,05/10/2024,12/10/2024,412.00,HX0HYMV,76 m² Appartement ∙ 2 chambres ∙ 6 personnes,Eischoll - Valais
06/05/2024,12/10/2024,19/10/2024,405.85,HX0HYMV,76 m² Appartement ∙ 2 chambres ∙ 6 personnes,Eischoll - Valais
06/05/2024,26/10/2024,02/11/2024,375.11,HX0HYMV,76 m² Appartement ∙ 2 chambres ∙ 6 personnes,Eischoll - Valais
06/05/2024,17/08/2024,24/08/2024,631.32,HU6LM3X,50 m² Appartement ∙ 1 chambre ∙ 2 personnes,Albinen - Valais
06/05/2024,14/09/2024,21/09/2024,631.32,HU6LM3X,50 m² Appartement ∙ 1 chambre ∙ 2 personnes,Albinen - Valais
06/05/2024,21/09/2024,28/09/2024,631.32,HU6LM3X,50 m² Appartement ∙ 1 chambre ∙ 2 personnes,Albinen - Valais
06/05/2024,28/09/2024,05/10/2024,631.32,HU6LM3X,50 m² Appartement ∙ 1 chambre ∙ 2 personnes,Albinen - Valais
06/05/2024,26/10/2024,02/11/2024,594.42,HU6LM3X,50 m² Appartement ∙ 1 chambre ∙ 2 personnes,Albinen - Valais
06/05/2024,11/05/2024,18/05/2024,717.42,HB92GWK,Maison de vacances ∙ 4 chambres ∙ 8 personnes,Wiler (Lötschen) - Valais
06/05/2024,01/06/2024,08/06/2024,717.42,HB92GWK,Maison de vacances ∙ 4 chambres ∙ 8 personnes,Wiler (Lötschen) - Valais
06/05/2024,22/06/2024,29/06/2024,1004.38,HB92GWK,Maison de vacances ∙ 4 chambres ∙ 8 personnes,Wiler (Lötschen) - Valais
06/05/2024,29/06/2024,06/07/2024,1076.12,HB92GWK,Maison de vacances ∙ 4 chambres ∙ 8 personnes,Wiler (Lötschen) - Valais
06/05/2024,20/07/2024,27/07/2024,1004.38,HB92GWK,Maison de vacances ∙ 4 chambres ∙ 8 personnes,Wiler (Lötschen) - Valais
06/05/2024,17/08/2024,24/08/2024,1076.12,HB92GWK,Maison de vacances ∙ 4 chambres ∙ 8 personnes,Wiler (Lötschen) - Valais
06/05/2024,24/08/2024,31/08/2024,1076.12,HB92GWK,Maison de vacances ∙ 4 chambres ∙ 8 personnes,Wiler (Lötschen) - Valais
06/05/2024,31/08/2024,07/09/2024,1004.38,HB92GWK,Maison de vacances ∙ 4 chambres ∙ 8 personnes,Wiler (Lötschen) - Valais
06/05/2024,08/06/2024,15/06/2024,702.04,H7J8G2S,65 m² Maison de vacances ∙ 2 chambres ∙ 4 personnes,Albinen - Valais
06/05/2024,13/07/2024,20/07/2024,702.04,H7J8G2S,65 m² Maison de vacances ∙ 2 chambres ∙ 4 personnes,Albinen - Valais
06/05/2024,20/07/2024,27/07/2024,702.04,H7J8G2S,65 m² Maison de vacances ∙ 2 chambres ∙ 4 personnes,Albinen - Valais
06/05/2024,14/09/2024,21/09/2024,702.04,H7J8G2S,65 m² Maison de vacances ∙ 2 chambres ∙ 4 personnes,Albinen - Valais
06/05/2024,21/09/2024,28/09/2024,702.04,H7J8G2S,65 m² Maison de vacances ∙ 2 chambres ∙ 4 personnes,Albinen - Valais
06/05/2024,28/09/2024,05/10/2024,702.04,H7J8G2S,65 m² Maison de vacances ∙ 2 chambres ∙ 4 personnes,Albinen - Valais
06/05/2024,05/10/2024,12/10/2024,702.04,H7J8G2S,65 m² Maison de vacances ∙ 2 chambres ∙ 4 personnes,Albinen - Valais
06/05/2024,19/10/2024,26/10/2024,702.04,H7J8G2S,65 m² Maison de vacances ∙ 2 chambres ∙ 4 personnes,Albinen - Valais
06/05/2024,26/10/2024,02/11/2024,702.04,H7J8G2S,65 m² Maison de vacances ∙ 2 chambres ∙ 4 personnes,Albinen - Valais
06/05/2024,08/06/2024,15/06/2024,374.08,HCXH68F,60 m² Appartement ∙ 2 chambres ∙ 4 personnes,Albinen - Valais
06/05/2024,15/06/2024,22/06/2024,374.08,HCXH68F,60 m² Appartement ∙ 2 chambres ∙ 4 personnes,Albinen - Valais
06/05/2024,22/06/2024,29/06/2024,374.08,HCXH68F,60 m² Appartement ∙ 2 chambres ∙ 4 personnes,Albinen - Valais
06/05/2024,29/06/2024,06/07/2024,374.08,HCXH68F,60 m² Appartement ∙ 2 chambres ∙ 4 personnes,Albinen - Valais
06/05/2024,06/07/2024,13/07/2024,374.08,HCXH68F,60 m² Appartement ∙ 2 chambres ∙ 4 personnes,Albinen - Valais
06/05/2024,10/08/2024,17/08/2024,374.08,HCXH68F,60 m² Appartement ∙ 2 chambres ∙ 4 personnes,Albinen - Valais
06/05/2024,31/08/2024,07/09/2024,374.08,HCXH68F,60 m² Appartement ∙ 2 chambres ∙ 4 personnes,Albinen - Valais
06/05/2024,07/09/2024,14/09/2024,374.08,HCXH68F,60 m² Appartement ∙ 2 chambres ∙ 4 personnes,Albinen - Valais
06/05/2024,14/09/2024,21/09/2024,374.08,HCXH68F,60 m² Appartement ∙ 2 chambres ∙ 4 personnes,Albinen - Valais
06/05/2024,21/09/2024,28/09/2024,374.08,HCXH68F,60 m² Appartement ∙ 2 chambres ∙ 4 personnes,Albinen - Valais
06/05/2024,28/09/2024,05/10/2024,374.08,HCXH68F,60 m² Appartement ∙ 2 chambres ∙ 4 personnes,Albinen - Valais
06/05/2024,05/10/2024,12/10/2024,374.08,HCXH68F,60 m² Appartement ∙ 2 chambres ∙ 4 personnes,Albinen - Valais
06/05/2024,12/10/2024,19/10/2024,374.08,HCXH68F,60 m² Appartement ∙ 2 chambres ∙ 4 personnes,Albinen - Valais
06/05/2024,19/10/2024,26/10/2024,485.79,HCXH68F,60 m² Appartement ∙ 2 chambres ∙ 4 personnes,Albinen - Valais
06/05/2024,26/10/2024,02/11/2024,485.79,HCXH68F,60 m² Appartement ∙ 2 chambres ∙ 4 personnes,Albinen - Valais
06/05/2024,11/05/2024,18/05/2024,872.17,HXUSNPA,50 m² Maison de vacances ∙ 2 chambres ∙ 6 personnes,Simplon - Valais
06/05/2024,18/05/2024,25/05/2024,872.17,HXUSNPA,50 m² Maison de vacances ∙ 2 chambres ∙ 6 personnes,Simplon - Valais
06/05/2024,01/06/2024,08/06/2024,872.17,HXUSNPA,50 m² Maison de vacances ∙ 2 chambres ∙ 6 personnes,Simplon - Valais
06/05/2024,29/06/2024,06/07/2024,872.17,HXUSNPA,50 m² Maison de vacances ∙ 2 chambres ∙ 6 personnes,Simplon - Valais
06/05/2024,06/07/2024,13/07/2024,872.17,HXUSNPA,50 m² Maison de vacances ∙ 2 chambres ∙ 6 personnes,Simplon - Valais
06/05/2024,18/05/2024,25/05/2024,1086.77,H37G89Y,72 m² Appartement ∙ 2 chambres ∙ 4 personnes,Zermatt - Valais
06/05/2024,25/05/2024,01/06/2024,1086.77,H37G89Y,72 m² Appartement ∙ 2 chambres ∙ 4 personnes,Zermatt - Valais
06/05/2024,11/05/2024,18/05/2024,665.14,HESHT9D,35 m² Appartement ∙ 3 personnes,Grächen - Valais
06/05/2024,18/05/2024,25/05/2024,665.14,HESHT9D,35 m² Appartement ∙ 3 personnes,Grächen - Valais
06/05/2024,25/05/2024,01/06/2024,517.56,HESHT9D,35 m² Appartement ∙ 3 personnes,Grächen - Valais
06/05/2024,01/06/2024,08/06/2024,517.56,HESHT9D,35 m² Appartement ∙ 3 personnes,Grächen - Valais
06/05/2024,08/06/2024,15/06/2024,517.56,HESHT9D,35 m² Appartement ∙ 3 personnes,Grächen - Valais
06/05/2024,15/06/2024,22/06/2024,517.56,HESHT9D,35 m² Appartement ∙ 3 personnes,Grächen - Valais
06/05/2024,22/06/2024,29/06/2024,517.56,HESHT9D,35 m² Appartement ∙ 3 personnes,Grächen - Valais
06/05/2024,29/06/2024,06/07/2024,517.56,HESHT9D,35 m² Appartement ∙ 3 personnes,Grächen - Valais
06/05/2024,06/07/2024,13/07/2024,517.56,HESHT9D,35 m² Appartement ∙ 3 personnes,Grächen - Valais
06/05/2024,03/08/2024,10/08/2024,517.56,HESHT9D,35 m² Appartement ∙ 3 personnes,Grächen - Valais
06/05/2024,10/08/2024,17/08/2024,517.56,HESHT9D,35 m² Appartement ∙ 3 personnes,Grächen - Valais
06/05/2024,17/08/2024,24/08/2024,517.56,HESHT9D,35 m² Appartement ∙ 3 personnes,Grächen - Valais
06/05/2024,24/08/2024,31/08/2024,517.56,HESHT9D,35 m² Appartement ∙ 3 personnes,Grächen - Valais
06/05/2024,31/08/2024,07/09/2024,517.56,HESHT9D,35 m² Appartement ∙ 3 personnes,Grächen - Valais
06/05/2024,07/09/2024,14/09/2024,517.56,HESHT9D,35 m² Appartement ∙ 3 personnes,Grächen - Valais
06/05/2024,14/09/2024,21/09/2024,517.56,HESHT9D,35 m² Appartement ∙ 3 personnes,Grächen - Valais
06/05/2024,21/09/2024,28/09/2024,517.56,HESHT9D,35 m² Appartement ∙ 3 personnes,Grächen - Valais
06/05/2024,28/09/2024,05/10/2024,517.56,HESHT9D,35 m² Appartement ∙ 3 personnes,Grächen - Valais
06/05/2024,05/10/2024,12/10/2024,517.56,HESHT9D,35 m² Appartement ∙ 3 personnes,Grächen - Valais
06/05/2024,12/10/2024,19/10/2024,517.56,HESHT9D,35 m² Appartement ∙ 3 personnes,Grächen - Valais
06/05/2024,19/10/2024,26/10/2024,517.56,HESHT9D,35 m² Appartement ∙ 3 personnes,Grächen - Valais
06/05/2024,26/10/2024,02/11/2024,517.56,HESHT9D,35 m² Appartement ∙ 3 personnes,Grächen - Valais
06/05/2024,11/05/2024,18/05/2024,2177.86,HV8HA9U,120 m² Maison de vacances ∙ 3 chambres ∙ 6 personnes,Ayent - Valais
06/05/2024,18/05/2024,25/05/2024,2177.86,HV8HA9U,120 m² Maison de vacances ∙ 3 chambres ∙ 6 personnes,Ayent - Valais
06/05/2024,25/05/2024,01/06/2024,1241.12,HV8HA9U,120 m² Maison de vacances ∙ 3 chambres ∙ 6 personnes,Ayent - Valais
06/05/2024,01/06/2024,08/06/2024,1241.12,HV8HA9U,120 m² Maison de vacances ∙ 3 chambres ∙ 6 personnes,Ayent - Valais
06/05/2024,15/06/2024,22/06/2024,1460.45,HV8HA9U,120 m² Maison de vacances ∙ 3 chambres ∙ 6 personnes,Ayent - Valais
06/05/2024,10/08/2024,17/08/2024,1460.40,HV8HA9U,120 m² Maison de vacances ∙ 3 chambres ∙ 6 personnes,Ayent - Valais
06/05/2024,24/08/2024,31/08/2024,1241.09,HV8HA9U,120 m² Maison de vacances ∙ 3 chambres ∙ 6 personnes,Ayent - Valais
06/05/2024,31/08/2024,07/09/2024,1241.09,HV8HA9U,120 m² Maison de vacances ∙ 3 chambres ∙ 6 personnes,Ayent - Valais
06/05/2024,07/09/2024,14/09/2024,1241.09,HV8HA9U,120 m² Maison de vacances ∙ 3 chambres ∙ 6 personnes,Ayent - Valais
06/05/2024,14/09/2024,21/09/2024,1241.09,HV8HA9U,120 m² Maison de vacances ∙ 3 chambres ∙ 6 personnes,Ayent - Valais
06/05/2024,21/09/2024,28/09/2024,1241.09,HV8HA9U,120 m² Maison de vacances ∙ 3 chambres ∙ 6 personnes,Ayent - Valais
06/05/2024,28/09/2024,05/10/2024,1241.09,HV8HA9U,120 m² Maison de vacances ∙ 3 chambres ∙ 6 personnes,Ayent - Valais
06/05/2024,05/10/2024,12/10/2024,1460.40,HV8HA9U,120 m² Maison de vacances ∙ 3 chambres ∙ 6 personnes,Ayent - Valais
06/05/2024,12/10/2024,19/10/2024,1460.40,HV8HA9U,120 m² Maison de vacances ∙ 3 chambres ∙ 6 personnes,Ayent - Valais
06/05/2024,19/10/2024,26/10/2024,1460.40,HV8HA9U,120 m² Maison de vacances ∙ 3 chambres ∙ 6 personnes,Ayent - Valais
06/05/2024,26/10/2024,02/11/2024,1241.09,HV8HA9U,120 m² Maison de vacances ∙ 3 chambres ∙ 6 personnes,Ayent - Valais
06/05/2024,13/07/2024,20/07/2024,1184.72,H1LKGCB,50 m² Maison de vacances ∙ 2 personnes,Evolène - Valais
06/05/2024,20/07/2024,27/07/2024,877.26,H1LKGCB,50 m² Maison de vacances ∙ 2 personnes,Evolène - Valais
06/05/2024,10/08/2024,17/08/2024,1184.72,H1LKGCB,50 m² Maison de vacances ∙ 2 personnes,Evolène - Valais
06/05/2024,21/09/2024,28/09/2024,1474.75,HGUAHV0,Maison de vacances ∙ 2 chambres ∙ 4 personnes,Bellwald - Valais
06/05/2024,26/10/2024,02/11/2024,1115.03,HGUAHV0,Maison de vacances ∙ 2 chambres ∙ 4 personnes,Bellwald - Valais
07/05/2024,25/05/2024,01/06/2024,754.99,H5X9U4H,90 m² Maison de vacances ∙ 3 chambres ∙ 6 personnes,Vex - Valais
07/05/2024,01/06/2024,08/06/2024,754.99,H5X9U4H,90 m² Maison de vacances ∙ 3 chambres ∙ 6 personnes,Vex - Valais
07/05/2024,22/06/2024,29/06/2024,754.99,H5X9U4H,90 m² Maison de vacances ∙ 3 chambres ∙ 6 personnes,Vex - Valais
07/05/2024,03/08/2024,10/08/2024,919.69,H5X9U4H,90 m² Maison de vacances ∙ 3 chambres ∙ 6 personnes,Vex - Valais
07/05/2024,11/05/2024,18/05/2024,1024.29,H2AEHWT,200 m² Maison de vacances ∙ 4 chambres ∙ 8 personnes,Nendaz - Valais
07/05/2024,18/05/2024,25/05/2024,1024.29,H2AEHWT,200 m² Maison de vacances ∙ 4 chambres ∙ 8 personnes,Nendaz - Valais
07/05/2024,08/06/2024,15/06/2024,1024.29,H2AEHWT,200 m² Maison de vacances ∙ 4 chambres ∙ 8 personnes,Nendaz - Valais
07/05/2024,15/06/2024,22/06/2024,1024.29,H2AEHWT,200 m² Maison de vacances ∙ 4 chambres ∙ 8 personnes,Nendaz - Valais
07/05/2024,29/06/2024,06/07/2024,1150.68,H2AEHWT,200 m² Maison de vacances ∙ 4 chambres ∙ 8 personnes,Nendaz - Valais
07/05/2024,06/07/2024,13/07/2024,1150.68,H2AEHWT,200 m² Maison de vacances ∙ 4 chambres ∙ 8 personnes,Nendaz - Valais
07/05/2024,13/07/2024,20/07/2024,1651.95,H2AEHWT,200 m² Maison de vacances ∙ 4 chambres ∙ 8 personnes,Nendaz - Valais
07/05/2024,31/08/2024,07/09/2024,1065.76,H2AEHWT,200 m² Maison de vacances ∙ 4 chambres ∙ 8 personnes,Nendaz - Valais
07/05/2024,07/09/2024,14/09/2024,1065.76,H2AEHWT,200 m² Maison de vacances ∙ 4 chambres ∙ 8 personnes,Nendaz - Valais
07/05/2024,14/09/2024,21/09/2024,1051.25,H2AEHWT,200 m² Maison de vacances ∙ 4 chambres ∙ 8 personnes,Nendaz - Valais
07/05/2024,21/09/2024,28/09/2024,1051.25,H2AEHWT,200 m² Maison de vacances ∙ 4 chambres ∙ 8 personnes,Nendaz - Valais
07/05/2024,28/09/2024,05/10/2024,1051.25,H2AEHWT,200 m² Maison de vacances ∙ 4 chambres ∙ 8 personnes,Nendaz - Valais
07/05/2024,05/10/2024,12/10/2024,1051.25,H2AEHWT,200 m² Maison de vacances ∙ 4 chambres ∙ 8 personnes,Nendaz - Valais
07/05/2024,12/10/2024,19/10/2024,1051.25,H2AEHWT,200 m² Maison de vacances ∙ 4 chambres ∙ 8 personnes,Nendaz - Valais
07/05/2024,19/10/2024,26/10/2024,1051.25,H2AEHWT,200 m² Maison de vacances ∙ 4 chambres ∙ 8 personnes,Nendaz - Valais
07/05/2024,26/10/2024,02/11/2024,1024.29,H2AEHWT,200 m² Maison de vacances ∙ 4 chambres ∙ 8 personnes,Nendaz - Valais
07/05/2024,24/08/2024,31/08/2024,889.59,HNRUWBE,80 m² Maison de vacances ∙ 3 chambres ∙ 5 personnes,Orsières - Valais
07/05/2024,28/09/2024,05/10/2024,636.48,HRBKXZ1,30 m² Appartement ∙ 1 chambre ∙ 2 personnes,Saas Fee - Valais
07/05/2024,05/10/2024,12/10/2024,636.48,HRBKXZ1,30 m² Appartement ∙ 1 chambre ∙ 2 personnes,Saas Fee - Valais
07/05/2024,12/10/2024,19/10/2024,636.48,HRBKXZ1,30 m² Appartement ∙ 1 chambre ∙ 2 personnes,Saas Fee - Valais
07/05/2024,19/10/2024,26/10/2024,636.48,HRBKXZ1,30 m² Appartement ∙ 1 chambre ∙ 2 personnes,Saas Fee - Valais
07/05/2024,26/10/2024,02/11/2024,631.00,HRBKXZ1,30 m² Appartement ∙ 1 chambre ∙ 2 personnes,Saas Fee - Valais
07/05/2024,18/05/2024,25/05/2024,407.43,HYCZGU9,75 m² Appartement ∙ 1 chambre ∙ 7 personnes,Loèche-les-Bains - Valais
07/05/2024,25/05/2024,01/06/2024,407.43,HYCZGU9,75 m² Appartement ∙ 1 chambre ∙ 7 personnes,Loèche-les-Bains - Valais
07/05/2024,01/06/2024,08/06/2024,407.43,HYCZGU9,75 m² Appartement ∙ 1 chambre ∙ 7 personnes,Loèche-les-Bains - Valais
07/05/2024,08/06/2024,15/06/2024,407.43,HYCZGU9,75 m² Appartement ∙ 1 chambre ∙ 7 personnes,Loèche-les-Bains - Valais
07/05/2024,29/06/2024,06/07/2024,481.13,HYCZGU9,75 m² Appartement ∙ 1 chambre ∙ 7 personnes,Loèche-les-Bains - Valais
07/05/2024,06/07/2024,13/07/2024,481.13,HYCZGU9,75 m² Appartement ∙ 1 chambre ∙ 7 personnes,Loèche-les-Bains - Valais
07/05/2024,20/07/2024,27/07/2024,481.13,HYCZGU9,75 m² Appartement ∙ 1 chambre ∙ 7 personnes,Loèche-les-Bains - Valais
07/05/2024,27/07/2024,03/08/2024,481.13,HYCZGU9,75 m² Appartement ∙ 1 chambre ∙ 7 personnes,Loèche-les-Bains - Valais
07/05/2024,10/08/2024,17/08/2024,370.57,HYCZGU9,75 m² Appartement ∙ 1 chambre ∙ 7 personnes,Loèche-les-Bains - Valais
07/05/2024,17/08/2024,24/08/2024,370.57,HYCZGU9,75 m² Appartement ∙ 1 chambre ∙ 7 personnes,Loèche-les-Bains - Valais
07/05/2024,24/08/2024,31/08/2024,370.57,HYCZGU9,75 m² Appartement ∙ 1 chambre ∙ 7 personnes,Loèche-les-Bains - Valais
07/05/2024,31/08/2024,07/09/2024,370.57,HYCZGU9,75 m² Appartement ∙ 1 chambre ∙ 7 personnes,Loèche-les-Bains - Valais
07/05/2024,14/09/2024,21/09/2024,370.57,HYCZGU9,75 m² Appartement ∙ 1 chambre ∙ 7 personnes,Loèche-les-Bains - Valais
07/05/2024,21/09/2024,28/09/2024,444.28,HYCZGU9,75 m² Appartement ∙ 1 chambre ∙ 7 personnes,Loèche-les-Bains - Valais
07/05/2024,28/09/2024,05/10/2024,444.28,HYCZGU9,75 m² Appartement ∙ 1 chambre ∙ 7 personnes,Loèche-les-Bains - Valais
07/05/2024,05/10/2024,12/10/2024,444.28,HYCZGU9,75 m² Appartement ∙ 1 chambre ∙ 7 personnes,Loèche-les-Bains - Valais
07/05/2024,12/10/2024,19/10/2024,370.57,HYCZGU9,75 m² Appartement ∙ 1 chambre ∙ 7 personnes,Loèche-les-Bains - Valais
07/05/2024,19/10/2024,26/10/2024,370.57,HYCZGU9,75 m² Appartement ∙ 1 chambre ∙ 7 personnes,Loèche-les-Bains - Valais
07/05/2024,26/10/2024,02/11/2024,370.57,HYCZGU9,75 m² Appartement ∙ 1 chambre ∙ 7 personnes,Loèche-les-Bains - Valais
07/05/2024,18/05/2024,25/05/2024,741.98,H8DJP0L,150 m² Maison de vacances ∙ 5 chambres ∙ 10 personnes,Nendaz - Valais
07/05/2024,29/06/2024,06/07/2024,799.92,H8DJP0L,150 m² Maison de vacances ∙ 5 chambres ∙ 10 personnes,Nendaz - Valais
07/05/2024,07/09/2024,14/09/2024,741.98,H8DJP0L,150 m² Maison de vacances ∙ 5 chambres ∙ 10 personnes,Nendaz - Valais
07/05/2024,14/09/2024,21/09/2024,741.98,H8DJP0L,150 m² Maison de vacances ∙ 5 chambres ∙ 10 personnes,Nendaz - Valais
07/05/2024,28/09/2024,05/10/2024,741.98,H8DJP0L,150 m² Maison de vacances ∙ 5 chambres ∙ 10 personnes,Nendaz - Valais
07/05/2024,12/10/2024,19/10/2024,741.98,H8DJP0L,150 m² Maison de vacances ∙ 5 chambres ∙ 10 personnes,Nendaz - Valais
07/05/2024,19/10/2024,26/10/2024,741.98,H8DJP0L,150 m² Maison de vacances ∙ 5 chambres ∙ 10 personnes,Nendaz - Valais
07/05/2024,26/10/2024,02/11/2024,741.98,H8DJP0L,150 m² Maison de vacances ∙ 5 chambres ∙ 10 personnes,Nendaz - Valais
07/05/2024,15/06/2024,22/06/2024,1201.81,HMHYX7D,120 m² Appartement ∙ 2 chambres ∙ 4 personnes,Riederalp - Valais
07/05/2024,29/06/2024,06/07/2024,1201.81,HMHYX7D,120 m² Appartement ∙ 2 chambres ∙ 4 personnes,Riederalp - Valais
07/05/2024,17/08/2024,24/08/2024,1201.81,HMHYX7D,120 m² Appartement ∙ 2 chambres ∙ 4 personnes,Riederalp - Valais
07/05/2024,24/08/2024,31/08/2024,1201.81,HMHYX7D,120 m² Appartement ∙ 2 chambres ∙ 4 personnes,Riederalp - Valais
07/05/2024,31/08/2024,07/09/2024,1201.81,HMHYX7D,120 m² Appartement ∙ 2 chambres ∙ 4 personnes,Riederalp - Valais
07/05/2024,07/09/2024,14/09/2024,1201.81,HMHYX7D,120 m² Appartement ∙ 2 chambres ∙ 4 personnes,Riederalp - Valais
07/05/2024,14/09/2024,21/09/2024,1201.81,HMHYX7D,120 m² Appartement ∙ 2 chambres ∙ 4 personnes,Riederalp - Valais
07/05/2024,21/09/2024,28/09/2024,1201.81,HMHYX7D,120 m² Appartement ∙ 2 chambres ∙ 4 personnes,Riederalp - Valais
07/05/2024,05/10/2024,12/10/2024,1201.81,HMHYX7D,120 m² Appartement ∙ 2 chambres ∙ 4 personnes,Riederalp - Valais
07/05/2024,12/10/2024,19/10/2024,1201.81,HMHYX7D,120 m² Appartement ∙ 2 chambres ∙ 4 personnes,Riederalp - Valais
07/05/2024,11/05/2024,18/05/2024,738.08,HKWT71S,50 m² Appartement ∙ 1 chambre ∙ 4 personnes,Täsch - Valais
07/05/2024,18/05/2024,25/05/2024,738.08,HKWT71S,50 m² Appartement ∙ 1 chambre ∙ 4 personnes,Täsch - Valais
07/05/2024,25/05/2024,01/06/2024,738.08,HKWT71S,50 m² Appartement ∙ 1 chambre ∙ 4 personnes,Täsch - Valais
07/05/2024,01/06/2024,08/06/2024,738.08,HKWT71S,50 m² Appartement ∙ 1 chambre ∙ 4 personnes,Täsch - Valais
07/05/2024,08/06/2024,15/06/2024,738.08,HKWT71S,50 m² Appartement ∙ 1 chambre ∙ 4 personnes,Täsch - Valais
07/05/2024,27/07/2024,03/08/2024,738.08,HKWT71S,50 m² Appartement ∙ 1 chambre ∙ 4 personnes,Täsch - Valais
07/05/2024,03/08/2024,10/08/2024,738.08,HKWT71S,50 m² Appartement ∙ 1 chambre ∙ 4 personnes,Täsch - Valais
07/05/2024,10/08/2024,17/08/2024,738.08,HKWT71S,50 m² Appartement ∙ 1 chambre ∙ 4 personnes,Täsch - Valais
07/05/2024,17/08/2024,24/08/2024,738.08,HKWT71S,50 m² Appartement ∙ 1 chambre ∙ 4 personnes,Täsch - Valais
07/05/2024,24/08/2024,31/08/2024,738.08,HKWT71S,50 m² Appartement ∙ 1 chambre ∙ 4 personnes,Täsch - Valais
07/05/2024,31/08/2024,07/09/2024,738.08,HKWT71S,50 m² Appartement ∙ 1 chambre ∙ 4 personnes,Täsch - Valais
07/05/2024,07/09/2024,14/09/2024,738.08,HKWT71S,50 m² Appartement ∙ 1 chambre ∙ 4 personnes,Täsch - Valais
07/05/2024,14/09/2024,21/09/2024,738.08,HKWT71S,50 m² Appartement ∙ 1 chambre ∙ 4 personnes,Täsch - Valais
07/05/2024,21/09/2024,28/09/2024,738.08,HKWT71S,50 m² Appartement ∙ 1 chambre ∙ 4 personnes,Täsch - Valais
07/05/2024,28/09/2024,05/10/2024,738.08,HKWT71S,50 m² Appartement ∙ 1 chambre ∙ 4 personnes,Täsch - Valais
07/05/2024,05/10/2024,12/10/2024,738.08,HKWT71S,50 m² Appartement ∙ 1 chambre ∙ 4 personnes,Täsch - Valais
07/05/2024,12/10/2024,19/10/2024,738.08,HKWT71S,50 m² Appartement ∙ 1 chambre ∙ 4 personnes,Täsch - Valais
07/05/2024,19/10/2024,26/10/2024,738.08,HKWT71S,50 m² Appartement ∙ 1 chambre ∙ 4 personnes,Täsch - Valais
07/05/2024,26/10/2024,02/11/2024,738.08,HKWT71S,50 m² Appartement ∙ 1 chambre ∙ 4 personnes,Täsch - Valais
07/05/2024,18/05/2024,25/05/2024,406.00,HG2TU8L,Edelweiss,EdelweissSaas-Balen - Valais
07/05/2024,25/05/2024,01/06/2024,406.00,HG2TU8L,Edelweiss,EdelweissSaas-Balen - Valais
07/05/2024,01/06/2024,08/06/2024,406.00,HG2TU8L,Edelweiss,EdelweissSaas-Balen - Valais
07/05/2024,08/06/2024,15/06/2024,406.00,HG2TU8L,Edelweiss,EdelweissSaas-Balen - Valais
07/05/2024,15/06/2024,22/06/2024,406.00,HG2TU8L,Edelweiss,EdelweissSaas-Balen - Valais
07/05/2024,29/06/2024,06/07/2024,406.00,HG2TU8L,Edelweiss,EdelweissSaas-Balen - Valais
07/05/2024,06/07/2024,13/07/2024,565.00,HG2TU8L,Edelweiss,EdelweissSaas-Balen - Valais
07/05/2024,10/08/2024,17/08/2024,565.00,HG2TU8L,Edelweiss,EdelweissSaas-Balen - Valais
07/05/2024,17/08/2024,24/08/2024,406.00,HG2TU8L,Edelweiss,EdelweissSaas-Balen - Valais
07/05/2024,07/09/2024,14/09/2024,406.00,HG2TU8L,Edelweiss,EdelweissSaas-Balen - Valais
07/05/2024,14/09/2024,21/09/2024,406.00,HG2TU8L,Edelweiss,EdelweissSaas-Balen - Valais
07/05/2024,21/09/2024,28/09/2024,406.00,HG2TU8L,Edelweiss,EdelweissSaas-Balen - Valais
07/05/2024,28/09/2024,05/10/2024,406.00,HG2TU8L,Edelweiss,EdelweissSaas-Balen - Valais
07/05/2024,05/10/2024,12/10/2024,406.00,HG2TU8L,Edelweiss,EdelweissSaas-Balen - Valais
07/05/2024,12/10/2024,19/10/2024,406.00,HG2TU8L,Edelweiss,EdelweissSaas-Balen - Valais
07/05/2024,19/10/2024,26/10/2024,406.00,HG2TU8L,Edelweiss,EdelweissSaas-Balen - Valais
07/05/2024,18/05/2024,25/05/2024,668.04,HUYEGA6,120 m² Maison de vacances ∙ 3 chambres ∙ 8 personnes,Nendaz - Valais
07/05/2024,25/05/2024,01/06/2024,668.04,HUYEGA6,120 m² Maison de vacances ∙ 3 chambres ∙ 8 personnes,Nendaz - Valais
07/05/2024,15/06/2024,22/06/2024,668.04,HUYEGA6,120 m² Maison de vacances ∙ 3 chambres ∙ 8 personnes,Nendaz - Valais
07/05/2024,22/06/2024,29/06/2024,668.04,HUYEGA6,120 m² Maison de vacances ∙ 3 chambres ∙ 8 personnes,Nendaz - Valais
07/05/2024,29/06/2024,06/07/2024,781.99,HUYEGA6,120 m² Maison de vacances ∙ 3 chambres ∙ 8 personnes,Nendaz - Valais
07/05/2024,06/07/2024,13/07/2024,804.78,HUYEGA6,120 m² Maison de vacances ∙ 3 chambres ∙ 8 personnes,Nendaz - Valais
07/05/2024,17/08/2024,24/08/2024,781.99,HUYEGA6,120 m² Maison de vacances ∙ 3 chambres ∙ 8 personnes,Nendaz - Valais
07/05/2024,31/08/2024,07/09/2024,668.04,HUYEGA6,120 m² Maison de vacances ∙ 3 chambres ∙ 8 personnes,Nendaz - Valais
07/05/2024,14/09/2024,21/09/2024,668.04,HUYEGA6,120 m² Maison de vacances ∙ 3 chambres ∙ 8 personnes,Nendaz - Valais
07/05/2024,21/09/2024,28/09/2024,668.04,HUYEGA6,120 m² Maison de vacances ∙ 3 chambres ∙ 8 personnes,Nendaz - Valais
07/05/2024,28/09/2024,05/10/2024,668.04,HUYEGA6,120 m² Maison de vacances ∙ 3 chambres ∙ 8 personnes,Nendaz - Valais
07/05/2024,05/10/2024,12/10/2024,668.04,HUYEGA6,120 m² Maison de vacances ∙ 3 chambres ∙ 8 personnes,Nendaz - Valais
07/05/2024,12/10/2024,19/10/2024,668.04,HUYEGA6,120 m² Maison de vacances ∙ 3 chambres ∙ 8 personnes,Nendaz - Valais
07/05/2024,19/10/2024,26/10/2024,668.04,HUYEGA6,120 m² Maison de vacances ∙ 3 chambres ∙ 8 personnes,Nendaz - Valais
07/05/2024,26/10/2024,02/11/2024,668.04,HUYEGA6,120 m² Maison de vacances ∙ 3 chambres ∙ 8 personnes,Nendaz - Valais
07/05/2024,01/06/2024,08/06/2024,301.96,HHU46XN,2 room apartment,2 room apartmentVercorin - Valais
07/05/2024,08/06/2024,15/06/2024,424.78,HHU46XN,2 room apartment,2 room apartmentVercorin - Valais
07/05/2024,22/06/2024,29/06/2024,626.43,HHU46XN,2 room apartment,2 room apartmentVercorin - Valais
07/05/2024,29/06/2024,06/07/2024,827.05,HHU46XN,2 room apartment,2 room apartmentVercorin - Valais
07/05/2024,06/07/2024,13/07/2024,1058.38,HHU46XN,2 room apartment,2 room apartmentVercorin - Valais
07/05/2024,13/07/2024,20/07/2024,1199.63,HHU46XN,2 room apartment,2 room apartmentVercorin - Valais
07/05/2024,20/07/2024,27/07/2024,1199.63,HHU46XN,2 room apartment,2 room apartmentVercorin - Valais
07/05/2024,27/07/2024,03/08/2024,1058.38,HHU46XN,2 room apartment,2 room apartmentVercorin - Valais
07/05/2024,03/08/2024,10/08/2024,1058.38,HHU46XN,2 room apartment,2 room apartmentVercorin - Valais
07/05/2024,10/08/2024,17/08/2024,827.05,HHU46XN,2 room apartment,2 room apartmentVercorin - Valais
07/05/2024,31/08/2024,07/09/2024,424.78,HHU46XN,2 room apartment,2 room apartmentVercorin - Valais
07/05/2024,07/09/2024,14/09/2024,424.78,HHU46XN,2 room apartment,2 room apartmentVercorin - Valais
07/05/2024,14/09/2024,21/09/2024,424.78,HHU46XN,2 room apartment,2 room apartmentVercorin - Valais
07/05/2024,21/09/2024,28/09/2024,626.43,HHU46XN,2 room apartment,2 room apartmentVercorin - Valais
07/05/2024,28/09/2024,05/10/2024,424.78,HHU46XN,2 room apartment,2 room apartmentVercorin - Valais
07/05/2024,05/10/2024,12/10/2024,626.43,HHU46XN,2 room apartment,2 room apartmentVercorin - Valais
07/05/2024,12/10/2024,19/10/2024,424.78,HHU46XN,2 room apartment,2 room apartmentVercorin - Valais
07/05/2024,19/10/2024,26/10/2024,424.78,HHU46XN,2 room apartment,2 room apartmentVercorin - Valais
07/05/2024,01/06/2024,08/06/2024,1112.63,HNRH8DZ,125 m² Maison de vacances ∙ 3 chambres ∙ 6 personnes,Saint-Luc - Valais
07/05/2024,08/06/2024,15/06/2024,1112.63,HNRH8DZ,125 m² Maison de vacances ∙ 3 chambres ∙ 6 personnes,Saint-Luc - Valais
07/05/2024,17/08/2024,24/08/2024,1544.58,HNRH8DZ,125 m² Maison de vacances ∙ 3 chambres ∙ 6 personnes,Saint-Luc - Valais
07/05/2024,24/08/2024,31/08/2024,1544.58,HNRH8DZ,125 m² Maison de vacances ∙ 3 chambres ∙ 6 personnes,Saint-Luc - Valais
07/05/2024,31/08/2024,07/09/2024,1544.58,HNRH8DZ,125 m² Maison de vacances ∙ 3 chambres ∙ 6 personnes,Saint-Luc - Valais
07/05/2024,07/09/2024,14/09/2024,1544.58,HNRH8DZ,125 m² Maison de vacances ∙ 3 chambres ∙ 6 personnes,Saint-Luc - Valais
07/05/2024,14/09/2024,21/09/2024,1544.58,HNRH8DZ,125 m² Maison de vacances ∙ 3 chambres ∙ 6 personnes,Saint-Luc - Valais
07/05/2024,21/09/2024,28/09/2024,1544.58,HNRH8DZ,125 m² Maison de vacances ∙ 3 chambres ∙ 6 personnes,Saint-Luc - Valais
07/05/2024,28/09/2024,05/10/2024,1112.63,HNRH8DZ,125 m² Maison de vacances ∙ 3 chambres ∙ 6 personnes,Saint-Luc - Valais
07/05/2024,05/10/2024,12/10/2024,1112.63,HNRH8DZ,125 m² Maison de vacances ∙ 3 chambres ∙ 6 personnes,Saint-Luc - Valais
07/05/2024,12/10/2024,19/10/2024,1112.63,HNRH8DZ,125 m² Maison de vacances ∙ 3 chambres ∙ 6 personnes,Saint-Luc - Valais
07/05/2024,19/10/2024,26/10/2024,1112.63,HNRH8DZ,125 m² Maison de vacances ∙ 3 chambres ∙ 6 personnes,Saint-Luc - Valais
07/05/2024,26/10/2024,02/11/2024,1112.63,HNRH8DZ,125 m² Maison de vacances ∙ 3 chambres ∙ 6 personnes,Saint-Luc - Valais
07/05/2024,11/05/2024,18/05/2024,738.00,HHLCN6D,85 m² Appartement ∙ 2 chambres ∙ 4 personnes,Bürchen - Valais
07/05/2024,18/05/2024,25/05/2024,738.00,HHLCN6D,85 m² Appartement ∙ 2 chambres ∙ 4 personnes,Bürchen - Valais
07/05/2024,25/05/2024,01/06/2024,791.23,HHLCN6D,85 m² Appartement ∙ 2 chambres ∙ 4 personnes,Bürchen - Valais
07/05/2024,01/06/2024,08/06/2024,885.39,HHLCN6D,85 m² Appartement ∙ 2 chambres ∙ 4 personnes,Bürchen - Valais
07/05/2024,08/06/2024,15/06/2024,885.39,HHLCN6D,85 m² Appartement ∙ 2 chambres ∙ 4 personnes,Bürchen - Valais
07/05/2024,15/06/2024,22/06/2024,885.39,HHLCN6D,85 m² Appartement ∙ 2 chambres ∙ 4 personnes,Bürchen - Valais
07/05/2024,06/07/2024,13/07/2024,885.39,HHLCN6D,85 m² Appartement ∙ 2 chambres ∙ 4 personnes,Bürchen - Valais
07/05/2024,13/07/2024,20/07/2024,885.39,HHLCN6D,85 m² Appartement ∙ 2 chambres ∙ 4 personnes,Bürchen - Valais
07/05/2024,03/08/2024,10/08/2024,885.39,HHLCN6D,85 m² Appartement ∙ 2 chambres ∙ 4 personnes,Bürchen - Valais
07/05/2024,10/08/2024,17/08/2024,885.39,HHLCN6D,85 m² Appartement ∙ 2 chambres ∙ 4 personnes,Bürchen - Valais
07/05/2024,17/08/2024,24/08/2024,885.39,HHLCN6D,85 m² Appartement ∙ 2 chambres ∙ 4 personnes,Bürchen - Valais
07/05/2024,24/08/2024,31/08/2024,885.39,HHLCN6D,85 m² Appartement ∙ 2 chambres ∙ 4 personnes,Bürchen - Valais
07/05/2024,31/08/2024,07/09/2024,885.39,HHLCN6D,85 m² Appartement ∙ 2 chambres ∙ 4 personnes,Bürchen - Valais
07/05/2024,07/09/2024,14/09/2024,885.39,HHLCN6D,85 m² Appartement ∙ 2 chambres ∙ 4 personnes,Bürchen - Valais
07/05/2024,05/10/2024,12/10/2024,885.39,HHLCN6D,85 m² Appartement ∙ 2 chambres ∙ 4 personnes,Bürchen - Valais
07/05/2024,12/10/2024,19/10/2024,885.39,HHLCN6D,85 m² Appartement ∙ 2 chambres ∙ 4 personnes,Bürchen - Valais
07/05/2024,19/10/2024,26/10/2024,885.39,HHLCN6D,85 m² Appartement ∙ 2 chambres ∙ 4 personnes,Bürchen - Valais
07/05/2024,26/10/2024,02/11/2024,843.43,HHLCN6D,85 m² Appartement ∙ 2 chambres ∙ 4 personnes,Bürchen - Valais
09/05/2024,11/05/2024,18/05/2024,403,HTJ0USD,2 room apartment,2 room apartmentZinal - Ayer - Valais
09/05/2024,18/05/2024,25/05/2024,402.69,HTJ0USD,2 room apartment,2 room apartmentZinal - Ayer - Valais
09/05/2024,25/05/2024,01/06/2024,402.69,HTJ0USD,2 room apartment,2 room apartmentZinal - Ayer - Valais
09/05/2024,01/06/2024,08/06/2024,402.69,HTJ0USD,2 room apartment,2 room apartmentZinal - Ayer - Valais
09/05/2024,08/06/2024,15/06/2024,566.64,HTJ0USD,2 room apartment,2 room apartmentZinal - Ayer - Valais
09/05/2024,15/06/2024,22/06/2024,738.78,HTJ0USD,2 room apartment,2 room apartmentZinal - Ayer - Valais
09/05/2024,22/06/2024,29/06/2024,738.78,HTJ0USD,2 room apartment,2 room apartmentZinal - Ayer - Valais
09/05/2024,29/06/2024,06/07/2024,917.08,HTJ0USD,2 room apartment,2 room apartmentZinal - Ayer - Valais
09/05/2024,06/07/2024,13/07/2024,1118.94,HTJ0USD,2 room apartment,2 room apartmentZinal - Ayer - Valais
09/05/2024,13/07/2024,20/07/2024,1237.80,HTJ0USD,2 room apartment,2 room apartmentZinal - Ayer - Valais
09/05/2024,20/07/2024,27/07/2024,1237.80,HTJ0USD,2 room apartment,2 room apartmentZinal - Ayer - Valais
09/05/2024,27/07/2024,03/08/2024,1118.94,HTJ0USD,2 room apartment,2 room apartmentZinal - Ayer - Valais
09/05/2024,24/08/2024,31/08/2024,514.38,HTJ0USD,2 room apartment,2 room apartmentZinal - Ayer - Valais
09/05/2024,31/08/2024,07/09/2024,514.38,HTJ0USD,2 room apartment,2 room apartmentZinal - Ayer - Valais
09/05/2024,07/09/2024,14/09/2024,514.38,HTJ0USD,2 room apartment,2 room apartmentZinal - Ayer - Valais
09/05/2024,14/09/2024,21/09/2024,514.38,HTJ0USD,2 room apartment,2 room apartmentZinal - Ayer - Valais
09/05/2024,21/09/2024,28/09/2024,514.38,HTJ0USD,2 room apartment,2 room apartmentZinal - Ayer - Valais
09/05/2024,28/09/2024,05/10/2024,514.38,HTJ0USD,2 room apartment,2 room apartmentZinal - Ayer - Valais
09/05/2024,05/10/2024,12/10/2024,738.78,HTJ0USD,2 room apartment,2 room apartmentZinal - Ayer - Valais
09/05/2024,12/10/2024,19/10/2024,738.78,HTJ0USD,2 room apartment,2 room apartmentZinal - Ayer - Valais
09/05/2024,19/10/2024,26/10/2024,514.38,HTJ0USD,2 room apartment,2 room apartmentZinal - Ayer - Valais
09/05/2024,25/05/2024,01/06/2024,430.36,HSF20E9,40 m² Appartement ∙ 1 chambre ∙ 4 personnes,Grône - Valais
09/05/2024,01/06/2024,08/06/2024,430.36,HSF20E9,40 m² Appartement ∙ 1 chambre ∙ 4 personnes,Grône - Valais
09/05/2024,08/06/2024,15/06/2024,462.12,HSF20E9,40 m² Appartement ∙ 1 chambre ∙ 4 personnes,Grône - Valais
09/05/2024,15/06/2024,22/06/2024,504.13,HSF20E9,40 m² Appartement ∙ 1 chambre ∙ 4 personnes,Grône - Valais
09/05/2024,22/06/2024,29/06/2024,504.13,HSF20E9,40 m² Appartement ∙ 1 chambre ∙ 4 personnes,Grône - Valais
09/05/2024,29/06/2024,06/07/2024,504.13,HSF20E9,40 m² Appartement ∙ 1 chambre ∙ 4 personnes,Grône - Valais
09/05/2024,06/07/2024,13/07/2024,504.13,HSF20E9,40 m² Appartement ∙ 1 chambre ∙ 4 personnes,Grône - Valais
09/05/2024,03/08/2024,10/08/2024,504.13,HSF20E9,40 m² Appartement ∙ 1 chambre ∙ 4 personnes,Grône - Valais
09/05/2024,10/08/2024,17/08/2024,504.13,HSF20E9,40 m² Appartement ∙ 1 chambre ∙ 4 personnes,Grône - Valais
09/05/2024,17/08/2024,24/08/2024,504.13,HSF20E9,40 m² Appartement ∙ 1 chambre ∙ 4 personnes,Grône - Valais
09/05/2024,24/08/2024,31/08/2024,504.13,HSF20E9,40 m² Appartement ∙ 1 chambre ∙ 4 personnes,Grône - Valais
09/05/2024,31/08/2024,07/09/2024,504.13,HSF20E9,40 m² Appartement ∙ 1 chambre ∙ 4 personnes,Grône - Valais
09/05/2024,07/09/2024,14/09/2024,504.13,HSF20E9,40 m² Appartement ∙ 1 chambre ∙ 4 personnes,Grône - Valais
09/05/2024,14/09/2024,21/09/2024,504.13,HSF20E9,40 m² Appartement ∙ 1 chambre ∙ 4 personnes,Grône - Valais
09/05/2024,21/09/2024,28/09/2024,504.13,HSF20E9,40 m² Appartement ∙ 1 chambre ∙ 4 personnes,Grône - Valais
09/05/2024,28/09/2024,05/10/2024,504.13,HSF20E9,40 m² Appartement ∙ 1 chambre ∙ 4 personnes,Grône - Valais
09/05/2024,05/10/2024,12/10/2024,504.13,HSF20E9,40 m² Appartement ∙ 1 chambre ∙ 4 personnes,Grône - Valais
09/05/2024,12/10/2024,19/10/2024,504.13,HSF20E9,40 m² Appartement ∙ 1 chambre ∙ 4 personnes,Grône - Valais
09/05/2024,19/10/2024,26/10/2024,504.13,HSF20E9,40 m² Appartement ∙ 1 chambre ∙ 4 personnes,Grône - Valais
09/05/2024,26/10/2024,02/11/2024,462.12,HSF20E9,40 m² Appartement ∙ 1 chambre ∙ 4 personnes,Grône - Valais
09/05/2024,11/05/2024,18/05/2024,1265.42,HM87T15,61 m² Maison de vacances ∙ 2 chambres ∙ 4 personnes,Evolène - Valais
09/05/2024,05/10/2024,12/10/2024,1265.42,HM87T15,61 m² Maison de vacances ∙ 2 chambres ∙ 4 personnes,Evolène - Valais
09/05/2024,12/10/2024,19/10/2024,1265.42,HM87T15,61 m² Maison de vacances ∙ 2 chambres ∙ 4 personnes,Evolène - Valais
09/05/2024,19/10/2024,26/10/2024,1265.42,HM87T15,61 m² Maison de vacances ∙ 2 chambres ∙ 4 personnes,Evolène - Valais
09/05/2024,26/10/2024,02/11/2024,1265.42,HM87T15,61 m² Maison de vacances ∙ 2 chambres ∙ 4 personnes,Evolène - Valais
09/05/2024,25/05/2024,01/06/2024,773.62,HUXM4G0,75 m² Appartement ∙ 2 chambres ∙ 4 personnes,Orsières - Valais
09/05/2024,01/06/2024,08/06/2024,773.62,HUXM4G0,75 m² Appartement ∙ 2 chambres ∙ 4 personnes,Orsières - Valais
09/05/2024,08/06/2024,15/06/2024,773.62,HUXM4G0,75 m² Appartement ∙ 2 chambres ∙ 4 personnes,Orsières - Valais
09/05/2024,19/10/2024,26/10/2024,773.61,HUXM4G0,75 m² Appartement ∙ 2 chambres ∙ 4 personnes,Orsières - Valais
09/05/2024,11/05/2024,18/05/2024,1150.68,H4YM8EL,100 m² Maison de vacances ∙ 3 chambres ∙ 6 personnes,Bürchen - Valais
09/05/2024,18/05/2024,25/05/2024,1150.68,H4YM8EL,100 m² Maison de vacances ∙ 3 chambres ∙ 6 personnes,Bürchen - Valais
09/05/2024,25/05/2024,01/06/2024,1150.68,H4YM8EL,100 m² Maison de vacances ∙ 3 chambres ∙ 6 personnes,Bürchen - Valais
09/05/2024,01/06/2024,08/06/2024,1150.68,H4YM8EL,100 m² Maison de vacances ∙ 3 chambres ∙ 6 personnes,Bürchen - Valais
09/05/2024,08/06/2024,15/06/2024,1150.68,H4YM8EL,100 m² Maison de vacances ∙ 3 chambres ∙ 6 personnes,Bürchen - Valais
09/05/2024,15/06/2024,22/06/2024,1150.68,H4YM8EL,100 m² Maison de vacances ∙ 3 chambres ∙ 6 personnes,Bürchen - Valais
09/05/2024,27/07/2024,03/08/2024,1484.72,H4YM8EL,100 m² Maison de vacances ∙ 3 chambres ∙ 6 personnes,Bürchen - Valais
09/05/2024,03/08/2024,10/08/2024,1484.72,H4YM8EL,100 m² Maison de vacances ∙ 3 chambres ∙ 6 personnes,Bürchen - Valais
09/05/2024,24/08/2024,31/08/2024,1484.72,H4YM8EL,100 m² Maison de vacances ∙ 3 chambres ∙ 6 personnes,Bürchen - Valais
09/05/2024,31/08/2024,07/09/2024,1257.25,H4YM8EL,100 m² Maison de vacances ∙ 3 chambres ∙ 6 personnes,Bürchen - Valais
09/05/2024,07/09/2024,14/09/2024,1257.25,H4YM8EL,100 m² Maison de vacances ∙ 3 chambres ∙ 6 personnes,Bürchen - Valais
09/05/2024,14/09/2024,21/09/2024,1257.25,H4YM8EL,100 m² Maison de vacances ∙ 3 chambres ∙ 6 personnes,Bürchen - Valais
09/05/2024,05/10/2024,12/10/2024,1150.68,H4YM8EL,100 m² Maison de vacances ∙ 3 chambres ∙ 6 personnes,Bürchen - Valais
09/05/2024,12/10/2024,19/10/2024,1150.68,H4YM8EL,100 m² Maison de vacances ∙ 3 chambres ∙ 6 personnes,Bürchen - Valais
09/05/2024,19/10/2024,26/10/2024,1150.68,H4YM8EL,100 m² Maison de vacances ∙ 3 chambres ∙ 6 personnes,Bürchen - Valais
09/05/2024,26/10/2024,02/11/2024,1150.68,H4YM8EL,100 m² Maison de vacances ∙ 3 chambres ∙ 6 personnes,Bürchen - Valais
09/05/2024,11/05/2024,18/05/2024,833.04,HYZXTNL,55 m² Appartement ∙ 1 chambre ∙ 2 personnes,Goms - Valais
09/05/2024,18/05/2024,25/05/2024,833.04,HYZXTNL,55 m² Appartement ∙ 1 chambre ∙ 2 personnes,Goms - Valais
09/05/2024,25/05/2024,01/06/2024,833.04,HYZXTNL,55 m² Appartement ∙ 1 chambre ∙ 2 personnes,Goms - Valais
09/05/2024,01/06/2024,08/06/2024,833.04,HYZXTNL,55 m² Appartement ∙ 1 chambre ∙ 2 personnes,Goms - Valais
09/05/2024,08/06/2024,15/06/2024,833.04,HYZXTNL,55 m² Appartement ∙ 1 chambre ∙ 2 personnes,Goms - Valais
09/05/2024,15/06/2024,22/06/2024,833.04,HYZXTNL,55 m² Appartement ∙ 1 chambre ∙ 2 personnes,Goms - Valais
09/05/2024,22/06/2024,29/06/2024,833.04,HYZXTNL,55 m² Appartement ∙ 1 chambre ∙ 2 personnes,Goms - Valais
09/05/2024,29/06/2024,06/07/2024,833.04,HYZXTNL,55 m² Appartement ∙ 1 chambre ∙ 2 personnes,Goms - Valais
09/05/2024,06/07/2024,13/07/2024,945.75,HYZXTNL,55 m² Appartement ∙ 1 chambre ∙ 2 personnes,Goms - Valais
09/05/2024,13/07/2024,20/07/2024,945.75,HYZXTNL,55 m² Appartement ∙ 1 chambre ∙ 2 personnes,Goms - Valais
09/05/2024,20/07/2024,27/07/2024,945.75,HYZXTNL,55 m² Appartement ∙ 1 chambre ∙ 2 personnes,Goms - Valais
09/05/2024,03/08/2024,10/08/2024,945.75,HYZXTNL,55 m² Appartement ∙ 1 chambre ∙ 2 personnes,Goms - Valais
09/05/2024,10/08/2024,17/08/2024,945.75,HYZXTNL,55 m² Appartement ∙ 1 chambre ∙ 2 personnes,Goms - Valais
09/05/2024,17/08/2024,24/08/2024,945.75,HYZXTNL,55 m² Appartement ∙ 1 chambre ∙ 2 personnes,Goms - Valais
09/05/2024,24/08/2024,31/08/2024,945.75,HYZXTNL,55 m² Appartement ∙ 1 chambre ∙ 2 personnes,Goms - Valais
09/05/2024,31/08/2024,07/09/2024,945.75,HYZXTNL,55 m² Appartement ∙ 1 chambre ∙ 2 personnes,Goms - Valais
09/05/2024,07/09/2024,14/09/2024,945.75,HYZXTNL,55 m² Appartement ∙ 1 chambre ∙ 2 personnes,Goms - Valais
09/05/2024,14/09/2024,21/09/2024,945.75,HYZXTNL,55 m² Appartement ∙ 1 chambre ∙ 2 personnes,Goms - Valais
09/05/2024,21/09/2024,28/09/2024,945.75,HYZXTNL,55 m² Appartement ∙ 1 chambre ∙ 2 personnes,Goms - Valais
09/05/2024,28/09/2024,05/10/2024,945.75,HYZXTNL,55 m² Appartement ∙ 1 chambre ∙ 2 personnes,Goms - Valais
09/05/2024,05/10/2024,12/10/2024,833.04,HYZXTNL,55 m² Appartement ∙ 1 chambre ∙ 2 personnes,Goms - Valais
09/05/2024,12/10/2024,19/10/2024,833.04,HYZXTNL,55 m² Appartement ∙ 1 chambre ∙ 2 personnes,Goms - Valais
09/05/2024,19/10/2024,26/10/2024,833.04,HYZXTNL,55 m² Appartement ∙ 1 chambre ∙ 2 personnes,Goms - Valais
09/05/2024,26/10/2024,02/11/2024,833.04,HYZXTNL,55 m² Appartement ∙ 1 chambre ∙ 2 personnes,Goms - Valais
09/05/2024,17/08/2024,24/08/2024,730.11,HBAJ8LG,30 m² Appartement ∙ 1 chambre ∙ 2 personnes,Salvan - Valais
09/05/2024,07/09/2024,14/09/2024,555.23,HBAJ8LG,30 m² Appartement ∙ 1 chambre ∙ 2 personnes,Salvan - Valais
09/05/2024,14/09/2024,21/09/2024,560.04,HBAJ8LG,30 m² Appartement ∙ 1 chambre ∙ 2 personnes,Salvan - Valais
09/05/2024,21/09/2024,28/09/2024,540.78,HBAJ8LG,30 m² Appartement ∙ 1 chambre ∙ 2 personnes,Salvan - Valais
09/05/2024,28/09/2024,05/10/2024,520.49,HBAJ8LG,30 m² Appartement ∙ 1 chambre ∙ 2 personnes,Salvan - Valais
09/05/2024,05/10/2024,12/10/2024,512.06,HBAJ8LG,30 m² Appartement ∙ 1 chambre ∙ 2 personnes,Salvan - Valais
09/05/2024,12/10/2024,19/10/2024,494.18,HBAJ8LG,30 m² Appartement ∙ 1 chambre ∙ 2 personnes,Salvan - Valais
09/05/2024,19/10/2024,26/10/2024,491.78,HBAJ8LG,30 m² Appartement ∙ 1 chambre ∙ 2 personnes,Salvan - Valais
09/05/2024,26/10/2024,02/11/2024,543.18,HBAJ8LG,30 m² Appartement ∙ 1 chambre ∙ 2 personnes,Salvan - Valais
09/05/2024,01/06/2024,08/06/2024,1074.65,HLM31FH,70 m² Appartement ∙ 2 chambres ∙ 4 personnes,Saas-Almagell - Valais
09/05/2024,08/06/2024,15/06/2024,1074.65,HLM31FH,70 m² Appartement ∙ 2 chambres ∙ 4 personnes,Saas-Almagell - Valais
09/05/2024,15/06/2024,22/06/2024,1074.65,HLM31FH,70 m² Appartement ∙ 2 chambres ∙ 4 personnes,Saas-Almagell - Valais
09/05/2024,22/06/2024,29/06/2024,1228.15,HLM31FH,70 m² Appartement ∙ 2 chambres ∙ 4 personnes,Saas-Almagell - Valais
09/05/2024,29/06/2024,06/07/2024,1228.15,HLM31FH,70 m² Appartement ∙ 2 chambres ∙ 4 personnes,Saas-Almagell - Valais
09/05/2024,13/07/2024,20/07/2024,1228.15,HLM31FH,70 m² Appartement ∙ 2 chambres ∙ 4 personnes,Saas-Almagell - Valais
09/05/2024,27/07/2024,03/08/2024,1004.16,HLM31FH,70 m² Appartement ∙ 2 chambres ∙ 4 personnes,Saas-Almagell - Valais
09/05/2024,03/08/2024,10/08/2024,1228.15,HLM31FH,70 m² Appartement ∙ 2 chambres ∙ 4 personnes,Saas-Almagell - Valais
09/05/2024,17/08/2024,24/08/2024,1228.15,HLM31FH,70 m² Appartement ∙ 2 chambres ∙ 4 personnes,Saas-Almagell - Valais
09/05/2024,31/08/2024,07/09/2024,1151.40,HLM31FH,70 m² Appartement ∙ 2 chambres ∙ 4 personnes,Saas-Almagell - Valais
09/05/2024,07/09/2024,14/09/2024,1151.40,HLM31FH,70 m² Appartement ∙ 2 chambres ∙ 4 personnes,Saas-Almagell - Valais
09/05/2024,14/09/2024,21/09/2024,1151.40,HLM31FH,70 m² Appartement ∙ 2 chambres ∙ 4 personnes,Saas-Almagell - Valais
09/05/2024,21/09/2024,28/09/2024,1151.40,HLM31FH,70 m² Appartement ∙ 2 chambres ∙ 4 personnes,Saas-Almagell - Valais
09/05/2024,28/09/2024,05/10/2024,1151.40,HLM31FH,70 m² Appartement ∙ 2 chambres ∙ 4 personnes,Saas-Almagell - Valais
09/05/2024,05/10/2024,12/10/2024,1151.40,HLM31FH,70 m² Appartement ∙ 2 chambres ∙ 4 personnes,Saas-Almagell - Valais
09/05/2024,12/10/2024,19/10/2024,1151.40,HLM31FH,70 m² Appartement ∙ 2 chambres ∙ 4 personnes,Saas-Almagell - Valais
09/05/2024,01/06/2024,08/06/2024,1004.16,HR7Y2ZC,Appartement ∙ 2 chambres ∙ 5 personnes,Grächen - Valais
09/05/2024,08/06/2024,15/06/2024,1004.16,HR7Y2ZC,Appartement ∙ 2 chambres ∙ 5 personnes,Grächen - Valais
09/05/2024,15/06/2024,22/06/2024,1004.16,HR7Y2ZC,Appartement ∙ 2 chambres ∙ 5 personnes,Grächen - Valais
09/05/2024,22/06/2024,29/06/2024,1004.16,HR7Y2ZC,Appartement ∙ 2 chambres ∙ 5 personnes,Grächen - Valais
09/05/2024,29/06/2024,06/07/2024,1067.53,HR7Y2ZC,Appartement ∙ 2 chambres ∙ 5 personnes,Grächen - Valais
09/05/2024,06/07/2024,13/07/2024,1147.61,HR7Y2ZC,Appartement ∙ 2 chambres ∙ 5 personnes,Grächen - Valais
09/05/2024,03/08/2024,10/08/2024,1147.61,HR7Y2ZC,Appartement ∙ 2 chambres ∙ 5 personnes,Grächen - Valais
09/05/2024,17/08/2024,24/08/2024,1004.16,HR7Y2ZC,Appartement ∙ 2 chambres ∙ 5 personnes,Grächen - Valais
09/05/2024,24/08/2024,31/08/2024,1004.16,HR7Y2ZC,Appartement ∙ 2 chambres ∙ 5 personnes,Grächen - Valais
09/05/2024,14/09/2024,21/09/2024,1004.16,HR7Y2ZC,Appartement ∙ 2 chambres ∙ 5 personnes,Grächen - Valais
09/05/2024,05/10/2024,12/10/2024,1147.61,HR7Y2ZC,Appartement ∙ 2 chambres ∙ 5 personnes,Grächen - Valais
09/05/2024,12/10/2024,19/10/2024,1147.61,HR7Y2ZC,Appartement ∙ 2 chambres ∙ 5 personnes,Grächen - Valais
09/05/2024,19/10/2024,26/10/2024,1282.20,HR7Y2ZC,Appartement ∙ 2 chambres ∙ 5 personnes,Grächen - Valais
09/05/2024,26/10/2024,02/11/2024,1004.16,HR7Y2ZC,Appartement ∙ 2 chambres ∙ 5 personnes,Grächen - Valais
09/05/2024,01/06/2024,08/06/2024,608.97,HYM0SEA,28 m² Appartement ∙ 1 chambre ∙ 3 personnes,Saas Fee - Valais
09/05/2024,08/06/2024,15/06/2024,608.97,HYM0SEA,28 m² Appartement ∙ 1 chambre ∙ 3 personnes,Saas Fee - Valais
09/05/2024,15/06/2024,22/06/2024,608.97,HYM0SEA,28 m² Appartement ∙ 1 chambre ∙ 3 personnes,Saas Fee - Valais
09/05/2024,06/07/2024,13/07/2024,647.34,HYM0SEA,28 m² Appartement ∙ 1 chambre ∙ 3 personnes,Saas Fee - Valais
09/05/2024,13/07/2024,20/07/2024,647.34,HYM0SEA,28 m² Appartement ∙ 1 chambre ∙ 3 personnes,Saas Fee - Valais
09/05/2024,27/07/2024,03/08/2024,724.09,HYM0SEA,28 m² Appartement ∙ 1 chambre ∙ 3 personnes,Saas Fee - Valais
09/05/2024,10/08/2024,17/08/2024,724.09,HYM0SEA,28 m² Appartement ∙ 1 chambre ∙ 3 personnes,Saas Fee - Valais
09/05/2024,31/08/2024,07/09/2024,608.97,HYM0SEA,28 m² Appartement ∙ 1 chambre ∙ 3 personnes,Saas Fee - Valais
09/05/2024,07/09/2024,14/09/2024,608.97,HYM0SEA,28 m² Appartement ∙ 1 chambre ∙ 3 personnes,Saas Fee - Valais
09/05/2024,14/09/2024,21/09/2024,608.97,HYM0SEA,28 m² Appartement ∙ 1 chambre ∙ 3 personnes,Saas Fee - Valais
09/05/2024,21/09/2024,28/09/2024,608.97,HYM0SEA,28 m² Appartement ∙ 1 chambre ∙ 3 personnes,Saas Fee - Valais
09/05/2024,28/09/2024,05/10/2024,608.97,HYM0SEA,28 m² Appartement ∙ 1 chambre ∙ 3 personnes,Saas Fee - Valais
09/05/2024,05/10/2024,12/10/2024,608.97,HYM0SEA,28 m² Appartement ∙ 1 chambre ∙ 3 personnes,Saas Fee - Valais
09/05/2024,12/10/2024,19/10/2024,608.97,HYM0SEA,28 m² Appartement ∙ 1 chambre ∙ 3 personnes,Saas Fee - Valais
09/05/2024,19/10/2024,26/10/2024,608.97,HYM0SEA,28 m² Appartement ∙ 1 chambre ∙ 3 personnes,Saas Fee - Valais
09/05/2024,26/10/2024,02/11/2024,608.97,HYM0SEA,28 m² Appartement ∙ 1 chambre ∙ 3 personnes,Saas Fee - Valais
09/05/2024,15/06/2024,22/06/2024,922.19,HX9AJNB,Appartement ∙ 2 chambres ∙ 4 personnes,Fiesch - Valais
09/05/2024,22/06/2024,29/06/2024,922.19,HX9AJNB,Appartement ∙ 2 chambres ∙ 4 personnes,Fiesch - Valais
09/05/2024,29/06/2024,06/07/2024,922.19,HX9AJNB,Appartement ∙ 2 chambres ∙ 4 personnes,Fiesch - Valais
09/05/2024,13/07/2024,20/07/2024,1252.12,HX9AJNB,Appartement ∙ 2 chambres ∙ 4 personnes,Fiesch - Valais
09/05/2024,31/08/2024,07/09/2024,1029.77,HX9AJNB,Appartement ∙ 2 chambres ∙ 4 personnes,Fiesch - Valais
09/05/2024,07/09/2024,14/09/2024,1029.77,HX9AJNB,Appartement ∙ 2 chambres ∙ 4 personnes,Fiesch - Valais
09/05/2024,14/09/2024,21/09/2024,922.19,HX9AJNB,Appartement ∙ 2 chambres ∙ 4 personnes,Fiesch - Valais
09/05/2024,21/09/2024,28/09/2024,922.19,HX9AJNB,Appartement ∙ 2 chambres ∙ 4 personnes,Fiesch - Valais
09/05/2024,28/09/2024,05/10/2024,922.19,HX9AJNB,Appartement ∙ 2 chambres ∙ 4 personnes,Fiesch - Valais
09/05/2024,05/10/2024,12/10/2024,922.19,HX9AJNB,Appartement ∙ 2 chambres ∙ 4 personnes,Fiesch - Valais
09/05/2024,25/05/2024,01/06/2024,1025.68,HZU8HW2,94 m² Maison de vacances ∙ 3 chambres ∙ 6 personnes,Nendaz - Valais
09/05/2024,01/06/2024,08/06/2024,1025.68,HZU8HW2,94 m² Maison de vacances ∙ 3 chambres ∙ 6 personnes,Nendaz - Valais
09/05/2024,10/08/2024,17/08/2024,1539.03,HZU8HW2,94 m² Maison de vacances ∙ 3 chambres ∙ 6 personnes,Nendaz - Valais
09/05/2024,31/08/2024,07/09/2024,1240.85,HZU8HW2,94 m² Maison de vacances ∙ 3 chambres ∙ 6 personnes,Nendaz - Valais
09/05/2024,07/09/2024,14/09/2024,1240.85,HZU8HW2,94 m² Maison de vacances ∙ 3 chambres ∙ 6 personnes,Nendaz - Valais
09/05/2024,14/09/2024,21/09/2024,1240.85,HZU8HW2,94 m² Maison de vacances ∙ 3 chambres ∙ 6 personnes,Nendaz - Valais
09/05/2024,21/09/2024,28/09/2024,1240.85,HZU8HW2,94 m² Maison de vacances ∙ 3 chambres ∙ 6 personnes,Nendaz - Valais
09/05/2024,28/09/2024,05/10/2024,1240.85,HZU8HW2,94 m² Maison de vacances ∙ 3 chambres ∙ 6 personnes,Nendaz - Valais
09/05/2024,05/10/2024,12/10/2024,1240.85,HZU8HW2,94 m² Maison de vacances ∙ 3 chambres ∙ 6 personnes,Nendaz - Valais
09/05/2024,12/10/2024,19/10/2024,1240.85,HZU8HW2,94 m² Maison de vacances ∙ 3 chambres ∙ 6 personnes,Nendaz - Valais
09/05/2024,19/10/2024,26/10/2024,1240.85,HZU8HW2,94 m² Maison de vacances ∙ 3 chambres ∙ 6 personnes,Nendaz - Valais
09/05/2024,26/10/2024,02/11/2024,1240.85,HZU8HW2,94 m² Maison de vacances ∙ 3 chambres ∙ 6 personnes,Nendaz - Valais
09/05/2024,08/06/2024,15/06/2024,1052.32,HYD3MBL,50 m² Appartement ∙ 3 chambres ∙ 5 personnes,Visperterminen - Valais
09/05/2024,15/06/2024,22/06/2024,1052.32,HYD3MBL,50 m² Appartement ∙ 3 chambres ∙ 5 personnes,Visperterminen - Valais
09/05/2024,29/06/2024,06/07/2024,1052.32,HYD3MBL,50 m² Appartement ∙ 3 chambres ∙ 5 personnes,Visperterminen - Valais
09/05/2024,06/07/2024,13/07/2024,1052.32,HYD3MBL,50 m² Appartement ∙ 3 chambres ∙ 5 personnes,Visperterminen - Valais
09/05/2024,13/07/2024,20/07/2024,1052.32,HYD3MBL,50 m² Appartement ∙ 3 chambres ∙ 5 personnes,Visperterminen - Valais
09/05/2024,20/07/2024,27/07/2024,1052.32,HYD3MBL,50 m² Appartement ∙ 3 chambres ∙ 5 personnes,Visperterminen - Valais
09/05/2024,17/08/2024,24/08/2024,1052.32,HYD3MBL,50 m² Appartement ∙ 3 chambres ∙ 5 personnes,Visperterminen - Valais
09/05/2024,24/08/2024,31/08/2024,1052.32,HYD3MBL,50 m² Appartement ∙ 3 chambres ∙ 5 personnes,Visperterminen - Valais
09/05/2024,31/08/2024,07/09/2024,1052.32,HYD3MBL,50 m² Appartement ∙ 3 chambres ∙ 5 personnes,Visperterminen - Valais
09/05/2024,07/09/2024,14/09/2024,1052.32,HYD3MBL,50 m² Appartement ∙ 3 chambres ∙ 5 personnes,Visperterminen - Valais
09/05/2024,14/09/2024,21/09/2024,1052.32,HYD3MBL,50 m² Appartement ∙ 3 chambres ∙ 5 personnes,Visperterminen - Valais
09/05/2024,21/09/2024,28/09/2024,1052.32,HYD3MBL,50 m² Appartement ∙ 3 chambres ∙ 5 personnes,Visperterminen - Valais
09/05/2024,28/09/2024,05/10/2024,1052.32,HYD3MBL,50 m² Appartement ∙ 3 chambres ∙ 5 personnes,Visperterminen - Valais
09/05/2024,05/10/2024,12/10/2024,1052.32,HYD3MBL,50 m² Appartement ∙ 3 chambres ∙ 5 personnes,Visperterminen - Valais
09/05/2024,12/10/2024,19/10/2024,1052.32,HYD3MBL,50 m² Appartement ∙ 3 chambres ∙ 5 personnes,Visperterminen - Valais
09/05/2024,19/10/2024,26/10/2024,1052.32,HYD3MBL,50 m² Appartement ∙ 3 chambres ∙ 5 personnes,Visperterminen - Valais
09/05/2024,26/10/2024,02/11/2024,1052.32,HYD3MBL,50 m² Appartement ∙ 3 chambres ∙ 5 personnes,Visperterminen - Valais
09/05/2024,08/06/2024,15/06/2024,1128.14,H8GLZBH,76 m² Appartement ∙ 2 chambres ∙ 4 personnes,Zermatt - Valais
09/05/2024,13/07/2024,20/07/2024,1314.63,H8GLZBH,76 m² Appartement ∙ 2 chambres ∙ 4 personnes,Zermatt - Valais
09/05/2024,31/08/2024,07/09/2024,1128.14,H8GLZBH,76 m² Appartement ∙ 2 chambres ∙ 4 personnes,Zermatt - Valais
09/05/2024,07/09/2024,14/09/2024,1128.14,H8GLZBH,76 m² Appartement ∙ 2 chambres ∙ 4 personnes,Zermatt - Valais
09/05/2024,14/09/2024,21/09/2024,1128.14,H8GLZBH,76 m² Appartement ∙ 2 chambres ∙ 4 personnes,Zermatt - Valais
09/05/2024,21/09/2024,28/09/2024,1128.14,H8GLZBH,76 m² Appartement ∙ 2 chambres ∙ 4 personnes,Zermatt - Valais
09/05/2024,28/09/2024,05/10/2024,1128.14,H8GLZBH,76 m² Appartement ∙ 2 chambres ∙ 4 personnes,Zermatt - Valais
09/05/2024,19/10/2024,26/10/2024,1128.14,H8GLZBH,76 m² Appartement ∙ 2 chambres ∙ 4 personnes,Zermatt - Valais
09/05/2024,26/10/2024,02/11/2024,1128.14,H8GLZBH,76 m² Appartement ∙ 2 chambres ∙ 4 personnes,Zermatt - Valais
09/05/2024,22/06/2024,29/06/2024,717.25,H7T2SKA,60 m² Appartement ∙ 2 chambres ∙ 4 personnes,Saas Fee - Valais
09/05/2024,29/06/2024,06/07/2024,717.25,H7T2SKA,60 m² Appartement ∙ 2 chambres ∙ 4 personnes,Saas Fee - Valais
09/05/2024,06/07/2024,13/07/2024,1032.85,H7T2SKA,60 m² Appartement ∙ 2 chambres ∙ 4 personnes,Saas Fee - Valais
09/05/2024,13/07/2024,20/07/2024,1032.85,H7T2SKA,60 m² Appartement ∙ 2 chambres ∙ 4 personnes,Saas Fee - Valais
09/05/2024,03/08/2024,10/08/2024,1032.85,H7T2SKA,60 m² Appartement ∙ 2 chambres ∙ 4 personnes,Saas Fee - Valais
09/05/2024,31/08/2024,07/09/2024,788.98,H7T2SKA,60 m² Appartement ∙ 2 chambres ∙ 4 personnes,Saas Fee - Valais
09/05/2024,14/09/2024,21/09/2024,788.98,H7T2SKA,60 m² Appartement ∙ 2 chambres ∙ 4 personnes,Saas Fee - Valais
09/05/2024,21/09/2024,28/09/2024,788.98,H7T2SKA,60 m² Appartement ∙ 2 chambres ∙ 4 personnes,Saas Fee - Valais
09/05/2024,05/10/2024,12/10/2024,788.98,H7T2SKA,60 m² Appartement ∙ 2 chambres ∙ 4 personnes,Saas Fee - Valais
09/05/2024,11/05/2024,18/05/2024,999.45,H2RYZXL,40 m² Appartement ∙ 2 personnes,Saas Fee - Valais
09/05/2024,18/05/2024,25/05/2024,999.45,H2RYZXL,40 m² Appartement ∙ 2 personnes,Saas Fee - Valais
09/05/2024,25/05/2024,01/06/2024,781.81,H2RYZXL,40 m² Appartement ∙ 2 personnes,Saas Fee - Valais
09/05/2024,01/06/2024,08/06/2024,781.81,H2RYZXL,40 m² Appartement ∙ 2 personnes,Saas Fee - Valais
09/05/2024,08/06/2024,15/06/2024,999.45,H2RYZXL,40 m² Appartement ∙ 2 personnes,Saas Fee - Valais
09/05/2024,15/06/2024,22/06/2024,999.45,H2RYZXL,40 m² Appartement ∙ 2 personnes,Saas Fee - Valais
09/05/2024,22/06/2024,29/06/2024,781.81,H2RYZXL,40 m² Appartement ∙ 2 personnes,Saas Fee - Valais
09/05/2024,29/06/2024,06/07/2024,925.26,H2RYZXL,40 m² Appartement ∙ 2 personnes,Saas Fee - Valais
09/05/2024,06/07/2024,13/07/2024,1152.95,H2RYZXL,40 m² Appartement ∙ 2 personnes,Saas Fee - Valais
09/05/2024,13/07/2024,20/07/2024,925.26,H2RYZXL,40 m² Appartement ∙ 2 personnes,Saas Fee - Valais
09/05/2024,31/08/2024,07/09/2024,1152.95,H2RYZXL,40 m² Appartement ∙ 2 personnes,Saas Fee - Valais
09/05/2024,07/09/2024,14/09/2024,925.26,H2RYZXL,40 m² Appartement ∙ 2 personnes,Saas Fee - Valais
09/05/2024,14/09/2024,21/09/2024,1152.95,H2RYZXL,40 m² Appartement ∙ 2 personnes,Saas Fee - Valais
09/05/2024,21/09/2024,28/09/2024,1152.95,H2RYZXL,40 m² Appartement ∙ 2 personnes,Saas Fee - Valais
09/05/2024,28/09/2024,05/10/2024,1152.95,H2RYZXL,40 m² Appartement ∙ 2 personnes,Saas Fee - Valais
09/05/2024,05/10/2024,12/10/2024,1152.95,H2RYZXL,40 m² Appartement ∙ 2 personnes,Saas Fee - Valais
09/05/2024,12/10/2024,19/10/2024,1152.95,H2RYZXL,40 m² Appartement ∙ 2 personnes,Saas Fee - Valais
09/05/2024,19/10/2024,26/10/2024,1152.95,H2RYZXL,40 m² Appartement ∙ 2 personnes,Saas Fee - Valais
09/05/2024,26/10/2024,02/11/2024,999.45,H2RYZXL,40 m² Appartement ∙ 2 personnes,Saas Fee - Valais
09/05/2024,08/06/2024,15/06/2024,1151.19,H73WE9J,100 m² Appartement ∙ 3 chambres ∙ 6 personnes,Saas Grund - Valais
09/05/2024,15/06/2024,22/06/2024,1151.19,H73WE9J,100 m² Appartement ∙ 3 chambres ∙ 6 personnes,Saas Grund - Valais
09/05/2024,22/06/2024,29/06/2024,1151.19,H73WE9J,100 m² Appartement ∙ 3 chambres ∙ 6 personnes,Saas Grund - Valais
09/05/2024,29/06/2024,06/07/2024,1151.19,H73WE9J,100 m² Appartement ∙ 3 chambres ∙ 6 personnes,Saas Grund - Valais
09/05/2024,06/07/2024,13/07/2024,1534.93,H73WE9J,100 m² Appartement ∙ 3 chambres ∙ 6 personnes,Saas Grund - Valais
09/05/2024,13/07/2024,20/07/2024,1534.93,H73WE9J,100 m² Appartement ∙ 3 chambres ∙ 6 personnes,Saas Grund - Valais
09/05/2024,20/07/2024,27/07/2024,1534.93,H73WE9J,100 m² Appartement ∙ 3 chambres ∙ 6 personnes,Saas Grund - Valais
09/05/2024,27/07/2024,03/08/2024,1534.93,H73WE9J,100 m² Appartement ∙ 3 chambres ∙ 6 personnes,Saas Grund - Valais
09/05/2024,03/08/2024,10/08/2024,1534.93,H73WE9J,100 m² Appartement ∙ 3 chambres ∙ 6 personnes,Saas Grund - Valais
09/05/2024,17/08/2024,24/08/2024,1534.93,H73WE9J,100 m² Appartement ∙ 3 chambres ∙ 6 personnes,Saas Grund - Valais
09/05/2024,24/08/2024,31/08/2024,1534.93,H73WE9J,100 m² Appartement ∙ 3 chambres ∙ 6 personnes,Saas Grund - Valais
09/05/2024,31/08/2024,07/09/2024,1227.94,H73WE9J,100 m² Appartement ∙ 3 chambres ∙ 6 personnes,Saas Grund - Valais
09/05/2024,07/09/2024,14/09/2024,1227.94,H73WE9J,100 m² Appartement ∙ 3 chambres ∙ 6 personnes,Saas Grund - Valais
09/05/2024,14/09/2024,21/09/2024,1227.94,H73WE9J,100 m² Appartement ∙ 3 chambres ∙ 6 personnes,Saas Grund - Valais
09/05/2024,21/09/2024,28/09/2024,1227.94,H73WE9J,100 m² Appartement ∙ 3 chambres ∙ 6 personnes,Saas Grund - Valais
09/05/2024,28/09/2024,05/10/2024,1227.94,H73WE9J,100 m² Appartement ∙ 3 chambres ∙ 6 personnes,Saas Grund - Valais
09/05/2024,05/10/2024,12/10/2024,1227.94,H73WE9J,100 m² Appartement ∙ 3 chambres ∙ 6 personnes,Saas Grund - Valais
09/05/2024,12/10/2024,19/10/2024,1227.94,H73WE9J,100 m² Appartement ∙ 3 chambres ∙ 6 personnes,Saas Grund - Valais
09/05/2024,19/10/2024,26/10/2024,1227.94,H73WE9J,100 m² Appartement ∙ 3 chambres ∙ 6 personnes,Saas Grund - Valais
09/05/2024,18/05/2024,25/05/2024,1185.62,H1EN29H,90 m² Appartement ∙ 2 chambres ∙ 4 personnes,Loèche-les-Bains - Valais
09/05/2024,25/05/2024,01/06/2024,1185.62,H1EN29H,90 m² Appartement ∙ 2 chambres ∙ 4 personnes,Loèche-les-Bains - Valais
09/05/2024,01/06/2024,08/06/2024,1185.62,H1EN29H,90 m² Appartement ∙ 2 chambres ∙ 4 personnes,Loèche-les-Bains - Valais
09/05/2024,08/06/2024,15/06/2024,1185.62,H1EN29H,90 m² Appartement ∙ 2 chambres ∙ 4 personnes,Loèche-les-Bains - Valais
09/05/2024,15/06/2024,22/06/2024,1248.03,H1EN29H,90 m² Appartement ∙ 2 chambres ∙ 4 personnes,Loèche-les-Bains - Valais
09/05/2024,22/06/2024,29/06/2024,1248.03,H1EN29H,90 m² Appartement ∙ 2 chambres ∙ 4 personnes,Loèche-les-Bains - Valais
09/05/2024,29/06/2024,06/07/2024,1377.13,H1EN29H,90 m² Appartement ∙ 2 chambres ∙ 4 personnes,Loèche-les-Bains - Valais
09/05/2024,06/07/2024,13/07/2024,1377.13,H1EN29H,90 m² Appartement ∙ 2 chambres ∙ 4 personnes,Loèche-les-Bains - Valais
09/05/2024,17/08/2024,24/08/2024,1170.56,H1EN29H,90 m² Appartement ∙ 2 chambres ∙ 4 personnes,Loèche-les-Bains - Valais
09/05/2024,24/08/2024,31/08/2024,1170.56,H1EN29H,90 m² Appartement ∙ 2 chambres ∙ 4 personnes,Loèche-les-Bains - Valais
09/05/2024,31/08/2024,07/09/2024,1170.56,H1EN29H,90 m² Appartement ∙ 2 chambres ∙ 4 personnes,Loèche-les-Bains - Valais
09/05/2024,07/09/2024,14/09/2024,1170.56,H1EN29H,90 m² Appartement ∙ 2 chambres ∙ 4 personnes,Loèche-les-Bains - Valais
09/05/2024,05/10/2024,12/10/2024,1170.56,H1EN29H,90 m² Appartement ∙ 2 chambres ∙ 4 personnes,Loèche-les-Bains - Valais
09/05/2024,12/10/2024,19/10/2024,1170.56,H1EN29H,90 m² Appartement ∙ 2 chambres ∙ 4 personnes,Loèche-les-Bains - Valais
09/05/2024,19/10/2024,26/10/2024,1170.56,H1EN29H,90 m² Appartement ∙ 2 chambres ∙ 4 personnes,Loèche-les-Bains - Valais
09/05/2024,26/10/2024,02/11/2024,1060.82,H1EN29H,90 m² Appartement ∙ 2 chambres ∙ 4 personnes,Loèche-les-Bains - Valais
09/05/2024,18/05/2024,25/05/2024,753.12,HF0AX3Z,Appartement ∙ 1 chambre ∙ 4 personnes,Grächen - Valais
09/05/2024,25/05/2024,01/06/2024,753.12,HF0AX3Z,Appartement ∙ 1 chambre ∙ 4 personnes,Grächen - Valais
09/05/2024,01/06/2024,08/06/2024,753.12,HF0AX3Z,Appartement ∙ 1 chambre ∙ 4 personnes,Grächen - Valais
09/05/2024,22/06/2024,29/06/2024,753.12,HF0AX3Z,Appartement ∙ 1 chambre ∙ 4 personnes,Grächen - Valais
09/05/2024,17/08/2024,24/08/2024,753.12,HF0AX3Z,Appartement ∙ 1 chambre ∙ 4 personnes,Grächen - Valais
09/05/2024,14/09/2024,21/09/2024,753.12,HF0AX3Z,Appartement ∙ 1 chambre ∙ 4 personnes,Grächen - Valais
09/05/2024,21/09/2024,28/09/2024,753.12,HF0AX3Z,Appartement ∙ 1 chambre ∙ 4 personnes,Grächen - Valais
09/05/2024,28/09/2024,05/10/2024,753.12,HF0AX3Z,Appartement ∙ 1 chambre ∙ 4 personnes,Grächen - Valais
09/05/2024,05/10/2024,12/10/2024,753.12,HF0AX3Z,Appartement ∙ 1 chambre ∙ 4 personnes,Grächen - Valais
09/05/2024,12/10/2024,19/10/2024,753.12,HF0AX3Z,Appartement ∙ 1 chambre ∙ 4 personnes,Grächen - Valais
09/05/2024,19/10/2024,26/10/2024,753.12,HF0AX3Z,Appartement ∙ 1 chambre ∙ 4 personnes,Grächen - Valais
09/05/2024,26/10/2024,02/11/2024,753.12,HF0AX3Z,Appartement ∙ 1 chambre ∙ 4 personnes,Grächen - Valais
09/05/2024,01/06/2024,08/06/2024,1201.92,HAD6XE9,Appartement ∙ 1 chambre ∙ 2 personnes,Zermatt - Valais
09/05/2024,29/06/2024,06/07/2024,1388.40,HAD6XE9,Appartement ∙ 1 chambre ∙ 2 personnes,Zermatt - Valais
09/05/2024,06/07/2024,13/07/2024,1388.40,HAD6XE9,Appartement ∙ 1 chambre ∙ 2 personnes,Zermatt - Valais
09/05/2024,13/07/2024,20/07/2024,1388.40,HAD6XE9,Appartement ∙ 1 chambre ∙ 2 personnes,Zermatt - Valais
09/05/2024,20/07/2024,27/07/2024,1388.40,HAD6XE9,Appartement ∙ 1 chambre ∙ 2 personnes,Zermatt - Valais
09/05/2024,27/07/2024,03/08/2024,1388.40,HAD6XE9,Appartement ∙ 1 chambre ∙ 2 personnes,Zermatt - Valais
09/05/2024,03/08/2024,10/08/2024,1388.40,HAD6XE9,Appartement ∙ 1 chambre ∙ 2 personnes,Zermatt - Valais
09/05/2024,07/09/2024,14/09/2024,1201.92,HAD6XE9,Appartement ∙ 1 chambre ∙ 2 personnes,Zermatt - Valais
09/05/2024,14/09/2024,21/09/2024,1201.92,HAD6XE9,Appartement ∙ 1 chambre ∙ 2 personnes,Zermatt - Valais
09/05/2024,21/09/2024,28/09/2024,1201.92,HAD6XE9,Appartement ∙ 1 chambre ∙ 2 personnes,Zermatt - Valais
09/05/2024,28/09/2024,05/10/2024,1201.92,HAD6XE9,Appartement ∙ 1 chambre ∙ 2 personnes,Zermatt - Valais
09/05/2024,05/10/2024,12/10/2024,1201.92,HAD6XE9,Appartement ∙ 1 chambre ∙ 2 personnes,Zermatt - Valais
09/05/2024,12/10/2024,19/10/2024,1201.92,HAD6XE9,Appartement ∙ 1 chambre ∙ 2 personnes,Zermatt - Valais
09/05/2024,19/10/2024,26/10/2024,1201.92,HAD6XE9,Appartement ∙ 1 chambre ∙ 2 personnes,Zermatt - Valais
09/05/2024,26/10/2024,02/11/2024,1201.92,HAD6XE9,Appartement ∙ 1 chambre ∙ 2 personnes,Zermatt - Valais
09/05/2024,11/05/2024,18/05/2024,709.06,HZBKT4X,35 m² Appartement ∙ 1 chambre ∙ 2 personnes,Verbier - Bagnes - Valais
09/05/2024,18/05/2024,25/05/2024,709.06,HZBKT4X,35 m² Appartement ∙ 1 chambre ∙ 2 personnes,Verbier - Bagnes - Valais
09/05/2024,25/05/2024,01/06/2024,709.06,HZBKT4X,35 m² Appartement ∙ 1 chambre ∙ 2 personnes,Verbier - Bagnes - Valais
09/05/2024,01/06/2024,08/06/2024,709.06,HZBKT4X,35 m² Appartement ∙ 1 chambre ∙ 2 personnes,Verbier - Bagnes - Valais
09/05/2024,08/06/2024,15/06/2024,709.06,HZBKT4X,35 m² Appartement ∙ 1 chambre ∙ 2 personnes,Verbier - Bagnes - Valais
09/05/2024,15/06/2024,22/06/2024,709.06,HZBKT4X,35 m² Appartement ∙ 1 chambre ∙ 2 personnes,Verbier - Bagnes - Valais
09/05/2024,22/06/2024,29/06/2024,709.06,HZBKT4X,35 m² Appartement ∙ 1 chambre ∙ 2 personnes,Verbier - Bagnes - Valais
09/05/2024,13/07/2024,20/07/2024,865.83,HZBKT4X,35 m² Appartement ∙ 1 chambre ∙ 2 personnes,Verbier - Bagnes - Valais
09/05/2024,03/08/2024,10/08/2024,827.92,HZBKT4X,35 m² Appartement ∙ 1 chambre ∙ 2 personnes,Verbier - Bagnes - Valais
09/05/2024,10/08/2024,17/08/2024,709.06,HZBKT4X,35 m² Appartement ∙ 1 chambre ∙ 2 personnes,Verbier - Bagnes - Valais
09/05/2024,17/08/2024,24/08/2024,709.06,HZBKT4X,35 m² Appartement ∙ 1 chambre ∙ 2 personnes,Verbier - Bagnes - Valais
09/05/2024,21/09/2024,28/09/2024,709.06,HZBKT4X,35 m² Appartement ∙ 1 chambre ∙ 2 personnes,Verbier - Bagnes - Valais
09/05/2024,28/09/2024,05/10/2024,709.06,HZBKT4X,35 m² Appartement ∙ 1 chambre ∙ 2 personnes,Verbier - Bagnes - Valais
09/05/2024,05/10/2024,12/10/2024,709.06,HZBKT4X,35 m² Appartement ∙ 1 chambre ∙ 2 personnes,Verbier - Bagnes - Valais
09/05/2024,12/10/2024,19/10/2024,709.06,HZBKT4X,35 m² Appartement ∙ 1 chambre ∙ 2 personnes,Verbier - Bagnes - Valais
09/05/2024,19/10/2024,26/10/2024,709.06,HZBKT4X,35 m² Appartement ∙ 1 chambre ∙ 2 personnes,Verbier - Bagnes - Valais
09/05/2024,26/10/2024,02/11/2024,709.06,HZBKT4X,35 m² Appartement ∙ 1 chambre ∙ 2 personnes,Verbier - Bagnes - Valais
09/05/2024,11/05/2024,18/05/2024,570.65,HN8E36T,Appartement ∙ 1 chambre ∙ 2 personnes,Saas Grund - Valais
09/05/2024,18/05/2024,25/05/2024,570.65,HN8E36T,Appartement ∙ 1 chambre ∙ 2 personnes,Saas Grund - Valais
09/05/2024,25/05/2024,01/06/2024,570.65,HN8E36T,Appartement ∙ 1 chambre ∙ 2 personnes,Saas Grund - Valais
09/05/2024,07/09/2024,14/09/2024,570.65,HN8E36T,Appartement ∙ 1 chambre ∙ 2 personnes,Saas Grund - Valais
09/05/2024,21/09/2024,28/09/2024,570.65,HN8E36T,Appartement ∙ 1 chambre ∙ 2 personnes,Saas Grund - Valais
09/05/2024,28/09/2024,05/10/2024,570.65,HN8E36T,Appartement ∙ 1 chambre ∙ 2 personnes,Saas Grund - Valais
09/05/2024,05/10/2024,12/10/2024,570.65,HN8E36T,Appartement ∙ 1 chambre ∙ 2 personnes,Saas Grund - Valais
09/05/2024,12/10/2024,19/10/2024,570.65,HN8E36T,Appartement ∙ 1 chambre ∙ 2 personnes,Saas Grund - Valais
09/05/2024,19/10/2024,26/10/2024,570.65,HN8E36T,Appartement ∙ 1 chambre ∙ 2 personnes,Saas Grund - Valais
09/05/2024,26/10/2024,02/11/2024,570.65,HN8E36T,Appartement ∙ 1 chambre ∙ 2 personnes,Saas Grund - Valais
09/05/2024,11/05/2024,18/05/2024,411.54,H3ZFHGR,65 m² Appartement ∙ 2 chambres ∙ 4 personnes,Fieschertal - Valais
09/05/2024,18/05/2024,25/05/2024,426.98,H3ZFHGR,65 m² Appartement ∙ 2 chambres ∙ 4 personnes,Fieschertal - Valais
09/05/2024,25/05/2024,01/06/2024,426.98,H3ZFHGR,65 m² Appartement ∙ 2 chambres ∙ 4 personnes,Fieschertal - Valais
09/05/2024,01/06/2024,08/06/2024,430.96,H3ZFHGR,65 m² Appartement ∙ 2 chambres ∙ 4 personnes,Fieschertal - Valais
09/05/2024,08/06/2024,15/06/2024,549.38,H3ZFHGR,65 m² Appartement ∙ 2 chambres ∙ 4 personnes,Fieschertal - Valais
09/05/2024,29/06/2024,06/07/2024,744.41,H3ZFHGR,65 m² Appartement ∙ 2 chambres ∙ 4 personnes,Fieschertal - Valais
09/05/2024,06/07/2024,13/07/2024,653.01,H3ZFHGR,65 m² Appartement ∙ 2 chambres ∙ 4 personnes,Fieschertal - Valais
09/05/2024,13/07/2024,20/07/2024,653.01,H3ZFHGR,65 m² Appartement ∙ 2 chambres ∙ 4 personnes,Fieschertal - Valais
09/05/2024,10/08/2024,17/08/2024,653.01,H3ZFHGR,65 m² Appartement ∙ 2 chambres ∙ 4 personnes,Fieschertal - Valais
09/05/2024,17/08/2024,24/08/2024,653.01,H3ZFHGR,65 m² Appartement ∙ 2 chambres ∙ 4 personnes,Fieschertal - Valais
09/05/2024,24/08/2024,31/08/2024,549.38,H3ZFHGR,65 m² Appartement ∙ 2 chambres ∙ 4 personnes,Fieschertal - Valais
09/05/2024,31/08/2024,07/09/2024,626.21,H3ZFHGR,65 m² Appartement ∙ 2 chambres ∙ 4 personnes,Fieschertal - Valais
09/05/2024,07/09/2024,14/09/2024,549.38,H3ZFHGR,65 m² Appartement ∙ 2 chambres ∙ 4 personnes,Fieschertal - Valais
09/05/2024,14/09/2024,21/09/2024,549.38,H3ZFHGR,65 m² Appartement ∙ 2 chambres ∙ 4 personnes,Fieschertal - Valais
09/05/2024,21/09/2024,28/09/2024,549.38,H3ZFHGR,65 m² Appartement ∙ 2 chambres ∙ 4 personnes,Fieschertal - Valais
09/05/2024,28/09/2024,05/10/2024,626.21,H3ZFHGR,65 m² Appartement ∙ 2 chambres ∙ 4 personnes,Fieschertal - Valais
09/05/2024,05/10/2024,12/10/2024,626.21,H3ZFHGR,65 m² Appartement ∙ 2 chambres ∙ 4 personnes,Fieschertal - Valais
09/05/2024,12/10/2024,19/10/2024,626.21,H3ZFHGR,65 m² Appartement ∙ 2 chambres ∙ 4 personnes,Fieschertal - Valais
09/05/2024,19/10/2024,26/10/2024,626.21,H3ZFHGR,65 m² Appartement ∙ 2 chambres ∙ 4 personnes,Fieschertal - Valais
09/05/2024,26/10/2024,02/11/2024,626.21,H3ZFHGR,65 m² Appartement ∙ 2 chambres ∙ 4 personnes,Fieschertal - Valais
09/05/2024,18/05/2024,25/05/2024,728.59,HVKT9L6,69 m² Appartement ∙ 2 chambres ∙ 6 personnes,Saas Grund - Valais
09/05/2024,25/05/2024,01/06/2024,728.59,HVKT9L6,69 m² Appartement ∙ 2 chambres ∙ 6 personnes,Saas Grund - Valais
09/05/2024,01/06/2024,08/06/2024,728.59,HVKT9L6,69 m² Appartement ∙ 2 chambres ∙ 6 personnes,Saas Grund - Valais
09/05/2024,08/06/2024,15/06/2024,903.24,HVKT9L6,69 m² Appartement ∙ 2 chambres ∙ 6 personnes,Saas Grund - Valais
09/05/2024,15/06/2024,22/06/2024,903.24,HVKT9L6,69 m² Appartement ∙ 2 chambres ∙ 6 personnes,Saas Grund - Valais
09/05/2024,22/06/2024,29/06/2024,903.24,HVKT9L6,69 m² Appartement ∙ 2 chambres ∙ 6 personnes,Saas Grund - Valais
09/05/2024,29/06/2024,06/07/2024,1027.46,HVKT9L6,69 m² Appartement ∙ 2 chambres ∙ 6 personnes,Saas Grund - Valais
09/05/2024,14/09/2024,21/09/2024,903.24,HVKT9L6,69 m² Appartement ∙ 2 chambres ∙ 6 personnes,Saas Grund - Valais
09/05/2024,21/09/2024,28/09/2024,903.24,HVKT9L6,69 m² Appartement ∙ 2 chambres ∙ 6 personnes,Saas Grund - Valais
09/05/2024,28/09/2024,05/10/2024,728.59,HVKT9L6,69 m² Appartement ∙ 2 chambres ∙ 6 personnes,Saas Grund - Valais
09/05/2024,05/10/2024,12/10/2024,728.59,HVKT9L6,69 m² Appartement ∙ 2 chambres ∙ 6 personnes,Saas Grund - Valais
09/05/2024,12/10/2024,19/10/2024,728.59,HVKT9L6,69 m² Appartement ∙ 2 chambres ∙ 6 personnes,Saas Grund - Valais
09/05/2024,19/10/2024,26/10/2024,728.59,HVKT9L6,69 m² Appartement ∙ 2 chambres ∙ 6 personnes,Saas Grund - Valais
09/05/2024,26/10/2024,02/11/2024,728.59,HVKT9L6,69 m² Appartement ∙ 2 chambres ∙ 6 personnes,Saas Grund - Valais
09/05/2024,25/05/2024,01/06/2024,573.80,HDC1GA6,85 m² Appartement ∙ 2 chambres ∙ 5 personnes,Saas Grund - Valais
09/05/2024,01/06/2024,08/06/2024,573.80,HDC1GA6,85 m² Appartement ∙ 2 chambres ∙ 5 personnes,Saas Grund - Valais
09/05/2024,08/06/2024,15/06/2024,573.80,HDC1GA6,85 m² Appartement ∙ 2 chambres ∙ 5 personnes,Saas Grund - Valais
09/05/2024,07/09/2024,14/09/2024,753.11,HDC1GA6,85 m² Appartement ∙ 2 chambres ∙ 5 personnes,Saas Grund - Valais
09/05/2024,14/09/2024,21/09/2024,753.11,HDC1GA6,85 m² Appartement ∙ 2 chambres ∙ 5 personnes,Saas Grund - Valais
09/05/2024,21/09/2024,28/09/2024,753.11,HDC1GA6,85 m² Appartement ∙ 2 chambres ∙ 5 personnes,Saas Grund - Valais
09/05/2024,28/09/2024,05/10/2024,573.80,HDC1GA6,85 m² Appartement ∙ 2 chambres ∙ 5 personnes,Saas Grund - Valais
09/05/2024,05/10/2024,12/10/2024,573.80,HDC1GA6,85 m² Appartement ∙ 2 chambres ∙ 5 personnes,Saas Grund - Valais
09/05/2024,12/10/2024,19/10/2024,573.80,HDC1GA6,85 m² Appartement ∙ 2 chambres ∙ 5 personnes,Saas Grund - Valais
09/05/2024,19/10/2024,26/10/2024,573.80,HDC1GA6,85 m² Appartement ∙ 2 chambres ∙ 5 personnes,Saas Grund - Valais
09/05/2024,26/10/2024,02/11/2024,573.80,HDC1GA6,85 m² Appartement ∙ 2 chambres ∙ 5 personnes,Saas Grund - Valais
09/05/2024,11/05/2024,18/05/2024,820.75,HTRK21C,55 m² Appartement ∙ 1 chambre ∙ 4 personnes,Zermatt - Valais
09/05/2024,18/05/2024,25/05/2024,820.75,HTRK21C,55 m² Appartement ∙ 1 chambre ∙ 4 personnes,Zermatt - Valais
09/05/2024,25/05/2024,01/06/2024,1093.30,HTRK21C,55 m² Appartement ∙ 1 chambre ∙ 4 personnes,Zermatt - Valais
09/05/2024,01/06/2024,08/06/2024,1093.30,HTRK21C,55 m² Appartement ∙ 1 chambre ∙ 4 personnes,Zermatt - Valais
09/05/2024,08/06/2024,15/06/2024,1093.30,HTRK21C,55 m² Appartement ∙ 1 chambre ∙ 4 personnes,Zermatt - Valais
09/05/2024,22/06/2024,29/06/2024,1093.30,HTRK21C,55 m² Appartement ∙ 1 chambre ∙ 4 personnes,Zermatt - Valais
09/05/2024,31/08/2024,07/09/2024,1093.30,HTRK21C,55 m² Appartement ∙ 1 chambre ∙ 4 personnes,Zermatt - Valais
09/05/2024,07/09/2024,14/09/2024,1093.30,HTRK21C,55 m² Appartement ∙ 1 chambre ∙ 4 personnes,Zermatt - Valais
09/05/2024,14/09/2024,21/09/2024,1093.30,HTRK21C,55 m² Appartement ∙ 1 chambre ∙ 4 personnes,Zermatt - Valais
09/05/2024,28/09/2024,05/10/2024,1093.30,HTRK21C,55 m² Appartement ∙ 1 chambre ∙ 4 personnes,Zermatt - Valais
09/05/2024,05/10/2024,12/10/2024,1093.30,HTRK21C,55 m² Appartement ∙ 1 chambre ∙ 4 personnes,Zermatt - Valais
09/05/2024,12/10/2024,19/10/2024,1093.30,HTRK21C,55 m² Appartement ∙ 1 chambre ∙ 4 personnes,Zermatt - Valais
09/05/2024,19/10/2024,26/10/2024,1093.30,HTRK21C,55 m² Appartement ∙ 1 chambre ∙ 4 personnes,Zermatt - Valais
09/05/2024,26/10/2024,02/11/2024,1093.30,HTRK21C,55 m² Appartement ∙ 1 chambre ∙ 4 personnes,Zermatt - Valais
09/05/2024,08/06/2024,15/06/2024,1032.85,HKX6L7D,76 m² Appartement ∙ 2 chambres ∙ 6 personnes,Saas Fee - Valais
09/05/2024,15/06/2024,22/06/2024,1032.85,HKX6L7D,76 m² Appartement ∙ 2 chambres ∙ 6 personnes,Saas Fee - Valais
09/05/2024,22/06/2024,29/06/2024,1032.85,HKX6L7D,76 m² Appartement ∙ 2 chambres ∙ 6 personnes,Saas Fee - Valais
09/05/2024,29/06/2024,06/07/2024,1032.85,HKX6L7D,76 m² Appartement ∙ 2 chambres ∙ 6 personnes,Saas Fee - Valais
09/05/2024,06/07/2024,13/07/2024,1359.71,HKX6L7D,76 m² Appartement ∙ 2 chambres ∙ 6 personnes,Saas Fee - Valais
09/05/2024,13/07/2024,20/07/2024,1359.71,HKX6L7D,76 m² Appartement ∙ 2 chambres ∙ 6 personnes,Saas Fee - Valais
09/05/2024,17/08/2024,24/08/2024,1359.71,HKX6L7D,76 m² Appartement ∙ 2 chambres ∙ 6 personnes,Saas Fee - Valais
09/05/2024,31/08/2024,07/09/2024,1079.98,HKX6L7D,76 m² Appartement ∙ 2 chambres ∙ 6 personnes,Saas Fee - Valais
09/05/2024,07/09/2024,14/09/2024,1079.98,HKX6L7D,76 m² Appartement ∙ 2 chambres ∙ 6 personnes,Saas Fee - Valais
09/05/2024,14/09/2024,21/09/2024,1079.98,HKX6L7D,76 m² Appartement ∙ 2 chambres ∙ 6 personnes,Saas Fee - Valais
09/05/2024,21/09/2024,28/09/2024,1079.98,HKX6L7D,76 m² Appartement ∙ 2 chambres ∙ 6 personnes,Saas Fee - Valais
09/05/2024,28/09/2024,05/10/2024,1079.98,HKX6L7D,76 m² Appartement ∙ 2 chambres ∙ 6 personnes,Saas Fee - Valais
09/05/2024,05/10/2024,12/10/2024,1079.98,HKX6L7D,76 m² Appartement ∙ 2 chambres ∙ 6 personnes,Saas Fee - Valais
09/05/2024,01/06/2024,08/06/2024,943.98,HS2KFP4,65 m² Appartement ∙ 2 chambres ∙ 4 personnes,Saas Fee - Valais
09/05/2024,08/06/2024,15/06/2024,943.98,HS2KFP4,65 m² Appartement ∙ 2 chambres ∙ 4 personnes,Saas Fee - Valais
09/05/2024,15/06/2024,22/06/2024,943.98,HS2KFP4,65 m² Appartement ∙ 2 chambres ∙ 4 personnes,Saas Fee - Valais
09/05/2024,22/06/2024,29/06/2024,943.98,HS2KFP4,65 m² Appartement ∙ 2 chambres ∙ 4 personnes,Saas Fee - Valais
09/05/2024,31/08/2024,07/09/2024,943.98,HS2KFP4,65 m² Appartement ∙ 2 chambres ∙ 4 personnes,Saas Fee - Valais
09/05/2024,19/10/2024,26/10/2024,943.95,HS2KFP4,65 m² Appartement ∙ 2 chambres ∙ 4 personnes,Saas Fee - Valais
09/05/2024,26/10/2024,02/11/2024,943.95,HS2KFP4,65 m² Appartement ∙ 2 chambres ∙ 4 personnes,Saas Fee - Valais
09/05/2024,29/06/2024,06/07/2024,415.99,HWXCATN,Rosablanche C25,Rosablanche C25Nendaz - Valais
09/05/2024,06/07/2024,13/07/2024,415.99,HWXCATN,Rosablanche C25,Rosablanche C25Nendaz - Valais
09/05/2024,13/07/2024,20/07/2024,415.99,HWXCATN,Rosablanche C25,Rosablanche C25Nendaz - Valais
09/05/2024,20/07/2024,27/07/2024,489.77,HWXCATN,Rosablanche C25,Rosablanche C25Nendaz - Valais
09/05/2024,27/07/2024,03/08/2024,489.77,HWXCATN,Rosablanche C25,Rosablanche C25Nendaz - Valais
09/05/2024,03/08/2024,10/08/2024,489.77,HWXCATN,Rosablanche C25,Rosablanche C25Nendaz - Valais
09/05/2024,10/08/2024,17/08/2024,489.77,HWXCATN,Rosablanche C25,Rosablanche C25Nendaz - Valais
09/05/2024,17/08/2024,24/08/2024,415.99,HWXCATN,Rosablanche C25,Rosablanche C25Nendaz - Valais
09/05/2024,24/08/2024,31/08/2024,415.99,HWXCATN,Rosablanche C25,Rosablanche C25Nendaz - Valais
09/05/2024,31/08/2024,07/09/2024,415.99,HWXCATN,Rosablanche C25,Rosablanche C25Nendaz - Valais
09/05/2024,07/09/2024,14/09/2024,415.99,HWXCATN,Rosablanche C25,Rosablanche C25Nendaz - Valais
09/05/2024,14/09/2024,21/09/2024,415.99,HWXCATN,Rosablanche C25,Rosablanche C25Nendaz - Valais
09/05/2024,11/05/2024,18/05/2024,548.17,HUSVZEJ,65 m² Appartement ∙ 1 chambre ∙ 4 personnes,Loèche-les-Bains - Valais
09/05/2024,18/05/2024,25/05/2024,548.17,HUSVZEJ,65 m² Appartement ∙ 1 chambre ∙ 4 personnes,Loèche-les-Bains - Valais
09/05/2024,25/05/2024,01/06/2024,714.16,HUSVZEJ,65 m² Appartement ∙ 1 chambre ∙ 4 personnes,Loèche-les-Bains - Valais
09/05/2024,01/06/2024,08/06/2024,714.16,HUSVZEJ,65 m² Appartement ∙ 1 chambre ∙ 4 personnes,Loèche-les-Bains - Valais
09/05/2024,08/06/2024,15/06/2024,714.16,HUSVZEJ,65 m² Appartement ∙ 1 chambre ∙ 4 personnes,Loèche-les-Bains - Valais
09/05/2024,06/07/2024,13/07/2024,923.18,HUSVZEJ,65 m² Appartement ∙ 1 chambre ∙ 4 personnes,Loèche-les-Bains - Valais
09/05/2024,13/07/2024,20/07/2024,923.18,HUSVZEJ,65 m² Appartement ∙ 1 chambre ∙ 4 personnes,Loèche-les-Bains - Valais
09/05/2024,20/07/2024,27/07/2024,923.18,HUSVZEJ,65 m² Appartement ∙ 1 chambre ∙ 4 personnes,Loèche-les-Bains - Valais
09/05/2024,27/07/2024,03/08/2024,923.18,HUSVZEJ,65 m² Appartement ∙ 1 chambre ∙ 4 personnes,Loèche-les-Bains - Valais
09/05/2024,03/08/2024,10/08/2024,923.18,HUSVZEJ,65 m² Appartement ∙ 1 chambre ∙ 4 personnes,Loèche-les-Bains - Valais
09/05/2024,10/08/2024,17/08/2024,923.18,HUSVZEJ,65 m² Appartement ∙ 1 chambre ∙ 4 personnes,Loèche-les-Bains - Valais
09/05/2024,17/08/2024,24/08/2024,818.67,HUSVZEJ,65 m² Appartement ∙ 1 chambre ∙ 4 personnes,Loèche-les-Bains - Valais
09/05/2024,24/08/2024,31/08/2024,818.67,HUSVZEJ,65 m² Appartement ∙ 1 chambre ∙ 4 personnes,Loèche-les-Bains - Valais
09/05/2024,31/08/2024,07/09/2024,818.67,HUSVZEJ,65 m² Appartement ∙ 1 chambre ∙ 4 personnes,Loèche-les-Bains - Valais
09/05/2024,07/09/2024,14/09/2024,818.67,HUSVZEJ,65 m² Appartement ∙ 1 chambre ∙ 4 personnes,Loèche-les-Bains - Valais
09/05/2024,14/09/2024,21/09/2024,818.67,HUSVZEJ,65 m² Appartement ∙ 1 chambre ∙ 4 personnes,Loèche-les-Bains - Valais
09/05/2024,21/09/2024,28/09/2024,714.16,HUSVZEJ,65 m² Appartement ∙ 1 chambre ∙ 4 personnes,Loèche-les-Bains - Valais
09/05/2024,28/09/2024,05/10/2024,714.16,HUSVZEJ,65 m² Appartement ∙ 1 chambre ∙ 4 personnes,Loèche-les-Bains - Valais
09/05/2024,05/10/2024,12/10/2024,714.16,HUSVZEJ,65 m² Appartement ∙ 1 chambre ∙ 4 personnes,Loèche-les-Bains - Valais
09/05/2024,12/10/2024,19/10/2024,714.16,HUSVZEJ,65 m² Appartement ∙ 1 chambre ∙ 4 personnes,Loèche-les-Bains - Valais
09/05/2024,19/10/2024,26/10/2024,714.16,HUSVZEJ,65 m² Appartement ∙ 1 chambre ∙ 4 personnes,Loèche-les-Bains - Valais
09/05/2024,26/10/2024,02/11/2024,714.16,HUSVZEJ,65 m² Appartement ∙ 1 chambre ∙ 4 personnes,Loèche-les-Bains - Valais
09/05/2024,11/05/2024,18/05/2024,430.34,HUA69JL,Appartement ∙ 1 chambre ∙ 2 personnes,Grächen - Valais
09/05/2024,18/05/2024,25/05/2024,430.34,HUA69JL,Appartement ∙ 1 chambre ∙ 2 personnes,Grächen - Valais
09/05/2024,25/05/2024,01/06/2024,430.34,HUA69JL,Appartement ∙ 1 chambre ∙ 2 personnes,Grächen - Valais
09/05/2024,01/06/2024,08/06/2024,430.34,HUA69JL,Appartement ∙ 1 chambre ∙ 2 personnes,Grächen - Valais
09/05/2024,08/06/2024,15/06/2024,430.34,HUA69JL,Appartement ∙ 1 chambre ∙ 2 personnes,Grächen - Valais
09/05/2024,15/06/2024,22/06/2024,430.34,HUA69JL,Appartement ∙ 1 chambre ∙ 2 personnes,Grächen - Valais
09/05/2024,22/06/2024,29/06/2024,430.34,HUA69JL,Appartement ∙ 1 chambre ∙ 2 personnes,Grächen - Valais
09/05/2024,29/06/2024,06/07/2024,430.34,HUA69JL,Appartement ∙ 1 chambre ∙ 2 personnes,Grächen - Valais
09/05/2024,17/08/2024,24/08/2024,430.34,HUA69JL,Appartement ∙ 1 chambre ∙ 2 personnes,Grächen - Valais
09/05/2024,28/09/2024,05/10/2024,430.34,HUA69JL,Appartement ∙ 1 chambre ∙ 2 personnes,Grächen - Valais
09/05/2024,05/10/2024,12/10/2024,430.34,HUA69JL,Appartement ∙ 1 chambre ∙ 2 personnes,Grächen - Valais
09/05/2024,12/10/2024,19/10/2024,430.34,HUA69JL,Appartement ∙ 1 chambre ∙ 2 personnes,Grächen - Valais
09/05/2024,19/10/2024,26/10/2024,430.34,HUA69JL,Appartement ∙ 1 chambre ∙ 2 personnes,Grächen - Valais
09/05/2024,26/10/2024,02/11/2024,430.34,HUA69JL,Appartement ∙ 1 chambre ∙ 2 personnes,Grächen - Valais
09/05/2024,08/06/2024,15/06/2024,430.34,HG2HWVL,43 m² Appartement ∙ 1 chambre ∙ 5 personnes,Loèche-les-Bains - Valais
09/05/2024,22/06/2024,29/06/2024,430.34,HG2HWVL,43 m² Appartement ∙ 1 chambre ∙ 5 personnes,Loèche-les-Bains - Valais
09/05/2024,13/07/2024,20/07/2024,602.48,HG2HWVL,43 m² Appartement ∙ 1 chambre ∙ 5 personnes,Loèche-les-Bains - Valais
09/05/2024,20/07/2024,27/07/2024,602.48,HG2HWVL,43 m² Appartement ∙ 1 chambre ∙ 5 personnes,Loèche-les-Bains - Valais
09/05/2024,10/08/2024,17/08/2024,602.48,HG2HWVL,43 m² Appartement ∙ 1 chambre ∙ 5 personnes,Loèche-les-Bains - Valais
09/05/2024,17/08/2024,24/08/2024,602.48,HG2HWVL,43 m² Appartement ∙ 1 chambre ∙ 5 personnes,Loèche-les-Bains - Valais
09/05/2024,24/08/2024,31/08/2024,602.48,HG2HWVL,43 m² Appartement ∙ 1 chambre ∙ 5 personnes,Loèche-les-Bains - Valais
09/05/2024,31/08/2024,07/09/2024,454.93,HG2HWVL,43 m² Appartement ∙ 1 chambre ∙ 5 personnes,Loèche-les-Bains - Valais
09/05/2024,07/09/2024,14/09/2024,430.34,HG2HWVL,43 m² Appartement ∙ 1 chambre ∙ 5 personnes,Loèche-les-Bains - Valais
09/05/2024,21/09/2024,28/09/2024,430.34,HG2HWVL,43 m² Appartement ∙ 1 chambre ∙ 5 personnes,Loèche-les-Bains - Valais
09/05/2024,28/09/2024,05/10/2024,430.34,HG2HWVL,43 m² Appartement ∙ 1 chambre ∙ 5 personnes,Loèche-les-Bains - Valais
09/05/2024,05/10/2024,12/10/2024,430.34,HG2HWVL,43 m² Appartement ∙ 1 chambre ∙ 5 personnes,Loèche-les-Bains - Valais
09/05/2024,12/10/2024,19/10/2024,430.34,HG2HWVL,43 m² Appartement ∙ 1 chambre ∙ 5 personnes,Loèche-les-Bains - Valais
09/05/2024,19/10/2024,26/10/2024,430.34,HG2HWVL,43 m² Appartement ∙ 1 chambre ∙ 5 personnes,Loèche-les-Bains - Valais
09/05/2024,26/10/2024,02/11/2024,430.34,HG2HWVL,43 m² Appartement ∙ 1 chambre ∙ 5 personnes,Loèche-les-Bains - Valais
09/05/2024,25/05/2024,01/06/2024,353.02,HAKZ4T8,25 m² Appartement ∙ 1 chambre ∙ 2 personnes,Saas-Balen - Valais
09/05/2024,22/06/2024,29/06/2024,353.02,HAKZ4T8,25 m² Appartement ∙ 1 chambre ∙ 2 personnes,Saas-Balen - Valais
09/05/2024,07/09/2024,14/09/2024,353.02,HAKZ4T8,25 m² Appartement ∙ 1 chambre ∙ 2 personnes,Saas-Balen - Valais
09/05/2024,14/09/2024,21/09/2024,353.02,HAKZ4T8,25 m² Appartement ∙ 1 chambre ∙ 2 personnes,Saas-Balen - Valais
09/05/2024,21/09/2024,28/09/2024,353.02,HAKZ4T8,25 m² Appartement ∙ 1 chambre ∙ 2 personnes,Saas-Balen - Valais
09/05/2024,28/09/2024,05/10/2024,353.02,HAKZ4T8,25 m² Appartement ∙ 1 chambre ∙ 2 personnes,Saas-Balen - Valais
09/05/2024,05/10/2024,12/10/2024,353.02,HAKZ4T8,25 m² Appartement ∙ 1 chambre ∙ 2 personnes,Saas-Balen - Valais
09/05/2024,19/10/2024,26/10/2024,353.02,HAKZ4T8,25 m² Appartement ∙ 1 chambre ∙ 2 personnes,Saas-Balen - Valais
09/05/2024,26/10/2024,02/11/2024,353.02,HAKZ4T8,25 m² Appartement ∙ 1 chambre ∙ 2 personnes,Saas-Balen - Valais
09/05/2024,11/05/2024,18/05/2024,642.65,HUWM1TN,60 m² Appartement ∙ 2 chambres ∙ 4 personnes,Grächen - Valais
09/05/2024,18/05/2024,25/05/2024,642.65,HUWM1TN,60 m² Appartement ∙ 2 chambres ∙ 4 personnes,Grächen - Valais
09/05/2024,25/05/2024,01/06/2024,642.65,HUWM1TN,60 m² Appartement ∙ 2 chambres ∙ 4 personnes,Grächen - Valais
09/05/2024,01/06/2024,08/06/2024,642.65,HUWM1TN,60 m² Appartement ∙ 2 chambres ∙ 4 personnes,Grächen - Valais
09/05/2024,08/06/2024,15/06/2024,860.50,HUWM1TN,60 m² Appartement ∙ 2 chambres ∙ 4 personnes,Grächen - Valais
09/05/2024,15/06/2024,22/06/2024,947.64,HUWM1TN,60 m² Appartement ∙ 2 chambres ∙ 4 personnes,Grächen - Valais
09/05/2024,22/06/2024,29/06/2024,947.64,HUWM1TN,60 m² Appartement ∙ 2 chambres ∙ 4 personnes,Grächen - Valais
09/05/2024,29/06/2024,06/07/2024,947.64,HUWM1TN,60 m² Appartement ∙ 2 chambres ∙ 4 personnes,Grächen - Valais
09/05/2024,06/07/2024,13/07/2024,947.64,HUWM1TN,60 m² Appartement ∙ 2 chambres ∙ 4 personnes,Grächen - Valais
09/05/2024,13/07/2024,20/07/2024,947.64,HUWM1TN,60 m² Appartement ∙ 2 chambres ∙ 4 personnes,Grächen - Valais
09/05/2024,20/07/2024,27/07/2024,947.64,HUWM1TN,60 m² Appartement ∙ 2 chambres ∙ 4 personnes,Grächen - Valais
09/05/2024,03/08/2024,10/08/2024,947.64,HUWM1TN,60 m² Appartement ∙ 2 chambres ∙ 4 personnes,Grächen - Valais
09/05/2024,10/08/2024,17/08/2024,947.64,HUWM1TN,60 m² Appartement ∙ 2 chambres ∙ 4 personnes,Grächen - Valais
09/05/2024,17/08/2024,24/08/2024,947.64,HUWM1TN,60 m² Appartement ∙ 2 chambres ∙ 4 personnes,Grächen - Valais
09/05/2024,24/08/2024,31/08/2024,947.64,HUWM1TN,60 m² Appartement ∙ 2 chambres ∙ 4 personnes,Grächen - Valais
09/05/2024,14/09/2024,21/09/2024,718.90,HUWM1TN,60 m² Appartement ∙ 2 chambres ∙ 4 personnes,Grächen - Valais
09/05/2024,21/09/2024,28/09/2024,718.90,HUWM1TN,60 m² Appartement ∙ 2 chambres ∙ 4 personnes,Grächen - Valais
09/05/2024,12/10/2024,19/10/2024,718.90,HUWM1TN,60 m² Appartement ∙ 2 chambres ∙ 4 personnes,Grächen - Valais
09/05/2024,11/05/2024,18/05/2024,1291.02,H35KMHW,100 m² Appartement ∙ 3 chambres ∙ 6 personnes,Saas-Almagell - Valais
09/05/2024,18/05/2024,25/05/2024,1291.02,H35KMHW,100 m² Appartement ∙ 3 chambres ∙ 6 personnes,Saas-Almagell - Valais
09/05/2024,25/05/2024,01/06/2024,1291.02,H35KMHW,100 m² Appartement ∙ 3 chambres ∙ 6 personnes,Saas-Almagell - Valais
09/05/2024,01/06/2024,08/06/2024,1326.88,H35KMHW,100 m² Appartement ∙ 3 chambres ∙ 6 personnes,Saas-Almagell - Valais
09/05/2024,08/06/2024,15/06/2024,1326.88,H35KMHW,100 m² Appartement ∙ 3 chambres ∙ 6 personnes,Saas-Almagell - Valais
09/05/2024,15/06/2024,22/06/2024,1326.88,H35KMHW,100 m² Appartement ∙ 3 chambres ∙ 6 personnes,Saas-Almagell - Valais
09/05/2024,22/06/2024,29/06/2024,1326.88,H35KMHW,100 m² Appartement ∙ 3 chambres ∙ 6 personnes,Saas-Almagell - Valais
09/05/2024,29/06/2024,06/07/2024,1326.88,H35KMHW,100 m² Appartement ∙ 3 chambres ∙ 6 personnes,Saas-Almagell - Valais
09/05/2024,06/07/2024,13/07/2024,1326.88,H35KMHW,100 m² Appartement ∙ 3 chambres ∙ 6 personnes,Saas-Almagell - Valais
09/05/2024,13/07/2024,20/07/2024,1326.88,H35KMHW,100 m² Appartement ∙ 3 chambres ∙ 6 personnes,Saas-Almagell - Valais
09/05/2024,31/08/2024,07/09/2024,1326.88,H35KMHW,100 m² Appartement ∙ 3 chambres ∙ 6 personnes,Saas-Almagell - Valais
09/05/2024,07/09/2024,14/09/2024,1326.88,H35KMHW,100 m² Appartement ∙ 3 chambres ∙ 6 personnes,Saas-Almagell - Valais
09/05/2024,14/09/2024,21/09/2024,1326.88,H35KMHW,100 m² Appartement ∙ 3 chambres ∙ 6 personnes,Saas-Almagell - Valais
09/05/2024,21/09/2024,28/09/2024,1326.88,H35KMHW,100 m² Appartement ∙ 3 chambres ∙ 6 personnes,Saas-Almagell - Valais
09/05/2024,28/09/2024,05/10/2024,1326.88,H35KMHW,100 m² Appartement ∙ 3 chambres ∙ 6 personnes,Saas-Almagell - Valais
09/05/2024,05/10/2024,12/10/2024,1326.88,H35KMHW,100 m² Appartement ∙ 3 chambres ∙ 6 personnes,Saas-Almagell - Valais
09/05/2024,12/10/2024,19/10/2024,1326.88,H35KMHW,100 m² Appartement ∙ 3 chambres ∙ 6 personnes,Saas-Almagell - Valais
09/05/2024,19/10/2024,26/10/2024,1301.27,H35KMHW,100 m² Appartement ∙ 3 chambres ∙ 6 personnes,Saas-Almagell - Valais
09/05/2024,26/10/2024,02/11/2024,1291.02,H35KMHW,100 m² Appartement ∙ 3 chambres ∙ 6 personnes,Saas-Almagell - Valais
09/05/2024,15/06/2024,22/06/2024,625.02,H92RNFE,70 m² Appartement ∙ 1 chambre ∙ 4 personnes,Crans-Montana - Valais
09/05/2024,22/06/2024,29/06/2024,625.02,H92RNFE,70 m² Appartement ∙ 1 chambre ∙ 4 personnes,Crans-Montana - Valais
09/05/2024,13/07/2024,20/07/2024,886.29,H92RNFE,70 m² Appartement ∙ 1 chambre ∙ 4 personnes,Crans-Montana - Valais
09/05/2024,24/08/2024,31/08/2024,715.18,H92RNFE,70 m² Appartement ∙ 1 chambre ∙ 4 personnes,Crans-Montana - Valais
09/05/2024,21/09/2024,28/09/2024,715.18,H92RNFE,70 m² Appartement ∙ 1 chambre ∙ 4 personnes,Crans-Montana - Valais
09/05/2024,28/09/2024,05/10/2024,715.18,H92RNFE,70 m² Appartement ∙ 1 chambre ∙ 4 personnes,Crans-Montana - Valais
09/05/2024,05/10/2024,12/10/2024,715.18,H92RNFE,70 m² Appartement ∙ 1 chambre ∙ 4 personnes,Crans-Montana - Valais
09/05/2024,12/10/2024,19/10/2024,715.18,H92RNFE,70 m² Appartement ∙ 1 chambre ∙ 4 personnes,Crans-Montana - Valais
09/05/2024,19/10/2024,26/10/2024,715.18,H92RNFE,70 m² Appartement ∙ 1 chambre ∙ 4 personnes,Crans-Montana - Valais
09/05/2024,26/10/2024,02/11/2024,715.18,H92RNFE,70 m² Appartement ∙ 1 chambre ∙ 4 personnes,Crans-Montana - Valais
09/05/2024,01/06/2024,08/06/2024,460.90,HFKCW65,36 m² Appartement ∙ 1 chambre ∙ 3 personnes,Saas Fee - Valais
09/05/2024,08/06/2024,15/06/2024,460.90,HFKCW65,36 m² Appartement ∙ 1 chambre ∙ 3 personnes,Saas Fee - Valais
09/05/2024,07/09/2024,14/09/2024,460.90,HFKCW65,36 m² Appartement ∙ 1 chambre ∙ 3 personnes,Saas Fee - Valais
09/05/2024,14/09/2024,21/09/2024,460.90,HFKCW65,36 m² Appartement ∙ 1 chambre ∙ 3 personnes,Saas Fee - Valais
09/05/2024,21/09/2024,28/09/2024,460.90,HFKCW65,36 m² Appartement ∙ 1 chambre ∙ 3 personnes,Saas Fee - Valais
09/05/2024,28/09/2024,05/10/2024,460.90,HFKCW65,36 m² Appartement ∙ 1 chambre ∙ 3 personnes,Saas Fee - Valais
09/05/2024,05/10/2024,12/10/2024,460.90,HFKCW65,36 m² Appartement ∙ 1 chambre ∙ 3 personnes,Saas Fee - Valais
09/05/2024,12/10/2024,19/10/2024,460.90,HFKCW65,36 m² Appartement ∙ 1 chambre ∙ 3 personnes,Saas Fee - Valais
09/05/2024,19/10/2024,26/10/2024,460.90,HFKCW65,36 m² Appartement ∙ 1 chambre ∙ 3 personnes,Saas Fee - Valais
09/05/2024,26/10/2024,02/11/2024,460.90,HFKCW65,36 m² Appartement ∙ 1 chambre ∙ 3 personnes,Saas Fee - Valais
09/05/2024,25/05/2024,01/06/2024,918.06,H7X4U2K,100 m² Appartement ∙ 3 chambres ∙ 5 personnes,Bürchen - Valais
09/05/2024,08/06/2024,15/06/2024,918.06,H7X4U2K,100 m² Appartement ∙ 3 chambres ∙ 5 personnes,Bürchen - Valais
09/05/2024,15/06/2024,22/06/2024,918.06,H7X4U2K,100 m² Appartement ∙ 3 chambres ∙ 5 personnes,Bürchen - Valais
09/05/2024,22/06/2024,29/06/2024,918.06,H7X4U2K,100 m² Appartement ∙ 3 chambres ∙ 5 personnes,Bürchen - Valais
09/05/2024,29/06/2024,06/07/2024,918.06,H7X4U2K,100 m² Appartement ∙ 3 chambres ∙ 5 personnes,Bürchen - Valais
09/05/2024,06/07/2024,13/07/2024,1127.08,H7X4U2K,100 m² Appartement ∙ 3 chambres ∙ 5 personnes,Bürchen - Valais
09/05/2024,13/07/2024,20/07/2024,1127.08,H7X4U2K,100 m² Appartement ∙ 3 chambres ∙ 5 personnes,Bürchen - Valais
09/05/2024,31/08/2024,07/09/2024,978.51,H7X4U2K,100 m² Appartement ∙ 3 chambres ∙ 5 personnes,Bürchen - Valais
09/05/2024,07/09/2024,14/09/2024,978.51,H7X4U2K,100 m² Appartement ∙ 3 chambres ∙ 5 personnes,Bürchen - Valais
09/05/2024,14/09/2024,21/09/2024,978.51,H7X4U2K,100 m² Appartement ∙ 3 chambres ∙ 5 personnes,Bürchen - Valais
09/05/2024,21/09/2024,28/09/2024,918.06,H7X4U2K,100 m² Appartement ∙ 3 chambres ∙ 5 personnes,Bürchen - Valais
09/05/2024,28/09/2024,05/10/2024,918.06,H7X4U2K,100 m² Appartement ∙ 3 chambres ∙ 5 personnes,Bürchen - Valais
09/05/2024,05/10/2024,12/10/2024,918.06,H7X4U2K,100 m² Appartement ∙ 3 chambres ∙ 5 personnes,Bürchen - Valais
09/05/2024,12/10/2024,19/10/2024,918.06,H7X4U2K,100 m² Appartement ∙ 3 chambres ∙ 5 personnes,Bürchen - Valais
09/05/2024,19/10/2024,26/10/2024,918.06,H7X4U2K,100 m² Appartement ∙ 3 chambres ∙ 5 personnes,Bürchen - Valais
09/05/2024,26/10/2024,02/11/2024,918.06,H7X4U2K,100 m² Appartement ∙ 3 chambres ∙ 5 personnes,Bürchen - Valais
09/05/2024,13/07/2024,20/07/2024,975.43,HDZ085U,Appartement ∙ 1 chambre ∙ 2 personnes,Zermatt - Valais
09/05/2024,10/08/2024,17/08/2024,975.43,HDZ085U,Appartement ∙ 1 chambre ∙ 2 personnes,Zermatt - Valais
09/05/2024,31/08/2024,07/09/2024,975.43,HDZ085U,Appartement ∙ 1 chambre ∙ 2 personnes,Zermatt - Valais
09/05/2024,07/09/2024,14/09/2024,975.43,HDZ085U,Appartement ∙ 1 chambre ∙ 2 personnes,Zermatt - Valais
09/05/2024,14/09/2024,21/09/2024,738.74,HDZ085U,Appartement ∙ 1 chambre ∙ 2 personnes,Zermatt - Valais
09/05/2024,21/09/2024,28/09/2024,738.74,HDZ085U,Appartement ∙ 1 chambre ∙ 2 personnes,Zermatt - Valais
09/05/2024,28/09/2024,05/10/2024,738.74,HDZ085U,Appartement ∙ 1 chambre ∙ 2 personnes,Zermatt - Valais
09/05/2024,05/10/2024,12/10/2024,738.74,HDZ085U,Appartement ∙ 1 chambre ∙ 2 personnes,Zermatt - Valais
09/05/2024,12/10/2024,19/10/2024,738.74,HDZ085U,Appartement ∙ 1 chambre ∙ 2 personnes,Zermatt - Valais
09/05/2024,19/10/2024,26/10/2024,738.74,HDZ085U,Appartement ∙ 1 chambre ∙ 2 personnes,Zermatt - Valais
09/05/2024,26/10/2024,02/11/2024,738.74,HDZ085U,Appartement ∙ 1 chambre ∙ 2 personnes,Zermatt - Valais
09/05/2024,11/05/2024,18/05/2024,1100.17,HP1HT06,56 m² Appartement ∙ 2 chambres ∙ 5 personnes,Saas Fee - Valais
09/05/2024,18/05/2024,25/05/2024,1100.17,HP1HT06,56 m² Appartement ∙ 2 chambres ∙ 5 personnes,Saas Fee - Valais
09/05/2024,25/05/2024,01/06/2024,1100.17,HP1HT06,56 m² Appartement ∙ 2 chambres ∙ 5 personnes,Saas Fee - Valais
09/05/2024,01/06/2024,08/06/2024,1100.17,HP1HT06,56 m² Appartement ∙ 2 chambres ∙ 5 personnes,Saas Fee - Valais
09/05/2024,08/06/2024,15/06/2024,1100.17,HP1HT06,56 m² Appartement ∙ 2 chambres ∙ 5 personnes,Saas Fee - Valais
09/05/2024,15/06/2024,22/06/2024,1100.17,HP1HT06,56 m² Appartement ∙ 2 chambres ∙ 5 personnes,Saas Fee - Valais
09/05/2024,22/06/2024,29/06/2024,1100.17,HP1HT06,56 m² Appartement ∙ 2 chambres ∙ 5 personnes,Saas Fee - Valais
09/05/2024,13/07/2024,20/07/2024,1253.66,HP1HT06,56 m² Appartement ∙ 2 chambres ∙ 5 personnes,Saas Fee - Valais
09/05/2024,10/08/2024,17/08/2024,1192.26,HP1HT06,56 m² Appartement ∙ 2 chambres ∙ 5 personnes,Saas Fee - Valais
09/05/2024,24/08/2024,31/08/2024,1192.26,HP1HT06,56 m² Appartement ∙ 2 chambres ∙ 5 personnes,Saas Fee - Valais
09/05/2024,31/08/2024,07/09/2024,1192.26,HP1HT06,56 m² Appartement ∙ 2 chambres ∙ 5 personnes,Saas Fee - Valais
09/05/2024,07/09/2024,14/09/2024,1192.26,HP1HT06,56 m² Appartement ∙ 2 chambres ∙ 5 personnes,Saas Fee - Valais
09/05/2024,14/09/2024,21/09/2024,1192.26,HP1HT06,56 m² Appartement ∙ 2 chambres ∙ 5 personnes,Saas Fee - Valais
09/05/2024,21/09/2024,28/09/2024,1192.26,HP1HT06,56 m² Appartement ∙ 2 chambres ∙ 5 personnes,Saas Fee - Valais
09/05/2024,28/09/2024,05/10/2024,1192.26,HP1HT06,56 m² Appartement ∙ 2 chambres ∙ 5 personnes,Saas Fee - Valais
09/05/2024,05/10/2024,12/10/2024,1192.26,HP1HT06,56 m² Appartement ∙ 2 chambres ∙ 5 personnes,Saas Fee - Valais
09/05/2024,12/10/2024,19/10/2024,1192.26,HP1HT06,56 m² Appartement ∙ 2 chambres ∙ 5 personnes,Saas Fee - Valais
09/05/2024,19/10/2024,26/10/2024,1192.26,HP1HT06,56 m² Appartement ∙ 2 chambres ∙ 5 personnes,Saas Fee - Valais
09/05/2024,26/10/2024,02/11/2024,1192.26,HP1HT06,56 m² Appartement ∙ 2 chambres ∙ 5 personnes,Saas Fee - Valais
09/05/2024,03/08/2024,10/08/2024,582.00,HWC7KPZ,42 m² Appartement ∙ 1 chambre ∙ 4 personnes,Vex - Valais
09/05/2024,10/08/2024,17/08/2024,481.00,HWC7KPZ,42 m² Appartement ∙ 1 chambre ∙ 4 personnes,Vex - Valais
09/05/2024,17/08/2024,24/08/2024,481.00,HWC7KPZ,42 m² Appartement ∙ 1 chambre ∙ 4 personnes,Vex - Valais
09/05/2024,24/08/2024,31/08/2024,481.00,HWC7KPZ,42 m² Appartement ∙ 1 chambre ∙ 4 personnes,Vex - Valais
09/05/2024,31/08/2024,07/09/2024,481.00,HWC7KPZ,42 m² Appartement ∙ 1 chambre ∙ 4 personnes,Vex - Valais
09/05/2024,07/09/2024,14/09/2024,481.00,HWC7KPZ,42 m² Appartement ∙ 1 chambre ∙ 4 personnes,Vex - Valais
09/05/2024,14/09/2024,21/09/2024,481.00,HWC7KPZ,42 m² Appartement ∙ 1 chambre ∙ 4 personnes,Vex - Valais
09/05/2024,21/09/2024,28/09/2024,481.00,HWC7KPZ,42 m² Appartement ∙ 1 chambre ∙ 4 personnes,Vex - Valais
09/05/2024,28/09/2024,05/10/2024,481.00,HWC7KPZ,42 m² Appartement ∙ 1 chambre ∙ 4 personnes,Vex - Valais
09/05/2024,05/10/2024,12/10/2024,481.00,HWC7KPZ,42 m² Appartement ∙ 1 chambre ∙ 4 personnes,Vex - Valais
09/05/2024,12/10/2024,19/10/2024,481.00,HWC7KPZ,42 m² Appartement ∙ 1 chambre ∙ 4 personnes,Vex - Valais
09/05/2024,19/10/2024,26/10/2024,481.00,HWC7KPZ,42 m² Appartement ∙ 1 chambre ∙ 4 personnes,Vex - Valais
09/05/2024,22/06/2024,29/06/2024,1111.71,HXC34NB,85 m² Appartement ∙ 6 personnes,Termen - Valais
09/05/2024,29/06/2024,06/07/2024,1111.71,HXC34NB,85 m² Appartement ∙ 6 personnes,Termen - Valais
09/05/2024,20/07/2024,27/07/2024,1111.71,HXC34NB,85 m² Appartement ∙ 6 personnes,Termen - Valais
09/05/2024,03/08/2024,10/08/2024,1111.71,HXC34NB,85 m² Appartement ∙ 6 personnes,Termen - Valais
09/05/2024,24/08/2024,31/08/2024,1111.71,HXC34NB,85 m² Appartement ∙ 6 personnes,Termen - Valais
09/05/2024,31/08/2024,07/09/2024,1111.71,HXC34NB,85 m² Appartement ∙ 6 personnes,Termen - Valais
09/05/2024,07/09/2024,14/09/2024,1111.71,HXC34NB,85 m² Appartement ∙ 6 personnes,Termen - Valais
09/05/2024,14/09/2024,21/09/2024,1111.71,HXC34NB,85 m² Appartement ∙ 6 personnes,Termen - Valais
09/05/2024,21/09/2024,28/09/2024,1111.71,HXC34NB,85 m² Appartement ∙ 6 personnes,Termen - Valais
09/05/2024,28/09/2024,05/10/2024,1111.71,HXC34NB,85 m² Appartement ∙ 6 personnes,Termen - Valais
09/05/2024,05/10/2024,12/10/2024,1111.71,HXC34NB,85 m² Appartement ∙ 6 personnes,Termen - Valais
09/05/2024,18/05/2024,25/05/2024,553.29,H7YC4JN,68 m² Appartement ∙ 1 chambre ∙ 3 personnes,Crans-Montana - Valais
09/05/2024,20/07/2024,27/07/2024,946.75,H7YC4JN,68 m² Appartement ∙ 1 chambre ∙ 3 personnes,Crans-Montana - Valais
09/05/2024,18/05/2024,25/05/2024,1395.53,HF4KJ1R,120 m² Maison de vacances ∙ 4 chambres ∙ 8 personnes,Orsières - Valais
09/05/2024,03/08/2024,10/08/2024,2775.69,HF4KJ1R,120 m² Maison de vacances ∙ 4 chambres ∙ 8 personnes,Orsières - Valais
09/05/2024,14/09/2024,21/09/2024,1395.53,HF4KJ1R,120 m² Maison de vacances ∙ 4 chambres ∙ 8 personnes,Orsières - Valais
09/05/2024,21/09/2024,28/09/2024,1395.53,HF4KJ1R,120 m² Maison de vacances ∙ 4 chambres ∙ 8 personnes,Orsières - Valais
09/05/2024,28/09/2024,05/10/2024,1395.53,HF4KJ1R,120 m² Maison de vacances ∙ 4 chambres ∙ 8 personnes,Orsières - Valais
09/05/2024,05/10/2024,12/10/2024,1395.53,HF4KJ1R,120 m² Maison de vacances ∙ 4 chambres ∙ 8 personnes,Orsières - Valais
09/05/2024,12/10/2024,19/10/2024,1395.53,HF4KJ1R,120 m² Maison de vacances ∙ 4 chambres ∙ 8 personnes,Orsières - Valais
09/05/2024,19/10/2024,26/10/2024,1395.53,HF4KJ1R,120 m² Maison de vacances ∙ 4 chambres ∙ 8 personnes,Orsières - Valais
09/05/2024,11/05/2024,18/05/2024,503.49,HM8U7YW,38 m² Appartement ∙ 1 chambre ∙ 2 personnes,Loèche-les-Bains - Valais
09/05/2024,18/05/2024,25/05/2024,559.44,HM8U7YW,38 m² Appartement ∙ 1 chambre ∙ 2 personnes,Loèche-les-Bains - Valais
09/05/2024,25/05/2024,01/06/2024,559.44,HM8U7YW,38 m² Appartement ∙ 1 chambre ∙ 2 personnes,Loèche-les-Bains - Valais
09/05/2024,01/06/2024,08/06/2024,559.44,HM8U7YW,38 m² Appartement ∙ 1 chambre ∙ 2 personnes,Loèche-les-Bains - Valais
09/05/2024,08/06/2024,15/06/2024,531.47,HM8U7YW,38 m² Appartement ∙ 1 chambre ∙ 2 personnes,Loèche-les-Bains - Valais
09/05/2024,15/06/2024,22/06/2024,531.47,HM8U7YW,38 m² Appartement ∙ 1 chambre ∙ 2 personnes,Loèche-les-Bains - Valais
09/05/2024,22/06/2024,29/06/2024,531.47,HM8U7YW,38 m² Appartement ∙ 1 chambre ∙ 2 personnes,Loèche-les-Bains - Valais
09/05/2024,29/06/2024,06/07/2024,572.35,HM8U7YW,38 m² Appartement ∙ 1 chambre ∙ 2 personnes,Loèche-les-Bains - Valais
09/05/2024,06/07/2024,13/07/2024,572.35,HM8U7YW,38 m² Appartement ∙ 1 chambre ∙ 2 personnes,Loèche-les-Bains - Valais
09/05/2024,27/07/2024,03/08/2024,572.35,HM8U7YW,38 m² Appartement ∙ 1 chambre ∙ 2 personnes,Loèche-les-Bains - Valais
09/05/2024,03/08/2024,10/08/2024,572.35,HM8U7YW,38 m² Appartement ∙ 1 chambre ∙ 2 personnes,Loèche-les-Bains - Valais
09/05/2024,10/08/2024,17/08/2024,572.35,HM8U7YW,38 m² Appartement ∙ 1 chambre ∙ 2 personnes,Loèche-les-Bains - Valais
09/05/2024,17/08/2024,24/08/2024,572.35,HM8U7YW,38 m² Appartement ∙ 1 chambre ∙ 2 personnes,Loèche-les-Bains - Valais
09/05/2024,24/08/2024,31/08/2024,572.35,HM8U7YW,38 m² Appartement ∙ 1 chambre ∙ 2 personnes,Loèche-les-Bains - Valais
09/05/2024,31/08/2024,07/09/2024,572.35,HM8U7YW,38 m² Appartement ∙ 1 chambre ∙ 2 personnes,Loèche-les-Bains - Valais
09/05/2024,07/09/2024,14/09/2024,572.35,HM8U7YW,38 m² Appartement ∙ 1 chambre ∙ 2 personnes,Loèche-les-Bains - Valais
09/05/2024,14/09/2024,21/09/2024,572.35,HM8U7YW,38 m² Appartement ∙ 1 chambre ∙ 2 personnes,Loèche-les-Bains - Valais
09/05/2024,21/09/2024,28/09/2024,572.35,HM8U7YW,38 m² Appartement ∙ 1 chambre ∙ 2 personnes,Loèche-les-Bains - Valais
09/05/2024,28/09/2024,05/10/2024,572.35,HM8U7YW,38 m² Appartement ∙ 1 chambre ∙ 2 personnes,Loèche-les-Bains - Valais
09/05/2024,05/10/2024,12/10/2024,572.35,HM8U7YW,38 m² Appartement ∙ 1 chambre ∙ 2 personnes,Loèche-les-Bains - Valais
09/05/2024,12/10/2024,19/10/2024,572.35,HM8U7YW,38 m² Appartement ∙ 1 chambre ∙ 2 personnes,Loèche-les-Bains - Valais
09/05/2024,19/10/2024,26/10/2024,572.35,HM8U7YW,38 m² Appartement ∙ 1 chambre ∙ 2 personnes,Loèche-les-Bains - Valais
09/05/2024,26/10/2024,02/11/2024,572.35,HM8U7YW,38 m² Appartement ∙ 1 chambre ∙ 2 personnes,Loèche-les-Bains - Valais
09/05/2024,15/06/2024,22/06/2024,877.90,H4RU0F8,75 m² Appartement ∙ 2 chambres ∙ 4 personnes,Saas-Almagell - Valais
09/05/2024,22/06/2024,29/06/2024,877.90,H4RU0F8,75 m² Appartement ∙ 2 chambres ∙ 4 personnes,Saas-Almagell - Valais
09/05/2024,29/06/2024,06/07/2024,877.90,H4RU0F8,75 m² Appartement ∙ 2 chambres ∙ 4 personnes,Saas-Almagell - Valais
09/05/2024,06/07/2024,13/07/2024,877.90,H4RU0F8,75 m² Appartement ∙ 2 chambres ∙ 4 personnes,Saas-Almagell - Valais
09/05/2024,13/07/2024,20/07/2024,877.90,H4RU0F8,75 m² Appartement ∙ 2 chambres ∙ 4 personnes,Saas-Almagell - Valais
09/05/2024,20/07/2024,27/07/2024,877.90,H4RU0F8,75 m² Appartement ∙ 2 chambres ∙ 4 personnes,Saas-Almagell - Valais
09/05/2024,27/07/2024,03/08/2024,877.90,H4RU0F8,75 m² Appartement ∙ 2 chambres ∙ 4 personnes,Saas-Almagell - Valais
09/05/2024,03/08/2024,10/08/2024,877.90,H4RU0F8,75 m² Appartement ∙ 2 chambres ∙ 4 personnes,Saas-Almagell - Valais
09/05/2024,10/08/2024,17/08/2024,877.90,H4RU0F8,75 m² Appartement ∙ 2 chambres ∙ 4 personnes,Saas-Almagell - Valais
09/05/2024,31/08/2024,07/09/2024,877.90,H4RU0F8,75 m² Appartement ∙ 2 chambres ∙ 4 personnes,Saas-Almagell - Valais
09/05/2024,07/09/2024,14/09/2024,877.90,H4RU0F8,75 m² Appartement ∙ 2 chambres ∙ 4 personnes,Saas-Almagell - Valais
09/05/2024,14/09/2024,21/09/2024,877.90,H4RU0F8,75 m² Appartement ∙ 2 chambres ∙ 4 personnes,Saas-Almagell - Valais
09/05/2024,21/09/2024,28/09/2024,877.90,H4RU0F8,75 m² Appartement ∙ 2 chambres ∙ 4 personnes,Saas-Almagell - Valais
09/05/2024,28/09/2024,05/10/2024,877.90,H4RU0F8,75 m² Appartement ∙ 2 chambres ∙ 4 personnes,Saas-Almagell - Valais
09/05/2024,05/10/2024,12/10/2024,877.90,H4RU0F8,75 m² Appartement ∙ 2 chambres ∙ 4 personnes,Saas-Almagell - Valais
09/05/2024,01/06/2024,08/06/2024,1105.11,HBF7064,55 m² Appartement ∙ 2 chambres ∙ 5 personnes,Saas Fee - Valais
09/05/2024,08/06/2024,15/06/2024,1105.11,HBF7064,55 m² Appartement ∙ 2 chambres ∙ 5 personnes,Saas Fee - Valais
09/05/2024,15/06/2024,22/06/2024,1105.11,HBF7064,55 m² Appartement ∙ 2 chambres ∙ 5 personnes,Saas Fee - Valais
09/05/2024,20/07/2024,27/07/2024,1197.20,HBF7064,55 m² Appartement ∙ 2 chambres ∙ 5 personnes,Saas Fee - Valais
09/05/2024,17/08/2024,24/08/2024,1197.20,HBF7064,55 m² Appartement ∙ 2 chambres ∙ 5 personnes,Saas Fee - Valais
09/05/2024,24/08/2024,31/08/2024,1197.20,HBF7064,55 m² Appartement ∙ 2 chambres ∙ 5 personnes,Saas Fee - Valais
09/05/2024,31/08/2024,07/09/2024,1197.20,HBF7064,55 m² Appartement ∙ 2 chambres ∙ 5 personnes,Saas Fee - Valais
09/05/2024,21/09/2024,28/09/2024,1105.11,HBF7064,55 m² Appartement ∙ 2 chambres ∙ 5 personnes,Saas Fee - Valais
09/05/2024,28/09/2024,05/10/2024,1105.11,HBF7064,55 m² Appartement ∙ 2 chambres ∙ 5 personnes,Saas Fee - Valais
09/05/2024,05/10/2024,12/10/2024,1105.11,HBF7064,55 m² Appartement ∙ 2 chambres ∙ 5 personnes,Saas Fee - Valais
09/05/2024,12/10/2024,19/10/2024,1105.11,HBF7064,55 m² Appartement ∙ 2 chambres ∙ 5 personnes,Saas Fee - Valais
09/05/2024,19/10/2024,26/10/2024,1105.11,HBF7064,55 m² Appartement ∙ 2 chambres ∙ 5 personnes,Saas Fee - Valais
09/05/2024,21/09/2024,28/09/2024,1523.20,HM5ULDB,100 m² Maison de vacances ∙ 3 chambres ∙ 8 personnes,Grône - Valais
09/05/2024,28/09/2024,05/10/2024,1523.20,HM5ULDB,100 m² Maison de vacances ∙ 3 chambres ∙ 8 personnes,Grône - Valais
09/05/2024,05/10/2024,12/10/2024,1523.20,HM5ULDB,100 m² Maison de vacances ∙ 3 chambres ∙ 8 personnes,Grône - Valais
09/05/2024,12/10/2024,19/10/2024,1525.61,HM5ULDB,100 m² Maison de vacances ∙ 3 chambres ∙ 8 personnes,Grône - Valais
09/05/2024,19/10/2024,26/10/2024,1692.95,HM5ULDB,100 m² Maison de vacances ∙ 3 chambres ∙ 8 personnes,Grône - Valais
09/05/2024,26/10/2024,02/11/2024,1688.13,HM5ULDB,100 m² Maison de vacances ∙ 3 chambres ∙ 8 personnes,Grône - Valais
09/05/2024,18/05/2024,25/05/2024,1287.22,HEK3DS4,90 m² Maison de vacances ∙ 2 chambres ∙ 8 personnes,Orsières - Valais
09/05/2024,25/05/2024,01/06/2024,1373.91,HEK3DS4,90 m² Maison de vacances ∙ 2 chambres ∙ 8 personnes,Orsières - Valais
09/05/2024,01/06/2024,08/06/2024,1369.09,HEK3DS4,90 m² Maison de vacances ∙ 2 chambres ∙ 8 personnes,Orsières - Valais
09/05/2024,08/06/2024,15/06/2024,1340.20,HEK3DS4,90 m² Maison de vacances ∙ 2 chambres ∙ 8 personnes,Orsières - Valais
09/05/2024,13/07/2024,20/07/2024,2211.84,HEK3DS4,90 m² Maison de vacances ∙ 2 chambres ∙ 8 personnes,Orsières - Valais
09/05/2024,14/09/2024,21/09/2024,1430.50,HEK3DS4,90 m² Maison de vacances ∙ 2 chambres ∙ 8 personnes,Orsières - Valais
09/05/2024,21/09/2024,28/09/2024,1351.03,HEK3DS4,90 m² Maison de vacances ∙ 2 chambres ∙ 8 personnes,Orsières - Valais
09/05/2024,28/09/2024,05/10/2024,1437.71,HEK3DS4,90 m² Maison de vacances ∙ 2 chambres ∙ 8 personnes,Orsières - Valais
09/05/2024,05/10/2024,12/10/2024,1429.29,HEK3DS4,90 m² Maison de vacances ∙ 2 chambres ∙ 8 personnes,Orsières - Valais
09/05/2024,12/10/2024,19/10/2024,1347.42,HEK3DS4,90 m² Maison de vacances ∙ 2 chambres ∙ 8 personnes,Orsières - Valais
09/05/2024,19/10/2024,26/10/2024,1361.87,HEK3DS4,90 m² Maison de vacances ∙ 2 chambres ∙ 8 personnes,Orsières - Valais
09/05/2024,26/10/2024,02/11/2024,1432.89,HEK3DS4,90 m² Maison de vacances ∙ 2 chambres ∙ 8 personnes,Orsières - Valais
09/05/2024,11/05/2024,18/05/2024,1423.58,HW0X9Z6,90 m² Maison de vacances ∙ 3 chambres ∙ 6 personnes,Veysonnaz - Valais
09/05/2024,18/05/2024,25/05/2024,1423.58,HW0X9Z6,90 m² Maison de vacances ∙ 3 chambres ∙ 6 personnes,Veysonnaz - Valais
09/05/2024,25/05/2024,01/06/2024,1423.58,HW0X9Z6,90 m² Maison de vacances ∙ 3 chambres ∙ 6 personnes,Veysonnaz - Valais
09/05/2024,01/06/2024,08/06/2024,1423.58,HW0X9Z6,90 m² Maison de vacances ∙ 3 chambres ∙ 6 personnes,Veysonnaz - Valais
09/05/2024,08/06/2024,15/06/2024,1423.58,HW0X9Z6,90 m² Maison de vacances ∙ 3 chambres ∙ 6 personnes,Veysonnaz - Valais
09/05/2024,15/06/2024,22/06/2024,1423.58,HW0X9Z6,90 m² Maison de vacances ∙ 3 chambres ∙ 6 personnes,Veysonnaz - Valais
09/05/2024,22/06/2024,29/06/2024,1423.58,HW0X9Z6,90 m² Maison de vacances ∙ 3 chambres ∙ 6 personnes,Veysonnaz - Valais
09/05/2024,29/06/2024,06/07/2024,1423.58,HW0X9Z6,90 m² Maison de vacances ∙ 3 chambres ∙ 6 personnes,Veysonnaz - Valais
09/05/2024,06/07/2024,13/07/2024,1724.89,HW0X9Z6,90 m² Maison de vacances ∙ 3 chambres ∙ 6 personnes,Veysonnaz - Valais
09/05/2024,13/07/2024,20/07/2024,1724.89,HW0X9Z6,90 m² Maison de vacances ∙ 3 chambres ∙ 6 personnes,Veysonnaz - Valais
09/05/2024,20/07/2024,27/07/2024,1724.89,HW0X9Z6,90 m² Maison de vacances ∙ 3 chambres ∙ 6 personnes,Veysonnaz - Valais
09/05/2024,27/07/2024,03/08/2024,1724.89,HW0X9Z6,90 m² Maison de vacances ∙ 3 chambres ∙ 6 personnes,Veysonnaz - Valais
09/05/2024,03/08/2024,10/08/2024,1724.89,HW0X9Z6,90 m² Maison de vacances ∙ 3 chambres ∙ 6 personnes,Veysonnaz - Valais
09/05/2024,10/08/2024,17/08/2024,1724.89,HW0X9Z6,90 m² Maison de vacances ∙ 3 chambres ∙ 6 personnes,Veysonnaz - Valais
09/05/2024,17/08/2024,24/08/2024,1724.89,HW0X9Z6,90 m² Maison de vacances ∙ 3 chambres ∙ 6 personnes,Veysonnaz - Valais
09/05/2024,24/08/2024,31/08/2024,1423.58,HW0X9Z6,90 m² Maison de vacances ∙ 3 chambres ∙ 6 personnes,Veysonnaz - Valais
09/05/2024,31/08/2024,07/09/2024,1423.58,HW0X9Z6,90 m² Maison de vacances ∙ 3 chambres ∙ 6 personnes,Veysonnaz - Valais
09/05/2024,07/09/2024,14/09/2024,1423.58,HW0X9Z6,90 m² Maison de vacances ∙ 3 chambres ∙ 6 personnes,Veysonnaz - Valais
09/05/2024,28/09/2024,05/10/2024,1423.58,HW0X9Z6,90 m² Maison de vacances ∙ 3 chambres ∙ 6 personnes,Veysonnaz - Valais
09/05/2024,19/10/2024,26/10/2024,1423.58,HW0X9Z6,90 m² Maison de vacances ∙ 3 chambres ∙ 6 personnes,Veysonnaz - Valais
09/05/2024,26/10/2024,02/11/2024,1423.58,HW0X9Z6,90 m² Maison de vacances ∙ 3 chambres ∙ 6 personnes,Veysonnaz - Valais
09/05/2024,22/06/2024,29/06/2024,502.20,H9VHB86,25 m² Appartement ∙ 1 chambre ∙ 2 personnes,Saas Fee - Valais
09/05/2024,21/09/2024,28/09/2024,559.59,H9VHB86,25 m² Appartement ∙ 1 chambre ∙ 2 personnes,Saas Fee - Valais
09/05/2024,18/05/2024,25/05/2024,750.88,H4869Y2,115 m² Maison de vacances ∙ 3 chambres ∙ 6 personnes,Val-d'Illiez - Valais
09/05/2024,25/05/2024,01/06/2024,750.88,H4869Y2,115 m² Maison de vacances ∙ 3 chambres ∙ 6 personnes,Val-d'Illiez - Valais
09/05/2024,01/06/2024,08/06/2024,750.88,H4869Y2,115 m² Maison de vacances ∙ 3 chambres ∙ 6 personnes,Val-d'Illiez - Valais
09/05/2024,08/06/2024,15/06/2024,750.88,H4869Y2,115 m² Maison de vacances ∙ 3 chambres ∙ 6 personnes,Val-d'Illiez - Valais
09/05/2024,15/06/2024,22/06/2024,750.88,H4869Y2,115 m² Maison de vacances ∙ 3 chambres ∙ 6 personnes,Val-d'Illiez - Valais
09/05/2024,06/07/2024,13/07/2024,962.15,H4869Y2,115 m² Maison de vacances ∙ 3 chambres ∙ 6 personnes,Val-d'Illiez - Valais
09/05/2024,13/07/2024,20/07/2024,1184.82,H4869Y2,115 m² Maison de vacances ∙ 3 chambres ∙ 6 personnes,Val-d'Illiez - Valais
09/05/2024,03/08/2024,10/08/2024,1184.82,H4869Y2,115 m² Maison de vacances ∙ 3 chambres ∙ 6 personnes,Val-d'Illiez - Valais
09/05/2024,10/08/2024,17/08/2024,1184.82,H4869Y2,115 m² Maison de vacances ∙ 3 chambres ∙ 6 personnes,Val-d'Illiez - Valais
09/05/2024,17/08/2024,24/08/2024,962.15,H4869Y2,115 m² Maison de vacances ∙ 3 chambres ∙ 6 personnes,Val-d'Illiez - Valais
09/05/2024,24/08/2024,31/08/2024,750.88,H4869Y2,115 m² Maison de vacances ∙ 3 chambres ∙ 6 personnes,Val-d'Illiez - Valais
09/05/2024,31/08/2024,07/09/2024,750.88,H4869Y2,115 m² Maison de vacances ∙ 3 chambres ∙ 6 personnes,Val-d'Illiez - Valais
09/05/2024,07/09/2024,14/09/2024,750.88,H4869Y2,115 m² Maison de vacances ∙ 3 chambres ∙ 6 personnes,Val-d'Illiez - Valais
09/05/2024,14/09/2024,21/09/2024,750.88,H4869Y2,115 m² Maison de vacances ∙ 3 chambres ∙ 6 personnes,Val-d'Illiez - Valais
09/05/2024,21/09/2024,28/09/2024,750.88,H4869Y2,115 m² Maison de vacances ∙ 3 chambres ∙ 6 personnes,Val-d'Illiez - Valais
09/05/2024,28/09/2024,05/10/2024,750.88,H4869Y2,115 m² Maison de vacances ∙ 3 chambres ∙ 6 personnes,Val-d'Illiez - Valais
09/05/2024,05/10/2024,12/10/2024,750.88,H4869Y2,115 m² Maison de vacances ∙ 3 chambres ∙ 6 personnes,Val-d'Illiez - Valais
09/05/2024,12/10/2024,19/10/2024,750.88,H4869Y2,115 m² Maison de vacances ∙ 3 chambres ∙ 6 personnes,Val-d'Illiez - Valais
09/05/2024,19/10/2024,26/10/2024,750.88,H4869Y2,115 m² Maison de vacances ∙ 3 chambres ∙ 6 personnes,Val-d'Illiez - Valais
09/05/2024,26/10/2024,02/11/2024,750.88,H4869Y2,115 m² Maison de vacances ∙ 3 chambres ∙ 6 personnes,Val-d'Illiez - Valais
09/05/2024,11/05/2024,18/05/2024,1896.05,HHFDV4Y,210 m² Maison de vacances ∙ 6 chambres ∙ 14 personnes,Riddes - Valais
09/05/2024,18/05/2024,25/05/2024,1896.05,HHFDV4Y,210 m² Maison de vacances ∙ 6 chambres ∙ 14 personnes,Riddes - Valais
09/05/2024,25/05/2024,01/06/2024,1896.05,HHFDV4Y,210 m² Maison de vacances ∙ 6 chambres ∙ 14 personnes,Riddes - Valais
09/05/2024,01/06/2024,08/06/2024,1896.05,HHFDV4Y,210 m² Maison de vacances ∙ 6 chambres ∙ 14 personnes,Riddes - Valais
09/05/2024,08/06/2024,15/06/2024,1896.05,HHFDV4Y,210 m² Maison de vacances ∙ 6 chambres ∙ 14 personnes,Riddes - Valais
09/05/2024,15/06/2024,22/06/2024,1896.05,HHFDV4Y,210 m² Maison de vacances ∙ 6 chambres ∙ 14 personnes,Riddes - Valais
09/05/2024,22/06/2024,29/06/2024,1896.05,HHFDV4Y,210 m² Maison de vacances ∙ 6 chambres ∙ 14 personnes,Riddes - Valais
09/05/2024,29/06/2024,06/07/2024,1896.05,HHFDV4Y,210 m² Maison de vacances ∙ 6 chambres ∙ 14 personnes,Riddes - Valais
09/05/2024,13/07/2024,20/07/2024,2358.28,HHFDV4Y,210 m² Maison de vacances ∙ 6 chambres ∙ 14 personnes,Riddes - Valais
09/05/2024,20/07/2024,27/07/2024,2358.28,HHFDV4Y,210 m² Maison de vacances ∙ 6 chambres ∙ 14 personnes,Riddes - Valais
09/05/2024,03/08/2024,10/08/2024,2358.28,HHFDV4Y,210 m² Maison de vacances ∙ 6 chambres ∙ 14 personnes,Riddes - Valais
09/05/2024,10/08/2024,17/08/2024,2358.28,HHFDV4Y,210 m² Maison de vacances ∙ 6 chambres ∙ 14 personnes,Riddes - Valais
09/05/2024,17/08/2024,24/08/2024,2358.28,HHFDV4Y,210 m² Maison de vacances ∙ 6 chambres ∙ 14 personnes,Riddes - Valais
09/05/2024,24/08/2024,31/08/2024,2358.28,HHFDV4Y,210 m² Maison de vacances ∙ 6 chambres ∙ 14 personnes,Riddes - Valais
09/05/2024,31/08/2024,07/09/2024,1896.05,HHFDV4Y,210 m² Maison de vacances ∙ 6 chambres ∙ 14 personnes,Riddes - Valais
09/05/2024,07/09/2024,14/09/2024,1896.05,HHFDV4Y,210 m² Maison de vacances ∙ 6 chambres ∙ 14 personnes,Riddes - Valais
09/05/2024,14/09/2024,21/09/2024,1896.05,HHFDV4Y,210 m² Maison de vacances ∙ 6 chambres ∙ 14 personnes,Riddes - Valais
09/05/2024,21/09/2024,28/09/2024,1896.05,HHFDV4Y,210 m² Maison de vacances ∙ 6 chambres ∙ 14 personnes,Riddes - Valais
09/05/2024,28/09/2024,05/10/2024,1896.05,HHFDV4Y,210 m² Maison de vacances ∙ 6 chambres ∙ 14 personnes,Riddes - Valais
09/05/2024,05/10/2024,12/10/2024,1896.05,HHFDV4Y,210 m² Maison de vacances ∙ 6 chambres ∙ 14 personnes,Riddes - Valais
09/05/2024,12/10/2024,19/10/2024,1896.05,HHFDV4Y,210 m² Maison de vacances ∙ 6 chambres ∙ 14 personnes,Riddes - Valais
09/05/2024,19/10/2024,26/10/2024,1896.05,HHFDV4Y,210 m² Maison de vacances ∙ 6 chambres ∙ 14 personnes,Riddes - Valais
09/05/2024,26/10/2024,02/11/2024,1896.05,HHFDV4Y,210 m² Maison de vacances ∙ 6 chambres ∙ 14 personnes,Riddes - Valais
09/05/2024,11/05/2024,18/05/2024,344.36,HZBY4WC,30 m² Appartement ∙ 1 chambre ∙ 2 personnes,Nendaz - Valais
09/05/2024,18/05/2024,25/05/2024,344.36,HZBY4WC,30 m² Appartement ∙ 1 chambre ∙ 2 personnes,Nendaz - Valais
09/05/2024,25/05/2024,01/06/2024,429.43,HZBY4WC,30 m² Appartement ∙ 1 chambre ∙ 2 personnes,Nendaz - Valais
09/05/2024,01/06/2024,08/06/2024,429.43,HZBY4WC,30 m² Appartement ∙ 1 chambre ∙ 2 personnes,Nendaz - Valais
09/05/2024,08/06/2024,15/06/2024,429.43,HZBY4WC,30 m² Appartement ∙ 1 chambre ∙ 2 personnes,Nendaz - Valais
09/05/2024,15/06/2024,22/06/2024,429.43,HZBY4WC,30 m² Appartement ∙ 1 chambre ∙ 2 personnes,Nendaz - Valais
09/05/2024,22/06/2024,29/06/2024,429.43,HZBY4WC,30 m² Appartement ∙ 1 chambre ∙ 2 personnes,Nendaz - Valais
09/05/2024,29/06/2024,06/07/2024,429.43,HZBY4WC,30 m² Appartement ∙ 1 chambre ∙ 2 personnes,Nendaz - Valais
09/05/2024,06/07/2024,13/07/2024,429.43,HZBY4WC,30 m² Appartement ∙ 1 chambre ∙ 2 personnes,Nendaz - Valais
09/05/2024,13/07/2024,20/07/2024,570.87,HZBY4WC,30 m² Appartement ∙ 1 chambre ∙ 2 personnes,Nendaz - Valais
09/05/2024,20/07/2024,27/07/2024,570.87,HZBY4WC,30 m² Appartement ∙ 1 chambre ∙ 2 personnes,Nendaz - Valais
09/05/2024,27/07/2024,03/08/2024,570.87,HZBY4WC,30 m² Appartement ∙ 1 chambre ∙ 2 personnes,Nendaz - Valais
09/05/2024,31/08/2024,07/09/2024,429.43,HZBY4WC,30 m² Appartement ∙ 1 chambre ∙ 2 personnes,Nendaz - Valais
09/05/2024,07/09/2024,14/09/2024,429.43,HZBY4WC,30 m² Appartement ∙ 1 chambre ∙ 2 personnes,Nendaz - Valais
09/05/2024,14/09/2024,21/09/2024,429.43,HZBY4WC,30 m² Appartement ∙ 1 chambre ∙ 2 personnes,Nendaz - Valais
09/05/2024,21/09/2024,28/09/2024,429.43,HZBY4WC,30 m² Appartement ∙ 1 chambre ∙ 2 personnes,Nendaz - Valais
09/05/2024,28/09/2024,05/10/2024,429.43,HZBY4WC,30 m² Appartement ∙ 1 chambre ∙ 2 personnes,Nendaz - Valais
09/05/2024,05/10/2024,12/10/2024,429.43,HZBY4WC,30 m² Appartement ∙ 1 chambre ∙ 2 personnes,Nendaz - Valais
09/05/2024,12/10/2024,19/10/2024,429.43,HZBY4WC,30 m² Appartement ∙ 1 chambre ∙ 2 personnes,Nendaz - Valais
09/05/2024,19/10/2024,26/10/2024,429.43,HZBY4WC,30 m² Appartement ∙ 1 chambre ∙ 2 personnes,Nendaz - Valais
09/05/2024,26/10/2024,02/11/2024,429.43,HZBY4WC,30 m² Appartement ∙ 1 chambre ∙ 2 personnes,Nendaz - Valais
09/05/2024,31/08/2024,07/09/2024,1729.53,HU30T98,30 m² Appartement ∙ 4 personnes,Zermatt - Valais
09/05/2024,25/05/2024,01/06/2024,559.60,HEJGNWT,46 m² Appartement ∙ 1 chambre ∙ 4 personnes,Loèche-les-Bains - Valais
09/05/2024,01/06/2024,08/06/2024,559.60,HEJGNWT,46 m² Appartement ∙ 1 chambre ∙ 4 personnes,Loèche-les-Bains - Valais
09/05/2024,22/06/2024,29/06/2024,559.60,HEJGNWT,46 m² Appartement ∙ 1 chambre ∙ 4 personnes,Loèche-les-Bains - Valais
09/05/2024,29/06/2024,06/07/2024,602.64,HEJGNWT,46 m² Appartement ∙ 1 chambre ∙ 4 personnes,Loèche-les-Bains - Valais
09/05/2024,06/07/2024,13/07/2024,602.64,HEJGNWT,46 m² Appartement ∙ 1 chambre ∙ 4 personnes,Loèche-les-Bains - Valais
09/05/2024,13/07/2024,20/07/2024,688.73,HEJGNWT,46 m² Appartement ∙ 1 chambre ∙ 4 personnes,Loèche-les-Bains - Valais
09/05/2024,20/07/2024,27/07/2024,688.73,HEJGNWT,46 m² Appartement ∙ 1 chambre ∙ 4 personnes,Loèche-les-Bains - Valais
09/05/2024,31/08/2024,07/09/2024,602.64,HEJGNWT,46 m² Appartement ∙ 1 chambre ∙ 4 personnes,Loèche-les-Bains - Valais
09/05/2024,07/09/2024,14/09/2024,602.64,HEJGNWT,46 m² Appartement ∙ 1 chambre ∙ 4 personnes,Loèche-les-Bains - Valais
09/05/2024,14/09/2024,21/09/2024,602.64,HEJGNWT,46 m² Appartement ∙ 1 chambre ∙ 4 personnes,Loèche-les-Bains - Valais
09/05/2024,21/09/2024,28/09/2024,602.64,HEJGNWT,46 m² Appartement ∙ 1 chambre ∙ 4 personnes,Loèche-les-Bains - Valais
09/05/2024,28/09/2024,05/10/2024,602.64,HEJGNWT,46 m² Appartement ∙ 1 chambre ∙ 4 personnes,Loèche-les-Bains - Valais
09/05/2024,26/10/2024,02/11/2024,473.50,HEJGNWT,46 m² Appartement ∙ 1 chambre ∙ 4 personnes,Loèche-les-Bains - Valais
09/05/2024,11/05/2024,18/05/2024,1381.97,HCPU1Z2,105 m² Appartement ∙ 3 chambres ∙ 6 personnes,Saas Grund - Valais
09/05/2024,18/05/2024,25/05/2024,1381.97,HCPU1Z2,105 m² Appartement ∙ 3 chambres ∙ 6 personnes,Saas Grund - Valais
09/05/2024,25/05/2024,01/06/2024,1381.97,HCPU1Z2,105 m² Appartement ∙ 3 chambres ∙ 6 personnes,Saas Grund - Valais
09/05/2024,01/06/2024,08/06/2024,1381.97,HCPU1Z2,105 m² Appartement ∙ 3 chambres ∙ 6 personnes,Saas Grund - Valais
09/05/2024,08/06/2024,15/06/2024,1381.97,HCPU1Z2,105 m² Appartement ∙ 3 chambres ∙ 6 personnes,Saas Grund - Valais
09/05/2024,15/06/2024,22/06/2024,1381.97,HCPU1Z2,105 m² Appartement ∙ 3 chambres ∙ 6 personnes,Saas Grund - Valais
09/05/2024,22/06/2024,29/06/2024,1381.97,HCPU1Z2,105 m² Appartement ∙ 3 chambres ∙ 6 personnes,Saas Grund - Valais
09/05/2024,29/06/2024,06/07/2024,1957.70,HCPU1Z2,105 m² Appartement ∙ 3 chambres ∙ 6 personnes,Saas Grund - Valais
09/05/2024,06/07/2024,13/07/2024,1957.70,HCPU1Z2,105 m² Appartement ∙ 3 chambres ∙ 6 personnes,Saas Grund - Valais
09/05/2024,13/07/2024,20/07/2024,1957.70,HCPU1Z2,105 m² Appartement ∙ 3 chambres ∙ 6 personnes,Saas Grund - Valais
09/05/2024,20/07/2024,27/07/2024,1957.70,HCPU1Z2,105 m² Appartement ∙ 3 chambres ∙ 6 personnes,Saas Grund - Valais
09/05/2024,27/07/2024,03/08/2024,1957.70,HCPU1Z2,105 m² Appartement ∙ 3 chambres ∙ 6 personnes,Saas Grund - Valais
09/05/2024,03/08/2024,10/08/2024,1957.70,HCPU1Z2,105 m² Appartement ∙ 3 chambres ∙ 6 personnes,Saas Grund - Valais
09/05/2024,10/08/2024,17/08/2024,1957.70,HCPU1Z2,105 m² Appartement ∙ 3 chambres ∙ 6 personnes,Saas Grund - Valais
09/05/2024,31/08/2024,07/09/2024,1381.97,HCPU1Z2,105 m² Appartement ∙ 3 chambres ∙ 6 personnes,Saas Grund - Valais
09/05/2024,07/09/2024,14/09/2024,1381.97,HCPU1Z2,105 m² Appartement ∙ 3 chambres ∙ 6 personnes,Saas Grund - Valais
09/05/2024,14/09/2024,21/09/2024,1381.97,HCPU1Z2,105 m² Appartement ∙ 3 chambres ∙ 6 personnes,Saas Grund - Valais
09/05/2024,21/09/2024,28/09/2024,1381.97,HCPU1Z2,105 m² Appartement ∙ 3 chambres ∙ 6 personnes,Saas Grund - Valais
09/05/2024,28/09/2024,05/10/2024,1381.97,HCPU1Z2,105 m² Appartement ∙ 3 chambres ∙ 6 personnes,Saas Grund - Valais
09/05/2024,05/10/2024,12/10/2024,1381.97,HCPU1Z2,105 m² Appartement ∙ 3 chambres ∙ 6 personnes,Saas Grund - Valais
09/05/2024,12/10/2024,19/10/2024,1381.97,HCPU1Z2,105 m² Appartement ∙ 3 chambres ∙ 6 personnes,Saas Grund - Valais
09/05/2024,19/10/2024,26/10/2024,1381.97,HCPU1Z2,105 m² Appartement ∙ 3 chambres ∙ 6 personnes,Saas Grund - Valais
09/05/2024,26/10/2024,02/11/2024,1381.97,HCPU1Z2,105 m² Appartement ∙ 3 chambres ∙ 6 personnes,Saas Grund - Valais
09/05/2024,11/05/2024,18/05/2024,999.69,H7JBXNP,39 m² Appartement ∙ 1 chambre ∙ 4 personnes,Saas Fee - Valais
09/05/2024,18/05/2024,25/05/2024,999.69,H7JBXNP,39 m² Appartement ∙ 1 chambre ∙ 4 personnes,Saas Fee - Valais
09/05/2024,25/05/2024,01/06/2024,999.69,H7JBXNP,39 m² Appartement ∙ 1 chambre ∙ 4 personnes,Saas Fee - Valais
09/05/2024,01/06/2024,08/06/2024,999.69,H7JBXNP,39 m² Appartement ∙ 1 chambre ∙ 4 personnes,Saas Fee - Valais
09/05/2024,08/06/2024,15/06/2024,999.69,H7JBXNP,39 m² Appartement ∙ 1 chambre ∙ 4 personnes,Saas Fee - Valais
09/05/2024,15/06/2024,22/06/2024,999.69,H7JBXNP,39 m² Appartement ∙ 1 chambre ∙ 4 personnes,Saas Fee - Valais
09/05/2024,22/06/2024,29/06/2024,999.69,H7JBXNP,39 m² Appartement ∙ 1 chambre ∙ 4 personnes,Saas Fee - Valais
09/05/2024,13/07/2024,20/07/2024,1153.22,H7JBXNP,39 m² Appartement ∙ 1 chambre ∙ 4 personnes,Saas Fee - Valais
09/05/2024,20/07/2024,27/07/2024,1153.22,H7JBXNP,39 m² Appartement ∙ 1 chambre ∙ 4 personnes,Saas Fee - Valais
09/05/2024,31/08/2024,07/09/2024,1153.22,H7JBXNP,39 m² Appartement ∙ 1 chambre ∙ 4 personnes,Saas Fee - Valais
09/05/2024,07/09/2024,14/09/2024,1153.22,H7JBXNP,39 m² Appartement ∙ 1 chambre ∙ 4 personnes,Saas Fee - Valais
09/05/2024,14/09/2024,21/09/2024,1153.22,H7JBXNP,39 m² Appartement ∙ 1 chambre ∙ 4 personnes,Saas Fee - Valais
09/05/2024,21/09/2024,28/09/2024,1153.22,H7JBXNP,39 m² Appartement ∙ 1 chambre ∙ 4 personnes,Saas Fee - Valais
09/05/2024,28/09/2024,05/10/2024,1153.22,H7JBXNP,39 m² Appartement ∙ 1 chambre ∙ 4 personnes,Saas Fee - Valais
09/05/2024,05/10/2024,12/10/2024,1153.22,H7JBXNP,39 m² Appartement ∙ 1 chambre ∙ 4 personnes,Saas Fee - Valais
09/05/2024,12/10/2024,19/10/2024,1153.22,H7JBXNP,39 m² Appartement ∙ 1 chambre ∙ 4 personnes,Saas Fee - Valais
09/05/2024,19/10/2024,26/10/2024,1153.22,H7JBXNP,39 m² Appartement ∙ 1 chambre ∙ 4 personnes,Saas Fee - Valais
09/05/2024,26/10/2024,02/11/2024,999.69,H7JBXNP,39 m² Appartement ∙ 1 chambre ∙ 4 personnes,Saas Fee - Valais
09/05/2024,11/05/2024,18/05/2024,1822.05,HNBPL68,63 m² Appartement ∙ 3 chambres ∙ 5 personnes,Saas Fee - Valais
09/05/2024,18/05/2024,25/05/2024,1822.05,HNBPL68,63 m² Appartement ∙ 3 chambres ∙ 5 personnes,Saas Fee - Valais
09/05/2024,25/05/2024,01/06/2024,1822.05,HNBPL68,63 m² Appartement ∙ 3 chambres ∙ 5 personnes,Saas Fee - Valais
09/05/2024,01/06/2024,08/06/2024,1822.05,HNBPL68,63 m² Appartement ∙ 3 chambres ∙ 5 personnes,Saas Fee - Valais
09/05/2024,08/06/2024,15/06/2024,1822.05,HNBPL68,63 m² Appartement ∙ 3 chambres ∙ 5 personnes,Saas Fee - Valais
09/05/2024,15/06/2024,22/06/2024,1822.05,HNBPL68,63 m² Appartement ∙ 3 chambres ∙ 5 personnes,Saas Fee - Valais
09/05/2024,22/06/2024,29/06/2024,1822.05,HNBPL68,63 m² Appartement ∙ 3 chambres ∙ 5 personnes,Saas Fee - Valais
09/05/2024,29/06/2024,06/07/2024,1822.05,HNBPL68,63 m² Appartement ∙ 3 chambres ∙ 5 personnes,Saas Fee - Valais
09/05/2024,20/07/2024,27/07/2024,1822.05,HNBPL68,63 m² Appartement ∙ 3 chambres ∙ 5 personnes,Saas Fee - Valais
09/05/2024,27/07/2024,03/08/2024,1822.05,HNBPL68,63 m² Appartement ∙ 3 chambres ∙ 5 personnes,Saas Fee - Valais
09/05/2024,03/08/2024,10/08/2024,1822.05,HNBPL68,63 m² Appartement ∙ 3 chambres ∙ 5 personnes,Saas Fee - Valais
09/05/2024,31/08/2024,07/09/2024,1822.05,HNBPL68,63 m² Appartement ∙ 3 chambres ∙ 5 personnes,Saas Fee - Valais
09/05/2024,07/09/2024,14/09/2024,1822.05,HNBPL68,63 m² Appartement ∙ 3 chambres ∙ 5 personnes,Saas Fee - Valais
09/05/2024,14/09/2024,21/09/2024,1822.05,HNBPL68,63 m² Appartement ∙ 3 chambres ∙ 5 personnes,Saas Fee - Valais
09/05/2024,21/09/2024,28/09/2024,1822.05,HNBPL68,63 m² Appartement ∙ 3 chambres ∙ 5 personnes,Saas Fee - Valais
09/05/2024,28/09/2024,05/10/2024,1822.05,HNBPL68,63 m² Appartement ∙ 3 chambres ∙ 5 personnes,Saas Fee - Valais
09/05/2024,05/10/2024,12/10/2024,1822.05,HNBPL68,63 m² Appartement ∙ 3 chambres ∙ 5 personnes,Saas Fee - Valais
09/05/2024,12/10/2024,19/10/2024,1822.05,HNBPL68,63 m² Appartement ∙ 3 chambres ∙ 5 personnes,Saas Fee - Valais
09/05/2024,19/10/2024,26/10/2024,1822.05,HNBPL68,63 m² Appartement ∙ 3 chambres ∙ 5 personnes,Saas Fee - Valais
09/05/2024,26/10/2024,02/11/2024,1822.05,HNBPL68,63 m² Appartement ∙ 3 chambres ∙ 5 personnes,Saas Fee - Valais
09/05/2024,18/05/2024,25/05/2024,913.62,H54BVEW,26 m² Appartement ∙ 4 personnes,Saas Fee - Valais
09/05/2024,25/05/2024,01/06/2024,986.00,H54BVEW,26 m² Appartement ∙ 4 personnes,Saas Fee - Valais
09/05/2024,01/06/2024,08/06/2024,1420.27,H54BVEW,26 m² Appartement ∙ 4 personnes,Saas Fee - Valais
09/05/2024,08/06/2024,15/06/2024,1420.27,H54BVEW,26 m² Appartement ∙ 4 personnes,Saas Fee - Valais
09/05/2024,15/06/2024,22/06/2024,1420.27,H54BVEW,26 m² Appartement ∙ 4 personnes,Saas Fee - Valais
09/05/2024,22/06/2024,29/06/2024,1420.27,H54BVEW,26 m² Appartement ∙ 4 personnes,Saas Fee - Valais
09/05/2024,29/06/2024,06/07/2024,1420.27,H54BVEW,26 m² Appartement ∙ 4 personnes,Saas Fee - Valais
09/05/2024,06/07/2024,13/07/2024,1420.27,H54BVEW,26 m² Appartement ∙ 4 personnes,Saas Fee - Valais
09/05/2024,13/07/2024,20/07/2024,1420.27,H54BVEW,26 m² Appartement ∙ 4 personnes,Saas Fee - Valais
09/05/2024,31/08/2024,07/09/2024,1420.27,H54BVEW,26 m² Appartement ∙ 4 personnes,Saas Fee - Valais
09/05/2024,07/09/2024,14/09/2024,1420.27,H54BVEW,26 m² Appartement ∙ 4 personnes,Saas Fee - Valais
09/05/2024,14/09/2024,21/09/2024,1420.27,H54BVEW,26 m² Appartement ∙ 4 personnes,Saas Fee - Valais
09/05/2024,21/09/2024,28/09/2024,1420.27,H54BVEW,26 m² Appartement ∙ 4 personnes,Saas Fee - Valais
09/05/2024,28/09/2024,05/10/2024,1420.27,H54BVEW,26 m² Appartement ∙ 4 personnes,Saas Fee - Valais
09/05/2024,12/10/2024,19/10/2024,1021.09,H54BVEW,26 m² Appartement ∙ 4 personnes,Saas Fee - Valais
09/05/2024,19/10/2024,26/10/2024,1021.09,H54BVEW,26 m² Appartement ∙ 4 personnes,Saas Fee - Valais
09/05/2024,26/10/2024,02/11/2024,990.38,H54BVEW,26 m² Appartement ∙ 4 personnes,Saas Fee - Valais
09/05/2024,25/05/2024,01/06/2024,1001.32,HCTLRHJ,150 m² Appartement ∙ 3 chambres ∙ 6 personnes,Orsières - Valais
09/05/2024,03/08/2024,10/08/2024,2247.59,HCTLRHJ,150 m² Appartement ∙ 3 chambres ∙ 6 personnes,Orsières - Valais
09/05/2024,21/09/2024,28/09/2024,1173.50,HCTLRHJ,150 m² Appartement ∙ 3 chambres ∙ 6 personnes,Orsières - Valais
09/05/2024,12/10/2024,19/10/2024,1173.50,HCTLRHJ,150 m² Appartement ∙ 3 chambres ∙ 6 personnes,Orsières - Valais
09/05/2024,19/10/2024,26/10/2024,1173.50,HCTLRHJ,150 m² Appartement ∙ 3 chambres ∙ 6 personnes,Orsières - Valais
09/05/2024,11/05/2024,18/05/2024,1246.26,HC56X37,110 m² Maison de vacances ∙ 3 chambres ∙ 6 personnes,Riddes - Valais
09/05/2024,18/05/2024,25/05/2024,1246.26,HC56X37,110 m² Maison de vacances ∙ 3 chambres ∙ 6 personnes,Riddes - Valais
09/05/2024,25/05/2024,01/06/2024,1246.26,HC56X37,110 m² Maison de vacances ∙ 3 chambres ∙ 6 personnes,Riddes - Valais
09/05/2024,01/06/2024,08/06/2024,1246.26,HC56X37,110 m² Maison de vacances ∙ 3 chambres ∙ 6 personnes,Riddes - Valais
09/05/2024,08/06/2024,15/06/2024,1246.26,HC56X37,110 m² Maison de vacances ∙ 3 chambres ∙ 6 personnes,Riddes - Valais
09/05/2024,15/06/2024,22/06/2024,1246.26,HC56X37,110 m² Maison de vacances ∙ 3 chambres ∙ 6 personnes,Riddes - Valais
09/05/2024,22/06/2024,29/06/2024,1246.26,HC56X37,110 m² Maison de vacances ∙ 3 chambres ∙ 6 personnes,Riddes - Valais
09/05/2024,29/06/2024,06/07/2024,1246.26,HC56X37,110 m² Maison de vacances ∙ 3 chambres ∙ 6 personnes,Riddes - Valais
09/05/2024,06/07/2024,13/07/2024,1246.26,HC56X37,110 m² Maison de vacances ∙ 3 chambres ∙ 6 personnes,Riddes - Valais
09/05/2024,03/08/2024,10/08/2024,1246.26,HC56X37,110 m² Maison de vacances ∙ 3 chambres ∙ 6 personnes,Riddes - Valais
09/05/2024,17/08/2024,24/08/2024,1246.26,HC56X37,110 m² Maison de vacances ∙ 3 chambres ∙ 6 personnes,Riddes - Valais
09/05/2024,24/08/2024,31/08/2024,1246.26,HC56X37,110 m² Maison de vacances ∙ 3 chambres ∙ 6 personnes,Riddes - Valais
09/05/2024,31/08/2024,07/09/2024,1246.26,HC56X37,110 m² Maison de vacances ∙ 3 chambres ∙ 6 personnes,Riddes - Valais
09/05/2024,07/09/2024,14/09/2024,1246.26,HC56X37,110 m² Maison de vacances ∙ 3 chambres ∙ 6 personnes,Riddes - Valais
09/05/2024,14/09/2024,21/09/2024,1246.26,HC56X37,110 m² Maison de vacances ∙ 3 chambres ∙ 6 personnes,Riddes - Valais
09/05/2024,21/09/2024,28/09/2024,1246.26,HC56X37,110 m² Maison de vacances ∙ 3 chambres ∙ 6 personnes,Riddes - Valais
09/05/2024,28/09/2024,05/10/2024,1246.26,HC56X37,110 m² Maison de vacances ∙ 3 chambres ∙ 6 personnes,Riddes - Valais
09/05/2024,05/10/2024,12/10/2024,1246.26,HC56X37,110 m² Maison de vacances ∙ 3 chambres ∙ 6 personnes,Riddes - Valais
09/05/2024,12/10/2024,19/10/2024,1246.26,HC56X37,110 m² Maison de vacances ∙ 3 chambres ∙ 6 personnes,Riddes - Valais
09/05/2024,19/10/2024,26/10/2024,1246.26,HC56X37,110 m² Maison de vacances ∙ 3 chambres ∙ 6 personnes,Riddes - Valais
09/05/2024,26/10/2024,02/11/2024,1246.26,HC56X37,110 m² Maison de vacances ∙ 3 chambres ∙ 6 personnes,Riddes - Valais
09/05/2024,25/05/2024,01/06/2024,1044.37,HTADLWM,90 m² Appartement ∙ 3 chambres ∙ 5 personnes,Loèche-les-Bains - Valais
09/05/2024,01/06/2024,08/06/2024,1044.37,HTADLWM,90 m² Appartement ∙ 3 chambres ∙ 5 personnes,Loèche-les-Bains - Valais
09/05/2024,08/06/2024,15/06/2024,1044.37,HTADLWM,90 m² Appartement ∙ 3 chambres ∙ 5 personnes,Loèche-les-Bains - Valais
09/05/2024,15/06/2024,22/06/2024,1044.37,HTADLWM,90 m² Appartement ∙ 3 chambres ∙ 5 personnes,Loèche-les-Bains - Valais
09/05/2024,22/06/2024,29/06/2024,1044.37,HTADLWM,90 m² Appartement ∙ 3 chambres ∙ 5 personnes,Loèche-les-Bains - Valais
09/05/2024,29/06/2024,06/07/2024,1044.37,HTADLWM,90 m² Appartement ∙ 3 chambres ∙ 5 personnes,Loèche-les-Bains - Valais
09/05/2024,13/07/2024,20/07/2024,1342.61,HTADLWM,90 m² Appartement ∙ 3 chambres ∙ 5 personnes,Loèche-les-Bains - Valais
09/05/2024,20/07/2024,27/07/2024,1342.61,HTADLWM,90 m² Appartement ∙ 3 chambres ∙ 5 personnes,Loèche-les-Bains - Valais
09/05/2024,27/07/2024,03/08/2024,1342.61,HTADLWM,90 m² Appartement ∙ 3 chambres ∙ 5 personnes,Loèche-les-Bains - Valais
09/05/2024,03/08/2024,10/08/2024,1342.61,HTADLWM,90 m² Appartement ∙ 3 chambres ∙ 5 personnes,Loèche-les-Bains - Valais
09/05/2024,10/08/2024,17/08/2024,1342.61,HTADLWM,90 m² Appartement ∙ 3 chambres ∙ 5 personnes,Loèche-les-Bains - Valais
09/05/2024,17/08/2024,24/08/2024,1044.37,HTADLWM,90 m² Appartement ∙ 3 chambres ∙ 5 personnes,Loèche-les-Bains - Valais
09/05/2024,24/08/2024,31/08/2024,1044.37,HTADLWM,90 m² Appartement ∙ 3 chambres ∙ 5 personnes,Loèche-les-Bains - Valais
09/05/2024,31/08/2024,07/09/2024,1044.37,HTADLWM,90 m² Appartement ∙ 3 chambres ∙ 5 personnes,Loèche-les-Bains - Valais
09/05/2024,07/09/2024,14/09/2024,1044.37,HTADLWM,90 m² Appartement ∙ 3 chambres ∙ 5 personnes,Loèche-les-Bains - Valais
09/05/2024,12/10/2024,19/10/2024,1044.37,HTADLWM,90 m² Appartement ∙ 3 chambres ∙ 5 personnes,Loèche-les-Bains - Valais
09/05/2024,19/10/2024,26/10/2024,1044.37,HTADLWM,90 m² Appartement ∙ 3 chambres ∙ 5 personnes,Loèche-les-Bains - Valais
09/05/2024,01/06/2024,08/06/2024,538.07,HCPM40L,Appartement ∙ 2 chambres ∙ 3 personnes,Grächen - Valais
09/05/2024,08/06/2024,15/06/2024,538.07,HCPM40L,Appartement ∙ 2 chambres ∙ 3 personnes,Grächen - Valais
09/05/2024,13/07/2024,20/07/2024,765.65,HCPM40L,Appartement ∙ 2 chambres ∙ 3 personnes,Grächen - Valais
09/05/2024,20/07/2024,27/07/2024,609.81,HCPM40L,Appartement ∙ 2 chambres ∙ 3 personnes,Grächen - Valais
09/05/2024,27/07/2024,03/08/2024,609.81,HCPM40L,Appartement ∙ 2 chambres ∙ 3 personnes,Grächen - Valais
09/05/2024,03/08/2024,10/08/2024,609.81,HCPM40L,Appartement ∙ 2 chambres ∙ 3 personnes,Grächen - Valais
09/05/2024,10/08/2024,17/08/2024,609.81,HCPM40L,Appartement ∙ 2 chambres ∙ 3 personnes,Grächen - Valais
09/05/2024,17/08/2024,24/08/2024,709.28,HCPM40L,Appartement ∙ 2 chambres ∙ 3 personnes,Grächen - Valais
09/05/2024,14/09/2024,21/09/2024,538.07,HCPM40L,Appartement ∙ 2 chambres ∙ 3 personnes,Grächen - Valais
09/05/2024,21/09/2024,28/09/2024,538.07,HCPM40L,Appartement ∙ 2 chambres ∙ 3 personnes,Grächen - Valais
09/05/2024,28/09/2024,05/10/2024,538.07,HCPM40L,Appartement ∙ 2 chambres ∙ 3 personnes,Grächen - Valais
09/05/2024,01/06/2024,08/06/2024,921.18,HAEXZTV,70 m² Appartement ∙ 2 chambres ∙ 4 personnes,Saas-Almagell - Valais
09/05/2024,08/06/2024,15/06/2024,921.18,HAEXZTV,70 m² Appartement ∙ 2 chambres ∙ 4 personnes,Saas-Almagell - Valais
09/05/2024,15/06/2024,22/06/2024,921.18,HAEXZTV,70 m² Appartement ∙ 2 chambres ∙ 4 personnes,Saas-Almagell - Valais
09/05/2024,22/06/2024,29/06/2024,1074.71,HAEXZTV,70 m² Appartement ∙ 2 chambres ∙ 4 personnes,Saas-Almagell - Valais
09/05/2024,29/06/2024,06/07/2024,1074.71,HAEXZTV,70 m² Appartement ∙ 2 chambres ∙ 4 personnes,Saas-Almagell - Valais
09/05/2024,13/07/2024,20/07/2024,1074.71,HAEXZTV,70 m² Appartement ∙ 2 chambres ∙ 4 personnes,Saas-Almagell - Valais
09/05/2024,27/07/2024,03/08/2024,1074.71,HAEXZTV,70 m² Appartement ∙ 2 chambres ∙ 4 personnes,Saas-Almagell - Valais
09/05/2024,03/08/2024,10/08/2024,1074.71,HAEXZTV,70 m² Appartement ∙ 2 chambres ∙ 4 personnes,Saas-Almagell - Valais
09/05/2024,17/08/2024,24/08/2024,1074.71,HAEXZTV,70 m² Appartement ∙ 2 chambres ∙ 4 personnes,Saas-Almagell - Valais
09/05/2024,31/08/2024,07/09/2024,997.94,HAEXZTV,70 m² Appartement ∙ 2 chambres ∙ 4 personnes,Saas-Almagell - Valais
09/05/2024,07/09/2024,14/09/2024,997.94,HAEXZTV,70 m² Appartement ∙ 2 chambres ∙ 4 personnes,Saas-Almagell - Valais
09/05/2024,14/09/2024,21/09/2024,997.94,HAEXZTV,70 m² Appartement ∙ 2 chambres ∙ 4 personnes,Saas-Almagell - Valais
09/05/2024,21/09/2024,28/09/2024,997.94,HAEXZTV,70 m² Appartement ∙ 2 chambres ∙ 4 personnes,Saas-Almagell - Valais
09/05/2024,28/09/2024,05/10/2024,997.94,HAEXZTV,70 m² Appartement ∙ 2 chambres ∙ 4 personnes,Saas-Almagell - Valais
09/05/2024,05/10/2024,12/10/2024,997.94,HAEXZTV,70 m² Appartement ∙ 2 chambres ∙ 4 personnes,Saas-Almagell - Valais
09/05/2024,12/10/2024,19/10/2024,997.94,HAEXZTV,70 m² Appartement ∙ 2 chambres ∙ 4 personnes,Saas-Almagell - Valais
09/05/2024,11/05/2024,18/05/2024,464.89,HGK47N6,30 m² Appartement ∙ 1 chambre ∙ 2 personnes,Loèche-les-Bains - Valais
09/05/2024,18/05/2024,25/05/2024,464.89,HGK47N6,30 m² Appartement ∙ 1 chambre ∙ 2 personnes,Loèche-les-Bains - Valais
09/05/2024,25/05/2024,01/06/2024,464.89,HGK47N6,30 m² Appartement ∙ 1 chambre ∙ 2 personnes,Loèche-les-Bains - Valais
09/05/2024,01/06/2024,08/06/2024,464.89,HGK47N6,30 m² Appartement ∙ 1 chambre ∙ 2 personnes,Loèche-les-Bains - Valais
09/05/2024,08/06/2024,15/06/2024,464.89,HGK47N6,30 m² Appartement ∙ 1 chambre ∙ 2 personnes,Loèche-les-Bains - Valais
09/05/2024,15/06/2024,22/06/2024,464.89,HGK47N6,30 m² Appartement ∙ 1 chambre ∙ 2 personnes,Loèche-les-Bains - Valais
09/05/2024,22/06/2024,29/06/2024,507.94,HGK47N6,30 m² Appartement ∙ 1 chambre ∙ 2 personnes,Loèche-les-Bains - Valais
09/05/2024,29/06/2024,06/07/2024,507.94,HGK47N6,30 m² Appartement ∙ 1 chambre ∙ 2 personnes,Loèche-les-Bains - Valais
09/05/2024,06/07/2024,13/07/2024,507.94,HGK47N6,30 m² Appartement ∙ 1 chambre ∙ 2 personnes,Loèche-les-Bains - Valais
09/05/2024,13/07/2024,20/07/2024,507.94,HGK47N6,30 m² Appartement ∙ 1 chambre ∙ 2 personnes,Loèche-les-Bains - Valais
09/05/2024,20/07/2024,27/07/2024,507.94,HGK47N6,30 m² Appartement ∙ 1 chambre ∙ 2 personnes,Loèche-les-Bains - Valais
09/05/2024,27/07/2024,03/08/2024,507.94,HGK47N6,30 m² Appartement ∙ 1 chambre ∙ 2 personnes,Loèche-les-Bains - Valais
09/05/2024,03/08/2024,10/08/2024,507.94,HGK47N6,30 m² Appartement ∙ 1 chambre ∙ 2 personnes,Loèche-les-Bains - Valais
09/05/2024,10/08/2024,17/08/2024,507.94,HGK47N6,30 m² Appartement ∙ 1 chambre ∙ 2 personnes,Loèche-les-Bains - Valais
09/05/2024,17/08/2024,24/08/2024,507.94,HGK47N6,30 m² Appartement ∙ 1 chambre ∙ 2 personnes,Loèche-les-Bains - Valais
09/05/2024,24/08/2024,31/08/2024,507.94,HGK47N6,30 m² Appartement ∙ 1 chambre ∙ 2 personnes,Loèche-les-Bains - Valais
09/05/2024,31/08/2024,07/09/2024,507.94,HGK47N6,30 m² Appartement ∙ 1 chambre ∙ 2 personnes,Loèche-les-Bains - Valais
09/05/2024,07/09/2024,14/09/2024,507.94,HGK47N6,30 m² Appartement ∙ 1 chambre ∙ 2 personnes,Loèche-les-Bains - Valais
09/05/2024,14/09/2024,21/09/2024,507.94,HGK47N6,30 m² Appartement ∙ 1 chambre ∙ 2 personnes,Loèche-les-Bains - Valais
09/05/2024,21/09/2024,28/09/2024,507.94,HGK47N6,30 m² Appartement ∙ 1 chambre ∙ 2 personnes,Loèche-les-Bains - Valais
09/05/2024,28/09/2024,05/10/2024,507.94,HGK47N6,30 m² Appartement ∙ 1 chambre ∙ 2 personnes,Loèche-les-Bains - Valais
09/05/2024,05/10/2024,12/10/2024,507.94,HGK47N6,30 m² Appartement ∙ 1 chambre ∙ 2 personnes,Loèche-les-Bains - Valais
09/05/2024,12/10/2024,19/10/2024,507.94,HGK47N6,30 m² Appartement ∙ 1 chambre ∙ 2 personnes,Loèche-les-Bains - Valais
09/05/2024,19/10/2024,26/10/2024,507.94,HGK47N6,30 m² Appartement ∙ 1 chambre ∙ 2 personnes,Loèche-les-Bains - Valais
09/05/2024,26/10/2024,02/11/2024,507.94,HGK47N6,30 m² Appartement ∙ 1 chambre ∙ 2 personnes,Loèche-les-Bains - Valais
09/05/2024,08/06/2024,15/06/2024,802.19,HYA7E0V,70 m² Appartement ∙ 2 chambres ∙ 5 personnes,Saas Fee - Valais
09/05/2024,15/06/2024,22/06/2024,844.41,HYA7E0V,70 m² Appartement ∙ 2 chambres ∙ 5 personnes,Saas Fee - Valais
09/05/2024,22/06/2024,29/06/2024,844.41,HYA7E0V,70 m² Appartement ∙ 2 chambres ∙ 5 personnes,Saas Fee - Valais
09/05/2024,29/06/2024,06/07/2024,844.41,HYA7E0V,70 m² Appartement ∙ 2 chambres ∙ 5 personnes,Saas Fee - Valais
09/05/2024,06/07/2024,13/07/2024,1074.70,HYA7E0V,70 m² Appartement ∙ 2 chambres ∙ 5 personnes,Saas Fee - Valais
09/05/2024,13/07/2024,20/07/2024,1074.70,HYA7E0V,70 m² Appartement ∙ 2 chambres ∙ 5 personnes,Saas Fee - Valais
09/05/2024,20/07/2024,27/07/2024,1074.70,HYA7E0V,70 m² Appartement ∙ 2 chambres ∙ 5 personnes,Saas Fee - Valais
09/05/2024,03/08/2024,10/08/2024,1074.70,HYA7E0V,70 m² Appartement ∙ 2 chambres ∙ 5 personnes,Saas Fee - Valais
09/05/2024,10/08/2024,17/08/2024,1074.70,HYA7E0V,70 m² Appartement ∙ 2 chambres ∙ 5 personnes,Saas Fee - Valais
09/05/2024,17/08/2024,24/08/2024,1074.70,HYA7E0V,70 m² Appartement ∙ 2 chambres ∙ 5 personnes,Saas Fee - Valais
09/05/2024,24/08/2024,31/08/2024,1074.70,HYA7E0V,70 m² Appartement ∙ 2 chambres ∙ 5 personnes,Saas Fee - Valais
09/05/2024,31/08/2024,07/09/2024,1798.48,HYA7E0V,70 m² Appartement ∙ 2 chambres ∙ 5 personnes,Saas Fee - Valais
09/05/2024,07/09/2024,14/09/2024,1919.11,HYA7E0V,70 m² Appartement ∙ 2 chambres ∙ 5 personnes,Saas Fee - Valais
09/05/2024,14/09/2024,21/09/2024,1919.11,HYA7E0V,70 m² Appartement ∙ 2 chambres ∙ 5 personnes,Saas Fee - Valais
09/05/2024,21/09/2024,28/09/2024,1919.11,HYA7E0V,70 m² Appartement ∙ 2 chambres ∙ 5 personnes,Saas Fee - Valais
09/05/2024,28/09/2024,05/10/2024,1919.11,HYA7E0V,70 m² Appartement ∙ 2 chambres ∙ 5 personnes,Saas Fee - Valais
09/05/2024,05/10/2024,12/10/2024,1919.11,HYA7E0V,70 m² Appartement ∙ 2 chambres ∙ 5 personnes,Saas Fee - Valais
09/05/2024,12/10/2024,19/10/2024,1919.11,HYA7E0V,70 m² Appartement ∙ 2 chambres ∙ 5 personnes,Saas Fee - Valais
09/05/2024,19/10/2024,26/10/2024,1919.11,HYA7E0V,70 m² Appartement ∙ 2 chambres ∙ 5 personnes,Saas Fee - Valais
09/05/2024,26/10/2024,02/11/2024,1765.58,HYA7E0V,70 m² Appartement ∙ 2 chambres ∙ 5 personnes,Saas Fee - Valais
09/05/2024,11/05/2024,18/05/2024,614.11,HT6A2PH,80 m² Appartement ∙ 2 chambres ∙ 4 personnes,Saas Grund - Valais
09/05/2024,18/05/2024,25/05/2024,614.11,HT6A2PH,80 m² Appartement ∙ 2 chambres ∙ 4 personnes,Saas Grund - Valais
09/05/2024,25/05/2024,01/06/2024,614.11,HT6A2PH,80 m² Appartement ∙ 2 chambres ∙ 4 personnes,Saas Grund - Valais
09/05/2024,01/06/2024,08/06/2024,614.11,HT6A2PH,80 m² Appartement ∙ 2 chambres ∙ 4 personnes,Saas Grund - Valais
09/05/2024,08/06/2024,15/06/2024,614.11,HT6A2PH,80 m² Appartement ∙ 2 chambres ∙ 4 personnes,Saas Grund - Valais
09/05/2024,15/06/2024,22/06/2024,844.41,HT6A2PH,80 m² Appartement ∙ 2 chambres ∙ 4 personnes,Saas Grund - Valais
09/05/2024,22/06/2024,29/06/2024,844.41,HT6A2PH,80 m² Appartement ∙ 2 chambres ∙ 4 personnes,Saas Grund - Valais
09/05/2024,29/06/2024,06/07/2024,844.41,HT6A2PH,80 m² Appartement ∙ 2 chambres ∙ 4 personnes,Saas Grund - Valais
09/05/2024,06/07/2024,13/07/2024,844.41,HT6A2PH,80 m² Appartement ∙ 2 chambres ∙ 4 personnes,Saas Grund - Valais
09/05/2024,13/07/2024,20/07/2024,844.41,HT6A2PH,80 m² Appartement ∙ 2 chambres ∙ 4 personnes,Saas Grund - Valais
09/05/2024,20/07/2024,27/07/2024,844.41,HT6A2PH,80 m² Appartement ∙ 2 chambres ∙ 4 personnes,Saas Grund - Valais
09/05/2024,27/07/2024,03/08/2024,844.41,HT6A2PH,80 m² Appartement ∙ 2 chambres ∙ 4 personnes,Saas Grund - Valais
09/05/2024,03/08/2024,10/08/2024,844.41,HT6A2PH,80 m² Appartement ∙ 2 chambres ∙ 4 personnes,Saas Grund - Valais
09/05/2024,31/08/2024,07/09/2024,844.41,HT6A2PH,80 m² Appartement ∙ 2 chambres ∙ 4 personnes,Saas Grund - Valais
09/05/2024,07/09/2024,14/09/2024,844.41,HT6A2PH,80 m² Appartement ∙ 2 chambres ∙ 4 personnes,Saas Grund - Valais
09/05/2024,14/09/2024,21/09/2024,844.41,HT6A2PH,80 m² Appartement ∙ 2 chambres ∙ 4 personnes,Saas Grund - Valais
09/05/2024,21/09/2024,28/09/2024,844.41,HT6A2PH,80 m² Appartement ∙ 2 chambres ∙ 4 personnes,Saas Grund - Valais
09/05/2024,28/09/2024,05/10/2024,690.88,HT6A2PH,80 m² Appartement ∙ 2 chambres ∙ 4 personnes,Saas Grund - Valais
09/05/2024,05/10/2024,12/10/2024,690.88,HT6A2PH,80 m² Appartement ∙ 2 chambres ∙ 4 personnes,Saas Grund - Valais
09/05/2024,12/10/2024,19/10/2024,690.88,HT6A2PH,80 m² Appartement ∙ 2 chambres ∙ 4 personnes,Saas Grund - Valais
09/05/2024,19/10/2024,26/10/2024,690.88,HT6A2PH,80 m² Appartement ∙ 2 chambres ∙ 4 personnes,Saas Grund - Valais
09/05/2024,26/10/2024,02/11/2024,690.88,HT6A2PH,80 m² Appartement ∙ 2 chambres ∙ 4 personnes,Saas Grund - Valais
09/05/2024,11/05/2024,18/05/2024,1369.10,HZJ9X2R,110 m² Appartement ∙ 3 chambres ∙ 6 personnes,Saas-Balen - Valais
09/05/2024,01/06/2024,08/06/2024,1369.10,HZJ9X2R,110 m² Appartement ∙ 3 chambres ∙ 6 personnes,Saas-Balen - Valais
09/05/2024,08/06/2024,15/06/2024,1369.10,HZJ9X2R,110 m² Appartement ∙ 3 chambres ∙ 6 personnes,Saas-Balen - Valais
09/05/2024,15/06/2024,22/06/2024,1369.10,HZJ9X2R,110 m² Appartement ∙ 3 chambres ∙ 6 personnes,Saas-Balen - Valais
09/05/2024,03/08/2024,10/08/2024,1545.66,HZJ9X2R,110 m² Appartement ∙ 3 chambres ∙ 6 personnes,Saas-Balen - Valais
09/05/2024,10/08/2024,17/08/2024,1545.66,HZJ9X2R,110 m² Appartement ∙ 3 chambres ∙ 6 personnes,Saas-Balen - Valais
09/05/2024,24/08/2024,31/08/2024,1545.66,HZJ9X2R,110 m² Appartement ∙ 3 chambres ∙ 6 personnes,Saas-Balen - Valais
09/05/2024,31/08/2024,07/09/2024,1394.33,HZJ9X2R,110 m² Appartement ∙ 3 chambres ∙ 6 personnes,Saas-Balen - Valais
09/05/2024,07/09/2024,14/09/2024,1369.10,HZJ9X2R,110 m² Appartement ∙ 3 chambres ∙ 6 personnes,Saas-Balen - Valais
09/05/2024,14/09/2024,21/09/2024,1369.10,HZJ9X2R,110 m² Appartement ∙ 3 chambres ∙ 6 personnes,Saas-Balen - Valais
09/05/2024,21/09/2024,28/09/2024,1369.10,HZJ9X2R,110 m² Appartement ∙ 3 chambres ∙ 6 personnes,Saas-Balen - Valais
09/05/2024,28/09/2024,05/10/2024,1369.10,HZJ9X2R,110 m² Appartement ∙ 3 chambres ∙ 6 personnes,Saas-Balen - Valais
09/05/2024,05/10/2024,12/10/2024,1369.10,HZJ9X2R,110 m² Appartement ∙ 3 chambres ∙ 6 personnes,Saas-Balen - Valais
09/05/2024,12/10/2024,19/10/2024,1369.10,HZJ9X2R,110 m² Appartement ∙ 3 chambres ∙ 6 personnes,Saas-Balen - Valais
09/05/2024,19/10/2024,26/10/2024,1369.10,HZJ9X2R,110 m² Appartement ∙ 3 chambres ∙ 6 personnes,Saas-Balen - Valais
09/05/2024,26/10/2024,02/11/2024,1369.10,HZJ9X2R,110 m² Appartement ∙ 3 chambres ∙ 6 personnes,Saas-Balen - Valais
09/05/2024,25/05/2024,01/06/2024,1097.30,H23RF8B,65 m² Appartement ∙ 2 chambres ∙ 4 personnes,Ovronnaz - Leytron - Valais
09/05/2024,01/06/2024,08/06/2024,1173.91,H23RF8B,65 m² Appartement ∙ 2 chambres ∙ 4 personnes,Ovronnaz - Leytron - Valais
09/05/2024,08/06/2024,15/06/2024,1111.45,H23RF8B,65 m² Appartement ∙ 2 chambres ∙ 4 personnes,Ovronnaz - Leytron - Valais
09/05/2024,15/06/2024,22/06/2024,1259.95,H23RF8B,65 m² Appartement ∙ 2 chambres ∙ 4 personnes,Ovronnaz - Leytron - Valais
09/05/2024,22/06/2024,29/06/2024,1568.75,H23RF8B,65 m² Appartement ∙ 2 chambres ∙ 4 personnes,Ovronnaz - Leytron - Valais
09/05/2024,29/06/2024,06/07/2024,1673.65,H23RF8B,65 m² Appartement ∙ 2 chambres ∙ 4 personnes,Ovronnaz - Leytron - Valais
09/05/2024,06/07/2024,13/07/2024,2031.95,H23RF8B,65 m² Appartement ∙ 2 chambres ∙ 4 personnes,Ovronnaz - Leytron - Valais
09/05/2024,13/07/2024,20/07/2024,2498.69,H23RF8B,65 m² Appartement ∙ 2 chambres ∙ 4 personnes,Ovronnaz - Leytron - Valais
09/05/2024,20/07/2024,27/07/2024,2502.22,H23RF8B,65 m² Appartement ∙ 2 chambres ∙ 4 personnes,Ovronnaz - Leytron - Valais
09/05/2024,27/07/2024,03/08/2024,2785.10,H23RF8B,65 m² Appartement ∙ 2 chambres ∙ 4 personnes,Ovronnaz - Leytron - Valais
09/05/2024,03/08/2024,10/08/2024,2748.56,H23RF8B,65 m² Appartement ∙ 2 chambres ∙ 4 personnes,Ovronnaz - Leytron - Valais
09/05/2024,10/08/2024,17/08/2024,2668.41,H23RF8B,65 m² Appartement ∙ 2 chambres ∙ 4 personnes,Ovronnaz - Leytron - Valais
09/05/2024,17/08/2024,24/08/2024,2564.69,H23RF8B,65 m² Appartement ∙ 2 chambres ∙ 4 personnes,Ovronnaz - Leytron - Valais
09/05/2024,24/08/2024,31/08/2024,2486.90,H23RF8B,65 m² Appartement ∙ 2 chambres ∙ 4 personnes,Ovronnaz - Leytron - Valais
09/05/2024,31/08/2024,07/09/2024,2634.23,H23RF8B,65 m² Appartement ∙ 2 chambres ∙ 4 personnes,Ovronnaz - Leytron - Valais
09/05/2024,07/09/2024,14/09/2024,2361.97,H23RF8B,65 m² Appartement ∙ 2 chambres ∙ 4 personnes,Ovronnaz - Leytron - Valais
09/05/2024,14/09/2024,21/09/2024,1560.50,H23RF8B,65 m² Appartement ∙ 2 chambres ∙ 4 personnes,Ovronnaz - Leytron - Valais
09/05/2024,21/09/2024,28/09/2024,1093.77,H23RF8B,65 m² Appartement ∙ 2 chambres ∙ 4 personnes,Ovronnaz - Leytron - Valais
09/05/2024,28/09/2024,05/10/2024,876.90,H23RF8B,65 m² Appartement ∙ 2 chambres ∙ 4 personnes,Ovronnaz - Leytron - Valais
09/05/2024,05/10/2024,12/10/2024,959.40,H23RF8B,65 m² Appartement ∙ 2 chambres ∙ 4 personnes,Ovronnaz - Leytron - Valais
09/05/2024,12/10/2024,19/10/2024,1024.23,H23RF8B,65 m² Appartement ∙ 2 chambres ∙ 4 personnes,Ovronnaz - Leytron - Valais
09/05/2024,19/10/2024,26/10/2024,1061.94,H23RF8B,65 m² Appartement ∙ 2 chambres ∙ 4 personnes,Ovronnaz - Leytron - Valais
09/05/2024,26/10/2024,02/11/2024,1114.98,H23RF8B,65 m² Appartement ∙ 2 chambres ∙ 4 personnes,Ovronnaz - Leytron - Valais
09/05/2024,11/05/2024,18/05/2024,648.76,HX9PV0U,30 m² Appartement ∙ 1 chambre ∙ 2 personnes,Verbier - Bagnes - Valais
09/05/2024,18/05/2024,25/05/2024,648.76,HX9PV0U,30 m² Appartement ∙ 1 chambre ∙ 2 personnes,Verbier - Bagnes - Valais
09/05/2024,25/05/2024,01/06/2024,734.85,HX9PV0U,30 m² Appartement ∙ 1 chambre ∙ 2 personnes,Verbier - Bagnes - Valais
09/05/2024,01/06/2024,08/06/2024,734.85,HX9PV0U,30 m² Appartement ∙ 1 chambre ∙ 2 personnes,Verbier - Bagnes - Valais
09/05/2024,15/06/2024,22/06/2024,734.85,HX9PV0U,30 m² Appartement ∙ 1 chambre ∙ 2 personnes,Verbier - Bagnes - Valais
09/05/2024,22/06/2024,29/06/2024,734.85,HX9PV0U,30 m² Appartement ∙ 1 chambre ∙ 2 personnes,Verbier - Bagnes - Valais
09/05/2024,31/08/2024,07/09/2024,867.06,HX9PV0U,30 m² Appartement ∙ 1 chambre ∙ 2 personnes,Verbier - Bagnes - Valais
09/05/2024,21/09/2024,28/09/2024,867.06,HX9PV0U,30 m² Appartement ∙ 1 chambre ∙ 2 personnes,Verbier - Bagnes - Valais
09/05/2024,28/09/2024,05/10/2024,867.06,HX9PV0U,30 m² Appartement ∙ 1 chambre ∙ 2 personnes,Verbier - Bagnes - Valais
09/05/2024,05/10/2024,12/10/2024,867.06,HX9PV0U,30 m² Appartement ∙ 1 chambre ∙ 2 personnes,Verbier - Bagnes - Valais
09/05/2024,12/10/2024,19/10/2024,867.06,HX9PV0U,30 m² Appartement ∙ 1 chambre ∙ 2 personnes,Verbier - Bagnes - Valais
09/05/2024,19/10/2024,26/10/2024,867.06,HX9PV0U,30 m² Appartement ∙ 1 chambre ∙ 2 personnes,Verbier - Bagnes - Valais
09/05/2024,26/10/2024,02/11/2024,867.06,HX9PV0U,30 m² Appartement ∙ 1 chambre ∙ 2 personnes,Verbier - Bagnes - Valais
09/05/2024,11/05/2024,18/05/2024,1207.00,HDTU94R,105 m² Maison de vacances ∙ 3 chambres ∙ 6 personnes,Grengiols - Valais
09/05/2024,18/05/2024,25/05/2024,1207.00,HDTU94R,105 m² Maison de vacances ∙ 3 chambres ∙ 6 personnes,Grengiols - Valais
09/05/2024,25/05/2024,01/06/2024,1207.00,HDTU94R,105 m² Maison de vacances ∙ 3 chambres ∙ 6 personnes,Grengiols - Valais
09/05/2024,01/06/2024,08/06/2024,1207.00,HDTU94R,105 m² Maison de vacances ∙ 3 chambres ∙ 6 personnes,Grengiols - Valais
09/05/2024,08/06/2024,15/06/2024,1207.00,HDTU94R,105 m² Maison de vacances ∙ 3 chambres ∙ 6 personnes,Grengiols - Valais
09/05/2024,15/06/2024,22/06/2024,1207.00,HDTU94R,105 m² Maison de vacances ∙ 3 chambres ∙ 6 personnes,Grengiols - Valais
09/05/2024,17/08/2024,24/08/2024,1281.00,HDTU94R,105 m² Maison de vacances ∙ 3 chambres ∙ 6 personnes,Grengiols - Valais
09/05/2024,24/08/2024,31/08/2024,1281.00,HDTU94R,105 m² Maison de vacances ∙ 3 chambres ∙ 6 personnes,Grengiols - Valais
09/05/2024,21/09/2024,28/09/2024,1207.00,HDTU94R,105 m² Maison de vacances ∙ 3 chambres ∙ 6 personnes,Grengiols - Valais
09/05/2024,28/09/2024,05/10/2024,1207.00,HDTU94R,105 m² Maison de vacances ∙ 3 chambres ∙ 6 personnes,Grengiols - Valais
09/05/2024,05/10/2024,12/10/2024,1207.00,HDTU94R,105 m² Maison de vacances ∙ 3 chambres ∙ 6 personnes,Grengiols - Valais
09/05/2024,12/10/2024,19/10/2024,1207.00,HDTU94R,105 m² Maison de vacances ∙ 3 chambres ∙ 6 personnes,Grengiols - Valais
09/05/2024,19/10/2024,26/10/2024,1207.00,HDTU94R,105 m² Maison de vacances ∙ 3 chambres ∙ 6 personnes,Grengiols - Valais
09/05/2024,21/09/2024,28/09/2024,824.01,HKB1D36,35 m² Appartement ∙ 1 chambre ∙ 3 personnes,Zermatt - Valais
09/05/2024,19/10/2024,26/10/2024,824.01,HKB1D36,35 m² Appartement ∙ 1 chambre ∙ 3 personnes,Zermatt - Valais
09/05/2024,11/05/2024,18/05/2024,499.12,HZ2V0M4,32 m² Appartement ∙ 1 chambre ∙ 2 personnes,Crans-Montana - Valais
09/05/2024,18/05/2024,25/05/2024,499.12,HZ2V0M4,32 m² Appartement ∙ 1 chambre ∙ 2 personnes,Crans-Montana - Valais
09/05/2024,25/05/2024,01/06/2024,499.12,HZ2V0M4,32 m² Appartement ∙ 1 chambre ∙ 2 personnes,Crans-Montana - Valais
09/05/2024,20/07/2024,27/07/2024,677.29,HZ2V0M4,32 m² Appartement ∙ 1 chambre ∙ 2 personnes,Crans-Montana - Valais
09/05/2024,27/07/2024,03/08/2024,677.29,HZ2V0M4,32 m² Appartement ∙ 1 chambre ∙ 2 personnes,Crans-Montana - Valais
09/05/2024,03/08/2024,10/08/2024,677.29,HZ2V0M4,32 m² Appartement ∙ 1 chambre ∙ 2 personnes,Crans-Montana - Valais
09/05/2024,21/09/2024,28/09/2024,499.00,HZ2V0M4,32 m² Appartement ∙ 1 chambre ∙ 2 personnes,Crans-Montana - Valais
09/05/2024,28/09/2024,05/10/2024,499.00,HZ2V0M4,32 m² Appartement ∙ 1 chambre ∙ 2 personnes,Crans-Montana - Valais
09/05/2024,05/10/2024,12/10/2024,499.00,HZ2V0M4,32 m² Appartement ∙ 1 chambre ∙ 2 personnes,Crans-Montana - Valais
09/05/2024,12/10/2024,19/10/2024,499.00,HZ2V0M4,32 m² Appartement ∙ 1 chambre ∙ 2 personnes,Crans-Montana - Valais
09/05/2024,19/10/2024,26/10/2024,499.00,HZ2V0M4,32 m² Appartement ∙ 1 chambre ∙ 2 personnes,Crans-Montana - Valais
09/05/2024,26/10/2024,02/11/2024,499.00,HZ2V0M4,32 m² Appartement ∙ 1 chambre ∙ 2 personnes,Crans-Montana - Valais
09/05/2024,18/05/2024,25/05/2024,784.88,HPZ3E1L,4 room apartement Standard,4 room apartement StandardZinal - Ayer - Valais
09/05/2024,01/06/2024,08/06/2024,784.88,HPZ3E1L,4 room apartement Standard,4 room apartement StandardZinal - Ayer - Valais
09/05/2024,08/06/2024,15/06/2024,1103.55,HPZ3E1L,4 room apartement Standard,4 room apartement StandardZinal - Ayer - Valais
09/05/2024,15/06/2024,22/06/2024,1439.63,HPZ3E1L,4 room apartement Standard,4 room apartement StandardZinal - Ayer - Valais
09/05/2024,22/06/2024,29/06/2024,1439.63,HPZ3E1L,4 room apartement Standard,4 room apartement StandardZinal - Ayer - Valais
09/05/2024,29/06/2024,06/07/2024,1805.43,HPZ3E1L,4 room apartement Standard,4 room apartement StandardZinal - Ayer - Valais
09/05/2024,06/07/2024,13/07/2024,2208.12,HPZ3E1L,4 room apartement Standard,4 room apartement StandardZinal - Ayer - Valais
09/05/2024,13/07/2024,20/07/2024,2454.03,HPZ3E1L,4 room apartement Standard,4 room apartement StandardZinal - Ayer - Valais
09/05/2024,20/07/2024,27/07/2024,2454.03,HPZ3E1L,4 room apartement Standard,4 room apartement StandardZinal - Ayer - Valais
09/05/2024,27/07/2024,03/08/2024,2208.12,HPZ3E1L,4 room apartement Standard,4 room apartement StandardZinal - Ayer - Valais
09/05/2024,03/08/2024,10/08/2024,2208.12,HPZ3E1L,4 room apartement Standard,4 room apartement StandardZinal - Ayer - Valais
09/05/2024,10/08/2024,17/08/2024,1805.43,HPZ3E1L,4 room apartement Standard,4 room apartement StandardZinal - Ayer - Valais
09/05/2024,17/08/2024,24/08/2024,1439.63,HPZ3E1L,4 room apartement Standard,4 room apartement StandardZinal - Ayer - Valais
09/05/2024,24/08/2024,31/08/2024,1007.23,HPZ3E1L,4 room apartement Standard,4 room apartement StandardZinal - Ayer - Valais
09/05/2024,31/08/2024,07/09/2024,1007.23,HPZ3E1L,4 room apartement Standard,4 room apartement StandardZinal - Ayer - Valais
09/05/2024,07/09/2024,14/09/2024,1007.23,HPZ3E1L,4 room apartement Standard,4 room apartement StandardZinal - Ayer - Valais
09/05/2024,14/09/2024,21/09/2024,1007.23,HPZ3E1L,4 room apartement Standard,4 room apartement StandardZinal - Ayer - Valais
09/05/2024,21/09/2024,28/09/2024,1007.23,HPZ3E1L,4 room apartement Standard,4 room apartement StandardZinal - Ayer - Valais
09/05/2024,28/09/2024,05/10/2024,1007.23,HPZ3E1L,4 room apartement Standard,4 room apartement StandardZinal - Ayer - Valais
09/05/2024,05/10/2024,12/10/2024,1439.63,HPZ3E1L,4 room apartement Standard,4 room apartement StandardZinal - Ayer - Valais
09/05/2024,12/10/2024,19/10/2024,1439.63,HPZ3E1L,4 room apartement Standard,4 room apartement StandardZinal - Ayer - Valais
09/05/2024,19/10/2024,26/10/2024,1007.23,HPZ3E1L,4 room apartement Standard,4 room apartement StandardZinal - Ayer - Valais
09/05/2024,11/05/2024,18/05/2024,449.72,HS6H0LW,35 m² Appartement ∙ 1 chambre ∙ 2 personnes,Loèche-les-Bains - Valais
09/05/2024,18/05/2024,25/05/2024,449.72,HS6H0LW,35 m² Appartement ∙ 1 chambre ∙ 2 personnes,Loèche-les-Bains - Valais
09/05/2024,25/05/2024,01/06/2024,449.72,HS6H0LW,35 m² Appartement ∙ 1 chambre ∙ 2 personnes,Loèche-les-Bains - Valais
09/05/2024,01/06/2024,08/06/2024,449.72,HS6H0LW,35 m² Appartement ∙ 1 chambre ∙ 2 personnes,Loèche-les-Bains - Valais
09/05/2024,08/06/2024,15/06/2024,449.72,HS6H0LW,35 m² Appartement ∙ 1 chambre ∙ 2 personnes,Loèche-les-Bains - Valais
09/05/2024,15/06/2024,22/06/2024,402.38,HS6H0LW,35 m² Appartement ∙ 1 chambre ∙ 2 personnes,Loèche-les-Bains - Valais
09/05/2024,22/06/2024,29/06/2024,402.38,HS6H0LW,35 m² Appartement ∙ 1 chambre ∙ 2 personnes,Loèche-les-Bains - Valais
09/05/2024,11/05/2024,18/05/2024,770.54,H7PMB95,Aragon P36,Aragon P36Ernen - Valais
09/05/2024,08/06/2024,15/06/2024,1007.23,H7PMB95,Aragon P36,Aragon P36Ernen - Valais
09/05/2024,15/06/2024,22/06/2024,1007.23,H7PMB95,Aragon P36,Aragon P36Ernen - Valais
09/05/2024,22/06/2024,29/06/2024,1007.23,H7PMB95,Aragon P36,Aragon P36Ernen - Valais
09/05/2024,06/07/2024,13/07/2024,1305.40,H7PMB95,Aragon P36,Aragon P36Ernen - Valais
09/05/2024,24/08/2024,31/08/2024,1305.40,H7PMB95,Aragon P36,Aragon P36Ernen - Valais
09/05/2024,31/08/2024,07/09/2024,1007.23,H7PMB95,Aragon P36,Aragon P36Ernen - Valais
09/05/2024,21/09/2024,28/09/2024,1007.23,H7PMB95,Aragon P36,Aragon P36Ernen - Valais
09/05/2024,28/09/2024,05/10/2024,1007.23,H7PMB95,Aragon P36,Aragon P36Ernen - Valais
09/05/2024,05/10/2024,12/10/2024,1007.23,H7PMB95,Aragon P36,Aragon P36Ernen - Valais
09/05/2024,12/10/2024,19/10/2024,1007.23,H7PMB95,Aragon P36,Aragon P36Ernen - Valais
09/05/2024,19/10/2024,26/10/2024,1007.23,H7PMB95,Aragon P36,Aragon P36Ernen - Valais
09/05/2024,26/10/2024,02/11/2024,1007.23,H7PMB95,Aragon P36,Aragon P36Ernen - Valais
09/05/2024,13/07/2024,20/07/2024,1797.24,HGS50D3,60 m² Maison de vacances ∙ 2 chambres ∙ 5 personnes,Evolène - Valais
09/05/2024,20/07/2024,27/07/2024,1797.24,HGS50D3,60 m² Maison de vacances ∙ 2 chambres ∙ 5 personnes,Evolène - Valais
09/05/2024,10/08/2024,17/08/2024,1797.24,HGS50D3,60 m² Maison de vacances ∙ 2 chambres ∙ 5 personnes,Evolène - Valais
09/05/2024,24/08/2024,31/08/2024,1617.92,HGS50D3,60 m² Maison de vacances ∙ 2 chambres ∙ 5 personnes,Evolène - Valais
09/05/2024,28/09/2024,05/10/2024,1617.92,HGS50D3,60 m² Maison de vacances ∙ 2 chambres ∙ 5 personnes,Evolène - Valais
09/05/2024,05/10/2024,12/10/2024,1617.92,HGS50D3,60 m² Maison de vacances ∙ 2 chambres ∙ 5 personnes,Evolène - Valais
09/05/2024,19/10/2024,26/10/2024,1617.92,HGS50D3,60 m² Maison de vacances ∙ 2 chambres ∙ 5 personnes,Evolène - Valais
09/05/2024,26/10/2024,02/11/2024,1617.92,HGS50D3,60 m² Maison de vacances ∙ 2 chambres ∙ 5 personnes,Evolène - Valais
09/05/2024,22/06/2024,29/06/2024,923.65,HKUST76,63 m² Appartement ∙ 1 chambre ∙ 4 personnes,Saas Fee - Valais
09/05/2024,31/08/2024,07/09/2024,923.65,HKUST76,63 m² Appartement ∙ 1 chambre ∙ 4 personnes,Saas Fee - Valais
09/05/2024,07/09/2024,14/09/2024,923.65,HKUST76,63 m² Appartement ∙ 1 chambre ∙ 4 personnes,Saas Fee - Valais
09/05/2024,14/09/2024,21/09/2024,923.65,HKUST76,63 m² Appartement ∙ 1 chambre ∙ 4 personnes,Saas Fee - Valais
09/05/2024,21/09/2024,28/09/2024,923.65,HKUST76,63 m² Appartement ∙ 1 chambre ∙ 4 personnes,Saas Fee - Valais
09/05/2024,28/09/2024,05/10/2024,923.65,HKUST76,63 m² Appartement ∙ 1 chambre ∙ 4 personnes,Saas Fee - Valais
09/05/2024,05/10/2024,12/10/2024,923.65,HKUST76,63 m² Appartement ∙ 1 chambre ∙ 4 personnes,Saas Fee - Valais
09/05/2024,12/10/2024,19/10/2024,923.65,HKUST76,63 m² Appartement ∙ 1 chambre ∙ 4 personnes,Saas Fee - Valais
09/05/2024,19/10/2024,26/10/2024,923.65,HKUST76,63 m² Appartement ∙ 1 chambre ∙ 4 personnes,Saas Fee - Valais
09/05/2024,11/05/2024,18/05/2024,837.14,HN1G4RL,70 m² Appartement ∙ 1 chambre ∙ 4 personnes,Zermatt - Valais
09/05/2024,18/05/2024,25/05/2024,837.14,HN1G4RL,70 m² Appartement ∙ 1 chambre ∙ 4 personnes,Zermatt - Valais
09/05/2024,08/06/2024,15/06/2024,1073.83,HN1G4RL,70 m² Appartement ∙ 1 chambre ∙ 4 personnes,Zermatt - Valais
09/05/2024,15/06/2024,22/06/2024,1073.83,HN1G4RL,70 m² Appartement ∙ 1 chambre ∙ 4 personnes,Zermatt - Valais
09/05/2024,22/06/2024,29/06/2024,1073.83,HN1G4RL,70 m² Appartement ∙ 1 chambre ∙ 4 personnes,Zermatt - Valais
09/05/2024,29/06/2024,06/07/2024,1298.23,HN1G4RL,70 m² Appartement ∙ 1 chambre ∙ 4 personnes,Zermatt - Valais
09/05/2024,06/07/2024,13/07/2024,1298.23,HN1G4RL,70 m² Appartement ∙ 1 chambre ∙ 4 personnes,Zermatt - Valais
09/05/2024,17/08/2024,24/08/2024,1373.03,HN1G4RL,70 m² Appartement ∙ 1 chambre ∙ 4 personnes,Zermatt - Valais
09/05/2024,24/08/2024,31/08/2024,1373.03,HN1G4RL,70 m² Appartement ∙ 1 chambre ∙ 4 personnes,Zermatt - Valais
09/05/2024,31/08/2024,07/09/2024,1141.46,HN1G4RL,70 m² Appartement ∙ 1 chambre ∙ 4 personnes,Zermatt - Valais
09/05/2024,12/10/2024,19/10/2024,1141.46,HN1G4RL,70 m² Appartement ∙ 1 chambre ∙ 4 personnes,Zermatt - Valais
09/05/2024,19/10/2024,26/10/2024,1141.46,HN1G4RL,70 m² Appartement ∙ 1 chambre ∙ 4 personnes,Zermatt - Valais
09/05/2024,26/10/2024,02/11/2024,1141.46,HN1G4RL,70 m² Appartement ∙ 1 chambre ∙ 4 personnes,Zermatt - Valais
09/05/2024,11/05/2024,18/05/2024,593.00,H6T7RSM,70 m² Appartement ∙ 1 chambre ∙ 2 personnes,Zermatt - Valais
09/05/2024,22/06/2024,29/06/2024,759.00,H6T7RSM,70 m² Appartement ∙ 1 chambre ∙ 2 personnes,Zermatt - Valais
09/05/2024,29/06/2024,06/07/2024,884.00,H6T7RSM,70 m² Appartement ∙ 1 chambre ∙ 2 personnes,Zermatt - Valais
09/05/2024,21/09/2024,28/09/2024,759.00,H6T7RSM,70 m² Appartement ∙ 1 chambre ∙ 2 personnes,Zermatt - Valais
09/05/2024,28/09/2024,05/10/2024,759.00,H6T7RSM,70 m² Appartement ∙ 1 chambre ∙ 2 personnes,Zermatt - Valais
09/05/2024,05/10/2024,12/10/2024,759.00,H6T7RSM,70 m² Appartement ∙ 1 chambre ∙ 2 personnes,Zermatt - Valais
09/05/2024,12/10/2024,19/10/2024,759.00,H6T7RSM,70 m² Appartement ∙ 1 chambre ∙ 2 personnes,Zermatt - Valais
09/05/2024,19/10/2024,26/10/2024,759.00,H6T7RSM,70 m² Appartement ∙ 1 chambre ∙ 2 personnes,Zermatt - Valais
09/05/2024,26/10/2024,02/11/2024,759.00,H6T7RSM,70 m² Appartement ∙ 1 chambre ∙ 2 personnes,Zermatt - Valais
09/05/2024,29/06/2024,06/07/2024,329.94,HVBHC07,Appartement ∙ 1 chambre ∙ 9 personnes,Termen - Valais
09/05/2024,31/08/2024,07/09/2024,329.94,HVBHC07,Appartement ∙ 1 chambre ∙ 9 personnes,Termen - Valais
09/05/2024,07/09/2024,14/09/2024,329.94,HVBHC07,Appartement ∙ 1 chambre ∙ 9 personnes,Termen - Valais
09/05/2024,14/09/2024,21/09/2024,329.94,HVBHC07,Appartement ∙ 1 chambre ∙ 9 personnes,Termen - Valais
09/05/2024,21/09/2024,28/09/2024,329.94,HVBHC07,Appartement ∙ 1 chambre ∙ 9 personnes,Termen - Valais
09/05/2024,28/09/2024,05/10/2024,329.94,HVBHC07,Appartement ∙ 1 chambre ∙ 9 personnes,Termen - Valais
09/05/2024,05/10/2024,12/10/2024,329.94,HVBHC07,Appartement ∙ 1 chambre ∙ 9 personnes,Termen - Valais
09/05/2024,01/06/2024,08/06/2024,788.98,HEDXUAC,Appartement ∙ 3 chambres ∙ 8 personnes,Grächen - Valais
09/05/2024,24/08/2024,31/08/2024,788.98,HEDXUAC,Appartement ∙ 3 chambres ∙ 8 personnes,Grächen - Valais
09/05/2024,25/05/2024,01/06/2024,645.53,HL718G4,Appartement ∙ 2 chambres ∙ 5 personnes,Grächen - Valais
09/05/2024,01/06/2024,08/06/2024,645.53,HL718G4,Appartement ∙ 2 chambres ∙ 5 personnes,Grächen - Valais
09/05/2024,08/06/2024,15/06/2024,645.53,HL718G4,Appartement ∙ 2 chambres ∙ 5 personnes,Grächen - Valais
09/05/2024,15/06/2024,22/06/2024,645.53,HL718G4,Appartement ∙ 2 chambres ∙ 5 personnes,Grächen - Valais
09/05/2024,22/06/2024,29/06/2024,645.53,HL718G4,Appartement ∙ 2 chambres ∙ 5 personnes,Grächen - Valais
09/05/2024,29/06/2024,06/07/2024,961.13,HL718G4,Appartement ∙ 2 chambres ∙ 5 personnes,Grächen - Valais
09/05/2024,06/07/2024,13/07/2024,788.98,HL718G4,Appartement ∙ 2 chambres ∙ 5 personnes,Grächen - Valais
09/05/2024,13/07/2024,20/07/2024,788.98,HL718G4,Appartement ∙ 2 chambres ∙ 5 personnes,Grächen - Valais
09/05/2024,20/07/2024,27/07/2024,788.98,HL718G4,Appartement ∙ 2 chambres ∙ 5 personnes,Grächen - Valais
09/05/2024,10/08/2024,17/08/2024,788.98,HL718G4,Appartement ∙ 2 chambres ∙ 5 personnes,Grächen - Valais
09/05/2024,17/08/2024,24/08/2024,788.98,HL718G4,Appartement ∙ 2 chambres ∙ 5 personnes,Grächen - Valais
09/05/2024,24/08/2024,31/08/2024,788.98,HL718G4,Appartement ∙ 2 chambres ∙ 5 personnes,Grächen - Valais
09/05/2024,14/09/2024,21/09/2024,645.53,HL718G4,Appartement ∙ 2 chambres ∙ 5 personnes,Grächen - Valais
09/05/2024,21/09/2024,28/09/2024,645.53,HL718G4,Appartement ∙ 2 chambres ∙ 5 personnes,Grächen - Valais
09/05/2024,28/09/2024,05/10/2024,645.53,HL718G4,Appartement ∙ 2 chambres ∙ 5 personnes,Grächen - Valais
09/05/2024,05/10/2024,12/10/2024,645.53,HL718G4,Appartement ∙ 2 chambres ∙ 5 personnes,Grächen - Valais
09/05/2024,10/08/2024,17/08/2024,920.95,HP7T1KL,60 m² Appartement ∙ 1 chambre ∙ 4 personnes,Saas Grund - Valais
09/05/2024,24/08/2024,31/08/2024,920.95,HP7T1KL,60 m² Appartement ∙ 1 chambre ∙ 4 personnes,Saas Grund - Valais
09/05/2024,31/08/2024,07/09/2024,844.21,HP7T1KL,60 m² Appartement ∙ 1 chambre ∙ 4 personnes,Saas Grund - Valais
09/05/2024,07/09/2024,14/09/2024,844.21,HP7T1KL,60 m² Appartement ∙ 1 chambre ∙ 4 personnes,Saas Grund - Valais
09/05/2024,14/09/2024,21/09/2024,844.21,HP7T1KL,60 m² Appartement ∙ 1 chambre ∙ 4 personnes,Saas Grund - Valais
09/05/2024,21/09/2024,28/09/2024,844.21,HP7T1KL,60 m² Appartement ∙ 1 chambre ∙ 4 personnes,Saas Grund - Valais
09/05/2024,28/09/2024,05/10/2024,844.21,HP7T1KL,60 m² Appartement ∙ 1 chambre ∙ 4 personnes,Saas Grund - Valais
09/05/2024,05/10/2024,12/10/2024,844.21,HP7T1KL,60 m² Appartement ∙ 1 chambre ∙ 4 personnes,Saas Grund - Valais
09/05/2024,12/10/2024,19/10/2024,844.21,HP7T1KL,60 m² Appartement ∙ 1 chambre ∙ 4 personnes,Saas Grund - Valais
09/05/2024,11/05/2024,18/05/2024,613.76,HBYL5E8,60 m² Appartement ∙ 2 chambres ∙ 4 personnes,Orsières - Valais
09/05/2024,18/05/2024,25/05/2024,613.76,HBYL5E8,60 m² Appartement ∙ 2 chambres ∙ 4 personnes,Orsières - Valais
09/05/2024,25/05/2024,01/06/2024,803.32,HBYL5E8,60 m² Appartement ∙ 2 chambres ∙ 4 personnes,Orsières - Valais
09/05/2024,15/06/2024,22/06/2024,803.32,HBYL5E8,60 m² Appartement ∙ 2 chambres ∙ 4 personnes,Orsières - Valais
09/05/2024,14/09/2024,21/09/2024,803.32,HBYL5E8,60 m² Appartement ∙ 2 chambres ∙ 4 personnes,Orsières - Valais
09/05/2024,21/09/2024,28/09/2024,803.32,HBYL5E8,60 m² Appartement ∙ 2 chambres ∙ 4 personnes,Orsières - Valais
09/05/2024,28/09/2024,05/10/2024,803.32,HBYL5E8,60 m² Appartement ∙ 2 chambres ∙ 4 personnes,Orsières - Valais
09/05/2024,05/10/2024,12/10/2024,803.32,HBYL5E8,60 m² Appartement ∙ 2 chambres ∙ 4 personnes,Orsières - Valais
09/05/2024,12/10/2024,19/10/2024,803.32,HBYL5E8,60 m² Appartement ∙ 2 chambres ∙ 4 personnes,Orsières - Valais
09/05/2024,11/05/2024,18/05/2024,695.74,HG07H6A,65 m² Appartement ∙ 2 chambres ∙ 4 personnes,Nendaz - Valais
09/05/2024,18/05/2024,25/05/2024,695.74,HG07H6A,65 m² Appartement ∙ 2 chambres ∙ 4 personnes,Nendaz - Valais
09/05/2024,25/05/2024,01/06/2024,777.71,HG07H6A,65 m² Appartement ∙ 2 chambres ∙ 4 personnes,Nendaz - Valais
09/05/2024,01/06/2024,08/06/2024,777.71,HG07H6A,65 m² Appartement ∙ 2 chambres ∙ 4 personnes,Nendaz - Valais
09/05/2024,08/06/2024,15/06/2024,777.71,HG07H6A,65 m² Appartement ∙ 2 chambres ∙ 4 personnes,Nendaz - Valais
09/05/2024,15/06/2024,22/06/2024,777.71,HG07H6A,65 m² Appartement ∙ 2 chambres ∙ 4 personnes,Nendaz - Valais
09/05/2024,14/09/2024,21/09/2024,903.74,HG07H6A,65 m² Appartement ∙ 2 chambres ∙ 4 personnes,Nendaz - Valais
09/05/2024,21/09/2024,28/09/2024,903.74,HG07H6A,65 m² Appartement ∙ 2 chambres ∙ 4 personnes,Nendaz - Valais
09/05/2024,28/09/2024,05/10/2024,903.74,HG07H6A,65 m² Appartement ∙ 2 chambres ∙ 4 personnes,Nendaz - Valais
09/05/2024,05/10/2024,12/10/2024,903.74,HG07H6A,65 m² Appartement ∙ 2 chambres ∙ 4 personnes,Nendaz - Valais
09/05/2024,12/10/2024,19/10/2024,903.74,HG07H6A,65 m² Appartement ∙ 2 chambres ∙ 4 personnes,Nendaz - Valais
09/05/2024,19/10/2024,26/10/2024,903.74,HG07H6A,65 m² Appartement ∙ 2 chambres ∙ 4 personnes,Nendaz - Valais
09/05/2024,26/10/2024,02/11/2024,903.74,HG07H6A,65 m² Appartement ∙ 2 chambres ∙ 4 personnes,Nendaz - Valais
09/05/2024,25/05/2024,01/06/2024,1111.74,H8X5HDS,Appartement ∙ 3 chambres ∙ 6 personnes,Zermatt - Valais
09/05/2024,01/06/2024,08/06/2024,1111.74,H8X5HDS,Appartement ∙ 3 chambres ∙ 6 personnes,Zermatt - Valais
09/05/2024,08/06/2024,15/06/2024,1111.74,H8X5HDS,Appartement ∙ 3 chambres ∙ 6 personnes,Zermatt - Valais
09/05/2024,15/06/2024,22/06/2024,1111.74,H8X5HDS,Appartement ∙ 3 chambres ∙ 6 personnes,Zermatt - Valais
09/05/2024,22/06/2024,29/06/2024,1111.74,H8X5HDS,Appartement ∙ 3 chambres ∙ 6 personnes,Zermatt - Valais
09/05/2024,31/08/2024,07/09/2024,1456.02,H8X5HDS,Appartement ∙ 3 chambres ∙ 6 personnes,Zermatt - Valais
09/05/2024,07/09/2024,14/09/2024,1456.02,H8X5HDS,Appartement ∙ 3 chambres ∙ 6 personnes,Zermatt - Valais
09/05/2024,14/09/2024,21/09/2024,1111.74,H8X5HDS,Appartement ∙ 3 chambres ∙ 6 personnes,Zermatt - Valais
09/05/2024,21/09/2024,28/09/2024,1111.74,H8X5HDS,Appartement ∙ 3 chambres ∙ 6 personnes,Zermatt - Valais
09/05/2024,28/09/2024,05/10/2024,1111.74,H8X5HDS,Appartement ∙ 3 chambres ∙ 6 personnes,Zermatt - Valais
09/05/2024,05/10/2024,12/10/2024,1111.74,H8X5HDS,Appartement ∙ 3 chambres ∙ 6 personnes,Zermatt - Valais
09/05/2024,12/10/2024,19/10/2024,1111.74,H8X5HDS,Appartement ∙ 3 chambres ∙ 6 personnes,Zermatt - Valais
09/05/2024,19/10/2024,26/10/2024,1111.74,H8X5HDS,Appartement ∙ 3 chambres ∙ 6 personnes,Zermatt - Valais
09/05/2024,26/10/2024,02/11/2024,1111.74,H8X5HDS,Appartement ∙ 3 chambres ∙ 6 personnes,Zermatt - Valais
09/05/2024,13/07/2024,20/07/2024,1274.15,HK8ED5N,48 m² Appartement ∙ 1 chambre ∙ 4 personnes,Saas Fee - Valais
09/05/2024,20/07/2024,27/07/2024,1274.15,HK8ED5N,48 m² Appartement ∙ 1 chambre ∙ 4 personnes,Saas Fee - Valais
09/05/2024,10/08/2024,17/08/2024,1274.15,HK8ED5N,48 m² Appartement ∙ 1 chambre ∙ 4 personnes,Saas Fee - Valais
09/05/2024,17/08/2024,24/08/2024,813.67,HK8ED5N,48 m² Appartement ∙ 1 chambre ∙ 4 personnes,Saas Fee - Valais
09/05/2024,24/08/2024,31/08/2024,813.67,HK8ED5N,48 m² Appartement ∙ 1 chambre ∙ 4 personnes,Saas Fee - Valais
09/05/2024,31/08/2024,07/09/2024,813.67,HK8ED5N,48 m² Appartement ∙ 1 chambre ∙ 4 personnes,Saas Fee - Valais
09/05/2024,07/09/2024,14/09/2024,813.67,HK8ED5N,48 m² Appartement ∙ 1 chambre ∙ 4 personnes,Saas Fee - Valais
09/05/2024,14/09/2024,21/09/2024,813.67,HK8ED5N,48 m² Appartement ∙ 1 chambre ∙ 4 personnes,Saas Fee - Valais
09/05/2024,21/09/2024,28/09/2024,813.67,HK8ED5N,48 m² Appartement ∙ 1 chambre ∙ 4 personnes,Saas Fee - Valais
09/05/2024,28/09/2024,05/10/2024,813.67,HK8ED5N,48 m² Appartement ∙ 1 chambre ∙ 4 personnes,Saas Fee - Valais
09/05/2024,05/10/2024,12/10/2024,813.67,HK8ED5N,48 m² Appartement ∙ 1 chambre ∙ 4 personnes,Saas Fee - Valais
09/05/2024,12/10/2024,19/10/2024,813.67,HK8ED5N,48 m² Appartement ∙ 1 chambre ∙ 4 personnes,Saas Fee - Valais
09/05/2024,19/10/2024,26/10/2024,813.67,HK8ED5N,48 m² Appartement ∙ 1 chambre ∙ 4 personnes,Saas Fee - Valais
09/05/2024,26/10/2024,02/11/2024,813.67,HK8ED5N,48 m² Appartement ∙ 1 chambre ∙ 4 personnes,Saas Fee - Valais
09/05/2024,11/05/2024,18/05/2024,658.44,HHYBV1M,65 m² Appartement ∙ 2 chambres ∙ 5 personnes,Saas Grund - Valais
09/05/2024,18/05/2024,25/05/2024,616.63,HHYBV1M,65 m² Appartement ∙ 2 chambres ∙ 5 personnes,Saas Grund - Valais
09/05/2024,01/06/2024,08/06/2024,512.12,HHYBV1M,65 m² Appartement ∙ 2 chambres ∙ 5 personnes,Saas Grund - Valais
09/05/2024,08/06/2024,15/06/2024,512.12,HHYBV1M,65 m² Appartement ∙ 2 chambres ∙ 5 personnes,Saas Grund - Valais
09/05/2024,22/06/2024,29/06/2024,731.60,HHYBV1M,65 m² Appartement ∙ 2 chambres ∙ 5 personnes,Saas Grund - Valais
09/05/2024,31/08/2024,07/09/2024,512.12,HHYBV1M,65 m² Appartement ∙ 2 chambres ∙ 5 personnes,Saas Grund - Valais
09/05/2024,07/09/2024,14/09/2024,512.12,HHYBV1M,65 m² Appartement ∙ 2 chambres ∙ 5 personnes,Saas Grund - Valais
09/05/2024,14/09/2024,21/09/2024,658.44,HHYBV1M,65 m² Appartement ∙ 2 chambres ∙ 5 personnes,Saas Grund - Valais
09/05/2024,21/09/2024,28/09/2024,658.44,HHYBV1M,65 m² Appartement ∙ 2 chambres ∙ 5 personnes,Saas Grund - Valais
09/05/2024,28/09/2024,05/10/2024,658.44,HHYBV1M,65 m² Appartement ∙ 2 chambres ∙ 5 personnes,Saas Grund - Valais
09/05/2024,05/10/2024,12/10/2024,658.44,HHYBV1M,65 m² Appartement ∙ 2 chambres ∙ 5 personnes,Saas Grund - Valais
09/05/2024,12/10/2024,19/10/2024,658.44,HHYBV1M,65 m² Appartement ∙ 2 chambres ∙ 5 personnes,Saas Grund - Valais
09/05/2024,19/10/2024,26/10/2024,658.44,HHYBV1M,65 m² Appartement ∙ 2 chambres ∙ 5 personnes,Saas Grund - Valais
09/05/2024,26/10/2024,02/11/2024,658.44,HHYBV1M,65 m² Appartement ∙ 2 chambres ∙ 5 personnes,Saas Grund - Valais
09/05/2024,18/05/2024,25/05/2024,548.70,H0NJPRC,35 m² Appartement ∙ 1 chambre ∙ 2 personnes,Saas Fee - Valais
09/05/2024,25/05/2024,01/06/2024,548.70,H0NJPRC,35 m² Appartement ∙ 1 chambre ∙ 2 personnes,Saas Fee - Valais
09/05/2024,01/06/2024,08/06/2024,548.70,H0NJPRC,35 m² Appartement ∙ 1 chambre ∙ 2 personnes,Saas Fee - Valais
09/05/2024,29/06/2024,06/07/2024,548.70,H0NJPRC,35 m² Appartement ∙ 1 chambre ∙ 2 personnes,Saas Fee - Valais
09/05/2024,13/07/2024,20/07/2024,548.70,H0NJPRC,35 m² Appartement ∙ 1 chambre ∙ 2 personnes,Saas Fee - Valais
09/05/2024,20/07/2024,27/07/2024,548.70,H0NJPRC,35 m² Appartement ∙ 1 chambre ∙ 2 personnes,Saas Fee - Valais
09/05/2024,27/07/2024,03/08/2024,548.70,H0NJPRC,35 m² Appartement ∙ 1 chambre ∙ 2 personnes,Saas Fee - Valais
09/05/2024,07/09/2024,14/09/2024,548.70,H0NJPRC,35 m² Appartement ∙ 1 chambre ∙ 2 personnes,Saas Fee - Valais
09/05/2024,14/09/2024,21/09/2024,548.70,H0NJPRC,35 m² Appartement ∙ 1 chambre ∙ 2 personnes,Saas Fee - Valais
09/05/2024,21/09/2024,28/09/2024,548.70,H0NJPRC,35 m² Appartement ∙ 1 chambre ∙ 2 personnes,Saas Fee - Valais
09/05/2024,12/10/2024,19/10/2024,548.70,H0NJPRC,35 m² Appartement ∙ 1 chambre ∙ 2 personnes,Saas Fee - Valais
09/05/2024,19/10/2024,26/10/2024,548.70,H0NJPRC,35 m² Appartement ∙ 1 chambre ∙ 2 personnes,Saas Fee - Valais
09/05/2024,26/10/2024,02/11/2024,553.92,H0NJPRC,35 m² Appartement ∙ 1 chambre ∙ 2 personnes,Saas Fee - Valais
09/05/2024,18/05/2024,25/05/2024,658.44,H5UG3FX,70 m² Appartement ∙ 2 chambres ∙ 4 personnes,Loèche-les-Bains - Valais
09/05/2024,15/06/2024,22/06/2024,774.63,H5UG3FX,70 m² Appartement ∙ 2 chambres ∙ 4 personnes,Loèche-les-Bains - Valais
09/05/2024,22/06/2024,29/06/2024,774.63,H5UG3FX,70 m² Appartement ∙ 2 chambres ∙ 4 personnes,Loèche-les-Bains - Valais
09/05/2024,29/06/2024,06/07/2024,731.60,H5UG3FX,70 m² Appartement ∙ 2 chambres ∙ 4 personnes,Loèche-les-Bains - Valais
09/05/2024,06/07/2024,13/07/2024,731.60,H5UG3FX,70 m² Appartement ∙ 2 chambres ∙ 4 personnes,Loèche-les-Bains - Valais
09/05/2024,13/07/2024,20/07/2024,731.60,H5UG3FX,70 m² Appartement ∙ 2 chambres ∙ 4 personnes,Loèche-les-Bains - Valais
09/05/2024,31/08/2024,07/09/2024,774.63,H5UG3FX,70 m² Appartement ∙ 2 chambres ∙ 4 personnes,Loèche-les-Bains - Valais
09/05/2024,07/09/2024,14/09/2024,774.63,H5UG3FX,70 m² Appartement ∙ 2 chambres ∙ 4 personnes,Loèche-les-Bains - Valais
09/05/2024,14/09/2024,21/09/2024,774.63,H5UG3FX,70 m² Appartement ∙ 2 chambres ∙ 4 personnes,Loèche-les-Bains - Valais
09/05/2024,21/09/2024,28/09/2024,774.63,H5UG3FX,70 m² Appartement ∙ 2 chambres ∙ 4 personnes,Loèche-les-Bains - Valais
09/05/2024,28/09/2024,05/10/2024,731.60,H5UG3FX,70 m² Appartement ∙ 2 chambres ∙ 4 personnes,Loèche-les-Bains - Valais
09/05/2024,05/10/2024,12/10/2024,731.60,H5UG3FX,70 m² Appartement ∙ 2 chambres ∙ 4 personnes,Loèche-les-Bains - Valais
09/05/2024,12/10/2024,19/10/2024,731.60,H5UG3FX,70 m² Appartement ∙ 2 chambres ∙ 4 personnes,Loèche-les-Bains - Valais
09/05/2024,19/10/2024,26/10/2024,731.60,H5UG3FX,70 m² Appartement ∙ 2 chambres ∙ 4 personnes,Loèche-les-Bains - Valais
09/05/2024,26/10/2024,02/11/2024,774.63,H5UG3FX,70 m² Appartement ∙ 2 chambres ∙ 4 personnes,Loèche-les-Bains - Valais
09/05/2024,11/05/2024,18/05/2024,788.98,H06GHFP,Appartement ∙ 2 chambres ∙ 6 personnes,Champéry - Valais
09/05/2024,18/05/2024,25/05/2024,788.98,H06GHFP,Appartement ∙ 2 chambres ∙ 6 personnes,Champéry - Valais
09/05/2024,25/05/2024,01/06/2024,932.43,H06GHFP,Appartement ∙ 2 chambres ∙ 6 personnes,Champéry - Valais
09/05/2024,01/06/2024,08/06/2024,932.43,H06GHFP,Appartement ∙ 2 chambres ∙ 6 personnes,Champéry - Valais
09/05/2024,08/06/2024,15/06/2024,932.43,H06GHFP,Appartement ∙ 2 chambres ∙ 6 personnes,Champéry - Valais
09/05/2024,15/06/2024,22/06/2024,932.43,H06GHFP,Appartement ∙ 2 chambres ∙ 6 personnes,Champéry - Valais
09/05/2024,22/06/2024,29/06/2024,932.43,H06GHFP,Appartement ∙ 2 chambres ∙ 6 personnes,Champéry - Valais
09/05/2024,13/07/2024,20/07/2024,1219.33,H06GHFP,Appartement ∙ 2 chambres ∙ 6 personnes,Champéry - Valais
09/05/2024,17/08/2024,24/08/2024,1219.33,H06GHFP,Appartement ∙ 2 chambres ∙ 6 personnes,Champéry - Valais
09/05/2024,24/08/2024,31/08/2024,932.43,H06GHFP,Appartement ∙ 2 chambres ∙ 6 personnes,Champéry - Valais
09/05/2024,31/08/2024,07/09/2024,932.43,H06GHFP,Appartement ∙ 2 chambres ∙ 6 personnes,Champéry - Valais
09/05/2024,07/09/2024,14/09/2024,932.43,H06GHFP,Appartement ∙ 2 chambres ∙ 6 personnes,Champéry - Valais
09/05/2024,14/09/2024,21/09/2024,932.43,H06GHFP,Appartement ∙ 2 chambres ∙ 6 personnes,Champéry - Valais
09/05/2024,21/09/2024,28/09/2024,932.43,H06GHFP,Appartement ∙ 2 chambres ∙ 6 personnes,Champéry - Valais
09/05/2024,28/09/2024,05/10/2024,788.98,H06GHFP,Appartement ∙ 2 chambres ∙ 6 personnes,Champéry - Valais
09/05/2024,05/10/2024,12/10/2024,788.98,H06GHFP,Appartement ∙ 2 chambres ∙ 6 personnes,Champéry - Valais
09/05/2024,12/10/2024,19/10/2024,788.98,H06GHFP,Appartement ∙ 2 chambres ∙ 6 personnes,Champéry - Valais
09/05/2024,19/10/2024,26/10/2024,788.98,H06GHFP,Appartement ∙ 2 chambres ∙ 6 personnes,Champéry - Valais
09/05/2024,26/10/2024,02/11/2024,788.98,H06GHFP,Appartement ∙ 2 chambres ∙ 6 personnes,Champéry - Valais
09/05/2024,18/05/2024,25/05/2024,2464.28,H0YLJ8W,275 m² Maison de vacances ∙ 8 chambres ∙ 16 personnes,Riddes - Valais
09/05/2024,25/05/2024,01/06/2024,2464.28,H0YLJ8W,275 m² Maison de vacances ∙ 8 chambres ∙ 16 personnes,Riddes - Valais
09/05/2024,01/06/2024,08/06/2024,2464.28,H0YLJ8W,275 m² Maison de vacances ∙ 8 chambres ∙ 16 personnes,Riddes - Valais
09/05/2024,15/06/2024,22/06/2024,2464.28,H0YLJ8W,275 m² Maison de vacances ∙ 8 chambres ∙ 16 personnes,Riddes - Valais
09/05/2024,22/06/2024,29/06/2024,2464.28,H0YLJ8W,275 m² Maison de vacances ∙ 8 chambres ∙ 16 personnes,Riddes - Valais
09/05/2024,29/06/2024,06/07/2024,2464.28,H0YLJ8W,275 m² Maison de vacances ∙ 8 chambres ∙ 16 personnes,Riddes - Valais
09/05/2024,06/07/2024,13/07/2024,2689.70,H0YLJ8W,275 m² Maison de vacances ∙ 8 chambres ∙ 16 personnes,Riddes - Valais
09/05/2024,13/07/2024,20/07/2024,2689.70,H0YLJ8W,275 m² Maison de vacances ∙ 8 chambres ∙ 16 personnes,Riddes - Valais
09/05/2024,10/08/2024,17/08/2024,2689.70,H0YLJ8W,275 m² Maison de vacances ∙ 8 chambres ∙ 16 personnes,Riddes - Valais
09/05/2024,24/08/2024,31/08/2024,2464.28,H0YLJ8W,275 m² Maison de vacances ∙ 8 chambres ∙ 16 personnes,Riddes - Valais
09/05/2024,31/08/2024,07/09/2024,2464.28,H0YLJ8W,275 m² Maison de vacances ∙ 8 chambres ∙ 16 personnes,Riddes - Valais
09/05/2024,07/09/2024,14/09/2024,2464.28,H0YLJ8W,275 m² Maison de vacances ∙ 8 chambres ∙ 16 personnes,Riddes - Valais
09/05/2024,14/09/2024,21/09/2024,2464.28,H0YLJ8W,275 m² Maison de vacances ∙ 8 chambres ∙ 16 personnes,Riddes - Valais
09/05/2024,21/09/2024,28/09/2024,2464.28,H0YLJ8W,275 m² Maison de vacances ∙ 8 chambres ∙ 16 personnes,Riddes - Valais
09/05/2024,28/09/2024,05/10/2024,2464.28,H0YLJ8W,275 m² Maison de vacances ∙ 8 chambres ∙ 16 personnes,Riddes - Valais
09/05/2024,05/10/2024,12/10/2024,2464.28,H0YLJ8W,275 m² Maison de vacances ∙ 8 chambres ∙ 16 personnes,Riddes - Valais
09/05/2024,12/10/2024,19/10/2024,2464.28,H0YLJ8W,275 m² Maison de vacances ∙ 8 chambres ∙ 16 personnes,Riddes - Valais
09/05/2024,19/10/2024,26/10/2024,2464.28,H0YLJ8W,275 m² Maison de vacances ∙ 8 chambres ∙ 16 personnes,Riddes - Valais
09/05/2024,26/10/2024,02/11/2024,2464.28,H0YLJ8W,275 m² Maison de vacances ∙ 8 chambres ∙ 16 personnes,Riddes - Valais
09/05/2024,08/06/2024,15/06/2024,645.53,HRG9MK2,Appartement ∙ 2 chambres ∙ 5 personnes,Grächen - Valais
09/05/2024,15/06/2024,22/06/2024,645.53,HRG9MK2,Appartement ∙ 2 chambres ∙ 5 personnes,Grächen - Valais
09/05/2024,22/06/2024,29/06/2024,645.53,HRG9MK2,Appartement ∙ 2 chambres ∙ 5 personnes,Grächen - Valais
09/05/2024,29/06/2024,06/07/2024,645.53,HRG9MK2,Appartement ∙ 2 chambres ∙ 5 personnes,Grächen - Valais
09/05/2024,06/07/2024,13/07/2024,645.53,HRG9MK2,Appartement ∙ 2 chambres ∙ 5 personnes,Grächen - Valais
09/05/2024,13/07/2024,20/07/2024,860.71,HRG9MK2,Appartement ∙ 2 chambres ∙ 5 personnes,Grächen - Valais
09/05/2024,20/07/2024,27/07/2024,860.71,HRG9MK2,Appartement ∙ 2 chambres ∙ 5 personnes,Grächen - Valais
09/05/2024,24/08/2024,31/08/2024,645.53,HRG9MK2,Appartement ∙ 2 chambres ∙ 5 personnes,Grächen - Valais
09/05/2024,31/08/2024,07/09/2024,645.53,HRG9MK2,Appartement ∙ 2 chambres ∙ 5 personnes,Grächen - Valais
09/05/2024,21/09/2024,28/09/2024,645.53,HRG9MK2,Appartement ∙ 2 chambres ∙ 5 personnes,Grächen - Valais
09/05/2024,28/09/2024,05/10/2024,645.53,HRG9MK2,Appartement ∙ 2 chambres ∙ 5 personnes,Grächen - Valais
09/05/2024,05/10/2024,12/10/2024,645.53,HRG9MK2,Appartement ∙ 2 chambres ∙ 5 personnes,Grächen - Valais
09/05/2024,12/10/2024,19/10/2024,645.53,HRG9MK2,Appartement ∙ 2 chambres ∙ 5 personnes,Grächen - Valais
09/05/2024,19/10/2024,26/10/2024,645.53,HRG9MK2,Appartement ∙ 2 chambres ∙ 5 personnes,Grächen - Valais
09/05/2024,26/10/2024,02/11/2024,645.53,HRG9MK2,Appartement ∙ 2 chambres ∙ 5 personnes,Grächen - Valais
09/05/2024,18/05/2024,25/05/2024,244.13,HTG1EYK,33 m² Appartement ∙ 1 chambre ∙ 4 personnes,Nendaz - Valais
09/05/2024,25/05/2024,01/06/2024,244.13,HTG1EYK,33 m² Appartement ∙ 1 chambre ∙ 4 personnes,Nendaz - Valais
09/05/2024,01/06/2024,08/06/2024,299.14,HTG1EYK,33 m² Appartement ∙ 1 chambre ∙ 4 personnes,Nendaz - Valais
09/05/2024,08/06/2024,15/06/2024,299.14,HTG1EYK,33 m² Appartement ∙ 1 chambre ∙ 4 personnes,Nendaz - Valais
09/05/2024,15/06/2024,22/06/2024,299.14,HTG1EYK,33 m² Appartement ∙ 1 chambre ∙ 4 personnes,Nendaz - Valais
09/05/2024,22/06/2024,29/06/2024,415.14,HTG1EYK,33 m² Appartement ∙ 1 chambre ∙ 4 personnes,Nendaz - Valais
09/05/2024,29/06/2024,06/07/2024,415.14,HTG1EYK,33 m² Appartement ∙ 1 chambre ∙ 4 personnes,Nendaz - Valais
09/05/2024,06/07/2024,13/07/2024,557.33,HTG1EYK,33 m² Appartement ∙ 1 chambre ∙ 4 personnes,Nendaz - Valais
09/05/2024,13/07/2024,20/07/2024,557.33,HTG1EYK,33 m² Appartement ∙ 1 chambre ∙ 4 personnes,Nendaz - Valais
09/05/2024,20/07/2024,27/07/2024,557.33,HTG1EYK,33 m² Appartement ∙ 1 chambre ∙ 4 personnes,Nendaz - Valais
09/05/2024,27/07/2024,03/08/2024,557.33,HTG1EYK,33 m² Appartement ∙ 1 chambre ∙ 4 personnes,Nendaz - Valais
09/05/2024,03/08/2024,10/08/2024,557.33,HTG1EYK,33 m² Appartement ∙ 1 chambre ∙ 4 personnes,Nendaz - Valais
09/05/2024,10/08/2024,17/08/2024,557.33,HTG1EYK,33 m² Appartement ∙ 1 chambre ∙ 4 personnes,Nendaz - Valais
09/05/2024,17/08/2024,24/08/2024,415.14,HTG1EYK,33 m² Appartement ∙ 1 chambre ∙ 4 personnes,Nendaz - Valais
09/05/2024,24/08/2024,31/08/2024,308.46,HTG1EYK,33 m² Appartement ∙ 1 chambre ∙ 4 personnes,Nendaz - Valais
09/05/2024,31/08/2024,07/09/2024,308.46,HTG1EYK,33 m² Appartement ∙ 1 chambre ∙ 4 personnes,Nendaz - Valais
09/05/2024,07/09/2024,14/09/2024,308.46,HTG1EYK,33 m² Appartement ∙ 1 chambre ∙ 4 personnes,Nendaz - Valais
09/05/2024,14/09/2024,21/09/2024,308.46,HTG1EYK,33 m² Appartement ∙ 1 chambre ∙ 4 personnes,Nendaz - Valais
09/05/2024,21/09/2024,28/09/2024,308.46,HTG1EYK,33 m² Appartement ∙ 1 chambre ∙ 4 personnes,Nendaz - Valais
09/05/2024,28/09/2024,05/10/2024,308.46,HTG1EYK,33 m² Appartement ∙ 1 chambre ∙ 4 personnes,Nendaz - Valais
09/05/2024,05/10/2024,12/10/2024,308.46,HTG1EYK,33 m² Appartement ∙ 1 chambre ∙ 4 personnes,Nendaz - Valais
09/05/2024,12/10/2024,19/10/2024,308.46,HTG1EYK,33 m² Appartement ∙ 1 chambre ∙ 4 personnes,Nendaz - Valais
09/05/2024,19/10/2024,26/10/2024,308.46,HTG1EYK,33 m² Appartement ∙ 1 chambre ∙ 4 personnes,Nendaz - Valais
09/05/2024,26/10/2024,02/11/2024,308.46,HTG1EYK,33 m² Appartement ∙ 1 chambre ∙ 4 personnes,Nendaz - Valais
09/05/2024,11/05/2024,18/05/2024,743.00,HV3DR8Z,70 m² Appartement ∙ 2 chambres ∙ 4 personnes,Ovronnaz - Leytron - Valais
09/05/2024,18/05/2024,25/05/2024,743.00,HV3DR8Z,70 m² Appartement ∙ 2 chambres ∙ 4 personnes,Ovronnaz - Leytron - Valais
09/05/2024,22/06/2024,29/06/2024,814.00,HV3DR8Z,70 m² Appartement ∙ 2 chambres ∙ 4 personnes,Ovronnaz - Leytron - Valais
09/05/2024,29/06/2024,06/07/2024,866.00,HV3DR8Z,70 m² Appartement ∙ 2 chambres ∙ 4 personnes,Ovronnaz - Leytron - Valais
09/05/2024,10/08/2024,17/08/2024,1095.00,HV3DR8Z,70 m² Appartement ∙ 2 chambres ∙ 4 personnes,Ovronnaz - Leytron - Valais
09/05/2024,17/08/2024,24/08/2024,1095.00,HV3DR8Z,70 m² Appartement ∙ 2 chambres ∙ 4 personnes,Ovronnaz - Leytron - Valais
09/05/2024,24/08/2024,31/08/2024,920.00,HV3DR8Z,70 m² Appartement ∙ 2 chambres ∙ 4 personnes,Ovronnaz - Leytron - Valais
09/05/2024,31/08/2024,07/09/2024,920.00,HV3DR8Z,70 m² Appartement ∙ 2 chambres ∙ 4 personnes,Ovronnaz - Leytron - Valais
09/05/2024,07/09/2024,14/09/2024,920.00,HV3DR8Z,70 m² Appartement ∙ 2 chambres ∙ 4 personnes,Ovronnaz - Leytron - Valais
09/05/2024,14/09/2024,21/09/2024,920.00,HV3DR8Z,70 m² Appartement ∙ 2 chambres ∙ 4 personnes,Ovronnaz - Leytron - Valais
09/05/2024,21/09/2024,28/09/2024,920.00,HV3DR8Z,70 m² Appartement ∙ 2 chambres ∙ 4 personnes,Ovronnaz - Leytron - Valais
09/05/2024,28/09/2024,05/10/2024,920.00,HV3DR8Z,70 m² Appartement ∙ 2 chambres ∙ 4 personnes,Ovronnaz - Leytron - Valais
09/05/2024,05/10/2024,12/10/2024,920.00,HV3DR8Z,70 m² Appartement ∙ 2 chambres ∙ 4 personnes,Ovronnaz - Leytron - Valais
09/05/2024,12/10/2024,19/10/2024,920.00,HV3DR8Z,70 m² Appartement ∙ 2 chambres ∙ 4 personnes,Ovronnaz - Leytron - Valais
09/05/2024,19/10/2024,26/10/2024,920.00,HV3DR8Z,70 m² Appartement ∙ 2 chambres ∙ 4 personnes,Ovronnaz - Leytron - Valais
09/05/2024,26/10/2024,02/11/2024,920.00,HV3DR8Z,70 m² Appartement ∙ 2 chambres ∙ 4 personnes,Ovronnaz - Leytron - Valais
09/05/2024,11/05/2024,18/05/2024,794.10,HDVK3F1,Appartement ∙ 1 chambre ∙ 2 personnes,Riederalp - Valais
09/05/2024,24/08/2024,31/08/2024,794.10,HDVK3F1,Appartement ∙ 1 chambre ∙ 2 personnes,Riederalp - Valais
09/05/2024,31/08/2024,07/09/2024,794.10,HDVK3F1,Appartement ∙ 1 chambre ∙ 2 personnes,Riederalp - Valais
09/05/2024,07/09/2024,14/09/2024,794.10,HDVK3F1,Appartement ∙ 1 chambre ∙ 2 personnes,Riederalp - Valais
09/05/2024,14/09/2024,21/09/2024,794.10,HDVK3F1,Appartement ∙ 1 chambre ∙ 2 personnes,Riederalp - Valais
09/05/2024,21/09/2024,28/09/2024,794.10,HDVK3F1,Appartement ∙ 1 chambre ∙ 2 personnes,Riederalp - Valais
09/05/2024,28/09/2024,05/10/2024,794.10,HDVK3F1,Appartement ∙ 1 chambre ∙ 2 personnes,Riederalp - Valais
09/05/2024,05/10/2024,12/10/2024,794.10,HDVK3F1,Appartement ∙ 1 chambre ∙ 2 personnes,Riederalp - Valais
09/05/2024,12/10/2024,19/10/2024,794.10,HDVK3F1,Appartement ∙ 1 chambre ∙ 2 personnes,Riederalp - Valais
09/05/2024,19/10/2024,26/10/2024,794.10,HDVK3F1,Appartement ∙ 1 chambre ∙ 2 personnes,Riederalp - Valais
09/05/2024,26/10/2024,02/11/2024,794.10,HDVK3F1,Appartement ∙ 1 chambre ∙ 2 personnes,Riederalp - Valais
09/05/2024,11/05/2024,18/05/2024,1857.44,HKG1BWV,220 m² Maison de vacances ∙ 5 chambres ∙ 10 personnes,Riddes - Valais
09/05/2024,18/05/2024,25/05/2024,1857.44,HKG1BWV,220 m² Maison de vacances ∙ 5 chambres ∙ 10 personnes,Riddes - Valais
09/05/2024,25/05/2024,01/06/2024,1857.44,HKG1BWV,220 m² Maison de vacances ∙ 5 chambres ∙ 10 personnes,Riddes - Valais
09/05/2024,01/06/2024,08/06/2024,1857.44,HKG1BWV,220 m² Maison de vacances ∙ 5 chambres ∙ 10 personnes,Riddes - Valais
09/05/2024,08/06/2024,15/06/2024,1857.44,HKG1BWV,220 m² Maison de vacances ∙ 5 chambres ∙ 10 personnes,Riddes - Valais
09/05/2024,15/06/2024,22/06/2024,1857.44,HKG1BWV,220 m² Maison de vacances ∙ 5 chambres ∙ 10 personnes,Riddes - Valais
09/05/2024,31/08/2024,07/09/2024,1857.44,HKG1BWV,220 m² Maison de vacances ∙ 5 chambres ∙ 10 personnes,Riddes - Valais
09/05/2024,05/10/2024,12/10/2024,1857.44,HKG1BWV,220 m² Maison de vacances ∙ 5 chambres ∙ 10 personnes,Riddes - Valais
09/05/2024,12/10/2024,19/10/2024,1857.44,HKG1BWV,220 m² Maison de vacances ∙ 5 chambres ∙ 10 personnes,Riddes - Valais
09/05/2024,19/10/2024,26/10/2024,1857.44,HKG1BWV,220 m² Maison de vacances ∙ 5 chambres ∙ 10 personnes,Riddes - Valais
09/05/2024,26/10/2024,02/11/2024,1857.44,HKG1BWV,220 m² Maison de vacances ∙ 5 chambres ∙ 10 personnes,Riddes - Valais
09/05/2024,18/05/2024,25/05/2024,565.61,HV0YZX9,55 m² Appartement ∙ 1 chambre ∙ 4 personnes,Ovronnaz - Leytron - Valais
09/05/2024,25/05/2024,01/06/2024,695.74,HV0YZX9,55 m² Appartement ∙ 1 chambre ∙ 4 personnes,Ovronnaz - Leytron - Valais
09/05/2024,01/06/2024,08/06/2024,695.74,HV0YZX9,55 m² Appartement ∙ 1 chambre ∙ 4 personnes,Ovronnaz - Leytron - Valais
09/05/2024,08/06/2024,15/06/2024,695.74,HV0YZX9,55 m² Appartement ∙ 1 chambre ∙ 4 personnes,Ovronnaz - Leytron - Valais
09/05/2024,15/06/2024,22/06/2024,695.74,HV0YZX9,55 m² Appartement ∙ 1 chambre ∙ 4 personnes,Ovronnaz - Leytron - Valais
09/05/2024,22/06/2024,29/06/2024,695.74,HV0YZX9,55 m² Appartement ∙ 1 chambre ∙ 4 personnes,Ovronnaz - Leytron - Valais
09/05/2024,29/06/2024,06/07/2024,695.74,HV0YZX9,55 m² Appartement ∙ 1 chambre ∙ 4 personnes,Ovronnaz - Leytron - Valais
09/05/2024,06/07/2024,13/07/2024,695.74,HV0YZX9,55 m² Appartement ∙ 1 chambre ∙ 4 personnes,Ovronnaz - Leytron - Valais
09/05/2024,13/07/2024,20/07/2024,755.17,HV0YZX9,55 m² Appartement ∙ 1 chambre ∙ 4 personnes,Ovronnaz - Leytron - Valais
09/05/2024,20/07/2024,27/07/2024,755.17,HV0YZX9,55 m² Appartement ∙ 1 chambre ∙ 4 personnes,Ovronnaz - Leytron - Valais
09/05/2024,27/07/2024,03/08/2024,755.17,HV0YZX9,55 m² Appartement ∙ 1 chambre ∙ 4 personnes,Ovronnaz - Leytron - Valais
09/05/2024,24/08/2024,31/08/2024,695.74,HV0YZX9,55 m² Appartement ∙ 1 chambre ∙ 4 personnes,Ovronnaz - Leytron - Valais
09/05/2024,31/08/2024,07/09/2024,695.74,HV0YZX9,55 m² Appartement ∙ 1 chambre ∙ 4 personnes,Ovronnaz - Leytron - Valais
09/05/2024,07/09/2024,14/09/2024,695.74,HV0YZX9,55 m² Appartement ∙ 1 chambre ∙ 4 personnes,Ovronnaz - Leytron - Valais
09/05/2024,14/09/2024,21/09/2024,695.74,HV0YZX9,55 m² Appartement ∙ 1 chambre ∙ 4 personnes,Ovronnaz - Leytron - Valais
09/05/2024,21/09/2024,28/09/2024,695.74,HV0YZX9,55 m² Appartement ∙ 1 chambre ∙ 4 personnes,Ovronnaz - Leytron - Valais
09/05/2024,28/09/2024,05/10/2024,695.74,HV0YZX9,55 m² Appartement ∙ 1 chambre ∙ 4 personnes,Ovronnaz - Leytron - Valais
09/05/2024,05/10/2024,12/10/2024,695.74,HV0YZX9,55 m² Appartement ∙ 1 chambre ∙ 4 personnes,Ovronnaz - Leytron - Valais
09/05/2024,12/10/2024,19/10/2024,695.74,HV0YZX9,55 m² Appartement ∙ 1 chambre ∙ 4 personnes,Ovronnaz - Leytron - Valais
09/05/2024,19/10/2024,26/10/2024,695.74,HV0YZX9,55 m² Appartement ∙ 1 chambre ∙ 4 personnes,Ovronnaz - Leytron - Valais
09/05/2024,26/10/2024,02/11/2024,695.74,HV0YZX9,55 m² Appartement ∙ 1 chambre ∙ 4 personnes,Ovronnaz - Leytron - Valais
09/05/2024,18/05/2024,25/05/2024,602.50,HXY9KZD,43 m² Appartement ∙ 1 chambre ∙ 2 personnes,Loèche-les-Bains - Valais
09/05/2024,25/05/2024,01/06/2024,602.50,HXY9KZD,43 m² Appartement ∙ 1 chambre ∙ 2 personnes,Loèche-les-Bains - Valais
09/05/2024,15/06/2024,22/06/2024,602.50,HXY9KZD,43 m² Appartement ∙ 1 chambre ∙ 2 personnes,Loèche-les-Bains - Valais
09/05/2024,22/06/2024,29/06/2024,602.50,HXY9KZD,43 m² Appartement ∙ 1 chambre ∙ 2 personnes,Loèche-les-Bains - Valais
09/05/2024,29/06/2024,06/07/2024,602.50,HXY9KZD,43 m² Appartement ∙ 1 chambre ∙ 2 personnes,Loèche-les-Bains - Valais
09/05/2024,06/07/2024,13/07/2024,602.50,HXY9KZD,43 m² Appartement ∙ 1 chambre ∙ 2 personnes,Loèche-les-Bains - Valais
09/05/2024,13/07/2024,20/07/2024,645.53,HXY9KZD,43 m² Appartement ∙ 1 chambre ∙ 2 personnes,Loèche-les-Bains - Valais
09/05/2024,20/07/2024,27/07/2024,645.53,HXY9KZD,43 m² Appartement ∙ 1 chambre ∙ 2 personnes,Loèche-les-Bains - Valais
09/05/2024,27/07/2024,03/08/2024,645.53,HXY9KZD,43 m² Appartement ∙ 1 chambre ∙ 2 personnes,Loèche-les-Bains - Valais
09/05/2024,03/08/2024,10/08/2024,645.53,HXY9KZD,43 m² Appartement ∙ 1 chambre ∙ 2 personnes,Loèche-les-Bains - Valais
09/05/2024,10/08/2024,17/08/2024,645.53,HXY9KZD,43 m² Appartement ∙ 1 chambre ∙ 2 personnes,Loèche-les-Bains - Valais
09/05/2024,24/08/2024,31/08/2024,645.53,HXY9KZD,43 m² Appartement ∙ 1 chambre ∙ 2 personnes,Loèche-les-Bains - Valais
09/05/2024,31/08/2024,07/09/2024,645.53,HXY9KZD,43 m² Appartement ∙ 1 chambre ∙ 2 personnes,Loèche-les-Bains - Valais
09/05/2024,07/09/2024,14/09/2024,645.53,HXY9KZD,43 m² Appartement ∙ 1 chambre ∙ 2 personnes,Loèche-les-Bains - Valais
09/05/2024,14/09/2024,21/09/2024,645.53,HXY9KZD,43 m² Appartement ∙ 1 chambre ∙ 2 personnes,Loèche-les-Bains - Valais
09/05/2024,21/09/2024,28/09/2024,645.53,HXY9KZD,43 m² Appartement ∙ 1 chambre ∙ 2 personnes,Loèche-les-Bains - Valais
09/05/2024,28/09/2024,05/10/2024,645.53,HXY9KZD,43 m² Appartement ∙ 1 chambre ∙ 2 personnes,Loèche-les-Bains - Valais
09/05/2024,05/10/2024,12/10/2024,645.53,HXY9KZD,43 m² Appartement ∙ 1 chambre ∙ 2 personnes,Loèche-les-Bains - Valais
09/05/2024,12/10/2024,19/10/2024,645.53,HXY9KZD,43 m² Appartement ∙ 1 chambre ∙ 2 personnes,Loèche-les-Bains - Valais
09/05/2024,19/10/2024,26/10/2024,645.53,HXY9KZD,43 m² Appartement ∙ 1 chambre ∙ 2 personnes,Loèche-les-Bains - Valais
09/05/2024,26/10/2024,02/11/2024,602.50,HXY9KZD,43 m² Appartement ∙ 1 chambre ∙ 2 personnes,Loèche-les-Bains - Valais
09/05/2024,11/05/2024,18/05/2024,681.39,HTDJ1EZ,Appartement ∙ 2 chambres ∙ 6 personnes,Grächen - Valais
09/05/2024,18/05/2024,25/05/2024,681.39,HTDJ1EZ,Appartement ∙ 2 chambres ∙ 6 personnes,Grächen - Valais
09/05/2024,25/05/2024,01/06/2024,681.39,HTDJ1EZ,Appartement ∙ 2 chambres ∙ 6 personnes,Grächen - Valais
09/05/2024,01/06/2024,08/06/2024,681.39,HTDJ1EZ,Appartement ∙ 2 chambres ∙ 6 personnes,Grächen - Valais
09/05/2024,08/06/2024,15/06/2024,681.39,HTDJ1EZ,Appartement ∙ 2 chambres ∙ 6 personnes,Grächen - Valais
09/05/2024,15/06/2024,22/06/2024,681.39,HTDJ1EZ,Appartement ∙ 2 chambres ∙ 6 personnes,Grächen - Valais
09/05/2024,22/06/2024,29/06/2024,681.39,HTDJ1EZ,Appartement ∙ 2 chambres ∙ 6 personnes,Grächen - Valais
09/05/2024,29/06/2024,06/07/2024,853.53,HTDJ1EZ,Appartement ∙ 2 chambres ∙ 6 personnes,Grächen - Valais
09/05/2024,10/08/2024,17/08/2024,853.53,HTDJ1EZ,Appartement ∙ 2 chambres ∙ 6 personnes,Grächen - Valais
09/05/2024,17/08/2024,24/08/2024,853.53,HTDJ1EZ,Appartement ∙ 2 chambres ∙ 6 personnes,Grächen - Valais
09/05/2024,24/08/2024,31/08/2024,853.53,HTDJ1EZ,Appartement ∙ 2 chambres ∙ 6 personnes,Grächen - Valais
09/05/2024,31/08/2024,07/09/2024,710.08,HTDJ1EZ,Appartement ∙ 2 chambres ∙ 6 personnes,Grächen - Valais
09/05/2024,07/09/2024,14/09/2024,710.08,HTDJ1EZ,Appartement ∙ 2 chambres ∙ 6 personnes,Grächen - Valais
09/05/2024,14/09/2024,21/09/2024,710.08,HTDJ1EZ,Appartement ∙ 2 chambres ∙ 6 personnes,Grächen - Valais
09/05/2024,21/09/2024,28/09/2024,710.08,HTDJ1EZ,Appartement ∙ 2 chambres ∙ 6 personnes,Grächen - Valais
09/05/2024,28/09/2024,05/10/2024,710.08,HTDJ1EZ,Appartement ∙ 2 chambres ∙ 6 personnes,Grächen - Valais
09/05/2024,05/10/2024,12/10/2024,710.08,HTDJ1EZ,Appartement ∙ 2 chambres ∙ 6 personnes,Grächen - Valais
09/05/2024,12/10/2024,19/10/2024,710.08,HTDJ1EZ,Appartement ∙ 2 chambres ∙ 6 personnes,Grächen - Valais
09/05/2024,19/10/2024,26/10/2024,710.08,HTDJ1EZ,Appartement ∙ 2 chambres ∙ 6 personnes,Grächen - Valais
09/05/2024,26/10/2024,02/11/2024,609.67,HTDJ1EZ,Appartement ∙ 2 chambres ∙ 6 personnes,Grächen - Valais
09/05/2024,18/05/2024,25/05/2024,1527.62,H59D6MT,120 m² Maison de vacances ∙ 4 chambres ∙ 8 personnes,Fiesch - Valais
09/05/2024,25/05/2024,01/06/2024,1527.62,H59D6MT,120 m² Maison de vacances ∙ 4 chambres ∙ 8 personnes,Fiesch - Valais
09/05/2024,01/06/2024,08/06/2024,1527.62,H59D6MT,120 m² Maison de vacances ∙ 4 chambres ∙ 8 personnes,Fiesch - Valais
09/05/2024,08/06/2024,15/06/2024,1527.62,H59D6MT,120 m² Maison de vacances ∙ 4 chambres ∙ 8 personnes,Fiesch - Valais
09/05/2024,15/06/2024,22/06/2024,1527.62,H59D6MT,120 m² Maison de vacances ∙ 4 chambres ∙ 8 personnes,Fiesch - Valais
09/05/2024,22/06/2024,29/06/2024,1527.62,H59D6MT,120 m² Maison de vacances ∙ 4 chambres ∙ 8 personnes,Fiesch - Valais
09/05/2024,29/06/2024,06/07/2024,1527.62,H59D6MT,120 m² Maison de vacances ∙ 4 chambres ∙ 8 personnes,Fiesch - Valais
09/05/2024,06/07/2024,13/07/2024,1925.38,H59D6MT,120 m² Maison de vacances ∙ 4 chambres ∙ 8 personnes,Fiesch - Valais
09/05/2024,13/07/2024,20/07/2024,1925.38,H59D6MT,120 m² Maison de vacances ∙ 4 chambres ∙ 8 personnes,Fiesch - Valais
09/05/2024,20/07/2024,27/07/2024,1925.38,H59D6MT,120 m² Maison de vacances ∙ 4 chambres ∙ 8 personnes,Fiesch - Valais
09/05/2024,03/08/2024,10/08/2024,1925.38,H59D6MT,120 m² Maison de vacances ∙ 4 chambres ∙ 8 personnes,Fiesch - Valais
09/05/2024,10/08/2024,17/08/2024,1925.38,H59D6MT,120 m² Maison de vacances ∙ 4 chambres ∙ 8 personnes,Fiesch - Valais
09/05/2024,17/08/2024,24/08/2024,1527.62,H59D6MT,120 m² Maison de vacances ∙ 4 chambres ∙ 8 personnes,Fiesch - Valais
09/05/2024,07/09/2024,14/09/2024,1527.62,H59D6MT,120 m² Maison de vacances ∙ 4 chambres ∙ 8 personnes,Fiesch - Valais
09/05/2024,14/09/2024,21/09/2024,1527.62,H59D6MT,120 m² Maison de vacances ∙ 4 chambres ∙ 8 personnes,Fiesch - Valais
09/05/2024,21/09/2024,28/09/2024,1527.62,H59D6MT,120 m² Maison de vacances ∙ 4 chambres ∙ 8 personnes,Fiesch - Valais
09/05/2024,28/09/2024,05/10/2024,1527.62,H59D6MT,120 m² Maison de vacances ∙ 4 chambres ∙ 8 personnes,Fiesch - Valais
09/05/2024,05/10/2024,12/10/2024,1527.62,H59D6MT,120 m² Maison de vacances ∙ 4 chambres ∙ 8 personnes,Fiesch - Valais
09/05/2024,12/10/2024,19/10/2024,1527.62,H59D6MT,120 m² Maison de vacances ∙ 4 chambres ∙ 8 personnes,Fiesch - Valais
09/05/2024,19/10/2024,26/10/2024,1527.62,H59D6MT,120 m² Maison de vacances ∙ 4 chambres ∙ 8 personnes,Fiesch - Valais
09/05/2024,26/10/2024,02/11/2024,1527.62,H59D6MT,120 m² Maison de vacances ∙ 4 chambres ∙ 8 personnes,Fiesch - Valais
09/05/2024,11/05/2024,18/05/2024,968.29,HFKJS2R,Appartement ∙ 2 chambres ∙ 5 personnes,Grächen - Valais
09/05/2024,18/05/2024,25/05/2024,968.29,HFKJS2R,Appartement ∙ 2 chambres ∙ 5 personnes,Grächen - Valais
09/05/2024,25/05/2024,01/06/2024,968.29,HFKJS2R,Appartement ∙ 2 chambres ∙ 5 personnes,Grächen - Valais
09/05/2024,01/06/2024,08/06/2024,968.29,HFKJS2R,Appartement ∙ 2 chambres ∙ 5 personnes,Grächen - Valais
09/05/2024,08/06/2024,15/06/2024,968.29,HFKJS2R,Appartement ∙ 2 chambres ∙ 5 personnes,Grächen - Valais
09/05/2024,15/06/2024,22/06/2024,968.29,HFKJS2R,Appartement ∙ 2 chambres ∙ 5 personnes,Grächen - Valais
09/05/2024,22/06/2024,29/06/2024,968.29,HFKJS2R,Appartement ∙ 2 chambres ∙ 5 personnes,Grächen - Valais
09/05/2024,29/06/2024,06/07/2024,968.29,HFKJS2R,Appartement ∙ 2 chambres ∙ 5 personnes,Grächen - Valais
09/05/2024,06/07/2024,13/07/2024,968.29,HFKJS2R,Appartement ∙ 2 chambres ∙ 5 personnes,Grächen - Valais
09/05/2024,13/07/2024,20/07/2024,968.29,HFKJS2R,Appartement ∙ 2 chambres ∙ 5 personnes,Grächen - Valais
09/05/2024,11/05/2024,18/05/2024,524.62,HK2DJCE,50 m² Appartement ∙ 1 chambre ∙ 4 personnes,Nendaz - Valais
09/05/2024,18/05/2024,25/05/2024,524.62,HK2DJCE,50 m² Appartement ∙ 1 chambre ∙ 4 personnes,Nendaz - Valais
09/05/2024,25/05/2024,01/06/2024,572.78,HK2DJCE,50 m² Appartement ∙ 1 chambre ∙ 4 personnes,Nendaz - Valais
09/05/2024,01/06/2024,08/06/2024,572.78,HK2DJCE,50 m² Appartement ∙ 1 chambre ∙ 4 personnes,Nendaz - Valais
09/05/2024,08/06/2024,15/06/2024,572.78,HK2DJCE,50 m² Appartement ∙ 1 chambre ∙ 4 personnes,Nendaz - Valais
09/05/2024,15/06/2024,22/06/2024,572.78,HK2DJCE,50 m² Appartement ∙ 1 chambre ∙ 4 personnes,Nendaz - Valais
09/05/2024,22/06/2024,29/06/2024,572.78,HK2DJCE,50 m² Appartement ∙ 1 chambre ∙ 4 personnes,Nendaz - Valais
09/05/2024,13/07/2024,20/07/2024,968.29,HK2DJCE,50 m² Appartement ∙ 1 chambre ∙ 4 personnes,Nendaz - Valais
09/05/2024,20/07/2024,27/07/2024,968.29,HK2DJCE,50 m² Appartement ∙ 1 chambre ∙ 4 personnes,Nendaz - Valais
09/05/2024,27/07/2024,03/08/2024,968.29,HK2DJCE,50 m² Appartement ∙ 1 chambre ∙ 4 personnes,Nendaz - Valais
09/05/2024,03/08/2024,10/08/2024,968.29,HK2DJCE,50 m² Appartement ∙ 1 chambre ∙ 4 personnes,Nendaz - Valais
09/05/2024,17/08/2024,24/08/2024,647.58,HK2DJCE,50 m² Appartement ∙ 1 chambre ∙ 4 personnes,Nendaz - Valais
09/05/2024,24/08/2024,31/08/2024,647.58,HK2DJCE,50 m² Appartement ∙ 1 chambre ∙ 4 personnes,Nendaz - Valais
09/05/2024,31/08/2024,07/09/2024,647.58,HK2DJCE,50 m² Appartement ∙ 1 chambre ∙ 4 personnes,Nendaz - Valais
09/05/2024,07/09/2024,14/09/2024,647.58,HK2DJCE,50 m² Appartement ∙ 1 chambre ∙ 4 personnes,Nendaz - Valais
09/05/2024,14/09/2024,21/09/2024,647.58,HK2DJCE,50 m² Appartement ∙ 1 chambre ∙ 4 personnes,Nendaz - Valais
09/05/2024,21/09/2024,28/09/2024,647.58,HK2DJCE,50 m² Appartement ∙ 1 chambre ∙ 4 personnes,Nendaz - Valais
09/05/2024,28/09/2024,05/10/2024,647.58,HK2DJCE,50 m² Appartement ∙ 1 chambre ∙ 4 personnes,Nendaz - Valais
09/05/2024,05/10/2024,12/10/2024,647.58,HK2DJCE,50 m² Appartement ∙ 1 chambre ∙ 4 personnes,Nendaz - Valais
09/05/2024,12/10/2024,19/10/2024,647.58,HK2DJCE,50 m² Appartement ∙ 1 chambre ∙ 4 personnes,Nendaz - Valais
09/05/2024,19/10/2024,26/10/2024,647.58,HK2DJCE,50 m² Appartement ∙ 1 chambre ∙ 4 personnes,Nendaz - Valais
09/05/2024,26/10/2024,02/11/2024,647.58,HK2DJCE,50 m² Appartement ∙ 1 chambre ∙ 4 personnes,Nendaz - Valais
09/05/2024,25/05/2024,01/06/2024,681.39,H8UDW6T,Studio ∙ 3 personnes,Grächen - Valais
09/05/2024,01/06/2024,08/06/2024,681.20,H8UDW6T,Studio ∙ 3 personnes,Grächen - Valais
09/05/2024,15/06/2024,22/06/2024,681.20,H8UDW6T,Studio ∙ 3 personnes,Grächen - Valais
09/05/2024,29/06/2024,06/07/2024,681.20,H8UDW6T,Studio ∙ 3 personnes,Grächen - Valais
09/05/2024,06/07/2024,13/07/2024,681.20,H8UDW6T,Studio ∙ 3 personnes,Grächen - Valais
09/05/2024,13/07/2024,20/07/2024,681.20,H8UDW6T,Studio ∙ 3 personnes,Grächen - Valais
09/05/2024,20/07/2024,27/07/2024,681.20,H8UDW6T,Studio ∙ 3 personnes,Grächen - Valais
09/05/2024,27/07/2024,03/08/2024,681.20,H8UDW6T,Studio ∙ 3 personnes,Grächen - Valais
09/05/2024,03/08/2024,10/08/2024,681.20,H8UDW6T,Studio ∙ 3 personnes,Grächen - Valais
09/05/2024,10/08/2024,17/08/2024,681.20,H8UDW6T,Studio ∙ 3 personnes,Grächen - Valais
09/05/2024,17/08/2024,24/08/2024,681.20,H8UDW6T,Studio ∙ 3 personnes,Grächen - Valais
09/05/2024,24/08/2024,31/08/2024,681.20,H8UDW6T,Studio ∙ 3 personnes,Grächen - Valais
09/05/2024,14/09/2024,21/09/2024,681.20,H8UDW6T,Studio ∙ 3 personnes,Grächen - Valais
09/05/2024,21/09/2024,28/09/2024,681.20,H8UDW6T,Studio ∙ 3 personnes,Grächen - Valais
09/05/2024,28/09/2024,05/10/2024,681.20,H8UDW6T,Studio ∙ 3 personnes,Grächen - Valais
09/05/2024,05/10/2024,12/10/2024,681.20,H8UDW6T,Studio ∙ 3 personnes,Grächen - Valais
09/05/2024,12/10/2024,19/10/2024,681.20,H8UDW6T,Studio ∙ 3 personnes,Grächen - Valais
09/05/2024,19/10/2024,26/10/2024,681.20,H8UDW6T,Studio ∙ 3 personnes,Grächen - Valais
09/05/2024,26/10/2024,02/11/2024,681.20,H8UDW6T,Studio ∙ 3 personnes,Grächen - Valais
09/05/2024,25/05/2024,01/06/2024,618.71,HBA7VD6,Appartement ∙ 1 chambre ∙ 2 personnes,Fieschertal - Valais
09/05/2024,01/06/2024,08/06/2024,657.64,HBA7VD6,Appartement ∙ 1 chambre ∙ 2 personnes,Fieschertal - Valais
09/05/2024,08/06/2024,15/06/2024,657.64,HBA7VD6,Appartement ∙ 1 chambre ∙ 2 personnes,Fieschertal - Valais
09/05/2024,13/07/2024,20/07/2024,734.47,HBA7VD6,Appartement ∙ 1 chambre ∙ 2 personnes,Fieschertal - Valais
09/05/2024,05/10/2024,12/10/2024,657.64,HBA7VD6,Appartement ∙ 1 chambre ∙ 2 personnes,Fieschertal - Valais
09/05/2024,12/10/2024,19/10/2024,657.64,HBA7VD6,Appartement ∙ 1 chambre ∙ 2 personnes,Fieschertal - Valais
09/05/2024,19/10/2024,26/10/2024,657.64,HBA7VD6,Appartement ∙ 1 chambre ∙ 2 personnes,Fieschertal - Valais
09/05/2024,26/10/2024,02/11/2024,651.49,HBA7VD6,Appartement ∙ 1 chambre ∙ 2 personnes,Fieschertal - Valais
09/05/2024,01/06/2024,08/06/2024,767.25,HVS97NB,82 m² Appartement ∙ 3 chambres ∙ 5 personnes,Saas-Balen - Valais
09/05/2024,24/08/2024,31/08/2024,920.70,HVS97NB,82 m² Appartement ∙ 3 chambres ∙ 5 personnes,Saas-Balen - Valais
09/05/2024,07/09/2024,14/09/2024,767.25,HVS97NB,82 m² Appartement ∙ 3 chambres ∙ 5 personnes,Saas-Balen - Valais
09/05/2024,14/09/2024,21/09/2024,767.25,HVS97NB,82 m² Appartement ∙ 3 chambres ∙ 5 personnes,Saas-Balen - Valais
09/05/2024,21/09/2024,28/09/2024,767.25,HVS97NB,82 m² Appartement ∙ 3 chambres ∙ 5 personnes,Saas-Balen - Valais
09/05/2024,28/09/2024,05/10/2024,767.25,HVS97NB,82 m² Appartement ∙ 3 chambres ∙ 5 personnes,Saas-Balen - Valais
09/05/2024,05/10/2024,12/10/2024,767.25,HVS97NB,82 m² Appartement ∙ 3 chambres ∙ 5 personnes,Saas-Balen - Valais
09/05/2024,12/10/2024,19/10/2024,843.98,HVS97NB,82 m² Appartement ∙ 3 chambres ∙ 5 personnes,Saas-Balen - Valais
09/05/2024,19/10/2024,26/10/2024,843.98,HVS97NB,82 m² Appartement ∙ 3 chambres ∙ 5 personnes,Saas-Balen - Valais
09/05/2024,26/10/2024,02/11/2024,843.98,HVS97NB,82 m² Appartement ∙ 3 chambres ∙ 5 personnes,Saas-Balen - Valais
09/05/2024,01/06/2024,08/06/2024,690.52,H02YASD,36 m² Appartement ∙ 1 chambre ∙ 4 personnes,Saas-Almagell - Valais
09/05/2024,08/06/2024,15/06/2024,690.52,H02YASD,36 m² Appartement ∙ 1 chambre ∙ 4 personnes,Saas-Almagell - Valais
09/05/2024,15/06/2024,22/06/2024,690.52,H02YASD,36 m² Appartement ∙ 1 chambre ∙ 4 personnes,Saas-Almagell - Valais
09/05/2024,07/09/2024,14/09/2024,690.52,H02YASD,36 m² Appartement ∙ 1 chambre ∙ 4 personnes,Saas-Almagell - Valais
09/05/2024,14/09/2024,21/09/2024,690.52,H02YASD,36 m² Appartement ∙ 1 chambre ∙ 4 personnes,Saas-Almagell - Valais
09/05/2024,21/09/2024,28/09/2024,690.52,H02YASD,36 m² Appartement ∙ 1 chambre ∙ 4 personnes,Saas-Almagell - Valais
09/05/2024,28/09/2024,05/10/2024,690.52,H02YASD,36 m² Appartement ∙ 1 chambre ∙ 4 personnes,Saas-Almagell - Valais
09/05/2024,05/10/2024,12/10/2024,690.52,H02YASD,36 m² Appartement ∙ 1 chambre ∙ 4 personnes,Saas-Almagell - Valais
09/05/2024,12/10/2024,19/10/2024,690.52,H02YASD,36 m² Appartement ∙ 1 chambre ∙ 4 personnes,Saas-Almagell - Valais
09/05/2024,19/10/2024,26/10/2024,690.52,H02YASD,36 m² Appartement ∙ 1 chambre ∙ 4 personnes,Saas-Almagell - Valais
09/05/2024,26/10/2024,02/11/2024,690.52,H02YASD,36 m² Appartement ∙ 1 chambre ∙ 4 personnes,Saas-Almagell - Valais
09/05/2024,18/05/2024,25/05/2024,1503.97,HL1HS5W,78 m² Appartement ∙ 3 chambres ∙ 6 personnes,Saas Grund - Valais
09/05/2024,25/05/2024,01/06/2024,1503.97,HL1HS5W,78 m² Appartement ∙ 3 chambres ∙ 6 personnes,Saas Grund - Valais
09/05/2024,01/06/2024,08/06/2024,1503.97,HL1HS5W,78 m² Appartement ∙ 3 chambres ∙ 6 personnes,Saas Grund - Valais
09/05/2024,08/06/2024,15/06/2024,1503.97,HL1HS5W,78 m² Appartement ∙ 3 chambres ∙ 6 personnes,Saas Grund - Valais
09/05/2024,15/06/2024,22/06/2024,1503.97,HL1HS5W,78 m² Appartement ∙ 3 chambres ∙ 6 personnes,Saas Grund - Valais
09/05/2024,22/06/2024,29/06/2024,1503.97,HL1HS5W,78 m² Appartement ∙ 3 chambres ∙ 6 personnes,Saas Grund - Valais
09/05/2024,29/06/2024,06/07/2024,1503.97,HL1HS5W,78 m² Appartement ∙ 3 chambres ∙ 6 personnes,Saas Grund - Valais
09/05/2024,06/07/2024,13/07/2024,1503.97,HL1HS5W,78 m² Appartement ∙ 3 chambres ∙ 6 personnes,Saas Grund - Valais
09/05/2024,13/07/2024,20/07/2024,1767.03,HL1HS5W,78 m² Appartement ∙ 3 chambres ∙ 6 personnes,Saas Grund - Valais
09/05/2024,20/07/2024,27/07/2024,1810.87,HL1HS5W,78 m² Appartement ∙ 3 chambres ∙ 6 personnes,Saas Grund - Valais
09/05/2024,07/09/2024,14/09/2024,1580.69,HL1HS5W,78 m² Appartement ∙ 3 chambres ∙ 6 personnes,Saas Grund - Valais
09/05/2024,14/09/2024,21/09/2024,1580.69,HL1HS5W,78 m² Appartement ∙ 3 chambres ∙ 6 personnes,Saas Grund - Valais
09/05/2024,21/09/2024,28/09/2024,1580.69,HL1HS5W,78 m² Appartement ∙ 3 chambres ∙ 6 personnes,Saas Grund - Valais
09/05/2024,28/09/2024,05/10/2024,1580.69,HL1HS5W,78 m² Appartement ∙ 3 chambres ∙ 6 personnes,Saas Grund - Valais
09/05/2024,05/10/2024,12/10/2024,1580.69,HL1HS5W,78 m² Appartement ∙ 3 chambres ∙ 6 personnes,Saas Grund - Valais
09/05/2024,12/10/2024,19/10/2024,1580.69,HL1HS5W,78 m² Appartement ∙ 3 chambres ∙ 6 personnes,Saas Grund - Valais
09/05/2024,19/10/2024,26/10/2024,1580.69,HL1HS5W,78 m² Appartement ∙ 3 chambres ∙ 6 personnes,Saas Grund - Valais
09/05/2024,26/10/2024,02/11/2024,1580.69,HL1HS5W,78 m² Appartement ∙ 3 chambres ∙ 6 personnes,Saas Grund - Valais
09/05/2024,25/05/2024,01/06/2024,782.00,H6J5T0W,70 m² Maison de vacances ∙ 1 chambre ∙ 4 personnes,Nendaz - Valais
09/05/2024,01/06/2024,08/06/2024,782.00,H6J5T0W,70 m² Maison de vacances ∙ 1 chambre ∙ 4 personnes,Nendaz - Valais
09/05/2024,08/06/2024,15/06/2024,782.00,H6J5T0W,70 m² Maison de vacances ∙ 1 chambre ∙ 4 personnes,Nendaz - Valais
09/05/2024,15/06/2024,22/06/2024,782.00,H6J5T0W,70 m² Maison de vacances ∙ 1 chambre ∙ 4 personnes,Nendaz - Valais
09/05/2024,22/06/2024,29/06/2024,782.00,H6J5T0W,70 m² Maison de vacances ∙ 1 chambre ∙ 4 personnes,Nendaz - Valais
09/05/2024,29/06/2024,06/07/2024,782.00,H6J5T0W,70 m² Maison de vacances ∙ 1 chambre ∙ 4 personnes,Nendaz - Valais
09/05/2024,13/07/2024,20/07/2024,1015.00,H6J5T0W,70 m² Maison de vacances ∙ 1 chambre ∙ 4 personnes,Nendaz - Valais
09/05/2024,20/07/2024,27/07/2024,1015.00,H6J5T0W,70 m² Maison de vacances ∙ 1 chambre ∙ 4 personnes,Nendaz - Valais
09/05/2024,08/06/2024,15/06/2024,1023.13,HD87ZJX,70 m² Appartement ∙ 2 chambres ∙ 4 personnes,Saas Fee - Valais
09/05/2024,15/06/2024,22/06/2024,1023.13,HD87ZJX,70 m² Appartement ∙ 2 chambres ∙ 4 personnes,Saas Fee - Valais
09/05/2024,22/06/2024,29/06/2024,1176.58,HD87ZJX,70 m² Appartement ∙ 2 chambres ∙ 4 personnes,Saas Fee - Valais
09/05/2024,29/06/2024,06/07/2024,1176.58,HD87ZJX,70 m² Appartement ∙ 2 chambres ∙ 4 personnes,Saas Fee - Valais
09/05/2024,17/08/2024,24/08/2024,1176.58,HD87ZJX,70 m² Appartement ∙ 2 chambres ∙ 4 personnes,Saas Fee - Valais
09/05/2024,31/08/2024,07/09/2024,1023.13,HD87ZJX,70 m² Appartement ∙ 2 chambres ∙ 4 personnes,Saas Fee - Valais
09/05/2024,07/09/2024,14/09/2024,1023.13,HD87ZJX,70 m² Appartement ∙ 2 chambres ∙ 4 personnes,Saas Fee - Valais
09/05/2024,14/09/2024,21/09/2024,1023.13,HD87ZJX,70 m² Appartement ∙ 2 chambres ∙ 4 personnes,Saas Fee - Valais
09/05/2024,21/09/2024,28/09/2024,1023.13,HD87ZJX,70 m² Appartement ∙ 2 chambres ∙ 4 personnes,Saas Fee - Valais
09/05/2024,28/09/2024,05/10/2024,1023.13,HD87ZJX,70 m² Appartement ∙ 2 chambres ∙ 4 personnes,Saas Fee - Valais
09/05/2024,05/10/2024,12/10/2024,1023.13,HD87ZJX,70 m² Appartement ∙ 2 chambres ∙ 4 personnes,Saas Fee - Valais
09/05/2024,12/10/2024,19/10/2024,1023.13,HD87ZJX,70 m² Appartement ∙ 2 chambres ∙ 4 personnes,Saas Fee - Valais
09/05/2024,25/05/2024,01/06/2024,1841.39,H2ZEHL1,80 m² Appartement ∙ 2 chambres ∙ 4 personnes,Saas Fee - Valais
09/05/2024,01/06/2024,08/06/2024,1841.39,H2ZEHL1,80 m² Appartement ∙ 2 chambres ∙ 4 personnes,Saas Fee - Valais
09/05/2024,08/06/2024,15/06/2024,1841.39,H2ZEHL1,80 m² Appartement ∙ 2 chambres ∙ 4 personnes,Saas Fee - Valais
09/05/2024,17/08/2024,24/08/2024,2301.74,H2ZEHL1,80 m² Appartement ∙ 2 chambres ∙ 4 personnes,Saas Fee - Valais
09/05/2024,24/08/2024,31/08/2024,2301.74,H2ZEHL1,80 m² Appartement ∙ 2 chambres ∙ 4 personnes,Saas Fee - Valais
09/05/2024,31/08/2024,07/09/2024,1907.16,H2ZEHL1,80 m² Appartement ∙ 2 chambres ∙ 4 personnes,Saas Fee - Valais
09/05/2024,07/09/2024,14/09/2024,1841.39,H2ZEHL1,80 m² Appartement ∙ 2 chambres ∙ 4 personnes,Saas Fee - Valais
09/05/2024,14/09/2024,21/09/2024,1841.39,H2ZEHL1,80 m² Appartement ∙ 2 chambres ∙ 4 personnes,Saas Fee - Valais
09/05/2024,21/09/2024,28/09/2024,1841.39,H2ZEHL1,80 m² Appartement ∙ 2 chambres ∙ 4 personnes,Saas Fee - Valais
09/05/2024,28/09/2024,05/10/2024,1841.39,H2ZEHL1,80 m² Appartement ∙ 2 chambres ∙ 4 personnes,Saas Fee - Valais
09/05/2024,05/10/2024,12/10/2024,1841.39,H2ZEHL1,80 m² Appartement ∙ 2 chambres ∙ 4 personnes,Saas Fee - Valais
09/05/2024,12/10/2024,19/10/2024,1841.39,H2ZEHL1,80 m² Appartement ∙ 2 chambres ∙ 4 personnes,Saas Fee - Valais
09/05/2024,19/10/2024,26/10/2024,1841.39,H2ZEHL1,80 m² Appartement ∙ 2 chambres ∙ 4 personnes,Saas Fee - Valais
09/05/2024,26/10/2024,02/11/2024,1841.39,H2ZEHL1,80 m² Appartement ∙ 2 chambres ∙ 4 personnes,Saas Fee - Valais
09/05/2024,08/06/2024,15/06/2024,1740.88,HLP12E3,170 m² Maison de vacances ∙ 7 chambres ∙ 10 personnes,Val-d'Illiez - Valais
09/05/2024,15/06/2024,22/06/2024,1740.88,HLP12E3,170 m² Maison de vacances ∙ 7 chambres ∙ 10 personnes,Val-d'Illiez - Valais
09/05/2024,22/06/2024,29/06/2024,1740.88,HLP12E3,170 m² Maison de vacances ∙ 7 chambres ∙ 10 personnes,Val-d'Illiez - Valais
09/05/2024,29/06/2024,06/07/2024,2465.92,HLP12E3,170 m² Maison de vacances ∙ 7 chambres ∙ 10 personnes,Val-d'Illiez - Valais
09/05/2024,06/07/2024,13/07/2024,2465.92,HLP12E3,170 m² Maison de vacances ∙ 7 chambres ∙ 10 personnes,Val-d'Illiez - Valais
09/05/2024,13/07/2024,20/07/2024,2465.92,HLP12E3,170 m² Maison de vacances ∙ 7 chambres ∙ 10 personnes,Val-d'Illiez - Valais
09/05/2024,20/07/2024,27/07/2024,2465.92,HLP12E3,170 m² Maison de vacances ∙ 7 chambres ∙ 10 personnes,Val-d'Illiez - Valais
09/05/2024,11/05/2024,18/05/2024,551.11,HFDR94Z,30 m² Appartement ∙ 1 chambre ∙ 2 personnes,Crans-Montana - Valais
09/05/2024,18/05/2024,25/05/2024,551.11,HFDR94Z,30 m² Appartement ∙ 1 chambre ∙ 2 personnes,Crans-Montana - Valais
09/05/2024,25/05/2024,01/06/2024,551.11,HFDR94Z,30 m² Appartement ∙ 1 chambre ∙ 2 personnes,Crans-Montana - Valais
09/05/2024,01/06/2024,08/06/2024,551.11,HFDR94Z,30 m² Appartement ∙ 1 chambre ∙ 2 personnes,Crans-Montana - Valais
09/05/2024,08/06/2024,15/06/2024,551.11,HFDR94Z,30 m² Appartement ∙ 1 chambre ∙ 2 personnes,Crans-Montana - Valais
09/05/2024,15/06/2024,22/06/2024,551.11,HFDR94Z,30 m² Appartement ∙ 1 chambre ∙ 2 personnes,Crans-Montana - Valais
09/05/2024,22/06/2024,29/06/2024,551.11,HFDR94Z,30 m² Appartement ∙ 1 chambre ∙ 2 personnes,Crans-Montana - Valais
09/05/2024,06/07/2024,13/07/2024,662.76,HFDR94Z,30 m² Appartement ∙ 1 chambre ∙ 2 personnes,Crans-Montana - Valais
09/05/2024,13/07/2024,20/07/2024,662.76,HFDR94Z,30 m² Appartement ∙ 1 chambre ∙ 2 personnes,Crans-Montana - Valais
09/05/2024,20/07/2024,27/07/2024,729.35,HFDR94Z,30 m² Appartement ∙ 1 chambre ∙ 2 personnes,Crans-Montana - Valais
09/05/2024,27/07/2024,03/08/2024,729.35,HFDR94Z,30 m² Appartement ∙ 1 chambre ∙ 2 personnes,Crans-Montana - Valais
09/05/2024,03/08/2024,10/08/2024,729.35,HFDR94Z,30 m² Appartement ∙ 1 chambre ∙ 2 personnes,Crans-Montana - Valais
09/05/2024,24/08/2024,31/08/2024,551.11,HFDR94Z,30 m² Appartement ∙ 1 chambre ∙ 2 personnes,Crans-Montana - Valais
09/05/2024,21/09/2024,28/09/2024,551.11,HFDR94Z,30 m² Appartement ∙ 1 chambre ∙ 2 personnes,Crans-Montana - Valais
09/05/2024,28/09/2024,05/10/2024,551.11,HFDR94Z,30 m² Appartement ∙ 1 chambre ∙ 2 personnes,Crans-Montana - Valais
09/05/2024,05/10/2024,12/10/2024,551.11,HFDR94Z,30 m² Appartement ∙ 1 chambre ∙ 2 personnes,Crans-Montana - Valais
09/05/2024,12/10/2024,19/10/2024,551.11,HFDR94Z,30 m² Appartement ∙ 1 chambre ∙ 2 personnes,Crans-Montana - Valais
09/05/2024,19/10/2024,26/10/2024,551.11,HFDR94Z,30 m² Appartement ∙ 1 chambre ∙ 2 personnes,Crans-Montana - Valais
09/05/2024,26/10/2024,02/11/2024,551.11,HFDR94Z,30 m² Appartement ∙ 1 chambre ∙ 2 personnes,Crans-Montana - Valais
09/05/2024,11/05/2024,18/05/2024,590.03,H4W3R8D,45 m² Appartement ∙ 1 chambre ∙ 3 personnes,Crans-Montana - Valais
09/05/2024,18/05/2024,25/05/2024,590.03,H4W3R8D,45 m² Appartement ∙ 1 chambre ∙ 3 personnes,Crans-Montana - Valais
09/05/2024,25/05/2024,01/06/2024,590.03,H4W3R8D,45 m² Appartement ∙ 1 chambre ∙ 3 personnes,Crans-Montana - Valais
09/05/2024,01/06/2024,08/06/2024,590.03,H4W3R8D,45 m² Appartement ∙ 1 chambre ∙ 3 personnes,Crans-Montana - Valais
09/05/2024,08/06/2024,15/06/2024,590.03,H4W3R8D,45 m² Appartement ∙ 1 chambre ∙ 3 personnes,Crans-Montana - Valais
09/05/2024,15/06/2024,22/06/2024,590.03,H4W3R8D,45 m² Appartement ∙ 1 chambre ∙ 3 personnes,Crans-Montana - Valais
09/05/2024,22/06/2024,29/06/2024,590.03,H4W3R8D,45 m² Appartement ∙ 1 chambre ∙ 3 personnes,Crans-Montana - Valais
09/05/2024,29/06/2024,06/07/2024,629.98,H4W3R8D,45 m² Appartement ∙ 1 chambre ∙ 3 personnes,Crans-Montana - Valais
09/05/2024,06/07/2024,13/07/2024,797.98,H4W3R8D,45 m² Appartement ∙ 1 chambre ∙ 3 personnes,Crans-Montana - Valais
09/05/2024,20/07/2024,27/07/2024,938.32,H4W3R8D,45 m² Appartement ∙ 1 chambre ∙ 3 personnes,Crans-Montana - Valais
09/05/2024,27/07/2024,03/08/2024,938.32,H4W3R8D,45 m² Appartement ∙ 1 chambre ∙ 3 personnes,Crans-Montana - Valais
09/05/2024,10/08/2024,17/08/2024,856.37,H4W3R8D,45 m² Appartement ∙ 1 chambre ∙ 3 personnes,Crans-Montana - Valais
09/05/2024,17/08/2024,24/08/2024,856.37,H4W3R8D,45 m² Appartement ∙ 1 chambre ∙ 3 personnes,Crans-Montana - Valais
09/05/2024,24/08/2024,31/08/2024,669.93,H4W3R8D,45 m² Appartement ∙ 1 chambre ∙ 3 personnes,Crans-Montana - Valais
09/05/2024,31/08/2024,07/09/2024,939.34,H4W3R8D,45 m² Appartement ∙ 1 chambre ∙ 3 personnes,Crans-Montana - Valais
09/05/2024,12/10/2024,19/10/2024,669.93,H4W3R8D,45 m² Appartement ∙ 1 chambre ∙ 3 personnes,Crans-Montana - Valais
09/05/2024,19/10/2024,26/10/2024,669.93,H4W3R8D,45 m² Appartement ∙ 1 chambre ∙ 3 personnes,Crans-Montana - Valais
09/05/2024,26/10/2024,02/11/2024,669.93,H4W3R8D,45 m² Appartement ∙ 1 chambre ∙ 3 personnes,Crans-Montana - Valais
09/05/2024,11/05/2024,18/05/2024,877.88,H1H702C,75 m² Appartement ∙ 2 chambres ∙ 4 personnes,Orsières - Valais
09/05/2024,18/05/2024,25/05/2024,877.88,H1H702C,75 m² Appartement ∙ 2 chambres ∙ 4 personnes,Orsières - Valais
09/05/2024,14/09/2024,21/09/2024,877.88,H1H702C,75 m² Appartement ∙ 2 chambres ∙ 4 personnes,Orsières - Valais
09/05/2024,28/09/2024,05/10/2024,877.88,H1H702C,75 m² Appartement ∙ 2 chambres ∙ 4 personnes,Orsières - Valais
09/05/2024,05/10/2024,12/10/2024,877.88,H1H702C,75 m² Appartement ∙ 2 chambres ∙ 4 personnes,Orsières - Valais
09/05/2024,12/10/2024,19/10/2024,877.88,H1H702C,75 m² Appartement ∙ 2 chambres ∙ 4 personnes,Orsières - Valais
09/05/2024,19/10/2024,26/10/2024,877.88,H1H702C,75 m² Appartement ∙ 2 chambres ∙ 4 personnes,Orsières - Valais
09/05/2024,25/05/2024,01/06/2024,1465.86,HHYWMNG,110 m² Maison de vacances ∙ 3 chambres ∙ 6 personnes,Chamoson - Valais
09/05/2024,01/06/2024,08/06/2024,1465.86,HHYWMNG,110 m² Maison de vacances ∙ 3 chambres ∙ 6 personnes,Chamoson - Valais
09/05/2024,08/06/2024,15/06/2024,1465.86,HHYWMNG,110 m² Maison de vacances ∙ 3 chambres ∙ 6 personnes,Chamoson - Valais
09/05/2024,06/07/2024,13/07/2024,1795.71,HHYWMNG,110 m² Maison de vacances ∙ 3 chambres ∙ 6 personnes,Chamoson - Valais
09/05/2024,27/07/2024,03/08/2024,1943.22,HHYWMNG,110 m² Maison de vacances ∙ 3 chambres ∙ 6 personnes,Chamoson - Valais
09/05/2024,17/08/2024,24/08/2024,1465.86,HHYWMNG,110 m² Maison de vacances ∙ 3 chambres ∙ 6 personnes,Chamoson - Valais
09/05/2024,24/08/2024,31/08/2024,1465.86,HHYWMNG,110 m² Maison de vacances ∙ 3 chambres ∙ 6 personnes,Chamoson - Valais
09/05/2024,31/08/2024,07/09/2024,1465.86,HHYWMNG,110 m² Maison de vacances ∙ 3 chambres ∙ 6 personnes,Chamoson - Valais
09/05/2024,07/09/2024,14/09/2024,1465.86,HHYWMNG,110 m² Maison de vacances ∙ 3 chambres ∙ 6 personnes,Chamoson - Valais
09/05/2024,14/09/2024,21/09/2024,1465.86,HHYWMNG,110 m² Maison de vacances ∙ 3 chambres ∙ 6 personnes,Chamoson - Valais
09/05/2024,05/10/2024,12/10/2024,1465.86,HHYWMNG,110 m² Maison de vacances ∙ 3 chambres ∙ 6 personnes,Chamoson - Valais
09/05/2024,12/10/2024,19/10/2024,1465.86,HHYWMNG,110 m² Maison de vacances ∙ 3 chambres ∙ 6 personnes,Chamoson - Valais
09/05/2024,19/10/2024,26/10/2024,1465.86,HHYWMNG,110 m² Maison de vacances ∙ 3 chambres ∙ 6 personnes,Chamoson - Valais
09/05/2024,26/10/2024,02/11/2024,1465.86,HHYWMNG,110 m² Maison de vacances ∙ 3 chambres ∙ 6 personnes,Chamoson - Valais
09/05/2024,05/10/2024,12/10/2024,860.46,HZ65PUV,Appartement ∙ 3 chambres ∙ 8 personnes,Grächen - Valais
09/05/2024,12/10/2024,19/10/2024,860.46,HZ65PUV,Appartement ∙ 3 chambres ∙ 8 personnes,Grächen - Valais
09/05/2024,19/10/2024,26/10/2024,860.46,HZ65PUV,Appartement ∙ 3 chambres ∙ 8 personnes,Grächen - Valais
09/05/2024,26/10/2024,02/11/2024,860.46,HZ65PUV,Appartement ∙ 3 chambres ∙ 8 personnes,Grächen - Valais
09/05/2024,11/05/2024,18/05/2024,1003.88,HTE71XA,Appartement ∙ 2 chambres ∙ 4 personnes,Grächen - Valais
09/05/2024,25/05/2024,01/06/2024,1003.88,HTE71XA,Appartement ∙ 2 chambres ∙ 4 personnes,Grächen - Valais
09/05/2024,01/06/2024,08/06/2024,1090.90,HTE71XA,Appartement ∙ 2 chambres ∙ 4 personnes,Grächen - Valais
09/05/2024,08/06/2024,15/06/2024,1049.92,HTE71XA,Appartement ∙ 2 chambres ∙ 4 personnes,Grächen - Valais
09/05/2024,14/09/2024,21/09/2024,968.03,HTE71XA,Appartement ∙ 2 chambres ∙ 4 personnes,Grächen - Valais
09/05/2024,21/09/2024,28/09/2024,968.03,HTE71XA,Appartement ∙ 2 chambres ∙ 4 personnes,Grächen - Valais
09/05/2024,28/09/2024,05/10/2024,968.03,HTE71XA,Appartement ∙ 2 chambres ∙ 4 personnes,Grächen - Valais
09/05/2024,05/10/2024,12/10/2024,968.03,HTE71XA,Appartement ∙ 2 chambres ∙ 4 personnes,Grächen - Valais
09/05/2024,12/10/2024,19/10/2024,968.03,HTE71XA,Appartement ∙ 2 chambres ∙ 4 personnes,Grächen - Valais
09/05/2024,19/10/2024,26/10/2024,968.03,HTE71XA,Appartement ∙ 2 chambres ∙ 4 personnes,Grächen - Valais
09/05/2024,26/10/2024,02/11/2024,1063.60,HTE71XA,Appartement ∙ 2 chambres ∙ 4 personnes,Grächen - Valais
09/05/2024,01/06/2024,08/06/2024,728.88,HWB46H1,50 m² Appartement ∙ 1 chambre ∙ 4 personnes,Saas Fee - Valais
09/05/2024,08/06/2024,15/06/2024,728.88,HWB46H1,50 m² Appartement ∙ 1 chambre ∙ 4 personnes,Saas Fee - Valais
09/05/2024,28/09/2024,05/10/2024,728.88,HWB46H1,50 m² Appartement ∙ 1 chambre ∙ 4 personnes,Saas Fee - Valais
09/05/2024,12/10/2024,19/10/2024,728.88,HWB46H1,50 m² Appartement ∙ 1 chambre ∙ 4 personnes,Saas Fee - Valais
09/05/2024,19/10/2024,26/10/2024,728.88,HWB46H1,50 m² Appartement ∙ 1 chambre ∙ 4 personnes,Saas Fee - Valais
09/05/2024,26/10/2024,02/11/2024,778.21,HWB46H1,50 m² Appartement ∙ 1 chambre ∙ 4 personnes,Saas Fee - Valais
09/05/2024,11/05/2024,18/05/2024,1427.24,HGKNA73,100 m² Appartement ∙ 3 chambres ∙ 6 personnes,Saas-Almagell - Valais
09/05/2024,18/05/2024,25/05/2024,1427.24,HGKNA73,100 m² Appartement ∙ 3 chambres ∙ 6 personnes,Saas-Almagell - Valais
09/05/2024,25/05/2024,01/06/2024,1427.24,HGKNA73,100 m² Appartement ∙ 3 chambres ∙ 6 personnes,Saas-Almagell - Valais
09/05/2024,01/06/2024,08/06/2024,1427.24,HGKNA73,100 m² Appartement ∙ 3 chambres ∙ 6 personnes,Saas-Almagell - Valais
09/05/2024,08/06/2024,15/06/2024,1427.24,HGKNA73,100 m² Appartement ∙ 3 chambres ∙ 6 personnes,Saas-Almagell - Valais
09/05/2024,15/06/2024,22/06/2024,1427.24,HGKNA73,100 m² Appartement ∙ 3 chambres ∙ 6 personnes,Saas-Almagell - Valais
09/05/2024,22/06/2024,29/06/2024,1427.24,HGKNA73,100 m² Appartement ∙ 3 chambres ∙ 6 personnes,Saas-Almagell - Valais
09/05/2024,29/06/2024,06/07/2024,1427.24,HGKNA73,100 m² Appartement ∙ 3 chambres ∙ 6 personnes,Saas-Almagell - Valais
09/05/2024,06/07/2024,13/07/2024,1427.24,HGKNA73,100 m² Appartement ∙ 3 chambres ∙ 6 personnes,Saas-Almagell - Valais
09/05/2024,07/09/2024,14/09/2024,1427.24,HGKNA73,100 m² Appartement ∙ 3 chambres ∙ 6 personnes,Saas-Almagell - Valais
09/05/2024,14/09/2024,21/09/2024,1427.24,HGKNA73,100 m² Appartement ∙ 3 chambres ∙ 6 personnes,Saas-Almagell - Valais
09/05/2024,21/09/2024,28/09/2024,1427.24,HGKNA73,100 m² Appartement ∙ 3 chambres ∙ 6 personnes,Saas-Almagell - Valais
09/05/2024,28/09/2024,05/10/2024,1427.24,HGKNA73,100 m² Appartement ∙ 3 chambres ∙ 6 personnes,Saas-Almagell - Valais
09/05/2024,05/10/2024,12/10/2024,1427.24,HGKNA73,100 m² Appartement ∙ 3 chambres ∙ 6 personnes,Saas-Almagell - Valais
09/05/2024,12/10/2024,19/10/2024,1427.24,HGKNA73,100 m² Appartement ∙ 3 chambres ∙ 6 personnes,Saas-Almagell - Valais
09/05/2024,19/10/2024,26/10/2024,1427.24,HGKNA73,100 m² Appartement ∙ 3 chambres ∙ 6 personnes,Saas-Almagell - Valais
09/05/2024,26/10/2024,02/11/2024,1427.24,HGKNA73,100 m² Appartement ∙ 3 chambres ∙ 6 personnes,Saas-Almagell - Valais
09/05/2024,11/05/2024,18/05/2024,1137.04,HR94PFU,80 m² Maison de vacances ∙ 3 chambres ∙ 6 personnes,Nendaz - Valais
09/05/2024,15/06/2024,22/06/2024,1366.50,HR94PFU,80 m² Maison de vacances ∙ 3 chambres ∙ 6 personnes,Nendaz - Valais
09/05/2024,22/06/2024,29/06/2024,1366.50,HR94PFU,80 m² Maison de vacances ∙ 3 chambres ∙ 6 personnes,Nendaz - Valais
09/05/2024,06/07/2024,13/07/2024,1873.56,HR94PFU,80 m² Maison de vacances ∙ 3 chambres ∙ 6 personnes,Nendaz - Valais
09/05/2024,10/08/2024,17/08/2024,1873.56,HR94PFU,80 m² Maison de vacances ∙ 3 chambres ∙ 6 personnes,Nendaz - Valais
09/05/2024,24/08/2024,31/08/2024,1627.71,HR94PFU,80 m² Maison de vacances ∙ 3 chambres ∙ 6 personnes,Nendaz - Valais
09/05/2024,31/08/2024,07/09/2024,1366.50,HR94PFU,80 m² Maison de vacances ∙ 3 chambres ∙ 6 personnes,Nendaz - Valais
09/05/2024,07/09/2024,14/09/2024,1366.50,HR94PFU,80 m² Maison de vacances ∙ 3 chambres ∙ 6 personnes,Nendaz - Valais
09/05/2024,14/09/2024,21/09/2024,1366.50,HR94PFU,80 m² Maison de vacances ∙ 3 chambres ∙ 6 personnes,Nendaz - Valais
09/05/2024,21/09/2024,28/09/2024,1627.71,HR94PFU,80 m² Maison de vacances ∙ 3 chambres ∙ 6 personnes,Nendaz - Valais
09/05/2024,28/09/2024,05/10/2024,1627.71,HR94PFU,80 m² Maison de vacances ∙ 3 chambres ∙ 6 personnes,Nendaz - Valais
09/05/2024,26/10/2024,02/11/2024,1627.71,HR94PFU,80 m² Maison de vacances ∙ 3 chambres ∙ 6 personnes,Nendaz - Valais
09/05/2024,22/06/2024,29/06/2024,559.30,HVA0HRS,52 m² Appartement ∙ 1 chambre ∙ 4 personnes,Saas Fee - Valais
09/05/2024,31/08/2024,07/09/2024,631.01,HVA0HRS,52 m² Appartement ∙ 1 chambre ∙ 4 personnes,Saas Fee - Valais
09/05/2024,07/09/2024,14/09/2024,631.01,HVA0HRS,52 m² Appartement ∙ 1 chambre ∙ 4 personnes,Saas Fee - Valais
09/05/2024,14/09/2024,21/09/2024,631.01,HVA0HRS,52 m² Appartement ∙ 1 chambre ∙ 4 personnes,Saas Fee - Valais
09/05/2024,21/09/2024,28/09/2024,631.01,HVA0HRS,52 m² Appartement ∙ 1 chambre ∙ 4 personnes,Saas Fee - Valais
09/05/2024,28/09/2024,05/10/2024,631.01,HVA0HRS,52 m² Appartement ∙ 1 chambre ∙ 4 personnes,Saas Fee - Valais
09/05/2024,05/10/2024,12/10/2024,631.01,HVA0HRS,52 m² Appartement ∙ 1 chambre ∙ 4 personnes,Saas Fee - Valais
09/05/2024,11/05/2024,18/05/2024,647.40,HUCR7J1,42 m² Appartement ∙ 1 chambre ∙ 4 personnes,Nendaz - Valais
09/05/2024,18/05/2024,25/05/2024,647.40,HUCR7J1,42 m² Appartement ∙ 1 chambre ∙ 4 personnes,Nendaz - Valais
09/05/2024,25/05/2024,01/06/2024,647.40,HUCR7J1,42 m² Appartement ∙ 1 chambre ∙ 4 personnes,Nendaz - Valais
09/05/2024,01/06/2024,08/06/2024,647.40,HUCR7J1,42 m² Appartement ∙ 1 chambre ∙ 4 personnes,Nendaz - Valais
09/05/2024,08/06/2024,15/06/2024,647.40,HUCR7J1,42 m² Appartement ∙ 1 chambre ∙ 4 personnes,Nendaz - Valais
09/05/2024,15/06/2024,22/06/2024,647.40,HUCR7J1,42 m² Appartement ∙ 1 chambre ∙ 4 personnes,Nendaz - Valais
09/05/2024,22/06/2024,29/06/2024,647.40,HUCR7J1,42 m² Appartement ∙ 1 chambre ∙ 4 personnes,Nendaz - Valais
09/05/2024,29/06/2024,06/07/2024,647.40,HUCR7J1,42 m² Appartement ∙ 1 chambre ∙ 4 personnes,Nendaz - Valais
09/05/2024,06/07/2024,13/07/2024,647.40,HUCR7J1,42 m² Appartement ∙ 1 chambre ∙ 4 personnes,Nendaz - Valais
09/05/2024,13/07/2024,20/07/2024,819.49,HUCR7J1,42 m² Appartement ∙ 1 chambre ∙ 4 personnes,Nendaz - Valais
09/05/2024,03/08/2024,10/08/2024,819.49,HUCR7J1,42 m² Appartement ∙ 1 chambre ∙ 4 personnes,Nendaz - Valais
09/05/2024,10/08/2024,17/08/2024,819.49,HUCR7J1,42 m² Appartement ∙ 1 chambre ∙ 4 personnes,Nendaz - Valais
09/05/2024,17/08/2024,24/08/2024,647.40,HUCR7J1,42 m² Appartement ∙ 1 chambre ∙ 4 personnes,Nendaz - Valais
09/05/2024,24/08/2024,31/08/2024,647.40,HUCR7J1,42 m² Appartement ∙ 1 chambre ∙ 4 personnes,Nendaz - Valais
09/05/2024,31/08/2024,07/09/2024,647.40,HUCR7J1,42 m² Appartement ∙ 1 chambre ∙ 4 personnes,Nendaz - Valais
09/05/2024,07/09/2024,14/09/2024,647.40,HUCR7J1,42 m² Appartement ∙ 1 chambre ∙ 4 personnes,Nendaz - Valais
09/05/2024,14/09/2024,21/09/2024,647.40,HUCR7J1,42 m² Appartement ∙ 1 chambre ∙ 4 personnes,Nendaz - Valais
09/05/2024,21/09/2024,28/09/2024,647.40,HUCR7J1,42 m² Appartement ∙ 1 chambre ∙ 4 personnes,Nendaz - Valais
09/05/2024,28/09/2024,05/10/2024,647.40,HUCR7J1,42 m² Appartement ∙ 1 chambre ∙ 4 personnes,Nendaz - Valais
09/05/2024,05/10/2024,12/10/2024,647.40,HUCR7J1,42 m² Appartement ∙ 1 chambre ∙ 4 personnes,Nendaz - Valais
09/05/2024,12/10/2024,19/10/2024,647.40,HUCR7J1,42 m² Appartement ∙ 1 chambre ∙ 4 personnes,Nendaz - Valais
09/05/2024,19/10/2024,26/10/2024,647.40,HUCR7J1,42 m² Appartement ∙ 1 chambre ∙ 4 personnes,Nendaz - Valais
09/05/2024,26/10/2024,02/11/2024,647.40,HUCR7J1,42 m² Appartement ∙ 1 chambre ∙ 4 personnes,Nendaz - Valais
09/05/2024,25/05/2024,01/06/2024,1380.60,HL4S5AZ,190 m² Maison de vacances ∙ 4 chambres ∙ 12 personnes,Vex - Valais
09/05/2024,01/06/2024,08/06/2024,1380.60,HL4S5AZ,190 m² Maison de vacances ∙ 4 chambres ∙ 12 personnes,Vex - Valais
09/05/2024,08/06/2024,15/06/2024,1380.60,HL4S5AZ,190 m² Maison de vacances ∙ 4 chambres ∙ 12 personnes,Vex - Valais
09/05/2024,15/06/2024,22/06/2024,1380.60,HL4S5AZ,190 m² Maison de vacances ∙ 4 chambres ∙ 12 personnes,Vex - Valais
09/05/2024,22/06/2024,29/06/2024,1380.60,HL4S5AZ,190 m² Maison de vacances ∙ 4 chambres ∙ 12 personnes,Vex - Valais
09/05/2024,29/06/2024,06/07/2024,2018.59,HL4S5AZ,190 m² Maison de vacances ∙ 4 chambres ∙ 12 personnes,Vex - Valais
09/05/2024,06/07/2024,13/07/2024,2018.59,HL4S5AZ,190 m² Maison de vacances ∙ 4 chambres ∙ 12 personnes,Vex - Valais
09/05/2024,13/07/2024,20/07/2024,2231.95,HL4S5AZ,190 m² Maison de vacances ∙ 4 chambres ∙ 12 personnes,Vex - Valais
09/05/2024,20/07/2024,27/07/2024,2231.95,HL4S5AZ,190 m² Maison de vacances ∙ 4 chambres ∙ 12 personnes,Vex - Valais
09/05/2024,27/07/2024,03/08/2024,2231.95,HL4S5AZ,190 m² Maison de vacances ∙ 4 chambres ∙ 12 personnes,Vex - Valais
09/05/2024,17/08/2024,24/08/2024,2018.59,HL4S5AZ,190 m² Maison de vacances ∙ 4 chambres ∙ 12 personnes,Vex - Valais
09/05/2024,31/08/2024,07/09/2024,1486.23,HL4S5AZ,190 m² Maison de vacances ∙ 4 chambres ∙ 12 personnes,Vex - Valais
09/05/2024,07/09/2024,14/09/2024,1486.23,HL4S5AZ,190 m² Maison de vacances ∙ 4 chambres ∙ 12 personnes,Vex - Valais
09/05/2024,14/09/2024,21/09/2024,1486.23,HL4S5AZ,190 m² Maison de vacances ∙ 4 chambres ∙ 12 personnes,Vex - Valais
09/05/2024,21/09/2024,28/09/2024,1486.23,HL4S5AZ,190 m² Maison de vacances ∙ 4 chambres ∙ 12 personnes,Vex - Valais
09/05/2024,28/09/2024,05/10/2024,1486.23,HL4S5AZ,190 m² Maison de vacances ∙ 4 chambres ∙ 12 personnes,Vex - Valais
09/05/2024,05/10/2024,12/10/2024,1486.23,HL4S5AZ,190 m² Maison de vacances ∙ 4 chambres ∙ 12 personnes,Vex - Valais
09/05/2024,12/10/2024,19/10/2024,1486.23,HL4S5AZ,190 m² Maison de vacances ∙ 4 chambres ∙ 12 personnes,Vex - Valais
09/05/2024,19/10/2024,26/10/2024,1486.23,HL4S5AZ,190 m² Maison de vacances ∙ 4 chambres ∙ 12 personnes,Vex - Valais
09/05/2024,26/10/2024,02/11/2024,1380.60,HL4S5AZ,190 m² Maison de vacances ∙ 4 chambres ∙ 12 personnes,Vex - Valais
09/05/2024,11/05/2024,18/05/2024,1140.12,HDNC30K,90 m² Maison de vacances ∙ 2 chambres ∙ 4 personnes,Zermatt - Valais
09/05/2024,18/05/2024,25/05/2024,1140.12,HDNC30K,90 m² Maison de vacances ∙ 2 chambres ∙ 4 personnes,Zermatt - Valais
09/05/2024,25/05/2024,01/06/2024,1523.23,HDNC30K,90 m² Maison de vacances ∙ 2 chambres ∙ 4 personnes,Zermatt - Valais
09/05/2024,15/06/2024,22/06/2024,1523.23,HDNC30K,90 m² Maison de vacances ∙ 2 chambres ∙ 4 personnes,Zermatt - Valais
09/05/2024,10/08/2024,17/08/2024,1643.08,HDNC30K,90 m² Maison de vacances ∙ 2 chambres ∙ 4 personnes,Zermatt - Valais
09/05/2024,14/09/2024,21/09/2024,1523.23,HDNC30K,90 m² Maison de vacances ∙ 2 chambres ∙ 4 personnes,Zermatt - Valais
09/05/2024,21/09/2024,28/09/2024,1523.23,HDNC30K,90 m² Maison de vacances ∙ 2 chambres ∙ 4 personnes,Zermatt - Valais
09/05/2024,26/10/2024,02/11/2024,1523.23,HDNC30K,90 m² Maison de vacances ∙ 2 chambres ∙ 4 personnes,Zermatt - Valais
09/05/2024,11/05/2024,18/05/2024,1442.30,HT136AM,120 m² Maison de vacances ∙ 4 chambres ∙ 8 personnes,Veysonnaz - Valais
09/05/2024,18/05/2024,25/05/2024,1442.30,HT136AM,120 m² Maison de vacances ∙ 4 chambres ∙ 8 personnes,Veysonnaz - Valais
09/05/2024,25/05/2024,01/06/2024,1442.30,HT136AM,120 m² Maison de vacances ∙ 4 chambres ∙ 8 personnes,Veysonnaz - Valais
09/05/2024,01/06/2024,08/06/2024,1442.30,HT136AM,120 m² Maison de vacances ∙ 4 chambres ∙ 8 personnes,Veysonnaz - Valais
09/05/2024,08/06/2024,15/06/2024,1602.10,HT136AM,120 m² Maison de vacances ∙ 4 chambres ∙ 8 personnes,Veysonnaz - Valais
09/05/2024,15/06/2024,22/06/2024,1602.10,HT136AM,120 m² Maison de vacances ∙ 4 chambres ∙ 8 personnes,Veysonnaz - Valais
09/05/2024,22/06/2024,29/06/2024,1602.10,HT136AM,120 m² Maison de vacances ∙ 4 chambres ∙ 8 personnes,Veysonnaz - Valais
09/05/2024,13/07/2024,20/07/2024,2023.12,HT136AM,120 m² Maison de vacances ∙ 4 chambres ∙ 8 personnes,Veysonnaz - Valais
09/05/2024,24/08/2024,31/08/2024,1665.61,HT136AM,120 m² Maison de vacances ∙ 4 chambres ∙ 8 personnes,Veysonnaz - Valais
09/05/2024,31/08/2024,07/09/2024,1665.61,HT136AM,120 m² Maison de vacances ∙ 4 chambres ∙ 8 personnes,Veysonnaz - Valais
09/05/2024,07/09/2024,14/09/2024,1665.61,HT136AM,120 m² Maison de vacances ∙ 4 chambres ∙ 8 personnes,Veysonnaz - Valais
09/05/2024,14/09/2024,21/09/2024,1665.61,HT136AM,120 m² Maison de vacances ∙ 4 chambres ∙ 8 personnes,Veysonnaz - Valais
09/05/2024,21/09/2024,28/09/2024,1665.61,HT136AM,120 m² Maison de vacances ∙ 4 chambres ∙ 8 personnes,Veysonnaz - Valais
09/05/2024,28/09/2024,05/10/2024,1665.61,HT136AM,120 m² Maison de vacances ∙ 4 chambres ∙ 8 personnes,Veysonnaz - Valais
09/05/2024,05/10/2024,12/10/2024,1665.61,HT136AM,120 m² Maison de vacances ∙ 4 chambres ∙ 8 personnes,Veysonnaz - Valais
09/05/2024,12/10/2024,19/10/2024,1665.61,HT136AM,120 m² Maison de vacances ∙ 4 chambres ∙ 8 personnes,Veysonnaz - Valais
09/05/2024,19/10/2024,26/10/2024,1665.61,HT136AM,120 m² Maison de vacances ∙ 4 chambres ∙ 8 personnes,Veysonnaz - Valais
09/05/2024,26/10/2024,02/11/2024,1665.61,HT136AM,120 m² Maison de vacances ∙ 4 chambres ∙ 8 personnes,Veysonnaz - Valais
09/05/2024,11/05/2024,18/05/2024,573.64,HNWYSPC,Appartement ∙ 1 chambre ∙ 4 personnes,Val-d'Illiez - Valais
09/05/2024,18/05/2024,25/05/2024,573.64,HNWYSPC,Appartement ∙ 1 chambre ∙ 4 personnes,Val-d'Illiez - Valais
09/05/2024,25/05/2024,01/06/2024,573.64,HNWYSPC,Appartement ∙ 1 chambre ∙ 4 personnes,Val-d'Illiez - Valais
09/05/2024,01/06/2024,08/06/2024,573.64,HNWYSPC,Appartement ∙ 1 chambre ∙ 4 personnes,Val-d'Illiez - Valais
09/05/2024,08/06/2024,15/06/2024,573.64,HNWYSPC,Appartement ∙ 1 chambre ∙ 4 personnes,Val-d'Illiez - Valais
09/05/2024,15/06/2024,22/06/2024,573.64,HNWYSPC,Appartement ∙ 1 chambre ∙ 4 personnes,Val-d'Illiez - Valais
09/05/2024,22/06/2024,29/06/2024,573.64,HNWYSPC,Appartement ∙ 1 chambre ∙ 4 personnes,Val-d'Illiez - Valais
09/05/2024,29/06/2024,06/07/2024,573.64,HNWYSPC,Appartement ∙ 1 chambre ∙ 4 personnes,Val-d'Illiez - Valais
09/05/2024,06/07/2024,13/07/2024,573.64,HNWYSPC,Appartement ∙ 1 chambre ∙ 4 personnes,Val-d'Illiez - Valais
09/05/2024,13/07/2024,20/07/2024,573.64,HNWYSPC,Appartement ∙ 1 chambre ∙ 4 personnes,Val-d'Illiez - Valais
09/05/2024,20/07/2024,27/07/2024,573.64,HNWYSPC,Appartement ∙ 1 chambre ∙ 4 personnes,Val-d'Illiez - Valais
09/05/2024,27/07/2024,03/08/2024,573.64,HNWYSPC,Appartement ∙ 1 chambre ∙ 4 personnes,Val-d'Illiez - Valais
09/05/2024,03/08/2024,10/08/2024,573.64,HNWYSPC,Appartement ∙ 1 chambre ∙ 4 personnes,Val-d'Illiez - Valais
09/05/2024,10/08/2024,17/08/2024,573.64,HNWYSPC,Appartement ∙ 1 chambre ∙ 4 personnes,Val-d'Illiez - Valais
09/05/2024,17/08/2024,24/08/2024,573.64,HNWYSPC,Appartement ∙ 1 chambre ∙ 4 personnes,Val-d'Illiez - Valais
09/05/2024,24/08/2024,31/08/2024,573.64,HNWYSPC,Appartement ∙ 1 chambre ∙ 4 personnes,Val-d'Illiez - Valais
09/05/2024,31/08/2024,07/09/2024,573.64,HNWYSPC,Appartement ∙ 1 chambre ∙ 4 personnes,Val-d'Illiez - Valais
09/05/2024,07/09/2024,14/09/2024,573.64,HNWYSPC,Appartement ∙ 1 chambre ∙ 4 personnes,Val-d'Illiez - Valais
09/05/2024,14/09/2024,21/09/2024,573.64,HNWYSPC,Appartement ∙ 1 chambre ∙ 4 personnes,Val-d'Illiez - Valais
09/05/2024,21/09/2024,28/09/2024,573.64,HNWYSPC,Appartement ∙ 1 chambre ∙ 4 personnes,Val-d'Illiez - Valais
09/05/2024,28/09/2024,05/10/2024,573.64,HNWYSPC,Appartement ∙ 1 chambre ∙ 4 personnes,Val-d'Illiez - Valais
09/05/2024,05/10/2024,12/10/2024,573.64,HNWYSPC,Appartement ∙ 1 chambre ∙ 4 personnes,Val-d'Illiez - Valais
09/05/2024,12/10/2024,19/10/2024,573.64,HNWYSPC,Appartement ∙ 1 chambre ∙ 4 personnes,Val-d'Illiez - Valais
09/05/2024,19/10/2024,26/10/2024,573.64,HNWYSPC,Appartement ∙ 1 chambre ∙ 4 personnes,Val-d'Illiez - Valais
09/05/2024,14/09/2024,21/09/2024,966.73,HDL370G,40 m² Appartement ∙ 1 chambre ∙ 4 personnes,Saas Fee - Valais
09/05/2024,21/09/2024,28/09/2024,966.73,HDL370G,40 m² Appartement ∙ 1 chambre ∙ 4 personnes,Saas Fee - Valais
09/05/2024,28/09/2024,05/10/2024,966.73,HDL370G,40 m² Appartement ∙ 1 chambre ∙ 4 personnes,Saas Fee - Valais
09/05/2024,05/10/2024,12/10/2024,966.73,HDL370G,40 m² Appartement ∙ 1 chambre ∙ 4 personnes,Saas Fee - Valais
09/05/2024,12/10/2024,19/10/2024,966.73,HDL370G,40 m² Appartement ∙ 1 chambre ∙ 4 personnes,Saas Fee - Valais
09/05/2024,19/10/2024,26/10/2024,966.73,HDL370G,40 m² Appartement ∙ 1 chambre ∙ 4 personnes,Saas Fee - Valais
09/05/2024,26/10/2024,02/11/2024,1028.11,HDL370G,40 m² Appartement ∙ 1 chambre ∙ 4 personnes,Saas Fee - Valais
09/05/2024,11/05/2024,18/05/2024,645.35,HZATFJM,Appartement ∙ 1 chambre ∙ 4 personnes,Grächen - Valais
09/05/2024,18/05/2024,25/05/2024,645.35,HZATFJM,Appartement ∙ 1 chambre ∙ 4 personnes,Grächen - Valais
09/05/2024,25/05/2024,01/06/2024,645.35,HZATFJM,Appartement ∙ 1 chambre ∙ 4 personnes,Grächen - Valais
09/05/2024,01/06/2024,08/06/2024,645.35,HZATFJM,Appartement ∙ 1 chambre ∙ 4 personnes,Grächen - Valais
09/05/2024,08/06/2024,15/06/2024,645.35,HZATFJM,Appartement ∙ 1 chambre ∙ 4 personnes,Grächen - Valais
09/05/2024,13/07/2024,20/07/2024,788.76,HZATFJM,Appartement ∙ 1 chambre ∙ 4 personnes,Grächen - Valais
09/05/2024,20/07/2024,27/07/2024,788.76,HZATFJM,Appartement ∙ 1 chambre ∙ 4 personnes,Grächen - Valais
09/05/2024,27/07/2024,03/08/2024,788.76,HZATFJM,Appartement ∙ 1 chambre ∙ 4 personnes,Grächen - Valais
09/05/2024,03/08/2024,10/08/2024,788.76,HZATFJM,Appartement ∙ 1 chambre ∙ 4 personnes,Grächen - Valais
09/05/2024,10/08/2024,17/08/2024,788.76,HZATFJM,Appartement ∙ 1 chambre ∙ 4 personnes,Grächen - Valais
09/05/2024,17/08/2024,24/08/2024,788.76,HZATFJM,Appartement ∙ 1 chambre ∙ 4 personnes,Grächen - Valais
09/05/2024,24/08/2024,31/08/2024,645.35,HZATFJM,Appartement ∙ 1 chambre ∙ 4 personnes,Grächen - Valais
09/05/2024,31/08/2024,07/09/2024,645.35,HZATFJM,Appartement ∙ 1 chambre ∙ 4 personnes,Grächen - Valais
09/05/2024,07/09/2024,14/09/2024,645.35,HZATFJM,Appartement ∙ 1 chambre ∙ 4 personnes,Grächen - Valais
09/05/2024,12/10/2024,19/10/2024,645.35,HZATFJM,Appartement ∙ 1 chambre ∙ 4 personnes,Grächen - Valais
09/05/2024,19/10/2024,26/10/2024,645.35,HZATFJM,Appartement ∙ 1 chambre ∙ 4 personnes,Grächen - Valais
09/05/2024,26/10/2024,02/11/2024,645.35,HZATFJM,Appartement ∙ 1 chambre ∙ 4 personnes,Grächen - Valais
09/05/2024,08/06/2024,15/06/2024,717.05,HN5AX6Z,Appartement ∙ 4 personnes,Grächen - Valais
09/05/2024,15/06/2024,22/06/2024,717.05,HN5AX6Z,Appartement ∙ 4 personnes,Grächen - Valais
09/05/2024,22/06/2024,29/06/2024,717.05,HN5AX6Z,Appartement ∙ 4 personnes,Grächen - Valais
09/05/2024,29/06/2024,06/07/2024,717.05,HN5AX6Z,Appartement ∙ 4 personnes,Grächen - Valais
09/05/2024,06/07/2024,13/07/2024,717.05,HN5AX6Z,Appartement ∙ 4 personnes,Grächen - Valais
09/05/2024,17/08/2024,24/08/2024,717.05,HN5AX6Z,Appartement ∙ 4 personnes,Grächen - Valais
09/05/2024,24/08/2024,31/08/2024,717.05,HN5AX6Z,Appartement ∙ 4 personnes,Grächen - Valais
09/05/2024,31/08/2024,07/09/2024,717.05,HN5AX6Z,Appartement ∙ 4 personnes,Grächen - Valais
09/05/2024,07/09/2024,14/09/2024,717.05,HN5AX6Z,Appartement ∙ 4 personnes,Grächen - Valais
09/05/2024,14/09/2024,21/09/2024,717.05,HN5AX6Z,Appartement ∙ 4 personnes,Grächen - Valais
09/05/2024,21/09/2024,28/09/2024,717.05,HN5AX6Z,Appartement ∙ 4 personnes,Grächen - Valais
09/05/2024,28/09/2024,05/10/2024,717.05,HN5AX6Z,Appartement ∙ 4 personnes,Grächen - Valais
09/05/2024,05/10/2024,12/10/2024,717.05,HN5AX6Z,Appartement ∙ 4 personnes,Grächen - Valais
09/05/2024,12/10/2024,19/10/2024,717.05,HN5AX6Z,Appartement ∙ 4 personnes,Grächen - Valais
09/05/2024,19/10/2024,26/10/2024,717.05,HN5AX6Z,Appartement ∙ 4 personnes,Grächen - Valais
09/05/2024,11/05/2024,18/05/2024,946.51,HCHYE8L,72 m² Appartement ∙ 2 chambres ∙ 4 personnes,Loèche-les-Bains - Valais
09/05/2024,18/05/2024,25/05/2024,946.51,HCHYE8L,72 m² Appartement ∙ 2 chambres ∙ 4 personnes,Loèche-les-Bains - Valais
09/05/2024,25/05/2024,01/06/2024,946.51,HCHYE8L,72 m² Appartement ∙ 2 chambres ∙ 4 personnes,Loèche-les-Bains - Valais
09/05/2024,01/06/2024,08/06/2024,946.51,HCHYE8L,72 m² Appartement ∙ 2 chambres ∙ 4 personnes,Loèche-les-Bains - Valais
09/05/2024,08/06/2024,15/06/2024,946.51,HCHYE8L,72 m² Appartement ∙ 2 chambres ∙ 4 personnes,Loèche-les-Bains - Valais
09/05/2024,15/06/2024,22/06/2024,946.51,HCHYE8L,72 m² Appartement ∙ 2 chambres ∙ 4 personnes,Loèche-les-Bains - Valais
09/05/2024,03/08/2024,10/08/2024,1075.58,HCHYE8L,72 m² Appartement ∙ 2 chambres ∙ 4 personnes,Loèche-les-Bains - Valais
09/05/2024,10/08/2024,17/08/2024,1075.58,HCHYE8L,72 m² Appartement ∙ 2 chambres ∙ 4 personnes,Loèche-les-Bains - Valais
09/05/2024,17/08/2024,24/08/2024,1075.58,HCHYE8L,72 m² Appartement ∙ 2 chambres ∙ 4 personnes,Loèche-les-Bains - Valais
09/05/2024,24/08/2024,31/08/2024,1075.58,HCHYE8L,72 m² Appartement ∙ 2 chambres ∙ 4 personnes,Loèche-les-Bains - Valais
09/05/2024,31/08/2024,07/09/2024,1075.58,HCHYE8L,72 m² Appartement ∙ 2 chambres ∙ 4 personnes,Loèche-les-Bains - Valais
09/05/2024,07/09/2024,14/09/2024,1075.58,HCHYE8L,72 m² Appartement ∙ 2 chambres ∙ 4 personnes,Loèche-les-Bains - Valais
09/05/2024,14/09/2024,21/09/2024,1075.58,HCHYE8L,72 m² Appartement ∙ 2 chambres ∙ 4 personnes,Loèche-les-Bains - Valais
09/05/2024,21/09/2024,28/09/2024,1075.58,HCHYE8L,72 m² Appartement ∙ 2 chambres ∙ 4 personnes,Loèche-les-Bains - Valais
09/05/2024,28/09/2024,05/10/2024,1075.58,HCHYE8L,72 m² Appartement ∙ 2 chambres ∙ 4 personnes,Loèche-les-Bains - Valais
09/05/2024,05/10/2024,12/10/2024,1075.58,HCHYE8L,72 m² Appartement ∙ 2 chambres ∙ 4 personnes,Loèche-les-Bains - Valais
09/05/2024,12/10/2024,19/10/2024,1075.58,HCHYE8L,72 m² Appartement ∙ 2 chambres ∙ 4 personnes,Loèche-les-Bains - Valais
09/05/2024,19/10/2024,26/10/2024,1075.58,HCHYE8L,72 m² Appartement ∙ 2 chambres ∙ 4 personnes,Loèche-les-Bains - Valais
09/05/2024,26/10/2024,02/11/2024,946.51,HCHYE8L,72 m² Appartement ∙ 2 chambres ∙ 4 personnes,Loèche-les-Bains - Valais
09/05/2024,06/07/2024,13/07/2024,1534.70,HC4EYZ9,85 m² Appartement ∙ 3 chambres ∙ 6 personnes,Saas Grund - Valais
09/05/2024,13/07/2024,20/07/2024,1534.70,HC4EYZ9,85 m² Appartement ∙ 3 chambres ∙ 6 personnes,Saas Grund - Valais
09/05/2024,20/07/2024,27/07/2024,1688.15,HC4EYZ9,85 m² Appartement ∙ 3 chambres ∙ 6 personnes,Saas Grund - Valais
09/05/2024,10/08/2024,17/08/2024,1688.15,HC4EYZ9,85 m² Appartement ∙ 3 chambres ∙ 6 personnes,Saas Grund - Valais
09/05/2024,31/08/2024,07/09/2024,1074.35,HC4EYZ9,85 m² Appartement ∙ 3 chambres ∙ 6 personnes,Saas Grund - Valais
09/05/2024,07/09/2024,14/09/2024,1074.35,HC4EYZ9,85 m² Appartement ∙ 3 chambres ∙ 6 personnes,Saas Grund - Valais
09/05/2024,14/09/2024,21/09/2024,1074.35,HC4EYZ9,85 m² Appartement ∙ 3 chambres ∙ 6 personnes,Saas Grund - Valais
09/05/2024,21/09/2024,28/09/2024,1074.35,HC4EYZ9,85 m² Appartement ∙ 3 chambres ∙ 6 personnes,Saas Grund - Valais
09/05/2024,28/09/2024,05/10/2024,1074.35,HC4EYZ9,85 m² Appartement ∙ 3 chambres ∙ 6 personnes,Saas Grund - Valais
09/05/2024,05/10/2024,12/10/2024,1074.35,HC4EYZ9,85 m² Appartement ∙ 3 chambres ∙ 6 personnes,Saas Grund - Valais
09/05/2024,12/10/2024,19/10/2024,1074.35,HC4EYZ9,85 m² Appartement ∙ 3 chambres ∙ 6 personnes,Saas Grund - Valais
09/05/2024,19/10/2024,26/10/2024,1074.35,HC4EYZ9,85 m² Appartement ∙ 3 chambres ∙ 6 personnes,Saas Grund - Valais
09/05/2024,26/10/2024,02/11/2024,1074.35,HC4EYZ9,85 m² Appartement ∙ 3 chambres ∙ 6 personnes,Saas Grund - Valais
09/05/2024,11/05/2024,18/05/2024,602.33,HKU24NT,35 m² Appartement ∙ 1 chambre ∙ 2 personnes,Loèche-les-Bains - Valais
09/05/2024,18/05/2024,25/05/2024,602.33,HKU24NT,35 m² Appartement ∙ 1 chambre ∙ 2 personnes,Loèche-les-Bains - Valais
09/05/2024,25/05/2024,01/06/2024,602.33,HKU24NT,35 m² Appartement ∙ 1 chambre ∙ 2 personnes,Loèche-les-Bains - Valais
09/05/2024,01/06/2024,08/06/2024,602.33,HKU24NT,35 m² Appartement ∙ 1 chambre ∙ 2 personnes,Loèche-les-Bains - Valais
09/05/2024,08/06/2024,15/06/2024,602.33,HKU24NT,35 m² Appartement ∙ 1 chambre ∙ 2 personnes,Loèche-les-Bains - Valais
09/05/2024,15/06/2024,22/06/2024,602.33,HKU24NT,35 m² Appartement ∙ 1 chambre ∙ 2 personnes,Loèche-les-Bains - Valais
09/05/2024,22/06/2024,29/06/2024,602.33,HKU24NT,35 m² Appartement ∙ 1 chambre ∙ 2 personnes,Loèche-les-Bains - Valais
09/05/2024,29/06/2024,06/07/2024,645.35,HKU24NT,35 m² Appartement ∙ 1 chambre ∙ 2 personnes,Loèche-les-Bains - Valais
09/05/2024,06/07/2024,13/07/2024,645.35,HKU24NT,35 m² Appartement ∙ 1 chambre ∙ 2 personnes,Loèche-les-Bains - Valais
09/05/2024,13/07/2024,20/07/2024,645.35,HKU24NT,35 m² Appartement ∙ 1 chambre ∙ 2 personnes,Loèche-les-Bains - Valais
09/05/2024,20/07/2024,27/07/2024,645.35,HKU24NT,35 m² Appartement ∙ 1 chambre ∙ 2 personnes,Loèche-les-Bains - Valais
09/05/2024,27/07/2024,03/08/2024,645.35,HKU24NT,35 m² Appartement ∙ 1 chambre ∙ 2 personnes,Loèche-les-Bains - Valais
09/05/2024,03/08/2024,10/08/2024,645.35,HKU24NT,35 m² Appartement ∙ 1 chambre ∙ 2 personnes,Loèche-les-Bains - Valais
09/05/2024,10/08/2024,17/08/2024,645.35,HKU24NT,35 m² Appartement ∙ 1 chambre ∙ 2 personnes,Loèche-les-Bains - Valais
09/05/2024,17/08/2024,24/08/2024,645.35,HKU24NT,35 m² Appartement ∙ 1 chambre ∙ 2 personnes,Loèche-les-Bains - Valais
09/05/2024,24/08/2024,31/08/2024,645.35,HKU24NT,35 m² Appartement ∙ 1 chambre ∙ 2 personnes,Loèche-les-Bains - Valais
09/05/2024,31/08/2024,07/09/2024,645.35,HKU24NT,35 m² Appartement ∙ 1 chambre ∙ 2 personnes,Loèche-les-Bains - Valais
09/05/2024,07/09/2024,14/09/2024,645.35,HKU24NT,35 m² Appartement ∙ 1 chambre ∙ 2 personnes,Loèche-les-Bains - Valais
09/05/2024,14/09/2024,21/09/2024,645.35,HKU24NT,35 m² Appartement ∙ 1 chambre ∙ 2 personnes,Loèche-les-Bains - Valais
09/05/2024,21/09/2024,28/09/2024,645.35,HKU24NT,35 m² Appartement ∙ 1 chambre ∙ 2 personnes,Loèche-les-Bains - Valais
09/05/2024,28/09/2024,05/10/2024,645.35,HKU24NT,35 m² Appartement ∙ 1 chambre ∙ 2 personnes,Loèche-les-Bains - Valais
09/05/2024,05/10/2024,12/10/2024,645.35,HKU24NT,35 m² Appartement ∙ 1 chambre ∙ 2 personnes,Loèche-les-Bains - Valais
09/05/2024,12/10/2024,19/10/2024,645.27,HKU24NT,35 m² Appartement ∙ 1 chambre ∙ 2 personnes,Loèche-les-Bains - Valais
09/05/2024,19/10/2024,26/10/2024,645.27,HKU24NT,35 m² Appartement ∙ 1 chambre ∙ 2 personnes,Loèche-les-Bains - Valais
09/05/2024,26/10/2024,02/11/2024,645.27,HKU24NT,35 m² Appartement ∙ 1 chambre ∙ 2 personnes,Loèche-les-Bains - Valais
09/05/2024,25/05/2024,01/06/2024,1023.21,H5WBATL,65 m² Appartement ∙ 1 chambre ∙ 4 personnes,Zermatt - Valais
09/05/2024,01/06/2024,08/06/2024,1023.21,H5WBATL,65 m² Appartement ∙ 1 chambre ∙ 4 personnes,Zermatt - Valais
09/05/2024,08/06/2024,15/06/2024,1023.21,H5WBATL,65 m² Appartement ∙ 1 chambre ∙ 4 personnes,Zermatt - Valais
09/05/2024,15/06/2024,22/06/2024,1023.21,H5WBATL,65 m² Appartement ∙ 1 chambre ∙ 4 personnes,Zermatt - Valais
09/05/2024,22/06/2024,29/06/2024,1023.21,H5WBATL,65 m² Appartement ∙ 1 chambre ∙ 4 personnes,Zermatt - Valais
09/05/2024,13/07/2024,20/07/2024,1135.88,H5WBATL,65 m² Appartement ∙ 1 chambre ∙ 4 personnes,Zermatt - Valais
09/05/2024,24/08/2024,31/08/2024,1135.88,H5WBATL,65 m² Appartement ∙ 1 chambre ∙ 4 personnes,Zermatt - Valais
09/05/2024,31/08/2024,07/09/2024,1023.21,H5WBATL,65 m² Appartement ∙ 1 chambre ∙ 4 personnes,Zermatt - Valais
09/05/2024,07/09/2024,14/09/2024,1023.21,H5WBATL,65 m² Appartement ∙ 1 chambre ∙ 4 personnes,Zermatt - Valais
09/05/2024,14/09/2024,21/09/2024,1023.21,H5WBATL,65 m² Appartement ∙ 1 chambre ∙ 4 personnes,Zermatt - Valais
09/05/2024,21/09/2024,28/09/2024,1023.21,H5WBATL,65 m² Appartement ∙ 1 chambre ∙ 4 personnes,Zermatt - Valais
09/05/2024,28/09/2024,05/10/2024,1023.21,H5WBATL,65 m² Appartement ∙ 1 chambre ∙ 4 personnes,Zermatt - Valais
09/05/2024,05/10/2024,12/10/2024,1023.21,H5WBATL,65 m² Appartement ∙ 1 chambre ∙ 4 personnes,Zermatt - Valais
09/05/2024,12/10/2024,19/10/2024,1023.21,H5WBATL,65 m² Appartement ∙ 1 chambre ∙ 4 personnes,Zermatt - Valais
09/05/2024,19/10/2024,26/10/2024,1023.21,H5WBATL,65 m² Appartement ∙ 1 chambre ∙ 4 personnes,Zermatt - Valais
09/05/2024,26/10/2024,02/11/2024,1023.21,H5WBATL,65 m² Appartement ∙ 1 chambre ∙ 4 personnes,Zermatt - Valais
09/05/2024,01/06/2024,08/06/2024,1040.95,HZ7SWE5,30 m² Appartement ∙ 1 chambre ∙ 2 personnes,Saas Fee - Valais
09/05/2024,08/06/2024,15/06/2024,1040.95,HZ7SWE5,30 m² Appartement ∙ 1 chambre ∙ 2 personnes,Saas Fee - Valais
09/05/2024,03/08/2024,10/08/2024,1152.66,HZ7SWE5,30 m² Appartement ∙ 1 chambre ∙ 2 personnes,Saas Fee - Valais
09/05/2024,17/08/2024,24/08/2024,1040.95,HZ7SWE5,30 m² Appartement ∙ 1 chambre ∙ 2 personnes,Saas Fee - Valais
09/05/2024,31/08/2024,07/09/2024,1040.95,HZ7SWE5,30 m² Appartement ∙ 1 chambre ∙ 2 personnes,Saas Fee - Valais
09/05/2024,07/09/2024,14/09/2024,1040.95,HZ7SWE5,30 m² Appartement ∙ 1 chambre ∙ 2 personnes,Saas Fee - Valais
09/05/2024,14/09/2024,21/09/2024,1040.95,HZ7SWE5,30 m² Appartement ∙ 1 chambre ∙ 2 personnes,Saas Fee - Valais
09/05/2024,21/09/2024,28/09/2024,1040.95,HZ7SWE5,30 m² Appartement ∙ 1 chambre ∙ 2 personnes,Saas Fee - Valais
09/05/2024,28/09/2024,05/10/2024,1040.95,HZ7SWE5,30 m² Appartement ∙ 1 chambre ∙ 2 personnes,Saas Fee - Valais
09/05/2024,05/10/2024,12/10/2024,1040.95,HZ7SWE5,30 m² Appartement ∙ 1 chambre ∙ 2 personnes,Saas Fee - Valais
09/05/2024,11/05/2024,18/05/2024,870.60,H8XV4SR,75 m² Maison de vacances ∙ 3 chambres ∙ 6 personnes,Saint-Nicolas - Valais
09/05/2024,01/06/2024,08/06/2024,1166.61,H8XV4SR,75 m² Maison de vacances ∙ 3 chambres ∙ 6 personnes,Saint-Nicolas - Valais
09/05/2024,08/06/2024,15/06/2024,1166.61,H8XV4SR,75 m² Maison de vacances ∙ 3 chambres ∙ 6 personnes,Saint-Nicolas - Valais
09/05/2024,13/07/2024,20/07/2024,1278.25,H8XV4SR,75 m² Maison de vacances ∙ 3 chambres ∙ 6 personnes,Saint-Nicolas - Valais
09/05/2024,27/07/2024,03/08/2024,1278.25,H8XV4SR,75 m² Maison de vacances ∙ 3 chambres ∙ 6 personnes,Saint-Nicolas - Valais
09/05/2024,17/08/2024,24/08/2024,1166.61,H8XV4SR,75 m² Maison de vacances ∙ 3 chambres ∙ 6 personnes,Saint-Nicolas - Valais
09/05/2024,31/08/2024,07/09/2024,1166.61,H8XV4SR,75 m² Maison de vacances ∙ 3 chambres ∙ 6 personnes,Saint-Nicolas - Valais
09/05/2024,07/09/2024,14/09/2024,1166.61,H8XV4SR,75 m² Maison de vacances ∙ 3 chambres ∙ 6 personnes,Saint-Nicolas - Valais
09/05/2024,14/09/2024,21/09/2024,1166.61,H8XV4SR,75 m² Maison de vacances ∙ 3 chambres ∙ 6 personnes,Saint-Nicolas - Valais
09/05/2024,21/09/2024,28/09/2024,980.20,H8XV4SR,75 m² Maison de vacances ∙ 3 chambres ∙ 6 personnes,Saint-Nicolas - Valais
09/05/2024,28/09/2024,05/10/2024,980.20,H8XV4SR,75 m² Maison de vacances ∙ 3 chambres ∙ 6 personnes,Saint-Nicolas - Valais
09/05/2024,05/10/2024,12/10/2024,980.20,H8XV4SR,75 m² Maison de vacances ∙ 3 chambres ∙ 6 personnes,Saint-Nicolas - Valais
09/05/2024,26/10/2024,02/11/2024,980.20,H8XV4SR,75 m² Maison de vacances ∙ 3 chambres ∙ 6 personnes,Saint-Nicolas - Valais
09/05/2024,06/07/2024,13/07/2024,767.15,HK9CHD5,34 m² Appartement ∙ 1 chambre ∙ 2 personnes,Saas Fee - Valais
09/05/2024,13/07/2024,20/07/2024,767.15,HK9CHD5,34 m² Appartement ∙ 1 chambre ∙ 2 personnes,Saas Fee - Valais
09/05/2024,20/07/2024,27/07/2024,767.15,HK9CHD5,34 m² Appartement ∙ 1 chambre ∙ 2 personnes,Saas Fee - Valais
09/05/2024,27/07/2024,03/08/2024,767.15,HK9CHD5,34 m² Appartement ∙ 1 chambre ∙ 2 personnes,Saas Fee - Valais
09/05/2024,03/08/2024,10/08/2024,767.15,HK9CHD5,34 m² Appartement ∙ 1 chambre ∙ 2 personnes,Saas Fee - Valais
09/05/2024,10/08/2024,17/08/2024,767.15,HK9CHD5,34 m² Appartement ∙ 1 chambre ∙ 2 personnes,Saas Fee - Valais
09/05/2024,17/08/2024,24/08/2024,767.15,HK9CHD5,34 m² Appartement ∙ 1 chambre ∙ 2 personnes,Saas Fee - Valais
09/05/2024,24/08/2024,31/08/2024,767.15,HK9CHD5,34 m² Appartement ∙ 1 chambre ∙ 2 personnes,Saas Fee - Valais
09/05/2024,31/08/2024,07/09/2024,767.15,HK9CHD5,34 m² Appartement ∙ 1 chambre ∙ 2 personnes,Saas Fee - Valais
09/05/2024,07/09/2024,14/09/2024,767.15,HK9CHD5,34 m² Appartement ∙ 1 chambre ∙ 2 personnes,Saas Fee - Valais
09/05/2024,14/09/2024,21/09/2024,767.15,HK9CHD5,34 m² Appartement ∙ 1 chambre ∙ 2 personnes,Saas Fee - Valais
09/05/2024,21/09/2024,28/09/2024,767.15,HK9CHD5,34 m² Appartement ∙ 1 chambre ∙ 2 personnes,Saas Fee - Valais
09/05/2024,28/09/2024,05/10/2024,767.15,HK9CHD5,34 m² Appartement ∙ 1 chambre ∙ 2 personnes,Saas Fee - Valais
09/05/2024,05/10/2024,12/10/2024,767.15,HK9CHD5,34 m² Appartement ∙ 1 chambre ∙ 2 personnes,Saas Fee - Valais
09/05/2024,12/10/2024,19/10/2024,767.15,HK9CHD5,34 m² Appartement ∙ 1 chambre ∙ 2 personnes,Saas Fee - Valais
09/05/2024,19/10/2024,26/10/2024,613.72,HK9CHD5,34 m² Appartement ∙ 1 chambre ∙ 2 personnes,Saas Fee - Valais
09/05/2024,26/10/2024,02/11/2024,613.72,HK9CHD5,34 m² Appartement ∙ 1 chambre ∙ 2 personnes,Saas Fee - Valais
09/05/2024,11/05/2024,18/05/2024,1089.36,HB7MK8E,52 m² Appartement ∙ 1 chambre ∙ 4 personnes,Saas Fee - Valais
09/05/2024,18/05/2024,25/05/2024,1089.36,HB7MK8E,52 m² Appartement ∙ 1 chambre ∙ 4 personnes,Saas Fee - Valais
09/05/2024,25/05/2024,01/06/2024,1089.36,HB7MK8E,52 m² Appartement ∙ 1 chambre ∙ 4 personnes,Saas Fee - Valais
09/05/2024,01/06/2024,08/06/2024,1089.36,HB7MK8E,52 m² Appartement ∙ 1 chambre ∙ 4 personnes,Saas Fee - Valais
09/05/2024,03/08/2024,10/08/2024,1204.43,HB7MK8E,52 m² Appartement ∙ 1 chambre ∙ 4 personnes,Saas Fee - Valais
09/05/2024,10/08/2024,17/08/2024,1204.43,HB7MK8E,52 m² Appartement ∙ 1 chambre ∙ 4 personnes,Saas Fee - Valais
09/05/2024,28/09/2024,05/10/2024,1089.36,HB7MK8E,52 m² Appartement ∙ 1 chambre ∙ 4 personnes,Saas Fee - Valais
09/05/2024,05/10/2024,12/10/2024,1089.36,HB7MK8E,52 m² Appartement ∙ 1 chambre ∙ 4 personnes,Saas Fee - Valais
09/05/2024,12/10/2024,19/10/2024,1089.36,HB7MK8E,52 m² Appartement ∙ 1 chambre ∙ 4 personnes,Saas Fee - Valais
09/05/2024,19/10/2024,26/10/2024,1089.36,HB7MK8E,52 m² Appartement ∙ 1 chambre ∙ 4 personnes,Saas Fee - Valais
09/05/2024,26/10/2024,02/11/2024,1089.36,HB7MK8E,52 m² Appartement ∙ 1 chambre ∙ 4 personnes,Saas Fee - Valais
09/05/2024,18/05/2024,25/05/2024,498.65,H8UGF3K,24 m² Appartement ∙ 1 chambre ∙ 2 personnes,Saas Fee - Valais
09/05/2024,25/05/2024,01/06/2024,498.65,H8UGF3K,24 m² Appartement ∙ 1 chambre ∙ 2 personnes,Saas Fee - Valais
09/05/2024,01/06/2024,08/06/2024,498.65,H8UGF3K,24 m² Appartement ∙ 1 chambre ∙ 2 personnes,Saas Fee - Valais
09/05/2024,29/06/2024,06/07/2024,498.65,H8UGF3K,24 m² Appartement ∙ 1 chambre ∙ 2 personnes,Saas Fee - Valais
09/05/2024,31/08/2024,07/09/2024,498.65,H8UGF3K,24 m² Appartement ∙ 1 chambre ∙ 2 personnes,Saas Fee - Valais
09/05/2024,07/09/2024,14/09/2024,498.65,H8UGF3K,24 m² Appartement ∙ 1 chambre ∙ 2 personnes,Saas Fee - Valais
09/05/2024,14/09/2024,21/09/2024,498.65,H8UGF3K,24 m² Appartement ∙ 1 chambre ∙ 2 personnes,Saas Fee - Valais
09/05/2024,21/09/2024,28/09/2024,498.65,H8UGF3K,24 m² Appartement ∙ 1 chambre ∙ 2 personnes,Saas Fee - Valais
09/05/2024,28/09/2024,05/10/2024,498.65,H8UGF3K,24 m² Appartement ∙ 1 chambre ∙ 2 personnes,Saas Fee - Valais
09/05/2024,05/10/2024,12/10/2024,498.65,H8UGF3K,24 m² Appartement ∙ 1 chambre ∙ 2 personnes,Saas Fee - Valais
09/05/2024,12/10/2024,19/10/2024,498.65,H8UGF3K,24 m² Appartement ∙ 1 chambre ∙ 2 personnes,Saas Fee - Valais
09/05/2024,19/10/2024,26/10/2024,498.65,H8UGF3K,24 m² Appartement ∙ 1 chambre ∙ 2 personnes,Saas Fee - Valais
09/05/2024,26/10/2024,02/11/2024,498.65,H8UGF3K,24 m² Appartement ∙ 1 chambre ∙ 2 personnes,Saas Fee - Valais
09/05/2024,11/05/2024,18/05/2024,976.10,HDG9E1W,70 m² Appartement ∙ 2 chambres ∙ 4 personnes,Grächen - Valais
09/05/2024,18/05/2024,25/05/2024,976.10,HDG9E1W,70 m² Appartement ∙ 2 chambres ∙ 4 personnes,Grächen - Valais
09/05/2024,25/05/2024,01/06/2024,976.10,HDG9E1W,70 m² Appartement ∙ 2 chambres ∙ 4 personnes,Grächen - Valais
09/05/2024,01/06/2024,08/06/2024,976.10,HDG9E1W,70 m² Appartement ∙ 2 chambres ∙ 4 personnes,Grächen - Valais
09/05/2024,19/10/2024,26/10/2024,976.10,HDG9E1W,70 m² Appartement ∙ 2 chambres ∙ 4 personnes,Grächen - Valais
09/05/2024,26/10/2024,02/11/2024,976.10,HDG9E1W,70 m² Appartement ∙ 2 chambres ∙ 4 personnes,Grächen - Valais
09/05/2024,11/05/2024,18/05/2024,600.20,H7UN9A3,30 m² Appartement ∙ 1 chambre ∙ 2 personnes,Crans-Montana - Valais
09/05/2024,01/06/2024,08/06/2024,600.20,H7UN9A3,30 m² Appartement ∙ 1 chambre ∙ 2 personnes,Crans-Montana - Valais
09/05/2024,08/06/2024,15/06/2024,600.20,H7UN9A3,30 m² Appartement ∙ 1 chambre ∙ 2 personnes,Crans-Montana - Valais
09/05/2024,13/07/2024,20/07/2024,673.95,H7UN9A3,30 m² Appartement ∙ 1 chambre ∙ 2 personnes,Crans-Montana - Valais
09/05/2024,20/07/2024,27/07/2024,734.38,H7UN9A3,30 m² Appartement ∙ 1 chambre ∙ 2 personnes,Crans-Montana - Valais
09/05/2024,27/07/2024,03/08/2024,734.38,H7UN9A3,30 m² Appartement ∙ 1 chambre ∙ 2 personnes,Crans-Montana - Valais
09/05/2024,03/08/2024,10/08/2024,734.38,H7UN9A3,30 m² Appartement ∙ 1 chambre ∙ 2 personnes,Crans-Montana - Valais
09/05/2024,10/08/2024,17/08/2024,711.85,H7UN9A3,30 m² Appartement ∙ 1 chambre ∙ 2 personnes,Crans-Montana - Valais
09/05/2024,21/09/2024,28/09/2024,600.20,H7UN9A3,30 m² Appartement ∙ 1 chambre ∙ 2 personnes,Crans-Montana - Valais
09/05/2024,28/09/2024,05/10/2024,600.20,H7UN9A3,30 m² Appartement ∙ 1 chambre ∙ 2 personnes,Crans-Montana - Valais
09/05/2024,05/10/2024,12/10/2024,600.20,H7UN9A3,30 m² Appartement ∙ 1 chambre ∙ 2 personnes,Crans-Montana - Valais
09/05/2024,12/10/2024,19/10/2024,600.20,H7UN9A3,30 m² Appartement ∙ 1 chambre ∙ 2 personnes,Crans-Montana - Valais
09/05/2024,19/10/2024,26/10/2024,600.20,H7UN9A3,30 m² Appartement ∙ 1 chambre ∙ 2 personnes,Crans-Montana - Valais
09/05/2024,26/10/2024,02/11/2024,600.20,H7UN9A3,30 m² Appartement ∙ 1 chambre ∙ 2 personnes,Crans-Montana - Valais
09/05/2024,11/05/2024,18/05/2024,1147.15,HND5CTW,Appartement ∙ 4 chambres ∙ 7 personnes,Grächen - Valais
09/05/2024,18/05/2024,25/05/2024,1147.15,HND5CTW,Appartement ∙ 4 chambres ∙ 7 personnes,Grächen - Valais
09/05/2024,25/05/2024,01/06/2024,1147.15,HND5CTW,Appartement ∙ 4 chambres ∙ 7 personnes,Grächen - Valais
09/05/2024,01/06/2024,08/06/2024,1147.15,HND5CTW,Appartement ∙ 4 chambres ∙ 7 personnes,Grächen - Valais
09/05/2024,08/06/2024,15/06/2024,1147.15,HND5CTW,Appartement ∙ 4 chambres ∙ 7 personnes,Grächen - Valais
09/05/2024,15/06/2024,22/06/2024,1147.15,HND5CTW,Appartement ∙ 4 chambres ∙ 7 personnes,Grächen - Valais
09/05/2024,22/06/2024,29/06/2024,1147.15,HND5CTW,Appartement ∙ 4 chambres ∙ 7 personnes,Grächen - Valais
09/05/2024,29/06/2024,06/07/2024,1147.15,HND5CTW,Appartement ∙ 4 chambres ∙ 7 personnes,Grächen - Valais
09/05/2024,06/07/2024,13/07/2024,1147.15,HND5CTW,Appartement ∙ 4 chambres ∙ 7 personnes,Grächen - Valais
09/05/2024,13/07/2024,20/07/2024,1147.15,HND5CTW,Appartement ∙ 4 chambres ∙ 7 personnes,Grächen - Valais
09/05/2024,10/08/2024,17/08/2024,1147.15,HND5CTW,Appartement ∙ 4 chambres ∙ 7 personnes,Grächen - Valais
09/05/2024,17/08/2024,24/08/2024,1147.15,HND5CTW,Appartement ∙ 4 chambres ∙ 7 personnes,Grächen - Valais
09/05/2024,24/08/2024,31/08/2024,1147.15,HND5CTW,Appartement ∙ 4 chambres ∙ 7 personnes,Grächen - Valais
09/05/2024,31/08/2024,07/09/2024,1147.15,HND5CTW,Appartement ∙ 4 chambres ∙ 7 personnes,Grächen - Valais
09/05/2024,07/09/2024,14/09/2024,1147.15,HND5CTW,Appartement ∙ 4 chambres ∙ 7 personnes,Grächen - Valais
09/05/2024,14/09/2024,21/09/2024,1147.15,HND5CTW,Appartement ∙ 4 chambres ∙ 7 personnes,Grächen - Valais
09/05/2024,21/09/2024,28/09/2024,1147.15,HND5CTW,Appartement ∙ 4 chambres ∙ 7 personnes,Grächen - Valais
09/05/2024,28/09/2024,05/10/2024,1147.15,HND5CTW,Appartement ∙ 4 chambres ∙ 7 personnes,Grächen - Valais
09/05/2024,05/10/2024,12/10/2024,1147.15,HND5CTW,Appartement ∙ 4 chambres ∙ 7 personnes,Grächen - Valais
09/05/2024,12/10/2024,19/10/2024,1147.15,HND5CTW,Appartement ∙ 4 chambres ∙ 7 personnes,Grächen - Valais
09/05/2024,19/10/2024,26/10/2024,1147.15,HND5CTW,Appartement ∙ 4 chambres ∙ 7 personnes,Grächen - Valais
09/05/2024,26/10/2024,02/11/2024,1147.15,HND5CTW,Appartement ∙ 4 chambres ∙ 7 personnes,Grächen - Valais
09/05/2024,25/05/2024,01/06/2024,1050.34,H1WBP5J,100 m² Maison de vacances ∙ 3 chambres ∙ 8 personnes,Nendaz - Valais
09/05/2024,01/06/2024,08/06/2024,1050.34,H1WBP5J,100 m² Maison de vacances ∙ 3 chambres ∙ 8 personnes,Nendaz - Valais
09/05/2024,08/06/2024,15/06/2024,1050.34,H1WBP5J,100 m² Maison de vacances ∙ 3 chambres ∙ 8 personnes,Nendaz - Valais
09/05/2024,15/06/2024,22/06/2024,1050.34,H1WBP5J,100 m² Maison de vacances ∙ 3 chambres ∙ 8 personnes,Nendaz - Valais
09/05/2024,22/06/2024,29/06/2024,1050.34,H1WBP5J,100 m² Maison de vacances ∙ 3 chambres ∙ 8 personnes,Nendaz - Valais
09/05/2024,29/06/2024,06/07/2024,1290.62,H1WBP5J,100 m² Maison de vacances ∙ 3 chambres ∙ 8 personnes,Nendaz - Valais
09/05/2024,06/07/2024,13/07/2024,1290.62,H1WBP5J,100 m² Maison de vacances ∙ 3 chambres ∙ 8 personnes,Nendaz - Valais
09/05/2024,20/07/2024,27/07/2024,1753.59,H1WBP5J,100 m² Maison de vacances ∙ 3 chambres ∙ 8 personnes,Nendaz - Valais
09/05/2024,10/08/2024,17/08/2024,1753.59,H1WBP5J,100 m² Maison de vacances ∙ 3 chambres ∙ 8 personnes,Nendaz - Valais
09/05/2024,17/08/2024,24/08/2024,1290.62,H1WBP5J,100 m² Maison de vacances ∙ 3 chambres ∙ 8 personnes,Nendaz - Valais
09/05/2024,24/08/2024,31/08/2024,1050.34,H1WBP5J,100 m² Maison de vacances ∙ 3 chambres ∙ 8 personnes,Nendaz - Valais
09/05/2024,31/08/2024,07/09/2024,1050.34,H1WBP5J,100 m² Maison de vacances ∙ 3 chambres ∙ 8 personnes,Nendaz - Valais
09/05/2024,07/09/2024,14/09/2024,1050.34,H1WBP5J,100 m² Maison de vacances ∙ 3 chambres ∙ 8 personnes,Nendaz - Valais
09/05/2024,14/09/2024,21/09/2024,1050.34,H1WBP5J,100 m² Maison de vacances ∙ 3 chambres ∙ 8 personnes,Nendaz - Valais
09/05/2024,21/09/2024,28/09/2024,1050.34,H1WBP5J,100 m² Maison de vacances ∙ 3 chambres ∙ 8 personnes,Nendaz - Valais
09/05/2024,28/09/2024,05/10/2024,1050.34,H1WBP5J,100 m² Maison de vacances ∙ 3 chambres ∙ 8 personnes,Nendaz - Valais
09/05/2024,05/10/2024,12/10/2024,1050.34,H1WBP5J,100 m² Maison de vacances ∙ 3 chambres ∙ 8 personnes,Nendaz - Valais
09/05/2024,12/10/2024,19/10/2024,1050.34,H1WBP5J,100 m² Maison de vacances ∙ 3 chambres ∙ 8 personnes,Nendaz - Valais
09/05/2024,19/10/2024,26/10/2024,1050.34,H1WBP5J,100 m² Maison de vacances ∙ 3 chambres ∙ 8 personnes,Nendaz - Valais
09/05/2024,26/10/2024,02/11/2024,1050.34,H1WBP5J,100 m² Maison de vacances ∙ 3 chambres ∙ 8 personnes,Nendaz - Valais
09/05/2024,11/05/2024,18/05/2024,1056.05,HS6FTEN,180 m² Chalet ∙ 5 chambres ∙ 10 personnes,Crans-Montana - Valais
09/05/2024,18/05/2024,25/05/2024,1343.66,HS6FTEN,180 m² Chalet ∙ 5 chambres ∙ 10 personnes,Crans-Montana - Valais
09/05/2024,25/05/2024,01/06/2024,1343.66,HS6FTEN,180 m² Chalet ∙ 5 chambres ∙ 10 personnes,Crans-Montana - Valais
09/05/2024,01/06/2024,08/06/2024,1366.83,HS6FTEN,180 m² Chalet ∙ 5 chambres ∙ 10 personnes,Crans-Montana - Valais
09/05/2024,08/06/2024,15/06/2024,1366.83,HS6FTEN,180 m² Chalet ∙ 5 chambres ∙ 10 personnes,Crans-Montana - Valais
09/05/2024,15/06/2024,22/06/2024,1366.83,HS6FTEN,180 m² Chalet ∙ 5 chambres ∙ 10 personnes,Crans-Montana - Valais
09/05/2024,22/06/2024,29/06/2024,1366.83,HS6FTEN,180 m² Chalet ∙ 5 chambres ∙ 10 personnes,Crans-Montana - Valais
09/05/2024,13/07/2024,20/07/2024,1445.08,HS6FTEN,180 m² Chalet ∙ 5 chambres ∙ 10 personnes,Crans-Montana - Valais
09/05/2024,24/08/2024,31/08/2024,1445.08,HS6FTEN,180 m² Chalet ∙ 5 chambres ∙ 10 personnes,Crans-Montana - Valais
09/05/2024,31/08/2024,07/09/2024,1477.88,HS6FTEN,180 m² Chalet ∙ 5 chambres ∙ 10 personnes,Crans-Montana - Valais
09/05/2024,07/09/2024,14/09/2024,1366.83,HS6FTEN,180 m² Chalet ∙ 5 chambres ∙ 10 personnes,Crans-Montana - Valais
09/05/2024,14/09/2024,21/09/2024,1366.83,HS6FTEN,180 m² Chalet ∙ 5 chambres ∙ 10 personnes,Crans-Montana - Valais
09/05/2024,21/09/2024,28/09/2024,1366.83,HS6FTEN,180 m² Chalet ∙ 5 chambres ∙ 10 personnes,Crans-Montana - Valais
09/05/2024,28/09/2024,05/10/2024,1148.85,HS6FTEN,180 m² Chalet ∙ 5 chambres ∙ 10 personnes,Crans-Montana - Valais
09/05/2024,05/10/2024,12/10/2024,1148.85,HS6FTEN,180 m² Chalet ∙ 5 chambres ∙ 10 personnes,Crans-Montana - Valais
09/05/2024,12/10/2024,19/10/2024,1148.85,HS6FTEN,180 m² Chalet ∙ 5 chambres ∙ 10 personnes,Crans-Montana - Valais
09/05/2024,19/10/2024,26/10/2024,1148.85,HS6FTEN,180 m² Chalet ∙ 5 chambres ∙ 10 personnes,Crans-Montana - Valais
09/05/2024,25/05/2024,01/06/2024,1616.51,H7Z54X9,125 m² Maison de vacances ∙ 2 chambres ∙ 6 personnes,Mase - Valais
09/05/2024,01/06/2024,08/06/2024,1575.59,H7Z54X9,125 m² Maison de vacances ∙ 2 chambres ∙ 6 personnes,Mase - Valais
09/05/2024,03/08/2024,10/08/2024,3901.91,H7Z54X9,125 m² Maison de vacances ∙ 2 chambres ∙ 6 personnes,Mase - Valais
09/05/2024,19/10/2024,26/10/2024,1590.03,H7Z54X9,125 m² Maison de vacances ∙ 2 chambres ∙ 6 personnes,Mase - Valais
09/05/2024,26/10/2024,02/11/2024,1695.94,H7Z54X9,125 m² Maison de vacances ∙ 2 chambres ∙ 6 personnes,Mase - Valais
09/05/2024,11/05/2024,18/05/2024,559.23,HV1PX9S,35 m² Appartement ∙ 1 chambre ∙ 2 personnes,Loèche-les-Bains - Valais
09/05/2024,18/05/2024,25/05/2024,559.23,HV1PX9S,35 m² Appartement ∙ 1 chambre ∙ 2 personnes,Loèche-les-Bains - Valais
09/05/2024,25/05/2024,01/06/2024,559.23,HV1PX9S,35 m² Appartement ∙ 1 chambre ∙ 2 personnes,Loèche-les-Bains - Valais
09/05/2024,01/06/2024,08/06/2024,559.23,HV1PX9S,35 m² Appartement ∙ 1 chambre ∙ 2 personnes,Loèche-les-Bains - Valais
09/05/2024,08/06/2024,15/06/2024,559.23,HV1PX9S,35 m² Appartement ∙ 1 chambre ∙ 2 personnes,Loèche-les-Bains - Valais
09/05/2024,15/06/2024,22/06/2024,559.23,HV1PX9S,35 m² Appartement ∙ 1 chambre ∙ 2 personnes,Loèche-les-Bains - Valais
09/05/2024,17/08/2024,24/08/2024,602.25,HV1PX9S,35 m² Appartement ∙ 1 chambre ∙ 2 personnes,Loèche-les-Bains - Valais
09/05/2024,24/08/2024,31/08/2024,602.25,HV1PX9S,35 m² Appartement ∙ 1 chambre ∙ 2 personnes,Loèche-les-Bains - Valais
09/05/2024,31/08/2024,07/09/2024,602.25,HV1PX9S,35 m² Appartement ∙ 1 chambre ∙ 2 personnes,Loèche-les-Bains - Valais
09/05/2024,07/09/2024,14/09/2024,602.25,HV1PX9S,35 m² Appartement ∙ 1 chambre ∙ 2 personnes,Loèche-les-Bains - Valais
09/05/2024,14/09/2024,21/09/2024,602.25,HV1PX9S,35 m² Appartement ∙ 1 chambre ∙ 2 personnes,Loèche-les-Bains - Valais
09/05/2024,26/10/2024,02/11/2024,602.25,HV1PX9S,35 m² Appartement ∙ 1 chambre ∙ 2 personnes,Loèche-les-Bains - Valais
09/05/2024,11/05/2024,18/05/2024,342.10,H3A5DZT,25 m² Appartement ∙ 1 chambre ∙ 2 personnes,Nendaz - Valais
09/05/2024,18/05/2024,25/05/2024,342.10,H3A5DZT,25 m² Appartement ∙ 1 chambre ∙ 2 personnes,Nendaz - Valais
09/05/2024,25/05/2024,01/06/2024,375.90,H3A5DZT,25 m² Appartement ∙ 1 chambre ∙ 2 personnes,Nendaz - Valais
09/05/2024,01/06/2024,08/06/2024,375.90,H3A5DZT,25 m² Appartement ∙ 1 chambre ∙ 2 personnes,Nendaz - Valais
09/05/2024,08/06/2024,15/06/2024,375.90,H3A5DZT,25 m² Appartement ∙ 1 chambre ∙ 2 personnes,Nendaz - Valais
09/05/2024,15/06/2024,22/06/2024,375.90,H3A5DZT,25 m² Appartement ∙ 1 chambre ∙ 2 personnes,Nendaz - Valais
09/05/2024,22/06/2024,29/06/2024,375.90,H3A5DZT,25 m² Appartement ∙ 1 chambre ∙ 2 personnes,Nendaz - Valais
09/05/2024,29/06/2024,06/07/2024,401.50,H3A5DZT,25 m² Appartement ∙ 1 chambre ∙ 2 personnes,Nendaz - Valais
09/05/2024,06/07/2024,13/07/2024,401.50,H3A5DZT,25 m² Appartement ∙ 1 chambre ∙ 2 personnes,Nendaz - Valais
09/05/2024,13/07/2024,20/07/2024,546.94,H3A5DZT,25 m² Appartement ∙ 1 chambre ∙ 2 personnes,Nendaz - Valais
09/05/2024,20/07/2024,27/07/2024,546.94,H3A5DZT,25 m² Appartement ∙ 1 chambre ∙ 2 personnes,Nendaz - Valais
09/05/2024,27/07/2024,03/08/2024,546.94,H3A5DZT,25 m² Appartement ∙ 1 chambre ∙ 2 personnes,Nendaz - Valais
09/05/2024,03/08/2024,10/08/2024,546.94,H3A5DZT,25 m² Appartement ∙ 1 chambre ∙ 2 personnes,Nendaz - Valais
09/05/2024,10/08/2024,17/08/2024,546.94,H3A5DZT,25 m² Appartement ∙ 1 chambre ∙ 2 personnes,Nendaz - Valais
09/05/2024,17/08/2024,24/08/2024,427.11,H3A5DZT,25 m² Appartement ∙ 1 chambre ∙ 2 personnes,Nendaz - Valais
09/05/2024,24/08/2024,31/08/2024,427.11,H3A5DZT,25 m² Appartement ∙ 1 chambre ∙ 2 personnes,Nendaz - Valais
09/05/2024,31/08/2024,07/09/2024,427.11,H3A5DZT,25 m² Appartement ∙ 1 chambre ∙ 2 personnes,Nendaz - Valais
09/05/2024,07/09/2024,14/09/2024,427.11,H3A5DZT,25 m² Appartement ∙ 1 chambre ∙ 2 personnes,Nendaz - Valais
09/05/2024,14/09/2024,21/09/2024,427.11,H3A5DZT,25 m² Appartement ∙ 1 chambre ∙ 2 personnes,Nendaz - Valais
09/05/2024,21/09/2024,28/09/2024,427.11,H3A5DZT,25 m² Appartement ∙ 1 chambre ∙ 2 personnes,Nendaz - Valais
09/05/2024,28/09/2024,05/10/2024,427.11,H3A5DZT,25 m² Appartement ∙ 1 chambre ∙ 2 personnes,Nendaz - Valais
09/05/2024,05/10/2024,12/10/2024,427.11,H3A5DZT,25 m² Appartement ∙ 1 chambre ∙ 2 personnes,Nendaz - Valais
09/05/2024,12/10/2024,19/10/2024,427.11,H3A5DZT,25 m² Appartement ∙ 1 chambre ∙ 2 personnes,Nendaz - Valais
09/05/2024,19/10/2024,26/10/2024,427.11,H3A5DZT,25 m² Appartement ∙ 1 chambre ∙ 2 personnes,Nendaz - Valais
09/05/2024,26/10/2024,02/11/2024,427.11,H3A5DZT,25 m² Appartement ∙ 1 chambre ∙ 2 personnes,Nendaz - Valais
09/05/2024,22/06/2024,29/06/2024,1311.03,H5EA24C,100 m² Maison de vacances ∙ 3 chambres ∙ 6 personnes,Nendaz - Valais
09/05/2024,29/06/2024,06/07/2024,1779.10,H5EA24C,100 m² Maison de vacances ∙ 3 chambres ∙ 6 personnes,Nendaz - Valais
09/05/2024,06/07/2024,13/07/2024,1779.10,H5EA24C,100 m² Maison de vacances ∙ 3 chambres ∙ 6 personnes,Nendaz - Valais
09/05/2024,13/07/2024,20/07/2024,1930.69,H5EA24C,100 m² Maison de vacances ∙ 3 chambres ∙ 6 personnes,Nendaz - Valais
09/05/2024,03/08/2024,10/08/2024,1930.69,H5EA24C,100 m² Maison de vacances ∙ 3 chambres ∙ 6 personnes,Nendaz - Valais
09/05/2024,31/08/2024,07/09/2024,1311.03,H5EA24C,100 m² Maison de vacances ∙ 3 chambres ∙ 6 personnes,Nendaz - Valais
09/05/2024,21/09/2024,28/09/2024,1311.03,H5EA24C,100 m² Maison de vacances ∙ 3 chambres ∙ 6 personnes,Nendaz - Valais
09/05/2024,28/09/2024,05/10/2024,1311.03,H5EA24C,100 m² Maison de vacances ∙ 3 chambres ∙ 6 personnes,Nendaz - Valais
09/05/2024,05/10/2024,12/10/2024,1311.03,H5EA24C,100 m² Maison de vacances ∙ 3 chambres ∙ 6 personnes,Nendaz - Valais
09/05/2024,18/05/2024,25/05/2024,817.35,HMF97RE,90 m² Appartement ∙ 2 chambres ∙ 4 personnes,Loèche-les-Bains - Valais
09/05/2024,25/05/2024,01/06/2024,817.35,HMF97RE,90 m² Appartement ∙ 2 chambres ∙ 4 personnes,Loèche-les-Bains - Valais
09/05/2024,01/06/2024,08/06/2024,817.35,HMF97RE,90 m² Appartement ∙ 2 chambres ∙ 4 personnes,Loèche-les-Bains - Valais
09/05/2024,08/06/2024,15/06/2024,817.35,HMF97RE,90 m² Appartement ∙ 2 chambres ∙ 4 personnes,Loèche-les-Bains - Valais
09/05/2024,15/06/2024,22/06/2024,731.31,HMF97RE,90 m² Appartement ∙ 2 chambres ∙ 4 personnes,Loèche-les-Bains - Valais
09/05/2024,10/08/2024,17/08/2024,950.70,HMF97RE,90 m² Appartement ∙ 2 chambres ∙ 4 personnes,Loèche-les-Bains - Valais
09/05/2024,17/08/2024,24/08/2024,877.57,HMF97RE,90 m² Appartement ∙ 2 chambres ∙ 4 personnes,Loèche-les-Bains - Valais
09/05/2024,24/08/2024,31/08/2024,877.57,HMF97RE,90 m² Appartement ∙ 2 chambres ∙ 4 personnes,Loèche-les-Bains - Valais
09/05/2024,31/08/2024,07/09/2024,877.57,HMF97RE,90 m² Appartement ∙ 2 chambres ∙ 4 personnes,Loèche-les-Bains - Valais
09/05/2024,07/09/2024,14/09/2024,877.57,HMF97RE,90 m² Appartement ∙ 2 chambres ∙ 4 personnes,Loèche-les-Bains - Valais
09/05/2024,14/09/2024,21/09/2024,877.57,HMF97RE,90 m² Appartement ∙ 2 chambres ∙ 4 personnes,Loèche-les-Bains - Valais
09/05/2024,21/09/2024,28/09/2024,877.57,HMF97RE,90 m² Appartement ∙ 2 chambres ∙ 4 personnes,Loèche-les-Bains - Valais
09/05/2024,28/09/2024,05/10/2024,877.57,HMF97RE,90 m² Appartement ∙ 2 chambres ∙ 4 personnes,Loèche-les-Bains - Valais
09/05/2024,05/10/2024,12/10/2024,877.57,HMF97RE,90 m² Appartement ∙ 2 chambres ∙ 4 personnes,Loèche-les-Bains - Valais
09/05/2024,26/10/2024,02/11/2024,877.57,HMF97RE,90 m² Appartement ∙ 2 chambres ∙ 4 personnes,Loèche-les-Bains - Valais
09/05/2024,11/05/2024,18/05/2024,815.29,HLF7HA8,36 m² Appartement ∙ 1 chambre ∙ 3 personnes,Verbier - Bagnes - Valais
09/05/2024,18/05/2024,25/05/2024,815.29,HLF7HA8,36 m² Appartement ∙ 1 chambre ∙ 3 personnes,Verbier - Bagnes - Valais
09/05/2024,25/05/2024,01/06/2024,815.29,HLF7HA8,36 m² Appartement ∙ 1 chambre ∙ 3 personnes,Verbier - Bagnes - Valais
09/05/2024,01/06/2024,08/06/2024,815.29,HLF7HA8,36 m² Appartement ∙ 1 chambre ∙ 3 personnes,Verbier - Bagnes - Valais
09/05/2024,22/06/2024,29/06/2024,815.29,HLF7HA8,36 m² Appartement ∙ 1 chambre ∙ 3 personnes,Verbier - Bagnes - Valais
09/05/2024,13/07/2024,20/07/2024,949.47,HLF7HA8,36 m² Appartement ∙ 1 chambre ∙ 3 personnes,Verbier - Bagnes - Valais
09/05/2024,03/08/2024,10/08/2024,911.57,HLF7HA8,36 m² Appartement ∙ 1 chambre ∙ 3 personnes,Verbier - Bagnes - Valais
09/05/2024,21/09/2024,28/09/2024,815.29,HLF7HA8,36 m² Appartement ∙ 1 chambre ∙ 3 personnes,Verbier - Bagnes - Valais
09/05/2024,28/09/2024,05/10/2024,815.29,HLF7HA8,36 m² Appartement ∙ 1 chambre ∙ 3 personnes,Verbier - Bagnes - Valais
09/05/2024,05/10/2024,12/10/2024,815.29,HLF7HA8,36 m² Appartement ∙ 1 chambre ∙ 3 personnes,Verbier - Bagnes - Valais
09/05/2024,12/10/2024,19/10/2024,815.29,HLF7HA8,36 m² Appartement ∙ 1 chambre ∙ 3 personnes,Verbier - Bagnes - Valais
09/05/2024,19/10/2024,26/10/2024,815.29,HLF7HA8,36 m² Appartement ∙ 1 chambre ∙ 3 personnes,Verbier - Bagnes - Valais
09/05/2024,26/10/2024,02/11/2024,815.29,HLF7HA8,36 m² Appartement ∙ 1 chambre ∙ 3 personnes,Verbier - Bagnes - Valais
09/05/2024,18/05/2024,25/05/2024,476.27,HA5TYC2,28 m² Appartement ∙ 1 chambre ∙ 2 personnes,Ovronnaz - Leytron - Valais
09/05/2024,25/05/2024,01/06/2024,508.02,HA5TYC2,28 m² Appartement ∙ 1 chambre ∙ 2 personnes,Ovronnaz - Leytron - Valais
09/05/2024,01/06/2024,08/06/2024,508.02,HA5TYC2,28 m² Appartement ∙ 1 chambre ∙ 2 personnes,Ovronnaz - Leytron - Valais
09/05/2024,08/06/2024,15/06/2024,606.35,HA5TYC2,28 m² Appartement ∙ 1 chambre ∙ 2 personnes,Ovronnaz - Leytron - Valais
09/05/2024,15/06/2024,22/06/2024,606.35,HA5TYC2,28 m² Appartement ∙ 1 chambre ∙ 2 personnes,Ovronnaz - Leytron - Valais
09/05/2024,22/06/2024,29/06/2024,606.35,HA5TYC2,28 m² Appartement ∙ 1 chambre ∙ 2 personnes,Ovronnaz - Leytron - Valais
09/05/2024,29/06/2024,06/07/2024,606.35,HA5TYC2,28 m² Appartement ∙ 1 chambre ∙ 2 personnes,Ovronnaz - Leytron - Valais
09/05/2024,27/07/2024,03/08/2024,665.76,HA5TYC2,28 m² Appartement ∙ 1 chambre ∙ 2 personnes,Ovronnaz - Leytron - Valais
09/05/2024,03/08/2024,10/08/2024,665.76,HA5TYC2,28 m² Appartement ∙ 1 chambre ∙ 2 personnes,Ovronnaz - Leytron - Valais
09/05/2024,10/08/2024,17/08/2024,665.76,HA5TYC2,28 m² Appartement ∙ 1 chambre ∙ 2 personnes,Ovronnaz - Leytron - Valais
09/05/2024,17/08/2024,24/08/2024,665.76,HA5TYC2,28 m² Appartement ∙ 1 chambre ∙ 2 personnes,Ovronnaz - Leytron - Valais
09/05/2024,24/08/2024,31/08/2024,606.35,HA5TYC2,28 m² Appartement ∙ 1 chambre ∙ 2 personnes,Ovronnaz - Leytron - Valais
09/05/2024,31/08/2024,07/09/2024,606.35,HA5TYC2,28 m² Appartement ∙ 1 chambre ∙ 2 personnes,Ovronnaz - Leytron - Valais
09/05/2024,07/09/2024,14/09/2024,606.35,HA5TYC2,28 m² Appartement ∙ 1 chambre ∙ 2 personnes,Ovronnaz - Leytron - Valais
09/05/2024,14/09/2024,21/09/2024,606.35,HA5TYC2,28 m² Appartement ∙ 1 chambre ∙ 2 personnes,Ovronnaz - Leytron - Valais
09/05/2024,21/09/2024,28/09/2024,606.35,HA5TYC2,28 m² Appartement ∙ 1 chambre ∙ 2 personnes,Ovronnaz - Leytron - Valais
09/05/2024,28/09/2024,05/10/2024,606.35,HA5TYC2,28 m² Appartement ∙ 1 chambre ∙ 2 personnes,Ovronnaz - Leytron - Valais
09/05/2024,05/10/2024,12/10/2024,606.35,HA5TYC2,28 m² Appartement ∙ 1 chambre ∙ 2 personnes,Ovronnaz - Leytron - Valais
09/05/2024,12/10/2024,19/10/2024,606.35,HA5TYC2,28 m² Appartement ∙ 1 chambre ∙ 2 personnes,Ovronnaz - Leytron - Valais
09/05/2024,19/10/2024,26/10/2024,606.35,HA5TYC2,28 m² Appartement ∙ 1 chambre ∙ 2 personnes,Ovronnaz - Leytron - Valais
09/05/2024,26/10/2024,02/11/2024,606.35,HA5TYC2,28 m² Appartement ∙ 1 chambre ∙ 2 personnes,Ovronnaz - Leytron - Valais
09/05/2024,25/05/2024,01/06/2024,1492.32,H1WYDBS,84 m² Maison de vacances ∙ 3 chambres ∙ 5 personnes,Ovronnaz - Leytron - Valais
09/05/2024,01/06/2024,08/06/2024,1492.32,H1WYDBS,84 m² Maison de vacances ∙ 3 chambres ∙ 5 personnes,Ovronnaz - Leytron - Valais
09/05/2024,08/06/2024,15/06/2024,1492.32,H1WYDBS,84 m² Maison de vacances ∙ 3 chambres ∙ 5 personnes,Ovronnaz - Leytron - Valais
09/05/2024,15/06/2024,22/06/2024,1492.32,H1WYDBS,84 m² Maison de vacances ∙ 3 chambres ∙ 5 personnes,Ovronnaz - Leytron - Valais
09/05/2024,22/06/2024,29/06/2024,1492.32,H1WYDBS,84 m² Maison de vacances ∙ 3 chambres ∙ 5 personnes,Ovronnaz - Leytron - Valais
09/05/2024,29/06/2024,06/07/2024,1606.01,H1WYDBS,84 m² Maison de vacances ∙ 3 chambres ∙ 5 personnes,Ovronnaz - Leytron - Valais
09/05/2024,06/07/2024,13/07/2024,1606.01,H1WYDBS,84 m² Maison de vacances ∙ 3 chambres ∙ 5 personnes,Ovronnaz - Leytron - Valais
09/05/2024,13/07/2024,20/07/2024,1738.13,H1WYDBS,84 m² Maison de vacances ∙ 3 chambres ∙ 5 personnes,Ovronnaz - Leytron - Valais
09/05/2024,17/08/2024,24/08/2024,1492.32,H1WYDBS,84 m² Maison de vacances ∙ 3 chambres ∙ 5 personnes,Ovronnaz - Leytron - Valais
09/05/2024,24/08/2024,31/08/2024,1492.32,H1WYDBS,84 m² Maison de vacances ∙ 3 chambres ∙ 5 personnes,Ovronnaz - Leytron - Valais
09/05/2024,31/08/2024,07/09/2024,1492.32,H1WYDBS,84 m² Maison de vacances ∙ 3 chambres ∙ 5 personnes,Ovronnaz - Leytron - Valais
09/05/2024,07/09/2024,14/09/2024,1492.32,H1WYDBS,84 m² Maison de vacances ∙ 3 chambres ∙ 5 personnes,Ovronnaz - Leytron - Valais
09/05/2024,14/09/2024,21/09/2024,1492.32,H1WYDBS,84 m² Maison de vacances ∙ 3 chambres ∙ 5 personnes,Ovronnaz - Leytron - Valais
09/05/2024,21/09/2024,28/09/2024,1492.32,H1WYDBS,84 m² Maison de vacances ∙ 3 chambres ∙ 5 personnes,Ovronnaz - Leytron - Valais
09/05/2024,12/10/2024,19/10/2024,1492.32,H1WYDBS,84 m² Maison de vacances ∙ 3 chambres ∙ 5 personnes,Ovronnaz - Leytron - Valais
09/05/2024,19/10/2024,26/10/2024,1492.32,H1WYDBS,84 m² Maison de vacances ∙ 3 chambres ∙ 5 personnes,Ovronnaz - Leytron - Valais
09/05/2024,26/10/2024,02/11/2024,1492.32,H1WYDBS,84 m² Maison de vacances ∙ 3 chambres ∙ 5 personnes,Ovronnaz - Leytron - Valais
09/05/2024,22/06/2024,29/06/2024,1009.90,HX32M05,Appartement ∙ 2 chambres ∙ 4 personnes,Betten - Bettmeralp - Valais
09/05/2024,29/06/2024,06/07/2024,1009.90,HX32M05,Appartement ∙ 2 chambres ∙ 4 personnes,Betten - Bettmeralp - Valais
09/05/2024,21/09/2024,28/09/2024,1009.90,HX32M05,Appartement ∙ 2 chambres ∙ 4 personnes,Betten - Bettmeralp - Valais
09/05/2024,05/10/2024,12/10/2024,1009.90,HX32M05,Appartement ∙ 2 chambres ∙ 4 personnes,Betten - Bettmeralp - Valais
09/05/2024,12/10/2024,19/10/2024,1009.90,HX32M05,Appartement ∙ 2 chambres ∙ 4 personnes,Betten - Bettmeralp - Valais
09/05/2024,01/06/2024,08/06/2024,1575.48,HDT4EWL,80 m² Appartement ∙ 2 chambres ∙ 4 personnes,Saas Fee - Valais
09/05/2024,08/06/2024,15/06/2024,1575.48,HDT4EWL,80 m² Appartement ∙ 2 chambres ∙ 4 personnes,Saas Fee - Valais
09/05/2024,22/06/2024,29/06/2024,1575.48,HDT4EWL,80 m² Appartement ∙ 2 chambres ∙ 4 personnes,Saas Fee - Valais
09/05/2024,29/06/2024,06/07/2024,1575.48,HDT4EWL,80 m² Appartement ∙ 2 chambres ∙ 4 personnes,Saas Fee - Valais
09/05/2024,06/07/2024,13/07/2024,1904.26,HDT4EWL,80 m² Appartement ∙ 2 chambres ∙ 4 personnes,Saas Fee - Valais
09/05/2024,07/09/2024,14/09/2024,1652.20,HDT4EWL,80 m² Appartement ∙ 2 chambres ∙ 4 personnes,Saas Fee - Valais
09/05/2024,14/09/2024,21/09/2024,1652.20,HDT4EWL,80 m² Appartement ∙ 2 chambres ∙ 4 personnes,Saas Fee - Valais
09/05/2024,31/08/2024,07/09/2024,800.95,H7L6GT4,Appartement ∙ 2 chambres ∙ 6 personnes,Nendaz - Valais
09/05/2024,07/09/2024,14/09/2024,800.95,H7L6GT4,Appartement ∙ 2 chambres ∙ 6 personnes,Nendaz - Valais
09/05/2024,21/09/2024,28/09/2024,800.95,H7L6GT4,Appartement ∙ 2 chambres ∙ 6 personnes,Nendaz - Valais
09/05/2024,28/09/2024,05/10/2024,800.95,H7L6GT4,Appartement ∙ 2 chambres ∙ 6 personnes,Nendaz - Valais
09/05/2024,05/10/2024,12/10/2024,800.95,H7L6GT4,Appartement ∙ 2 chambres ∙ 6 personnes,Nendaz - Valais
09/05/2024,12/10/2024,19/10/2024,800.95,H7L6GT4,Appartement ∙ 2 chambres ∙ 6 personnes,Nendaz - Valais
09/05/2024,19/10/2024,26/10/2024,800.95,H7L6GT4,Appartement ∙ 2 chambres ∙ 6 personnes,Nendaz - Valais
09/05/2024,26/10/2024,02/11/2024,800.95,H7L6GT4,Appartement ∙ 2 chambres ∙ 6 personnes,Nendaz - Valais
09/05/2024,11/05/2024,18/05/2024,1244.45,HY68CEG,68 m² Appartement ∙ 2 chambres ∙ 4 personnes,Zermatt - Valais
09/05/2024,18/05/2024,25/05/2024,1244.45,HY68CEG,68 m² Appartement ∙ 2 chambres ∙ 4 personnes,Zermatt - Valais
09/05/2024,25/05/2024,01/06/2024,1244.45,HY68CEG,68 m² Appartement ∙ 2 chambres ∙ 4 personnes,Zermatt - Valais
09/05/2024,01/06/2024,08/06/2024,1244.45,HY68CEG,68 m² Appartement ∙ 2 chambres ∙ 4 personnes,Zermatt - Valais
09/05/2024,08/06/2024,15/06/2024,1244.45,HY68CEG,68 m² Appartement ∙ 2 chambres ∙ 4 personnes,Zermatt - Valais
09/05/2024,31/08/2024,07/09/2024,1244.45,HY68CEG,68 m² Appartement ∙ 2 chambres ∙ 4 personnes,Zermatt - Valais
09/05/2024,07/09/2024,14/09/2024,1244.45,HY68CEG,68 m² Appartement ∙ 2 chambres ∙ 4 personnes,Zermatt - Valais
09/05/2024,28/09/2024,05/10/2024,1244.45,HY68CEG,68 m² Appartement ∙ 2 chambres ∙ 4 personnes,Zermatt - Valais
09/05/2024,05/10/2024,12/10/2024,1244.45,HY68CEG,68 m² Appartement ∙ 2 chambres ∙ 4 personnes,Zermatt - Valais
09/05/2024,12/10/2024,19/10/2024,1244.45,HY68CEG,68 m² Appartement ∙ 2 chambres ∙ 4 personnes,Zermatt - Valais
09/05/2024,19/10/2024,26/10/2024,1244.45,HY68CEG,68 m² Appartement ∙ 2 chambres ∙ 4 personnes,Zermatt - Valais
09/05/2024,26/10/2024,02/11/2024,1244.45,HY68CEG,68 m² Appartement ∙ 2 chambres ∙ 4 personnes,Zermatt - Valais
09/05/2024,08/06/2024,15/06/2024,843.87,HF7GWP8,80 m² Appartement ∙ 2 chambres ∙ 4 personnes,Saas-Almagell - Valais
09/05/2024,15/06/2024,22/06/2024,843.87,HF7GWP8,80 m² Appartement ∙ 2 chambres ∙ 4 personnes,Saas-Almagell - Valais
09/05/2024,10/08/2024,17/08/2024,843.87,HF7GWP8,80 m² Appartement ∙ 2 chambres ∙ 4 personnes,Saas-Almagell - Valais
09/05/2024,24/08/2024,31/08/2024,843.87,HF7GWP8,80 m² Appartement ∙ 2 chambres ∙ 4 personnes,Saas-Almagell - Valais
09/05/2024,31/08/2024,07/09/2024,843.87,HF7GWP8,80 m² Appartement ∙ 2 chambres ∙ 4 personnes,Saas-Almagell - Valais
09/05/2024,07/09/2024,14/09/2024,843.87,HF7GWP8,80 m² Appartement ∙ 2 chambres ∙ 4 personnes,Saas-Almagell - Valais
09/05/2024,14/09/2024,21/09/2024,843.87,HF7GWP8,80 m² Appartement ∙ 2 chambres ∙ 4 personnes,Saas-Almagell - Valais
09/05/2024,21/09/2024,28/09/2024,843.87,HF7GWP8,80 m² Appartement ∙ 2 chambres ∙ 4 personnes,Saas-Almagell - Valais
09/05/2024,28/09/2024,05/10/2024,843.87,HF7GWP8,80 m² Appartement ∙ 2 chambres ∙ 4 personnes,Saas-Almagell - Valais
09/05/2024,05/10/2024,12/10/2024,843.87,HF7GWP8,80 m² Appartement ∙ 2 chambres ∙ 4 personnes,Saas-Almagell - Valais
09/05/2024,12/10/2024,19/10/2024,843.87,HF7GWP8,80 m² Appartement ∙ 2 chambres ∙ 4 personnes,Saas-Almagell - Valais
09/05/2024,19/10/2024,26/10/2024,843.87,HF7GWP8,80 m² Appartement ∙ 2 chambres ∙ 4 personnes,Saas-Almagell - Valais
09/05/2024,11/05/2024,18/05/2024,766.34,HSXYUZ3,84 m² Appartement ∙ 3 chambres ∙ 6 personnes,Riddes - Valais
09/05/2024,18/05/2024,25/05/2024,766.34,HSXYUZ3,84 m² Appartement ∙ 3 chambres ∙ 6 personnes,Riddes - Valais
09/05/2024,25/05/2024,01/06/2024,766.34,HSXYUZ3,84 m² Appartement ∙ 3 chambres ∙ 6 personnes,Riddes - Valais
09/05/2024,01/06/2024,08/06/2024,766.34,HSXYUZ3,84 m² Appartement ∙ 3 chambres ∙ 6 personnes,Riddes - Valais
09/05/2024,08/06/2024,15/06/2024,766.34,HSXYUZ3,84 m² Appartement ∙ 3 chambres ∙ 6 personnes,Riddes - Valais
09/05/2024,15/06/2024,22/06/2024,766.34,HSXYUZ3,84 m² Appartement ∙ 3 chambres ∙ 6 personnes,Riddes - Valais
09/05/2024,22/06/2024,29/06/2024,766.34,HSXYUZ3,84 m² Appartement ∙ 3 chambres ∙ 6 personnes,Riddes - Valais
09/05/2024,29/06/2024,06/07/2024,1021.85,HSXYUZ3,84 m² Appartement ∙ 3 chambres ∙ 6 personnes,Riddes - Valais
09/05/2024,13/07/2024,20/07/2024,1021.85,HSXYUZ3,84 m² Appartement ∙ 3 chambres ∙ 6 personnes,Riddes - Valais
09/05/2024,20/07/2024,27/07/2024,1021.85,HSXYUZ3,84 m² Appartement ∙ 3 chambres ∙ 6 personnes,Riddes - Valais
09/05/2024,03/08/2024,10/08/2024,1021.76,HSXYUZ3,84 m² Appartement ∙ 3 chambres ∙ 6 personnes,Riddes - Valais
09/05/2024,10/08/2024,17/08/2024,1021.85,HSXYUZ3,84 m² Appartement ∙ 3 chambres ∙ 6 personnes,Riddes - Valais
09/05/2024,17/08/2024,24/08/2024,1021.85,HSXYUZ3,84 m² Appartement ∙ 3 chambres ∙ 6 personnes,Riddes - Valais
09/05/2024,24/08/2024,31/08/2024,1021.85,HSXYUZ3,84 m² Appartement ∙ 3 chambres ∙ 6 personnes,Riddes - Valais
09/05/2024,31/08/2024,07/09/2024,766.33,HSXYUZ3,84 m² Appartement ∙ 3 chambres ∙ 6 personnes,Riddes - Valais
09/05/2024,07/09/2024,14/09/2024,766.33,HSXYUZ3,84 m² Appartement ∙ 3 chambres ∙ 6 personnes,Riddes - Valais
09/05/2024,14/09/2024,21/09/2024,766.33,HSXYUZ3,84 m² Appartement ∙ 3 chambres ∙ 6 personnes,Riddes - Valais
09/05/2024,21/09/2024,28/09/2024,766.33,HSXYUZ3,84 m² Appartement ∙ 3 chambres ∙ 6 personnes,Riddes - Valais
09/05/2024,28/09/2024,05/10/2024,766.33,HSXYUZ3,84 m² Appartement ∙ 3 chambres ∙ 6 personnes,Riddes - Valais
09/05/2024,05/10/2024,12/10/2024,766.33,HSXYUZ3,84 m² Appartement ∙ 3 chambres ∙ 6 personnes,Riddes - Valais
09/05/2024,12/10/2024,19/10/2024,766.33,HSXYUZ3,84 m² Appartement ∙ 3 chambres ∙ 6 personnes,Riddes - Valais
09/05/2024,19/10/2024,26/10/2024,766.33,HSXYUZ3,84 m² Appartement ∙ 3 chambres ∙ 6 personnes,Riddes - Valais
09/05/2024,26/10/2024,02/11/2024,766.33,HSXYUZ3,84 m² Appartement ∙ 3 chambres ∙ 6 personnes,Riddes - Valais
09/05/2024,01/06/2024,08/06/2024,989.79,HSZGPC4,44 m² Appartement ∙ 1 chambre ∙ 4 personnes,Saas Fee - Valais
09/05/2024,08/06/2024,15/06/2024,989.79,HSZGPC4,44 m² Appartement ∙ 1 chambre ∙ 4 personnes,Saas Fee - Valais
09/05/2024,15/06/2024,22/06/2024,989.79,HSZGPC4,44 m² Appartement ∙ 1 chambre ∙ 4 personnes,Saas Fee - Valais
09/05/2024,22/06/2024,29/06/2024,989.79,HSZGPC4,44 m² Appartement ∙ 1 chambre ∙ 4 personnes,Saas Fee - Valais
09/05/2024,13/07/2024,20/07/2024,1028.15,HSZGPC4,44 m² Appartement ∙ 1 chambre ∙ 4 personnes,Saas Fee - Valais
09/05/2024,03/08/2024,10/08/2024,1104.87,HSZGPC4,44 m² Appartement ∙ 1 chambre ∙ 4 personnes,Saas Fee - Valais
09/05/2024,10/08/2024,17/08/2024,1104.87,HSZGPC4,44 m² Appartement ∙ 1 chambre ∙ 4 personnes,Saas Fee - Valais
09/05/2024,24/08/2024,31/08/2024,989.79,HSZGPC4,44 m² Appartement ∙ 1 chambre ∙ 4 personnes,Saas Fee - Valais
09/05/2024,31/08/2024,07/09/2024,989.79,HSZGPC4,44 m² Appartement ∙ 1 chambre ∙ 4 personnes,Saas Fee - Valais
09/05/2024,07/09/2024,14/09/2024,989.79,HSZGPC4,44 m² Appartement ∙ 1 chambre ∙ 4 personnes,Saas Fee - Valais
09/05/2024,14/09/2024,21/09/2024,989.79,HSZGPC4,44 m² Appartement ∙ 1 chambre ∙ 4 personnes,Saas Fee - Valais
09/05/2024,21/09/2024,28/09/2024,989.79,HSZGPC4,44 m² Appartement ∙ 1 chambre ∙ 4 personnes,Saas Fee - Valais
09/05/2024,28/09/2024,05/10/2024,989.79,HSZGPC4,44 m² Appartement ∙ 1 chambre ∙ 4 personnes,Saas Fee - Valais
09/05/2024,05/10/2024,12/10/2024,989.79,HSZGPC4,44 m² Appartement ∙ 1 chambre ∙ 4 personnes,Saas Fee - Valais
09/05/2024,12/10/2024,19/10/2024,989.79,HSZGPC4,44 m² Appartement ∙ 1 chambre ∙ 4 personnes,Saas Fee - Valais
09/05/2024,19/10/2024,26/10/2024,989.79,HSZGPC4,44 m² Appartement ∙ 1 chambre ∙ 4 personnes,Saas Fee - Valais
09/05/2024,26/10/2024,02/11/2024,989.79,HSZGPC4,44 m² Appartement ∙ 1 chambre ∙ 4 personnes,Saas Fee - Valais
09/05/2024,11/05/2024,18/05/2024,1344.83,HSE9YNM,120 m² Appartement ∙ 3 chambres ∙ 6 personnes,Zermatt - Valais
09/05/2024,25/05/2024,01/06/2024,1818.02,HSE9YNM,120 m² Appartement ∙ 3 chambres ∙ 6 personnes,Zermatt - Valais
09/05/2024,22/06/2024,29/06/2024,1818.02,HSE9YNM,120 m² Appartement ∙ 3 chambres ∙ 6 personnes,Zermatt - Valais
09/05/2024,10/08/2024,17/08/2024,2042.33,HSE9YNM,120 m² Appartement ∙ 3 chambres ∙ 6 personnes,Zermatt - Valais
09/05/2024,31/08/2024,07/09/2024,1818.02,HSE9YNM,120 m² Appartement ∙ 3 chambres ∙ 6 personnes,Zermatt - Valais
09/05/2024,07/09/2024,14/09/2024,1818.02,HSE9YNM,120 m² Appartement ∙ 3 chambres ∙ 6 personnes,Zermatt - Valais
09/05/2024,14/09/2024,21/09/2024,1818.02,HSE9YNM,120 m² Appartement ∙ 3 chambres ∙ 6 personnes,Zermatt - Valais
09/05/2024,28/09/2024,05/10/2024,1818.02,HSE9YNM,120 m² Appartement ∙ 3 chambres ∙ 6 personnes,Zermatt - Valais
09/05/2024,05/10/2024,12/10/2024,1818.02,HSE9YNM,120 m² Appartement ∙ 3 chambres ∙ 6 personnes,Zermatt - Valais
09/05/2024,12/10/2024,19/10/2024,1818.02,HSE9YNM,120 m² Appartement ∙ 3 chambres ∙ 6 personnes,Zermatt - Valais
09/05/2024,19/10/2024,26/10/2024,1818.13,HSE9YNM,120 m² Appartement ∙ 3 chambres ∙ 6 personnes,Zermatt - Valais
09/05/2024,26/10/2024,02/11/2024,1818.13,HSE9YNM,120 m² Appartement ∙ 3 chambres ∙ 6 personnes,Zermatt - Valais
09/05/2024,11/05/2024,18/05/2024,602.29,HPXCDT2,45 m² Appartement ∙ 1 chambre ∙ 4 personnes,Loèche-les-Bains - Valais
09/05/2024,18/05/2024,25/05/2024,602.29,HPXCDT2,45 m² Appartement ∙ 1 chambre ∙ 4 personnes,Loèche-les-Bains - Valais
09/05/2024,25/05/2024,01/06/2024,602.29,HPXCDT2,45 m² Appartement ∙ 1 chambre ∙ 4 personnes,Loèche-les-Bains - Valais
09/05/2024,01/06/2024,08/06/2024,602.29,HPXCDT2,45 m² Appartement ∙ 1 chambre ∙ 4 personnes,Loèche-les-Bains - Valais
09/05/2024,08/06/2024,15/06/2024,602.29,HPXCDT2,45 m² Appartement ∙ 1 chambre ∙ 4 personnes,Loèche-les-Bains - Valais
09/05/2024,15/06/2024,22/06/2024,602.29,HPXCDT2,45 m² Appartement ∙ 1 chambre ∙ 4 personnes,Loèche-les-Bains - Valais
09/05/2024,29/06/2024,06/07/2024,602.29,HPXCDT2,45 m² Appartement ∙ 1 chambre ∙ 4 personnes,Loèche-les-Bains - Valais
09/05/2024,06/07/2024,13/07/2024,602.29,HPXCDT2,45 m² Appartement ∙ 1 chambre ∙ 4 personnes,Loèche-les-Bains - Valais
09/05/2024,10/08/2024,17/08/2024,645.31,HPXCDT2,45 m² Appartement ∙ 1 chambre ∙ 4 personnes,Loèche-les-Bains - Valais
09/05/2024,17/08/2024,24/08/2024,645.31,HPXCDT2,45 m² Appartement ∙ 1 chambre ∙ 4 personnes,Loèche-les-Bains - Valais
09/05/2024,24/08/2024,31/08/2024,645.31,HPXCDT2,45 m² Appartement ∙ 1 chambre ∙ 4 personnes,Loèche-les-Bains - Valais
09/05/2024,05/10/2024,12/10/2024,645.31,HPXCDT2,45 m² Appartement ∙ 1 chambre ∙ 4 personnes,Loèche-les-Bains - Valais
09/05/2024,12/10/2024,19/10/2024,645.31,HPXCDT2,45 m² Appartement ∙ 1 chambre ∙ 4 personnes,Loèche-les-Bains - Valais
09/05/2024,19/10/2024,26/10/2024,645.31,HPXCDT2,45 m² Appartement ∙ 1 chambre ∙ 4 personnes,Loèche-les-Bains - Valais
09/05/2024,26/10/2024,02/11/2024,602.29,HPXCDT2,45 m² Appartement ∙ 1 chambre ∙ 4 personnes,Loèche-les-Bains - Valais
09/05/2024,11/05/2024,18/05/2024,717.01,HT61V72,Appartement ∙ 2 chambres ∙ 5 personnes,Grächen - Valais
09/05/2024,18/05/2024,25/05/2024,717.01,HT61V72,Appartement ∙ 2 chambres ∙ 5 personnes,Grächen - Valais
09/05/2024,25/05/2024,01/06/2024,717.01,HT61V72,Appartement ∙ 2 chambres ∙ 5 personnes,Grächen - Valais
09/05/2024,01/06/2024,08/06/2024,717.01,HT61V72,Appartement ∙ 2 chambres ∙ 5 personnes,Grächen - Valais
09/05/2024,08/06/2024,15/06/2024,717.01,HT61V72,Appartement ∙ 2 chambres ∙ 5 personnes,Grächen - Valais
09/05/2024,15/06/2024,22/06/2024,717.01,HT61V72,Appartement ∙ 2 chambres ∙ 5 personnes,Grächen - Valais
09/05/2024,22/06/2024,29/06/2024,717.01,HT61V72,Appartement ∙ 2 chambres ∙ 5 personnes,Grächen - Valais
09/05/2024,29/06/2024,06/07/2024,894.98,HT61V72,Appartement ∙ 2 chambres ∙ 5 personnes,Grächen - Valais
09/05/2024,06/07/2024,13/07/2024,788.71,HT61V72,Appartement ∙ 2 chambres ∙ 5 personnes,Grächen - Valais
09/05/2024,03/08/2024,10/08/2024,788.71,HT61V72,Appartement ∙ 2 chambres ∙ 5 personnes,Grächen - Valais
09/05/2024,10/08/2024,17/08/2024,788.71,HT61V72,Appartement ∙ 2 chambres ∙ 5 personnes,Grächen - Valais
09/05/2024,17/08/2024,24/08/2024,788.71,HT61V72,Appartement ∙ 2 chambres ∙ 5 personnes,Grächen - Valais
09/05/2024,24/08/2024,31/08/2024,717.01,HT61V72,Appartement ∙ 2 chambres ∙ 5 personnes,Grächen - Valais
09/05/2024,31/08/2024,07/09/2024,717.01,HT61V72,Appartement ∙ 2 chambres ∙ 5 personnes,Grächen - Valais
09/05/2024,07/09/2024,14/09/2024,717.01,HT61V72,Appartement ∙ 2 chambres ∙ 5 personnes,Grächen - Valais
09/05/2024,14/09/2024,21/09/2024,717.01,HT61V72,Appartement ∙ 2 chambres ∙ 5 personnes,Grächen - Valais
09/05/2024,21/09/2024,28/09/2024,717.01,HT61V72,Appartement ∙ 2 chambres ∙ 5 personnes,Grächen - Valais
09/05/2024,28/09/2024,05/10/2024,717.01,HT61V72,Appartement ∙ 2 chambres ∙ 5 personnes,Grächen - Valais
09/05/2024,05/10/2024,12/10/2024,717.01,HT61V72,Appartement ∙ 2 chambres ∙ 5 personnes,Grächen - Valais
09/05/2024,12/10/2024,19/10/2024,717.01,HT61V72,Appartement ∙ 2 chambres ∙ 5 personnes,Grächen - Valais
09/05/2024,19/10/2024,26/10/2024,717.01,HT61V72,Appartement ∙ 2 chambres ∙ 5 personnes,Grächen - Valais
09/05/2024,26/10/2024,02/11/2024,717.01,HT61V72,Appartement ∙ 2 chambres ∙ 5 personnes,Grächen - Valais
09/05/2024,29/06/2024,06/07/2024,1474.99,HJ9CKEU,Appartement ∙ 2 chambres ∙ 4 personnes,Saas Fee - Valais
09/05/2024,06/07/2024,13/07/2024,1474.99,HJ9CKEU,Appartement ∙ 2 chambres ∙ 4 personnes,Saas Fee - Valais
09/05/2024,13/07/2024,20/07/2024,1474.99,HJ9CKEU,Appartement ∙ 2 chambres ∙ 4 personnes,Saas Fee - Valais
09/05/2024,20/07/2024,27/07/2024,1474.99,HJ9CKEU,Appartement ∙ 2 chambres ∙ 4 personnes,Saas Fee - Valais
09/05/2024,03/08/2024,10/08/2024,1474.99,HJ9CKEU,Appartement ∙ 2 chambres ∙ 4 personnes,Saas Fee - Valais
09/05/2024,10/08/2024,17/08/2024,1474.99,HJ9CKEU,Appartement ∙ 2 chambres ∙ 4 personnes,Saas Fee - Valais
09/05/2024,17/08/2024,24/08/2024,1474.99,HJ9CKEU,Appartement ∙ 2 chambres ∙ 4 personnes,Saas Fee - Valais
09/05/2024,24/08/2024,31/08/2024,1474.99,HJ9CKEU,Appartement ∙ 2 chambres ∙ 4 personnes,Saas Fee - Valais
09/05/2024,31/08/2024,07/09/2024,1474.99,HJ9CKEU,Appartement ∙ 2 chambres ∙ 4 personnes,Saas Fee - Valais
09/05/2024,07/09/2024,14/09/2024,1474.99,HJ9CKEU,Appartement ∙ 2 chambres ∙ 4 personnes,Saas Fee - Valais
09/05/2024,14/09/2024,21/09/2024,1474.99,HJ9CKEU,Appartement ∙ 2 chambres ∙ 4 personnes,Saas Fee - Valais
09/05/2024,21/09/2024,28/09/2024,1474.99,HJ9CKEU,Appartement ∙ 2 chambres ∙ 4 personnes,Saas Fee - Valais
09/05/2024,12/10/2024,19/10/2024,1474.99,HJ9CKEU,Appartement ∙ 2 chambres ∙ 4 personnes,Saas Fee - Valais
09/05/2024,19/10/2024,26/10/2024,1474.99,HJ9CKEU,Appartement ∙ 2 chambres ∙ 4 personnes,Saas Fee - Valais
09/05/2024,26/10/2024,02/11/2024,1474.99,HJ9CKEU,Appartement ∙ 2 chambres ∙ 4 personnes,Saas Fee - Valais
09/05/2024,25/05/2024,01/06/2024,946.45,HPLGEMW,70 m² Appartement ∙ 2 chambres ∙ 5 personnes,Loèche-les-Bains - Valais
09/05/2024,01/06/2024,08/06/2024,946.45,HPLGEMW,70 m² Appartement ∙ 2 chambres ∙ 5 personnes,Loèche-les-Bains - Valais
09/05/2024,22/06/2024,29/06/2024,946.45,HPLGEMW,70 m² Appartement ∙ 2 chambres ∙ 5 personnes,Loèche-les-Bains - Valais
09/05/2024,29/06/2024,06/07/2024,1032.49,HPLGEMW,70 m² Appartement ∙ 2 chambres ∙ 5 personnes,Loèche-les-Bains - Valais
09/05/2024,17/08/2024,24/08/2024,1032.49,HPLGEMW,70 m² Appartement ∙ 2 chambres ∙ 5 personnes,Loèche-les-Bains - Valais
09/05/2024,24/08/2024,31/08/2024,1032.49,HPLGEMW,70 m² Appartement ∙ 2 chambres ∙ 5 personnes,Loèche-les-Bains - Valais
09/05/2024,31/08/2024,07/09/2024,1032.49,HPLGEMW,70 m² Appartement ∙ 2 chambres ∙ 5 personnes,Loèche-les-Bains - Valais
09/05/2024,07/09/2024,14/09/2024,1032.49,HPLGEMW,70 m² Appartement ∙ 2 chambres ∙ 5 personnes,Loèche-les-Bains - Valais
09/05/2024,14/09/2024,21/09/2024,1032.49,HPLGEMW,70 m² Appartement ∙ 2 chambres ∙ 5 personnes,Loèche-les-Bains - Valais
09/05/2024,21/09/2024,28/09/2024,1032.49,HPLGEMW,70 m² Appartement ∙ 2 chambres ∙ 5 personnes,Loèche-les-Bains - Valais
09/05/2024,28/09/2024,05/10/2024,1032.49,HPLGEMW,70 m² Appartement ∙ 2 chambres ∙ 5 personnes,Loèche-les-Bains - Valais
09/05/2024,05/10/2024,12/10/2024,1032.49,HPLGEMW,70 m² Appartement ∙ 2 chambres ∙ 5 personnes,Loèche-les-Bains - Valais
09/05/2024,26/10/2024,02/11/2024,946.45,HPLGEMW,70 m² Appartement ∙ 2 chambres ∙ 5 personnes,Loèche-les-Bains - Valais
09/05/2024,18/05/2024,25/05/2024,1086.95,H95MLTC,80 m² Maison de vacances ∙ 3 chambres ∙ 6 personnes,Val-d'Illiez - Valais
09/05/2024,25/05/2024,01/06/2024,1086.95,H95MLTC,80 m² Maison de vacances ∙ 3 chambres ∙ 6 personnes,Val-d'Illiez - Valais
09/05/2024,01/06/2024,08/06/2024,1086.95,H95MLTC,80 m² Maison de vacances ∙ 3 chambres ∙ 6 personnes,Val-d'Illiez - Valais
09/05/2024,08/06/2024,15/06/2024,1086.95,H95MLTC,80 m² Maison de vacances ∙ 3 chambres ∙ 6 personnes,Val-d'Illiez - Valais
09/05/2024,15/06/2024,22/06/2024,1086.95,H95MLTC,80 m² Maison de vacances ∙ 3 chambres ∙ 6 personnes,Val-d'Illiez - Valais
09/05/2024,22/06/2024,29/06/2024,1086.95,H95MLTC,80 m² Maison de vacances ∙ 3 chambres ∙ 6 personnes,Val-d'Illiez - Valais
09/05/2024,29/06/2024,06/07/2024,1256.77,H95MLTC,80 m² Maison de vacances ∙ 3 chambres ∙ 6 personnes,Val-d'Illiez - Valais
09/05/2024,06/07/2024,13/07/2024,1280.59,H95MLTC,80 m² Maison de vacances ∙ 3 chambres ∙ 6 personnes,Val-d'Illiez - Valais
09/05/2024,13/07/2024,20/07/2024,1490.86,H95MLTC,80 m² Maison de vacances ∙ 3 chambres ∙ 6 personnes,Val-d'Illiez - Valais
09/05/2024,20/07/2024,27/07/2024,1490.86,H95MLTC,80 m² Maison de vacances ∙ 3 chambres ∙ 6 personnes,Val-d'Illiez - Valais
09/05/2024,27/07/2024,03/08/2024,1490.86,H95MLTC,80 m² Maison de vacances ∙ 3 chambres ∙ 6 personnes,Val-d'Illiez - Valais
09/05/2024,03/08/2024,10/08/2024,1490.86,H95MLTC,80 m² Maison de vacances ∙ 3 chambres ∙ 6 personnes,Val-d'Illiez - Valais
09/05/2024,10/08/2024,17/08/2024,1490.86,H95MLTC,80 m² Maison de vacances ∙ 3 chambres ∙ 6 personnes,Val-d'Illiez - Valais
09/05/2024,17/08/2024,24/08/2024,1256.77,H95MLTC,80 m² Maison de vacances ∙ 3 chambres ∙ 6 personnes,Val-d'Illiez - Valais
09/05/2024,24/08/2024,31/08/2024,1086.95,H95MLTC,80 m² Maison de vacances ∙ 3 chambres ∙ 6 personnes,Val-d'Illiez - Valais
09/05/2024,31/08/2024,07/09/2024,1086.95,H95MLTC,80 m² Maison de vacances ∙ 3 chambres ∙ 6 personnes,Val-d'Illiez - Valais
09/05/2024,07/09/2024,14/09/2024,1086.95,H95MLTC,80 m² Maison de vacances ∙ 3 chambres ∙ 6 personnes,Val-d'Illiez - Valais
09/05/2024,14/09/2024,21/09/2024,1086.95,H95MLTC,80 m² Maison de vacances ∙ 3 chambres ∙ 6 personnes,Val-d'Illiez - Valais
09/05/2024,21/09/2024,28/09/2024,1086.95,H95MLTC,80 m² Maison de vacances ∙ 3 chambres ∙ 6 personnes,Val-d'Illiez - Valais
09/05/2024,28/09/2024,05/10/2024,1086.95,H95MLTC,80 m² Maison de vacances ∙ 3 chambres ∙ 6 personnes,Val-d'Illiez - Valais
09/05/2024,05/10/2024,12/10/2024,1086.95,H95MLTC,80 m² Maison de vacances ∙ 3 chambres ∙ 6 personnes,Val-d'Illiez - Valais
09/05/2024,12/10/2024,19/10/2024,1086.95,H95MLTC,80 m² Maison de vacances ∙ 3 chambres ∙ 6 personnes,Val-d'Illiez - Valais
09/05/2024,19/10/2024,26/10/2024,1086.95,H95MLTC,80 m² Maison de vacances ∙ 3 chambres ∙ 6 personnes,Val-d'Illiez - Valais
09/05/2024,26/10/2024,02/11/2024,1086.95,H95MLTC,80 m² Maison de vacances ∙ 3 chambres ∙ 6 personnes,Val-d'Illiez - Valais
09/05/2024,11/05/2024,18/05/2024,1610.19,HVBCA60,150 m² Maison de vacances ∙ 4 chambres ∙ 8 personnes,Nendaz - Valais
09/05/2024,18/05/2024,25/05/2024,1610.19,HVBCA60,150 m² Maison de vacances ∙ 4 chambres ∙ 8 personnes,Nendaz - Valais
09/05/2024,25/05/2024,01/06/2024,2090.59,HVBCA60,150 m² Maison de vacances ∙ 4 chambres ∙ 8 personnes,Nendaz - Valais
09/05/2024,01/06/2024,08/06/2024,2090.59,HVBCA60,150 m² Maison de vacances ∙ 4 chambres ∙ 8 personnes,Nendaz - Valais
09/05/2024,08/06/2024,15/06/2024,2090.59,HVBCA60,150 m² Maison de vacances ∙ 4 chambres ∙ 8 personnes,Nendaz - Valais
09/05/2024,15/06/2024,22/06/2024,2090.59,HVBCA60,150 m² Maison de vacances ∙ 4 chambres ∙ 8 personnes,Nendaz - Valais
09/05/2024,17/08/2024,24/08/2024,2664.20,HVBCA60,150 m² Maison de vacances ∙ 4 chambres ∙ 8 personnes,Nendaz - Valais
09/05/2024,24/08/2024,31/08/2024,2090.59,HVBCA60,150 m² Maison de vacances ∙ 4 chambres ∙ 8 personnes,Nendaz - Valais
09/05/2024,21/09/2024,28/09/2024,2090.59,HVBCA60,150 m² Maison de vacances ∙ 4 chambres ∙ 8 personnes,Nendaz - Valais
09/05/2024,05/10/2024,12/10/2024,2090.59,HVBCA60,150 m² Maison de vacances ∙ 4 chambres ∙ 8 personnes,Nendaz - Valais
09/05/2024,12/10/2024,19/10/2024,2090.59,HVBCA60,150 m² Maison de vacances ∙ 4 chambres ∙ 8 personnes,Nendaz - Valais
09/05/2024,19/10/2024,26/10/2024,2090.59,HVBCA60,150 m² Maison de vacances ∙ 4 chambres ∙ 8 personnes,Nendaz - Valais
09/05/2024,26/10/2024,02/11/2024,2090.59,HVBCA60,150 m² Maison de vacances ∙ 4 chambres ∙ 8 personnes,Nendaz - Valais
09/05/2024,11/05/2024,18/05/2024,1097.02,HVFB28K,88 m² Appartement ∙ 3 chambres ∙ 5 personnes,Saas Grund - Valais
09/05/2024,18/05/2024,25/05/2024,1097.02,HVFB28K,88 m² Appartement ∙ 3 chambres ∙ 5 personnes,Saas Grund - Valais
09/05/2024,25/05/2024,01/06/2024,1097.02,HVFB28K,88 m² Appartement ∙ 3 chambres ∙ 5 personnes,Saas Grund - Valais
09/05/2024,01/06/2024,08/06/2024,1097.02,HVFB28K,88 m² Appartement ∙ 3 chambres ∙ 5 personnes,Saas Grund - Valais
09/05/2024,08/06/2024,15/06/2024,1097.02,HVFB28K,88 m² Appartement ∙ 3 chambres ∙ 5 personnes,Saas Grund - Valais
09/05/2024,15/06/2024,22/06/2024,1097.02,HVFB28K,88 m² Appartement ∙ 3 chambres ∙ 5 personnes,Saas Grund - Valais
09/05/2024,22/06/2024,29/06/2024,1097.02,HVFB28K,88 m² Appartement ∙ 3 chambres ∙ 5 personnes,Saas Grund - Valais
09/05/2024,29/06/2024,06/07/2024,1097.02,HVFB28K,88 m² Appartement ∙ 3 chambres ∙ 5 personnes,Saas Grund - Valais
09/05/2024,10/08/2024,17/08/2024,1097.02,HVFB28K,88 m² Appartement ∙ 3 chambres ∙ 5 personnes,Saas Grund - Valais
09/05/2024,07/09/2024,14/09/2024,1097.02,HVFB28K,88 m² Appartement ∙ 3 chambres ∙ 5 personnes,Saas Grund - Valais
09/05/2024,14/09/2024,21/09/2024,1097.02,HVFB28K,88 m² Appartement ∙ 3 chambres ∙ 5 personnes,Saas Grund - Valais
09/05/2024,21/09/2024,28/09/2024,1097.02,HVFB28K,88 m² Appartement ∙ 3 chambres ∙ 5 personnes,Saas Grund - Valais
09/05/2024,28/09/2024,05/10/2024,1097.02,HVFB28K,88 m² Appartement ∙ 3 chambres ∙ 5 personnes,Saas Grund - Valais
09/05/2024,05/10/2024,12/10/2024,1097.02,HVFB28K,88 m² Appartement ∙ 3 chambres ∙ 5 personnes,Saas Grund - Valais
09/05/2024,12/10/2024,19/10/2024,1097.02,HVFB28K,88 m² Appartement ∙ 3 chambres ∙ 5 personnes,Saas Grund - Valais
09/05/2024,19/10/2024,26/10/2024,1097.02,HVFB28K,88 m² Appartement ∙ 3 chambres ∙ 5 personnes,Saas Grund - Valais
09/05/2024,26/10/2024,02/11/2024,1107.46,HVFB28K,88 m² Appartement ∙ 3 chambres ∙ 5 personnes,Saas Grund - Valais
09/05/2024,01/06/2024,08/06/2024,767.20,HHR3NUY,90 m² Appartement ∙ 2 chambres ∙ 6 personnes,Saas-Almagell - Valais
09/05/2024,08/06/2024,15/06/2024,767.20,HHR3NUY,90 m² Appartement ∙ 2 chambres ∙ 6 personnes,Saas-Almagell - Valais
09/05/2024,17/08/2024,24/08/2024,805.56,HHR3NUY,90 m² Appartement ∙ 2 chambres ∙ 6 personnes,Saas-Almagell - Valais
09/05/2024,31/08/2024,07/09/2024,805.56,HHR3NUY,90 m² Appartement ∙ 2 chambres ∙ 6 personnes,Saas-Almagell - Valais
09/05/2024,07/09/2024,14/09/2024,805.56,HHR3NUY,90 m² Appartement ∙ 2 chambres ∙ 6 personnes,Saas-Almagell - Valais
09/05/2024,14/09/2024,21/09/2024,805.56,HHR3NUY,90 m² Appartement ∙ 2 chambres ∙ 6 personnes,Saas-Almagell - Valais
09/05/2024,05/10/2024,12/10/2024,805.56,HHR3NUY,90 m² Appartement ∙ 2 chambres ∙ 6 personnes,Saas-Almagell - Valais
09/05/2024,12/10/2024,19/10/2024,805.56,HHR3NUY,90 m² Appartement ∙ 2 chambres ∙ 6 personnes,Saas-Almagell - Valais
09/05/2024,19/10/2024,26/10/2024,805.56,HHR3NUY,90 m² Appartement ∙ 2 chambres ∙ 6 personnes,Saas-Almagell - Valais
09/05/2024,26/10/2024,02/11/2024,805.56,HHR3NUY,90 m² Appartement ∙ 2 chambres ∙ 6 personnes,Saas-Almagell - Valais
09/05/2024,18/05/2024,25/05/2024,681.15,HW94GK5,Appartement ∙ 3 chambres ∙ 5 personnes,Grächen - Valais
09/05/2024,25/05/2024,01/06/2024,681.15,HW94GK5,Appartement ∙ 3 chambres ∙ 5 personnes,Grächen - Valais
09/05/2024,01/06/2024,08/06/2024,681.15,HW94GK5,Appartement ∙ 3 chambres ∙ 5 personnes,Grächen - Valais
09/05/2024,08/06/2024,15/06/2024,681.15,HW94GK5,Appartement ∙ 3 chambres ∙ 5 personnes,Grächen - Valais
09/05/2024,15/06/2024,22/06/2024,681.15,HW94GK5,Appartement ∙ 3 chambres ∙ 5 personnes,Grächen - Valais
09/05/2024,22/06/2024,29/06/2024,681.15,HW94GK5,Appartement ∙ 3 chambres ∙ 5 personnes,Grächen - Valais
09/05/2024,29/06/2024,06/07/2024,681.15,HW94GK5,Appartement ∙ 3 chambres ∙ 5 personnes,Grächen - Valais
09/05/2024,10/08/2024,17/08/2024,681.15,HW94GK5,Appartement ∙ 3 chambres ∙ 5 personnes,Grächen - Valais
09/05/2024,17/08/2024,24/08/2024,681.15,HW94GK5,Appartement ∙ 3 chambres ∙ 5 personnes,Grächen - Valais
09/05/2024,24/08/2024,31/08/2024,681.15,HW94GK5,Appartement ∙ 3 chambres ∙ 5 personnes,Grächen - Valais
09/05/2024,31/08/2024,07/09/2024,681.15,HW94GK5,Appartement ∙ 3 chambres ∙ 5 personnes,Grächen - Valais
09/05/2024,28/09/2024,05/10/2024,681.15,HW94GK5,Appartement ∙ 3 chambres ∙ 5 personnes,Grächen - Valais
09/05/2024,05/10/2024,12/10/2024,681.15,HW94GK5,Appartement ∙ 3 chambres ∙ 5 personnes,Grächen - Valais
09/05/2024,19/10/2024,26/10/2024,681.15,HW94GK5,Appartement ∙ 3 chambres ∙ 5 personnes,Grächen - Valais
09/05/2024,26/10/2024,02/11/2024,681.15,HW94GK5,Appartement ∙ 3 chambres ∙ 5 personnes,Grächen - Valais
09/05/2024,01/06/2024,08/06/2024,521.69,HPLH86U,28 m² Appartement ∙ 1 chambre ∙ 3 personnes,Saas Fee - Valais
09/05/2024,08/06/2024,15/06/2024,521.69,HPLH86U,28 m² Appartement ∙ 1 chambre ∙ 3 personnes,Saas Fee - Valais
09/05/2024,15/06/2024,22/06/2024,521.69,HPLH86U,28 m² Appartement ∙ 1 chambre ∙ 3 personnes,Saas Fee - Valais
09/05/2024,06/07/2024,13/07/2024,560.05,HPLH86U,28 m² Appartement ∙ 1 chambre ∙ 3 personnes,Saas Fee - Valais
09/05/2024,13/07/2024,20/07/2024,560.05,HPLH86U,28 m² Appartement ∙ 1 chambre ∙ 3 personnes,Saas Fee - Valais
09/05/2024,27/07/2024,03/08/2024,636.77,HPLH86U,28 m² Appartement ∙ 1 chambre ∙ 3 personnes,Saas Fee - Valais
09/05/2024,10/08/2024,17/08/2024,636.77,HPLH86U,28 m² Appartement ∙ 1 chambre ∙ 3 personnes,Saas Fee - Valais
09/05/2024,31/08/2024,07/09/2024,521.69,HPLH86U,28 m² Appartement ∙ 1 chambre ∙ 3 personnes,Saas Fee - Valais
09/05/2024,07/09/2024,14/09/2024,521.69,HPLH86U,28 m² Appartement ∙ 1 chambre ∙ 3 personnes,Saas Fee - Valais
09/05/2024,14/09/2024,21/09/2024,521.69,HPLH86U,28 m² Appartement ∙ 1 chambre ∙ 3 personnes,Saas Fee - Valais
09/05/2024,21/09/2024,28/09/2024,521.69,HPLH86U,28 m² Appartement ∙ 1 chambre ∙ 3 personnes,Saas Fee - Valais
09/05/2024,28/09/2024,05/10/2024,521.69,HPLH86U,28 m² Appartement ∙ 1 chambre ∙ 3 personnes,Saas Fee - Valais
09/05/2024,05/10/2024,12/10/2024,521.69,HPLH86U,28 m² Appartement ∙ 1 chambre ∙ 3 personnes,Saas Fee - Valais
09/05/2024,12/10/2024,19/10/2024,521.69,HPLH86U,28 m² Appartement ∙ 1 chambre ∙ 3 personnes,Saas Fee - Valais
09/05/2024,19/10/2024,26/10/2024,521.69,HPLH86U,28 m² Appartement ∙ 1 chambre ∙ 3 personnes,Saas Fee - Valais
09/05/2024,26/10/2024,02/11/2024,521.69,HPLH86U,28 m² Appartement ∙ 1 chambre ∙ 3 personnes,Saas Fee - Valais
09/05/2024,11/05/2024,18/05/2024,1586.64,HC5X3BS,65 m² Appartement ∙ 2 chambres ∙ 4 personnes,Orsières - Valais
09/05/2024,18/05/2024,25/05/2024,1586.64,HC5X3BS,65 m² Appartement ∙ 2 chambres ∙ 4 personnes,Orsières - Valais
09/05/2024,25/05/2024,01/06/2024,1586.64,HC5X3BS,65 m² Appartement ∙ 2 chambres ∙ 4 personnes,Orsières - Valais
09/05/2024,01/06/2024,08/06/2024,1586.64,HC5X3BS,65 m² Appartement ∙ 2 chambres ∙ 4 personnes,Orsières - Valais
09/05/2024,08/06/2024,15/06/2024,1586.64,HC5X3BS,65 m² Appartement ∙ 2 chambres ∙ 4 personnes,Orsières - Valais
09/05/2024,15/06/2024,22/06/2024,1586.64,HC5X3BS,65 m² Appartement ∙ 2 chambres ∙ 4 personnes,Orsières - Valais
09/05/2024,22/06/2024,29/06/2024,1586.64,HC5X3BS,65 m² Appartement ∙ 2 chambres ∙ 4 personnes,Orsières - Valais
09/05/2024,20/07/2024,27/07/2024,1921.58,HC5X3BS,65 m² Appartement ∙ 2 chambres ∙ 4 personnes,Orsières - Valais
09/05/2024,17/08/2024,24/08/2024,1586.64,HC5X3BS,65 m² Appartement ∙ 2 chambres ∙ 4 personnes,Orsières - Valais
09/05/2024,31/08/2024,07/09/2024,1101.12,HC5X3BS,65 m² Appartement ∙ 2 chambres ∙ 4 personnes,Orsières - Valais
09/05/2024,14/09/2024,21/09/2024,1101.12,HC5X3BS,65 m² Appartement ∙ 2 chambres ∙ 4 personnes,Orsières - Valais
09/05/2024,21/09/2024,28/09/2024,1101.12,HC5X3BS,65 m² Appartement ∙ 2 chambres ∙ 4 personnes,Orsières - Valais
09/05/2024,28/09/2024,05/10/2024,1101.12,HC5X3BS,65 m² Appartement ∙ 2 chambres ∙ 4 personnes,Orsières - Valais
09/05/2024,05/10/2024,12/10/2024,1101.12,HC5X3BS,65 m² Appartement ∙ 2 chambres ∙ 4 personnes,Orsières - Valais
09/05/2024,12/10/2024,19/10/2024,1101.12,HC5X3BS,65 m² Appartement ∙ 2 chambres ∙ 4 personnes,Orsières - Valais
09/05/2024,19/10/2024,26/10/2024,1101.12,HC5X3BS,65 m² Appartement ∙ 2 chambres ∙ 4 personnes,Orsières - Valais
09/05/2024,22/06/2024,29/06/2024,932.11,HX89S26,60 m² Appartement ∙ 2 chambres ∙ 4 personnes,Saas Fee - Valais
09/05/2024,29/06/2024,06/07/2024,788.70,HX89S26,60 m² Appartement ∙ 2 chambres ∙ 4 personnes,Saas Fee - Valais
09/05/2024,06/07/2024,13/07/2024,788.70,HX89S26,60 m² Appartement ∙ 2 chambres ∙ 4 personnes,Saas Fee - Valais
09/05/2024,13/07/2024,20/07/2024,788.70,HX89S26,60 m² Appartement ∙ 2 chambres ∙ 4 personnes,Saas Fee - Valais
09/05/2024,20/07/2024,27/07/2024,788.70,HX89S26,60 m² Appartement ∙ 2 chambres ∙ 4 personnes,Saas Fee - Valais
09/05/2024,24/08/2024,31/08/2024,788.70,HX89S26,60 m² Appartement ∙ 2 chambres ∙ 4 personnes,Saas Fee - Valais
09/05/2024,31/08/2024,07/09/2024,932.11,HX89S26,60 m² Appartement ∙ 2 chambres ∙ 4 personnes,Saas Fee - Valais
09/05/2024,07/09/2024,14/09/2024,932.11,HX89S26,60 m² Appartement ∙ 2 chambres ∙ 4 personnes,Saas Fee - Valais
09/05/2024,14/09/2024,21/09/2024,932.11,HX89S26,60 m² Appartement ∙ 2 chambres ∙ 4 personnes,Saas Fee - Valais
09/05/2024,21/09/2024,28/09/2024,932.11,HX89S26,60 m² Appartement ∙ 2 chambres ∙ 4 personnes,Saas Fee - Valais
09/05/2024,28/09/2024,05/10/2024,932.11,HX89S26,60 m² Appartement ∙ 2 chambres ∙ 4 personnes,Saas Fee - Valais
09/05/2024,05/10/2024,12/10/2024,932.11,HX89S26,60 m² Appartement ∙ 2 chambres ∙ 4 personnes,Saas Fee - Valais
09/05/2024,12/10/2024,19/10/2024,932.11,HX89S26,60 m² Appartement ∙ 2 chambres ∙ 4 personnes,Saas Fee - Valais
09/05/2024,19/10/2024,26/10/2024,932.11,HX89S26,60 m² Appartement ∙ 2 chambres ∙ 4 personnes,Saas Fee - Valais
09/05/2024,26/10/2024,02/11/2024,932.11,HX89S26,60 m² Appartement ∙ 2 chambres ∙ 4 personnes,Saas Fee - Valais
09/05/2024,25/05/2024,01/06/2024,452.74,H17W9TY,31 m² Appartement ∙ 1 chambre ∙ 4 personnes,Nendaz - Valais
09/05/2024,01/06/2024,08/06/2024,452.74,H17W9TY,31 m² Appartement ∙ 1 chambre ∙ 4 personnes,Nendaz - Valais
09/05/2024,22/06/2024,29/06/2024,469.13,H17W9TY,31 m² Appartement ∙ 1 chambre ∙ 4 personnes,Nendaz - Valais
09/05/2024,29/06/2024,06/07/2024,500.88,H17W9TY,31 m² Appartement ∙ 1 chambre ∙ 4 personnes,Nendaz - Valais
09/05/2024,06/07/2024,13/07/2024,500.88,H17W9TY,31 m² Appartement ∙ 1 chambre ∙ 4 personnes,Nendaz - Valais
09/05/2024,10/08/2024,17/08/2024,697.55,H17W9TY,31 m² Appartement ∙ 1 chambre ∙ 4 personnes,Nendaz - Valais
09/05/2024,24/08/2024,31/08/2024,533.66,H17W9TY,31 m² Appartement ∙ 1 chambre ∙ 4 personnes,Nendaz - Valais
09/05/2024,31/08/2024,07/09/2024,533.66,H17W9TY,31 m² Appartement ∙ 1 chambre ∙ 4 personnes,Nendaz - Valais
09/05/2024,07/09/2024,14/09/2024,533.66,H17W9TY,31 m² Appartement ∙ 1 chambre ∙ 4 personnes,Nendaz - Valais
09/05/2024,14/09/2024,21/09/2024,533.66,H17W9TY,31 m² Appartement ∙ 1 chambre ∙ 4 personnes,Nendaz - Valais
09/05/2024,21/09/2024,28/09/2024,533.66,H17W9TY,31 m² Appartement ∙ 1 chambre ∙ 4 personnes,Nendaz - Valais
09/05/2024,28/09/2024,05/10/2024,533.66,H17W9TY,31 m² Appartement ∙ 1 chambre ∙ 4 personnes,Nendaz - Valais
09/05/2024,05/10/2024,12/10/2024,533.66,H17W9TY,31 m² Appartement ∙ 1 chambre ∙ 4 personnes,Nendaz - Valais
09/05/2024,12/10/2024,19/10/2024,533.66,H17W9TY,31 m² Appartement ∙ 1 chambre ∙ 4 personnes,Nendaz - Valais
09/05/2024,19/10/2024,26/10/2024,533.66,H17W9TY,31 m² Appartement ∙ 1 chambre ∙ 4 personnes,Nendaz - Valais
09/05/2024,26/10/2024,02/11/2024,533.66,H17W9TY,31 m² Appartement ∙ 1 chambre ∙ 4 personnes,Nendaz - Valais
09/05/2024,11/05/2024,18/05/2024,503.34,HE5KRB2,35 m² Appartement ∙ 1 chambre ∙ 2 personnes,Loèche-les-Bains - Valais
09/05/2024,18/05/2024,25/05/2024,559.27,HE5KRB2,35 m² Appartement ∙ 1 chambre ∙ 2 personnes,Loèche-les-Bains - Valais
09/05/2024,25/05/2024,01/06/2024,559.27,HE5KRB2,35 m² Appartement ∙ 1 chambre ∙ 2 personnes,Loèche-les-Bains - Valais
09/05/2024,01/06/2024,08/06/2024,559.27,HE5KRB2,35 m² Appartement ∙ 1 chambre ∙ 2 personnes,Loèche-les-Bains - Valais
09/05/2024,08/06/2024,15/06/2024,531.31,HE5KRB2,35 m² Appartement ∙ 1 chambre ∙ 2 personnes,Loèche-les-Bains - Valais
09/05/2024,29/06/2024,06/07/2024,572.17,HE5KRB2,35 m² Appartement ∙ 1 chambre ∙ 2 personnes,Loèche-les-Bains - Valais
09/05/2024,06/07/2024,13/07/2024,572.17,HE5KRB2,35 m² Appartement ∙ 1 chambre ∙ 2 personnes,Loèche-les-Bains - Valais
09/05/2024,17/08/2024,24/08/2024,572.17,HE5KRB2,35 m² Appartement ∙ 1 chambre ∙ 2 personnes,Loèche-les-Bains - Valais
09/05/2024,24/08/2024,31/08/2024,572.17,HE5KRB2,35 m² Appartement ∙ 1 chambre ∙ 2 personnes,Loèche-les-Bains - Valais
09/05/2024,31/08/2024,07/09/2024,572.17,HE5KRB2,35 m² Appartement ∙ 1 chambre ∙ 2 personnes,Loèche-les-Bains - Valais
09/05/2024,07/09/2024,14/09/2024,572.17,HE5KRB2,35 m² Appartement ∙ 1 chambre ∙ 2 personnes,Loèche-les-Bains - Valais
09/05/2024,14/09/2024,21/09/2024,572.17,HE5KRB2,35 m² Appartement ∙ 1 chambre ∙ 2 personnes,Loèche-les-Bains - Valais
09/05/2024,19/10/2024,26/10/2024,572.17,HE5KRB2,35 m² Appartement ∙ 1 chambre ∙ 2 personnes,Loèche-les-Bains - Valais
09/05/2024,26/10/2024,02/11/2024,572.17,HE5KRB2,35 m² Appartement ∙ 1 chambre ∙ 2 personnes,Loèche-les-Bains - Valais
09/05/2024,11/05/2024,18/05/2024,756.96,H14WEXC,30 m² Appartement ∙ 1 chambre ∙ 2 personnes,Verbier - Bagnes - Valais
09/05/2024,18/05/2024,25/05/2024,756.96,H14WEXC,30 m² Appartement ∙ 1 chambre ∙ 2 personnes,Verbier - Bagnes - Valais
09/05/2024,25/05/2024,01/06/2024,756.96,H14WEXC,30 m² Appartement ∙ 1 chambre ∙ 2 personnes,Verbier - Bagnes - Valais
09/05/2024,01/06/2024,08/06/2024,756.96,H14WEXC,30 m² Appartement ∙ 1 chambre ∙ 2 personnes,Verbier - Bagnes - Valais
09/05/2024,15/06/2024,22/06/2024,756.96,H14WEXC,30 m² Appartement ∙ 1 chambre ∙ 2 personnes,Verbier - Bagnes - Valais
09/05/2024,22/06/2024,29/06/2024,756.96,H14WEXC,30 m² Appartement ∙ 1 chambre ∙ 2 personnes,Verbier - Bagnes - Valais
09/05/2024,31/08/2024,07/09/2024,756.96,H14WEXC,30 m² Appartement ∙ 1 chambre ∙ 2 personnes,Verbier - Bagnes - Valais
09/05/2024,07/09/2024,14/09/2024,756.96,H14WEXC,30 m² Appartement ∙ 1 chambre ∙ 2 personnes,Verbier - Bagnes - Valais
09/05/2024,14/09/2024,21/09/2024,756.96,H14WEXC,30 m² Appartement ∙ 1 chambre ∙ 2 personnes,Verbier - Bagnes - Valais
09/05/2024,21/09/2024,28/09/2024,756.96,H14WEXC,30 m² Appartement ∙ 1 chambre ∙ 2 personnes,Verbier - Bagnes - Valais
09/05/2024,28/09/2024,05/10/2024,756.96,H14WEXC,30 m² Appartement ∙ 1 chambre ∙ 2 personnes,Verbier - Bagnes - Valais
09/05/2024,05/10/2024,12/10/2024,756.96,H14WEXC,30 m² Appartement ∙ 1 chambre ∙ 2 personnes,Verbier - Bagnes - Valais
09/05/2024,12/10/2024,19/10/2024,756.96,H14WEXC,30 m² Appartement ∙ 1 chambre ∙ 2 personnes,Verbier - Bagnes - Valais
09/05/2024,19/10/2024,26/10/2024,756.96,H14WEXC,30 m² Appartement ∙ 1 chambre ∙ 2 personnes,Verbier - Bagnes - Valais
09/05/2024,26/10/2024,02/11/2024,756.96,H14WEXC,30 m² Appartement ∙ 1 chambre ∙ 2 personnes,Verbier - Bagnes - Valais
09/05/2024,01/06/2024,08/06/2024,645.30,HRTYWL1,Appartement ∙ 2 chambres ∙ 4 personnes,Grächen - Valais
09/05/2024,14/09/2024,21/09/2024,645.30,HRTYWL1,Appartement ∙ 2 chambres ∙ 4 personnes,Grächen - Valais
09/05/2024,21/09/2024,28/09/2024,705.74,HRTYWL1,Appartement ∙ 2 chambres ∙ 4 personnes,Grächen - Valais
09/05/2024,28/09/2024,05/10/2024,788.71,HRTYWL1,Appartement ∙ 2 chambres ∙ 4 personnes,Grächen - Valais
09/05/2024,05/10/2024,12/10/2024,788.71,HRTYWL1,Appartement ∙ 2 chambres ∙ 4 personnes,Grächen - Valais
09/05/2024,12/10/2024,19/10/2024,788.71,HRTYWL1,Appartement ∙ 2 chambres ∙ 4 personnes,Grächen - Valais
09/05/2024,19/10/2024,26/10/2024,905.68,HRTYWL1,Appartement ∙ 2 chambres ∙ 4 personnes,Grächen - Valais
09/05/2024,26/10/2024,02/11/2024,645.30,HRTYWL1,Appartement ∙ 2 chambres ∙ 4 personnes,Grächen - Valais
09/05/2024,18/05/2024,25/05/2024,717.01,HDFHYM0,Appartement ∙ 2 chambres ∙ 4 personnes,Grächen - Valais
09/05/2024,25/05/2024,01/06/2024,717.01,HDFHYM0,Appartement ∙ 2 chambres ∙ 4 personnes,Grächen - Valais
09/05/2024,01/06/2024,08/06/2024,717.01,HDFHYM0,Appartement ∙ 2 chambres ∙ 4 personnes,Grächen - Valais
09/05/2024,08/06/2024,15/06/2024,717.01,HDFHYM0,Appartement ∙ 2 chambres ∙ 4 personnes,Grächen - Valais
09/05/2024,22/06/2024,29/06/2024,717.01,HDFHYM0,Appartement ∙ 2 chambres ∙ 4 personnes,Grächen - Valais
09/05/2024,29/06/2024,06/07/2024,777.44,HDFHYM0,Appartement ∙ 2 chambres ∙ 4 personnes,Grächen - Valais
09/05/2024,06/07/2024,13/07/2024,860.41,HDFHYM0,Appartement ∙ 2 chambres ∙ 4 personnes,Grächen - Valais
09/05/2024,13/07/2024,20/07/2024,860.41,HDFHYM0,Appartement ∙ 2 chambres ∙ 4 personnes,Grächen - Valais
09/05/2024,17/08/2024,24/08/2024,717.01,HDFHYM0,Appartement ∙ 2 chambres ∙ 4 personnes,Grächen - Valais
09/05/2024,24/08/2024,31/08/2024,717.01,HDFHYM0,Appartement ∙ 2 chambres ∙ 4 personnes,Grächen - Valais
09/05/2024,14/09/2024,21/09/2024,717.01,HDFHYM0,Appartement ∙ 2 chambres ∙ 4 personnes,Grächen - Valais
09/05/2024,21/09/2024,28/09/2024,777.44,HDFHYM0,Appartement ∙ 2 chambres ∙ 4 personnes,Grächen - Valais
09/05/2024,28/09/2024,05/10/2024,860.41,HDFHYM0,Appartement ∙ 2 chambres ∙ 4 personnes,Grächen - Valais
09/05/2024,05/10/2024,12/10/2024,860.41,HDFHYM0,Appartement ∙ 2 chambres ∙ 4 personnes,Grächen - Valais
09/05/2024,12/10/2024,19/10/2024,860.41,HDFHYM0,Appartement ∙ 2 chambres ∙ 4 personnes,Grächen - Valais
09/05/2024,19/10/2024,26/10/2024,977.38,HDFHYM0,Appartement ∙ 2 chambres ∙ 4 personnes,Grächen - Valais
09/05/2024,26/10/2024,02/11/2024,717.01,HDFHYM0,Appartement ∙ 2 chambres ∙ 4 personnes,Grächen - Valais
09/05/2024,11/05/2024,18/05/2024,562.34,HVZ679L,48 m² Appartement ∙ 1 chambre ∙ 4 personnes,Ovronnaz - Leytron - Valais
09/05/2024,18/05/2024,25/05/2024,562.34,HVZ679L,48 m² Appartement ∙ 1 chambre ∙ 4 personnes,Ovronnaz - Leytron - Valais
09/05/2024,25/05/2024,01/06/2024,692.42,HVZ679L,48 m² Appartement ∙ 1 chambre ∙ 4 personnes,Ovronnaz - Leytron - Valais
09/05/2024,01/06/2024,08/06/2024,692.42,HVZ679L,48 m² Appartement ∙ 1 chambre ∙ 4 personnes,Ovronnaz - Leytron - Valais
09/05/2024,08/06/2024,15/06/2024,692.42,HVZ679L,48 m² Appartement ∙ 1 chambre ∙ 4 personnes,Ovronnaz - Leytron - Valais
09/05/2024,15/06/2024,22/06/2024,692.42,HVZ679L,48 m² Appartement ∙ 1 chambre ∙ 4 personnes,Ovronnaz - Leytron - Valais
09/05/2024,22/06/2024,29/06/2024,692.42,HVZ679L,48 m² Appartement ∙ 1 chambre ∙ 4 personnes,Ovronnaz - Leytron - Valais
09/05/2024,29/06/2024,06/07/2024,692.42,HVZ679L,48 m² Appartement ∙ 1 chambre ∙ 4 personnes,Ovronnaz - Leytron - Valais
09/05/2024,20/07/2024,27/07/2024,751.83,HVZ679L,48 m² Appartement ∙ 1 chambre ∙ 4 personnes,Ovronnaz - Leytron - Valais
09/05/2024,27/07/2024,03/08/2024,751.83,HVZ679L,48 m² Appartement ∙ 1 chambre ∙ 4 personnes,Ovronnaz - Leytron - Valais
09/05/2024,24/08/2024,31/08/2024,692.42,HVZ679L,48 m² Appartement ∙ 1 chambre ∙ 4 personnes,Ovronnaz - Leytron - Valais
09/05/2024,31/08/2024,07/09/2024,692.42,HVZ679L,48 m² Appartement ∙ 1 chambre ∙ 4 personnes,Ovronnaz - Leytron - Valais
09/05/2024,07/09/2024,14/09/2024,692.42,HVZ679L,48 m² Appartement ∙ 1 chambre ∙ 4 personnes,Ovronnaz - Leytron - Valais
09/05/2024,14/09/2024,21/09/2024,692.42,HVZ679L,48 m² Appartement ∙ 1 chambre ∙ 4 personnes,Ovronnaz - Leytron - Valais
09/05/2024,21/09/2024,28/09/2024,692.42,HVZ679L,48 m² Appartement ∙ 1 chambre ∙ 4 personnes,Ovronnaz - Leytron - Valais
09/05/2024,28/09/2024,05/10/2024,692.42,HVZ679L,48 m² Appartement ∙ 1 chambre ∙ 4 personnes,Ovronnaz - Leytron - Valais
09/05/2024,05/10/2024,12/10/2024,692.42,HVZ679L,48 m² Appartement ∙ 1 chambre ∙ 4 personnes,Ovronnaz - Leytron - Valais
09/05/2024,12/10/2024,19/10/2024,692.42,HVZ679L,48 m² Appartement ∙ 1 chambre ∙ 4 personnes,Ovronnaz - Leytron - Valais
09/05/2024,19/10/2024,26/10/2024,692.42,HVZ679L,48 m² Appartement ∙ 1 chambre ∙ 4 personnes,Ovronnaz - Leytron - Valais
09/05/2024,26/10/2024,02/11/2024,692.42,HVZ679L,48 m² Appartement ∙ 1 chambre ∙ 4 personnes,Ovronnaz - Leytron - Valais
09/05/2024,25/05/2024,01/06/2024,883.97,HUB7N4K,Appartement ∙ 2 chambres ∙ 5 personnes,Fiesch - Valais
09/05/2024,01/06/2024,08/06/2024,883.97,HUB7N4K,Appartement ∙ 2 chambres ∙ 5 personnes,Fiesch - Valais
09/05/2024,08/06/2024,15/06/2024,883.97,HUB7N4K,Appartement ∙ 2 chambres ∙ 5 personnes,Fiesch - Valais
09/05/2024,15/06/2024,22/06/2024,883.97,HUB7N4K,Appartement ∙ 2 chambres ∙ 5 personnes,Fiesch - Valais
09/05/2024,22/06/2024,29/06/2024,983.32,HUB7N4K,Appartement ∙ 2 chambres ∙ 5 personnes,Fiesch - Valais
09/05/2024,29/06/2024,06/07/2024,999.71,HUB7N4K,Appartement ∙ 2 chambres ∙ 5 personnes,Fiesch - Valais
09/05/2024,24/08/2024,31/08/2024,999.71,HUB7N4K,Appartement ∙ 2 chambres ∙ 5 personnes,Fiesch - Valais
09/05/2024,07/09/2024,14/09/2024,999.71,HUB7N4K,Appartement ∙ 2 chambres ∙ 5 personnes,Fiesch - Valais
09/05/2024,14/09/2024,21/09/2024,999.71,HUB7N4K,Appartement ∙ 2 chambres ∙ 5 personnes,Fiesch - Valais
09/05/2024,21/09/2024,28/09/2024,999.71,HUB7N4K,Appartement ∙ 2 chambres ∙ 5 personnes,Fiesch - Valais
09/05/2024,28/09/2024,05/10/2024,999.71,HUB7N4K,Appartement ∙ 2 chambres ∙ 5 personnes,Fiesch - Valais
09/05/2024,05/10/2024,12/10/2024,999.71,HUB7N4K,Appartement ∙ 2 chambres ∙ 5 personnes,Fiesch - Valais
09/05/2024,12/10/2024,19/10/2024,999.71,HUB7N4K,Appartement ∙ 2 chambres ∙ 5 personnes,Fiesch - Valais
09/05/2024,19/10/2024,26/10/2024,999.71,HUB7N4K,Appartement ∙ 2 chambres ∙ 5 personnes,Fiesch - Valais
09/05/2024,26/10/2024,02/11/2024,883.97,HUB7N4K,Appartement ∙ 2 chambres ∙ 5 personnes,Fiesch - Valais
09/05/2024,11/05/2024,18/05/2024,634.04,H7TZDBJ,45 m² Appartement ∙ 1 chambre ∙ 4 personnes,Grächen - Valais
09/05/2024,18/05/2024,25/05/2024,634.04,H7TZDBJ,45 m² Appartement ∙ 1 chambre ∙ 4 personnes,Grächen - Valais
09/05/2024,25/05/2024,01/06/2024,844.02,H7TZDBJ,45 m² Appartement ∙ 1 chambre ∙ 4 personnes,Grächen - Valais
09/05/2024,01/06/2024,08/06/2024,844.02,H7TZDBJ,45 m² Appartement ∙ 1 chambre ∙ 4 personnes,Grächen - Valais
09/05/2024,08/06/2024,15/06/2024,844.02,H7TZDBJ,45 m² Appartement ∙ 1 chambre ∙ 4 personnes,Grächen - Valais
09/05/2024,15/06/2024,22/06/2024,844.02,H7TZDBJ,45 m² Appartement ∙ 1 chambre ∙ 4 personnes,Grächen - Valais
09/05/2024,22/06/2024,29/06/2024,844.02,H7TZDBJ,45 m² Appartement ∙ 1 chambre ∙ 4 personnes,Grächen - Valais
09/05/2024,29/06/2024,06/07/2024,844.02,H7TZDBJ,45 m² Appartement ∙ 1 chambre ∙ 4 personnes,Grächen - Valais
09/05/2024,06/07/2024,13/07/2024,947.47,H7TZDBJ,45 m² Appartement ∙ 1 chambre ∙ 4 personnes,Grächen - Valais
09/05/2024,03/08/2024,10/08/2024,1050.93,H7TZDBJ,45 m² Appartement ∙ 1 chambre ∙ 4 personnes,Grächen - Valais
09/05/2024,10/08/2024,17/08/2024,1050.93,H7TZDBJ,45 m² Appartement ∙ 1 chambre ∙ 4 personnes,Grächen - Valais
09/05/2024,17/08/2024,24/08/2024,947.47,H7TZDBJ,45 m² Appartement ∙ 1 chambre ∙ 4 personnes,Grächen - Valais
09/05/2024,24/08/2024,31/08/2024,947.47,H7TZDBJ,45 m² Appartement ∙ 1 chambre ∙ 4 personnes,Grächen - Valais
09/05/2024,14/09/2024,21/09/2024,844.02,H7TZDBJ,45 m² Appartement ∙ 1 chambre ∙ 4 personnes,Grächen - Valais
09/05/2024,21/09/2024,28/09/2024,844.02,H7TZDBJ,45 m² Appartement ∙ 1 chambre ∙ 4 personnes,Grächen - Valais
09/05/2024,28/09/2024,05/10/2024,844.02,H7TZDBJ,45 m² Appartement ∙ 1 chambre ∙ 4 personnes,Grächen - Valais
09/05/2024,05/10/2024,12/10/2024,844.02,H7TZDBJ,45 m² Appartement ∙ 1 chambre ∙ 4 personnes,Grächen - Valais
09/05/2024,12/10/2024,19/10/2024,844.02,H7TZDBJ,45 m² Appartement ∙ 1 chambre ∙ 4 personnes,Grächen - Valais
09/05/2024,19/10/2024,26/10/2024,844.02,H7TZDBJ,45 m² Appartement ∙ 1 chambre ∙ 4 personnes,Grächen - Valais
09/05/2024,26/10/2024,02/11/2024,844.02,H7TZDBJ,45 m² Appartement ∙ 1 chambre ∙ 4 personnes,Grächen - Valais
09/05/2024,25/05/2024,01/06/2024,1326.47,H26C5ZK,Appartement ∙ 3 chambres ∙ 6 personnes,Ferden - Valais
09/05/2024,08/06/2024,15/06/2024,1326.47,H26C5ZK,Appartement ∙ 3 chambres ∙ 6 personnes,Ferden - Valais
09/05/2024,29/06/2024,06/07/2024,1326.47,H26C5ZK,Appartement ∙ 3 chambres ∙ 6 personnes,Ferden - Valais
09/05/2024,06/07/2024,13/07/2024,1326.47,H26C5ZK,Appartement ∙ 3 chambres ∙ 6 personnes,Ferden - Valais
09/05/2024,13/07/2024,20/07/2024,1326.47,H26C5ZK,Appartement ∙ 3 chambres ∙ 6 personnes,Ferden - Valais
09/05/2024,20/07/2024,27/07/2024,1326.47,H26C5ZK,Appartement ∙ 3 chambres ∙ 6 personnes,Ferden - Valais
09/05/2024,31/08/2024,07/09/2024,1326.47,H26C5ZK,Appartement ∙ 3 chambres ∙ 6 personnes,Ferden - Valais
09/05/2024,07/09/2024,14/09/2024,1326.47,H26C5ZK,Appartement ∙ 3 chambres ∙ 6 personnes,Ferden - Valais
09/05/2024,14/09/2024,21/09/2024,1326.47,H26C5ZK,Appartement ∙ 3 chambres ∙ 6 personnes,Ferden - Valais
09/05/2024,21/09/2024,28/09/2024,1326.47,H26C5ZK,Appartement ∙ 3 chambres ∙ 6 personnes,Ferden - Valais
09/05/2024,28/09/2024,05/10/2024,1326.47,H26C5ZK,Appartement ∙ 3 chambres ∙ 6 personnes,Ferden - Valais
09/05/2024,05/10/2024,12/10/2024,1326.47,H26C5ZK,Appartement ∙ 3 chambres ∙ 6 personnes,Ferden - Valais
09/05/2024,12/10/2024,19/10/2024,1326.47,H26C5ZK,Appartement ∙ 3 chambres ∙ 6 personnes,Ferden - Valais
09/05/2024,19/10/2024,26/10/2024,1326.47,H26C5ZK,Appartement ∙ 3 chambres ∙ 6 personnes,Ferden - Valais
09/05/2024,26/10/2024,02/11/2024,1326.47,H26C5ZK,Appartement ∙ 3 chambres ∙ 6 personnes,Ferden - Valais
09/05/2024,24/08/2024,31/08/2024,2235.53,H5FZLWR,90 m² Appartement ∙ 3 chambres ∙ 6 personnes,Saas Fee - Valais
09/05/2024,31/08/2024,07/09/2024,2235.53,H5FZLWR,90 m² Appartement ∙ 3 chambres ∙ 6 personnes,Saas Fee - Valais
09/05/2024,07/09/2024,14/09/2024,2235.53,H5FZLWR,90 m² Appartement ∙ 3 chambres ∙ 6 personnes,Saas Fee - Valais
09/05/2024,14/09/2024,21/09/2024,2235.53,H5FZLWR,90 m² Appartement ∙ 3 chambres ∙ 6 personnes,Saas Fee - Valais
09/05/2024,21/09/2024,28/09/2024,2235.53,H5FZLWR,90 m² Appartement ∙ 3 chambres ∙ 6 personnes,Saas Fee - Valais
09/05/2024,28/09/2024,05/10/2024,2235.53,H5FZLWR,90 m² Appartement ∙ 3 chambres ∙ 6 personnes,Saas Fee - Valais
09/05/2024,05/10/2024,12/10/2024,2235.53,H5FZLWR,90 m² Appartement ∙ 3 chambres ∙ 6 personnes,Saas Fee - Valais
09/05/2024,12/10/2024,19/10/2024,2235.53,H5FZLWR,90 m² Appartement ∙ 3 chambres ∙ 6 personnes,Saas Fee - Valais
09/05/2024,19/10/2024,26/10/2024,1906.73,H5FZLWR,90 m² Appartement ∙ 3 chambres ∙ 6 personnes,Saas Fee - Valais
09/05/2024,26/10/2024,02/11/2024,1775.21,H5FZLWR,90 m² Appartement ∙ 3 chambres ∙ 6 personnes,Saas Fee - Valais
09/05/2024,01/06/2024,08/06/2024,1498.85,HZHPM0G,60 m² Appartement ∙ 2 chambres ∙ 4 personnes,Saas Fee - Valais
09/05/2024,08/06/2024,15/06/2024,1498.85,HZHPM0G,60 m² Appartement ∙ 2 chambres ∙ 4 personnes,Saas Fee - Valais
09/05/2024,15/06/2024,22/06/2024,1498.85,HZHPM0G,60 m² Appartement ∙ 2 chambres ∙ 4 personnes,Saas Fee - Valais
09/05/2024,22/06/2024,29/06/2024,1498.85,HZHPM0G,60 m² Appartement ∙ 2 chambres ∙ 4 personnes,Saas Fee - Valais
09/05/2024,29/06/2024,06/07/2024,1498.85,HZHPM0G,60 m² Appartement ∙ 2 chambres ∙ 4 personnes,Saas Fee - Valais
09/05/2024,06/07/2024,13/07/2024,1827.65,HZHPM0G,60 m² Appartement ∙ 2 chambres ∙ 4 personnes,Saas Fee - Valais
09/05/2024,13/07/2024,20/07/2024,1882.45,HZHPM0G,60 m² Appartement ∙ 2 chambres ∙ 4 personnes,Saas Fee - Valais
09/05/2024,07/09/2024,14/09/2024,1498.85,HZHPM0G,60 m² Appartement ∙ 2 chambres ∙ 4 personnes,Saas Fee - Valais
09/05/2024,14/09/2024,21/09/2024,1498.85,HZHPM0G,60 m² Appartement ∙ 2 chambres ∙ 4 personnes,Saas Fee - Valais
09/05/2024,21/09/2024,28/09/2024,1498.85,HZHPM0G,60 m² Appartement ∙ 2 chambres ∙ 4 personnes,Saas Fee - Valais
09/05/2024,28/09/2024,05/10/2024,1498.85,HZHPM0G,60 m² Appartement ∙ 2 chambres ∙ 4 personnes,Saas Fee - Valais
09/05/2024,05/10/2024,12/10/2024,1498.85,HZHPM0G,60 m² Appartement ∙ 2 chambres ∙ 4 personnes,Saas Fee - Valais
09/05/2024,12/10/2024,19/10/2024,1498.85,HZHPM0G,60 m² Appartement ∙ 2 chambres ∙ 4 personnes,Saas Fee - Valais
09/05/2024,01/06/2024,08/06/2024,655.00,H0DR1BC,52 m² Appartement ∙ 2 chambres ∙ 5 personnes,Saas Grund - Valais
09/05/2024,08/06/2024,15/06/2024,655.00,H0DR1BC,52 m² Appartement ∙ 2 chambres ∙ 5 personnes,Saas Grund - Valais
09/05/2024,15/06/2024,22/06/2024,655.00,H0DR1BC,52 m² Appartement ∙ 2 chambres ∙ 5 personnes,Saas Grund - Valais
09/05/2024,13/07/2024,20/07/2024,1031.00,H0DR1BC,52 m² Appartement ∙ 2 chambres ∙ 5 personnes,Saas Grund - Valais
09/05/2024,20/07/2024,27/07/2024,1031.00,H0DR1BC,52 m² Appartement ∙ 2 chambres ∙ 5 personnes,Saas Grund - Valais
09/05/2024,10/08/2024,17/08/2024,1031.00,H0DR1BC,52 m² Appartement ∙ 2 chambres ∙ 5 personnes,Saas Grund - Valais
09/05/2024,24/08/2024,31/08/2024,655.00,H0DR1BC,52 m² Appartement ∙ 2 chambres ∙ 5 personnes,Saas Grund - Valais
09/05/2024,31/08/2024,07/09/2024,655.00,H0DR1BC,52 m² Appartement ∙ 2 chambres ∙ 5 personnes,Saas Grund - Valais
09/05/2024,07/09/2024,14/09/2024,655.00,H0DR1BC,52 m² Appartement ∙ 2 chambres ∙ 5 personnes,Saas Grund - Valais
09/05/2024,14/09/2024,21/09/2024,655.00,H0DR1BC,52 m² Appartement ∙ 2 chambres ∙ 5 personnes,Saas Grund - Valais
09/05/2024,21/09/2024,28/09/2024,655.00,H0DR1BC,52 m² Appartement ∙ 2 chambres ∙ 5 personnes,Saas Grund - Valais
09/05/2024,28/09/2024,05/10/2024,655.00,H0DR1BC,52 m² Appartement ∙ 2 chambres ∙ 5 personnes,Saas Grund - Valais
09/05/2024,25/05/2024,01/06/2024,1564.10,HGB6MA1,Maison de vacances ∙ 3 chambres ∙ 6 personnes,Zinal - Ayer - Valais
09/05/2024,01/06/2024,08/06/2024,1564.10,HGB6MA1,Maison de vacances ∙ 3 chambres ∙ 6 personnes,Zinal - Ayer - Valais
09/05/2024,08/06/2024,15/06/2024,1564.10,HGB6MA1,Maison de vacances ∙ 3 chambres ∙ 6 personnes,Zinal - Ayer - Valais
09/05/2024,15/06/2024,22/06/2024,1564.10,HGB6MA1,Maison de vacances ∙ 3 chambres ∙ 6 personnes,Zinal - Ayer - Valais
09/05/2024,22/06/2024,29/06/2024,1564.10,HGB6MA1,Maison de vacances ∙ 3 chambres ∙ 6 personnes,Zinal - Ayer - Valais
09/05/2024,29/06/2024,06/07/2024,1564.10,HGB6MA1,Maison de vacances ∙ 3 chambres ∙ 6 personnes,Zinal - Ayer - Valais
09/05/2024,06/07/2024,13/07/2024,1564.10,HGB6MA1,Maison de vacances ∙ 3 chambres ∙ 6 personnes,Zinal - Ayer - Valais
09/05/2024,13/07/2024,20/07/2024,1787.40,HGB6MA1,Maison de vacances ∙ 3 chambres ∙ 6 personnes,Zinal - Ayer - Valais
09/05/2024,03/08/2024,10/08/2024,1787.40,HGB6MA1,Maison de vacances ∙ 3 chambres ∙ 6 personnes,Zinal - Ayer - Valais
09/05/2024,17/08/2024,24/08/2024,1564.10,HGB6MA1,Maison de vacances ∙ 3 chambres ∙ 6 personnes,Zinal - Ayer - Valais
09/05/2024,07/09/2024,14/09/2024,1564.10,HGB6MA1,Maison de vacances ∙ 3 chambres ∙ 6 personnes,Zinal - Ayer - Valais
09/05/2024,14/09/2024,21/09/2024,1564.10,HGB6MA1,Maison de vacances ∙ 3 chambres ∙ 6 personnes,Zinal - Ayer - Valais
09/05/2024,21/09/2024,28/09/2024,1564.10,HGB6MA1,Maison de vacances ∙ 3 chambres ∙ 6 personnes,Zinal - Ayer - Valais
09/05/2024,28/09/2024,05/10/2024,1564.10,HGB6MA1,Maison de vacances ∙ 3 chambres ∙ 6 personnes,Zinal - Ayer - Valais
09/05/2024,05/10/2024,12/10/2024,1564.10,HGB6MA1,Maison de vacances ∙ 3 chambres ∙ 6 personnes,Zinal - Ayer - Valais
09/05/2024,12/10/2024,19/10/2024,1564.10,HGB6MA1,Maison de vacances ∙ 3 chambres ∙ 6 personnes,Zinal - Ayer - Valais
09/05/2024,19/10/2024,26/10/2024,1564.10,HGB6MA1,Maison de vacances ∙ 3 chambres ∙ 6 personnes,Zinal - Ayer - Valais
09/05/2024,26/10/2024,02/11/2024,1564.10,HGB6MA1,Maison de vacances ∙ 3 chambres ∙ 6 personnes,Zinal - Ayer - Valais
09/05/2024,11/05/2024,18/05/2024,928.31,HXGWR3U,100 m² Appartement ∙ 3 chambres ∙ 6 personnes,Saas-Almagell - Valais
09/05/2024,18/05/2024,25/05/2024,928.31,HXGWR3U,100 m² Appartement ∙ 3 chambres ∙ 6 personnes,Saas-Almagell - Valais
09/05/2024,25/05/2024,01/06/2024,928.31,HXGWR3U,100 m² Appartement ∙ 3 chambres ∙ 6 personnes,Saas-Almagell - Valais
09/05/2024,08/06/2024,15/06/2024,1150.80,HXGWR3U,100 m² Appartement ∙ 3 chambres ∙ 6 personnes,Saas-Almagell - Valais
09/05/2024,15/06/2024,22/06/2024,1150.80,HXGWR3U,100 m² Appartement ∙ 3 chambres ∙ 6 personnes,Saas-Almagell - Valais
09/05/2024,22/06/2024,29/06/2024,1150.80,HXGWR3U,100 m² Appartement ∙ 3 chambres ∙ 6 personnes,Saas-Almagell - Valais
09/05/2024,29/06/2024,06/07/2024,1150.80,HXGWR3U,100 m² Appartement ∙ 3 chambres ∙ 6 personnes,Saas-Almagell - Valais
09/05/2024,10/08/2024,17/08/2024,1150.80,HXGWR3U,100 m² Appartement ∙ 3 chambres ∙ 6 personnes,Saas-Almagell - Valais
09/05/2024,07/09/2024,14/09/2024,1150.80,HXGWR3U,100 m² Appartement ∙ 3 chambres ∙ 6 personnes,Saas-Almagell - Valais
09/05/2024,14/09/2024,21/09/2024,1150.80,HXGWR3U,100 m² Appartement ∙ 3 chambres ∙ 6 personnes,Saas-Almagell - Valais
09/05/2024,21/09/2024,28/09/2024,1150.80,HXGWR3U,100 m² Appartement ∙ 3 chambres ∙ 6 personnes,Saas-Almagell - Valais
09/05/2024,28/09/2024,05/10/2024,1150.80,HXGWR3U,100 m² Appartement ∙ 3 chambres ∙ 6 personnes,Saas-Almagell - Valais
09/05/2024,05/10/2024,12/10/2024,1150.80,HXGWR3U,100 m² Appartement ∙ 3 chambres ∙ 6 personnes,Saas-Almagell - Valais
09/05/2024,12/10/2024,19/10/2024,1150.80,HXGWR3U,100 m² Appartement ∙ 3 chambres ∙ 6 personnes,Saas-Almagell - Valais
09/05/2024,19/10/2024,26/10/2024,991.88,HXGWR3U,100 m² Appartement ∙ 3 chambres ∙ 6 personnes,Saas-Almagell - Valais
09/05/2024,26/10/2024,02/11/2024,928.31,HXGWR3U,100 m² Appartement ∙ 3 chambres ∙ 6 personnes,Saas-Almagell - Valais
09/05/2024,01/06/2024,08/06/2024,424.94,HVA1Z49,50 m² Appartement ∙ 1 chambre ∙ 4 personnes,Saint-Nicolas - Valais
09/05/2024,22/06/2024,29/06/2024,424.94,HVA1Z49,50 m² Appartement ∙ 1 chambre ∙ 4 personnes,Saint-Nicolas - Valais
09/05/2024,06/07/2024,13/07/2024,680.80,HVA1Z49,50 m² Appartement ∙ 1 chambre ∙ 4 personnes,Saint-Nicolas - Valais
09/05/2024,27/07/2024,03/08/2024,680.80,HVA1Z49,50 m² Appartement ∙ 1 chambre ∙ 4 personnes,Saint-Nicolas - Valais
09/05/2024,10/08/2024,17/08/2024,616.04,HVA1Z49,50 m² Appartement ∙ 1 chambre ∙ 4 personnes,Saint-Nicolas - Valais
09/05/2024,17/08/2024,24/08/2024,565.99,HVA1Z49,50 m² Appartement ∙ 1 chambre ∙ 4 personnes,Saint-Nicolas - Valais
09/05/2024,24/08/2024,31/08/2024,433.38,HVA1Z49,50 m² Appartement ∙ 1 chambre ∙ 4 personnes,Saint-Nicolas - Valais
09/05/2024,31/08/2024,07/09/2024,471.11,HVA1Z49,50 m² Appartement ∙ 1 chambre ∙ 4 personnes,Saint-Nicolas - Valais
09/05/2024,28/09/2024,05/10/2024,471.11,HVA1Z49,50 m² Appartement ∙ 1 chambre ∙ 4 personnes,Saint-Nicolas - Valais
09/05/2024,05/10/2024,12/10/2024,471.11,HVA1Z49,50 m² Appartement ∙ 1 chambre ∙ 4 personnes,Saint-Nicolas - Valais
09/05/2024,12/10/2024,19/10/2024,471.11,HVA1Z49,50 m² Appartement ∙ 1 chambre ∙ 4 personnes,Saint-Nicolas - Valais
09/05/2024,19/10/2024,26/10/2024,471.11,HVA1Z49,50 m² Appartement ∙ 1 chambre ∙ 4 personnes,Saint-Nicolas - Valais
09/05/2024,01/06/2024,08/06/2024,896.41,HWY7SLT,72 m² Appartement ∙ 2 chambres ∙ 4 personnes,Ried-Brig - Valais
09/05/2024,08/06/2024,15/06/2024,896.41,HWY7SLT,72 m² Appartement ∙ 2 chambres ∙ 4 personnes,Ried-Brig - Valais
09/05/2024,15/06/2024,22/06/2024,896.41,HWY7SLT,72 m² Appartement ∙ 2 chambres ∙ 4 personnes,Ried-Brig - Valais
09/05/2024,29/06/2024,06/07/2024,896.41,HWY7SLT,72 m² Appartement ∙ 2 chambres ∙ 4 personnes,Ried-Brig - Valais
09/05/2024,24/08/2024,31/08/2024,896.41,HWY7SLT,72 m² Appartement ∙ 2 chambres ∙ 4 personnes,Ried-Brig - Valais
09/05/2024,31/08/2024,07/09/2024,896.41,HWY7SLT,72 m² Appartement ∙ 2 chambres ∙ 4 personnes,Ried-Brig - Valais
09/05/2024,21/09/2024,28/09/2024,896.41,HWY7SLT,72 m² Appartement ∙ 2 chambres ∙ 4 personnes,Ried-Brig - Valais
09/05/2024,28/09/2024,05/10/2024,896.41,HWY7SLT,72 m² Appartement ∙ 2 chambres ∙ 4 personnes,Ried-Brig - Valais
09/05/2024,05/10/2024,12/10/2024,896.41,HWY7SLT,72 m² Appartement ∙ 2 chambres ∙ 4 personnes,Ried-Brig - Valais
09/05/2024,12/10/2024,19/10/2024,896.41,HWY7SLT,72 m² Appartement ∙ 2 chambres ∙ 4 personnes,Ried-Brig - Valais
09/05/2024,19/10/2024,26/10/2024,896.41,HWY7SLT,72 m² Appartement ∙ 2 chambres ∙ 4 personnes,Ried-Brig - Valais
09/05/2024,26/10/2024,02/11/2024,896.41,HWY7SLT,72 m² Appartement ∙ 2 chambres ∙ 4 personnes,Ried-Brig - Valais
09/05/2024,18/05/2024,25/05/2024,686.39,H2W5CEV,Appartement ∙ 1 chambre ∙ 2 personnes,Fieschertal - Valais
09/05/2024,25/05/2024,01/06/2024,686.39,H2W5CEV,Appartement ∙ 1 chambre ∙ 2 personnes,Fieschertal - Valais
09/05/2024,01/06/2024,08/06/2024,686.39,H2W5CEV,Appartement ∙ 1 chambre ∙ 2 personnes,Fieschertal - Valais
09/05/2024,08/06/2024,15/06/2024,686.39,H2W5CEV,Appartement ∙ 1 chambre ∙ 2 personnes,Fieschertal - Valais
09/05/2024,15/06/2024,22/06/2024,686.39,H2W5CEV,Appartement ∙ 1 chambre ∙ 2 personnes,Fieschertal - Valais
09/05/2024,22/06/2024,29/06/2024,686.39,H2W5CEV,Appartement ∙ 1 chambre ∙ 2 personnes,Fieschertal - Valais
09/05/2024,29/06/2024,06/07/2024,686.39,H2W5CEV,Appartement ∙ 1 chambre ∙ 2 personnes,Fieschertal - Valais
09/05/2024,24/08/2024,31/08/2024,686.39,H2W5CEV,Appartement ∙ 1 chambre ∙ 2 personnes,Fieschertal - Valais
09/05/2024,31/08/2024,07/09/2024,686.39,H2W5CEV,Appartement ∙ 1 chambre ∙ 2 personnes,Fieschertal - Valais
09/05/2024,07/09/2024,14/09/2024,686.39,H2W5CEV,Appartement ∙ 1 chambre ∙ 2 personnes,Fieschertal - Valais
09/05/2024,14/09/2024,21/09/2024,686.39,H2W5CEV,Appartement ∙ 1 chambre ∙ 2 personnes,Fieschertal - Valais
09/05/2024,21/09/2024,28/09/2024,686.39,H2W5CEV,Appartement ∙ 1 chambre ∙ 2 personnes,Fieschertal - Valais
09/05/2024,28/09/2024,05/10/2024,686.39,H2W5CEV,Appartement ∙ 1 chambre ∙ 2 personnes,Fieschertal - Valais
09/05/2024,05/10/2024,12/10/2024,686.39,H2W5CEV,Appartement ∙ 1 chambre ∙ 2 personnes,Fieschertal - Valais
09/05/2024,12/10/2024,19/10/2024,686.39,H2W5CEV,Appartement ∙ 1 chambre ∙ 2 personnes,Fieschertal - Valais
09/05/2024,19/10/2024,26/10/2024,686.39,H2W5CEV,Appartement ∙ 1 chambre ∙ 2 personnes,Fieschertal - Valais
09/05/2024,26/10/2024,02/11/2024,686.39,H2W5CEV,Appartement ∙ 1 chambre ∙ 2 personnes,Fieschertal - Valais
09/05/2024,15/06/2024,22/06/2024,2010.40,HLPYEX7,80 m² Appartement ∙ 2 chambres ∙ 5 personnes,Saas Fee - Valais
09/05/2024,22/06/2024,29/06/2024,2010.40,HLPYEX7,80 m² Appartement ∙ 2 chambres ∙ 5 personnes,Saas Fee - Valais
09/05/2024,24/08/2024,31/08/2024,2110.15,HLPYEX7,80 m² Appartement ∙ 2 chambres ∙ 5 personnes,Saas Fee - Valais
09/05/2024,31/08/2024,07/09/2024,2110.15,HLPYEX7,80 m² Appartement ∙ 2 chambres ∙ 5 personnes,Saas Fee - Valais
09/05/2024,07/09/2024,14/09/2024,2110.15,HLPYEX7,80 m² Appartement ∙ 2 chambres ∙ 5 personnes,Saas Fee - Valais
09/05/2024,14/09/2024,21/09/2024,2010.40,HLPYEX7,80 m² Appartement ∙ 2 chambres ∙ 5 personnes,Saas Fee - Valais
09/05/2024,21/09/2024,28/09/2024,2010.40,HLPYEX7,80 m² Appartement ∙ 2 chambres ∙ 5 personnes,Saas Fee - Valais
09/05/2024,28/09/2024,05/10/2024,2010.40,HLPYEX7,80 m² Appartement ∙ 2 chambres ∙ 5 personnes,Saas Fee - Valais
09/05/2024,26/10/2024,02/11/2024,2010.40,HLPYEX7,80 m² Appartement ∙ 2 chambres ∙ 5 personnes,Saas Fee - Valais
09/05/2024,11/05/2024,18/05/2024,978.37,HA3FGWP,76 m² Appartement ∙ 2 chambres ∙ 4 personnes,Bürchen - Valais
09/05/2024,25/05/2024,01/06/2024,978.37,HA3FGWP,76 m² Appartement ∙ 2 chambres ∙ 4 personnes,Bürchen - Valais
09/05/2024,01/06/2024,08/06/2024,1053.15,HA3FGWP,76 m² Appartement ∙ 2 chambres ∙ 4 personnes,Bürchen - Valais
09/05/2024,08/06/2024,15/06/2024,1053.15,HA3FGWP,76 m² Appartement ∙ 2 chambres ∙ 4 personnes,Bürchen - Valais
09/05/2024,15/06/2024,22/06/2024,1053.15,HA3FGWP,76 m² Appartement ∙ 2 chambres ∙ 4 personnes,Bürchen - Valais
09/05/2024,22/06/2024,29/06/2024,1053.15,HA3FGWP,76 m² Appartement ∙ 2 chambres ∙ 4 personnes,Bürchen - Valais
09/05/2024,29/06/2024,06/07/2024,1053.15,HA3FGWP,76 m² Appartement ∙ 2 chambres ∙ 4 personnes,Bürchen - Valais
09/05/2024,06/07/2024,13/07/2024,1127.94,HA3FGWP,76 m² Appartement ∙ 2 chambres ∙ 4 personnes,Bürchen - Valais
09/05/2024,13/07/2024,20/07/2024,1127.94,HA3FGWP,76 m² Appartement ∙ 2 chambres ∙ 4 personnes,Bürchen - Valais
09/05/2024,20/07/2024,27/07/2024,1127.94,HA3FGWP,76 m² Appartement ∙ 2 chambres ∙ 4 personnes,Bürchen - Valais
09/05/2024,27/07/2024,03/08/2024,1127.94,HA3FGWP,76 m² Appartement ∙ 2 chambres ∙ 4 personnes,Bürchen - Valais
09/05/2024,03/08/2024,10/08/2024,1127.94,HA3FGWP,76 m² Appartement ∙ 2 chambres ∙ 4 personnes,Bürchen - Valais
09/05/2024,10/08/2024,17/08/2024,1127.94,HA3FGWP,76 m² Appartement ∙ 2 chambres ∙ 4 personnes,Bürchen - Valais
09/05/2024,17/08/2024,24/08/2024,1127.94,HA3FGWP,76 m² Appartement ∙ 2 chambres ∙ 4 personnes,Bürchen - Valais
09/05/2024,24/08/2024,31/08/2024,1127.94,HA3FGWP,76 m² Appartement ∙ 2 chambres ∙ 4 personnes,Bürchen - Valais
09/05/2024,31/08/2024,07/09/2024,1064.42,HA3FGWP,76 m² Appartement ∙ 2 chambres ∙ 4 personnes,Bürchen - Valais
09/05/2024,07/09/2024,14/09/2024,1053.15,HA3FGWP,76 m² Appartement ∙ 2 chambres ∙ 4 personnes,Bürchen - Valais
09/05/2024,14/09/2024,21/09/2024,1053.15,HA3FGWP,76 m² Appartement ∙ 2 chambres ∙ 4 personnes,Bürchen - Valais
09/05/2024,21/09/2024,28/09/2024,1053.15,HA3FGWP,76 m² Appartement ∙ 2 chambres ∙ 4 personnes,Bürchen - Valais
09/05/2024,28/09/2024,05/10/2024,1053.15,HA3FGWP,76 m² Appartement ∙ 2 chambres ∙ 4 personnes,Bürchen - Valais
09/05/2024,05/10/2024,12/10/2024,1053.15,HA3FGWP,76 m² Appartement ∙ 2 chambres ∙ 4 personnes,Bürchen - Valais
09/05/2024,12/10/2024,19/10/2024,1053.15,HA3FGWP,76 m² Appartement ∙ 2 chambres ∙ 4 personnes,Bürchen - Valais
09/05/2024,19/10/2024,26/10/2024,978.37,HA3FGWP,76 m² Appartement ∙ 2 chambres ∙ 4 personnes,Bürchen - Valais
09/05/2024,26/10/2024,02/11/2024,978.37,HA3FGWP,76 m² Appartement ∙ 2 chambres ∙ 4 personnes,Bürchen - Valais
09/05/2024,25/05/2024,01/06/2024,873.36,HVW76AM,80 m² Maison de vacances ∙ 2 chambres ∙ 5 personnes,Ayent - Valais
09/05/2024,01/06/2024,08/06/2024,873.36,HVW76AM,80 m² Maison de vacances ∙ 2 chambres ∙ 5 personnes,Ayent - Valais
09/05/2024,29/06/2024,06/07/2024,1218.42,HVW76AM,80 m² Maison de vacances ∙ 2 chambres ∙ 5 personnes,Ayent - Valais
09/05/2024,06/07/2024,13/07/2024,1479.64,HVW76AM,80 m² Maison de vacances ∙ 2 chambres ∙ 5 personnes,Ayent - Valais
09/05/2024,17/08/2024,24/08/2024,1847.99,HVW76AM,80 m² Maison de vacances ∙ 2 chambres ∙ 5 personnes,Ayent - Valais
09/05/2024,24/08/2024,31/08/2024,1795.03,HVW76AM,80 m² Maison de vacances ∙ 2 chambres ∙ 5 personnes,Ayent - Valais
09/05/2024,31/08/2024,07/09/2024,1899.75,HVW76AM,80 m² Maison de vacances ∙ 2 chambres ∙ 5 personnes,Ayent - Valais
09/05/2024,07/09/2024,14/09/2024,1708.36,HVW76AM,80 m² Maison de vacances ∙ 2 chambres ∙ 5 personnes,Ayent - Valais
09/05/2024,14/09/2024,21/09/2024,1153.61,HVW76AM,80 m² Maison de vacances ∙ 2 chambres ∙ 5 personnes,Ayent - Valais
09/05/2024,21/09/2024,28/09/2024,949.86,HVW76AM,80 m² Maison de vacances ∙ 2 chambres ∙ 5 personnes,Ayent - Valais
09/05/2024,26/10/2024,02/11/2024,902.07,HVW76AM,80 m² Maison de vacances ∙ 2 chambres ∙ 5 personnes,Ayent - Valais
09/05/2024,10/08/2024,17/08/2024,1289.11,H8X59Z0,60 m² Appartement ∙ 1 chambre ∙ 5 personnes,Saas Fee - Valais
09/05/2024,24/08/2024,31/08/2024,1020.54,H8X59Z0,60 m² Appartement ∙ 1 chambre ∙ 5 personnes,Saas Fee - Valais
09/05/2024,31/08/2024,07/09/2024,1020.54,H8X59Z0,60 m² Appartement ∙ 1 chambre ∙ 5 personnes,Saas Fee - Valais
09/05/2024,07/09/2024,14/09/2024,1020.54,H8X59Z0,60 m² Appartement ∙ 1 chambre ∙ 5 personnes,Saas Fee - Valais
09/05/2024,14/09/2024,21/09/2024,1020.54,H8X59Z0,60 m² Appartement ∙ 1 chambre ∙ 5 personnes,Saas Fee - Valais
09/05/2024,21/09/2024,28/09/2024,1020.54,H8X59Z0,60 m² Appartement ∙ 1 chambre ∙ 5 personnes,Saas Fee - Valais
09/05/2024,28/09/2024,05/10/2024,1020.54,H8X59Z0,60 m² Appartement ∙ 1 chambre ∙ 5 personnes,Saas Fee - Valais
09/05/2024,05/10/2024,12/10/2024,1020.54,H8X59Z0,60 m² Appartement ∙ 1 chambre ∙ 5 personnes,Saas Fee - Valais
09/05/2024,12/10/2024,19/10/2024,1020.54,H8X59Z0,60 m² Appartement ∙ 1 chambre ∙ 5 personnes,Saas Fee - Valais
09/05/2024,19/10/2024,26/10/2024,1020.54,H8X59Z0,60 m² Appartement ∙ 1 chambre ∙ 5 personnes,Saas Fee - Valais
09/05/2024,26/10/2024,02/11/2024,1020.54,H8X59Z0,60 m² Appartement ∙ 1 chambre ∙ 5 personnes,Saas Fee - Valais
09/05/2024,11/05/2024,18/05/2024,821.62,H52LU1P,70 m² Appartement ∙ 2 chambres ∙ 4 personnes,Ovronnaz - Leytron - Valais
09/05/2024,18/05/2024,25/05/2024,821.62,H52LU1P,70 m² Appartement ∙ 2 chambres ∙ 4 personnes,Ovronnaz - Leytron - Valais
09/05/2024,25/05/2024,01/06/2024,1036.76,H52LU1P,70 m² Appartement ∙ 2 chambres ∙ 4 personnes,Ovronnaz - Leytron - Valais
09/05/2024,01/06/2024,08/06/2024,1036.76,H52LU1P,70 m² Appartement ∙ 2 chambres ∙ 4 personnes,Ovronnaz - Leytron - Valais
09/05/2024,06/07/2024,13/07/2024,1036.76,H52LU1P,70 m² Appartement ∙ 2 chambres ∙ 4 personnes,Ovronnaz - Leytron - Valais
09/05/2024,13/07/2024,20/07/2024,1289.81,H52LU1P,70 m² Appartement ∙ 2 chambres ∙ 4 personnes,Ovronnaz - Leytron - Valais
09/05/2024,27/07/2024,03/08/2024,1289.81,H52LU1P,70 m² Appartement ∙ 2 chambres ∙ 4 personnes,Ovronnaz - Leytron - Valais
09/05/2024,03/08/2024,10/08/2024,1289.81,H52LU1P,70 m² Appartement ∙ 2 chambres ∙ 4 personnes,Ovronnaz - Leytron - Valais
09/05/2024,10/08/2024,17/08/2024,1289.81,H52LU1P,70 m² Appartement ∙ 2 chambres ∙ 4 personnes,Ovronnaz - Leytron - Valais
09/05/2024,17/08/2024,24/08/2024,1289.81,H52LU1P,70 m² Appartement ∙ 2 chambres ∙ 4 personnes,Ovronnaz - Leytron - Valais
09/05/2024,24/08/2024,31/08/2024,1036.76,H52LU1P,70 m² Appartement ∙ 2 chambres ∙ 4 personnes,Ovronnaz - Leytron - Valais
09/05/2024,31/08/2024,07/09/2024,1036.76,H52LU1P,70 m² Appartement ∙ 2 chambres ∙ 4 personnes,Ovronnaz - Leytron - Valais
09/05/2024,07/09/2024,14/09/2024,1036.76,H52LU1P,70 m² Appartement ∙ 2 chambres ∙ 4 personnes,Ovronnaz - Leytron - Valais
09/05/2024,01/06/2024,08/06/2024,1274.44,HLVZJBA,Appartement ∙ 2 chambres ∙ 4 personnes,Saas Fee - Valais
09/05/2024,22/06/2024,29/06/2024,1351.27,HLVZJBA,Appartement ∙ 2 chambres ∙ 4 personnes,Saas Fee - Valais
09/05/2024,10/08/2024,17/08/2024,1351.27,HLVZJBA,Appartement ∙ 2 chambres ∙ 4 personnes,Saas Fee - Valais
09/05/2024,12/10/2024,19/10/2024,1274.44,HLVZJBA,Appartement ∙ 2 chambres ∙ 4 personnes,Saas Fee - Valais
09/05/2024,18/05/2024,25/05/2024,1185.31,HVYJ265,50 m² Appartement ∙ 1 chambre ∙ 2 personnes,Mund - Valais
09/05/2024,25/05/2024,01/06/2024,1227.31,HVYJ265,50 m² Appartement ∙ 1 chambre ∙ 2 personnes,Mund - Valais
09/05/2024,01/06/2024,08/06/2024,1330.78,HVYJ265,50 m² Appartement ∙ 1 chambre ∙ 2 personnes,Mund - Valais
09/05/2024,15/06/2024,22/06/2024,1330.78,HVYJ265,50 m² Appartement ∙ 1 chambre ∙ 2 personnes,Mund - Valais
09/05/2024,06/07/2024,13/07/2024,1330.78,HVYJ265,50 m² Appartement ∙ 1 chambre ∙ 2 personnes,Mund - Valais
09/05/2024,13/07/2024,20/07/2024,1330.78,HVYJ265,50 m² Appartement ∙ 1 chambre ∙ 2 personnes,Mund - Valais
09/05/2024,20/07/2024,27/07/2024,1330.78,HVYJ265,50 m² Appartement ∙ 1 chambre ∙ 2 personnes,Mund - Valais
09/05/2024,10/08/2024,17/08/2024,1330.78,HVYJ265,50 m² Appartement ∙ 1 chambre ∙ 2 personnes,Mund - Valais
09/05/2024,17/08/2024,24/08/2024,1330.78,HVYJ265,50 m² Appartement ∙ 1 chambre ∙ 2 personnes,Mund - Valais
09/05/2024,24/08/2024,31/08/2024,1330.78,HVYJ265,50 m² Appartement ∙ 1 chambre ∙ 2 personnes,Mund - Valais
09/05/2024,05/10/2024,12/10/2024,1185.31,HVYJ265,50 m² Appartement ∙ 1 chambre ∙ 2 personnes,Mund - Valais
09/05/2024,12/10/2024,19/10/2024,1185.31,HVYJ265,50 m² Appartement ∙ 1 chambre ∙ 2 personnes,Mund - Valais
09/05/2024,26/10/2024,02/11/2024,1185.31,HVYJ265,50 m² Appartement ∙ 1 chambre ∙ 2 personnes,Mund - Valais
09/05/2024,18/05/2024,25/05/2024,1173.02,HU19T6J,80 m² Appartement ∙ 1 chambre ∙ 5 personnes,Viège - Valais
09/05/2024,25/05/2024,01/06/2024,1173.02,HU19T6J,80 m² Appartement ∙ 1 chambre ∙ 5 personnes,Viège - Valais
09/05/2024,01/06/2024,08/06/2024,1173.02,HU19T6J,80 m² Appartement ∙ 1 chambre ∙ 5 personnes,Viège - Valais
09/05/2024,08/06/2024,15/06/2024,1173.02,HU19T6J,80 m² Appartement ∙ 1 chambre ∙ 5 personnes,Viège - Valais
09/05/2024,06/07/2024,13/07/2024,1173.02,HU19T6J,80 m² Appartement ∙ 1 chambre ∙ 5 personnes,Viège - Valais
09/05/2024,24/08/2024,31/08/2024,1173.02,HU19T6J,80 m² Appartement ∙ 1 chambre ∙ 5 personnes,Viège - Valais
09/05/2024,14/09/2024,21/09/2024,1173.02,HU19T6J,80 m² Appartement ∙ 1 chambre ∙ 5 personnes,Viège - Valais
09/05/2024,21/09/2024,28/09/2024,1173.02,HU19T6J,80 m² Appartement ∙ 1 chambre ∙ 5 personnes,Viège - Valais
09/05/2024,12/10/2024,19/10/2024,1173.02,HU19T6J,80 m² Appartement ∙ 1 chambre ∙ 5 personnes,Viège - Valais
09/05/2024,19/10/2024,26/10/2024,1173.02,HU19T6J,80 m² Appartement ∙ 1 chambre ∙ 5 personnes,Viège - Valais
09/05/2024,26/10/2024,02/11/2024,1173.02,HU19T6J,80 m² Appartement ∙ 1 chambre ∙ 5 personnes,Viège - Valais
09/05/2024,11/05/2024,18/05/2024,374.96,H0CLKHW,30 m² Appartement ∙ 1 chambre ∙ 2 personnes,Nendaz - Valais
09/05/2024,18/05/2024,25/05/2024,374.96,H0CLKHW,30 m² Appartement ∙ 1 chambre ∙ 2 personnes,Nendaz - Valais
09/05/2024,25/05/2024,01/06/2024,474.33,H0CLKHW,30 m² Appartement ∙ 1 chambre ∙ 2 personnes,Nendaz - Valais
09/05/2024,01/06/2024,08/06/2024,474.33,H0CLKHW,30 m² Appartement ∙ 1 chambre ∙ 2 personnes,Nendaz - Valais
09/05/2024,08/06/2024,15/06/2024,474.33,H0CLKHW,30 m² Appartement ∙ 1 chambre ∙ 2 personnes,Nendaz - Valais
09/05/2024,15/06/2024,22/06/2024,474.33,H0CLKHW,30 m² Appartement ∙ 1 chambre ∙ 2 personnes,Nendaz - Valais
09/05/2024,29/06/2024,06/07/2024,474.33,H0CLKHW,30 m² Appartement ∙ 1 chambre ∙ 2 personnes,Nendaz - Valais
09/05/2024,06/07/2024,13/07/2024,474.33,H0CLKHW,30 m² Appartement ∙ 1 chambre ∙ 2 personnes,Nendaz - Valais
09/05/2024,13/07/2024,20/07/2024,593.17,H0CLKHW,30 m² Appartement ∙ 1 chambre ∙ 2 personnes,Nendaz - Valais
09/05/2024,03/08/2024,10/08/2024,593.17,H0CLKHW,30 m² Appartement ∙ 1 chambre ∙ 2 personnes,Nendaz - Valais
09/05/2024,10/08/2024,17/08/2024,593.17,H0CLKHW,30 m² Appartement ∙ 1 chambre ∙ 2 personnes,Nendaz - Valais
09/05/2024,17/08/2024,24/08/2024,474.33,H0CLKHW,30 m² Appartement ∙ 1 chambre ∙ 2 personnes,Nendaz - Valais
09/05/2024,24/08/2024,31/08/2024,474.33,H0CLKHW,30 m² Appartement ∙ 1 chambre ∙ 2 personnes,Nendaz - Valais
09/05/2024,31/08/2024,07/09/2024,474.33,H0CLKHW,30 m² Appartement ∙ 1 chambre ∙ 2 personnes,Nendaz - Valais
09/05/2024,07/09/2024,14/09/2024,474.33,H0CLKHW,30 m² Appartement ∙ 1 chambre ∙ 2 personnes,Nendaz - Valais
09/05/2024,14/09/2024,21/09/2024,474.33,H0CLKHW,30 m² Appartement ∙ 1 chambre ∙ 2 personnes,Nendaz - Valais
09/05/2024,21/09/2024,28/09/2024,474.33,H0CLKHW,30 m² Appartement ∙ 1 chambre ∙ 2 personnes,Nendaz - Valais
09/05/2024,28/09/2024,05/10/2024,474.33,H0CLKHW,30 m² Appartement ∙ 1 chambre ∙ 2 personnes,Nendaz - Valais
09/05/2024,05/10/2024,12/10/2024,474.33,H0CLKHW,30 m² Appartement ∙ 1 chambre ∙ 2 personnes,Nendaz - Valais
09/05/2024,12/10/2024,19/10/2024,474.33,H0CLKHW,30 m² Appartement ∙ 1 chambre ∙ 2 personnes,Nendaz - Valais
09/05/2024,19/10/2024,26/10/2024,474.33,H0CLKHW,30 m² Appartement ∙ 1 chambre ∙ 2 personnes,Nendaz - Valais
09/05/2024,26/10/2024,02/11/2024,474.33,H0CLKHW,30 m² Appartement ∙ 1 chambre ∙ 2 personnes,Nendaz - Valais
09/05/2024,11/05/2024,18/05/2024,767.33,H2RT6SU,85 m² Appartement ∙ 3 chambres ∙ 8 personnes,Saas Grund - Valais
09/05/2024,18/05/2024,25/05/2024,767.33,H2RT6SU,85 m² Appartement ∙ 3 chambres ∙ 8 personnes,Saas Grund - Valais
09/05/2024,25/05/2024,01/06/2024,767.33,H2RT6SU,85 m² Appartement ∙ 3 chambres ∙ 8 personnes,Saas Grund - Valais
09/05/2024,01/06/2024,08/06/2024,920.79,H2RT6SU,85 m² Appartement ∙ 3 chambres ∙ 8 personnes,Saas Grund - Valais
09/05/2024,08/06/2024,15/06/2024,920.79,H2RT6SU,85 m² Appartement ∙ 3 chambres ∙ 8 personnes,Saas Grund - Valais
09/05/2024,15/06/2024,22/06/2024,920.79,H2RT6SU,85 m² Appartement ∙ 3 chambres ∙ 8 personnes,Saas Grund - Valais
09/05/2024,22/06/2024,29/06/2024,920.79,H2RT6SU,85 m² Appartement ∙ 3 chambres ∙ 8 personnes,Saas Grund - Valais
09/05/2024,29/06/2024,06/07/2024,920.79,H2RT6SU,85 m² Appartement ∙ 3 chambres ∙ 8 personnes,Saas Grund - Valais
09/05/2024,27/07/2024,03/08/2024,1150.99,H2RT6SU,85 m² Appartement ∙ 3 chambres ∙ 8 personnes,Saas Grund - Valais
09/05/2024,31/08/2024,07/09/2024,920.79,H2RT6SU,85 m² Appartement ∙ 3 chambres ∙ 8 personnes,Saas Grund - Valais
09/05/2024,21/09/2024,28/09/2024,920.79,H2RT6SU,85 m² Appartement ∙ 3 chambres ∙ 8 personnes,Saas Grund - Valais
09/05/2024,28/09/2024,05/10/2024,920.79,H2RT6SU,85 m² Appartement ∙ 3 chambres ∙ 8 personnes,Saas Grund - Valais
09/05/2024,05/10/2024,12/10/2024,920.79,H2RT6SU,85 m² Appartement ∙ 3 chambres ∙ 8 personnes,Saas Grund - Valais
09/05/2024,12/10/2024,19/10/2024,920.79,H2RT6SU,85 m² Appartement ∙ 3 chambres ∙ 8 personnes,Saas Grund - Valais
09/05/2024,19/10/2024,26/10/2024,920.79,H2RT6SU,85 m² Appartement ∙ 3 chambres ∙ 8 personnes,Saas Grund - Valais
09/05/2024,26/10/2024,02/11/2024,898.87,H2RT6SU,85 m² Appartement ∙ 3 chambres ∙ 8 personnes,Saas Grund - Valais
09/05/2024,15/06/2024,22/06/2024,920.79,HB8S2P4,36 m² Appartement ∙ 1 chambre ∙ 3 personnes,Saas Fee - Valais
09/05/2024,22/06/2024,29/06/2024,920.79,HB8S2P4,36 m² Appartement ∙ 1 chambre ∙ 3 personnes,Saas Fee - Valais
09/05/2024,29/06/2024,06/07/2024,920.79,HB8S2P4,36 m² Appartement ∙ 1 chambre ∙ 3 personnes,Saas Fee - Valais
09/05/2024,06/07/2024,13/07/2024,920.79,HB8S2P4,36 m² Appartement ∙ 1 chambre ∙ 3 personnes,Saas Fee - Valais
09/05/2024,13/07/2024,20/07/2024,936.14,HB8S2P4,36 m² Appartement ∙ 1 chambre ∙ 3 personnes,Saas Fee - Valais
09/05/2024,20/07/2024,27/07/2024,936.14,HB8S2P4,36 m² Appartement ∙ 1 chambre ∙ 3 personnes,Saas Fee - Valais
09/05/2024,27/07/2024,03/08/2024,936.14,HB8S2P4,36 m² Appartement ∙ 1 chambre ∙ 3 personnes,Saas Fee - Valais
09/05/2024,03/08/2024,10/08/2024,936.14,HB8S2P4,36 m² Appartement ∙ 1 chambre ∙ 3 personnes,Saas Fee - Valais
09/05/2024,10/08/2024,17/08/2024,936.14,HB8S2P4,36 m² Appartement ∙ 1 chambre ∙ 3 personnes,Saas Fee - Valais
09/05/2024,17/08/2024,24/08/2024,936.14,HB8S2P4,36 m² Appartement ∙ 1 chambre ∙ 3 personnes,Saas Fee - Valais
09/05/2024,24/08/2024,31/08/2024,936.14,HB8S2P4,36 m² Appartement ∙ 1 chambre ∙ 3 personnes,Saas Fee - Valais
09/05/2024,31/08/2024,07/09/2024,920.79,HB8S2P4,36 m² Appartement ∙ 1 chambre ∙ 3 personnes,Saas Fee - Valais
09/05/2024,07/09/2024,14/09/2024,920.79,HB8S2P4,36 m² Appartement ∙ 1 chambre ∙ 3 personnes,Saas Fee - Valais
09/05/2024,14/09/2024,21/09/2024,920.79,HB8S2P4,36 m² Appartement ∙ 1 chambre ∙ 3 personnes,Saas Fee - Valais
09/05/2024,21/09/2024,28/09/2024,920.79,HB8S2P4,36 m² Appartement ∙ 1 chambre ∙ 3 personnes,Saas Fee - Valais
09/05/2024,28/09/2024,05/10/2024,920.79,HB8S2P4,36 m² Appartement ∙ 1 chambre ∙ 3 personnes,Saas Fee - Valais
09/05/2024,05/10/2024,12/10/2024,920.79,HB8S2P4,36 m² Appartement ∙ 1 chambre ∙ 3 personnes,Saas Fee - Valais
09/05/2024,12/10/2024,19/10/2024,920.79,HB8S2P4,36 m² Appartement ∙ 1 chambre ∙ 3 personnes,Saas Fee - Valais
09/05/2024,18/05/2024,25/05/2024,1528.51,H5NW2CF,120 m² Appartement ∙ 3 chambres ∙ 6 personnes,Zinal - Ayer - Valais
09/05/2024,25/05/2024,01/06/2024,1528.51,H5NW2CF,120 m² Appartement ∙ 3 chambres ∙ 6 personnes,Zinal - Ayer - Valais
09/05/2024,01/06/2024,08/06/2024,1528.51,H5NW2CF,120 m² Appartement ∙ 3 chambres ∙ 6 personnes,Zinal - Ayer - Valais
09/05/2024,08/06/2024,15/06/2024,1528.51,H5NW2CF,120 m² Appartement ∙ 3 chambres ∙ 6 personnes,Zinal - Ayer - Valais
09/05/2024,15/06/2024,22/06/2024,1528.51,H5NW2CF,120 m² Appartement ∙ 3 chambres ∙ 6 personnes,Zinal - Ayer - Valais
09/05/2024,22/06/2024,29/06/2024,1528.51,H5NW2CF,120 m² Appartement ∙ 3 chambres ∙ 6 personnes,Zinal - Ayer - Valais
09/05/2024,13/07/2024,20/07/2024,1655.54,H5NW2CF,120 m² Appartement ∙ 3 chambres ∙ 6 personnes,Zinal - Ayer - Valais
09/05/2024,17/08/2024,24/08/2024,1528.51,H5NW2CF,120 m² Appartement ∙ 3 chambres ∙ 6 personnes,Zinal - Ayer - Valais
09/05/2024,24/08/2024,31/08/2024,1528.51,H5NW2CF,120 m² Appartement ∙ 3 chambres ∙ 6 personnes,Zinal - Ayer - Valais
09/05/2024,31/08/2024,07/09/2024,1528.51,H5NW2CF,120 m² Appartement ∙ 3 chambres ∙ 6 personnes,Zinal - Ayer - Valais
09/05/2024,07/09/2024,14/09/2024,1528.51,H5NW2CF,120 m² Appartement ∙ 3 chambres ∙ 6 personnes,Zinal - Ayer - Valais
09/05/2024,14/09/2024,21/09/2024,1528.51,H5NW2CF,120 m² Appartement ∙ 3 chambres ∙ 6 personnes,Zinal - Ayer - Valais
09/05/2024,21/09/2024,28/09/2024,1528.51,H5NW2CF,120 m² Appartement ∙ 3 chambres ∙ 6 personnes,Zinal - Ayer - Valais
09/05/2024,28/09/2024,05/10/2024,1528.51,H5NW2CF,120 m² Appartement ∙ 3 chambres ∙ 6 personnes,Zinal - Ayer - Valais
09/05/2024,05/10/2024,12/10/2024,1528.51,H5NW2CF,120 m² Appartement ∙ 3 chambres ∙ 6 personnes,Zinal - Ayer - Valais
09/05/2024,12/10/2024,19/10/2024,1528.51,H5NW2CF,120 m² Appartement ∙ 3 chambres ∙ 6 personnes,Zinal - Ayer - Valais
09/05/2024,19/10/2024,26/10/2024,1528.51,H5NW2CF,120 m² Appartement ∙ 3 chambres ∙ 6 personnes,Zinal - Ayer - Valais
09/05/2024,26/10/2024,02/11/2024,1528.51,H5NW2CF,120 m² Appartement ∙ 3 chambres ∙ 6 personnes,Zinal - Ayer - Valais
09/05/2024,11/05/2024,18/05/2024,503.42,HJMEC2Z,25 m² Appartement ∙ 1 chambre ∙ 2 personnes,Loèche-les-Bains - Valais
09/05/2024,08/06/2024,15/06/2024,531.39,HJMEC2Z,25 m² Appartement ∙ 1 chambre ∙ 2 personnes,Loèche-les-Bains - Valais
09/05/2024,22/06/2024,29/06/2024,531.39,HJMEC2Z,25 m² Appartement ∙ 1 chambre ∙ 2 personnes,Loèche-les-Bains - Valais
09/05/2024,29/06/2024,06/07/2024,572.27,HJMEC2Z,25 m² Appartement ∙ 1 chambre ∙ 2 personnes,Loèche-les-Bains - Valais
09/05/2024,20/07/2024,27/07/2024,572.27,HJMEC2Z,25 m² Appartement ∙ 1 chambre ∙ 2 personnes,Loèche-les-Bains - Valais
09/05/2024,27/07/2024,03/08/2024,572.27,HJMEC2Z,25 m² Appartement ∙ 1 chambre ∙ 2 personnes,Loèche-les-Bains - Valais
09/05/2024,03/08/2024,10/08/2024,572.27,HJMEC2Z,25 m² Appartement ∙ 1 chambre ∙ 2 personnes,Loèche-les-Bains - Valais
09/05/2024,10/08/2024,17/08/2024,572.27,HJMEC2Z,25 m² Appartement ∙ 1 chambre ∙ 2 personnes,Loèche-les-Bains - Valais
09/05/2024,17/08/2024,24/08/2024,572.27,HJMEC2Z,25 m² Appartement ∙ 1 chambre ∙ 2 personnes,Loèche-les-Bains - Valais
09/05/2024,24/08/2024,31/08/2024,572.27,HJMEC2Z,25 m² Appartement ∙ 1 chambre ∙ 2 personnes,Loèche-les-Bains - Valais
09/05/2024,31/08/2024,07/09/2024,572.27,HJMEC2Z,25 m² Appartement ∙ 1 chambre ∙ 2 personnes,Loèche-les-Bains - Valais
09/05/2024,07/09/2024,14/09/2024,572.27,HJMEC2Z,25 m² Appartement ∙ 1 chambre ∙ 2 personnes,Loèche-les-Bains - Valais
09/05/2024,14/09/2024,21/09/2024,572.27,HJMEC2Z,25 m² Appartement ∙ 1 chambre ∙ 2 personnes,Loèche-les-Bains - Valais
09/05/2024,21/09/2024,28/09/2024,572.27,HJMEC2Z,25 m² Appartement ∙ 1 chambre ∙ 2 personnes,Loèche-les-Bains - Valais
09/05/2024,28/09/2024,05/10/2024,572.27,HJMEC2Z,25 m² Appartement ∙ 1 chambre ∙ 2 personnes,Loèche-les-Bains - Valais
09/05/2024,05/10/2024,12/10/2024,572.27,HJMEC2Z,25 m² Appartement ∙ 1 chambre ∙ 2 personnes,Loèche-les-Bains - Valais
09/05/2024,12/10/2024,19/10/2024,572.27,HJMEC2Z,25 m² Appartement ∙ 1 chambre ∙ 2 personnes,Loèche-les-Bains - Valais
09/05/2024,19/10/2024,26/10/2024,572.27,HJMEC2Z,25 m² Appartement ∙ 1 chambre ∙ 2 personnes,Loèche-les-Bains - Valais
09/05/2024,26/10/2024,02/11/2024,572.27,HJMEC2Z,25 m² Appartement ∙ 1 chambre ∙ 2 personnes,Loèche-les-Bains - Valais
09/05/2024,01/06/2024,08/06/2024,729.42,HXA9EGU,Appartement ∙ 1 chambre ∙ 2 personnes,Saas Grund - Valais
09/05/2024,08/06/2024,15/06/2024,729.42,HXA9EGU,Appartement ∙ 1 chambre ∙ 2 personnes,Saas Grund - Valais
09/05/2024,24/08/2024,31/08/2024,922.02,HXA9EGU,Appartement ∙ 1 chambre ∙ 2 personnes,Saas Grund - Valais
09/05/2024,22/06/2024,29/06/2024,824.70,HEFV6KU,Studio ∙ 1 chambre ∙ 2 personnes,Grächen - Valais
09/05/2024,29/06/2024,06/07/2024,824.70,HEFV6KU,Studio ∙ 1 chambre ∙ 2 personnes,Grächen - Valais
09/05/2024,06/07/2024,13/07/2024,824.70,HEFV6KU,Studio ∙ 1 chambre ∙ 2 personnes,Grächen - Valais
09/05/2024,13/07/2024,20/07/2024,824.70,HEFV6KU,Studio ∙ 1 chambre ∙ 2 personnes,Grächen - Valais
09/05/2024,17/08/2024,24/08/2024,824.70,HEFV6KU,Studio ∙ 1 chambre ∙ 2 personnes,Grächen - Valais
09/05/2024,24/08/2024,31/08/2024,824.70,HEFV6KU,Studio ∙ 1 chambre ∙ 2 personnes,Grächen - Valais
09/05/2024,14/09/2024,21/09/2024,824.70,HEFV6KU,Studio ∙ 1 chambre ∙ 2 personnes,Grächen - Valais
09/05/2024,21/09/2024,28/09/2024,824.70,HEFV6KU,Studio ∙ 1 chambre ∙ 2 personnes,Grächen - Valais
09/05/2024,28/09/2024,05/10/2024,824.70,HEFV6KU,Studio ∙ 1 chambre ∙ 2 personnes,Grächen - Valais
09/05/2024,05/10/2024,12/10/2024,824.70,HEFV6KU,Studio ∙ 1 chambre ∙ 2 personnes,Grächen - Valais
09/05/2024,12/10/2024,19/10/2024,824.70,HEFV6KU,Studio ∙ 1 chambre ∙ 2 personnes,Grächen - Valais
09/05/2024,19/10/2024,26/10/2024,824.70,HEFV6KU,Studio ∙ 1 chambre ∙ 2 personnes,Grächen - Valais
09/05/2024,26/10/2024,02/11/2024,824.70,HEFV6KU,Studio ∙ 1 chambre ∙ 2 personnes,Grächen - Valais
09/05/2024,25/05/2024,01/06/2024,978.37,HWBG50Y,85 m² Appartement ∙ 4 chambres ∙ 6 personnes,Grimisuat - Valais
09/05/2024,01/06/2024,08/06/2024,978.37,HWBG50Y,85 m² Appartement ∙ 4 chambres ∙ 6 personnes,Grimisuat - Valais
09/05/2024,08/06/2024,15/06/2024,978.37,HWBG50Y,85 m² Appartement ∙ 4 chambres ∙ 6 personnes,Grimisuat - Valais
09/05/2024,22/06/2024,29/06/2024,978.37,HWBG50Y,85 m² Appartement ∙ 4 chambres ∙ 6 personnes,Grimisuat - Valais
09/05/2024,29/06/2024,06/07/2024,1057.25,HWBG50Y,85 m² Appartement ∙ 4 chambres ∙ 6 personnes,Grimisuat - Valais
09/05/2024,06/07/2024,13/07/2024,1259.07,HWBG50Y,85 m² Appartement ∙ 4 chambres ∙ 6 personnes,Grimisuat - Valais
09/05/2024,20/07/2024,27/07/2024,1434.26,HWBG50Y,85 m² Appartement ∙ 4 chambres ∙ 6 personnes,Grimisuat - Valais
09/05/2024,17/08/2024,24/08/2024,1359.47,HWBG50Y,85 m² Appartement ∙ 4 chambres ∙ 6 personnes,Grimisuat - Valais
09/05/2024,07/09/2024,14/09/2024,1490.60,HWBG50Y,85 m² Appartement ∙ 4 chambres ∙ 6 personnes,Grimisuat - Valais
09/05/2024,14/09/2024,21/09/2024,1136.14,HWBG50Y,85 m² Appartement ∙ 4 chambres ∙ 6 personnes,Grimisuat - Valais
09/05/2024,21/09/2024,28/09/2024,1136.14,HWBG50Y,85 m² Appartement ∙ 4 chambres ∙ 6 personnes,Grimisuat - Valais
09/05/2024,28/09/2024,05/10/2024,1136.14,HWBG50Y,85 m² Appartement ∙ 4 chambres ∙ 6 personnes,Grimisuat - Valais
09/05/2024,05/10/2024,12/10/2024,1136.14,HWBG50Y,85 m² Appartement ∙ 4 chambres ∙ 6 personnes,Grimisuat - Valais
09/05/2024,12/10/2024,19/10/2024,1136.14,HWBG50Y,85 m² Appartement ∙ 4 chambres ∙ 6 personnes,Grimisuat - Valais
09/05/2024,19/10/2024,26/10/2024,1136.14,HWBG50Y,85 m² Appartement ∙ 4 chambres ∙ 6 personnes,Grimisuat - Valais
09/05/2024,26/10/2024,02/11/2024,1136.14,HWBG50Y,85 m² Appartement ∙ 4 chambres ∙ 6 personnes,Grimisuat - Valais
09/05/2024,25/05/2024,01/06/2024,1466.01,H5EXKYN,105 m² Maison de vacances ∙ 4 chambres ∙ 8 personnes,Nendaz - Valais
09/05/2024,06/07/2024,13/07/2024,1957.76,H5EXKYN,105 m² Maison de vacances ∙ 4 chambres ∙ 8 personnes,Nendaz - Valais
09/05/2024,13/07/2024,20/07/2024,2122.70,H5EXKYN,105 m² Maison de vacances ∙ 4 chambres ∙ 8 personnes,Nendaz - Valais
09/05/2024,17/08/2024,24/08/2024,1928.05,H5EXKYN,105 m² Maison de vacances ∙ 4 chambres ∙ 8 personnes,Nendaz - Valais
09/05/2024,24/08/2024,31/08/2024,1466.01,H5EXKYN,105 m² Maison de vacances ∙ 4 chambres ∙ 8 personnes,Nendaz - Valais
09/05/2024,31/08/2024,07/09/2024,1466.01,H5EXKYN,105 m² Maison de vacances ∙ 4 chambres ∙ 8 personnes,Nendaz - Valais
09/05/2024,07/09/2024,14/09/2024,1466.01,H5EXKYN,105 m² Maison de vacances ∙ 4 chambres ∙ 8 personnes,Nendaz - Valais
09/05/2024,14/09/2024,21/09/2024,1466.01,H5EXKYN,105 m² Maison de vacances ∙ 4 chambres ∙ 8 personnes,Nendaz - Valais
09/05/2024,21/09/2024,28/09/2024,1466.01,H5EXKYN,105 m² Maison de vacances ∙ 4 chambres ∙ 8 personnes,Nendaz - Valais
09/05/2024,28/09/2024,05/10/2024,1466.01,H5EXKYN,105 m² Maison de vacances ∙ 4 chambres ∙ 8 personnes,Nendaz - Valais
09/05/2024,05/10/2024,12/10/2024,1466.01,H5EXKYN,105 m² Maison de vacances ∙ 4 chambres ∙ 8 personnes,Nendaz - Valais
09/05/2024,12/10/2024,19/10/2024,1466.01,H5EXKYN,105 m² Maison de vacances ∙ 4 chambres ∙ 8 personnes,Nendaz - Valais
09/05/2024,19/10/2024,26/10/2024,1466.01,H5EXKYN,105 m² Maison de vacances ∙ 4 chambres ∙ 8 personnes,Nendaz - Valais
09/05/2024,18/05/2024,25/05/2024,1617.64,HS0C51E,85 m² Appartement ∙ 2 chambres ∙ 4 personnes,Zermatt - Valais
09/05/2024,25/05/2024,01/06/2024,1617.64,HS0C51E,85 m² Appartement ∙ 2 chambres ∙ 4 personnes,Zermatt - Valais
09/05/2024,15/06/2024,22/06/2024,1617.64,HS0C51E,85 m² Appartement ∙ 2 chambres ∙ 4 personnes,Zermatt - Valais
09/05/2024,22/06/2024,29/06/2024,1617.64,HS0C51E,85 m² Appartement ∙ 2 chambres ∙ 4 personnes,Zermatt - Valais
09/05/2024,29/06/2024,06/07/2024,1617.64,HS0C51E,85 m² Appartement ∙ 2 chambres ∙ 4 personnes,Zermatt - Valais
09/05/2024,06/07/2024,13/07/2024,1617.64,HS0C51E,85 m² Appartement ∙ 2 chambres ∙ 4 personnes,Zermatt - Valais
09/05/2024,13/07/2024,20/07/2024,1617.64,HS0C51E,85 m² Appartement ∙ 2 chambres ∙ 4 personnes,Zermatt - Valais
09/05/2024,17/08/2024,24/08/2024,1617.64,HS0C51E,85 m² Appartement ∙ 2 chambres ∙ 4 personnes,Zermatt - Valais
09/05/2024,24/08/2024,31/08/2024,1617.64,HS0C51E,85 m² Appartement ∙ 2 chambres ∙ 4 personnes,Zermatt - Valais
09/05/2024,31/08/2024,07/09/2024,1617.64,HS0C51E,85 m² Appartement ∙ 2 chambres ∙ 4 personnes,Zermatt - Valais
09/05/2024,07/09/2024,14/09/2024,1617.64,HS0C51E,85 m² Appartement ∙ 2 chambres ∙ 4 personnes,Zermatt - Valais
09/05/2024,14/09/2024,21/09/2024,1617.64,HS0C51E,85 m² Appartement ∙ 2 chambres ∙ 4 personnes,Zermatt - Valais
09/05/2024,21/09/2024,28/09/2024,1617.64,HS0C51E,85 m² Appartement ∙ 2 chambres ∙ 4 personnes,Zermatt - Valais
09/05/2024,28/09/2024,05/10/2024,1617.64,HS0C51E,85 m² Appartement ∙ 2 chambres ∙ 4 personnes,Zermatt - Valais
09/05/2024,05/10/2024,12/10/2024,1617.64,HS0C51E,85 m² Appartement ∙ 2 chambres ∙ 4 personnes,Zermatt - Valais
09/05/2024,12/10/2024,19/10/2024,1617.64,HS0C51E,85 m² Appartement ∙ 2 chambres ∙ 4 personnes,Zermatt - Valais
09/05/2024,19/10/2024,26/10/2024,1617.64,HS0C51E,85 m² Appartement ∙ 2 chambres ∙ 4 personnes,Zermatt - Valais
09/05/2024,26/10/2024,02/11/2024,1617.64,HS0C51E,85 m² Appartement ∙ 2 chambres ∙ 4 personnes,Zermatt - Valais
09/05/2024,22/06/2024,29/06/2024,1918.32,HMPZTBR,95 m² Appartement ∙ 2 chambres ∙ 4 personnes,Saas Fee - Valais
09/05/2024,29/06/2024,06/07/2024,1918.32,HMPZTBR,95 m² Appartement ∙ 2 chambres ∙ 4 personnes,Saas Fee - Valais
09/05/2024,06/07/2024,13/07/2024,1918.32,HMPZTBR,95 m² Appartement ∙ 2 chambres ∙ 4 personnes,Saas Fee - Valais
09/05/2024,24/08/2024,31/08/2024,1918.32,HMPZTBR,95 m² Appartement ∙ 2 chambres ∙ 4 personnes,Saas Fee - Valais
09/05/2024,31/08/2024,07/09/2024,1918.32,HMPZTBR,95 m² Appartement ∙ 2 chambres ∙ 4 personnes,Saas Fee - Valais
09/05/2024,07/09/2024,14/09/2024,1918.32,HMPZTBR,95 m² Appartement ∙ 2 chambres ∙ 4 personnes,Saas Fee - Valais
09/05/2024,14/09/2024,21/09/2024,1918.32,HMPZTBR,95 m² Appartement ∙ 2 chambres ∙ 4 personnes,Saas Fee - Valais
09/05/2024,21/09/2024,28/09/2024,1918.32,HMPZTBR,95 m² Appartement ∙ 2 chambres ∙ 4 personnes,Saas Fee - Valais
09/05/2024,28/09/2024,05/10/2024,1918.32,HMPZTBR,95 m² Appartement ∙ 2 chambres ∙ 4 personnes,Saas Fee - Valais
09/05/2024,05/10/2024,12/10/2024,1918.32,HMPZTBR,95 m² Appartement ∙ 2 chambres ∙ 4 personnes,Saas Fee - Valais
09/05/2024,12/10/2024,19/10/2024,1918.32,HMPZTBR,95 m² Appartement ∙ 2 chambres ∙ 4 personnes,Saas Fee - Valais
09/05/2024,19/10/2024,26/10/2024,1918.32,HMPZTBR,95 m² Appartement ∙ 2 chambres ∙ 4 personnes,Saas Fee - Valais
09/05/2024,26/10/2024,02/11/2024,1918.32,HMPZTBR,95 m² Appartement ∙ 2 chambres ∙ 4 personnes,Saas Fee - Valais
09/05/2024,11/05/2024,18/05/2024,638.96,HRMX8C4,45 m² Appartement ∙ 1 chambre ∙ 4 personnes,Nendaz - Valais
09/05/2024,18/05/2024,25/05/2024,638.96,HRMX8C4,45 m² Appartement ∙ 1 chambre ∙ 4 personnes,Nendaz - Valais
09/05/2024,25/05/2024,01/06/2024,638.96,HRMX8C4,45 m² Appartement ∙ 1 chambre ∙ 4 personnes,Nendaz - Valais
09/05/2024,01/06/2024,08/06/2024,638.96,HRMX8C4,45 m² Appartement ∙ 1 chambre ∙ 4 personnes,Nendaz - Valais
09/05/2024,08/06/2024,15/06/2024,638.96,HRMX8C4,45 m² Appartement ∙ 1 chambre ∙ 4 personnes,Nendaz - Valais
09/05/2024,15/06/2024,22/06/2024,638.96,HRMX8C4,45 m² Appartement ∙ 1 chambre ∙ 4 personnes,Nendaz - Valais
09/05/2024,22/06/2024,29/06/2024,638.96,HRMX8C4,45 m² Appartement ∙ 1 chambre ∙ 4 personnes,Nendaz - Valais
09/05/2024,10/08/2024,17/08/2024,1214.81,HRMX8C4,45 m² Appartement ∙ 1 chambre ∙ 4 personnes,Nendaz - Valais
09/05/2024,31/08/2024,07/09/2024,638.96,HRMX8C4,45 m² Appartement ∙ 1 chambre ∙ 4 personnes,Nendaz - Valais
09/05/2024,07/09/2024,14/09/2024,638.96,HRMX8C4,45 m² Appartement ∙ 1 chambre ∙ 4 personnes,Nendaz - Valais
09/05/2024,12/10/2024,19/10/2024,638.96,HRMX8C4,45 m² Appartement ∙ 1 chambre ∙ 4 personnes,Nendaz - Valais
09/05/2024,19/10/2024,26/10/2024,638.96,HRMX8C4,45 m² Appartement ∙ 1 chambre ∙ 4 personnes,Nendaz - Valais
09/05/2024,11/05/2024,18/05/2024,1788.51,HEWABU2,90 m² Appartement ∙ 2 chambres ∙ 6 personnes,Nendaz - Valais
09/05/2024,18/05/2024,25/05/2024,1788.51,HEWABU2,90 m² Appartement ∙ 2 chambres ∙ 6 personnes,Nendaz - Valais
09/05/2024,25/05/2024,01/06/2024,1788.51,HEWABU2,90 m² Appartement ∙ 2 chambres ∙ 6 personnes,Nendaz - Valais
09/05/2024,01/06/2024,08/06/2024,1788.51,HEWABU2,90 m² Appartement ∙ 2 chambres ∙ 6 personnes,Nendaz - Valais
09/05/2024,29/06/2024,06/07/2024,1788.51,HEWABU2,90 m² Appartement ∙ 2 chambres ∙ 6 personnes,Nendaz - Valais
09/05/2024,06/07/2024,13/07/2024,1788.51,HEWABU2,90 m² Appartement ∙ 2 chambres ∙ 6 personnes,Nendaz - Valais
09/05/2024,10/08/2024,17/08/2024,1788.51,HEWABU2,90 m² Appartement ∙ 2 chambres ∙ 6 personnes,Nendaz - Valais
09/05/2024,31/08/2024,07/09/2024,1788.51,HEWABU2,90 m² Appartement ∙ 2 chambres ∙ 6 personnes,Nendaz - Valais
09/05/2024,07/09/2024,14/09/2024,1788.51,HEWABU2,90 m² Appartement ∙ 2 chambres ∙ 6 personnes,Nendaz - Valais
09/05/2024,14/09/2024,21/09/2024,1788.51,HEWABU2,90 m² Appartement ∙ 2 chambres ∙ 6 personnes,Nendaz - Valais
09/05/2024,21/09/2024,28/09/2024,1788.51,HEWABU2,90 m² Appartement ∙ 2 chambres ∙ 6 personnes,Nendaz - Valais
09/05/2024,11/05/2024,18/05/2024,1043.93,HZ6J82S,Appartement ∙ 2 chambres ∙ 4 personnes,Saas Grund - Valais
09/05/2024,18/05/2024,25/05/2024,1043.93,HZ6J82S,Appartement ∙ 2 chambres ∙ 4 personnes,Saas Grund - Valais
09/05/2024,25/05/2024,01/06/2024,1043.93,HZ6J82S,Appartement ∙ 2 chambres ∙ 4 personnes,Saas Grund - Valais
09/05/2024,01/06/2024,08/06/2024,1043.93,HZ6J82S,Appartement ∙ 2 chambres ∙ 4 personnes,Saas Grund - Valais
09/05/2024,29/06/2024,06/07/2024,1197.60,HZ6J82S,Appartement ∙ 2 chambres ∙ 4 personnes,Saas Grund - Valais
09/05/2024,27/07/2024,03/08/2024,1197.60,HZ6J82S,Appartement ∙ 2 chambres ∙ 4 personnes,Saas Grund - Valais
09/05/2024,31/08/2024,07/09/2024,1197.60,HZ6J82S,Appartement ∙ 2 chambres ∙ 4 personnes,Saas Grund - Valais
09/05/2024,14/09/2024,21/09/2024,1197.60,HZ6J82S,Appartement ∙ 2 chambres ∙ 4 personnes,Saas Grund - Valais
09/05/2024,21/09/2024,28/09/2024,1197.60,HZ6J82S,Appartement ∙ 2 chambres ∙ 4 personnes,Saas Grund - Valais
09/05/2024,28/09/2024,05/10/2024,1043.93,HZ6J82S,Appartement ∙ 2 chambres ∙ 4 personnes,Saas Grund - Valais
09/05/2024,25/05/2024,01/06/2024,695.64,HPB5VHY,Studio ∙ 2 personnes,Zermatt - Valais
09/05/2024,31/08/2024,07/09/2024,1004.01,HPB5VHY,Studio ∙ 2 personnes,Zermatt - Valais
09/05/2024,07/09/2024,14/09/2024,1004.01,HPB5VHY,Studio ∙ 2 personnes,Zermatt - Valais
09/05/2024,14/09/2024,21/09/2024,695.64,HPB5VHY,Studio ∙ 2 personnes,Zermatt - Valais
09/05/2024,21/09/2024,28/09/2024,695.64,HPB5VHY,Studio ∙ 2 personnes,Zermatt - Valais
09/05/2024,05/10/2024,12/10/2024,695.64,HPB5VHY,Studio ∙ 2 personnes,Zermatt - Valais
09/05/2024,12/10/2024,19/10/2024,695.64,HPB5VHY,Studio ∙ 2 personnes,Zermatt - Valais
09/05/2024,19/10/2024,26/10/2024,695.64,HPB5VHY,Studio ∙ 2 personnes,Zermatt - Valais
09/05/2024,26/10/2024,02/11/2024,695.64,HPB5VHY,Studio ∙ 2 personnes,Zermatt - Valais
09/05/2024,18/05/2024,25/05/2024,1147.44,HGSHCZP,Appartement ∙ 2 chambres ∙ 4 personnes,Grächen - Valais
09/05/2024,25/05/2024,01/06/2024,1147.44,HGSHCZP,Appartement ∙ 2 chambres ∙ 4 personnes,Grächen - Valais
09/05/2024,01/06/2024,08/06/2024,1147.44,HGSHCZP,Appartement ∙ 2 chambres ∙ 4 personnes,Grächen - Valais
09/05/2024,08/06/2024,15/06/2024,1147.44,HGSHCZP,Appartement ∙ 2 chambres ∙ 4 personnes,Grächen - Valais
09/05/2024,15/06/2024,22/06/2024,1147.44,HGSHCZP,Appartement ∙ 2 chambres ∙ 4 personnes,Grächen - Valais
09/05/2024,22/06/2024,29/06/2024,1147.44,HGSHCZP,Appartement ∙ 2 chambres ∙ 4 personnes,Grächen - Valais
09/05/2024,29/06/2024,06/07/2024,1147.44,HGSHCZP,Appartement ∙ 2 chambres ∙ 4 personnes,Grächen - Valais
09/05/2024,10/08/2024,17/08/2024,1147.44,HGSHCZP,Appartement ∙ 2 chambres ∙ 4 personnes,Grächen - Valais
09/05/2024,07/09/2024,14/09/2024,1147.44,HGSHCZP,Appartement ∙ 2 chambres ∙ 4 personnes,Grächen - Valais
09/05/2024,14/09/2024,21/09/2024,1147.44,HGSHCZP,Appartement ∙ 2 chambres ∙ 4 personnes,Grächen - Valais
09/05/2024,21/09/2024,28/09/2024,1147.44,HGSHCZP,Appartement ∙ 2 chambres ∙ 4 personnes,Grächen - Valais
09/05/2024,28/09/2024,05/10/2024,1147.44,HGSHCZP,Appartement ∙ 2 chambres ∙ 4 personnes,Grächen - Valais
09/05/2024,05/10/2024,12/10/2024,1147.44,HGSHCZP,Appartement ∙ 2 chambres ∙ 4 personnes,Grächen - Valais
09/05/2024,12/10/2024,19/10/2024,1147.44,HGSHCZP,Appartement ∙ 2 chambres ∙ 4 personnes,Grächen - Valais
09/05/2024,19/10/2024,26/10/2024,1147.44,HGSHCZP,Appartement ∙ 2 chambres ∙ 4 personnes,Grächen - Valais
09/05/2024,26/10/2024,02/11/2024,1147.44,HGSHCZP,Appartement ∙ 2 chambres ∙ 4 personnes,Grächen - Valais
09/05/2024,18/05/2024,25/05/2024,613.88,HF1WV9A,60 m² Appartement ∙ 2 chambres ∙ 4 personnes,Saas Grund - Valais
09/05/2024,25/05/2024,01/06/2024,613.88,HF1WV9A,60 m² Appartement ∙ 2 chambres ∙ 4 personnes,Saas Grund - Valais
09/05/2024,01/06/2024,08/06/2024,690.61,HF1WV9A,60 m² Appartement ∙ 2 chambres ∙ 4 personnes,Saas Grund - Valais
09/05/2024,08/06/2024,15/06/2024,690.61,HF1WV9A,60 m² Appartement ∙ 2 chambres ∙ 4 personnes,Saas Grund - Valais
09/05/2024,18/05/2024,25/05/2024,563.48,HHW1LJU,48 m² Appartement ∙ 1 chambre ∙ 4 personnes,Lens - Valais
09/05/2024,25/05/2024,01/06/2024,700.76,HHW1LJU,48 m² Appartement ∙ 1 chambre ∙ 4 personnes,Lens - Valais
09/05/2024,01/06/2024,08/06/2024,700.76,HHW1LJU,48 m² Appartement ∙ 1 chambre ∙ 4 personnes,Lens - Valais
09/05/2024,15/06/2024,22/06/2024,700.76,HHW1LJU,48 m² Appartement ∙ 1 chambre ∙ 4 personnes,Lens - Valais
09/05/2024,22/06/2024,29/06/2024,700.76,HHW1LJU,48 m² Appartement ∙ 1 chambre ∙ 4 personnes,Lens - Valais
09/05/2024,29/06/2024,06/07/2024,700.76,HHW1LJU,48 m² Appartement ∙ 1 chambre ∙ 4 personnes,Lens - Valais
09/05/2024,06/07/2024,13/07/2024,850.34,HHW1LJU,48 m² Appartement ∙ 1 chambre ∙ 4 personnes,Lens - Valais
09/05/2024,24/08/2024,31/08/2024,700.76,HHW1LJU,48 m² Appartement ∙ 1 chambre ∙ 4 personnes,Lens - Valais
09/05/2024,21/09/2024,28/09/2024,700.76,HHW1LJU,48 m² Appartement ∙ 1 chambre ∙ 4 personnes,Lens - Valais
09/05/2024,28/09/2024,05/10/2024,700.76,HHW1LJU,48 m² Appartement ∙ 1 chambre ∙ 4 personnes,Lens - Valais
09/05/2024,05/10/2024,12/10/2024,700.76,HHW1LJU,48 m² Appartement ∙ 1 chambre ∙ 4 personnes,Lens - Valais
09/05/2024,12/10/2024,19/10/2024,700.76,HHW1LJU,48 m² Appartement ∙ 1 chambre ∙ 4 personnes,Lens - Valais
09/05/2024,19/10/2024,26/10/2024,700.76,HHW1LJU,48 m² Appartement ∙ 1 chambre ∙ 4 personnes,Lens - Valais
09/05/2024,26/10/2024,02/11/2024,700.76,HHW1LJU,48 m² Appartement ∙ 1 chambre ∙ 4 personnes,Lens - Valais
09/05/2024,01/06/2024,08/06/2024,959.19,HY2DA19,56 m² Appartement ∙ 1 chambre ∙ 4 personnes,Saas Fee - Valais
09/05/2024,08/06/2024,15/06/2024,767.35,H9DW52J,85 m² Appartement ∙ 2 chambres ∙ 5 personnes,Saas-Almagell - Valais
09/05/2024,10/08/2024,17/08/2024,805.72,H9DW52J,85 m² Appartement ∙ 2 chambres ∙ 5 personnes,Saas-Almagell - Valais
09/05/2024,17/08/2024,24/08/2024,805.72,H9DW52J,85 m² Appartement ∙ 2 chambres ∙ 5 personnes,Saas-Almagell - Valais
09/05/2024,24/08/2024,31/08/2024,767.35,H9DW52J,85 m² Appartement ∙ 2 chambres ∙ 5 personnes,Saas-Almagell - Valais
09/05/2024,07/09/2024,14/09/2024,767.35,H9DW52J,85 m² Appartement ∙ 2 chambres ∙ 5 personnes,Saas-Almagell - Valais
09/05/2024,14/09/2024,21/09/2024,767.35,H9DW52J,85 m² Appartement ∙ 2 chambres ∙ 5 personnes,Saas-Almagell - Valais
09/05/2024,21/09/2024,28/09/2024,767.35,H9DW52J,85 m² Appartement ∙ 2 chambres ∙ 5 personnes,Saas-Almagell - Valais
09/05/2024,28/09/2024,05/10/2024,767.35,H9DW52J,85 m² Appartement ∙ 2 chambres ∙ 5 personnes,Saas-Almagell - Valais
09/05/2024,05/10/2024,12/10/2024,767.35,H9DW52J,85 m² Appartement ∙ 2 chambres ∙ 5 personnes,Saas-Almagell - Valais
09/05/2024,12/10/2024,19/10/2024,767.35,H9DW52J,85 m² Appartement ∙ 2 chambres ∙ 5 personnes,Saas-Almagell - Valais
09/05/2024,19/10/2024,26/10/2024,767.35,H9DW52J,85 m² Appartement ∙ 2 chambres ∙ 5 personnes,Saas-Almagell - Valais
09/05/2024,26/10/2024,02/11/2024,767.35,H9DW52J,85 m² Appartement ∙ 2 chambres ∙ 5 personnes,Saas-Almagell - Valais
09/05/2024,18/05/2024,25/05/2024,1626.91,H139H5Z,240 m² Maison de vacances ∙ 4 chambres ∙ 8 personnes,Nendaz - Valais
09/05/2024,06/07/2024,13/07/2024,2562.27,H139H5Z,240 m² Maison de vacances ∙ 4 chambres ∙ 8 personnes,Nendaz - Valais
09/05/2024,17/08/2024,24/08/2024,2683.17,H139H5Z,240 m² Maison de vacances ∙ 4 chambres ∙ 8 personnes,Nendaz - Valais
09/05/2024,24/08/2024,31/08/2024,1951.67,H139H5Z,240 m² Maison de vacances ∙ 4 chambres ∙ 8 personnes,Nendaz - Valais
09/05/2024,31/08/2024,07/09/2024,1951.67,H139H5Z,240 m² Maison de vacances ∙ 4 chambres ∙ 8 personnes,Nendaz - Valais
09/05/2024,07/09/2024,14/09/2024,1951.67,H139H5Z,240 m² Maison de vacances ∙ 4 chambres ∙ 8 personnes,Nendaz - Valais
09/05/2024,14/09/2024,21/09/2024,1951.67,H139H5Z,240 m² Maison de vacances ∙ 4 chambres ∙ 8 personnes,Nendaz - Valais
09/05/2024,21/09/2024,28/09/2024,1951.67,H139H5Z,240 m² Maison de vacances ∙ 4 chambres ∙ 8 personnes,Nendaz - Valais
09/05/2024,28/09/2024,05/10/2024,1951.67,H139H5Z,240 m² Maison de vacances ∙ 4 chambres ∙ 8 personnes,Nendaz - Valais
09/05/2024,19/10/2024,26/10/2024,1951.67,H139H5Z,240 m² Maison de vacances ∙ 4 chambres ∙ 8 personnes,Nendaz - Valais
09/05/2024,26/10/2024,02/11/2024,1951.67,H139H5Z,240 m² Maison de vacances ∙ 4 chambres ∙ 8 personnes,Nendaz - Valais
09/05/2024,01/06/2024,08/06/2024,659.78,HP14BR7,Appartement ∙ 1 chambre ∙ 2 personnes,Saas-Almagell - Valais
09/05/2024,08/06/2024,15/06/2024,659.78,HP14BR7,Appartement ∙ 1 chambre ∙ 2 personnes,Saas-Almagell - Valais
09/05/2024,15/06/2024,22/06/2024,659.78,HP14BR7,Appartement ∙ 1 chambre ∙ 2 personnes,Saas-Almagell - Valais
09/05/2024,22/06/2024,29/06/2024,775.55,HP14BR7,Appartement ∙ 1 chambre ∙ 2 personnes,Saas-Almagell - Valais
09/05/2024,29/06/2024,06/07/2024,775.55,HP14BR7,Appartement ∙ 1 chambre ∙ 2 personnes,Saas-Almagell - Valais
09/05/2024,06/07/2024,13/07/2024,775.55,HP14BR7,Appartement ∙ 1 chambre ∙ 2 personnes,Saas-Almagell - Valais
09/05/2024,20/07/2024,27/07/2024,775.55,HP14BR7,Appartement ∙ 1 chambre ∙ 2 personnes,Saas-Almagell - Valais
09/05/2024,03/08/2024,10/08/2024,775.55,HP14BR7,Appartement ∙ 1 chambre ∙ 2 personnes,Saas-Almagell - Valais
09/05/2024,10/08/2024,17/08/2024,775.55,HP14BR7,Appartement ∙ 1 chambre ∙ 2 personnes,Saas-Almagell - Valais
09/05/2024,24/08/2024,31/08/2024,775.55,HP14BR7,Appartement ∙ 1 chambre ∙ 2 personnes,Saas-Almagell - Valais
09/05/2024,31/08/2024,07/09/2024,698.71,HP14BR7,Appartement ∙ 1 chambre ∙ 2 personnes,Saas-Almagell - Valais
09/05/2024,07/09/2024,14/09/2024,698.71,HP14BR7,Appartement ∙ 1 chambre ∙ 2 personnes,Saas-Almagell - Valais
09/05/2024,14/09/2024,21/09/2024,698.71,HP14BR7,Appartement ∙ 1 chambre ∙ 2 personnes,Saas-Almagell - Valais
09/05/2024,21/09/2024,28/09/2024,698.71,HP14BR7,Appartement ∙ 1 chambre ∙ 2 personnes,Saas-Almagell - Valais
09/05/2024,28/09/2024,05/10/2024,698.71,HP14BR7,Appartement ∙ 1 chambre ∙ 2 personnes,Saas-Almagell - Valais
09/05/2024,05/10/2024,12/10/2024,698.71,HP14BR7,Appartement ∙ 1 chambre ∙ 2 personnes,Saas-Almagell - Valais
09/05/2024,12/10/2024,19/10/2024,698.71,HP14BR7,Appartement ∙ 1 chambre ∙ 2 personnes,Saas-Almagell - Valais
09/05/2024,25/05/2024,01/06/2024,1844.10,HZUPCYE,Appartement ∙ 2 chambres ∙ 4 personnes,Saas Fee - Valais
09/05/2024,01/06/2024,08/06/2024,1844.10,HZUPCYE,Appartement ∙ 2 chambres ∙ 4 personnes,Saas Fee - Valais
09/05/2024,08/06/2024,15/06/2024,1844.10,HZUPCYE,Appartement ∙ 2 chambres ∙ 4 personnes,Saas Fee - Valais
09/05/2024,17/08/2024,24/08/2024,2305.13,HZUPCYE,Appartement ∙ 2 chambres ∙ 4 personnes,Saas Fee - Valais
09/05/2024,24/08/2024,31/08/2024,2305.13,HZUPCYE,Appartement ∙ 2 chambres ∙ 4 personnes,Saas Fee - Valais
09/05/2024,31/08/2024,07/09/2024,1909.67,HZUPCYE,Appartement ∙ 2 chambres ∙ 4 personnes,Saas Fee - Valais
09/05/2024,07/09/2024,14/09/2024,1844.10,HZUPCYE,Appartement ∙ 2 chambres ∙ 4 personnes,Saas Fee - Valais
09/05/2024,14/09/2024,21/09/2024,1844.10,HZUPCYE,Appartement ∙ 2 chambres ∙ 4 personnes,Saas Fee - Valais
09/05/2024,21/09/2024,28/09/2024,1844.10,HZUPCYE,Appartement ∙ 2 chambres ∙ 4 personnes,Saas Fee - Valais
09/05/2024,28/09/2024,05/10/2024,1844.10,HZUPCYE,Appartement ∙ 2 chambres ∙ 4 personnes,Saas Fee - Valais
09/05/2024,05/10/2024,12/10/2024,1844.10,HZUPCYE,Appartement ∙ 2 chambres ∙ 4 personnes,Saas Fee - Valais
09/05/2024,12/10/2024,19/10/2024,1844.10,HZUPCYE,Appartement ∙ 2 chambres ∙ 4 personnes,Saas Fee - Valais
09/05/2024,19/10/2024,26/10/2024,1844.10,HZUPCYE,Appartement ∙ 2 chambres ∙ 4 personnes,Saas Fee - Valais
09/05/2024,26/10/2024,02/11/2024,1844.10,HZUPCYE,Appartement ∙ 2 chambres ∙ 4 personnes,Saas Fee - Valais
09/05/2024,17/08/2024,24/08/2024,690.41,HDK41BS,30 m² Appartement ∙ 1 chambre ∙ 2 personnes,Salvan - Valais
09/05/2024,07/09/2024,14/09/2024,524.29,HDK41BS,30 m² Appartement ∙ 1 chambre ∙ 2 personnes,Salvan - Valais
09/05/2024,14/09/2024,21/09/2024,529.00,HDK41BS,30 m² Appartement ∙ 1 chambre ∙ 2 personnes,Salvan - Valais
09/05/2024,21/09/2024,28/09/2024,510.15,HDK41BS,30 m² Appartement ∙ 1 chambre ∙ 2 personnes,Salvan - Valais
09/05/2024,28/09/2024,05/10/2024,491.30,HDK41BS,30 m² Appartement ∙ 1 chambre ∙ 2 personnes,Salvan - Valais
09/05/2024,05/10/2024,12/10/2024,483.05,HDK41BS,30 m² Appartement ∙ 1 chambre ∙ 2 personnes,Salvan - Valais
09/05/2024,12/10/2024,19/10/2024,466.56,HDK41BS,30 m² Appartement ∙ 1 chambre ∙ 2 personnes,Salvan - Valais
09/05/2024,19/10/2024,26/10/2024,464.20,HDK41BS,30 m² Appartement ∙ 1 chambre ∙ 2 personnes,Salvan - Valais
09/05/2024,26/10/2024,02/11/2024,512.50,HDK41BS,30 m² Appartement ∙ 1 chambre ∙ 2 personnes,Salvan - Valais
09/05/2024,18/05/2024,25/05/2024,716.00,HSWXE82,50 m² Appartement ∙ 1 chambre ∙ 4 personnes,Orsières - Valais
09/05/2024,01/06/2024,08/06/2024,773.00,HSWXE82,50 m² Appartement ∙ 1 chambre ∙ 4 personnes,Orsières - Valais
09/05/2024,08/06/2024,15/06/2024,808.00,HSWXE82,50 m² Appartement ∙ 1 chambre ∙ 4 personnes,Orsières - Valais
09/05/2024,22/06/2024,29/06/2024,808.00,HSWXE82,50 m² Appartement ∙ 1 chambre ∙ 4 personnes,Orsières - Valais
09/05/2024,13/07/2024,20/07/2024,1132.00,HSWXE82,50 m² Appartement ∙ 1 chambre ∙ 4 personnes,Orsières - Valais
09/05/2024,27/07/2024,03/08/2024,1498.00,HSWXE82,50 m² Appartement ∙ 1 chambre ∙ 4 personnes,Orsières - Valais
09/05/2024,03/08/2024,10/08/2024,1498.00,HSWXE82,50 m² Appartement ∙ 1 chambre ∙ 4 personnes,Orsières - Valais
09/05/2024,17/08/2024,24/08/2024,1132.00,HSWXE82,50 m² Appartement ∙ 1 chambre ∙ 4 personnes,Orsières - Valais
09/05/2024,07/09/2024,14/09/2024,949.00,HSWXE82,50 m² Appartement ∙ 1 chambre ∙ 4 personnes,Orsières - Valais
09/05/2024,14/09/2024,21/09/2024,949.00,HSWXE82,50 m² Appartement ∙ 1 chambre ∙ 4 personnes,Orsières - Valais
09/05/2024,21/09/2024,28/09/2024,949.00,HSWXE82,50 m² Appartement ∙ 1 chambre ∙ 4 personnes,Orsières - Valais
09/05/2024,28/09/2024,05/10/2024,949.00,HSWXE82,50 m² Appartement ∙ 1 chambre ∙ 4 personnes,Orsières - Valais
09/05/2024,05/10/2024,12/10/2024,949.00,HSWXE82,50 m² Appartement ∙ 1 chambre ∙ 4 personnes,Orsières - Valais
09/05/2024,12/10/2024,19/10/2024,949.00,HSWXE82,50 m² Appartement ∙ 1 chambre ∙ 4 personnes,Orsières - Valais
09/05/2024,19/10/2024,26/10/2024,949.00,HSWXE82,50 m² Appartement ∙ 1 chambre ∙ 4 personnes,Orsières - Valais
09/05/2024,11/05/2024,18/05/2024,580.89,H4ULD30,60 m² Appartement ∙ 1 chambre ∙ 4 personnes,Crans-Montana - Valais
09/05/2024,18/05/2024,25/05/2024,580.89,H4ULD30,60 m² Appartement ∙ 1 chambre ∙ 4 personnes,Crans-Montana - Valais
09/05/2024,25/05/2024,01/06/2024,635.19,H4ULD30,60 m² Appartement ∙ 1 chambre ∙ 4 personnes,Crans-Montana - Valais
09/05/2024,01/06/2024,08/06/2024,635.19,H4ULD30,60 m² Appartement ∙ 1 chambre ∙ 4 personnes,Crans-Montana - Valais
09/05/2024,08/06/2024,15/06/2024,635.19,H4ULD30,60 m² Appartement ∙ 1 chambre ∙ 4 personnes,Crans-Montana - Valais
09/05/2024,15/06/2024,22/06/2024,635.19,H4ULD30,60 m² Appartement ∙ 1 chambre ∙ 4 personnes,Crans-Montana - Valais
09/05/2024,29/06/2024,06/07/2024,676.17,H4ULD30,60 m² Appartement ∙ 1 chambre ∙ 4 personnes,Crans-Montana - Valais
09/05/2024,06/07/2024,13/07/2024,830.87,H4ULD30,60 m² Appartement ∙ 1 chambre ∙ 4 personnes,Crans-Montana - Valais
09/05/2024,13/07/2024,20/07/2024,889.27,H4ULD30,60 m² Appartement ∙ 1 chambre ∙ 4 personnes,Crans-Montana - Valais
09/05/2024,20/07/2024,27/07/2024,964.05,H4ULD30,60 m² Appartement ∙ 1 chambre ∙ 4 personnes,Crans-Montana - Valais
09/05/2024,27/07/2024,03/08/2024,964.05,H4ULD30,60 m² Appartement ∙ 1 chambre ∙ 4 personnes,Crans-Montana - Valais
09/05/2024,03/08/2024,10/08/2024,964.05,H4ULD30,60 m² Appartement ∙ 1 chambre ∙ 4 personnes,Crans-Montana - Valais
09/05/2024,10/08/2024,17/08/2024,889.27,H4ULD30,60 m² Appartement ∙ 1 chambre ∙ 4 personnes,Crans-Montana - Valais
09/05/2024,17/08/2024,24/08/2024,889.27,H4ULD30,60 m² Appartement ∙ 1 chambre ∙ 4 personnes,Crans-Montana - Valais
09/05/2024,24/08/2024,31/08/2024,718.17,H4ULD30,60 m² Appartement ∙ 1 chambre ∙ 4 personnes,Crans-Montana - Valais
09/05/2024,31/08/2024,07/09/2024,975.32,H4ULD30,60 m² Appartement ∙ 1 chambre ∙ 4 personnes,Crans-Montana - Valais
09/05/2024,07/09/2024,14/09/2024,975.32,H4ULD30,60 m² Appartement ∙ 1 chambre ∙ 4 personnes,Crans-Montana - Valais
09/05/2024,28/09/2024,05/10/2024,718.17,H4ULD30,60 m² Appartement ∙ 1 chambre ∙ 4 personnes,Crans-Montana - Valais
09/05/2024,05/10/2024,12/10/2024,718.17,H4ULD30,60 m² Appartement ∙ 1 chambre ∙ 4 personnes,Crans-Montana - Valais
09/05/2024,12/10/2024,19/10/2024,718.17,H4ULD30,60 m² Appartement ∙ 1 chambre ∙ 4 personnes,Crans-Montana - Valais
09/05/2024,19/10/2024,26/10/2024,718.17,H4ULD30,60 m² Appartement ∙ 1 chambre ∙ 4 personnes,Crans-Montana - Valais
09/05/2024,26/10/2024,02/11/2024,718.17,H4ULD30,60 m² Appartement ∙ 1 chambre ∙ 4 personnes,Crans-Montana - Valais
09/05/2024,08/06/2024,15/06/2024,1143.34,HM5DVSU,120 m² Appartement ∙ 3 chambres ∙ 8 personnes,Nendaz - Valais
09/05/2024,15/06/2024,22/06/2024,1143.34,HM5DVSU,120 m² Appartement ∙ 3 chambres ∙ 8 personnes,Nendaz - Valais
09/05/2024,22/06/2024,29/06/2024,1143.34,HM5DVSU,120 m² Appartement ∙ 3 chambres ∙ 8 personnes,Nendaz - Valais
09/05/2024,29/06/2024,06/07/2024,1215.06,HM5DVSU,120 m² Appartement ∙ 3 chambres ∙ 8 personnes,Nendaz - Valais
09/05/2024,06/07/2024,13/07/2024,1215.06,HM5DVSU,120 m² Appartement ∙ 3 chambres ∙ 8 personnes,Nendaz - Valais
09/05/2024,13/07/2024,20/07/2024,1513.19,HM5DVSU,120 m² Appartement ∙ 3 chambres ∙ 8 personnes,Nendaz - Valais
09/05/2024,03/08/2024,10/08/2024,1513.19,HM5DVSU,120 m² Appartement ∙ 3 chambres ∙ 8 personnes,Nendaz - Valais
09/05/2024,31/08/2024,07/09/2024,1215.06,HM5DVSU,120 m² Appartement ∙ 3 chambres ∙ 8 personnes,Nendaz - Valais
09/05/2024,07/09/2024,14/09/2024,1215.06,HM5DVSU,120 m² Appartement ∙ 3 chambres ∙ 8 personnes,Nendaz - Valais
09/05/2024,14/09/2024,21/09/2024,1215.06,HM5DVSU,120 m² Appartement ∙ 3 chambres ∙ 8 personnes,Nendaz - Valais
09/05/2024,21/09/2024,28/09/2024,1215.06,HM5DVSU,120 m² Appartement ∙ 3 chambres ∙ 8 personnes,Nendaz - Valais
09/05/2024,28/09/2024,05/10/2024,1215.06,HM5DVSU,120 m² Appartement ∙ 3 chambres ∙ 8 personnes,Nendaz - Valais
09/05/2024,05/10/2024,12/10/2024,1215.06,HM5DVSU,120 m² Appartement ∙ 3 chambres ∙ 8 personnes,Nendaz - Valais
09/05/2024,12/10/2024,19/10/2024,1215.06,HM5DVSU,120 m² Appartement ∙ 3 chambres ∙ 8 personnes,Nendaz - Valais
09/05/2024,19/10/2024,26/10/2024,1215.06,HM5DVSU,120 m² Appartement ∙ 3 chambres ∙ 8 personnes,Nendaz - Valais
09/05/2024,26/10/2024,02/11/2024,1215.06,HM5DVSU,120 m² Appartement ∙ 3 chambres ∙ 8 personnes,Nendaz - Valais
09/05/2024,11/05/2024,18/05/2024,609.58,HPJKMY9,32 m² Appartement ∙ 1 chambre ∙ 2 personnes,Saas-Almagell - Valais
09/05/2024,18/05/2024,25/05/2024,609.58,HPJKMY9,32 m² Appartement ∙ 1 chambre ∙ 2 personnes,Saas-Almagell - Valais
09/05/2024,25/05/2024,01/06/2024,609.58,HPJKMY9,32 m² Appartement ∙ 1 chambre ∙ 2 personnes,Saas-Almagell - Valais
09/05/2024,01/06/2024,08/06/2024,645.44,HPJKMY9,32 m² Appartement ∙ 1 chambre ∙ 2 personnes,Saas-Almagell - Valais
09/05/2024,08/06/2024,15/06/2024,645.44,HPJKMY9,32 m² Appartement ∙ 1 chambre ∙ 2 personnes,Saas-Almagell - Valais
09/05/2024,14/09/2024,21/09/2024,681.30,HPJKMY9,32 m² Appartement ∙ 1 chambre ∙ 2 personnes,Saas-Almagell - Valais
09/05/2024,21/09/2024,28/09/2024,681.30,HPJKMY9,32 m² Appartement ∙ 1 chambre ∙ 2 personnes,Saas-Almagell - Valais
09/05/2024,28/09/2024,05/10/2024,619.83,HPJKMY9,32 m² Appartement ∙ 1 chambre ∙ 2 personnes,Saas-Almagell - Valais
09/05/2024,05/10/2024,12/10/2024,609.58,HPJKMY9,32 m² Appartement ∙ 1 chambre ∙ 2 personnes,Saas-Almagell - Valais
09/05/2024,12/10/2024,19/10/2024,609.58,HPJKMY9,32 m² Appartement ∙ 1 chambre ∙ 2 personnes,Saas-Almagell - Valais
09/05/2024,19/10/2024,26/10/2024,609.58,HPJKMY9,32 m² Appartement ∙ 1 chambre ∙ 2 personnes,Saas-Almagell - Valais
09/05/2024,26/10/2024,02/11/2024,609.58,HPJKMY9,32 m² Appartement ∙ 1 chambre ∙ 2 personnes,Saas-Almagell - Valais
09/05/2024,25/05/2024,01/06/2024,1474.26,HE6SBM1,75 m² Maison de vacances ∙ 2 chambres ∙ 4 personnes,Orsières - Valais
09/05/2024,27/07/2024,03/08/2024,1474.26,HE6SBM1,75 m² Maison de vacances ∙ 2 chambres ∙ 4 personnes,Orsières - Valais
09/05/2024,10/08/2024,17/08/2024,1474.26,HE6SBM1,75 m² Maison de vacances ∙ 2 chambres ∙ 4 personnes,Orsières - Valais
09/05/2024,21/09/2024,28/09/2024,1474.26,HE6SBM1,75 m² Maison de vacances ∙ 2 chambres ∙ 4 personnes,Orsières - Valais
09/05/2024,28/09/2024,05/10/2024,1474.26,HE6SBM1,75 m² Maison de vacances ∙ 2 chambres ∙ 4 personnes,Orsières - Valais
09/05/2024,05/10/2024,12/10/2024,1474.26,HE6SBM1,75 m² Maison de vacances ∙ 2 chambres ∙ 4 personnes,Orsières - Valais
09/05/2024,12/10/2024,19/10/2024,1474.26,HE6SBM1,75 m² Maison de vacances ∙ 2 chambres ∙ 4 personnes,Orsières - Valais
09/05/2024,19/10/2024,26/10/2024,1474.26,HE6SBM1,75 m² Maison de vacances ∙ 2 chambres ∙ 4 personnes,Orsières - Valais
09/05/2024,26/10/2024,02/11/2024,1474.26,HE6SBM1,75 m² Maison de vacances ∙ 2 chambres ∙ 4 personnes,Orsières - Valais
09/05/2024,01/06/2024,08/06/2024,1176.78,HMTA4FN,88 m² Appartement ∙ 2 chambres ∙ 4 personnes,Saas Fee - Valais
09/05/2024,08/06/2024,15/06/2024,1176.78,HMTA4FN,88 m² Appartement ∙ 2 chambres ∙ 4 personnes,Saas Fee - Valais
09/05/2024,15/06/2024,22/06/2024,1176.78,HMTA4FN,88 m² Appartement ∙ 2 chambres ∙ 4 personnes,Saas Fee - Valais
09/05/2024,22/06/2024,29/06/2024,1176.78,HMTA4FN,88 m² Appartement ∙ 2 chambres ∙ 4 personnes,Saas Fee - Valais
09/05/2024,29/06/2024,06/07/2024,1176.78,HMTA4FN,88 m² Appartement ∙ 2 chambres ∙ 4 personnes,Saas Fee - Valais
09/05/2024,06/07/2024,13/07/2024,1406.99,HMTA4FN,88 m² Appartement ∙ 2 chambres ∙ 4 personnes,Saas Fee - Valais
09/05/2024,20/07/2024,27/07/2024,1522.09,HMTA4FN,88 m² Appartement ∙ 2 chambres ∙ 4 personnes,Saas Fee - Valais
09/05/2024,27/07/2024,03/08/2024,1522.09,HMTA4FN,88 m² Appartement ∙ 2 chambres ∙ 4 personnes,Saas Fee - Valais
09/05/2024,03/08/2024,10/08/2024,1522.09,HMTA4FN,88 m² Appartement ∙ 2 chambres ∙ 4 personnes,Saas Fee - Valais
09/05/2024,10/08/2024,17/08/2024,1522.09,HMTA4FN,88 m² Appartement ∙ 2 chambres ∙ 4 personnes,Saas Fee - Valais
09/05/2024,31/08/2024,07/09/2024,1176.78,HMTA4FN,88 m² Appartement ∙ 2 chambres ∙ 4 personnes,Saas Fee - Valais
09/05/2024,07/09/2024,14/09/2024,1176.78,HMTA4FN,88 m² Appartement ∙ 2 chambres ∙ 4 personnes,Saas Fee - Valais
09/05/2024,14/09/2024,21/09/2024,1176.78,HMTA4FN,88 m² Appartement ∙ 2 chambres ∙ 4 personnes,Saas Fee - Valais
09/05/2024,21/09/2024,28/09/2024,1176.78,HMTA4FN,88 m² Appartement ∙ 2 chambres ∙ 4 personnes,Saas Fee - Valais
09/05/2024,28/09/2024,05/10/2024,1176.78,HMTA4FN,88 m² Appartement ∙ 2 chambres ∙ 4 personnes,Saas Fee - Valais
09/05/2024,05/10/2024,12/10/2024,1176.78,HMTA4FN,88 m² Appartement ∙ 2 chambres ∙ 4 personnes,Saas Fee - Valais
09/05/2024,12/10/2024,19/10/2024,1176.78,HMTA4FN,88 m² Appartement ∙ 2 chambres ∙ 4 personnes,Saas Fee - Valais
09/05/2024,19/10/2024,26/10/2024,1176.78,HMTA4FN,88 m² Appartement ∙ 2 chambres ∙ 4 personnes,Saas Fee - Valais
09/05/2024,26/10/2024,02/11/2024,1176.78,HMTA4FN,88 m² Appartement ∙ 2 chambres ∙ 4 personnes,Saas Fee - Valais
09/05/2024,11/05/2024,18/05/2024,1175.10,H4YZ7J8,Appartement ∙ 2 chambres ∙ 5 personnes,Riederalp - Valais
09/05/2024,18/05/2024,25/05/2024,1175.10,H4YZ7J8,Appartement ∙ 2 chambres ∙ 5 personnes,Riederalp - Valais
09/05/2024,25/05/2024,01/06/2024,1175.10,H4YZ7J8,Appartement ∙ 2 chambres ∙ 5 personnes,Riederalp - Valais
09/05/2024,01/06/2024,08/06/2024,1175.10,H4YZ7J8,Appartement ∙ 2 chambres ∙ 5 personnes,Riederalp - Valais
09/05/2024,08/06/2024,15/06/2024,1175.10,H4YZ7J8,Appartement ∙ 2 chambres ∙ 5 personnes,Riederalp - Valais
09/05/2024,07/09/2024,14/09/2024,1175.10,H4YZ7J8,Appartement ∙ 2 chambres ∙ 5 personnes,Riederalp - Valais
09/05/2024,14/09/2024,21/09/2024,1175.10,H4YZ7J8,Appartement ∙ 2 chambres ∙ 5 personnes,Riederalp - Valais
09/05/2024,21/09/2024,28/09/2024,1175.10,H4YZ7J8,Appartement ∙ 2 chambres ∙ 5 personnes,Riederalp - Valais
09/05/2024,28/09/2024,05/10/2024,1175.10,H4YZ7J8,Appartement ∙ 2 chambres ∙ 5 personnes,Riederalp - Valais
09/05/2024,05/10/2024,12/10/2024,1175.10,H4YZ7J8,Appartement ∙ 2 chambres ∙ 5 personnes,Riederalp - Valais
09/05/2024,12/10/2024,19/10/2024,1175.10,H4YZ7J8,Appartement ∙ 2 chambres ∙ 5 personnes,Riederalp - Valais
09/05/2024,11/05/2024,18/05/2024,724.32,HVKRT4G,86 m² Appartement ∙ 2 chambres ∙ 5 personnes,Crans-Montana - Valais
09/05/2024,18/05/2024,25/05/2024,724.32,HVKRT4G,86 m² Appartement ∙ 2 chambres ∙ 5 personnes,Crans-Montana - Valais
09/05/2024,25/05/2024,01/06/2024,799.11,HVKRT4G,86 m² Appartement ∙ 2 chambres ∙ 5 personnes,Crans-Montana - Valais
09/05/2024,01/06/2024,08/06/2024,799.11,HVKRT4G,86 m² Appartement ∙ 2 chambres ∙ 5 personnes,Crans-Montana - Valais
09/05/2024,08/06/2024,15/06/2024,799.11,HVKRT4G,86 m² Appartement ∙ 2 chambres ∙ 5 personnes,Crans-Montana - Valais
09/05/2024,15/06/2024,22/06/2024,799.11,HVKRT4G,86 m² Appartement ∙ 2 chambres ∙ 5 personnes,Crans-Montana - Valais
09/05/2024,22/06/2024,29/06/2024,799.11,HVKRT4G,86 m² Appartement ∙ 2 chambres ∙ 5 personnes,Crans-Montana - Valais
09/05/2024,29/06/2024,06/07/2024,856.48,HVKRT4G,86 m² Appartement ∙ 2 chambres ∙ 5 personnes,Crans-Montana - Valais
09/05/2024,13/07/2024,20/07/2024,1190.47,HVKRT4G,86 m² Appartement ∙ 2 chambres ∙ 5 personnes,Crans-Montana - Valais
09/05/2024,20/07/2024,27/07/2024,1249.89,HVKRT4G,86 m² Appartement ∙ 2 chambres ∙ 5 personnes,Crans-Montana - Valais
09/05/2024,27/07/2024,03/08/2024,1249.89,HVKRT4G,86 m² Appartement ∙ 2 chambres ∙ 5 personnes,Crans-Montana - Valais
09/05/2024,11/05/2024,18/05/2024,1055.85,HHL9JMR,110 m² Appartement ∙ 3 chambres ∙ 8 personnes,Riddes - Valais
09/05/2024,18/05/2024,25/05/2024,1055.85,HHL9JMR,110 m² Appartement ∙ 3 chambres ∙ 8 personnes,Riddes - Valais
09/05/2024,25/05/2024,01/06/2024,1055.85,HHL9JMR,110 m² Appartement ∙ 3 chambres ∙ 8 personnes,Riddes - Valais
09/05/2024,01/06/2024,08/06/2024,1055.85,HHL9JMR,110 m² Appartement ∙ 3 chambres ∙ 8 personnes,Riddes - Valais
09/05/2024,08/06/2024,15/06/2024,1055.85,HHL9JMR,110 m² Appartement ∙ 3 chambres ∙ 8 personnes,Riddes - Valais
09/05/2024,15/06/2024,22/06/2024,1055.85,HHL9JMR,110 m² Appartement ∙ 3 chambres ∙ 8 personnes,Riddes - Valais
09/05/2024,22/06/2024,29/06/2024,1055.85,HHL9JMR,110 m² Appartement ∙ 3 chambres ∙ 8 personnes,Riddes - Valais
09/05/2024,29/06/2024,06/07/2024,1055.85,HHL9JMR,110 m² Appartement ∙ 3 chambres ∙ 8 personnes,Riddes - Valais
09/05/2024,06/07/2024,13/07/2024,1055.85,HHL9JMR,110 m² Appartement ∙ 3 chambres ∙ 8 personnes,Riddes - Valais
09/05/2024,13/07/2024,20/07/2024,1055.85,HHL9JMR,110 m² Appartement ∙ 3 chambres ∙ 8 personnes,Riddes - Valais
09/05/2024,20/07/2024,27/07/2024,1055.85,HHL9JMR,110 m² Appartement ∙ 3 chambres ∙ 8 personnes,Riddes - Valais
09/05/2024,27/07/2024,03/08/2024,1270.68,HHL9JMR,110 m² Appartement ∙ 3 chambres ∙ 8 personnes,Riddes - Valais
09/05/2024,03/08/2024,10/08/2024,1270.68,HHL9JMR,110 m² Appartement ∙ 3 chambres ∙ 8 personnes,Riddes - Valais
09/05/2024,31/08/2024,07/09/2024,1055.85,HHL9JMR,110 m² Appartement ∙ 3 chambres ∙ 8 personnes,Riddes - Valais
09/05/2024,07/09/2024,14/09/2024,1055.85,HHL9JMR,110 m² Appartement ∙ 3 chambres ∙ 8 personnes,Riddes - Valais
09/05/2024,14/09/2024,21/09/2024,1055.85,HHL9JMR,110 m² Appartement ∙ 3 chambres ∙ 8 personnes,Riddes - Valais
09/05/2024,21/09/2024,28/09/2024,1055.85,HHL9JMR,110 m² Appartement ∙ 3 chambres ∙ 8 personnes,Riddes - Valais
09/05/2024,28/09/2024,05/10/2024,1055.85,HHL9JMR,110 m² Appartement ∙ 3 chambres ∙ 8 personnes,Riddes - Valais
09/05/2024,05/10/2024,12/10/2024,1055.85,HHL9JMR,110 m² Appartement ∙ 3 chambres ∙ 8 personnes,Riddes - Valais
09/05/2024,12/10/2024,19/10/2024,1055.85,HHL9JMR,110 m² Appartement ∙ 3 chambres ∙ 8 personnes,Riddes - Valais
09/05/2024,19/10/2024,26/10/2024,1055.85,HHL9JMR,110 m² Appartement ∙ 3 chambres ∙ 8 personnes,Riddes - Valais
09/05/2024,26/10/2024,02/11/2024,1055.85,HHL9JMR,110 m² Appartement ∙ 3 chambres ∙ 8 personnes,Riddes - Valais
09/05/2024,31/08/2024,07/09/2024,1097.24,HRACF6T,55 m² Appartement ∙ 2 chambres ∙ 6 personnes,Saas Fee - Valais
09/05/2024,07/09/2024,14/09/2024,1097.24,HRACF6T,55 m² Appartement ∙ 2 chambres ∙ 6 personnes,Saas Fee - Valais
09/05/2024,14/09/2024,21/09/2024,1097.24,HRACF6T,55 m² Appartement ∙ 2 chambres ∙ 6 personnes,Saas Fee - Valais
09/05/2024,21/09/2024,28/09/2024,1097.24,HRACF6T,55 m² Appartement ∙ 2 chambres ∙ 6 personnes,Saas Fee - Valais
09/05/2024,28/09/2024,05/10/2024,1097.24,HRACF6T,55 m² Appartement ∙ 2 chambres ∙ 6 personnes,Saas Fee - Valais
09/05/2024,05/10/2024,12/10/2024,1097.24,HRACF6T,55 m² Appartement ∙ 2 chambres ∙ 6 personnes,Saas Fee - Valais
09/05/2024,12/10/2024,19/10/2024,1097.24,HRACF6T,55 m² Appartement ∙ 2 chambres ∙ 6 personnes,Saas Fee - Valais
09/05/2024,19/10/2024,26/10/2024,1097.24,HRACF6T,55 m² Appartement ∙ 2 chambres ∙ 6 personnes,Saas Fee - Valais
09/05/2024,26/10/2024,02/11/2024,1097.24,HRACF6T,55 m² Appartement ∙ 2 chambres ∙ 6 personnes,Saas Fee - Valais
09/05/2024,25/05/2024,01/06/2024,1348.47,H4X2VNK,120 m² Appartement ∙ 3 chambres ∙ 8 personnes,Bagnes - Valais
09/05/2024,01/06/2024,08/06/2024,1354.49,H4X2VNK,120 m² Appartement ∙ 3 chambres ∙ 8 personnes,Bagnes - Valais
09/05/2024,22/06/2024,29/06/2024,1500.14,H4X2VNK,120 m² Appartement ∙ 3 chambres ∙ 8 personnes,Bagnes - Valais
09/05/2024,20/07/2024,27/07/2024,2814.69,H4X2VNK,120 m² Appartement ∙ 3 chambres ∙ 8 personnes,Bagnes - Valais
09/05/2024,27/07/2024,03/08/2024,2948.31,H4X2VNK,120 m² Appartement ∙ 3 chambres ∙ 8 personnes,Bagnes - Valais
09/05/2024,07/09/2024,14/09/2024,1473.66,H4X2VNK,120 m² Appartement ∙ 3 chambres ∙ 8 personnes,Bagnes - Valais
09/05/2024,14/09/2024,21/09/2024,1425.51,H4X2VNK,120 m² Appartement ∙ 3 chambres ∙ 8 personnes,Bagnes - Valais
09/05/2024,21/09/2024,28/09/2024,1379.77,H4X2VNK,120 m² Appartement ∙ 3 chambres ∙ 8 personnes,Bagnes - Valais
09/05/2024,28/09/2024,05/10/2024,1479.68,H4X2VNK,120 m² Appartement ∙ 3 chambres ∙ 8 personnes,Bagnes - Valais
09/05/2024,05/10/2024,12/10/2024,1480.88,H4X2VNK,120 m² Appartement ∙ 3 chambres ∙ 8 personnes,Bagnes - Valais
09/05/2024,12/10/2024,19/10/2024,1408.66,H4X2VNK,120 m² Appartement ∙ 3 chambres ∙ 8 personnes,Bagnes - Valais
09/05/2024,19/10/2024,26/10/2024,1431.53,H4X2VNK,120 m² Appartement ∙ 3 chambres ∙ 8 personnes,Bagnes - Valais
09/05/2024,26/10/2024,02/11/2024,1526.64,H4X2VNK,120 m² Appartement ∙ 3 chambres ∙ 8 personnes,Bagnes - Valais
09/05/2024,31/08/2024,07/09/2024,1045.30,H6EH5NY,85 m² Appartement ∙ 3 chambres ∙ 8 personnes,Nendaz - Valais
09/05/2024,07/09/2024,14/09/2024,892.10,H6EH5NY,85 m² Appartement ∙ 3 chambres ∙ 8 personnes,Nendaz - Valais
09/05/2024,14/09/2024,21/09/2024,893.31,H6EH5NY,85 m² Appartement ∙ 3 chambres ∙ 8 personnes,Nendaz - Valais
09/05/2024,21/09/2024,28/09/2024,779.49,H6EH5NY,85 m² Appartement ∙ 3 chambres ∙ 8 personnes,Nendaz - Valais
09/05/2024,12/10/2024,19/10/2024,945.92,H6EH5NY,85 m² Appartement ∙ 3 chambres ∙ 8 personnes,Nendaz - Valais
09/05/2024,19/10/2024,26/10/2024,992.69,H6EH5NY,85 m² Appartement ∙ 3 chambres ∙ 8 personnes,Nendaz - Valais
09/05/2024,26/10/2024,02/11/2024,1083.63,H6EH5NY,85 m² Appartement ∙ 3 chambres ∙ 8 personnes,Nendaz - Valais
09/05/2024,01/06/2024,08/06/2024,805.10,H23S8XF,60 m² Appartement ∙ 1 chambre ∙ 4 personnes,Saas Fee - Valais
09/05/2024,08/06/2024,15/06/2024,805.10,H23S8XF,60 m² Appartement ∙ 1 chambre ∙ 4 personnes,Saas Fee - Valais
09/05/2024,15/06/2024,22/06/2024,805.10,H23S8XF,60 m² Appartement ∙ 1 chambre ∙ 4 personnes,Saas Fee - Valais
09/05/2024,22/06/2024,29/06/2024,805.10,H23S8XF,60 m² Appartement ∙ 1 chambre ∙ 4 personnes,Saas Fee - Valais
09/05/2024,29/06/2024,06/07/2024,805.10,H23S8XF,60 m² Appartement ∙ 1 chambre ∙ 4 personnes,Saas Fee - Valais
09/05/2024,06/07/2024,13/07/2024,805.10,H23S8XF,60 m² Appartement ∙ 1 chambre ∙ 4 personnes,Saas Fee - Valais
09/05/2024,13/07/2024,20/07/2024,805.10,H23S8XF,60 m² Appartement ∙ 1 chambre ∙ 4 personnes,Saas Fee - Valais
09/05/2024,27/07/2024,03/08/2024,805.10,H23S8XF,60 m² Appartement ∙ 1 chambre ∙ 4 personnes,Saas Fee - Valais
09/05/2024,03/08/2024,10/08/2024,805.10,H23S8XF,60 m² Appartement ∙ 1 chambre ∙ 4 personnes,Saas Fee - Valais
09/05/2024,10/08/2024,17/08/2024,805.10,H23S8XF,60 m² Appartement ∙ 1 chambre ∙ 4 personnes,Saas Fee - Valais
09/05/2024,31/08/2024,07/09/2024,805.10,H23S8XF,60 m² Appartement ∙ 1 chambre ∙ 4 personnes,Saas Fee - Valais
09/05/2024,07/09/2024,14/09/2024,805.10,H23S8XF,60 m² Appartement ∙ 1 chambre ∙ 4 personnes,Saas Fee - Valais
09/05/2024,14/09/2024,21/09/2024,805.10,H23S8XF,60 m² Appartement ∙ 1 chambre ∙ 4 personnes,Saas Fee - Valais
09/05/2024,21/09/2024,28/09/2024,805.10,H23S8XF,60 m² Appartement ∙ 1 chambre ∙ 4 personnes,Saas Fee - Valais
09/05/2024,05/10/2024,12/10/2024,805.10,H23S8XF,60 m² Appartement ∙ 1 chambre ∙ 4 personnes,Saas Fee - Valais
09/05/2024,12/10/2024,19/10/2024,805.10,H23S8XF,60 m² Appartement ∙ 1 chambre ∙ 4 personnes,Saas Fee - Valais
09/05/2024,19/10/2024,26/10/2024,805.10,H23S8XF,60 m² Appartement ∙ 1 chambre ∙ 4 personnes,Saas Fee - Valais
09/05/2024,26/10/2024,02/11/2024,805.10,H23S8XF,60 m² Appartement ∙ 1 chambre ∙ 4 personnes,Saas Fee - Valais
09/05/2024,18/05/2024,25/05/2024,424.38,HLTAS4M,3 room apartment standard,3 room apartment standardVercorin - Valais
09/05/2024,08/06/2024,15/06/2024,596.60,HLTAS4M,3 room apartment standard,3 room apartment standardVercorin - Valais
09/05/2024,15/06/2024,22/06/2024,596.60,HLTAS4M,3 room apartment standard,3 room apartment standardVercorin - Valais
09/05/2024,22/06/2024,29/06/2024,873.37,HLTAS4M,3 room apartment standard,3 room apartment standardVercorin - Valais
09/05/2024,29/06/2024,06/07/2024,1156.29,HLTAS4M,3 room apartment standard,3 room apartment standardVercorin - Valais
09/05/2024,06/07/2024,13/07/2024,1477.14,HLTAS4M,3 room apartment standard,3 room apartment standardVercorin - Valais
09/05/2024,13/07/2024,20/07/2024,1663.71,HLTAS4M,3 room apartment standard,3 room apartment standardVercorin - Valais
09/05/2024,20/07/2024,27/07/2024,1663.71,HLTAS4M,3 room apartment standard,3 room apartment standardVercorin - Valais
09/05/2024,27/07/2024,03/08/2024,1477.14,HLTAS4M,3 room apartment standard,3 room apartment standardVercorin - Valais
09/05/2024,03/08/2024,10/08/2024,1477.14,HLTAS4M,3 room apartment standard,3 room apartment standardVercorin - Valais
09/05/2024,10/08/2024,17/08/2024,1156.29,HLTAS4M,3 room apartment standard,3 room apartment standardVercorin - Valais
09/05/2024,17/08/2024,24/08/2024,873.37,HLTAS4M,3 room apartment standard,3 room apartment standardVercorin - Valais
09/05/2024,24/08/2024,31/08/2024,596.60,HLTAS4M,3 room apartment standard,3 room apartment standardVercorin - Valais
09/05/2024,31/08/2024,07/09/2024,596.60,HLTAS4M,3 room apartment standard,3 room apartment standardVercorin - Valais
09/05/2024,07/09/2024,14/09/2024,596.60,HLTAS4M,3 room apartment standard,3 room apartment standardVercorin - Valais
09/05/2024,14/09/2024,21/09/2024,596.60,HLTAS4M,3 room apartment standard,3 room apartment standardVercorin - Valais
09/05/2024,21/09/2024,28/09/2024,873.37,HLTAS4M,3 room apartment standard,3 room apartment standardVercorin - Valais
09/05/2024,28/09/2024,05/10/2024,596.60,HLTAS4M,3 room apartment standard,3 room apartment standardVercorin - Valais
09/05/2024,05/10/2024,12/10/2024,873.37,HLTAS4M,3 room apartment standard,3 room apartment standardVercorin - Valais
09/05/2024,12/10/2024,19/10/2024,596.60,HLTAS4M,3 room apartment standard,3 room apartment standardVercorin - Valais
09/05/2024,19/10/2024,26/10/2024,596.60,HLTAS4M,3 room apartment standard,3 room apartment standardVercorin - Valais
09/05/2024,18/05/2024,25/05/2024,886.70,HNA3J1M,80 m² Appartement ∙ 2 chambres ∙ 5 personnes,Crans-Montana - Valais
09/05/2024,25/05/2024,01/06/2024,886.70,HNA3J1M,80 m² Appartement ∙ 2 chambres ∙ 5 personnes,Crans-Montana - Valais
09/05/2024,01/06/2024,08/06/2024,886.70,HNA3J1M,80 m² Appartement ∙ 2 chambres ∙ 5 personnes,Crans-Montana - Valais
09/05/2024,08/06/2024,15/06/2024,886.70,HNA3J1M,80 m² Appartement ∙ 2 chambres ∙ 5 personnes,Crans-Montana - Valais
09/05/2024,15/06/2024,22/06/2024,886.70,HNA3J1M,80 m² Appartement ∙ 2 chambres ∙ 5 personnes,Crans-Montana - Valais
09/05/2024,22/06/2024,29/06/2024,886.70,HNA3J1M,80 m² Appartement ∙ 2 chambres ∙ 5 personnes,Crans-Montana - Valais
09/05/2024,29/06/2024,06/07/2024,886.70,HNA3J1M,80 m² Appartement ∙ 2 chambres ∙ 5 personnes,Crans-Montana - Valais
09/05/2024,06/07/2024,13/07/2024,1263.92,HNA3J1M,80 m² Appartement ∙ 2 chambres ∙ 5 personnes,Crans-Montana - Valais
09/05/2024,10/08/2024,17/08/2024,1263.92,HNA3J1M,80 m² Appartement ∙ 2 chambres ∙ 5 personnes,Crans-Montana - Valais
09/05/2024,17/08/2024,24/08/2024,1263.92,HNA3J1M,80 m² Appartement ∙ 2 chambres ∙ 5 personnes,Crans-Montana - Valais
09/05/2024,24/08/2024,31/08/2024,1263.92,HNA3J1M,80 m² Appartement ∙ 2 chambres ∙ 5 personnes,Crans-Montana - Valais
09/05/2024,31/08/2024,07/09/2024,1263.92,HNA3J1M,80 m² Appartement ∙ 2 chambres ∙ 5 personnes,Crans-Montana - Valais
09/05/2024,07/09/2024,14/09/2024,1263.92,HNA3J1M,80 m² Appartement ∙ 2 chambres ∙ 5 personnes,Crans-Montana - Valais
09/05/2024,14/09/2024,21/09/2024,1263.92,HNA3J1M,80 m² Appartement ∙ 2 chambres ∙ 5 personnes,Crans-Montana - Valais
09/05/2024,21/09/2024,28/09/2024,1263.92,HNA3J1M,80 m² Appartement ∙ 2 chambres ∙ 5 personnes,Crans-Montana - Valais
09/05/2024,05/10/2024,12/10/2024,1263.92,HNA3J1M,80 m² Appartement ∙ 2 chambres ∙ 5 personnes,Crans-Montana - Valais
09/05/2024,25/05/2024,01/06/2024,1033.28,HZF80RV,100 m² Appartement ∙ 2 chambres ∙ 6 personnes,Albinen - Valais
09/05/2024,08/06/2024,15/06/2024,1033.28,HZF80RV,100 m² Appartement ∙ 2 chambres ∙ 6 personnes,Albinen - Valais
09/05/2024,15/06/2024,22/06/2024,1119.39,HZF80RV,100 m² Appartement ∙ 2 chambres ∙ 6 personnes,Albinen - Valais
09/05/2024,22/06/2024,29/06/2024,1119.39,HZF80RV,100 m² Appartement ∙ 2 chambres ∙ 6 personnes,Albinen - Valais
09/05/2024,29/06/2024,06/07/2024,1119.39,HZF80RV,100 m² Appartement ∙ 2 chambres ∙ 6 personnes,Albinen - Valais
09/05/2024,20/07/2024,27/07/2024,1119.39,HZF80RV,100 m² Appartement ∙ 2 chambres ∙ 6 personnes,Albinen - Valais
09/05/2024,03/08/2024,10/08/2024,1119.39,HZF80RV,100 m² Appartement ∙ 2 chambres ∙ 6 personnes,Albinen - Valais
09/05/2024,24/08/2024,31/08/2024,1119.39,HZF80RV,100 m² Appartement ∙ 2 chambres ∙ 6 personnes,Albinen - Valais
09/05/2024,31/08/2024,07/09/2024,1119.39,HZF80RV,100 m² Appartement ∙ 2 chambres ∙ 6 personnes,Albinen - Valais
09/05/2024,07/09/2024,14/09/2024,1119.39,HZF80RV,100 m² Appartement ∙ 2 chambres ∙ 6 personnes,Albinen - Valais
09/05/2024,14/09/2024,21/09/2024,1119.39,HZF80RV,100 m² Appartement ∙ 2 chambres ∙ 6 personnes,Albinen - Valais
09/05/2024,21/09/2024,28/09/2024,1119.39,HZF80RV,100 m² Appartement ∙ 2 chambres ∙ 6 personnes,Albinen - Valais
09/05/2024,28/09/2024,05/10/2024,1119.39,HZF80RV,100 m² Appartement ∙ 2 chambres ∙ 6 personnes,Albinen - Valais
09/05/2024,05/10/2024,12/10/2024,1119.39,HZF80RV,100 m² Appartement ∙ 2 chambres ∙ 6 personnes,Albinen - Valais
09/05/2024,12/10/2024,19/10/2024,1119.39,HZF80RV,100 m² Appartement ∙ 2 chambres ∙ 6 personnes,Albinen - Valais
09/05/2024,19/10/2024,26/10/2024,1119.39,HZF80RV,100 m² Appartement ∙ 2 chambres ∙ 6 personnes,Albinen - Valais
09/05/2024,26/10/2024,02/11/2024,1045.58,HZF80RV,100 m² Appartement ∙ 2 chambres ∙ 6 personnes,Albinen - Valais
09/05/2024,11/05/2024,18/05/2024,1141.94,H25BJD4,100 m² Maison de vacances ∙ 3 chambres ∙ 6 personnes,Nendaz - Valais
09/05/2024,18/05/2024,25/05/2024,1141.94,H25BJD4,100 m² Maison de vacances ∙ 3 chambres ∙ 6 personnes,Nendaz - Valais
09/05/2024,25/05/2024,01/06/2024,1141.94,H25BJD4,100 m² Maison de vacances ∙ 3 chambres ∙ 6 personnes,Nendaz - Valais
09/05/2024,01/06/2024,08/06/2024,1141.94,H25BJD4,100 m² Maison de vacances ∙ 3 chambres ∙ 6 personnes,Nendaz - Valais
09/05/2024,08/06/2024,15/06/2024,1141.94,H25BJD4,100 m² Maison de vacances ∙ 3 chambres ∙ 6 personnes,Nendaz - Valais
09/05/2024,15/06/2024,22/06/2024,1141.94,H25BJD4,100 m² Maison de vacances ∙ 3 chambres ∙ 6 personnes,Nendaz - Valais
09/05/2024,17/08/2024,24/08/2024,1499.69,H25BJD4,100 m² Maison de vacances ∙ 3 chambres ∙ 6 personnes,Nendaz - Valais
09/05/2024,24/08/2024,31/08/2024,1141.94,H25BJD4,100 m² Maison de vacances ∙ 3 chambres ∙ 6 personnes,Nendaz - Valais
09/05/2024,31/08/2024,07/09/2024,1141.94,H25BJD4,100 m² Maison de vacances ∙ 3 chambres ∙ 6 personnes,Nendaz - Valais
09/05/2024,07/09/2024,14/09/2024,1141.94,H25BJD4,100 m² Maison de vacances ∙ 3 chambres ∙ 6 personnes,Nendaz - Valais
09/05/2024,14/09/2024,21/09/2024,1141.94,H25BJD4,100 m² Maison de vacances ∙ 3 chambres ∙ 6 personnes,Nendaz - Valais
09/05/2024,21/09/2024,28/09/2024,1141.94,H25BJD4,100 m² Maison de vacances ∙ 3 chambres ∙ 6 personnes,Nendaz - Valais
09/05/2024,28/09/2024,05/10/2024,1141.94,H25BJD4,100 m² Maison de vacances ∙ 3 chambres ∙ 6 personnes,Nendaz - Valais
09/05/2024,05/10/2024,12/10/2024,1141.94,H25BJD4,100 m² Maison de vacances ∙ 3 chambres ∙ 6 personnes,Nendaz - Valais
09/05/2024,12/10/2024,19/10/2024,1141.94,H25BJD4,100 m² Maison de vacances ∙ 3 chambres ∙ 6 personnes,Nendaz - Valais
09/05/2024,19/10/2024,26/10/2024,1141.94,H25BJD4,100 m² Maison de vacances ∙ 3 chambres ∙ 6 personnes,Nendaz - Valais
09/05/2024,26/10/2024,02/11/2024,1141.94,H25BJD4,100 m² Maison de vacances ∙ 3 chambres ∙ 6 personnes,Nendaz - Valais
09/05/2024,11/05/2024,18/05/2024,753.44,H2Z5U7H,Appartement ∙ 1 chambre ∙ 4 personnes,Grächen - Valais
09/05/2024,14/09/2024,21/09/2024,753.44,H2Z5U7H,Appartement ∙ 1 chambre ∙ 4 personnes,Grächen - Valais
09/05/2024,21/09/2024,28/09/2024,753.44,H2Z5U7H,Appartement ∙ 1 chambre ∙ 4 personnes,Grächen - Valais
09/05/2024,28/09/2024,05/10/2024,753.44,H2Z5U7H,Appartement ∙ 1 chambre ∙ 4 personnes,Grächen - Valais
09/05/2024,05/10/2024,12/10/2024,753.44,H2Z5U7H,Appartement ∙ 1 chambre ∙ 4 personnes,Grächen - Valais
09/05/2024,12/10/2024,19/10/2024,753.44,H2Z5U7H,Appartement ∙ 1 chambre ∙ 4 personnes,Grächen - Valais
09/05/2024,19/10/2024,26/10/2024,753.44,H2Z5U7H,Appartement ∙ 1 chambre ∙ 4 personnes,Grächen - Valais
09/05/2024,26/10/2024,02/11/2024,753.44,H2Z5U7H,Appartement ∙ 1 chambre ∙ 4 personnes,Grächen - Valais
09/05/2024,11/05/2024,18/05/2024,562.77,H8MWXHT,45 m² Appartement ∙ 1 chambre ∙ 4 personnes,Ovronnaz - Leytron - Valais
09/05/2024,18/05/2024,25/05/2024,562.77,H8MWXHT,45 m² Appartement ∙ 1 chambre ∙ 4 personnes,Ovronnaz - Leytron - Valais
09/05/2024,08/06/2024,15/06/2024,692.95,H8MWXHT,45 m² Appartement ∙ 1 chambre ∙ 4 personnes,Ovronnaz - Leytron - Valais
09/05/2024,15/06/2024,22/06/2024,692.95,H8MWXHT,45 m² Appartement ∙ 1 chambre ∙ 4 personnes,Ovronnaz - Leytron - Valais
09/05/2024,22/06/2024,29/06/2024,692.95,H8MWXHT,45 m² Appartement ∙ 1 chambre ∙ 4 personnes,Ovronnaz - Leytron - Valais
09/05/2024,29/06/2024,06/07/2024,692.95,H8MWXHT,45 m² Appartement ∙ 1 chambre ∙ 4 personnes,Ovronnaz - Leytron - Valais
09/05/2024,06/07/2024,13/07/2024,692.95,H8MWXHT,45 m² Appartement ∙ 1 chambre ∙ 4 personnes,Ovronnaz - Leytron - Valais
09/05/2024,10/08/2024,17/08/2024,804.69,H8MWXHT,45 m² Appartement ∙ 1 chambre ∙ 4 personnes,Ovronnaz - Leytron - Valais
09/05/2024,17/08/2024,24/08/2024,804.69,H8MWXHT,45 m² Appartement ∙ 1 chambre ∙ 4 personnes,Ovronnaz - Leytron - Valais
09/05/2024,24/08/2024,31/08/2024,692.95,H8MWXHT,45 m² Appartement ∙ 1 chambre ∙ 4 personnes,Ovronnaz - Leytron - Valais
09/05/2024,31/08/2024,07/09/2024,692.95,H8MWXHT,45 m² Appartement ∙ 1 chambre ∙ 4 personnes,Ovronnaz - Leytron - Valais
09/05/2024,07/09/2024,14/09/2024,692.95,H8MWXHT,45 m² Appartement ∙ 1 chambre ∙ 4 personnes,Ovronnaz - Leytron - Valais
09/05/2024,14/09/2024,21/09/2024,692.95,H8MWXHT,45 m² Appartement ∙ 1 chambre ∙ 4 personnes,Ovronnaz - Leytron - Valais
09/05/2024,21/09/2024,28/09/2024,692.95,H8MWXHT,45 m² Appartement ∙ 1 chambre ∙ 4 personnes,Ovronnaz - Leytron - Valais
09/05/2024,28/09/2024,05/10/2024,692.95,H8MWXHT,45 m² Appartement ∙ 1 chambre ∙ 4 personnes,Ovronnaz - Leytron - Valais
09/05/2024,05/10/2024,12/10/2024,692.95,H8MWXHT,45 m² Appartement ∙ 1 chambre ∙ 4 personnes,Ovronnaz - Leytron - Valais
09/05/2024,12/10/2024,19/10/2024,692.95,H8MWXHT,45 m² Appartement ∙ 1 chambre ∙ 4 personnes,Ovronnaz - Leytron - Valais
09/05/2024,19/10/2024,26/10/2024,692.95,H8MWXHT,45 m² Appartement ∙ 1 chambre ∙ 4 personnes,Ovronnaz - Leytron - Valais
09/05/2024,26/10/2024,02/11/2024,692.95,H8MWXHT,45 m² Appartement ∙ 1 chambre ∙ 4 personnes,Ovronnaz - Leytron - Valais
09/05/2024,18/05/2024,25/05/2024,1643.06,H831ES4,68 m² Appartement ∙ 2 chambres ∙ 5 personnes,Saas Fee - Valais
09/05/2024,25/05/2024,01/06/2024,1643.06,H831ES4,68 m² Appartement ∙ 2 chambres ∙ 5 personnes,Saas Fee - Valais
09/05/2024,01/06/2024,08/06/2024,1643.06,H831ES4,68 m² Appartement ∙ 2 chambres ∙ 5 personnes,Saas Fee - Valais
09/05/2024,22/06/2024,29/06/2024,1643.06,H831ES4,68 m² Appartement ∙ 2 chambres ∙ 5 personnes,Saas Fee - Valais
09/05/2024,31/08/2024,07/09/2024,1704.48,H831ES4,68 m² Appartement ∙ 2 chambres ∙ 5 personnes,Saas Fee - Valais
09/05/2024,07/09/2024,14/09/2024,1643.06,H831ES4,68 m² Appartement ∙ 2 chambres ∙ 5 personnes,Saas Fee - Valais
09/05/2024,14/09/2024,21/09/2024,1643.06,H831ES4,68 m² Appartement ∙ 2 chambres ∙ 5 personnes,Saas Fee - Valais
09/05/2024,21/09/2024,28/09/2024,1643.06,H831ES4,68 m² Appartement ∙ 2 chambres ∙ 5 personnes,Saas Fee - Valais
09/05/2024,28/09/2024,05/10/2024,1643.06,H831ES4,68 m² Appartement ∙ 2 chambres ∙ 5 personnes,Saas Fee - Valais
09/05/2024,05/10/2024,12/10/2024,1643.06,H831ES4,68 m² Appartement ∙ 2 chambres ∙ 5 personnes,Saas Fee - Valais
09/05/2024,19/10/2024,26/10/2024,1643.06,H831ES4,68 m² Appartement ∙ 2 chambres ∙ 5 personnes,Saas Fee - Valais
09/05/2024,26/10/2024,02/11/2024,1643.06,H831ES4,68 m² Appartement ∙ 2 chambres ∙ 5 personnes,Saas Fee - Valais
09/05/2024,11/05/2024,18/05/2024,752.50,HB29MTK,33 m² Appartement ∙ 1 chambre ∙ 4 personnes,Riederalp - Valais
09/05/2024,18/05/2024,25/05/2024,662.50,HB29MTK,33 m² Appartement ∙ 1 chambre ∙ 4 personnes,Riederalp - Valais
09/05/2024,25/05/2024,01/06/2024,595.00,HB29MTK,33 m² Appartement ∙ 1 chambre ∙ 4 personnes,Riederalp - Valais
09/05/2024,01/06/2024,08/06/2024,595.00,HB29MTK,33 m² Appartement ∙ 1 chambre ∙ 4 personnes,Riederalp - Valais
09/05/2024,15/06/2024,22/06/2024,1050.00,HB29MTK,33 m² Appartement ∙ 1 chambre ∙ 4 personnes,Riederalp - Valais
09/05/2024,22/06/2024,29/06/2024,1050.00,HB29MTK,33 m² Appartement ∙ 1 chambre ∙ 4 personnes,Riederalp - Valais
09/05/2024,29/06/2024,06/07/2024,1050.00,HB29MTK,33 m² Appartement ∙ 1 chambre ∙ 4 personnes,Riederalp - Valais
09/05/2024,06/07/2024,13/07/2024,1050.00,HB29MTK,33 m² Appartement ∙ 1 chambre ∙ 4 personnes,Riederalp - Valais
09/05/2024,13/07/2024,20/07/2024,1050.00,HB29MTK,33 m² Appartement ∙ 1 chambre ∙ 4 personnes,Riederalp - Valais
09/05/2024,20/07/2024,27/07/2024,1050.00,HB29MTK,33 m² Appartement ∙ 1 chambre ∙ 4 personnes,Riederalp - Valais
09/05/2024,27/07/2024,03/08/2024,1050.00,HB29MTK,33 m² Appartement ∙ 1 chambre ∙ 4 personnes,Riederalp - Valais
09/05/2024,03/08/2024,10/08/2024,1050.00,HB29MTK,33 m² Appartement ∙ 1 chambre ∙ 4 personnes,Riederalp - Valais
09/05/2024,10/08/2024,17/08/2024,1050.00,HB29MTK,33 m² Appartement ∙ 1 chambre ∙ 4 personnes,Riederalp - Valais
09/05/2024,17/08/2024,24/08/2024,1050.00,HB29MTK,33 m² Appartement ∙ 1 chambre ∙ 4 personnes,Riederalp - Valais
09/05/2024,24/08/2024,31/08/2024,1050.00,HB29MTK,33 m² Appartement ∙ 1 chambre ∙ 4 personnes,Riederalp - Valais
09/05/2024,31/08/2024,07/09/2024,725.00,HB29MTK,33 m² Appartement ∙ 1 chambre ∙ 4 personnes,Riederalp - Valais
09/05/2024,07/09/2024,14/09/2024,595.00,HB29MTK,33 m² Appartement ∙ 1 chambre ∙ 4 personnes,Riederalp - Valais
09/05/2024,14/09/2024,21/09/2024,595.00,HB29MTK,33 m² Appartement ∙ 1 chambre ∙ 4 personnes,Riederalp - Valais
09/05/2024,21/09/2024,28/09/2024,595.00,HB29MTK,33 m² Appartement ∙ 1 chambre ∙ 4 personnes,Riederalp - Valais
09/05/2024,28/09/2024,05/10/2024,875.00,HB29MTK,33 m² Appartement ∙ 1 chambre ∙ 4 personnes,Riederalp - Valais
09/05/2024,05/10/2024,12/10/2024,875.00,HB29MTK,33 m² Appartement ∙ 1 chambre ∙ 4 personnes,Riederalp - Valais
09/05/2024,12/10/2024,19/10/2024,875.00,HB29MTK,33 m² Appartement ∙ 1 chambre ∙ 4 personnes,Riederalp - Valais
09/05/2024,19/10/2024,26/10/2024,875.00,HB29MTK,33 m² Appartement ∙ 1 chambre ∙ 4 personnes,Riederalp - Valais
09/05/2024,26/10/2024,02/11/2024,675.00,HB29MTK,33 m² Appartement ∙ 1 chambre ∙ 4 personnes,Riederalp - Valais
09/05/2024,01/06/2024,08/06/2024,681.68,HRC0P25,35 m² Appartement ∙ 1 chambre ∙ 2 personnes,Saas Fee - Valais
09/05/2024,08/06/2024,15/06/2024,681.68,HRC0P25,35 m² Appartement ∙ 1 chambre ∙ 2 personnes,Saas Fee - Valais
09/05/2024,15/06/2024,22/06/2024,681.68,HRC0P25,35 m² Appartement ∙ 1 chambre ∙ 2 personnes,Saas Fee - Valais
09/05/2024,22/06/2024,29/06/2024,691.93,HRC0P25,35 m² Appartement ∙ 1 chambre ∙ 2 personnes,Saas Fee - Valais
09/05/2024,29/06/2024,06/07/2024,753.44,HRC0P25,35 m² Appartement ∙ 1 chambre ∙ 2 personnes,Saas Fee - Valais
09/05/2024,31/08/2024,07/09/2024,681.68,HRC0P25,35 m² Appartement ∙ 1 chambre ∙ 2 personnes,Saas Fee - Valais
09/05/2024,07/09/2024,14/09/2024,681.68,HRC0P25,35 m² Appartement ∙ 1 chambre ∙ 2 personnes,Saas Fee - Valais
09/05/2024,14/09/2024,21/09/2024,681.68,HRC0P25,35 m² Appartement ∙ 1 chambre ∙ 2 personnes,Saas Fee - Valais
09/05/2024,21/09/2024,28/09/2024,681.68,HRC0P25,35 m² Appartement ∙ 1 chambre ∙ 2 personnes,Saas Fee - Valais
09/05/2024,28/09/2024,05/10/2024,681.68,HRC0P25,35 m² Appartement ∙ 1 chambre ∙ 2 personnes,Saas Fee - Valais
09/05/2024,05/10/2024,12/10/2024,681.68,HRC0P25,35 m² Appartement ∙ 1 chambre ∙ 2 personnes,Saas Fee - Valais
09/05/2024,12/10/2024,19/10/2024,681.68,HRC0P25,35 m² Appartement ∙ 1 chambre ∙ 2 personnes,Saas Fee - Valais
09/05/2024,19/10/2024,26/10/2024,681.68,HRC0P25,35 m² Appartement ∙ 1 chambre ∙ 2 personnes,Saas Fee - Valais
09/05/2024,26/10/2024,02/11/2024,681.68,HRC0P25,35 m² Appartement ∙ 1 chambre ∙ 2 personnes,Saas Fee - Valais
09/05/2024,11/05/2024,18/05/2024,1929.56,H69TJEG,160 m² Maison de vacances ∙ 4 chambres ∙ 8 personnes,Riddes - Valais
09/05/2024,18/05/2024,25/05/2024,1929.56,H69TJEG,160 m² Maison de vacances ∙ 4 chambres ∙ 8 personnes,Riddes - Valais
09/05/2024,25/05/2024,01/06/2024,1929.56,H69TJEG,160 m² Maison de vacances ∙ 4 chambres ∙ 8 personnes,Riddes - Valais
09/05/2024,01/06/2024,08/06/2024,1929.56,H69TJEG,160 m² Maison de vacances ∙ 4 chambres ∙ 8 personnes,Riddes - Valais
09/05/2024,08/06/2024,15/06/2024,1929.56,H69TJEG,160 m² Maison de vacances ∙ 4 chambres ∙ 8 personnes,Riddes - Valais
09/05/2024,15/06/2024,22/06/2024,1929.56,H69TJEG,160 m² Maison de vacances ∙ 4 chambres ∙ 8 personnes,Riddes - Valais
09/05/2024,22/06/2024,29/06/2024,1929.56,H69TJEG,160 m² Maison de vacances ∙ 4 chambres ∙ 8 personnes,Riddes - Valais
09/05/2024,29/06/2024,06/07/2024,2137.53,H69TJEG,160 m² Maison de vacances ∙ 4 chambres ∙ 8 personnes,Riddes - Valais
09/05/2024,06/07/2024,13/07/2024,2137.53,H69TJEG,160 m² Maison de vacances ∙ 4 chambres ∙ 8 personnes,Riddes - Valais
09/05/2024,03/08/2024,10/08/2024,3240.57,H69TJEG,160 m² Maison de vacances ∙ 4 chambres ∙ 8 personnes,Riddes - Valais
09/05/2024,10/08/2024,17/08/2024,2137.53,H69TJEG,160 m² Maison de vacances ∙ 4 chambres ∙ 8 personnes,Riddes - Valais
09/05/2024,17/08/2024,24/08/2024,2137.53,H69TJEG,160 m² Maison de vacances ∙ 4 chambres ∙ 8 personnes,Riddes - Valais
09/05/2024,24/08/2024,31/08/2024,2137.53,H69TJEG,160 m² Maison de vacances ∙ 4 chambres ∙ 8 personnes,Riddes - Valais
09/05/2024,31/08/2024,07/09/2024,1929.56,H69TJEG,160 m² Maison de vacances ∙ 4 chambres ∙ 8 personnes,Riddes - Valais
09/05/2024,07/09/2024,14/09/2024,1929.56,H69TJEG,160 m² Maison de vacances ∙ 4 chambres ∙ 8 personnes,Riddes - Valais
09/05/2024,14/09/2024,21/09/2024,1929.56,H69TJEG,160 m² Maison de vacances ∙ 4 chambres ∙ 8 personnes,Riddes - Valais
09/05/2024,21/09/2024,28/09/2024,1929.56,H69TJEG,160 m² Maison de vacances ∙ 4 chambres ∙ 8 personnes,Riddes - Valais
09/05/2024,28/09/2024,05/10/2024,1929.56,H69TJEG,160 m² Maison de vacances ∙ 4 chambres ∙ 8 personnes,Riddes - Valais
09/05/2024,05/10/2024,12/10/2024,1929.56,H69TJEG,160 m² Maison de vacances ∙ 4 chambres ∙ 8 personnes,Riddes - Valais
09/05/2024,12/10/2024,19/10/2024,1929.56,H69TJEG,160 m² Maison de vacances ∙ 4 chambres ∙ 8 personnes,Riddes - Valais
09/05/2024,19/10/2024,26/10/2024,1929.56,H69TJEG,160 m² Maison de vacances ∙ 4 chambres ∙ 8 personnes,Riddes - Valais
09/05/2024,26/10/2024,02/11/2024,1929.56,H69TJEG,160 m² Maison de vacances ∙ 4 chambres ∙ 8 personnes,Riddes - Valais
09/05/2024,11/05/2024,18/05/2024,1661.96,HEALGTK,150 m² Maison de vacances ∙ 5 chambres ∙ 10 personnes,Riddes - Valais
09/05/2024,18/05/2024,25/05/2024,1661.96,HEALGTK,150 m² Maison de vacances ∙ 5 chambres ∙ 10 personnes,Riddes - Valais
09/05/2024,25/05/2024,01/06/2024,1661.96,HEALGTK,150 m² Maison de vacances ∙ 5 chambres ∙ 10 personnes,Riddes - Valais
09/05/2024,01/06/2024,08/06/2024,1661.96,HEALGTK,150 m² Maison de vacances ∙ 5 chambres ∙ 10 personnes,Riddes - Valais
09/05/2024,08/06/2024,15/06/2024,1661.96,HEALGTK,150 m² Maison de vacances ∙ 5 chambres ∙ 10 personnes,Riddes - Valais
09/05/2024,15/06/2024,22/06/2024,1661.96,HEALGTK,150 m² Maison de vacances ∙ 5 chambres ∙ 10 personnes,Riddes - Valais
09/05/2024,22/06/2024,29/06/2024,1661.96,HEALGTK,150 m² Maison de vacances ∙ 5 chambres ∙ 10 personnes,Riddes - Valais
09/05/2024,29/06/2024,06/07/2024,1661.85,HEALGTK,150 m² Maison de vacances ∙ 5 chambres ∙ 10 personnes,Riddes - Valais
09/05/2024,14/09/2024,21/09/2024,1661.95,HEALGTK,150 m² Maison de vacances ∙ 5 chambres ∙ 10 personnes,Riddes - Valais
09/05/2024,21/09/2024,28/09/2024,1661.95,HEALGTK,150 m² Maison de vacances ∙ 5 chambres ∙ 10 personnes,Riddes - Valais
09/05/2024,28/09/2024,05/10/2024,1661.95,HEALGTK,150 m² Maison de vacances ∙ 5 chambres ∙ 10 personnes,Riddes - Valais
09/05/2024,05/10/2024,12/10/2024,1661.95,HEALGTK,150 m² Maison de vacances ∙ 5 chambres ∙ 10 personnes,Riddes - Valais
09/05/2024,12/10/2024,19/10/2024,1661.95,HEALGTK,150 m² Maison de vacances ∙ 5 chambres ∙ 10 personnes,Riddes - Valais
09/05/2024,19/10/2024,26/10/2024,1661.95,HEALGTK,150 m² Maison de vacances ∙ 5 chambres ∙ 10 personnes,Riddes - Valais
09/05/2024,26/10/2024,02/11/2024,1661.95,HEALGTK,150 m² Maison de vacances ∙ 5 chambres ∙ 10 personnes,Riddes - Valais
09/05/2024,11/05/2024,18/05/2024,456.16,H6YAT9K,28 m² Appartement ∙ 1 chambre ∙ 2 personnes,Zinal - Ayer - Valais
09/05/2024,18/05/2024,25/05/2024,456.16,H6YAT9K,28 m² Appartement ∙ 1 chambre ∙ 2 personnes,Zinal - Ayer - Valais
09/05/2024,25/05/2024,01/06/2024,553.54,H6YAT9K,28 m² Appartement ∙ 1 chambre ∙ 2 personnes,Zinal - Ayer - Valais
09/05/2024,01/06/2024,08/06/2024,553.54,H6YAT9K,28 m² Appartement ∙ 1 chambre ∙ 2 personnes,Zinal - Ayer - Valais
09/05/2024,08/06/2024,15/06/2024,553.54,H6YAT9K,28 m² Appartement ∙ 1 chambre ∙ 2 personnes,Zinal - Ayer - Valais
09/05/2024,20/07/2024,27/07/2024,806.74,H6YAT9K,28 m² Appartement ∙ 1 chambre ∙ 2 personnes,Zinal - Ayer - Valais
09/05/2024,24/08/2024,31/08/2024,553.54,H6YAT9K,28 m² Appartement ∙ 1 chambre ∙ 2 personnes,Zinal - Ayer - Valais
09/05/2024,31/08/2024,07/09/2024,553.54,H6YAT9K,28 m² Appartement ∙ 1 chambre ∙ 2 personnes,Zinal - Ayer - Valais
09/05/2024,07/09/2024,14/09/2024,553.54,H6YAT9K,28 m² Appartement ∙ 1 chambre ∙ 2 personnes,Zinal - Ayer - Valais
09/05/2024,14/09/2024,21/09/2024,553.54,H6YAT9K,28 m² Appartement ∙ 1 chambre ∙ 2 personnes,Zinal - Ayer - Valais
09/05/2024,21/09/2024,28/09/2024,553.54,H6YAT9K,28 m² Appartement ∙ 1 chambre ∙ 2 personnes,Zinal - Ayer - Valais
09/05/2024,28/09/2024,05/10/2024,553.54,H6YAT9K,28 m² Appartement ∙ 1 chambre ∙ 2 personnes,Zinal - Ayer - Valais
09/05/2024,05/10/2024,12/10/2024,553.54,H6YAT9K,28 m² Appartement ∙ 1 chambre ∙ 2 personnes,Zinal - Ayer - Valais
09/05/2024,12/10/2024,19/10/2024,553.54,H6YAT9K,28 m² Appartement ∙ 1 chambre ∙ 2 personnes,Zinal - Ayer - Valais
09/05/2024,19/10/2024,26/10/2024,553.54,H6YAT9K,28 m² Appartement ∙ 1 chambre ∙ 2 personnes,Zinal - Ayer - Valais
09/05/2024,26/10/2024,02/11/2024,553.54,H6YAT9K,28 m² Appartement ∙ 1 chambre ∙ 2 personnes,Zinal - Ayer - Valais
09/05/2024,11/05/2024,18/05/2024,1346.96,HFCVA6T,85 m² Appartement ∙ 3 chambres ∙ 6 personnes,Zinal - Ayer - Valais
09/05/2024,18/05/2024,25/05/2024,1346.96,HFCVA6T,85 m² Appartement ∙ 3 chambres ∙ 6 personnes,Zinal - Ayer - Valais
09/05/2024,25/05/2024,01/06/2024,1346.96,HFCVA6T,85 m² Appartement ∙ 3 chambres ∙ 6 personnes,Zinal - Ayer - Valais
09/05/2024,01/06/2024,08/06/2024,1346.96,HFCVA6T,85 m² Appartement ∙ 3 chambres ∙ 6 personnes,Zinal - Ayer - Valais
09/05/2024,08/06/2024,15/06/2024,1346.96,HFCVA6T,85 m² Appartement ∙ 3 chambres ∙ 6 personnes,Zinal - Ayer - Valais
09/05/2024,15/06/2024,22/06/2024,1346.96,HFCVA6T,85 m² Appartement ∙ 3 chambres ∙ 6 personnes,Zinal - Ayer - Valais
09/05/2024,22/06/2024,29/06/2024,1346.96,HFCVA6T,85 m² Appartement ∙ 3 chambres ∙ 6 personnes,Zinal - Ayer - Valais
09/05/2024,29/06/2024,06/07/2024,1346.96,HFCVA6T,85 m² Appartement ∙ 3 chambres ∙ 6 personnes,Zinal - Ayer - Valais
09/05/2024,06/07/2024,13/07/2024,1346.96,HFCVA6T,85 m² Appartement ∙ 3 chambres ∙ 6 personnes,Zinal - Ayer - Valais
09/05/2024,24/08/2024,31/08/2024,1346.96,HFCVA6T,85 m² Appartement ∙ 3 chambres ∙ 6 personnes,Zinal - Ayer - Valais
09/05/2024,14/09/2024,21/09/2024,1346.96,HFCVA6T,85 m² Appartement ∙ 3 chambres ∙ 6 personnes,Zinal - Ayer - Valais
09/05/2024,21/09/2024,28/09/2024,1346.96,HFCVA6T,85 m² Appartement ∙ 3 chambres ∙ 6 personnes,Zinal - Ayer - Valais
09/05/2024,28/09/2024,05/10/2024,1346.96,HFCVA6T,85 m² Appartement ∙ 3 chambres ∙ 6 personnes,Zinal - Ayer - Valais
09/05/2024,05/10/2024,12/10/2024,1346.96,HFCVA6T,85 m² Appartement ∙ 3 chambres ∙ 6 personnes,Zinal - Ayer - Valais
09/05/2024,12/10/2024,19/10/2024,1346.96,HFCVA6T,85 m² Appartement ∙ 3 chambres ∙ 6 personnes,Zinal - Ayer - Valais
09/05/2024,19/10/2024,26/10/2024,1346.96,HFCVA6T,85 m² Appartement ∙ 3 chambres ∙ 6 personnes,Zinal - Ayer - Valais
09/05/2024,26/10/2024,02/11/2024,1346.96,HFCVA6T,85 m² Appartement ∙ 3 chambres ∙ 6 personnes,Zinal - Ayer - Valais
09/05/2024,01/06/2024,08/06/2024,552.52,HH2DUZ8,3 room apartment PMR,3 room apartment PMRZinal - Ayer - Valais
09/05/2024,15/06/2024,22/06/2024,1007.65,HH2DUZ8,3 room apartment PMR,3 room apartment PMRZinal - Ayer - Valais
09/05/2024,22/06/2024,29/06/2024,1007.65,HH2DUZ8,3 room apartment PMR,3 room apartment PMRZinal - Ayer - Valais
09/05/2024,29/06/2024,06/07/2024,1269.05,HH2DUZ8,3 room apartment PMR,3 room apartment PMRZinal - Ayer - Valais
09/05/2024,06/07/2024,13/07/2024,1551.97,HH2DUZ8,3 room apartment PMR,3 room apartment PMRZinal - Ayer - Valais
09/05/2024,13/07/2024,20/07/2024,1724.19,HH2DUZ8,3 room apartment PMR,3 room apartment PMRZinal - Ayer - Valais
09/05/2024,12/10/2024,19/10/2024,1007.65,HH2DUZ8,3 room apartment PMR,3 room apartment PMRZinal - Ayer - Valais
09/05/2024,19/10/2024,26/10/2024,709.36,HH2DUZ8,3 room apartment PMR,3 room apartment PMRZinal - Ayer - Valais
09/05/2024,18/05/2024,25/05/2024,889.77,HAW3PSD,54 m² Appartement ∙ 2 chambres ∙ 5 personnes,Zinal - Ayer - Valais
09/05/2024,25/05/2024,01/06/2024,889.77,HAW3PSD,54 m² Appartement ∙ 2 chambres ∙ 5 personnes,Zinal - Ayer - Valais
09/05/2024,01/06/2024,08/06/2024,889.77,HAW3PSD,54 m² Appartement ∙ 2 chambres ∙ 5 personnes,Zinal - Ayer - Valais
09/05/2024,08/06/2024,15/06/2024,889.77,HAW3PSD,54 m² Appartement ∙ 2 chambres ∙ 5 personnes,Zinal - Ayer - Valais
09/05/2024,15/06/2024,22/06/2024,889.77,HAW3PSD,54 m² Appartement ∙ 2 chambres ∙ 5 personnes,Zinal - Ayer - Valais
09/05/2024,22/06/2024,29/06/2024,889.77,HAW3PSD,54 m² Appartement ∙ 2 chambres ∙ 5 personnes,Zinal - Ayer - Valais
09/05/2024,29/06/2024,06/07/2024,889.77,HAW3PSD,54 m² Appartement ∙ 2 chambres ∙ 5 personnes,Zinal - Ayer - Valais
09/05/2024,06/07/2024,13/07/2024,889.77,HAW3PSD,54 m² Appartement ∙ 2 chambres ∙ 5 personnes,Zinal - Ayer - Valais
09/05/2024,24/08/2024,31/08/2024,889.77,HAW3PSD,54 m² Appartement ∙ 2 chambres ∙ 5 personnes,Zinal - Ayer - Valais
09/05/2024,31/08/2024,07/09/2024,889.77,HAW3PSD,54 m² Appartement ∙ 2 chambres ∙ 5 personnes,Zinal - Ayer - Valais
09/05/2024,07/09/2024,14/09/2024,889.77,HAW3PSD,54 m² Appartement ∙ 2 chambres ∙ 5 personnes,Zinal - Ayer - Valais
09/05/2024,14/09/2024,21/09/2024,889.77,HAW3PSD,54 m² Appartement ∙ 2 chambres ∙ 5 personnes,Zinal - Ayer - Valais
09/05/2024,21/09/2024,28/09/2024,889.77,HAW3PSD,54 m² Appartement ∙ 2 chambres ∙ 5 personnes,Zinal - Ayer - Valais
09/05/2024,28/09/2024,05/10/2024,889.77,HAW3PSD,54 m² Appartement ∙ 2 chambres ∙ 5 personnes,Zinal - Ayer - Valais
09/05/2024,05/10/2024,12/10/2024,889.77,HAW3PSD,54 m² Appartement ∙ 2 chambres ∙ 5 personnes,Zinal - Ayer - Valais
09/05/2024,12/10/2024,19/10/2024,889.77,HAW3PSD,54 m² Appartement ∙ 2 chambres ∙ 5 personnes,Zinal - Ayer - Valais
09/05/2024,19/10/2024,26/10/2024,889.77,HAW3PSD,54 m² Appartement ∙ 2 chambres ∙ 5 personnes,Zinal - Ayer - Valais
09/05/2024,26/10/2024,02/11/2024,889.77,HAW3PSD,54 m² Appartement ∙ 2 chambres ∙ 5 personnes,Zinal - Ayer - Valais
09/05/2024,11/05/2024,18/05/2024,1368.48,H05E9VG,Maison de vacances ∙ 3 chambres ∙ 5 personnes,Zinal - Ayer - Valais
09/05/2024,18/05/2024,25/05/2024,1368.48,H05E9VG,Maison de vacances ∙ 3 chambres ∙ 5 personnes,Zinal - Ayer - Valais
09/05/2024,25/05/2024,01/06/2024,1368.48,H05E9VG,Maison de vacances ∙ 3 chambres ∙ 5 personnes,Zinal - Ayer - Valais
09/05/2024,01/06/2024,08/06/2024,1368.48,H05E9VG,Maison de vacances ∙ 3 chambres ∙ 5 personnes,Zinal - Ayer - Valais
09/05/2024,08/06/2024,15/06/2024,1368.48,H05E9VG,Maison de vacances ∙ 3 chambres ∙ 5 personnes,Zinal - Ayer - Valais
09/05/2024,22/06/2024,29/06/2024,1368.48,H05E9VG,Maison de vacances ∙ 3 chambres ∙ 5 personnes,Zinal - Ayer - Valais
09/05/2024,29/06/2024,06/07/2024,1368.48,H05E9VG,Maison de vacances ∙ 3 chambres ∙ 5 personnes,Zinal - Ayer - Valais
09/05/2024,06/07/2024,13/07/2024,1368.48,H05E9VG,Maison de vacances ∙ 3 chambres ∙ 5 personnes,Zinal - Ayer - Valais
09/05/2024,24/08/2024,31/08/2024,1368.48,H05E9VG,Maison de vacances ∙ 3 chambres ∙ 5 personnes,Zinal - Ayer - Valais
09/05/2024,31/08/2024,07/09/2024,1368.48,H05E9VG,Maison de vacances ∙ 3 chambres ∙ 5 personnes,Zinal - Ayer - Valais
09/05/2024,07/09/2024,14/09/2024,1368.48,H05E9VG,Maison de vacances ∙ 3 chambres ∙ 5 personnes,Zinal - Ayer - Valais
09/05/2024,14/09/2024,21/09/2024,1368.48,H05E9VG,Maison de vacances ∙ 3 chambres ∙ 5 personnes,Zinal - Ayer - Valais
09/05/2024,21/09/2024,28/09/2024,1368.48,H05E9VG,Maison de vacances ∙ 3 chambres ∙ 5 personnes,Zinal - Ayer - Valais
09/05/2024,28/09/2024,05/10/2024,1368.48,H05E9VG,Maison de vacances ∙ 3 chambres ∙ 5 personnes,Zinal - Ayer - Valais
09/05/2024,05/10/2024,12/10/2024,1368.48,H05E9VG,Maison de vacances ∙ 3 chambres ∙ 5 personnes,Zinal - Ayer - Valais
09/05/2024,12/10/2024,19/10/2024,1368.48,H05E9VG,Maison de vacances ∙ 3 chambres ∙ 5 personnes,Zinal - Ayer - Valais
09/05/2024,19/10/2024,26/10/2024,1368.48,H05E9VG,Maison de vacances ∙ 3 chambres ∙ 5 personnes,Zinal - Ayer - Valais
09/05/2024,26/10/2024,02/11/2024,1368.48,H05E9VG,Maison de vacances ∙ 3 chambres ∙ 5 personnes,Zinal - Ayer - Valais
09/05/2024,11/05/2024,18/05/2024,1319.73,HZDLK7H,74 m² Appartement ∙ 2 chambres ∙ 6 personnes,Zinal - Ayer - Valais
09/05/2024,25/05/2024,01/06/2024,1484.70,HZDLK7H,74 m² Appartement ∙ 2 chambres ∙ 6 personnes,Zinal - Ayer - Valais
09/05/2024,01/06/2024,08/06/2024,1484.70,HZDLK7H,74 m² Appartement ∙ 2 chambres ∙ 6 personnes,Zinal - Ayer - Valais
09/05/2024,08/06/2024,15/06/2024,1484.70,HZDLK7H,74 m² Appartement ∙ 2 chambres ∙ 6 personnes,Zinal - Ayer - Valais
09/05/2024,15/06/2024,22/06/2024,1484.70,HZDLK7H,74 m² Appartement ∙ 2 chambres ∙ 6 personnes,Zinal - Ayer - Valais
09/05/2024,22/06/2024,29/06/2024,1484.70,HZDLK7H,74 m² Appartement ∙ 2 chambres ∙ 6 personnes,Zinal - Ayer - Valais
09/05/2024,29/06/2024,06/07/2024,1513.12,HZDLK7H,74 m² Appartement ∙ 2 chambres ∙ 6 personnes,Zinal - Ayer - Valais
09/05/2024,06/07/2024,13/07/2024,1513.12,HZDLK7H,74 m² Appartement ∙ 2 chambres ∙ 6 personnes,Zinal - Ayer - Valais
09/05/2024,17/08/2024,24/08/2024,1513.12,HZDLK7H,74 m² Appartement ∙ 2 chambres ∙ 6 personnes,Zinal - Ayer - Valais
09/05/2024,24/08/2024,31/08/2024,1484.70,HZDLK7H,74 m² Appartement ∙ 2 chambres ∙ 6 personnes,Zinal - Ayer - Valais
09/05/2024,31/08/2024,07/09/2024,1484.70,HZDLK7H,74 m² Appartement ∙ 2 chambres ∙ 6 personnes,Zinal - Ayer - Valais
09/05/2024,07/09/2024,14/09/2024,1484.70,HZDLK7H,74 m² Appartement ∙ 2 chambres ∙ 6 personnes,Zinal - Ayer - Valais
09/05/2024,14/09/2024,21/09/2024,1484.70,HZDLK7H,74 m² Appartement ∙ 2 chambres ∙ 6 personnes,Zinal - Ayer - Valais
09/05/2024,21/09/2024,28/09/2024,1484.70,HZDLK7H,74 m² Appartement ∙ 2 chambres ∙ 6 personnes,Zinal - Ayer - Valais
09/05/2024,28/09/2024,05/10/2024,1484.70,HZDLK7H,74 m² Appartement ∙ 2 chambres ∙ 6 personnes,Zinal - Ayer - Valais
09/05/2024,05/10/2024,12/10/2024,1484.70,HZDLK7H,74 m² Appartement ∙ 2 chambres ∙ 6 personnes,Zinal - Ayer - Valais
09/05/2024,12/10/2024,19/10/2024,1484.70,HZDLK7H,74 m² Appartement ∙ 2 chambres ∙ 6 personnes,Zinal - Ayer - Valais
09/05/2024,19/10/2024,26/10/2024,1484.70,HZDLK7H,74 m² Appartement ∙ 2 chambres ∙ 6 personnes,Zinal - Ayer - Valais
09/05/2024,26/10/2024,02/11/2024,1484.70,HZDLK7H,74 m² Appartement ∙ 2 chambres ∙ 6 personnes,Zinal - Ayer - Valais
09/05/2024,11/05/2024,18/05/2024,1462.79,HDZV9EN,Maison de vacances ∙ 3 chambres ∙ 6 personnes,Zinal - Ayer - Valais
09/05/2024,18/05/2024,25/05/2024,1462.79,HDZV9EN,Maison de vacances ∙ 3 chambres ∙ 6 personnes,Zinal - Ayer - Valais
09/05/2024,25/05/2024,01/06/2024,1462.79,HDZV9EN,Maison de vacances ∙ 3 chambres ∙ 6 personnes,Zinal - Ayer - Valais
09/05/2024,01/06/2024,08/06/2024,1462.79,HDZV9EN,Maison de vacances ∙ 3 chambres ∙ 6 personnes,Zinal - Ayer - Valais
09/05/2024,13/07/2024,20/07/2024,1761.09,HDZV9EN,Maison de vacances ∙ 3 chambres ∙ 6 personnes,Zinal - Ayer - Valais
09/05/2024,07/09/2024,14/09/2024,1462.79,HDZV9EN,Maison de vacances ∙ 3 chambres ∙ 6 personnes,Zinal - Ayer - Valais
09/05/2024,14/09/2024,21/09/2024,1462.79,HDZV9EN,Maison de vacances ∙ 3 chambres ∙ 6 personnes,Zinal - Ayer - Valais
09/05/2024,21/09/2024,28/09/2024,1462.79,HDZV9EN,Maison de vacances ∙ 3 chambres ∙ 6 personnes,Zinal - Ayer - Valais
09/05/2024,28/09/2024,05/10/2024,1462.79,HDZV9EN,Maison de vacances ∙ 3 chambres ∙ 6 personnes,Zinal - Ayer - Valais
09/05/2024,05/10/2024,12/10/2024,1462.79,HDZV9EN,Maison de vacances ∙ 3 chambres ∙ 6 personnes,Zinal - Ayer - Valais
09/05/2024,26/10/2024,02/11/2024,1462.79,HDZV9EN,Maison de vacances ∙ 3 chambres ∙ 6 personnes,Zinal - Ayer - Valais
09/05/2024,11/05/2024,18/05/2024,1067.15,H53V2HB,74 m² Appartement ∙ 2 chambres ∙ 6 personnes,Zinal - Ayer - Valais
09/05/2024,18/05/2024,25/05/2024,1067.15,H53V2HB,74 m² Appartement ∙ 2 chambres ∙ 6 personnes,Zinal - Ayer - Valais
09/05/2024,25/05/2024,01/06/2024,1200.55,H53V2HB,74 m² Appartement ∙ 2 chambres ∙ 6 personnes,Zinal - Ayer - Valais
09/05/2024,01/06/2024,08/06/2024,1200.55,H53V2HB,74 m² Appartement ∙ 2 chambres ∙ 6 personnes,Zinal - Ayer - Valais
09/05/2024,22/06/2024,29/06/2024,1200.55,H53V2HB,74 m² Appartement ∙ 2 chambres ∙ 6 personnes,Zinal - Ayer - Valais
09/05/2024,29/06/2024,06/07/2024,1257.38,H53V2HB,74 m² Appartement ∙ 2 chambres ∙ 6 personnes,Zinal - Ayer - Valais
09/05/2024,20/07/2024,27/07/2024,1507.59,H53V2HB,74 m² Appartement ∙ 2 chambres ∙ 6 personnes,Zinal - Ayer - Valais
09/05/2024,27/07/2024,03/08/2024,1507.59,H53V2HB,74 m² Appartement ∙ 2 chambres ∙ 6 personnes,Zinal - Ayer - Valais
09/05/2024,17/08/2024,24/08/2024,1257.38,H53V2HB,74 m² Appartement ∙ 2 chambres ∙ 6 personnes,Zinal - Ayer - Valais
09/05/2024,24/08/2024,31/08/2024,1200.55,H53V2HB,74 m² Appartement ∙ 2 chambres ∙ 6 personnes,Zinal - Ayer - Valais
09/05/2024,31/08/2024,07/09/2024,1200.55,H53V2HB,74 m² Appartement ∙ 2 chambres ∙ 6 personnes,Zinal - Ayer - Valais
09/05/2024,07/09/2024,14/09/2024,1200.55,H53V2HB,74 m² Appartement ∙ 2 chambres ∙ 6 personnes,Zinal - Ayer - Valais
09/05/2024,14/09/2024,21/09/2024,1200.55,H53V2HB,74 m² Appartement ∙ 2 chambres ∙ 6 personnes,Zinal - Ayer - Valais
09/05/2024,21/09/2024,28/09/2024,1200.55,H53V2HB,74 m² Appartement ∙ 2 chambres ∙ 6 personnes,Zinal - Ayer - Valais
09/05/2024,28/09/2024,05/10/2024,1200.55,H53V2HB,74 m² Appartement ∙ 2 chambres ∙ 6 personnes,Zinal - Ayer - Valais
09/05/2024,05/10/2024,12/10/2024,1200.55,H53V2HB,74 m² Appartement ∙ 2 chambres ∙ 6 personnes,Zinal - Ayer - Valais
09/05/2024,12/10/2024,19/10/2024,1200.55,H53V2HB,74 m² Appartement ∙ 2 chambres ∙ 6 personnes,Zinal - Ayer - Valais
09/05/2024,19/10/2024,26/10/2024,1200.55,H53V2HB,74 m² Appartement ∙ 2 chambres ∙ 6 personnes,Zinal - Ayer - Valais
09/05/2024,26/10/2024,02/11/2024,1200.55,H53V2HB,74 m² Appartement ∙ 2 chambres ∙ 6 personnes,Zinal - Ayer - Valais
09/05/2024,25/05/2024,01/06/2024,1565.30,HGB6MA1,Maison de vacances ∙ 3 chambres ∙ 6 personnes,Zinal - Ayer - Valais
09/05/2024,01/06/2024,08/06/2024,1565.30,HGB6MA1,Maison de vacances ∙ 3 chambres ∙ 6 personnes,Zinal - Ayer - Valais
09/05/2024,08/06/2024,15/06/2024,1565.30,HGB6MA1,Maison de vacances ∙ 3 chambres ∙ 6 personnes,Zinal - Ayer - Valais
09/05/2024,15/06/2024,22/06/2024,1565.30,HGB6MA1,Maison de vacances ∙ 3 chambres ∙ 6 personnes,Zinal - Ayer - Valais
09/05/2024,22/06/2024,29/06/2024,1565.30,HGB6MA1,Maison de vacances ∙ 3 chambres ∙ 6 personnes,Zinal - Ayer - Valais
09/05/2024,29/06/2024,06/07/2024,1565.30,HGB6MA1,Maison de vacances ∙ 3 chambres ∙ 6 personnes,Zinal - Ayer - Valais
09/05/2024,06/07/2024,13/07/2024,1565.30,HGB6MA1,Maison de vacances ∙ 3 chambres ∙ 6 personnes,Zinal - Ayer - Valais
09/05/2024,13/07/2024,20/07/2024,1788.77,HGB6MA1,Maison de vacances ∙ 3 chambres ∙ 6 personnes,Zinal - Ayer - Valais
09/05/2024,03/08/2024,10/08/2024,1788.77,HGB6MA1,Maison de vacances ∙ 3 chambres ∙ 6 personnes,Zinal - Ayer - Valais
09/05/2024,17/08/2024,24/08/2024,1565.30,HGB6MA1,Maison de vacances ∙ 3 chambres ∙ 6 personnes,Zinal - Ayer - Valais
09/05/2024,07/09/2024,14/09/2024,1565.30,HGB6MA1,Maison de vacances ∙ 3 chambres ∙ 6 personnes,Zinal - Ayer - Valais
09/05/2024,14/09/2024,21/09/2024,1565.30,HGB6MA1,Maison de vacances ∙ 3 chambres ∙ 6 personnes,Zinal - Ayer - Valais
09/05/2024,21/09/2024,28/09/2024,1565.30,HGB6MA1,Maison de vacances ∙ 3 chambres ∙ 6 personnes,Zinal - Ayer - Valais
09/05/2024,28/09/2024,05/10/2024,1565.30,HGB6MA1,Maison de vacances ∙ 3 chambres ∙ 6 personnes,Zinal - Ayer - Valais
09/05/2024,05/10/2024,12/10/2024,1565.30,HGB6MA1,Maison de vacances ∙ 3 chambres ∙ 6 personnes,Zinal - Ayer - Valais
09/05/2024,12/10/2024,19/10/2024,1565.30,HGB6MA1,Maison de vacances ∙ 3 chambres ∙ 6 personnes,Zinal - Ayer - Valais
09/05/2024,19/10/2024,26/10/2024,1565.30,HGB6MA1,Maison de vacances ∙ 3 chambres ∙ 6 personnes,Zinal - Ayer - Valais
09/05/2024,26/10/2024,02/11/2024,1565.30,HGB6MA1,Maison de vacances ∙ 3 chambres ∙ 6 personnes,Zinal - Ayer - Valais
09/05/2024,18/05/2024,25/05/2024,1529.42,H5NW2CF,120 m² Appartement ∙ 3 chambres ∙ 6 personnes,Zinal - Ayer - Valais
09/05/2024,25/05/2024,01/06/2024,1529.42,H5NW2CF,120 m² Appartement ∙ 3 chambres ∙ 6 personnes,Zinal - Ayer - Valais
09/05/2024,01/06/2024,08/06/2024,1529.42,H5NW2CF,120 m² Appartement ∙ 3 chambres ∙ 6 personnes,Zinal - Ayer - Valais
09/05/2024,08/06/2024,15/06/2024,1529.42,H5NW2CF,120 m² Appartement ∙ 3 chambres ∙ 6 personnes,Zinal - Ayer - Valais
09/05/2024,15/06/2024,22/06/2024,1529.42,H5NW2CF,120 m² Appartement ∙ 3 chambres ∙ 6 personnes,Zinal - Ayer - Valais
09/05/2024,22/06/2024,29/06/2024,1529.42,H5NW2CF,120 m² Appartement ∙ 3 chambres ∙ 6 personnes,Zinal - Ayer - Valais
09/05/2024,13/07/2024,20/07/2024,1656.53,H5NW2CF,120 m² Appartement ∙ 3 chambres ∙ 6 personnes,Zinal - Ayer - Valais
09/05/2024,17/08/2024,24/08/2024,1529.42,H5NW2CF,120 m² Appartement ∙ 3 chambres ∙ 6 personnes,Zinal - Ayer - Valais
09/05/2024,24/08/2024,31/08/2024,1529.42,H5NW2CF,120 m² Appartement ∙ 3 chambres ∙ 6 personnes,Zinal - Ayer - Valais
09/05/2024,31/08/2024,07/09/2024,1529.42,H5NW2CF,120 m² Appartement ∙ 3 chambres ∙ 6 personnes,Zinal - Ayer - Valais
09/05/2024,07/09/2024,14/09/2024,1529.42,H5NW2CF,120 m² Appartement ∙ 3 chambres ∙ 6 personnes,Zinal - Ayer - Valais
09/05/2024,14/09/2024,21/09/2024,1529.42,H5NW2CF,120 m² Appartement ∙ 3 chambres ∙ 6 personnes,Zinal - Ayer - Valais
09/05/2024,21/09/2024,28/09/2024,1529.42,H5NW2CF,120 m² Appartement ∙ 3 chambres ∙ 6 personnes,Zinal - Ayer - Valais
09/05/2024,28/09/2024,05/10/2024,1529.42,H5NW2CF,120 m² Appartement ∙ 3 chambres ∙ 6 personnes,Zinal - Ayer - Valais
09/05/2024,05/10/2024,12/10/2024,1529.42,H5NW2CF,120 m² Appartement ∙ 3 chambres ∙ 6 personnes,Zinal - Ayer - Valais
09/05/2024,12/10/2024,19/10/2024,1529.42,H5NW2CF,120 m² Appartement ∙ 3 chambres ∙ 6 personnes,Zinal - Ayer - Valais
09/05/2024,19/10/2024,26/10/2024,1529.42,H5NW2CF,120 m² Appartement ∙ 3 chambres ∙ 6 personnes,Zinal - Ayer - Valais
09/05/2024,26/10/2024,02/11/2024,1529.42,H5NW2CF,120 m² Appartement ∙ 3 chambres ∙ 6 personnes,Zinal - Ayer - Valais
09/05/2024,18/05/2024,25/05/2024,451.00,HPXV46D,34 m² Maison de vacances ∙ 1 chambre ∙ 4 personnes,Zinal - Ayer - Valais
09/05/2024,25/05/2024,01/06/2024,451.00,HPXV46D,34 m² Maison de vacances ∙ 1 chambre ∙ 4 personnes,Zinal - Ayer - Valais
09/05/2024,01/06/2024,08/06/2024,451.00,HPXV46D,34 m² Maison de vacances ∙ 1 chambre ∙ 4 personnes,Zinal - Ayer - Valais
09/05/2024,08/06/2024,15/06/2024,633.00,HPXV46D,34 m² Maison de vacances ∙ 1 chambre ∙ 4 personnes,Zinal - Ayer - Valais
09/05/2024,15/06/2024,22/06/2024,824.00,HPXV46D,34 m² Maison de vacances ∙ 1 chambre ∙ 4 personnes,Zinal - Ayer - Valais
09/05/2024,22/06/2024,29/06/2024,824.00,HPXV46D,34 m² Maison de vacances ∙ 1 chambre ∙ 4 personnes,Zinal - Ayer - Valais
09/05/2024,29/06/2024,06/07/2024,1024.00,HPXV46D,34 m² Maison de vacances ∙ 1 chambre ∙ 4 personnes,Zinal - Ayer - Valais
09/05/2024,06/07/2024,13/07/2024,1248.00,HPXV46D,34 m² Maison de vacances ∙ 1 chambre ∙ 4 personnes,Zinal - Ayer - Valais
09/05/2024,13/07/2024,20/07/2024,1381.00,HPXV46D,34 m² Maison de vacances ∙ 1 chambre ∙ 4 personnes,Zinal - Ayer - Valais
09/05/2024,20/07/2024,27/07/2024,1381.00,HPXV46D,34 m² Maison de vacances ∙ 1 chambre ∙ 4 personnes,Zinal - Ayer - Valais
09/05/2024,27/07/2024,03/08/2024,1248.00,HPXV46D,34 m² Maison de vacances ∙ 1 chambre ∙ 4 personnes,Zinal - Ayer - Valais
09/05/2024,24/08/2024,31/08/2024,575.00,HPXV46D,34 m² Maison de vacances ∙ 1 chambre ∙ 4 personnes,Zinal - Ayer - Valais
09/05/2024,31/08/2024,07/09/2024,575.00,HPXV46D,34 m² Maison de vacances ∙ 1 chambre ∙ 4 personnes,Zinal - Ayer - Valais
09/05/2024,07/09/2024,14/09/2024,575.00,HPXV46D,34 m² Maison de vacances ∙ 1 chambre ∙ 4 personnes,Zinal - Ayer - Valais
09/05/2024,14/09/2024,21/09/2024,575.00,HPXV46D,34 m² Maison de vacances ∙ 1 chambre ∙ 4 personnes,Zinal - Ayer - Valais
09/05/2024,21/09/2024,28/09/2024,575.00,HPXV46D,34 m² Maison de vacances ∙ 1 chambre ∙ 4 personnes,Zinal - Ayer - Valais
09/05/2024,28/09/2024,05/10/2024,575.00,HPXV46D,34 m² Maison de vacances ∙ 1 chambre ∙ 4 personnes,Zinal - Ayer - Valais
09/05/2024,05/10/2024,12/10/2024,824.00,HPXV46D,34 m² Maison de vacances ∙ 1 chambre ∙ 4 personnes,Zinal - Ayer - Valais
09/05/2024,12/10/2024,19/10/2024,824.00,HPXV46D,34 m² Maison de vacances ∙ 1 chambre ∙ 4 personnes,Zinal - Ayer - Valais
09/05/2024,19/10/2024,26/10/2024,575.00,HPXV46D,34 m² Maison de vacances ∙ 1 chambre ∙ 4 personnes,Zinal - Ayer - Valais
09/05/2024,11/05/2024,18/05/2024,1054.53,HGLV9FA,56 m² Appartement ∙ 2 chambres ∙ 6 personnes,Zinal - Ayer - Valais
09/05/2024,18/05/2024,25/05/2024,1054.53,HGLV9FA,56 m² Appartement ∙ 2 chambres ∙ 6 personnes,Zinal - Ayer - Valais
09/05/2024,25/05/2024,01/06/2024,1186.34,HGLV9FA,56 m² Appartement ∙ 2 chambres ∙ 6 personnes,Zinal - Ayer - Valais
09/05/2024,01/06/2024,08/06/2024,1186.34,HGLV9FA,56 m² Appartement ∙ 2 chambres ∙ 6 personnes,Zinal - Ayer - Valais
09/05/2024,08/06/2024,15/06/2024,1186.34,HGLV9FA,56 m² Appartement ∙ 2 chambres ∙ 6 personnes,Zinal - Ayer - Valais
09/05/2024,15/06/2024,22/06/2024,1186.34,HGLV9FA,56 m² Appartement ∙ 2 chambres ∙ 6 personnes,Zinal - Ayer - Valais
09/05/2024,22/06/2024,29/06/2024,1186.34,HGLV9FA,56 m² Appartement ∙ 2 chambres ∙ 6 personnes,Zinal - Ayer - Valais
09/05/2024,29/06/2024,06/07/2024,1250.28,HGLV9FA,56 m² Appartement ∙ 2 chambres ∙ 6 personnes,Zinal - Ayer - Valais
09/05/2024,06/07/2024,13/07/2024,1250.28,HGLV9FA,56 m² Appartement ∙ 2 chambres ∙ 6 personnes,Zinal - Ayer - Valais
09/05/2024,13/07/2024,20/07/2024,1483.91,HGLV9FA,56 m² Appartement ∙ 2 chambres ∙ 6 personnes,Zinal - Ayer - Valais
09/05/2024,20/07/2024,27/07/2024,1483.91,HGLV9FA,56 m² Appartement ∙ 2 chambres ∙ 6 personnes,Zinal - Ayer - Valais
09/05/2024,17/08/2024,24/08/2024,1250.28,HGLV9FA,56 m² Appartement ∙ 2 chambres ∙ 6 personnes,Zinal - Ayer - Valais
09/05/2024,24/08/2024,31/08/2024,1186.34,HGLV9FA,56 m² Appartement ∙ 2 chambres ∙ 6 personnes,Zinal - Ayer - Valais
09/05/2024,31/08/2024,07/09/2024,1186.34,HGLV9FA,56 m² Appartement ∙ 2 chambres ∙ 6 personnes,Zinal - Ayer - Valais
09/05/2024,07/09/2024,14/09/2024,1186.34,HGLV9FA,56 m² Appartement ∙ 2 chambres ∙ 6 personnes,Zinal - Ayer - Valais
09/05/2024,14/09/2024,21/09/2024,1186.34,HGLV9FA,56 m² Appartement ∙ 2 chambres ∙ 6 personnes,Zinal - Ayer - Valais
09/05/2024,21/09/2024,28/09/2024,1186.34,HGLV9FA,56 m² Appartement ∙ 2 chambres ∙ 6 personnes,Zinal - Ayer - Valais
09/05/2024,28/09/2024,05/10/2024,1186.34,HGLV9FA,56 m² Appartement ∙ 2 chambres ∙ 6 personnes,Zinal - Ayer - Valais
09/05/2024,05/10/2024,12/10/2024,1186.34,HGLV9FA,56 m² Appartement ∙ 2 chambres ∙ 6 personnes,Zinal - Ayer - Valais
09/05/2024,12/10/2024,19/10/2024,1186.34,HGLV9FA,56 m² Appartement ∙ 2 chambres ∙ 6 personnes,Zinal - Ayer - Valais
09/05/2024,19/10/2024,26/10/2024,1186.34,HGLV9FA,56 m² Appartement ∙ 2 chambres ∙ 6 personnes,Zinal - Ayer - Valais
09/05/2024,11/05/2024,18/05/2024,509.00,HPKN8VZ,28 m² Maison de vacances ∙ 1 chambre ∙ 2 personnes,Zinal - Ayer - Valais
09/05/2024,18/05/2024,25/05/2024,509.00,HPKN8VZ,28 m² Maison de vacances ∙ 1 chambre ∙ 2 personnes,Zinal - Ayer - Valais
09/05/2024,25/05/2024,01/06/2024,618.00,HPKN8VZ,28 m² Maison de vacances ∙ 1 chambre ∙ 2 personnes,Zinal - Ayer - Valais
09/05/2024,01/06/2024,08/06/2024,618.00,HPKN8VZ,28 m² Maison de vacances ∙ 1 chambre ∙ 2 personnes,Zinal - Ayer - Valais
09/05/2024,08/06/2024,15/06/2024,618.00,HPKN8VZ,28 m² Maison de vacances ∙ 1 chambre ∙ 2 personnes,Zinal - Ayer - Valais
09/05/2024,20/07/2024,27/07/2024,900.00,HPKN8VZ,28 m² Maison de vacances ∙ 1 chambre ∙ 2 personnes,Zinal - Ayer - Valais
09/05/2024,24/08/2024,31/08/2024,618.00,HPKN8VZ,28 m² Maison de vacances ∙ 1 chambre ∙ 2 personnes,Zinal - Ayer - Valais
09/05/2024,31/08/2024,07/09/2024,618.00,HPKN8VZ,28 m² Maison de vacances ∙ 1 chambre ∙ 2 personnes,Zinal - Ayer - Valais
09/05/2024,07/09/2024,14/09/2024,618.00,HPKN8VZ,28 m² Maison de vacances ∙ 1 chambre ∙ 2 personnes,Zinal - Ayer - Valais
09/05/2024,14/09/2024,21/09/2024,618.00,HPKN8VZ,28 m² Maison de vacances ∙ 1 chambre ∙ 2 personnes,Zinal - Ayer - Valais
09/05/2024,21/09/2024,28/09/2024,618.00,HPKN8VZ,28 m² Maison de vacances ∙ 1 chambre ∙ 2 personnes,Zinal - Ayer - Valais
09/05/2024,28/09/2024,05/10/2024,618.00,HPKN8VZ,28 m² Maison de vacances ∙ 1 chambre ∙ 2 personnes,Zinal - Ayer - Valais
09/05/2024,05/10/2024,12/10/2024,618.00,HPKN8VZ,28 m² Maison de vacances ∙ 1 chambre ∙ 2 personnes,Zinal - Ayer - Valais
09/05/2024,12/10/2024,19/10/2024,618.00,HPKN8VZ,28 m² Maison de vacances ∙ 1 chambre ∙ 2 personnes,Zinal - Ayer - Valais
09/05/2024,19/10/2024,26/10/2024,618.00,HPKN8VZ,28 m² Maison de vacances ∙ 1 chambre ∙ 2 personnes,Zinal - Ayer - Valais
09/05/2024,26/10/2024,02/11/2024,618.00,HPKN8VZ,28 m² Maison de vacances ∙ 1 chambre ∙ 2 personnes,Zinal - Ayer - Valais
09/05/2024,11/05/2024,18/05/2024,1944.58,HS43VP0,150 m² Maison de vacances ∙ 4 chambres ∙ 10 personnes,Zinal - Ayer - Valais
09/05/2024,18/05/2024,25/05/2024,1944.58,HS43VP0,150 m² Maison de vacances ∙ 4 chambres ∙ 10 personnes,Zinal - Ayer - Valais
09/05/2024,25/05/2024,01/06/2024,1944.58,HS43VP0,150 m² Maison de vacances ∙ 4 chambres ∙ 10 personnes,Zinal - Ayer - Valais
09/05/2024,01/06/2024,08/06/2024,1944.58,HS43VP0,150 m² Maison de vacances ∙ 4 chambres ∙ 10 personnes,Zinal - Ayer - Valais
09/05/2024,08/06/2024,15/06/2024,1944.58,HS43VP0,150 m² Maison de vacances ∙ 4 chambres ∙ 10 personnes,Zinal - Ayer - Valais
09/05/2024,15/06/2024,22/06/2024,1944.58,HS43VP0,150 m² Maison de vacances ∙ 4 chambres ∙ 10 personnes,Zinal - Ayer - Valais
09/05/2024,22/06/2024,29/06/2024,1944.58,HS43VP0,150 m² Maison de vacances ∙ 4 chambres ∙ 10 personnes,Zinal - Ayer - Valais
09/05/2024,13/07/2024,20/07/2024,2242.74,HS43VP0,150 m² Maison de vacances ∙ 4 chambres ∙ 10 personnes,Zinal - Ayer - Valais
09/05/2024,20/07/2024,27/07/2024,2467.22,HS43VP0,150 m² Maison de vacances ∙ 4 chambres ∙ 10 personnes,Zinal - Ayer - Valais
09/05/2024,24/08/2024,31/08/2024,1944.46,HS43VP0,150 m² Maison de vacances ∙ 4 chambres ∙ 10 personnes,Zinal - Ayer - Valais
09/05/2024,31/08/2024,07/09/2024,1944.46,HS43VP0,150 m² Maison de vacances ∙ 4 chambres ∙ 10 personnes,Zinal - Ayer - Valais
09/05/2024,07/09/2024,14/09/2024,1944.46,HS43VP0,150 m² Maison de vacances ∙ 4 chambres ∙ 10 personnes,Zinal - Ayer - Valais
09/05/2024,14/09/2024,21/09/2024,1944.46,HS43VP0,150 m² Maison de vacances ∙ 4 chambres ∙ 10 personnes,Zinal - Ayer - Valais
09/05/2024,21/09/2024,28/09/2024,1944.46,HS43VP0,150 m² Maison de vacances ∙ 4 chambres ∙ 10 personnes,Zinal - Ayer - Valais
09/05/2024,28/09/2024,05/10/2024,1944.46,HS43VP0,150 m² Maison de vacances ∙ 4 chambres ∙ 10 personnes,Zinal - Ayer - Valais
09/05/2024,05/10/2024,12/10/2024,1944.46,HS43VP0,150 m² Maison de vacances ∙ 4 chambres ∙ 10 personnes,Zinal - Ayer - Valais
09/05/2024,12/10/2024,19/10/2024,1944.46,HS43VP0,150 m² Maison de vacances ∙ 4 chambres ∙ 10 personnes,Zinal - Ayer - Valais
09/05/2024,19/10/2024,26/10/2024,1944.46,HS43VP0,150 m² Maison de vacances ∙ 4 chambres ∙ 10 personnes,Zinal - Ayer - Valais
09/05/2024,26/10/2024,02/11/2024,1944.46,HS43VP0,150 m² Maison de vacances ∙ 4 chambres ∙ 10 personnes,Zinal - Ayer - Valais
09/05/2024,11/05/2024,18/05/2024,1633.78,H3WN8KM,72 m² Appartement ∙ 2 chambres ∙ 6 personnes,Zinal - Ayer - Valais
09/05/2024,18/05/2024,25/05/2024,1633.78,H3WN8KM,72 m² Appartement ∙ 2 chambres ∙ 6 personnes,Zinal - Ayer - Valais
09/05/2024,25/05/2024,01/06/2024,1960.53,H3WN8KM,72 m² Appartement ∙ 2 chambres ∙ 6 personnes,Zinal - Ayer - Valais
09/05/2024,01/06/2024,08/06/2024,1960.53,H3WN8KM,72 m² Appartement ∙ 2 chambres ∙ 6 personnes,Zinal - Ayer - Valais
09/05/2024,08/06/2024,15/06/2024,1960.53,H3WN8KM,72 m² Appartement ∙ 2 chambres ∙ 6 personnes,Zinal - Ayer - Valais
09/05/2024,15/06/2024,22/06/2024,1960.53,H3WN8KM,72 m² Appartement ∙ 2 chambres ∙ 6 personnes,Zinal - Ayer - Valais
09/05/2024,22/06/2024,29/06/2024,1960.53,H3WN8KM,72 m² Appartement ∙ 2 chambres ∙ 6 personnes,Zinal - Ayer - Valais
09/05/2024,29/06/2024,06/07/2024,1988.95,H3WN8KM,72 m² Appartement ∙ 2 chambres ∙ 6 personnes,Zinal - Ayer - Valais
09/05/2024,06/07/2024,13/07/2024,1988.95,H3WN8KM,72 m² Appartement ∙ 2 chambres ∙ 6 personnes,Zinal - Ayer - Valais
09/05/2024,13/07/2024,20/07/2024,2312.54,H3WN8KM,72 m² Appartement ∙ 2 chambres ∙ 6 personnes,Zinal - Ayer - Valais
09/05/2024,20/07/2024,27/07/2024,2312.54,H3WN8KM,72 m² Appartement ∙ 2 chambres ∙ 6 personnes,Zinal - Ayer - Valais
09/05/2024,27/07/2024,03/08/2024,2312.54,H3WN8KM,72 m² Appartement ∙ 2 chambres ∙ 6 personnes,Zinal - Ayer - Valais
09/05/2024,03/08/2024,10/08/2024,2312.54,H3WN8KM,72 m² Appartement ∙ 2 chambres ∙ 6 personnes,Zinal - Ayer - Valais
09/05/2024,10/08/2024,17/08/2024,2312.54,H3WN8KM,72 m² Appartement ∙ 2 chambres ∙ 6 personnes,Zinal - Ayer - Valais
09/05/2024,17/08/2024,24/08/2024,1988.95,H3WN8KM,72 m² Appartement ∙ 2 chambres ∙ 6 personnes,Zinal - Ayer - Valais
09/05/2024,24/08/2024,31/08/2024,1960.53,H3WN8KM,72 m² Appartement ∙ 2 chambres ∙ 6 personnes,Zinal - Ayer - Valais
09/05/2024,31/08/2024,07/09/2024,1960.53,H3WN8KM,72 m² Appartement ∙ 2 chambres ∙ 6 personnes,Zinal - Ayer - Valais
09/05/2024,07/09/2024,14/09/2024,1960.53,H3WN8KM,72 m² Appartement ∙ 2 chambres ∙ 6 personnes,Zinal - Ayer - Valais
09/05/2024,14/09/2024,21/09/2024,1960.53,H3WN8KM,72 m² Appartement ∙ 2 chambres ∙ 6 personnes,Zinal - Ayer - Valais
09/05/2024,21/09/2024,28/09/2024,1960.53,H3WN8KM,72 m² Appartement ∙ 2 chambres ∙ 6 personnes,Zinal - Ayer - Valais
09/05/2024,28/09/2024,05/10/2024,1960.53,H3WN8KM,72 m² Appartement ∙ 2 chambres ∙ 6 personnes,Zinal - Ayer - Valais
09/05/2024,05/10/2024,12/10/2024,1960.53,H3WN8KM,72 m² Appartement ∙ 2 chambres ∙ 6 personnes,Zinal - Ayer - Valais
09/05/2024,12/10/2024,19/10/2024,1960.53,H3WN8KM,72 m² Appartement ∙ 2 chambres ∙ 6 personnes,Zinal - Ayer - Valais
09/05/2024,19/10/2024,26/10/2024,1960.53,H3WN8KM,72 m² Appartement ∙ 2 chambres ∙ 6 personnes,Zinal - Ayer - Valais
09/05/2024,11/05/2024,18/05/2024,1631.00,HJV2ZK9,Villa ∙ 3 chambres ∙ 6 personnes,Zinal - Ayer - Valais
09/05/2024,18/05/2024,25/05/2024,1631.00,HJV2ZK9,Villa ∙ 3 chambres ∙ 6 personnes,Zinal - Ayer - Valais
09/05/2024,25/05/2024,01/06/2024,1631.00,HJV2ZK9,Villa ∙ 3 chambres ∙ 6 personnes,Zinal - Ayer - Valais
09/05/2024,01/06/2024,08/06/2024,1631.00,HJV2ZK9,Villa ∙ 3 chambres ∙ 6 personnes,Zinal - Ayer - Valais
09/05/2024,13/07/2024,20/07/2024,1964.00,HJV2ZK9,Villa ∙ 3 chambres ∙ 6 personnes,Zinal - Ayer - Valais
09/05/2024,07/09/2024,14/09/2024,1631.00,HJV2ZK9,Villa ∙ 3 chambres ∙ 6 personnes,Zinal - Ayer - Valais
09/05/2024,14/09/2024,21/09/2024,1631.00,HJV2ZK9,Villa ∙ 3 chambres ∙ 6 personnes,Zinal - Ayer - Valais
09/05/2024,21/09/2024,28/09/2024,1631.00,HJV2ZK9,Villa ∙ 3 chambres ∙ 6 personnes,Zinal - Ayer - Valais
09/05/2024,28/09/2024,05/10/2024,1631.00,HJV2ZK9,Villa ∙ 3 chambres ∙ 6 personnes,Zinal - Ayer - Valais
09/05/2024,05/10/2024,12/10/2024,1631.00,HJV2ZK9,Villa ∙ 3 chambres ∙ 6 personnes,Zinal - Ayer - Valais
09/05/2024,26/10/2024,02/11/2024,1631.00,HJV2ZK9,Villa ∙ 3 chambres ∙ 6 personnes,Zinal - Ayer - Valais
09/05/2024,18/05/2024,25/05/2024,681.00,HMWPBN5,54 m² Maison de vacances ∙ 2 chambres ∙ 6 personnes,Zinal - Ayer - Valais
09/05/2024,25/05/2024,01/06/2024,681.00,HMWPBN5,54 m² Maison de vacances ∙ 2 chambres ∙ 6 personnes,Zinal - Ayer - Valais
09/05/2024,01/06/2024,08/06/2024,681.00,HMWPBN5,54 m² Maison de vacances ∙ 2 chambres ∙ 6 personnes,Zinal - Ayer - Valais
09/05/2024,08/06/2024,15/06/2024,957.00,HMWPBN5,54 m² Maison de vacances ∙ 2 chambres ∙ 6 personnes,Zinal - Ayer - Valais
09/05/2024,15/06/2024,22/06/2024,1248.00,HMWPBN5,54 m² Maison de vacances ∙ 2 chambres ∙ 6 personnes,Zinal - Ayer - Valais
09/05/2024,22/06/2024,29/06/2024,1248.00,HMWPBN5,54 m² Maison de vacances ∙ 2 chambres ∙ 6 personnes,Zinal - Ayer - Valais
09/05/2024,06/07/2024,13/07/2024,1915.00,HMWPBN5,54 m² Maison de vacances ∙ 2 chambres ∙ 6 personnes,Zinal - Ayer - Valais
09/05/2024,13/07/2024,20/07/2024,2122.00,HMWPBN5,54 m² Maison de vacances ∙ 2 chambres ∙ 6 personnes,Zinal - Ayer - Valais
09/05/2024,27/07/2024,03/08/2024,1915.00,HMWPBN5,54 m² Maison de vacances ∙ 2 chambres ∙ 6 personnes,Zinal - Ayer - Valais
09/05/2024,17/08/2024,24/08/2024,1248.00,HMWPBN5,54 m² Maison de vacances ∙ 2 chambres ∙ 6 personnes,Zinal - Ayer - Valais
09/05/2024,24/08/2024,31/08/2024,874.00,HMWPBN5,54 m² Maison de vacances ∙ 2 chambres ∙ 6 personnes,Zinal - Ayer - Valais
09/05/2024,31/08/2024,07/09/2024,874.00,HMWPBN5,54 m² Maison de vacances ∙ 2 chambres ∙ 6 personnes,Zinal - Ayer - Valais
09/05/2024,07/09/2024,14/09/2024,874.00,HMWPBN5,54 m² Maison de vacances ∙ 2 chambres ∙ 6 personnes,Zinal - Ayer - Valais
09/05/2024,14/09/2024,21/09/2024,874.00,HMWPBN5,54 m² Maison de vacances ∙ 2 chambres ∙ 6 personnes,Zinal - Ayer - Valais
09/05/2024,21/09/2024,28/09/2024,874.00,HMWPBN5,54 m² Maison de vacances ∙ 2 chambres ∙ 6 personnes,Zinal - Ayer - Valais
09/05/2024,28/09/2024,05/10/2024,874.00,HMWPBN5,54 m² Maison de vacances ∙ 2 chambres ∙ 6 personnes,Zinal - Ayer - Valais
09/05/2024,05/10/2024,12/10/2024,1248.00,HMWPBN5,54 m² Maison de vacances ∙ 2 chambres ∙ 6 personnes,Zinal - Ayer - Valais
09/05/2024,12/10/2024,19/10/2024,1248.00,HMWPBN5,54 m² Maison de vacances ∙ 2 chambres ∙ 6 personnes,Zinal - Ayer - Valais
09/05/2024,19/10/2024,26/10/2024,874.00,HMWPBN5,54 m² Maison de vacances ∙ 2 chambres ∙ 6 personnes,Zinal - Ayer - Valais
09/05/2024,11/05/2024,18/05/2024,1527.00,HT9BLY0,Villa ∙ 3 chambres ∙ 5 personnes,Zinal - Ayer - Valais
09/05/2024,18/05/2024,25/05/2024,1527.00,HT9BLY0,Villa ∙ 3 chambres ∙ 5 personnes,Zinal - Ayer - Valais
09/05/2024,25/05/2024,01/06/2024,1527.00,HT9BLY0,Villa ∙ 3 chambres ∙ 5 personnes,Zinal - Ayer - Valais
09/05/2024,01/06/2024,08/06/2024,1527.00,HT9BLY0,Villa ∙ 3 chambres ∙ 5 personnes,Zinal - Ayer - Valais
09/05/2024,08/06/2024,15/06/2024,1527.00,HT9BLY0,Villa ∙ 3 chambres ∙ 5 personnes,Zinal - Ayer - Valais
09/05/2024,22/06/2024,29/06/2024,1527.00,HT9BLY0,Villa ∙ 3 chambres ∙ 5 personnes,Zinal - Ayer - Valais
09/05/2024,29/06/2024,06/07/2024,1527.00,HT9BLY0,Villa ∙ 3 chambres ∙ 5 personnes,Zinal - Ayer - Valais
09/05/2024,06/07/2024,13/07/2024,1527.00,HT9BLY0,Villa ∙ 3 chambres ∙ 5 personnes,Zinal - Ayer - Valais
09/05/2024,24/08/2024,31/08/2024,1527.00,HT9BLY0,Villa ∙ 3 chambres ∙ 5 personnes,Zinal - Ayer - Valais
09/05/2024,31/08/2024,07/09/2024,1527.00,HT9BLY0,Villa ∙ 3 chambres ∙ 5 personnes,Zinal - Ayer - Valais
09/05/2024,07/09/2024,14/09/2024,1527.00,HT9BLY0,Villa ∙ 3 chambres ∙ 5 personnes,Zinal - Ayer - Valais
09/05/2024,14/09/2024,21/09/2024,1527.00,HT9BLY0,Villa ∙ 3 chambres ∙ 5 personnes,Zinal - Ayer - Valais
09/05/2024,21/09/2024,28/09/2024,1527.00,HT9BLY0,Villa ∙ 3 chambres ∙ 5 personnes,Zinal - Ayer - Valais
09/05/2024,28/09/2024,05/10/2024,1527.00,HT9BLY0,Villa ∙ 3 chambres ∙ 5 personnes,Zinal - Ayer - Valais
09/05/2024,05/10/2024,12/10/2024,1527.00,HT9BLY0,Villa ∙ 3 chambres ∙ 5 personnes,Zinal - Ayer - Valais
09/05/2024,12/10/2024,19/10/2024,1527.00,HT9BLY0,Villa ∙ 3 chambres ∙ 5 personnes,Zinal - Ayer - Valais
09/05/2024,19/10/2024,26/10/2024,1527.00,HT9BLY0,Villa ∙ 3 chambres ∙ 5 personnes,Zinal - Ayer - Valais
09/05/2024,26/10/2024,02/11/2024,1527.00,HT9BLY0,Villa ∙ 3 chambres ∙ 5 personnes,Zinal - Ayer - Valais
09/05/2024,25/05/2024,01/06/2024,746.00,HNBD1US,52 m² Maison de vacances ∙ 2 chambres ∙ 6 personnes,Zinal - Ayer - Valais
09/05/2024,01/06/2024,08/06/2024,746.00,HNBD1US,52 m² Maison de vacances ∙ 2 chambres ∙ 6 personnes,Zinal - Ayer - Valais
09/05/2024,08/06/2024,15/06/2024,1049.00,HNBD1US,52 m² Maison de vacances ∙ 2 chambres ∙ 6 personnes,Zinal - Ayer - Valais
09/05/2024,15/06/2024,22/06/2024,1374.00,HNBD1US,52 m² Maison de vacances ∙ 2 chambres ∙ 6 personnes,Zinal - Ayer - Valais
09/05/2024,22/06/2024,29/06/2024,1374.00,HNBD1US,52 m² Maison de vacances ∙ 2 chambres ∙ 6 personnes,Zinal - Ayer - Valais
09/05/2024,29/06/2024,06/07/2024,1714.00,HNBD1US,52 m² Maison de vacances ∙ 2 chambres ∙ 6 personnes,Zinal - Ayer - Valais
09/05/2024,06/07/2024,13/07/2024,2105.00,HNBD1US,52 m² Maison de vacances ∙ 2 chambres ∙ 6 personnes,Zinal - Ayer - Valais
09/05/2024,13/07/2024,20/07/2024,2330.00,HNBD1US,52 m² Maison de vacances ∙ 2 chambres ∙ 6 personnes,Zinal - Ayer - Valais
09/05/2024,20/07/2024,27/07/2024,2330.00,HNBD1US,52 m² Maison de vacances ∙ 2 chambres ∙ 6 personnes,Zinal - Ayer - Valais
09/05/2024,27/07/2024,03/08/2024,2105.00,HNBD1US,52 m² Maison de vacances ∙ 2 chambres ∙ 6 personnes,Zinal - Ayer - Valais
09/05/2024,17/08/2024,24/08/2024,1374.00,HNBD1US,52 m² Maison de vacances ∙ 2 chambres ∙ 6 personnes,Zinal - Ayer - Valais
09/05/2024,24/08/2024,31/08/2024,966.00,HNBD1US,52 m² Maison de vacances ∙ 2 chambres ∙ 6 personnes,Zinal - Ayer - Valais
09/05/2024,31/08/2024,07/09/2024,966.00,HNBD1US,52 m² Maison de vacances ∙ 2 chambres ∙ 6 personnes,Zinal - Ayer - Valais
09/05/2024,07/09/2024,14/09/2024,966.00,HNBD1US,52 m² Maison de vacances ∙ 2 chambres ∙ 6 personnes,Zinal - Ayer - Valais
09/05/2024,14/09/2024,21/09/2024,966.00,HNBD1US,52 m² Maison de vacances ∙ 2 chambres ∙ 6 personnes,Zinal - Ayer - Valais
09/05/2024,21/09/2024,28/09/2024,966.00,HNBD1US,52 m² Maison de vacances ∙ 2 chambres ∙ 6 personnes,Zinal - Ayer - Valais
09/05/2024,28/09/2024,05/10/2024,966.00,HNBD1US,52 m² Maison de vacances ∙ 2 chambres ∙ 6 personnes,Zinal - Ayer - Valais
09/05/2024,05/10/2024,12/10/2024,1374.00,HNBD1US,52 m² Maison de vacances ∙ 2 chambres ∙ 6 personnes,Zinal - Ayer - Valais
09/05/2024,12/10/2024,19/10/2024,1374.00,HNBD1US,52 m² Maison de vacances ∙ 2 chambres ∙ 6 personnes,Zinal - Ayer - Valais
09/05/2024,19/10/2024,26/10/2024,966.00,HNBD1US,52 m² Maison de vacances ∙ 2 chambres ∙ 6 personnes,Zinal - Ayer - Valais
09/05/2024,18/05/2024,25/05/2024,534.00,HJSXPGV,34 m² Maison de vacances ∙ 1 chambre ∙ 4 personnes,Zinal - Ayer - Valais
09/05/2024,25/05/2024,01/06/2024,534.00,HJSXPGV,34 m² Maison de vacances ∙ 1 chambre ∙ 4 personnes,Zinal - Ayer - Valais
09/05/2024,01/06/2024,08/06/2024,534.00,HJSXPGV,34 m² Maison de vacances ∙ 1 chambre ∙ 4 personnes,Zinal - Ayer - Valais
09/05/2024,08/06/2024,15/06/2024,750.00,HJSXPGV,34 m² Maison de vacances ∙ 1 chambre ∙ 4 personnes,Zinal - Ayer - Valais
09/05/2024,15/06/2024,22/06/2024,974.00,HJSXPGV,34 m² Maison de vacances ∙ 1 chambre ∙ 4 personnes,Zinal - Ayer - Valais
09/05/2024,22/06/2024,29/06/2024,974.00,HJSXPGV,34 m² Maison de vacances ∙ 1 chambre ∙ 4 personnes,Zinal - Ayer - Valais
09/05/2024,29/06/2024,06/07/2024,1216.00,HJSXPGV,34 m² Maison de vacances ∙ 1 chambre ∙ 4 personnes,Zinal - Ayer - Valais
09/05/2024,06/07/2024,13/07/2024,1490.00,HJSXPGV,34 m² Maison de vacances ∙ 1 chambre ∙ 4 personnes,Zinal - Ayer - Valais
09/05/2024,13/07/2024,20/07/2024,1648.00,HJSXPGV,34 m² Maison de vacances ∙ 1 chambre ∙ 4 personnes,Zinal - Ayer - Valais
09/05/2024,20/07/2024,27/07/2024,1648.00,HJSXPGV,34 m² Maison de vacances ∙ 1 chambre ∙ 4 personnes,Zinal - Ayer - Valais
09/05/2024,27/07/2024,03/08/2024,1490.00,HJSXPGV,34 m² Maison de vacances ∙ 1 chambre ∙ 4 personnes,Zinal - Ayer - Valais
09/05/2024,07/09/2024,14/09/2024,692.00,HJSXPGV,34 m² Maison de vacances ∙ 1 chambre ∙ 4 personnes,Zinal - Ayer - Valais
09/05/2024,14/09/2024,21/09/2024,692.00,HJSXPGV,34 m² Maison de vacances ∙ 1 chambre ∙ 4 personnes,Zinal - Ayer - Valais
09/05/2024,21/09/2024,28/09/2024,692.00,HJSXPGV,34 m² Maison de vacances ∙ 1 chambre ∙ 4 personnes,Zinal - Ayer - Valais
09/05/2024,28/09/2024,05/10/2024,692.00,HJSXPGV,34 m² Maison de vacances ∙ 1 chambre ∙ 4 personnes,Zinal - Ayer - Valais
09/05/2024,05/10/2024,12/10/2024,974.00,HJSXPGV,34 m² Maison de vacances ∙ 1 chambre ∙ 4 personnes,Zinal - Ayer - Valais
09/05/2024,12/10/2024,19/10/2024,974.00,HJSXPGV,34 m² Maison de vacances ∙ 1 chambre ∙ 4 personnes,Zinal - Ayer - Valais
09/05/2024,19/10/2024,26/10/2024,692.00,HJSXPGV,34 m² Maison de vacances ∙ 1 chambre ∙ 4 personnes,Zinal - Ayer - Valais
09/05/2024,11/05/2024,18/05/2024,1501.00,H5B9ET1,85 m² Appartement ∙ 1 chambre ∙ 6 personnes,Zinal - Ayer - Valais
09/05/2024,18/05/2024,25/05/2024,1501.00,H5B9ET1,85 m² Appartement ∙ 1 chambre ∙ 6 personnes,Zinal - Ayer - Valais
09/05/2024,25/05/2024,01/06/2024,1501.00,H5B9ET1,85 m² Appartement ∙ 1 chambre ∙ 6 personnes,Zinal - Ayer - Valais
09/05/2024,01/06/2024,08/06/2024,1501.00,H5B9ET1,85 m² Appartement ∙ 1 chambre ∙ 6 personnes,Zinal - Ayer - Valais
09/05/2024,08/06/2024,15/06/2024,1501.00,H5B9ET1,85 m² Appartement ∙ 1 chambre ∙ 6 personnes,Zinal - Ayer - Valais
09/05/2024,15/06/2024,22/06/2024,1501.00,H5B9ET1,85 m² Appartement ∙ 1 chambre ∙ 6 personnes,Zinal - Ayer - Valais
09/05/2024,22/06/2024,29/06/2024,1501.00,H5B9ET1,85 m² Appartement ∙ 1 chambre ∙ 6 personnes,Zinal - Ayer - Valais
09/05/2024,29/06/2024,06/07/2024,1501.00,H5B9ET1,85 m² Appartement ∙ 1 chambre ∙ 6 personnes,Zinal - Ayer - Valais
09/05/2024,06/07/2024,13/07/2024,1501.00,H5B9ET1,85 m² Appartement ∙ 1 chambre ∙ 6 personnes,Zinal - Ayer - Valais
09/05/2024,24/08/2024,31/08/2024,1501.00,H5B9ET1,85 m² Appartement ∙ 1 chambre ∙ 6 personnes,Zinal - Ayer - Valais
09/05/2024,14/09/2024,21/09/2024,1501.00,H5B9ET1,85 m² Appartement ∙ 1 chambre ∙ 6 personnes,Zinal - Ayer - Valais
09/05/2024,21/09/2024,28/09/2024,1501.00,H5B9ET1,85 m² Appartement ∙ 1 chambre ∙ 6 personnes,Zinal - Ayer - Valais
09/05/2024,28/09/2024,05/10/2024,1501.00,H5B9ET1,85 m² Appartement ∙ 1 chambre ∙ 6 personnes,Zinal - Ayer - Valais
09/05/2024,05/10/2024,12/10/2024,1501.00,H5B9ET1,85 m² Appartement ∙ 1 chambre ∙ 6 personnes,Zinal - Ayer - Valais
09/05/2024,12/10/2024,19/10/2024,1501.00,H5B9ET1,85 m² Appartement ∙ 1 chambre ∙ 6 personnes,Zinal - Ayer - Valais
09/05/2024,19/10/2024,26/10/2024,1501.00,H5B9ET1,85 m² Appartement ∙ 1 chambre ∙ 6 personnes,Zinal - Ayer - Valais
09/05/2024,26/10/2024,02/11/2024,1501.00,H5B9ET1,85 m² Appartement ∙ 1 chambre ∙ 6 personnes,Zinal - Ayer - Valais
09/05/2024,11/05/2024,18/05/2024,2169.00,HUDBMSA,150 m² Villa ∙ 4 chambres ∙ 10 personnes,Zinal - Ayer - Valais
09/05/2024,18/05/2024,25/05/2024,2169.00,HUDBMSA,150 m² Villa ∙ 4 chambres ∙ 10 personnes,Zinal - Ayer - Valais
09/05/2024,25/05/2024,01/06/2024,2169.00,HUDBMSA,150 m² Villa ∙ 4 chambres ∙ 10 personnes,Zinal - Ayer - Valais
09/05/2024,01/06/2024,08/06/2024,2169.00,HUDBMSA,150 m² Villa ∙ 4 chambres ∙ 10 personnes,Zinal - Ayer - Valais
09/05/2024,08/06/2024,15/06/2024,2169.00,HUDBMSA,150 m² Villa ∙ 4 chambres ∙ 10 personnes,Zinal - Ayer - Valais
09/05/2024,15/06/2024,22/06/2024,2169.00,HUDBMSA,150 m² Villa ∙ 4 chambres ∙ 10 personnes,Zinal - Ayer - Valais
09/05/2024,22/06/2024,29/06/2024,2169.00,HUDBMSA,150 m² Villa ∙ 4 chambres ∙ 10 personnes,Zinal - Ayer - Valais
09/05/2024,13/07/2024,20/07/2024,2501.00,HUDBMSA,150 m² Villa ∙ 4 chambres ∙ 10 personnes,Zinal - Ayer - Valais
09/05/2024,20/07/2024,27/07/2024,2751.00,HUDBMSA,150 m² Villa ∙ 4 chambres ∙ 10 personnes,Zinal - Ayer - Valais
09/05/2024,24/08/2024,31/08/2024,2169.00,HUDBMSA,150 m² Villa ∙ 4 chambres ∙ 10 personnes,Zinal - Ayer - Valais
09/05/2024,31/08/2024,07/09/2024,2169.00,HUDBMSA,150 m² Villa ∙ 4 chambres ∙ 10 personnes,Zinal - Ayer - Valais
09/05/2024,07/09/2024,14/09/2024,2169.00,HUDBMSA,150 m² Villa ∙ 4 chambres ∙ 10 personnes,Zinal - Ayer - Valais
09/05/2024,14/09/2024,21/09/2024,2169.00,HUDBMSA,150 m² Villa ∙ 4 chambres ∙ 10 personnes,Zinal - Ayer - Valais
09/05/2024,21/09/2024,28/09/2024,2169.00,HUDBMSA,150 m² Villa ∙ 4 chambres ∙ 10 personnes,Zinal - Ayer - Valais
09/05/2024,28/09/2024,05/10/2024,2169.00,HUDBMSA,150 m² Villa ∙ 4 chambres ∙ 10 personnes,Zinal - Ayer - Valais
09/05/2024,05/10/2024,12/10/2024,2169.00,HUDBMSA,150 m² Villa ∙ 4 chambres ∙ 10 personnes,Zinal - Ayer - Valais
09/05/2024,12/10/2024,19/10/2024,2169.00,HUDBMSA,150 m² Villa ∙ 4 chambres ∙ 10 personnes,Zinal - Ayer - Valais
09/05/2024,19/10/2024,26/10/2024,2169.00,HUDBMSA,150 m² Villa ∙ 4 chambres ∙ 10 personnes,Zinal - Ayer - Valais
09/05/2024,26/10/2024,02/11/2024,2169.00,HUDBMSA,150 m² Villa ∙ 4 chambres ∙ 10 personnes,Zinal - Ayer - Valais
09/05/2024,18/05/2024,25/05/2024,616.00,H6UMWRH,54 m² Maison de vacances ∙ 1 chambre ∙ 6 personnes,Zinal - Ayer - Valais
09/05/2024,25/05/2024,01/06/2024,616.00,H6UMWRH,54 m² Maison de vacances ∙ 1 chambre ∙ 6 personnes,Zinal - Ayer - Valais
09/05/2024,01/06/2024,08/06/2024,616.00,H6UMWRH,54 m² Maison de vacances ∙ 1 chambre ∙ 6 personnes,Zinal - Ayer - Valais
09/05/2024,08/06/2024,15/06/2024,866.00,H6UMWRH,54 m² Maison de vacances ∙ 1 chambre ∙ 6 personnes,Zinal - Ayer - Valais
09/05/2024,15/06/2024,22/06/2024,1124.00,H6UMWRH,54 m² Maison de vacances ∙ 1 chambre ∙ 6 personnes,Zinal - Ayer - Valais
09/05/2024,22/06/2024,29/06/2024,1124.00,H6UMWRH,54 m² Maison de vacances ∙ 1 chambre ∙ 6 personnes,Zinal - Ayer - Valais
09/05/2024,29/06/2024,06/07/2024,1415.00,H6UMWRH,54 m² Maison de vacances ∙ 1 chambre ∙ 6 personnes,Zinal - Ayer - Valais
09/05/2024,06/07/2024,13/07/2024,1731.00,H6UMWRH,54 m² Maison de vacances ∙ 1 chambre ∙ 6 personnes,Zinal - Ayer - Valais
09/05/2024,13/07/2024,20/07/2024,1922.00,H6UMWRH,54 m² Maison de vacances ∙ 1 chambre ∙ 6 personnes,Zinal - Ayer - Valais
09/05/2024,20/07/2024,27/07/2024,1922.00,H6UMWRH,54 m² Maison de vacances ∙ 1 chambre ∙ 6 personnes,Zinal - Ayer - Valais
09/05/2024,27/07/2024,03/08/2024,1731.00,H6UMWRH,54 m² Maison de vacances ∙ 1 chambre ∙ 6 personnes,Zinal - Ayer - Valais
09/05/2024,17/08/2024,24/08/2024,1124.00,H6UMWRH,54 m² Maison de vacances ∙ 1 chambre ∙ 6 personnes,Zinal - Ayer - Valais
09/05/2024,24/08/2024,31/08/2024,791.00,H6UMWRH,54 m² Maison de vacances ∙ 1 chambre ∙ 6 personnes,Zinal - Ayer - Valais
09/05/2024,31/08/2024,07/09/2024,791.00,H6UMWRH,54 m² Maison de vacances ∙ 1 chambre ∙ 6 personnes,Zinal - Ayer - Valais
09/05/2024,07/09/2024,14/09/2024,791.00,H6UMWRH,54 m² Maison de vacances ∙ 1 chambre ∙ 6 personnes,Zinal - Ayer - Valais
09/05/2024,14/09/2024,21/09/2024,791.00,H6UMWRH,54 m² Maison de vacances ∙ 1 chambre ∙ 6 personnes,Zinal - Ayer - Valais
09/05/2024,21/09/2024,28/09/2024,791.00,H6UMWRH,54 m² Maison de vacances ∙ 1 chambre ∙ 6 personnes,Zinal - Ayer - Valais
09/05/2024,28/09/2024,05/10/2024,791.00,H6UMWRH,54 m² Maison de vacances ∙ 1 chambre ∙ 6 personnes,Zinal - Ayer - Valais
09/05/2024,05/10/2024,12/10/2024,1124.00,H6UMWRH,54 m² Maison de vacances ∙ 1 chambre ∙ 6 personnes,Zinal - Ayer - Valais
09/05/2024,12/10/2024,19/10/2024,1124.00,H6UMWRH,54 m² Maison de vacances ∙ 1 chambre ∙ 6 personnes,Zinal - Ayer - Valais
09/05/2024,19/10/2024,26/10/2024,791.00,H6UMWRH,54 m² Maison de vacances ∙ 1 chambre ∙ 6 personnes,Zinal - Ayer - Valais
09/05/2024,25/05/2024,01/06/2024,1745.00,H6EW24U,Villa ∙ 1 chambre ∙ 6 personnes,Zinal - Ayer - Valais
09/05/2024,01/06/2024,08/06/2024,1745.00,H6EW24U,Villa ∙ 1 chambre ∙ 6 personnes,Zinal - Ayer - Valais
09/05/2024,08/06/2024,15/06/2024,1745.00,H6EW24U,Villa ∙ 1 chambre ∙ 6 personnes,Zinal - Ayer - Valais
09/05/2024,15/06/2024,22/06/2024,1745.00,H6EW24U,Villa ∙ 1 chambre ∙ 6 personnes,Zinal - Ayer - Valais
09/05/2024,22/06/2024,29/06/2024,1745.00,H6EW24U,Villa ∙ 1 chambre ∙ 6 personnes,Zinal - Ayer - Valais
09/05/2024,29/06/2024,06/07/2024,1745.00,H6EW24U,Villa ∙ 1 chambre ∙ 6 personnes,Zinal - Ayer - Valais
09/05/2024,06/07/2024,13/07/2024,1745.00,H6EW24U,Villa ∙ 1 chambre ∙ 6 personnes,Zinal - Ayer - Valais
09/05/2024,13/07/2024,20/07/2024,1995.00,H6EW24U,Villa ∙ 1 chambre ∙ 6 personnes,Zinal - Ayer - Valais
09/05/2024,03/08/2024,10/08/2024,1995.00,H6EW24U,Villa ∙ 1 chambre ∙ 6 personnes,Zinal - Ayer - Valais
09/05/2024,17/08/2024,24/08/2024,1745.00,H6EW24U,Villa ∙ 1 chambre ∙ 6 personnes,Zinal - Ayer - Valais
09/05/2024,07/09/2024,14/09/2024,1745.00,H6EW24U,Villa ∙ 1 chambre ∙ 6 personnes,Zinal - Ayer - Valais
09/05/2024,14/09/2024,21/09/2024,1745.00,H6EW24U,Villa ∙ 1 chambre ∙ 6 personnes,Zinal - Ayer - Valais
09/05/2024,21/09/2024,28/09/2024,1745.00,H6EW24U,Villa ∙ 1 chambre ∙ 6 personnes,Zinal - Ayer - Valais
09/05/2024,28/09/2024,05/10/2024,1745.00,H6EW24U,Villa ∙ 1 chambre ∙ 6 personnes,Zinal - Ayer - Valais
09/05/2024,05/10/2024,12/10/2024,1745.00,H6EW24U,Villa ∙ 1 chambre ∙ 6 personnes,Zinal - Ayer - Valais
09/05/2024,12/10/2024,19/10/2024,1745.00,H6EW24U,Villa ∙ 1 chambre ∙ 6 personnes,Zinal - Ayer - Valais
09/05/2024,19/10/2024,26/10/2024,1745.00,H6EW24U,Villa ∙ 1 chambre ∙ 6 personnes,Zinal - Ayer - Valais
09/05/2024,26/10/2024,02/11/2024,1745.00,H6EW24U,Villa ∙ 1 chambre ∙ 6 personnes,Zinal - Ayer - Valais
10/05/2024,18/05/2024,25/05/2024,1318.00,H098YCP,100 m² Maison de vacances ∙ 3 chambres ∙ 6 personnes,Grimentz - Valais
10/05/2024,25/05/2024,01/06/2024,1318.00,H098YCP,100 m² Maison de vacances ∙ 3 chambres ∙ 6 personnes,Grimentz - Valais
10/05/2024,01/06/2024,08/06/2024,1318.00,H098YCP,100 m² Maison de vacances ∙ 3 chambres ∙ 6 personnes,Grimentz - Valais
10/05/2024,22/06/2024,29/06/2024,1318.00,H098YCP,100 m² Maison de vacances ∙ 3 chambres ∙ 6 personnes,Grimentz - Valais
10/05/2024,20/07/2024,27/07/2024,1608.00,H098YCP,100 m² Maison de vacances ∙ 3 chambres ∙ 6 personnes,Grimentz - Valais
10/05/2024,21/09/2024,28/09/2024,1318.00,H098YCP,100 m² Maison de vacances ∙ 3 chambres ∙ 6 personnes,Grimentz - Valais
10/05/2024,19/10/2024,26/10/2024,1318.00,H098YCP,100 m² Maison de vacances ∙ 3 chambres ∙ 6 personnes,Grimentz - Valais
10/05/2024,26/10/2024,02/11/2024,1318.00,H098YCP,100 m² Maison de vacances ∙ 3 chambres ∙ 6 personnes,Grimentz - Valais
10/05/2024,18/05/2024,25/05/2024,1318.00,H098YCP,100 m² Maison de vacances ∙ 3 chambres ∙ 6 personnes,Grimentz - Valais
10/05/2024,25/05/2024,01/06/2024,1318.00,H098YCP,100 m² Maison de vacances ∙ 3 chambres ∙ 6 personnes,Grimentz - Valais
10/05/2024,01/06/2024,08/06/2024,1318.00,H098YCP,100 m² Maison de vacances ∙ 3 chambres ∙ 6 personnes,Grimentz - Valais
10/05/2024,22/06/2024,29/06/2024,1318.00,H098YCP,100 m² Maison de vacances ∙ 3 chambres ∙ 6 personnes,Grimentz - Valais
10/05/2024,20/07/2024,27/07/2024,1608.00,H098YCP,100 m² Maison de vacances ∙ 3 chambres ∙ 6 personnes,Grimentz - Valais
10/05/2024,21/09/2024,28/09/2024,1318.00,H098YCP,100 m² Maison de vacances ∙ 3 chambres ∙ 6 personnes,Grimentz - Valais
10/05/2024,19/10/2024,26/10/2024,1318.00,H098YCP,100 m² Maison de vacances ∙ 3 chambres ∙ 6 personnes,Grimentz - Valais
10/05/2024,26/10/2024,02/11/2024,1318.00,H098YCP,100 m² Maison de vacances ∙ 3 chambres ∙ 6 personnes,Grimentz - Valais
10/05/2024,01/06/2024,08/06/2024,1112.82,HNRH8DZ,125 m² Maison de vacances ∙ 3 chambres ∙ 6 personnes,Saint-Luc - Valais
10/05/2024,08/06/2024,15/06/2024,1112.82,HNRH8DZ,125 m² Maison de vacances ∙ 3 chambres ∙ 6 personnes,Saint-Luc - Valais
10/05/2024,17/08/2024,24/08/2024,1544.84,HNRH8DZ,125 m² Maison de vacances ∙ 3 chambres ∙ 6 personnes,Saint-Luc - Valais
10/05/2024,24/08/2024,31/08/2024,1544.84,HNRH8DZ,125 m² Maison de vacances ∙ 3 chambres ∙ 6 personnes,Saint-Luc - Valais
10/05/2024,31/08/2024,07/09/2024,1544.84,HNRH8DZ,125 m² Maison de vacances ∙ 3 chambres ∙ 6 personnes,Saint-Luc - Valais
10/05/2024,07/09/2024,14/09/2024,1544.84,HNRH8DZ,125 m² Maison de vacances ∙ 3 chambres ∙ 6 personnes,Saint-Luc - Valais
10/05/2024,14/09/2024,21/09/2024,1544.84,HNRH8DZ,125 m² Maison de vacances ∙ 3 chambres ∙ 6 personnes,Saint-Luc - Valais
10/05/2024,21/09/2024,28/09/2024,1544.84,HNRH8DZ,125 m² Maison de vacances ∙ 3 chambres ∙ 6 personnes,Saint-Luc - Valais
10/05/2024,28/09/2024,05/10/2024,1112.82,HNRH8DZ,125 m² Maison de vacances ∙ 3 chambres ∙ 6 personnes,Saint-Luc - Valais
10/05/2024,05/10/2024,12/10/2024,1112.82,HNRH8DZ,125 m² Maison de vacances ∙ 3 chambres ∙ 6 personnes,Saint-Luc - Valais
10/05/2024,12/10/2024,19/10/2024,1112.82,HNRH8DZ,125 m² Maison de vacances ∙ 3 chambres ∙ 6 personnes,Saint-Luc - Valais
10/05/2024,19/10/2024,26/10/2024,1112.82,HNRH8DZ,125 m² Maison de vacances ∙ 3 chambres ∙ 6 personnes,Saint-Luc - Valais
10/05/2024,26/10/2024,02/11/2024,1112.82,HNRH8DZ,125 m² Maison de vacances ∙ 3 chambres ∙ 6 personnes,Saint-Luc - Valais
10/05/2024,13/07/2024,20/07/2024,1795.65,HLT4XN9,75 m² Maison de vacances ∙ 1 chambre ∙ 4 personnes,Evolène - Valais
10/05/2024,20/07/2024,27/07/2024,1795.65,HLT4XN9,75 m² Maison de vacances ∙ 1 chambre ∙ 4 personnes,Evolène - Valais
10/05/2024,07/09/2024,14/09/2024,1616.49,HLT4XN9,75 m² Maison de vacances ∙ 1 chambre ∙ 4 personnes,Evolène - Valais
10/05/2024,28/09/2024,05/10/2024,1616.49,HLT4XN9,75 m² Maison de vacances ∙ 1 chambre ∙ 4 personnes,Evolène - Valais
10/05/2024,26/10/2024,02/11/2024,1616.49,HLT4XN9,75 m² Maison de vacances ∙ 1 chambre ∙ 4 personnes,Evolène - Valais
10/05/2024,18/05/2024,25/05/2024,865.07,HRKZ0B1,40 m² Appartement ∙ 1 chambre ∙ 4 personnes,Grimentz - Valais
10/05/2024,25/05/2024,01/06/2024,865.07,HRKZ0B1,40 m² Appartement ∙ 1 chambre ∙ 4 personnes,Grimentz - Valais
10/05/2024,15/06/2024,22/06/2024,865.07,HRKZ0B1,40 m² Appartement ∙ 1 chambre ∙ 4 personnes,Grimentz - Valais
10/05/2024,22/06/2024,29/06/2024,865.07,HRKZ0B1,40 m² Appartement ∙ 1 chambre ∙ 4 personnes,Grimentz - Valais
10/05/2024,29/06/2024,06/07/2024,865.07,HRKZ0B1,40 m² Appartement ∙ 1 chambre ∙ 4 personnes,Grimentz - Valais
10/05/2024,06/07/2024,13/07/2024,865.07,HRKZ0B1,40 m² Appartement ∙ 1 chambre ∙ 4 personnes,Grimentz - Valais
10/05/2024,10/08/2024,17/08/2024,974.61,HRKZ0B1,40 m² Appartement ∙ 1 chambre ∙ 4 personnes,Grimentz - Valais
10/05/2024,17/08/2024,24/08/2024,865.07,HRKZ0B1,40 m² Appartement ∙ 1 chambre ∙ 4 personnes,Grimentz - Valais
10/05/2024,24/08/2024,31/08/2024,865.07,HRKZ0B1,40 m² Appartement ∙ 1 chambre ∙ 4 personnes,Grimentz - Valais
10/05/2024,31/08/2024,07/09/2024,865.07,HRKZ0B1,40 m² Appartement ∙ 1 chambre ∙ 4 personnes,Grimentz - Valais
10/05/2024,07/09/2024,14/09/2024,865.07,HRKZ0B1,40 m² Appartement ∙ 1 chambre ∙ 4 personnes,Grimentz - Valais
10/05/2024,14/09/2024,21/09/2024,865.07,HRKZ0B1,40 m² Appartement ∙ 1 chambre ∙ 4 personnes,Grimentz - Valais
10/05/2024,21/09/2024,28/09/2024,865.07,HRKZ0B1,40 m² Appartement ∙ 1 chambre ∙ 4 personnes,Grimentz - Valais
10/05/2024,28/09/2024,05/10/2024,865.07,HRKZ0B1,40 m² Appartement ∙ 1 chambre ∙ 4 personnes,Grimentz - Valais
10/05/2024,05/10/2024,12/10/2024,865.07,HRKZ0B1,40 m² Appartement ∙ 1 chambre ∙ 4 personnes,Grimentz - Valais
10/05/2024,12/10/2024,19/10/2024,865.07,HRKZ0B1,40 m² Appartement ∙ 1 chambre ∙ 4 personnes,Grimentz - Valais
10/05/2024,19/10/2024,26/10/2024,865.07,HRKZ0B1,40 m² Appartement ∙ 1 chambre ∙ 4 personnes,Grimentz - Valais
10/05/2024,26/10/2024,02/11/2024,865.07,HRKZ0B1,40 m² Appartement ∙ 1 chambre ∙ 4 personnes,Grimentz - Valais
10/05/2024,18/05/2024,25/05/2024,1974.81,HK1XFSW,65 m² Maison de vacances ∙ 2 chambres ∙ 5 personnes,Grimentz - Valais
10/05/2024,25/05/2024,01/06/2024,1974.81,HK1XFSW,65 m² Maison de vacances ∙ 2 chambres ∙ 5 personnes,Grimentz - Valais
10/05/2024,31/08/2024,07/09/2024,1974.81,HK1XFSW,65 m² Maison de vacances ∙ 2 chambres ∙ 5 personnes,Grimentz - Valais
10/05/2024,07/09/2024,14/09/2024,1974.81,HK1XFSW,65 m² Maison de vacances ∙ 2 chambres ∙ 5 personnes,Grimentz - Valais
10/05/2024,14/09/2024,21/09/2024,1974.81,HK1XFSW,65 m² Maison de vacances ∙ 2 chambres ∙ 5 personnes,Grimentz - Valais
10/05/2024,21/09/2024,28/09/2024,1974.81,HK1XFSW,65 m² Maison de vacances ∙ 2 chambres ∙ 5 personnes,Grimentz - Valais
10/05/2024,28/09/2024,05/10/2024,2036.23,HK1XFSW,65 m² Maison de vacances ∙ 2 chambres ∙ 5 personnes,Grimentz - Valais
10/05/2024,05/10/2024,12/10/2024,2046.47,HK1XFSW,65 m² Maison de vacances ∙ 2 chambres ∙ 5 personnes,Grimentz - Valais
10/05/2024,12/10/2024,19/10/2024,2046.47,HK1XFSW,65 m² Maison de vacances ∙ 2 chambres ∙ 5 personnes,Grimentz - Valais
10/05/2024,19/10/2024,26/10/2024,2046.47,HK1XFSW,65 m² Maison de vacances ∙ 2 chambres ∙ 5 personnes,Grimentz - Valais
10/05/2024,26/10/2024,02/11/2024,2046.47,HK1XFSW,65 m² Maison de vacances ∙ 2 chambres ∙ 5 personnes,Grimentz - Valais
10/05/2024,18/05/2024,25/05/2024,967.00,HSKJ3A6,40 m² Maison de vacances ∙ 1 chambre ∙ 4 personnes,Grimentz - Valais
10/05/2024,25/05/2024,01/06/2024,967.00,HSKJ3A6,40 m² Maison de vacances ∙ 1 chambre ∙ 4 personnes,Grimentz - Valais
10/05/2024,15/06/2024,22/06/2024,967.00,HSKJ3A6,40 m² Maison de vacances ∙ 1 chambre ∙ 4 personnes,Grimentz - Valais
10/05/2024,22/06/2024,29/06/2024,967.00,HSKJ3A6,40 m² Maison de vacances ∙ 1 chambre ∙ 4 personnes,Grimentz - Valais
10/05/2024,29/06/2024,06/07/2024,967.00,HSKJ3A6,40 m² Maison de vacances ∙ 1 chambre ∙ 4 personnes,Grimentz - Valais
10/05/2024,06/07/2024,13/07/2024,967.00,HSKJ3A6,40 m² Maison de vacances ∙ 1 chambre ∙ 4 personnes,Grimentz - Valais
10/05/2024,10/08/2024,17/08/2024,1088.00,HSKJ3A6,40 m² Maison de vacances ∙ 1 chambre ∙ 4 personnes,Grimentz - Valais
10/05/2024,17/08/2024,24/08/2024,967.00,HSKJ3A6,40 m² Maison de vacances ∙ 1 chambre ∙ 4 personnes,Grimentz - Valais
10/05/2024,24/08/2024,31/08/2024,967.00,HSKJ3A6,40 m² Maison de vacances ∙ 1 chambre ∙ 4 personnes,Grimentz - Valais
10/05/2024,31/08/2024,07/09/2024,967.00,HSKJ3A6,40 m² Maison de vacances ∙ 1 chambre ∙ 4 personnes,Grimentz - Valais
10/05/2024,07/09/2024,14/09/2024,967.00,HSKJ3A6,40 m² Maison de vacances ∙ 1 chambre ∙ 4 personnes,Grimentz - Valais
10/05/2024,14/09/2024,21/09/2024,967.00,HSKJ3A6,40 m² Maison de vacances ∙ 1 chambre ∙ 4 personnes,Grimentz - Valais
10/05/2024,21/09/2024,28/09/2024,967.00,HSKJ3A6,40 m² Maison de vacances ∙ 1 chambre ∙ 4 personnes,Grimentz - Valais
10/05/2024,28/09/2024,05/10/2024,967.00,HSKJ3A6,40 m² Maison de vacances ∙ 1 chambre ∙ 4 personnes,Grimentz - Valais
10/05/2024,05/10/2024,12/10/2024,967.00,HSKJ3A6,40 m² Maison de vacances ∙ 1 chambre ∙ 4 personnes,Grimentz - Valais
10/05/2024,12/10/2024,19/10/2024,967.00,HSKJ3A6,40 m² Maison de vacances ∙ 1 chambre ∙ 4 personnes,Grimentz - Valais
10/05/2024,19/10/2024,26/10/2024,967.00,HSKJ3A6,40 m² Maison de vacances ∙ 1 chambre ∙ 4 personnes,Grimentz - Valais
10/05/2024,26/10/2024,02/11/2024,967.00,HSKJ3A6,40 m² Maison de vacances ∙ 1 chambre ∙ 4 personnes,Grimentz - Valais
10/05/2024,18/05/2024,25/05/2024,1129.00,H5VC3WM,180 m² Villa ∙ 1 chambre ∙ 8 personnes,Grimentz - Valais
10/05/2024,25/05/2024,01/06/2024,1526.00,H5VC3WM,180 m² Villa ∙ 1 chambre ∙ 8 personnes,Grimentz - Valais
10/05/2024,01/06/2024,08/06/2024,1526.00,H5VC3WM,180 m² Villa ∙ 1 chambre ∙ 8 personnes,Grimentz - Valais
10/05/2024,08/06/2024,15/06/2024,1526.00,H5VC3WM,180 m² Villa ∙ 1 chambre ∙ 8 personnes,Grimentz - Valais
10/05/2024,15/06/2024,22/06/2024,1526.00,H5VC3WM,180 m² Villa ∙ 1 chambre ∙ 8 personnes,Grimentz - Valais
10/05/2024,22/06/2024,29/06/2024,1526.00,H5VC3WM,180 m² Villa ∙ 1 chambre ∙ 8 personnes,Grimentz - Valais
10/05/2024,29/06/2024,06/07/2024,1526.00,H5VC3WM,180 m² Villa ∙ 1 chambre ∙ 8 personnes,Grimentz - Valais
10/05/2024,06/07/2024,13/07/2024,1526.00,H5VC3WM,180 m² Villa ∙ 1 chambre ∙ 8 personnes,Grimentz - Valais
10/05/2024,13/07/2024,20/07/2024,2024.00,H5VC3WM,180 m² Villa ∙ 1 chambre ∙ 8 personnes,Grimentz - Valais
10/05/2024,27/07/2024,03/08/2024,2507.00,H5VC3WM,180 m² Villa ∙ 1 chambre ∙ 8 personnes,Grimentz - Valais
10/05/2024,17/08/2024,24/08/2024,1526.00,H5VC3WM,180 m² Villa ∙ 1 chambre ∙ 8 personnes,Grimentz - Valais
10/05/2024,21/09/2024,28/09/2024,1526.00,H5VC3WM,180 m² Villa ∙ 1 chambre ∙ 8 personnes,Grimentz - Valais
10/05/2024,28/09/2024,05/10/2024,1526.00,H5VC3WM,180 m² Villa ∙ 1 chambre ∙ 8 personnes,Grimentz - Valais
10/05/2024,05/10/2024,12/10/2024,1526.00,H5VC3WM,180 m² Villa ∙ 1 chambre ∙ 8 personnes,Grimentz - Valais
10/05/2024,12/10/2024,19/10/2024,1526.00,H5VC3WM,180 m² Villa ∙ 1 chambre ∙ 8 personnes,Grimentz - Valais
10/05/2024,19/10/2024,26/10/2024,1526.00,H5VC3WM,180 m² Villa ∙ 1 chambre ∙ 8 personnes,Grimentz - Valais
10/05/2024,26/10/2024,02/11/2024,1526.00,H5VC3WM,180 m² Villa ∙ 1 chambre ∙ 8 personnes,Grimentz - Valais
10/05/2024,18/05/2024,25/05/2024,1010.44,HHDFCVZ,180 m² Maison de vacances ∙ 3 chambres ∙ 8 personnes,Grimentz - Valais
10/05/2024,25/05/2024,01/06/2024,1365.68,HHDFCVZ,180 m² Maison de vacances ∙ 3 chambres ∙ 8 personnes,Grimentz - Valais
10/05/2024,01/06/2024,08/06/2024,1365.68,HHDFCVZ,180 m² Maison de vacances ∙ 3 chambres ∙ 8 personnes,Grimentz - Valais
10/05/2024,08/06/2024,15/06/2024,1365.68,HHDFCVZ,180 m² Maison de vacances ∙ 3 chambres ∙ 8 personnes,Grimentz - Valais
10/05/2024,15/06/2024,22/06/2024,1365.68,HHDFCVZ,180 m² Maison de vacances ∙ 3 chambres ∙ 8 personnes,Grimentz - Valais
10/05/2024,22/06/2024,29/06/2024,1365.68,HHDFCVZ,180 m² Maison de vacances ∙ 3 chambres ∙ 8 personnes,Grimentz - Valais
10/05/2024,29/06/2024,06/07/2024,1365.68,HHDFCVZ,180 m² Maison de vacances ∙ 3 chambres ∙ 8 personnes,Grimentz - Valais
10/05/2024,06/07/2024,13/07/2024,1365.68,HHDFCVZ,180 m² Maison de vacances ∙ 3 chambres ∙ 8 personnes,Grimentz - Valais
10/05/2024,13/07/2024,20/07/2024,1813.06,HHDFCVZ,180 m² Maison de vacances ∙ 3 chambres ∙ 8 personnes,Grimentz - Valais
10/05/2024,27/07/2024,03/08/2024,2245.08,HHDFCVZ,180 m² Maison de vacances ∙ 3 chambres ∙ 8 personnes,Grimentz - Valais
10/05/2024,17/08/2024,24/08/2024,1365.68,HHDFCVZ,180 m² Maison de vacances ∙ 3 chambres ∙ 8 personnes,Grimentz - Valais
10/05/2024,21/09/2024,28/09/2024,1365.68,HHDFCVZ,180 m² Maison de vacances ∙ 3 chambres ∙ 8 personnes,Grimentz - Valais
10/05/2024,28/09/2024,05/10/2024,1365.68,HHDFCVZ,180 m² Maison de vacances ∙ 3 chambres ∙ 8 personnes,Grimentz - Valais
10/05/2024,05/10/2024,12/10/2024,1365.68,HHDFCVZ,180 m² Maison de vacances ∙ 3 chambres ∙ 8 personnes,Grimentz - Valais
10/05/2024,12/10/2024,19/10/2024,1365.68,HHDFCVZ,180 m² Maison de vacances ∙ 3 chambres ∙ 8 personnes,Grimentz - Valais
10/05/2024,19/10/2024,26/10/2024,1365.68,HHDFCVZ,180 m² Maison de vacances ∙ 3 chambres ∙ 8 personnes,Grimentz - Valais
10/05/2024,26/10/2024,02/11/2024,1365.68,HHDFCVZ,180 m² Maison de vacances ∙ 3 chambres ∙ 8 personnes,Grimentz - Valais
10/05/2024,18/05/2024,25/05/2024,2256.58,H7RM4CV,116 m² Chalet ∙ 2 chambres ∙ 4 personnes,Grimentz - Valais
10/05/2024,08/06/2024,15/06/2024,2256.58,H7RM4CV,116 m² Chalet ∙ 2 chambres ∙ 4 personnes,Grimentz - Valais
10/05/2024,15/06/2024,22/06/2024,2256.58,H7RM4CV,116 m² Chalet ∙ 2 chambres ∙ 4 personnes,Grimentz - Valais
10/05/2024,06/07/2024,13/07/2024,2723.09,H7RM4CV,116 m² Chalet ∙ 2 chambres ∙ 4 personnes,Grimentz - Valais
10/05/2024,20/07/2024,27/07/2024,2723.09,H7RM4CV,116 m² Chalet ∙ 2 chambres ∙ 4 personnes,Grimentz - Valais
10/05/2024,27/07/2024,03/08/2024,2723.09,H7RM4CV,116 m² Chalet ∙ 2 chambres ∙ 4 personnes,Grimentz - Valais
10/05/2024,07/09/2024,14/09/2024,2256.58,H7RM4CV,116 m² Chalet ∙ 2 chambres ∙ 4 personnes,Grimentz - Valais
10/05/2024,14/09/2024,21/09/2024,2256.58,H7RM4CV,116 m² Chalet ∙ 2 chambres ∙ 4 personnes,Grimentz - Valais
10/05/2024,21/09/2024,28/09/2024,2256.58,H7RM4CV,116 m² Chalet ∙ 2 chambres ∙ 4 personnes,Grimentz - Valais
10/05/2024,28/09/2024,05/10/2024,2256.58,H7RM4CV,116 m² Chalet ∙ 2 chambres ∙ 4 personnes,Grimentz - Valais
10/05/2024,05/10/2024,12/10/2024,2256.58,H7RM4CV,116 m² Chalet ∙ 2 chambres ∙ 4 personnes,Grimentz - Valais
10/05/2024,12/10/2024,19/10/2024,2256.58,H7RM4CV,116 m² Chalet ∙ 2 chambres ∙ 4 personnes,Grimentz - Valais
10/05/2024,19/10/2024,26/10/2024,2256.58,H7RM4CV,116 m² Chalet ∙ 2 chambres ∙ 4 personnes,Grimentz - Valais
10/05/2024,26/10/2024,02/11/2024,2256.58,H7RM4CV,116 m² Chalet ∙ 2 chambres ∙ 4 personnes,Grimentz - Valais
10/05/2024,18/05/2024,25/05/2024,1790.07,HF3GKWL,47 m² Appartement ∙ 1 chambre ∙ 2 personnes,Grimentz - Valais
10/05/2024,25/05/2024,01/06/2024,1790.07,HF3GKWL,47 m² Appartement ∙ 1 chambre ∙ 2 personnes,Grimentz - Valais
10/05/2024,01/06/2024,08/06/2024,1790.07,HF3GKWL,47 m² Appartement ∙ 1 chambre ∙ 2 personnes,Grimentz - Valais
10/05/2024,08/06/2024,15/06/2024,1790.07,HF3GKWL,47 m² Appartement ∙ 1 chambre ∙ 2 personnes,Grimentz - Valais
10/05/2024,15/06/2024,22/06/2024,1790.07,HF3GKWL,47 m² Appartement ∙ 1 chambre ∙ 2 personnes,Grimentz - Valais
10/05/2024,22/06/2024,29/06/2024,1790.07,HF3GKWL,47 m² Appartement ∙ 1 chambre ∙ 2 personnes,Grimentz - Valais
10/05/2024,29/06/2024,06/07/2024,1790.07,HF3GKWL,47 m² Appartement ∙ 1 chambre ∙ 2 personnes,Grimentz - Valais
10/05/2024,06/07/2024,13/07/2024,1909.42,HF3GKWL,47 m² Appartement ∙ 1 chambre ∙ 2 personnes,Grimentz - Valais
10/05/2024,13/07/2024,20/07/2024,1909.42,HF3GKWL,47 m² Appartement ∙ 1 chambre ∙ 2 personnes,Grimentz - Valais
10/05/2024,20/07/2024,27/07/2024,1909.42,HF3GKWL,47 m² Appartement ∙ 1 chambre ∙ 2 personnes,Grimentz - Valais
10/05/2024,27/07/2024,03/08/2024,1909.42,HF3GKWL,47 m² Appartement ∙ 1 chambre ∙ 2 personnes,Grimentz - Valais
10/05/2024,03/08/2024,10/08/2024,1909.42,HF3GKWL,47 m² Appartement ∙ 1 chambre ∙ 2 personnes,Grimentz - Valais
10/05/2024,10/08/2024,17/08/2024,1909.42,HF3GKWL,47 m² Appartement ∙ 1 chambre ∙ 2 personnes,Grimentz - Valais
10/05/2024,17/08/2024,24/08/2024,1909.42,HF3GKWL,47 m² Appartement ∙ 1 chambre ∙ 2 personnes,Grimentz - Valais
10/05/2024,24/08/2024,31/08/2024,1790.07,HF3GKWL,47 m² Appartement ∙ 1 chambre ∙ 2 personnes,Grimentz - Valais
10/05/2024,31/08/2024,07/09/2024,1790.07,HF3GKWL,47 m² Appartement ∙ 1 chambre ∙ 2 personnes,Grimentz - Valais
10/05/2024,07/09/2024,14/09/2024,1790.07,HF3GKWL,47 m² Appartement ∙ 1 chambre ∙ 2 personnes,Grimentz - Valais
10/05/2024,14/09/2024,21/09/2024,1790.07,HF3GKWL,47 m² Appartement ∙ 1 chambre ∙ 2 personnes,Grimentz - Valais
10/05/2024,21/09/2024,28/09/2024,1790.07,HF3GKWL,47 m² Appartement ∙ 1 chambre ∙ 2 personnes,Grimentz - Valais
10/05/2024,28/09/2024,05/10/2024,1790.07,HF3GKWL,47 m² Appartement ∙ 1 chambre ∙ 2 personnes,Grimentz - Valais
10/05/2024,05/10/2024,12/10/2024,1790.07,HF3GKWL,47 m² Appartement ∙ 1 chambre ∙ 2 personnes,Grimentz - Valais
10/05/2024,12/10/2024,19/10/2024,1790.07,HF3GKWL,47 m² Appartement ∙ 1 chambre ∙ 2 personnes,Grimentz - Valais
10/05/2024,19/10/2024,26/10/2024,1790.07,HF3GKWL,47 m² Appartement ∙ 1 chambre ∙ 2 personnes,Grimentz - Valais
10/05/2024,26/10/2024,02/11/2024,1790.07,HF3GKWL,47 m² Appartement ∙ 1 chambre ∙ 2 personnes,Grimentz - Valais
10/05/2024,18/05/2024,25/05/2024,2256.58,H74MP03,107 m² Appartement ∙ 2 chambres ∙ 5 personnes,Grimentz - Valais
10/05/2024,25/05/2024,01/06/2024,2256.58,H74MP03,107 m² Appartement ∙ 2 chambres ∙ 5 personnes,Grimentz - Valais
10/05/2024,01/06/2024,08/06/2024,2256.58,H74MP03,107 m² Appartement ∙ 2 chambres ∙ 5 personnes,Grimentz - Valais
10/05/2024,08/06/2024,15/06/2024,2256.58,H74MP03,107 m² Appartement ∙ 2 chambres ∙ 5 personnes,Grimentz - Valais
10/05/2024,15/06/2024,22/06/2024,2256.58,H74MP03,107 m² Appartement ∙ 2 chambres ∙ 5 personnes,Grimentz - Valais
10/05/2024,22/06/2024,29/06/2024,2256.58,H74MP03,107 m² Appartement ∙ 2 chambres ∙ 5 personnes,Grimentz - Valais
10/05/2024,06/07/2024,13/07/2024,2723.09,H74MP03,107 m² Appartement ∙ 2 chambres ∙ 5 personnes,Grimentz - Valais
10/05/2024,13/07/2024,20/07/2024,2723.09,H74MP03,107 m² Appartement ∙ 2 chambres ∙ 5 personnes,Grimentz - Valais
10/05/2024,20/07/2024,27/07/2024,2723.09,H74MP03,107 m² Appartement ∙ 2 chambres ∙ 5 personnes,Grimentz - Valais
10/05/2024,27/07/2024,03/08/2024,2723.09,H74MP03,107 m² Appartement ∙ 2 chambres ∙ 5 personnes,Grimentz - Valais
10/05/2024,03/08/2024,10/08/2024,2723.09,H74MP03,107 m² Appartement ∙ 2 chambres ∙ 5 personnes,Grimentz - Valais
10/05/2024,10/08/2024,17/08/2024,2723.09,H74MP03,107 m² Appartement ∙ 2 chambres ∙ 5 personnes,Grimentz - Valais
10/05/2024,07/09/2024,14/09/2024,2256.58,H74MP03,107 m² Appartement ∙ 2 chambres ∙ 5 personnes,Grimentz - Valais
10/05/2024,14/09/2024,21/09/2024,2256.58,H74MP03,107 m² Appartement ∙ 2 chambres ∙ 5 personnes,Grimentz - Valais
10/05/2024,21/09/2024,28/09/2024,2256.58,H74MP03,107 m² Appartement ∙ 2 chambres ∙ 5 personnes,Grimentz - Valais
10/05/2024,28/09/2024,05/10/2024,2256.58,H74MP03,107 m² Appartement ∙ 2 chambres ∙ 5 personnes,Grimentz - Valais
10/05/2024,05/10/2024,12/10/2024,2256.58,H74MP03,107 m² Appartement ∙ 2 chambres ∙ 5 personnes,Grimentz - Valais
10/05/2024,12/10/2024,19/10/2024,2256.58,H74MP03,107 m² Appartement ∙ 2 chambres ∙ 5 personnes,Grimentz - Valais
10/05/2024,19/10/2024,26/10/2024,2256.58,H74MP03,107 m² Appartement ∙ 2 chambres ∙ 5 personnes,Grimentz - Valais
10/05/2024,26/10/2024,02/11/2024,2256.58,H74MP03,107 m² Appartement ∙ 2 chambres ∙ 5 personnes,Grimentz - Valais
10/05/2024,25/05/2024,01/06/2024,5012.21,HB795XG,244 m² Chalet ∙ 5 chambres ∙ 10 personnes,Grimentz - Valais
10/05/2024,01/06/2024,08/06/2024,5012.21,HB795XG,244 m² Chalet ∙ 5 chambres ∙ 10 personnes,Grimentz - Valais
10/05/2024,08/06/2024,15/06/2024,5012.21,HB795XG,244 m² Chalet ∙ 5 chambres ∙ 10 personnes,Grimentz - Valais
10/05/2024,15/06/2024,22/06/2024,5012.21,HB795XG,244 m² Chalet ∙ 5 chambres ∙ 10 personnes,Grimentz - Valais
10/05/2024,22/06/2024,29/06/2024,5012.21,HB795XG,244 m² Chalet ∙ 5 chambres ∙ 10 personnes,Grimentz - Valais
10/05/2024,05/10/2024,12/10/2024,5012.21,HB795XG,244 m² Chalet ∙ 5 chambres ∙ 10 personnes,Grimentz - Valais
10/05/2024,12/10/2024,19/10/2024,5012.21,HB795XG,244 m² Chalet ∙ 5 chambres ∙ 10 personnes,Grimentz - Valais
10/05/2024,19/10/2024,26/10/2024,5012.21,HB795XG,244 m² Chalet ∙ 5 chambres ∙ 10 personnes,Grimentz - Valais
10/05/2024,26/10/2024,02/11/2024,5012.21,HB795XG,244 m² Chalet ∙ 5 chambres ∙ 10 personnes,Grimentz - Valais
10/05/2024,18/05/2024,25/05/2024,2375.93,H0LRYD3,108 m² Chalet ∙ 2 chambres ∙ 6 personnes,Grimentz - Valais
10/05/2024,25/05/2024,01/06/2024,2375.93,H0LRYD3,108 m² Chalet ∙ 2 chambres ∙ 6 personnes,Grimentz - Valais
10/05/2024,01/06/2024,08/06/2024,2375.93,H0LRYD3,108 m² Chalet ∙ 2 chambres ∙ 6 personnes,Grimentz - Valais
10/05/2024,08/06/2024,15/06/2024,2375.93,H0LRYD3,108 m² Chalet ∙ 2 chambres ∙ 6 personnes,Grimentz - Valais
10/05/2024,15/06/2024,22/06/2024,2375.93,H0LRYD3,108 m² Chalet ∙ 2 chambres ∙ 6 personnes,Grimentz - Valais
10/05/2024,22/06/2024,29/06/2024,2375.93,H0LRYD3,108 m² Chalet ∙ 2 chambres ∙ 6 personnes,Grimentz - Valais
10/05/2024,29/06/2024,06/07/2024,2375.93,H0LRYD3,108 m² Chalet ∙ 2 chambres ∙ 6 personnes,Grimentz - Valais
10/05/2024,06/07/2024,13/07/2024,2842.42,H0LRYD3,108 m² Chalet ∙ 2 chambres ∙ 6 personnes,Grimentz - Valais
10/05/2024,13/07/2024,20/07/2024,2842.42,H0LRYD3,108 m² Chalet ∙ 2 chambres ∙ 6 personnes,Grimentz - Valais
10/05/2024,20/07/2024,27/07/2024,2842.42,H0LRYD3,108 m² Chalet ∙ 2 chambres ∙ 6 personnes,Grimentz - Valais
10/05/2024,27/07/2024,03/08/2024,2842.42,H0LRYD3,108 m² Chalet ∙ 2 chambres ∙ 6 personnes,Grimentz - Valais
10/05/2024,10/08/2024,17/08/2024,2842.42,H0LRYD3,108 m² Chalet ∙ 2 chambres ∙ 6 personnes,Grimentz - Valais
10/05/2024,07/09/2024,14/09/2024,2375.93,H0LRYD3,108 m² Chalet ∙ 2 chambres ∙ 6 personnes,Grimentz - Valais
10/05/2024,14/09/2024,21/09/2024,2375.93,H0LRYD3,108 m² Chalet ∙ 2 chambres ∙ 6 personnes,Grimentz - Valais
10/05/2024,21/09/2024,28/09/2024,2375.93,H0LRYD3,108 m² Chalet ∙ 2 chambres ∙ 6 personnes,Grimentz - Valais
10/05/2024,28/09/2024,05/10/2024,2375.93,H0LRYD3,108 m² Chalet ∙ 2 chambres ∙ 6 personnes,Grimentz - Valais
10/05/2024,05/10/2024,12/10/2024,2375.93,H0LRYD3,108 m² Chalet ∙ 2 chambres ∙ 6 personnes,Grimentz - Valais
10/05/2024,12/10/2024,19/10/2024,2375.93,H0LRYD3,108 m² Chalet ∙ 2 chambres ∙ 6 personnes,Grimentz - Valais
10/05/2024,19/10/2024,26/10/2024,2375.93,H0LRYD3,108 m² Chalet ∙ 2 chambres ∙ 6 personnes,Grimentz - Valais
10/05/2024,26/10/2024,02/11/2024,2375.93,H0LRYD3,108 m² Chalet ∙ 2 chambres ∙ 6 personnes,Grimentz - Valais
10/05/2024,18/05/2024,25/05/2024,2375.93,HGNB85X,129 m² Appartement ∙ 3 chambres ∙ 4 personnes,Grimentz - Valais
10/05/2024,25/05/2024,01/06/2024,2375.93,HGNB85X,129 m² Appartement ∙ 3 chambres ∙ 4 personnes,Grimentz - Valais
10/05/2024,15/06/2024,22/06/2024,2375.93,HGNB85X,129 m² Appartement ∙ 3 chambres ∙ 4 personnes,Grimentz - Valais
10/05/2024,22/06/2024,29/06/2024,2375.93,HGNB85X,129 m² Appartement ∙ 3 chambres ∙ 4 personnes,Grimentz - Valais
10/05/2024,29/06/2024,06/07/2024,2375.93,HGNB85X,129 m² Appartement ∙ 3 chambres ∙ 4 personnes,Grimentz - Valais
10/05/2024,06/07/2024,13/07/2024,2842.42,HGNB85X,129 m² Appartement ∙ 3 chambres ∙ 4 personnes,Grimentz - Valais
10/05/2024,13/07/2024,20/07/2024,2842.42,HGNB85X,129 m² Appartement ∙ 3 chambres ∙ 4 personnes,Grimentz - Valais
10/05/2024,20/07/2024,27/07/2024,2842.42,HGNB85X,129 m² Appartement ∙ 3 chambres ∙ 4 personnes,Grimentz - Valais
10/05/2024,27/07/2024,03/08/2024,2842.42,HGNB85X,129 m² Appartement ∙ 3 chambres ∙ 4 personnes,Grimentz - Valais
10/05/2024,03/08/2024,10/08/2024,2842.42,HGNB85X,129 m² Appartement ∙ 3 chambres ∙ 4 personnes,Grimentz - Valais
10/05/2024,10/08/2024,17/08/2024,2842.42,HGNB85X,129 m² Appartement ∙ 3 chambres ∙ 4 personnes,Grimentz - Valais
10/05/2024,17/08/2024,24/08/2024,2842.42,HGNB85X,129 m² Appartement ∙ 3 chambres ∙ 4 personnes,Grimentz - Valais
10/05/2024,24/08/2024,31/08/2024,2375.93,HGNB85X,129 m² Appartement ∙ 3 chambres ∙ 4 personnes,Grimentz - Valais
10/05/2024,31/08/2024,07/09/2024,2375.93,HGNB85X,129 m² Appartement ∙ 3 chambres ∙ 4 personnes,Grimentz - Valais
10/05/2024,07/09/2024,14/09/2024,2375.93,HGNB85X,129 m² Appartement ∙ 3 chambres ∙ 4 personnes,Grimentz - Valais
10/05/2024,14/09/2024,21/09/2024,2375.93,HGNB85X,129 m² Appartement ∙ 3 chambres ∙ 4 personnes,Grimentz - Valais
10/05/2024,21/09/2024,28/09/2024,2375.93,HGNB85X,129 m² Appartement ∙ 3 chambres ∙ 4 personnes,Grimentz - Valais
10/05/2024,28/09/2024,05/10/2024,2375.93,HGNB85X,129 m² Appartement ∙ 3 chambres ∙ 4 personnes,Grimentz - Valais
10/05/2024,05/10/2024,12/10/2024,2375.93,HGNB85X,129 m² Appartement ∙ 3 chambres ∙ 4 personnes,Grimentz - Valais
10/05/2024,12/10/2024,19/10/2024,2375.93,HGNB85X,129 m² Appartement ∙ 3 chambres ∙ 4 personnes,Grimentz - Valais
10/05/2024,19/10/2024,26/10/2024,2375.93,HGNB85X,129 m² Appartement ∙ 3 chambres ∙ 4 personnes,Grimentz - Valais
10/05/2024,26/10/2024,02/11/2024,2375.93,HGNB85X,129 m² Appartement ∙ 3 chambres ∙ 4 personnes,Grimentz - Valais
10/05/2024,18/05/2024,25/05/2024,4762.69,H57SDUL,246 m² Appartement ∙ 4 chambres ∙ 11 personnes,Grimentz - Valais
10/05/2024,25/05/2024,01/06/2024,4762.69,H57SDUL,246 m² Appartement ∙ 4 chambres ∙ 11 personnes,Grimentz - Valais
10/05/2024,01/06/2024,08/06/2024,4762.69,H57SDUL,246 m² Appartement ∙ 4 chambres ∙ 11 personnes,Grimentz - Valais
10/05/2024,29/06/2024,06/07/2024,4762.69,H57SDUL,246 m² Appartement ∙ 4 chambres ∙ 11 personnes,Grimentz - Valais
10/05/2024,06/07/2024,13/07/2024,4990.52,H57SDUL,246 m² Appartement ∙ 4 chambres ∙ 11 personnes,Grimentz - Valais
10/05/2024,10/08/2024,17/08/2024,4990.52,H57SDUL,246 m² Appartement ∙ 4 chambres ∙ 11 personnes,Grimentz - Valais
10/05/2024,31/08/2024,07/09/2024,4762.69,H57SDUL,246 m² Appartement ∙ 4 chambres ∙ 11 personnes,Grimentz - Valais
10/05/2024,05/10/2024,12/10/2024,4762.69,H57SDUL,246 m² Appartement ∙ 4 chambres ∙ 11 personnes,Grimentz - Valais
10/05/2024,12/10/2024,19/10/2024,4762.69,H57SDUL,246 m² Appartement ∙ 4 chambres ∙ 11 personnes,Grimentz - Valais
10/05/2024,19/10/2024,26/10/2024,4762.69,H57SDUL,246 m² Appartement ∙ 4 chambres ∙ 11 personnes,Grimentz - Valais
10/05/2024,26/10/2024,02/11/2024,4762.69,H57SDUL,246 m² Appartement ∙ 4 chambres ∙ 11 personnes,Grimentz - Valais
10/05/2024,18/05/2024,25/05/2024,3059.40,H0UJE4N,126 m² Appartement ∙ 3 chambres ∙ 8 personnes,Grimentz - Valais
10/05/2024,25/05/2024,01/06/2024,3059.40,H0UJE4N,126 m² Appartement ∙ 3 chambres ∙ 8 personnes,Grimentz - Valais
10/05/2024,15/06/2024,22/06/2024,3059.40,H0UJE4N,126 m² Appartement ∙ 3 chambres ∙ 8 personnes,Grimentz - Valais
10/05/2024,22/06/2024,29/06/2024,3059.40,H0UJE4N,126 m² Appartement ∙ 3 chambres ∙ 8 personnes,Grimentz - Valais
10/05/2024,29/06/2024,06/07/2024,3059.40,H0UJE4N,126 m² Appartement ∙ 3 chambres ∙ 8 personnes,Grimentz - Valais
10/05/2024,06/07/2024,13/07/2024,4035.81,H0UJE4N,126 m² Appartement ∙ 3 chambres ∙ 8 personnes,Grimentz - Valais
10/05/2024,13/07/2024,20/07/2024,4035.81,H0UJE4N,126 m² Appartement ∙ 3 chambres ∙ 8 personnes,Grimentz - Valais
10/05/2024,20/07/2024,27/07/2024,4035.81,H0UJE4N,126 m² Appartement ∙ 3 chambres ∙ 8 personnes,Grimentz - Valais
10/05/2024,07/09/2024,14/09/2024,3059.40,H0UJE4N,126 m² Appartement ∙ 3 chambres ∙ 8 personnes,Grimentz - Valais
10/05/2024,14/09/2024,21/09/2024,3059.40,H0UJE4N,126 m² Appartement ∙ 3 chambres ∙ 8 personnes,Grimentz - Valais
10/05/2024,21/09/2024,28/09/2024,3059.40,H0UJE4N,126 m² Appartement ∙ 3 chambres ∙ 8 personnes,Grimentz - Valais
10/05/2024,28/09/2024,05/10/2024,3058.88,H0UJE4N,126 m² Appartement ∙ 3 chambres ∙ 8 personnes,Grimentz - Valais
10/05/2024,05/10/2024,12/10/2024,3058.88,H0UJE4N,126 m² Appartement ∙ 3 chambres ∙ 8 personnes,Grimentz - Valais
10/05/2024,12/10/2024,19/10/2024,3058.88,H0UJE4N,126 m² Appartement ∙ 3 chambres ∙ 8 personnes,Grimentz - Valais
10/05/2024,19/10/2024,26/10/2024,3058.88,H0UJE4N,126 m² Appartement ∙ 3 chambres ∙ 8 personnes,Grimentz - Valais
10/05/2024,26/10/2024,02/11/2024,3058.88,H0UJE4N,126 m² Appartement ∙ 3 chambres ∙ 8 personnes,Grimentz - Valais
10/05/2024,25/05/2024,01/06/2024,4761.87,H41PXJD,207 m² Chalet ∙ 5 chambres ∙ 11 personnes,Grimentz - Valais
10/05/2024,01/06/2024,08/06/2024,4761.87,H41PXJD,207 m² Chalet ∙ 5 chambres ∙ 11 personnes,Grimentz - Valais
10/05/2024,08/06/2024,15/06/2024,4761.87,H41PXJD,207 m² Chalet ∙ 5 chambres ∙ 11 personnes,Grimentz - Valais
10/05/2024,15/06/2024,22/06/2024,4761.87,H41PXJD,207 m² Chalet ∙ 5 chambres ∙ 11 personnes,Grimentz - Valais
10/05/2024,22/06/2024,29/06/2024,4761.87,H41PXJD,207 m² Chalet ∙ 5 chambres ∙ 11 personnes,Grimentz - Valais
10/05/2024,29/06/2024,06/07/2024,4761.87,H41PXJD,207 m² Chalet ∙ 5 chambres ∙ 11 personnes,Grimentz - Valais
10/05/2024,06/07/2024,13/07/2024,4989.66,H41PXJD,207 m² Chalet ∙ 5 chambres ∙ 11 personnes,Grimentz - Valais
10/05/2024,13/07/2024,20/07/2024,4989.66,H41PXJD,207 m² Chalet ∙ 5 chambres ∙ 11 personnes,Grimentz - Valais
10/05/2024,20/07/2024,27/07/2024,4989.66,H41PXJD,207 m² Chalet ∙ 5 chambres ∙ 11 personnes,Grimentz - Valais
10/05/2024,27/07/2024,03/08/2024,4989.66,H41PXJD,207 m² Chalet ∙ 5 chambres ∙ 11 personnes,Grimentz - Valais
10/05/2024,07/09/2024,14/09/2024,4761.87,H41PXJD,207 m² Chalet ∙ 5 chambres ∙ 11 personnes,Grimentz - Valais
10/05/2024,14/09/2024,21/09/2024,4761.87,H41PXJD,207 m² Chalet ∙ 5 chambres ∙ 11 personnes,Grimentz - Valais
10/05/2024,21/09/2024,28/09/2024,4761.87,H41PXJD,207 m² Chalet ∙ 5 chambres ∙ 11 personnes,Grimentz - Valais
10/05/2024,28/09/2024,05/10/2024,4761.87,H41PXJD,207 m² Chalet ∙ 5 chambres ∙ 11 personnes,Grimentz - Valais
10/05/2024,05/10/2024,12/10/2024,4761.87,H41PXJD,207 m² Chalet ∙ 5 chambres ∙ 11 personnes,Grimentz - Valais
10/05/2024,12/10/2024,19/10/2024,4761.87,H41PXJD,207 m² Chalet ∙ 5 chambres ∙ 11 personnes,Grimentz - Valais
10/05/2024,19/10/2024,26/10/2024,4761.87,H41PXJD,207 m² Chalet ∙ 5 chambres ∙ 11 personnes,Grimentz - Valais
10/05/2024,26/10/2024,02/11/2024,4761.87,H41PXJD,207 m² Chalet ∙ 5 chambres ∙ 11 personnes,Grimentz - Valais
10/05/2024,18/05/2024,25/05/2024,3058.88,H5MXHVE,140 m² Chalet ∙ 3 chambres ∙ 9 personnes,Grimentz - Valais
10/05/2024,25/05/2024,01/06/2024,3058.88,H5MXHVE,140 m² Chalet ∙ 3 chambres ∙ 9 personnes,Grimentz - Valais
10/05/2024,01/06/2024,08/06/2024,3058.88,H5MXHVE,140 m² Chalet ∙ 3 chambres ∙ 9 personnes,Grimentz - Valais
10/05/2024,08/06/2024,15/06/2024,3058.88,H5MXHVE,140 m² Chalet ∙ 3 chambres ∙ 9 personnes,Grimentz - Valais
10/05/2024,15/06/2024,22/06/2024,3058.88,H5MXHVE,140 m² Chalet ∙ 3 chambres ∙ 9 personnes,Grimentz - Valais
10/05/2024,22/06/2024,29/06/2024,3058.88,H5MXHVE,140 m² Chalet ∙ 3 chambres ∙ 9 personnes,Grimentz - Valais
10/05/2024,29/06/2024,06/07/2024,3058.88,H5MXHVE,140 m² Chalet ∙ 3 chambres ∙ 9 personnes,Grimentz - Valais
10/05/2024,06/07/2024,13/07/2024,4035.12,H5MXHVE,140 m² Chalet ∙ 3 chambres ∙ 9 personnes,Grimentz - Valais
10/05/2024,13/07/2024,20/07/2024,4035.12,H5MXHVE,140 m² Chalet ∙ 3 chambres ∙ 9 personnes,Grimentz - Valais
10/05/2024,20/07/2024,27/07/2024,4035.12,H5MXHVE,140 m² Chalet ∙ 3 chambres ∙ 9 personnes,Grimentz - Valais
10/05/2024,27/07/2024,03/08/2024,4035.12,H5MXHVE,140 m² Chalet ∙ 3 chambres ∙ 9 personnes,Grimentz - Valais
10/05/2024,07/09/2024,14/09/2024,3058.88,H5MXHVE,140 m² Chalet ∙ 3 chambres ∙ 9 personnes,Grimentz - Valais
10/05/2024,28/09/2024,05/10/2024,3058.88,H5MXHVE,140 m² Chalet ∙ 3 chambres ∙ 9 personnes,Grimentz - Valais
10/05/2024,05/10/2024,12/10/2024,3058.88,H5MXHVE,140 m² Chalet ∙ 3 chambres ∙ 9 personnes,Grimentz - Valais
10/05/2024,12/10/2024,19/10/2024,3058.88,H5MXHVE,140 m² Chalet ∙ 3 chambres ∙ 9 personnes,Grimentz - Valais
10/05/2024,19/10/2024,26/10/2024,3058.88,H5MXHVE,140 m² Chalet ∙ 3 chambres ∙ 9 personnes,Grimentz - Valais
10/05/2024,26/10/2024,02/11/2024,3058.88,H5MXHVE,140 m² Chalet ∙ 3 chambres ∙ 9 personnes,Grimentz - Valais
10/05/2024,18/05/2024,25/05/2024,2375.51,H4RNLKH,116 m² Appartement ∙ 2 chambres ∙ 5 personnes,Grimentz - Valais
10/05/2024,25/05/2024,01/06/2024,2375.51,H4RNLKH,116 m² Appartement ∙ 2 chambres ∙ 5 personnes,Grimentz - Valais
10/05/2024,01/06/2024,08/06/2024,2375.51,H4RNLKH,116 m² Appartement ∙ 2 chambres ∙ 5 personnes,Grimentz - Valais
10/05/2024,08/06/2024,15/06/2024,2375.51,H4RNLKH,116 m² Appartement ∙ 2 chambres ∙ 5 personnes,Grimentz - Valais
10/05/2024,15/06/2024,22/06/2024,2375.51,H4RNLKH,116 m² Appartement ∙ 2 chambres ∙ 5 personnes,Grimentz - Valais
10/05/2024,22/06/2024,29/06/2024,2375.51,H4RNLKH,116 m² Appartement ∙ 2 chambres ∙ 5 personnes,Grimentz - Valais
10/05/2024,29/06/2024,06/07/2024,2375.51,H4RNLKH,116 m² Appartement ∙ 2 chambres ∙ 5 personnes,Grimentz - Valais
10/05/2024,06/07/2024,13/07/2024,2841.93,H4RNLKH,116 m² Appartement ∙ 2 chambres ∙ 5 personnes,Grimentz - Valais
10/05/2024,20/07/2024,27/07/2024,2841.93,H4RNLKH,116 m² Appartement ∙ 2 chambres ∙ 5 personnes,Grimentz - Valais
10/05/2024,07/09/2024,14/09/2024,2375.51,H4RNLKH,116 m² Appartement ∙ 2 chambres ∙ 5 personnes,Grimentz - Valais
10/05/2024,14/09/2024,21/09/2024,2375.51,H4RNLKH,116 m² Appartement ∙ 2 chambres ∙ 5 personnes,Grimentz - Valais
10/05/2024,21/09/2024,28/09/2024,2375.51,H4RNLKH,116 m² Appartement ∙ 2 chambres ∙ 5 personnes,Grimentz - Valais
10/05/2024,28/09/2024,05/10/2024,2375.51,H4RNLKH,116 m² Appartement ∙ 2 chambres ∙ 5 personnes,Grimentz - Valais
10/05/2024,05/10/2024,12/10/2024,2375.51,H4RNLKH,116 m² Appartement ∙ 2 chambres ∙ 5 personnes,Grimentz - Valais
10/05/2024,12/10/2024,19/10/2024,2375.51,H4RNLKH,116 m² Appartement ∙ 2 chambres ∙ 5 personnes,Grimentz - Valais
10/05/2024,19/10/2024,26/10/2024,2375.51,H4RNLKH,116 m² Appartement ∙ 2 chambres ∙ 5 personnes,Grimentz - Valais
10/05/2024,26/10/2024,02/11/2024,2375.51,H4RNLKH,116 m² Appartement ∙ 2 chambres ∙ 5 personnes,Grimentz - Valais
10/05/2024,18/05/2024,25/05/2024,2375.51,HPASMER,114 m² Chalet ∙ 2 chambres ∙ 6 personnes,Grimentz - Valais
10/05/2024,25/05/2024,01/06/2024,2375.51,HPASMER,114 m² Chalet ∙ 2 chambres ∙ 6 personnes,Grimentz - Valais
10/05/2024,01/06/2024,08/06/2024,2375.51,HPASMER,114 m² Chalet ∙ 2 chambres ∙ 6 personnes,Grimentz - Valais
10/05/2024,18/05/2024,25/05/2024,2375.51,HPASMER,114 m² Chalet ∙ 2 chambres ∙ 6 personnes,Grimentz - Valais
10/05/2024,25/05/2024,01/06/2024,2375.51,HPASMER,114 m² Chalet ∙ 2 chambres ∙ 6 personnes,Grimentz - Valais
10/05/2024,01/06/2024,08/06/2024,2375.51,HPASMER,114 m² Chalet ∙ 2 chambres ∙ 6 personnes,Grimentz - Valais
10/05/2024,08/06/2024,15/06/2024,2375.51,HPASMER,114 m² Chalet ∙ 2 chambres ∙ 6 personnes,Grimentz - Valais
10/05/2024,15/06/2024,22/06/2024,2375.51,HPASMER,114 m² Chalet ∙ 2 chambres ∙ 6 personnes,Grimentz - Valais
10/05/2024,22/06/2024,29/06/2024,2375.51,HPASMER,114 m² Chalet ∙ 2 chambres ∙ 6 personnes,Grimentz - Valais
10/05/2024,29/06/2024,06/07/2024,2375.51,HPASMER,114 m² Chalet ∙ 2 chambres ∙ 6 personnes,Grimentz - Valais
10/05/2024,06/07/2024,13/07/2024,2841.93,HPASMER,114 m² Chalet ∙ 2 chambres ∙ 6 personnes,Grimentz - Valais
10/05/2024,13/07/2024,20/07/2024,2841.93,HPASMER,114 m² Chalet ∙ 2 chambres ∙ 6 personnes,Grimentz - Valais
10/05/2024,20/07/2024,27/07/2024,2841.93,HPASMER,114 m² Chalet ∙ 2 chambres ∙ 6 personnes,Grimentz - Valais
10/05/2024,27/07/2024,03/08/2024,2841.93,HPASMER,114 m² Chalet ∙ 2 chambres ∙ 6 personnes,Grimentz - Valais
10/05/2024,03/08/2024,10/08/2024,2841.93,HPASMER,114 m² Chalet ∙ 2 chambres ∙ 6 personnes,Grimentz - Valais
10/05/2024,07/09/2024,14/09/2024,2375.51,HPASMER,114 m² Chalet ∙ 2 chambres ∙ 6 personnes,Grimentz - Valais
10/05/2024,14/09/2024,21/09/2024,2375.51,HPASMER,114 m² Chalet ∙ 2 chambres ∙ 6 personnes,Grimentz - Valais
10/05/2024,21/09/2024,28/09/2024,2375.51,HPASMER,114 m² Chalet ∙ 2 chambres ∙ 6 personnes,Grimentz - Valais
10/05/2024,28/09/2024,05/10/2024,2375.51,HPASMER,114 m² Chalet ∙ 2 chambres ∙ 6 personnes,Grimentz - Valais
10/05/2024,05/10/2024,12/10/2024,2375.51,HPASMER,114 m² Chalet ∙ 2 chambres ∙ 6 personnes,Grimentz - Valais
10/05/2024,12/10/2024,19/10/2024,2375.51,HPASMER,114 m² Chalet ∙ 2 chambres ∙ 6 personnes,Grimentz - Valais
10/05/2024,19/10/2024,26/10/2024,2375.51,HPASMER,114 m² Chalet ∙ 2 chambres ∙ 6 personnes,Grimentz - Valais
10/05/2024,26/10/2024,02/11/2024,2375.51,HPASMER,114 m² Chalet ∙ 2 chambres ∙ 6 personnes,Grimentz - Valais
10/05/2024,18/05/2024,25/05/2024,2256.20,H9TS3A2,107 m² Appartement ∙ 2 chambres ∙ 5 personnes,Grimentz - Valais
10/05/2024,25/05/2024,01/06/2024,2256.20,H9TS3A2,107 m² Appartement ∙ 2 chambres ∙ 5 personnes,Grimentz - Valais
10/05/2024,01/06/2024,08/06/2024,2256.20,H9TS3A2,107 m² Appartement ∙ 2 chambres ∙ 5 personnes,Grimentz - Valais
10/05/2024,08/06/2024,15/06/2024,2256.20,H9TS3A2,107 m² Appartement ∙ 2 chambres ∙ 5 personnes,Grimentz - Valais
10/05/2024,15/06/2024,22/06/2024,2256.20,H9TS3A2,107 m² Appartement ∙ 2 chambres ∙ 5 personnes,Grimentz - Valais
10/05/2024,22/06/2024,29/06/2024,2256.20,H9TS3A2,107 m² Appartement ∙ 2 chambres ∙ 5 personnes,Grimentz - Valais
10/05/2024,29/06/2024,06/07/2024,2256.20,H9TS3A2,107 m² Appartement ∙ 2 chambres ∙ 5 personnes,Grimentz - Valais
10/05/2024,06/07/2024,13/07/2024,2722.62,H9TS3A2,107 m² Appartement ∙ 2 chambres ∙ 5 personnes,Grimentz - Valais
10/05/2024,13/07/2024,20/07/2024,2722.62,H9TS3A2,107 m² Appartement ∙ 2 chambres ∙ 5 personnes,Grimentz - Valais
10/05/2024,20/07/2024,27/07/2024,2722.62,H9TS3A2,107 m² Appartement ∙ 2 chambres ∙ 5 personnes,Grimentz - Valais
10/05/2024,10/08/2024,17/08/2024,2722.62,H9TS3A2,107 m² Appartement ∙ 2 chambres ∙ 5 personnes,Grimentz - Valais
10/05/2024,07/09/2024,14/09/2024,2256.20,H9TS3A2,107 m² Appartement ∙ 2 chambres ∙ 5 personnes,Grimentz - Valais
10/05/2024,14/09/2024,21/09/2024,2256.20,H9TS3A2,107 m² Appartement ∙ 2 chambres ∙ 5 personnes,Grimentz - Valais
10/05/2024,21/09/2024,28/09/2024,2256.20,H9TS3A2,107 m² Appartement ∙ 2 chambres ∙ 5 personnes,Grimentz - Valais
10/05/2024,28/09/2024,05/10/2024,2256.20,H9TS3A2,107 m² Appartement ∙ 2 chambres ∙ 5 personnes,Grimentz - Valais
10/05/2024,05/10/2024,12/10/2024,2256.20,H9TS3A2,107 m² Appartement ∙ 2 chambres ∙ 5 personnes,Grimentz - Valais
10/05/2024,12/10/2024,19/10/2024,2256.20,H9TS3A2,107 m² Appartement ∙ 2 chambres ∙ 5 personnes,Grimentz - Valais
10/05/2024,19/10/2024,26/10/2024,2256.20,H9TS3A2,107 m² Appartement ∙ 2 chambres ∙ 5 personnes,Grimentz - Valais
10/05/2024,26/10/2024,02/11/2024,2256.20,H9TS3A2,107 m² Appartement ∙ 2 chambres ∙ 5 personnes,Grimentz - Valais
10/05/2024,18/05/2024,25/05/2024,5011.34,HXJP5AC,236 m² Appartement ∙ 5 chambres ∙ 10 personnes,Grimentz - Valais
10/05/2024,25/05/2024,01/06/2024,5011.34,HXJP5AC,236 m² Appartement ∙ 5 chambres ∙ 10 personnes,Grimentz - Valais
10/05/2024,01/06/2024,08/06/2024,5011.34,HXJP5AC,236 m² Appartement ∙ 5 chambres ∙ 10 personnes,Grimentz - Valais
10/05/2024,08/06/2024,15/06/2024,5011.34,HXJP5AC,236 m² Appartement ∙ 5 chambres ∙ 10 personnes,Grimentz - Valais
10/05/2024,15/06/2024,22/06/2024,5011.34,HXJP5AC,236 m² Appartement ∙ 5 chambres ∙ 10 personnes,Grimentz - Valais
10/05/2024,22/06/2024,29/06/2024,5011.34,HXJP5AC,236 m² Appartement ∙ 5 chambres ∙ 10 personnes,Grimentz - Valais
10/05/2024,29/06/2024,06/07/2024,5011.34,HXJP5AC,236 m² Appartement ∙ 5 chambres ∙ 10 personnes,Grimentz - Valais
10/05/2024,06/07/2024,13/07/2024,5965.90,HXJP5AC,236 m² Appartement ∙ 5 chambres ∙ 10 personnes,Grimentz - Valais
10/05/2024,13/07/2024,20/07/2024,5965.90,HXJP5AC,236 m² Appartement ∙ 5 chambres ∙ 10 personnes,Grimentz - Valais
10/05/2024,20/07/2024,27/07/2024,5965.90,HXJP5AC,236 m² Appartement ∙ 5 chambres ∙ 10 personnes,Grimentz - Valais
10/05/2024,27/07/2024,03/08/2024,5965.90,HXJP5AC,236 m² Appartement ∙ 5 chambres ∙ 10 personnes,Grimentz - Valais
10/05/2024,14/09/2024,21/09/2024,5011.34,HXJP5AC,236 m² Appartement ∙ 5 chambres ∙ 10 personnes,Grimentz - Valais
10/05/2024,21/09/2024,28/09/2024,5011.34,HXJP5AC,236 m² Appartement ∙ 5 chambres ∙ 10 personnes,Grimentz - Valais
10/05/2024,28/09/2024,05/10/2024,5011.34,HXJP5AC,236 m² Appartement ∙ 5 chambres ∙ 10 personnes,Grimentz - Valais
10/05/2024,05/10/2024,12/10/2024,5011.34,HXJP5AC,236 m² Appartement ∙ 5 chambres ∙ 10 personnes,Grimentz - Valais
10/05/2024,12/10/2024,19/10/2024,5011.34,HXJP5AC,236 m² Appartement ∙ 5 chambres ∙ 10 personnes,Grimentz - Valais
10/05/2024,19/10/2024,26/10/2024,5011.34,HXJP5AC,236 m² Appartement ∙ 5 chambres ∙ 10 personnes,Grimentz - Valais
10/05/2024,18/05/2024,25/05/2024,5011.34,H13GAUJ,225 m² Appartement ∙ 5 chambres ∙ 12 personnes,Grimentz - Valais
10/05/2024,25/05/2024,01/06/2024,5011.34,H13GAUJ,225 m² Appartement ∙ 5 chambres ∙ 12 personnes,Grimentz - Valais
10/05/2024,01/06/2024,08/06/2024,5011.34,H13GAUJ,225 m² Appartement ∙ 5 chambres ∙ 12 personnes,Grimentz - Valais
10/05/2024,08/06/2024,15/06/2024,5011.34,H13GAUJ,225 m² Appartement ∙ 5 chambres ∙ 12 personnes,Grimentz - Valais
10/05/2024,15/06/2024,22/06/2024,5011.34,H13GAUJ,225 m² Appartement ∙ 5 chambres ∙ 12 personnes,Grimentz - Valais
10/05/2024,22/06/2024,29/06/2024,5011.34,H13GAUJ,225 m² Appartement ∙ 5 chambres ∙ 12 personnes,Grimentz - Valais
10/05/2024,29/06/2024,06/07/2024,5011.34,H13GAUJ,225 m² Appartement ∙ 5 chambres ∙ 12 personnes,Grimentz - Valais
10/05/2024,06/07/2024,13/07/2024,5965.90,H13GAUJ,225 m² Appartement ∙ 5 chambres ∙ 12 personnes,Grimentz - Valais
10/05/2024,27/07/2024,03/08/2024,5965.90,H13GAUJ,225 m² Appartement ∙ 5 chambres ∙ 12 personnes,Grimentz - Valais
10/05/2024,14/09/2024,21/09/2024,5011.34,H13GAUJ,225 m² Appartement ∙ 5 chambres ∙ 12 personnes,Grimentz - Valais
10/05/2024,21/09/2024,28/09/2024,5011.34,H13GAUJ,225 m² Appartement ∙ 5 chambres ∙ 12 personnes,Grimentz - Valais
10/05/2024,28/09/2024,05/10/2024,5011.34,H13GAUJ,225 m² Appartement ∙ 5 chambres ∙ 12 personnes,Grimentz - Valais
10/05/2024,05/10/2024,12/10/2024,5011.34,H13GAUJ,225 m² Appartement ∙ 5 chambres ∙ 12 personnes,Grimentz - Valais
10/05/2024,12/10/2024,19/10/2024,5011.34,H13GAUJ,225 m² Appartement ∙ 5 chambres ∙ 12 personnes,Grimentz - Valais
10/05/2024,19/10/2024,26/10/2024,5011.34,H13GAUJ,225 m² Appartement ∙ 5 chambres ∙ 12 personnes,Grimentz - Valais
10/05/2024,26/10/2024,02/11/2024,5011.34,H13GAUJ,225 m² Appartement ∙ 5 chambres ∙ 12 personnes,Grimentz - Valais
