date_scrap,date_debut,date_fin,price,identifiant,typologie,nom
03/03/2025,04/10/2025,11/10/2025,767.44 ,HMNDPKA,110 m² Maison de vacances ∙ 8 personnes ∙ 4 chambres,Wiler (Lötschen) - Valais
03/03/2025,11/10/2025,18/10/2025,767.70 ,HMNDPKA,110 m² Maison de vacances ∙ 8 personnes ∙ 4 chambres,Wiler (Lötschen) - Valais
03/03/2025,07/06/2025,14/06/2025,882.70 ,HVGJZ2T,55 m² Maison de vacances ∙ 4 personnes ∙ 2 chambres,Termen - Valais
03/03/2025,21/06/2025,28/06/2025,882.70 ,HVGJZ2T,55 m² Maison de vacances ∙ 4 personnes ∙ 2 chambres,Termen - Valais
03/03/2025,02/08/2025,09/08/2025,882.70 ,HVGJZ2T,55 m² Maison de vacances ∙ 4 personnes ∙ 2 chambres,Termen - Valais
03/03/2025,30/08/2025,06/09/2025,882.70 ,HVGJZ2T,55 m² Maison de vacances ∙ 4 personnes ∙ 2 chambres,Termen - Valais
03/03/2025,06/09/2025,13/09/2025,882.70 ,HVGJZ2T,55 m² Maison de vacances ∙ 4 personnes ∙ 2 chambres,Termen - Valais
03/03/2025,27/09/2025,04/10/2025,882.70 ,HVGJZ2T,55 m² Maison de vacances ∙ 4 personnes ∙ 2 chambres,Termen - Valais
03/03/2025,05/04/2025,12/04/2025,560.07 ,H8WBVX3,65 m² Appartement ∙ 4 personnes ∙ 1 chambre,Loèche-les-Bains - Valais
03/03/2025,12/04/2025,19/04/2025,559.88 ,H8WBVX3,65 m² Appartement ∙ 4 personnes ∙ 1 chambre,Loèche-les-Bains - Valais
03/03/2025,19/04/2025,26/04/2025,559.88 ,H8WBVX3,65 m² Appartement ∙ 4 personnes ∙ 1 chambre,Loèche-les-Bains - Valais
03/03/2025,26/04/2025,03/05/2025,560.07 ,H8WBVX3,65 m² Appartement ∙ 4 personnes ∙ 1 chambre,Loèche-les-Bains - Valais
03/03/2025,03/05/2025,10/05/2025,529.01 ,H8WBVX3,65 m² Appartement ∙ 4 personnes ∙ 1 chambre,Loèche-les-Bains - Valais
03/03/2025,10/05/2025,17/05/2025,529.19 ,H8WBVX3,65 m² Appartement ∙ 4 personnes ∙ 1 chambre,Loèche-les-Bains - Valais
03/03/2025,17/05/2025,24/05/2025,529.19 ,H8WBVX3,65 m² Appartement ∙ 4 personnes ∙ 1 chambre,Loèche-les-Bains - Valais
03/03/2025,07/06/2025,14/06/2025,529.01 ,H8WBVX3,65 m² Appartement ∙ 4 personnes ∙ 1 chambre,Loèche-les-Bains - Valais
03/03/2025,14/06/2025,21/06/2025,529.01 ,H8WBVX3,65 m² Appartement ∙ 4 personnes ∙ 1 chambre,Loèche-les-Bains - Valais
03/03/2025,21/06/2025,28/06/2025,529.01 ,H8WBVX3,65 m² Appartement ∙ 4 personnes ∙ 1 chambre,Loèche-les-Bains - Valais
03/03/2025,05/07/2025,12/07/2025,529.19 ,H8WBVX3,65 m² Appartement ∙ 4 personnes ∙ 1 chambre,Loèche-les-Bains - Valais
03/03/2025,12/07/2025,19/07/2025,529.01 ,H8WBVX3,65 m² Appartement ∙ 4 personnes ∙ 1 chambre,Loèche-les-Bains - Valais
03/03/2025,02/08/2025,09/08/2025,529.01 ,H8WBVX3,65 m² Appartement ∙ 4 personnes ∙ 1 chambre,Loèche-les-Bains - Valais
03/03/2025,09/08/2025,16/08/2025,529.01 ,H8WBVX3,65 m² Appartement ∙ 4 personnes ∙ 1 chambre,Loèche-les-Bains - Valais
03/03/2025,16/08/2025,23/08/2025,529.01 ,H8WBVX3,65 m² Appartement ∙ 4 personnes ∙ 1 chambre,Loèche-les-Bains - Valais
03/03/2025,23/08/2025,30/08/2025,529.19 ,H8WBVX3,65 m² Appartement ∙ 4 personnes ∙ 1 chambre,Loèche-les-Bains - Valais
03/03/2025,30/08/2025,06/09/2025,529.19 ,H8WBVX3,65 m² Appartement ∙ 4 personnes ∙ 1 chambre,Loèche-les-Bains - Valais
03/03/2025,06/09/2025,13/09/2025,529.19 ,H8WBVX3,65 m² Appartement ∙ 4 personnes ∙ 1 chambre,Loèche-les-Bains - Valais
03/03/2025,13/09/2025,20/09/2025,529.19 ,H8WBVX3,65 m² Appartement ∙ 4 personnes ∙ 1 chambre,Loèche-les-Bains - Valais
03/03/2025,20/09/2025,27/09/2025,529.19 ,H8WBVX3,65 m² Appartement ∙ 4 personnes ∙ 1 chambre,Loèche-les-Bains - Valais
03/03/2025,27/09/2025,04/10/2025,529.19 ,H8WBVX3,65 m² Appartement ∙ 4 personnes ∙ 1 chambre,Loèche-les-Bains - Valais
03/03/2025,04/10/2025,11/10/2025,529.19 ,H8WBVX3,65 m² Appartement ∙ 4 personnes ∙ 1 chambre,Loèche-les-Bains - Valais
03/03/2025,11/10/2025,18/10/2025,529.01 ,H8WBVX3,65 m² Appartement ∙ 4 personnes ∙ 1 chambre,Loèche-les-Bains - Valais
03/03/2025,18/10/2025,25/10/2025,529.19 ,H8WBVX3,65 m² Appartement ∙ 4 personnes ∙ 1 chambre,Loèche-les-Bains - Valais
03/03/2025,25/10/2025,01/11/2025,529.19 ,H8WBVX3,65 m² Appartement ∙ 4 personnes ∙ 1 chambre,Loèche-les-Bains - Valais
03/03/2025,29/03/2025,05/04/2025,760.25 ,H7J8G2S,65 m² Maison de vacances ∙ 4 personnes ∙ 2 chambres,Albinen - Valais
03/03/2025,05/04/2025,12/04/2025,759.99 ,H7J8G2S,65 m² Maison de vacances ∙ 4 personnes ∙ 2 chambres,Albinen - Valais
03/03/2025,26/04/2025,03/05/2025,759.99 ,H7J8G2S,65 m² Maison de vacances ∙ 4 personnes ∙ 2 chambres,Albinen - Valais
03/03/2025,17/05/2025,24/05/2025,760.25 ,H7J8G2S,65 m² Maison de vacances ∙ 4 personnes ∙ 2 chambres,Albinen - Valais
03/03/2025,24/05/2025,31/05/2025,759.99 ,H7J8G2S,65 m² Maison de vacances ∙ 4 personnes ∙ 2 chambres,Albinen - Valais
03/03/2025,21/06/2025,28/06/2025,759.99 ,H7J8G2S,65 m² Maison de vacances ∙ 4 personnes ∙ 2 chambres,Albinen - Valais
03/03/2025,28/06/2025,05/07/2025,759.99 ,H7J8G2S,65 m² Maison de vacances ∙ 4 personnes ∙ 2 chambres,Albinen - Valais
03/03/2025,05/07/2025,12/07/2025,760.25 ,H7J8G2S,65 m² Maison de vacances ∙ 4 personnes ∙ 2 chambres,Albinen - Valais
03/03/2025,30/08/2025,06/09/2025,760.25 ,H7J8G2S,65 m² Maison de vacances ∙ 4 personnes ∙ 2 chambres,Albinen - Valais
03/03/2025,06/09/2025,13/09/2025,760.25 ,H7J8G2S,65 m² Maison de vacances ∙ 4 personnes ∙ 2 chambres,Albinen - Valais
03/03/2025,13/09/2025,20/09/2025,760.25 ,H7J8G2S,65 m² Maison de vacances ∙ 4 personnes ∙ 2 chambres,Albinen - Valais
03/03/2025,20/09/2025,27/09/2025,760.25 ,H7J8G2S,65 m² Maison de vacances ∙ 4 personnes ∙ 2 chambres,Albinen - Valais
03/03/2025,27/09/2025,04/10/2025,759.99 ,H7J8G2S,65 m² Maison de vacances ∙ 4 personnes ∙ 2 chambres,Albinen - Valais
03/03/2025,04/10/2025,11/10/2025,760.25 ,H7J8G2S,65 m² Maison de vacances ∙ 4 personnes ∙ 2 chambres,Albinen - Valais
03/03/2025,11/10/2025,18/10/2025,760.25 ,H7J8G2S,65 m² Maison de vacances ∙ 4 personnes ∙ 2 chambres,Albinen - Valais
03/03/2025,18/10/2025,25/10/2025,760.25 ,H7J8G2S,65 m² Maison de vacances ∙ 4 personnes ∙ 2 chambres,Albinen - Valais
03/03/2025,25/10/2025,01/11/2025,759.99 ,H7J8G2S,65 m² Maison de vacances ∙ 4 personnes ∙ 2 chambres,Albinen - Valais
03/03/2025,15/03/2025,22/03/2025,1151.70 ,H7VPK8G,150 m² Maison de vacances ∙ 5 personnes ∙ 2 chambres,Albinen - Valais
03/03/2025,22/03/2025,29/03/2025,1151.70 ,H7VPK8G,150 m² Maison de vacances ∙ 5 personnes ∙ 2 chambres,Albinen - Valais
03/03/2025,29/03/2025,05/04/2025,1151.70 ,H7VPK8G,150 m² Maison de vacances ∙ 5 personnes ∙ 2 chambres,Albinen - Valais
03/03/2025,05/04/2025,12/04/2025,1152.09 ,H7VPK8G,150 m² Maison de vacances ∙ 5 personnes ∙ 2 chambres,Albinen - Valais
03/03/2025,12/04/2025,19/04/2025,1152.09 ,H7VPK8G,150 m² Maison de vacances ∙ 5 personnes ∙ 2 chambres,Albinen - Valais
03/03/2025,19/04/2025,26/04/2025,1152.09 ,H7VPK8G,150 m² Maison de vacances ∙ 5 personnes ∙ 2 chambres,Albinen - Valais
03/03/2025,03/05/2025,10/05/2025,921.03 ,H7VPK8G,150 m² Maison de vacances ∙ 5 personnes ∙ 2 chambres,Albinen - Valais
03/03/2025,07/06/2025,14/06/2025,920.72 ,H7VPK8G,150 m² Maison de vacances ∙ 5 personnes ∙ 2 chambres,Albinen - Valais
03/03/2025,05/07/2025,12/07/2025,1073.99 ,H7VPK8G,150 m² Maison de vacances ∙ 5 personnes ∙ 2 chambres,Albinen - Valais
03/03/2025,16/08/2025,23/08/2025,1074.36 ,H7VPK8G,150 m² Maison de vacances ∙ 5 personnes ∙ 2 chambres,Albinen - Valais
03/03/2025,23/08/2025,30/08/2025,1074.36 ,H7VPK8G,150 m² Maison de vacances ∙ 5 personnes ∙ 2 chambres,Albinen - Valais
03/03/2025,30/08/2025,06/09/2025,1074.36 ,H7VPK8G,150 m² Maison de vacances ∙ 5 personnes ∙ 2 chambres,Albinen - Valais
03/03/2025,06/09/2025,13/09/2025,1073.99 ,H7VPK8G,150 m² Maison de vacances ∙ 5 personnes ∙ 2 chambres,Albinen - Valais
03/03/2025,13/09/2025,20/09/2025,1074.36 ,H7VPK8G,150 m² Maison de vacances ∙ 5 personnes ∙ 2 chambres,Albinen - Valais
03/03/2025,20/09/2025,27/09/2025,1074.36 ,H7VPK8G,150 m² Maison de vacances ∙ 5 personnes ∙ 2 chambres,Albinen - Valais
03/03/2025,27/09/2025,04/10/2025,1074.36 ,H7VPK8G,150 m² Maison de vacances ∙ 5 personnes ∙ 2 chambres,Albinen - Valais
03/03/2025,04/10/2025,11/10/2025,1074.36 ,H7VPK8G,150 m² Maison de vacances ∙ 5 personnes ∙ 2 chambres,Albinen - Valais
03/03/2025,11/10/2025,18/10/2025,1074.36 ,H7VPK8G,150 m² Maison de vacances ∙ 5 personnes ∙ 2 chambres,Albinen - Valais
03/03/2025,18/10/2025,25/10/2025,997.36 ,H7VPK8G,150 m² Maison de vacances ∙ 5 personnes ∙ 2 chambres,Albinen - Valais
03/03/2025,25/10/2025,01/11/2025,997.70 ,H7VPK8G,150 m² Maison de vacances ∙ 5 personnes ∙ 2 chambres,Albinen - Valais
03/03/2025,08/03/2025,15/03/2025,691.04 ,HGBRPDL,55 m² Appartement ∙ 4 personnes ∙ 2 chambres,Leuk - Valais
03/03/2025,15/03/2025,22/03/2025,691.04 ,HGBRPDL,55 m² Appartement ∙ 4 personnes ∙ 2 chambres,Leuk - Valais
03/03/2025,22/03/2025,29/03/2025,691.04 ,HGBRPDL,55 m² Appartement ∙ 4 personnes ∙ 2 chambres,Leuk - Valais
03/03/2025,29/03/2025,05/04/2025,625.02 ,HGBRPDL,55 m² Appartement ∙ 4 personnes ∙ 2 chambres,Leuk - Valais
03/03/2025,05/04/2025,12/04/2025,614.38 ,HGBRPDL,55 m² Appartement ∙ 4 personnes ∙ 2 chambres,Leuk - Valais
03/03/2025,03/05/2025,10/05/2025,614.17 ,HGBRPDL,55 m² Appartement ∙ 4 personnes ∙ 2 chambres,Leuk - Valais
03/03/2025,10/05/2025,17/05/2025,614.38 ,HGBRPDL,55 m² Appartement ∙ 4 personnes ∙ 2 chambres,Leuk - Valais
03/03/2025,17/05/2025,24/05/2025,614.38 ,HGBRPDL,55 m² Appartement ∙ 4 personnes ∙ 2 chambres∙1 salle de bain,Leuk - District de Loèche - Suisse
03/03/2025,24/05/2025,31/05/2025,625.02 ,HGBRPDL,55 m² Appartement ∙ 4 personnes ∙ 2 chambres∙1 salle de bain,Leuk - District de Loèche - Suisse
03/03/2025,31/05/2025,07/06/2025,691.04 ,HGBRPDL,55 m² Appartement ∙ 4 personnes ∙ 2 chambres∙1 salle de bain,Leuk - District de Loèche - Suisse
03/03/2025,07/06/2025,14/06/2025,691.04 ,HGBRPDL,55 m² Appartement ∙ 4 personnes ∙ 2 chambres∙1 salle de bain,Leuk - District de Loèche - Suisse
03/03/2025,21/06/2025,28/06/2025,691.04 ,HGBRPDL,55 m² Appartement ∙ 4 personnes ∙ 2 chambres∙1 salle de bain,Leuk - District de Loèche - Suisse
03/03/2025,28/06/2025,05/07/2025,691.04 ,HGBRPDL,55 m² Appartement ∙ 4 personnes ∙ 2 chambres∙1 salle de bain,Leuk - District de Loèche - Suisse
03/03/2025,05/07/2025,12/07/2025,691.04 ,HGBRPDL,55 m² Appartement ∙ 4 personnes ∙ 2 chambres∙1 salle de bain,Leuk - District de Loèche - Suisse
03/03/2025,12/07/2025,19/07/2025,691.04 ,HGBRPDL,55 m² Appartement ∙ 4 personnes ∙ 2 chambres∙1 salle de bain,Leuk - District de Loèche - Suisse
03/03/2025,09/08/2025,16/08/2025,691.04 ,HGBRPDL,55 m² Appartement ∙ 4 personnes ∙ 2 chambres∙1 salle de bain,Leuk - District de Loèche - Suisse
03/03/2025,23/08/2025,30/08/2025,691.04 ,HGBRPDL,55 m² Appartement ∙ 4 personnes ∙ 2 chambres∙1 salle de bain,Leuk - District de Loèche - Suisse
03/03/2025,30/08/2025,06/09/2025,691.04 ,HGBRPDL,55 m² Appartement ∙ 4 personnes ∙ 2 chambres∙1 salle de bain,Leuk - District de Loèche - Suisse
03/03/2025,06/09/2025,13/09/2025,691.04 ,HGBRPDL,55 m² Appartement ∙ 4 personnes ∙ 2 chambres∙1 salle de bain,Leuk - District de Loèche - Suisse
03/03/2025,13/09/2025,20/09/2025,691.04 ,HGBRPDL,55 m² Appartement ∙ 4 personnes ∙ 2 chambres∙1 salle de bain,Leuk - District de Loèche - Suisse
03/03/2025,20/09/2025,27/09/2025,691.04 ,HGBRPDL,55 m² Appartement ∙ 4 personnes ∙ 2 chambres∙1 salle de bain,Leuk - District de Loèche - Suisse
03/03/2025,27/09/2025,04/10/2025,635.67 ,HGBRPDL,55 m² Appartement ∙ 4 personnes ∙ 2 chambres∙1 salle de bain,Leuk - District de Loèche - Suisse
03/03/2025,04/10/2025,11/10/2025,614.17 ,HGBRPDL,55 m² Appartement ∙ 4 personnes ∙ 2 chambres∙1 salle de bain,Leuk - District de Loèche - Suisse
03/03/2025,11/10/2025,18/10/2025,614.38 ,HGBRPDL,55 m² Appartement ∙ 4 personnes ∙ 2 chambres∙1 salle de bain,Leuk - District de Loèche - Suisse
03/03/2025,18/10/2025,25/10/2025,614.38 ,HGBRPDL,55 m² Appartement ∙ 4 personnes ∙ 2 chambres∙1 salle de bain,Leuk - District de Loèche - Suisse
03/03/2025,25/10/2025,01/11/2025,614.38 ,HGBRPDL,55 m² Appartement ∙ 4 personnes ∙ 2 chambres∙1 salle de bain,Leuk - District de Loèche - Suisse
03/03/2025,05/04/2025,12/04/2025,508.96 ,HSF20E9,40 m² Appartement ∙ 4 personnes ∙ 1 chambre∙1 salle de bain,Grône - Sierre - Suisse
03/03/2025,12/04/2025,19/04/2025,461.05 ,HSF20E9,40 m² Appartement ∙ 4 personnes ∙ 1 chambre∙1 salle de bain,Grône - Sierre - Suisse
03/03/2025,19/04/2025,26/04/2025,424.85 ,HSF20E9,40 m² Appartement ∙ 4 personnes ∙ 1 chambre,Grône - Valais
03/03/2025,26/04/2025,03/05/2025,424.85 ,HSF20E9,40 m² Appartement ∙ 4 personnes ∙ 1 chambre,Grône - Valais
03/03/2025,03/05/2025,10/05/2025,424.70 ,HSF20E9,40 m² Appartement ∙ 4 personnes ∙ 1 chambre,Grône - Valais
03/03/2025,10/05/2025,17/05/2025,424.85 ,HSF20E9,40 m² Appartement ∙ 4 personnes ∙ 1 chambre,Grône - Valais
03/03/2025,17/05/2025,24/05/2025,424.85 ,HSF20E9,40 m² Appartement ∙ 4 personnes ∙ 1 chambre,Grône - Valais
03/03/2025,24/05/2025,31/05/2025,424.85 ,HSF20E9,40 m² Appartement ∙ 4 personnes ∙ 1 chambre,Grône - Valais
03/03/2025,31/05/2025,07/06/2025,424.85 ,HSF20E9,40 m² Appartement ∙ 4 personnes ∙ 1 chambre,Grône - Valais
03/03/2025,14/06/2025,21/06/2025,478.08 ,HSF20E9,40 m² Appartement ∙ 4 personnes ∙ 1 chambre,Grône - Valais
03/03/2025,21/06/2025,28/06/2025,478.08 ,HSF20E9,40 m² Appartement ∙ 4 personnes ∙ 1 chambre,Grône - Valais
03/03/2025,28/06/2025,05/07/2025,478.08 ,HSF20E9,40 m² Appartement ∙ 4 personnes ∙ 1 chambre,Grône - Valais
03/03/2025,05/07/2025,12/07/2025,478.08 ,HSF20E9,40 m² Appartement ∙ 4 personnes ∙ 1 chambre,Grône - Valais
03/03/2025,22/03/2025,29/03/2025,2718.37 ,HEDFWUJ,220 m² Maison de vacances ∙ 10 personnes ∙ 5 chambres∙5 salles de bain,Hérémence - Hérens - Suisse
03/03/2025,29/03/2025,05/04/2025,2718.37 ,HEDFWUJ,220 m² Maison de vacances ∙ 10 personnes ∙ 5 chambres∙5 salles de bain,Hérémence - Hérens - Suisse
03/03/2025,05/04/2025,12/04/2025,2825.92 ,HEDFWUJ,220 m² Maison de vacances ∙ 10 personnes ∙ 5 chambres∙5 salles de bain,Hérémence - Hérens - Suisse
03/03/2025,12/04/2025,19/04/2025,2771.74 ,HEDFWUJ,220 m² Maison de vacances ∙ 10 personnes ∙ 5 chambres∙5 salles de bain,Hérémence - Hérens - Suisse
03/03/2025,19/04/2025,26/04/2025,2772.68 ,HEDFWUJ,220 m² Maison de vacances ∙ 10 personnes ∙ 5 chambres∙5 salles de bain,Hérémence - Hérens - Suisse
03/03/2025,26/04/2025,03/05/2025,2065.67 ,HEDFWUJ,220 m² Maison de vacances ∙ 10 personnes ∙ 5 chambres∙5 salles de bain,Hérémence - Hérens - Suisse
03/03/2025,03/05/2025,10/05/2025,2065.67 ,HEDFWUJ,220 m² Maison de vacances ∙ 10 personnes ∙ 5 chambres∙5 salles de bain,Hérémence - Hérens - Suisse
03/03/2025,10/05/2025,17/05/2025,2065.67 ,HEDFWUJ,220 m² Maison de vacances ∙ 10 personnes ∙ 5 chambres∙5 salles de bain,Hérémence - Hérens - Suisse
03/03/2025,17/05/2025,24/05/2025,2065.67 ,HEDFWUJ,220 m² Maison de vacances ∙ 10 personnes ∙ 5 chambres∙5 salles de bain,Hérémence - Hérens - Suisse
03/03/2025,24/05/2025,31/05/2025,2569.30 ,HEDFWUJ,220 m² Maison de vacances ∙ 10 personnes ∙ 5 chambres∙5 salles de bain,Hérémence - Hérens - Suisse
03/03/2025,31/05/2025,07/06/2025,2064.96 ,HEDFWUJ,220 m² Maison de vacances ∙ 10 personnes ∙ 5 chambres∙5 salles de bain,Hérémence - Hérens - Suisse
03/03/2025,07/06/2025,14/06/2025,2064.96 ,HEDFWUJ,220 m² Maison de vacances ∙ 10 personnes ∙ 5 chambres∙5 salles de bain,Hérémence - Hérens - Suisse
03/03/2025,14/06/2025,21/06/2025,2065.67 ,HEDFWUJ,220 m² Maison de vacances ∙ 10 personnes ∙ 5 chambres∙5 salles de bain,Hérémence - Hérens - Suisse
03/03/2025,21/06/2025,28/06/2025,2064.96 ,HEDFWUJ,220 m² Maison de vacances ∙ 10 personnes ∙ 5 chambres∙5 salles de bain,Hérémence - Hérens - Suisse
03/03/2025,28/06/2025,05/07/2025,2569.30 ,HEDFWUJ,220 m² Maison de vacances ∙ 10 personnes ∙ 5 chambres∙5 salles de bain,Hérémence - Hérens - Suisse
03/03/2025,23/08/2025,30/08/2025,2568.43 ,HEDFWUJ,220 m² Maison de vacances ∙ 10 personnes ∙ 5 chambres∙5 salles de bain,Hérémence - Hérens - Suisse
03/03/2025,30/08/2025,06/09/2025,2065.67 ,HEDFWUJ,220 m² Maison de vacances ∙ 10 personnes ∙ 5 chambres∙5 salles de bain,Hérémence - Hérens - Suisse
03/03/2025,06/09/2025,13/09/2025,2065.67 ,HEDFWUJ,220 m² Maison de vacances ∙ 10 personnes ∙ 5 chambres∙5 salles de bain,Hérémence - Hérens - Suisse
03/03/2025,13/09/2025,20/09/2025,2065.67 ,HEDFWUJ,220 m² Maison de vacances ∙ 10 personnes ∙ 5 chambres∙5 salles de bain,Hérémence - Hérens - Suisse
03/03/2025,20/09/2025,27/09/2025,2065.67 ,HEDFWUJ,220 m² Maison de vacances ∙ 10 personnes ∙ 5 chambres∙5 salles de bain,Hérémence - Hérens - Suisse
03/03/2025,27/09/2025,04/10/2025,2065.67 ,HEDFWUJ,220 m² Maison de vacances ∙ 10 personnes ∙ 5 chambres∙5 salles de bain,Hérémence - Hérens - Suisse
03/03/2025,11/10/2025,18/10/2025,2065.67 ,HEDFWUJ,220 m² Maison de vacances ∙ 10 personnes ∙ 5 chambres∙5 salles de bain,Hérémence - Hérens - Suisse
03/03/2025,18/10/2025,25/10/2025,2065.67 ,HEDFWUJ,220 m² Maison de vacances ∙ 10 personnes ∙ 5 chambres∙5 salles de bain,Hérémence - Hérens - Suisse
03/03/2025,15/03/2025,22/03/2025,2279.81 ,HK1XFSW,65 m² Maison de vacances ∙ 5 personnes ∙ 2 chambres∙1 salle de bain,Grimentz - Sierre - Suisse
03/03/2025,22/03/2025,29/03/2025,2279.81 ,HK1XFSW,65 m² Maison de vacances ∙ 5 personnes ∙ 2 chambres∙1 salle de bain,Grimentz - Sierre - Suisse
03/03/2025,29/03/2025,05/04/2025,2279.81 ,HK1XFSW,65 m² Maison de vacances ∙ 5 personnes ∙ 2 chambres∙1 salle de bain,Grimentz - Sierre - Suisse
03/03/2025,04/10/2025,11/10/2025,2130.60 ,HK1XFSW,65 m² Maison de vacances ∙ 5 personnes ∙ 2 chambres,Grimentz - Valais
03/03/2025,11/10/2025,18/10/2025,2130.60 ,HK1XFSW,65 m² Maison de vacances ∙ 5 personnes ∙ 2 chambres,Grimentz - Valais
03/03/2025,18/10/2025,25/10/2025,2130.60 ,HK1XFSW,65 m² Maison de vacances ∙ 5 personnes ∙ 2 chambres,Grimentz - Valais
03/03/2025,25/10/2025,01/11/2025,2130.60 ,HK1XFSW,65 m² Maison de vacances ∙ 5 personnes ∙ 2 chambres,Grimentz - Valais
03/03/2025,03/05/2025,10/05/2025,1309.91 ,HNRH8DZ,125 m² Maison de vacances ∙ 6 personnes ∙ 3 chambres,Saint-Luc - Valais
03/03/2025,10/05/2025,17/05/2025,1308.61 ,HNRH8DZ,125 m² Maison de vacances ∙ 6 personnes ∙ 3 chambres,Saint-Luc - Valais
03/03/2025,17/05/2025,24/05/2025,1308.61 ,HNRH8DZ,125 m² Maison de vacances ∙ 6 personnes ∙ 3 chambres,Saint-Luc - Valais
03/03/2025,31/05/2025,07/06/2025,1309.91 ,HNRH8DZ,125 m² Maison de vacances ∙ 6 personnes ∙ 3 chambres,Saint-Luc - Valais
03/03/2025,07/06/2025,14/06/2025,1308.61 ,HNRH8DZ,125 m² Maison de vacances ∙ 6 personnes ∙ 3 chambres,Saint-Luc - Valais
03/03/2025,14/06/2025,21/06/2025,1345.88 ,HNRH8DZ,125 m² Maison de vacances ∙ 6 personnes ∙ 3 chambres,Saint-Luc - Valais
03/03/2025,21/06/2025,28/06/2025,1345.88 ,HNRH8DZ,125 m² Maison de vacances ∙ 6 personnes ∙ 3 chambres,Saint-Luc - Valais
03/03/2025,05/07/2025,12/07/2025,1533.73 ,HNRH8DZ,125 m² Maison de vacances ∙ 6 personnes ∙ 3 chambres,Saint-Luc - Valais
03/03/2025,12/07/2025,19/07/2025,1532.21 ,HNRH8DZ,125 m² Maison de vacances ∙ 6 personnes ∙ 3 chambres,Saint-Luc - Valais
03/03/2025,16/08/2025,23/08/2025,1533.73 ,HNRH8DZ,125 m² Maison de vacances ∙ 6 personnes ∙ 3 chambres,Saint-Luc - Valais
03/03/2025,23/08/2025,30/08/2025,1532.21 ,HNRH8DZ,125 m² Maison de vacances ∙ 6 personnes ∙ 3 chambres,Saint-Luc - Valais
03/03/2025,30/08/2025,06/09/2025,1345.88 ,HNRH8DZ,125 m² Maison de vacances ∙ 6 personnes ∙ 3 chambres,Saint-Luc - Valais
03/03/2025,06/09/2025,13/09/2025,1347.21 ,HNRH8DZ,125 m² Maison de vacances ∙ 6 personnes ∙ 3 chambres,Saint-Luc - Valais
03/03/2025,13/09/2025,20/09/2025,1345.88 ,HNRH8DZ,125 m² Maison de vacances ∙ 6 personnes ∙ 3 chambres,Saint-Luc - Valais
03/03/2025,20/09/2025,27/09/2025,1347.21 ,HNRH8DZ,125 m² Maison de vacances ∙ 6 personnes ∙ 3 chambres,Saint-Luc - Valais
03/03/2025,27/09/2025,04/10/2025,1345.88 ,HNRH8DZ,125 m² Maison de vacances ∙ 6 personnes ∙ 3 chambres,Saint-Luc - Valais
03/03/2025,04/10/2025,11/10/2025,1347.21 ,HNRH8DZ,125 m² Maison de vacances ∙ 6 personnes ∙ 3 chambres,Saint-Luc - Valais
03/03/2025,11/10/2025,18/10/2025,1347.21 ,HNRH8DZ,125 m² Maison de vacances ∙ 6 personnes ∙ 3 chambres,Saint-Luc - Valais
03/03/2025,18/10/2025,25/10/2025,1347.21 ,HNRH8DZ,125 m² Maison de vacances ∙ 6 personnes ∙ 3 chambres,Saint-Luc - Valais
03/03/2025,25/10/2025,01/11/2025,1347.21 ,HNRH8DZ,125 m² Maison de vacances ∙ 6 personnes ∙ 3 chambres,Saint-Luc - Valais
03/03/2025,15/03/2025,22/03/2025,1075.42 ,HHLCN6D,85 m² Appartement ∙ 4 personnes ∙ 2 chambres,Bürchen - Valais
03/03/2025,22/03/2025,29/03/2025,1075.42 ,HHLCN6D,85 m² Appartement ∙ 4 personnes ∙ 2 chambres,Bürchen - Valais
03/03/2025,29/03/2025,05/04/2025,988.03 ,HHLCN6D,85 m² Appartement ∙ 4 personnes ∙ 2 chambres,Bürchen - Valais
03/03/2025,05/04/2025,12/04/2025,921.94 ,HHLCN6D,85 m² Appartement ∙ 4 personnes ∙ 2 chambres,Bürchen - Valais
03/03/2025,12/04/2025,19/04/2025,921.94 ,HHLCN6D,85 m² Appartement ∙ 4 personnes ∙ 2 chambres,Bürchen - Valais
03/03/2025,19/04/2025,26/04/2025,921.03 ,HHLCN6D,85 m² Appartement ∙ 4 personnes ∙ 2 chambres,Bürchen - Valais
03/03/2025,26/04/2025,03/05/2025,921.03 ,HHLCN6D,85 m² Appartement ∙ 4 personnes ∙ 2 chambres,Bürchen - Valais
03/03/2025,03/05/2025,10/05/2025,921.03 ,HHLCN6D,85 m² Appartement ∙ 4 personnes ∙ 2 chambres,Bürchen - Valais
03/03/2025,10/05/2025,17/05/2025,921.94 ,HHLCN6D,85 m² Appartement ∙ 4 personnes ∙ 2 chambres,Bürchen - Valais
03/03/2025,17/05/2025,24/05/2025,921.94 ,HHLCN6D,85 m² Appartement ∙ 4 personnes ∙ 2 chambres,Bürchen - Valais
03/03/2025,24/05/2025,31/05/2025,1054.11 ,HHLCN6D,85 m² Appartement ∙ 4 personnes ∙ 2 chambres,Bürchen - Valais
03/03/2025,31/05/2025,07/06/2025,1382.08 ,HHLCN6D,85 m² Appartement ∙ 4 personnes ∙ 2 chambres,Bürchen - Valais
03/03/2025,07/06/2025,14/06/2025,1207.59 ,HHLCN6D,85 m² Appartement ∙ 4 personnes ∙ 2 chambres,Bürchen - Valais
03/03/2025,14/06/2025,21/06/2025,1074.36 ,HHLCN6D,85 m² Appartement ∙ 4 personnes ∙ 2 chambres,Bürchen - Valais
03/03/2025,21/06/2025,28/06/2025,1075.42 ,HHLCN6D,85 m² Appartement ∙ 4 personnes ∙ 2 chambres,Bürchen - Valais
03/03/2025,05/07/2025,12/07/2025,1075.42 ,HHLCN6D,85 m² Appartement ∙ 4 personnes ∙ 2 chambres,Bürchen - Valais
03/03/2025,12/07/2025,19/07/2025,1074.36 ,HHLCN6D,85 m² Appartement ∙ 4 personnes ∙ 2 chambres,Bürchen - Valais
03/03/2025,19/07/2025,26/07/2025,1075.42 ,HHLCN6D,85 m² Appartement ∙ 4 personnes ∙ 2 chambres,Bürchen - Valais
03/03/2025,26/07/2025,02/08/2025,1074.36 ,HHLCN6D,85 m² Appartement ∙ 4 personnes ∙ 2 chambres∙1 salle de bain,Bürchen - Raron - Suisse
03/03/2025,02/08/2025,09/08/2025,1075.42 ,HHLCN6D,85 m² Appartement ∙ 4 personnes ∙ 2 chambres∙1 salle de bain,Bürchen - Raron - Suisse
03/03/2025,09/08/2025,16/08/2025,1074.36 ,HHLCN6D,85 m² Appartement ∙ 4 personnes ∙ 2 chambres∙1 salle de bain,Bürchen - Raron - Suisse
03/03/2025,16/08/2025,23/08/2025,1074.36 ,HHLCN6D,85 m² Appartement ∙ 4 personnes ∙ 2 chambres∙1 salle de bain,Bürchen - Raron - Suisse
03/03/2025,23/08/2025,30/08/2025,1075.42 ,HHLCN6D,85 m² Appartement ∙ 4 personnes ∙ 2 chambres∙1 salle de bain,Bürchen - Raron - Suisse
03/03/2025,30/08/2025,06/09/2025,1075.42 ,HHLCN6D,85 m² Appartement ∙ 4 personnes ∙ 2 chambres∙1 salle de bain,Bürchen - Raron - Suisse
03/03/2025,06/09/2025,13/09/2025,1074.36 ,HHLCN6D,85 m² Appartement ∙ 4 personnes ∙ 2 chambres∙1 salle de bain,Bürchen - Raron - Suisse
03/03/2025,13/09/2025,20/09/2025,1075.42 ,HHLCN6D,85 m² Appartement ∙ 4 personnes ∙ 2 chambres∙1 salle de bain,Bürchen - Raron - Suisse
03/03/2025,04/10/2025,11/10/2025,1075.42 ,HHLCN6D,85 m² Appartement ∙ 4 personnes ∙ 2 chambres∙1 salle de bain,Bürchen - Raron - Suisse
03/03/2025,11/10/2025,18/10/2025,1075.42 ,HHLCN6D,85 m² Appartement ∙ 4 personnes ∙ 2 chambres∙1 salle de bain,Bürchen - Raron - Suisse
03/03/2025,18/10/2025,25/10/2025,1075.42 ,HHLCN6D,85 m² Appartement ∙ 4 personnes ∙ 2 chambres∙1 salle de bain,Bürchen - Raron - Suisse
03/03/2025,25/10/2025,01/11/2025,1074.36 ,HHLCN6D,85 m² Appartement ∙ 4 personnes ∙ 2 chambres∙1 salle de bain,Bürchen - Raron - Suisse
03/03/2025,12/04/2025,19/04/2025,1720.25 ,HJKZN1E,50 m² Maison de vacances ∙ 6 personnes ∙ 2 chambres∙1 salle de bain,Evolène - Hérens - Suisse
03/03/2025,12/07/2025,19/07/2025,1866.98 ,HJKZN1E,50 m² Maison de vacances ∙ 6 personnes ∙ 2 chambres,Evolène - Valais
03/03/2025,19/07/2025,26/07/2025,1869.47 ,HJKZN1E,50 m² Maison de vacances ∙ 6 personnes ∙ 2 chambres,Evolène - Valais
03/03/2025,26/07/2025,02/08/2025,1869.47 ,HJKZN1E,50 m² Maison de vacances ∙ 6 personnes ∙ 2 chambres,Evolène - Valais
03/03/2025,27/09/2025,04/10/2025,1720.25 ,HJKZN1E,50 m² Maison de vacances ∙ 6 personnes ∙ 2 chambres,Evolène - Valais
03/03/2025,04/10/2025,11/10/2025,1720.25 ,HJKZN1E,50 m² Maison de vacances ∙ 6 personnes ∙ 2 chambres,Evolène - Valais
03/03/2025,03/05/2025,10/05/2025,925.14 ,HAW3PSD,54 m² Appartement ∙ 5 personnes ∙ 2 chambres,Zinal - Ayer - Valais
03/03/2025,10/05/2025,17/05/2025,925.14 ,HAW3PSD,54 m² Appartement ∙ 5 personnes ∙ 2 chambres,Zinal - Ayer - Valais
03/03/2025,17/05/2025,24/05/2025,925.14 ,HAW3PSD,54 m² Appartement ∙ 5 personnes ∙ 2 chambres,Zinal - Ayer - Valais
03/03/2025,24/05/2025,31/05/2025,925.14 ,HAW3PSD,54 m² Appartement ∙ 5 personnes ∙ 2 chambres,Zinal - Ayer - Valais
03/03/2025,31/05/2025,07/06/2025,924.23 ,HAW3PSD,54 m² Appartement ∙ 5 personnes ∙ 2 chambres∙1 salle de bain,Zinal - Ayer - Suisse
03/03/2025,07/06/2025,14/06/2025,925.14 ,HAW3PSD,54 m² Appartement ∙ 5 personnes ∙ 2 chambres∙1 salle de bain,Zinal - Ayer - Suisse
03/03/2025,14/06/2025,21/06/2025,924.23 ,HAW3PSD,54 m² Appartement ∙ 5 personnes ∙ 2 chambres∙1 salle de bain,Zinal - Ayer - Suisse
03/03/2025,21/06/2025,28/06/2025,924.23 ,HAW3PSD,54 m² Appartement ∙ 5 personnes ∙ 2 chambres∙1 salle de bain,Zinal - Ayer - Suisse
03/03/2025,28/06/2025,05/07/2025,924.23 ,HAW3PSD,54 m² Appartement ∙ 5 personnes ∙ 2 chambres∙1 salle de bain,Zinal - Ayer - Suisse
03/03/2025,05/07/2025,12/07/2025,925.14 ,HAW3PSD,54 m² Appartement ∙ 5 personnes ∙ 2 chambres∙1 salle de bain,Zinal - Ayer - Suisse
03/03/2025,16/08/2025,23/08/2025,924.23 ,HAW3PSD,54 m² Appartement ∙ 5 personnes ∙ 2 chambres∙1 salle de bain,Zinal - Ayer - Suisse
03/03/2025,23/08/2025,30/08/2025,925.14 ,HAW3PSD,54 m² Appartement ∙ 5 personnes ∙ 2 chambres∙1 salle de bain,Zinal - Ayer - Suisse
03/03/2025,30/08/2025,06/09/2025,925.14 ,HAW3PSD,54 m² Appartement ∙ 5 personnes ∙ 2 chambres∙1 salle de bain,Zinal - Ayer - Suisse
03/03/2025,06/09/2025,13/09/2025,925.14 ,HAW3PSD,54 m² Appartement ∙ 5 personnes ∙ 2 chambres∙1 salle de bain,Zinal - Ayer - Suisse
03/03/2025,13/09/2025,20/09/2025,925.14 ,HAW3PSD,54 m² Appartement ∙ 5 personnes ∙ 2 chambres∙1 salle de bain,Zinal - Ayer - Suisse
03/03/2025,20/09/2025,27/09/2025,924.23 ,HAW3PSD,54 m² Appartement ∙ 5 personnes ∙ 2 chambres∙1 salle de bain,Zinal - Ayer - Suisse
03/03/2025,27/09/2025,04/10/2025,925.14 ,HAW3PSD,54 m² Appartement ∙ 5 personnes ∙ 2 chambres∙1 salle de bain,Zinal - Ayer - Suisse
03/03/2025,04/10/2025,11/10/2025,924.23 ,HAW3PSD,54 m² Appartement ∙ 5 personnes ∙ 2 chambres∙1 salle de bain,Zinal - Ayer - Suisse
03/03/2025,11/10/2025,18/10/2025,925.14 ,HAW3PSD,54 m² Appartement ∙ 5 personnes ∙ 2 chambres∙1 salle de bain,Zinal - Ayer - Suisse
03/03/2025,18/10/2025,25/10/2025,924.23 ,HAW3PSD,54 m² Appartement ∙ 5 personnes ∙ 2 chambres∙1 salle de bain,Zinal - Ayer - Suisse
03/03/2025,25/10/2025,01/11/2025,925.14 ,HAW3PSD,54 m² Appartement ∙ 5 personnes ∙ 2 chambres∙1 salle de bain,Zinal - Ayer - Suisse
03/03/2025,29/03/2025,05/04/2025,829.46 ,HHT6YEJ,60 m² Appartement ∙ 4 personnes ∙ 1 chambre∙1 salle de bain,Veysonnaz - Sion - Suisse
03/03/2025,05/04/2025,12/04/2025,830.28 ,HHT6YEJ,60 m² Appartement ∙ 4 personnes ∙ 1 chambre∙1 salle de bain,Veysonnaz - Sion - Suisse
03/03/2025,12/04/2025,19/04/2025,829.46 ,HHT6YEJ,60 m² Appartement ∙ 4 personnes ∙ 1 chambre∙1 salle de bain,Veysonnaz - Sion - Suisse
03/03/2025,19/04/2025,26/04/2025,829.46 ,HHT6YEJ,60 m² Appartement ∙ 4 personnes ∙ 1 chambre∙1 salle de bain,Veysonnaz - Sion - Suisse
03/03/2025,26/04/2025,03/05/2025,579.04 ,HHT6YEJ,60 m² Appartement ∙ 4 personnes ∙ 1 chambre∙1 salle de bain,Veysonnaz - Sion - Suisse
03/03/2025,03/05/2025,10/05/2025,537.71 ,HHT6YEJ,60 m² Appartement ∙ 4 personnes ∙ 1 chambre∙1 salle de bain,Veysonnaz - Sion - Suisse
03/03/2025,10/05/2025,17/05/2025,538.24 ,HHT6YEJ,60 m² Appartement ∙ 4 personnes ∙ 1 chambre∙1 salle de bain,Veysonnaz - Sion - Suisse
03/03/2025,17/05/2025,24/05/2025,538.24 ,HHT6YEJ,60 m² Appartement ∙ 4 personnes ∙ 1 chambre∙1 salle de bain,Veysonnaz - Sion - Suisse
03/03/2025,24/05/2025,31/05/2025,537.71 ,HHT6YEJ,60 m² Appartement ∙ 4 personnes ∙ 1 chambre∙1 salle de bain,Veysonnaz - Sion - Suisse
03/03/2025,31/05/2025,07/06/2025,538.24 ,HHT6YEJ,60 m² Appartement ∙ 4 personnes ∙ 1 chambre∙1 salle de bain,Veysonnaz - Sion - Suisse
03/03/2025,07/06/2025,14/06/2025,537.71 ,HHT6YEJ,60 m² Appartement ∙ 4 personnes ∙ 1 chambre∙1 salle de bain,Veysonnaz - Sion - Suisse
03/03/2025,14/06/2025,21/06/2025,590.47 ,HHT6YEJ,60 m² Appartement ∙ 4 personnes ∙ 1 chambre∙1 salle de bain,Veysonnaz - Sion - Suisse
03/03/2025,21/06/2025,28/06/2025,599.00 ,HHT6YEJ,60 m² Appartement ∙ 4 personnes ∙ 1 chambre∙1 salle de bain,Veysonnaz - Sion - Suisse
03/03/2025,28/06/2025,05/07/2025,599.00 ,HHT6YEJ,60 m² Appartement ∙ 4 personnes ∙ 1 chambre∙1 salle de bain,Veysonnaz - Sion - Suisse
03/03/2025,05/07/2025,12/07/2025,599.00 ,HHT6YEJ,60 m² Appartement ∙ 4 personnes ∙ 1 chambre∙1 salle de bain,Veysonnaz - Sion - Suisse
03/03/2025,12/07/2025,19/07/2025,599.00 ,HHT6YEJ,60 m² Appartement ∙ 4 personnes ∙ 1 chambre∙1 salle de bain,Veysonnaz - Sion - Suisse
03/03/2025,30/08/2025,06/09/2025,537.71 ,HHT6YEJ,60 m² Appartement ∙ 4 personnes ∙ 1 chambre∙1 salle de bain,Veysonnaz - Sion - Suisse
03/03/2025,06/09/2025,13/09/2025,537.71 ,HHT6YEJ,60 m² Appartement ∙ 4 personnes ∙ 1 chambre∙1 salle de bain,Veysonnaz - Sion - Suisse
03/03/2025,20/09/2025,27/09/2025,537.71 ,HHT6YEJ,60 m² Appartement ∙ 4 personnes ∙ 1 chambre∙1 salle de bain,Veysonnaz - Sion - Suisse
03/03/2025,27/09/2025,04/10/2025,538.24 ,HHT6YEJ,60 m² Appartement ∙ 4 personnes ∙ 1 chambre∙1 salle de bain,Veysonnaz - Sion - Suisse
03/03/2025,04/10/2025,11/10/2025,538.24 ,HHT6YEJ,60 m² Appartement ∙ 4 personnes ∙ 1 chambre∙1 salle de bain,Veysonnaz - Sion - Suisse
03/03/2025,11/10/2025,18/10/2025,537.71 ,HHT6YEJ,60 m² Appartement ∙ 4 personnes ∙ 1 chambre∙1 salle de bain,Veysonnaz - Sion - Suisse
03/03/2025,18/10/2025,25/10/2025,537.71 ,HHT6YEJ,60 m² Appartement ∙ 4 personnes ∙ 1 chambre∙1 salle de bain,Veysonnaz - Sion - Suisse
03/03/2025,25/10/2025,01/11/2025,537.71 ,HHT6YEJ,60 m² Appartement ∙ 4 personnes ∙ 1 chambre∙1 salle de bain,Veysonnaz - Sion - Suisse
03/03/2025,15/03/2025,22/03/2025,763.14 ,H62139S,30 m² Appartement ∙ 4 personnes∙2 salles de bain,Ayent - Hérens - Suisse
03/03/2025,22/03/2025,29/03/2025,763.14 ,H62139S,30 m² Appartement ∙ 4 personnes∙2 salles de bain,Ayent - Hérens - Suisse
03/03/2025,29/03/2025,05/04/2025,763.14 ,H62139S,30 m² Appartement ∙ 4 personnes∙2 salles de bain,Ayent - Hérens - Suisse
03/03/2025,05/04/2025,12/04/2025,714.11 ,H62139S,30 m² Appartement ∙ 4 personnes,Ayent - Valais
03/03/2025,12/04/2025,19/04/2025,677.87 ,H62139S,30 m² Appartement ∙ 4 personnes,Ayent - Valais
03/03/2025,19/04/2025,26/04/2025,677.87 ,H62139S,30 m² Appartement ∙ 4 personnes,Ayent - Valais
03/03/2025,26/04/2025,03/05/2025,654.84 ,H62139S,30 m² Appartement ∙ 4 personnes,Ayent - Valais
03/03/2025,03/05/2025,10/05/2025,655.49 ,H62139S,30 m² Appartement ∙ 4 personnes,Ayent - Valais
03/03/2025,10/05/2025,17/05/2025,655.49 ,H62139S,30 m² Appartement ∙ 4 personnes,Ayent - Valais
03/03/2025,17/05/2025,24/05/2025,655.49 ,H62139S,30 m² Appartement ∙ 4 personnes,Ayent - Valais
03/03/2025,24/05/2025,31/05/2025,681.07 ,H62139S,30 m² Appartement ∙ 4 personnes,Ayent - Valais
03/03/2025,31/05/2025,07/06/2025,684.65 ,H62139S,30 m² Appartement ∙ 4 personnes,Ayent - Valais
03/03/2025,07/06/2025,14/06/2025,684.65 ,H62139S,30 m² Appartement ∙ 4 personnes,Ayent - Valais
03/03/2025,14/06/2025,21/06/2025,763.14 ,H62139S,30 m² Appartement ∙ 4 personnes,Ayent - Valais
03/03/2025,21/06/2025,28/06/2025,763.14 ,H62139S,30 m² Appartement ∙ 4 personnes,Ayent - Valais
03/03/2025,28/06/2025,05/07/2025,763.14 ,H62139S,30 m² Appartement ∙ 4 personnes,Ayent - Valais
03/03/2025,05/07/2025,12/07/2025,763.14 ,H62139S,30 m² Appartement ∙ 4 personnes,Ayent - Valais
03/03/2025,12/07/2025,19/07/2025,763.14 ,H62139S,30 m² Appartement ∙ 4 personnes,Ayent - Valais
03/03/2025,19/07/2025,26/07/2025,763.14 ,H62139S,30 m² Appartement ∙ 4 personnes,Ayent - Valais
03/03/2025,26/07/2025,02/08/2025,763.14 ,H62139S,30 m² Appartement ∙ 4 personnes,Ayent - Valais
03/03/2025,30/08/2025,06/09/2025,685.33 ,H62139S,30 m² Appartement ∙ 4 personnes,Ayent - Valais
03/03/2025,06/09/2025,13/09/2025,685.33 ,H62139S,30 m² Appartement ∙ 4 personnes,Ayent - Valais
03/03/2025,13/09/2025,20/09/2025,685.33 ,H62139S,30 m² Appartement ∙ 4 personnes,Ayent - Valais
03/03/2025,20/09/2025,27/09/2025,677.87 ,H62139S,30 m² Appartement ∙ 4 personnes,Ayent - Valais
03/03/2025,27/09/2025,04/10/2025,677.87 ,H62139S,30 m² Appartement ∙ 4 personnes,Ayent - Valais
03/03/2025,18/10/2025,25/10/2025,677.87 ,H62139S,30 m² Appartement ∙ 4 personnes,Ayent - Valais
03/03/2025,25/10/2025,01/11/2025,677.87 ,H62139S,30 m² Appartement ∙ 4 personnes,Ayent - Valais
03/03/2025,15/03/2025,22/03/2025,921.03 ,HKWT71S,50 m² Appartement ∙ 4 personnes ∙ 1 chambre,Täsch - Valais
03/03/2025,22/03/2025,29/03/2025,921.94 ,HKWT71S,50 m² Appartement ∙ 4 personnes ∙ 1 chambre,Täsch - Valais
03/03/2025,29/03/2025,05/04/2025,921.94 ,HKWT71S,50 m² Appartement ∙ 4 personnes ∙ 1 chambre,Täsch - Valais
03/03/2025,05/04/2025,12/04/2025,921.94 ,HKWT71S,50 m² Appartement ∙ 4 personnes ∙ 1 chambre,Täsch - Valais
03/03/2025,12/04/2025,19/04/2025,921.94 ,HKWT71S,50 m² Appartement ∙ 4 personnes ∙ 1 chambre,Täsch - Valais
03/03/2025,19/04/2025,26/04/2025,921.94 ,HKWT71S,50 m² Appartement ∙ 4 personnes ∙ 1 chambre,Täsch - Valais
03/03/2025,26/04/2025,03/05/2025,921.94 ,HKWT71S,50 m² Appartement ∙ 4 personnes ∙ 1 chambre,Täsch - Valais
03/03/2025,03/05/2025,10/05/2025,921.94 ,HKWT71S,50 m² Appartement ∙ 4 personnes ∙ 1 chambre,Täsch - Valais
03/03/2025,10/05/2025,17/05/2025,921.94 ,HKWT71S,50 m² Appartement ∙ 4 personnes ∙ 1 chambre,Täsch - Valais
03/03/2025,17/05/2025,24/05/2025,921.94 ,HKWT71S,50 m² Appartement ∙ 4 personnes ∙ 1 chambre,Täsch - Valais
03/03/2025,24/05/2025,31/05/2025,921.94 ,HKWT71S,50 m² Appartement ∙ 4 personnes ∙ 1 chambre,Täsch - Valais
03/03/2025,31/05/2025,07/06/2025,921.94 ,HKWT71S,50 m² Appartement ∙ 4 personnes ∙ 1 chambre,Täsch - Valais
03/03/2025,07/06/2025,14/06/2025,921.94 ,HKWT71S,50 m² Appartement ∙ 4 personnes ∙ 1 chambre,Täsch - Valais
03/03/2025,14/06/2025,21/06/2025,921.94 ,HKWT71S,50 m² Appartement ∙ 4 personnes ∙ 1 chambre,Täsch - Valais
03/03/2025,21/06/2025,28/06/2025,921.94 ,HKWT71S,50 m² Appartement ∙ 4 personnes ∙ 1 chambre,Täsch - Valais
03/03/2025,28/06/2025,05/07/2025,921.94 ,HKWT71S,50 m² Appartement ∙ 4 personnes ∙ 1 chambre,Täsch - Valais
03/03/2025,05/07/2025,12/07/2025,921.94 ,HKWT71S,50 m² Appartement ∙ 4 personnes ∙ 1 chambre,Täsch - Valais
03/03/2025,09/08/2025,16/08/2025,921.94 ,HKWT71S,50 m² Appartement ∙ 4 personnes ∙ 1 chambre,Täsch - Valais
03/03/2025,16/08/2025,23/08/2025,921.94 ,HKWT71S,50 m² Appartement ∙ 4 personnes ∙ 1 chambre,Täsch - Valais
03/03/2025,23/08/2025,30/08/2025,921.94 ,HKWT71S,50 m² Appartement ∙ 4 personnes ∙ 1 chambre,Täsch - Valais
03/03/2025,30/08/2025,06/09/2025,921.94 ,HKWT71S,50 m² Appartement ∙ 4 personnes ∙ 1 chambre,Täsch - Valais
03/03/2025,06/09/2025,13/09/2025,921.94 ,HKWT71S,50 m² Appartement ∙ 4 personnes ∙ 1 chambre,Täsch - Valais
03/03/2025,13/09/2025,20/09/2025,921.94 ,HKWT71S,50 m² Appartement ∙ 4 personnes ∙ 1 chambre,Täsch - Valais
03/03/2025,20/09/2025,27/09/2025,921.94 ,HKWT71S,50 m² Appartement ∙ 4 personnes ∙ 1 chambre,Täsch - Valais
03/03/2025,27/09/2025,04/10/2025,921.94 ,HKWT71S,50 m² Appartement ∙ 4 personnes ∙ 1 chambre,Täsch - Valais
03/03/2025,04/10/2025,11/10/2025,921.94 ,HKWT71S,50 m² Appartement ∙ 4 personnes ∙ 1 chambre∙1 salle de bain,Täsch - District de Viège - Suisse
03/03/2025,11/10/2025,18/10/2025,921.94 ,HKWT71S,50 m² Appartement ∙ 4 personnes ∙ 1 chambre∙1 salle de bain,Täsch - District de Viège - Suisse
03/03/2025,18/10/2025,25/10/2025,921.94 ,HKWT71S,50 m² Appartement ∙ 4 personnes ∙ 1 chambre∙1 salle de bain,Täsch - District de Viège - Suisse
03/03/2025,25/10/2025,01/11/2025,921.03 ,HKWT71S,50 m² Appartement ∙ 4 personnes ∙ 1 chambre∙1 salle de bain,Täsch - District de Viège - Suisse
03/03/2025,31/05/2025,07/06/2025,685.33 ,HHN6FAT,20 m² Maison de vacances ∙ 2 personnes ∙ 1 chambre∙1 salle de bain,Martigny-Combe - Martigny - Suisse
03/03/2025,07/06/2025,14/06/2025,684.65 ,HHN6FAT,20 m² Maison de vacances ∙ 2 personnes ∙ 1 chambre∙1 salle de bain,Martigny-Combe - Martigny - Suisse
03/03/2025,14/06/2025,21/06/2025,685.33 ,HHN6FAT,20 m² Maison de vacances ∙ 2 personnes ∙ 1 chambre∙1 salle de bain,Martigny-Combe - Martigny - Suisse
03/03/2025,21/06/2025,28/06/2025,685.33 ,HHN6FAT,20 m² Maison de vacances ∙ 2 personnes ∙ 1 chambre∙1 salle de bain,Martigny-Combe - Martigny - Suisse
03/03/2025,28/06/2025,05/07/2025,685.33 ,HHN6FAT,20 m² Maison de vacances ∙ 2 personnes ∙ 1 chambre∙1 salle de bain,Martigny-Combe - Martigny - Suisse
03/03/2025,05/07/2025,12/07/2025,685.33 ,HHN6FAT,20 m² Maison de vacances ∙ 2 personnes ∙ 1 chambre∙1 salle de bain,Martigny-Combe - Martigny - Suisse
03/03/2025,12/07/2025,19/07/2025,685.33 ,HHN6FAT,20 m² Maison de vacances ∙ 2 personnes ∙ 1 chambre∙1 salle de bain,Martigny-Combe - Martigny - Suisse
03/03/2025,19/07/2025,26/07/2025,685.33 ,HHN6FAT,20 m² Maison de vacances ∙ 2 personnes ∙ 1 chambre∙1 salle de bain,Martigny-Combe - Martigny - Suisse
03/03/2025,26/07/2025,02/08/2025,685.33 ,HHN6FAT,20 m² Maison de vacances ∙ 2 personnes ∙ 1 chambre∙1 salle de bain,Martigny-Combe - Martigny - Suisse
03/03/2025,02/08/2025,09/08/2025,685.33 ,HHN6FAT,20 m² Maison de vacances ∙ 2 personnes ∙ 1 chambre∙1 salle de bain,Martigny-Combe - Martigny - Suisse
03/03/2025,09/08/2025,16/08/2025,685.33 ,HHN6FAT,20 m² Maison de vacances ∙ 2 personnes ∙ 1 chambre∙1 salle de bain,Martigny-Combe - Martigny - Suisse
03/03/2025,16/08/2025,23/08/2025,685.33 ,HHN6FAT,20 m² Maison de vacances ∙ 2 personnes ∙ 1 chambre∙1 salle de bain,Martigny-Combe - Martigny - Suisse
03/03/2025,23/08/2025,30/08/2025,685.33 ,HHN6FAT,20 m² Maison de vacances ∙ 2 personnes ∙ 1 chambre∙1 salle de bain,Martigny-Combe - Martigny - Suisse
03/03/2025,30/08/2025,06/09/2025,685.33 ,HHN6FAT,20 m² Maison de vacances ∙ 2 personnes ∙ 1 chambre∙1 salle de bain,Martigny-Combe - Martigny - Suisse
03/03/2025,06/09/2025,13/09/2025,685.33 ,HHN6FAT,20 m² Maison de vacances ∙ 2 personnes ∙ 1 chambre∙1 salle de bain,Martigny-Combe - Martigny - Suisse
03/03/2025,13/09/2025,20/09/2025,685.33 ,HHN6FAT,20 m² Maison de vacances ∙ 2 personnes ∙ 1 chambre∙1 salle de bain,Martigny-Combe - Martigny - Suisse
03/03/2025,20/09/2025,27/09/2025,685.33 ,HHN6FAT,20 m² Maison de vacances ∙ 2 personnes ∙ 1 chambre∙1 salle de bain,Martigny-Combe - Martigny - Suisse
03/03/2025,27/09/2025,04/10/2025,684.65 ,HHN6FAT,20 m² Maison de vacances ∙ 2 personnes ∙ 1 chambre∙1 salle de bain,Martigny-Combe - Martigny - Suisse
03/03/2025,04/10/2025,11/10/2025,684.65 ,HHN6FAT,20 m² Maison de vacances ∙ 2 personnes ∙ 1 chambre∙1 salle de bain,Martigny-Combe - Martigny - Suisse
03/03/2025,11/10/2025,18/10/2025,685.33 ,HHN6FAT,20 m² Maison de vacances ∙ 2 personnes ∙ 1 chambre∙1 salle de bain,Martigny-Combe - Martigny - Suisse
03/03/2025,18/10/2025,25/10/2025,685.33 ,HHN6FAT,20 m² Maison de vacances ∙ 2 personnes ∙ 1 chambre∙1 salle de bain,Martigny-Combe - Martigny - Suisse
03/03/2025,25/10/2025,01/11/2025,685.33 ,HHN6FAT,20 m² Maison de vacances ∙ 2 personnes ∙ 1 chambre∙1 salle de bain,Martigny-Combe - Martigny - Suisse
03/03/2025,08/03/2025,15/03/2025,617.57 ,HX60ES5,42 m² Appartement ∙ 4 personnes ∙ 2 chambres∙1 salle de bain,Fiesch - District de Conches - Suisse
03/03/2025,15/03/2025,22/03/2025,617.57 ,HX60ES5,42 m² Appartement ∙ 4 personnes ∙ 2 chambres∙1 salle de bain,Fiesch - District de Conches - Suisse
03/03/2025,22/03/2025,29/03/2025,617.57 ,HX60ES5,42 m² Appartement ∙ 4 personnes ∙ 2 chambres∙1 salle de bain,Fiesch - District de Conches - Suisse
03/03/2025,29/03/2025,05/04/2025,618.18 ,HX60ES5,42 m² Appartement ∙ 4 personnes ∙ 2 chambres∙1 salle de bain,Fiesch - District de Conches - Suisse
03/03/2025,05/04/2025,12/04/2025,618.18 ,HX60ES5,42 m² Appartement ∙ 4 personnes ∙ 2 chambres∙1 salle de bain,Fiesch - District de Conches - Suisse
03/03/2025,12/04/2025,19/04/2025,618.18 ,HX60ES5,42 m² Appartement ∙ 4 personnes ∙ 2 chambres∙1 salle de bain,Fiesch - District de Conches - Suisse
03/03/2025,19/04/2025,26/04/2025,618.18 ,HX60ES5,42 m² Appartement ∙ 4 personnes ∙ 2 chambres∙1 salle de bain,Fiesch - District de Conches - Suisse
03/03/2025,26/04/2025,03/05/2025,556.36 ,HX60ES5,42 m² Appartement ∙ 4 personnes ∙ 2 chambres∙1 salle de bain,Fiesch - District de Conches - Suisse
03/03/2025,03/05/2025,10/05/2025,556.36 ,HX60ES5,42 m² Appartement ∙ 4 personnes ∙ 2 chambres∙1 salle de bain,Fiesch - District de Conches - Suisse
03/03/2025,10/05/2025,17/05/2025,556.36 ,HX60ES5,42 m² Appartement ∙ 4 personnes ∙ 2 chambres∙1 salle de bain,Fiesch - District de Conches - Suisse
03/03/2025,17/05/2025,24/05/2025,556.36 ,HX60ES5,42 m² Appartement ∙ 4 personnes ∙ 2 chambres∙1 salle de bain,Fiesch - District de Conches - Suisse
03/03/2025,24/05/2025,31/05/2025,555.81 ,HX60ES5,42 m² Appartement ∙ 4 personnes ∙ 2 chambres∙1 salle de bain,Fiesch - District de Conches - Suisse
03/03/2025,31/05/2025,07/06/2025,556.36 ,HX60ES5,42 m² Appartement ∙ 4 personnes ∙ 2 chambres∙1 salle de bain,Fiesch - District de Conches - Suisse
03/03/2025,07/06/2025,14/06/2025,556.36 ,HX60ES5,42 m² Appartement ∙ 4 personnes ∙ 2 chambres∙1 salle de bain,Fiesch - District de Conches - Suisse
03/03/2025,14/06/2025,21/06/2025,556.36 ,HX60ES5,42 m² Appartement ∙ 4 personnes ∙ 2 chambres∙1 salle de bain,Fiesch - District de Conches - Suisse
03/03/2025,21/06/2025,28/06/2025,556.36 ,HX60ES5,42 m² Appartement ∙ 4 personnes ∙ 2 chambres∙1 salle de bain,Fiesch - District de Conches - Suisse
03/03/2025,28/06/2025,05/07/2025,555.81 ,HX60ES5,42 m² Appartement ∙ 4 personnes ∙ 2 chambres∙1 salle de bain,Fiesch - District de Conches - Suisse
03/03/2025,16/08/2025,23/08/2025,556.36 ,HX60ES5,42 m² Appartement ∙ 4 personnes ∙ 2 chambres,Fiesch - Valais
03/03/2025,06/09/2025,13/09/2025,556.36 ,HX60ES5,42 m² Appartement ∙ 4 personnes ∙ 2 chambres,Fiesch - Valais
03/03/2025,13/09/2025,20/09/2025,556.36 ,HX60ES5,42 m² Appartement ∙ 4 personnes ∙ 2 chambres,Fiesch - Valais
03/03/2025,20/09/2025,27/09/2025,556.36 ,HX60ES5,42 m² Appartement ∙ 4 personnes ∙ 2 chambres,Fiesch - Valais
03/03/2025,27/09/2025,04/10/2025,618.18 ,HX60ES5,42 m² Appartement ∙ 4 personnes ∙ 2 chambres,Fiesch - Valais
03/03/2025,04/10/2025,11/10/2025,618.18 ,HX60ES5,42 m² Appartement ∙ 4 personnes ∙ 2 chambres,Fiesch - Valais
03/03/2025,11/10/2025,18/10/2025,618.18 ,HX60ES5,42 m² Appartement ∙ 4 personnes ∙ 2 chambres,Fiesch - Valais
03/03/2025,18/10/2025,25/10/2025,618.18 ,HX60ES5,42 m² Appartement ∙ 4 personnes ∙ 2 chambres,Fiesch - Valais
03/03/2025,25/10/2025,01/11/2025,618.18 ,HX60ES5,42 m² Appartement ∙ 4 personnes ∙ 2 chambres,Fiesch - Valais
03/03/2025,08/03/2025,15/03/2025,691.72 ,HESHT9D,35 m² Appartement ∙ 2 personnes,Grächen - Valais
03/03/2025,22/03/2025,29/03/2025,691.72 ,HESHT9D,35 m² Appartement ∙ 2 personnes,Grächen - Valais
03/03/2025,29/03/2025,05/04/2025,691.72 ,HESHT9D,35 m² Appartement ∙ 2 personnes,Grächen - Valais
03/03/2025,05/04/2025,12/04/2025,691.72 ,HESHT9D,35 m² Appartement ∙ 2 personnes,Grächen - Valais
03/03/2025,12/04/2025,19/04/2025,691.72 ,HESHT9D,35 m² Appartement ∙ 2 personnes,Grächen - Valais
03/03/2025,19/04/2025,26/04/2025,691.72 ,HESHT9D,35 m² Appartement ∙ 2 personnes,Grächen - Valais
03/03/2025,26/04/2025,03/05/2025,691.72 ,HESHT9D,35 m² Appartement ∙ 2 personnes,Grächen - Valais
03/03/2025,03/05/2025,10/05/2025,538.24 ,HESHT9D,35 m² Appartement ∙ 2 personnes,Grächen - Valais
03/03/2025,10/05/2025,17/05/2025,537.71 ,HESHT9D,35 m² Appartement ∙ 2 personnes,Grächen - Valais
03/03/2025,17/05/2025,24/05/2025,538.24 ,HESHT9D,35 m² Appartement ∙ 2 personnes,Grächen - Valais
03/03/2025,24/05/2025,31/05/2025,537.71 ,HESHT9D,35 m² Appartement ∙ 2 personnes,Grächen - Valais
03/03/2025,31/05/2025,07/06/2025,538.24 ,HESHT9D,35 m² Appartement ∙ 2 personnes,Grächen - Valais
03/03/2025,07/06/2025,14/06/2025,538.24 ,HESHT9D,35 m² Appartement ∙ 2 personnes,Grächen - Valais
03/03/2025,14/06/2025,21/06/2025,538.24 ,HESHT9D,35 m² Appartement ∙ 2 personnes,Grächen - Valais
03/03/2025,21/06/2025,28/06/2025,537.71 ,HESHT9D,35 m² Appartement ∙ 2 personnes,Grächen - Valais
03/03/2025,28/06/2025,05/07/2025,538.24 ,HESHT9D,35 m² Appartement ∙ 2 personnes,Grächen - Valais
03/03/2025,05/07/2025,12/07/2025,538.24 ,HESHT9D,35 m² Appartement ∙ 2 personnes,Grächen - Valais
03/03/2025,12/07/2025,19/07/2025,538.24 ,HESHT9D,35 m² Appartement ∙ 2 personnes,Grächen - Valais
03/03/2025,19/07/2025,26/07/2025,538.24 ,HESHT9D,35 m² Appartement ∙ 2 personnes,Grächen - Valais
03/03/2025,26/07/2025,02/08/2025,538.24 ,HESHT9D,35 m² Appartement ∙ 2 personnes,Grächen - Valais
03/03/2025,02/08/2025,09/08/2025,538.24 ,HESHT9D,35 m² Appartement ∙ 2 personnes,Grächen - Valais
03/03/2025,23/08/2025,30/08/2025,538.24 ,HESHT9D,35 m² Appartement ∙ 2 personnes,Grächen - Valais
03/03/2025,30/08/2025,06/09/2025,537.71 ,HESHT9D,35 m² Appartement ∙ 2 personnes,Grächen - Valais
03/03/2025,06/09/2025,13/09/2025,538.24 ,HESHT9D,35 m² Appartement ∙ 2 personnes,Grächen - Valais
03/03/2025,13/09/2025,20/09/2025,538.24 ,HESHT9D,35 m² Appartement ∙ 2 personnes,Grächen - Valais
03/03/2025,20/09/2025,27/09/2025,538.24 ,HESHT9D,35 m² Appartement ∙ 2 personnes,Grächen - Valais
03/03/2025,27/09/2025,04/10/2025,538.24 ,HESHT9D,35 m² Appartement ∙ 2 personnes,Grächen - Valais
03/03/2025,04/10/2025,11/10/2025,538.24 ,HESHT9D,35 m² Appartement ∙ 2 personnes,Grächen - Valais
03/03/2025,11/10/2025,18/10/2025,538.24 ,HESHT9D,35 m² Appartement ∙ 2 personnes,Grächen - Valais
03/03/2025,18/10/2025,25/10/2025,537.71 ,HESHT9D,35 m² Appartement ∙ 2 personnes,Grächen - Valais
03/03/2025,25/10/2025,01/11/2025,538.24 ,HESHT9D,35 m² Appartement ∙ 2 personnes,Grächen - Valais
03/03/2025,22/03/2025,29/03/2025,419.94 ,HX0HYMV,76 m² Appartement ∙ 6 personnes ∙ 2 chambres,Eischoll - Valais
03/03/2025,29/03/2025,05/04/2025,466.83 ,HX0HYMV,76 m² Appartement ∙ 6 personnes ∙ 2 chambres,Eischoll - Valais
03/03/2025,03/05/2025,10/05/2025,313.35 ,HX0HYMV,76 m² Appartement ∙ 6 personnes ∙ 2 chambres,Eischoll - Valais
03/03/2025,10/05/2025,17/05/2025,313.35 ,HX0HYMV,76 m² Appartement ∙ 6 personnes ∙ 2 chambres,Eischoll - Valais
03/03/2025,17/05/2025,24/05/2025,313.35 ,HX0HYMV,76 m² Appartement ∙ 6 personnes ∙ 2 chambres,Eischoll - Valais
03/03/2025,24/05/2025,31/05/2025,313.35 ,HX0HYMV,76 m² Appartement ∙ 6 personnes ∙ 2 chambres,Eischoll - Valais
03/03/2025,31/05/2025,07/06/2025,313.35 ,HX0HYMV,76 m² Appartement ∙ 6 personnes ∙ 2 chambres,Eischoll - Valais
03/03/2025,07/06/2025,14/06/2025,313.35 ,HX0HYMV,76 m² Appartement ∙ 6 personnes ∙ 2 chambres,Eischoll - Valais
03/03/2025,12/07/2025,19/07/2025,581.94 ,HX0HYMV,76 m² Appartement ∙ 6 personnes ∙ 2 chambres,Eischoll - Valais
03/03/2025,09/08/2025,16/08/2025,581.94 ,HX0HYMV,76 m² Appartement ∙ 6 personnes ∙ 2 chambres,Eischoll - Valais
03/03/2025,16/08/2025,23/08/2025,581.94 ,HX0HYMV,76 m² Appartement ∙ 6 personnes ∙ 2 chambres,Eischoll - Valais
03/03/2025,23/08/2025,30/08/2025,581.94 ,HX0HYMV,76 m² Appartement ∙ 6 personnes ∙ 2 chambres,Eischoll - Valais
03/03/2025,30/08/2025,06/09/2025,552.10 ,HX0HYMV,76 m² Appartement ∙ 6 personnes ∙ 2 chambres,Eischoll - Valais
03/03/2025,06/09/2025,13/09/2025,552.10 ,HX0HYMV,76 m² Appartement ∙ 6 personnes ∙ 2 chambres,Eischoll - Valais
03/03/2025,13/09/2025,20/09/2025,552.10 ,HX0HYMV,76 m² Appartement ∙ 6 personnes ∙ 2 chambres,Eischoll - Valais
03/03/2025,20/09/2025,27/09/2025,552.10 ,HX0HYMV,76 m² Appartement ∙ 6 personnes ∙ 2 chambres,Eischoll - Valais
03/03/2025,27/09/2025,04/10/2025,552.10 ,HX0HYMV,76 m² Appartement ∙ 6 personnes ∙ 2 chambres,Eischoll - Valais
03/03/2025,04/10/2025,11/10/2025,552.10 ,HX0HYMV,76 m² Appartement ∙ 6 personnes ∙ 2 chambres,Eischoll - Valais
03/03/2025,11/10/2025,18/10/2025,551.55 ,HX0HYMV,76 m² Appartement ∙ 6 personnes ∙ 2 chambres,Eischoll - Valais
03/03/2025,18/10/2025,25/10/2025,552.10 ,HX0HYMV,76 m² Appartement ∙ 6 personnes ∙ 2 chambres,Eischoll - Valais
03/03/2025,25/10/2025,01/11/2025,458.31 ,HX0HYMV,76 m² Appartement ∙ 6 personnes ∙ 2 chambres,Eischoll - Valais
03/03/2025,17/05/2025,24/05/2025,767.70 ,HWMH5F1,80 m² Maison de vacances ∙ 6 personnes ∙ 3 chambres,Ausserberg - Valais
03/03/2025,24/05/2025,31/05/2025,768.46 ,HWMH5F1,80 m² Maison de vacances ∙ 6 personnes ∙ 3 chambres,Ausserberg - Valais
03/03/2025,31/05/2025,07/06/2025,768.46 ,HWMH5F1,80 m² Maison de vacances ∙ 6 personnes ∙ 3 chambres,Ausserberg - Valais
03/03/2025,07/06/2025,14/06/2025,768.46 ,HWMH5F1,80 m² Maison de vacances ∙ 6 personnes ∙ 3 chambres,Ausserberg - Valais
03/03/2025,14/06/2025,21/06/2025,767.70 ,HWMH5F1,80 m² Maison de vacances ∙ 6 personnes ∙ 3 chambres,Ausserberg - Valais
03/03/2025,21/06/2025,28/06/2025,845.20 ,HWMH5F1,80 m² Maison de vacances ∙ 6 personnes ∙ 3 chambres,Ausserberg - Valais
03/03/2025,12/07/2025,19/07/2025,845.20 ,HWMH5F1,80 m² Maison de vacances ∙ 6 personnes ∙ 3 chambres,Ausserberg - Valais
03/03/2025,19/07/2025,26/07/2025,845.20 ,HWMH5F1,80 m² Maison de vacances ∙ 6 personnes ∙ 3 chambres,Ausserberg - Valais
03/03/2025,23/08/2025,30/08/2025,769.14 ,HWMH5F1,80 m² Maison de vacances ∙ 6 personnes ∙ 3 chambres,Ausserberg - Valais
03/03/2025,30/08/2025,06/09/2025,768.46 ,HWMH5F1,80 m² Maison de vacances ∙ 6 personnes ∙ 3 chambres,Ausserberg - Valais
03/03/2025,13/09/2025,20/09/2025,769.14 ,HWMH5F1,80 m² Maison de vacances ∙ 6 personnes ∙ 3 chambres,Ausserberg - Valais
03/03/2025,20/09/2025,27/09/2025,768.46 ,HWMH5F1,80 m² Maison de vacances ∙ 6 personnes ∙ 3 chambres,Ausserberg - Valais
03/03/2025,27/09/2025,04/10/2025,845.20 ,HWMH5F1,80 m² Maison de vacances ∙ 6 personnes ∙ 3 chambres,Ausserberg - Valais
03/03/2025,04/10/2025,11/10/2025,844.37 ,HWMH5F1,80 m² Maison de vacances ∙ 6 personnes ∙ 3 chambres,Ausserberg - Valais
03/03/2025,11/10/2025,18/10/2025,845.20 ,HWMH5F1,80 m² Maison de vacances ∙ 6 personnes ∙ 3 chambres,Ausserberg - Valais
03/03/2025,18/10/2025,25/10/2025,845.20 ,HWMH5F1,80 m² Maison de vacances ∙ 6 personnes ∙ 3 chambres,Ausserberg - Valais
03/03/2025,15/03/2025,22/03/2025,1099.14 ,HAMNE4S,60 m² Appartement ∙ 4 personnes ∙ 2 chambres,Saas Grund - Valais
03/03/2025,22/03/2025,29/03/2025,1099.14 ,HAMNE4S,60 m² Appartement ∙ 4 personnes ∙ 2 chambres,Saas Grund - Valais
03/03/2025,29/03/2025,05/04/2025,1099.14 ,HAMNE4S,60 m² Appartement ∙ 4 personnes ∙ 2 chambres,Saas Grund - Valais
03/03/2025,05/04/2025,12/04/2025,1099.14 ,HAMNE4S,60 m² Appartement ∙ 4 personnes ∙ 2 chambres,Saas Grund - Valais
03/03/2025,31/05/2025,07/06/2025,891.92 ,HAMNE4S,60 m² Appartement ∙ 4 personnes ∙ 2 chambres,Saas Grund - Valais
03/03/2025,07/06/2025,14/06/2025,891.92 ,HAMNE4S,60 m² Appartement ∙ 4 personnes ∙ 2 chambres,Saas Grund - Valais
03/03/2025,23/08/2025,30/08/2025,891.92 ,HAMNE4S,60 m² Appartement ∙ 4 personnes ∙ 2 chambres,Saas Grund - Valais
03/03/2025,30/08/2025,06/09/2025,891.92 ,HAMNE4S,60 m² Appartement ∙ 4 personnes ∙ 2 chambres,Saas Grund - Valais
03/03/2025,06/09/2025,13/09/2025,891.92 ,HAMNE4S,60 m² Appartement ∙ 4 personnes ∙ 2 chambres,Saas Grund - Valais
03/03/2025,13/09/2025,20/09/2025,891.92 ,HAMNE4S,60 m² Appartement ∙ 4 personnes ∙ 2 chambres,Saas Grund - Valais
03/03/2025,20/09/2025,27/09/2025,891.92 ,HAMNE4S,60 m² Appartement ∙ 4 personnes ∙ 2 chambres,Saas Grund - Valais
03/03/2025,15/03/2025,22/03/2025,1279.05 ,H6JNGWA,125 m² Maison de vacances ∙ 6 personnes ∙ 3 chambres,Savièse - Valais
03/03/2025,22/03/2025,29/03/2025,1277.93 ,H6JNGWA,125 m² Maison de vacances ∙ 6 personnes ∙ 3 chambres,Savièse - Valais
03/03/2025,29/03/2025,05/04/2025,1279.05 ,H6JNGWA,125 m² Maison de vacances ∙ 6 personnes ∙ 3 chambres,Savièse - Valais
03/03/2025,05/04/2025,12/04/2025,1279.05 ,H6JNGWA,125 m² Maison de vacances ∙ 6 personnes ∙ 3 chambres,Savièse - Valais
03/03/2025,12/04/2025,19/04/2025,1737.30 ,H6JNGWA,125 m² Maison de vacances ∙ 6 personnes ∙ 3 chambres,Savièse - Valais
03/03/2025,19/04/2025,26/04/2025,1921.25 ,H6JNGWA,125 m² Maison de vacances ∙ 6 personnes ∙ 3 chambres,Savièse - Valais
03/03/2025,26/04/2025,03/05/2025,1370.66 ,H6JNGWA,125 m² Maison de vacances ∙ 6 personnes ∙ 3 chambres,Savièse - Valais
03/03/2025,03/05/2025,10/05/2025,1277.93 ,H6JNGWA,125 m² Maison de vacances ∙ 6 personnes ∙ 3 chambres,Savièse - Valais
03/03/2025,10/05/2025,17/05/2025,1279.05 ,H6JNGWA,125 m² Maison de vacances ∙ 6 personnes ∙ 3 chambres,Savièse - Valais
03/03/2025,17/05/2025,24/05/2025,1279.05 ,H6JNGWA,125 m² Maison de vacances ∙ 6 personnes ∙ 3 chambres,Savièse - Valais
03/03/2025,24/05/2025,31/05/2025,1277.93 ,H6JNGWA,125 m² Maison de vacances ∙ 6 personnes ∙ 3 chambres,Savièse - Valais
03/03/2025,31/05/2025,07/06/2025,1279.05 ,H6JNGWA,125 m² Maison de vacances ∙ 6 personnes ∙ 3 chambres,Savièse - Valais
03/03/2025,07/06/2025,14/06/2025,1279.05 ,H6JNGWA,125 m² Maison de vacances ∙ 6 personnes ∙ 3 chambres,Savièse - Valais
03/03/2025,14/06/2025,21/06/2025,1279.05 ,H6JNGWA,125 m² Maison de vacances ∙ 6 personnes ∙ 3 chambres,Savièse - Valais
03/03/2025,21/06/2025,28/06/2025,1279.05 ,H6JNGWA,125 m² Maison de vacances ∙ 6 personnes ∙ 3 chambres,Savièse - Valais
03/03/2025,28/06/2025,05/07/2025,1484.94 ,H6JNGWA,125 m² Maison de vacances ∙ 6 personnes ∙ 3 chambres,Savièse - Valais
03/03/2025,05/07/2025,12/07/2025,1518.01 ,H6JNGWA,125 m² Maison de vacances ∙ 6 personnes ∙ 3 chambres,Savièse - Valais
03/03/2025,12/07/2025,19/07/2025,1516.68 ,H6JNGWA,125 m² Maison de vacances ∙ 6 personnes ∙ 3 chambres,Savièse - Valais
03/03/2025,19/07/2025,26/07/2025,1516.68 ,H6JNGWA,125 m² Maison de vacances ∙ 6 personnes ∙ 3 chambres,Savièse - Valais
03/03/2025,02/08/2025,09/08/2025,1518.01 ,H6JNGWA,125 m² Maison de vacances ∙ 6 personnes ∙ 3 chambres,Savièse - Valais
03/03/2025,09/08/2025,16/08/2025,1516.68 ,H6JNGWA,125 m² Maison de vacances ∙ 6 personnes ∙ 3 chambres,Savièse - Valais
03/03/2025,16/08/2025,23/08/2025,1516.68 ,H6JNGWA,125 m² Maison de vacances ∙ 6 personnes ∙ 3 chambres,Savièse - Valais
03/03/2025,23/08/2025,30/08/2025,1516.68 ,H6JNGWA,125 m² Maison de vacances ∙ 6 personnes ∙ 3 chambres,Savièse - Valais
03/03/2025,30/08/2025,06/09/2025,1312.04 ,H6JNGWA,125 m² Maison de vacances ∙ 6 personnes ∙ 3 chambres,Savièse - Valais
03/03/2025,20/09/2025,27/09/2025,1279.05 ,H6JNGWA,125 m² Maison de vacances ∙ 6 personnes ∙ 3 chambres,Savièse - Valais
03/03/2025,27/09/2025,04/10/2025,1129.78 ,H6JNGWA,125 m² Maison de vacances ∙ 6 personnes ∙ 3 chambres,Savièse - Valais
03/03/2025,04/10/2025,11/10/2025,1105.27 ,H6JNGWA,125 m² Maison de vacances ∙ 6 personnes ∙ 3 chambres,Savièse - Valais
03/03/2025,11/10/2025,18/10/2025,1105.27 ,H6JNGWA,125 m² Maison de vacances ∙ 6 personnes ∙ 3 chambres,Savièse - Valais
03/03/2025,18/10/2025,25/10/2025,1106.24 ,H6JNGWA,125 m² Maison de vacances ∙ 6 personnes ∙ 3 chambres,Savièse - Valais
03/03/2025,25/10/2025,01/11/2025,1105.27 ,H6JNGWA,125 m² Maison de vacances ∙ 6 personnes ∙ 3 chambres,Savièse - Valais
03/03/2025,08/03/2025,15/03/2025,913.15 ,HVUJ46H,Maison de vacances ∙ 4 personnes ∙ 2 chambres,Bellwald - Valais
03/03/2025,15/03/2025,22/03/2025,912.35 ,HVUJ46H,Maison de vacances ∙ 4 personnes ∙ 2 chambres,Bellwald - Valais
03/03/2025,22/03/2025,29/03/2025,755.27 ,HVUJ46H,Maison de vacances ∙ 4 personnes ∙ 2 chambres,Bellwald - Valais
03/03/2025,29/03/2025,05/04/2025,727.96 ,HVUJ46H,Maison de vacances ∙ 4 personnes ∙ 2 chambres,Bellwald - Valais
03/03/2025,05/04/2025,12/04/2025,728.60 ,HVUJ46H,Maison de vacances ∙ 4 personnes ∙ 2 chambres,Bellwald - Valais
03/03/2025,12/04/2025,19/04/2025,727.96 ,HVUJ46H,Maison de vacances ∙ 4 personnes ∙ 2 chambres,Bellwald - Valais
03/03/2025,19/04/2025,26/04/2025,727.96 ,HVUJ46H,Maison de vacances ∙ 4 personnes ∙ 2 chambres,Bellwald - Valais
03/03/2025,03/05/2025,10/05/2025,728.60 ,HVUJ46H,Maison de vacances ∙ 4 personnes ∙ 2 chambres,Bellwald - Valais
03/03/2025,10/05/2025,17/05/2025,727.96 ,HVUJ46H,Maison de vacances ∙ 4 personnes ∙ 2 chambres,Bellwald - Valais
03/03/2025,17/05/2025,24/05/2025,728.60 ,HVUJ46H,Maison de vacances ∙ 4 personnes ∙ 2 chambres,Bellwald - Valais
03/03/2025,31/05/2025,07/06/2025,727.96 ,HVUJ46H,Maison de vacances ∙ 4 personnes ∙ 2 chambres,Bellwald - Valais
03/03/2025,07/06/2025,14/06/2025,727.24 ,HVUJ46H,Maison de vacances ∙ 4 personnes ∙ 2 chambres,Bellwald - Valais
03/03/2025,28/06/2025,05/07/2025,820.69 ,HVUJ46H,Maison de vacances ∙ 4 personnes ∙ 2 chambres,Bellwald - Valais
03/03/2025,23/08/2025,30/08/2025,821.41 ,HVUJ46H,Maison de vacances ∙ 4 personnes ∙ 2 chambres,Bellwald - Valais
03/03/2025,30/08/2025,06/09/2025,728.60 ,HVUJ46H,Maison de vacances ∙ 4 personnes ∙ 2 chambres,Bellwald - Valais
03/03/2025,06/09/2025,13/09/2025,727.96 ,HVUJ46H,Maison de vacances ∙ 4 personnes ∙ 2 chambres,Bellwald - Valais
03/03/2025,13/09/2025,20/09/2025,727.96 ,HVUJ46H,Maison de vacances ∙ 4 personnes ∙ 2 chambres,Bellwald - Valais
03/03/2025,20/09/2025,27/09/2025,728.60 ,HVUJ46H,Maison de vacances ∙ 4 personnes ∙ 2 chambres∙1 salle de bain,Bellwald - District de Conches - Suisse
03/03/2025,27/09/2025,04/10/2025,728.60 ,HVUJ46H,Maison de vacances ∙ 4 personnes ∙ 2 chambres∙1 salle de bain,Bellwald - District de Conches - Suisse
03/03/2025,11/10/2025,18/10/2025,727.96 ,HVUJ46H,Maison de vacances ∙ 4 personnes ∙ 2 chambres∙1 salle de bain,Bellwald - District de Conches - Suisse
03/03/2025,18/10/2025,25/10/2025,727.96 ,HVUJ46H,Maison de vacances ∙ 4 personnes ∙ 2 chambres∙1 salle de bain,Bellwald - District de Conches - Suisse
03/03/2025,25/10/2025,01/11/2025,728.60 ,HVUJ46H,Maison de vacances ∙ 4 personnes ∙ 2 chambres∙1 salle de bain,Bellwald - District de Conches - Suisse
03/03/2025,26/04/2025,03/05/2025,922.75 ,HXUSNPA,50 m² Maison de vacances ∙ 6 personnes ∙ 2 chambres∙1 salle de bain,Simplon - District de Brigue - Suisse
03/03/2025,03/05/2025,10/05/2025,922.75 ,HXUSNPA,50 m² Maison de vacances ∙ 6 personnes ∙ 2 chambres∙1 salle de bain,Simplon - District de Brigue - Suisse
03/03/2025,10/05/2025,17/05/2025,922.75 ,HXUSNPA,50 m² Maison de vacances ∙ 6 personnes ∙ 2 chambres∙1 salle de bain,Simplon - District de Brigue - Suisse
03/03/2025,17/05/2025,24/05/2025,922.75 ,HXUSNPA,50 m² Maison de vacances ∙ 6 personnes ∙ 2 chambres∙1 salle de bain,Simplon - District de Brigue - Suisse
03/03/2025,24/05/2025,31/05/2025,922.75 ,HXUSNPA,50 m² Maison de vacances ∙ 6 personnes ∙ 2 chambres∙1 salle de bain,Simplon - District de Brigue - Suisse
03/03/2025,14/06/2025,21/06/2025,922.75 ,HXUSNPA,50 m² Maison de vacances ∙ 6 personnes ∙ 2 chambres∙1 salle de bain,Simplon - District de Brigue - Suisse
03/03/2025,21/06/2025,28/06/2025,922.75 ,HXUSNPA,50 m² Maison de vacances ∙ 6 personnes ∙ 2 chambres∙1 salle de bain,Simplon - District de Brigue - Suisse
03/03/2025,28/06/2025,05/07/2025,922.75 ,HXUSNPA,50 m² Maison de vacances ∙ 6 personnes ∙ 2 chambres∙1 salle de bain,Simplon - District de Brigue - Suisse
03/03/2025,12/07/2025,19/07/2025,922.75 ,HXUSNPA,50 m² Maison de vacances ∙ 6 personnes ∙ 2 chambres∙1 salle de bain,Simplon - District de Brigue - Suisse
03/03/2025,09/08/2025,16/08/2025,922.75 ,HXUSNPA,50 m² Maison de vacances ∙ 6 personnes ∙ 2 chambres∙1 salle de bain,Simplon - District de Brigue - Suisse
03/03/2025,30/08/2025,06/09/2025,922.75 ,HXUSNPA,50 m² Maison de vacances ∙ 6 personnes ∙ 2 chambres∙1 salle de bain,Simplon - District de Brigue - Suisse
03/03/2025,13/09/2025,20/09/2025,922.75 ,HXUSNPA,50 m² Maison de vacances ∙ 6 personnes ∙ 2 chambres∙1 salle de bain,Simplon - District de Brigue - Suisse
03/03/2025,20/09/2025,27/09/2025,922.75 ,HXUSNPA,50 m² Maison de vacances ∙ 6 personnes ∙ 2 chambres∙1 salle de bain,Simplon - District de Brigue - Suisse
03/03/2025,27/09/2025,04/10/2025,922.75 ,HXUSNPA,50 m² Maison de vacances ∙ 6 personnes ∙ 2 chambres∙1 salle de bain,Simplon - District de Brigue - Suisse
03/03/2025,15/03/2025,22/03/2025,1564.95 ,HBJA29S,155 m² Maison de vacances ∙ 10 personnes ∙ 5 chambres∙3 salles de bain,Riddes - Martigny - Suisse
03/03/2025,29/03/2025,05/04/2025,1458.27 ,HBJA29S,155 m² Maison de vacances ∙ 10 personnes ∙ 5 chambres∙3 salles de bain,Riddes - Martigny - Suisse
03/03/2025,05/04/2025,12/04/2025,1736.69 ,HBJA29S,155 m² Maison de vacances ∙ 10 personnes ∙ 5 chambres∙3 salles de bain,Riddes - Martigny - Suisse
03/03/2025,19/04/2025,26/04/2025,1456.99 ,HBJA29S,155 m² Maison de vacances ∙ 10 personnes ∙ 5 chambres∙3 salles de bain,Riddes - Martigny - Suisse
03/03/2025,28/06/2025,05/07/2025,1258.78 ,HBJA29S,155 m² Maison de vacances ∙ 10 personnes ∙ 5 chambres∙3 salles de bain,Riddes - Martigny - Suisse
03/03/2025,05/07/2025,12/07/2025,1769.76 ,HBJA29S,155 m² Maison de vacances ∙ 10 personnes ∙ 5 chambres∙3 salles de bain,Riddes - Martigny - Suisse
03/03/2025,12/07/2025,19/07/2025,1769.76 ,HBJA29S,155 m² Maison de vacances ∙ 10 personnes ∙ 5 chambres∙3 salles de bain,Riddes - Martigny - Suisse
03/03/2025,19/07/2025,26/07/2025,1768.21 ,HBJA29S,155 m² Maison de vacances ∙ 10 personnes ∙ 5 chambres∙3 salles de bain,Riddes - Martigny - Suisse
03/03/2025,26/07/2025,02/08/2025,1768.21 ,HBJA29S,155 m² Maison de vacances ∙ 10 personnes ∙ 5 chambres,Riddes - Valais
03/03/2025,09/08/2025,16/08/2025,1769.76 ,HBJA29S,155 m² Maison de vacances ∙ 10 personnes ∙ 5 chambres,Riddes - Valais
03/03/2025,30/08/2025,06/09/2025,1258.78 ,HBJA29S,155 m² Maison de vacances ∙ 10 personnes ∙ 5 chambres,Riddes - Valais
03/03/2025,06/09/2025,13/09/2025,1257.68 ,HBJA29S,155 m² Maison de vacances ∙ 10 personnes ∙ 5 chambres,Riddes - Valais
03/03/2025,13/09/2025,20/09/2025,1257.68 ,HBJA29S,155 m² Maison de vacances ∙ 10 personnes ∙ 5 chambres,Riddes - Valais
03/03/2025,20/09/2025,27/09/2025,1258.78 ,HBJA29S,155 m² Maison de vacances ∙ 10 personnes ∙ 5 chambres,Riddes - Valais
03/03/2025,27/09/2025,04/10/2025,1258.78 ,HBJA29S,155 m² Maison de vacances ∙ 10 personnes ∙ 5 chambres,Riddes - Valais
03/03/2025,29/03/2025,05/04/2025,888.62 ,HNRUWBE,80 m² Maison de vacances ∙ 5 personnes ∙ 3 chambres,Orsières - Valais
03/03/2025,05/04/2025,12/04/2025,887.84 ,HNRUWBE,80 m² Maison de vacances ∙ 5 personnes ∙ 3 chambres,Orsières - Valais
03/03/2025,26/04/2025,03/05/2025,888.62 ,HNRUWBE,80 m² Maison de vacances ∙ 5 personnes ∙ 3 chambres,Orsières - Valais
03/03/2025,03/05/2025,10/05/2025,887.84 ,HNRUWBE,80 m² Maison de vacances ∙ 5 personnes ∙ 3 chambres,Orsières - Valais
03/03/2025,10/05/2025,17/05/2025,888.62 ,HNRUWBE,80 m² Maison de vacances ∙ 5 personnes ∙ 3 chambres,Orsières - Valais
03/03/2025,17/05/2025,24/05/2025,887.84 ,HNRUWBE,80 m² Maison de vacances ∙ 5 personnes ∙ 3 chambres,Orsières - Valais
03/03/2025,24/05/2025,31/05/2025,888.62 ,HNRUWBE,80 m² Maison de vacances ∙ 5 personnes ∙ 3 chambres,Orsières - Valais
03/03/2025,14/06/2025,21/06/2025,888.62 ,HNRUWBE,80 m² Maison de vacances ∙ 5 personnes ∙ 3 chambres,Orsières - Valais
03/03/2025,25/10/2025,01/11/2025,735.00 ,HNRUWBE,80 m² Maison de vacances ∙ 5 personnes ∙ 3 chambres∙1 salle de bain,Orsières - Entremont - Suisse
03/03/2025,15/03/2025,22/03/2025,1608.34 ,HJAV7TM,50 m² Appartement ∙ 4 personnes ∙ 2 chambres∙1 salle de bain,Riederalp - Raron - Suisse
03/03/2025,22/03/2025,29/03/2025,1608.34 ,HJAV7TM,50 m² Appartement ∙ 4 personnes ∙ 2 chambres∙1 salle de bain,Riederalp - Raron - Suisse
03/03/2025,29/03/2025,05/04/2025,1231.05 ,HJAV7TM,50 m² Appartement ∙ 4 personnes ∙ 2 chambres∙1 salle de bain,Riederalp - Raron - Suisse
03/03/2025,05/04/2025,12/04/2025,1229.97 ,HJAV7TM,50 m² Appartement ∙ 4 personnes ∙ 2 chambres∙1 salle de bain,Riederalp - Raron - Suisse
03/03/2025,19/04/2025,26/04/2025,824.61 ,HJAV7TM,50 m² Appartement ∙ 4 personnes ∙ 2 chambres∙1 salle de bain,Riederalp - Raron - Suisse
03/03/2025,26/04/2025,03/05/2025,538.72 ,HJAV7TM,50 m² Appartement ∙ 4 personnes ∙ 2 chambres∙1 salle de bain,Riederalp - Raron - Suisse
03/03/2025,03/05/2025,10/05/2025,538.72 ,HJAV7TM,50 m² Appartement ∙ 4 personnes ∙ 2 chambres∙1 salle de bain,Riederalp - Raron - Suisse
03/03/2025,10/05/2025,17/05/2025,538.72 ,HJAV7TM,50 m² Appartement ∙ 4 personnes ∙ 2 chambres∙1 salle de bain,Riederalp - Raron - Suisse
03/03/2025,17/05/2025,24/05/2025,538.24 ,HJAV7TM,50 m² Appartement ∙ 4 personnes ∙ 2 chambres∙1 salle de bain,Riederalp - Raron - Suisse
03/03/2025,24/05/2025,31/05/2025,538.72 ,HJAV7TM,50 m² Appartement ∙ 4 personnes ∙ 2 chambres∙1 salle de bain,Riederalp - Raron - Suisse
03/03/2025,31/05/2025,07/06/2025,538.72 ,HJAV7TM,50 m² Appartement ∙ 4 personnes ∙ 2 chambres∙1 salle de bain,Riederalp - Raron - Suisse
03/03/2025,07/06/2025,14/06/2025,538.24 ,HJAV7TM,50 m² Appartement ∙ 4 personnes ∙ 2 chambres∙1 salle de bain,Riederalp - Raron - Suisse
03/03/2025,14/06/2025,21/06/2025,538.72 ,HJAV7TM,50 m² Appartement ∙ 4 personnes ∙ 2 chambres∙1 salle de bain,Riederalp - Raron - Suisse
03/03/2025,21/06/2025,28/06/2025,538.72 ,HJAV7TM,50 m² Appartement ∙ 4 personnes ∙ 2 chambres∙1 salle de bain,Riederalp - Raron - Suisse
03/03/2025,28/06/2025,05/07/2025,538.72 ,HJAV7TM,50 m² Appartement ∙ 4 personnes ∙ 2 chambres∙1 salle de bain,Riederalp - Raron - Suisse
03/03/2025,05/07/2025,12/07/2025,999.56 ,HJAV7TM,50 m² Appartement ∙ 4 personnes ∙ 2 chambres∙1 salle de bain,Riederalp - Raron - Suisse
03/03/2025,12/07/2025,19/07/2025,998.68 ,HJAV7TM,50 m² Appartement ∙ 4 personnes ∙ 2 chambres∙1 salle de bain,Riederalp - Raron - Suisse
03/03/2025,19/07/2025,26/07/2025,999.56 ,HJAV7TM,50 m² Appartement ∙ 4 personnes ∙ 2 chambres∙1 salle de bain,Riederalp - Raron - Suisse
03/03/2025,02/08/2025,09/08/2025,999.56 ,HJAV7TM,50 m² Appartement ∙ 4 personnes ∙ 2 chambres∙1 salle de bain,Riederalp - Raron - Suisse
03/03/2025,09/08/2025,16/08/2025,768.46 ,HJAV7TM,50 m² Appartement ∙ 4 personnes ∙ 2 chambres∙1 salle de bain,Riederalp - Raron - Suisse
03/03/2025,16/08/2025,23/08/2025,769.14 ,HJAV7TM,50 m² Appartement ∙ 4 personnes ∙ 2 chambres∙1 salle de bain,Riederalp - Raron - Suisse
03/03/2025,23/08/2025,30/08/2025,769.14 ,HJAV7TM,50 m² Appartement ∙ 4 personnes ∙ 2 chambres∙1 salle de bain,Riederalp - Raron - Suisse
03/03/2025,30/08/2025,06/09/2025,769.14 ,HJAV7TM,50 m² Appartement ∙ 4 personnes ∙ 2 chambres∙1 salle de bain,Riederalp - Raron - Suisse
03/03/2025,06/09/2025,13/09/2025,769.14 ,HJAV7TM,50 m² Appartement ∙ 4 personnes ∙ 2 chambres∙1 salle de bain,Riederalp - Raron - Suisse
03/03/2025,13/09/2025,20/09/2025,768.46 ,HJAV7TM,50 m² Appartement ∙ 4 personnes ∙ 2 chambres∙1 salle de bain,Riederalp - Raron - Suisse
03/03/2025,20/09/2025,27/09/2025,769.14 ,HJAV7TM,50 m² Appartement ∙ 4 personnes ∙ 2 chambres∙1 salle de bain,Riederalp - Raron - Suisse
03/03/2025,27/09/2025,04/10/2025,769.14 ,HJAV7TM,50 m² Appartement ∙ 4 personnes ∙ 2 chambres∙1 salle de bain,Riederalp - Raron - Suisse
03/03/2025,04/10/2025,11/10/2025,769.14 ,HJAV7TM,50 m² Appartement ∙ 4 personnes ∙ 2 chambres∙1 salle de bain,Riederalp - Raron - Suisse
03/03/2025,11/10/2025,18/10/2025,768.46 ,HJAV7TM,50 m² Appartement ∙ 4 personnes ∙ 2 chambres∙1 salle de bain,Riederalp - Raron - Suisse
03/03/2025,18/10/2025,25/10/2025,768.46 ,HJAV7TM,50 m² Appartement ∙ 4 personnes ∙ 2 chambres∙1 salle de bain,Riederalp - Raron - Suisse
03/03/2025,25/10/2025,01/11/2025,768.46 ,HJAV7TM,50 m² Appartement ∙ 4 personnes ∙ 2 chambres∙1 salle de bain,Riederalp - Raron - Suisse
03/03/2025,07/06/2025,14/06/2025,1533.96 ,HM87T15,61 m² Maison de vacances ∙ 4 personnes ∙ 2 chambres,Evolène - Valais
03/03/2025,14/06/2025,21/06/2025,1533.96 ,HM87T15,61 m² Maison de vacances ∙ 4 personnes ∙ 2 chambres,Evolène - Valais
03/03/2025,21/06/2025,28/06/2025,1533.96 ,HM87T15,61 m² Maison de vacances ∙ 4 personnes ∙ 2 chambres,Evolène - Valais
03/03/2025,12/07/2025,19/07/2025,1854.01 ,HM87T15,61 m² Maison de vacances ∙ 4 personnes ∙ 2 chambres,Evolène - Valais
03/03/2025,19/07/2025,26/07/2025,1854.01 ,HM87T15,61 m² Maison de vacances ∙ 4 personnes ∙ 2 chambres,Evolène - Valais
03/03/2025,26/07/2025,02/08/2025,1854.01 ,HM87T15,61 m² Maison de vacances ∙ 4 personnes ∙ 2 chambres,Evolène - Valais
03/03/2025,02/08/2025,09/08/2025,1854.01 ,HM87T15,61 m² Maison de vacances ∙ 4 personnes ∙ 2 chambres,Evolène - Valais
03/03/2025,16/08/2025,23/08/2025,1854.01 ,HM87T15,61 m² Maison de vacances ∙ 4 personnes ∙ 2 chambres,Evolène - Valais
03/03/2025,23/08/2025,30/08/2025,1854.01 ,HM87T15,61 m² Maison de vacances ∙ 4 personnes ∙ 2 chambres,Evolène - Valais
03/03/2025,30/08/2025,06/09/2025,1533.96 ,HM87T15,61 m² Maison de vacances ∙ 4 personnes ∙ 2 chambres,Evolène - Valais
03/03/2025,20/09/2025,27/09/2025,1533.96 ,HM87T15,61 m² Maison de vacances ∙ 4 personnes ∙ 2 chambres,Evolène - Valais
03/03/2025,27/09/2025,04/10/2025,1427.32 ,HM87T15,61 m² Maison de vacances ∙ 4 personnes ∙ 2 chambres,Evolène - Valais
03/03/2025,04/10/2025,11/10/2025,1427.32 ,HM87T15,61 m² Maison de vacances ∙ 4 personnes ∙ 2 chambres,Evolène - Valais
03/03/2025,11/10/2025,18/10/2025,1427.32 ,HM87T15,61 m² Maison de vacances ∙ 4 personnes ∙ 2 chambres,Evolène - Valais
03/03/2025,18/10/2025,25/10/2025,1427.32 ,HM87T15,61 m² Maison de vacances ∙ 4 personnes ∙ 2 chambres,Evolène - Valais
03/03/2025,25/10/2025,01/11/2025,1427.32 ,HM87T15,61 m² Maison de vacances ∙ 4 personnes ∙ 2 chambres,Evolène - Valais
03/03/2025,08/03/2025,15/03/2025,657.13 ,HDR9SF8,45 m² Appartement ∙ 2 personnes ∙ 1 chambre,Crans-Montana - Valais
03/03/2025,15/03/2025,22/03/2025,657.13 ,HDR9SF8,45 m² Appartement ∙ 2 personnes ∙ 1 chambre,Crans-Montana - Valais
03/03/2025,22/03/2025,29/03/2025,657.13 ,HDR9SF8,45 m² Appartement ∙ 2 personnes ∙ 1 chambre,Crans-Montana - Valais
03/03/2025,29/03/2025,05/04/2025,503.51 ,HDR9SF8,45 m² Appartement ∙ 2 personnes ∙ 1 chambre,Crans-Montana - Valais
03/03/2025,05/04/2025,12/04/2025,503.51 ,HDR9SF8,45 m² Appartement ∙ 2 personnes ∙ 1 chambre∙1 salle de bain,Crans-Montana - Sierre - Suisse
03/03/2025,12/04/2025,19/04/2025,503.51 ,HDR9SF8,45 m² Appartement ∙ 2 personnes ∙ 1 chambre∙1 salle de bain,Crans-Montana - Sierre - Suisse
03/03/2025,19/04/2025,26/04/2025,503.51 ,HDR9SF8,45 m² Appartement ∙ 2 personnes ∙ 1 chambre∙1 salle de bain,Crans-Montana - Sierre - Suisse
03/03/2025,26/04/2025,03/05/2025,503.51 ,HDR9SF8,45 m² Appartement ∙ 2 personnes ∙ 1 chambre∙1 salle de bain,Crans-Montana - Sierre - Suisse
03/03/2025,03/05/2025,10/05/2025,503.07 ,HDR9SF8,45 m² Appartement ∙ 2 personnes ∙ 1 chambre∙1 salle de bain,Crans-Montana - Sierre - Suisse
03/03/2025,10/05/2025,17/05/2025,503.51 ,HDR9SF8,45 m² Appartement ∙ 2 personnes ∙ 1 chambre∙1 salle de bain,Crans-Montana - Sierre - Suisse
03/03/2025,17/05/2025,24/05/2025,503.51 ,HDR9SF8,45 m² Appartement ∙ 2 personnes ∙ 1 chambre∙1 salle de bain,Crans-Montana - Sierre - Suisse
03/03/2025,24/05/2025,31/05/2025,503.51 ,HDR9SF8,45 m² Appartement ∙ 2 personnes ∙ 1 chambre∙1 salle de bain,Crans-Montana - Sierre - Suisse
03/03/2025,31/05/2025,07/06/2025,503.51 ,HDR9SF8,45 m² Appartement ∙ 2 personnes ∙ 1 chambre∙1 salle de bain,Crans-Montana - Sierre - Suisse
03/03/2025,07/06/2025,14/06/2025,503.51 ,HDR9SF8,45 m² Appartement ∙ 2 personnes ∙ 1 chambre,Crans-Montana - Valais
03/03/2025,14/06/2025,21/06/2025,657.13 ,HDR9SF8,45 m² Appartement ∙ 2 personnes ∙ 1 chambre,Crans-Montana - Valais
03/03/2025,21/06/2025,28/06/2025,657.13 ,HDR9SF8,45 m² Appartement ∙ 2 personnes ∙ 1 chambre,Crans-Montana - Valais
03/03/2025,28/06/2025,05/07/2025,657.13 ,HDR9SF8,45 m² Appartement ∙ 2 personnes ∙ 1 chambre,Crans-Montana - Valais
03/03/2025,05/07/2025,12/07/2025,657.13 ,HDR9SF8,45 m² Appartement ∙ 2 personnes ∙ 1 chambre,Crans-Montana - Valais
03/03/2025,12/07/2025,19/07/2025,656.55 ,HDR9SF8,45 m² Appartement ∙ 2 personnes ∙ 1 chambre,Crans-Montana - Valais
03/03/2025,02/08/2025,09/08/2025,657.13 ,HDR9SF8,45 m² Appartement ∙ 2 personnes ∙ 1 chambre,Crans-Montana - Valais
03/03/2025,09/08/2025,16/08/2025,657.13 ,HDR9SF8,45 m² Appartement ∙ 2 personnes ∙ 1 chambre,Crans-Montana - Valais
03/03/2025,16/08/2025,23/08/2025,657.13 ,HDR9SF8,45 m² Appartement ∙ 2 personnes ∙ 1 chambre,Crans-Montana - Valais
03/03/2025,23/08/2025,30/08/2025,656.55 ,HDR9SF8,45 m² Appartement ∙ 2 personnes ∙ 1 chambre,Crans-Montana - Valais
03/03/2025,30/08/2025,06/09/2025,656.55 ,HDR9SF8,45 m² Appartement ∙ 2 personnes ∙ 1 chambre,Crans-Montana - Valais
03/03/2025,20/09/2025,27/09/2025,657.13 ,HDR9SF8,45 m² Appartement ∙ 2 personnes ∙ 1 chambre,Crans-Montana - Valais
03/03/2025,27/09/2025,04/10/2025,657.13 ,HDR9SF8,45 m² Appartement ∙ 2 personnes ∙ 1 chambre,Crans-Montana - Valais
03/03/2025,04/10/2025,11/10/2025,656.55 ,HDR9SF8,45 m² Appartement ∙ 2 personnes ∙ 1 chambre,Crans-Montana - Valais
03/03/2025,11/10/2025,18/10/2025,503.51 ,HDR9SF8,45 m² Appartement ∙ 2 personnes ∙ 1 chambre,Crans-Montana - Valais
03/03/2025,18/10/2025,25/10/2025,503.07 ,HDR9SF8,45 m² Appartement ∙ 2 personnes ∙ 1 chambre,Crans-Montana - Valais
03/03/2025,25/10/2025,01/11/2025,503.51 ,HDR9SF8,45 m² Appartement ∙ 2 personnes ∙ 1 chambre∙1 salle de bain,Crans-Montana - Sierre - Suisse
03/03/2025,12/04/2025,19/04/2025,1684.42 ,HNB0T72,32 m² Appartement ∙ 2 personnes ∙ 1 chambre∙1 salle de bain,Zermatt - District de Viège - Suisse
03/03/2025,03/05/2025,10/05/2025,1384.66 ,HNB0T72,32 m² Appartement ∙ 2 personnes ∙ 1 chambre∙1 salle de bain,Zermatt - District de Viège - Suisse
03/03/2025,10/05/2025,17/05/2025,1384.66 ,HNB0T72,32 m² Appartement ∙ 2 personnes ∙ 1 chambre∙1 salle de bain,Zermatt - District de Viège - Suisse
03/03/2025,17/05/2025,24/05/2025,1384.66 ,HNB0T72,32 m² Appartement ∙ 2 personnes ∙ 1 chambre∙1 salle de bain,Zermatt - District de Viège - Suisse
03/03/2025,21/06/2025,28/06/2025,999.56 ,HNB0T72,32 m² Appartement ∙ 2 personnes ∙ 1 chambre∙1 salle de bain,Zermatt - District de Viège - Suisse
03/03/2025,28/06/2025,05/07/2025,999.56 ,HNB0T72,32 m² Appartement ∙ 2 personnes ∙ 1 chambre∙1 salle de bain,Zermatt - District de Viège - Suisse
03/03/2025,05/07/2025,12/07/2025,999.56 ,HNB0T72,32 m² Appartement ∙ 2 personnes ∙ 1 chambre∙1 salle de bain,Zermatt - District de Viège - Suisse
03/03/2025,12/07/2025,19/07/2025,999.56 ,HNB0T72,32 m² Appartement ∙ 2 personnes ∙ 1 chambre∙1 salle de bain,Zermatt - District de Viège - Suisse
03/03/2025,19/07/2025,26/07/2025,999.56 ,HNB0T72,32 m² Appartement ∙ 2 personnes ∙ 1 chambre∙1 salle de bain,Zermatt - District de Viège - Suisse
03/03/2025,26/07/2025,02/08/2025,999.56 ,HNB0T72,32 m² Appartement ∙ 2 personnes ∙ 1 chambre∙1 salle de bain,Zermatt - District de Viège - Suisse
03/03/2025,02/08/2025,09/08/2025,999.56 ,HNB0T72,32 m² Appartement ∙ 2 personnes ∙ 1 chambre∙1 salle de bain,Zermatt - District de Viège - Suisse
03/03/2025,09/08/2025,16/08/2025,999.56 ,HNB0T72,32 m² Appartement ∙ 2 personnes ∙ 1 chambre∙1 salle de bain,Zermatt - District de Viège - Suisse
03/03/2025,16/08/2025,23/08/2025,1384.66 ,HNB0T72,32 m² Appartement ∙ 2 personnes ∙ 1 chambre∙1 salle de bain,Zermatt - District de Viège - Suisse
03/03/2025,23/08/2025,30/08/2025,1384.66 ,HNB0T72,32 m² Appartement ∙ 2 personnes ∙ 1 chambre∙1 salle de bain,Zermatt - District de Viège - Suisse
03/03/2025,30/08/2025,06/09/2025,1384.66 ,HNB0T72,32 m² Appartement ∙ 2 personnes ∙ 1 chambre∙1 salle de bain,Zermatt - District de Viège - Suisse
03/03/2025,06/09/2025,13/09/2025,1384.66 ,HNB0T72,32 m² Appartement ∙ 2 personnes ∙ 1 chambre∙1 salle de bain,Zermatt - District de Viège - Suisse
03/03/2025,13/09/2025,20/09/2025,1384.66 ,HNB0T72,32 m² Appartement ∙ 2 personnes ∙ 1 chambre∙1 salle de bain,Zermatt - District de Viège - Suisse
03/03/2025,20/09/2025,27/09/2025,1384.66 ,HNB0T72,32 m² Appartement ∙ 2 personnes ∙ 1 chambre∙1 salle de bain,Zermatt - District de Viège - Suisse
03/03/2025,27/09/2025,04/10/2025,1384.66 ,HNB0T72,32 m² Appartement ∙ 2 personnes ∙ 1 chambre∙1 salle de bain,Zermatt - District de Viège - Suisse
03/03/2025,04/10/2025,11/10/2025,1384.66 ,HNB0T72,32 m² Appartement ∙ 2 personnes ∙ 1 chambre∙1 salle de bain,Zermatt - District de Viège - Suisse
03/03/2025,11/10/2025,18/10/2025,1384.66 ,HNB0T72,32 m² Appartement ∙ 2 personnes ∙ 1 chambre∙1 salle de bain,Zermatt - District de Viège - Suisse
03/03/2025,15/03/2025,22/03/2025,1959.44 ,HYD649L,70 m² Appartement ∙ 6 personnes ∙ 2 chambres∙1 salle de bain,Saas Fee - District de Viège - Suisse
03/03/2025,29/03/2025,05/04/2025,1959.44 ,HYD649L,70 m² Appartement ∙ 6 personnes ∙ 2 chambres∙1 salle de bain,Saas Fee - District de Viège - Suisse
03/03/2025,26/04/2025,03/05/2025,1400.13 ,HYD649L,70 m² Appartement ∙ 6 personnes ∙ 2 chambres∙1 salle de bain,Saas Fee - District de Viège - Suisse
03/03/2025,03/05/2025,10/05/2025,1400.13 ,HYD649L,70 m² Appartement ∙ 6 personnes ∙ 2 chambres∙1 salle de bain,Saas Fee - District de Viège - Suisse
03/03/2025,10/05/2025,17/05/2025,1161.71 ,HYD649L,70 m² Appartement ∙ 6 personnes ∙ 2 chambres,Saas Fee - Valais
03/03/2025,17/05/2025,24/05/2025,1400.13 ,HYD649L,70 m² Appartement ∙ 6 personnes ∙ 2 chambres,Saas Fee - Valais
03/03/2025,24/05/2025,31/05/2025,1400.13 ,HYD649L,70 m² Appartement ∙ 6 personnes ∙ 2 chambres,Saas Fee - Valais
03/03/2025,31/05/2025,07/06/2025,1468.62 ,HYD649L,70 m² Appartement ∙ 6 personnes ∙ 2 chambres,Saas Fee - Valais
03/03/2025,07/06/2025,14/06/2025,1480.03 ,HYD649L,70 m² Appartement ∙ 6 personnes ∙ 2 chambres,Saas Fee - Valais
03/03/2025,14/06/2025,21/06/2025,1236.38 ,HYD649L,70 m² Appartement ∙ 6 personnes ∙ 2 chambres,Saas Fee - Valais
03/03/2025,21/06/2025,28/06/2025,1480.03 ,HYD649L,70 m² Appartement ∙ 6 personnes ∙ 2 chambres,Saas Fee - Valais
03/03/2025,28/06/2025,05/07/2025,1480.03 ,HYD649L,70 m² Appartement ∙ 6 personnes ∙ 2 chambres,Saas Fee - Valais
03/03/2025,05/07/2025,12/07/2025,1480.03 ,HYD649L,70 m² Appartement ∙ 6 personnes ∙ 2 chambres,Saas Fee - Valais
03/03/2025,12/07/2025,19/07/2025,1480.03 ,HYD649L,70 m² Appartement ∙ 6 personnes ∙ 2 chambres,Saas Fee - Valais
03/03/2025,19/07/2025,26/07/2025,1480.03 ,HYD649L,70 m² Appartement ∙ 6 personnes ∙ 2 chambres,Saas Fee - Valais
03/03/2025,26/07/2025,02/08/2025,1480.03 ,HYD649L,70 m² Appartement ∙ 6 personnes ∙ 2 chambres,Saas Fee - Valais
03/03/2025,02/08/2025,09/08/2025,1480.03 ,HYD649L,70 m² Appartement ∙ 6 personnes ∙ 2 chambres∙1 salle de bain,Saas Fee - District de Viège - Suisse
03/03/2025,09/08/2025,16/08/2025,1480.03 ,HYD649L,70 m² Appartement ∙ 6 personnes ∙ 2 chambres∙1 salle de bain,Saas Fee - District de Viège - Suisse
03/03/2025,16/08/2025,23/08/2025,1480.03 ,HYD649L,70 m² Appartement ∙ 6 personnes ∙ 2 chambres∙1 salle de bain,Saas Fee - District de Viège - Suisse
03/03/2025,23/08/2025,30/08/2025,1480.03 ,HYD649L,70 m² Appartement ∙ 6 personnes ∙ 2 chambres∙1 salle de bain,Saas Fee - District de Viège - Suisse
03/03/2025,30/08/2025,06/09/2025,1480.03 ,HYD649L,70 m² Appartement ∙ 6 personnes ∙ 2 chambres∙1 salle de bain,Saas Fee - District de Viège - Suisse
03/03/2025,06/09/2025,13/09/2025,1480.03 ,HYD649L,70 m² Appartement ∙ 6 personnes ∙ 2 chambres∙1 salle de bain,Saas Fee - District de Viège - Suisse
03/03/2025,13/09/2025,20/09/2025,1480.03 ,HYD649L,70 m² Appartement ∙ 6 personnes ∙ 2 chambres∙1 salle de bain,Saas Fee - District de Viège - Suisse
03/03/2025,20/09/2025,27/09/2025,1480.03 ,HYD649L,70 m² Appartement ∙ 6 personnes ∙ 2 chambres∙1 salle de bain,Saas Fee - District de Viège - Suisse
03/03/2025,27/09/2025,04/10/2025,1480.03 ,HYD649L,70 m² Appartement ∙ 6 personnes ∙ 2 chambres∙1 salle de bain,Saas Fee - District de Viège - Suisse
03/03/2025,04/10/2025,11/10/2025,1480.03 ,HYD649L,70 m² Appartement ∙ 6 personnes ∙ 2 chambres∙1 salle de bain,Saas Fee - District de Viège - Suisse
03/03/2025,11/10/2025,18/10/2025,1480.03 ,HYD649L,70 m² Appartement ∙ 6 personnes ∙ 2 chambres∙1 salle de bain,Saas Fee - District de Viège - Suisse
03/03/2025,18/10/2025,25/10/2025,1236.38 ,HYD649L,70 m² Appartement ∙ 6 personnes ∙ 2 chambres∙1 salle de bain,Saas Fee - District de Viège - Suisse
03/03/2025,25/10/2025,01/11/2025,1236.38 ,HYD649L,70 m² Appartement ∙ 6 personnes ∙ 2 chambres∙1 salle de bain,Saas Fee - District de Viège - Suisse
03/03/2025,05/04/2025,12/04/2025,831.01 ,H5BD40M,33 m² Appartement ∙ 2 personnes∙1 salle de bain,Saas Grund - District de Viège - Suisse
03/03/2025,12/04/2025,19/04/2025,831.01 ,H5BD40M,33 m² Appartement ∙ 2 personnes∙1 salle de bain,Saas Grund - District de Viège - Suisse
03/03/2025,19/04/2025,26/04/2025,831.01 ,H5BD40M,33 m² Appartement ∙ 2 personnes∙1 salle de bain,Saas Grund - District de Viège - Suisse
03/03/2025,26/04/2025,03/05/2025,807.11 ,H5BD40M,33 m² Appartement ∙ 2 personnes∙1 salle de bain,Saas Grund - District de Viège - Suisse
03/03/2025,03/05/2025,10/05/2025,747.91 ,H5BD40M,33 m² Appartement ∙ 2 personnes∙1 salle de bain,Saas Grund - District de Viège - Suisse
03/03/2025,10/05/2025,17/05/2025,747.91 ,H5BD40M,33 m² Appartement ∙ 2 personnes∙1 salle de bain,Saas Grund - District de Viège - Suisse
03/03/2025,17/05/2025,24/05/2025,747.91 ,H5BD40M,33 m² Appartement ∙ 2 personnes∙1 salle de bain,Saas Grund - District de Viège - Suisse
03/03/2025,14/06/2025,21/06/2025,788.93 ,H5BD40M,33 m² Appartement ∙ 2 personnes∙1 salle de bain,Saas Grund - District de Viège - Suisse
03/03/2025,16/08/2025,23/08/2025,788.93 ,H5BD40M,33 m² Appartement ∙ 2 personnes∙1 salle de bain,Saas Grund - District de Viège - Suisse
03/03/2025,23/08/2025,30/08/2025,788.93 ,H5BD40M,33 m² Appartement ∙ 2 personnes∙1 salle de bain,Saas Grund - District de Viège - Suisse
03/03/2025,30/08/2025,06/09/2025,788.93 ,H5BD40M,33 m² Appartement ∙ 2 personnes∙1 salle de bain,Saas Grund - District de Viège - Suisse
03/03/2025,06/09/2025,13/09/2025,788.93 ,H5BD40M,33 m² Appartement ∙ 2 personnes∙1 salle de bain,Saas Grund - District de Viège - Suisse
03/03/2025,13/09/2025,20/09/2025,788.93 ,H5BD40M,33 m² Appartement ∙ 2 personnes∙1 salle de bain,Saas Grund - District de Viège - Suisse
03/03/2025,20/09/2025,27/09/2025,787.33 ,H5BD40M,33 m² Appartement ∙ 2 personnes∙1 salle de bain,Saas Grund - District de Viège - Suisse
03/03/2025,27/09/2025,04/10/2025,787.33 ,H5BD40M,33 m² Appartement ∙ 2 personnes∙1 salle de bain,Saas Grund - District de Viège - Suisse
03/03/2025,04/10/2025,11/10/2025,787.33 ,H5BD40M,33 m² Appartement ∙ 2 personnes∙1 salle de bain,Saas Grund - District de Viège - Suisse
03/03/2025,11/10/2025,18/10/2025,787.33 ,H5BD40M,33 m² Appartement ∙ 2 personnes∙1 salle de bain,Saas Grund - District de Viège - Suisse
03/03/2025,18/10/2025,25/10/2025,787.33 ,H5BD40M,33 m² Appartement ∙ 2 personnes∙1 salle de bain,Saas Grund - District de Viège - Suisse
03/03/2025,29/03/2025,05/04/2025,2285.03 ,HDBAPCX,85 m² Appartement ∙ 6 personnes ∙ 3 chambres∙1 salle de bain,Saas Fee - District de Viège - Suisse
03/03/2025,05/04/2025,12/04/2025,2691.70 ,HDBAPCX,85 m² Appartement ∙ 6 personnes ∙ 3 chambres∙1 salle de bain,Saas Fee - District de Viège - Suisse
03/03/2025,12/04/2025,19/04/2025,2691.70 ,HDBAPCX,85 m² Appartement ∙ 6 personnes ∙ 3 chambres∙1 salle de bain,Saas Fee - District de Viège - Suisse
03/03/2025,14/06/2025,21/06/2025,1830.52 ,HDBAPCX,85 m² Appartement ∙ 6 personnes ∙ 3 chambres,Saas Fee - Valais
03/03/2025,21/06/2025,28/06/2025,1830.52 ,HDBAPCX,85 m² Appartement ∙ 6 personnes ∙ 3 chambres,Saas Fee - Valais
03/03/2025,28/06/2025,05/07/2025,1830.52 ,HDBAPCX,85 m² Appartement ∙ 6 personnes ∙ 3 chambres,Saas Fee - Valais
03/03/2025,19/07/2025,26/07/2025,1830.52 ,HDBAPCX,85 m² Appartement ∙ 6 personnes ∙ 3 chambres,Saas Fee - Valais
03/03/2025,08/03/2025,15/03/2025,538.24 ,HEB86WH,50 m² Maison de vacances ∙ 6 personnes ∙ 3 chambres,Leuk - Valais
03/03/2025,05/04/2025,12/04/2025,538.72 ,HEB86WH,50 m² Maison de vacances ∙ 6 personnes ∙ 3 chambres,Leuk - Valais
03/03/2025,12/04/2025,19/04/2025,538.24 ,HEB86WH,50 m² Maison de vacances ∙ 6 personnes ∙ 3 chambres,Leuk - Valais
03/03/2025,28/06/2025,05/07/2025,538.72 ,HEB86WH,50 m² Maison de vacances ∙ 6 personnes ∙ 3 chambres,Leuk - Valais
03/03/2025,05/07/2025,12/07/2025,538.72 ,HEB86WH,50 m² Maison de vacances ∙ 6 personnes ∙ 3 chambres,Leuk - Valais
03/03/2025,20/09/2025,27/09/2025,538.72 ,HEB86WH,50 m² Maison de vacances ∙ 6 personnes ∙ 3 chambres,Leuk - Valais
03/03/2025,27/09/2025,04/10/2025,538.24 ,HEB86WH,50 m² Maison de vacances ∙ 6 personnes ∙ 3 chambres,Leuk - Valais
03/03/2025,04/10/2025,11/10/2025,538.72 ,HEB86WH,50 m² Maison de vacances ∙ 6 personnes ∙ 3 chambres,Leuk - Valais
03/03/2025,05/04/2025,12/04/2025,874.50 ,HYZ1MCV,45 m² Appartement ∙ 4 personnes ∙ 1 chambre∙1 salle de bain,Saas Grund - District de Viège - Suisse
03/03/2025,19/04/2025,26/04/2025,1070.82 ,HYZ1MCV,45 m² Appartement ∙ 4 personnes ∙ 1 chambre∙1 salle de bain,Saas Grund - District de Viège - Suisse
03/03/2025,26/04/2025,03/05/2025,683.05 ,HYZ1MCV,45 m² Appartement ∙ 4 personnes ∙ 1 chambre∙1 salle de bain,Saas Grund - District de Viège - Suisse
03/03/2025,03/05/2025,10/05/2025,683.05 ,HYZ1MCV,45 m² Appartement ∙ 4 personnes ∙ 1 chambre∙1 salle de bain,Saas Grund - District de Viège - Suisse
03/03/2025,10/05/2025,17/05/2025,683.05 ,HYZ1MCV,45 m² Appartement ∙ 4 personnes ∙ 1 chambre∙1 salle de bain,Saas Grund - District de Viège - Suisse
03/03/2025,17/05/2025,24/05/2025,683.05 ,HYZ1MCV,45 m² Appartement ∙ 4 personnes ∙ 1 chambre∙1 salle de bain,Saas Grund - District de Viège - Suisse
03/03/2025,24/05/2025,31/05/2025,683.05 ,HYZ1MCV,45 m² Appartement ∙ 4 personnes ∙ 1 chambre∙1 salle de bain,Saas Grund - District de Viège - Suisse
03/03/2025,31/05/2025,07/06/2025,683.05 ,HYZ1MCV,45 m² Appartement ∙ 4 personnes ∙ 1 chambre∙1 salle de bain,Saas Grund - District de Viège - Suisse
03/03/2025,07/06/2025,14/06/2025,756.09 ,HYZ1MCV,45 m² Appartement ∙ 4 personnes ∙ 1 chambre∙1 salle de bain,Saas Grund - District de Viège - Suisse
03/03/2025,14/06/2025,21/06/2025,756.09 ,HYZ1MCV,45 m² Appartement ∙ 4 personnes ∙ 1 chambre∙1 salle de bain,Saas Grund - District de Viège - Suisse
03/03/2025,08/03/2025,15/03/2025,656.06 ,HCXH68F,60 m² Appartement ∙ 4 personnes ∙ 2 chambres∙1 salle de bain,Albinen - District de Loèche - Suisse
03/03/2025,15/03/2025,22/03/2025,654.73 ,HCXH68F,60 m² Appartement ∙ 4 personnes ∙ 2 chambres∙1 salle de bain,Albinen - District de Loèche - Suisse
03/03/2025,22/03/2025,29/03/2025,656.06 ,HCXH68F,60 m² Appartement ∙ 4 personnes ∙ 2 chambres∙1 salle de bain,Albinen - District de Loèche - Suisse
03/03/2025,29/03/2025,05/04/2025,656.06 ,HCXH68F,60 m² Appartement ∙ 4 personnes ∙ 2 chambres∙1 salle de bain,Albinen - District de Loèche - Suisse
03/03/2025,05/04/2025,12/04/2025,654.73 ,HCXH68F,60 m² Appartement ∙ 4 personnes ∙ 2 chambres∙1 salle de bain,Albinen - District de Loèche - Suisse
03/03/2025,12/04/2025,19/04/2025,654.73 ,HCXH68F,60 m² Appartement ∙ 4 personnes ∙ 2 chambres∙1 salle de bain,Albinen - District de Loèche - Suisse
03/03/2025,26/04/2025,03/05/2025,579.25 ,HCXH68F,60 m² Appartement ∙ 4 personnes ∙ 2 chambres∙1 salle de bain,Albinen - District de Loèche - Suisse
03/03/2025,03/05/2025,10/05/2025,579.25 ,HCXH68F,60 m² Appartement ∙ 4 personnes ∙ 2 chambres∙1 salle de bain,Albinen - District de Loèche - Suisse
03/03/2025,10/05/2025,17/05/2025,579.25 ,HCXH68F,60 m² Appartement ∙ 4 personnes ∙ 2 chambres∙1 salle de bain,Albinen - District de Loèche - Suisse
03/03/2025,17/05/2025,24/05/2025,579.25 ,HCXH68F,60 m² Appartement ∙ 4 personnes ∙ 2 chambres∙1 salle de bain,Albinen - District de Loèche - Suisse
03/03/2025,21/06/2025,28/06/2025,539.76 ,HCXH68F,60 m² Appartement ∙ 4 personnes ∙ 2 chambres∙1 salle de bain,Albinen - District de Loèche - Suisse
03/03/2025,28/06/2025,05/07/2025,540.85 ,HCXH68F,60 m² Appartement ∙ 4 personnes ∙ 2 chambres∙1 salle de bain,Albinen - District de Loèche - Suisse
03/03/2025,05/07/2025,12/07/2025,539.76 ,HCXH68F,60 m² Appartement ∙ 4 personnes ∙ 2 chambres∙1 salle de bain,Albinen - District de Loèche - Suisse
03/03/2025,12/07/2025,19/07/2025,540.85 ,HCXH68F,60 m² Appartement ∙ 4 personnes ∙ 2 chambres∙1 salle de bain,Albinen - District de Loèche - Suisse
03/03/2025,02/08/2025,09/08/2025,539.76 ,HCXH68F,60 m² Appartement ∙ 4 personnes ∙ 2 chambres∙1 salle de bain,Albinen - District de Loèche - Suisse
03/03/2025,09/08/2025,16/08/2025,540.85 ,HCXH68F,60 m² Appartement ∙ 4 personnes ∙ 2 chambres∙1 salle de bain,Albinen - District de Loèche - Suisse
03/03/2025,30/08/2025,06/09/2025,540.85 ,HCXH68F,60 m² Appartement ∙ 4 personnes ∙ 2 chambres∙1 salle de bain,Albinen - District de Loèche - Suisse
03/03/2025,06/09/2025,13/09/2025,539.76 ,HCXH68F,60 m² Appartement ∙ 4 personnes ∙ 2 chambres,Albinen - Valais
03/03/2025,13/09/2025,20/09/2025,540.85 ,HCXH68F,60 m² Appartement ∙ 4 personnes ∙ 2 chambres,Albinen - Valais
03/03/2025,20/09/2025,27/09/2025,539.76 ,HCXH68F,60 m² Appartement ∙ 4 personnes ∙ 2 chambres,Albinen - Valais
03/03/2025,27/09/2025,04/10/2025,540.85 ,HCXH68F,60 m² Appartement ∙ 4 personnes ∙ 2 chambres,Albinen - Valais
03/03/2025,04/10/2025,11/10/2025,539.76 ,HCXH68F,60 m² Appartement ∙ 4 personnes ∙ 2 chambres,Albinen - Valais
03/03/2025,11/10/2025,18/10/2025,539.76 ,HCXH68F,60 m² Appartement ∙ 4 personnes ∙ 2 chambres,Albinen - Valais
03/03/2025,18/10/2025,25/10/2025,640.06 ,HCXH68F,60 m² Appartement ∙ 4 personnes ∙ 2 chambres,Albinen - Valais
03/03/2025,25/10/2025,01/11/2025,656.06 ,HCXH68F,60 m² Appartement ∙ 4 personnes ∙ 2 chambres,Albinen - Valais
03/03/2025,15/03/2025,22/03/2025,2053.63 ,HMHYX7D,120 m² Appartement ∙ 4 personnes ∙ 2 chambres,Riederalp - Valais
03/03/2025,22/03/2025,29/03/2025,2053.63 ,HMHYX7D,120 m² Appartement ∙ 4 personnes ∙ 2 chambres,Riederalp - Valais
03/03/2025,05/07/2025,12/07/2025,1457.45 ,HMHYX7D,120 m² Appartement ∙ 4 personnes ∙ 2 chambres,Riederalp - Valais
03/03/2025,12/07/2025,19/07/2025,1457.45 ,HMHYX7D,120 m² Appartement ∙ 4 personnes ∙ 2 chambres,Riederalp - Valais
03/03/2025,26/07/2025,02/08/2025,1457.45 ,HMHYX7D,120 m² Appartement ∙ 4 personnes ∙ 2 chambres,Riederalp - Valais
03/03/2025,16/08/2025,23/08/2025,1381.86 ,HMHYX7D,120 m² Appartement ∙ 4 personnes ∙ 2 chambres∙2 salles de bain,Riederalp - Raron - Suisse
03/03/2025,29/03/2025,05/04/2025,771.84 ,HH8KC1B,55 m² Appartement ∙ 4 personnes ∙ 1 chambre∙1 salle de bain,Wiler (Lötschen) - Raron - Suisse
03/03/2025,05/04/2025,12/04/2025,773.41 ,HH8KC1B,55 m² Appartement ∙ 4 personnes ∙ 1 chambre∙1 salle de bain,Wiler (Lötschen) - Raron - Suisse
03/03/2025,12/04/2025,19/04/2025,771.84 ,HH8KC1B,55 m² Appartement ∙ 4 personnes ∙ 1 chambre∙1 salle de bain,Wiler (Lötschen) - Raron - Suisse
03/03/2025,19/04/2025,26/04/2025,771.84 ,HH8KC1B,55 m² Appartement ∙ 4 personnes ∙ 1 chambre∙1 salle de bain,Wiler (Lötschen) - Raron - Suisse
03/03/2025,26/04/2025,03/05/2025,771.84 ,HH8KC1B,55 m² Appartement ∙ 4 personnes ∙ 1 chambre∙1 salle de bain,Wiler (Lötschen) - Raron - Suisse
03/03/2025,03/05/2025,10/05/2025,771.84 ,HH8KC1B,55 m² Appartement ∙ 4 personnes ∙ 1 chambre∙1 salle de bain,Wiler (Lötschen) - Raron - Suisse
03/03/2025,10/05/2025,17/05/2025,773.41 ,HH8KC1B,55 m² Appartement ∙ 4 personnes ∙ 1 chambre∙1 salle de bain,Wiler (Lötschen) - Raron - Suisse
03/03/2025,17/05/2025,24/05/2025,771.84 ,HH8KC1B,55 m² Appartement ∙ 4 personnes ∙ 1 chambre∙1 salle de bain,Wiler (Lötschen) - Raron - Suisse
03/03/2025,31/05/2025,07/06/2025,773.41 ,HH8KC1B,55 m² Appartement ∙ 4 personnes ∙ 1 chambre∙1 salle de bain,Wiler (Lötschen) - Raron - Suisse
03/03/2025,02/08/2025,09/08/2025,773.41 ,HH8KC1B,55 m² Appartement ∙ 4 personnes ∙ 1 chambre,Wiler (Lötschen) - Valais
03/03/2025,09/08/2025,16/08/2025,771.84 ,HH8KC1B,55 m² Appartement ∙ 4 personnes ∙ 1 chambre,Wiler (Lötschen) - Valais
03/03/2025,16/08/2025,23/08/2025,771.84 ,HH8KC1B,55 m² Appartement ∙ 4 personnes ∙ 1 chambre,Wiler (Lötschen) - Valais
03/03/2025,23/08/2025,30/08/2025,771.84 ,HH8KC1B,55 m² Appartement ∙ 4 personnes ∙ 1 chambre,Wiler (Lötschen) - Valais
03/03/2025,30/08/2025,06/09/2025,771.84 ,HH8KC1B,55 m² Appartement ∙ 4 personnes ∙ 1 chambre,Wiler (Lötschen) - Valais
03/03/2025,06/09/2025,13/09/2025,771.84 ,HH8KC1B,55 m² Appartement ∙ 4 personnes ∙ 1 chambre,Wiler (Lötschen) - Valais
03/03/2025,13/09/2025,20/09/2025,771.84 ,HH8KC1B,55 m² Appartement ∙ 4 personnes ∙ 1 chambre,Wiler (Lötschen) - Valais
03/03/2025,27/09/2025,04/10/2025,773.41 ,HH8KC1B,55 m² Appartement ∙ 4 personnes ∙ 1 chambre,Wiler (Lötschen) - Valais
03/03/2025,04/10/2025,11/10/2025,773.41 ,HH8KC1B,55 m² Appartement ∙ 4 personnes ∙ 1 chambre,Wiler (Lötschen) - Valais
03/03/2025,11/10/2025,18/10/2025,773.41 ,HH8KC1B,55 m² Appartement ∙ 4 personnes ∙ 1 chambre,Wiler (Lötschen) - Valais
03/03/2025,18/10/2025,25/10/2025,773.41 ,HH8KC1B,55 m² Appartement ∙ 4 personnes ∙ 1 chambre,Wiler (Lötschen) - Valais
03/03/2025,25/10/2025,01/11/2025,771.84 ,HH8KC1B,55 m² Appartement ∙ 4 personnes ∙ 1 chambre,Wiler (Lötschen) - Valais
03/03/2025,19/04/2025,26/04/2025,685.61 ,HEHR4FT,51 m² Appartement ∙ 3 personnes ∙ 1 chambre,Saas-Almagell - Valais
03/03/2025,26/04/2025,03/05/2025,652.60 ,HEHR4FT,51 m² Appartement ∙ 3 personnes ∙ 1 chambre,Saas-Almagell - Valais
03/03/2025,03/05/2025,10/05/2025,653.93 ,HEHR4FT,51 m² Appartement ∙ 3 personnes ∙ 1 chambre,Saas-Almagell - Valais
03/03/2025,10/05/2025,17/05/2025,653.93 ,HEHR4FT,51 m² Appartement ∙ 3 personnes ∙ 1 chambre,Saas-Almagell - Valais
03/03/2025,17/05/2025,24/05/2025,652.60 ,HEHR4FT,51 m² Appartement ∙ 3 personnes ∙ 1 chambre,Saas-Almagell - Valais
03/03/2025,24/05/2025,31/05/2025,652.60 ,HEHR4FT,51 m² Appartement ∙ 3 personnes ∙ 1 chambre,Saas-Almagell - Valais
03/03/2025,31/05/2025,07/06/2025,652.60 ,HEHR4FT,51 m² Appartement ∙ 3 personnes ∙ 1 chambre,Saas-Almagell - Valais
03/03/2025,07/06/2025,14/06/2025,653.93 ,HEHR4FT,51 m² Appartement ∙ 3 personnes ∙ 1 chambre,Saas-Almagell - Valais
03/03/2025,14/06/2025,21/06/2025,653.93 ,HEHR4FT,51 m² Appartement ∙ 3 personnes ∙ 1 chambre,Saas-Almagell - Valais
03/03/2025,21/06/2025,28/06/2025,685.61 ,HEHR4FT,51 m² Appartement ∙ 3 personnes ∙ 1 chambre,Saas-Almagell - Valais
03/03/2025,28/06/2025,05/07/2025,690.93 ,HEHR4FT,51 m² Appartement ∙ 3 personnes ∙ 1 chambre,Saas-Almagell - Valais
03/03/2025,09/08/2025,16/08/2025,692.33 ,HEHR4FT,51 m² Appartement ∙ 3 personnes ∙ 1 chambre,Saas-Almagell - Valais
03/03/2025,08/03/2025,15/03/2025,1305.21 ,HA69WJY,50 m² Appartement ∙ 5 personnes ∙ 2 chambres,Termen - Valais
03/03/2025,15/03/2025,22/03/2025,844.23 ,HA69WJY,50 m² Appartement ∙ 5 personnes ∙ 2 chambres,Termen - Valais
03/03/2025,22/03/2025,29/03/2025,844.23 ,HA69WJY,50 m² Appartement ∙ 5 personnes ∙ 2 chambres,Termen - Valais
03/03/2025,24/05/2025,31/05/2025,798.46 ,HA69WJY,50 m² Appartement ∙ 5 personnes ∙ 2 chambres,Termen - Valais
03/03/2025,31/05/2025,07/06/2025,800.07 ,HA69WJY,50 m² Appartement ∙ 5 personnes ∙ 2 chambres,Termen - Valais
03/03/2025,07/06/2025,14/06/2025,800.07 ,HA69WJY,50 m² Appartement ∙ 5 personnes ∙ 2 chambres,Termen - Valais
03/03/2025,14/06/2025,21/06/2025,800.07 ,HA69WJY,50 m² Appartement ∙ 5 personnes ∙ 2 chambres,Termen - Valais
03/03/2025,21/06/2025,28/06/2025,798.46 ,HA69WJY,50 m² Appartement ∙ 5 personnes ∙ 2 chambres,Termen - Valais
03/03/2025,28/06/2025,05/07/2025,800.07 ,HA69WJY,50 m² Appartement ∙ 5 personnes ∙ 2 chambres,Termen - Valais
03/03/2025,12/07/2025,19/07/2025,798.46 ,HA69WJY,50 m² Appartement ∙ 5 personnes ∙ 2 chambres,Termen - Valais
03/03/2025,19/07/2025,26/07/2025,798.46 ,HA69WJY,50 m² Appartement ∙ 5 personnes ∙ 2 chambres,Termen - Valais
03/03/2025,26/07/2025,02/08/2025,798.46 ,HA69WJY,50 m² Appartement ∙ 5 personnes ∙ 2 chambres,Termen - Valais
03/03/2025,02/08/2025,09/08/2025,800.07 ,HA69WJY,50 m² Appartement ∙ 5 personnes ∙ 2 chambres,Termen - Valais
03/03/2025,09/08/2025,16/08/2025,798.46 ,HA69WJY,50 m² Appartement ∙ 5 personnes ∙ 2 chambres,Termen - Valais
03/03/2025,16/08/2025,23/08/2025,798.46 ,HA69WJY,50 m² Appartement ∙ 5 personnes ∙ 2 chambres,Termen - Valais
03/03/2025,23/08/2025,30/08/2025,798.46 ,HA69WJY,50 m² Appartement ∙ 5 personnes ∙ 2 chambres,Termen - Valais
03/03/2025,30/08/2025,06/09/2025,798.46 ,HA69WJY,50 m² Appartement ∙ 5 personnes ∙ 2 chambres,Termen - Valais
03/03/2025,06/09/2025,13/09/2025,800.07 ,HA69WJY,50 m² Appartement ∙ 5 personnes ∙ 2 chambres,Termen - Valais
03/03/2025,13/09/2025,20/09/2025,800.07 ,HA69WJY,50 m² Appartement ∙ 5 personnes ∙ 2 chambres,Termen - Valais
03/03/2025,20/09/2025,27/09/2025,800.07 ,HA69WJY,50 m² Appartement ∙ 5 personnes ∙ 2 chambres,Termen - Valais
03/03/2025,27/09/2025,04/10/2025,798.46 ,HA69WJY,50 m² Appartement ∙ 5 personnes ∙ 2 chambres,Termen - Valais
03/03/2025,04/10/2025,11/10/2025,798.46 ,HA69WJY,50 m² Appartement ∙ 5 personnes ∙ 2 chambres,Termen - Valais
03/03/2025,11/10/2025,18/10/2025,798.46 ,HA69WJY,50 m² Appartement ∙ 5 personnes ∙ 2 chambres,Termen - Valais
03/03/2025,15/03/2025,22/03/2025,1755.54 ,HGUAHV0,Maison de vacances ∙ 4 personnes ∙ 2 chambres,Bellwald - Valais
03/03/2025,29/03/2025,05/04/2025,1755.54 ,HGUAHV0,Maison de vacances ∙ 4 personnes ∙ 2 chambres,Bellwald - Valais
03/03/2025,05/04/2025,12/04/2025,1759.10 ,HGUAHV0,Maison de vacances ∙ 4 personnes ∙ 2 chambres,Bellwald - Valais
03/03/2025,03/05/2025,10/05/2025,1158.29 ,HGUAHV0,Maison de vacances ∙ 4 personnes ∙ 2 chambres,Bellwald - Valais
03/03/2025,10/05/2025,17/05/2025,1160.64 ,HGUAHV0,Maison de vacances ∙ 4 personnes ∙ 2 chambres,Bellwald - Valais
03/03/2025,17/05/2025,24/05/2025,1158.29 ,HGUAHV0,Maison de vacances ∙ 4 personnes ∙ 2 chambres,Bellwald - Valais
03/03/2025,31/05/2025,07/06/2025,1372.28 ,HGUAHV0,Maison de vacances ∙ 4 personnes ∙ 2 chambres,Bellwald - Valais
03/03/2025,14/06/2025,21/06/2025,1158.29 ,HGUAHV0,Maison de vacances ∙ 4 personnes ∙ 2 chambres,Bellwald - Valais
03/03/2025,30/08/2025,06/09/2025,1531.97 ,HGUAHV0,Maison de vacances ∙ 4 personnes ∙ 2 chambres,Bellwald - Valais
03/03/2025,13/09/2025,20/09/2025,1535.08 ,HGUAHV0,Maison de vacances ∙ 4 personnes ∙ 2 chambres,Bellwald - Valais
03/03/2025,20/09/2025,27/09/2025,1531.97 ,HGUAHV0,Maison de vacances ∙ 4 personnes ∙ 2 chambres,Bellwald - Valais
03/03/2025,27/09/2025,04/10/2025,1535.08 ,HGUAHV0,Maison de vacances ∙ 4 personnes ∙ 2 chambres,Bellwald - Valais
03/03/2025,11/10/2025,18/10/2025,1531.97 ,HGUAHV0,Maison de vacances ∙ 4 personnes ∙ 2 chambres,Bellwald - Valais
03/03/2025,18/10/2025,25/10/2025,1158.29 ,HGUAHV0,Maison de vacances ∙ 4 personnes ∙ 2 chambres,Bellwald - Valais
03/03/2025,25/10/2025,01/11/2025,1158.29 ,HGUAHV0,Maison de vacances ∙ 4 personnes ∙ 2 chambres,Bellwald - Valais
03/03/2025,15/03/2025,22/03/2025,615.52 ,HZFHD7V,25 m² Appartement ∙ 4 personnes ∙ 1 chambre,Fiesch - Valais
03/03/2025,22/03/2025,29/03/2025,614.28 ,HZFHD7V,25 m² Appartement ∙ 4 personnes ∙ 1 chambre∙1 salle de bain,Fiesch - District de Conches - Suisse
03/03/2025,29/03/2025,05/04/2025,614.28 ,HZFHD7V,25 m² Appartement ∙ 4 personnes ∙ 1 chambre∙1 salle de bain,Fiesch - District de Conches - Suisse
03/03/2025,05/04/2025,12/04/2025,614.28 ,HZFHD7V,25 m² Appartement ∙ 4 personnes ∙ 1 chambre∙1 salle de bain,Fiesch - District de Conches - Suisse
03/03/2025,12/04/2025,19/04/2025,614.28 ,HZFHD7V,25 m² Appartement ∙ 4 personnes ∙ 1 chambre∙1 salle de bain,Fiesch - District de Conches - Suisse
03/03/2025,19/04/2025,26/04/2025,615.52 ,HZFHD7V,25 m² Appartement ∙ 4 personnes ∙ 1 chambre∙1 salle de bain,Fiesch - District de Conches - Suisse
03/03/2025,26/04/2025,03/05/2025,582.45 ,HZFHD7V,25 m² Appartement ∙ 4 personnes ∙ 1 chambre∙1 salle de bain,Fiesch - District de Conches - Suisse
03/03/2025,03/05/2025,10/05/2025,537.63 ,HZFHD7V,25 m² Appartement ∙ 4 personnes ∙ 1 chambre∙1 salle de bain,Fiesch - District de Conches - Suisse
03/03/2025,10/05/2025,17/05/2025,537.63 ,HZFHD7V,25 m² Appartement ∙ 4 personnes ∙ 1 chambre∙1 salle de bain,Fiesch - District de Conches - Suisse
03/03/2025,17/05/2025,24/05/2025,537.63 ,HZFHD7V,25 m² Appartement ∙ 4 personnes ∙ 1 chambre∙1 salle de bain,Fiesch - District de Conches - Suisse
03/03/2025,24/05/2025,31/05/2025,537.63 ,HZFHD7V,25 m² Appartement ∙ 4 personnes ∙ 1 chambre∙1 salle de bain,Fiesch - District de Conches - Suisse
03/03/2025,19/07/2025,26/07/2025,537.63 ,HZFHD7V,25 m² Appartement ∙ 4 personnes ∙ 1 chambre∙1 salle de bain,Fiesch - District de Conches - Suisse
03/03/2025,23/08/2025,30/08/2025,537.63 ,HZFHD7V,25 m² Appartement ∙ 4 personnes ∙ 1 chambre∙1 salle de bain,Fiesch - District de Conches - Suisse
03/03/2025,06/09/2025,13/09/2025,537.63 ,HZFHD7V,25 m² Appartement ∙ 4 personnes ∙ 1 chambre∙1 salle de bain,Fiesch - District de Conches - Suisse
03/03/2025,13/09/2025,20/09/2025,537.63 ,HZFHD7V,25 m² Appartement ∙ 4 personnes ∙ 1 chambre∙1 salle de bain,Fiesch - District de Conches - Suisse
03/03/2025,20/09/2025,27/09/2025,537.63 ,HZFHD7V,25 m² Appartement ∙ 4 personnes ∙ 1 chambre∙1 salle de bain,Fiesch - District de Conches - Suisse
03/03/2025,27/09/2025,04/10/2025,537.63 ,HZFHD7V,25 m² Appartement ∙ 4 personnes ∙ 1 chambre∙1 salle de bain,Fiesch - District de Conches - Suisse
03/03/2025,04/10/2025,11/10/2025,538.72 ,HZFHD7V,25 m² Appartement ∙ 4 personnes ∙ 1 chambre∙1 salle de bain,Fiesch - District de Conches - Suisse
03/03/2025,11/10/2025,18/10/2025,538.72 ,HZFHD7V,25 m² Appartement ∙ 4 personnes ∙ 1 chambre∙1 salle de bain,Fiesch - District de Conches - Suisse
03/03/2025,18/10/2025,25/10/2025,537.63 ,HZFHD7V,25 m² Appartement ∙ 4 personnes ∙ 1 chambre,Fiesch - Valais
03/03/2025,25/10/2025,01/11/2025,548.27 ,HZFHD7V,25 m² Appartement ∙ 4 personnes ∙ 1 chambre,Fiesch - Valais
03/03/2025,15/03/2025,22/03/2025,2947.90 ,HF91CEU,81 m² Appartement ∙ 4 personnes ∙ 2 chambres,Zermatt - Valais
03/03/2025,22/03/2025,29/03/2025,2947.90 ,HF91CEU,81 m² Appartement ∙ 4 personnes ∙ 2 chambres,Zermatt - Valais
03/03/2025,29/03/2025,05/04/2025,2947.90 ,HF91CEU,81 m² Appartement ∙ 4 personnes ∙ 2 chambres,Zermatt - Valais
03/03/2025,19/04/2025,26/04/2025,2947.90 ,HF91CEU,81 m² Appartement ∙ 4 personnes ∙ 2 chambres,Zermatt - Valais
03/03/2025,10/05/2025,17/05/2025,1151.90 ,HF91CEU,81 m² Appartement ∙ 4 personnes ∙ 2 chambres,Zermatt - Valais
03/03/2025,17/05/2025,24/05/2025,1151.90 ,HF91CEU,81 m² Appartement ∙ 4 personnes ∙ 2 chambres,Zermatt - Valais
