date_scrap,date_debut,date_fin,price,identifiant,typologie,nom
27/03/2024,18/05/2024,25/05/2024,433.13,HYCZGU9,75 m² Appartement ∙ 1 chambre ∙ 7 personnes,Loèche-les-Bains - Valais
27/03/2024,25/05/2024,01/06/2024,433.13,HYCZGU9,75 m² Appartement ∙ 1 chambre ∙ 7 personnes,Loèche-les-Bains - Valais
27/03/2024,01/06/2024,08/06/2024,433.13,HYCZGU9,75 m² Appartement ∙ 1 chambre ∙ 7 personnes,Loèche-les-Bains - Valais
27/03/2024,08/06/2024,15/06/2024,433.13,HYCZGU9,75 m² Appartement ∙ 1 chambre ∙ 7 personnes,Loèche-les-Bains - Valais
27/03/2024,29/06/2024,06/07/2024,515.67,HYCZGU9,75 m² Appartement ∙ 1 chambre ∙ 7 personnes,Loèche-les-Bains - Valais
27/03/2024,06/07/2024,13/07/2024,515.67,HYCZGU9,75 m² Appartement ∙ 1 chambre ∙ 7 personnes,Loèche-les-Bains - Valais
27/03/2024,18/05/2024,25/05/2024,433.13,HYCZGU9,75 m² Appartement ∙ 1 chambre ∙ 7 personnes,Loèche-les-Bains - Valais
27/03/2024,25/05/2024,01/06/2024,433.13,HYCZGU9,75 m² Appartement ∙ 1 chambre ∙ 7 personnes,Loèche-les-Bains - Valais
27/03/2024,01/06/2024,08/06/2024,433.13,HYCZGU9,75 m² Appartement ∙ 1 chambre ∙ 7 personnes,Loèche-les-Bains - Valais
27/03/2024,08/06/2024,15/06/2024,433.13,HYCZGU9,75 m² Appartement ∙ 1 chambre ∙ 7 personnes,Loèche-les-Bains - Valais
27/03/2024,29/06/2024,06/07/2024,515.67,HYCZGU9,75 m² Appartement ∙ 1 chambre ∙ 7 personnes,Loèche-les-Bains - Valais
27/03/2024,06/07/2024,13/07/2024,515.67,HYCZGU9,75 m² Appartement ∙ 1 chambre ∙ 7 personnes,Loèche-les-Bains - Valais
27/03/2024,20/07/2024,27/07/2024,515.67,HYCZGU9,75 m² Appartement ∙ 1 chambre ∙ 7 personnes,Loèche-les-Bains - Valais
27/03/2024,27/07/2024,03/08/2024,515.67,HYCZGU9,75 m² Appartement ∙ 1 chambre ∙ 7 personnes,Loèche-les-Bains - Valais
27/03/2024,10/08/2024,17/08/2024,396.44,HYCZGU9,75 m² Appartement ∙ 1 chambre ∙ 7 personnes,Loèche-les-Bains - Valais
27/03/2024,17/08/2024,24/08/2024,396.44,HYCZGU9,75 m² Appartement ∙ 1 chambre ∙ 7 personnes,Loèche-les-Bains - Valais
27/03/2024,24/08/2024,31/08/2024,396.44,HYCZGU9,75 m² Appartement ∙ 1 chambre ∙ 7 personnes,Loèche-les-Bains - Valais
27/03/2024,31/08/2024,07/09/2024,396.44,HYCZGU9,75 m² Appartement ∙ 1 chambre ∙ 7 personnes,Loèche-les-Bains - Valais
27/03/2024,14/09/2024,21/09/2024,396.44,HYCZGU9,75 m² Appartement ∙ 1 chambre ∙ 7 personnes,Loèche-les-Bains - Valais
27/03/2024,21/09/2024,28/09/2024,478.98,HYCZGU9,75 m² Appartement ∙ 1 chambre ∙ 7 personnes,Loèche-les-Bains - Valais
27/03/2024,28/09/2024,05/10/2024,478.98,HYCZGU9,75 m² Appartement ∙ 1 chambre ∙ 7 personnes,Loèche-les-Bains - Valais
27/03/2024,05/10/2024,12/10/2024,478.98,HYCZGU9,75 m² Appartement ∙ 1 chambre ∙ 7 personnes,Loèche-les-Bains - Valais
27/03/2024,12/10/2024,19/10/2024,396.44,HYCZGU9,75 m² Appartement ∙ 1 chambre ∙ 7 personnes,Loèche-les-Bains - Valais
27/03/2024,19/10/2024,26/10/2024,368.92,HYCZGU9,75 m² Appartement ∙ 1 chambre ∙ 7 personnes,Loèche-les-Bains - Valais
27/03/2024,26/10/2024,02/11/2024,368.92,HYCZGU9,75 m² Appartement ∙ 1 chambre ∙ 7 personnes,Loèche-les-Bains - Valais
27/03/2024,13/04/2024,20/04/2024,335.29,HX0HYMV,76 m² Appartement ∙ 2 chambres ∙ 6 personnes,Eischoll - Valais
27/03/2024,27/04/2024,04/05/2024,351.60,HX0HYMV,76 m² Appartement ∙ 2 chambres ∙ 6 personnes,Eischoll - Valais
27/03/2024,04/05/2024,11/05/2024,373.00,HX0HYMV,76 m² Appartement ∙ 2 chambres ∙ 6 personnes,Eischoll - Valais
27/03/2024,11/05/2024,18/05/2024,373.00,HX0HYMV,76 m² Appartement ∙ 2 chambres ∙ 6 personnes,Eischoll - Valais
27/03/2024,25/05/2024,01/06/2024,373.00,HX0HYMV,76 m² Appartement ∙ 2 chambres ∙ 6 personnes,Eischoll - Valais
27/03/2024,01/06/2024,08/06/2024,373.00,HX0HYMV,76 m² Appartement ∙ 2 chambres ∙ 6 personnes,Eischoll - Valais
27/03/2024,08/06/2024,15/06/2024,393.38,HX0HYMV,76 m² Appartement ∙ 2 chambres ∙ 6 personnes,Eischoll - Valais
27/03/2024,03/08/2024,10/08/2024,483.06,HX0HYMV,76 m² Appartement ∙ 2 chambres ∙ 6 personnes,Eischoll - Valais
27/03/2024,31/08/2024,07/09/2024,409.69,HX0HYMV,76 m² Appartement ∙ 2 chambres ∙ 6 personnes,Eischoll - Valais
27/03/2024,14/09/2024,21/09/2024,409.69,HX0HYMV,76 m² Appartement ∙ 2 chambres ∙ 6 personnes,Eischoll - Valais
27/03/2024,28/09/2024,05/10/2024,389.05,HX0HYMV,76 m² Appartement ∙ 2 chambres ∙ 6 personnes,Eischoll - Valais
27/03/2024,05/10/2024,12/10/2024,389.05,HX0HYMV,76 m² Appartement ∙ 2 chambres ∙ 6 personnes,Eischoll - Valais
27/03/2024,12/10/2024,19/10/2024,384.21,HX0HYMV,76 m² Appartement ∙ 2 chambres ∙ 6 personnes,Eischoll - Valais
27/03/2024,26/10/2024,02/11/2024,354.14,HX0HYMV,76 m² Appartement ∙ 2 chambres ∙ 6 personnes,Eischoll - Valais
27/03/2024,06/04/2024,13/04/2024,523.02,HUVDXG0,65 m² Maison de vacances ∙ 3 chambres ∙ 5 personnes,Hérémence - Valais
27/03/2024,13/04/2024,20/04/2024,523.02,HUVDXG0,65 m² Maison de vacances ∙ 3 chambres ∙ 5 personnes,Hérémence - Valais
27/03/2024,20/04/2024,27/04/2024,523.02,HUVDXG0,65 m² Maison de vacances ∙ 3 chambres ∙ 5 personnes,Hérémence - Valais
27/03/2024,27/04/2024,04/05/2024,523.02,HUVDXG0,65 m² Maison de vacances ∙ 3 chambres ∙ 5 personnes,Hérémence - Valais
27/03/2024,04/05/2024,11/05/2024,523.02,HUVDXG0,65 m² Maison de vacances ∙ 3 chambres ∙ 5 personnes,Hérémence - Valais
27/03/2024,11/05/2024,18/05/2024,523.02,HUVDXG0,65 m² Maison de vacances ∙ 3 chambres ∙ 5 personnes,Hérémence - Valais
27/03/2024,01/06/2024,08/06/2024,523.02,HUVDXG0,65 m² Maison de vacances ∙ 3 chambres ∙ 5 personnes,Hérémence - Valais
27/03/2024,08/06/2024,15/06/2024,523.02,HUVDXG0,65 m² Maison de vacances ∙ 3 chambres ∙ 5 personnes,Hérémence - Valais
27/03/2024,15/06/2024,22/06/2024,523.02,HUVDXG0,65 m² Maison de vacances ∙ 3 chambres ∙ 5 personnes,Hérémence - Valais
27/03/2024,22/06/2024,29/06/2024,523.02,HUVDXG0,65 m² Maison de vacances ∙ 3 chambres ∙ 5 personnes,Hérémence - Valais
27/03/2024,29/06/2024,06/07/2024,609.03,HUVDXG0,65 m² Maison de vacances ∙ 3 chambres ∙ 5 personnes,Hérémence - Valais
27/03/2024,20/07/2024,27/07/2024,609.03,HUVDXG0,65 m² Maison de vacances ∙ 3 chambres ∙ 5 personnes,Hérémence - Valais
27/03/2024,07/09/2024,14/09/2024,523.02,HUVDXG0,65 m² Maison de vacances ∙ 3 chambres ∙ 5 personnes,Hérémence - Valais
27/03/2024,14/09/2024,21/09/2024,523.02,HUVDXG0,65 m² Maison de vacances ∙ 3 chambres ∙ 5 personnes,Hérémence - Valais
27/03/2024,21/09/2024,28/09/2024,523.02,HUVDXG0,65 m² Maison de vacances ∙ 3 chambres ∙ 5 personnes,Hérémence - Valais
27/03/2024,28/09/2024,05/10/2024,523.02,HUVDXG0,65 m² Maison de vacances ∙ 3 chambres ∙ 5 personnes,Hérémence - Valais
27/03/2024,05/10/2024,12/10/2024,523.02,HUVDXG0,65 m² Maison de vacances ∙ 3 chambres ∙ 5 personnes,Hérémence - Valais
27/03/2024,12/10/2024,19/10/2024,523.02,HUVDXG0,65 m² Maison de vacances ∙ 3 chambres ∙ 5 personnes,Hérémence - Valais
27/03/2024,19/10/2024,26/10/2024,523.02,HUVDXG0,65 m² Maison de vacances ∙ 3 chambres ∙ 5 personnes,Hérémence - Valais
27/03/2024,26/10/2024,02/11/2024,523.02,HUVDXG0,65 m² Maison de vacances ∙ 3 chambres ∙ 5 personnes,Hérémence - Valais
27/03/2024,27/04/2024,04/05/2024,605.87,H2UKYZS,90 m² Maison de vacances ∙ 3 chambres ∙ 6 personnes,Unterbäch - Valais
27/03/2024,11/05/2024,18/05/2024,605.87,H2UKYZS,90 m² Maison de vacances ∙ 3 chambres ∙ 6 personnes,Unterbäch - Valais
27/03/2024,10/08/2024,17/08/2024,895.90,H2UKYZS,90 m² Maison de vacances ∙ 3 chambres ∙ 6 personnes,Unterbäch - Valais
27/03/2024,21/09/2024,28/09/2024,620.37,H2UKYZS,90 m² Maison de vacances ∙ 3 chambres ∙ 6 personnes,Unterbäch - Valais
27/03/2024,28/09/2024,05/10/2024,605.87,H2UKYZS,90 m² Maison de vacances ∙ 3 chambres ∙ 6 personnes,Unterbäch - Valais
27/03/2024,05/10/2024,12/10/2024,605.87,H2UKYZS,90 m² Maison de vacances ∙ 3 chambres ∙ 6 personnes,Unterbäch - Valais
27/03/2024,19/10/2024,26/10/2024,605.87,H2UKYZS,90 m² Maison de vacances ∙ 3 chambres ∙ 6 personnes,Unterbäch - Valais
27/03/2024,26/10/2024,02/11/2024,605.87,H2UKYZS,90 m² Maison de vacances ∙ 3 chambres ∙ 6 personnes,Unterbäch - Valais
27/03/2024,25/05/2024,01/06/2024,861.10,HVGJZ2T,55 m² Maison de vacances ∙ 2 chambres ∙ 6 personnes,Termen - Valais
27/03/2024,01/06/2024,08/06/2024,861.10,HVGJZ2T,55 m² Maison de vacances ∙ 2 chambres ∙ 6 personnes,Termen - Valais
27/03/2024,08/06/2024,15/06/2024,861.10,HVGJZ2T,55 m² Maison de vacances ∙ 2 chambres ∙ 6 personnes,Termen - Valais
27/03/2024,15/06/2024,22/06/2024,861.10,HVGJZ2T,55 m² Maison de vacances ∙ 2 chambres ∙ 6 personnes,Termen - Valais
27/03/2024,07/09/2024,14/09/2024,861.10,HVGJZ2T,55 m² Maison de vacances ∙ 2 chambres ∙ 6 personnes,Termen - Valais
27/03/2024,28/09/2024,05/10/2024,861.10,HVGJZ2T,55 m² Maison de vacances ∙ 2 chambres ∙ 6 personnes,Termen - Valais
27/03/2024,13/04/2024,20/04/2024,515.43,H9W8RTF,95 m² Maison de vacances ∙ 4 chambres ∙ 8 personnes,Val-d'Illiez - Valais
27/03/2024,20/04/2024,27/04/2024,515.43,H9W8RTF,95 m² Maison de vacances ∙ 4 chambres ∙ 8 personnes,Val-d'Illiez - Valais
27/03/2024,01/06/2024,08/06/2024,515.43,H9W8RTF,95 m² Maison de vacances ∙ 4 chambres ∙ 8 personnes,Val-d'Illiez - Valais
27/03/2024,08/06/2024,15/06/2024,515.43,H9W8RTF,95 m² Maison de vacances ∙ 4 chambres ∙ 8 personnes,Val-d'Illiez - Valais
27/03/2024,10/08/2024,17/08/2024,880.01,H9W8RTF,95 m² Maison de vacances ∙ 4 chambres ∙ 8 personnes,Val-d'Illiez - Valais
27/03/2024,21/09/2024,28/09/2024,515.43,H9W8RTF,95 m² Maison de vacances ∙ 4 chambres ∙ 8 personnes,Val-d'Illiez - Valais
27/03/2024,28/09/2024,05/10/2024,515.43,H9W8RTF,95 m² Maison de vacances ∙ 4 chambres ∙ 8 personnes,Val-d'Illiez - Valais
27/03/2024,05/10/2024,12/10/2024,515.43,H9W8RTF,95 m² Maison de vacances ∙ 4 chambres ∙ 8 personnes,Val-d'Illiez - Valais
27/03/2024,19/10/2024,26/10/2024,515.43,H9W8RTF,95 m² Maison de vacances ∙ 4 chambres ∙ 8 personnes,Val-d'Illiez - Valais
27/03/2024,26/10/2024,02/11/2024,515.43,H9W8RTF,95 m² Maison de vacances ∙ 4 chambres ∙ 8 personnes,Val-d'Illiez - Valais
27/03/2024,06/04/2024,13/04/2024,714.18,HB92GWK,Maison de vacances ∙ 4 chambres ∙ 8 personnes,Wiler (Lötschen) - Valais
27/03/2024,13/04/2024,20/04/2024,714.18,HB92GWK,Maison de vacances ∙ 4 chambres ∙ 8 personnes,Wiler (Lötschen) - Valais
27/03/2024,20/04/2024,27/04/2024,714.18,HB92GWK,Maison de vacances ∙ 4 chambres ∙ 8 personnes,Wiler (Lötschen) - Valais
27/03/2024,27/04/2024,04/05/2024,714.18,HB92GWK,Maison de vacances ∙ 4 chambres ∙ 8 personnes,Wiler (Lötschen) - Valais
27/03/2024,04/05/2024,11/05/2024,714.18,HB92GWK,Maison de vacances ∙ 4 chambres ∙ 8 personnes,Wiler (Lötschen) - Valais
27/03/2024,11/05/2024,18/05/2024,714.18,HB92GWK,Maison de vacances ∙ 4 chambres ∙ 8 personnes,Wiler (Lötschen) - Valais
27/03/2024,18/05/2024,25/05/2024,714.18,HB92GWK,Maison de vacances ∙ 4 chambres ∙ 8 personnes,Wiler (Lötschen) - Valais
27/03/2024,25/05/2024,01/06/2024,714.18,HB92GWK,Maison de vacances ∙ 4 chambres ∙ 8 personnes,Wiler (Lötschen) - Valais
27/03/2024,01/06/2024,08/06/2024,714.18,HB92GWK,Maison de vacances ∙ 4 chambres ∙ 8 personnes,Wiler (Lötschen) - Valais
27/03/2024,22/06/2024,29/06/2024,999.85,HB92GWK,Maison de vacances ∙ 4 chambres ∙ 8 personnes,Wiler (Lötschen) - Valais
27/03/2024,29/06/2024,06/07/2024,1071.27,HB92GWK,Maison de vacances ∙ 4 chambres ∙ 8 personnes,Wiler (Lötschen) - Valais
27/03/2024,13/07/2024,20/07/2024,1071.27,HB92GWK,Maison de vacances ∙ 4 chambres ∙ 8 personnes,Wiler (Lötschen) - Valais
27/03/2024,20/07/2024,27/07/2024,1071.27,HB92GWK,Maison de vacances ∙ 4 chambres ∙ 8 personnes,Wiler (Lötschen) - Valais
27/03/2024,27/07/2024,03/08/2024,1071.27,HB92GWK,Maison de vacances ∙ 4 chambres ∙ 8 personnes,Wiler (Lötschen) - Valais
27/03/2024,17/08/2024,24/08/2024,1071.27,HB92GWK,Maison de vacances ∙ 4 chambres ∙ 8 personnes,Wiler (Lötschen) - Valais
27/03/2024,24/08/2024,31/08/2024,1071.27,HB92GWK,Maison de vacances ∙ 4 chambres ∙ 8 personnes,Wiler (Lötschen) - Valais
27/03/2024,31/08/2024,07/09/2024,1214.11,HB92GWK,Maison de vacances ∙ 4 chambres ∙ 8 personnes,Wiler (Lötschen) - Valais
27/03/2024,21/09/2024,28/09/2024,714.18,HB92GWK,Maison de vacances ∙ 4 chambres ∙ 8 personnes,Wiler (Lötschen) - Valais
27/03/2024,28/09/2024,05/10/2024,714.18,HB92GWK,Maison de vacances ∙ 4 chambres ∙ 8 personnes,Wiler (Lötschen) - Valais
27/03/2024,05/10/2024,12/10/2024,779.48,HB92GWK,Maison de vacances ∙ 4 chambres ∙ 8 personnes,Wiler (Lötschen) - Valais
27/03/2024,27/04/2024,04/05/2024,1495.71,HHZKUCL,106 m² Appartement ∙ 2 chambres ∙ 4 personnes,Zermatt - Valais
27/03/2024,04/05/2024,11/05/2024,1495.71,HHZKUCL,106 m² Appartement ∙ 2 chambres ∙ 4 personnes,Zermatt - Valais
27/03/2024,11/05/2024,18/05/2024,1495.71,HHZKUCL,106 m² Appartement ∙ 2 chambres ∙ 4 personnes,Zermatt - Valais
27/03/2024,18/05/2024,25/05/2024,1495.71,HHZKUCL,106 m² Appartement ∙ 2 chambres ∙ 4 personnes,Zermatt - Valais
27/03/2024,25/05/2024,01/06/2024,1495.71,HHZKUCL,106 m² Appartement ∙ 2 chambres ∙ 4 personnes,Zermatt - Valais
27/03/2024,31/08/2024,07/09/2024,2269.06,HHZKUCL,106 m² Appartement ∙ 2 chambres ∙ 4 personnes,Zermatt - Valais
27/03/2024,07/09/2024,14/09/2024,2269.06,HHZKUCL,106 m² Appartement ∙ 2 chambres ∙ 4 personnes,Zermatt - Valais
27/03/2024,14/09/2024,21/09/2024,1495.71,HHZKUCL,106 m² Appartement ∙ 2 chambres ∙ 4 personnes,Zermatt - Valais
27/03/2024,21/09/2024,28/09/2024,1495.71,HHZKUCL,106 m² Appartement ∙ 2 chambres ∙ 4 personnes,Zermatt - Valais
27/03/2024,05/10/2024,12/10/2024,1495.71,HHZKUCL,106 m² Appartement ∙ 2 chambres ∙ 4 personnes,Zermatt - Valais
27/03/2024,12/10/2024,19/10/2024,1495.71,HHZKUCL,106 m² Appartement ∙ 2 chambres ∙ 4 personnes,Zermatt - Valais
27/03/2024,19/10/2024,26/10/2024,1495.71,HHZKUCL,106 m² Appartement ∙ 2 chambres ∙ 4 personnes,Zermatt - Valais
27/03/2024,26/10/2024,02/11/2024,1495.71,HHZKUCL,106 m² Appartement ∙ 2 chambres ∙ 4 personnes,Zermatt - Valais
27/03/2024,30/03/2024,06/04/2024,878.45,HNRUWBE,80 m² Maison de vacances ∙ 3 chambres ∙ 5 personnes,Orsières - Valais
27/03/2024,13/04/2024,20/04/2024,878.45,HNRUWBE,80 m² Maison de vacances ∙ 3 chambres ∙ 5 personnes,Orsières - Valais
27/03/2024,20/04/2024,27/04/2024,878.45,HNRUWBE,80 m² Maison de vacances ∙ 3 chambres ∙ 5 personnes,Orsières - Valais
27/03/2024,24/08/2024,31/08/2024,951.91,HNRUWBE,80 m² Maison de vacances ∙ 3 chambres ∙ 5 personnes,Orsières - Valais
27/03/2024,06/04/2024,13/04/2024,846.81,HHT6YEJ,60 m² Appartement ∙ 1 chambre ∙ 4 personnes,Veysonnaz - Valais
27/03/2024,13/04/2024,20/04/2024,846.81,HHT6YEJ,60 m² Appartement ∙ 1 chambre ∙ 4 personnes,Veysonnaz - Valais
27/03/2024,20/04/2024,27/04/2024,846.81,HHT6YEJ,60 m² Appartement ∙ 1 chambre ∙ 4 personnes,Veysonnaz - Valais
27/03/2024,01/06/2024,08/06/2024,551.96,HHT6YEJ,60 m² Appartement ∙ 1 chambre ∙ 4 personnes,Veysonnaz - Valais
27/03/2024,08/06/2024,15/06/2024,551.96,HHT6YEJ,60 m² Appartement ∙ 1 chambre ∙ 4 personnes,Veysonnaz - Valais
27/03/2024,15/06/2024,22/06/2024,551.96,HHT6YEJ,60 m² Appartement ∙ 1 chambre ∙ 4 personnes,Veysonnaz - Valais
27/03/2024,06/07/2024,13/07/2024,610.12,HHT6YEJ,60 m² Appartement ∙ 1 chambre ∙ 4 personnes,Veysonnaz - Valais
27/03/2024,13/07/2024,20/07/2024,610.12,HHT6YEJ,60 m² Appartement ∙ 1 chambre ∙ 4 personnes,Veysonnaz - Valais
27/03/2024,10/08/2024,17/08/2024,610.12,HHT6YEJ,60 m² Appartement ∙ 1 chambre ∙ 4 personnes,Veysonnaz - Valais
27/03/2024,17/08/2024,24/08/2024,610.12,HHT6YEJ,60 m² Appartement ∙ 1 chambre ∙ 4 personnes,Veysonnaz - Valais
27/03/2024,07/09/2024,14/09/2024,515.23,HHT6YEJ,60 m² Appartement ∙ 1 chambre ∙ 4 personnes,Veysonnaz - Valais
27/03/2024,14/09/2024,21/09/2024,515.23,HHT6YEJ,60 m² Appartement ∙ 1 chambre ∙ 4 personnes,Veysonnaz - Valais
27/03/2024,21/09/2024,28/09/2024,515.23,HHT6YEJ,60 m² Appartement ∙ 1 chambre ∙ 4 personnes,Veysonnaz - Valais
27/03/2024,28/09/2024,05/10/2024,515.23,HHT6YEJ,60 m² Appartement ∙ 1 chambre ∙ 4 personnes,Veysonnaz - Valais
27/03/2024,05/10/2024,12/10/2024,515.23,HHT6YEJ,60 m² Appartement ∙ 1 chambre ∙ 4 personnes,Veysonnaz - Valais
27/03/2024,12/10/2024,19/10/2024,515.23,HHT6YEJ,60 m² Appartement ∙ 1 chambre ∙ 4 personnes,Veysonnaz - Valais
27/03/2024,19/10/2024,26/10/2024,515.23,HHT6YEJ,60 m² Appartement ∙ 1 chambre ∙ 4 personnes,Veysonnaz - Valais
27/03/2024,26/10/2024,02/11/2024,515.23,HHT6YEJ,60 m² Appartement ∙ 1 chambre ∙ 4 personnes,Veysonnaz - Valais
27/03/2024,30/03/2024,06/04/2024,1682.41,HPEG8RS,120 m² Maison de vacances ∙ 3 chambres ∙ 6 personnes,Finhaut - Valais
27/03/2024,06/04/2024,13/04/2024,1682.41,HPEG8RS,120 m² Maison de vacances ∙ 3 chambres ∙ 6 personnes,Finhaut - Valais
27/03/2024,13/04/2024,20/04/2024,1682.41,HPEG8RS,120 m² Maison de vacances ∙ 3 chambres ∙ 6 personnes,Finhaut - Valais
27/03/2024,20/04/2024,27/04/2024,1682.41,HPEG8RS,120 m² Maison de vacances ∙ 3 chambres ∙ 6 personnes,Finhaut - Valais
27/03/2024,27/04/2024,04/05/2024,1682.41,HPEG8RS,120 m² Maison de vacances ∙ 3 chambres ∙ 6 personnes,Finhaut - Valais
27/03/2024,04/05/2024,11/05/2024,1682.41,HPEG8RS,120 m² Maison de vacances ∙ 3 chambres ∙ 6 personnes,Finhaut - Valais
27/03/2024,11/05/2024,18/05/2024,1682.41,HPEG8RS,120 m² Maison de vacances ∙ 3 chambres ∙ 6 personnes,Finhaut - Valais
27/03/2024,18/05/2024,25/05/2024,1682.41,HPEG8RS,120 m² Maison de vacances ∙ 3 chambres ∙ 6 personnes,Finhaut - Valais
27/03/2024,25/05/2024,01/06/2024,1682.41,HPEG8RS,120 m² Maison de vacances ∙ 3 chambres ∙ 6 personnes,Finhaut - Valais
27/03/2024,01/06/2024,08/06/2024,1682.41,HPEG8RS,120 m² Maison de vacances ∙ 3 chambres ∙ 6 personnes,Finhaut - Valais
27/03/2024,08/06/2024,15/06/2024,1682.41,HPEG8RS,120 m² Maison de vacances ∙ 3 chambres ∙ 6 personnes,Finhaut - Valais
27/03/2024,15/06/2024,22/06/2024,1682.41,HPEG8RS,120 m² Maison de vacances ∙ 3 chambres ∙ 6 personnes,Finhaut - Valais
27/03/2024,22/06/2024,29/06/2024,1682.41,HPEG8RS,120 m² Maison de vacances ∙ 3 chambres ∙ 6 personnes,Finhaut - Valais
27/03/2024,29/06/2024,06/07/2024,1682.41,HPEG8RS,120 m² Maison de vacances ∙ 3 chambres ∙ 6 personnes,Finhaut - Valais
27/03/2024,06/07/2024,13/07/2024,1682.41,HPEG8RS,120 m² Maison de vacances ∙ 3 chambres ∙ 6 personnes,Finhaut - Valais
27/03/2024,13/07/2024,20/07/2024,1682.41,HPEG8RS,120 m² Maison de vacances ∙ 3 chambres ∙ 6 personnes,Finhaut - Valais
27/03/2024,03/08/2024,10/08/2024,1682.41,HPEG8RS,120 m² Maison de vacances ∙ 3 chambres ∙ 6 personnes,Finhaut - Valais
27/03/2024,24/08/2024,31/08/2024,1682.41,HPEG8RS,120 m² Maison de vacances ∙ 3 chambres ∙ 6 personnes,Finhaut - Valais
27/03/2024,31/08/2024,07/09/2024,1682.41,HPEG8RS,120 m² Maison de vacances ∙ 3 chambres ∙ 6 personnes,Finhaut - Valais
27/03/2024,07/09/2024,14/09/2024,1682.41,HPEG8RS,120 m² Maison de vacances ∙ 3 chambres ∙ 6 personnes,Finhaut - Valais
27/03/2024,14/09/2024,21/09/2024,1682.41,HPEG8RS,120 m² Maison de vacances ∙ 3 chambres ∙ 6 personnes,Finhaut - Valais
27/03/2024,21/09/2024,28/09/2024,1682.41,HPEG8RS,120 m² Maison de vacances ∙ 3 chambres ∙ 6 personnes,Finhaut - Valais
27/03/2024,28/09/2024,05/10/2024,1682.41,HPEG8RS,120 m² Maison de vacances ∙ 3 chambres ∙ 6 personnes,Finhaut - Valais
27/03/2024,05/10/2024,12/10/2024,1682.41,HPEG8RS,120 m² Maison de vacances ∙ 3 chambres ∙ 6 personnes,Finhaut - Valais
27/03/2024,12/10/2024,19/10/2024,1682.41,HPEG8RS,120 m² Maison de vacances ∙ 3 chambres ∙ 6 personnes,Finhaut - Valais
27/03/2024,19/10/2024,26/10/2024,1682.41,HPEG8RS,120 m² Maison de vacances ∙ 3 chambres ∙ 6 personnes,Finhaut - Valais
27/03/2024,26/10/2024,02/11/2024,1682.41,HPEG8RS,120 m² Maison de vacances ∙ 3 chambres ∙ 6 personnes,Finhaut - Valais
27/03/2024,06/04/2024,13/04/2024,808.05,HTJ0USD,34 m² Village vacances ∙ 1 chambre ∙ 4 personnes,Zinal - Ayer - Valais
27/03/2024,18/05/2024,25/05/2024,456.06,HTJ0USD,34 m² Village vacances ∙ 1 chambre ∙ 4 personnes,Zinal - Ayer - Valais
27/03/2024,25/05/2024,01/06/2024,456.06,HTJ0USD,34 m² Village vacances ∙ 1 chambre ∙ 4 personnes,Zinal - Ayer - Valais
27/03/2024,01/06/2024,08/06/2024,456.06,HTJ0USD,34 m² Village vacances ∙ 1 chambre ∙ 4 personnes,Zinal - Ayer - Valais
27/03/2024,08/06/2024,15/06/2024,456.06,HTJ0USD,34 m² Village vacances ∙ 1 chambre ∙ 4 personnes,Zinal - Ayer - Valais
27/03/2024,15/06/2024,22/06/2024,593.79,HTJ0USD,34 m² Village vacances ∙ 1 chambre ∙ 4 personnes,Zinal - Ayer - Valais
27/03/2024,22/06/2024,29/06/2024,593.79,HTJ0USD,34 m² Village vacances ∙ 1 chambre ∙ 4 personnes,Zinal - Ayer - Valais
27/03/2024,29/06/2024,06/07/2024,737.65,HTJ0USD,34 m² Village vacances ∙ 1 chambre ∙ 4 personnes,Zinal - Ayer - Valais
27/03/2024,06/07/2024,13/07/2024,1114.12,HTJ0USD,34 m² Village vacances ∙ 1 chambre ∙ 4 personnes,Zinal - Ayer - Valais
27/03/2024,13/07/2024,20/07/2024,1232.47,HTJ0USD,34 m² Village vacances ∙ 1 chambre ∙ 4 personnes,Zinal - Ayer - Valais
27/03/2024,20/07/2024,27/07/2024,1232.47,HTJ0USD,34 m² Village vacances ∙ 1 chambre ∙ 4 personnes,Zinal - Ayer - Valais
27/03/2024,27/07/2024,03/08/2024,1114.12,HTJ0USD,34 m² Village vacances ∙ 1 chambre ∙ 4 personnes,Zinal - Ayer - Valais
27/03/2024,10/08/2024,17/08/2024,913.13,HTJ0USD,34 m² Village vacances ∙ 1 chambre ∙ 4 personnes,Zinal - Ayer - Valais
27/03/2024,17/08/2024,24/08/2024,735.61,HTJ0USD,34 m² Village vacances ∙ 1 chambre ∙ 4 personnes,Zinal - Ayer - Valais
27/03/2024,24/08/2024,31/08/2024,512.17,HTJ0USD,34 m² Village vacances ∙ 1 chambre ∙ 4 personnes,Zinal - Ayer - Valais
27/03/2024,31/08/2024,07/09/2024,512.17,HTJ0USD,34 m² Village vacances ∙ 1 chambre ∙ 4 personnes,Zinal - Ayer - Valais
27/03/2024,07/09/2024,14/09/2024,512.17,HTJ0USD,34 m² Village vacances ∙ 1 chambre ∙ 4 personnes,Zinal - Ayer - Valais
27/03/2024,14/09/2024,21/09/2024,512.17,HTJ0USD,34 m² Village vacances ∙ 1 chambre ∙ 4 personnes,Zinal - Ayer - Valais
27/03/2024,21/09/2024,28/09/2024,512.17,HTJ0USD,34 m² Village vacances ∙ 1 chambre ∙ 4 personnes,Zinal - Ayer - Valais
27/03/2024,28/09/2024,05/10/2024,512.17,HTJ0USD,34 m² Village vacances ∙ 1 chambre ∙ 4 personnes,Zinal - Ayer - Valais
27/03/2024,05/10/2024,12/10/2024,735.61,HTJ0USD,34 m² Village vacances ∙ 1 chambre ∙ 4 personnes,Zinal - Ayer - Valais
27/03/2024,12/10/2024,19/10/2024,735.61,HTJ0USD,34 m² Village vacances ∙ 1 chambre ∙ 4 personnes,Zinal - Ayer - Valais
27/03/2024,19/10/2024,26/10/2024,512.17,HTJ0USD,34 m² Village vacances ∙ 1 chambre ∙ 4 personnes,Zinal - Ayer - Valais
27/03/2024,06/04/2024,13/04/2024,769.28,HHU46XN,37 m² Village vacances ∙ 1 chambre ∙ 4 personnes,Vercorin - Valais
27/03/2024,25/05/2024,01/06/2024,342.12,HHU46XN,37 m² Village vacances ∙ 1 chambre ∙ 4 personnes,Vercorin - Valais
27/03/2024,01/06/2024,08/06/2024,342.12,HHU46XN,37 m² Village vacances ∙ 1 chambre ∙ 4 personnes,Vercorin - Valais
27/03/2024,08/06/2024,15/06/2024,342.12,HHU46XN,37 m² Village vacances ∙ 1 chambre ∙ 4 personnes,Vercorin - Valais
27/03/2024,15/06/2024,22/06/2024,342.12,HHU46XN,37 m² Village vacances ∙ 1 chambre ∙ 4 personnes,Vercorin - Valais
27/03/2024,22/06/2024,29/06/2024,504.51,HHU46XN,37 m² Village vacances ∙ 1 chambre ∙ 4 personnes,Vercorin - Valais
27/03/2024,29/06/2024,06/07/2024,666.89,HHU46XN,37 m² Village vacances ∙ 1 chambre ∙ 4 personnes,Vercorin - Valais
27/03/2024,06/07/2024,13/07/2024,1055.99,HHU46XN,37 m² Village vacances ∙ 1 chambre ∙ 4 personnes,Vercorin - Valais
27/03/2024,13/07/2024,20/07/2024,1196.93,HHU46XN,37 m² Village vacances ∙ 1 chambre ∙ 4 personnes,Vercorin - Valais
27/03/2024,20/07/2024,27/07/2024,1196.93,HHU46XN,37 m² Village vacances ∙ 1 chambre ∙ 4 personnes,Vercorin - Valais
27/03/2024,27/07/2024,03/08/2024,1055.99,HHU46XN,37 m² Village vacances ∙ 1 chambre ∙ 4 personnes,Vercorin - Valais
27/03/2024,03/08/2024,10/08/2024,1055.99,HHU46XN,37 m² Village vacances ∙ 1 chambre ∙ 4 personnes,Vercorin - Valais
27/03/2024,10/08/2024,17/08/2024,825.18,HHU46XN,37 m² Village vacances ∙ 1 chambre ∙ 4 personnes,Vercorin - Valais
27/03/2024,17/08/2024,24/08/2024,625.02,HHU46XN,37 m² Village vacances ∙ 1 chambre ∙ 4 personnes,Vercorin - Valais
27/03/2024,24/08/2024,31/08/2024,423.83,HHU46XN,37 m² Village vacances ∙ 1 chambre ∙ 4 personnes,Vercorin - Valais
27/03/2024,31/08/2024,07/09/2024,423.83,HHU46XN,37 m² Village vacances ∙ 1 chambre ∙ 4 personnes,Vercorin - Valais
27/03/2024,07/09/2024,14/09/2024,423.83,HHU46XN,37 m² Village vacances ∙ 1 chambre ∙ 4 personnes,Vercorin - Valais
27/03/2024,14/09/2024,21/09/2024,423.83,HHU46XN,37 m² Village vacances ∙ 1 chambre ∙ 4 personnes,Vercorin - Valais
27/03/2024,21/09/2024,28/09/2024,625.02,HHU46XN,37 m² Village vacances ∙ 1 chambre ∙ 4 personnes,Vercorin - Valais
27/03/2024,28/09/2024,05/10/2024,423.83,HHU46XN,37 m² Village vacances ∙ 1 chambre ∙ 4 personnes,Vercorin - Valais
27/03/2024,05/10/2024,12/10/2024,625.02,HHU46XN,37 m² Village vacances ∙ 1 chambre ∙ 4 personnes,Vercorin - Valais
27/03/2024,12/10/2024,19/10/2024,423.83,HHU46XN,37 m² Village vacances ∙ 1 chambre ∙ 4 personnes,Vercorin - Valais
27/03/2024,19/10/2024,26/10/2024,423.83,HHU46XN,37 m² Village vacances ∙ 1 chambre ∙ 4 personnes,Vercorin - Valais
27/03/2024,06/04/2024,13/04/2024,927.31,HXUSNPA,50 m² Maison de vacances ∙ 2 chambres ∙ 6 personnes,Simplon - Valais
27/03/2024,13/04/2024,20/04/2024,927.31,HXUSNPA,50 m² Maison de vacances ∙ 2 chambres ∙ 6 personnes,Simplon - Valais
27/03/2024,20/04/2024,27/04/2024,927.31,HXUSNPA,50 m² Maison de vacances ∙ 2 chambres ∙ 6 personnes,Simplon - Valais
27/03/2024,27/04/2024,04/05/2024,927.31,HXUSNPA,50 m² Maison de vacances ∙ 2 chambres ∙ 6 personnes,Simplon - Valais
27/03/2024,11/05/2024,18/05/2024,927.31,HXUSNPA,50 m² Maison de vacances ∙ 2 chambres ∙ 6 personnes,Simplon - Valais
27/03/2024,18/05/2024,25/05/2024,927.31,HXUSNPA,50 m² Maison de vacances ∙ 2 chambres ∙ 6 personnes,Simplon - Valais
27/03/2024,01/06/2024,08/06/2024,927.31,HXUSNPA,50 m² Maison de vacances ∙ 2 chambres ∙ 6 personnes,Simplon - Valais
27/03/2024,29/06/2024,06/07/2024,927.31,HXUSNPA,50 m² Maison de vacances ∙ 2 chambres ∙ 6 personnes,Simplon - Valais
27/03/2024,06/07/2024,13/07/2024,927.31,HXUSNPA,50 m² Maison de vacances ∙ 2 chambres ∙ 6 personnes,Simplon - Valais
27/03/2024,06/04/2024,13/04/2024,1541.09,HNRH8DZ,125 m² Maison de vacances ∙ 3 chambres ∙ 6 personnes,Saint-Luc - Valais
27/03/2024,13/04/2024,20/04/2024,1541.09,HNRH8DZ,125 m² Maison de vacances ∙ 3 chambres ∙ 6 personnes,Saint-Luc - Valais
27/03/2024,04/05/2024,11/05/2024,1110.12,HNRH8DZ,125 m² Maison de vacances ∙ 3 chambres ∙ 6 personnes,Saint-Luc - Valais
27/03/2024,11/05/2024,18/05/2024,1110.12,HNRH8DZ,125 m² Maison de vacances ∙ 3 chambres ∙ 6 personnes,Saint-Luc - Valais
27/03/2024,18/05/2024,25/05/2024,1110.12,HNRH8DZ,125 m² Maison de vacances ∙ 3 chambres ∙ 6 personnes,Saint-Luc - Valais
27/03/2024,25/05/2024,01/06/2024,1110.12,HNRH8DZ,125 m² Maison de vacances ∙ 3 chambres ∙ 6 personnes,Saint-Luc - Valais
27/03/2024,01/06/2024,08/06/2024,1110.12,HNRH8DZ,125 m² Maison de vacances ∙ 3 chambres ∙ 6 personnes,Saint-Luc - Valais
27/03/2024,08/06/2024,15/06/2024,1110.12,HNRH8DZ,125 m² Maison de vacances ∙ 3 chambres ∙ 6 personnes,Saint-Luc - Valais
27/03/2024,15/06/2024,22/06/2024,1110.12,HNRH8DZ,125 m² Maison de vacances ∙ 3 chambres ∙ 6 personnes,Saint-Luc - Valais
27/03/2024,22/06/2024,29/06/2024,1110.12,HNRH8DZ,125 m² Maison de vacances ∙ 3 chambres ∙ 6 personnes,Saint-Luc - Valais
27/03/2024,03/08/2024,10/08/2024,1541.09,HNRH8DZ,125 m² Maison de vacances ∙ 3 chambres ∙ 6 personnes,Saint-Luc - Valais
27/03/2024,10/08/2024,17/08/2024,1541.09,HNRH8DZ,125 m² Maison de vacances ∙ 3 chambres ∙ 6 personnes,Saint-Luc - Valais
27/03/2024,17/08/2024,24/08/2024,1541.09,HNRH8DZ,125 m² Maison de vacances ∙ 3 chambres ∙ 6 personnes,Saint-Luc - Valais
27/03/2024,24/08/2024,31/08/2024,1541.09,HNRH8DZ,125 m² Maison de vacances ∙ 3 chambres ∙ 6 personnes,Saint-Luc - Valais
27/03/2024,31/08/2024,07/09/2024,1541.09,HNRH8DZ,125 m² Maison de vacances ∙ 3 chambres ∙ 6 personnes,Saint-Luc - Valais
27/03/2024,07/09/2024,14/09/2024,1541.09,HNRH8DZ,125 m² Maison de vacances ∙ 3 chambres ∙ 6 personnes,Saint-Luc - Valais
27/03/2024,14/09/2024,21/09/2024,1541.09,HNRH8DZ,125 m² Maison de vacances ∙ 3 chambres ∙ 6 personnes,Saint-Luc - Valais
27/03/2024,21/09/2024,28/09/2024,1541.09,HNRH8DZ,125 m² Maison de vacances ∙ 3 chambres ∙ 6 personnes,Saint-Luc - Valais
27/03/2024,28/09/2024,05/10/2024,1110.12,HNRH8DZ,125 m² Maison de vacances ∙ 3 chambres ∙ 6 personnes,Saint-Luc - Valais
27/03/2024,05/10/2024,12/10/2024,1110.12,HNRH8DZ,125 m² Maison de vacances ∙ 3 chambres ∙ 6 personnes,Saint-Luc - Valais
27/03/2024,12/10/2024,19/10/2024,1110.12,HNRH8DZ,125 m² Maison de vacances ∙ 3 chambres ∙ 6 personnes,Saint-Luc - Valais
27/03/2024,19/10/2024,26/10/2024,1110.12,HNRH8DZ,125 m² Maison de vacances ∙ 3 chambres ∙ 6 personnes,Saint-Luc - Valais
27/03/2024,26/10/2024,02/11/2024,1110.12,HNRH8DZ,125 m² Maison de vacances ∙ 3 chambres ∙ 6 personnes,Saint-Luc - Valais
27/03/2024,30/03/2024,06/04/2024,1412.41,HZEXWLS,33 m² Appartement ∙ 2 chambres ∙ 4 personnes,Riederalp - Valais
27/03/2024,06/04/2024,13/04/2024,1412.41,HZEXWLS,33 m² Appartement ∙ 2 chambres ∙ 4 personnes,Riederalp - Valais
27/03/2024,13/04/2024,20/04/2024,1412.41,HZEXWLS,33 m² Appartement ∙ 2 chambres ∙ 4 personnes,Riederalp - Valais
27/03/2024,20/04/2024,27/04/2024,953.86,HZEXWLS,33 m² Appartement ∙ 2 chambres ∙ 4 personnes,Riederalp - Valais
27/03/2024,25/05/2024,01/06/2024,607.86,HZEXWLS,33 m² Appartement ∙ 2 chambres ∙ 4 personnes,Riederalp - Valais
27/03/2024,01/06/2024,08/06/2024,607.86,HZEXWLS,33 m² Appartement ∙ 2 chambres ∙ 4 personnes,Riederalp - Valais
27/03/2024,08/06/2024,15/06/2024,607.86,HZEXWLS,33 m² Appartement ∙ 2 chambres ∙ 4 personnes,Riederalp - Valais
27/03/2024,15/06/2024,22/06/2024,1068.25,HZEXWLS,33 m² Appartement ∙ 2 chambres ∙ 4 personnes,Riederalp - Valais
27/03/2024,22/06/2024,29/06/2024,1068.25,HZEXWLS,33 m² Appartement ∙ 2 chambres ∙ 4 personnes,Riederalp - Valais
27/03/2024,29/06/2024,06/07/2024,1068.25,HZEXWLS,33 m² Appartement ∙ 2 chambres ∙ 4 personnes,Riederalp - Valais
27/03/2024,06/07/2024,13/07/2024,1068.25,HZEXWLS,33 m² Appartement ∙ 2 chambres ∙ 4 personnes,Riederalp - Valais
27/03/2024,13/07/2024,20/07/2024,1068.25,HZEXWLS,33 m² Appartement ∙ 2 chambres ∙ 4 personnes,Riederalp - Valais
27/03/2024,27/07/2024,03/08/2024,1167.31,HZEXWLS,33 m² Appartement ∙ 2 chambres ∙ 4 personnes,Riederalp - Valais
27/03/2024,03/08/2024,10/08/2024,1167.31,HZEXWLS,33 m² Appartement ∙ 2 chambres ∙ 4 personnes,Riederalp - Valais
27/03/2024,10/08/2024,17/08/2024,1167.31,HZEXWLS,33 m² Appartement ∙ 2 chambres ∙ 4 personnes,Riederalp - Valais
27/03/2024,17/08/2024,24/08/2024,1167.31,HZEXWLS,33 m² Appartement ∙ 2 chambres ∙ 4 personnes,Riederalp - Valais
27/03/2024,24/08/2024,31/08/2024,1167.31,HZEXWLS,33 m² Appartement ∙ 2 chambres ∙ 4 personnes,Riederalp - Valais
27/03/2024,07/09/2024,14/09/2024,666.07,HZEXWLS,33 m² Appartement ∙ 2 chambres ∙ 4 personnes,Riederalp - Valais
27/03/2024,14/09/2024,21/09/2024,666.07,HZEXWLS,33 m² Appartement ∙ 2 chambres ∙ 4 personnes,Riederalp - Valais
27/03/2024,21/09/2024,28/09/2024,666.07,HZEXWLS,33 m² Appartement ∙ 2 chambres ∙ 4 personnes,Riederalp - Valais
27/03/2024,28/09/2024,05/10/2024,964.08,HZEXWLS,33 m² Appartement ∙ 2 chambres ∙ 4 personnes,Riederalp - Valais
27/03/2024,05/10/2024,12/10/2024,964.08,HZEXWLS,33 m² Appartement ∙ 2 chambres ∙ 4 personnes,Riederalp - Valais
27/03/2024,12/10/2024,19/10/2024,964.08,HZEXWLS,33 m² Appartement ∙ 2 chambres ∙ 4 personnes,Riederalp - Valais
27/03/2024,19/10/2024,26/10/2024,964.08,HZEXWLS,33 m² Appartement ∙ 2 chambres ∙ 4 personnes,Riederalp - Valais
27/03/2024,26/10/2024,02/11/2024,747.57,HZEXWLS,33 m² Appartement ∙ 2 chambres ∙ 4 personnes,Riederalp - Valais
27/03/2024,06/04/2024,13/04/2024,591.31,HUXM4G0,75 m² Appartement ∙ 2 chambres ∙ 4 personnes,Orsières - Valais
27/03/2024,13/04/2024,20/04/2024,771.06,HUXM4G0,75 m² Appartement ∙ 2 chambres ∙ 4 personnes,Orsières - Valais
27/03/2024,20/04/2024,27/04/2024,771.06,HUXM4G0,75 m² Appartement ∙ 2 chambres ∙ 4 personnes,Orsières - Valais
27/03/2024,25/05/2024,01/06/2024,771.06,HUXM4G0,75 m² Appartement ∙ 2 chambres ∙ 4 personnes,Orsières - Valais
27/03/2024,01/06/2024,08/06/2024,771.06,HUXM4G0,75 m² Appartement ∙ 2 chambres ∙ 4 personnes,Orsières - Valais
27/03/2024,08/06/2024,15/06/2024,771.06,HUXM4G0,75 m² Appartement ∙ 2 chambres ∙ 4 personnes,Orsières - Valais
27/03/2024,07/09/2024,14/09/2024,771.06,HUXM4G0,75 m² Appartement ∙ 2 chambres ∙ 4 personnes,Orsières - Valais
27/03/2024,14/09/2024,21/09/2024,771.06,HUXM4G0,75 m² Appartement ∙ 2 chambres ∙ 4 personnes,Orsières - Valais
27/03/2024,21/09/2024,28/09/2024,771.06,HUXM4G0,75 m² Appartement ∙ 2 chambres ∙ 4 personnes,Orsières - Valais
27/03/2024,19/10/2024,26/10/2024,771.06,HUXM4G0,75 m² Appartement ∙ 2 chambres ∙ 4 personnes,Orsières - Valais
27/03/2024,13/04/2024,20/04/2024,1117.21,HM87T15,61 m² Maison de vacances ∙ 2 chambres ∙ 4 personnes,Evolène - Valais
27/03/2024,20/04/2024,27/04/2024,1117.21,HM87T15,61 m² Maison de vacances ∙ 2 chambres ∙ 4 personnes,Evolène - Valais
27/03/2024,27/04/2024,04/05/2024,1337.82,HM87T15,61 m² Maison de vacances ∙ 2 chambres ∙ 4 personnes,Evolène - Valais
27/03/2024,04/05/2024,11/05/2024,1337.82,HM87T15,61 m² Maison de vacances ∙ 2 chambres ∙ 4 personnes,Evolène - Valais
27/03/2024,11/05/2024,18/05/2024,1337.82,HM87T15,61 m² Maison de vacances ∙ 2 chambres ∙ 4 personnes,Evolène - Valais
27/03/2024,05/10/2024,12/10/2024,1337.82,HM87T15,61 m² Maison de vacances ∙ 2 chambres ∙ 4 personnes,Evolène - Valais
27/03/2024,12/10/2024,19/10/2024,1337.82,HM87T15,61 m² Maison de vacances ∙ 2 chambres ∙ 4 personnes,Evolène - Valais
27/03/2024,19/10/2024,26/10/2024,1337.82,HM87T15,61 m² Maison de vacances ∙ 2 chambres ∙ 4 personnes,Evolène - Valais
27/03/2024,26/10/2024,02/11/2024,1337.82,HM87T15,61 m² Maison de vacances ∙ 2 chambres ∙ 4 personnes,Evolène - Valais
27/03/2024,06/04/2024,13/04/2024,742.46,H7J8G2S,65 m² Maison de vacances ∙ 2 chambres ∙ 4 personnes,Albinen - Valais
27/03/2024,13/04/2024,20/04/2024,742.46,H7J8G2S,65 m² Maison de vacances ∙ 2 chambres ∙ 4 personnes,Albinen - Valais
27/03/2024,20/04/2024,27/04/2024,742.46,H7J8G2S,65 m² Maison de vacances ∙ 2 chambres ∙ 4 personnes,Albinen - Valais
27/03/2024,08/06/2024,15/06/2024,742.46,H7J8G2S,65 m² Maison de vacances ∙ 2 chambres ∙ 4 personnes,Albinen - Valais
27/03/2024,06/07/2024,13/07/2024,699.57,H7J8G2S,65 m² Maison de vacances ∙ 2 chambres ∙ 4 personnes,Albinen - Valais
27/03/2024,14/09/2024,21/09/2024,699.57,H7J8G2S,65 m² Maison de vacances ∙ 2 chambres ∙ 4 personnes,Albinen - Valais
27/03/2024,05/10/2024,12/10/2024,699.57,H7J8G2S,65 m² Maison de vacances ∙ 2 chambres ∙ 4 personnes,Albinen - Valais
27/03/2024,12/10/2024,19/10/2024,699.57,H7J8G2S,65 m² Maison de vacances ∙ 2 chambres ∙ 4 personnes,Albinen - Valais
27/03/2024,19/10/2024,26/10/2024,699.57,H7J8G2S,65 m² Maison de vacances ∙ 2 chambres ∙ 4 personnes,Albinen - Valais
27/03/2024,26/10/2024,02/11/2024,699.57,H7J8G2S,65 m² Maison de vacances ∙ 2 chambres ∙ 4 personnes,Albinen - Valais
27/03/2024,13/04/2024,20/04/2024,589.27,HL4W8UF,64 m² Appartement ∙ 2 chambres ∙ 4 personnes,Bellwald - Valais
27/03/2024,20/04/2024,27/04/2024,589.27,HL4W8UF,64 m² Appartement ∙ 2 chambres ∙ 4 personnes,Bellwald - Valais
27/03/2024,27/04/2024,04/05/2024,589.27,HL4W8UF,64 m² Appartement ∙ 2 chambres ∙ 4 personnes,Bellwald - Valais
27/03/2024,04/05/2024,11/05/2024,589.27,HL4W8UF,64 m² Appartement ∙ 2 chambres ∙ 4 personnes,Bellwald - Valais
27/03/2024,15/06/2024,22/06/2024,809.86,HL4W8UF,64 m² Appartement ∙ 2 chambres ∙ 4 personnes,Bellwald - Valais
27/03/2024,06/07/2024,13/07/2024,1067.22,HL4W8UF,64 m² Appartement ∙ 2 chambres ∙ 4 personnes,Bellwald - Valais
27/03/2024,13/07/2024,20/07/2024,1067.22,HL4W8UF,64 m² Appartement ∙ 2 chambres ∙ 4 personnes,Bellwald - Valais
27/03/2024,17/08/2024,24/08/2024,1067.22,HL4W8UF,64 m² Appartement ∙ 2 chambres ∙ 4 personnes,Bellwald - Valais
27/03/2024,24/08/2024,31/08/2024,956.93,HL4W8UF,64 m² Appartement ∙ 2 chambres ∙ 4 personnes,Bellwald - Valais
27/03/2024,31/08/2024,07/09/2024,956.93,HL4W8UF,64 m² Appartement ∙ 2 chambres ∙ 4 personnes,Bellwald - Valais
27/03/2024,07/09/2024,14/09/2024,956.93,HL4W8UF,64 m² Appartement ∙ 2 chambres ∙ 4 personnes,Bellwald - Valais
27/03/2024,14/09/2024,21/09/2024,956.93,HL4W8UF,64 m² Appartement ∙ 2 chambres ∙ 4 personnes,Bellwald - Valais
27/03/2024,21/09/2024,28/09/2024,920.16,HL4W8UF,64 m² Appartement ∙ 2 chambres ∙ 4 personnes,Bellwald - Valais
27/03/2024,28/09/2024,05/10/2024,920.16,HL4W8UF,64 m² Appartement ∙ 2 chambres ∙ 4 personnes,Bellwald - Valais
27/03/2024,05/10/2024,12/10/2024,920.16,HL4W8UF,64 m² Appartement ∙ 2 chambres ∙ 4 personnes,Bellwald - Valais
27/03/2024,12/10/2024,19/10/2024,809.86,HL4W8UF,64 m² Appartement ∙ 2 chambres ∙ 4 personnes,Bellwald - Valais
27/03/2024,19/10/2024,26/10/2024,809.86,HL4W8UF,64 m² Appartement ∙ 2 chambres ∙ 4 personnes,Bellwald - Valais
27/03/2024,26/10/2024,02/11/2024,809.86,HL4W8UF,64 m² Appartement ∙ 2 chambres ∙ 4 personnes,Bellwald - Valais
27/03/2024,13/04/2024,20/04/2024,662.80,HEHR4FT,51 m² Appartement ∙ 1 chambre ∙ 3 personnes,Saas-Almagell - Valais
27/03/2024,20/04/2024,27/04/2024,662.80,HEHR4FT,51 m² Appartement ∙ 1 chambre ∙ 3 personnes,Saas-Almagell - Valais
27/03/2024,27/04/2024,04/05/2024,662.80,HEHR4FT,51 m² Appartement ∙ 1 chambre ∙ 3 personnes,Saas-Almagell - Valais
27/03/2024,04/05/2024,11/05/2024,662.80,HEHR4FT,51 m² Appartement ∙ 1 chambre ∙ 3 personnes,Saas-Almagell - Valais
27/03/2024,11/05/2024,18/05/2024,662.80,HEHR4FT,51 m² Appartement ∙ 1 chambre ∙ 3 personnes,Saas-Almagell - Valais
27/03/2024,18/05/2024,25/05/2024,662.80,HEHR4FT,51 m² Appartement ∙ 1 chambre ∙ 3 personnes,Saas-Almagell - Valais
27/03/2024,25/05/2024,01/06/2024,662.80,HEHR4FT,51 m² Appartement ∙ 1 chambre ∙ 3 personnes,Saas-Almagell - Valais
27/03/2024,15/06/2024,22/06/2024,662.80,HEHR4FT,51 m² Appartement ∙ 1 chambre ∙ 3 personnes,Saas-Almagell - Valais
27/03/2024,03/08/2024,10/08/2024,662.80,HEHR4FT,51 m² Appartement ∙ 1 chambre ∙ 3 personnes,Saas-Almagell - Valais
27/03/2024,21/09/2024,28/09/2024,626.04,HEHR4FT,51 m² Appartement ∙ 1 chambre ∙ 3 personnes,Saas-Almagell - Valais
27/03/2024,28/09/2024,05/10/2024,626.04,HEHR4FT,51 m² Appartement ∙ 1 chambre ∙ 3 personnes,Saas-Almagell - Valais
27/03/2024,05/10/2024,12/10/2024,626.04,HEHR4FT,51 m² Appartement ∙ 1 chambre ∙ 3 personnes,Saas-Almagell - Valais
27/03/2024,12/10/2024,19/10/2024,626.04,HEHR4FT,51 m² Appartement ∙ 1 chambre ∙ 3 personnes,Saas-Almagell - Valais
27/03/2024,19/10/2024,26/10/2024,626.04,HEHR4FT,51 m² Appartement ∙ 1 chambre ∙ 3 personnes,Saas-Almagell - Valais
27/03/2024,06/04/2024,13/04/2024,406.00,HG2TU8L,30 m² Village vacances ∙ 1 chambre ∙ 4 personnes,Saas-Balen - Valais
27/03/2024,18/05/2024,25/05/2024,406.00,HG2TU8L,30 m² Village vacances ∙ 1 chambre ∙ 4 personnes,Saas-Balen - Valais
27/03/2024,25/05/2024,01/06/2024,406.00,HG2TU8L,30 m² Village vacances ∙ 1 chambre ∙ 4 personnes,Saas-Balen - Valais
27/03/2024,01/06/2024,08/06/2024,406.00,HG2TU8L,30 m² Village vacances ∙ 1 chambre ∙ 4 personnes,Saas-Balen - Valais
27/03/2024,08/06/2024,15/06/2024,406.00,HG2TU8L,30 m² Village vacances ∙ 1 chambre ∙ 4 personnes,Saas-Balen - Valais
27/03/2024,15/06/2024,22/06/2024,406.00,HG2TU8L,30 m² Village vacances ∙ 1 chambre ∙ 4 personnes,Saas-Balen - Valais
27/03/2024,29/06/2024,06/07/2024,406.00,HG2TU8L,30 m² Village vacances ∙ 1 chambre ∙ 4 personnes,Saas-Balen - Valais
27/03/2024,06/07/2024,13/07/2024,565.00,HG2TU8L,30 m² Village vacances ∙ 1 chambre ∙ 4 personnes,Saas-Balen - Valais
27/03/2024,13/07/2024,20/07/2024,565.00,HG2TU8L,30 m² Village vacances ∙ 1 chambre ∙ 4 personnes,Saas-Balen - Valais
27/03/2024,10/08/2024,17/08/2024,565.00,HG2TU8L,30 m² Village vacances ∙ 1 chambre ∙ 4 personnes,Saas-Balen - Valais
27/03/2024,17/08/2024,24/08/2024,406.00,HG2TU8L,30 m² Village vacances ∙ 1 chambre ∙ 4 personnes,Saas-Balen - Valais
27/03/2024,24/08/2024,31/08/2024,406.00,HG2TU8L,30 m² Village vacances ∙ 1 chambre ∙ 4 personnes,Saas-Balen - Valais
27/03/2024,31/08/2024,07/09/2024,406.00,HG2TU8L,30 m² Village vacances ∙ 1 chambre ∙ 4 personnes,Saas-Balen - Valais
27/03/2024,07/09/2024,14/09/2024,406.00,HG2TU8L,30 m² Village vacances ∙ 1 chambre ∙ 4 personnes,Saas-Balen - Valais
27/03/2024,14/09/2024,21/09/2024,406.00,HG2TU8L,30 m² Village vacances ∙ 1 chambre ∙ 4 personnes,Saas-Balen - Valais
27/03/2024,21/09/2024,28/09/2024,406.00,HG2TU8L,30 m² Village vacances ∙ 1 chambre ∙ 4 personnes,Saas-Balen - Valais
27/03/2024,28/09/2024,05/10/2024,406.00,HG2TU8L,30 m² Village vacances ∙ 1 chambre ∙ 4 personnes,Saas-Balen - Valais
27/03/2024,05/10/2024,12/10/2024,406.00,HG2TU8L,30 m² Village vacances ∙ 1 chambre ∙ 4 personnes,Saas-Balen - Valais
27/03/2024,12/10/2024,19/10/2024,406.00,HG2TU8L,30 m² Village vacances ∙ 1 chambre ∙ 4 personnes,Saas-Balen - Valais
27/03/2024,19/10/2024,26/10/2024,406.00,HG2TU8L,30 m² Village vacances ∙ 1 chambre ∙ 4 personnes,Saas-Balen - Valais
27/03/2024,06/04/2024,13/04/2024,804.74,HZN7TR3,120 m² Maison de vacances ∙ 3 chambres ∙ 7 personnes,Riddes - Valais
27/03/2024,13/04/2024,20/04/2024,804.74,HZN7TR3,120 m² Maison de vacances ∙ 3 chambres ∙ 7 personnes,Riddes - Valais
27/03/2024,20/04/2024,27/04/2024,804.74,HZN7TR3,120 m² Maison de vacances ∙ 3 chambres ∙ 7 personnes,Riddes - Valais
27/03/2024,27/04/2024,04/05/2024,804.74,HZN7TR3,120 m² Maison de vacances ∙ 3 chambres ∙ 7 personnes,Riddes - Valais
27/03/2024,18/05/2024,25/05/2024,804.74,HZN7TR3,120 m² Maison de vacances ∙ 3 chambres ∙ 7 personnes,Riddes - Valais
27/03/2024,25/05/2024,01/06/2024,804.74,HZN7TR3,120 m² Maison de vacances ∙ 3 chambres ∙ 7 personnes,Riddes - Valais
27/03/2024,01/06/2024,08/06/2024,804.74,HZN7TR3,120 m² Maison de vacances ∙ 3 chambres ∙ 7 personnes,Riddes - Valais
27/03/2024,08/06/2024,15/06/2024,804.74,HZN7TR3,120 m² Maison de vacances ∙ 3 chambres ∙ 7 personnes,Riddes - Valais
27/03/2024,13/07/2024,20/07/2024,1150.69,HZN7TR3,120 m² Maison de vacances ∙ 3 chambres ∙ 7 personnes,Riddes - Valais
27/03/2024,20/07/2024,27/07/2024,1150.69,HZN7TR3,120 m² Maison de vacances ∙ 3 chambres ∙ 7 personnes,Riddes - Valais
27/03/2024,10/08/2024,17/08/2024,1150.69,HZN7TR3,120 m² Maison de vacances ∙ 3 chambres ∙ 7 personnes,Riddes - Valais
27/03/2024,17/08/2024,24/08/2024,926.99,HZN7TR3,120 m² Maison de vacances ∙ 3 chambres ∙ 7 personnes,Riddes - Valais
27/03/2024,31/08/2024,07/09/2024,804.74,HZN7TR3,120 m² Maison de vacances ∙ 3 chambres ∙ 7 personnes,Riddes - Valais
27/03/2024,07/09/2024,14/09/2024,804.74,HZN7TR3,120 m² Maison de vacances ∙ 3 chambres ∙ 7 personnes,Riddes - Valais
27/03/2024,14/09/2024,21/09/2024,804.74,HZN7TR3,120 m² Maison de vacances ∙ 3 chambres ∙ 7 personnes,Riddes - Valais
27/03/2024,21/09/2024,28/09/2024,804.74,HZN7TR3,120 m² Maison de vacances ∙ 3 chambres ∙ 7 personnes,Riddes - Valais
27/03/2024,28/09/2024,05/10/2024,804.74,HZN7TR3,120 m² Maison de vacances ∙ 3 chambres ∙ 7 personnes,Riddes - Valais
27/03/2024,05/10/2024,12/10/2024,804.74,HZN7TR3,120 m² Maison de vacances ∙ 3 chambres ∙ 7 personnes,Riddes - Valais
27/03/2024,12/10/2024,19/10/2024,804.74,HZN7TR3,120 m² Maison de vacances ∙ 3 chambres ∙ 7 personnes,Riddes - Valais
27/03/2024,19/10/2024,26/10/2024,804.74,HZN7TR3,120 m² Maison de vacances ∙ 3 chambres ∙ 7 personnes,Riddes - Valais
27/03/2024,26/10/2024,02/11/2024,804.74,HZN7TR3,120 m² Maison de vacances ∙ 3 chambres ∙ 7 personnes,Riddes - Valais
27/03/2024,13/04/2024,20/04/2024,515.74,HEB86WH,50 m² Maison de vacances ∙ 3 chambres ∙ 6 personnes,Leuk - Valais
27/03/2024,27/04/2024,04/05/2024,515.74,HEB86WH,50 m² Maison de vacances ∙ 3 chambres ∙ 6 personnes,Leuk - Valais
27/03/2024,04/05/2024,11/05/2024,515.74,HEB86WH,50 m² Maison de vacances ∙ 3 chambres ∙ 6 personnes,Leuk - Valais
27/03/2024,08/06/2024,15/06/2024,552.51,HEB86WH,50 m² Maison de vacances ∙ 3 chambres ∙ 6 personnes,Leuk - Valais
27/03/2024,17/08/2024,24/08/2024,552.51,HEB86WH,50 m² Maison de vacances ∙ 3 chambres ∙ 6 personnes,Leuk - Valais
27/03/2024,24/08/2024,31/08/2024,552.51,HEB86WH,50 m² Maison de vacances ∙ 3 chambres ∙ 6 personnes,Leuk - Valais
27/03/2024,05/10/2024,12/10/2024,552.51,HEB86WH,50 m² Maison de vacances ∙ 3 chambres ∙ 6 personnes,Leuk - Valais
27/03/2024,06/04/2024,13/04/2024,1178.54,HUBDXHJ,60 m² Appartement ∙ 3 chambres ∙ 6 personnes,Grimentz - Valais
27/03/2024,13/04/2024,20/04/2024,1178.54,HUBDXHJ,60 m² Appartement ∙ 3 chambres ∙ 6 personnes,Grimentz - Valais
27/03/2024,20/04/2024,27/04/2024,1178.54,HUBDXHJ,60 m² Appartement ∙ 3 chambres ∙ 6 personnes,Grimentz - Valais
27/03/2024,27/04/2024,04/05/2024,1178.54,HUBDXHJ,60 m² Appartement ∙ 3 chambres ∙ 6 personnes,Grimentz - Valais
27/03/2024,04/05/2024,11/05/2024,1106.03,HUBDXHJ,60 m² Appartement ∙ 3 chambres ∙ 6 personnes,Grimentz - Valais
27/03/2024,11/05/2024,18/05/2024,1106.03,HUBDXHJ,60 m² Appartement ∙ 3 chambres ∙ 6 personnes,Grimentz - Valais
27/03/2024,18/05/2024,25/05/2024,1106.03,HUBDXHJ,60 m² Appartement ∙ 3 chambres ∙ 6 personnes,Grimentz - Valais
27/03/2024,25/05/2024,01/06/2024,1106.03,HUBDXHJ,60 m² Appartement ∙ 3 chambres ∙ 6 personnes,Grimentz - Valais
27/03/2024,01/06/2024,08/06/2024,1106.03,HUBDXHJ,60 m² Appartement ∙ 3 chambres ∙ 6 personnes,Grimentz - Valais
27/03/2024,08/06/2024,15/06/2024,1106.03,HUBDXHJ,60 m² Appartement ∙ 3 chambres ∙ 6 personnes,Grimentz - Valais
27/03/2024,15/06/2024,22/06/2024,1106.03,HUBDXHJ,60 m² Appartement ∙ 3 chambres ∙ 6 personnes,Grimentz - Valais
27/03/2024,22/06/2024,29/06/2024,979.40,HUBDXHJ,60 m² Appartement ∙ 3 chambres ∙ 6 personnes,Grimentz - Valais
27/03/2024,29/06/2024,06/07/2024,832.33,HUBDXHJ,60 m² Appartement ∙ 3 chambres ∙ 6 personnes,Grimentz - Valais
27/03/2024,06/07/2024,13/07/2024,810.89,HUBDXHJ,60 m² Appartement ∙ 3 chambres ∙ 6 personnes,Grimentz - Valais
27/03/2024,13/07/2024,20/07/2024,810.89,HUBDXHJ,60 m² Appartement ∙ 3 chambres ∙ 6 personnes,Grimentz - Valais
27/03/2024,20/07/2024,27/07/2024,810.89,HUBDXHJ,60 m² Appartement ∙ 3 chambres ∙ 6 personnes,Grimentz - Valais
27/03/2024,27/07/2024,03/08/2024,810.89,HUBDXHJ,60 m² Appartement ∙ 3 chambres ∙ 6 personnes,Grimentz - Valais
27/03/2024,03/08/2024,10/08/2024,810.89,HUBDXHJ,60 m² Appartement ∙ 3 chambres ∙ 6 personnes,Grimentz - Valais
27/03/2024,10/08/2024,17/08/2024,810.89,HUBDXHJ,60 m² Appartement ∙ 3 chambres ∙ 6 personnes,Grimentz - Valais
27/03/2024,17/08/2024,24/08/2024,810.89,HUBDXHJ,60 m² Appartement ∙ 3 chambres ∙ 6 personnes,Grimentz - Valais
27/03/2024,24/08/2024,31/08/2024,810.89,HUBDXHJ,60 m² Appartement ∙ 3 chambres ∙ 6 personnes,Grimentz - Valais
27/03/2024,31/08/2024,07/09/2024,810.89,HUBDXHJ,60 m² Appartement ∙ 3 chambres ∙ 6 personnes,Grimentz - Valais
27/03/2024,07/09/2024,14/09/2024,810.89,HUBDXHJ,60 m² Appartement ∙ 3 chambres ∙ 6 personnes,Grimentz - Valais
27/03/2024,14/09/2024,21/09/2024,874.21,HUBDXHJ,60 m² Appartement ∙ 3 chambres ∙ 6 personnes,Grimentz - Valais
27/03/2024,21/09/2024,28/09/2024,884.42,HUBDXHJ,60 m² Appartement ∙ 3 chambres ∙ 6 personnes,Grimentz - Valais
27/03/2024,28/09/2024,05/10/2024,884.42,HUBDXHJ,60 m² Appartement ∙ 3 chambres ∙ 6 personnes,Grimentz - Valais
27/03/2024,05/10/2024,12/10/2024,884.42,HUBDXHJ,60 m² Appartement ∙ 3 chambres ∙ 6 personnes,Grimentz - Valais
27/03/2024,12/10/2024,19/10/2024,884.42,HUBDXHJ,60 m² Appartement ∙ 3 chambres ∙ 6 personnes,Grimentz - Valais
27/03/2024,19/10/2024,26/10/2024,884.42,HUBDXHJ,60 m² Appartement ∙ 3 chambres ∙ 6 personnes,Grimentz - Valais
27/03/2024,26/10/2024,02/11/2024,884.42,HUBDXHJ,60 m² Appartement ∙ 3 chambres ∙ 6 personnes,Grimentz - Valais
27/03/2024,25/05/2024,01/06/2024,1183.66,H1LKGCB,50 m² Maison de vacances ∙ 2 personnes,Evolène - Valais
27/03/2024,13/07/2024,20/07/2024,1257.19,H1LKGCB,50 m² Maison de vacances ∙ 2 personnes,Evolène - Valais
27/03/2024,20/07/2024,27/07/2024,1257.19,H1LKGCB,50 m² Maison de vacances ∙ 2 personnes,Evolène - Valais
27/03/2024,10/08/2024,17/08/2024,1257.19,H1LKGCB,50 m² Maison de vacances ∙ 2 personnes,Evolène - Valais
27/03/2024,06/04/2024,13/04/2024,754.99,H5X9U4H,90 m² Maison de vacances ∙ 3 chambres ∙ 6 personnes,Vex - Valais
27/03/2024,13/04/2024,20/04/2024,754.99,H5X9U4H,90 m² Maison de vacances ∙ 3 chambres ∙ 6 personnes,Vex - Valais
27/03/2024,20/04/2024,27/04/2024,754.99,H5X9U4H,90 m² Maison de vacances ∙ 3 chambres ∙ 6 personnes,Vex - Valais
27/03/2024,27/04/2024,04/05/2024,754.99,H5X9U4H,90 m² Maison de vacances ∙ 3 chambres ∙ 6 personnes,Vex - Valais
27/03/2024,04/05/2024,11/05/2024,754.99,H5X9U4H,90 m² Maison de vacances ∙ 3 chambres ∙ 6 personnes,Vex - Valais
27/03/2024,11/05/2024,18/05/2024,754.99,H5X9U4H,90 m² Maison de vacances ∙ 3 chambres ∙ 6 personnes,Vex - Valais
27/03/2024,18/05/2024,25/05/2024,754.99,H5X9U4H,90 m² Maison de vacances ∙ 3 chambres ∙ 6 personnes,Vex - Valais
27/03/2024,25/05/2024,01/06/2024,754.99,H5X9U4H,90 m² Maison de vacances ∙ 3 chambres ∙ 6 personnes,Vex - Valais
27/03/2024,01/06/2024,08/06/2024,754.99,H5X9U4H,90 m² Maison de vacances ∙ 3 chambres ∙ 6 personnes,Vex - Valais
27/03/2024,22/06/2024,29/06/2024,754.99,H5X9U4H,90 m² Maison de vacances ∙ 3 chambres ∙ 6 personnes,Vex - Valais
27/03/2024,03/08/2024,10/08/2024,919.69,H5X9U4H,90 m² Maison de vacances ∙ 3 chambres ∙ 6 personnes,Vex - Valais
27/03/2024,06/04/2024,13/04/2024,741.98,H8DJP0L,150 m² Maison de vacances ∙ 5 chambres ∙ 10 personnes,Nendaz - Valais
27/03/2024,13/04/2024,20/04/2024,741.98,H8DJP0L,150 m² Maison de vacances ∙ 5 chambres ∙ 10 personnes,Nendaz - Valais
27/03/2024,20/04/2024,27/04/2024,741.98,H8DJP0L,150 m² Maison de vacances ∙ 5 chambres ∙ 10 personnes,Nendaz - Valais
27/03/2024,18/05/2024,25/05/2024,741.98,H8DJP0L,150 m² Maison de vacances ∙ 5 chambres ∙ 10 personnes,Nendaz - Valais
27/03/2024,29/06/2024,06/07/2024,799.92,H8DJP0L,150 m² Maison de vacances ∙ 5 chambres ∙ 10 personnes,Nendaz - Valais
27/03/2024,17/08/2024,24/08/2024,799.92,H8DJP0L,150 m² Maison de vacances ∙ 5 chambres ∙ 10 personnes,Nendaz - Valais
27/03/2024,24/08/2024,31/08/2024,768.91,H8DJP0L,150 m² Maison de vacances ∙ 5 chambres ∙ 10 personnes,Nendaz - Valais
27/03/2024,07/09/2024,14/09/2024,741.98,H8DJP0L,150 m² Maison de vacances ∙ 5 chambres ∙ 10 personnes,Nendaz - Valais
27/03/2024,14/09/2024,21/09/2024,741.98,H8DJP0L,150 m² Maison de vacances ∙ 5 chambres ∙ 10 personnes,Nendaz - Valais
27/03/2024,28/09/2024,05/10/2024,741.98,H8DJP0L,150 m² Maison de vacances ∙ 5 chambres ∙ 10 personnes,Nendaz - Valais
27/03/2024,12/10/2024,19/10/2024,741.98,H8DJP0L,150 m² Maison de vacances ∙ 5 chambres ∙ 10 personnes,Nendaz - Valais
27/03/2024,19/10/2024,26/10/2024,741.98,H8DJP0L,150 m² Maison de vacances ∙ 5 chambres ∙ 10 personnes,Nendaz - Valais
27/03/2024,26/10/2024,02/11/2024,741.98,H8DJP0L,150 m² Maison de vacances ∙ 5 chambres ∙ 10 personnes,Nendaz - Valais
27/03/2024,30/03/2024,06/04/2024,2168.67,HV8HA9U,120 m² Maison de vacances ∙ 3 chambres ∙ 6 personnes,Ayent - Valais
27/03/2024,06/04/2024,13/04/2024,1312.43,HV8HA9U,120 m² Maison de vacances ∙ 3 chambres ∙ 6 personnes,Ayent - Valais
27/03/2024,13/04/2024,20/04/2024,1312.43,HV8HA9U,120 m² Maison de vacances ∙ 3 chambres ∙ 6 personnes,Ayent - Valais
27/03/2024,20/04/2024,27/04/2024,1312.43,HV8HA9U,120 m² Maison de vacances ∙ 3 chambres ∙ 6 personnes,Ayent - Valais
27/03/2024,27/04/2024,04/05/2024,1312.43,HV8HA9U,120 m² Maison de vacances ∙ 3 chambres ∙ 6 personnes,Ayent - Valais
27/03/2024,04/05/2024,11/05/2024,2326.86,HV8HA9U,120 m² Maison de vacances ∙ 3 chambres ∙ 6 personnes,Ayent - Valais
27/03/2024,11/05/2024,18/05/2024,2326.86,HV8HA9U,120 m² Maison de vacances ∙ 3 chambres ∙ 6 personnes,Ayent - Valais
27/03/2024,18/05/2024,25/05/2024,2326.86,HV8HA9U,120 m² Maison de vacances ∙ 3 chambres ∙ 6 personnes,Ayent - Valais
27/03/2024,25/05/2024,01/06/2024,1312.43,HV8HA9U,120 m² Maison de vacances ∙ 3 chambres ∙ 6 personnes,Ayent - Valais
27/03/2024,01/06/2024,08/06/2024,1312.43,HV8HA9U,120 m² Maison de vacances ∙ 3 chambres ∙ 6 personnes,Ayent - Valais
27/03/2024,08/06/2024,15/06/2024,1312.43,HV8HA9U,120 m² Maison de vacances ∙ 3 chambres ∙ 6 personnes,Ayent - Valais
27/03/2024,15/06/2024,22/06/2024,1553.27,HV8HA9U,120 m² Maison de vacances ∙ 3 chambres ∙ 6 personnes,Ayent - Valais
27/03/2024,29/06/2024,06/07/2024,1553.27,HV8HA9U,120 m² Maison de vacances ∙ 3 chambres ∙ 6 personnes,Ayent - Valais
27/03/2024,06/07/2024,13/07/2024,1553.27,HV8HA9U,120 m² Maison de vacances ∙ 3 chambres ∙ 6 personnes,Ayent - Valais
27/03/2024,10/08/2024,17/08/2024,1553.27,HV8HA9U,120 m² Maison de vacances ∙ 3 chambres ∙ 6 personnes,Ayent - Valais
27/03/2024,17/08/2024,24/08/2024,1312.43,HV8HA9U,120 m² Maison de vacances ∙ 3 chambres ∙ 6 personnes,Ayent - Valais
27/03/2024,24/08/2024,31/08/2024,1312.43,HV8HA9U,120 m² Maison de vacances ∙ 3 chambres ∙ 6 personnes,Ayent - Valais
27/03/2024,31/08/2024,07/09/2024,1312.43,HV8HA9U,120 m² Maison de vacances ∙ 3 chambres ∙ 6 personnes,Ayent - Valais
27/03/2024,07/09/2024,14/09/2024,1312.43,HV8HA9U,120 m² Maison de vacances ∙ 3 chambres ∙ 6 personnes,Ayent - Valais
27/03/2024,14/09/2024,21/09/2024,1312.43,HV8HA9U,120 m² Maison de vacances ∙ 3 chambres ∙ 6 personnes,Ayent - Valais
27/03/2024,21/09/2024,28/09/2024,1312.43,HV8HA9U,120 m² Maison de vacances ∙ 3 chambres ∙ 6 personnes,Ayent - Valais
27/03/2024,28/09/2024,05/10/2024,1312.43,HV8HA9U,120 m² Maison de vacances ∙ 3 chambres ∙ 6 personnes,Ayent - Valais
27/03/2024,05/10/2024,12/10/2024,1553.27,HV8HA9U,120 m² Maison de vacances ∙ 3 chambres ∙ 6 personnes,Ayent - Valais
27/03/2024,12/10/2024,19/10/2024,1553.27,HV8HA9U,120 m² Maison de vacances ∙ 3 chambres ∙ 6 personnes,Ayent - Valais
27/03/2024,19/10/2024,26/10/2024,1553.27,HV8HA9U,120 m² Maison de vacances ∙ 3 chambres ∙ 6 personnes,Ayent - Valais
27/03/2024,26/10/2024,02/11/2024,1312.43,HV8HA9U,120 m² Maison de vacances ∙ 3 chambres ∙ 6 personnes,Ayent - Valais
27/03/2024,06/04/2024,13/04/2024,1299.47,HW95SK8,60 m² Appartement ∙ 1 chambre ∙ 4 personnes,Saas Fee - Valais
27/03/2024,13/04/2024,20/04/2024,1299.47,HW95SK8,60 m² Appartement ∙ 1 chambre ∙ 4 personnes,Saas Fee - Valais
27/03/2024,01/06/2024,08/06/2024,917.27,HW95SK8,60 m² Appartement ∙ 1 chambre ∙ 4 personnes,Saas Fee - Valais
27/03/2024,08/06/2024,15/06/2024,917.27,HW95SK8,60 m² Appartement ∙ 1 chambre ∙ 4 personnes,Saas Fee - Valais
27/03/2024,15/06/2024,22/06/2024,917.27,HW95SK8,60 m² Appartement ∙ 1 chambre ∙ 4 personnes,Saas Fee - Valais
27/03/2024,22/06/2024,29/06/2024,917.27,HW95SK8,60 m² Appartement ∙ 1 chambre ∙ 4 personnes,Saas Fee - Valais
27/03/2024,29/06/2024,06/07/2024,917.27,HW95SK8,60 m² Appartement ∙ 1 chambre ∙ 4 personnes,Saas Fee - Valais
27/03/2024,06/07/2024,13/07/2024,917.27,HW95SK8,60 m² Appartement ∙ 1 chambre ∙ 4 personnes,Saas Fee - Valais
27/03/2024,27/07/2024,03/08/2024,917.27,HW95SK8,60 m² Appartement ∙ 1 chambre ∙ 4 personnes,Saas Fee - Valais
27/03/2024,03/08/2024,10/08/2024,917.27,HW95SK8,60 m² Appartement ∙ 1 chambre ∙ 4 personnes,Saas Fee - Valais
27/03/2024,10/08/2024,17/08/2024,917.27,HW95SK8,60 m² Appartement ∙ 1 chambre ∙ 4 personnes,Saas Fee - Valais
27/03/2024,31/08/2024,07/09/2024,917.27,HW95SK8,60 m² Appartement ∙ 1 chambre ∙ 4 personnes,Saas Fee - Valais
27/03/2024,07/09/2024,14/09/2024,917.27,HW95SK8,60 m² Appartement ∙ 1 chambre ∙ 4 personnes,Saas Fee - Valais
27/03/2024,14/09/2024,21/09/2024,917.27,HW95SK8,60 m² Appartement ∙ 1 chambre ∙ 4 personnes,Saas Fee - Valais
27/03/2024,21/09/2024,28/09/2024,917.27,HW95SK8,60 m² Appartement ∙ 1 chambre ∙ 4 personnes,Saas Fee - Valais
27/03/2024,12/10/2024,19/10/2024,917.27,HW95SK8,60 m² Appartement ∙ 1 chambre ∙ 4 personnes,Saas Fee - Valais
27/03/2024,19/10/2024,26/10/2024,917.27,HW95SK8,60 m² Appartement ∙ 1 chambre ∙ 4 personnes,Saas Fee - Valais
27/03/2024,26/10/2024,02/11/2024,975.44,HW95SK8,60 m² Appartement ∙ 1 chambre ∙ 4 personnes,Saas Fee - Valais
27/03/2024,01/06/2024,08/06/2024,455.99,H13W0ZB,65 m² Appartement ∙ 2 chambres ∙ 6 personnes,Saas Fee - Valais
27/03/2024,08/06/2024,15/06/2024,455.99,H13W0ZB,65 m² Appartement ∙ 2 chambres ∙ 6 personnes,Saas Fee - Valais
27/03/2024,15/06/2024,22/06/2024,455.99,H13W0ZB,65 m² Appartement ∙ 2 chambres ∙ 6 personnes,Saas Fee - Valais
27/03/2024,22/06/2024,29/06/2024,589.45,H13W0ZB,65 m² Appartement ∙ 2 chambres ∙ 6 personnes,Saas Fee - Valais
27/03/2024,29/06/2024,06/07/2024,589.45,H13W0ZB,65 m² Appartement ∙ 2 chambres ∙ 6 personnes,Saas Fee - Valais
27/03/2024,13/07/2024,20/07/2024,734.04,H13W0ZB,65 m² Appartement ∙ 2 chambres ∙ 6 personnes,Saas Fee - Valais
27/03/2024,27/07/2024,03/08/2024,734.04,H13W0ZB,65 m² Appartement ∙ 2 chambres ∙ 6 personnes,Saas Fee - Valais
27/03/2024,14/09/2024,21/09/2024,455.99,H13W0ZB,65 m² Appartement ∙ 2 chambres ∙ 6 personnes,Saas Fee - Valais
27/03/2024,28/09/2024,05/10/2024,455.99,H13W0ZB,65 m² Appartement ∙ 2 chambres ∙ 6 personnes,Saas Fee - Valais
27/03/2024,05/10/2024,12/10/2024,455.99,H13W0ZB,65 m² Appartement ∙ 2 chambres ∙ 6 personnes,Saas Fee - Valais
27/03/2024,12/10/2024,19/10/2024,455.99,H13W0ZB,65 m² Appartement ∙ 2 chambres ∙ 6 personnes,Saas Fee - Valais
27/03/2024,19/10/2024,26/10/2024,455.99,H13W0ZB,65 m² Appartement ∙ 2 chambres ∙ 6 personnes,Saas Fee - Valais
27/03/2024,20/07/2024,27/07/2024,915.43,H9RDNGB,40 m² Appartement ∙ 1 chambre ∙ 2 personnes,Zermatt - Valais
27/03/2024,14/09/2024,21/09/2024,832.77,H9RDNGB,40 m² Appartement ∙ 1 chambre ∙ 2 personnes,Zermatt - Valais
27/03/2024,21/09/2024,28/09/2024,832.77,H9RDNGB,40 m² Appartement ∙ 1 chambre ∙ 2 personnes,Zermatt - Valais
27/03/2024,28/09/2024,05/10/2024,832.77,H9RDNGB,40 m² Appartement ∙ 1 chambre ∙ 2 personnes,Zermatt - Valais
27/03/2024,05/10/2024,12/10/2024,832.77,H9RDNGB,40 m² Appartement ∙ 1 chambre ∙ 2 personnes,Zermatt - Valais
27/03/2024,12/10/2024,19/10/2024,832.77,H9RDNGB,40 m² Appartement ∙ 1 chambre ∙ 2 personnes,Zermatt - Valais
27/03/2024,19/10/2024,26/10/2024,832.77,H9RDNGB,40 m² Appartement ∙ 1 chambre ∙ 2 personnes,Zermatt - Valais
27/03/2024,26/10/2024,02/11/2024,832.77,H9RDNGB,40 m² Appartement ∙ 1 chambre ∙ 2 personnes,Zermatt - Valais
28/03/2024,30/03/2024,06/04/2024,1376.45,HAK86G1,70 m² Appartement ∙ 2 chambres ∙ 4 personnes,Saas-Almagell - Valais
28/03/2024,01/06/2024,08/06/2024,1070.62,HAK86G1,70 m² Appartement ∙ 2 chambres ∙ 4 personnes,Saas-Almagell - Valais
28/03/2024,08/06/2024,15/06/2024,1070.62,HAK86G1,70 m² Appartement ∙ 2 chambres ∙ 4 personnes,Saas-Almagell - Valais
28/03/2024,15/06/2024,22/06/2024,1070.62,HAK86G1,70 m² Appartement ∙ 2 chambres ∙ 4 personnes,Saas-Almagell - Valais
28/03/2024,06/07/2024,13/07/2024,1223.53,HAK86G1,70 m² Appartement ∙ 2 chambres ∙ 4 personnes,Saas-Almagell - Valais
28/03/2024,13/07/2024,20/07/2024,1223.53,HAK86G1,70 m² Appartement ∙ 2 chambres ∙ 4 personnes,Saas-Almagell - Valais
28/03/2024,20/07/2024,27/07/2024,1223.53,HAK86G1,70 m² Appartement ∙ 2 chambres ∙ 4 personnes,Saas-Almagell - Valais
28/03/2024,27/07/2024,03/08/2024,1223.53,HAK86G1,70 m² Appartement ∙ 2 chambres ∙ 4 personnes,Saas-Almagell - Valais
28/03/2024,10/08/2024,17/08/2024,1223.53,HAK86G1,70 m² Appartement ∙ 2 chambres ∙ 4 personnes,Saas-Almagell - Valais
28/03/2024,24/08/2024,31/08/2024,1223.53,HAK86G1,70 m² Appartement ∙ 2 chambres ∙ 4 personnes,Saas-Almagell - Valais
28/03/2024,31/08/2024,07/09/2024,1147.07,HAK86G1,70 m² Appartement ∙ 2 chambres ∙ 4 personnes,Saas-Almagell - Valais
28/03/2024,07/09/2024,14/09/2024,1147.07,HAK86G1,70 m² Appartement ∙ 2 chambres ∙ 4 personnes,Saas-Almagell - Valais
28/03/2024,14/09/2024,21/09/2024,1147.07,HAK86G1,70 m² Appartement ∙ 2 chambres ∙ 4 personnes,Saas-Almagell - Valais
28/03/2024,21/09/2024,28/09/2024,1147.07,HAK86G1,70 m² Appartement ∙ 2 chambres ∙ 4 personnes,Saas-Almagell - Valais
28/03/2024,28/09/2024,05/10/2024,1147.07,HAK86G1,70 m² Appartement ∙ 2 chambres ∙ 4 personnes,Saas-Almagell - Valais
28/03/2024,05/10/2024,12/10/2024,1147.07,HAK86G1,70 m² Appartement ∙ 2 chambres ∙ 4 personnes,Saas-Almagell - Valais
28/03/2024,12/10/2024,19/10/2024,1147.07,HAK86G1,70 m² Appartement ∙ 2 chambres ∙ 4 personnes,Saas-Almagell - Valais
28/03/2024,13/04/2024,20/04/2024,815.62,H3VJ0NS,Appartement ∙ 4 personnes,Blatten - Valais
28/03/2024,20/04/2024,27/04/2024,815.62,H3VJ0NS,Appartement ∙ 4 personnes,Blatten - Valais
28/03/2024,27/04/2024,04/05/2024,815.62,H3VJ0NS,Appartement ∙ 4 personnes,Blatten - Valais
28/03/2024,04/05/2024,11/05/2024,815.62,H3VJ0NS,Appartement ∙ 4 personnes,Blatten - Valais
28/03/2024,11/05/2024,18/05/2024,815.62,H3VJ0NS,Appartement ∙ 4 personnes,Blatten - Valais
28/03/2024,18/05/2024,25/05/2024,815.62,H3VJ0NS,Appartement ∙ 4 personnes,Blatten - Valais
28/03/2024,25/05/2024,01/06/2024,815.62,H3VJ0NS,Appartement ∙ 4 personnes,Blatten - Valais
28/03/2024,01/06/2024,08/06/2024,815.62,H3VJ0NS,Appartement ∙ 4 personnes,Blatten - Valais
28/03/2024,08/06/2024,15/06/2024,815.62,H3VJ0NS,Appartement ∙ 4 personnes,Blatten - Valais
28/03/2024,22/06/2024,29/06/2024,815.62,H3VJ0NS,Appartement ∙ 4 personnes,Blatten - Valais
28/03/2024,29/06/2024,06/07/2024,815.62,H3VJ0NS,Appartement ∙ 4 personnes,Blatten - Valais
28/03/2024,06/07/2024,13/07/2024,815.62,H3VJ0NS,Appartement ∙ 4 personnes,Blatten - Valais
28/03/2024,13/07/2024,20/07/2024,815.62,H3VJ0NS,Appartement ∙ 4 personnes,Blatten - Valais
28/03/2024,27/07/2024,03/08/2024,815.62,H3VJ0NS,Appartement ∙ 4 personnes,Blatten - Valais
28/03/2024,10/08/2024,17/08/2024,815.62,H3VJ0NS,Appartement ∙ 4 personnes,Blatten - Valais
28/03/2024,17/08/2024,24/08/2024,815.62,H3VJ0NS,Appartement ∙ 4 personnes,Blatten - Valais
28/03/2024,24/08/2024,31/08/2024,815.62,H3VJ0NS,Appartement ∙ 4 personnes,Blatten - Valais
28/03/2024,31/08/2024,07/09/2024,815.62,H3VJ0NS,Appartement ∙ 4 personnes,Blatten - Valais
28/03/2024,07/09/2024,14/09/2024,815.62,H3VJ0NS,Appartement ∙ 4 personnes,Blatten - Valais
28/03/2024,14/09/2024,21/09/2024,815.62,H3VJ0NS,Appartement ∙ 4 personnes,Blatten - Valais
28/03/2024,21/09/2024,28/09/2024,815.62,H3VJ0NS,Appartement ∙ 4 personnes,Blatten - Valais
28/03/2024,28/09/2024,05/10/2024,815.62,H3VJ0NS,Appartement ∙ 4 personnes,Blatten - Valais
28/03/2024,05/10/2024,12/10/2024,815.62,H3VJ0NS,Appartement ∙ 4 personnes,Blatten - Valais
28/03/2024,26/10/2024,02/11/2024,750.29,H3VJ0NS,Appartement ∙ 4 personnes,Blatten - Valais
28/03/2024,11/05/2024,18/05/2024,793.16,HHLNJEW,62 m² Appartement ∙ 2 chambres ∙ 5 personnes,Grächen - Valais
28/03/2024,18/05/2024,25/05/2024,793.16,HHLNJEW,62 m² Appartement ∙ 2 chambres ∙ 5 personnes,Grächen - Valais
28/03/2024,25/05/2024,01/06/2024,793.16,HHLNJEW,62 m² Appartement ∙ 2 chambres ∙ 5 personnes,Grächen - Valais
28/03/2024,01/06/2024,08/06/2024,793.16,HHLNJEW,62 m² Appartement ∙ 2 chambres ∙ 5 personnes,Grächen - Valais
28/03/2024,08/06/2024,15/06/2024,793.16,HHLNJEW,62 m² Appartement ∙ 2 chambres ∙ 5 personnes,Grächen - Valais
28/03/2024,29/06/2024,06/07/2024,793.16,HHLNJEW,62 m² Appartement ∙ 2 chambres ∙ 5 personnes,Grächen - Valais
28/03/2024,06/07/2024,13/07/2024,941.18,HHLNJEW,62 m² Appartement ∙ 2 chambres ∙ 5 personnes,Grächen - Valais
28/03/2024,05/10/2024,12/10/2024,793.16,HHLNJEW,62 m² Appartement ∙ 2 chambres ∙ 5 personnes,Grächen - Valais
28/03/2024,12/10/2024,19/10/2024,793.16,HHLNJEW,62 m² Appartement ∙ 2 chambres ∙ 5 personnes,Grächen - Valais
28/03/2024,19/10/2024,26/10/2024,793.16,HHLNJEW,62 m² Appartement ∙ 2 chambres ∙ 5 personnes,Grächen - Valais
28/03/2024,19/10/2024,26/10/2024,751.19,HY23G4A,46 m² Appartement ∙ 1 chambre ∙ 2 personnes,Zermatt - Valais
28/03/2024,08/06/2024,15/06/2024,1028.81,HKX6L7D,76 m² Appartement ∙ 2 chambres ∙ 6 personnes,Saas Fee - Valais
28/03/2024,15/06/2024,22/06/2024,1028.81,HKX6L7D,76 m² Appartement ∙ 2 chambres ∙ 6 personnes,Saas Fee - Valais
28/03/2024,22/06/2024,29/06/2024,1028.81,HKX6L7D,76 m² Appartement ∙ 2 chambres ∙ 6 personnes,Saas Fee - Valais
28/03/2024,29/06/2024,06/07/2024,1028.81,HKX6L7D,76 m² Appartement ∙ 2 chambres ∙ 6 personnes,Saas Fee - Valais
28/03/2024,06/07/2024,13/07/2024,1354.39,HKX6L7D,76 m² Appartement ∙ 2 chambres ∙ 6 personnes,Saas Fee - Valais
28/03/2024,13/07/2024,20/07/2024,1354.39,HKX6L7D,76 m² Appartement ∙ 2 chambres ∙ 6 personnes,Saas Fee - Valais
28/03/2024,17/08/2024,24/08/2024,1354.39,HKX6L7D,76 m² Appartement ∙ 2 chambres ∙ 6 personnes,Saas Fee - Valais
28/03/2024,31/08/2024,07/09/2024,1075.76,HKX6L7D,76 m² Appartement ∙ 2 chambres ∙ 6 personnes,Saas Fee - Valais
28/03/2024,07/09/2024,14/09/2024,1075.76,HKX6L7D,76 m² Appartement ∙ 2 chambres ∙ 6 personnes,Saas Fee - Valais
28/03/2024,14/09/2024,21/09/2024,1075.76,HKX6L7D,76 m² Appartement ∙ 2 chambres ∙ 6 personnes,Saas Fee - Valais
28/03/2024,21/09/2024,28/09/2024,1075.76,HKX6L7D,76 m² Appartement ∙ 2 chambres ∙ 6 personnes,Saas Fee - Valais
28/03/2024,28/09/2024,05/10/2024,1075.76,HKX6L7D,76 m² Appartement ∙ 2 chambres ∙ 6 personnes,Saas Fee - Valais
28/03/2024,05/10/2024,12/10/2024,1075.76,HKX6L7D,76 m² Appartement ∙ 2 chambres ∙ 6 personnes,Saas Fee - Valais
28/03/2024,30/03/2024,06/04/2024,947.36,H4RU0F8,75 m² Appartement ∙ 2 chambres ∙ 4 personnes,Saas-Almagell - Valais
28/03/2024,15/06/2024,22/06/2024,874.48,H4RU0F8,75 m² Appartement ∙ 2 chambres ∙ 4 personnes,Saas-Almagell - Valais
28/03/2024,29/06/2024,06/07/2024,874.48,H4RU0F8,75 m² Appartement ∙ 2 chambres ∙ 4 personnes,Saas-Almagell - Valais
28/03/2024,13/07/2024,20/07/2024,874.48,H4RU0F8,75 m² Appartement ∙ 2 chambres ∙ 4 personnes,Saas-Almagell - Valais
28/03/2024,27/07/2024,03/08/2024,874.48,H4RU0F8,75 m² Appartement ∙ 2 chambres ∙ 4 personnes,Saas-Almagell - Valais
28/03/2024,10/08/2024,17/08/2024,874.48,H4RU0F8,75 m² Appartement ∙ 2 chambres ∙ 4 personnes,Saas-Almagell - Valais
28/03/2024,31/08/2024,07/09/2024,874.48,H4RU0F8,75 m² Appartement ∙ 2 chambres ∙ 4 personnes,Saas-Almagell - Valais
28/03/2024,07/09/2024,14/09/2024,874.48,H4RU0F8,75 m² Appartement ∙ 2 chambres ∙ 4 personnes,Saas-Almagell - Valais
28/03/2024,14/09/2024,21/09/2024,874.48,H4RU0F8,75 m² Appartement ∙ 2 chambres ∙ 4 personnes,Saas-Almagell - Valais
28/03/2024,21/09/2024,28/09/2024,874.48,H4RU0F8,75 m² Appartement ∙ 2 chambres ∙ 4 personnes,Saas-Almagell - Valais
28/03/2024,28/09/2024,05/10/2024,874.48,H4RU0F8,75 m² Appartement ∙ 2 chambres ∙ 4 personnes,Saas-Almagell - Valais
28/03/2024,05/10/2024,12/10/2024,874.48,H4RU0F8,75 m² Appartement ∙ 2 chambres ∙ 4 personnes,Saas-Almagell - Valais
28/03/2024,06/04/2024,13/04/2024,941.04,H3BXHN4,100 m² Appartement ∙ 3 chambres ∙ 4 personnes,Goms - Valais
28/03/2024,13/04/2024,20/04/2024,941.04,H3BXHN4,100 m² Appartement ∙ 3 chambres ∙ 4 personnes,Goms - Valais
28/03/2024,20/04/2024,27/04/2024,941.04,H3BXHN4,100 m² Appartement ∙ 3 chambres ∙ 4 personnes,Goms - Valais
28/03/2024,27/04/2024,04/05/2024,941.04,H3BXHN4,100 m² Appartement ∙ 3 chambres ∙ 4 personnes,Goms - Valais
28/03/2024,04/05/2024,11/05/2024,941.04,H3BXHN4,100 m² Appartement ∙ 3 chambres ∙ 4 personnes,Goms - Valais
28/03/2024,11/05/2024,18/05/2024,941.04,H3BXHN4,100 m² Appartement ∙ 3 chambres ∙ 4 personnes,Goms - Valais
28/03/2024,18/05/2024,25/05/2024,941.04,H3BXHN4,100 m² Appartement ∙ 3 chambres ∙ 4 personnes,Goms - Valais
28/03/2024,25/05/2024,01/06/2024,941.04,H3BXHN4,100 m² Appartement ∙ 3 chambres ∙ 4 personnes,Goms - Valais
28/03/2024,01/06/2024,08/06/2024,941.04,H3BXHN4,100 m² Appartement ∙ 3 chambres ∙ 4 personnes,Goms - Valais
28/03/2024,08/06/2024,15/06/2024,941.04,H3BXHN4,100 m² Appartement ∙ 3 chambres ∙ 4 personnes,Goms - Valais
28/03/2024,15/06/2024,22/06/2024,941.04,H3BXHN4,100 m² Appartement ∙ 3 chambres ∙ 4 personnes,Goms - Valais
28/03/2024,22/06/2024,29/06/2024,941.04,H3BXHN4,100 m² Appartement ∙ 3 chambres ∙ 4 personnes,Goms - Valais
28/03/2024,14/09/2024,21/09/2024,941.04,H3BXHN4,100 m² Appartement ∙ 3 chambres ∙ 4 personnes,Goms - Valais
28/03/2024,21/09/2024,28/09/2024,941.04,H3BXHN4,100 m² Appartement ∙ 3 chambres ∙ 4 personnes,Goms - Valais
28/03/2024,28/09/2024,05/10/2024,941.04,H3BXHN4,100 m² Appartement ∙ 3 chambres ∙ 4 personnes,Goms - Valais
28/03/2024,05/10/2024,12/10/2024,882.86,H3BXHN4,100 m² Appartement ∙ 3 chambres ∙ 4 personnes,Goms - Valais
28/03/2024,12/10/2024,19/10/2024,882.86,H3BXHN4,100 m² Appartement ∙ 3 chambres ∙ 4 personnes,Goms - Valais
28/03/2024,19/10/2024,26/10/2024,882.86,H3BXHN4,100 m² Appartement ∙ 3 chambres ∙ 4 personnes,Goms - Valais
28/03/2024,26/10/2024,02/11/2024,882.86,H3BXHN4,100 m² Appartement ∙ 3 chambres ∙ 4 personnes,Goms - Valais
28/03/2024,20/04/2024,27/04/2024,769.67,H721LDU,36 m² Appartement ∙ 1 chambre ∙ 4 personnes,Saas-Almagell - Valais
28/03/2024,01/06/2024,08/06/2024,769.67,H721LDU,36 m² Appartement ∙ 1 chambre ∙ 4 personnes,Saas-Almagell - Valais
28/03/2024,08/06/2024,15/06/2024,769.67,H721LDU,36 m² Appartement ∙ 1 chambre ∙ 4 personnes,Saas-Almagell - Valais
28/03/2024,15/06/2024,22/06/2024,769.67,H721LDU,36 m² Appartement ∙ 1 chambre ∙ 4 personnes,Saas-Almagell - Valais
28/03/2024,21/09/2024,28/09/2024,769.67,H721LDU,36 m² Appartement ∙ 1 chambre ∙ 4 personnes,Saas-Almagell - Valais
28/03/2024,28/09/2024,05/10/2024,769.67,H721LDU,36 m² Appartement ∙ 1 chambre ∙ 4 personnes,Saas-Almagell - Valais
28/03/2024,05/10/2024,12/10/2024,769.67,H721LDU,36 m² Appartement ∙ 1 chambre ∙ 4 personnes,Saas-Almagell - Valais
28/03/2024,12/10/2024,19/10/2024,769.67,H721LDU,36 m² Appartement ∙ 1 chambre ∙ 4 personnes,Saas-Almagell - Valais
28/03/2024,19/10/2024,26/10/2024,769.67,H721LDU,36 m² Appartement ∙ 1 chambre ∙ 4 personnes,Saas-Almagell - Valais
28/03/2024,26/10/2024,02/11/2024,769.67,H721LDU,36 m² Appartement ∙ 1 chambre ∙ 4 personnes,Saas-Almagell - Valais
28/03/2024,25/05/2024,01/06/2024,832.84,HT1E4D7,35 m² Appartement ∙ 1 chambre ∙ 3 personnes,Zermatt - Valais
28/03/2024,07/09/2024,14/09/2024,832.84,HT1E4D7,35 m² Appartement ∙ 1 chambre ∙ 3 personnes,Zermatt - Valais
28/03/2024,14/09/2024,21/09/2024,832.84,HT1E4D7,35 m² Appartement ∙ 1 chambre ∙ 3 personnes,Zermatt - Valais
28/03/2024,21/09/2024,28/09/2024,832.84,HT1E4D7,35 m² Appartement ∙ 1 chambre ∙ 3 personnes,Zermatt - Valais
28/03/2024,28/09/2024,05/10/2024,832.84,HT1E4D7,35 m² Appartement ∙ 1 chambre ∙ 3 personnes,Zermatt - Valais
28/03/2024,12/10/2024,19/10/2024,832.84,HT1E4D7,35 m² Appartement ∙ 1 chambre ∙ 3 personnes,Zermatt - Valais
28/03/2024,19/10/2024,26/10/2024,832.84,HT1E4D7,35 m² Appartement ∙ 1 chambre ∙ 3 personnes,Zermatt - Valais
28/03/2024,26/10/2024,02/11/2024,832.84,HT1E4D7,35 m² Appartement ∙ 1 chambre ∙ 3 personnes,Zermatt - Valais
28/03/2024,30/03/2024,06/04/2024,1371.74,H9LKRVD,120 m² Maison de vacances ∙ 3 chambres ∙ 6 personnes,Ovronnaz - Leytron - Valais
28/03/2024,06/04/2024,13/04/2024,1371.74,H9LKRVD,120 m² Maison de vacances ∙ 3 chambres ∙ 6 personnes,Ovronnaz - Leytron - Valais
28/03/2024,13/04/2024,20/04/2024,1371.74,H9LKRVD,120 m² Maison de vacances ∙ 3 chambres ∙ 6 personnes,Ovronnaz - Leytron - Valais
28/03/2024,20/04/2024,27/04/2024,1371.74,H9LKRVD,120 m² Maison de vacances ∙ 3 chambres ∙ 6 personnes,Ovronnaz - Leytron - Valais
28/03/2024,27/04/2024,04/05/2024,1371.74,H9LKRVD,120 m² Maison de vacances ∙ 3 chambres ∙ 6 personnes,Ovronnaz - Leytron - Valais
28/03/2024,04/05/2024,11/05/2024,1371.74,H9LKRVD,120 m² Maison de vacances ∙ 3 chambres ∙ 6 personnes,Ovronnaz - Leytron - Valais
28/03/2024,11/05/2024,18/05/2024,1371.74,H9LKRVD,120 m² Maison de vacances ∙ 3 chambres ∙ 6 personnes,Ovronnaz - Leytron - Valais
28/03/2024,18/05/2024,25/05/2024,1371.74,H9LKRVD,120 m² Maison de vacances ∙ 3 chambres ∙ 6 personnes,Ovronnaz - Leytron - Valais
28/03/2024,15/06/2024,22/06/2024,1371.74,H9LKRVD,120 m² Maison de vacances ∙ 3 chambres ∙ 6 personnes,Ovronnaz - Leytron - Valais
28/03/2024,24/08/2024,31/08/2024,1423.80,H9LKRVD,120 m² Maison de vacances ∙ 3 chambres ∙ 6 personnes,Ovronnaz - Leytron - Valais
28/03/2024,07/09/2024,14/09/2024,1371.74,H9LKRVD,120 m² Maison de vacances ∙ 3 chambres ∙ 6 personnes,Ovronnaz - Leytron - Valais
28/03/2024,14/09/2024,21/09/2024,1371.74,H9LKRVD,120 m² Maison de vacances ∙ 3 chambres ∙ 6 personnes,Ovronnaz - Leytron - Valais
28/03/2024,21/09/2024,28/09/2024,1371.74,H9LKRVD,120 m² Maison de vacances ∙ 3 chambres ∙ 6 personnes,Ovronnaz - Leytron - Valais
28/03/2024,28/09/2024,05/10/2024,1371.74,H9LKRVD,120 m² Maison de vacances ∙ 3 chambres ∙ 6 personnes,Ovronnaz - Leytron - Valais
28/03/2024,05/10/2024,12/10/2024,1371.74,H9LKRVD,120 m² Maison de vacances ∙ 3 chambres ∙ 6 personnes,Ovronnaz - Leytron - Valais
28/03/2024,12/10/2024,19/10/2024,1371.74,H9LKRVD,120 m² Maison de vacances ∙ 3 chambres ∙ 6 personnes,Ovronnaz - Leytron - Valais
28/03/2024,19/10/2024,26/10/2024,1371.74,H9LKRVD,120 m² Maison de vacances ∙ 3 chambres ∙ 6 personnes,Ovronnaz - Leytron - Valais
28/03/2024,26/10/2024,02/11/2024,1371.74,H9LKRVD,120 m² Maison de vacances ∙ 3 chambres ∙ 6 personnes,Ovronnaz - Leytron - Valais
28/03/2024,06/04/2024,13/04/2024,1299.58,HH3DUP8,60 m² Appartement ∙ 1 chambre ∙ 4 personnes,Saas Fee - Valais
28/03/2024,13/04/2024,20/04/2024,1299.58,HH3DUP8,60 m² Appartement ∙ 1 chambre ∙ 4 personnes,Saas Fee - Valais
28/03/2024,01/06/2024,08/06/2024,917.35,HH3DUP8,60 m² Appartement ∙ 1 chambre ∙ 4 personnes,Saas Fee - Valais
28/03/2024,08/06/2024,15/06/2024,917.35,HH3DUP8,60 m² Appartement ∙ 1 chambre ∙ 4 personnes,Saas Fee - Valais
28/03/2024,15/06/2024,22/06/2024,917.35,HH3DUP8,60 m² Appartement ∙ 1 chambre ∙ 4 personnes,Saas Fee - Valais
28/03/2024,22/06/2024,29/06/2024,917.35,HH3DUP8,60 m² Appartement ∙ 1 chambre ∙ 4 personnes,Saas Fee - Valais
28/03/2024,29/06/2024,06/07/2024,917.35,HH3DUP8,60 m² Appartement ∙ 1 chambre ∙ 4 personnes,Saas Fee - Valais
28/03/2024,06/07/2024,13/07/2024,917.35,HH3DUP8,60 m² Appartement ∙ 1 chambre ∙ 4 personnes,Saas Fee - Valais
28/03/2024,27/07/2024,03/08/2024,917.35,HH3DUP8,60 m² Appartement ∙ 1 chambre ∙ 4 personnes,Saas Fee - Valais
28/03/2024,03/08/2024,10/08/2024,917.35,HH3DUP8,60 m² Appartement ∙ 1 chambre ∙ 4 personnes,Saas Fee - Valais
28/03/2024,10/08/2024,17/08/2024,917.35,HH3DUP8,60 m² Appartement ∙ 1 chambre ∙ 4 personnes,Saas Fee - Valais
28/03/2024,31/08/2024,07/09/2024,917.35,HH3DUP8,60 m² Appartement ∙ 1 chambre ∙ 4 personnes,Saas Fee - Valais
28/03/2024,07/09/2024,14/09/2024,917.35,HH3DUP8,60 m² Appartement ∙ 1 chambre ∙ 4 personnes,Saas Fee - Valais
28/03/2024,14/09/2024,21/09/2024,917.35,HH3DUP8,60 m² Appartement ∙ 1 chambre ∙ 4 personnes,Saas Fee - Valais
28/03/2024,21/09/2024,28/09/2024,917.35,HH3DUP8,60 m² Appartement ∙ 1 chambre ∙ 4 personnes,Saas Fee - Valais
28/03/2024,12/10/2024,19/10/2024,917.35,HH3DUP8,60 m² Appartement ∙ 1 chambre ∙ 4 personnes,Saas Fee - Valais
28/03/2024,19/10/2024,26/10/2024,917.35,HH3DUP8,60 m² Appartement ∙ 1 chambre ∙ 4 personnes,Saas Fee - Valais
28/03/2024,26/10/2024,02/11/2024,917.35,HH3DUP8,60 m² Appartement ∙ 1 chambre ∙ 4 personnes,Saas Fee - Valais
28/03/2024,04/05/2024,11/05/2024,428.67,H6ABED5,Appartement ∙ 1 chambre ∙ 4 personnes,Grächen - Valais
28/03/2024,11/05/2024,18/05/2024,428.67,H6ABED5,Appartement ∙ 1 chambre ∙ 4 personnes,Grächen - Valais
28/03/2024,18/05/2024,25/05/2024,428.67,H6ABED5,Appartement ∙ 1 chambre ∙ 4 personnes,Grächen - Valais
28/03/2024,25/05/2024,01/06/2024,428.67,H6ABED5,Appartement ∙ 1 chambre ∙ 4 personnes,Grächen - Valais
28/03/2024,01/06/2024,08/06/2024,428.67,H6ABED5,Appartement ∙ 1 chambre ∙ 4 personnes,Grächen - Valais
28/03/2024,08/06/2024,15/06/2024,428.67,H6ABED5,Appartement ∙ 1 chambre ∙ 4 personnes,Grächen - Valais
28/03/2024,15/06/2024,22/06/2024,428.67,H6ABED5,Appartement ∙ 1 chambre ∙ 4 personnes,Grächen - Valais
28/03/2024,22/06/2024,29/06/2024,428.67,H6ABED5,Appartement ∙ 1 chambre ∙ 4 personnes,Grächen - Valais
28/03/2024,29/06/2024,06/07/2024,472.86,H6ABED5,Appartement ∙ 1 chambre ∙ 4 personnes,Grächen - Valais
28/03/2024,06/07/2024,13/07/2024,500.12,H6ABED5,Appartement ∙ 1 chambre ∙ 4 personnes,Grächen - Valais
28/03/2024,13/07/2024,20/07/2024,500.12,H6ABED5,Appartement ∙ 1 chambre ∙ 4 personnes,Grächen - Valais
28/03/2024,20/07/2024,27/07/2024,500.12,H6ABED5,Appartement ∙ 1 chambre ∙ 4 personnes,Grächen - Valais
28/03/2024,27/07/2024,03/08/2024,500.12,H6ABED5,Appartement ∙ 1 chambre ∙ 4 personnes,Grächen - Valais
28/03/2024,03/08/2024,10/08/2024,500.12,H6ABED5,Appartement ∙ 1 chambre ∙ 4 personnes,Grächen - Valais
28/03/2024,10/08/2024,17/08/2024,523.89,H6ABED5,Appartement ∙ 1 chambre ∙ 4 personnes,Grächen - Valais
28/03/2024,17/08/2024,24/08/2024,428.67,H6ABED5,Appartement ∙ 1 chambre ∙ 4 personnes,Grächen - Valais
28/03/2024,24/08/2024,31/08/2024,428.67,H6ABED5,Appartement ∙ 1 chambre ∙ 4 personnes,Grächen - Valais
28/03/2024,14/09/2024,21/09/2024,428.67,H6ABED5,Appartement ∙ 1 chambre ∙ 4 personnes,Grächen - Valais
28/03/2024,21/09/2024,28/09/2024,472.86,H6ABED5,Appartement ∙ 1 chambre ∙ 4 personnes,Grächen - Valais
28/03/2024,28/09/2024,05/10/2024,500.12,H6ABED5,Appartement ∙ 1 chambre ∙ 4 personnes,Grächen - Valais
28/03/2024,05/10/2024,12/10/2024,500.12,H6ABED5,Appartement ∙ 1 chambre ∙ 4 personnes,Grächen - Valais
28/03/2024,12/10/2024,19/10/2024,500.12,H6ABED5,Appartement ∙ 1 chambre ∙ 4 personnes,Grächen - Valais
28/03/2024,30/03/2024,06/04/2024,464.39,HVZ418K,38 m² Village vacances ∙ 1 chambre ∙ 2 personnes,Ernen - Valais
28/03/2024,06/04/2024,13/04/2024,413.36,HVZ418K,38 m² Village vacances ∙ 1 chambre ∙ 2 personnes,Ernen - Valais
28/03/2024,13/04/2024,20/04/2024,531.75,HVZ418K,38 m² Village vacances ∙ 1 chambre ∙ 2 personnes,Ernen - Valais
28/03/2024,20/04/2024,27/04/2024,531.75,HVZ418K,38 m² Village vacances ∙ 1 chambre ∙ 2 personnes,Ernen - Valais
28/03/2024,27/04/2024,04/05/2024,531.75,HVZ418K,38 m² Village vacances ∙ 1 chambre ∙ 2 personnes,Ernen - Valais
28/03/2024,18/05/2024,25/05/2024,531.75,HVZ418K,38 m² Village vacances ∙ 1 chambre ∙ 2 personnes,Ernen - Valais
28/03/2024,25/05/2024,01/06/2024,531.75,HVZ418K,38 m² Village vacances ∙ 1 chambre ∙ 2 personnes,Ernen - Valais
28/03/2024,13/07/2024,20/07/2024,680.77,HVZ418K,38 m² Village vacances ∙ 1 chambre ∙ 2 personnes,Ernen - Valais
28/03/2024,07/09/2024,14/09/2024,532.64,HVZ418K,38 m² Village vacances ∙ 1 chambre ∙ 2 personnes,Ernen - Valais
28/03/2024,14/09/2024,21/09/2024,532.64,HVZ418K,38 m² Village vacances ∙ 1 chambre ∙ 2 personnes,Ernen - Valais
28/03/2024,21/09/2024,28/09/2024,532.64,HVZ418K,38 m² Village vacances ∙ 1 chambre ∙ 2 personnes,Ernen - Valais
28/03/2024,05/10/2024,12/10/2024,532.64,HVZ418K,38 m² Village vacances ∙ 1 chambre ∙ 2 personnes,Ernen - Valais
28/03/2024,12/10/2024,19/10/2024,532.64,HVZ418K,38 m² Village vacances ∙ 1 chambre ∙ 2 personnes,Ernen - Valais
28/03/2024,19/10/2024,26/10/2024,532.64,HVZ418K,38 m² Village vacances ∙ 1 chambre ∙ 2 personnes,Ernen - Valais
28/03/2024,26/10/2024,02/11/2024,532.64,HVZ418K,38 m² Village vacances ∙ 1 chambre ∙ 2 personnes,Ernen - Valais
28/03/2024,30/03/2024,06/04/2024,1244.20,HDRKGW3,Appartement ∙ 3 chambres ∙ 6 personnes,Val-d'Illiez - Valais
28/03/2024,06/04/2024,13/04/2024,1244.20,HDRKGW3,Appartement ∙ 3 chambres ∙ 6 personnes,Val-d'Illiez - Valais
28/03/2024,13/04/2024,20/04/2024,1244.20,HDRKGW3,Appartement ∙ 3 chambres ∙ 6 personnes,Val-d'Illiez - Valais
28/03/2024,20/04/2024,27/04/2024,1244.20,HDRKGW3,Appartement ∙ 3 chambres ∙ 6 personnes,Val-d'Illiez - Valais
28/03/2024,27/04/2024,04/05/2024,1244.20,HDRKGW3,Appartement ∙ 3 chambres ∙ 6 personnes,Val-d'Illiez - Valais
28/03/2024,04/05/2024,11/05/2024,1244.20,HDRKGW3,Appartement ∙ 3 chambres ∙ 6 personnes,Val-d'Illiez - Valais
28/03/2024,13/04/2024,20/04/2024,624.66,HXDU69V,Appartement ∙ 1 chambre ∙ 4 personnes,Val-d'Illiez - Valais
28/03/2024,20/04/2024,27/04/2024,624.66,HXDU69V,Appartement ∙ 1 chambre ∙ 4 personnes,Val-d'Illiez - Valais
28/03/2024,27/04/2024,04/05/2024,624.66,HXDU69V,Appartement ∙ 1 chambre ∙ 4 personnes,Val-d'Illiez - Valais
28/03/2024,04/05/2024,11/05/2024,624.66,HXDU69V,Appartement ∙ 1 chambre ∙ 4 personnes,Val-d'Illiez - Valais
28/03/2024,11/05/2024,18/05/2024,624.66,HXDU69V,Appartement ∙ 1 chambre ∙ 4 personnes,Val-d'Illiez - Valais
28/03/2024,18/05/2024,25/05/2024,624.66,HXDU69V,Appartement ∙ 1 chambre ∙ 4 personnes,Val-d'Illiez - Valais
28/03/2024,25/05/2024,01/06/2024,624.66,HXDU69V,Appartement ∙ 1 chambre ∙ 4 personnes,Val-d'Illiez - Valais
28/03/2024,01/06/2024,08/06/2024,624.66,HXDU69V,Appartement ∙ 1 chambre ∙ 4 personnes,Val-d'Illiez - Valais
28/03/2024,08/06/2024,15/06/2024,624.66,HXDU69V,Appartement ∙ 1 chambre ∙ 4 personnes,Val-d'Illiez - Valais
28/03/2024,15/06/2024,22/06/2024,624.66,HXDU69V,Appartement ∙ 1 chambre ∙ 4 personnes,Val-d'Illiez - Valais
28/03/2024,22/06/2024,29/06/2024,624.66,HXDU69V,Appartement ∙ 1 chambre ∙ 4 personnes,Val-d'Illiez - Valais
28/03/2024,29/06/2024,06/07/2024,624.66,HXDU69V,Appartement ∙ 1 chambre ∙ 4 personnes,Val-d'Illiez - Valais
28/03/2024,06/07/2024,13/07/2024,624.66,HXDU69V,Appartement ∙ 1 chambre ∙ 4 personnes,Val-d'Illiez - Valais
28/03/2024,13/07/2024,20/07/2024,624.66,HXDU69V,Appartement ∙ 1 chambre ∙ 4 personnes,Val-d'Illiez - Valais
28/03/2024,20/07/2024,27/07/2024,624.66,HXDU69V,Appartement ∙ 1 chambre ∙ 4 personnes,Val-d'Illiez - Valais
28/03/2024,27/07/2024,03/08/2024,624.66,HXDU69V,Appartement ∙ 1 chambre ∙ 4 personnes,Val-d'Illiez - Valais
28/03/2024,03/08/2024,10/08/2024,624.66,HXDU69V,Appartement ∙ 1 chambre ∙ 4 personnes,Val-d'Illiez - Valais
28/03/2024,10/08/2024,17/08/2024,624.66,HXDU69V,Appartement ∙ 1 chambre ∙ 4 personnes,Val-d'Illiez - Valais
28/03/2024,17/08/2024,24/08/2024,624.66,HXDU69V,Appartement ∙ 1 chambre ∙ 4 personnes,Val-d'Illiez - Valais
28/03/2024,24/08/2024,31/08/2024,624.66,HXDU69V,Appartement ∙ 1 chambre ∙ 4 personnes,Val-d'Illiez - Valais
28/03/2024,31/08/2024,07/09/2024,624.66,HXDU69V,Appartement ∙ 1 chambre ∙ 4 personnes,Val-d'Illiez - Valais
28/03/2024,07/09/2024,14/09/2024,624.66,HXDU69V,Appartement ∙ 1 chambre ∙ 4 personnes,Val-d'Illiez - Valais
28/03/2024,14/09/2024,21/09/2024,624.66,HXDU69V,Appartement ∙ 1 chambre ∙ 4 personnes,Val-d'Illiez - Valais
28/03/2024,21/09/2024,28/09/2024,624.66,HXDU69V,Appartement ∙ 1 chambre ∙ 4 personnes,Val-d'Illiez - Valais
28/03/2024,28/09/2024,05/10/2024,624.66,HXDU69V,Appartement ∙ 1 chambre ∙ 4 personnes,Val-d'Illiez - Valais
28/03/2024,05/10/2024,12/10/2024,624.66,HXDU69V,Appartement ∙ 1 chambre ∙ 4 personnes,Val-d'Illiez - Valais
28/03/2024,12/10/2024,19/10/2024,624.66,HXDU69V,Appartement ∙ 1 chambre ∙ 4 personnes,Val-d'Illiez - Valais
28/03/2024,19/10/2024,26/10/2024,624.66,HXDU69V,Appartement ∙ 1 chambre ∙ 4 personnes,Val-d'Illiez - Valais
28/03/2024,26/10/2024,02/11/2024,624.66,HXDU69V,Appartement ∙ 1 chambre ∙ 4 personnes,Val-d'Illiez - Valais
28/03/2024,29/06/2024,06/07/2024,2171.46,H2B7XP9,95 m² Appartement ∙ 2 chambres ∙ 5 personnes,Zermatt - Valais
28/03/2024,06/07/2024,13/07/2024,2171.46,H2B7XP9,95 m² Appartement ∙ 2 chambres ∙ 5 personnes,Zermatt - Valais
28/03/2024,31/08/2024,07/09/2024,1639.33,H2B7XP9,95 m² Appartement ∙ 2 chambres ∙ 5 personnes,Zermatt - Valais
28/03/2024,14/09/2024,21/09/2024,1639.33,H2B7XP9,95 m² Appartement ∙ 2 chambres ∙ 5 personnes,Zermatt - Valais
28/03/2024,19/10/2024,26/10/2024,1639.33,H2B7XP9,95 m² Appartement ∙ 2 chambres ∙ 5 personnes,Zermatt - Valais
28/03/2024,30/03/2024,06/04/2024,1431.93,H73WE9J,100 m² Appartement ∙ 3 chambres ∙ 6 personnes,Saas Grund - Valais
28/03/2024,08/06/2024,15/06/2024,1148.60,H73WE9J,100 m² Appartement ∙ 3 chambres ∙ 6 personnes,Saas Grund - Valais
28/03/2024,15/06/2024,22/06/2024,1148.60,H73WE9J,100 m² Appartement ∙ 3 chambres ∙ 6 personnes,Saas Grund - Valais
28/03/2024,22/06/2024,29/06/2024,1148.60,H73WE9J,100 m² Appartement ∙ 3 chambres ∙ 6 personnes,Saas Grund - Valais
28/03/2024,29/06/2024,06/07/2024,1148.60,H73WE9J,100 m² Appartement ∙ 3 chambres ∙ 6 personnes,Saas Grund - Valais
28/03/2024,06/07/2024,13/07/2024,1531.47,H73WE9J,100 m² Appartement ∙ 3 chambres ∙ 6 personnes,Saas Grund - Valais
28/03/2024,13/07/2024,20/07/2024,1531.47,H73WE9J,100 m² Appartement ∙ 3 chambres ∙ 6 personnes,Saas Grund - Valais
28/03/2024,20/07/2024,27/07/2024,1531.47,H73WE9J,100 m² Appartement ∙ 3 chambres ∙ 6 personnes,Saas Grund - Valais
28/03/2024,27/07/2024,03/08/2024,1531.47,H73WE9J,100 m² Appartement ∙ 3 chambres ∙ 6 personnes,Saas Grund - Valais
28/03/2024,03/08/2024,10/08/2024,1531.47,H73WE9J,100 m² Appartement ∙ 3 chambres ∙ 6 personnes,Saas Grund - Valais
28/03/2024,17/08/2024,24/08/2024,1531.47,H73WE9J,100 m² Appartement ∙ 3 chambres ∙ 6 personnes,Saas Grund - Valais
28/03/2024,24/08/2024,31/08/2024,1531.47,H73WE9J,100 m² Appartement ∙ 3 chambres ∙ 6 personnes,Saas Grund - Valais
28/03/2024,31/08/2024,07/09/2024,1225.18,H73WE9J,100 m² Appartement ∙ 3 chambres ∙ 6 personnes,Saas Grund - Valais
28/03/2024,07/09/2024,14/09/2024,1225.18,H73WE9J,100 m² Appartement ∙ 3 chambres ∙ 6 personnes,Saas Grund - Valais
28/03/2024,14/09/2024,21/09/2024,1225.18,H73WE9J,100 m² Appartement ∙ 3 chambres ∙ 6 personnes,Saas Grund - Valais
28/03/2024,21/09/2024,28/09/2024,1225.18,H73WE9J,100 m² Appartement ∙ 3 chambres ∙ 6 personnes,Saas Grund - Valais
28/03/2024,28/09/2024,05/10/2024,1225.18,H73WE9J,100 m² Appartement ∙ 3 chambres ∙ 6 personnes,Saas Grund - Valais
28/03/2024,05/10/2024,12/10/2024,1225.18,H73WE9J,100 m² Appartement ∙ 3 chambres ∙ 6 personnes,Saas Grund - Valais
28/03/2024,12/10/2024,19/10/2024,1225.18,H73WE9J,100 m² Appartement ∙ 3 chambres ∙ 6 personnes,Saas Grund - Valais
28/03/2024,19/10/2024,26/10/2024,1225.18,H73WE9J,100 m² Appartement ∙ 3 chambres ∙ 6 personnes,Saas Grund - Valais
28/03/2024,20/04/2024,27/04/2024,2130.94,HDJF2X6,94 m² Appartement ∙ 2 chambres ∙ 4 personnes,Saas Fee - Valais
28/03/2024,27/04/2024,04/05/2024,2013.89,HDJF2X6,94 m² Appartement ∙ 2 chambres ∙ 4 personnes,Saas Fee - Valais
28/03/2024,04/05/2024,11/05/2024,2013.89,HDJF2X6,94 m² Appartement ∙ 2 chambres ∙ 4 personnes,Saas Fee - Valais
28/03/2024,11/05/2024,18/05/2024,2013.89,HDJF2X6,94 m² Appartement ∙ 2 chambres ∙ 4 personnes,Saas Fee - Valais
28/03/2024,18/05/2024,25/05/2024,2013.89,HDJF2X6,94 m² Appartement ∙ 2 chambres ∙ 4 personnes,Saas Fee - Valais
28/03/2024,25/05/2024,01/06/2024,2013.89,HDJF2X6,94 m² Appartement ∙ 2 chambres ∙ 4 personnes,Saas Fee - Valais
28/03/2024,01/06/2024,08/06/2024,2013.89,HDJF2X6,94 m² Appartement ∙ 2 chambres ∙ 4 personnes,Saas Fee - Valais
28/03/2024,08/06/2024,15/06/2024,2013.89,HDJF2X6,94 m² Appartement ∙ 2 chambres ∙ 4 personnes,Saas Fee - Valais
28/03/2024,15/06/2024,22/06/2024,2013.89,HDJF2X6,94 m² Appartement ∙ 2 chambres ∙ 4 personnes,Saas Fee - Valais
28/03/2024,22/06/2024,29/06/2024,2013.89,HDJF2X6,94 m² Appartement ∙ 2 chambres ∙ 4 personnes,Saas Fee - Valais
28/03/2024,29/06/2024,06/07/2024,2013.89,HDJF2X6,94 m² Appartement ∙ 2 chambres ∙ 4 personnes,Saas Fee - Valais
28/03/2024,20/07/2024,27/07/2024,2141.68,HDJF2X6,94 m² Appartement ∙ 2 chambres ∙ 4 personnes,Saas Fee - Valais
28/03/2024,17/08/2024,24/08/2024,2141.68,HDJF2X6,94 m² Appartement ∙ 2 chambres ∙ 4 personnes,Saas Fee - Valais
28/03/2024,24/08/2024,31/08/2024,2141.68,HDJF2X6,94 m² Appartement ∙ 2 chambres ∙ 4 personnes,Saas Fee - Valais
28/03/2024,07/09/2024,14/09/2024,2141.68,HDJF2X6,94 m² Appartement ∙ 2 chambres ∙ 4 personnes,Saas Fee - Valais
28/03/2024,14/09/2024,21/09/2024,2141.68,HDJF2X6,94 m² Appartement ∙ 2 chambres ∙ 4 personnes,Saas Fee - Valais
28/03/2024,21/09/2024,28/09/2024,2141.68,HDJF2X6,94 m² Appartement ∙ 2 chambres ∙ 4 personnes,Saas Fee - Valais
28/03/2024,28/09/2024,05/10/2024,2141.68,HDJF2X6,94 m² Appartement ∙ 2 chambres ∙ 4 personnes,Saas Fee - Valais
28/03/2024,05/10/2024,12/10/2024,2141.68,HDJF2X6,94 m² Appartement ∙ 2 chambres ∙ 4 personnes,Saas Fee - Valais
28/03/2024,12/10/2024,19/10/2024,2141.68,HDJF2X6,94 m² Appartement ∙ 2 chambres ∙ 4 personnes,Saas Fee - Valais
28/03/2024,19/10/2024,26/10/2024,2141.68,HDJF2X6,94 m² Appartement ∙ 2 chambres ∙ 4 personnes,Saas Fee - Valais
28/03/2024,26/10/2024,02/11/2024,2141.68,HDJF2X6,94 m² Appartement ∙ 2 chambres ∙ 4 personnes,Saas Fee - Valais
28/03/2024,06/04/2024,13/04/2024,1392.43,HF4KJ1R,120 m² Maison de vacances ∙ 4 chambres ∙ 8 personnes,Orsières - Valais
28/03/2024,13/04/2024,20/04/2024,1392.43,HF4KJ1R,120 m² Maison de vacances ∙ 4 chambres ∙ 8 personnes,Orsières - Valais
28/03/2024,20/04/2024,27/04/2024,1392.43,HF4KJ1R,120 m² Maison de vacances ∙ 4 chambres ∙ 8 personnes,Orsières - Valais
28/03/2024,27/04/2024,04/05/2024,1392.43,HF4KJ1R,120 m² Maison de vacances ∙ 4 chambres ∙ 8 personnes,Orsières - Valais
28/03/2024,18/05/2024,25/05/2024,1392.43,HF4KJ1R,120 m² Maison de vacances ∙ 4 chambres ∙ 8 personnes,Orsières - Valais
28/03/2024,03/08/2024,10/08/2024,2769.53,HF4KJ1R,120 m² Maison de vacances ∙ 4 chambres ∙ 8 personnes,Orsières - Valais
28/03/2024,14/09/2024,21/09/2024,1392.43,HF4KJ1R,120 m² Maison de vacances ∙ 4 chambres ∙ 8 personnes,Orsières - Valais
28/03/2024,21/09/2024,28/09/2024,1392.43,HF4KJ1R,120 m² Maison de vacances ∙ 4 chambres ∙ 8 personnes,Orsières - Valais
28/03/2024,28/09/2024,05/10/2024,1392.43,HF4KJ1R,120 m² Maison de vacances ∙ 4 chambres ∙ 8 personnes,Orsières - Valais
28/03/2024,05/10/2024,12/10/2024,1392.43,HF4KJ1R,120 m² Maison de vacances ∙ 4 chambres ∙ 8 personnes,Orsières - Valais
28/03/2024,12/10/2024,19/10/2024,1392.43,HF4KJ1R,120 m² Maison de vacances ∙ 4 chambres ∙ 8 personnes,Orsières - Valais
28/03/2024,19/10/2024,26/10/2024,1392.43,HF4KJ1R,120 m² Maison de vacances ∙ 4 chambres ∙ 8 personnes,Orsières - Valais
28/03/2024,08/06/2024,15/06/2024,925.78,H9JLBRF,67 m² Appartement ∙ 3 chambres ∙ 5 personnes,Saas Grund - Valais
28/03/2024,15/06/2024,22/06/2024,925.78,H9JLBRF,67 m² Appartement ∙ 3 chambres ∙ 5 personnes,Saas Grund - Valais
28/03/2024,13/07/2024,20/07/2024,1139.42,H9JLBRF,67 m² Appartement ∙ 3 chambres ∙ 5 personnes,Saas Grund - Valais
28/03/2024,07/09/2024,14/09/2024,925.78,H9JLBRF,67 m² Appartement ∙ 3 chambres ∙ 5 personnes,Saas Grund - Valais
28/03/2024,14/09/2024,21/09/2024,925.78,H9JLBRF,67 m² Appartement ∙ 3 chambres ∙ 5 personnes,Saas Grund - Valais
28/03/2024,21/09/2024,28/09/2024,925.78,H9JLBRF,67 m² Appartement ∙ 3 chambres ∙ 5 personnes,Saas Grund - Valais
28/03/2024,28/09/2024,05/10/2024,925.78,H9JLBRF,67 m² Appartement ∙ 3 chambres ∙ 5 personnes,Saas Grund - Valais
28/03/2024,05/10/2024,12/10/2024,925.78,H9JLBRF,67 m² Appartement ∙ 3 chambres ∙ 5 personnes,Saas Grund - Valais
28/03/2024,12/10/2024,19/10/2024,925.78,H9JLBRF,67 m² Appartement ∙ 3 chambres ∙ 5 personnes,Saas Grund - Valais
28/03/2024,19/10/2024,26/10/2024,925.78,H9JLBRF,67 m² Appartement ∙ 3 chambres ∙ 5 personnes,Saas Grund - Valais
28/03/2024,06/04/2024,13/04/2024,725.87,HSKMHX7,26 m² Appartement ∙ 1 chambre ∙ 2 personnes,Saas Fee - Valais
28/03/2024,06/04/2024,13/04/2024,1966.99,HX32M05,Appartement ∙ 2 chambres ∙ 4 personnes,Betten - Bettmeralp - Valais
28/03/2024,22/06/2024,29/06/2024,1008.03,HX32M05,Appartement ∙ 2 chambres ∙ 4 personnes,Betten - Bettmeralp - Valais
28/03/2024,29/06/2024,06/07/2024,1008.03,HX32M05,Appartement ∙ 2 chambres ∙ 4 personnes,Betten - Bettmeralp - Valais
28/03/2024,21/09/2024,28/09/2024,1008.03,HX32M05,Appartement ∙ 2 chambres ∙ 4 personnes,Betten - Bettmeralp - Valais
28/03/2024,05/10/2024,12/10/2024,1008.03,HX32M05,Appartement ∙ 2 chambres ∙ 4 personnes,Betten - Bettmeralp - Valais
28/03/2024,12/10/2024,19/10/2024,1008.03,HX32M05,Appartement ∙ 2 chambres ∙ 4 personnes,Betten - Bettmeralp - Valais
28/03/2024,30/03/2024,06/04/2024,842.56,HF7GWP8,80 m² Appartement ∙ 2 chambres ∙ 4 personnes,Saas-Almagell - Valais
28/03/2024,06/04/2024,13/04/2024,842.56,HF7GWP8,80 m² Appartement ∙ 2 chambres ∙ 4 personnes,Saas-Almagell - Valais
28/03/2024,13/04/2024,20/04/2024,842.56,HF7GWP8,80 m² Appartement ∙ 2 chambres ∙ 4 personnes,Saas-Almagell - Valais
28/03/2024,20/04/2024,27/04/2024,842.56,HF7GWP8,80 m² Appartement ∙ 2 chambres ∙ 4 personnes,Saas-Almagell - Valais
28/03/2024,08/06/2024,15/06/2024,842.56,HF7GWP8,80 m² Appartement ∙ 2 chambres ∙ 4 personnes,Saas-Almagell - Valais
28/03/2024,15/06/2024,22/06/2024,842.56,HF7GWP8,80 m² Appartement ∙ 2 chambres ∙ 4 personnes,Saas-Almagell - Valais
28/03/2024,10/08/2024,17/08/2024,842.56,HF7GWP8,80 m² Appartement ∙ 2 chambres ∙ 4 personnes,Saas-Almagell - Valais
28/03/2024,24/08/2024,31/08/2024,842.56,HF7GWP8,80 m² Appartement ∙ 2 chambres ∙ 4 personnes,Saas-Almagell - Valais
28/03/2024,31/08/2024,07/09/2024,842.56,HF7GWP8,80 m² Appartement ∙ 2 chambres ∙ 4 personnes,Saas-Almagell - Valais
28/03/2024,07/09/2024,14/09/2024,842.56,HF7GWP8,80 m² Appartement ∙ 2 chambres ∙ 4 personnes,Saas-Almagell - Valais
28/03/2024,14/09/2024,21/09/2024,842.56,HF7GWP8,80 m² Appartement ∙ 2 chambres ∙ 4 personnes,Saas-Almagell - Valais
28/03/2024,21/09/2024,28/09/2024,842.56,HF7GWP8,80 m² Appartement ∙ 2 chambres ∙ 4 personnes,Saas-Almagell - Valais
28/03/2024,28/09/2024,05/10/2024,842.56,HF7GWP8,80 m² Appartement ∙ 2 chambres ∙ 4 personnes,Saas-Almagell - Valais
28/03/2024,05/10/2024,12/10/2024,842.56,HF7GWP8,80 m² Appartement ∙ 2 chambres ∙ 4 personnes,Saas-Almagell - Valais
28/03/2024,12/10/2024,19/10/2024,842.56,HF7GWP8,80 m² Appartement ∙ 2 chambres ∙ 4 personnes,Saas-Almagell - Valais
28/03/2024,19/10/2024,26/10/2024,842.56,HF7GWP8,80 m² Appartement ∙ 2 chambres ∙ 4 personnes,Saas-Almagell - Valais
28/03/2024,20/04/2024,27/04/2024,765.96,HHR3NUY,90 m² Appartement ∙ 2 chambres ∙ 6 personnes,Saas-Almagell - Valais
28/03/2024,01/06/2024,08/06/2024,727.67,HHR3NUY,90 m² Appartement ∙ 2 chambres ∙ 6 personnes,Saas-Almagell - Valais
28/03/2024,08/06/2024,15/06/2024,727.67,HHR3NUY,90 m² Appartement ∙ 2 chambres ∙ 6 personnes,Saas-Almagell - Valais
28/03/2024,10/08/2024,17/08/2024,765.96,HHR3NUY,90 m² Appartement ∙ 2 chambres ∙ 6 personnes,Saas-Almagell - Valais
28/03/2024,24/08/2024,31/08/2024,765.96,HHR3NUY,90 m² Appartement ∙ 2 chambres ∙ 6 personnes,Saas-Almagell - Valais
28/03/2024,31/08/2024,07/09/2024,765.96,HHR3NUY,90 m² Appartement ∙ 2 chambres ∙ 6 personnes,Saas-Almagell - Valais
28/03/2024,07/09/2024,14/09/2024,765.96,HHR3NUY,90 m² Appartement ∙ 2 chambres ∙ 6 personnes,Saas-Almagell - Valais
28/03/2024,14/09/2024,21/09/2024,765.96,HHR3NUY,90 m² Appartement ∙ 2 chambres ∙ 6 personnes,Saas-Almagell - Valais
28/03/2024,05/10/2024,12/10/2024,765.96,HHR3NUY,90 m² Appartement ∙ 2 chambres ∙ 6 personnes,Saas-Almagell - Valais
28/03/2024,12/10/2024,19/10/2024,765.96,HHR3NUY,90 m² Appartement ∙ 2 chambres ∙ 6 personnes,Saas-Almagell - Valais
28/03/2024,19/10/2024,26/10/2024,765.96,HHR3NUY,90 m² Appartement ∙ 2 chambres ∙ 6 personnes,Saas-Almagell - Valais
28/03/2024,26/10/2024,02/11/2024,765.96,HHR3NUY,90 m² Appartement ∙ 2 chambres ∙ 6 personnes,Saas-Almagell - Valais
28/03/2024,06/04/2024,13/04/2024,1322.29,HULVS6E,80 m² Appartement ∙ 2 chambres ∙ 4 personnes,Saas Fee - Valais
28/03/2024,13/04/2024,20/04/2024,1018.56,HULVS6E,80 m² Appartement ∙ 2 chambres ∙ 4 personnes,Saas Fee - Valais
28/03/2024,20/04/2024,27/04/2024,1018.56,HULVS6E,80 m² Appartement ∙ 2 chambres ∙ 4 personnes,Saas Fee - Valais
28/03/2024,27/04/2024,04/05/2024,1018.56,HULVS6E,80 m² Appartement ∙ 2 chambres ∙ 4 personnes,Saas Fee - Valais
28/03/2024,11/05/2024,18/05/2024,1018.56,HULVS6E,80 m² Appartement ∙ 2 chambres ∙ 4 personnes,Saas Fee - Valais
28/03/2024,18/05/2024,25/05/2024,1018.56,HULVS6E,80 m² Appartement ∙ 2 chambres ∙ 4 personnes,Saas Fee - Valais
28/03/2024,25/05/2024,01/06/2024,1018.56,HULVS6E,80 m² Appartement ∙ 2 chambres ∙ 4 personnes,Saas Fee - Valais
28/03/2024,01/06/2024,08/06/2024,1018.56,HULVS6E,80 m² Appartement ∙ 2 chambres ∙ 4 personnes,Saas Fee - Valais
28/03/2024,08/06/2024,15/06/2024,1018.56,HULVS6E,80 m² Appartement ∙ 2 chambres ∙ 4 personnes,Saas Fee - Valais
28/03/2024,15/06/2024,22/06/2024,1152.53,HULVS6E,80 m² Appartement ∙ 2 chambres ∙ 4 personnes,Saas Fee - Valais
28/03/2024,22/06/2024,29/06/2024,1152.53,HULVS6E,80 m² Appartement ∙ 2 chambres ∙ 4 personnes,Saas Fee - Valais
28/03/2024,29/06/2024,06/07/2024,1152.53,HULVS6E,80 m² Appartement ∙ 2 chambres ∙ 4 personnes,Saas Fee - Valais
28/03/2024,06/07/2024,13/07/2024,1406.15,HULVS6E,80 m² Appartement ∙ 2 chambres ∙ 4 personnes,Saas Fee - Valais
28/03/2024,03/08/2024,10/08/2024,1406.15,HULVS6E,80 m² Appartement ∙ 2 chambres ∙ 4 personnes,Saas Fee - Valais
28/03/2024,10/08/2024,17/08/2024,1406.15,HULVS6E,80 m² Appartement ∙ 2 chambres ∙ 4 personnes,Saas Fee - Valais
28/03/2024,17/08/2024,24/08/2024,1406.15,HULVS6E,80 m² Appartement ∙ 2 chambres ∙ 4 personnes,Saas Fee - Valais
28/03/2024,24/08/2024,31/08/2024,1260.93,HULVS6E,80 m² Appartement ∙ 2 chambres ∙ 4 personnes,Saas Fee - Valais
28/03/2024,31/08/2024,07/09/2024,1152.53,HULVS6E,80 m² Appartement ∙ 2 chambres ∙ 4 personnes,Saas Fee - Valais
28/03/2024,07/09/2024,14/09/2024,1152.53,HULVS6E,80 m² Appartement ∙ 2 chambres ∙ 4 personnes,Saas Fee - Valais
28/03/2024,14/09/2024,21/09/2024,1152.53,HULVS6E,80 m² Appartement ∙ 2 chambres ∙ 4 personnes,Saas Fee - Valais
28/03/2024,21/09/2024,28/09/2024,1152.53,HULVS6E,80 m² Appartement ∙ 2 chambres ∙ 4 personnes,Saas Fee - Valais
28/03/2024,28/09/2024,05/10/2024,1152.53,HULVS6E,80 m² Appartement ∙ 2 chambres ∙ 4 personnes,Saas Fee - Valais
28/03/2024,05/10/2024,12/10/2024,1018.56,HULVS6E,80 m² Appartement ∙ 2 chambres ∙ 4 personnes,Saas Fee - Valais
28/03/2024,12/10/2024,19/10/2024,1018.56,HULVS6E,80 m² Appartement ∙ 2 chambres ∙ 4 personnes,Saas Fee - Valais
28/03/2024,19/10/2024,26/10/2024,1018.56,HULVS6E,80 m² Appartement ∙ 2 chambres ∙ 4 personnes,Saas Fee - Valais
28/03/2024,26/10/2024,02/11/2024,1018.56,HULVS6E,80 m² Appartement ∙ 2 chambres ∙ 4 personnes,Saas Fee - Valais
28/03/2024,06/04/2024,13/04/2024,1174.00,H94FPWJ,Appartement ∙ 2 chambres ∙ 4 personnes,Saas Grund - Valais
28/03/2024,13/04/2024,20/04/2024,1174.00,H94FPWJ,Appartement ∙ 2 chambres ∙ 4 personnes,Saas Grund - Valais
28/03/2024,20/04/2024,27/04/2024,1174.00,H94FPWJ,Appartement ∙ 2 chambres ∙ 4 personnes,Saas Grund - Valais
28/03/2024,27/04/2024,04/05/2024,1174.00,H94FPWJ,Appartement ∙ 2 chambres ∙ 4 personnes,Saas Grund - Valais
28/03/2024,04/05/2024,11/05/2024,1174.00,H94FPWJ,Appartement ∙ 2 chambres ∙ 4 personnes,Saas Grund - Valais
28/03/2024,11/05/2024,18/05/2024,1174.00,H94FPWJ,Appartement ∙ 2 chambres ∙ 4 personnes,Saas Grund - Valais
28/03/2024,18/05/2024,25/05/2024,1174.00,H94FPWJ,Appartement ∙ 2 chambres ∙ 4 personnes,Saas Grund - Valais
28/03/2024,25/05/2024,01/06/2024,1174.00,H94FPWJ,Appartement ∙ 2 chambres ∙ 4 personnes,Saas Grund - Valais
28/03/2024,08/06/2024,15/06/2024,1174.00,H94FPWJ,Appartement ∙ 2 chambres ∙ 4 personnes,Saas Grund - Valais
28/03/2024,15/06/2024,22/06/2024,1174.00,H94FPWJ,Appartement ∙ 2 chambres ∙ 4 personnes,Saas Grund - Valais
28/03/2024,07/09/2024,14/09/2024,1174.00,H94FPWJ,Appartement ∙ 2 chambres ∙ 4 personnes,Saas Grund - Valais
28/03/2024,14/09/2024,21/09/2024,1174.00,H94FPWJ,Appartement ∙ 2 chambres ∙ 4 personnes,Saas Grund - Valais
28/03/2024,21/09/2024,28/09/2024,1174.00,H94FPWJ,Appartement ∙ 2 chambres ∙ 4 personnes,Saas Grund - Valais
28/03/2024,28/09/2024,05/10/2024,1174.00,H94FPWJ,Appartement ∙ 2 chambres ∙ 4 personnes,Saas Grund - Valais
28/03/2024,05/10/2024,12/10/2024,1174.00,H94FPWJ,Appartement ∙ 2 chambres ∙ 4 personnes,Saas Grund - Valais
28/03/2024,12/10/2024,19/10/2024,1174.00,H94FPWJ,Appartement ∙ 2 chambres ∙ 4 personnes,Saas Grund - Valais
28/03/2024,19/10/2024,26/10/2024,1174.00,H94FPWJ,Appartement ∙ 2 chambres ∙ 4 personnes,Saas Grund - Valais
28/03/2024,26/10/2024,02/11/2024,1174.00,H94FPWJ,Appartement ∙ 2 chambres ∙ 4 personnes,Saas Grund - Valais
28/03/2024,06/04/2024,13/04/2024,448.84,HWGBFM6,25 m² Appartement ∙ 1 chambre ∙ 2 personnes,Loèche-les-Bains - Valais
28/03/2024,20/04/2024,27/04/2024,448.84,HWGBFM6,25 m² Appartement ∙ 1 chambre ∙ 2 personnes,Loèche-les-Bains - Valais
28/03/2024,27/04/2024,04/05/2024,448.84,HWGBFM6,25 m² Appartement ∙ 1 chambre ∙ 2 personnes,Loèche-les-Bains - Valais
28/03/2024,04/05/2024,11/05/2024,401.60,HWGBFM6,25 m² Appartement ∙ 1 chambre ∙ 2 personnes,Loèche-les-Bains - Valais
28/03/2024,11/05/2024,18/05/2024,401.60,HWGBFM6,25 m² Appartement ∙ 1 chambre ∙ 2 personnes,Loèche-les-Bains - Valais
28/03/2024,18/05/2024,25/05/2024,401.60,HWGBFM6,25 m² Appartement ∙ 1 chambre ∙ 2 personnes,Loèche-les-Bains - Valais
28/03/2024,08/06/2024,15/06/2024,401.60,HWGBFM6,25 m² Appartement ∙ 1 chambre ∙ 2 personnes,Loèche-les-Bains - Valais
28/03/2024,22/06/2024,29/06/2024,401.60,HWGBFM6,25 m² Appartement ∙ 1 chambre ∙ 2 personnes,Loèche-les-Bains - Valais
28/03/2024,06/04/2024,13/04/2024,998.11,HECRUA9,Appartement ∙ 1 chambre ∙ 4 personnes,Saas Grund - Valais
28/03/2024,13/04/2024,20/04/2024,998.11,HECRUA9,Appartement ∙ 1 chambre ∙ 4 personnes,Saas Grund - Valais
28/03/2024,01/06/2024,08/06/2024,921.41,HECRUA9,Appartement ∙ 1 chambre ∙ 4 personnes,Saas Grund - Valais
28/03/2024,08/06/2024,15/06/2024,921.41,HECRUA9,Appartement ∙ 1 chambre ∙ 4 personnes,Saas Grund - Valais
28/03/2024,15/06/2024,22/06/2024,921.41,HECRUA9,Appartement ∙ 1 chambre ∙ 4 personnes,Saas Grund - Valais
28/03/2024,07/09/2024,14/09/2024,921.41,HECRUA9,Appartement ∙ 1 chambre ∙ 4 personnes,Saas Grund - Valais
28/03/2024,14/09/2024,21/09/2024,921.41,HECRUA9,Appartement ∙ 1 chambre ∙ 4 personnes,Saas Grund - Valais
28/03/2024,21/09/2024,28/09/2024,921.41,HECRUA9,Appartement ∙ 1 chambre ∙ 4 personnes,Saas Grund - Valais
28/03/2024,28/09/2024,05/10/2024,921.41,HECRUA9,Appartement ∙ 1 chambre ∙ 4 personnes,Saas Grund - Valais
28/03/2024,05/10/2024,12/10/2024,921.41,HECRUA9,Appartement ∙ 1 chambre ∙ 4 personnes,Saas Grund - Valais
28/03/2024,12/10/2024,19/10/2024,921.41,HECRUA9,Appartement ∙ 1 chambre ∙ 4 personnes,Saas Grund - Valais
28/03/2024,19/10/2024,26/10/2024,921.41,HECRUA9,Appartement ∙ 1 chambre ∙ 4 personnes,Saas Grund - Valais
28/03/2024,26/10/2024,02/11/2024,921.41,HECRUA9,Appartement ∙ 1 chambre ∙ 4 personnes,Saas Grund - Valais
28/03/2024,06/04/2024,13/04/2024,721.59,HYAVL02,70 m² Appartement ∙ 2 chambres ∙ 4 personnes,Bellwald - Valais
28/03/2024,13/04/2024,20/04/2024,721.59,HYAVL02,70 m² Appartement ∙ 2 chambres ∙ 4 personnes,Bellwald - Valais
28/03/2024,04/05/2024,11/05/2024,721.59,HYAVL02,70 m² Appartement ∙ 2 chambres ∙ 4 personnes,Bellwald - Valais
28/03/2024,11/05/2024,18/05/2024,721.59,HYAVL02,70 m² Appartement ∙ 2 chambres ∙ 4 personnes,Bellwald - Valais
28/03/2024,18/05/2024,25/05/2024,721.59,HYAVL02,70 m² Appartement ∙ 2 chambres ∙ 4 personnes,Bellwald - Valais
28/03/2024,25/05/2024,01/06/2024,721.59,HYAVL02,70 m² Appartement ∙ 2 chambres ∙ 4 personnes,Bellwald - Valais
28/03/2024,01/06/2024,08/06/2024,721.59,HYAVL02,70 m² Appartement ∙ 2 chambres ∙ 4 personnes,Bellwald - Valais
28/03/2024,08/06/2024,15/06/2024,721.59,HYAVL02,70 m² Appartement ∙ 2 chambres ∙ 4 personnes,Bellwald - Valais
28/03/2024,10/08/2024,17/08/2024,881.94,HYAVL02,70 m² Appartement ∙ 2 chambres ∙ 4 personnes,Bellwald - Valais
28/03/2024,17/08/2024,24/08/2024,721.59,HYAVL02,70 m² Appartement ∙ 2 chambres ∙ 4 personnes,Bellwald - Valais
28/03/2024,31/08/2024,07/09/2024,721.59,HYAVL02,70 m² Appartement ∙ 2 chambres ∙ 4 personnes,Bellwald - Valais
28/03/2024,21/09/2024,28/09/2024,721.59,HYAVL02,70 m² Appartement ∙ 2 chambres ∙ 4 personnes,Bellwald - Valais
28/03/2024,12/10/2024,19/10/2024,721.59,HYAVL02,70 m² Appartement ∙ 2 chambres ∙ 4 personnes,Bellwald - Valais
28/03/2024,19/10/2024,26/10/2024,721.59,HYAVL02,70 m² Appartement ∙ 2 chambres ∙ 4 personnes,Bellwald - Valais
28/03/2024,26/10/2024,02/11/2024,721.59,HYAVL02,70 m² Appartement ∙ 2 chambres ∙ 4 personnes,Bellwald - Valais
28/03/2024,06/04/2024,13/04/2024,1515.57,HWS069K,200 m² Appartement ∙ 6 chambres ∙ 10 personnes,Bürchen - Valais
28/03/2024,13/04/2024,20/04/2024,1515.57,HWS069K,200 m² Appartement ∙ 6 chambres ∙ 10 personnes,Bürchen - Valais
28/03/2024,20/04/2024,27/04/2024,1515.57,HWS069K,200 m² Appartement ∙ 6 chambres ∙ 10 personnes,Bürchen - Valais
28/03/2024,27/04/2024,04/05/2024,1515.57,HWS069K,200 m² Appartement ∙ 6 chambres ∙ 10 personnes,Bürchen - Valais
28/03/2024,25/05/2024,01/06/2024,1515.57,HWS069K,200 m² Appartement ∙ 6 chambres ∙ 10 personnes,Bürchen - Valais
28/03/2024,01/06/2024,08/06/2024,1515.57,HWS069K,200 m² Appartement ∙ 6 chambres ∙ 10 personnes,Bürchen - Valais
28/03/2024,08/06/2024,15/06/2024,1515.57,HWS069K,200 m² Appartement ∙ 6 chambres ∙ 10 personnes,Bürchen - Valais
28/03/2024,15/06/2024,22/06/2024,1515.57,HWS069K,200 m² Appartement ∙ 6 chambres ∙ 10 personnes,Bürchen - Valais
28/03/2024,27/07/2024,03/08/2024,1887.82,HWS069K,200 m² Appartement ∙ 6 chambres ∙ 10 personnes,Bürchen - Valais
28/03/2024,03/08/2024,10/08/2024,1887.82,HWS069K,200 m² Appartement ∙ 6 chambres ∙ 10 personnes,Bürchen - Valais
28/03/2024,17/08/2024,24/08/2024,2069.85,HWS069K,200 m² Appartement ∙ 6 chambres ∙ 10 personnes,Bürchen - Valais
28/03/2024,24/08/2024,31/08/2024,1887.82,HWS069K,200 m² Appartement ∙ 6 chambres ∙ 10 personnes,Bürchen - Valais
28/03/2024,31/08/2024,07/09/2024,1675.10,HWS069K,200 m² Appartement ∙ 6 chambres ∙ 10 personnes,Bürchen - Valais
28/03/2024,07/09/2024,14/09/2024,1675.10,HWS069K,200 m² Appartement ∙ 6 chambres ∙ 10 personnes,Bürchen - Valais
28/03/2024,14/09/2024,21/09/2024,1675.10,HWS069K,200 m² Appartement ∙ 6 chambres ∙ 10 personnes,Bürchen - Valais
28/03/2024,05/10/2024,12/10/2024,1515.57,HWS069K,200 m² Appartement ∙ 6 chambres ∙ 10 personnes,Bürchen - Valais
28/03/2024,12/10/2024,19/10/2024,1515.57,HWS069K,200 m² Appartement ∙ 6 chambres ∙ 10 personnes,Bürchen - Valais
28/03/2024,19/10/2024,26/10/2024,1515.57,HWS069K,200 m² Appartement ∙ 6 chambres ∙ 10 personnes,Bürchen - Valais
28/03/2024,26/10/2024,02/11/2024,1515.57,HWS069K,200 m² Appartement ∙ 6 chambres ∙ 10 personnes,Bürchen - Valais
28/03/2024,01/06/2024,08/06/2024,887.25,HMXWA8R,Studio ∙ 2 personnes,Zermatt - Valais
28/03/2024,13/07/2024,20/07/2024,954.80,HMXWA8R,Studio ∙ 2 personnes,Zermatt - Valais
28/03/2024,31/08/2024,07/09/2024,872.93,HMXWA8R,Studio ∙ 2 personnes,Zermatt - Valais
28/03/2024,12/10/2024,19/10/2024,832.08,HMXWA8R,Studio ∙ 2 personnes,Zermatt - Valais
28/03/2024,19/10/2024,26/10/2024,832.08,HMXWA8R,Studio ∙ 2 personnes,Zermatt - Valais
28/03/2024,29/06/2024,06/07/2024,560.97,HR2V3J6,20 m² Studio ∙ 2 personnes,Sion - Valais
28/03/2024,06/07/2024,13/07/2024,644.47,HR2V3J6,20 m² Studio ∙ 2 personnes,Sion - Valais
28/03/2024,20/07/2024,27/07/2024,742.09,HR2V3J6,20 m² Studio ∙ 2 personnes,Sion - Valais
28/03/2024,27/07/2024,03/08/2024,743.26,HR2V3J6,20 m² Studio ∙ 2 personnes,Sion - Valais
28/03/2024,03/08/2024,10/08/2024,673.87,HR2V3J6,20 m² Studio ∙ 2 personnes,Sion - Valais
28/03/2024,10/08/2024,17/08/2024,684.46,HR2V3J6,20 m² Studio ∙ 2 personnes,Sion - Valais
28/03/2024,07/09/2024,14/09/2024,610.37,HR2V3J6,20 m² Studio ∙ 2 personnes,Sion - Valais
28/03/2024,14/09/2024,21/09/2024,578.61,HR2V3J6,20 m² Studio ∙ 2 personnes,Sion - Valais
28/03/2024,21/09/2024,28/09/2024,503.35,HR2V3J6,20 m² Studio ∙ 2 personnes,Sion - Valais
28/03/2024,28/09/2024,05/10/2024,503.35,HR2V3J6,20 m² Studio ∙ 2 personnes,Sion - Valais
28/03/2024,05/10/2024,12/10/2024,501.00,HR2V3J6,20 m² Studio ∙ 2 personnes,Sion - Valais
28/03/2024,12/10/2024,19/10/2024,563.33,HR2V3J6,20 m² Studio ∙ 2 personnes,Sion - Valais
28/03/2024,19/10/2024,26/10/2024,573.91,HR2V3J6,20 m² Studio ∙ 2 personnes,Sion - Valais
28/03/2024,26/10/2024,02/11/2024,565.68,HR2V3J6,20 m² Studio ∙ 2 personnes,Sion - Valais
28/03/2024,13/04/2024,20/04/2024,1179.59,HVMY6FL,52 m² Appartement ∙ 1 chambre ∙ 2 personnes,Saas Fee - Valais
28/03/2024,24/08/2024,31/08/2024,1095.33,HVMY6FL,52 m² Appartement ∙ 1 chambre ∙ 2 personnes,Saas Fee - Valais
28/03/2024,31/08/2024,07/09/2024,1095.33,HVMY6FL,52 m² Appartement ∙ 1 chambre ∙ 2 personnes,Saas Fee - Valais
28/03/2024,21/09/2024,28/09/2024,1011.08,HVMY6FL,52 m² Appartement ∙ 1 chambre ∙ 2 personnes,Saas Fee - Valais
28/03/2024,28/09/2024,05/10/2024,1011.08,HVMY6FL,52 m² Appartement ∙ 1 chambre ∙ 2 personnes,Saas Fee - Valais
28/03/2024,05/10/2024,12/10/2024,1011.08,HVMY6FL,52 m² Appartement ∙ 1 chambre ∙ 2 personnes,Saas Fee - Valais
28/03/2024,12/10/2024,19/10/2024,1011.08,HVMY6FL,52 m² Appartement ∙ 1 chambre ∙ 2 personnes,Saas Fee - Valais
28/03/2024,19/10/2024,26/10/2024,1011.08,HVMY6FL,52 m² Appartement ∙ 1 chambre ∙ 2 personnes,Saas Fee - Valais
28/03/2024,26/10/2024,02/11/2024,1011.08,HVMY6FL,52 m² Appartement ∙ 1 chambre ∙ 2 personnes,Saas Fee - Valais
28/03/2024,06/04/2024,13/04/2024,1147.65,HBGHWYJ,36 m² Appartement ∙ 1 chambre ∙ 3 personnes,Saas Fee - Valais
28/03/2024,13/04/2024,20/04/2024,1147.65,HBGHWYJ,36 m² Appartement ∙ 1 chambre ∙ 3 personnes,Saas Fee - Valais
28/03/2024,20/04/2024,27/04/2024,1147.65,HBGHWYJ,36 m² Appartement ∙ 1 chambre ∙ 3 personnes,Saas Fee - Valais
28/03/2024,15/06/2024,22/06/2024,1086.87,HBGHWYJ,36 m² Appartement ∙ 1 chambre ∙ 3 personnes,Saas Fee - Valais
28/03/2024,22/06/2024,29/06/2024,1086.87,HBGHWYJ,36 m² Appartement ∙ 1 chambre ∙ 3 personnes,Saas Fee - Valais
28/03/2024,29/06/2024,06/07/2024,1086.87,HBGHWYJ,36 m² Appartement ∙ 1 chambre ∙ 3 personnes,Saas Fee - Valais
28/03/2024,06/07/2024,13/07/2024,1086.87,HBGHWYJ,36 m² Appartement ∙ 1 chambre ∙ 3 personnes,Saas Fee - Valais
28/03/2024,13/07/2024,20/07/2024,1109.35,HBGHWYJ,36 m² Appartement ∙ 1 chambre ∙ 3 personnes,Saas Fee - Valais
28/03/2024,20/07/2024,27/07/2024,1109.35,HBGHWYJ,36 m² Appartement ∙ 1 chambre ∙ 3 personnes,Saas Fee - Valais
28/03/2024,27/07/2024,03/08/2024,1109.35,HBGHWYJ,36 m² Appartement ∙ 1 chambre ∙ 3 personnes,Saas Fee - Valais
28/03/2024,03/08/2024,10/08/2024,1109.35,HBGHWYJ,36 m² Appartement ∙ 1 chambre ∙ 3 personnes,Saas Fee - Valais
28/03/2024,10/08/2024,17/08/2024,1109.35,HBGHWYJ,36 m² Appartement ∙ 1 chambre ∙ 3 personnes,Saas Fee - Valais
28/03/2024,17/08/2024,24/08/2024,1109.35,HBGHWYJ,36 m² Appartement ∙ 1 chambre ∙ 3 personnes,Saas Fee - Valais
28/03/2024,24/08/2024,31/08/2024,1109.35,HBGHWYJ,36 m² Appartement ∙ 1 chambre ∙ 3 personnes,Saas Fee - Valais
28/03/2024,31/08/2024,07/09/2024,1086.87,HBGHWYJ,36 m² Appartement ∙ 1 chambre ∙ 3 personnes,Saas Fee - Valais
28/03/2024,07/09/2024,14/09/2024,1086.87,HBGHWYJ,36 m² Appartement ∙ 1 chambre ∙ 3 personnes,Saas Fee - Valais
28/03/2024,14/09/2024,21/09/2024,1086.87,HBGHWYJ,36 m² Appartement ∙ 1 chambre ∙ 3 personnes,Saas Fee - Valais
28/03/2024,21/09/2024,28/09/2024,1086.87,HBGHWYJ,36 m² Appartement ∙ 1 chambre ∙ 3 personnes,Saas Fee - Valais
28/03/2024,28/09/2024,05/10/2024,1086.87,HBGHWYJ,36 m² Appartement ∙ 1 chambre ∙ 3 personnes,Saas Fee - Valais
28/03/2024,05/10/2024,12/10/2024,1086.87,HBGHWYJ,36 m² Appartement ∙ 1 chambre ∙ 3 personnes,Saas Fee - Valais
28/03/2024,12/10/2024,19/10/2024,1086.87,HBGHWYJ,36 m² Appartement ∙ 1 chambre ∙ 3 personnes,Saas Fee - Valais
28/03/2024,06/04/2024,13/04/2024,730.17,H5UG3FX,70 m² Appartement ∙ 2 chambres ∙ 4 personnes,Loèche-les-Bains - Valais
28/03/2024,13/04/2024,20/04/2024,773.13,H5UG3FX,70 m² Appartement ∙ 2 chambres ∙ 4 personnes,Loèche-les-Bains - Valais
28/03/2024,20/04/2024,27/04/2024,773.13,H5UG3FX,70 m² Appartement ∙ 2 chambres ∙ 4 personnes,Loèche-les-Bains - Valais
28/03/2024,27/04/2024,04/05/2024,773.13,H5UG3FX,70 m² Appartement ∙ 2 chambres ∙ 4 personnes,Loèche-les-Bains - Valais
28/03/2024,18/05/2024,25/05/2024,773.13,H5UG3FX,70 m² Appartement ∙ 2 chambres ∙ 4 personnes,Loèche-les-Bains - Valais
28/03/2024,22/06/2024,29/06/2024,773.13,H5UG3FX,70 m² Appartement ∙ 2 chambres ∙ 4 personnes,Loèche-les-Bains - Valais
28/03/2024,29/06/2024,06/07/2024,730.17,H5UG3FX,70 m² Appartement ∙ 2 chambres ∙ 4 personnes,Loèche-les-Bains - Valais
28/03/2024,06/07/2024,13/07/2024,730.17,H5UG3FX,70 m² Appartement ∙ 2 chambres ∙ 4 personnes,Loèche-les-Bains - Valais
28/03/2024,13/07/2024,20/07/2024,730.17,H5UG3FX,70 m² Appartement ∙ 2 chambres ∙ 4 personnes,Loèche-les-Bains - Valais
28/03/2024,20/07/2024,27/07/2024,730.17,H5UG3FX,70 m² Appartement ∙ 2 chambres ∙ 4 personnes,Loèche-les-Bains - Valais
28/03/2024,31/08/2024,07/09/2024,773.13,H5UG3FX,70 m² Appartement ∙ 2 chambres ∙ 4 personnes,Loèche-les-Bains - Valais
28/03/2024,07/09/2024,14/09/2024,773.13,H5UG3FX,70 m² Appartement ∙ 2 chambres ∙ 4 personnes,Loèche-les-Bains - Valais
28/03/2024,14/09/2024,21/09/2024,773.13,H5UG3FX,70 m² Appartement ∙ 2 chambres ∙ 4 personnes,Loèche-les-Bains - Valais
28/03/2024,21/09/2024,28/09/2024,773.13,H5UG3FX,70 m² Appartement ∙ 2 chambres ∙ 4 personnes,Loèche-les-Bains - Valais
28/03/2024,28/09/2024,05/10/2024,859.03,H5UG3FX,70 m² Appartement ∙ 2 chambres ∙ 4 personnes,Loèche-les-Bains - Valais
28/03/2024,05/10/2024,12/10/2024,859.03,H5UG3FX,70 m² Appartement ∙ 2 chambres ∙ 4 personnes,Loèche-les-Bains - Valais
28/03/2024,12/10/2024,19/10/2024,859.03,H5UG3FX,70 m² Appartement ∙ 2 chambres ∙ 4 personnes,Loèche-les-Bains - Valais
28/03/2024,19/10/2024,26/10/2024,859.03,H5UG3FX,70 m² Appartement ∙ 2 chambres ∙ 4 personnes,Loèche-les-Bains - Valais
28/03/2024,26/10/2024,02/11/2024,773.13,H5UG3FX,70 m² Appartement ∙ 2 chambres ∙ 4 personnes,Loèche-les-Bains - Valais
28/03/2024,22/06/2024,29/06/2024,1045.15,HR4YMXP,80 m² Appartement ∙ 3 chambres ∙ 6 personnes,Termen - Valais
28/03/2024,29/06/2024,06/07/2024,1045.15,HR4YMXP,80 m² Appartement ∙ 3 chambres ∙ 6 personnes,Termen - Valais
28/03/2024,06/07/2024,13/07/2024,1045.15,HR4YMXP,80 m² Appartement ∙ 3 chambres ∙ 6 personnes,Termen - Valais
28/03/2024,13/07/2024,20/07/2024,1045.15,HR4YMXP,80 m² Appartement ∙ 3 chambres ∙ 6 personnes,Termen - Valais
28/03/2024,20/07/2024,27/07/2024,1045.15,HR4YMXP,80 m² Appartement ∙ 3 chambres ∙ 6 personnes,Termen - Valais
28/03/2024,27/07/2024,03/08/2024,1045.15,HR4YMXP,80 m² Appartement ∙ 3 chambres ∙ 6 personnes,Termen - Valais
28/03/2024,17/08/2024,24/08/2024,1045.15,HR4YMXP,80 m² Appartement ∙ 3 chambres ∙ 6 personnes,Termen - Valais
28/03/2024,24/08/2024,31/08/2024,1045.15,HR4YMXP,80 m² Appartement ∙ 3 chambres ∙ 6 personnes,Termen - Valais
28/03/2024,31/08/2024,07/09/2024,1045.15,HR4YMXP,80 m² Appartement ∙ 3 chambres ∙ 6 personnes,Termen - Valais
28/03/2024,07/09/2024,14/09/2024,1046.56,HR4YMXP,80 m² Appartement ∙ 3 chambres ∙ 6 personnes,Termen - Valais
28/03/2024,14/09/2024,21/09/2024,1046.56,HR4YMXP,80 m² Appartement ∙ 3 chambres ∙ 6 personnes,Termen - Valais
28/03/2024,21/09/2024,28/09/2024,1046.56,HR4YMXP,80 m² Appartement ∙ 3 chambres ∙ 6 personnes,Termen - Valais
28/03/2024,28/09/2024,05/10/2024,1046.56,HR4YMXP,80 m² Appartement ∙ 3 chambres ∙ 6 personnes,Termen - Valais
28/03/2024,05/10/2024,12/10/2024,1046.56,HR4YMXP,80 m² Appartement ∙ 3 chambres ∙ 6 personnes,Termen - Valais
28/03/2024,13/04/2024,20/04/2024,818.21,HMHR1X7,Appartement ∙ 1 chambre ∙ 3 personnes,Saas Fee - Valais
28/03/2024,01/06/2024,08/06/2024,626.71,HMHR1X7,Appartement ∙ 1 chambre ∙ 3 personnes,Saas Fee - Valais
28/03/2024,08/06/2024,15/06/2024,626.71,HMHR1X7,Appartement ∙ 1 chambre ∙ 3 personnes,Saas Fee - Valais
28/03/2024,15/06/2024,22/06/2024,626.71,HMHR1X7,Appartement ∙ 1 chambre ∙ 3 personnes,Saas Fee - Valais
28/03/2024,06/07/2024,13/07/2024,664.60,HMHR1X7,Appartement ∙ 1 chambre ∙ 3 personnes,Saas Fee - Valais
28/03/2024,13/07/2024,20/07/2024,664.60,HMHR1X7,Appartement ∙ 1 chambre ∙ 3 personnes,Saas Fee - Valais
28/03/2024,27/07/2024,03/08/2024,741.40,HMHR1X7,Appartement ∙ 1 chambre ∙ 3 personnes,Saas Fee - Valais
28/03/2024,10/08/2024,17/08/2024,741.40,HMHR1X7,Appartement ∙ 1 chambre ∙ 3 personnes,Saas Fee - Valais
28/03/2024,31/08/2024,07/09/2024,626.71,HMHR1X7,Appartement ∙ 1 chambre ∙ 3 personnes,Saas Fee - Valais
28/03/2024,07/09/2024,14/09/2024,626.71,HMHR1X7,Appartement ∙ 1 chambre ∙ 3 personnes,Saas Fee - Valais
28/03/2024,14/09/2024,21/09/2024,626.71,HMHR1X7,Appartement ∙ 1 chambre ∙ 3 personnes,Saas Fee - Valais
28/03/2024,21/09/2024,28/09/2024,626.71,HMHR1X7,Appartement ∙ 1 chambre ∙ 3 personnes,Saas Fee - Valais
28/03/2024,28/09/2024,05/10/2024,626.71,HMHR1X7,Appartement ∙ 1 chambre ∙ 3 personnes,Saas Fee - Valais
28/03/2024,05/10/2024,12/10/2024,626.71,HMHR1X7,Appartement ∙ 1 chambre ∙ 3 personnes,Saas Fee - Valais
28/03/2024,12/10/2024,19/10/2024,626.71,HMHR1X7,Appartement ∙ 1 chambre ∙ 3 personnes,Saas Fee - Valais
28/03/2024,19/10/2024,26/10/2024,626.71,HMHR1X7,Appartement ∙ 1 chambre ∙ 3 personnes,Saas Fee - Valais
28/03/2024,26/10/2024,02/11/2024,626.71,HMHR1X7,Appartement ∙ 1 chambre ∙ 3 personnes,Saas Fee - Valais
28/03/2024,30/03/2024,06/04/2024,843.71,HT6A2PH,80 m² Appartement ∙ 2 chambres ∙ 4 personnes,Saas Grund - Valais
28/03/2024,06/04/2024,13/04/2024,843.71,HT6A2PH,80 m² Appartement ∙ 2 chambres ∙ 4 personnes,Saas Grund - Valais
28/03/2024,13/04/2024,20/04/2024,843.71,HT6A2PH,80 m² Appartement ∙ 2 chambres ∙ 4 personnes,Saas Grund - Valais
28/03/2024,20/04/2024,27/04/2024,613.61,HT6A2PH,80 m² Appartement ∙ 2 chambres ∙ 4 personnes,Saas Grund - Valais
28/03/2024,27/04/2024,04/05/2024,613.61,HT6A2PH,80 m² Appartement ∙ 2 chambres ∙ 4 personnes,Saas Grund - Valais
28/03/2024,04/05/2024,11/05/2024,613.61,HT6A2PH,80 m² Appartement ∙ 2 chambres ∙ 4 personnes,Saas Grund - Valais
28/03/2024,11/05/2024,18/05/2024,613.61,HT6A2PH,80 m² Appartement ∙ 2 chambres ∙ 4 personnes,Saas Grund - Valais
28/03/2024,18/05/2024,25/05/2024,613.61,HT6A2PH,80 m² Appartement ∙ 2 chambres ∙ 4 personnes,Saas Grund - Valais
28/03/2024,25/05/2024,01/06/2024,613.61,HT6A2PH,80 m² Appartement ∙ 2 chambres ∙ 4 personnes,Saas Grund - Valais
28/03/2024,01/06/2024,08/06/2024,613.61,HT6A2PH,80 m² Appartement ∙ 2 chambres ∙ 4 personnes,Saas Grund - Valais
28/03/2024,08/06/2024,15/06/2024,613.61,HT6A2PH,80 m² Appartement ∙ 2 chambres ∙ 4 personnes,Saas Grund - Valais
28/03/2024,15/06/2024,22/06/2024,843.71,HT6A2PH,80 m² Appartement ∙ 2 chambres ∙ 4 personnes,Saas Grund - Valais
28/03/2024,22/06/2024,29/06/2024,843.71,HT6A2PH,80 m² Appartement ∙ 2 chambres ∙ 4 personnes,Saas Grund - Valais
28/03/2024,29/06/2024,06/07/2024,843.71,HT6A2PH,80 m² Appartement ∙ 2 chambres ∙ 4 personnes,Saas Grund - Valais
28/03/2024,06/07/2024,13/07/2024,843.71,HT6A2PH,80 m² Appartement ∙ 2 chambres ∙ 4 personnes,Saas Grund - Valais
28/03/2024,13/07/2024,20/07/2024,843.71,HT6A2PH,80 m² Appartement ∙ 2 chambres ∙ 4 personnes,Saas Grund - Valais
28/03/2024,20/07/2024,27/07/2024,843.71,HT6A2PH,80 m² Appartement ∙ 2 chambres ∙ 4 personnes,Saas Grund - Valais
28/03/2024,27/07/2024,03/08/2024,843.71,HT6A2PH,80 m² Appartement ∙ 2 chambres ∙ 4 personnes,Saas Grund - Valais
28/03/2024,03/08/2024,10/08/2024,843.71,HT6A2PH,80 m² Appartement ∙ 2 chambres ∙ 4 personnes,Saas Grund - Valais
28/03/2024,31/08/2024,07/09/2024,843.71,HT6A2PH,80 m² Appartement ∙ 2 chambres ∙ 4 personnes,Saas Grund - Valais
28/03/2024,07/09/2024,14/09/2024,843.71,HT6A2PH,80 m² Appartement ∙ 2 chambres ∙ 4 personnes,Saas Grund - Valais
28/03/2024,14/09/2024,21/09/2024,843.71,HT6A2PH,80 m² Appartement ∙ 2 chambres ∙ 4 personnes,Saas Grund - Valais
28/03/2024,21/09/2024,28/09/2024,843.71,HT6A2PH,80 m² Appartement ∙ 2 chambres ∙ 4 personnes,Saas Grund - Valais
28/03/2024,28/09/2024,05/10/2024,690.31,HT6A2PH,80 m² Appartement ∙ 2 chambres ∙ 4 personnes,Saas Grund - Valais
28/03/2024,05/10/2024,12/10/2024,690.31,HT6A2PH,80 m² Appartement ∙ 2 chambres ∙ 4 personnes,Saas Grund - Valais
28/03/2024,12/10/2024,19/10/2024,690.31,HT6A2PH,80 m² Appartement ∙ 2 chambres ∙ 4 personnes,Saas Grund - Valais
28/03/2024,19/10/2024,26/10/2024,690.31,HT6A2PH,80 m² Appartement ∙ 2 chambres ∙ 4 personnes,Saas Grund - Valais
28/03/2024,26/10/2024,02/11/2024,690.31,HT6A2PH,80 m² Appartement ∙ 2 chambres ∙ 4 personnes,Saas Grund - Valais
28/03/2024,27/04/2024,04/05/2024,912.86,H54BVEW,26 m² Appartement ∙ 4 personnes,Saas Fee - Valais
28/03/2024,04/05/2024,11/05/2024,912.86,H54BVEW,26 m² Appartement ∙ 4 personnes,Saas Fee - Valais
28/03/2024,11/05/2024,18/05/2024,912.86,H54BVEW,26 m² Appartement ∙ 4 personnes,Saas Fee - Valais
28/03/2024,18/05/2024,25/05/2024,912.86,H54BVEW,26 m² Appartement ∙ 4 personnes,Saas Fee - Valais
28/03/2024,08/06/2024,15/06/2024,1419.08,H54BVEW,26 m² Appartement ∙ 4 personnes,Saas Fee - Valais
28/03/2024,15/06/2024,22/06/2024,1419.08,H54BVEW,26 m² Appartement ∙ 4 personnes,Saas Fee - Valais
28/03/2024,22/06/2024,29/06/2024,1419.08,H54BVEW,26 m² Appartement ∙ 4 personnes,Saas Fee - Valais
28/03/2024,29/06/2024,06/07/2024,1419.08,H54BVEW,26 m² Appartement ∙ 4 personnes,Saas Fee - Valais
28/03/2024,06/07/2024,13/07/2024,1419.08,H54BVEW,26 m² Appartement ∙ 4 personnes,Saas Fee - Valais
28/03/2024,13/07/2024,20/07/2024,1419.08,H54BVEW,26 m² Appartement ∙ 4 personnes,Saas Fee - Valais
28/03/2024,31/08/2024,07/09/2024,1518.41,H54BVEW,26 m² Appartement ∙ 4 personnes,Saas Fee - Valais
28/03/2024,07/09/2024,14/09/2024,1518.41,H54BVEW,26 m² Appartement ∙ 4 personnes,Saas Fee - Valais
28/03/2024,14/09/2024,21/09/2024,1518.41,H54BVEW,26 m² Appartement ∙ 4 personnes,Saas Fee - Valais
28/03/2024,21/09/2024,28/09/2024,1518.41,H54BVEW,26 m² Appartement ∙ 4 personnes,Saas Fee - Valais
28/03/2024,28/09/2024,05/10/2024,1518.41,H54BVEW,26 m² Appartement ∙ 4 personnes,Saas Fee - Valais
28/03/2024,12/10/2024,19/10/2024,1085.78,H54BVEW,26 m² Appartement ∙ 4 personnes,Saas Fee - Valais
28/03/2024,19/10/2024,26/10/2024,1085.78,H54BVEW,26 m² Appartement ∙ 4 personnes,Saas Fee - Valais
28/03/2024,26/10/2024,02/11/2024,1055.10,H54BVEW,26 m² Appartement ∙ 4 personnes,Saas Fee - Valais
28/03/2024,06/04/2024,13/04/2024,1139.01,H0C6W53,64 m² Appartement ∙ 1 chambre ∙ 4 personnes,Saas Fee - Valais
28/03/2024,13/04/2024,20/04/2024,1139.01,H0C6W53,64 m² Appartement ∙ 1 chambre ∙ 4 personnes,Saas Fee - Valais
28/03/2024,01/06/2024,08/06/2024,1016.79,H0C6W53,64 m² Appartement ∙ 1 chambre ∙ 4 personnes,Saas Fee - Valais
28/03/2024,08/06/2024,15/06/2024,1016.79,H0C6W53,64 m² Appartement ∙ 1 chambre ∙ 4 personnes,Saas Fee - Valais
28/03/2024,15/06/2024,22/06/2024,1016.79,H0C6W53,64 m² Appartement ∙ 1 chambre ∙ 4 personnes,Saas Fee - Valais
28/03/2024,22/06/2024,29/06/2024,1016.79,H0C6W53,64 m² Appartement ∙ 1 chambre ∙ 4 personnes,Saas Fee - Valais
28/03/2024,29/06/2024,06/07/2024,1016.79,H0C6W53,64 m² Appartement ∙ 1 chambre ∙ 4 personnes,Saas Fee - Valais
28/03/2024,06/07/2024,13/07/2024,1139.01,H0C6W53,64 m² Appartement ∙ 1 chambre ∙ 4 personnes,Saas Fee - Valais
28/03/2024,13/07/2024,20/07/2024,1139.01,H0C6W53,64 m² Appartement ∙ 1 chambre ∙ 4 personnes,Saas Fee - Valais
28/03/2024,20/07/2024,27/07/2024,1219.80,H0C6W53,64 m² Appartement ∙ 1 chambre ∙ 4 personnes,Saas Fee - Valais
28/03/2024,27/07/2024,03/08/2024,1219.80,H0C6W53,64 m² Appartement ∙ 1 chambre ∙ 4 personnes,Saas Fee - Valais
28/03/2024,03/08/2024,10/08/2024,1219.80,H0C6W53,64 m² Appartement ∙ 1 chambre ∙ 4 personnes,Saas Fee - Valais
28/03/2024,10/08/2024,17/08/2024,1219.80,H0C6W53,64 m² Appartement ∙ 1 chambre ∙ 4 personnes,Saas Fee - Valais
28/03/2024,24/08/2024,31/08/2024,1016.79,H0C6W53,64 m² Appartement ∙ 1 chambre ∙ 4 personnes,Saas Fee - Valais
28/03/2024,31/08/2024,07/09/2024,1016.79,H0C6W53,64 m² Appartement ∙ 1 chambre ∙ 4 personnes,Saas Fee - Valais
28/03/2024,07/09/2024,14/09/2024,1016.79,H0C6W53,64 m² Appartement ∙ 1 chambre ∙ 4 personnes,Saas Fee - Valais
28/03/2024,14/09/2024,21/09/2024,1016.79,H0C6W53,64 m² Appartement ∙ 1 chambre ∙ 4 personnes,Saas Fee - Valais
28/03/2024,21/09/2024,28/09/2024,1016.79,H0C6W53,64 m² Appartement ∙ 1 chambre ∙ 4 personnes,Saas Fee - Valais
28/03/2024,28/09/2024,05/10/2024,1016.79,H0C6W53,64 m² Appartement ∙ 1 chambre ∙ 4 personnes,Saas Fee - Valais
28/03/2024,05/10/2024,12/10/2024,1016.79,H0C6W53,64 m² Appartement ∙ 1 chambre ∙ 4 personnes,Saas Fee - Valais
28/03/2024,12/10/2024,19/10/2024,1016.79,H0C6W53,64 m² Appartement ∙ 1 chambre ∙ 4 personnes,Saas Fee - Valais
28/03/2024,19/10/2024,26/10/2024,1016.79,H0C6W53,64 m² Appartement ∙ 1 chambre ∙ 4 personnes,Saas Fee - Valais
28/03/2024,26/10/2024,02/11/2024,1016.79,H0C6W53,64 m² Appartement ∙ 1 chambre ∙ 4 personnes,Saas Fee - Valais
28/03/2024,20/04/2024,27/04/2024,712.22,HC7M2DN,110 m² Appartement ∙ 2 chambres ∙ 6 personnes,Saas-Almagell - Valais
28/03/2024,27/04/2024,04/05/2024,690.31,HC7M2DN,110 m² Appartement ∙ 2 chambres ∙ 6 personnes,Saas-Almagell - Valais
28/03/2024,04/05/2024,11/05/2024,690.31,HC7M2DN,110 m² Appartement ∙ 2 chambres ∙ 6 personnes,Saas-Almagell - Valais
28/03/2024,11/05/2024,18/05/2024,690.31,HC7M2DN,110 m² Appartement ∙ 2 chambres ∙ 6 personnes,Saas-Almagell - Valais
28/03/2024,18/05/2024,25/05/2024,690.31,HC7M2DN,110 m² Appartement ∙ 2 chambres ∙ 6 personnes,Saas-Almagell - Valais
28/03/2024,25/05/2024,01/06/2024,690.31,HC7M2DN,110 m² Appartement ∙ 2 chambres ∙ 6 personnes,Saas-Almagell - Valais
28/03/2024,01/06/2024,08/06/2024,767.01,HC7M2DN,110 m² Appartement ∙ 2 chambres ∙ 6 personnes,Saas-Almagell - Valais
28/03/2024,08/06/2024,15/06/2024,767.01,HC7M2DN,110 m² Appartement ∙ 2 chambres ∙ 6 personnes,Saas-Almagell - Valais
28/03/2024,15/06/2024,22/06/2024,767.01,HC7M2DN,110 m² Appartement ∙ 2 chambres ∙ 6 personnes,Saas-Almagell - Valais
28/03/2024,22/06/2024,29/06/2024,767.01,HC7M2DN,110 m² Appartement ∙ 2 chambres ∙ 6 personnes,Saas-Almagell - Valais
28/03/2024,29/06/2024,06/07/2024,767.01,HC7M2DN,110 m² Appartement ∙ 2 chambres ∙ 6 personnes,Saas-Almagell - Valais
28/03/2024,06/07/2024,13/07/2024,767.01,HC7M2DN,110 m² Appartement ∙ 2 chambres ∙ 6 personnes,Saas-Almagell - Valais
28/03/2024,13/07/2024,20/07/2024,767.01,HC7M2DN,110 m² Appartement ∙ 2 chambres ∙ 6 personnes,Saas-Almagell - Valais
28/03/2024,20/07/2024,27/07/2024,767.01,HC7M2DN,110 m² Appartement ∙ 2 chambres ∙ 6 personnes,Saas-Almagell - Valais
28/03/2024,27/07/2024,03/08/2024,767.01,HC7M2DN,110 m² Appartement ∙ 2 chambres ∙ 6 personnes,Saas-Almagell - Valais
28/03/2024,03/08/2024,10/08/2024,767.01,HC7M2DN,110 m² Appartement ∙ 2 chambres ∙ 6 personnes,Saas-Almagell - Valais
28/03/2024,10/08/2024,17/08/2024,767.01,HC7M2DN,110 m² Appartement ∙ 2 chambres ∙ 6 personnes,Saas-Almagell - Valais
28/03/2024,17/08/2024,24/08/2024,767.01,HC7M2DN,110 m² Appartement ∙ 2 chambres ∙ 6 personnes,Saas-Almagell - Valais
28/03/2024,24/08/2024,31/08/2024,767.01,HC7M2DN,110 m² Appartement ∙ 2 chambres ∙ 6 personnes,Saas-Almagell - Valais
28/03/2024,31/08/2024,07/09/2024,767.01,HC7M2DN,110 m² Appartement ∙ 2 chambres ∙ 6 personnes,Saas-Almagell - Valais
28/03/2024,07/09/2024,14/09/2024,767.01,HC7M2DN,110 m² Appartement ∙ 2 chambres ∙ 6 personnes,Saas-Almagell - Valais
28/03/2024,14/09/2024,21/09/2024,767.01,HC7M2DN,110 m² Appartement ∙ 2 chambres ∙ 6 personnes,Saas-Almagell - Valais
28/03/2024,21/09/2024,28/09/2024,767.01,HC7M2DN,110 m² Appartement ∙ 2 chambres ∙ 6 personnes,Saas-Almagell - Valais
28/03/2024,28/09/2024,05/10/2024,767.01,HC7M2DN,110 m² Appartement ∙ 2 chambres ∙ 6 personnes,Saas-Almagell - Valais
28/03/2024,05/10/2024,12/10/2024,767.01,HC7M2DN,110 m² Appartement ∙ 2 chambres ∙ 6 personnes,Saas-Almagell - Valais
28/03/2024,12/10/2024,19/10/2024,767.01,HC7M2DN,110 m² Appartement ∙ 2 chambres ∙ 6 personnes,Saas-Almagell - Valais
28/03/2024,19/10/2024,26/10/2024,712.22,HC7M2DN,110 m² Appartement ∙ 2 chambres ∙ 6 personnes,Saas-Almagell - Valais
28/03/2024,26/10/2024,02/11/2024,690.31,HC7M2DN,110 m² Appartement ∙ 2 chambres ∙ 6 personnes,Saas-Almagell - Valais
28/03/2024,06/04/2024,13/04/2024,593.76,HRXZ9VU,50 m² Appartement ∙ 1 chambre ∙ 4 personnes,Loèche-les-Bains - Valais
28/03/2024,18/05/2024,25/05/2024,770.86,HRXZ9VU,50 m² Appartement ∙ 1 chambre ∙ 4 personnes,Loèche-les-Bains - Valais
28/03/2024,25/05/2024,01/06/2024,770.86,HRXZ9VU,50 m² Appartement ∙ 1 chambre ∙ 4 personnes,Loèche-les-Bains - Valais
28/03/2024,01/06/2024,08/06/2024,770.86,HRXZ9VU,50 m² Appartement ∙ 1 chambre ∙ 4 personnes,Loèche-les-Bains - Valais
28/03/2024,08/06/2024,15/06/2024,770.86,HRXZ9VU,50 m² Appartement ∙ 1 chambre ∙ 4 personnes,Loèche-les-Bains - Valais
28/03/2024,15/06/2024,22/06/2024,770.86,HRXZ9VU,50 m² Appartement ∙ 1 chambre ∙ 4 personnes,Loèche-les-Bains - Valais
28/03/2024,22/06/2024,29/06/2024,770.86,HRXZ9VU,50 m² Appartement ∙ 1 chambre ∙ 4 personnes,Loèche-les-Bains - Valais
28/03/2024,29/06/2024,06/07/2024,770.86,HRXZ9VU,50 m² Appartement ∙ 1 chambre ∙ 4 personnes,Loèche-les-Bains - Valais
28/03/2024,06/07/2024,13/07/2024,698.18,HRXZ9VU,50 m² Appartement ∙ 1 chambre ∙ 4 personnes,Loèche-les-Bains - Valais
28/03/2024,13/07/2024,20/07/2024,882.45,HRXZ9VU,50 m² Appartement ∙ 1 chambre ∙ 4 personnes,Loèche-les-Bains - Valais
28/03/2024,20/07/2024,27/07/2024,882.45,HRXZ9VU,50 m² Appartement ∙ 1 chambre ∙ 4 personnes,Loèche-les-Bains - Valais
28/03/2024,27/07/2024,03/08/2024,882.45,HRXZ9VU,50 m² Appartement ∙ 1 chambre ∙ 4 personnes,Loèche-les-Bains - Valais
28/03/2024,03/08/2024,10/08/2024,882.45,HRXZ9VU,50 m² Appartement ∙ 1 chambre ∙ 4 personnes,Loèche-les-Bains - Valais
28/03/2024,10/08/2024,17/08/2024,882.45,HRXZ9VU,50 m² Appartement ∙ 1 chambre ∙ 4 personnes,Loèche-les-Bains - Valais
28/03/2024,17/08/2024,24/08/2024,770.86,HRXZ9VU,50 m² Appartement ∙ 1 chambre ∙ 4 personnes,Loèche-les-Bains - Valais
28/03/2024,24/08/2024,31/08/2024,770.86,HRXZ9VU,50 m² Appartement ∙ 1 chambre ∙ 4 personnes,Loèche-les-Bains - Valais
28/03/2024,31/08/2024,07/09/2024,770.86,HRXZ9VU,50 m² Appartement ∙ 1 chambre ∙ 4 personnes,Loèche-les-Bains - Valais
28/03/2024,07/09/2024,14/09/2024,770.86,HRXZ9VU,50 m² Appartement ∙ 1 chambre ∙ 4 personnes,Loèche-les-Bains - Valais
28/03/2024,14/09/2024,21/09/2024,770.86,HRXZ9VU,50 m² Appartement ∙ 1 chambre ∙ 4 personnes,Loèche-les-Bains - Valais
28/03/2024,21/09/2024,28/09/2024,770.86,HRXZ9VU,50 m² Appartement ∙ 1 chambre ∙ 4 personnes,Loèche-les-Bains - Valais
28/03/2024,28/09/2024,05/10/2024,770.86,HRXZ9VU,50 m² Appartement ∙ 1 chambre ∙ 4 personnes,Loèche-les-Bains - Valais
28/03/2024,05/10/2024,12/10/2024,770.86,HRXZ9VU,50 m² Appartement ∙ 1 chambre ∙ 4 personnes,Loèche-les-Bains - Valais
28/03/2024,12/10/2024,19/10/2024,770.86,HRXZ9VU,50 m² Appartement ∙ 1 chambre ∙ 4 personnes,Loèche-les-Bains - Valais
28/03/2024,19/10/2024,26/10/2024,770.86,HRXZ9VU,50 m² Appartement ∙ 1 chambre ∙ 4 personnes,Loèche-les-Bains - Valais
28/03/2024,06/04/2024,13/04/2024,1172.16,HCTLRHJ,150 m² Appartement ∙ 3 chambres ∙ 6 personnes,Orsières - Valais
28/03/2024,13/04/2024,20/04/2024,1172.16,HCTLRHJ,150 m² Appartement ∙ 3 chambres ∙ 6 personnes,Orsières - Valais
28/03/2024,20/04/2024,27/04/2024,1172.16,HCTLRHJ,150 m² Appartement ∙ 3 chambres ∙ 6 personnes,Orsières - Valais
28/03/2024,27/04/2024,04/05/2024,1172.16,HCTLRHJ,150 m² Appartement ∙ 3 chambres ∙ 6 personnes,Orsières - Valais
28/03/2024,04/05/2024,11/05/2024,1172.16,HCTLRHJ,150 m² Appartement ∙ 3 chambres ∙ 6 personnes,Orsières - Valais
28/03/2024,25/05/2024,01/06/2024,1172.16,HCTLRHJ,150 m² Appartement ∙ 3 chambres ∙ 6 personnes,Orsières - Valais
28/03/2024,01/06/2024,08/06/2024,1172.16,HCTLRHJ,150 m² Appartement ∙ 3 chambres ∙ 6 personnes,Orsières - Valais
28/03/2024,08/06/2024,15/06/2024,1172.16,HCTLRHJ,150 m² Appartement ∙ 3 chambres ∙ 6 personnes,Orsières - Valais
28/03/2024,03/08/2024,10/08/2024,2245.03,HCTLRHJ,150 m² Appartement ∙ 3 chambres ∙ 6 personnes,Orsières - Valais
28/03/2024,07/09/2024,14/09/2024,1172.16,HCTLRHJ,150 m² Appartement ∙ 3 chambres ∙ 6 personnes,Orsières - Valais
28/03/2024,14/09/2024,21/09/2024,1172.16,HCTLRHJ,150 m² Appartement ∙ 3 chambres ∙ 6 personnes,Orsières - Valais
28/03/2024,21/09/2024,28/09/2024,1172.16,HCTLRHJ,150 m² Appartement ∙ 3 chambres ∙ 6 personnes,Orsières - Valais
28/03/2024,12/10/2024,19/10/2024,1172.16,HCTLRHJ,150 m² Appartement ∙ 3 chambres ∙ 6 personnes,Orsières - Valais
28/03/2024,19/10/2024,26/10/2024,1172.16,HCTLRHJ,150 m² Appartement ∙ 3 chambres ∙ 6 personnes,Orsières - Valais
28/03/2024,06/04/2024,13/04/2024,859.93,HZ65PUV,Appartement ∙ 3 chambres ∙ 8 personnes,Grächen - Valais
28/03/2024,13/04/2024,20/04/2024,859.93,HZ65PUV,Appartement ∙ 3 chambres ∙ 8 personnes,Grächen - Valais
28/03/2024,20/04/2024,27/04/2024,859.93,HZ65PUV,Appartement ∙ 3 chambres ∙ 8 personnes,Grächen - Valais
28/03/2024,05/10/2024,12/10/2024,859.93,HZ65PUV,Appartement ∙ 3 chambres ∙ 8 personnes,Grächen - Valais
28/03/2024,12/10/2024,19/10/2024,859.93,HZ65PUV,Appartement ∙ 3 chambres ∙ 8 personnes,Grächen - Valais
28/03/2024,19/10/2024,26/10/2024,859.93,HZ65PUV,Appartement ∙ 3 chambres ∙ 8 personnes,Grächen - Valais
28/03/2024,26/10/2024,02/11/2024,859.93,HZ65PUV,Appartement ∙ 3 chambres ∙ 8 personnes,Grächen - Valais
28/03/2024,01/06/2024,08/06/2024,2691.37,H0TEWXK,120 m² Maison de vacances ∙ 3 chambres ∙ 12 personnes,Evolène - Valais
28/03/2024,08/06/2024,15/06/2024,2691.37,H0TEWXK,120 m² Maison de vacances ∙ 3 chambres ∙ 12 personnes,Evolène - Valais
28/03/2024,13/07/2024,20/07/2024,2906.35,H0TEWXK,120 m² Maison de vacances ∙ 3 chambres ∙ 12 personnes,Evolène - Valais
28/03/2024,27/07/2024,03/08/2024,2906.35,H0TEWXK,120 m² Maison de vacances ∙ 3 chambres ∙ 12 personnes,Evolène - Valais
28/03/2024,28/09/2024,05/10/2024,2880.76,H0TEWXK,120 m² Maison de vacances ∙ 3 chambres ∙ 12 personnes,Evolène - Valais
28/03/2024,06/04/2024,13/04/2024,2261.40,HH6JELU,120 m² Appartement ∙ 3 chambres ∙ 6 personnes,Loèche-les-Bains - Valais
28/03/2024,13/04/2024,20/04/2024,1662.53,HH6JELU,120 m² Appartement ∙ 3 chambres ∙ 6 personnes,Loèche-les-Bains - Valais
28/03/2024,20/04/2024,27/04/2024,1662.53,HH6JELU,120 m² Appartement ∙ 3 chambres ∙ 6 personnes,Loèche-les-Bains - Valais
28/03/2024,18/05/2024,25/05/2024,1662.53,HH6JELU,120 m² Appartement ∙ 3 chambres ∙ 6 personnes,Loèche-les-Bains - Valais
28/03/2024,25/05/2024,01/06/2024,1662.53,HH6JELU,120 m² Appartement ∙ 3 chambres ∙ 6 personnes,Loèche-les-Bains - Valais
28/03/2024,01/06/2024,08/06/2024,1662.53,HH6JELU,120 m² Appartement ∙ 3 chambres ∙ 6 personnes,Loèche-les-Bains - Valais
28/03/2024,08/06/2024,15/06/2024,1662.53,HH6JELU,120 m² Appartement ∙ 3 chambres ∙ 6 personnes,Loèche-les-Bains - Valais
28/03/2024,22/06/2024,29/06/2024,1662.53,HH6JELU,120 m² Appartement ∙ 3 chambres ∙ 6 personnes,Loèche-les-Bains - Valais
28/03/2024,29/06/2024,06/07/2024,1662.53,HH6JELU,120 m² Appartement ∙ 3 chambres ∙ 6 personnes,Loèche-les-Bains - Valais
28/03/2024,06/07/2024,13/07/2024,1662.53,HH6JELU,120 m² Appartement ∙ 3 chambres ∙ 6 personnes,Loèche-les-Bains - Valais
28/03/2024,13/07/2024,20/07/2024,2261.40,HH6JELU,120 m² Appartement ∙ 3 chambres ∙ 6 personnes,Loèche-les-Bains - Valais
28/03/2024,20/07/2024,27/07/2024,2261.40,HH6JELU,120 m² Appartement ∙ 3 chambres ∙ 6 personnes,Loèche-les-Bains - Valais
28/03/2024,27/07/2024,03/08/2024,2261.40,HH6JELU,120 m² Appartement ∙ 3 chambres ∙ 6 personnes,Loèche-les-Bains - Valais
28/03/2024,03/08/2024,10/08/2024,2261.40,HH6JELU,120 m² Appartement ∙ 3 chambres ∙ 6 personnes,Loèche-les-Bains - Valais
28/03/2024,10/08/2024,17/08/2024,2261.40,HH6JELU,120 m² Appartement ∙ 3 chambres ∙ 6 personnes,Loèche-les-Bains - Valais
28/03/2024,17/08/2024,24/08/2024,2261.40,HH6JELU,120 m² Appartement ∙ 3 chambres ∙ 6 personnes,Loèche-les-Bains - Valais
28/03/2024,24/08/2024,31/08/2024,2261.40,HH6JELU,120 m² Appartement ∙ 3 chambres ∙ 6 personnes,Loèche-les-Bains - Valais
28/03/2024,31/08/2024,07/09/2024,2261.40,HH6JELU,120 m² Appartement ∙ 3 chambres ∙ 6 personnes,Loèche-les-Bains - Valais
28/03/2024,07/09/2024,14/09/2024,2261.40,HH6JELU,120 m² Appartement ∙ 3 chambres ∙ 6 personnes,Loèche-les-Bains - Valais
28/03/2024,14/09/2024,21/09/2024,2261.40,HH6JELU,120 m² Appartement ∙ 3 chambres ∙ 6 personnes,Loèche-les-Bains - Valais
28/03/2024,21/09/2024,28/09/2024,2261.40,HH6JELU,120 m² Appartement ∙ 3 chambres ∙ 6 personnes,Loèche-les-Bains - Valais
28/03/2024,28/09/2024,05/10/2024,2261.40,HH6JELU,120 m² Appartement ∙ 3 chambres ∙ 6 personnes,Loèche-les-Bains - Valais
28/03/2024,05/10/2024,12/10/2024,2261.40,HH6JELU,120 m² Appartement ∙ 3 chambres ∙ 6 personnes,Loèche-les-Bains - Valais
28/03/2024,12/10/2024,19/10/2024,2261.40,HH6JELU,120 m² Appartement ∙ 3 chambres ∙ 6 personnes,Loèche-les-Bains - Valais
28/03/2024,19/10/2024,26/10/2024,2261.40,HH6JELU,120 m² Appartement ∙ 3 chambres ∙ 6 personnes,Loèche-les-Bains - Valais
28/03/2024,26/10/2024,02/11/2024,1662.53,HH6JELU,120 m² Appartement ∙ 3 chambres ∙ 6 personnes,Loèche-les-Bains - Valais
28/03/2024,30/03/2024,06/04/2024,1226.83,HE2KU09,70 m² Appartement ∙ 2 chambres ∙ 4 personnes,Saas-Almagell - Valais
28/03/2024,01/06/2024,08/06/2024,920.12,HE2KU09,70 m² Appartement ∙ 2 chambres ∙ 4 personnes,Saas-Almagell - Valais
28/03/2024,08/06/2024,15/06/2024,920.12,HE2KU09,70 m² Appartement ∙ 2 chambres ∙ 4 personnes,Saas-Almagell - Valais
28/03/2024,15/06/2024,22/06/2024,920.12,HE2KU09,70 m² Appartement ∙ 2 chambres ∙ 4 personnes,Saas-Almagell - Valais
28/03/2024,06/07/2024,13/07/2024,1073.48,HE2KU09,70 m² Appartement ∙ 2 chambres ∙ 4 personnes,Saas-Almagell - Valais
28/03/2024,13/07/2024,20/07/2024,1073.48,HE2KU09,70 m² Appartement ∙ 2 chambres ∙ 4 personnes,Saas-Almagell - Valais
28/03/2024,20/07/2024,27/07/2024,1073.48,HE2KU09,70 m² Appartement ∙ 2 chambres ∙ 4 personnes,Saas-Almagell - Valais
28/03/2024,27/07/2024,03/08/2024,1073.48,HE2KU09,70 m² Appartement ∙ 2 chambres ∙ 4 personnes,Saas-Almagell - Valais
28/03/2024,10/08/2024,17/08/2024,1073.48,HE2KU09,70 m² Appartement ∙ 2 chambres ∙ 4 personnes,Saas-Almagell - Valais
28/03/2024,24/08/2024,31/08/2024,1073.48,HE2KU09,70 m² Appartement ∙ 2 chambres ∙ 4 personnes,Saas-Almagell - Valais
28/03/2024,31/08/2024,07/09/2024,996.80,HE2KU09,70 m² Appartement ∙ 2 chambres ∙ 4 personnes,Saas-Almagell - Valais
28/03/2024,07/09/2024,14/09/2024,996.80,HE2KU09,70 m² Appartement ∙ 2 chambres ∙ 4 personnes,Saas-Almagell - Valais
28/03/2024,14/09/2024,21/09/2024,996.80,HE2KU09,70 m² Appartement ∙ 2 chambres ∙ 4 personnes,Saas-Almagell - Valais
28/03/2024,21/09/2024,28/09/2024,996.80,HE2KU09,70 m² Appartement ∙ 2 chambres ∙ 4 personnes,Saas-Almagell - Valais
28/03/2024,28/09/2024,05/10/2024,996.80,HE2KU09,70 m² Appartement ∙ 2 chambres ∙ 4 personnes,Saas-Almagell - Valais
28/03/2024,05/10/2024,12/10/2024,996.80,HE2KU09,70 m² Appartement ∙ 2 chambres ∙ 4 personnes,Saas-Almagell - Valais
28/03/2024,12/10/2024,19/10/2024,996.80,HE2KU09,70 m² Appartement ∙ 2 chambres ∙ 4 personnes,Saas-Almagell - Valais
28/03/2024,06/04/2024,13/04/2024,685.90,H2W5CEV,Appartement ∙ 1 chambre ∙ 2 personnes,Fieschertal - Valais
28/03/2024,13/04/2024,20/04/2024,685.90,H2W5CEV,Appartement ∙ 1 chambre ∙ 2 personnes,Fieschertal - Valais
28/03/2024,20/04/2024,27/04/2024,685.90,H2W5CEV,Appartement ∙ 1 chambre ∙ 2 personnes,Fieschertal - Valais
28/03/2024,27/04/2024,04/05/2024,685.90,H2W5CEV,Appartement ∙ 1 chambre ∙ 2 personnes,Fieschertal - Valais
28/03/2024,04/05/2024,11/05/2024,685.90,H2W5CEV,Appartement ∙ 1 chambre ∙ 2 personnes,Fieschertal - Valais
28/03/2024,11/05/2024,18/05/2024,685.90,H2W5CEV,Appartement ∙ 1 chambre ∙ 2 personnes,Fieschertal - Valais
28/03/2024,18/05/2024,25/05/2024,685.90,H2W5CEV,Appartement ∙ 1 chambre ∙ 2 personnes,Fieschertal - Valais
28/03/2024,25/05/2024,01/06/2024,685.90,H2W5CEV,Appartement ∙ 1 chambre ∙ 2 personnes,Fieschertal - Valais
28/03/2024,01/06/2024,08/06/2024,685.90,H2W5CEV,Appartement ∙ 1 chambre ∙ 2 personnes,Fieschertal - Valais
28/03/2024,08/06/2024,15/06/2024,685.90,H2W5CEV,Appartement ∙ 1 chambre ∙ 2 personnes,Fieschertal - Valais
28/03/2024,15/06/2024,22/06/2024,685.90,H2W5CEV,Appartement ∙ 1 chambre ∙ 2 personnes,Fieschertal - Valais
28/03/2024,22/06/2024,29/06/2024,685.90,H2W5CEV,Appartement ∙ 1 chambre ∙ 2 personnes,Fieschertal - Valais
28/03/2024,29/06/2024,06/07/2024,685.90,H2W5CEV,Appartement ∙ 1 chambre ∙ 2 personnes,Fieschertal - Valais
28/03/2024,06/07/2024,13/07/2024,685.90,H2W5CEV,Appartement ∙ 1 chambre ∙ 2 personnes,Fieschertal - Valais
28/03/2024,13/07/2024,20/07/2024,685.90,H2W5CEV,Appartement ∙ 1 chambre ∙ 2 personnes,Fieschertal - Valais
28/03/2024,03/08/2024,10/08/2024,685.90,H2W5CEV,Appartement ∙ 1 chambre ∙ 2 personnes,Fieschertal - Valais
28/03/2024,10/08/2024,17/08/2024,685.90,H2W5CEV,Appartement ∙ 1 chambre ∙ 2 personnes,Fieschertal - Valais
28/03/2024,24/08/2024,31/08/2024,685.90,H2W5CEV,Appartement ∙ 1 chambre ∙ 2 personnes,Fieschertal - Valais
28/03/2024,31/08/2024,07/09/2024,685.90,H2W5CEV,Appartement ∙ 1 chambre ∙ 2 personnes,Fieschertal - Valais
28/03/2024,07/09/2024,14/09/2024,685.90,H2W5CEV,Appartement ∙ 1 chambre ∙ 2 personnes,Fieschertal - Valais
28/03/2024,14/09/2024,21/09/2024,685.90,H2W5CEV,Appartement ∙ 1 chambre ∙ 2 personnes,Fieschertal - Valais
28/03/2024,21/09/2024,28/09/2024,685.90,H2W5CEV,Appartement ∙ 1 chambre ∙ 2 personnes,Fieschertal - Valais
28/03/2024,28/09/2024,05/10/2024,685.90,H2W5CEV,Appartement ∙ 1 chambre ∙ 2 personnes,Fieschertal - Valais
28/03/2024,05/10/2024,12/10/2024,685.90,H2W5CEV,Appartement ∙ 1 chambre ∙ 2 personnes,Fieschertal - Valais
28/03/2024,12/10/2024,19/10/2024,685.90,H2W5CEV,Appartement ∙ 1 chambre ∙ 2 personnes,Fieschertal - Valais
28/03/2024,19/10/2024,26/10/2024,685.90,H2W5CEV,Appartement ∙ 1 chambre ∙ 2 personnes,Fieschertal - Valais
28/03/2024,26/10/2024,02/11/2024,685.90,H2W5CEV,Appartement ∙ 1 chambre ∙ 2 personnes,Fieschertal - Valais
28/03/2024,06/04/2024,13/04/2024,859.93,H67S9HV,Appartement ∙ 4 chambres ∙ 7 personnes,Grächen - Valais
28/03/2024,13/04/2024,20/04/2024,859.93,H67S9HV,Appartement ∙ 4 chambres ∙ 7 personnes,Grächen - Valais
28/03/2024,20/04/2024,27/04/2024,859.93,H67S9HV,Appartement ∙ 4 chambres ∙ 7 personnes,Grächen - Valais
28/03/2024,27/04/2024,04/05/2024,859.93,H67S9HV,Appartement ∙ 4 chambres ∙ 7 personnes,Grächen - Valais
28/03/2024,04/05/2024,11/05/2024,859.93,H67S9HV,Appartement ∙ 4 chambres ∙ 7 personnes,Grächen - Valais
28/03/2024,11/05/2024,18/05/2024,859.93,H67S9HV,Appartement ∙ 4 chambres ∙ 7 personnes,Grächen - Valais
28/03/2024,18/05/2024,25/05/2024,859.93,H67S9HV,Appartement ∙ 4 chambres ∙ 7 personnes,Grächen - Valais
28/03/2024,25/05/2024,01/06/2024,859.93,H67S9HV,Appartement ∙ 4 chambres ∙ 7 personnes,Grächen - Valais
28/03/2024,01/06/2024,08/06/2024,859.93,H67S9HV,Appartement ∙ 4 chambres ∙ 7 personnes,Grächen - Valais
28/03/2024,08/06/2024,15/06/2024,859.93,H67S9HV,Appartement ∙ 4 chambres ∙ 7 personnes,Grächen - Valais
28/03/2024,22/06/2024,29/06/2024,859.93,H67S9HV,Appartement ∙ 4 chambres ∙ 7 personnes,Grächen - Valais
28/03/2024,13/07/2024,20/07/2024,859.93,H67S9HV,Appartement ∙ 4 chambres ∙ 7 personnes,Grächen - Valais
28/03/2024,10/08/2024,17/08/2024,859.93,H67S9HV,Appartement ∙ 4 chambres ∙ 7 personnes,Grächen - Valais
28/03/2024,17/08/2024,24/08/2024,859.93,H67S9HV,Appartement ∙ 4 chambres ∙ 7 personnes,Grächen - Valais
28/03/2024,14/09/2024,21/09/2024,859.93,H67S9HV,Appartement ∙ 4 chambres ∙ 7 personnes,Grächen - Valais
28/03/2024,21/09/2024,28/09/2024,859.93,H67S9HV,Appartement ∙ 4 chambres ∙ 7 personnes,Grächen - Valais
28/03/2024,28/09/2024,05/10/2024,859.93,H67S9HV,Appartement ∙ 4 chambres ∙ 7 personnes,Grächen - Valais
28/03/2024,05/10/2024,12/10/2024,859.93,H67S9HV,Appartement ∙ 4 chambres ∙ 7 personnes,Grächen - Valais
28/03/2024,12/10/2024,19/10/2024,859.93,H67S9HV,Appartement ∙ 4 chambres ∙ 7 personnes,Grächen - Valais
28/03/2024,19/10/2024,26/10/2024,859.93,H67S9HV,Appartement ∙ 4 chambres ∙ 7 personnes,Grächen - Valais
28/03/2024,26/10/2024,02/11/2024,859.93,H67S9HV,Appartement ∙ 4 chambres ∙ 7 personnes,Grächen - Valais
28/03/2024,13/04/2024,20/04/2024,1904.51,HETHR9W,67 m² Appartement ∙ 2 chambres ∙ 4 personnes,Saas Fee - Valais
28/03/2024,20/04/2024,27/04/2024,1758.82,HETHR9W,67 m² Appartement ∙ 2 chambres ∙ 4 personnes,Saas Fee - Valais
28/03/2024,27/04/2024,04/05/2024,1758.82,HETHR9W,67 m² Appartement ∙ 2 chambres ∙ 4 personnes,Saas Fee - Valais
28/03/2024,04/05/2024,11/05/2024,1758.82,HETHR9W,67 m² Appartement ∙ 2 chambres ∙ 4 personnes,Saas Fee - Valais
28/03/2024,11/05/2024,18/05/2024,1758.82,HETHR9W,67 m² Appartement ∙ 2 chambres ∙ 4 personnes,Saas Fee - Valais
28/03/2024,18/05/2024,25/05/2024,1758.82,HETHR9W,67 m² Appartement ∙ 2 chambres ∙ 4 personnes,Saas Fee - Valais
28/03/2024,25/05/2024,01/06/2024,1758.82,HETHR9W,67 m² Appartement ∙ 2 chambres ∙ 4 personnes,Saas Fee - Valais
28/03/2024,01/06/2024,08/06/2024,1904.51,HETHR9W,67 m² Appartement ∙ 2 chambres ∙ 4 personnes,Saas Fee - Valais
28/03/2024,08/06/2024,15/06/2024,1904.51,HETHR9W,67 m² Appartement ∙ 2 chambres ∙ 4 personnes,Saas Fee - Valais
28/03/2024,15/06/2024,22/06/2024,1904.51,HETHR9W,67 m² Appartement ∙ 2 chambres ∙ 4 personnes,Saas Fee - Valais
28/03/2024,22/06/2024,29/06/2024,1904.51,HETHR9W,67 m² Appartement ∙ 2 chambres ∙ 4 personnes,Saas Fee - Valais
28/03/2024,29/06/2024,06/07/2024,1904.51,HETHR9W,67 m² Appartement ∙ 2 chambres ∙ 4 personnes,Saas Fee - Valais
28/03/2024,06/07/2024,13/07/2024,1904.51,HETHR9W,67 m² Appartement ∙ 2 chambres ∙ 4 personnes,Saas Fee - Valais
28/03/2024,13/07/2024,20/07/2024,1904.51,HETHR9W,67 m² Appartement ∙ 2 chambres ∙ 4 personnes,Saas Fee - Valais
28/03/2024,20/07/2024,27/07/2024,1904.51,HETHR9W,67 m² Appartement ∙ 2 chambres ∙ 4 personnes,Saas Fee - Valais
28/03/2024,10/08/2024,17/08/2024,1904.51,HETHR9W,67 m² Appartement ∙ 2 chambres ∙ 4 personnes,Saas Fee - Valais
28/03/2024,17/08/2024,24/08/2024,1776.54,HETHR9W,67 m² Appartement ∙ 2 chambres ∙ 4 personnes,Saas Fee - Valais
28/03/2024,24/08/2024,31/08/2024,1776.54,HETHR9W,67 m² Appartement ∙ 2 chambres ∙ 4 personnes,Saas Fee - Valais
28/03/2024,31/08/2024,07/09/2024,1776.54,HETHR9W,67 m² Appartement ∙ 2 chambres ∙ 4 personnes,Saas Fee - Valais
28/03/2024,07/09/2024,14/09/2024,1776.54,HETHR9W,67 m² Appartement ∙ 2 chambres ∙ 4 personnes,Saas Fee - Valais
28/03/2024,14/09/2024,21/09/2024,1776.54,HETHR9W,67 m² Appartement ∙ 2 chambres ∙ 4 personnes,Saas Fee - Valais
28/03/2024,21/09/2024,28/09/2024,1776.54,HETHR9W,67 m² Appartement ∙ 2 chambres ∙ 4 personnes,Saas Fee - Valais
28/03/2024,28/09/2024,05/10/2024,1776.54,HETHR9W,67 m² Appartement ∙ 2 chambres ∙ 4 personnes,Saas Fee - Valais
28/03/2024,05/10/2024,12/10/2024,1776.54,HETHR9W,67 m² Appartement ∙ 2 chambres ∙ 4 personnes,Saas Fee - Valais
28/03/2024,12/10/2024,19/10/2024,1776.54,HETHR9W,67 m² Appartement ∙ 2 chambres ∙ 4 personnes,Saas Fee - Valais
28/03/2024,19/10/2024,26/10/2024,1630.85,HETHR9W,67 m² Appartement ∙ 2 chambres ∙ 4 personnes,Saas Fee - Valais
28/03/2024,26/10/2024,02/11/2024,1630.85,HETHR9W,67 m² Appartement ∙ 2 chambres ∙ 4 personnes,Saas Fee - Valais
28/03/2024,13/04/2024,20/04/2024,1491.57,H1WYDBS,84 m² Maison de vacances ∙ 3 chambres ∙ 5 personnes,Ovronnaz - Leytron - Valais
28/03/2024,20/04/2024,27/04/2024,1491.57,H1WYDBS,84 m² Maison de vacances ∙ 3 chambres ∙ 5 personnes,Ovronnaz - Leytron - Valais
28/03/2024,27/04/2024,04/05/2024,1491.57,H1WYDBS,84 m² Maison de vacances ∙ 3 chambres ∙ 5 personnes,Ovronnaz - Leytron - Valais
28/03/2024,04/05/2024,11/05/2024,1491.57,H1WYDBS,84 m² Maison de vacances ∙ 3 chambres ∙ 5 personnes,Ovronnaz - Leytron - Valais
28/03/2024,25/05/2024,01/06/2024,1491.57,H1WYDBS,84 m² Maison de vacances ∙ 3 chambres ∙ 5 personnes,Ovronnaz - Leytron - Valais
28/03/2024,01/06/2024,08/06/2024,1491.57,H1WYDBS,84 m² Maison de vacances ∙ 3 chambres ∙ 5 personnes,Ovronnaz - Leytron - Valais
28/03/2024,08/06/2024,15/06/2024,1491.57,H1WYDBS,84 m² Maison de vacances ∙ 3 chambres ∙ 5 personnes,Ovronnaz - Leytron - Valais
28/03/2024,15/06/2024,22/06/2024,1491.57,H1WYDBS,84 m² Maison de vacances ∙ 3 chambres ∙ 5 personnes,Ovronnaz - Leytron - Valais
28/03/2024,22/06/2024,29/06/2024,1491.57,H1WYDBS,84 m² Maison de vacances ∙ 3 chambres ∙ 5 personnes,Ovronnaz - Leytron - Valais
28/03/2024,29/06/2024,06/07/2024,1605.20,H1WYDBS,84 m² Maison de vacances ∙ 3 chambres ∙ 5 personnes,Ovronnaz - Leytron - Valais
28/03/2024,06/07/2024,13/07/2024,1605.20,H1WYDBS,84 m² Maison de vacances ∙ 3 chambres ∙ 5 personnes,Ovronnaz - Leytron - Valais
28/03/2024,13/07/2024,20/07/2024,1737.26,H1WYDBS,84 m² Maison de vacances ∙ 3 chambres ∙ 5 personnes,Ovronnaz - Leytron - Valais
28/03/2024,10/08/2024,17/08/2024,1737.26,H1WYDBS,84 m² Maison de vacances ∙ 3 chambres ∙ 5 personnes,Ovronnaz - Leytron - Valais
28/03/2024,17/08/2024,24/08/2024,1491.57,H1WYDBS,84 m² Maison de vacances ∙ 3 chambres ∙ 5 personnes,Ovronnaz - Leytron - Valais
28/03/2024,24/08/2024,31/08/2024,1491.57,H1WYDBS,84 m² Maison de vacances ∙ 3 chambres ∙ 5 personnes,Ovronnaz - Leytron - Valais
28/03/2024,31/08/2024,07/09/2024,1491.57,H1WYDBS,84 m² Maison de vacances ∙ 3 chambres ∙ 5 personnes,Ovronnaz - Leytron - Valais
28/03/2024,07/09/2024,14/09/2024,1491.57,H1WYDBS,84 m² Maison de vacances ∙ 3 chambres ∙ 5 personnes,Ovronnaz - Leytron - Valais
28/03/2024,14/09/2024,21/09/2024,1491.57,H1WYDBS,84 m² Maison de vacances ∙ 3 chambres ∙ 5 personnes,Ovronnaz - Leytron - Valais
28/03/2024,21/09/2024,28/09/2024,1491.57,H1WYDBS,84 m² Maison de vacances ∙ 3 chambres ∙ 5 personnes,Ovronnaz - Leytron - Valais
28/03/2024,28/09/2024,05/10/2024,1491.57,H1WYDBS,84 m² Maison de vacances ∙ 3 chambres ∙ 5 personnes,Ovronnaz - Leytron - Valais
28/03/2024,05/10/2024,12/10/2024,1491.57,H1WYDBS,84 m² Maison de vacances ∙ 3 chambres ∙ 5 personnes,Ovronnaz - Leytron - Valais
28/03/2024,12/10/2024,19/10/2024,1491.57,H1WYDBS,84 m² Maison de vacances ∙ 3 chambres ∙ 5 personnes,Ovronnaz - Leytron - Valais
28/03/2024,19/10/2024,26/10/2024,1491.57,H1WYDBS,84 m² Maison de vacances ∙ 3 chambres ∙ 5 personnes,Ovronnaz - Leytron - Valais
28/03/2024,26/10/2024,02/11/2024,1491.57,H1WYDBS,84 m² Maison de vacances ∙ 3 chambres ∙ 5 personnes,Ovronnaz - Leytron - Valais
28/03/2024,06/04/2024,13/04/2024,893.60,HSXYUZ3,84 m² Appartement ∙ 3 chambres ∙ 6 personnes,Riddes - Valais
28/03/2024,13/04/2024,20/04/2024,765.96,HSXYUZ3,84 m² Appartement ∙ 3 chambres ∙ 6 personnes,Riddes - Valais
28/03/2024,20/04/2024,27/04/2024,765.96,HSXYUZ3,84 m² Appartement ∙ 3 chambres ∙ 6 personnes,Riddes - Valais
28/03/2024,27/04/2024,04/05/2024,765.96,HSXYUZ3,84 m² Appartement ∙ 3 chambres ∙ 6 personnes,Riddes - Valais
28/03/2024,04/05/2024,11/05/2024,765.96,HSXYUZ3,84 m² Appartement ∙ 3 chambres ∙ 6 personnes,Riddes - Valais
28/03/2024,11/05/2024,18/05/2024,765.96,HSXYUZ3,84 m² Appartement ∙ 3 chambres ∙ 6 personnes,Riddes - Valais
28/03/2024,18/05/2024,25/05/2024,765.96,HSXYUZ3,84 m² Appartement ∙ 3 chambres ∙ 6 personnes,Riddes - Valais
28/03/2024,25/05/2024,01/06/2024,765.96,HSXYUZ3,84 m² Appartement ∙ 3 chambres ∙ 6 personnes,Riddes - Valais
28/03/2024,01/06/2024,08/06/2024,765.95,HSXYUZ3,84 m² Appartement ∙ 3 chambres ∙ 6 personnes,Riddes - Valais
28/03/2024,08/06/2024,15/06/2024,765.95,HSXYUZ3,84 m² Appartement ∙ 3 chambres ∙ 6 personnes,Riddes - Valais
28/03/2024,15/06/2024,22/06/2024,765.95,HSXYUZ3,84 m² Appartement ∙ 3 chambres ∙ 6 personnes,Riddes - Valais
28/03/2024,22/06/2024,29/06/2024,765.95,HSXYUZ3,84 m² Appartement ∙ 3 chambres ∙ 6 personnes,Riddes - Valais
28/03/2024,29/06/2024,06/07/2024,1021.34,HSXYUZ3,84 m² Appartement ∙ 3 chambres ∙ 6 personnes,Riddes - Valais
28/03/2024,06/07/2024,13/07/2024,1021.34,HSXYUZ3,84 m² Appartement ∙ 3 chambres ∙ 6 personnes,Riddes - Valais
28/03/2024,13/07/2024,20/07/2024,1021.34,HSXYUZ3,84 m² Appartement ∙ 3 chambres ∙ 6 personnes,Riddes - Valais
28/03/2024,20/07/2024,27/07/2024,1021.34,HSXYUZ3,84 m² Appartement ∙ 3 chambres ∙ 6 personnes,Riddes - Valais
28/03/2024,27/07/2024,03/08/2024,1021.25,HSXYUZ3,84 m² Appartement ∙ 3 chambres ∙ 6 personnes,Riddes - Valais
28/03/2024,03/08/2024,10/08/2024,1021.25,HSXYUZ3,84 m² Appartement ∙ 3 chambres ∙ 6 personnes,Riddes - Valais
28/03/2024,10/08/2024,17/08/2024,1021.34,HSXYUZ3,84 m² Appartement ∙ 3 chambres ∙ 6 personnes,Riddes - Valais
28/03/2024,17/08/2024,24/08/2024,1021.34,HSXYUZ3,84 m² Appartement ∙ 3 chambres ∙ 6 personnes,Riddes - Valais
28/03/2024,24/08/2024,31/08/2024,1021.34,HSXYUZ3,84 m² Appartement ∙ 3 chambres ∙ 6 personnes,Riddes - Valais
28/03/2024,31/08/2024,07/09/2024,765.95,HSXYUZ3,84 m² Appartement ∙ 3 chambres ∙ 6 personnes,Riddes - Valais
28/03/2024,07/09/2024,14/09/2024,765.95,HSXYUZ3,84 m² Appartement ∙ 3 chambres ∙ 6 personnes,Riddes - Valais
28/03/2024,14/09/2024,21/09/2024,765.95,HSXYUZ3,84 m² Appartement ∙ 3 chambres ∙ 6 personnes,Riddes - Valais
28/03/2024,21/09/2024,28/09/2024,765.95,HSXYUZ3,84 m² Appartement ∙ 3 chambres ∙ 6 personnes,Riddes - Valais
28/03/2024,28/09/2024,05/10/2024,765.95,HSXYUZ3,84 m² Appartement ∙ 3 chambres ∙ 6 personnes,Riddes - Valais
28/03/2024,05/10/2024,12/10/2024,765.95,HSXYUZ3,84 m² Appartement ∙ 3 chambres ∙ 6 personnes,Riddes - Valais
28/03/2024,12/10/2024,19/10/2024,765.95,HSXYUZ3,84 m² Appartement ∙ 3 chambres ∙ 6 personnes,Riddes - Valais
28/03/2024,19/10/2024,26/10/2024,765.95,HSXYUZ3,84 m² Appartement ∙ 3 chambres ∙ 6 personnes,Riddes - Valais
28/03/2024,26/10/2024,02/11/2024,765.95,HSXYUZ3,84 m² Appartement ∙ 3 chambres ∙ 6 personnes,Riddes - Valais
28/03/2024,27/04/2024,04/05/2024,927.79,HXGWR3U,100 m² Appartement ∙ 3 chambres ∙ 6 personnes,Saas-Almagell - Valais
28/03/2024,11/05/2024,18/05/2024,927.79,HXGWR3U,100 m² Appartement ∙ 3 chambres ∙ 6 personnes,Saas-Almagell - Valais
28/03/2024,18/05/2024,25/05/2024,927.79,HXGWR3U,100 m² Appartement ∙ 3 chambres ∙ 6 personnes,Saas-Almagell - Valais
28/03/2024,25/05/2024,01/06/2024,927.79,HXGWR3U,100 m² Appartement ∙ 3 chambres ∙ 6 personnes,Saas-Almagell - Valais
28/03/2024,01/06/2024,08/06/2024,1150.15,HXGWR3U,100 m² Appartement ∙ 3 chambres ∙ 6 personnes,Saas-Almagell - Valais
28/03/2024,08/06/2024,15/06/2024,1150.15,HXGWR3U,100 m² Appartement ∙ 3 chambres ∙ 6 personnes,Saas-Almagell - Valais
28/03/2024,15/06/2024,22/06/2024,1150.15,HXGWR3U,100 m² Appartement ∙ 3 chambres ∙ 6 personnes,Saas-Almagell - Valais
28/03/2024,22/06/2024,29/06/2024,1150.15,HXGWR3U,100 m² Appartement ∙ 3 chambres ∙ 6 personnes,Saas-Almagell - Valais
28/03/2024,29/06/2024,06/07/2024,1150.15,HXGWR3U,100 m² Appartement ∙ 3 chambres ∙ 6 personnes,Saas-Almagell - Valais
28/03/2024,10/08/2024,17/08/2024,1150.15,HXGWR3U,100 m² Appartement ∙ 3 chambres ∙ 6 personnes,Saas-Almagell - Valais
28/03/2024,07/09/2024,14/09/2024,1150.15,HXGWR3U,100 m² Appartement ∙ 3 chambres ∙ 6 personnes,Saas-Almagell - Valais
28/03/2024,14/09/2024,21/09/2024,1150.15,HXGWR3U,100 m² Appartement ∙ 3 chambres ∙ 6 personnes,Saas-Almagell - Valais
28/03/2024,21/09/2024,28/09/2024,1150.15,HXGWR3U,100 m² Appartement ∙ 3 chambres ∙ 6 personnes,Saas-Almagell - Valais
28/03/2024,28/09/2024,05/10/2024,1150.15,HXGWR3U,100 m² Appartement ∙ 3 chambres ∙ 6 personnes,Saas-Almagell - Valais
28/03/2024,05/10/2024,12/10/2024,1150.15,HXGWR3U,100 m² Appartement ∙ 3 chambres ∙ 6 personnes,Saas-Almagell - Valais
28/03/2024,12/10/2024,19/10/2024,1150.15,HXGWR3U,100 m² Appartement ∙ 3 chambres ∙ 6 personnes,Saas-Almagell - Valais
28/03/2024,19/10/2024,26/10/2024,991.32,HXGWR3U,100 m² Appartement ∙ 3 chambres ∙ 6 personnes,Saas-Almagell - Valais
28/03/2024,26/10/2024,02/11/2024,927.79,HXGWR3U,100 m² Appartement ∙ 3 chambres ∙ 6 personnes,Saas-Almagell - Valais
28/03/2024,13/04/2024,20/04/2024,1287.84,HM02UKD,Appartement ∙ 2 chambres ∙ 4 personnes,Saas-Almagell - Valais
28/03/2024,20/04/2024,27/04/2024,1287.84,HM02UKD,Appartement ∙ 2 chambres ∙ 4 personnes,Saas-Almagell - Valais
28/03/2024,27/04/2024,04/05/2024,1211.07,HM02UKD,Appartement ∙ 2 chambres ∙ 4 personnes,Saas-Almagell - Valais
28/03/2024,04/05/2024,11/05/2024,1211.07,HM02UKD,Appartement ∙ 2 chambres ∙ 4 personnes,Saas-Almagell - Valais
28/03/2024,11/05/2024,18/05/2024,1211.07,HM02UKD,Appartement ∙ 2 chambres ∙ 4 personnes,Saas-Almagell - Valais
28/03/2024,18/05/2024,25/05/2024,1211.07,HM02UKD,Appartement ∙ 2 chambres ∙ 4 personnes,Saas-Almagell - Valais
28/03/2024,25/05/2024,01/06/2024,1211.07,HM02UKD,Appartement ∙ 2 chambres ∙ 4 personnes,Saas-Almagell - Valais
28/03/2024,01/06/2024,08/06/2024,1325.72,HM02UKD,Appartement ∙ 2 chambres ∙ 4 personnes,Saas-Almagell - Valais
28/03/2024,08/06/2024,15/06/2024,1325.72,HM02UKD,Appartement ∙ 2 chambres ∙ 4 personnes,Saas-Almagell - Valais
28/03/2024,15/06/2024,22/06/2024,1325.72,HM02UKD,Appartement ∙ 2 chambres ∙ 4 personnes,Saas-Almagell - Valais
28/03/2024,29/06/2024,06/07/2024,1402.50,HM02UKD,Appartement ∙ 2 chambres ∙ 4 personnes,Saas-Almagell - Valais
28/03/2024,13/07/2024,20/07/2024,1402.50,HM02UKD,Appartement ∙ 2 chambres ∙ 4 personnes,Saas-Almagell - Valais
28/03/2024,17/08/2024,24/08/2024,1402.50,HM02UKD,Appartement ∙ 2 chambres ∙ 4 personnes,Saas-Almagell - Valais
28/03/2024,21/09/2024,28/09/2024,1325.72,HM02UKD,Appartement ∙ 2 chambres ∙ 4 personnes,Saas-Almagell - Valais
28/03/2024,28/09/2024,05/10/2024,1325.72,HM02UKD,Appartement ∙ 2 chambres ∙ 4 personnes,Saas-Almagell - Valais
28/03/2024,12/10/2024,19/10/2024,1211.07,HM02UKD,Appartement ∙ 2 chambres ∙ 4 personnes,Saas-Almagell - Valais
28/03/2024,19/10/2024,26/10/2024,1211.07,HM02UKD,Appartement ∙ 2 chambres ∙ 4 personnes,Saas-Almagell - Valais
28/03/2024,26/10/2024,02/11/2024,1211.07,HM02UKD,Appartement ∙ 2 chambres ∙ 4 personnes,Saas-Almagell - Valais
28/03/2024,30/03/2024,06/04/2024,2085.61,HZM6RKB,60 m² Appartement ∙ 2 chambres ∙ 4 personnes,Saas Fee - Valais
28/03/2024,06/04/2024,13/04/2024,2085.61,HZM6RKB,60 m² Appartement ∙ 2 chambres ∙ 4 personnes,Saas Fee - Valais
28/03/2024,13/04/2024,20/04/2024,2085.61,HZM6RKB,60 m² Appartement ∙ 2 chambres ∙ 4 personnes,Saas Fee - Valais
28/03/2024,20/04/2024,27/04/2024,1954.17,HZM6RKB,60 m² Appartement ∙ 2 chambres ∙ 4 personnes,Saas Fee - Valais
28/03/2024,29/06/2024,06/07/2024,1472.20,HZM6RKB,60 m² Appartement ∙ 2 chambres ∙ 4 personnes,Saas Fee - Valais
28/03/2024,06/07/2024,13/07/2024,1472.20,HZM6RKB,60 m² Appartement ∙ 2 chambres ∙ 4 personnes,Saas Fee - Valais
28/03/2024,13/07/2024,20/07/2024,1472.20,HZM6RKB,60 m² Appartement ∙ 2 chambres ∙ 4 personnes,Saas Fee - Valais
28/03/2024,20/07/2024,27/07/2024,1472.20,HZM6RKB,60 m² Appartement ∙ 2 chambres ∙ 4 personnes,Saas Fee - Valais
28/03/2024,03/08/2024,10/08/2024,1472.20,HZM6RKB,60 m² Appartement ∙ 2 chambres ∙ 4 personnes,Saas Fee - Valais
28/03/2024,10/08/2024,17/08/2024,1472.20,HZM6RKB,60 m² Appartement ∙ 2 chambres ∙ 4 personnes,Saas Fee - Valais
28/03/2024,17/08/2024,24/08/2024,1472.20,HZM6RKB,60 m² Appartement ∙ 2 chambres ∙ 4 personnes,Saas Fee - Valais
28/03/2024,24/08/2024,31/08/2024,1472.20,HZM6RKB,60 m² Appartement ∙ 2 chambres ∙ 4 personnes,Saas Fee - Valais
28/03/2024,31/08/2024,07/09/2024,1472.20,HZM6RKB,60 m² Appartement ∙ 2 chambres ∙ 4 personnes,Saas Fee - Valais
28/03/2024,07/09/2024,14/09/2024,1472.20,HZM6RKB,60 m² Appartement ∙ 2 chambres ∙ 4 personnes,Saas Fee - Valais
28/03/2024,14/09/2024,21/09/2024,1472.20,HZM6RKB,60 m² Appartement ∙ 2 chambres ∙ 4 personnes,Saas Fee - Valais
28/03/2024,21/09/2024,28/09/2024,1472.20,HZM6RKB,60 m² Appartement ∙ 2 chambres ∙ 4 personnes,Saas Fee - Valais
28/03/2024,12/10/2024,19/10/2024,1472.20,HZM6RKB,60 m² Appartement ∙ 2 chambres ∙ 4 personnes,Saas Fee - Valais
28/03/2024,19/10/2024,26/10/2024,1472.20,HZM6RKB,60 m² Appartement ∙ 2 chambres ∙ 4 personnes,Saas Fee - Valais
28/03/2024,26/10/2024,02/11/2024,1472.20,HZM6RKB,60 m² Appartement ∙ 2 chambres ∙ 4 personnes,Saas Fee - Valais
28/03/2024,20/04/2024,27/04/2024,1542.75,H0769S2,Appartement ∙ 3 chambres ∙ 6 personnes,Saas-Balen - Valais
28/03/2024,27/04/2024,04/05/2024,1542.75,H0769S2,Appartement ∙ 3 chambres ∙ 6 personnes,Saas-Balen - Valais
28/03/2024,04/05/2024,11/05/2024,1542.75,H0769S2,Appartement ∙ 3 chambres ∙ 6 personnes,Saas-Balen - Valais
28/03/2024,11/05/2024,18/05/2024,1542.75,H0769S2,Appartement ∙ 3 chambres ∙ 6 personnes,Saas-Balen - Valais
28/03/2024,01/06/2024,08/06/2024,1542.75,H0769S2,Appartement ∙ 3 chambres ∙ 6 personnes,Saas-Balen - Valais
28/03/2024,08/06/2024,15/06/2024,1542.75,H0769S2,Appartement ∙ 3 chambres ∙ 6 personnes,Saas-Balen - Valais
28/03/2024,15/06/2024,22/06/2024,1542.75,H0769S2,Appartement ∙ 3 chambres ∙ 6 personnes,Saas-Balen - Valais
28/03/2024,03/08/2024,10/08/2024,1657.41,H0769S2,Appartement ∙ 3 chambres ∙ 6 personnes,Saas-Balen - Valais
28/03/2024,10/08/2024,17/08/2024,1657.41,H0769S2,Appartement ∙ 3 chambres ∙ 6 personnes,Saas-Balen - Valais
28/03/2024,24/08/2024,31/08/2024,1657.41,H0769S2,Appartement ∙ 3 chambres ∙ 6 personnes,Saas-Balen - Valais
28/03/2024,31/08/2024,07/09/2024,1559.13,H0769S2,Appartement ∙ 3 chambres ∙ 6 personnes,Saas-Balen - Valais
28/03/2024,07/09/2024,14/09/2024,1542.75,H0769S2,Appartement ∙ 3 chambres ∙ 6 personnes,Saas-Balen - Valais
28/03/2024,14/09/2024,21/09/2024,1542.75,H0769S2,Appartement ∙ 3 chambres ∙ 6 personnes,Saas-Balen - Valais
28/03/2024,21/09/2024,28/09/2024,1542.75,H0769S2,Appartement ∙ 3 chambres ∙ 6 personnes,Saas-Balen - Valais
28/03/2024,28/09/2024,05/10/2024,1542.75,H0769S2,Appartement ∙ 3 chambres ∙ 6 personnes,Saas-Balen - Valais
28/03/2024,05/10/2024,12/10/2024,1542.75,H0769S2,Appartement ∙ 3 chambres ∙ 6 personnes,Saas-Balen - Valais
28/03/2024,12/10/2024,19/10/2024,1542.75,H0769S2,Appartement ∙ 3 chambres ∙ 6 personnes,Saas-Balen - Valais
28/03/2024,19/10/2024,26/10/2024,1542.75,H0769S2,Appartement ∙ 3 chambres ∙ 6 personnes,Saas-Balen - Valais
28/03/2024,26/10/2024,02/11/2024,1542.75,H0769S2,Appartement ∙ 3 chambres ∙ 6 personnes,Saas-Balen - Valais
28/03/2024,30/03/2024,06/04/2024,406.42,HY89VXF,18 m² Village vacances ∙ 1 chambre ∙ 2 personnes,Nendaz - Valais
28/03/2024,06/04/2024,13/04/2024,339.88,HY89VXF,18 m² Village vacances ∙ 1 chambre ∙ 2 personnes,Nendaz - Valais
28/03/2024,13/04/2024,20/04/2024,429.96,HY89VXF,18 m² Village vacances ∙ 1 chambre ∙ 2 personnes,Nendaz - Valais
28/03/2024,22/06/2024,29/06/2024,429.96,HY89VXF,18 m² Village vacances ∙ 1 chambre ∙ 2 personnes,Nendaz - Valais
28/03/2024,29/06/2024,06/07/2024,429.96,HY89VXF,18 m² Village vacances ∙ 1 chambre ∙ 2 personnes,Nendaz - Valais
28/03/2024,06/07/2024,13/07/2024,429.96,HY89VXF,18 m² Village vacances ∙ 1 chambre ∙ 2 personnes,Nendaz - Valais
28/03/2024,13/07/2024,20/07/2024,429.96,HY89VXF,18 m² Village vacances ∙ 1 chambre ∙ 2 personnes,Nendaz - Valais
28/03/2024,20/07/2024,27/07/2024,489.34,HY89VXF,18 m² Village vacances ∙ 1 chambre ∙ 2 personnes,Nendaz - Valais
28/03/2024,27/07/2024,03/08/2024,489.34,HY89VXF,18 m² Village vacances ∙ 1 chambre ∙ 2 personnes,Nendaz - Valais
28/03/2024,03/08/2024,10/08/2024,489.34,HY89VXF,18 m² Village vacances ∙ 1 chambre ∙ 2 personnes,Nendaz - Valais
28/03/2024,10/08/2024,17/08/2024,489.34,HY89VXF,18 m² Village vacances ∙ 1 chambre ∙ 2 personnes,Nendaz - Valais
28/03/2024,17/08/2024,24/08/2024,429.96,HY89VXF,18 m² Village vacances ∙ 1 chambre ∙ 2 personnes,Nendaz - Valais
28/03/2024,24/08/2024,31/08/2024,429.96,HY89VXF,18 m² Village vacances ∙ 1 chambre ∙ 2 personnes,Nendaz - Valais
28/03/2024,31/08/2024,07/09/2024,429.96,HY89VXF,18 m² Village vacances ∙ 1 chambre ∙ 2 personnes,Nendaz - Valais
28/03/2024,07/09/2024,14/09/2024,429.96,HY89VXF,18 m² Village vacances ∙ 1 chambre ∙ 2 personnes,Nendaz - Valais
28/03/2024,30/03/2024,06/04/2024,608.09,H6TXV9S,25 m² Appartement ∙ 1 chambre ∙ 4 personnes,Veysonnaz - Valais
28/03/2024,06/04/2024,13/04/2024,608.20,H6TXV9S,25 m² Appartement ∙ 1 chambre ∙ 4 personnes,Veysonnaz - Valais
28/03/2024,13/04/2024,20/04/2024,603.08,H6TXV9S,25 m² Appartement ∙ 1 chambre ∙ 4 personnes,Veysonnaz - Valais
28/03/2024,20/04/2024,27/04/2024,603.08,H6TXV9S,25 m² Appartement ∙ 1 chambre ∙ 4 personnes,Veysonnaz - Valais
28/03/2024,27/04/2024,04/05/2024,603.08,H6TXV9S,25 m² Appartement ∙ 1 chambre ∙ 4 personnes,Veysonnaz - Valais
28/03/2024,18/05/2024,25/05/2024,603.08,H6TXV9S,25 m² Appartement ∙ 1 chambre ∙ 4 personnes,Veysonnaz - Valais
28/03/2024,25/05/2024,01/06/2024,603.08,H6TXV9S,25 m² Appartement ∙ 1 chambre ∙ 4 personnes,Veysonnaz - Valais
28/03/2024,01/06/2024,08/06/2024,603.08,H6TXV9S,25 m² Appartement ∙ 1 chambre ∙ 4 personnes,Veysonnaz - Valais
28/03/2024,08/06/2024,15/06/2024,603.08,H6TXV9S,25 m² Appartement ∙ 1 chambre ∙ 4 personnes,Veysonnaz - Valais
28/03/2024,15/06/2024,22/06/2024,603.08,H6TXV9S,25 m² Appartement ∙ 1 chambre ∙ 4 personnes,Veysonnaz - Valais
28/03/2024,22/06/2024,29/06/2024,603.08,H6TXV9S,25 m² Appartement ∙ 1 chambre ∙ 4 personnes,Veysonnaz - Valais
28/03/2024,29/06/2024,06/07/2024,603.08,H6TXV9S,25 m² Appartement ∙ 1 chambre ∙ 4 personnes,Veysonnaz - Valais
28/03/2024,06/07/2024,13/07/2024,603.08,H6TXV9S,25 m² Appartement ∙ 1 chambre ∙ 4 personnes,Veysonnaz - Valais
28/03/2024,13/07/2024,20/07/2024,699.33,H6TXV9S,25 m² Appartement ∙ 1 chambre ∙ 4 personnes,Veysonnaz - Valais
28/03/2024,27/07/2024,03/08/2024,699.33,H6TXV9S,25 m² Appartement ∙ 1 chambre ∙ 4 personnes,Veysonnaz - Valais
28/03/2024,03/08/2024,10/08/2024,699.33,H6TXV9S,25 m² Appartement ∙ 1 chambre ∙ 4 personnes,Veysonnaz - Valais
28/03/2024,10/08/2024,17/08/2024,699.33,H6TXV9S,25 m² Appartement ∙ 1 chambre ∙ 4 personnes,Veysonnaz - Valais
28/03/2024,17/08/2024,24/08/2024,603.08,H6TXV9S,25 m² Appartement ∙ 1 chambre ∙ 4 personnes,Veysonnaz - Valais
28/03/2024,24/08/2024,31/08/2024,603.08,H6TXV9S,25 m² Appartement ∙ 1 chambre ∙ 4 personnes,Veysonnaz - Valais
28/03/2024,31/08/2024,07/09/2024,603.08,H6TXV9S,25 m² Appartement ∙ 1 chambre ∙ 4 personnes,Veysonnaz - Valais
28/03/2024,07/09/2024,14/09/2024,603.08,H6TXV9S,25 m² Appartement ∙ 1 chambre ∙ 4 personnes,Veysonnaz - Valais
28/03/2024,30/03/2024,06/04/2024,429.65,HT7VFDR,80 m² Maison de vacances ∙ 2 chambres ∙ 5 personnes,Grengiols - Valais
28/03/2024,06/04/2024,13/04/2024,561.16,HT7VFDR,80 m² Maison de vacances ∙ 2 chambres ∙ 5 personnes,Grengiols - Valais
28/03/2024,13/04/2024,20/04/2024,479.84,HT7VFDR,80 m² Maison de vacances ∙ 2 chambres ∙ 5 personnes,Grengiols - Valais
28/03/2024,20/04/2024,27/04/2024,479.84,HT7VFDR,80 m² Maison de vacances ∙ 2 chambres ∙ 5 personnes,Grengiols - Valais
28/03/2024,27/04/2024,04/05/2024,479.86,HT7VFDR,80 m² Maison de vacances ∙ 2 chambres ∙ 5 personnes,Grengiols - Valais
28/03/2024,04/05/2024,11/05/2024,479.84,HT7VFDR,80 m² Maison de vacances ∙ 2 chambres ∙ 5 personnes,Grengiols - Valais
28/03/2024,11/05/2024,18/05/2024,479.84,HT7VFDR,80 m² Maison de vacances ∙ 2 chambres ∙ 5 personnes,Grengiols - Valais
28/03/2024,18/05/2024,25/05/2024,479.84,HT7VFDR,80 m² Maison de vacances ∙ 2 chambres ∙ 5 personnes,Grengiols - Valais
28/03/2024,25/05/2024,01/06/2024,479.84,HT7VFDR,80 m² Maison de vacances ∙ 2 chambres ∙ 5 personnes,Grengiols - Valais
28/03/2024,01/06/2024,08/06/2024,483.34,HT7VFDR,80 m² Maison de vacances ∙ 2 chambres ∙ 5 personnes,Grengiols - Valais
28/03/2024,08/06/2024,15/06/2024,483.34,HT7VFDR,80 m² Maison de vacances ∙ 2 chambres ∙ 5 personnes,Grengiols - Valais
28/03/2024,15/06/2024,22/06/2024,483.34,HT7VFDR,80 m² Maison de vacances ∙ 2 chambres ∙ 5 personnes,Grengiols - Valais
28/03/2024,22/06/2024,29/06/2024,605.95,HT7VFDR,80 m² Maison de vacances ∙ 2 chambres ∙ 5 personnes,Grengiols - Valais
28/03/2024,29/06/2024,06/07/2024,699.76,HT7VFDR,80 m² Maison de vacances ∙ 2 chambres ∙ 5 personnes,Grengiols - Valais
28/03/2024,06/07/2024,13/07/2024,784.04,HT7VFDR,80 m² Maison de vacances ∙ 2 chambres ∙ 5 personnes,Grengiols - Valais
28/03/2024,13/07/2024,20/07/2024,784.04,HT7VFDR,80 m² Maison de vacances ∙ 2 chambres ∙ 5 personnes,Grengiols - Valais
28/03/2024,27/07/2024,03/08/2024,915.16,HT7VFDR,80 m² Maison de vacances ∙ 2 chambres ∙ 5 personnes,Grengiols - Valais
28/03/2024,03/08/2024,10/08/2024,915.16,HT7VFDR,80 m² Maison de vacances ∙ 2 chambres ∙ 5 personnes,Grengiols - Valais
28/03/2024,10/08/2024,17/08/2024,915.16,HT7VFDR,80 m² Maison de vacances ∙ 2 chambres ∙ 5 personnes,Grengiols - Valais
28/03/2024,17/08/2024,24/08/2024,915.16,HT7VFDR,80 m² Maison de vacances ∙ 2 chambres ∙ 5 personnes,Grengiols - Valais
28/03/2024,24/08/2024,31/08/2024,565.38,HT7VFDR,80 m² Maison de vacances ∙ 2 chambres ∙ 5 personnes,Grengiols - Valais
28/03/2024,31/08/2024,07/09/2024,565.38,HT7VFDR,80 m² Maison de vacances ∙ 2 chambres ∙ 5 personnes,Grengiols - Valais
28/03/2024,07/09/2024,14/09/2024,565.38,HT7VFDR,80 m² Maison de vacances ∙ 2 chambres ∙ 5 personnes,Grengiols - Valais
28/03/2024,14/09/2024,21/09/2024,565.38,HT7VFDR,80 m² Maison de vacances ∙ 2 chambres ∙ 5 personnes,Grengiols - Valais
28/03/2024,21/09/2024,28/09/2024,565.38,HT7VFDR,80 m² Maison de vacances ∙ 2 chambres ∙ 5 personnes,Grengiols - Valais
28/03/2024,28/09/2024,05/10/2024,565.38,HT7VFDR,80 m² Maison de vacances ∙ 2 chambres ∙ 5 personnes,Grengiols - Valais
28/03/2024,05/10/2024,12/10/2024,565.38,HT7VFDR,80 m² Maison de vacances ∙ 2 chambres ∙ 5 personnes,Grengiols - Valais
28/03/2024,12/10/2024,19/10/2024,565.38,HT7VFDR,80 m² Maison de vacances ∙ 2 chambres ∙ 5 personnes,Grengiols - Valais
28/03/2024,19/10/2024,26/10/2024,565.38,HT7VFDR,80 m² Maison de vacances ∙ 2 chambres ∙ 5 personnes,Grengiols - Valais
28/03/2024,26/10/2024,02/11/2024,565.38,HT7VFDR,80 m² Maison de vacances ∙ 2 chambres ∙ 5 personnes,Grengiols - Valais
28/03/2024,30/03/2024,06/04/2024,1118.11,HBLT2VS,44 m² Appartement ∙ 2 chambres ∙ 4 personnes,Saas-Balen - Valais
28/03/2024,06/04/2024,13/04/2024,802.75,HBLT2VS,44 m² Appartement ∙ 2 chambres ∙ 4 personnes,Saas-Balen - Valais
28/03/2024,13/04/2024,20/04/2024,1479.55,HYVHD58,90 m² Appartement ∙ 2 chambres ∙ 4 personnes,Täsch - Valais
28/03/2024,20/04/2024,27/04/2024,1458.05,HYVHD58,90 m² Appartement ∙ 2 chambres ∙ 4 personnes,Täsch - Valais
28/03/2024,11/05/2024,18/05/2024,1330.06,HYVHD58,90 m² Appartement ∙ 2 chambres ∙ 4 personnes,Täsch - Valais
28/03/2024,01/06/2024,08/06/2024,1330.06,HYVHD58,90 m² Appartement ∙ 2 chambres ∙ 4 personnes,Täsch - Valais
28/03/2024,08/06/2024,15/06/2024,1330.06,HYVHD58,90 m² Appartement ∙ 2 chambres ∙ 4 personnes,Täsch - Valais
28/03/2024,15/06/2024,22/06/2024,1330.06,HYVHD58,90 m² Appartement ∙ 2 chambres ∙ 4 personnes,Täsch - Valais
28/03/2024,20/07/2024,27/07/2024,1479.55,HYVHD58,90 m² Appartement ∙ 2 chambres ∙ 4 personnes,Täsch - Valais
28/03/2024,17/08/2024,24/08/2024,1479.55,HYVHD58,90 m² Appartement ∙ 2 chambres ∙ 4 personnes,Täsch - Valais
28/03/2024,07/09/2024,14/09/2024,1330.06,HYVHD58,90 m² Appartement ∙ 2 chambres ∙ 4 personnes,Täsch - Valais
28/03/2024,14/09/2024,21/09/2024,1330.06,HYVHD58,90 m² Appartement ∙ 2 chambres ∙ 4 personnes,Täsch - Valais
28/03/2024,21/09/2024,28/09/2024,1330.06,HYVHD58,90 m² Appartement ∙ 2 chambres ∙ 4 personnes,Täsch - Valais
28/03/2024,28/09/2024,05/10/2024,1330.06,HYVHD58,90 m² Appartement ∙ 2 chambres ∙ 4 personnes,Täsch - Valais
28/03/2024,05/10/2024,12/10/2024,1330.06,HYVHD58,90 m² Appartement ∙ 2 chambres ∙ 4 personnes,Täsch - Valais
28/03/2024,12/10/2024,19/10/2024,1330.06,HYVHD58,90 m² Appartement ∙ 2 chambres ∙ 4 personnes,Täsch - Valais
28/03/2024,19/10/2024,26/10/2024,1330.06,HYVHD58,90 m² Appartement ∙ 2 chambres ∙ 4 personnes,Täsch - Valais
28/03/2024,26/10/2024,02/11/2024,1330.06,HYVHD58,90 m² Appartement ∙ 2 chambres ∙ 4 personnes,Täsch - Valais
28/03/2024,20/04/2024,27/04/2024,380.89,H40NKT3,25 m² Appartement ∙ 1 chambre ∙ 2 personnes,Nendaz - Valais
28/03/2024,27/04/2024,04/05/2024,452.57,H40NKT3,25 m² Appartement ∙ 1 chambre ∙ 2 personnes,Nendaz - Valais
28/03/2024,04/05/2024,11/05/2024,452.57,H40NKT3,25 m² Appartement ∙ 1 chambre ∙ 2 personnes,Nendaz - Valais
28/03/2024,11/05/2024,18/05/2024,452.57,H40NKT3,25 m² Appartement ∙ 1 chambre ∙ 2 personnes,Nendaz - Valais
28/03/2024,18/05/2024,25/05/2024,452.57,H40NKT3,25 m² Appartement ∙ 1 chambre ∙ 2 personnes,Nendaz - Valais
28/03/2024,25/05/2024,01/06/2024,452.57,H40NKT3,25 m² Appartement ∙ 1 chambre ∙ 2 personnes,Nendaz - Valais
28/03/2024,01/06/2024,08/06/2024,452.57,H40NKT3,25 m² Appartement ∙ 1 chambre ∙ 2 personnes,Nendaz - Valais
28/03/2024,08/06/2024,15/06/2024,452.57,H40NKT3,25 m² Appartement ∙ 1 chambre ∙ 2 personnes,Nendaz - Valais
28/03/2024,15/06/2024,22/06/2024,452.57,H40NKT3,25 m² Appartement ∙ 1 chambre ∙ 2 personnes,Nendaz - Valais
28/03/2024,22/06/2024,29/06/2024,452.57,H40NKT3,25 m² Appartement ∙ 1 chambre ∙ 2 personnes,Nendaz - Valais
28/03/2024,29/06/2024,06/07/2024,452.57,H40NKT3,25 m² Appartement ∙ 1 chambre ∙ 2 personnes,Nendaz - Valais
28/03/2024,06/07/2024,13/07/2024,452.57,H40NKT3,25 m² Appartement ∙ 1 chambre ∙ 2 personnes,Nendaz - Valais
28/03/2024,13/07/2024,20/07/2024,527.31,H40NKT3,25 m² Appartement ∙ 1 chambre ∙ 2 personnes,Nendaz - Valais
28/03/2024,20/07/2024,27/07/2024,527.31,H40NKT3,25 m² Appartement ∙ 1 chambre ∙ 2 personnes,Nendaz - Valais
28/03/2024,27/07/2024,03/08/2024,527.31,H40NKT3,25 m² Appartement ∙ 1 chambre ∙ 2 personnes,Nendaz - Valais
28/03/2024,03/08/2024,10/08/2024,527.31,H40NKT3,25 m² Appartement ∙ 1 chambre ∙ 2 personnes,Nendaz - Valais
28/03/2024,10/08/2024,17/08/2024,527.31,H40NKT3,25 m² Appartement ∙ 1 chambre ∙ 2 personnes,Nendaz - Valais
28/03/2024,31/08/2024,07/09/2024,452.57,H40NKT3,25 m² Appartement ∙ 1 chambre ∙ 2 personnes,Nendaz - Valais
28/03/2024,07/09/2024,14/09/2024,452.57,H40NKT3,25 m² Appartement ∙ 1 chambre ∙ 2 personnes,Nendaz - Valais
28/03/2024,14/09/2024,21/09/2024,452.57,H40NKT3,25 m² Appartement ∙ 1 chambre ∙ 2 personnes,Nendaz - Valais
28/03/2024,21/09/2024,28/09/2024,452.57,H40NKT3,25 m² Appartement ∙ 1 chambre ∙ 2 personnes,Nendaz - Valais
28/03/2024,28/09/2024,05/10/2024,452.57,H40NKT3,25 m² Appartement ∙ 1 chambre ∙ 2 personnes,Nendaz - Valais
28/03/2024,05/10/2024,12/10/2024,452.57,H40NKT3,25 m² Appartement ∙ 1 chambre ∙ 2 personnes,Nendaz - Valais
28/03/2024,12/10/2024,19/10/2024,452.57,H40NKT3,25 m² Appartement ∙ 1 chambre ∙ 2 personnes,Nendaz - Valais
28/03/2024,19/10/2024,26/10/2024,452.57,H40NKT3,25 m² Appartement ∙ 1 chambre ∙ 2 personnes,Nendaz - Valais
28/03/2024,26/10/2024,02/11/2024,452.57,H40NKT3,25 m² Appartement ∙ 1 chambre ∙ 2 personnes,Nendaz - Valais
28/03/2024,04/05/2024,11/05/2024,552.17,HU7K5J3,26 m² Appartement ∙ 1 chambre ∙ 2 personnes,Saas Fee - Valais
28/03/2024,11/05/2024,18/05/2024,552.17,HU7K5J3,26 m² Appartement ∙ 1 chambre ∙ 2 personnes,Saas Fee - Valais
28/03/2024,18/05/2024,25/05/2024,552.17,HU7K5J3,26 m² Appartement ∙ 1 chambre ∙ 2 personnes,Saas Fee - Valais
28/03/2024,25/05/2024,01/06/2024,552.17,HU7K5J3,26 m² Appartement ∙ 1 chambre ∙ 2 personnes,Saas Fee - Valais
28/03/2024,01/06/2024,08/06/2024,552.17,HU7K5J3,26 m² Appartement ∙ 1 chambre ∙ 2 personnes,Saas Fee - Valais
28/03/2024,08/06/2024,15/06/2024,552.17,HU7K5J3,26 m² Appartement ∙ 1 chambre ∙ 2 personnes,Saas Fee - Valais
28/03/2024,15/06/2024,22/06/2024,552.17,HU7K5J3,26 m² Appartement ∙ 1 chambre ∙ 2 personnes,Saas Fee - Valais
28/03/2024,22/06/2024,29/06/2024,552.17,HU7K5J3,26 m² Appartement ∙ 1 chambre ∙ 2 personnes,Saas Fee - Valais
28/03/2024,29/06/2024,06/07/2024,552.17,HU7K5J3,26 m² Appartement ∙ 1 chambre ∙ 2 personnes,Saas Fee - Valais
28/03/2024,06/07/2024,13/07/2024,651.87,HU7K5J3,26 m² Appartement ∙ 1 chambre ∙ 2 personnes,Saas Fee - Valais
28/03/2024,13/07/2024,20/07/2024,651.87,HU7K5J3,26 m² Appartement ∙ 1 chambre ∙ 2 personnes,Saas Fee - Valais
28/03/2024,20/07/2024,27/07/2024,651.87,HU7K5J3,26 m² Appartement ∙ 1 chambre ∙ 2 personnes,Saas Fee - Valais
28/03/2024,27/07/2024,03/08/2024,651.87,HU7K5J3,26 m² Appartement ∙ 1 chambre ∙ 2 personnes,Saas Fee - Valais
28/03/2024,10/08/2024,17/08/2024,598.19,HU7K5J3,26 m² Appartement ∙ 1 chambre ∙ 2 personnes,Saas Fee - Valais
28/03/2024,17/08/2024,24/08/2024,598.19,HU7K5J3,26 m² Appartement ∙ 1 chambre ∙ 2 personnes,Saas Fee - Valais
28/03/2024,24/08/2024,31/08/2024,598.19,HU7K5J3,26 m² Appartement ∙ 1 chambre ∙ 2 personnes,Saas Fee - Valais
28/03/2024,31/08/2024,07/09/2024,598.19,HU7K5J3,26 m² Appartement ∙ 1 chambre ∙ 2 personnes,Saas Fee - Valais
28/03/2024,07/09/2024,14/09/2024,598.19,HU7K5J3,26 m² Appartement ∙ 1 chambre ∙ 2 personnes,Saas Fee - Valais
28/03/2024,14/09/2024,21/09/2024,598.19,HU7K5J3,26 m² Appartement ∙ 1 chambre ∙ 2 personnes,Saas Fee - Valais
28/03/2024,21/09/2024,28/09/2024,598.19,HU7K5J3,26 m² Appartement ∙ 1 chambre ∙ 2 personnes,Saas Fee - Valais
28/03/2024,28/09/2024,05/10/2024,598.19,HU7K5J3,26 m² Appartement ∙ 1 chambre ∙ 2 personnes,Saas Fee - Valais
28/03/2024,05/10/2024,12/10/2024,598.19,HU7K5J3,26 m² Appartement ∙ 1 chambre ∙ 2 personnes,Saas Fee - Valais
28/03/2024,12/10/2024,19/10/2024,598.19,HU7K5J3,26 m² Appartement ∙ 1 chambre ∙ 2 personnes,Saas Fee - Valais
28/03/2024,19/10/2024,26/10/2024,598.19,HU7K5J3,26 m² Appartement ∙ 1 chambre ∙ 2 personnes,Saas Fee - Valais
28/03/2024,26/10/2024,02/11/2024,598.19,HU7K5J3,26 m² Appartement ∙ 1 chambre ∙ 2 personnes,Saas Fee - Valais
28/03/2024,06/04/2024,13/04/2024,278.04,HME0PUC,42 m² Appartement ∙ 2 chambres ∙ 6 personnes,Nendaz - Valais
28/03/2024,13/04/2024,20/04/2024,278.04,HME0PUC,42 m² Appartement ∙ 2 chambres ∙ 6 personnes,Nendaz - Valais
28/03/2024,20/04/2024,27/04/2024,278.04,HME0PUC,42 m² Appartement ∙ 2 chambres ∙ 6 personnes,Nendaz - Valais
28/03/2024,27/04/2024,04/05/2024,278.04,HME0PUC,42 m² Appartement ∙ 2 chambres ∙ 6 personnes,Nendaz - Valais
28/03/2024,04/05/2024,11/05/2024,278.04,HME0PUC,42 m² Appartement ∙ 2 chambres ∙ 6 personnes,Nendaz - Valais
28/03/2024,11/05/2024,18/05/2024,278.04,HME0PUC,42 m² Appartement ∙ 2 chambres ∙ 6 personnes,Nendaz - Valais
28/03/2024,18/05/2024,25/05/2024,278.04,HME0PUC,42 m² Appartement ∙ 2 chambres ∙ 6 personnes,Nendaz - Valais
28/03/2024,25/05/2024,01/06/2024,278.04,HME0PUC,42 m² Appartement ∙ 2 chambres ∙ 6 personnes,Nendaz - Valais
28/03/2024,01/06/2024,08/06/2024,278.04,HME0PUC,42 m² Appartement ∙ 2 chambres ∙ 6 personnes,Nendaz - Valais
28/03/2024,08/06/2024,15/06/2024,278.04,HME0PUC,42 m² Appartement ∙ 2 chambres ∙ 6 personnes,Nendaz - Valais
28/03/2024,15/06/2024,22/06/2024,278.04,HME0PUC,42 m² Appartement ∙ 2 chambres ∙ 6 personnes,Nendaz - Valais
28/03/2024,22/06/2024,29/06/2024,461.98,HME0PUC,42 m² Appartement ∙ 2 chambres ∙ 6 personnes,Nendaz - Valais
28/03/2024,29/06/2024,06/07/2024,461.98,HME0PUC,42 m² Appartement ∙ 2 chambres ∙ 6 personnes,Nendaz - Valais
28/03/2024,06/07/2024,13/07/2024,663.03,HME0PUC,42 m² Appartement ∙ 2 chambres ∙ 6 personnes,Nendaz - Valais
28/03/2024,13/07/2024,20/07/2024,663.03,HME0PUC,42 m² Appartement ∙ 2 chambres ∙ 6 personnes,Nendaz - Valais
28/03/2024,20/07/2024,27/07/2024,663.03,HME0PUC,42 m² Appartement ∙ 2 chambres ∙ 6 personnes,Nendaz - Valais
28/03/2024,27/07/2024,03/08/2024,663.03,HME0PUC,42 m² Appartement ∙ 2 chambres ∙ 6 personnes,Nendaz - Valais
28/03/2024,03/08/2024,10/08/2024,663.03,HME0PUC,42 m² Appartement ∙ 2 chambres ∙ 6 personnes,Nendaz - Valais
28/03/2024,24/08/2024,31/08/2024,461.98,HME0PUC,42 m² Appartement ∙ 2 chambres ∙ 6 personnes,Nendaz - Valais
28/03/2024,31/08/2024,07/09/2024,406.37,HME0PUC,42 m² Appartement ∙ 2 chambres ∙ 6 personnes,Nendaz - Valais
28/03/2024,07/09/2024,14/09/2024,406.37,HME0PUC,42 m² Appartement ∙ 2 chambres ∙ 6 personnes,Nendaz - Valais
28/03/2024,14/09/2024,21/09/2024,320.82,HME0PUC,42 m² Appartement ∙ 2 chambres ∙ 6 personnes,Nendaz - Valais
28/03/2024,21/09/2024,28/09/2024,320.82,HME0PUC,42 m² Appartement ∙ 2 chambres ∙ 6 personnes,Nendaz - Valais
28/03/2024,28/09/2024,05/10/2024,320.82,HME0PUC,42 m² Appartement ∙ 2 chambres ∙ 6 personnes,Nendaz - Valais
28/03/2024,05/10/2024,12/10/2024,320.82,HME0PUC,42 m² Appartement ∙ 2 chambres ∙ 6 personnes,Nendaz - Valais
28/03/2024,12/10/2024,19/10/2024,320.82,HME0PUC,42 m² Appartement ∙ 2 chambres ∙ 6 personnes,Nendaz - Valais
28/03/2024,19/10/2024,26/10/2024,320.82,HME0PUC,42 m² Appartement ∙ 2 chambres ∙ 6 personnes,Nendaz - Valais
28/03/2024,26/10/2024,02/11/2024,320.82,HME0PUC,42 m² Appartement ∙ 2 chambres ∙ 6 personnes,Nendaz - Valais
28/03/2024,22/06/2024,29/06/2024,1182.61,HV5JC9B,75 m² Appartement ∙ 3 chambres ∙ 6 personnes,Termen - Valais
28/03/2024,29/06/2024,06/07/2024,1182.61,HV5JC9B,75 m² Appartement ∙ 3 chambres ∙ 6 personnes,Termen - Valais
28/03/2024,06/07/2024,13/07/2024,1182.61,HV5JC9B,75 m² Appartement ∙ 3 chambres ∙ 6 personnes,Termen - Valais
28/03/2024,13/07/2024,20/07/2024,1182.61,HV5JC9B,75 m² Appartement ∙ 3 chambres ∙ 6 personnes,Termen - Valais
28/03/2024,20/07/2024,27/07/2024,1182.61,HV5JC9B,75 m² Appartement ∙ 3 chambres ∙ 6 personnes,Termen - Valais
28/03/2024,27/07/2024,03/08/2024,1182.61,HV5JC9B,75 m² Appartement ∙ 3 chambres ∙ 6 personnes,Termen - Valais
28/03/2024,03/08/2024,10/08/2024,1182.61,HV5JC9B,75 m² Appartement ∙ 3 chambres ∙ 6 personnes,Termen - Valais
28/03/2024,10/08/2024,17/08/2024,1182.61,HV5JC9B,75 m² Appartement ∙ 3 chambres ∙ 6 personnes,Termen - Valais
28/03/2024,17/08/2024,24/08/2024,1182.61,HV5JC9B,75 m² Appartement ∙ 3 chambres ∙ 6 personnes,Termen - Valais
28/03/2024,24/08/2024,31/08/2024,1182.61,HV5JC9B,75 m² Appartement ∙ 3 chambres ∙ 6 personnes,Termen - Valais
28/03/2024,31/08/2024,07/09/2024,1182.61,HV5JC9B,75 m² Appartement ∙ 3 chambres ∙ 6 personnes,Termen - Valais
28/03/2024,07/09/2024,14/09/2024,1182.61,HV5JC9B,75 m² Appartement ∙ 3 chambres ∙ 6 personnes,Termen - Valais
28/03/2024,14/09/2024,21/09/2024,1182.61,HV5JC9B,75 m² Appartement ∙ 3 chambres ∙ 6 personnes,Termen - Valais
28/03/2024,21/09/2024,28/09/2024,1182.61,HV5JC9B,75 m² Appartement ∙ 3 chambres ∙ 6 personnes,Termen - Valais
28/03/2024,28/09/2024,05/10/2024,1182.61,HV5JC9B,75 m² Appartement ∙ 3 chambres ∙ 6 personnes,Termen - Valais
28/03/2024,05/10/2024,12/10/2024,1182.61,HV5JC9B,75 m² Appartement ∙ 3 chambres ∙ 6 personnes,Termen - Valais
28/03/2024,13/04/2024,20/04/2024,342.21,H71THD2,90 m² Appartement ∙ 2 chambres ∙ 8 personnes,Veysonnaz - Valais
28/03/2024,20/04/2024,27/04/2024,342.21,H71THD2,90 m² Appartement ∙ 2 chambres ∙ 8 personnes,Veysonnaz - Valais
28/03/2024,08/06/2024,15/06/2024,342.21,H71THD2,90 m² Appartement ∙ 2 chambres ∙ 8 personnes,Veysonnaz - Valais
28/03/2024,06/07/2024,13/07/2024,855.52,H71THD2,90 m² Appartement ∙ 2 chambres ∙ 8 personnes,Veysonnaz - Valais
28/03/2024,13/07/2024,20/07/2024,855.52,H71THD2,90 m² Appartement ∙ 2 chambres ∙ 8 personnes,Veysonnaz - Valais
28/03/2024,10/08/2024,17/08/2024,855.52,H71THD2,90 m² Appartement ∙ 2 chambres ∙ 8 personnes,Veysonnaz - Valais
28/03/2024,17/08/2024,24/08/2024,541.12,H71THD2,90 m² Appartement ∙ 2 chambres ∙ 8 personnes,Veysonnaz - Valais
28/03/2024,31/08/2024,07/09/2024,470.54,H71THD2,90 m² Appartement ∙ 2 chambres ∙ 8 personnes,Veysonnaz - Valais
28/03/2024,07/09/2024,14/09/2024,470.54,H71THD2,90 m² Appartement ∙ 2 chambres ∙ 8 personnes,Veysonnaz - Valais
28/03/2024,14/09/2024,21/09/2024,342.21,H71THD2,90 m² Appartement ∙ 2 chambres ∙ 8 personnes,Veysonnaz - Valais
28/03/2024,21/09/2024,28/09/2024,342.21,H71THD2,90 m² Appartement ∙ 2 chambres ∙ 8 personnes,Veysonnaz - Valais
28/03/2024,28/09/2024,05/10/2024,342.21,H71THD2,90 m² Appartement ∙ 2 chambres ∙ 8 personnes,Veysonnaz - Valais
28/03/2024,05/10/2024,12/10/2024,342.21,H71THD2,90 m² Appartement ∙ 2 chambres ∙ 8 personnes,Veysonnaz - Valais
28/03/2024,12/10/2024,19/10/2024,342.21,H71THD2,90 m² Appartement ∙ 2 chambres ∙ 8 personnes,Veysonnaz - Valais
28/03/2024,19/10/2024,26/10/2024,342.21,H71THD2,90 m² Appartement ∙ 2 chambres ∙ 8 personnes,Veysonnaz - Valais
28/03/2024,26/10/2024,02/11/2024,342.21,H71THD2,90 m² Appartement ∙ 2 chambres ∙ 8 personnes,Veysonnaz - Valais
28/03/2024,20/04/2024,27/04/2024,573.39,HX9T5H3,Appartement ∙ 2 chambres ∙ 6 personnes,Grächen - Valais
28/03/2024,27/04/2024,04/05/2024,573.39,HX9T5H3,Appartement ∙ 2 chambres ∙ 6 personnes,Grächen - Valais
28/03/2024,25/05/2024,01/06/2024,573.39,HX9T5H3,Appartement ∙ 2 chambres ∙ 6 personnes,Grächen - Valais
28/03/2024,01/06/2024,08/06/2024,573.39,HX9T5H3,Appartement ∙ 2 chambres ∙ 6 personnes,Grächen - Valais
28/03/2024,08/06/2024,15/06/2024,573.39,HX9T5H3,Appartement ∙ 2 chambres ∙ 6 personnes,Grächen - Valais
28/03/2024,03/08/2024,10/08/2024,645.06,HX9T5H3,Appartement ∙ 2 chambres ∙ 6 personnes,Grächen - Valais
28/03/2024,10/08/2024,17/08/2024,680.64,HX9T5H3,Appartement ∙ 2 chambres ∙ 6 personnes,Grächen - Valais
28/03/2024,17/08/2024,24/08/2024,573.39,HX9T5H3,Appartement ∙ 2 chambres ∙ 6 personnes,Grächen - Valais
28/03/2024,24/08/2024,31/08/2024,573.39,HX9T5H3,Appartement ∙ 2 chambres ∙ 6 personnes,Grächen - Valais
28/03/2024,14/09/2024,21/09/2024,573.39,HX9T5H3,Appartement ∙ 2 chambres ∙ 6 personnes,Grächen - Valais
28/03/2024,21/09/2024,28/09/2024,629.45,HX9T5H3,Appartement ∙ 2 chambres ∙ 6 personnes,Grächen - Valais
28/03/2024,28/09/2024,05/10/2024,645.06,HX9T5H3,Appartement ∙ 2 chambres ∙ 6 personnes,Grächen - Valais
28/03/2024,05/10/2024,12/10/2024,645.06,HX9T5H3,Appartement ∙ 2 chambres ∙ 6 personnes,Grächen - Valais
28/03/2024,12/10/2024,19/10/2024,645.06,HX9T5H3,Appartement ∙ 2 chambres ∙ 6 personnes,Grächen - Valais
28/03/2024,06/04/2024,13/04/2024,688.06,H0FJ36G,32 m² Appartement ∙ 1 chambre ∙ 2 personnes,Loèche-les-Bains - Valais
28/03/2024,13/04/2024,20/04/2024,688.06,H0FJ36G,32 m² Appartement ∙ 1 chambre ∙ 2 personnes,Loèche-les-Bains - Valais
28/03/2024,27/04/2024,04/05/2024,602.05,H0FJ36G,32 m² Appartement ∙ 1 chambre ∙ 2 personnes,Loèche-les-Bains - Valais
28/03/2024,04/05/2024,11/05/2024,602.05,H0FJ36G,32 m² Appartement ∙ 1 chambre ∙ 2 personnes,Loèche-les-Bains - Valais
28/03/2024,11/05/2024,18/05/2024,602.05,H0FJ36G,32 m² Appartement ∙ 1 chambre ∙ 2 personnes,Loèche-les-Bains - Valais
28/03/2024,18/05/2024,25/05/2024,602.05,H0FJ36G,32 m² Appartement ∙ 1 chambre ∙ 2 personnes,Loèche-les-Bains - Valais
28/03/2024,25/05/2024,01/06/2024,602.05,H0FJ36G,32 m² Appartement ∙ 1 chambre ∙ 2 personnes,Loèche-les-Bains - Valais
28/03/2024,06/07/2024,13/07/2024,602.05,H0FJ36G,32 m² Appartement ∙ 1 chambre ∙ 2 personnes,Loèche-les-Bains - Valais
28/03/2024,13/07/2024,20/07/2024,602.05,H0FJ36G,32 m² Appartement ∙ 1 chambre ∙ 2 personnes,Loèche-les-Bains - Valais
28/03/2024,07/09/2024,14/09/2024,645.06,H0FJ36G,32 m² Appartement ∙ 1 chambre ∙ 2 personnes,Loèche-les-Bains - Valais
28/03/2024,14/09/2024,21/09/2024,645.06,H0FJ36G,32 m² Appartement ∙ 1 chambre ∙ 2 personnes,Loèche-les-Bains - Valais
28/03/2024,21/09/2024,28/09/2024,645.06,H0FJ36G,32 m² Appartement ∙ 1 chambre ∙ 2 personnes,Loèche-les-Bains - Valais
28/03/2024,28/09/2024,05/10/2024,688.06,H0FJ36G,32 m² Appartement ∙ 1 chambre ∙ 2 personnes,Loèche-les-Bains - Valais
28/03/2024,05/10/2024,12/10/2024,688.06,H0FJ36G,32 m² Appartement ∙ 1 chambre ∙ 2 personnes,Loèche-les-Bains - Valais
28/03/2024,12/10/2024,19/10/2024,688.06,H0FJ36G,32 m² Appartement ∙ 1 chambre ∙ 2 personnes,Loèche-les-Bains - Valais
28/03/2024,19/10/2024,26/10/2024,595.91,H0FJ36G,32 m² Appartement ∙ 1 chambre ∙ 2 personnes,Loèche-les-Bains - Valais
28/03/2024,26/10/2024,02/11/2024,559.05,H0FJ36G,32 m² Appartement ∙ 1 chambre ∙ 2 personnes,Loèche-les-Bains - Valais
28/03/2024,06/04/2024,13/04/2024,1888.00,HXGLJR2,100 m² Appartement ∙ 4 chambres ∙ 8 personnes,Troistorrents - Valais
28/03/2024,13/04/2024,20/04/2024,1888.00,HXGLJR2,100 m² Appartement ∙ 4 chambres ∙ 8 personnes,Troistorrents - Valais
28/03/2024,27/04/2024,04/05/2024,1888.00,HXGLJR2,100 m² Appartement ∙ 4 chambres ∙ 8 personnes,Troistorrents - Valais
28/03/2024,04/05/2024,11/05/2024,1888.00,HXGLJR2,100 m² Appartement ∙ 4 chambres ∙ 8 personnes,Troistorrents - Valais
28/03/2024,11/05/2024,18/05/2024,1888.00,HXGLJR2,100 m² Appartement ∙ 4 chambres ∙ 8 personnes,Troistorrents - Valais
28/03/2024,18/05/2024,25/05/2024,1888.00,HXGLJR2,100 m² Appartement ∙ 4 chambres ∙ 8 personnes,Troistorrents - Valais
28/03/2024,25/05/2024,01/06/2024,1888.00,HXGLJR2,100 m² Appartement ∙ 4 chambres ∙ 8 personnes,Troistorrents - Valais
28/03/2024,01/06/2024,08/06/2024,1888.00,HXGLJR2,100 m² Appartement ∙ 4 chambres ∙ 8 personnes,Troistorrents - Valais
28/03/2024,08/06/2024,15/06/2024,1888.00,HXGLJR2,100 m² Appartement ∙ 4 chambres ∙ 8 personnes,Troistorrents - Valais
28/03/2024,15/06/2024,22/06/2024,1888.00,HXGLJR2,100 m² Appartement ∙ 4 chambres ∙ 8 personnes,Troistorrents - Valais
28/03/2024,22/06/2024,29/06/2024,1888.00,HXGLJR2,100 m² Appartement ∙ 4 chambres ∙ 8 personnes,Troistorrents - Valais
28/03/2024,27/07/2024,03/08/2024,1959.67,HXGLJR2,100 m² Appartement ∙ 4 chambres ∙ 8 personnes,Troistorrents - Valais
28/03/2024,03/08/2024,10/08/2024,1959.67,HXGLJR2,100 m² Appartement ∙ 4 chambres ∙ 8 personnes,Troistorrents - Valais
28/03/2024,10/08/2024,17/08/2024,1959.67,HXGLJR2,100 m² Appartement ∙ 4 chambres ∙ 8 personnes,Troistorrents - Valais
28/03/2024,17/08/2024,24/08/2024,1959.67,HXGLJR2,100 m² Appartement ∙ 4 chambres ∙ 8 personnes,Troistorrents - Valais
28/03/2024,24/08/2024,31/08/2024,1959.67,HXGLJR2,100 m² Appartement ∙ 4 chambres ∙ 8 personnes,Troistorrents - Valais
28/03/2024,31/08/2024,07/09/2024,1959.67,HXGLJR2,100 m² Appartement ∙ 4 chambres ∙ 8 personnes,Troistorrents - Valais
28/03/2024,07/09/2024,14/09/2024,1672.99,HXGLJR2,100 m² Appartement ∙ 4 chambres ∙ 8 personnes,Troistorrents - Valais
28/03/2024,14/09/2024,21/09/2024,1672.99,HXGLJR2,100 m² Appartement ∙ 4 chambres ∙ 8 personnes,Troistorrents - Valais
28/03/2024,21/09/2024,28/09/2024,1672.99,HXGLJR2,100 m² Appartement ∙ 4 chambres ∙ 8 personnes,Troistorrents - Valais
28/03/2024,28/09/2024,05/10/2024,1672.99,HXGLJR2,100 m² Appartement ∙ 4 chambres ∙ 8 personnes,Troistorrents - Valais
28/03/2024,05/10/2024,12/10/2024,1672.99,HXGLJR2,100 m² Appartement ∙ 4 chambres ∙ 8 personnes,Troistorrents - Valais
28/03/2024,12/10/2024,19/10/2024,1672.99,HXGLJR2,100 m² Appartement ∙ 4 chambres ∙ 8 personnes,Troistorrents - Valais
28/03/2024,19/10/2024,26/10/2024,1672.99,HXGLJR2,100 m² Appartement ∙ 4 chambres ∙ 8 personnes,Troistorrents - Valais
28/03/2024,26/10/2024,02/11/2024,1672.99,HXGLJR2,100 m² Appartement ∙ 4 chambres ∙ 8 personnes,Troistorrents - Valais
28/03/2024,30/03/2024,06/04/2024,997.23,HHPJ8XG,Appartement ∙ 4 personnes,Val-d'Illiez - Valais
28/03/2024,06/04/2024,13/04/2024,997.23,HHPJ8XG,Appartement ∙ 4 personnes,Val-d'Illiez - Valais
28/03/2024,13/04/2024,20/04/2024,997.23,HHPJ8XG,Appartement ∙ 4 personnes,Val-d'Illiez - Valais
28/03/2024,06/04/2024,13/04/2024,1119.00,H5TWXRV,120 m² Maison de vacances ∙ 3 chambres ∙ 7 personnes,Riddes - Valais
28/03/2024,13/04/2024,20/04/2024,1119.00,H5TWXRV,120 m² Maison de vacances ∙ 3 chambres ∙ 7 personnes,Riddes - Valais
28/03/2024,20/04/2024,27/04/2024,1119.00,H5TWXRV,120 m² Maison de vacances ∙ 3 chambres ∙ 7 personnes,Riddes - Valais
28/03/2024,27/04/2024,04/05/2024,1119.00,H5TWXRV,120 m² Maison de vacances ∙ 3 chambres ∙ 7 personnes,Riddes - Valais
28/03/2024,06/04/2024,13/04/2024,1183.17,HBG1US4,88 m² Appartement ∙ 3 chambres ∙ 5 personnes,Saas Grund - Valais
28/03/2024,13/04/2024,20/04/2024,1183.17,HBG1US4,88 m² Appartement ∙ 3 chambres ∙ 5 personnes,Saas Grund - Valais
28/03/2024,20/04/2024,27/04/2024,1183.17,HBG1US4,88 m² Appartement ∙ 3 chambres ∙ 5 personnes,Saas Grund - Valais
28/03/2024,27/04/2024,04/05/2024,1172.22,HBG1US4,88 m² Appartement ∙ 3 chambres ∙ 5 personnes,Saas Grund - Valais
28/03/2024,04/05/2024,11/05/2024,1150.31,HBG1US4,88 m² Appartement ∙ 3 chambres ∙ 5 personnes,Saas Grund - Valais
28/03/2024,11/05/2024,18/05/2024,1150.31,HBG1US4,88 m² Appartement ∙ 3 chambres ∙ 5 personnes,Saas Grund - Valais
28/03/2024,18/05/2024,25/05/2024,1150.31,HBG1US4,88 m² Appartement ∙ 3 chambres ∙ 5 personnes,Saas Grund - Valais
28/03/2024,25/05/2024,01/06/2024,1150.31,HBG1US4,88 m² Appartement ∙ 3 chambres ∙ 5 personnes,Saas Grund - Valais
28/03/2024,01/06/2024,08/06/2024,1150.31,HBG1US4,88 m² Appartement ∙ 3 chambres ∙ 5 personnes,Saas Grund - Valais
28/03/2024,08/06/2024,15/06/2024,1150.31,HBG1US4,88 m² Appartement ∙ 3 chambres ∙ 5 personnes,Saas Grund - Valais
28/03/2024,15/06/2024,22/06/2024,1150.31,HBG1US4,88 m² Appartement ∙ 3 chambres ∙ 5 personnes,Saas Grund - Valais
28/03/2024,22/06/2024,29/06/2024,1150.31,HBG1US4,88 m² Appartement ∙ 3 chambres ∙ 5 personnes,Saas Grund - Valais
28/03/2024,29/06/2024,06/07/2024,1150.31,HBG1US4,88 m² Appartement ∙ 3 chambres ∙ 5 personnes,Saas Grund - Valais
28/03/2024,10/08/2024,17/08/2024,1150.31,HBG1US4,88 m² Appartement ∙ 3 chambres ∙ 5 personnes,Saas Grund - Valais
28/03/2024,07/09/2024,14/09/2024,1150.31,HBG1US4,88 m² Appartement ∙ 3 chambres ∙ 5 personnes,Saas Grund - Valais
28/03/2024,14/09/2024,21/09/2024,1150.31,HBG1US4,88 m² Appartement ∙ 3 chambres ∙ 5 personnes,Saas Grund - Valais
28/03/2024,21/09/2024,28/09/2024,1150.31,HBG1US4,88 m² Appartement ∙ 3 chambres ∙ 5 personnes,Saas Grund - Valais
28/03/2024,28/09/2024,05/10/2024,1150.31,HBG1US4,88 m² Appartement ∙ 3 chambres ∙ 5 personnes,Saas Grund - Valais
28/03/2024,05/10/2024,12/10/2024,1150.31,HBG1US4,88 m² Appartement ∙ 3 chambres ∙ 5 personnes,Saas Grund - Valais
28/03/2024,12/10/2024,19/10/2024,1150.31,HBG1US4,88 m² Appartement ∙ 3 chambres ∙ 5 personnes,Saas Grund - Valais
28/03/2024,19/10/2024,26/10/2024,1150.31,HBG1US4,88 m² Appartement ∙ 3 chambres ∙ 5 personnes,Saas Grund - Valais
28/03/2024,26/10/2024,02/11/2024,1161.26,HBG1US4,88 m² Appartement ∙ 3 chambres ∙ 5 personnes,Saas Grund - Valais
28/03/2024,27/04/2024,04/05/2024,518.07,H7MF5HT,25 m² Appartement ∙ 1 chambre ∙ 2 personnes,Verbier - Bagnes - Valais
28/03/2024,04/05/2024,11/05/2024,518.07,H7MF5HT,25 m² Appartement ∙ 1 chambre ∙ 2 personnes,Verbier - Bagnes - Valais
28/03/2024,11/05/2024,18/05/2024,518.07,H7MF5HT,25 m² Appartement ∙ 1 chambre ∙ 2 personnes,Verbier - Bagnes - Valais
28/03/2024,18/05/2024,25/05/2024,518.07,H7MF5HT,25 m² Appartement ∙ 1 chambre ∙ 2 personnes,Verbier - Bagnes - Valais
28/03/2024,25/05/2024,01/06/2024,518.07,H7MF5HT,25 m² Appartement ∙ 1 chambre ∙ 2 personnes,Verbier - Bagnes - Valais
28/03/2024,01/06/2024,08/06/2024,518.07,H7MF5HT,25 m² Appartement ∙ 1 chambre ∙ 2 personnes,Verbier - Bagnes - Valais
28/03/2024,08/06/2024,15/06/2024,518.07,H7MF5HT,25 m² Appartement ∙ 1 chambre ∙ 2 personnes,Verbier - Bagnes - Valais
28/03/2024,15/06/2024,22/06/2024,518.07,H7MF5HT,25 m² Appartement ∙ 1 chambre ∙ 2 personnes,Verbier - Bagnes - Valais
28/03/2024,22/06/2024,29/06/2024,518.07,H7MF5HT,25 m² Appartement ∙ 1 chambre ∙ 2 personnes,Verbier - Bagnes - Valais
28/03/2024,03/08/2024,10/08/2024,674.72,H7MF5HT,25 m² Appartement ∙ 1 chambre ∙ 2 personnes,Verbier - Bagnes - Valais
28/03/2024,07/09/2024,14/09/2024,518.07,H7MF5HT,25 m² Appartement ∙ 1 chambre ∙ 2 personnes,Verbier - Bagnes - Valais
28/03/2024,14/09/2024,21/09/2024,518.07,H7MF5HT,25 m² Appartement ∙ 1 chambre ∙ 2 personnes,Verbier - Bagnes - Valais
28/03/2024,21/09/2024,28/09/2024,518.07,H7MF5HT,25 m² Appartement ∙ 1 chambre ∙ 2 personnes,Verbier - Bagnes - Valais
28/03/2024,28/09/2024,05/10/2024,518.07,H7MF5HT,25 m² Appartement ∙ 1 chambre ∙ 2 personnes,Verbier - Bagnes - Valais
28/03/2024,05/10/2024,12/10/2024,518.07,H7MF5HT,25 m² Appartement ∙ 1 chambre ∙ 2 personnes,Verbier - Bagnes - Valais
28/03/2024,12/10/2024,19/10/2024,518.07,H7MF5HT,25 m² Appartement ∙ 1 chambre ∙ 2 personnes,Verbier - Bagnes - Valais
28/03/2024,19/10/2024,26/10/2024,518.07,H7MF5HT,25 m² Appartement ∙ 1 chambre ∙ 2 personnes,Verbier - Bagnes - Valais
28/03/2024,26/10/2024,02/11/2024,518.07,H7MF5HT,25 m² Appartement ∙ 1 chambre ∙ 2 personnes,Verbier - Bagnes - Valais
28/03/2024,06/04/2024,13/04/2024,1325.90,H35KMHW,100 m² Appartement ∙ 3 chambres ∙ 6 personnes,Saas-Almagell - Valais
28/03/2024,13/04/2024,20/04/2024,1325.90,H35KMHW,100 m² Appartement ∙ 3 chambres ∙ 6 personnes,Saas-Almagell - Valais
28/03/2024,20/04/2024,27/04/2024,1300.30,H35KMHW,100 m² Appartement ∙ 3 chambres ∙ 6 personnes,Saas-Almagell - Valais
28/03/2024,27/04/2024,04/05/2024,1290.07,H35KMHW,100 m² Appartement ∙ 3 chambres ∙ 6 personnes,Saas-Almagell - Valais
28/03/2024,04/05/2024,11/05/2024,1290.07,H35KMHW,100 m² Appartement ∙ 3 chambres ∙ 6 personnes,Saas-Almagell - Valais
28/03/2024,11/05/2024,18/05/2024,1290.07,H35KMHW,100 m² Appartement ∙ 3 chambres ∙ 6 personnes,Saas-Almagell - Valais
28/03/2024,18/05/2024,25/05/2024,1290.07,H35KMHW,100 m² Appartement ∙ 3 chambres ∙ 6 personnes,Saas-Almagell - Valais
28/03/2024,25/05/2024,01/06/2024,1290.07,H35KMHW,100 m² Appartement ∙ 3 chambres ∙ 6 personnes,Saas-Almagell - Valais
28/03/2024,01/06/2024,08/06/2024,1325.90,H35KMHW,100 m² Appartement ∙ 3 chambres ∙ 6 personnes,Saas-Almagell - Valais
28/03/2024,08/06/2024,15/06/2024,1325.90,H35KMHW,100 m² Appartement ∙ 3 chambres ∙ 6 personnes,Saas-Almagell - Valais
28/03/2024,15/06/2024,22/06/2024,1325.90,H35KMHW,100 m² Appartement ∙ 3 chambres ∙ 6 personnes,Saas-Almagell - Valais
28/03/2024,22/06/2024,29/06/2024,1325.90,H35KMHW,100 m² Appartement ∙ 3 chambres ∙ 6 personnes,Saas-Almagell - Valais
28/03/2024,29/06/2024,06/07/2024,1325.90,H35KMHW,100 m² Appartement ∙ 3 chambres ∙ 6 personnes,Saas-Almagell - Valais
28/03/2024,06/07/2024,13/07/2024,1325.90,H35KMHW,100 m² Appartement ∙ 3 chambres ∙ 6 personnes,Saas-Almagell - Valais
28/03/2024,13/07/2024,20/07/2024,1325.90,H35KMHW,100 m² Appartement ∙ 3 chambres ∙ 6 personnes,Saas-Almagell - Valais
28/03/2024,31/08/2024,07/09/2024,1325.90,H35KMHW,100 m² Appartement ∙ 3 chambres ∙ 6 personnes,Saas-Almagell - Valais
28/03/2024,07/09/2024,14/09/2024,1325.90,H35KMHW,100 m² Appartement ∙ 3 chambres ∙ 6 personnes,Saas-Almagell - Valais
28/03/2024,14/09/2024,21/09/2024,1325.90,H35KMHW,100 m² Appartement ∙ 3 chambres ∙ 6 personnes,Saas-Almagell - Valais
28/03/2024,21/09/2024,28/09/2024,1325.90,H35KMHW,100 m² Appartement ∙ 3 chambres ∙ 6 personnes,Saas-Almagell - Valais
28/03/2024,28/09/2024,05/10/2024,1325.90,H35KMHW,100 m² Appartement ∙ 3 chambres ∙ 6 personnes,Saas-Almagell - Valais
28/03/2024,05/10/2024,12/10/2024,1325.90,H35KMHW,100 m² Appartement ∙ 3 chambres ∙ 6 personnes,Saas-Almagell - Valais
28/03/2024,12/10/2024,19/10/2024,1325.90,H35KMHW,100 m² Appartement ∙ 3 chambres ∙ 6 personnes,Saas-Almagell - Valais
28/03/2024,19/10/2024,26/10/2024,1300.30,H35KMHW,100 m² Appartement ∙ 3 chambres ∙ 6 personnes,Saas-Almagell - Valais
28/03/2024,26/10/2024,02/11/2024,1290.07,H35KMHW,100 m² Appartement ∙ 3 chambres ∙ 6 personnes,Saas-Almagell - Valais
28/03/2024,06/04/2024,13/04/2024,1598.24,HJY5M1A,100 m² Maison de vacances ∙ 3 chambres ∙ 8 personnes,Nendaz - Valais
28/03/2024,20/04/2024,27/04/2024,1598.24,HJY5M1A,100 m² Maison de vacances ∙ 3 chambres ∙ 8 personnes,Nendaz - Valais
28/03/2024,27/04/2024,04/05/2024,1598.24,HJY5M1A,100 m² Maison de vacances ∙ 3 chambres ∙ 8 personnes,Nendaz - Valais
28/03/2024,11/05/2024,18/05/2024,1598.24,HJY5M1A,100 m² Maison de vacances ∙ 3 chambres ∙ 8 personnes,Nendaz - Valais
28/03/2024,18/05/2024,25/05/2024,1598.24,HJY5M1A,100 m² Maison de vacances ∙ 3 chambres ∙ 8 personnes,Nendaz - Valais
28/03/2024,25/05/2024,01/06/2024,1598.24,HJY5M1A,100 m² Maison de vacances ∙ 3 chambres ∙ 8 personnes,Nendaz - Valais
28/03/2024,01/06/2024,08/06/2024,1598.24,HJY5M1A,100 m² Maison de vacances ∙ 3 chambres ∙ 8 personnes,Nendaz - Valais
28/03/2024,22/06/2024,29/06/2024,1598.24,HJY5M1A,100 m² Maison de vacances ∙ 3 chambres ∙ 8 personnes,Nendaz - Valais
28/03/2024,29/06/2024,06/07/2024,1993.45,HJY5M1A,100 m² Maison de vacances ∙ 3 chambres ∙ 8 personnes,Nendaz - Valais
28/03/2024,06/07/2024,13/07/2024,1993.45,HJY5M1A,100 m² Maison de vacances ∙ 3 chambres ∙ 8 personnes,Nendaz - Valais
28/03/2024,03/08/2024,10/08/2024,2157.27,HJY5M1A,100 m² Maison de vacances ∙ 3 chambres ∙ 8 personnes,Nendaz - Valais
28/03/2024,10/08/2024,17/08/2024,1904.38,HJY5M1A,100 m² Maison de vacances ∙ 3 chambres ∙ 8 personnes,Nendaz - Valais
28/03/2024,17/08/2024,24/08/2024,1904.38,HJY5M1A,100 m² Maison de vacances ∙ 3 chambres ∙ 8 personnes,Nendaz - Valais
28/03/2024,24/08/2024,31/08/2024,1598.24,HJY5M1A,100 m² Maison de vacances ∙ 3 chambres ∙ 8 personnes,Nendaz - Valais
28/03/2024,14/09/2024,21/09/2024,1598.24,HJY5M1A,100 m² Maison de vacances ∙ 3 chambres ∙ 8 personnes,Nendaz - Valais
28/03/2024,21/09/2024,28/09/2024,1598.24,HJY5M1A,100 m² Maison de vacances ∙ 3 chambres ∙ 8 personnes,Nendaz - Valais
28/03/2024,28/09/2024,05/10/2024,1598.24,HJY5M1A,100 m² Maison de vacances ∙ 3 chambres ∙ 8 personnes,Nendaz - Valais
28/03/2024,05/10/2024,12/10/2024,1598.24,HJY5M1A,100 m² Maison de vacances ∙ 3 chambres ∙ 8 personnes,Nendaz - Valais
28/03/2024,12/10/2024,19/10/2024,1598.24,HJY5M1A,100 m² Maison de vacances ∙ 3 chambres ∙ 8 personnes,Nendaz - Valais
28/03/2024,19/10/2024,26/10/2024,1598.24,HJY5M1A,100 m² Maison de vacances ∙ 3 chambres ∙ 8 personnes,Nendaz - Valais
28/03/2024,26/10/2024,02/11/2024,1598.24,HJY5M1A,100 m² Maison de vacances ∙ 3 chambres ∙ 8 personnes,Nendaz - Valais
28/03/2024,06/04/2024,13/04/2024,942.97,HWSLTNV,100 m² Appartement ∙ 2 chambres ∙ 4 personnes,Orsières - Valais
28/03/2024,11/05/2024,18/05/2024,942.97,HWSLTNV,100 m² Appartement ∙ 2 chambres ∙ 4 personnes,Orsières - Valais
28/03/2024,18/05/2024,25/05/2024,942.97,HWSLTNV,100 m² Appartement ∙ 2 chambres ∙ 4 personnes,Orsières - Valais
28/03/2024,25/05/2024,01/06/2024,942.97,HWSLTNV,100 m² Appartement ∙ 2 chambres ∙ 4 personnes,Orsières - Valais
28/03/2024,01/06/2024,08/06/2024,942.97,HWSLTNV,100 m² Appartement ∙ 2 chambres ∙ 4 personnes,Orsières - Valais
28/03/2024,08/06/2024,15/06/2024,942.97,HWSLTNV,100 m² Appartement ∙ 2 chambres ∙ 4 personnes,Orsières - Valais
28/03/2024,20/07/2024,27/07/2024,1644.32,HWSLTNV,100 m² Appartement ∙ 2 chambres ∙ 4 personnes,Orsières - Valais
28/03/2024,27/07/2024,03/08/2024,1644.32,HWSLTNV,100 m² Appartement ∙ 2 chambres ∙ 4 personnes,Orsières - Valais
28/03/2024,03/08/2024,10/08/2024,1644.32,HWSLTNV,100 m² Appartement ∙ 2 chambres ∙ 4 personnes,Orsières - Valais
28/03/2024,21/09/2024,28/09/2024,942.97,HWSLTNV,100 m² Appartement ∙ 2 chambres ∙ 4 personnes,Orsières - Valais
28/03/2024,12/10/2024,19/10/2024,942.97,HWSLTNV,100 m² Appartement ∙ 2 chambres ∙ 4 personnes,Orsières - Valais
28/03/2024,19/10/2024,26/10/2024,942.97,HWSLTNV,100 m² Appartement ∙ 2 chambres ∙ 4 personnes,Orsières - Valais
28/03/2024,30/03/2024,06/04/2024,602.03,HB29WDL,29 m² Appartement ∙ 1 chambre ∙ 2 personnes,Loèche-les-Bains - Valais
28/03/2024,06/04/2024,13/04/2024,516.03,HB29WDL,29 m² Appartement ∙ 1 chambre ∙ 2 personnes,Loèche-les-Bains - Valais
28/03/2024,13/04/2024,20/04/2024,516.03,HB29WDL,29 m² Appartement ∙ 1 chambre ∙ 2 personnes,Loèche-les-Bains - Valais
28/03/2024,20/04/2024,27/04/2024,516.03,HB29WDL,29 m² Appartement ∙ 1 chambre ∙ 2 personnes,Loèche-les-Bains - Valais
28/03/2024,27/04/2024,04/05/2024,516.03,HB29WDL,29 m² Appartement ∙ 1 chambre ∙ 2 personnes,Loèche-les-Bains - Valais
28/03/2024,04/05/2024,11/05/2024,516.03,HB29WDL,29 m² Appartement ∙ 1 chambre ∙ 2 personnes,Loèche-les-Bains - Valais
28/03/2024,11/05/2024,18/05/2024,516.03,HB29WDL,29 m² Appartement ∙ 1 chambre ∙ 2 personnes,Loèche-les-Bains - Valais
28/03/2024,18/05/2024,25/05/2024,516.03,HB29WDL,29 m² Appartement ∙ 1 chambre ∙ 2 personnes,Loèche-les-Bains - Valais
28/03/2024,25/05/2024,01/06/2024,516.03,HB29WDL,29 m² Appartement ∙ 1 chambre ∙ 2 personnes,Loèche-les-Bains - Valais
28/03/2024,01/06/2024,08/06/2024,516.03,HB29WDL,29 m² Appartement ∙ 1 chambre ∙ 2 personnes,Loèche-les-Bains - Valais
28/03/2024,08/06/2024,15/06/2024,516.03,HB29WDL,29 m² Appartement ∙ 1 chambre ∙ 2 personnes,Loèche-les-Bains - Valais
28/03/2024,15/06/2024,22/06/2024,516.03,HB29WDL,29 m² Appartement ∙ 1 chambre ∙ 2 personnes,Loèche-les-Bains - Valais
28/03/2024,22/06/2024,29/06/2024,516.03,HB29WDL,29 m² Appartement ∙ 1 chambre ∙ 2 personnes,Loèche-les-Bains - Valais
28/03/2024,29/06/2024,06/07/2024,602.03,HB29WDL,29 m² Appartement ∙ 1 chambre ∙ 2 personnes,Loèche-les-Bains - Valais
28/03/2024,06/07/2024,13/07/2024,602.03,HB29WDL,29 m² Appartement ∙ 1 chambre ∙ 2 personnes,Loèche-les-Bains - Valais
28/03/2024,13/07/2024,20/07/2024,602.03,HB29WDL,29 m² Appartement ∙ 1 chambre ∙ 2 personnes,Loèche-les-Bains - Valais
28/03/2024,20/07/2024,27/07/2024,602.03,HB29WDL,29 m² Appartement ∙ 1 chambre ∙ 2 personnes,Loèche-les-Bains - Valais
28/03/2024,27/07/2024,03/08/2024,602.03,HB29WDL,29 m² Appartement ∙ 1 chambre ∙ 2 personnes,Loèche-les-Bains - Valais
28/03/2024,03/08/2024,10/08/2024,602.03,HB29WDL,29 m² Appartement ∙ 1 chambre ∙ 2 personnes,Loèche-les-Bains - Valais
28/03/2024,10/08/2024,17/08/2024,602.03,HB29WDL,29 m² Appartement ∙ 1 chambre ∙ 2 personnes,Loèche-les-Bains - Valais
28/03/2024,17/08/2024,24/08/2024,602.03,HB29WDL,29 m² Appartement ∙ 1 chambre ∙ 2 personnes,Loèche-les-Bains - Valais
28/03/2024,24/08/2024,31/08/2024,602.03,HB29WDL,29 m² Appartement ∙ 1 chambre ∙ 2 personnes,Loèche-les-Bains - Valais
28/03/2024,31/08/2024,07/09/2024,602.03,HB29WDL,29 m² Appartement ∙ 1 chambre ∙ 2 personnes,Loèche-les-Bains - Valais
28/03/2024,07/09/2024,14/09/2024,602.03,HB29WDL,29 m² Appartement ∙ 1 chambre ∙ 2 personnes,Loèche-les-Bains - Valais
28/03/2024,14/09/2024,21/09/2024,602.03,HB29WDL,29 m² Appartement ∙ 1 chambre ∙ 2 personnes,Loèche-les-Bains - Valais
28/03/2024,21/09/2024,28/09/2024,602.03,HB29WDL,29 m² Appartement ∙ 1 chambre ∙ 2 personnes,Loèche-les-Bains - Valais
28/03/2024,28/09/2024,05/10/2024,602.03,HB29WDL,29 m² Appartement ∙ 1 chambre ∙ 2 personnes,Loèche-les-Bains - Valais
28/03/2024,05/10/2024,12/10/2024,602.03,HB29WDL,29 m² Appartement ∙ 1 chambre ∙ 2 personnes,Loèche-les-Bains - Valais
28/03/2024,12/10/2024,19/10/2024,602.03,HB29WDL,29 m² Appartement ∙ 1 chambre ∙ 2 personnes,Loèche-les-Bains - Valais
28/03/2024,19/10/2024,26/10/2024,602.03,HB29WDL,29 m² Appartement ∙ 1 chambre ∙ 2 personnes,Loèche-les-Bains - Valais
28/03/2024,26/10/2024,02/11/2024,516.03,HB29WDL,29 m² Appartement ∙ 1 chambre ∙ 2 personnes,Loèche-les-Bains - Valais
28/03/2024,06/04/2024,13/04/2024,728.52,HWCFA2N,40 m² Appartement ∙ 1 chambre ∙ 2 personnes,Saas Grund - Valais
28/03/2024,13/04/2024,20/04/2024,728.52,HWCFA2N,40 m² Appartement ∙ 1 chambre ∙ 2 personnes,Saas Grund - Valais
28/03/2024,20/04/2024,27/04/2024,575.15,HWCFA2N,40 m² Appartement ∙ 1 chambre ∙ 2 personnes,Saas Grund - Valais
28/03/2024,27/04/2024,04/05/2024,575.15,HWCFA2N,40 m² Appartement ∙ 1 chambre ∙ 2 personnes,Saas Grund - Valais
28/03/2024,18/05/2024,25/05/2024,575.15,HWCFA2N,40 m² Appartement ∙ 1 chambre ∙ 2 personnes,Saas Grund - Valais
28/03/2024,25/05/2024,01/06/2024,575.15,HWCFA2N,40 m² Appartement ∙ 1 chambre ∙ 2 personnes,Saas Grund - Valais
28/03/2024,15/06/2024,22/06/2024,613.49,HWCFA2N,40 m² Appartement ∙ 1 chambre ∙ 2 personnes,Saas Grund - Valais
28/03/2024,22/06/2024,29/06/2024,728.52,HWCFA2N,40 m² Appartement ∙ 1 chambre ∙ 2 personnes,Saas Grund - Valais
28/03/2024,24/08/2024,31/08/2024,613.49,HWCFA2N,40 m² Appartement ∙ 1 chambre ∙ 2 personnes,Saas Grund - Valais
28/03/2024,24/08/2024,31/08/2024,788.37,HEDXUAC,Appartement ∙ 3 chambres ∙ 8 personnes,Grächen - Valais
28/03/2024,26/10/2024,02/11/2024,1190.95,HEDXUAC,Appartement ∙ 3 chambres ∙ 8 personnes,Grächen - Valais
28/03/2024,20/04/2024,27/04/2024,728.53,HWB46H1,50 m² Appartement ∙ 1 chambre ∙ 4 personnes,Saas Fee - Valais
28/03/2024,01/06/2024,08/06/2024,728.53,HWB46H1,50 m² Appartement ∙ 1 chambre ∙ 4 personnes,Saas Fee - Valais
28/03/2024,08/06/2024,15/06/2024,728.53,HWB46H1,50 m² Appartement ∙ 1 chambre ∙ 4 personnes,Saas Fee - Valais
28/03/2024,10/08/2024,17/08/2024,843.56,HWB46H1,50 m² Appartement ∙ 1 chambre ∙ 4 personnes,Saas Fee - Valais
28/03/2024,28/09/2024,05/10/2024,728.53,HWB46H1,50 m² Appartement ∙ 1 chambre ∙ 4 personnes,Saas Fee - Valais
28/03/2024,05/10/2024,12/10/2024,728.53,HWB46H1,50 m² Appartement ∙ 1 chambre ∙ 4 personnes,Saas Fee - Valais
28/03/2024,12/10/2024,19/10/2024,728.53,HWB46H1,50 m² Appartement ∙ 1 chambre ∙ 4 personnes,Saas Fee - Valais
28/03/2024,19/10/2024,26/10/2024,728.53,HWB46H1,50 m² Appartement ∙ 1 chambre ∙ 4 personnes,Saas Fee - Valais
28/03/2024,26/10/2024,02/11/2024,777.82,HWB46H1,50 m² Appartement ∙ 1 chambre ∙ 4 personnes,Saas Fee - Valais
28/03/2024,20/04/2024,27/04/2024,535.00,HZDR5PA,50 m² Chalet ∙ 2 chambres ∙ 4 personnes,Filet - Valais
28/03/2024,11/05/2024,18/05/2024,535.00,HZDR5PA,50 m² Chalet ∙ 2 chambres ∙ 4 personnes,Filet - Valais
28/03/2024,18/05/2024,25/05/2024,535.00,HZDR5PA,50 m² Chalet ∙ 2 chambres ∙ 4 personnes,Filet - Valais
28/03/2024,25/05/2024,01/06/2024,535.00,HZDR5PA,50 m² Chalet ∙ 2 chambres ∙ 4 personnes,Filet - Valais
28/03/2024,01/06/2024,08/06/2024,540.01,HZDR5PA,50 m² Chalet ∙ 2 chambres ∙ 4 personnes,Filet - Valais
28/03/2024,08/06/2024,15/06/2024,540.01,HZDR5PA,50 m² Chalet ∙ 2 chambres ∙ 4 personnes,Filet - Valais
28/03/2024,15/06/2024,22/06/2024,540.01,HZDR5PA,50 m² Chalet ∙ 2 chambres ∙ 4 personnes,Filet - Valais
28/03/2024,22/06/2024,29/06/2024,538.80,HZDR5PA,50 m² Chalet ∙ 2 chambres ∙ 4 personnes,Filet - Valais
28/03/2024,29/06/2024,06/07/2024,554.06,HZDR5PA,50 m² Chalet ∙ 2 chambres ∙ 4 personnes,Filet - Valais
28/03/2024,06/07/2024,13/07/2024,745.54,HZDR5PA,50 m² Chalet ∙ 2 chambres ∙ 4 personnes,Filet - Valais
28/03/2024,17/08/2024,24/08/2024,745.54,HZDR5PA,50 m² Chalet ∙ 2 chambres ∙ 4 personnes,Filet - Valais
28/03/2024,24/08/2024,31/08/2024,614.56,HZDR5PA,50 m² Chalet ∙ 2 chambres ∙ 4 personnes,Filet - Valais
28/03/2024,31/08/2024,07/09/2024,609.12,HZDR5PA,50 m² Chalet ∙ 2 chambres ∙ 4 personnes,Filet - Valais
28/03/2024,07/09/2024,14/09/2024,609.12,HZDR5PA,50 m² Chalet ∙ 2 chambres ∙ 4 personnes,Filet - Valais
28/03/2024,14/09/2024,21/09/2024,609.12,HZDR5PA,50 m² Chalet ∙ 2 chambres ∙ 4 personnes,Filet - Valais
28/03/2024,21/09/2024,28/09/2024,609.12,HZDR5PA,50 m² Chalet ∙ 2 chambres ∙ 4 personnes,Filet - Valais
28/03/2024,28/09/2024,05/10/2024,609.12,HZDR5PA,50 m² Chalet ∙ 2 chambres ∙ 4 personnes,Filet - Valais
28/03/2024,05/10/2024,12/10/2024,609.12,HZDR5PA,50 m² Chalet ∙ 2 chambres ∙ 4 personnes,Filet - Valais
28/03/2024,12/10/2024,19/10/2024,609.12,HZDR5PA,50 m² Chalet ∙ 2 chambres ∙ 4 personnes,Filet - Valais
28/03/2024,19/10/2024,26/10/2024,609.12,HZDR5PA,50 m² Chalet ∙ 2 chambres ∙ 4 personnes,Filet - Valais
28/03/2024,06/04/2024,13/04/2024,897.24,H6XGE95,100 m² Appartement ∙ 3 chambres ∙ 6 personnes,Saas-Balen - Valais
28/03/2024,13/04/2024,20/04/2024,588.30,H6XGE95,100 m² Appartement ∙ 3 chambres ∙ 6 personnes,Saas-Balen - Valais
28/03/2024,20/04/2024,27/04/2024,536.81,H6XGE95,100 m² Appartement ∙ 3 chambres ∙ 6 personnes,Saas-Balen - Valais
28/03/2024,01/06/2024,08/06/2024,536.81,H6XGE95,100 m² Appartement ∙ 3 chambres ∙ 6 personnes,Saas-Balen - Valais
28/03/2024,15/06/2024,22/06/2024,536.81,H6XGE95,100 m² Appartement ∙ 3 chambres ∙ 6 personnes,Saas-Balen - Valais
28/03/2024,07/09/2024,14/09/2024,536.81,H6XGE95,100 m² Appartement ∙ 3 chambres ∙ 6 personnes,Saas-Balen - Valais
28/03/2024,14/09/2024,21/09/2024,536.81,H6XGE95,100 m² Appartement ∙ 3 chambres ∙ 6 personnes,Saas-Balen - Valais
28/03/2024,21/09/2024,28/09/2024,536.81,H6XGE95,100 m² Appartement ∙ 3 chambres ∙ 6 personnes,Saas-Balen - Valais
28/03/2024,28/09/2024,05/10/2024,536.81,H6XGE95,100 m² Appartement ∙ 3 chambres ∙ 6 personnes,Saas-Balen - Valais
28/03/2024,12/10/2024,19/10/2024,536.81,H6XGE95,100 m² Appartement ∙ 3 chambres ∙ 6 personnes,Saas-Balen - Valais
28/03/2024,19/10/2024,26/10/2024,536.81,H6XGE95,100 m² Appartement ∙ 3 chambres ∙ 6 personnes,Saas-Balen - Valais
28/03/2024,26/10/2024,02/11/2024,536.81,H6XGE95,100 m² Appartement ∙ 3 chambres ∙ 6 personnes,Saas-Balen - Valais
28/03/2024,06/04/2024,13/04/2024,552.88,HJ8RP4Z,65 m² Appartement ∙ 2 chambres ∙ 5 personnes,Grächen - Valais
28/03/2024,13/04/2024,20/04/2024,718.75,HJ8RP4Z,65 m² Appartement ∙ 2 chambres ∙ 5 personnes,Grächen - Valais
28/03/2024,20/04/2024,27/04/2024,718.75,HJ8RP4Z,65 m² Appartement ∙ 2 chambres ∙ 5 personnes,Grächen - Valais
28/03/2024,27/04/2024,04/05/2024,718.75,HJ8RP4Z,65 m² Appartement ∙ 2 chambres ∙ 5 personnes,Grächen - Valais
28/03/2024,04/05/2024,11/05/2024,718.75,HJ8RP4Z,65 m² Appartement ∙ 2 chambres ∙ 5 personnes,Grächen - Valais
28/03/2024,11/05/2024,18/05/2024,718.75,HJ8RP4Z,65 m² Appartement ∙ 2 chambres ∙ 5 personnes,Grächen - Valais
28/03/2024,18/05/2024,25/05/2024,718.75,HJ8RP4Z,65 m² Appartement ∙ 2 chambres ∙ 5 personnes,Grächen - Valais
28/03/2024,25/05/2024,01/06/2024,718.75,HJ8RP4Z,65 m² Appartement ∙ 2 chambres ∙ 5 personnes,Grächen - Valais
28/03/2024,01/06/2024,08/06/2024,718.75,HJ8RP4Z,65 m² Appartement ∙ 2 chambres ∙ 5 personnes,Grächen - Valais
28/03/2024,08/06/2024,15/06/2024,718.75,HJ8RP4Z,65 m² Appartement ∙ 2 chambres ∙ 5 personnes,Grächen - Valais
28/03/2024,15/06/2024,22/06/2024,718.75,HJ8RP4Z,65 m² Appartement ∙ 2 chambres ∙ 5 personnes,Grächen - Valais
28/03/2024,22/06/2024,29/06/2024,718.75,HJ8RP4Z,65 m² Appartement ∙ 2 chambres ∙ 5 personnes,Grächen - Valais
28/03/2024,29/06/2024,06/07/2024,718.75,HJ8RP4Z,65 m² Appartement ∙ 2 chambres ∙ 5 personnes,Grächen - Valais
28/03/2024,06/07/2024,13/07/2024,852.87,HJ8RP4Z,65 m² Appartement ∙ 2 chambres ∙ 5 personnes,Grächen - Valais
28/03/2024,20/07/2024,27/07/2024,1032.05,HJ8RP4Z,65 m² Appartement ∙ 2 chambres ∙ 5 personnes,Grächen - Valais
28/03/2024,27/07/2024,03/08/2024,1032.05,HJ8RP4Z,65 m² Appartement ∙ 2 chambres ∙ 5 personnes,Grächen - Valais
28/03/2024,03/08/2024,10/08/2024,1032.05,HJ8RP4Z,65 m² Appartement ∙ 2 chambres ∙ 5 personnes,Grächen - Valais
28/03/2024,10/08/2024,17/08/2024,1032.05,HJ8RP4Z,65 m² Appartement ∙ 2 chambres ∙ 5 personnes,Grächen - Valais
28/03/2024,17/08/2024,24/08/2024,852.87,HJ8RP4Z,65 m² Appartement ∙ 2 chambres ∙ 5 personnes,Grächen - Valais
28/03/2024,24/08/2024,31/08/2024,852.87,HJ8RP4Z,65 m² Appartement ∙ 2 chambres ∙ 5 personnes,Grächen - Valais
28/03/2024,14/09/2024,21/09/2024,852.87,HJ8RP4Z,65 m² Appartement ∙ 2 chambres ∙ 5 personnes,Grächen - Valais
28/03/2024,28/09/2024,05/10/2024,718.75,HJ8RP4Z,65 m² Appartement ∙ 2 chambres ∙ 5 personnes,Grächen - Valais
28/03/2024,05/10/2024,12/10/2024,718.75,HJ8RP4Z,65 m² Appartement ∙ 2 chambres ∙ 5 personnes,Grächen - Valais
28/03/2024,12/10/2024,19/10/2024,718.75,HJ8RP4Z,65 m² Appartement ∙ 2 chambres ∙ 5 personnes,Grächen - Valais
28/03/2024,19/10/2024,26/10/2024,718.75,HJ8RP4Z,65 m² Appartement ∙ 2 chambres ∙ 5 personnes,Grächen - Valais
28/03/2024,26/10/2024,02/11/2024,718.75,HJ8RP4Z,65 m² Appartement ∙ 2 chambres ∙ 5 personnes,Grächen - Valais
28/03/2024,13/04/2024,20/04/2024,1146.72,HND5CTW,Appartement ∙ 4 chambres ∙ 7 personnes,Grächen - Valais
28/03/2024,20/04/2024,27/04/2024,1146.72,HND5CTW,Appartement ∙ 4 chambres ∙ 7 personnes,Grächen - Valais
28/03/2024,27/04/2024,04/05/2024,1146.72,HND5CTW,Appartement ∙ 4 chambres ∙ 7 personnes,Grächen - Valais
28/03/2024,04/05/2024,11/05/2024,1146.72,HND5CTW,Appartement ∙ 4 chambres ∙ 7 personnes,Grächen - Valais
28/03/2024,11/05/2024,18/05/2024,1146.72,HND5CTW,Appartement ∙ 4 chambres ∙ 7 personnes,Grächen - Valais
28/03/2024,18/05/2024,25/05/2024,1146.72,HND5CTW,Appartement ∙ 4 chambres ∙ 7 personnes,Grächen - Valais
28/03/2024,25/05/2024,01/06/2024,1146.72,HND5CTW,Appartement ∙ 4 chambres ∙ 7 personnes,Grächen - Valais
28/03/2024,01/06/2024,08/06/2024,1146.72,HND5CTW,Appartement ∙ 4 chambres ∙ 7 personnes,Grächen - Valais
28/03/2024,08/06/2024,15/06/2024,1146.72,HND5CTW,Appartement ∙ 4 chambres ∙ 7 personnes,Grächen - Valais
28/03/2024,15/06/2024,22/06/2024,1146.72,HND5CTW,Appartement ∙ 4 chambres ∙ 7 personnes,Grächen - Valais
28/03/2024,22/06/2024,29/06/2024,1146.72,HND5CTW,Appartement ∙ 4 chambres ∙ 7 personnes,Grächen - Valais
28/03/2024,29/06/2024,06/07/2024,1146.72,HND5CTW,Appartement ∙ 4 chambres ∙ 7 personnes,Grächen - Valais
28/03/2024,06/07/2024,13/07/2024,1146.72,HND5CTW,Appartement ∙ 4 chambres ∙ 7 personnes,Grächen - Valais
28/03/2024,13/07/2024,20/07/2024,1146.72,HND5CTW,Appartement ∙ 4 chambres ∙ 7 personnes,Grächen - Valais
28/03/2024,10/08/2024,17/08/2024,1148.70,HND5CTW,Appartement ∙ 4 chambres ∙ 7 personnes,Grächen - Valais
28/03/2024,17/08/2024,24/08/2024,1148.70,HND5CTW,Appartement ∙ 4 chambres ∙ 7 personnes,Grächen - Valais
28/03/2024,24/08/2024,31/08/2024,1148.70,HND5CTW,Appartement ∙ 4 chambres ∙ 7 personnes,Grächen - Valais
28/03/2024,31/08/2024,07/09/2024,1148.70,HND5CTW,Appartement ∙ 4 chambres ∙ 7 personnes,Grächen - Valais
28/03/2024,07/09/2024,14/09/2024,1148.70,HND5CTW,Appartement ∙ 4 chambres ∙ 7 personnes,Grächen - Valais
28/03/2024,14/09/2024,21/09/2024,1148.70,HND5CTW,Appartement ∙ 4 chambres ∙ 7 personnes,Grächen - Valais
28/03/2024,21/09/2024,28/09/2024,1148.70,HND5CTW,Appartement ∙ 4 chambres ∙ 7 personnes,Grächen - Valais
28/03/2024,28/09/2024,05/10/2024,1148.70,HND5CTW,Appartement ∙ 4 chambres ∙ 7 personnes,Grächen - Valais
28/03/2024,05/10/2024,12/10/2024,1148.70,HND5CTW,Appartement ∙ 4 chambres ∙ 7 personnes,Grächen - Valais
28/03/2024,12/10/2024,19/10/2024,1148.70,HND5CTW,Appartement ∙ 4 chambres ∙ 7 personnes,Grächen - Valais
28/03/2024,19/10/2024,26/10/2024,1148.70,HND5CTW,Appartement ∙ 4 chambres ∙ 7 personnes,Grächen - Valais
28/03/2024,26/10/2024,02/11/2024,1148.70,HND5CTW,Appartement ∙ 4 chambres ∙ 7 personnes,Grächen - Valais
28/03/2024,04/05/2024,11/05/2024,367.00,HWMJNE4,25 m² Village vacances ∙ 1 chambre ∙ 2 personnes,Vex - Valais
28/03/2024,11/05/2024,18/05/2024,367.00,HWMJNE4,25 m² Village vacances ∙ 1 chambre ∙ 2 personnes,Vex - Valais
28/03/2024,18/05/2024,25/05/2024,367.00,HWMJNE4,25 m² Village vacances ∙ 1 chambre ∙ 2 personnes,Vex - Valais
28/03/2024,25/05/2024,01/06/2024,367.00,HWMJNE4,25 m² Village vacances ∙ 1 chambre ∙ 2 personnes,Vex - Valais
28/03/2024,01/06/2024,08/06/2024,367.00,HWMJNE4,25 m² Village vacances ∙ 1 chambre ∙ 2 personnes,Vex - Valais
28/03/2024,08/06/2024,15/06/2024,367.00,HWMJNE4,25 m² Village vacances ∙ 1 chambre ∙ 2 personnes,Vex - Valais
28/03/2024,15/06/2024,22/06/2024,367.00,HWMJNE4,25 m² Village vacances ∙ 1 chambre ∙ 2 personnes,Vex - Valais
28/03/2024,22/06/2024,29/06/2024,367.00,HWMJNE4,25 m² Village vacances ∙ 1 chambre ∙ 2 personnes,Vex - Valais
28/03/2024,20/07/2024,27/07/2024,462.00,HWMJNE4,25 m² Village vacances ∙ 1 chambre ∙ 2 personnes,Vex - Valais
28/03/2024,27/07/2024,03/08/2024,462.00,HWMJNE4,25 m² Village vacances ∙ 1 chambre ∙ 2 personnes,Vex - Valais
28/03/2024,03/08/2024,10/08/2024,462.00,HWMJNE4,25 m² Village vacances ∙ 1 chambre ∙ 2 personnes,Vex - Valais
28/03/2024,10/08/2024,17/08/2024,367.00,HWMJNE4,25 m² Village vacances ∙ 1 chambre ∙ 2 personnes,Vex - Valais
28/03/2024,17/08/2024,24/08/2024,367.00,HWMJNE4,25 m² Village vacances ∙ 1 chambre ∙ 2 personnes,Vex - Valais
28/03/2024,24/08/2024,31/08/2024,367.00,HWMJNE4,25 m² Village vacances ∙ 1 chambre ∙ 2 personnes,Vex - Valais
28/03/2024,31/08/2024,07/09/2024,367.00,HWMJNE4,25 m² Village vacances ∙ 1 chambre ∙ 2 personnes,Vex - Valais
28/03/2024,07/09/2024,14/09/2024,367.00,HWMJNE4,25 m² Village vacances ∙ 1 chambre ∙ 2 personnes,Vex - Valais
28/03/2024,14/09/2024,21/09/2024,367.00,HWMJNE4,25 m² Village vacances ∙ 1 chambre ∙ 2 personnes,Vex - Valais
28/03/2024,21/09/2024,28/09/2024,367.00,HWMJNE4,25 m² Village vacances ∙ 1 chambre ∙ 2 personnes,Vex - Valais
28/03/2024,28/09/2024,05/10/2024,367.00,HWMJNE4,25 m² Village vacances ∙ 1 chambre ∙ 2 personnes,Vex - Valais
28/03/2024,05/10/2024,12/10/2024,367.00,HWMJNE4,25 m² Village vacances ∙ 1 chambre ∙ 2 personnes,Vex - Valais
28/03/2024,12/10/2024,19/10/2024,367.00,HWMJNE4,25 m² Village vacances ∙ 1 chambre ∙ 2 personnes,Vex - Valais
28/03/2024,19/10/2024,26/10/2024,367.00,HWMJNE4,25 m² Village vacances ∙ 1 chambre ∙ 2 personnes,Vex - Valais
28/03/2024,13/04/2024,20/04/2024,2506.62,H60HJDW,Appartement ∙ 4 chambres ∙ 8 personnes,Saas Fee - Valais
28/03/2024,04/05/2024,11/05/2024,1499.46,H60HJDW,Appartement ∙ 4 chambres ∙ 8 personnes,Saas Fee - Valais
28/03/2024,11/05/2024,18/05/2024,1499.46,H60HJDW,Appartement ∙ 4 chambres ∙ 8 personnes,Saas Fee - Valais
28/03/2024,18/05/2024,25/05/2024,1499.46,H60HJDW,Appartement ∙ 4 chambres ∙ 8 personnes,Saas Fee - Valais
28/03/2024,25/05/2024,01/06/2024,1499.46,H60HJDW,Appartement ∙ 4 chambres ∙ 8 personnes,Saas Fee - Valais
28/03/2024,01/06/2024,08/06/2024,1499.46,H60HJDW,Appartement ∙ 4 chambres ∙ 8 personnes,Saas Fee - Valais
28/03/2024,08/06/2024,15/06/2024,1499.46,H60HJDW,Appartement ∙ 4 chambres ∙ 8 personnes,Saas Fee - Valais
28/03/2024,15/06/2024,22/06/2024,1499.46,H60HJDW,Appartement ∙ 4 chambres ∙ 8 personnes,Saas Fee - Valais
28/03/2024,22/06/2024,29/06/2024,1499.46,H60HJDW,Appartement ∙ 4 chambres ∙ 8 personnes,Saas Fee - Valais
28/03/2024,29/06/2024,06/07/2024,1499.46,H60HJDW,Appartement ∙ 4 chambres ∙ 8 personnes,Saas Fee - Valais
28/03/2024,03/08/2024,10/08/2024,1876.88,H60HJDW,Appartement ∙ 4 chambres ∙ 8 personnes,Saas Fee - Valais
28/03/2024,10/08/2024,17/08/2024,1876.88,H60HJDW,Appartement ∙ 4 chambres ∙ 8 personnes,Saas Fee - Valais
28/03/2024,31/08/2024,07/09/2024,1553.81,H60HJDW,Appartement ∙ 4 chambres ∙ 8 personnes,Saas Fee - Valais
28/03/2024,07/09/2024,14/09/2024,1499.46,H60HJDW,Appartement ∙ 4 chambres ∙ 8 personnes,Saas Fee - Valais
28/03/2024,14/09/2024,21/09/2024,1499.46,H60HJDW,Appartement ∙ 4 chambres ∙ 8 personnes,Saas Fee - Valais
28/03/2024,21/09/2024,28/09/2024,1499.46,H60HJDW,Appartement ∙ 4 chambres ∙ 8 personnes,Saas Fee - Valais
28/03/2024,28/09/2024,05/10/2024,1499.46,H60HJDW,Appartement ∙ 4 chambres ∙ 8 personnes,Saas Fee - Valais
28/03/2024,05/10/2024,12/10/2024,1499.46,H60HJDW,Appartement ∙ 4 chambres ∙ 8 personnes,Saas Fee - Valais
28/03/2024,12/10/2024,19/10/2024,1499.46,H60HJDW,Appartement ∙ 4 chambres ∙ 8 personnes,Saas Fee - Valais
28/03/2024,19/10/2024,26/10/2024,1499.46,H60HJDW,Appartement ∙ 4 chambres ∙ 8 personnes,Saas Fee - Valais
28/03/2024,26/10/2024,02/11/2024,1499.46,H60HJDW,Appartement ∙ 4 chambres ∙ 8 personnes,Saas Fee - Valais
28/03/2024,06/04/2024,13/04/2024,1012.87,HR0J9YG,140 m² Maison de vacances ∙ 4 chambres ∙ 8 personnes,Troistorrents - Valais
28/03/2024,13/04/2024,20/04/2024,1012.87,HR0J9YG,140 m² Maison de vacances ∙ 4 chambres ∙ 8 personnes,Troistorrents - Valais
28/03/2024,20/04/2024,27/04/2024,1012.87,HR0J9YG,140 m² Maison de vacances ∙ 4 chambres ∙ 8 personnes,Troistorrents - Valais
28/03/2024,27/04/2024,04/05/2024,1012.87,HR0J9YG,140 m² Maison de vacances ∙ 4 chambres ∙ 8 personnes,Troistorrents - Valais
28/03/2024,04/05/2024,11/05/2024,1012.87,HR0J9YG,140 m² Maison de vacances ∙ 4 chambres ∙ 8 personnes,Troistorrents - Valais
28/03/2024,11/05/2024,18/05/2024,1012.87,HR0J9YG,140 m² Maison de vacances ∙ 4 chambres ∙ 8 personnes,Troistorrents - Valais
28/03/2024,18/05/2024,25/05/2024,1012.87,HR0J9YG,140 m² Maison de vacances ∙ 4 chambres ∙ 8 personnes,Troistorrents - Valais
28/03/2024,25/05/2024,01/06/2024,1012.87,HR0J9YG,140 m² Maison de vacances ∙ 4 chambres ∙ 8 personnes,Troistorrents - Valais
28/03/2024,01/06/2024,08/06/2024,1012.87,HR0J9YG,140 m² Maison de vacances ∙ 4 chambres ∙ 8 personnes,Troistorrents - Valais
28/03/2024,08/06/2024,15/06/2024,1012.87,HR0J9YG,140 m² Maison de vacances ∙ 4 chambres ∙ 8 personnes,Troistorrents - Valais
28/03/2024,15/06/2024,22/06/2024,1012.87,HR0J9YG,140 m² Maison de vacances ∙ 4 chambres ∙ 8 personnes,Troistorrents - Valais
28/03/2024,22/06/2024,29/06/2024,1012.87,HR0J9YG,140 m² Maison de vacances ∙ 4 chambres ∙ 8 personnes,Troistorrents - Valais
28/03/2024,29/06/2024,06/07/2024,1156.85,HR0J9YG,140 m² Maison de vacances ∙ 4 chambres ∙ 8 personnes,Troistorrents - Valais
28/03/2024,06/07/2024,13/07/2024,1156.85,HR0J9YG,140 m² Maison de vacances ∙ 4 chambres ∙ 8 personnes,Troistorrents - Valais
28/03/2024,13/07/2024,20/07/2024,1681.96,HR0J9YG,140 m² Maison de vacances ∙ 4 chambres ∙ 8 personnes,Troistorrents - Valais
28/03/2024,20/07/2024,27/07/2024,1681.96,HR0J9YG,140 m² Maison de vacances ∙ 4 chambres ∙ 8 personnes,Troistorrents - Valais
28/03/2024,27/07/2024,03/08/2024,1681.96,HR0J9YG,140 m² Maison de vacances ∙ 4 chambres ∙ 8 personnes,Troistorrents - Valais
28/03/2024,03/08/2024,10/08/2024,1681.96,HR0J9YG,140 m² Maison de vacances ∙ 4 chambres ∙ 8 personnes,Troistorrents - Valais
28/03/2024,10/08/2024,17/08/2024,1681.96,HR0J9YG,140 m² Maison de vacances ∙ 4 chambres ∙ 8 personnes,Troistorrents - Valais
28/03/2024,17/08/2024,24/08/2024,1156.85,HR0J9YG,140 m² Maison de vacances ∙ 4 chambres ∙ 8 personnes,Troistorrents - Valais
28/03/2024,24/08/2024,31/08/2024,1060.50,HR0J9YG,140 m² Maison de vacances ∙ 4 chambres ∙ 8 personnes,Troistorrents - Valais
28/03/2024,31/08/2024,07/09/2024,1012.87,HR0J9YG,140 m² Maison de vacances ∙ 4 chambres ∙ 8 personnes,Troistorrents - Valais
28/03/2024,07/09/2024,14/09/2024,1012.87,HR0J9YG,140 m² Maison de vacances ∙ 4 chambres ∙ 8 personnes,Troistorrents - Valais
28/03/2024,14/09/2024,21/09/2024,1012.87,HR0J9YG,140 m² Maison de vacances ∙ 4 chambres ∙ 8 personnes,Troistorrents - Valais
28/03/2024,21/09/2024,28/09/2024,1012.87,HR0J9YG,140 m² Maison de vacances ∙ 4 chambres ∙ 8 personnes,Troistorrents - Valais
28/03/2024,28/09/2024,05/10/2024,1012.87,HR0J9YG,140 m² Maison de vacances ∙ 4 chambres ∙ 8 personnes,Troistorrents - Valais
28/03/2024,05/10/2024,12/10/2024,1012.87,HR0J9YG,140 m² Maison de vacances ∙ 4 chambres ∙ 8 personnes,Troistorrents - Valais
28/03/2024,12/10/2024,19/10/2024,1012.87,HR0J9YG,140 m² Maison de vacances ∙ 4 chambres ∙ 8 personnes,Troistorrents - Valais
28/03/2024,19/10/2024,26/10/2024,1012.87,HR0J9YG,140 m² Maison de vacances ∙ 4 chambres ∙ 8 personnes,Troistorrents - Valais
28/03/2024,26/10/2024,02/11/2024,1012.87,HR0J9YG,140 m² Maison de vacances ∙ 4 chambres ∙ 8 personnes,Troistorrents - Valais
28/03/2024,06/04/2024,13/04/2024,1730.50,HMTA4FN,88 m² Appartement ∙ 2 chambres ∙ 4 personnes,Saas Fee - Valais
28/03/2024,13/04/2024,20/04/2024,1730.50,HMTA4FN,88 m² Appartement ∙ 2 chambres ∙ 4 personnes,Saas Fee - Valais
28/03/2024,01/06/2024,08/06/2024,1256.24,HMTA4FN,88 m² Appartement ∙ 2 chambres ∙ 4 personnes,Saas Fee - Valais
28/03/2024,08/06/2024,15/06/2024,1256.24,HMTA4FN,88 m² Appartement ∙ 2 chambres ∙ 4 personnes,Saas Fee - Valais
28/03/2024,15/06/2024,22/06/2024,1256.24,HMTA4FN,88 m² Appartement ∙ 2 chambres ∙ 4 personnes,Saas Fee - Valais
28/03/2024,22/06/2024,29/06/2024,1256.24,HMTA4FN,88 m² Appartement ∙ 2 chambres ∙ 4 personnes,Saas Fee - Valais
28/03/2024,29/06/2024,06/07/2024,1256.24,HMTA4FN,88 m² Appartement ∙ 2 chambres ∙ 4 personnes,Saas Fee - Valais
28/03/2024,06/07/2024,13/07/2024,1509.51,HMTA4FN,88 m² Appartement ∙ 2 chambres ∙ 4 personnes,Saas Fee - Valais
28/03/2024,20/07/2024,27/07/2024,1624.85,HMTA4FN,88 m² Appartement ∙ 2 chambres ∙ 4 personnes,Saas Fee - Valais
28/03/2024,27/07/2024,03/08/2024,1624.85,HMTA4FN,88 m² Appartement ∙ 2 chambres ∙ 4 personnes,Saas Fee - Valais
28/03/2024,03/08/2024,10/08/2024,1624.85,HMTA4FN,88 m² Appartement ∙ 2 chambres ∙ 4 personnes,Saas Fee - Valais
28/03/2024,10/08/2024,17/08/2024,1624.85,HMTA4FN,88 m² Appartement ∙ 2 chambres ∙ 4 personnes,Saas Fee - Valais
28/03/2024,31/08/2024,07/09/2024,1256.24,HMTA4FN,88 m² Appartement ∙ 2 chambres ∙ 4 personnes,Saas Fee - Valais
28/03/2024,07/09/2024,14/09/2024,1256.24,HMTA4FN,88 m² Appartement ∙ 2 chambres ∙ 4 personnes,Saas Fee - Valais
28/03/2024,14/09/2024,21/09/2024,1256.24,HMTA4FN,88 m² Appartement ∙ 2 chambres ∙ 4 personnes,Saas Fee - Valais
28/03/2024,21/09/2024,28/09/2024,1256.24,HMTA4FN,88 m² Appartement ∙ 2 chambres ∙ 4 personnes,Saas Fee - Valais
28/03/2024,28/09/2024,05/10/2024,1256.24,HMTA4FN,88 m² Appartement ∙ 2 chambres ∙ 4 personnes,Saas Fee - Valais
28/03/2024,05/10/2024,12/10/2024,1256.24,HMTA4FN,88 m² Appartement ∙ 2 chambres ∙ 4 personnes,Saas Fee - Valais
28/03/2024,12/10/2024,19/10/2024,1050.26,HMTA4FN,88 m² Appartement ∙ 2 chambres ∙ 4 personnes,Saas Fee - Valais
28/03/2024,19/10/2024,26/10/2024,1179.24,HMTA4FN,88 m² Appartement ∙ 2 chambres ∙ 4 personnes,Saas Fee - Valais
28/03/2024,26/10/2024,02/11/2024,1179.24,HMTA4FN,88 m² Appartement ∙ 2 chambres ∙ 4 personnes,Saas Fee - Valais
28/03/2024,20/07/2024,27/07/2024,1076.54,H1UEH4D,70 m² Appartement ∙ 3 chambres ∙ 5 personnes,Saas-Almagell - Valais
28/03/2024,27/07/2024,03/08/2024,1076.54,H1UEH4D,70 m² Appartement ∙ 3 chambres ∙ 5 personnes,Saas-Almagell - Valais
28/03/2024,13/04/2024,20/04/2024,1193.13,HN6B0HV,62 m² Appartement ∙ 2 chambres ∙ 5 personnes,Saas Fee - Valais
28/03/2024,01/06/2024,08/06/2024,1193.13,HN6B0HV,62 m² Appartement ∙ 2 chambres ∙ 5 personnes,Saas Fee - Valais
28/03/2024,08/06/2024,15/06/2024,1193.13,HN6B0HV,62 m² Appartement ∙ 2 chambres ∙ 5 personnes,Saas Fee - Valais
28/03/2024,15/06/2024,22/06/2024,1193.13,HN6B0HV,62 m² Appartement ∙ 2 chambres ∙ 5 personnes,Saas Fee - Valais
28/03/2024,22/06/2024,29/06/2024,1193.13,HN6B0HV,62 m² Appartement ∙ 2 chambres ∙ 5 personnes,Saas Fee - Valais
28/03/2024,29/06/2024,06/07/2024,1193.13,HN6B0HV,62 m² Appartement ∙ 2 chambres ∙ 5 personnes,Saas Fee - Valais
28/03/2024,31/08/2024,07/09/2024,1193.13,HN6B0HV,62 m² Appartement ∙ 2 chambres ∙ 5 personnes,Saas Fee - Valais
28/03/2024,07/09/2024,14/09/2024,1193.13,HN6B0HV,62 m² Appartement ∙ 2 chambres ∙ 5 personnes,Saas Fee - Valais
28/03/2024,14/09/2024,21/09/2024,1193.13,HN6B0HV,62 m² Appartement ∙ 2 chambres ∙ 5 personnes,Saas Fee - Valais
28/03/2024,21/09/2024,28/09/2024,1193.13,HN6B0HV,62 m² Appartement ∙ 2 chambres ∙ 5 personnes,Saas Fee - Valais
28/03/2024,28/09/2024,05/10/2024,1193.13,HN6B0HV,62 m² Appartement ∙ 2 chambres ∙ 5 personnes,Saas Fee - Valais
28/03/2024,05/10/2024,12/10/2024,1193.13,HN6B0HV,62 m² Appartement ∙ 2 chambres ∙ 5 personnes,Saas Fee - Valais
28/03/2024,26/10/2024,02/11/2024,1193.13,HN6B0HV,62 m² Appartement ∙ 2 chambres ∙ 5 personnes,Saas Fee - Valais
28/03/2024,06/04/2024,13/04/2024,2753.67,H8EALV7,180 m² Maison de vacances ∙ 6 chambres ∙ 10 personnes,Verbier - Bagnes - Valais
28/03/2024,13/04/2024,20/04/2024,2753.67,H8EALV7,180 m² Maison de vacances ∙ 6 chambres ∙ 10 personnes,Verbier - Bagnes - Valais
28/03/2024,20/04/2024,27/04/2024,2753.67,H8EALV7,180 m² Maison de vacances ∙ 6 chambres ∙ 10 personnes,Verbier - Bagnes - Valais
28/03/2024,27/04/2024,04/05/2024,1492.38,H8EALV7,180 m² Maison de vacances ∙ 6 chambres ∙ 10 personnes,Verbier - Bagnes - Valais
28/03/2024,04/05/2024,11/05/2024,1492.38,H8EALV7,180 m² Maison de vacances ∙ 6 chambres ∙ 10 personnes,Verbier - Bagnes - Valais
28/03/2024,11/05/2024,18/05/2024,1492.38,H8EALV7,180 m² Maison de vacances ∙ 6 chambres ∙ 10 personnes,Verbier - Bagnes - Valais
28/03/2024,18/05/2024,25/05/2024,1492.38,H8EALV7,180 m² Maison de vacances ∙ 6 chambres ∙ 10 personnes,Verbier - Bagnes - Valais
28/03/2024,25/05/2024,01/06/2024,1492.38,H8EALV7,180 m² Maison de vacances ∙ 6 chambres ∙ 10 personnes,Verbier - Bagnes - Valais
28/03/2024,01/06/2024,08/06/2024,1492.38,H8EALV7,180 m² Maison de vacances ∙ 6 chambres ∙ 10 personnes,Verbier - Bagnes - Valais
28/03/2024,08/06/2024,15/06/2024,1492.38,H8EALV7,180 m² Maison de vacances ∙ 6 chambres ∙ 10 personnes,Verbier - Bagnes - Valais
28/03/2024,15/06/2024,22/06/2024,1492.38,H8EALV7,180 m² Maison de vacances ∙ 6 chambres ∙ 10 personnes,Verbier - Bagnes - Valais
28/03/2024,22/06/2024,29/06/2024,1492.38,H8EALV7,180 m² Maison de vacances ∙ 6 chambres ∙ 10 personnes,Verbier - Bagnes - Valais
28/03/2024,29/06/2024,06/07/2024,2217.69,H8EALV7,180 m² Maison de vacances ∙ 6 chambres ∙ 10 personnes,Verbier - Bagnes - Valais
28/03/2024,06/07/2024,13/07/2024,2943.00,H8EALV7,180 m² Maison de vacances ∙ 6 chambres ∙ 10 personnes,Verbier - Bagnes - Valais
28/03/2024,13/07/2024,20/07/2024,2943.00,H8EALV7,180 m² Maison de vacances ∙ 6 chambres ∙ 10 personnes,Verbier - Bagnes - Valais
28/03/2024,20/07/2024,27/07/2024,2943.00,H8EALV7,180 m² Maison de vacances ∙ 6 chambres ∙ 10 personnes,Verbier - Bagnes - Valais
28/03/2024,27/07/2024,03/08/2024,2943.00,H8EALV7,180 m² Maison de vacances ∙ 6 chambres ∙ 10 personnes,Verbier - Bagnes - Valais
28/03/2024,03/08/2024,10/08/2024,2943.00,H8EALV7,180 m² Maison de vacances ∙ 6 chambres ∙ 10 personnes,Verbier - Bagnes - Valais
28/03/2024,10/08/2024,17/08/2024,2943.00,H8EALV7,180 m² Maison de vacances ∙ 6 chambres ∙ 10 personnes,Verbier - Bagnes - Valais
28/03/2024,17/08/2024,24/08/2024,2217.69,H8EALV7,180 m² Maison de vacances ∙ 6 chambres ∙ 10 personnes,Verbier - Bagnes - Valais
28/03/2024,24/08/2024,31/08/2024,1492.38,H8EALV7,180 m² Maison de vacances ∙ 6 chambres ∙ 10 personnes,Verbier - Bagnes - Valais
28/03/2024,31/08/2024,07/09/2024,1492.38,H8EALV7,180 m² Maison de vacances ∙ 6 chambres ∙ 10 personnes,Verbier - Bagnes - Valais
28/03/2024,07/09/2024,14/09/2024,1492.38,H8EALV7,180 m² Maison de vacances ∙ 6 chambres ∙ 10 personnes,Verbier - Bagnes - Valais
28/03/2024,14/09/2024,21/09/2024,1492.38,H8EALV7,180 m² Maison de vacances ∙ 6 chambres ∙ 10 personnes,Verbier - Bagnes - Valais
28/03/2024,21/09/2024,28/09/2024,1492.38,H8EALV7,180 m² Maison de vacances ∙ 6 chambres ∙ 10 personnes,Verbier - Bagnes - Valais
28/03/2024,28/09/2024,05/10/2024,1492.38,H8EALV7,180 m² Maison de vacances ∙ 6 chambres ∙ 10 personnes,Verbier - Bagnes - Valais
28/03/2024,05/10/2024,12/10/2024,1492.38,H8EALV7,180 m² Maison de vacances ∙ 6 chambres ∙ 10 personnes,Verbier - Bagnes - Valais
28/03/2024,12/10/2024,19/10/2024,1492.38,H8EALV7,180 m² Maison de vacances ∙ 6 chambres ∙ 10 personnes,Verbier - Bagnes - Valais
28/03/2024,19/10/2024,26/10/2024,1492.38,H8EALV7,180 m² Maison de vacances ∙ 6 chambres ∙ 10 personnes,Verbier - Bagnes - Valais
28/03/2024,26/10/2024,02/11/2024,1492.38,H8EALV7,180 m² Maison de vacances ∙ 6 chambres ∙ 10 personnes,Verbier - Bagnes - Valais
28/03/2024,13/04/2024,20/04/2024,1326.79,H12NWYU,Appartement ∙ 2 chambres ∙ 4 personnes,Saas Fee - Valais
28/03/2024,01/06/2024,08/06/2024,864.31,H12NWYU,Appartement ∙ 2 chambres ∙ 4 personnes,Saas Fee - Valais
28/03/2024,08/06/2024,15/06/2024,864.31,H12NWYU,Appartement ∙ 2 chambres ∙ 4 personnes,Saas Fee - Valais
28/03/2024,06/07/2024,13/07/2024,1056.50,H12NWYU,Appartement ∙ 2 chambres ∙ 4 personnes,Saas Fee - Valais
28/03/2024,27/07/2024,03/08/2024,1056.50,H12NWYU,Appartement ∙ 2 chambres ∙ 4 personnes,Saas Fee - Valais
28/03/2024,03/08/2024,10/08/2024,1056.50,H12NWYU,Appartement ∙ 2 chambres ∙ 4 personnes,Saas Fee - Valais
28/03/2024,10/08/2024,17/08/2024,1056.50,H12NWYU,Appartement ∙ 2 chambres ∙ 4 personnes,Saas Fee - Valais
28/03/2024,07/09/2024,14/09/2024,864.31,H12NWYU,Appartement ∙ 2 chambres ∙ 4 personnes,Saas Fee - Valais
28/03/2024,14/09/2024,21/09/2024,864.31,H12NWYU,Appartement ∙ 2 chambres ∙ 4 personnes,Saas Fee - Valais
28/03/2024,21/09/2024,28/09/2024,864.31,H12NWYU,Appartement ∙ 2 chambres ∙ 4 personnes,Saas Fee - Valais
28/03/2024,28/09/2024,05/10/2024,864.31,H12NWYU,Appartement ∙ 2 chambres ∙ 4 personnes,Saas Fee - Valais
28/03/2024,05/10/2024,12/10/2024,864.31,H12NWYU,Appartement ∙ 2 chambres ∙ 4 personnes,Saas Fee - Valais
28/03/2024,12/10/2024,19/10/2024,864.31,H12NWYU,Appartement ∙ 2 chambres ∙ 4 personnes,Saas Fee - Valais
28/03/2024,19/10/2024,26/10/2024,864.31,H12NWYU,Appartement ∙ 2 chambres ∙ 4 personnes,Saas Fee - Valais
28/03/2024,26/10/2024,02/11/2024,864.31,H12NWYU,Appartement ∙ 2 chambres ∙ 4 personnes,Saas Fee - Valais
28/03/2024,06/04/2024,13/04/2024,1164.16,H90USXW,Appartement ∙ 2 chambres ∙ 6 personnes,Grächen - Valais
28/03/2024,13/04/2024,20/04/2024,935.23,H90USXW,Appartement ∙ 2 chambres ∙ 6 personnes,Grächen - Valais
28/03/2024,20/04/2024,27/04/2024,935.23,H90USXW,Appartement ∙ 2 chambres ∙ 6 personnes,Grächen - Valais
28/03/2024,27/04/2024,04/05/2024,935.23,H90USXW,Appartement ∙ 2 chambres ∙ 6 personnes,Grächen - Valais
28/03/2024,04/05/2024,11/05/2024,935.23,H90USXW,Appartement ∙ 2 chambres ∙ 6 personnes,Grächen - Valais
28/03/2024,11/05/2024,18/05/2024,935.23,H90USXW,Appartement ∙ 2 chambres ∙ 6 personnes,Grächen - Valais
28/03/2024,18/05/2024,25/05/2024,935.23,H90USXW,Appartement ∙ 2 chambres ∙ 6 personnes,Grächen - Valais
28/03/2024,25/05/2024,01/06/2024,935.23,H90USXW,Appartement ∙ 2 chambres ∙ 6 personnes,Grächen - Valais
28/03/2024,01/06/2024,08/06/2024,935.23,H90USXW,Appartement ∙ 2 chambres ∙ 6 personnes,Grächen - Valais
28/03/2024,08/06/2024,15/06/2024,935.23,H90USXW,Appartement ∙ 2 chambres ∙ 6 personnes,Grächen - Valais
28/03/2024,15/06/2024,22/06/2024,935.23,H90USXW,Appartement ∙ 2 chambres ∙ 6 personnes,Grächen - Valais
28/03/2024,22/06/2024,29/06/2024,935.23,H90USXW,Appartement ∙ 2 chambres ∙ 6 personnes,Grächen - Valais
28/03/2024,29/06/2024,06/07/2024,1143.13,H90USXW,Appartement ∙ 2 chambres ∙ 6 personnes,Grächen - Valais
28/03/2024,06/07/2024,13/07/2024,1007.17,H90USXW,Appartement ∙ 2 chambres ∙ 6 personnes,Grächen - Valais
28/03/2024,13/07/2024,20/07/2024,1007.17,H90USXW,Appartement ∙ 2 chambres ∙ 6 personnes,Grächen - Valais
28/03/2024,03/08/2024,10/08/2024,1007.17,H90USXW,Appartement ∙ 2 chambres ∙ 6 personnes,Grächen - Valais
28/03/2024,10/08/2024,17/08/2024,1007.17,H90USXW,Appartement ∙ 2 chambres ∙ 6 personnes,Grächen - Valais
28/03/2024,17/08/2024,24/08/2024,1007.17,H90USXW,Appartement ∙ 2 chambres ∙ 6 personnes,Grächen - Valais
28/03/2024,24/08/2024,31/08/2024,935.23,H90USXW,Appartement ∙ 2 chambres ∙ 6 personnes,Grächen - Valais
28/03/2024,31/08/2024,07/09/2024,935.23,H90USXW,Appartement ∙ 2 chambres ∙ 6 personnes,Grächen - Valais
28/03/2024,07/09/2024,14/09/2024,935.23,H90USXW,Appartement ∙ 2 chambres ∙ 6 personnes,Grächen - Valais
28/03/2024,14/09/2024,21/09/2024,935.23,H90USXW,Appartement ∙ 2 chambres ∙ 6 personnes,Grächen - Valais
28/03/2024,21/09/2024,28/09/2024,935.23,H90USXW,Appartement ∙ 2 chambres ∙ 6 personnes,Grächen - Valais
28/03/2024,28/09/2024,05/10/2024,935.23,H90USXW,Appartement ∙ 2 chambres ∙ 6 personnes,Grächen - Valais
28/03/2024,05/10/2024,12/10/2024,935.23,H90USXW,Appartement ∙ 2 chambres ∙ 6 personnes,Grächen - Valais
28/03/2024,12/10/2024,19/10/2024,935.23,H90USXW,Appartement ∙ 2 chambres ∙ 6 personnes,Grächen - Valais
28/03/2024,19/10/2024,26/10/2024,935.23,H90USXW,Appartement ∙ 2 chambres ∙ 6 personnes,Grächen - Valais
28/03/2024,26/10/2024,02/11/2024,935.23,H90USXW,Appartement ∙ 2 chambres ∙ 6 personnes,Grächen - Valais
28/03/2024,25/05/2024,01/06/2024,740.99,HRWZU24,Appartement ∙ 1 chambre ∙ 2 personnes,Zermatt - Valais
28/03/2024,01/06/2024,08/06/2024,740.99,HRWZU24,Appartement ∙ 1 chambre ∙ 2 personnes,Zermatt - Valais
28/03/2024,22/06/2024,29/06/2024,740.99,HRWZU24,Appartement ∙ 1 chambre ∙ 2 personnes,Zermatt - Valais
28/03/2024,29/06/2024,06/07/2024,978.39,HRWZU24,Appartement ∙ 1 chambre ∙ 2 personnes,Zermatt - Valais
28/03/2024,06/07/2024,13/07/2024,978.39,HRWZU24,Appartement ∙ 1 chambre ∙ 2 personnes,Zermatt - Valais
28/03/2024,10/08/2024,17/08/2024,978.39,HRWZU24,Appartement ∙ 1 chambre ∙ 2 personnes,Zermatt - Valais
28/03/2024,31/08/2024,07/09/2024,978.39,HRWZU24,Appartement ∙ 1 chambre ∙ 2 personnes,Zermatt - Valais
28/03/2024,07/09/2024,14/09/2024,978.39,HRWZU24,Appartement ∙ 1 chambre ∙ 2 personnes,Zermatt - Valais
28/03/2024,14/09/2024,21/09/2024,740.99,HRWZU24,Appartement ∙ 1 chambre ∙ 2 personnes,Zermatt - Valais
28/03/2024,21/09/2024,28/09/2024,740.99,HRWZU24,Appartement ∙ 1 chambre ∙ 2 personnes,Zermatt - Valais
28/03/2024,28/09/2024,05/10/2024,740.99,HRWZU24,Appartement ∙ 1 chambre ∙ 2 personnes,Zermatt - Valais
28/03/2024,05/10/2024,12/10/2024,740.99,HRWZU24,Appartement ∙ 1 chambre ∙ 2 personnes,Zermatt - Valais
28/03/2024,12/10/2024,19/10/2024,740.99,HRWZU24,Appartement ∙ 1 chambre ∙ 2 personnes,Zermatt - Valais
28/03/2024,19/10/2024,26/10/2024,741.07,HRWZU24,Appartement ∙ 1 chambre ∙ 2 personnes,Zermatt - Valais
28/03/2024,26/10/2024,02/11/2024,741.07,HRWZU24,Appartement ∙ 1 chambre ∙ 2 personnes,Zermatt - Valais
28/03/2024,13/04/2024,20/04/2024,2501.74,HHFDV4Y,210 m² Maison de vacances ∙ 6 chambres ∙ 14 personnes,Riddes - Valais
28/03/2024,20/04/2024,27/04/2024,1900.46,HHFDV4Y,210 m² Maison de vacances ∙ 6 chambres ∙ 14 personnes,Riddes - Valais
28/03/2024,27/04/2024,04/05/2024,1900.46,HHFDV4Y,210 m² Maison de vacances ∙ 6 chambres ∙ 14 personnes,Riddes - Valais
28/03/2024,04/05/2024,11/05/2024,1900.46,HHFDV4Y,210 m² Maison de vacances ∙ 6 chambres ∙ 14 personnes,Riddes - Valais
28/03/2024,11/05/2024,18/05/2024,1900.46,HHFDV4Y,210 m² Maison de vacances ∙ 6 chambres ∙ 14 personnes,Riddes - Valais
28/03/2024,18/05/2024,25/05/2024,1900.46,HHFDV4Y,210 m² Maison de vacances ∙ 6 chambres ∙ 14 personnes,Riddes - Valais
28/03/2024,25/05/2024,01/06/2024,1900.46,HHFDV4Y,210 m² Maison de vacances ∙ 6 chambres ∙ 14 personnes,Riddes - Valais
28/03/2024,01/06/2024,08/06/2024,1900.46,HHFDV4Y,210 m² Maison de vacances ∙ 6 chambres ∙ 14 personnes,Riddes - Valais
28/03/2024,08/06/2024,15/06/2024,1900.46,HHFDV4Y,210 m² Maison de vacances ∙ 6 chambres ∙ 14 personnes,Riddes - Valais
28/03/2024,15/06/2024,22/06/2024,1900.46,HHFDV4Y,210 m² Maison de vacances ∙ 6 chambres ∙ 14 personnes,Riddes - Valais
28/03/2024,22/06/2024,29/06/2024,1900.46,HHFDV4Y,210 m² Maison de vacances ∙ 6 chambres ∙ 14 personnes,Riddes - Valais
28/03/2024,29/06/2024,06/07/2024,1900.46,HHFDV4Y,210 m² Maison de vacances ∙ 6 chambres ∙ 14 personnes,Riddes - Valais
28/03/2024,13/07/2024,20/07/2024,2362.98,HHFDV4Y,210 m² Maison de vacances ∙ 6 chambres ∙ 14 personnes,Riddes - Valais
28/03/2024,20/07/2024,27/07/2024,2362.98,HHFDV4Y,210 m² Maison de vacances ∙ 6 chambres ∙ 14 personnes,Riddes - Valais
28/03/2024,03/08/2024,10/08/2024,2362.98,HHFDV4Y,210 m² Maison de vacances ∙ 6 chambres ∙ 14 personnes,Riddes - Valais
28/03/2024,10/08/2024,17/08/2024,2362.98,HHFDV4Y,210 m² Maison de vacances ∙ 6 chambres ∙ 14 personnes,Riddes - Valais
28/03/2024,17/08/2024,24/08/2024,2362.98,HHFDV4Y,210 m² Maison de vacances ∙ 6 chambres ∙ 14 personnes,Riddes - Valais
28/03/2024,24/08/2024,31/08/2024,2362.98,HHFDV4Y,210 m² Maison de vacances ∙ 6 chambres ∙ 14 personnes,Riddes - Valais
28/03/2024,31/08/2024,07/09/2024,1900.46,HHFDV4Y,210 m² Maison de vacances ∙ 6 chambres ∙ 14 personnes,Riddes - Valais
28/03/2024,07/09/2024,14/09/2024,1900.46,HHFDV4Y,210 m² Maison de vacances ∙ 6 chambres ∙ 14 personnes,Riddes - Valais
28/03/2024,14/09/2024,21/09/2024,1900.46,HHFDV4Y,210 m² Maison de vacances ∙ 6 chambres ∙ 14 personnes,Riddes - Valais
28/03/2024,21/09/2024,28/09/2024,1900.46,HHFDV4Y,210 m² Maison de vacances ∙ 6 chambres ∙ 14 personnes,Riddes - Valais
28/03/2024,28/09/2024,05/10/2024,1900.46,HHFDV4Y,210 m² Maison de vacances ∙ 6 chambres ∙ 14 personnes,Riddes - Valais
28/03/2024,05/10/2024,12/10/2024,1900.46,HHFDV4Y,210 m² Maison de vacances ∙ 6 chambres ∙ 14 personnes,Riddes - Valais
28/03/2024,12/10/2024,19/10/2024,1900.46,HHFDV4Y,210 m² Maison de vacances ∙ 6 chambres ∙ 14 personnes,Riddes - Valais
28/03/2024,19/10/2024,26/10/2024,1900.46,HHFDV4Y,210 m² Maison de vacances ∙ 6 chambres ∙ 14 personnes,Riddes - Valais
28/03/2024,06/04/2024,13/04/2024,1547.91,HWS9MTK,90 m² Appartement ∙ 2 chambres ∙ 4 personnes,Loèche-les-Bains - Valais
28/03/2024,13/04/2024,20/04/2024,1323.84,HWS9MTK,90 m² Appartement ∙ 2 chambres ∙ 4 personnes,Loèche-les-Bains - Valais
28/03/2024,18/05/2024,25/05/2024,1323.84,HWS9MTK,90 m² Appartement ∙ 2 chambres ∙ 4 personnes,Loèche-les-Bains - Valais
28/03/2024,25/05/2024,01/06/2024,1323.84,HWS9MTK,90 m² Appartement ∙ 2 chambres ∙ 4 personnes,Loèche-les-Bains - Valais
28/03/2024,01/06/2024,08/06/2024,1323.84,HWS9MTK,90 m² Appartement ∙ 2 chambres ∙ 4 personnes,Loèche-les-Bains - Valais
28/03/2024,08/06/2024,15/06/2024,1323.84,HWS9MTK,90 m² Appartement ∙ 2 chambres ∙ 4 personnes,Loèche-les-Bains - Valais
28/03/2024,15/06/2024,22/06/2024,1323.84,HWS9MTK,90 m² Appartement ∙ 2 chambres ∙ 4 personnes,Loèche-les-Bains - Valais
28/03/2024,27/07/2024,03/08/2024,1547.91,HWS9MTK,90 m² Appartement ∙ 2 chambres ∙ 4 personnes,Loèche-les-Bains - Valais
28/03/2024,03/08/2024,10/08/2024,1547.91,HWS9MTK,90 m² Appartement ∙ 2 chambres ∙ 4 personnes,Loèche-les-Bains - Valais
28/03/2024,10/08/2024,17/08/2024,1547.91,HWS9MTK,90 m² Appartement ∙ 2 chambres ∙ 4 personnes,Loèche-les-Bains - Valais
28/03/2024,17/08/2024,24/08/2024,1547.91,HWS9MTK,90 m² Appartement ∙ 2 chambres ∙ 4 personnes,Loèche-les-Bains - Valais
28/03/2024,24/08/2024,31/08/2024,1547.91,HWS9MTK,90 m² Appartement ∙ 2 chambres ∙ 4 personnes,Loèche-les-Bains - Valais
28/03/2024,31/08/2024,07/09/2024,1547.91,HWS9MTK,90 m² Appartement ∙ 2 chambres ∙ 4 personnes,Loèche-les-Bains - Valais
28/03/2024,07/09/2024,14/09/2024,1547.91,HWS9MTK,90 m² Appartement ∙ 2 chambres ∙ 4 personnes,Loèche-les-Bains - Valais
28/03/2024,14/09/2024,21/09/2024,1547.91,HWS9MTK,90 m² Appartement ∙ 2 chambres ∙ 4 personnes,Loèche-les-Bains - Valais
28/03/2024,21/09/2024,28/09/2024,1547.91,HWS9MTK,90 m² Appartement ∙ 2 chambres ∙ 4 personnes,Loèche-les-Bains - Valais
28/03/2024,28/09/2024,05/10/2024,1547.91,HWS9MTK,90 m² Appartement ∙ 2 chambres ∙ 4 personnes,Loèche-les-Bains - Valais
28/03/2024,13/04/2024,20/04/2024,1189.20,HVYJ265,50 m² Appartement ∙ 1 chambre ∙ 2 personnes,Mund - Valais
28/03/2024,20/04/2024,27/04/2024,1189.20,HVYJ265,50 m² Appartement ∙ 1 chambre ∙ 2 personnes,Mund - Valais
28/03/2024,27/04/2024,04/05/2024,1189.20,HVYJ265,50 m² Appartement ∙ 1 chambre ∙ 2 personnes,Mund - Valais
28/03/2024,18/05/2024,25/05/2024,1189.20,HVYJ265,50 m² Appartement ∙ 1 chambre ∙ 2 personnes,Mund - Valais
28/03/2024,25/05/2024,01/06/2024,1231.34,HVYJ265,50 m² Appartement ∙ 1 chambre ∙ 2 personnes,Mund - Valais
28/03/2024,01/06/2024,08/06/2024,1335.15,HVYJ265,50 m² Appartement ∙ 1 chambre ∙ 2 personnes,Mund - Valais
28/03/2024,15/06/2024,22/06/2024,1335.15,HVYJ265,50 m² Appartement ∙ 1 chambre ∙ 2 personnes,Mund - Valais
28/03/2024,22/06/2024,29/06/2024,1335.15,HVYJ265,50 m² Appartement ∙ 1 chambre ∙ 2 personnes,Mund - Valais
28/03/2024,29/06/2024,06/07/2024,1335.15,HVYJ265,50 m² Appartement ∙ 1 chambre ∙ 2 personnes,Mund - Valais
28/03/2024,06/07/2024,13/07/2024,1335.15,HVYJ265,50 m² Appartement ∙ 1 chambre ∙ 2 personnes,Mund - Valais
28/03/2024,13/07/2024,20/07/2024,1335.15,HVYJ265,50 m² Appartement ∙ 1 chambre ∙ 2 personnes,Mund - Valais
28/03/2024,20/07/2024,27/07/2024,1335.15,HVYJ265,50 m² Appartement ∙ 1 chambre ∙ 2 personnes,Mund - Valais
28/03/2024,10/08/2024,17/08/2024,1335.15,HVYJ265,50 m² Appartement ∙ 1 chambre ∙ 2 personnes,Mund - Valais
28/03/2024,17/08/2024,24/08/2024,1335.15,HVYJ265,50 m² Appartement ∙ 1 chambre ∙ 2 personnes,Mund - Valais
28/03/2024,24/08/2024,31/08/2024,1335.15,HVYJ265,50 m² Appartement ∙ 1 chambre ∙ 2 personnes,Mund - Valais
28/03/2024,28/09/2024,05/10/2024,1189.20,HVYJ265,50 m² Appartement ∙ 1 chambre ∙ 2 personnes,Mund - Valais
28/03/2024,05/10/2024,12/10/2024,1189.20,HVYJ265,50 m² Appartement ∙ 1 chambre ∙ 2 personnes,Mund - Valais
28/03/2024,12/10/2024,19/10/2024,1189.20,HVYJ265,50 m² Appartement ∙ 1 chambre ∙ 2 personnes,Mund - Valais
28/03/2024,26/10/2024,02/11/2024,1189.20,HVYJ265,50 m² Appartement ∙ 1 chambre ∙ 2 personnes,Mund - Valais
28/03/2024,15/06/2024,22/06/2024,839.13,H7U634L,61 m² Appartement ∙ 2 chambres ∙ 4 personnes,Saas Fee - Valais
28/03/2024,22/06/2024,29/06/2024,839.13,H7U634L,61 m² Appartement ∙ 2 chambres ∙ 4 personnes,Saas Fee - Valais
28/03/2024,29/06/2024,06/07/2024,839.13,H7U634L,61 m² Appartement ∙ 2 chambres ∙ 4 personnes,Saas Fee - Valais
28/03/2024,06/07/2024,13/07/2024,1231.75,H7U634L,61 m² Appartement ∙ 2 chambres ∙ 4 personnes,Saas Fee - Valais
28/03/2024,13/07/2024,20/07/2024,1231.75,H7U634L,61 m² Appartement ∙ 2 chambres ∙ 4 personnes,Saas Fee - Valais
28/03/2024,31/08/2024,07/09/2024,839.13,H7U634L,61 m² Appartement ∙ 2 chambres ∙ 4 personnes,Saas Fee - Valais
28/03/2024,07/09/2024,14/09/2024,839.13,H7U634L,61 m² Appartement ∙ 2 chambres ∙ 4 personnes,Saas Fee - Valais
28/03/2024,14/09/2024,21/09/2024,839.13,H7U634L,61 m² Appartement ∙ 2 chambres ∙ 4 personnes,Saas Fee - Valais
28/03/2024,21/09/2024,28/09/2024,839.13,H7U634L,61 m² Appartement ∙ 2 chambres ∙ 4 personnes,Saas Fee - Valais
28/03/2024,28/09/2024,05/10/2024,839.13,H7U634L,61 m² Appartement ∙ 2 chambres ∙ 4 personnes,Saas Fee - Valais
28/03/2024,05/10/2024,12/10/2024,839.13,H7U634L,61 m² Appartement ∙ 2 chambres ∙ 4 personnes,Saas Fee - Valais
28/03/2024,12/10/2024,19/10/2024,839.13,H7U634L,61 m² Appartement ∙ 2 chambres ∙ 4 personnes,Saas Fee - Valais
28/03/2024,19/10/2024,26/10/2024,839.13,H7U634L,61 m² Appartement ∙ 2 chambres ∙ 4 personnes,Saas Fee - Valais
28/03/2024,20/04/2024,27/04/2024,1556.13,HV3FC45,135 m² Maison de vacances ∙ 3 chambres ∙ 8 personnes,Hérémence - Valais
28/03/2024,15/06/2024,22/06/2024,1556.13,HV3FC45,135 m² Maison de vacances ∙ 3 chambres ∙ 8 personnes,Hérémence - Valais
28/03/2024,22/06/2024,29/06/2024,1556.13,HV3FC45,135 m² Maison de vacances ∙ 3 chambres ∙ 8 personnes,Hérémence - Valais
28/03/2024,29/06/2024,06/07/2024,1556.13,HV3FC45,135 m² Maison de vacances ∙ 3 chambres ∙ 8 personnes,Hérémence - Valais
28/03/2024,06/07/2024,13/07/2024,1867.57,HV3FC45,135 m² Maison de vacances ∙ 3 chambres ∙ 8 personnes,Hérémence - Valais
28/03/2024,20/07/2024,27/07/2024,1867.57,HV3FC45,135 m² Maison de vacances ∙ 3 chambres ∙ 8 personnes,Hérémence - Valais
28/03/2024,27/07/2024,03/08/2024,1867.57,HV3FC45,135 m² Maison de vacances ∙ 3 chambres ∙ 8 personnes,Hérémence - Valais
28/03/2024,21/09/2024,28/09/2024,1556.13,HV3FC45,135 m² Maison de vacances ∙ 3 chambres ∙ 8 personnes,Hérémence - Valais
28/03/2024,28/09/2024,05/10/2024,1556.13,HV3FC45,135 m² Maison de vacances ∙ 3 chambres ∙ 8 personnes,Hérémence - Valais
28/03/2024,05/10/2024,12/10/2024,1556.13,HV3FC45,135 m² Maison de vacances ∙ 3 chambres ∙ 8 personnes,Hérémence - Valais
28/03/2024,12/10/2024,19/10/2024,1556.13,HV3FC45,135 m² Maison de vacances ∙ 3 chambres ∙ 8 personnes,Hérémence - Valais
28/03/2024,19/10/2024,26/10/2024,1556.13,HV3FC45,135 m² Maison de vacances ∙ 3 chambres ∙ 8 personnes,Hérémence - Valais
28/03/2024,30/03/2024,06/04/2024,1692.84,HYCGKVJ,95 m² Maison de vacances ∙ 3 chambres ∙ 6 personnes,Nendaz - Valais
28/03/2024,06/04/2024,13/04/2024,1304.32,HYCGKVJ,95 m² Maison de vacances ∙ 3 chambres ∙ 6 personnes,Nendaz - Valais
28/03/2024,13/04/2024,20/04/2024,1304.32,HYCGKVJ,95 m² Maison de vacances ∙ 3 chambres ∙ 6 personnes,Nendaz - Valais
28/03/2024,20/04/2024,27/04/2024,1304.32,HYCGKVJ,95 m² Maison de vacances ∙ 3 chambres ∙ 6 personnes,Nendaz - Valais
28/03/2024,27/04/2024,04/05/2024,1304.32,HYCGKVJ,95 m² Maison de vacances ∙ 3 chambres ∙ 6 personnes,Nendaz - Valais
28/03/2024,18/05/2024,25/05/2024,1304.32,HYCGKVJ,95 m² Maison de vacances ∙ 3 chambres ∙ 6 personnes,Nendaz - Valais
28/03/2024,25/05/2024,01/06/2024,1304.32,HYCGKVJ,95 m² Maison de vacances ∙ 3 chambres ∙ 6 personnes,Nendaz - Valais
28/03/2024,01/06/2024,08/06/2024,1304.32,HYCGKVJ,95 m² Maison de vacances ∙ 3 chambres ∙ 6 personnes,Nendaz - Valais
28/03/2024,08/06/2024,15/06/2024,1304.32,HYCGKVJ,95 m² Maison de vacances ∙ 3 chambres ∙ 6 personnes,Nendaz - Valais
28/03/2024,17/08/2024,24/08/2024,1753.48,HYCGKVJ,95 m² Maison de vacances ∙ 3 chambres ∙ 6 personnes,Nendaz - Valais
28/03/2024,21/09/2024,28/09/2024,1356.73,HYCGKVJ,95 m² Maison de vacances ∙ 3 chambres ∙ 6 personnes,Nendaz - Valais
28/03/2024,28/09/2024,05/10/2024,1356.73,HYCGKVJ,95 m² Maison de vacances ∙ 3 chambres ∙ 6 personnes,Nendaz - Valais
28/03/2024,05/10/2024,12/10/2024,1356.73,HYCGKVJ,95 m² Maison de vacances ∙ 3 chambres ∙ 6 personnes,Nendaz - Valais
28/03/2024,12/10/2024,19/10/2024,1356.73,HYCGKVJ,95 m² Maison de vacances ∙ 3 chambres ∙ 6 personnes,Nendaz - Valais
28/03/2024,19/10/2024,26/10/2024,1356.73,HYCGKVJ,95 m² Maison de vacances ∙ 3 chambres ∙ 6 personnes,Nendaz - Valais
28/03/2024,27/04/2024,04/05/2024,1616.67,H3LM2GD,48 m² Appartement ∙ 2 chambres ∙ 4 personnes,Saas Fee - Valais
28/03/2024,04/05/2024,11/05/2024,1616.67,H3LM2GD,48 m² Appartement ∙ 2 chambres ∙ 4 personnes,Saas Fee - Valais
28/03/2024,11/05/2024,18/05/2024,1616.67,H3LM2GD,48 m² Appartement ∙ 2 chambres ∙ 4 personnes,Saas Fee - Valais
28/03/2024,18/05/2024,25/05/2024,1616.67,H3LM2GD,48 m² Appartement ∙ 2 chambres ∙ 4 personnes,Saas Fee - Valais
28/03/2024,25/05/2024,01/06/2024,1616.67,H3LM2GD,48 m² Appartement ∙ 2 chambres ∙ 4 personnes,Saas Fee - Valais
28/03/2024,01/06/2024,08/06/2024,1732.15,H3LM2GD,48 m² Appartement ∙ 2 chambres ∙ 4 personnes,Saas Fee - Valais
28/03/2024,08/06/2024,15/06/2024,1732.15,H3LM2GD,48 m² Appartement ∙ 2 chambres ∙ 4 personnes,Saas Fee - Valais
28/03/2024,15/06/2024,22/06/2024,1732.15,H3LM2GD,48 m² Appartement ∙ 2 chambres ∙ 4 personnes,Saas Fee - Valais
28/03/2024,22/06/2024,29/06/2024,1732.15,H3LM2GD,48 m² Appartement ∙ 2 chambres ∙ 4 personnes,Saas Fee - Valais
28/03/2024,29/06/2024,06/07/2024,1732.15,H3LM2GD,48 m² Appartement ∙ 2 chambres ∙ 4 personnes,Saas Fee - Valais
28/03/2024,14/09/2024,21/09/2024,1732.15,H3LM2GD,48 m² Appartement ∙ 2 chambres ∙ 4 personnes,Saas Fee - Valais
28/03/2024,21/09/2024,28/09/2024,1732.15,H3LM2GD,48 m² Appartement ∙ 2 chambres ∙ 4 personnes,Saas Fee - Valais
28/03/2024,28/09/2024,05/10/2024,1732.15,H3LM2GD,48 m² Appartement ∙ 2 chambres ∙ 4 personnes,Saas Fee - Valais
28/03/2024,05/10/2024,12/10/2024,1732.15,H3LM2GD,48 m² Appartement ∙ 2 chambres ∙ 4 personnes,Saas Fee - Valais
28/03/2024,12/10/2024,19/10/2024,1732.15,H3LM2GD,48 m² Appartement ∙ 2 chambres ∙ 4 personnes,Saas Fee - Valais
28/03/2024,19/10/2024,26/10/2024,1649.67,H3LM2GD,48 m² Appartement ∙ 2 chambres ∙ 4 personnes,Saas Fee - Valais
28/03/2024,20/04/2024,27/04/2024,1631.17,HDNC30K,90 m² Maison de vacances ∙ 2 chambres ∙ 4 personnes,Zermatt - Valais
28/03/2024,11/05/2024,18/05/2024,1528.38,HDNC30K,90 m² Maison de vacances ∙ 2 chambres ∙ 4 personnes,Zermatt - Valais
28/03/2024,18/05/2024,25/05/2024,1528.38,HDNC30K,90 m² Maison de vacances ∙ 2 chambres ∙ 4 personnes,Zermatt - Valais
28/03/2024,25/05/2024,01/06/2024,1528.38,HDNC30K,90 m² Maison de vacances ∙ 2 chambres ∙ 4 personnes,Zermatt - Valais
28/03/2024,15/06/2024,22/06/2024,1528.38,HDNC30K,90 m² Maison de vacances ∙ 2 chambres ∙ 4 personnes,Zermatt - Valais
28/03/2024,29/06/2024,06/07/2024,1648.64,HDNC30K,90 m² Maison de vacances ∙ 2 chambres ∙ 4 personnes,Zermatt - Valais
28/03/2024,06/07/2024,13/07/2024,1648.64,HDNC30K,90 m² Maison de vacances ∙ 2 chambres ∙ 4 personnes,Zermatt - Valais
28/03/2024,03/08/2024,10/08/2024,1648.64,HDNC30K,90 m² Maison de vacances ∙ 2 chambres ∙ 4 personnes,Zermatt - Valais
28/03/2024,10/08/2024,17/08/2024,1648.64,HDNC30K,90 m² Maison de vacances ∙ 2 chambres ∙ 4 personnes,Zermatt - Valais
28/03/2024,31/08/2024,07/09/2024,1528.38,HDNC30K,90 m² Maison de vacances ∙ 2 chambres ∙ 4 personnes,Zermatt - Valais
28/03/2024,07/09/2024,14/09/2024,1528.38,HDNC30K,90 m² Maison de vacances ∙ 2 chambres ∙ 4 personnes,Zermatt - Valais
28/03/2024,14/09/2024,21/09/2024,1528.38,HDNC30K,90 m² Maison de vacances ∙ 2 chambres ∙ 4 personnes,Zermatt - Valais
28/03/2024,21/09/2024,28/09/2024,1528.38,HDNC30K,90 m² Maison de vacances ∙ 2 chambres ∙ 4 personnes,Zermatt - Valais
28/03/2024,28/09/2024,05/10/2024,1528.38,HDNC30K,90 m² Maison de vacances ∙ 2 chambres ∙ 4 personnes,Zermatt - Valais
28/03/2024,05/10/2024,12/10/2024,1528.38,HDNC30K,90 m² Maison de vacances ∙ 2 chambres ∙ 4 personnes,Zermatt - Valais
28/03/2024,12/10/2024,19/10/2024,1528.38,HDNC30K,90 m² Maison de vacances ∙ 2 chambres ∙ 4 personnes,Zermatt - Valais
28/03/2024,19/10/2024,26/10/2024,1528.38,HDNC30K,90 m² Maison de vacances ∙ 2 chambres ∙ 4 personnes,Zermatt - Valais
28/03/2024,26/10/2024,02/11/2024,1528.38,HDNC30K,90 m² Maison de vacances ∙ 2 chambres ∙ 4 personnes,Zermatt - Valais
28/03/2024,04/05/2024,11/05/2024,647.54,HFSWG2Z,68 m² Appartement ∙ 2 chambres ∙ 2 personnes,Saas-Almagell - Valais
28/03/2024,11/05/2024,18/05/2024,647.54,HFSWG2Z,68 m² Appartement ∙ 2 chambres ∙ 2 personnes,Saas-Almagell - Valais
28/03/2024,18/05/2024,25/05/2024,647.54,HFSWG2Z,68 m² Appartement ∙ 2 chambres ∙ 2 personnes,Saas-Almagell - Valais
28/03/2024,25/05/2024,01/06/2024,647.54,HFSWG2Z,68 m² Appartement ∙ 2 chambres ∙ 2 personnes,Saas-Almagell - Valais
28/03/2024,01/06/2024,08/06/2024,647.54,HFSWG2Z,68 m² Appartement ∙ 2 chambres ∙ 2 personnes,Saas-Almagell - Valais
28/03/2024,29/06/2024,06/07/2024,719.48,HFSWG2Z,68 m² Appartement ∙ 2 chambres ∙ 2 personnes,Saas-Almagell - Valais
28/03/2024,10/08/2024,17/08/2024,719.48,HFSWG2Z,68 m² Appartement ∙ 2 chambres ∙ 2 personnes,Saas-Almagell - Valais
28/03/2024,17/08/2024,24/08/2024,719.48,HFSWG2Z,68 m² Appartement ∙ 2 chambres ∙ 2 personnes,Saas-Almagell - Valais
28/03/2024,14/09/2024,21/09/2024,647.54,HFSWG2Z,68 m² Appartement ∙ 2 chambres ∙ 2 personnes,Saas-Almagell - Valais
28/03/2024,21/09/2024,28/09/2024,647.54,HFSWG2Z,68 m² Appartement ∙ 2 chambres ∙ 2 personnes,Saas-Almagell - Valais
28/03/2024,28/09/2024,05/10/2024,647.54,HFSWG2Z,68 m² Appartement ∙ 2 chambres ∙ 2 personnes,Saas-Almagell - Valais
28/03/2024,05/10/2024,12/10/2024,647.54,HFSWG2Z,68 m² Appartement ∙ 2 chambres ∙ 2 personnes,Saas-Almagell - Valais
28/03/2024,12/10/2024,19/10/2024,647.54,HFSWG2Z,68 m² Appartement ∙ 2 chambres ∙ 2 personnes,Saas-Almagell - Valais
28/03/2024,19/10/2024,26/10/2024,647.54,HFSWG2Z,68 m² Appartement ∙ 2 chambres ∙ 2 personnes,Saas-Almagell - Valais
28/03/2024,26/10/2024,02/11/2024,647.54,HFSWG2Z,68 m² Appartement ∙ 2 chambres ∙ 2 personnes,Saas-Almagell - Valais
28/03/2024,06/04/2024,13/04/2024,719.48,H8F6P2J,Appartement ∙ 2 chambres ∙ 4 personnes,Grächen - Valais
28/03/2024,13/04/2024,20/04/2024,719.48,H8F6P2J,Appartement ∙ 2 chambres ∙ 4 personnes,Grächen - Valais
28/03/2024,20/04/2024,27/04/2024,719.48,H8F6P2J,Appartement ∙ 2 chambres ∙ 4 personnes,Grächen - Valais
28/03/2024,27/04/2024,04/05/2024,719.48,H8F6P2J,Appartement ∙ 2 chambres ∙ 4 personnes,Grächen - Valais
28/03/2024,04/05/2024,11/05/2024,719.48,H8F6P2J,Appartement ∙ 2 chambres ∙ 4 personnes,Grächen - Valais
28/03/2024,11/05/2024,18/05/2024,719.48,H8F6P2J,Appartement ∙ 2 chambres ∙ 4 personnes,Grächen - Valais
28/03/2024,18/05/2024,25/05/2024,719.48,H8F6P2J,Appartement ∙ 2 chambres ∙ 4 personnes,Grächen - Valais
28/03/2024,25/05/2024,01/06/2024,719.48,H8F6P2J,Appartement ∙ 2 chambres ∙ 4 personnes,Grächen - Valais
28/03/2024,01/06/2024,08/06/2024,719.48,H8F6P2J,Appartement ∙ 2 chambres ∙ 4 personnes,Grächen - Valais
28/03/2024,22/06/2024,29/06/2024,791.43,H8F6P2J,Appartement ∙ 2 chambres ∙ 4 personnes,Grächen - Valais
28/03/2024,13/07/2024,20/07/2024,791.43,H8F6P2J,Appartement ∙ 2 chambres ∙ 4 personnes,Grächen - Valais
28/03/2024,27/07/2024,03/08/2024,791.43,H8F6P2J,Appartement ∙ 2 chambres ∙ 4 personnes,Grächen - Valais
28/03/2024,14/09/2024,21/09/2024,791.43,H8F6P2J,Appartement ∙ 2 chambres ∙ 4 personnes,Grächen - Valais
28/03/2024,21/09/2024,28/09/2024,791.43,H8F6P2J,Appartement ∙ 2 chambres ∙ 4 personnes,Grächen - Valais
28/03/2024,28/09/2024,05/10/2024,791.43,H8F6P2J,Appartement ∙ 2 chambres ∙ 4 personnes,Grächen - Valais
28/03/2024,05/10/2024,12/10/2024,791.43,H8F6P2J,Appartement ∙ 2 chambres ∙ 4 personnes,Grächen - Valais
28/03/2024,12/10/2024,19/10/2024,791.43,H8F6P2J,Appartement ∙ 2 chambres ∙ 4 personnes,Grächen - Valais
28/03/2024,19/10/2024,26/10/2024,791.43,H8F6P2J,Appartement ∙ 2 chambres ∙ 4 personnes,Grächen - Valais
28/03/2024,26/10/2024,02/11/2024,791.43,H8F6P2J,Appartement ∙ 2 chambres ∙ 4 personnes,Grächen - Valais
28/03/2024,13/04/2024,20/04/2024,1395.00,H9PT3BJ,120 m² Appartement ∙ 3 chambres ∙ 8 personnes,Saas Fee - Valais
28/03/2024,01/06/2024,08/06/2024,793.00,H9PT3BJ,120 m² Appartement ∙ 3 chambres ∙ 8 personnes,Saas Fee - Valais
28/03/2024,08/06/2024,15/06/2024,793.00,H9PT3BJ,120 m² Appartement ∙ 3 chambres ∙ 8 personnes,Saas Fee - Valais
28/03/2024,15/06/2024,22/06/2024,793.00,H9PT3BJ,120 m² Appartement ∙ 3 chambres ∙ 8 personnes,Saas Fee - Valais
28/03/2024,22/06/2024,29/06/2024,793.00,H9PT3BJ,120 m² Appartement ∙ 3 chambres ∙ 8 personnes,Saas Fee - Valais
28/03/2024,29/06/2024,06/07/2024,793.00,H9PT3BJ,120 m² Appartement ∙ 3 chambres ∙ 8 personnes,Saas Fee - Valais
28/03/2024,06/07/2024,13/07/2024,1164.00,H9PT3BJ,120 m² Appartement ∙ 3 chambres ∙ 8 personnes,Saas Fee - Valais
28/03/2024,13/07/2024,20/07/2024,1164.00,H9PT3BJ,120 m² Appartement ∙ 3 chambres ∙ 8 personnes,Saas Fee - Valais
28/03/2024,27/07/2024,03/08/2024,1164.00,H9PT3BJ,120 m² Appartement ∙ 3 chambres ∙ 8 personnes,Saas Fee - Valais
28/03/2024,10/08/2024,17/08/2024,1164.00,H9PT3BJ,120 m² Appartement ∙ 3 chambres ∙ 8 personnes,Saas Fee - Valais
28/03/2024,07/09/2024,14/09/2024,793.00,H9PT3BJ,120 m² Appartement ∙ 3 chambres ∙ 8 personnes,Saas Fee - Valais
28/03/2024,14/09/2024,21/09/2024,793.00,H9PT3BJ,120 m² Appartement ∙ 3 chambres ∙ 8 personnes,Saas Fee - Valais
28/03/2024,21/09/2024,28/09/2024,793.00,H9PT3BJ,120 m² Appartement ∙ 3 chambres ∙ 8 personnes,Saas Fee - Valais
28/03/2024,28/09/2024,05/10/2024,793.00,H9PT3BJ,120 m² Appartement ∙ 3 chambres ∙ 8 personnes,Saas Fee - Valais
28/03/2024,20/07/2024,27/07/2024,914.87,H7NMVE2,50 m² Appartement ∙ 2 chambres ∙ 4 personnes,Salvan - Valais
28/03/2024,07/09/2024,14/09/2024,679.65,H7NMVE2,50 m² Appartement ∙ 2 chambres ∙ 4 personnes,Salvan - Valais
28/03/2024,14/09/2024,21/09/2024,673.74,H7NMVE2,50 m² Appartement ∙ 2 chambres ∙ 4 personnes,Salvan - Valais
28/03/2024,12/10/2024,19/10/2024,756.48,H7NMVE2,50 m² Appartement ∙ 2 chambres ∙ 4 personnes,Salvan - Valais
28/03/2024,19/10/2024,26/10/2024,794.30,H7NMVE2,50 m² Appartement ∙ 2 chambres ∙ 4 personnes,Salvan - Valais
28/03/2024,26/10/2024,02/11/2024,836.86,H7NMVE2,50 m² Appartement ∙ 2 chambres ∙ 4 personnes,Salvan - Valais
28/03/2024,20/04/2024,27/04/2024,451.12,H9VRM0X,35 m² Appartement ∙ 1 chambre ∙ 2 personnes,Loèche-les-Bains - Valais
28/03/2024,11/05/2024,18/05/2024,403.63,H9VRM0X,35 m² Appartement ∙ 1 chambre ∙ 2 personnes,Loèche-les-Bains - Valais
28/03/2024,18/05/2024,25/05/2024,403.63,H9VRM0X,35 m² Appartement ∙ 1 chambre ∙ 2 personnes,Loèche-les-Bains - Valais
28/03/2024,25/05/2024,01/06/2024,403.63,H9VRM0X,35 m² Appartement ∙ 1 chambre ∙ 2 personnes,Loèche-les-Bains - Valais
28/03/2024,01/06/2024,08/06/2024,403.63,H9VRM0X,35 m² Appartement ∙ 1 chambre ∙ 2 personnes,Loèche-les-Bains - Valais
28/03/2024,08/06/2024,15/06/2024,403.63,H9VRM0X,35 m² Appartement ∙ 1 chambre ∙ 2 personnes,Loèche-les-Bains - Valais
28/03/2024,29/06/2024,06/07/2024,440.33,H9VRM0X,35 m² Appartement ∙ 1 chambre ∙ 2 personnes,Loèche-les-Bains - Valais
28/03/2024,06/07/2024,13/07/2024,440.33,H9VRM0X,35 m² Appartement ∙ 1 chambre ∙ 2 personnes,Loèche-les-Bains - Valais
28/03/2024,17/08/2024,24/08/2024,440.33,H9VRM0X,35 m² Appartement ∙ 1 chambre ∙ 2 personnes,Loèche-les-Bains - Valais
28/03/2024,24/08/2024,31/08/2024,440.33,H9VRM0X,35 m² Appartement ∙ 1 chambre ∙ 2 personnes,Loèche-les-Bains - Valais
28/03/2024,31/08/2024,07/09/2024,440.33,H9VRM0X,35 m² Appartement ∙ 1 chambre ∙ 2 personnes,Loèche-les-Bains - Valais
28/03/2024,07/09/2024,14/09/2024,440.33,H9VRM0X,35 m² Appartement ∙ 1 chambre ∙ 2 personnes,Loèche-les-Bains - Valais
28/03/2024,14/09/2024,21/09/2024,440.33,H9VRM0X,35 m² Appartement ∙ 1 chambre ∙ 2 personnes,Loèche-les-Bains - Valais
28/03/2024,19/10/2024,26/10/2024,440.33,H9VRM0X,35 m² Appartement ∙ 1 chambre ∙ 2 personnes,Loèche-les-Bains - Valais
28/03/2024,26/10/2024,02/11/2024,403.63,H9VRM0X,35 m² Appartement ∙ 1 chambre ∙ 2 personnes,Loèche-les-Bains - Valais
28/03/2024,24/08/2024,31/08/2024,1751.42,HXJ9MAE,140 m² Appartement ∙ 4 chambres ∙ 8 personnes,Täsch - Valais
28/03/2024,31/08/2024,07/09/2024,1751.42,HXJ9MAE,140 m² Appartement ∙ 4 chambres ∙ 8 personnes,Täsch - Valais
28/03/2024,07/09/2024,14/09/2024,1751.42,HXJ9MAE,140 m² Appartement ∙ 4 chambres ∙ 8 personnes,Täsch - Valais
28/03/2024,14/09/2024,21/09/2024,1751.42,HXJ9MAE,140 m² Appartement ∙ 4 chambres ∙ 8 personnes,Täsch - Valais
28/03/2024,21/09/2024,28/09/2024,1751.42,HXJ9MAE,140 m² Appartement ∙ 4 chambres ∙ 8 personnes,Täsch - Valais
28/03/2024,28/09/2024,05/10/2024,1751.42,HXJ9MAE,140 m² Appartement ∙ 4 chambres ∙ 8 personnes,Täsch - Valais
28/03/2024,05/10/2024,12/10/2024,1751.42,HXJ9MAE,140 m² Appartement ∙ 4 chambres ∙ 8 personnes,Täsch - Valais
28/03/2024,12/10/2024,19/10/2024,1751.42,HXJ9MAE,140 m² Appartement ∙ 4 chambres ∙ 8 personnes,Täsch - Valais
28/03/2024,19/10/2024,26/10/2024,1751.42,HXJ9MAE,140 m² Appartement ∙ 4 chambres ∙ 8 personnes,Täsch - Valais
28/03/2024,26/10/2024,02/11/2024,1352.62,HXJ9MAE,140 m² Appartement ∙ 4 chambres ∙ 8 personnes,Täsch - Valais
29/03/2024,30/03/2024,06/04/2024,2034.38,HS6FTEN,180 m² Chalet ∙ 5 chambres ∙ 10 personnes,Crans-Montana - Valais
29/03/2024,06/04/2024,13/04/2024,1129.02,HS6FTEN,180 m² Chalet ∙ 5 chambres ∙ 10 personnes,Crans-Montana - Valais
29/03/2024,13/04/2024,20/04/2024,1129.02,HS6FTEN,180 m² Chalet ∙ 5 chambres ∙ 10 personnes,Crans-Montana - Valais
29/03/2024,20/04/2024,27/04/2024,1143.60,HS6FTEN,180 m² Chalet ∙ 5 chambres ∙ 10 personnes,Crans-Montana - Valais
29/03/2024,27/04/2024,04/05/2024,1143.60,HS6FTEN,180 m² Chalet ∙ 5 chambres ∙ 10 personnes,Crans-Montana - Valais
29/03/2024,04/05/2024,11/05/2024,1141.68,HS6FTEN,180 m² Chalet ∙ 5 chambres ∙ 10 personnes,Crans-Montana - Valais
29/03/2024,11/05/2024,18/05/2024,1141.68,HS6FTEN,180 m² Chalet ∙ 5 chambres ∙ 10 personnes,Crans-Montana - Valais
29/03/2024,18/05/2024,25/05/2024,1455.60,HS6FTEN,180 m² Chalet ∙ 5 chambres ∙ 10 personnes,Crans-Montana - Valais
29/03/2024,25/05/2024,01/06/2024,1455.60,HS6FTEN,180 m² Chalet ∙ 5 chambres ∙ 10 personnes,Crans-Montana - Valais
29/03/2024,01/06/2024,08/06/2024,1480.76,HS6FTEN,180 m² Chalet ∙ 5 chambres ∙ 10 personnes,Crans-Montana - Valais
29/03/2024,08/06/2024,15/06/2024,1480.76,HS6FTEN,180 m² Chalet ∙ 5 chambres ∙ 10 personnes,Crans-Montana - Valais
29/03/2024,15/06/2024,22/06/2024,1480.76,HS6FTEN,180 m² Chalet ∙ 5 chambres ∙ 10 personnes,Crans-Montana - Valais
29/03/2024,22/06/2024,29/06/2024,1480.76,HS6FTEN,180 m² Chalet ∙ 5 chambres ∙ 10 personnes,Crans-Montana - Valais
29/03/2024,13/07/2024,20/07/2024,1593.34,HS6FTEN,180 m² Chalet ∙ 5 chambres ∙ 10 personnes,Crans-Montana - Valais
29/03/2024,24/08/2024,31/08/2024,1593.34,HS6FTEN,180 m² Chalet ∙ 5 chambres ∙ 10 personnes,Crans-Montana - Valais
29/03/2024,31/08/2024,07/09/2024,1480.76,HS6FTEN,180 m² Chalet ∙ 5 chambres ∙ 10 personnes,Crans-Montana - Valais
29/03/2024,07/09/2024,14/09/2024,1480.76,HS6FTEN,180 m² Chalet ∙ 5 chambres ∙ 10 personnes,Crans-Montana - Valais
29/03/2024,14/09/2024,21/09/2024,1480.76,HS6FTEN,180 m² Chalet ∙ 5 chambres ∙ 10 personnes,Crans-Montana - Valais
29/03/2024,21/09/2024,28/09/2024,1480.76,HS6FTEN,180 m² Chalet ∙ 5 chambres ∙ 10 personnes,Crans-Montana - Valais
29/03/2024,28/09/2024,05/10/2024,1151.73,HS6FTEN,180 m² Chalet ∙ 5 chambres ∙ 10 personnes,Crans-Montana - Valais
29/03/2024,05/10/2024,12/10/2024,1151.73,HS6FTEN,180 m² Chalet ∙ 5 chambres ∙ 10 personnes,Crans-Montana - Valais
29/03/2024,12/10/2024,19/10/2024,1151.73,HS6FTEN,180 m² Chalet ∙ 5 chambres ∙ 10 personnes,Crans-Montana - Valais
29/03/2024,19/10/2024,26/10/2024,1151.73,HS6FTEN,180 m² Chalet ∙ 5 chambres ∙ 10 personnes,Crans-Montana - Valais
29/03/2024,13/04/2024,20/04/2024,703.49,H2BX6EU,70 m² Appartement ∙ 1 chambre ∙ 4 personnes,Nendaz - Valais
29/03/2024,20/04/2024,27/04/2024,703.49,H2BX6EU,70 m² Appartement ∙ 1 chambre ∙ 4 personnes,Nendaz - Valais
29/03/2024,27/04/2024,04/05/2024,703.49,H2BX6EU,70 m² Appartement ∙ 1 chambre ∙ 4 personnes,Nendaz - Valais
29/03/2024,04/05/2024,11/05/2024,703.49,H2BX6EU,70 m² Appartement ∙ 1 chambre ∙ 4 personnes,Nendaz - Valais
29/03/2024,25/05/2024,01/06/2024,703.49,H2BX6EU,70 m² Appartement ∙ 1 chambre ∙ 4 personnes,Nendaz - Valais
29/03/2024,01/06/2024,08/06/2024,703.49,H2BX6EU,70 m² Appartement ∙ 1 chambre ∙ 4 personnes,Nendaz - Valais
29/03/2024,08/06/2024,15/06/2024,703.49,H2BX6EU,70 m² Appartement ∙ 1 chambre ∙ 4 personnes,Nendaz - Valais
29/03/2024,15/06/2024,22/06/2024,703.49,H2BX6EU,70 m² Appartement ∙ 1 chambre ∙ 4 personnes,Nendaz - Valais
29/03/2024,22/06/2024,29/06/2024,703.49,H2BX6EU,70 m² Appartement ∙ 1 chambre ∙ 4 personnes,Nendaz - Valais
29/03/2024,29/06/2024,06/07/2024,703.49,H2BX6EU,70 m² Appartement ∙ 1 chambre ∙ 4 personnes,Nendaz - Valais
29/03/2024,13/07/2024,20/07/2024,913.30,H2BX6EU,70 m² Appartement ∙ 1 chambre ∙ 4 personnes,Nendaz - Valais
29/03/2024,20/07/2024,27/07/2024,913.30,H2BX6EU,70 m² Appartement ∙ 1 chambre ∙ 4 personnes,Nendaz - Valais
29/03/2024,27/07/2024,03/08/2024,913.30,H2BX6EU,70 m² Appartement ∙ 1 chambre ∙ 4 personnes,Nendaz - Valais
29/03/2024,03/08/2024,10/08/2024,913.30,H2BX6EU,70 m² Appartement ∙ 1 chambre ∙ 4 personnes,Nendaz - Valais
29/03/2024,31/08/2024,07/09/2024,703.49,H2BX6EU,70 m² Appartement ∙ 1 chambre ∙ 4 personnes,Nendaz - Valais
29/03/2024,07/09/2024,14/09/2024,703.49,H2BX6EU,70 m² Appartement ∙ 1 chambre ∙ 4 personnes,Nendaz - Valais
29/03/2024,14/09/2024,21/09/2024,703.49,H2BX6EU,70 m² Appartement ∙ 1 chambre ∙ 4 personnes,Nendaz - Valais
29/03/2024,21/09/2024,28/09/2024,703.49,H2BX6EU,70 m² Appartement ∙ 1 chambre ∙ 4 personnes,Nendaz - Valais
29/03/2024,28/09/2024,05/10/2024,703.49,H2BX6EU,70 m² Appartement ∙ 1 chambre ∙ 4 personnes,Nendaz - Valais
29/03/2024,05/10/2024,12/10/2024,703.49,H2BX6EU,70 m² Appartement ∙ 1 chambre ∙ 4 personnes,Nendaz - Valais
29/03/2024,12/10/2024,19/10/2024,703.49,H2BX6EU,70 m² Appartement ∙ 1 chambre ∙ 4 personnes,Nendaz - Valais
29/03/2024,19/10/2024,26/10/2024,703.49,H2BX6EU,70 m² Appartement ∙ 1 chambre ∙ 4 personnes,Nendaz - Valais
29/03/2024,26/10/2024,02/11/2024,703.49,H2BX6EU,70 m² Appartement ∙ 1 chambre ∙ 4 personnes,Nendaz - Valais
29/03/2024,06/04/2024,13/04/2024,976.00,HSTVR2B,65 m² Appartement ∙ 2 chambres ∙ 6 personnes,Saas Grund - Valais
29/03/2024,13/04/2024,20/04/2024,976.00,HSTVR2B,65 m² Appartement ∙ 2 chambres ∙ 6 personnes,Saas Grund - Valais
29/03/2024,01/06/2024,08/06/2024,783.00,HSTVR2B,65 m² Appartement ∙ 2 chambres ∙ 6 personnes,Saas Grund - Valais
29/03/2024,08/06/2024,15/06/2024,783.00,HSTVR2B,65 m² Appartement ∙ 2 chambres ∙ 6 personnes,Saas Grund - Valais
29/03/2024,15/06/2024,22/06/2024,783.00,HSTVR2B,65 m² Appartement ∙ 2 chambres ∙ 6 personnes,Saas Grund - Valais
29/03/2024,22/06/2024,29/06/2024,783.00,HSTVR2B,65 m² Appartement ∙ 2 chambres ∙ 6 personnes,Saas Grund - Valais
29/03/2024,29/06/2024,06/07/2024,783.00,HSTVR2B,65 m² Appartement ∙ 2 chambres ∙ 6 personnes,Saas Grund - Valais
29/03/2024,06/07/2024,13/07/2024,1194.00,HSTVR2B,65 m² Appartement ∙ 2 chambres ∙ 6 personnes,Saas Grund - Valais
29/03/2024,13/07/2024,20/07/2024,1194.00,HSTVR2B,65 m² Appartement ∙ 2 chambres ∙ 6 personnes,Saas Grund - Valais
29/03/2024,20/07/2024,27/07/2024,1194.00,HSTVR2B,65 m² Appartement ∙ 2 chambres ∙ 6 personnes,Saas Grund - Valais
29/03/2024,27/07/2024,03/08/2024,1194.00,HSTVR2B,65 m² Appartement ∙ 2 chambres ∙ 6 personnes,Saas Grund - Valais
29/03/2024,24/08/2024,31/08/2024,783.00,HSTVR2B,65 m² Appartement ∙ 2 chambres ∙ 6 personnes,Saas Grund - Valais
29/03/2024,31/08/2024,07/09/2024,783.00,HSTVR2B,65 m² Appartement ∙ 2 chambres ∙ 6 personnes,Saas Grund - Valais
29/03/2024,07/09/2024,14/09/2024,783.00,HSTVR2B,65 m² Appartement ∙ 2 chambres ∙ 6 personnes,Saas Grund - Valais
29/03/2024,14/09/2024,21/09/2024,783.00,HSTVR2B,65 m² Appartement ∙ 2 chambres ∙ 6 personnes,Saas Grund - Valais
29/03/2024,21/09/2024,28/09/2024,783.00,HSTVR2B,65 m² Appartement ∙ 2 chambres ∙ 6 personnes,Saas Grund - Valais
29/03/2024,28/09/2024,05/10/2024,783.00,HSTVR2B,65 m² Appartement ∙ 2 chambres ∙ 6 personnes,Saas Grund - Valais
29/03/2024,20/04/2024,27/04/2024,675.72,H0MGVJD,55 m² Appartement ∙ 1 chambre ∙ 4 personnes,Nendaz - Valais
29/03/2024,27/04/2024,04/05/2024,675.72,H0MGVJD,55 m² Appartement ∙ 1 chambre ∙ 4 personnes,Nendaz - Valais
29/03/2024,04/05/2024,11/05/2024,675.72,H0MGVJD,55 m² Appartement ∙ 1 chambre ∙ 4 personnes,Nendaz - Valais
29/03/2024,11/05/2024,18/05/2024,675.72,H0MGVJD,55 m² Appartement ∙ 1 chambre ∙ 4 personnes,Nendaz - Valais
29/03/2024,18/05/2024,25/05/2024,675.72,H0MGVJD,55 m² Appartement ∙ 1 chambre ∙ 4 personnes,Nendaz - Valais
29/03/2024,25/05/2024,01/06/2024,675.72,H0MGVJD,55 m² Appartement ∙ 1 chambre ∙ 4 personnes,Nendaz - Valais
29/03/2024,01/06/2024,08/06/2024,675.72,H0MGVJD,55 m² Appartement ∙ 1 chambre ∙ 4 personnes,Nendaz - Valais
29/03/2024,08/06/2024,15/06/2024,675.72,H0MGVJD,55 m² Appartement ∙ 1 chambre ∙ 4 personnes,Nendaz - Valais
29/03/2024,15/06/2024,22/06/2024,675.72,H0MGVJD,55 m² Appartement ∙ 1 chambre ∙ 4 personnes,Nendaz - Valais
29/03/2024,22/06/2024,29/06/2024,675.72,H0MGVJD,55 m² Appartement ∙ 1 chambre ∙ 4 personnes,Nendaz - Valais
29/03/2024,27/07/2024,03/08/2024,923.59,H0MGVJD,55 m² Appartement ∙ 1 chambre ∙ 4 personnes,Nendaz - Valais
29/03/2024,24/08/2024,31/08/2024,675.72,H0MGVJD,55 m² Appartement ∙ 1 chambre ∙ 4 personnes,Nendaz - Valais
29/03/2024,31/08/2024,07/09/2024,675.72,H0MGVJD,55 m² Appartement ∙ 1 chambre ∙ 4 personnes,Nendaz - Valais
29/03/2024,07/09/2024,14/09/2024,675.72,H0MGVJD,55 m² Appartement ∙ 1 chambre ∙ 4 personnes,Nendaz - Valais
29/03/2024,14/09/2024,21/09/2024,675.72,H0MGVJD,55 m² Appartement ∙ 1 chambre ∙ 4 personnes,Nendaz - Valais
29/03/2024,21/09/2024,28/09/2024,675.72,H0MGVJD,55 m² Appartement ∙ 1 chambre ∙ 4 personnes,Nendaz - Valais
29/03/2024,28/09/2024,05/10/2024,675.72,H0MGVJD,55 m² Appartement ∙ 1 chambre ∙ 4 personnes,Nendaz - Valais
29/03/2024,05/10/2024,12/10/2024,675.72,H0MGVJD,55 m² Appartement ∙ 1 chambre ∙ 4 personnes,Nendaz - Valais
29/03/2024,12/10/2024,19/10/2024,675.72,H0MGVJD,55 m² Appartement ∙ 1 chambre ∙ 4 personnes,Nendaz - Valais
29/03/2024,19/10/2024,26/10/2024,675.72,H0MGVJD,55 m² Appartement ∙ 1 chambre ∙ 4 personnes,Nendaz - Valais
29/03/2024,26/10/2024,02/11/2024,675.72,H0MGVJD,55 m² Appartement ∙ 1 chambre ∙ 4 personnes,Nendaz - Valais
29/03/2024,13/04/2024,20/04/2024,500.88,HZ2V0M4,32 m² Appartement ∙ 1 chambre ∙ 2 personnes,Crans-Montana - Valais
29/03/2024,20/04/2024,27/04/2024,500.88,HZ2V0M4,32 m² Appartement ∙ 1 chambre ∙ 2 personnes,Crans-Montana - Valais
29/03/2024,27/04/2024,04/05/2024,500.88,HZ2V0M4,32 m² Appartement ∙ 1 chambre ∙ 2 personnes,Crans-Montana - Valais
29/03/2024,04/05/2024,11/05/2024,500.88,HZ2V0M4,32 m² Appartement ∙ 1 chambre ∙ 2 personnes,Crans-Montana - Valais
29/03/2024,11/05/2024,18/05/2024,500.88,HZ2V0M4,32 m² Appartement ∙ 1 chambre ∙ 2 personnes,Crans-Montana - Valais
29/03/2024,18/05/2024,25/05/2024,500.88,HZ2V0M4,32 m² Appartement ∙ 1 chambre ∙ 2 personnes,Crans-Montana - Valais
29/03/2024,25/05/2024,01/06/2024,500.88,HZ2V0M4,32 m² Appartement ∙ 1 chambre ∙ 2 personnes,Crans-Montana - Valais
29/03/2024,01/06/2024,08/06/2024,500.88,HZ2V0M4,32 m² Appartement ∙ 1 chambre ∙ 2 personnes,Crans-Montana - Valais
29/03/2024,08/06/2024,15/06/2024,500.88,HZ2V0M4,32 m² Appartement ∙ 1 chambre ∙ 2 personnes,Crans-Montana - Valais
29/03/2024,29/06/2024,06/07/2024,500.88,HZ2V0M4,32 m² Appartement ∙ 1 chambre ∙ 2 personnes,Crans-Montana - Valais
29/03/2024,06/07/2024,13/07/2024,612.98,HZ2V0M4,32 m² Appartement ∙ 1 chambre ∙ 2 personnes,Crans-Montana - Valais
29/03/2024,13/07/2024,20/07/2024,612.98,HZ2V0M4,32 m² Appartement ∙ 1 chambre ∙ 2 personnes,Crans-Montana - Valais
29/03/2024,20/07/2024,27/07/2024,679.83,HZ2V0M4,32 m² Appartement ∙ 1 chambre ∙ 2 personnes,Crans-Montana - Valais
29/03/2024,27/07/2024,03/08/2024,679.83,HZ2V0M4,32 m² Appartement ∙ 1 chambre ∙ 2 personnes,Crans-Montana - Valais
29/03/2024,03/08/2024,10/08/2024,679.83,HZ2V0M4,32 m² Appartement ∙ 1 chambre ∙ 2 personnes,Crans-Montana - Valais
29/03/2024,21/09/2024,28/09/2024,500.88,HZ2V0M4,32 m² Appartement ∙ 1 chambre ∙ 2 personnes,Crans-Montana - Valais
29/03/2024,28/09/2024,05/10/2024,500.88,HZ2V0M4,32 m² Appartement ∙ 1 chambre ∙ 2 personnes,Crans-Montana - Valais
29/03/2024,05/10/2024,12/10/2024,500.88,HZ2V0M4,32 m² Appartement ∙ 1 chambre ∙ 2 personnes,Crans-Montana - Valais
29/03/2024,12/10/2024,19/10/2024,500.88,HZ2V0M4,32 m² Appartement ∙ 1 chambre ∙ 2 personnes,Crans-Montana - Valais
29/03/2024,19/10/2024,26/10/2024,500.88,HZ2V0M4,32 m² Appartement ∙ 1 chambre ∙ 2 personnes,Crans-Montana - Valais
29/03/2024,26/10/2024,02/11/2024,500.88,HZ2V0M4,32 m² Appartement ∙ 1 chambre ∙ 2 personnes,Crans-Montana - Valais
29/03/2024,06/04/2024,13/04/2024,672.63,HAS7CN9,45 m² Appartement ∙ 1 chambre ∙ 4 personnes,Veysonnaz - Valais
29/03/2024,13/04/2024,20/04/2024,672.63,HAS7CN9,45 m² Appartement ∙ 1 chambre ∙ 4 personnes,Veysonnaz - Valais
29/03/2024,20/04/2024,27/04/2024,672.63,HAS7CN9,45 m² Appartement ∙ 1 chambre ∙ 4 personnes,Veysonnaz - Valais
29/03/2024,27/04/2024,04/05/2024,672.63,HAS7CN9,45 m² Appartement ∙ 1 chambre ∙ 4 personnes,Veysonnaz - Valais
29/03/2024,04/05/2024,11/05/2024,672.63,HAS7CN9,45 m² Appartement ∙ 1 chambre ∙ 4 personnes,Veysonnaz - Valais
29/03/2024,11/05/2024,18/05/2024,672.63,HAS7CN9,45 m² Appartement ∙ 1 chambre ∙ 4 personnes,Veysonnaz - Valais
29/03/2024,18/05/2024,25/05/2024,672.63,HAS7CN9,45 m² Appartement ∙ 1 chambre ∙ 4 personnes,Veysonnaz - Valais
29/03/2024,25/05/2024,01/06/2024,672.63,HAS7CN9,45 m² Appartement ∙ 1 chambre ∙ 4 personnes,Veysonnaz - Valais
29/03/2024,01/06/2024,08/06/2024,672.63,HAS7CN9,45 m² Appartement ∙ 1 chambre ∙ 4 personnes,Veysonnaz - Valais
29/03/2024,08/06/2024,15/06/2024,672.63,HAS7CN9,45 m² Appartement ∙ 1 chambre ∙ 4 personnes,Veysonnaz - Valais
29/03/2024,15/06/2024,22/06/2024,672.63,HAS7CN9,45 m² Appartement ∙ 1 chambre ∙ 4 personnes,Veysonnaz - Valais
29/03/2024,22/06/2024,29/06/2024,672.63,HAS7CN9,45 m² Appartement ∙ 1 chambre ∙ 4 personnes,Veysonnaz - Valais
29/03/2024,29/06/2024,06/07/2024,672.63,HAS7CN9,45 m² Appartement ∙ 1 chambre ∙ 4 personnes,Veysonnaz - Valais
29/03/2024,20/07/2024,27/07/2024,845.42,HAS7CN9,45 m² Appartement ∙ 1 chambre ∙ 4 personnes,Veysonnaz - Valais
29/03/2024,03/08/2024,10/08/2024,845.42,HAS7CN9,45 m² Appartement ∙ 1 chambre ∙ 4 personnes,Veysonnaz - Valais
29/03/2024,10/08/2024,17/08/2024,845.42,HAS7CN9,45 m² Appartement ∙ 1 chambre ∙ 4 personnes,Veysonnaz - Valais
29/03/2024,07/09/2024,14/09/2024,672.63,HAS7CN9,45 m² Appartement ∙ 1 chambre ∙ 4 personnes,Veysonnaz - Valais
29/03/2024,14/09/2024,21/09/2024,672.63,HAS7CN9,45 m² Appartement ∙ 1 chambre ∙ 4 personnes,Veysonnaz - Valais
29/03/2024,21/09/2024,28/09/2024,672.63,HAS7CN9,45 m² Appartement ∙ 1 chambre ∙ 4 personnes,Veysonnaz - Valais
29/03/2024,28/09/2024,05/10/2024,672.63,HAS7CN9,45 m² Appartement ∙ 1 chambre ∙ 4 personnes,Veysonnaz - Valais
29/03/2024,05/10/2024,12/10/2024,672.63,HAS7CN9,45 m² Appartement ∙ 1 chambre ∙ 4 personnes,Veysonnaz - Valais
29/03/2024,12/10/2024,19/10/2024,672.63,HAS7CN9,45 m² Appartement ∙ 1 chambre ∙ 4 personnes,Veysonnaz - Valais
29/03/2024,19/10/2024,26/10/2024,672.63,HAS7CN9,45 m² Appartement ∙ 1 chambre ∙ 4 personnes,Veysonnaz - Valais
29/03/2024,26/10/2024,02/11/2024,672.63,HAS7CN9,45 m² Appartement ∙ 1 chambre ∙ 4 personnes,Veysonnaz - Valais
29/03/2024,06/04/2024,13/04/2024,2114.78,HE8HM1Z,75 m² Appartement ∙ 2 chambres ∙ 4 personnes,Saas Fee - Valais
29/03/2024,13/04/2024,20/04/2024,2059.76,HE8HM1Z,75 m² Appartement ∙ 2 chambres ∙ 4 personnes,Saas Fee - Valais
29/03/2024,13/04/2024,20/04/2024,695.26,HRWG1D6,50 m² Appartement ∙ 1 chambre ∙ 4 personnes,Orsières - Valais
29/03/2024,20/04/2024,27/04/2024,695.26,HRWG1D6,50 m² Appartement ∙ 1 chambre ∙ 4 personnes,Orsières - Valais
29/03/2024,18/05/2024,25/05/2024,853.65,HRWG1D6,50 m² Appartement ∙ 1 chambre ∙ 4 personnes,Orsières - Valais
29/03/2024,01/06/2024,08/06/2024,853.65,HRWG1D6,50 m² Appartement ∙ 1 chambre ∙ 4 personnes,Orsières - Valais
29/03/2024,08/06/2024,15/06/2024,853.65,HRWG1D6,50 m² Appartement ∙ 1 chambre ∙ 4 personnes,Orsières - Valais
29/03/2024,22/06/2024,29/06/2024,853.65,HRWG1D6,50 m² Appartement ∙ 1 chambre ∙ 4 personnes,Orsières - Valais
29/03/2024,13/07/2024,20/07/2024,1018.21,HRWG1D6,50 m² Appartement ∙ 1 chambre ∙ 4 personnes,Orsières - Valais
29/03/2024,20/07/2024,27/07/2024,1347.32,HRWG1D6,50 m² Appartement ∙ 1 chambre ∙ 4 personnes,Orsières - Valais
29/03/2024,27/07/2024,03/08/2024,1347.32,HRWG1D6,50 m² Appartement ∙ 1 chambre ∙ 4 personnes,Orsières - Valais
29/03/2024,03/08/2024,10/08/2024,1347.32,HRWG1D6,50 m² Appartement ∙ 1 chambre ∙ 4 personnes,Orsières - Valais
29/03/2024,17/08/2024,24/08/2024,1018.21,HRWG1D6,50 m² Appartement ∙ 1 chambre ∙ 4 personnes,Orsières - Valais
29/03/2024,07/09/2024,14/09/2024,853.65,HRWG1D6,50 m² Appartement ∙ 1 chambre ∙ 4 personnes,Orsières - Valais
29/03/2024,14/09/2024,21/09/2024,853.65,HRWG1D6,50 m² Appartement ∙ 1 chambre ∙ 4 personnes,Orsières - Valais
29/03/2024,21/09/2024,28/09/2024,853.65,HRWG1D6,50 m² Appartement ∙ 1 chambre ∙ 4 personnes,Orsières - Valais
29/03/2024,28/09/2024,05/10/2024,853.65,HRWG1D6,50 m² Appartement ∙ 1 chambre ∙ 4 personnes,Orsières - Valais
29/03/2024,05/10/2024,12/10/2024,853.65,HRWG1D6,50 m² Appartement ∙ 1 chambre ∙ 4 personnes,Orsières - Valais
29/03/2024,12/10/2024,19/10/2024,853.65,HRWG1D6,50 m² Appartement ∙ 1 chambre ∙ 4 personnes,Orsières - Valais
29/03/2024,19/10/2024,26/10/2024,853.65,HRWG1D6,50 m² Appartement ∙ 1 chambre ∙ 4 personnes,Orsières - Valais
29/03/2024,06/04/2024,13/04/2024,777.12,HGPJ475,Appartement ∙ 1 chambre ∙ 4 personnes,Grächen - Valais
29/03/2024,13/04/2024,20/04/2024,611.96,HGPJ475,Appartement ∙ 1 chambre ∙ 4 personnes,Grächen - Valais
29/03/2024,20/04/2024,27/04/2024,611.96,HGPJ475,Appartement ∙ 1 chambre ∙ 4 personnes,Grächen - Valais
29/03/2024,27/04/2024,04/05/2024,611.96,HGPJ475,Appartement ∙ 1 chambre ∙ 4 personnes,Grächen - Valais
29/03/2024,18/05/2024,25/05/2024,611.96,HGPJ475,Appartement ∙ 1 chambre ∙ 4 personnes,Grächen - Valais
29/03/2024,25/05/2024,01/06/2024,611.96,HGPJ475,Appartement ∙ 1 chambre ∙ 4 personnes,Grächen - Valais
29/03/2024,01/06/2024,08/06/2024,611.96,HGPJ475,Appartement ∙ 1 chambre ∙ 4 personnes,Grächen - Valais
29/03/2024,08/06/2024,15/06/2024,611.96,HGPJ475,Appartement ∙ 1 chambre ∙ 4 personnes,Grächen - Valais
29/03/2024,15/06/2024,22/06/2024,611.96,HGPJ475,Appartement ∙ 1 chambre ∙ 4 personnes,Grächen - Valais
29/03/2024,22/06/2024,29/06/2024,611.96,HGPJ475,Appartement ∙ 1 chambre ∙ 4 personnes,Grächen - Valais
29/03/2024,29/06/2024,06/07/2024,611.96,HGPJ475,Appartement ∙ 1 chambre ∙ 4 personnes,Grächen - Valais
29/03/2024,06/07/2024,13/07/2024,683.95,HGPJ475,Appartement ∙ 1 chambre ∙ 4 personnes,Grächen - Valais
29/03/2024,13/07/2024,20/07/2024,683.95,HGPJ475,Appartement ∙ 1 chambre ∙ 4 personnes,Grächen - Valais
29/03/2024,20/07/2024,27/07/2024,683.95,HGPJ475,Appartement ∙ 1 chambre ∙ 4 personnes,Grächen - Valais
29/03/2024,27/07/2024,03/08/2024,683.95,HGPJ475,Appartement ∙ 1 chambre ∙ 4 personnes,Grächen - Valais
29/03/2024,03/08/2024,10/08/2024,683.95,HGPJ475,Appartement ∙ 1 chambre ∙ 4 personnes,Grächen - Valais
29/03/2024,10/08/2024,17/08/2024,683.95,HGPJ475,Appartement ∙ 1 chambre ∙ 4 personnes,Grächen - Valais
29/03/2024,24/08/2024,31/08/2024,611.96,HGPJ475,Appartement ∙ 1 chambre ∙ 4 personnes,Grächen - Valais
29/03/2024,31/08/2024,07/09/2024,611.96,HGPJ475,Appartement ∙ 1 chambre ∙ 4 personnes,Grächen - Valais
29/03/2024,07/09/2024,14/09/2024,611.96,HGPJ475,Appartement ∙ 1 chambre ∙ 4 personnes,Grächen - Valais
29/03/2024,14/09/2024,21/09/2024,611.96,HGPJ475,Appartement ∙ 1 chambre ∙ 4 personnes,Grächen - Valais
29/03/2024,21/09/2024,28/09/2024,611.96,HGPJ475,Appartement ∙ 1 chambre ∙ 4 personnes,Grächen - Valais
29/03/2024,28/09/2024,05/10/2024,611.96,HGPJ475,Appartement ∙ 1 chambre ∙ 4 personnes,Grächen - Valais
29/03/2024,05/10/2024,12/10/2024,611.96,HGPJ475,Appartement ∙ 1 chambre ∙ 4 personnes,Grächen - Valais
29/03/2024,12/10/2024,19/10/2024,611.96,HGPJ475,Appartement ∙ 1 chambre ∙ 4 personnes,Grächen - Valais
29/03/2024,19/10/2024,26/10/2024,611.96,HGPJ475,Appartement ∙ 1 chambre ∙ 4 personnes,Grächen - Valais
29/03/2024,26/10/2024,02/11/2024,611.96,HGPJ475,Appartement ∙ 1 chambre ∙ 4 personnes,Grächen - Valais
29/03/2024,06/04/2024,13/04/2024,504.28,HN1KBT8,Studio ∙ 1 chambre ∙ 2 personnes,Grächen - Valais
29/03/2024,13/04/2024,20/04/2024,504.28,HN1KBT8,Studio ∙ 1 chambre ∙ 2 personnes,Grächen - Valais
29/03/2024,20/04/2024,27/04/2024,504.28,HN1KBT8,Studio ∙ 1 chambre ∙ 2 personnes,Grächen - Valais
29/03/2024,11/05/2024,18/05/2024,504.28,HN1KBT8,Studio ∙ 1 chambre ∙ 2 personnes,Grächen - Valais
29/03/2024,18/05/2024,25/05/2024,504.28,HN1KBT8,Studio ∙ 1 chambre ∙ 2 personnes,Grächen - Valais
29/03/2024,25/05/2024,01/06/2024,504.28,HN1KBT8,Studio ∙ 1 chambre ∙ 2 personnes,Grächen - Valais
29/03/2024,01/06/2024,08/06/2024,504.28,HN1KBT8,Studio ∙ 1 chambre ∙ 2 personnes,Grächen - Valais
29/03/2024,08/06/2024,15/06/2024,504.28,HN1KBT8,Studio ∙ 1 chambre ∙ 2 personnes,Grächen - Valais
29/03/2024,15/06/2024,22/06/2024,504.28,HN1KBT8,Studio ∙ 1 chambre ∙ 2 personnes,Grächen - Valais
29/03/2024,22/06/2024,29/06/2024,504.28,HN1KBT8,Studio ∙ 1 chambre ∙ 2 personnes,Grächen - Valais
29/03/2024,29/06/2024,06/07/2024,504.28,HN1KBT8,Studio ∙ 1 chambre ∙ 2 personnes,Grächen - Valais
29/03/2024,17/08/2024,24/08/2024,504.28,HN1KBT8,Studio ∙ 1 chambre ∙ 2 personnes,Grächen - Valais
29/03/2024,24/08/2024,31/08/2024,504.28,HN1KBT8,Studio ∙ 1 chambre ∙ 2 personnes,Grächen - Valais
29/03/2024,31/08/2024,07/09/2024,504.28,HN1KBT8,Studio ∙ 1 chambre ∙ 2 personnes,Grächen - Valais
29/03/2024,07/09/2024,14/09/2024,504.28,HN1KBT8,Studio ∙ 1 chambre ∙ 2 personnes,Grächen - Valais
29/03/2024,14/09/2024,21/09/2024,504.28,HN1KBT8,Studio ∙ 1 chambre ∙ 2 personnes,Grächen - Valais
29/03/2024,21/09/2024,28/09/2024,504.28,HN1KBT8,Studio ∙ 1 chambre ∙ 2 personnes,Grächen - Valais
29/03/2024,28/09/2024,05/10/2024,504.28,HN1KBT8,Studio ∙ 1 chambre ∙ 2 personnes,Grächen - Valais
29/03/2024,05/10/2024,12/10/2024,504.28,HN1KBT8,Studio ∙ 1 chambre ∙ 2 personnes,Grächen - Valais
29/03/2024,12/10/2024,19/10/2024,504.28,HN1KBT8,Studio ∙ 1 chambre ∙ 2 personnes,Grächen - Valais
29/03/2024,19/10/2024,26/10/2024,504.28,HN1KBT8,Studio ∙ 1 chambre ∙ 2 personnes,Grächen - Valais
29/03/2024,26/10/2024,02/11/2024,504.28,HN1KBT8,Studio ∙ 1 chambre ∙ 2 personnes,Grächen - Valais
29/03/2024,06/04/2024,13/04/2024,719.00,H3E481G,46 m² Appartement ∙ 1 chambre ∙ 4 personnes,Hérémence - Valais
29/03/2024,13/04/2024,20/04/2024,719.00,H3E481G,46 m² Appartement ∙ 1 chambre ∙ 4 personnes,Hérémence - Valais
29/03/2024,20/04/2024,27/04/2024,719.00,H3E481G,46 m² Appartement ∙ 1 chambre ∙ 4 personnes,Hérémence - Valais
29/03/2024,27/04/2024,04/05/2024,719.00,H3E481G,46 m² Appartement ∙ 1 chambre ∙ 4 personnes,Hérémence - Valais
29/03/2024,06/04/2024,13/04/2024,1393.48,H4W2SGJ,90 m² Maison de vacances ∙ 3 chambres ∙ 6 personnes,Chamoson - Valais
29/03/2024,13/04/2024,20/04/2024,1393.48,H4W2SGJ,90 m² Maison de vacances ∙ 3 chambres ∙ 6 personnes,Chamoson - Valais
29/03/2024,20/04/2024,27/04/2024,1393.48,H4W2SGJ,90 m² Maison de vacances ∙ 3 chambres ∙ 6 personnes,Chamoson - Valais
29/03/2024,18/05/2024,25/05/2024,1393.48,H4W2SGJ,90 m² Maison de vacances ∙ 3 chambres ∙ 6 personnes,Chamoson - Valais
29/03/2024,01/06/2024,08/06/2024,1393.48,H4W2SGJ,90 m² Maison de vacances ∙ 3 chambres ∙ 6 personnes,Chamoson - Valais
29/03/2024,29/06/2024,06/07/2024,1873.06,H4W2SGJ,90 m² Maison de vacances ∙ 3 chambres ∙ 6 personnes,Chamoson - Valais
29/03/2024,06/07/2024,13/07/2024,1873.06,H4W2SGJ,90 m² Maison de vacances ∙ 3 chambres ∙ 6 personnes,Chamoson - Valais
29/03/2024,13/07/2024,20/07/2024,2112.86,H4W2SGJ,90 m² Maison de vacances ∙ 3 chambres ∙ 6 personnes,Chamoson - Valais
29/03/2024,03/08/2024,10/08/2024,2112.86,H4W2SGJ,90 m² Maison de vacances ∙ 3 chambres ∙ 6 personnes,Chamoson - Valais
29/03/2024,10/08/2024,17/08/2024,2112.86,H4W2SGJ,90 m² Maison de vacances ∙ 3 chambres ∙ 6 personnes,Chamoson - Valais
29/03/2024,17/08/2024,24/08/2024,1393.48,H4W2SGJ,90 m² Maison de vacances ∙ 3 chambres ∙ 6 personnes,Chamoson - Valais
29/03/2024,24/08/2024,31/08/2024,1393.48,H4W2SGJ,90 m² Maison de vacances ∙ 3 chambres ∙ 6 personnes,Chamoson - Valais
29/03/2024,31/08/2024,07/09/2024,1393.48,H4W2SGJ,90 m² Maison de vacances ∙ 3 chambres ∙ 6 personnes,Chamoson - Valais
29/03/2024,07/09/2024,14/09/2024,1393.48,H4W2SGJ,90 m² Maison de vacances ∙ 3 chambres ∙ 6 personnes,Chamoson - Valais
29/03/2024,14/09/2024,21/09/2024,1393.48,H4W2SGJ,90 m² Maison de vacances ∙ 3 chambres ∙ 6 personnes,Chamoson - Valais
29/03/2024,21/09/2024,28/09/2024,1393.48,H4W2SGJ,90 m² Maison de vacances ∙ 3 chambres ∙ 6 personnes,Chamoson - Valais
29/03/2024,28/09/2024,05/10/2024,1393.48,H4W2SGJ,90 m² Maison de vacances ∙ 3 chambres ∙ 6 personnes,Chamoson - Valais
29/03/2024,05/10/2024,12/10/2024,1393.48,H4W2SGJ,90 m² Maison de vacances ∙ 3 chambres ∙ 6 personnes,Chamoson - Valais
29/03/2024,12/10/2024,19/10/2024,1393.48,H4W2SGJ,90 m² Maison de vacances ∙ 3 chambres ∙ 6 personnes,Chamoson - Valais
29/03/2024,19/10/2024,26/10/2024,1393.48,H4W2SGJ,90 m² Maison de vacances ∙ 3 chambres ∙ 6 personnes,Chamoson - Valais
29/03/2024,26/10/2024,02/11/2024,1393.48,H4W2SGJ,90 m² Maison de vacances ∙ 3 chambres ∙ 6 personnes,Chamoson - Valais
29/03/2024,13/04/2024,20/04/2024,657.01,HGL47W8,54 m² Appartement ∙ 1 chambre ∙ 4 personnes,Loèche-les-Bains - Valais
29/03/2024,20/04/2024,27/04/2024,657.01,HGL47W8,54 m² Appartement ∙ 1 chambre ∙ 4 personnes,Loèche-les-Bains - Valais
29/03/2024,27/04/2024,04/05/2024,657.01,HGL47W8,54 m² Appartement ∙ 1 chambre ∙ 4 personnes,Loèche-les-Bains - Valais
29/03/2024,04/05/2024,11/05/2024,587.85,HGL47W8,54 m² Appartement ∙ 1 chambre ∙ 4 personnes,Loèche-les-Bains - Valais
29/03/2024,11/05/2024,18/05/2024,587.85,HGL47W8,54 m² Appartement ∙ 1 chambre ∙ 4 personnes,Loèche-les-Bains - Valais
29/03/2024,18/05/2024,25/05/2024,587.85,HGL47W8,54 m² Appartement ∙ 1 chambre ∙ 4 personnes,Loèche-les-Bains - Valais
29/03/2024,25/05/2024,01/06/2024,587.85,HGL47W8,54 m² Appartement ∙ 1 chambre ∙ 4 personnes,Loèche-les-Bains - Valais
29/03/2024,01/06/2024,08/06/2024,587.85,HGL47W8,54 m² Appartement ∙ 1 chambre ∙ 4 personnes,Loèche-les-Bains - Valais
29/03/2024,08/06/2024,15/06/2024,587.85,HGL47W8,54 m² Appartement ∙ 1 chambre ∙ 4 personnes,Loèche-les-Bains - Valais
29/03/2024,15/06/2024,22/06/2024,587.85,HGL47W8,54 m² Appartement ∙ 1 chambre ∙ 4 personnes,Loèche-les-Bains - Valais
29/03/2024,22/06/2024,29/06/2024,587.85,HGL47W8,54 m² Appartement ∙ 1 chambre ∙ 4 personnes,Loèche-les-Bains - Valais
29/03/2024,13/04/2024,20/04/2024,1541.67,H02YPDN,60 m² Appartement ∙ 1 chambre ∙ 4 personnes,Saas Fee - Valais
29/03/2024,20/04/2024,27/04/2024,847.92,H02YPDN,60 m² Appartement ∙ 1 chambre ∙ 4 personnes,Saas Fee - Valais
29/03/2024,27/04/2024,04/05/2024,847.92,H02YPDN,60 m² Appartement ∙ 1 chambre ∙ 4 personnes,Saas Fee - Valais
29/03/2024,04/05/2024,11/05/2024,847.92,H02YPDN,60 m² Appartement ∙ 1 chambre ∙ 4 personnes,Saas Fee - Valais
29/03/2024,11/05/2024,18/05/2024,847.92,H02YPDN,60 m² Appartement ∙ 1 chambre ∙ 4 personnes,Saas Fee - Valais
29/03/2024,18/05/2024,25/05/2024,847.92,H02YPDN,60 m² Appartement ∙ 1 chambre ∙ 4 personnes,Saas Fee - Valais
29/03/2024,25/05/2024,01/06/2024,847.92,H02YPDN,60 m² Appartement ∙ 1 chambre ∙ 4 personnes,Saas Fee - Valais
29/03/2024,01/06/2024,08/06/2024,847.92,H02YPDN,60 m² Appartement ∙ 1 chambre ∙ 4 personnes,Saas Fee - Valais
29/03/2024,10/08/2024,17/08/2024,1002.08,H02YPDN,60 m² Appartement ∙ 1 chambre ∙ 4 personnes,Saas Fee - Valais
29/03/2024,13/04/2024,20/04/2024,879.93,HFX872E,Appartement ∙ 1 chambre ∙ 2 personnes,Saas Fee - Valais
29/03/2024,06/04/2024,13/04/2024,2801.05,HK30JN8,110 m² Appartement ∙ 3 chambres ∙ 6 personnes,Saas Fee - Valais
29/03/2024,13/04/2024,20/04/2024,825.38,H7NLXEP,58 m² Appartement ∙ 2 chambres ∙ 4 personnes,Crans-Montana - Valais
29/03/2024,20/04/2024,27/04/2024,825.38,H7NLXEP,58 m² Appartement ∙ 2 chambres ∙ 4 personnes,Crans-Montana - Valais
29/03/2024,27/04/2024,04/05/2024,825.38,H7NLXEP,58 m² Appartement ∙ 2 chambres ∙ 4 personnes,Crans-Montana - Valais
29/03/2024,04/05/2024,11/05/2024,825.38,H7NLXEP,58 m² Appartement ∙ 2 chambres ∙ 4 personnes,Crans-Montana - Valais
29/03/2024,11/05/2024,18/05/2024,825.38,H7NLXEP,58 m² Appartement ∙ 2 chambres ∙ 4 personnes,Crans-Montana - Valais
29/03/2024,18/05/2024,25/05/2024,825.38,H7NLXEP,58 m² Appartement ∙ 2 chambres ∙ 4 personnes,Crans-Montana - Valais
29/03/2024,25/05/2024,01/06/2024,825.38,H7NLXEP,58 m² Appartement ∙ 2 chambres ∙ 4 personnes,Crans-Montana - Valais
29/03/2024,01/06/2024,08/06/2024,825.38,H7NLXEP,58 m² Appartement ∙ 2 chambres ∙ 4 personnes,Crans-Montana - Valais
29/03/2024,08/06/2024,15/06/2024,825.38,H7NLXEP,58 m² Appartement ∙ 2 chambres ∙ 4 personnes,Crans-Montana - Valais
29/03/2024,15/06/2024,22/06/2024,825.38,H7NLXEP,58 m² Appartement ∙ 2 chambres ∙ 4 personnes,Crans-Montana - Valais
29/03/2024,22/06/2024,29/06/2024,825.38,H7NLXEP,58 m² Appartement ∙ 2 chambres ∙ 4 personnes,Crans-Montana - Valais
29/03/2024,29/06/2024,06/07/2024,825.38,H7NLXEP,58 m² Appartement ∙ 2 chambres ∙ 4 personnes,Crans-Montana - Valais
29/03/2024,06/07/2024,13/07/2024,997.25,H7NLXEP,58 m² Appartement ∙ 2 chambres ∙ 4 personnes,Crans-Montana - Valais
29/03/2024,13/07/2024,20/07/2024,997.25,H7NLXEP,58 m² Appartement ∙ 2 chambres ∙ 4 personnes,Crans-Montana - Valais
29/03/2024,20/07/2024,27/07/2024,1065.18,H7NLXEP,58 m² Appartement ∙ 2 chambres ∙ 4 personnes,Crans-Montana - Valais
29/03/2024,27/07/2024,03/08/2024,1065.18,H7NLXEP,58 m² Appartement ∙ 2 chambres ∙ 4 personnes,Crans-Montana - Valais
29/03/2024,03/08/2024,10/08/2024,1065.18,H7NLXEP,58 m² Appartement ∙ 2 chambres ∙ 4 personnes,Crans-Montana - Valais
29/03/2024,10/08/2024,17/08/2024,997.25,H7NLXEP,58 m² Appartement ∙ 2 chambres ∙ 4 personnes,Crans-Montana - Valais
29/03/2024,17/08/2024,24/08/2024,997.25,H7NLXEP,58 m² Appartement ∙ 2 chambres ∙ 4 personnes,Crans-Montana - Valais
29/03/2024,24/08/2024,31/08/2024,825.38,H7NLXEP,58 m² Appartement ∙ 2 chambres ∙ 4 personnes,Crans-Montana - Valais
29/03/2024,31/08/2024,07/09/2024,997.25,H7NLXEP,58 m² Appartement ∙ 2 chambres ∙ 4 personnes,Crans-Montana - Valais
29/03/2024,07/09/2024,14/09/2024,997.25,H7NLXEP,58 m² Appartement ∙ 2 chambres ∙ 4 personnes,Crans-Montana - Valais
29/03/2024,14/09/2024,21/09/2024,825.38,H7NLXEP,58 m² Appartement ∙ 2 chambres ∙ 4 personnes,Crans-Montana - Valais
29/03/2024,21/09/2024,28/09/2024,825.38,H7NLXEP,58 m² Appartement ∙ 2 chambres ∙ 4 personnes,Crans-Montana - Valais
29/03/2024,28/09/2024,05/10/2024,825.38,H7NLXEP,58 m² Appartement ∙ 2 chambres ∙ 4 personnes,Crans-Montana - Valais
29/03/2024,05/10/2024,12/10/2024,825.38,H7NLXEP,58 m² Appartement ∙ 2 chambres ∙ 4 personnes,Crans-Montana - Valais
29/03/2024,12/10/2024,19/10/2024,825.38,H7NLXEP,58 m² Appartement ∙ 2 chambres ∙ 4 personnes,Crans-Montana - Valais
29/03/2024,19/10/2024,26/10/2024,825.38,H7NLXEP,58 m² Appartement ∙ 2 chambres ∙ 4 personnes,Crans-Montana - Valais
29/03/2024,26/10/2024,02/11/2024,825.38,H7NLXEP,58 m² Appartement ∙ 2 chambres ∙ 4 personnes,Crans-Montana - Valais
29/03/2024,22/06/2024,29/06/2024,994.17,HXT6CF2,78 m² Appartement ∙ 2 chambres ∙ 5 personnes,Termen - Valais
29/03/2024,29/06/2024,06/07/2024,994.17,HXT6CF2,78 m² Appartement ∙ 2 chambres ∙ 5 personnes,Termen - Valais
29/03/2024,06/07/2024,13/07/2024,994.17,HXT6CF2,78 m² Appartement ∙ 2 chambres ∙ 5 personnes,Termen - Valais
29/03/2024,13/07/2024,20/07/2024,994.17,HXT6CF2,78 m² Appartement ∙ 2 chambres ∙ 5 personnes,Termen - Valais
29/03/2024,20/07/2024,27/07/2024,994.17,HXT6CF2,78 m² Appartement ∙ 2 chambres ∙ 5 personnes,Termen - Valais
29/03/2024,27/07/2024,03/08/2024,994.17,HXT6CF2,78 m² Appartement ∙ 2 chambres ∙ 5 personnes,Termen - Valais
29/03/2024,03/08/2024,10/08/2024,994.17,HXT6CF2,78 m² Appartement ∙ 2 chambres ∙ 5 personnes,Termen - Valais
29/03/2024,10/08/2024,17/08/2024,994.17,HXT6CF2,78 m² Appartement ∙ 2 chambres ∙ 5 personnes,Termen - Valais
29/03/2024,17/08/2024,24/08/2024,994.17,HXT6CF2,78 m² Appartement ∙ 2 chambres ∙ 5 personnes,Termen - Valais
29/03/2024,24/08/2024,31/08/2024,994.17,HXT6CF2,78 m² Appartement ∙ 2 chambres ∙ 5 personnes,Termen - Valais
29/03/2024,31/08/2024,07/09/2024,994.17,HXT6CF2,78 m² Appartement ∙ 2 chambres ∙ 5 personnes,Termen - Valais
29/03/2024,07/09/2024,14/09/2024,994.17,HXT6CF2,78 m² Appartement ∙ 2 chambres ∙ 5 personnes,Termen - Valais
29/03/2024,14/09/2024,21/09/2024,994.17,HXT6CF2,78 m² Appartement ∙ 2 chambres ∙ 5 personnes,Termen - Valais
29/03/2024,21/09/2024,28/09/2024,994.17,HXT6CF2,78 m² Appartement ∙ 2 chambres ∙ 5 personnes,Termen - Valais
29/03/2024,13/04/2024,20/04/2024,1223.42,H6HZYCF,40 m² Appartement ∙ 1 chambre ∙ 2 personnes,Saas Fee - Valais
29/03/2024,25/05/2024,01/06/2024,847.92,H6HZYCF,40 m² Appartement ∙ 1 chambre ∙ 2 personnes,Saas Fee - Valais
29/03/2024,01/06/2024,08/06/2024,847.92,H6HZYCF,40 m² Appartement ∙ 1 chambre ∙ 2 personnes,Saas Fee - Valais
29/03/2024,29/06/2024,06/07/2024,1063.75,H6HZYCF,40 m² Appartement ∙ 1 chambre ∙ 2 personnes,Saas Fee - Valais
29/03/2024,27/07/2024,03/08/2024,1063.75,H6HZYCF,40 m² Appartement ∙ 1 chambre ∙ 2 personnes,Saas Fee - Valais
29/03/2024,03/08/2024,10/08/2024,1063.75,H6HZYCF,40 m² Appartement ∙ 1 chambre ∙ 2 personnes,Saas Fee - Valais
29/03/2024,14/09/2024,21/09/2024,932.71,H6HZYCF,40 m² Appartement ∙ 1 chambre ∙ 2 personnes,Saas Fee - Valais
29/03/2024,21/09/2024,28/09/2024,932.71,H6HZYCF,40 m² Appartement ∙ 1 chambre ∙ 2 personnes,Saas Fee - Valais
29/03/2024,05/10/2024,12/10/2024,932.71,H6HZYCF,40 m² Appartement ∙ 1 chambre ∙ 2 personnes,Saas Fee - Valais
29/03/2024,12/10/2024,19/10/2024,932.71,H6HZYCF,40 m² Appartement ∙ 1 chambre ∙ 2 personnes,Saas Fee - Valais
29/03/2024,19/10/2024,26/10/2024,932.71,H6HZYCF,40 m² Appartement ∙ 1 chambre ∙ 2 personnes,Saas Fee - Valais
29/03/2024,26/10/2024,02/11/2024,932.71,H6HZYCF,40 m² Appartement ∙ 1 chambre ∙ 2 personnes,Saas Fee - Valais
29/03/2024,06/04/2024,13/04/2024,1008.57,H06GHFP,Appartement ∙ 2 chambres ∙ 6 personnes,Champéry - Valais
29/03/2024,13/04/2024,20/04/2024,792.45,H06GHFP,Appartement ∙ 2 chambres ∙ 6 personnes,Champéry - Valais
29/03/2024,20/04/2024,27/04/2024,792.45,H06GHFP,Appartement ∙ 2 chambres ∙ 6 personnes,Champéry - Valais
29/03/2024,27/04/2024,04/05/2024,792.45,H06GHFP,Appartement ∙ 2 chambres ∙ 6 personnes,Champéry - Valais
29/03/2024,04/05/2024,11/05/2024,792.45,H06GHFP,Appartement ∙ 2 chambres ∙ 6 personnes,Champéry - Valais
29/03/2024,11/05/2024,18/05/2024,792.45,H06GHFP,Appartement ∙ 2 chambres ∙ 6 personnes,Champéry - Valais
29/03/2024,18/05/2024,25/05/2024,792.45,H06GHFP,Appartement ∙ 2 chambres ∙ 6 personnes,Champéry - Valais
29/03/2024,25/05/2024,01/06/2024,936.53,H06GHFP,Appartement ∙ 2 chambres ∙ 6 personnes,Champéry - Valais
29/03/2024,01/06/2024,08/06/2024,936.53,H06GHFP,Appartement ∙ 2 chambres ∙ 6 personnes,Champéry - Valais
29/03/2024,08/06/2024,15/06/2024,936.53,H06GHFP,Appartement ∙ 2 chambres ∙ 6 personnes,Champéry - Valais
29/03/2024,15/06/2024,22/06/2024,936.53,H06GHFP,Appartement ∙ 2 chambres ∙ 6 personnes,Champéry - Valais
29/03/2024,22/06/2024,29/06/2024,936.53,H06GHFP,Appartement ∙ 2 chambres ∙ 6 personnes,Champéry - Valais
29/03/2024,13/07/2024,20/07/2024,1224.70,H06GHFP,Appartement ∙ 2 chambres ∙ 6 personnes,Champéry - Valais
29/03/2024,17/08/2024,24/08/2024,1324.53,H06GHFP,Appartement ∙ 2 chambres ∙ 6 personnes,Champéry - Valais
29/03/2024,24/08/2024,31/08/2024,1013.72,H06GHFP,Appartement ∙ 2 chambres ∙ 6 personnes,Champéry - Valais
29/03/2024,31/08/2024,07/09/2024,1013.72,H06GHFP,Appartement ∙ 2 chambres ∙ 6 personnes,Champéry - Valais
29/03/2024,07/09/2024,14/09/2024,1013.72,H06GHFP,Appartement ∙ 2 chambres ∙ 6 personnes,Champéry - Valais
29/03/2024,14/09/2024,21/09/2024,1013.72,H06GHFP,Appartement ∙ 2 chambres ∙ 6 personnes,Champéry - Valais
29/03/2024,21/09/2024,28/09/2024,1013.72,H06GHFP,Appartement ∙ 2 chambres ∙ 6 personnes,Champéry - Valais
29/03/2024,28/09/2024,05/10/2024,858.32,H06GHFP,Appartement ∙ 2 chambres ∙ 6 personnes,Champéry - Valais
29/03/2024,05/10/2024,12/10/2024,858.32,H06GHFP,Appartement ∙ 2 chambres ∙ 6 personnes,Champéry - Valais
29/03/2024,12/10/2024,19/10/2024,858.32,H06GHFP,Appartement ∙ 2 chambres ∙ 6 personnes,Champéry - Valais
29/03/2024,19/10/2024,26/10/2024,858.32,H06GHFP,Appartement ∙ 2 chambres ∙ 6 personnes,Champéry - Valais
29/03/2024,26/10/2024,02/11/2024,858.32,H06GHFP,Appartement ∙ 2 chambres ∙ 6 personnes,Champéry - Valais
29/03/2024,22/06/2024,29/06/2024,847.92,HLECK03,60 m² Appartement ∙ 1 chambre ∙ 2 personnes,Saas Fee - Valais
29/03/2024,21/09/2024,28/09/2024,847.92,HLECK03,60 m² Appartement ∙ 1 chambre ∙ 2 personnes,Saas Fee - Valais
29/03/2024,20/04/2024,27/04/2024,1117.66,HWPD1GN,78 m² Appartement ∙ 2 chambres ∙ 5 personnes,Täsch - Valais
29/03/2024,27/04/2024,04/05/2024,943.74,HWPD1GN,78 m² Appartement ∙ 2 chambres ∙ 5 personnes,Täsch - Valais
29/03/2024,18/05/2024,25/05/2024,943.74,HWPD1GN,78 m² Appartement ∙ 2 chambres ∙ 5 personnes,Täsch - Valais
29/03/2024,25/05/2024,01/06/2024,943.74,HWPD1GN,78 m² Appartement ∙ 2 chambres ∙ 5 personnes,Täsch - Valais
29/03/2024,01/06/2024,08/06/2024,943.74,HWPD1GN,78 m² Appartement ∙ 2 chambres ∙ 5 personnes,Täsch - Valais
29/03/2024,08/06/2024,15/06/2024,943.74,HWPD1GN,78 m² Appartement ∙ 2 chambres ∙ 5 personnes,Täsch - Valais
29/03/2024,10/08/2024,17/08/2024,1146.48,HWPD1GN,78 m² Appartement ∙ 2 chambres ∙ 5 personnes,Täsch - Valais
29/03/2024,07/09/2024,14/09/2024,943.74,HWPD1GN,78 m² Appartement ∙ 2 chambres ∙ 5 personnes,Täsch - Valais
29/03/2024,14/09/2024,21/09/2024,943.74,HWPD1GN,78 m² Appartement ∙ 2 chambres ∙ 5 personnes,Täsch - Valais
29/03/2024,21/09/2024,28/09/2024,943.74,HWPD1GN,78 m² Appartement ∙ 2 chambres ∙ 5 personnes,Täsch - Valais
29/03/2024,28/09/2024,05/10/2024,943.74,HWPD1GN,78 m² Appartement ∙ 2 chambres ∙ 5 personnes,Täsch - Valais
29/03/2024,05/10/2024,12/10/2024,943.74,HWPD1GN,78 m² Appartement ∙ 2 chambres ∙ 5 personnes,Täsch - Valais
29/03/2024,12/10/2024,19/10/2024,943.74,HWPD1GN,78 m² Appartement ∙ 2 chambres ∙ 5 personnes,Täsch - Valais
29/03/2024,19/10/2024,26/10/2024,943.74,HWPD1GN,78 m² Appartement ∙ 2 chambres ∙ 5 personnes,Täsch - Valais
29/03/2024,26/10/2024,02/11/2024,943.74,HWPD1GN,78 m² Appartement ∙ 2 chambres ∙ 5 personnes,Täsch - Valais
29/03/2024,27/04/2024,04/05/2024,720.40,HUXG183,Appartement ∙ 4 personnes,Grächen - Valais
29/03/2024,04/05/2024,11/05/2024,720.40,HUXG183,Appartement ∙ 4 personnes,Grächen - Valais
29/03/2024,11/05/2024,18/05/2024,720.40,HUXG183,Appartement ∙ 4 personnes,Grächen - Valais
29/03/2024,18/05/2024,25/05/2024,720.40,HUXG183,Appartement ∙ 4 personnes,Grächen - Valais
29/03/2024,25/05/2024,01/06/2024,720.40,HUXG183,Appartement ∙ 4 personnes,Grächen - Valais
29/03/2024,01/06/2024,08/06/2024,720.40,HUXG183,Appartement ∙ 4 personnes,Grächen - Valais
29/03/2024,22/06/2024,29/06/2024,720.40,HUXG183,Appartement ∙ 4 personnes,Grächen - Valais
29/03/2024,29/06/2024,06/07/2024,720.40,HUXG183,Appartement ∙ 4 personnes,Grächen - Valais
29/03/2024,06/07/2024,13/07/2024,720.40,HUXG183,Appartement ∙ 4 personnes,Grächen - Valais
29/03/2024,13/07/2024,20/07/2024,720.40,HUXG183,Appartement ∙ 4 personnes,Grächen - Valais
29/03/2024,20/07/2024,27/07/2024,720.40,HUXG183,Appartement ∙ 4 personnes,Grächen - Valais
29/03/2024,27/07/2024,03/08/2024,720.40,HUXG183,Appartement ∙ 4 personnes,Grächen - Valais
29/03/2024,03/08/2024,10/08/2024,720.40,HUXG183,Appartement ∙ 4 personnes,Grächen - Valais
29/03/2024,10/08/2024,17/08/2024,720.40,HUXG183,Appartement ∙ 4 personnes,Grächen - Valais
29/03/2024,17/08/2024,24/08/2024,720.40,HUXG183,Appartement ∙ 4 personnes,Grächen - Valais
29/03/2024,24/08/2024,31/08/2024,720.40,HUXG183,Appartement ∙ 4 personnes,Grächen - Valais
29/03/2024,31/08/2024,07/09/2024,720.40,HUXG183,Appartement ∙ 4 personnes,Grächen - Valais
29/03/2024,07/09/2024,14/09/2024,720.40,HUXG183,Appartement ∙ 4 personnes,Grächen - Valais
29/03/2024,14/09/2024,21/09/2024,720.40,HUXG183,Appartement ∙ 4 personnes,Grächen - Valais
29/03/2024,21/09/2024,28/09/2024,720.40,HUXG183,Appartement ∙ 4 personnes,Grächen - Valais
29/03/2024,28/09/2024,05/10/2024,720.40,HUXG183,Appartement ∙ 4 personnes,Grächen - Valais
29/03/2024,05/10/2024,12/10/2024,720.40,HUXG183,Appartement ∙ 4 personnes,Grächen - Valais
29/03/2024,12/10/2024,19/10/2024,720.40,HUXG183,Appartement ∙ 4 personnes,Grächen - Valais
29/03/2024,19/10/2024,26/10/2024,720.40,HUXG183,Appartement ∙ 4 personnes,Grächen - Valais
29/03/2024,26/10/2024,02/11/2024,720.40,HUXG183,Appartement ∙ 4 personnes,Grächen - Valais
29/03/2024,08/06/2024,15/06/2024,610.29,HECFAP0,33 m² Appartement ∙ 1 chambre ∙ 2 personnes,Crans-Montana - Valais
29/03/2024,21/09/2024,28/09/2024,610.29,HECFAP0,33 m² Appartement ∙ 1 chambre ∙ 2 personnes,Crans-Montana - Valais
29/03/2024,28/09/2024,05/10/2024,610.29,HECFAP0,33 m² Appartement ∙ 1 chambre ∙ 2 personnes,Crans-Montana - Valais
29/03/2024,05/10/2024,12/10/2024,610.29,HECFAP0,33 m² Appartement ∙ 1 chambre ∙ 2 personnes,Crans-Montana - Valais
29/03/2024,12/10/2024,19/10/2024,610.29,HECFAP0,33 m² Appartement ∙ 1 chambre ∙ 2 personnes,Crans-Montana - Valais
29/03/2024,19/10/2024,26/10/2024,610.29,HECFAP0,33 m² Appartement ∙ 1 chambre ∙ 2 personnes,Crans-Montana - Valais
29/03/2024,26/10/2024,02/11/2024,610.29,HECFAP0,33 m² Appartement ∙ 1 chambre ∙ 2 personnes,Crans-Montana - Valais
29/03/2024,06/04/2024,13/04/2024,1887.50,HVXKMPT,200 m² Chalet ∙ 5 chambres ∙ 12 personnes,Vex - Valais
29/03/2024,13/04/2024,20/04/2024,1614.77,HVXKMPT,200 m² Chalet ∙ 5 chambres ∙ 12 personnes,Vex - Valais
29/03/2024,20/04/2024,27/04/2024,1305.68,HVXKMPT,200 m² Chalet ∙ 5 chambres ∙ 12 personnes,Vex - Valais
29/03/2024,27/04/2024,04/05/2024,1305.68,HVXKMPT,200 m² Chalet ∙ 5 chambres ∙ 12 personnes,Vex - Valais
29/03/2024,18/05/2024,25/05/2024,1305.68,HVXKMPT,200 m² Chalet ∙ 5 chambres ∙ 12 personnes,Vex - Valais
29/03/2024,25/05/2024,01/06/2024,1305.68,HVXKMPT,200 m² Chalet ∙ 5 chambres ∙ 12 personnes,Vex - Valais
29/03/2024,01/06/2024,08/06/2024,1305.68,HVXKMPT,200 m² Chalet ∙ 5 chambres ∙ 12 personnes,Vex - Valais
29/03/2024,08/06/2024,15/06/2024,1305.68,HVXKMPT,200 m² Chalet ∙ 5 chambres ∙ 12 personnes,Vex - Valais
29/03/2024,15/06/2024,22/06/2024,1305.68,HVXKMPT,200 m² Chalet ∙ 5 chambres ∙ 12 personnes,Vex - Valais
29/03/2024,22/06/2024,29/06/2024,1305.68,HVXKMPT,200 m² Chalet ∙ 5 chambres ∙ 12 personnes,Vex - Valais
29/03/2024,29/06/2024,06/07/2024,1305.68,HVXKMPT,200 m² Chalet ∙ 5 chambres ∙ 12 personnes,Vex - Valais
29/03/2024,06/07/2024,13/07/2024,1632.95,HVXKMPT,200 m² Chalet ∙ 5 chambres ∙ 12 personnes,Vex - Valais
29/03/2024,13/07/2024,20/07/2024,1632.95,HVXKMPT,200 m² Chalet ∙ 5 chambres ∙ 12 personnes,Vex - Valais
29/03/2024,31/08/2024,07/09/2024,1305.68,HVXKMPT,200 m² Chalet ∙ 5 chambres ∙ 12 personnes,Vex - Valais
29/03/2024,07/09/2024,14/09/2024,1305.68,HVXKMPT,200 m² Chalet ∙ 5 chambres ∙ 12 personnes,Vex - Valais
29/03/2024,14/09/2024,21/09/2024,1305.68,HVXKMPT,200 m² Chalet ∙ 5 chambres ∙ 12 personnes,Vex - Valais
29/03/2024,21/09/2024,28/09/2024,1305.68,HVXKMPT,200 m² Chalet ∙ 5 chambres ∙ 12 personnes,Vex - Valais
29/03/2024,05/10/2024,12/10/2024,1305.68,HVXKMPT,200 m² Chalet ∙ 5 chambres ∙ 12 personnes,Vex - Valais
29/03/2024,12/10/2024,19/10/2024,1305.68,HVXKMPT,200 m² Chalet ∙ 5 chambres ∙ 12 personnes,Vex - Valais
29/03/2024,19/10/2024,26/10/2024,1305.68,HVXKMPT,200 m² Chalet ∙ 5 chambres ∙ 12 personnes,Vex - Valais
29/03/2024,06/04/2024,13/04/2024,2921.77,HBTUR4V,200 m² Maison de vacances ∙ 5 chambres ∙ 10 personnes,Vex - Valais
29/03/2024,13/04/2024,20/04/2024,2579.06,HBTUR4V,200 m² Maison de vacances ∙ 5 chambres ∙ 10 personnes,Vex - Valais
29/03/2024,20/04/2024,27/04/2024,1858.65,HBTUR4V,200 m² Maison de vacances ∙ 5 chambres ∙ 10 personnes,Vex - Valais
29/03/2024,27/04/2024,04/05/2024,1858.65,HBTUR4V,200 m² Maison de vacances ∙ 5 chambres ∙ 10 personnes,Vex - Valais
29/03/2024,04/05/2024,11/05/2024,1858.65,HBTUR4V,200 m² Maison de vacances ∙ 5 chambres ∙ 10 personnes,Vex - Valais
29/03/2024,11/05/2024,18/05/2024,2664.48,HBTUR4V,200 m² Maison de vacances ∙ 5 chambres ∙ 10 personnes,Vex - Valais
29/03/2024,18/05/2024,25/05/2024,2664.48,HBTUR4V,200 m² Maison de vacances ∙ 5 chambres ∙ 10 personnes,Vex - Valais
29/03/2024,25/05/2024,01/06/2024,2664.48,HBTUR4V,200 m² Maison de vacances ∙ 5 chambres ∙ 10 personnes,Vex - Valais
29/03/2024,01/06/2024,08/06/2024,2352.65,HBTUR4V,200 m² Maison de vacances ∙ 5 chambres ∙ 10 personnes,Vex - Valais
29/03/2024,08/06/2024,15/06/2024,2352.65,HBTUR4V,200 m² Maison de vacances ∙ 5 chambres ∙ 10 personnes,Vex - Valais
29/03/2024,15/06/2024,22/06/2024,2352.65,HBTUR4V,200 m² Maison de vacances ∙ 5 chambres ∙ 10 personnes,Vex - Valais
29/03/2024,22/06/2024,29/06/2024,2352.65,HBTUR4V,200 m² Maison de vacances ∙ 5 chambres ∙ 10 personnes,Vex - Valais
29/03/2024,29/06/2024,06/07/2024,3158.47,HBTUR4V,200 m² Maison de vacances ∙ 5 chambres ∙ 10 personnes,Vex - Valais
29/03/2024,06/07/2024,13/07/2024,3158.47,HBTUR4V,200 m² Maison de vacances ∙ 5 chambres ∙ 10 personnes,Vex - Valais
29/03/2024,13/07/2024,20/07/2024,3158.47,HBTUR4V,200 m² Maison de vacances ∙ 5 chambres ∙ 10 personnes,Vex - Valais
29/03/2024,20/07/2024,27/07/2024,3158.47,HBTUR4V,200 m² Maison de vacances ∙ 5 chambres ∙ 10 personnes,Vex - Valais
29/03/2024,27/07/2024,03/08/2024,3158.47,HBTUR4V,200 m² Maison de vacances ∙ 5 chambres ∙ 10 personnes,Vex - Valais
29/03/2024,03/08/2024,10/08/2024,3158.47,HBTUR4V,200 m² Maison de vacances ∙ 5 chambres ∙ 10 personnes,Vex - Valais
29/03/2024,10/08/2024,17/08/2024,3158.47,HBTUR4V,200 m² Maison de vacances ∙ 5 chambres ∙ 10 personnes,Vex - Valais
29/03/2024,17/08/2024,24/08/2024,2352.65,HBTUR4V,200 m² Maison de vacances ∙ 5 chambres ∙ 10 personnes,Vex - Valais
29/03/2024,31/08/2024,07/09/2024,2352.65,HBTUR4V,200 m² Maison de vacances ∙ 5 chambres ∙ 10 personnes,Vex - Valais
29/03/2024,07/09/2024,14/09/2024,2352.65,HBTUR4V,200 m² Maison de vacances ∙ 5 chambres ∙ 10 personnes,Vex - Valais
29/03/2024,21/09/2024,28/09/2024,2352.65,HBTUR4V,200 m² Maison de vacances ∙ 5 chambres ∙ 10 personnes,Vex - Valais
29/03/2024,28/09/2024,05/10/2024,2664.48,HBTUR4V,200 m² Maison de vacances ∙ 5 chambres ∙ 10 personnes,Vex - Valais
29/03/2024,05/10/2024,12/10/2024,2664.48,HBTUR4V,200 m² Maison de vacances ∙ 5 chambres ∙ 10 personnes,Vex - Valais
29/03/2024,12/10/2024,19/10/2024,2664.48,HBTUR4V,200 m² Maison de vacances ∙ 5 chambres ∙ 10 personnes,Vex - Valais
29/03/2024,19/10/2024,26/10/2024,2664.48,HBTUR4V,200 m² Maison de vacances ∙ 5 chambres ∙ 10 personnes,Vex - Valais
29/03/2024,13/04/2024,20/04/2024,1850.01,HUJKLA0,85 m² Appartement ∙ 3 chambres ∙ 5 personnes,Saas Grund - Valais
29/03/2024,18/05/2024,25/05/2024,616.67,HUJKLA0,85 m² Appartement ∙ 3 chambres ∙ 5 personnes,Saas Grund - Valais
29/03/2024,06/07/2024,13/07/2024,1155.37,HUJKLA0,85 m² Appartement ∙ 3 chambres ∙ 5 personnes,Saas Grund - Valais
29/03/2024,13/07/2024,20/07/2024,1155.37,HUJKLA0,85 m² Appartement ∙ 3 chambres ∙ 5 personnes,Saas Grund - Valais
29/03/2024,20/07/2024,27/07/2024,1155.37,HUJKLA0,85 m² Appartement ∙ 3 chambres ∙ 5 personnes,Saas Grund - Valais
29/03/2024,27/07/2024,03/08/2024,1155.37,HUJKLA0,85 m² Appartement ∙ 3 chambres ∙ 5 personnes,Saas Grund - Valais
29/03/2024,13/04/2024,20/04/2024,2311.25,HKGY7AX,75 m² Appartement ∙ 2 chambres ∙ 6 personnes,Saas Fee - Valais
29/03/2024,01/06/2024,08/06/2024,1895.28,HKGY7AX,75 m² Appartement ∙ 2 chambres ∙ 6 personnes,Saas Fee - Valais
29/03/2024,08/06/2024,15/06/2024,1895.28,HKGY7AX,75 m² Appartement ∙ 2 chambres ∙ 6 personnes,Saas Fee - Valais
29/03/2024,15/06/2024,22/06/2024,1895.28,HKGY7AX,75 m² Appartement ∙ 2 chambres ∙ 6 personnes,Saas Fee - Valais
29/03/2024,22/06/2024,29/06/2024,1895.28,HKGY7AX,75 m² Appartement ∙ 2 chambres ∙ 6 personnes,Saas Fee - Valais
29/03/2024,03/08/2024,10/08/2024,2311.25,HKGY7AX,75 m² Appartement ∙ 2 chambres ∙ 6 personnes,Saas Fee - Valais
29/03/2024,07/09/2024,14/09/2024,1895.28,HKGY7AX,75 m² Appartement ∙ 2 chambres ∙ 6 personnes,Saas Fee - Valais
29/03/2024,14/09/2024,21/09/2024,1895.28,HKGY7AX,75 m² Appartement ∙ 2 chambres ∙ 6 personnes,Saas Fee - Valais
29/03/2024,21/09/2024,28/09/2024,1895.28,HKGY7AX,75 m² Appartement ∙ 2 chambres ∙ 6 personnes,Saas Fee - Valais
29/03/2024,28/09/2024,05/10/2024,1895.28,HKGY7AX,75 m² Appartement ∙ 2 chambres ∙ 6 personnes,Saas Fee - Valais
29/03/2024,05/10/2024,12/10/2024,1895.28,HKGY7AX,75 m² Appartement ∙ 2 chambres ∙ 6 personnes,Saas Fee - Valais
29/03/2024,12/10/2024,19/10/2024,1895.28,HKGY7AX,75 m² Appartement ∙ 2 chambres ∙ 6 personnes,Saas Fee - Valais
29/03/2024,06/04/2024,13/04/2024,834.88,HS4GRUV,100 m² Appartement ∙ 4 chambres ∙ 8 personnes,Wiler (Lötschen) - Valais
29/03/2024,13/04/2024,20/04/2024,834.88,HS4GRUV,100 m² Appartement ∙ 4 chambres ∙ 8 personnes,Wiler (Lötschen) - Valais
29/03/2024,20/04/2024,27/04/2024,834.88,HS4GRUV,100 m² Appartement ∙ 4 chambres ∙ 8 personnes,Wiler (Lötschen) - Valais
29/03/2024,27/04/2024,04/05/2024,834.88,HS4GRUV,100 m² Appartement ∙ 4 chambres ∙ 8 personnes,Wiler (Lötschen) - Valais
29/03/2024,04/05/2024,11/05/2024,834.88,HS4GRUV,100 m² Appartement ∙ 4 chambres ∙ 8 personnes,Wiler (Lötschen) - Valais
29/03/2024,11/05/2024,18/05/2024,924.77,HS4GRUV,100 m² Appartement ∙ 4 chambres ∙ 8 personnes,Wiler (Lötschen) - Valais
29/03/2024,18/05/2024,25/05/2024,924.77,HS4GRUV,100 m² Appartement ∙ 4 chambres ∙ 8 personnes,Wiler (Lötschen) - Valais
29/03/2024,25/05/2024,01/06/2024,924.77,HS4GRUV,100 m² Appartement ∙ 4 chambres ∙ 8 personnes,Wiler (Lötschen) - Valais
29/03/2024,01/06/2024,08/06/2024,924.77,HS4GRUV,100 m² Appartement ∙ 4 chambres ∙ 8 personnes,Wiler (Lötschen) - Valais
29/03/2024,22/06/2024,29/06/2024,1296.02,HS4GRUV,100 m² Appartement ∙ 4 chambres ∙ 8 personnes,Wiler (Lötschen) - Valais
29/03/2024,29/06/2024,06/07/2024,1386.90,HS4GRUV,100 m² Appartement ∙ 4 chambres ∙ 8 personnes,Wiler (Lötschen) - Valais
29/03/2024,13/07/2024,20/07/2024,1386.90,HS4GRUV,100 m² Appartement ∙ 4 chambres ∙ 8 personnes,Wiler (Lötschen) - Valais
29/03/2024,20/07/2024,27/07/2024,1386.90,HS4GRUV,100 m² Appartement ∙ 4 chambres ∙ 8 personnes,Wiler (Lötschen) - Valais
29/03/2024,27/07/2024,03/08/2024,1386.90,HS4GRUV,100 m² Appartement ∙ 4 chambres ∙ 8 personnes,Wiler (Lötschen) - Valais
29/03/2024,17/08/2024,24/08/2024,1386.90,HS4GRUV,100 m² Appartement ∙ 4 chambres ∙ 8 personnes,Wiler (Lötschen) - Valais
29/03/2024,24/08/2024,31/08/2024,1386.90,HS4GRUV,100 m² Appartement ∙ 4 chambres ∙ 8 personnes,Wiler (Lötschen) - Valais
29/03/2024,31/08/2024,07/09/2024,1296.02,HS4GRUV,100 m² Appartement ∙ 4 chambres ∙ 8 personnes,Wiler (Lötschen) - Valais
29/03/2024,21/09/2024,28/09/2024,924.77,HS4GRUV,100 m² Appartement ∙ 4 chambres ∙ 8 personnes,Wiler (Lötschen) - Valais
29/03/2024,28/09/2024,05/10/2024,924.77,HS4GRUV,100 m² Appartement ∙ 4 chambres ∙ 8 personnes,Wiler (Lötschen) - Valais
29/03/2024,05/10/2024,12/10/2024,924.77,HS4GRUV,100 m² Appartement ∙ 4 chambres ∙ 8 personnes,Wiler (Lötschen) - Valais
29/03/2024,13/04/2024,20/04/2024,739.43,HJRNPWF,40 m² Appartement ∙ 1 chambre ∙ 3 personnes,Saas Fee - Valais
29/03/2024,01/06/2024,08/06/2024,693.22,HJRNPWF,40 m² Appartement ∙ 1 chambre ∙ 3 personnes,Saas Fee - Valais
29/03/2024,08/06/2024,15/06/2024,693.22,HJRNPWF,40 m² Appartement ∙ 1 chambre ∙ 3 personnes,Saas Fee - Valais
29/03/2024,15/06/2024,22/06/2024,693.22,HJRNPWF,40 m² Appartement ∙ 1 chambre ∙ 3 personnes,Saas Fee - Valais
29/03/2024,27/07/2024,03/08/2024,739.43,HJRNPWF,40 m² Appartement ∙ 1 chambre ∙ 3 personnes,Saas Fee - Valais
29/03/2024,17/08/2024,24/08/2024,739.43,HJRNPWF,40 m² Appartement ∙ 1 chambre ∙ 3 personnes,Saas Fee - Valais
29/03/2024,07/09/2024,14/09/2024,693.22,HJRNPWF,40 m² Appartement ∙ 1 chambre ∙ 3 personnes,Saas Fee - Valais
29/03/2024,14/09/2024,21/09/2024,693.22,HJRNPWF,40 m² Appartement ∙ 1 chambre ∙ 3 personnes,Saas Fee - Valais
29/03/2024,21/09/2024,28/09/2024,693.22,HJRNPWF,40 m² Appartement ∙ 1 chambre ∙ 3 personnes,Saas Fee - Valais
29/03/2024,28/09/2024,05/10/2024,693.22,HJRNPWF,40 m² Appartement ∙ 1 chambre ∙ 3 personnes,Saas Fee - Valais
29/03/2024,05/10/2024,12/10/2024,693.22,HJRNPWF,40 m² Appartement ∙ 1 chambre ∙ 3 personnes,Saas Fee - Valais
29/03/2024,19/10/2024,26/10/2024,693.22,HJRNPWF,40 m² Appartement ∙ 1 chambre ∙ 3 personnes,Saas Fee - Valais
29/03/2024,27/04/2024,04/05/2024,939.92,H8LF3WS,60 m² Maison de vacances ∙ 2 chambres ∙ 5 personnes,Nendaz - Valais
29/03/2024,04/05/2024,11/05/2024,939.92,H8LF3WS,60 m² Maison de vacances ∙ 2 chambres ∙ 5 personnes,Nendaz - Valais
29/03/2024,11/05/2024,18/05/2024,939.92,H8LF3WS,60 m² Maison de vacances ∙ 2 chambres ∙ 5 personnes,Nendaz - Valais
29/03/2024,18/05/2024,25/05/2024,939.92,H8LF3WS,60 m² Maison de vacances ∙ 2 chambres ∙ 5 personnes,Nendaz - Valais
29/03/2024,25/05/2024,01/06/2024,939.92,H8LF3WS,60 m² Maison de vacances ∙ 2 chambres ∙ 5 personnes,Nendaz - Valais
29/03/2024,01/06/2024,08/06/2024,939.92,H8LF3WS,60 m² Maison de vacances ∙ 2 chambres ∙ 5 personnes,Nendaz - Valais
29/03/2024,08/06/2024,15/06/2024,939.92,H8LF3WS,60 m² Maison de vacances ∙ 2 chambres ∙ 5 personnes,Nendaz - Valais
29/03/2024,15/06/2024,22/06/2024,939.92,H8LF3WS,60 m² Maison de vacances ∙ 2 chambres ∙ 5 personnes,Nendaz - Valais
29/03/2024,22/06/2024,29/06/2024,939.92,H8LF3WS,60 m² Maison de vacances ∙ 2 chambres ∙ 5 personnes,Nendaz - Valais
29/03/2024,29/06/2024,06/07/2024,1283.40,H8LF3WS,60 m² Maison de vacances ∙ 2 chambres ∙ 5 personnes,Nendaz - Valais
29/03/2024,10/08/2024,17/08/2024,1291.62,H8LF3WS,60 m² Maison de vacances ∙ 2 chambres ∙ 5 personnes,Nendaz - Valais
29/03/2024,17/08/2024,24/08/2024,1291.62,H8LF3WS,60 m² Maison de vacances ∙ 2 chambres ∙ 5 personnes,Nendaz - Valais
29/03/2024,24/08/2024,31/08/2024,939.92,H8LF3WS,60 m² Maison de vacances ∙ 2 chambres ∙ 5 personnes,Nendaz - Valais
29/03/2024,07/09/2024,14/09/2024,939.92,H8LF3WS,60 m² Maison de vacances ∙ 2 chambres ∙ 5 personnes,Nendaz - Valais
29/03/2024,14/09/2024,21/09/2024,939.92,H8LF3WS,60 m² Maison de vacances ∙ 2 chambres ∙ 5 personnes,Nendaz - Valais
29/03/2024,21/09/2024,28/09/2024,939.92,H8LF3WS,60 m² Maison de vacances ∙ 2 chambres ∙ 5 personnes,Nendaz - Valais
29/03/2024,28/09/2024,05/10/2024,939.92,H8LF3WS,60 m² Maison de vacances ∙ 2 chambres ∙ 5 personnes,Nendaz - Valais
29/03/2024,05/10/2024,12/10/2024,939.92,H8LF3WS,60 m² Maison de vacances ∙ 2 chambres ∙ 5 personnes,Nendaz - Valais
29/03/2024,12/10/2024,19/10/2024,939.92,H8LF3WS,60 m² Maison de vacances ∙ 2 chambres ∙ 5 personnes,Nendaz - Valais
29/03/2024,19/10/2024,26/10/2024,939.92,H8LF3WS,60 m² Maison de vacances ∙ 2 chambres ∙ 5 personnes,Nendaz - Valais
29/03/2024,26/10/2024,02/11/2024,939.92,H8LF3WS,60 m² Maison de vacances ∙ 2 chambres ∙ 5 personnes,Nendaz - Valais
29/03/2024,06/04/2024,13/04/2024,1530.65,H68ZN3C,88 m² Appartement ∙ 3 chambres ∙ 6 personnes,Verbier - Bagnes - Valais
29/03/2024,13/04/2024,20/04/2024,1530.65,H68ZN3C,88 m² Appartement ∙ 3 chambres ∙ 6 personnes,Verbier - Bagnes - Valais
29/03/2024,20/04/2024,27/04/2024,1530.65,H68ZN3C,88 m² Appartement ∙ 3 chambres ∙ 6 personnes,Verbier - Bagnes - Valais
29/03/2024,27/04/2024,04/05/2024,866.93,H68ZN3C,88 m² Appartement ∙ 3 chambres ∙ 6 personnes,Verbier - Bagnes - Valais
29/03/2024,04/05/2024,11/05/2024,866.93,H68ZN3C,88 m² Appartement ∙ 3 chambres ∙ 6 personnes,Verbier - Bagnes - Valais
29/03/2024,11/05/2024,18/05/2024,866.93,H68ZN3C,88 m² Appartement ∙ 3 chambres ∙ 6 personnes,Verbier - Bagnes - Valais
29/03/2024,18/05/2024,25/05/2024,866.93,H68ZN3C,88 m² Appartement ∙ 3 chambres ∙ 6 personnes,Verbier - Bagnes - Valais
29/03/2024,25/05/2024,01/06/2024,866.93,H68ZN3C,88 m² Appartement ∙ 3 chambres ∙ 6 personnes,Verbier - Bagnes - Valais
29/03/2024,01/06/2024,08/06/2024,866.93,H68ZN3C,88 m² Appartement ∙ 3 chambres ∙ 6 personnes,Verbier - Bagnes - Valais
29/03/2024,08/06/2024,15/06/2024,866.93,H68ZN3C,88 m² Appartement ∙ 3 chambres ∙ 6 personnes,Verbier - Bagnes - Valais
29/03/2024,24/08/2024,31/08/2024,866.93,H68ZN3C,88 m² Appartement ∙ 3 chambres ∙ 6 personnes,Verbier - Bagnes - Valais
29/03/2024,31/08/2024,07/09/2024,866.93,H68ZN3C,88 m² Appartement ∙ 3 chambres ∙ 6 personnes,Verbier - Bagnes - Valais
29/03/2024,07/09/2024,14/09/2024,866.93,H68ZN3C,88 m² Appartement ∙ 3 chambres ∙ 6 personnes,Verbier - Bagnes - Valais
29/03/2024,14/09/2024,21/09/2024,866.93,H68ZN3C,88 m² Appartement ∙ 3 chambres ∙ 6 personnes,Verbier - Bagnes - Valais
29/03/2024,21/09/2024,28/09/2024,866.93,H68ZN3C,88 m² Appartement ∙ 3 chambres ∙ 6 personnes,Verbier - Bagnes - Valais
29/03/2024,28/09/2024,05/10/2024,866.93,H68ZN3C,88 m² Appartement ∙ 3 chambres ∙ 6 personnes,Verbier - Bagnes - Valais
29/03/2024,05/10/2024,12/10/2024,866.93,H68ZN3C,88 m² Appartement ∙ 3 chambres ∙ 6 personnes,Verbier - Bagnes - Valais
29/03/2024,12/10/2024,19/10/2024,866.93,H68ZN3C,88 m² Appartement ∙ 3 chambres ∙ 6 personnes,Verbier - Bagnes - Valais
29/03/2024,19/10/2024,26/10/2024,866.93,H68ZN3C,88 m² Appartement ∙ 3 chambres ∙ 6 personnes,Verbier - Bagnes - Valais
29/03/2024,26/10/2024,02/11/2024,866.93,H68ZN3C,88 m² Appartement ∙ 3 chambres ∙ 6 personnes,Verbier - Bagnes - Valais
29/03/2024,27/04/2024,04/05/2024,476.13,H0CLKHW,30 m² Appartement ∙ 1 chambre ∙ 2 personnes,Nendaz - Valais
29/03/2024,04/05/2024,11/05/2024,476.13,H0CLKHW,30 m² Appartement ∙ 1 chambre ∙ 2 personnes,Nendaz - Valais
29/03/2024,11/05/2024,18/05/2024,476.13,H0CLKHW,30 m² Appartement ∙ 1 chambre ∙ 2 personnes,Nendaz - Valais
29/03/2024,18/05/2024,25/05/2024,476.13,H0CLKHW,30 m² Appartement ∙ 1 chambre ∙ 2 personnes,Nendaz - Valais
29/03/2024,25/05/2024,01/06/2024,476.13,H0CLKHW,30 m² Appartement ∙ 1 chambre ∙ 2 personnes,Nendaz - Valais
29/03/2024,01/06/2024,08/06/2024,476.13,H0CLKHW,30 m² Appartement ∙ 1 chambre ∙ 2 personnes,Nendaz - Valais
29/03/2024,08/06/2024,15/06/2024,476.13,H0CLKHW,30 m² Appartement ∙ 1 chambre ∙ 2 personnes,Nendaz - Valais
29/03/2024,15/06/2024,22/06/2024,476.13,H0CLKHW,30 m² Appartement ∙ 1 chambre ∙ 2 personnes,Nendaz - Valais
29/03/2024,22/06/2024,29/06/2024,476.13,H0CLKHW,30 m² Appartement ∙ 1 chambre ∙ 2 personnes,Nendaz - Valais
29/03/2024,29/06/2024,06/07/2024,476.13,H0CLKHW,30 m² Appartement ∙ 1 chambre ∙ 2 personnes,Nendaz - Valais
29/03/2024,06/07/2024,13/07/2024,476.13,H0CLKHW,30 m² Appartement ∙ 1 chambre ∙ 2 personnes,Nendaz - Valais
29/03/2024,13/07/2024,20/07/2024,595.42,H0CLKHW,30 m² Appartement ∙ 1 chambre ∙ 2 personnes,Nendaz - Valais
29/03/2024,03/08/2024,10/08/2024,595.42,H0CLKHW,30 m² Appartement ∙ 1 chambre ∙ 2 personnes,Nendaz - Valais
29/03/2024,10/08/2024,17/08/2024,595.42,H0CLKHW,30 m² Appartement ∙ 1 chambre ∙ 2 personnes,Nendaz - Valais
29/03/2024,17/08/2024,24/08/2024,476.13,H0CLKHW,30 m² Appartement ∙ 1 chambre ∙ 2 personnes,Nendaz - Valais
29/03/2024,24/08/2024,31/08/2024,476.13,H0CLKHW,30 m² Appartement ∙ 1 chambre ∙ 2 personnes,Nendaz - Valais
29/03/2024,31/08/2024,07/09/2024,476.13,H0CLKHW,30 m² Appartement ∙ 1 chambre ∙ 2 personnes,Nendaz - Valais
29/03/2024,07/09/2024,14/09/2024,476.13,H0CLKHW,30 m² Appartement ∙ 1 chambre ∙ 2 personnes,Nendaz - Valais
29/03/2024,14/09/2024,21/09/2024,476.13,H0CLKHW,30 m² Appartement ∙ 1 chambre ∙ 2 personnes,Nendaz - Valais
29/03/2024,21/09/2024,28/09/2024,476.13,H0CLKHW,30 m² Appartement ∙ 1 chambre ∙ 2 personnes,Nendaz - Valais
29/03/2024,28/09/2024,05/10/2024,476.13,H0CLKHW,30 m² Appartement ∙ 1 chambre ∙ 2 personnes,Nendaz - Valais
29/03/2024,05/10/2024,12/10/2024,476.13,H0CLKHW,30 m² Appartement ∙ 1 chambre ∙ 2 personnes,Nendaz - Valais
29/03/2024,12/10/2024,19/10/2024,476.13,H0CLKHW,30 m² Appartement ∙ 1 chambre ∙ 2 personnes,Nendaz - Valais
29/03/2024,19/10/2024,26/10/2024,476.13,H0CLKHW,30 m² Appartement ∙ 1 chambre ∙ 2 personnes,Nendaz - Valais
29/03/2024,26/10/2024,02/11/2024,476.13,H0CLKHW,30 m² Appartement ∙ 1 chambre ∙ 2 personnes,Nendaz - Valais
29/03/2024,06/04/2024,13/04/2024,1351.27,HFCVA6T,85 m² Appartement ∙ 3 chambres ∙ 6 personnes,Zinal - Ayer - Valais
29/03/2024,13/04/2024,20/04/2024,1351.27,HFCVA6T,85 m² Appartement ∙ 3 chambres ∙ 6 personnes,Zinal - Ayer - Valais
29/03/2024,20/04/2024,27/04/2024,1351.27,HFCVA6T,85 m² Appartement ∙ 3 chambres ∙ 6 personnes,Zinal - Ayer - Valais
29/03/2024,27/04/2024,04/05/2024,1351.27,HFCVA6T,85 m² Appartement ∙ 3 chambres ∙ 6 personnes,Zinal - Ayer - Valais
29/03/2024,04/05/2024,11/05/2024,1351.27,HFCVA6T,85 m² Appartement ∙ 3 chambres ∙ 6 personnes,Zinal - Ayer - Valais
29/03/2024,11/05/2024,18/05/2024,1351.27,HFCVA6T,85 m² Appartement ∙ 3 chambres ∙ 6 personnes,Zinal - Ayer - Valais
29/03/2024,18/05/2024,25/05/2024,1351.27,HFCVA6T,85 m² Appartement ∙ 3 chambres ∙ 6 personnes,Zinal - Ayer - Valais
29/03/2024,25/05/2024,01/06/2024,1351.27,HFCVA6T,85 m² Appartement ∙ 3 chambres ∙ 6 personnes,Zinal - Ayer - Valais
29/03/2024,01/06/2024,08/06/2024,1351.27,HFCVA6T,85 m² Appartement ∙ 3 chambres ∙ 6 personnes,Zinal - Ayer - Valais
29/03/2024,08/06/2024,15/06/2024,1351.27,HFCVA6T,85 m² Appartement ∙ 3 chambres ∙ 6 personnes,Zinal - Ayer - Valais
29/03/2024,15/06/2024,22/06/2024,1351.27,HFCVA6T,85 m² Appartement ∙ 3 chambres ∙ 6 personnes,Zinal - Ayer - Valais
29/03/2024,06/07/2024,13/07/2024,1351.27,HFCVA6T,85 m² Appartement ∙ 3 chambres ∙ 6 personnes,Zinal - Ayer - Valais
29/03/2024,24/08/2024,31/08/2024,1351.27,HFCVA6T,85 m² Appartement ∙ 3 chambres ∙ 6 personnes,Zinal - Ayer - Valais
29/03/2024,31/08/2024,07/09/2024,1351.27,HFCVA6T,85 m² Appartement ∙ 3 chambres ∙ 6 personnes,Zinal - Ayer - Valais
29/03/2024,07/09/2024,14/09/2024,1351.27,HFCVA6T,85 m² Appartement ∙ 3 chambres ∙ 6 personnes,Zinal - Ayer - Valais
29/03/2024,14/09/2024,21/09/2024,1351.27,HFCVA6T,85 m² Appartement ∙ 3 chambres ∙ 6 personnes,Zinal - Ayer - Valais
29/03/2024,21/09/2024,28/09/2024,1351.27,HFCVA6T,85 m² Appartement ∙ 3 chambres ∙ 6 personnes,Zinal - Ayer - Valais
29/03/2024,28/09/2024,05/10/2024,1351.27,HFCVA6T,85 m² Appartement ∙ 3 chambres ∙ 6 personnes,Zinal - Ayer - Valais
29/03/2024,05/10/2024,12/10/2024,1351.27,HFCVA6T,85 m² Appartement ∙ 3 chambres ∙ 6 personnes,Zinal - Ayer - Valais
29/03/2024,12/10/2024,19/10/2024,1351.27,HFCVA6T,85 m² Appartement ∙ 3 chambres ∙ 6 personnes,Zinal - Ayer - Valais
29/03/2024,19/10/2024,26/10/2024,1351.27,HFCVA6T,85 m² Appartement ∙ 3 chambres ∙ 6 personnes,Zinal - Ayer - Valais
29/03/2024,26/10/2024,02/11/2024,1351.27,HFCVA6T,85 m² Appartement ∙ 3 chambres ∙ 6 personnes,Zinal - Ayer - Valais
29/03/2024,06/04/2024,13/04/2024,464.82,HTV930Y,37 m² Appartement ∙ 1 chambre ∙ 4 personnes,Nendaz - Valais
29/03/2024,13/04/2024,20/04/2024,569.71,HTV930Y,37 m² Appartement ∙ 1 chambre ∙ 4 personnes,Nendaz - Valais
29/03/2024,20/04/2024,27/04/2024,569.71,HTV930Y,37 m² Appartement ∙ 1 chambre ∙ 4 personnes,Nendaz - Valais
29/03/2024,27/04/2024,04/05/2024,569.71,HTV930Y,37 m² Appartement ∙ 1 chambre ∙ 4 personnes,Nendaz - Valais
29/03/2024,04/05/2024,11/05/2024,569.71,HTV930Y,37 m² Appartement ∙ 1 chambre ∙ 4 personnes,Nendaz - Valais
29/03/2024,11/05/2024,18/05/2024,569.71,HTV930Y,37 m² Appartement ∙ 1 chambre ∙ 4 personnes,Nendaz - Valais
29/03/2024,18/05/2024,25/05/2024,569.71,HTV930Y,37 m² Appartement ∙ 1 chambre ∙ 4 personnes,Nendaz - Valais
29/03/2024,25/05/2024,01/06/2024,569.71,HTV930Y,37 m² Appartement ∙ 1 chambre ∙ 4 personnes,Nendaz - Valais
29/03/2024,01/06/2024,08/06/2024,569.71,HTV930Y,37 m² Appartement ∙ 1 chambre ∙ 4 personnes,Nendaz - Valais
29/03/2024,08/06/2024,15/06/2024,569.71,HTV930Y,37 m² Appartement ∙ 1 chambre ∙ 4 personnes,Nendaz - Valais
29/03/2024,15/06/2024,22/06/2024,569.71,HTV930Y,37 m² Appartement ∙ 1 chambre ∙ 4 personnes,Nendaz - Valais
29/03/2024,22/06/2024,29/06/2024,569.71,HTV930Y,37 m² Appartement ∙ 1 chambre ∙ 4 personnes,Nendaz - Valais
29/03/2024,29/06/2024,06/07/2024,569.71,HTV930Y,37 m² Appartement ∙ 1 chambre ∙ 4 personnes,Nendaz - Valais
29/03/2024,13/07/2024,20/07/2024,765.10,HTV930Y,37 m² Appartement ∙ 1 chambre ∙ 4 personnes,Nendaz - Valais
29/03/2024,03/08/2024,10/08/2024,765.10,HTV930Y,37 m² Appartement ∙ 1 chambre ∙ 4 personnes,Nendaz - Valais
29/03/2024,10/08/2024,17/08/2024,765.10,HTV930Y,37 m² Appartement ∙ 1 chambre ∙ 4 personnes,Nendaz - Valais
29/03/2024,17/08/2024,24/08/2024,569.71,HTV930Y,37 m² Appartement ∙ 1 chambre ∙ 4 personnes,Nendaz - Valais
29/03/2024,24/08/2024,31/08/2024,569.71,HTV930Y,37 m² Appartement ∙ 1 chambre ∙ 4 personnes,Nendaz - Valais
29/03/2024,31/08/2024,07/09/2024,569.71,HTV930Y,37 m² Appartement ∙ 1 chambre ∙ 4 personnes,Nendaz - Valais
29/03/2024,07/09/2024,14/09/2024,569.71,HTV930Y,37 m² Appartement ∙ 1 chambre ∙ 4 personnes,Nendaz - Valais
29/03/2024,14/09/2024,21/09/2024,569.71,HTV930Y,37 m² Appartement ∙ 1 chambre ∙ 4 personnes,Nendaz - Valais
29/03/2024,21/09/2024,28/09/2024,569.71,HTV930Y,37 m² Appartement ∙ 1 chambre ∙ 4 personnes,Nendaz - Valais
29/03/2024,28/09/2024,05/10/2024,569.71,HTV930Y,37 m² Appartement ∙ 1 chambre ∙ 4 personnes,Nendaz - Valais
29/03/2024,05/10/2024,12/10/2024,569.71,HTV930Y,37 m² Appartement ∙ 1 chambre ∙ 4 personnes,Nendaz - Valais
29/03/2024,12/10/2024,19/10/2024,569.71,HTV930Y,37 m² Appartement ∙ 1 chambre ∙ 4 personnes,Nendaz - Valais
29/03/2024,19/10/2024,26/10/2024,569.71,HTV930Y,37 m² Appartement ∙ 1 chambre ∙ 4 personnes,Nendaz - Valais
29/03/2024,26/10/2024,02/11/2024,569.71,HTV930Y,37 m² Appartement ∙ 1 chambre ∙ 4 personnes,Nendaz - Valais
29/03/2024,01/06/2024,08/06/2024,683.86,HRC0P25,35 m² Appartement ∙ 1 chambre ∙ 2 personnes,Saas Fee - Valais
29/03/2024,08/06/2024,15/06/2024,683.86,HRC0P25,35 m² Appartement ∙ 1 chambre ∙ 2 personnes,Saas Fee - Valais
29/03/2024,15/06/2024,22/06/2024,683.86,HRC0P25,35 m² Appartement ∙ 1 chambre ∙ 2 personnes,Saas Fee - Valais
29/03/2024,22/06/2024,29/06/2024,694.15,HRC0P25,35 m² Appartement ∙ 1 chambre ∙ 2 personnes,Saas Fee - Valais
29/03/2024,29/06/2024,06/07/2024,755.85,HRC0P25,35 m² Appartement ∙ 1 chambre ∙ 2 personnes,Saas Fee - Valais
29/03/2024,31/08/2024,07/09/2024,683.86,HRC0P25,35 m² Appartement ∙ 1 chambre ∙ 2 personnes,Saas Fee - Valais
29/03/2024,07/09/2024,14/09/2024,683.86,HRC0P25,35 m² Appartement ∙ 1 chambre ∙ 2 personnes,Saas Fee - Valais
29/03/2024,14/09/2024,21/09/2024,683.86,HRC0P25,35 m² Appartement ∙ 1 chambre ∙ 2 personnes,Saas Fee - Valais
29/03/2024,21/09/2024,28/09/2024,683.86,HRC0P25,35 m² Appartement ∙ 1 chambre ∙ 2 personnes,Saas Fee - Valais
29/03/2024,28/09/2024,05/10/2024,683.86,HRC0P25,35 m² Appartement ∙ 1 chambre ∙ 2 personnes,Saas Fee - Valais
29/03/2024,05/10/2024,12/10/2024,683.86,HRC0P25,35 m² Appartement ∙ 1 chambre ∙ 2 personnes,Saas Fee - Valais
29/03/2024,12/10/2024,19/10/2024,683.86,HRC0P25,35 m² Appartement ∙ 1 chambre ∙ 2 personnes,Saas Fee - Valais
29/03/2024,19/10/2024,26/10/2024,683.86,HRC0P25,35 m² Appartement ∙ 1 chambre ∙ 2 personnes,Saas Fee - Valais
29/03/2024,26/10/2024,02/11/2024,683.86,HRC0P25,35 m² Appartement ∙ 1 chambre ∙ 2 personnes,Saas Fee - Valais
29/03/2024,13/04/2024,20/04/2024,951.23,H6EC4NX,50 m² Appartement ∙ 2 chambres ∙ 3 personnes,Verbier - Bagnes - Valais
29/03/2024,20/04/2024,27/04/2024,951.23,H6EC4NX,50 m² Appartement ∙ 2 chambres ∙ 3 personnes,Verbier - Bagnes - Valais
29/03/2024,27/04/2024,04/05/2024,951.23,H6EC4NX,50 m² Appartement ∙ 2 chambres ∙ 3 personnes,Verbier - Bagnes - Valais
29/03/2024,04/05/2024,11/05/2024,951.23,H6EC4NX,50 m² Appartement ∙ 2 chambres ∙ 3 personnes,Verbier - Bagnes - Valais
29/03/2024,11/05/2024,18/05/2024,951.23,H6EC4NX,50 m² Appartement ∙ 2 chambres ∙ 3 personnes,Verbier - Bagnes - Valais
29/03/2024,18/05/2024,25/05/2024,951.23,H6EC4NX,50 m² Appartement ∙ 2 chambres ∙ 3 personnes,Verbier - Bagnes - Valais
29/03/2024,25/05/2024,01/06/2024,951.23,H6EC4NX,50 m² Appartement ∙ 2 chambres ∙ 3 personnes,Verbier - Bagnes - Valais
29/03/2024,03/08/2024,10/08/2024,1212.44,H6EC4NX,50 m² Appartement ∙ 2 chambres ∙ 3 personnes,Verbier - Bagnes - Valais
29/03/2024,07/09/2024,14/09/2024,951.23,H6EC4NX,50 m² Appartement ∙ 2 chambres ∙ 3 personnes,Verbier - Bagnes - Valais
29/03/2024,14/09/2024,21/09/2024,951.23,H6EC4NX,50 m² Appartement ∙ 2 chambres ∙ 3 personnes,Verbier - Bagnes - Valais
29/03/2024,21/09/2024,28/09/2024,951.23,H6EC4NX,50 m² Appartement ∙ 2 chambres ∙ 3 personnes,Verbier - Bagnes - Valais
29/03/2024,05/10/2024,12/10/2024,951.23,H6EC4NX,50 m² Appartement ∙ 2 chambres ∙ 3 personnes,Verbier - Bagnes - Valais
29/03/2024,12/10/2024,19/10/2024,951.23,H6EC4NX,50 m² Appartement ∙ 2 chambres ∙ 3 personnes,Verbier - Bagnes - Valais
29/03/2024,19/10/2024,26/10/2024,951.23,H6EC4NX,50 m² Appartement ∙ 2 chambres ∙ 3 personnes,Verbier - Bagnes - Valais
29/03/2024,26/10/2024,02/11/2024,951.23,H6EC4NX,50 m² Appartement ∙ 2 chambres ∙ 3 personnes,Verbier - Bagnes - Valais
29/03/2024,06/04/2024,13/04/2024,889.53,HNA3J1M,80 m² Appartement ∙ 2 chambres ∙ 5 personnes,Crans-Montana - Valais
29/03/2024,13/04/2024,20/04/2024,889.53,HNA3J1M,80 m² Appartement ∙ 2 chambres ∙ 5 personnes,Crans-Montana - Valais
29/03/2024,20/04/2024,27/04/2024,889.53,HNA3J1M,80 m² Appartement ∙ 2 chambres ∙ 5 personnes,Crans-Montana - Valais
29/03/2024,27/04/2024,04/05/2024,889.53,HNA3J1M,80 m² Appartement ∙ 2 chambres ∙ 5 personnes,Crans-Montana - Valais
29/03/2024,04/05/2024,11/05/2024,889.53,HNA3J1M,80 m² Appartement ∙ 2 chambres ∙ 5 personnes,Crans-Montana - Valais
29/03/2024,11/05/2024,18/05/2024,889.53,HNA3J1M,80 m² Appartement ∙ 2 chambres ∙ 5 personnes,Crans-Montana - Valais
29/03/2024,18/05/2024,25/05/2024,889.53,HNA3J1M,80 m² Appartement ∙ 2 chambres ∙ 5 personnes,Crans-Montana - Valais
29/03/2024,25/05/2024,01/06/2024,889.53,HNA3J1M,80 m² Appartement ∙ 2 chambres ∙ 5 personnes,Crans-Montana - Valais
29/03/2024,01/06/2024,08/06/2024,889.53,HNA3J1M,80 m² Appartement ∙ 2 chambres ∙ 5 personnes,Crans-Montana - Valais
29/03/2024,08/06/2024,15/06/2024,889.53,HNA3J1M,80 m² Appartement ∙ 2 chambres ∙ 5 personnes,Crans-Montana - Valais
29/03/2024,15/06/2024,22/06/2024,889.53,HNA3J1M,80 m² Appartement ∙ 2 chambres ∙ 5 personnes,Crans-Montana - Valais
29/03/2024,22/06/2024,29/06/2024,889.53,HNA3J1M,80 m² Appartement ∙ 2 chambres ∙ 5 personnes,Crans-Montana - Valais
29/03/2024,29/06/2024,06/07/2024,889.53,HNA3J1M,80 m² Appartement ∙ 2 chambres ∙ 5 personnes,Crans-Montana - Valais
29/03/2024,06/07/2024,13/07/2024,1267.97,HNA3J1M,80 m² Appartement ∙ 2 chambres ∙ 5 personnes,Crans-Montana - Valais
29/03/2024,20/07/2024,27/07/2024,1267.97,HNA3J1M,80 m² Appartement ∙ 2 chambres ∙ 5 personnes,Crans-Montana - Valais
29/03/2024,27/07/2024,03/08/2024,1267.97,HNA3J1M,80 m² Appartement ∙ 2 chambres ∙ 5 personnes,Crans-Montana - Valais
29/03/2024,03/08/2024,10/08/2024,1267.97,HNA3J1M,80 m² Appartement ∙ 2 chambres ∙ 5 personnes,Crans-Montana - Valais
29/03/2024,10/08/2024,17/08/2024,1267.97,HNA3J1M,80 m² Appartement ∙ 2 chambres ∙ 5 personnes,Crans-Montana - Valais
29/03/2024,17/08/2024,24/08/2024,1267.97,HNA3J1M,80 m² Appartement ∙ 2 chambres ∙ 5 personnes,Crans-Montana - Valais
29/03/2024,24/08/2024,31/08/2024,1267.97,HNA3J1M,80 m² Appartement ∙ 2 chambres ∙ 5 personnes,Crans-Montana - Valais
29/03/2024,31/08/2024,07/09/2024,1267.97,HNA3J1M,80 m² Appartement ∙ 2 chambres ∙ 5 personnes,Crans-Montana - Valais
29/03/2024,07/09/2024,14/09/2024,1267.97,HNA3J1M,80 m² Appartement ∙ 2 chambres ∙ 5 personnes,Crans-Montana - Valais
29/03/2024,14/09/2024,21/09/2024,1267.97,HNA3J1M,80 m² Appartement ∙ 2 chambres ∙ 5 personnes,Crans-Montana - Valais
29/03/2024,21/09/2024,28/09/2024,1267.97,HNA3J1M,80 m² Appartement ∙ 2 chambres ∙ 5 personnes,Crans-Montana - Valais
29/03/2024,05/10/2024,12/10/2024,1267.97,HNA3J1M,80 m² Appartement ∙ 2 chambres ∙ 5 personnes,Crans-Montana - Valais
29/03/2024,06/04/2024,13/04/2024,1250.49,H9KWJ54,100 m² Maison de vacances ∙ 3 chambres ∙ 5 personnes,Nendaz - Valais
29/03/2024,13/04/2024,20/04/2024,1250.49,H9KWJ54,100 m² Maison de vacances ∙ 3 chambres ∙ 5 personnes,Nendaz - Valais
29/03/2024,20/04/2024,27/04/2024,1250.49,H9KWJ54,100 m² Maison de vacances ∙ 3 chambres ∙ 5 personnes,Nendaz - Valais
29/03/2024,27/04/2024,04/05/2024,1250.49,H9KWJ54,100 m² Maison de vacances ∙ 3 chambres ∙ 5 personnes,Nendaz - Valais
29/03/2024,04/05/2024,11/05/2024,1250.49,H9KWJ54,100 m² Maison de vacances ∙ 3 chambres ∙ 5 personnes,Nendaz - Valais
29/03/2024,11/05/2024,18/05/2024,1250.49,H9KWJ54,100 m² Maison de vacances ∙ 3 chambres ∙ 5 personnes,Nendaz - Valais
29/03/2024,18/05/2024,25/05/2024,1250.49,H9KWJ54,100 m² Maison de vacances ∙ 3 chambres ∙ 5 personnes,Nendaz - Valais
29/03/2024,25/05/2024,01/06/2024,1250.49,H9KWJ54,100 m² Maison de vacances ∙ 3 chambres ∙ 5 personnes,Nendaz - Valais
29/03/2024,08/06/2024,15/06/2024,1250.49,H9KWJ54,100 m² Maison de vacances ∙ 3 chambres ∙ 5 personnes,Nendaz - Valais
29/03/2024,29/06/2024,06/07/2024,1696.80,H9KWJ54,100 m² Maison de vacances ∙ 3 chambres ∙ 5 personnes,Nendaz - Valais
29/03/2024,06/07/2024,13/07/2024,1696.80,H9KWJ54,100 m² Maison de vacances ∙ 3 chambres ∙ 5 personnes,Nendaz - Valais
29/03/2024,13/07/2024,20/07/2024,1841.80,H9KWJ54,100 m² Maison de vacances ∙ 3 chambres ∙ 5 personnes,Nendaz - Valais
29/03/2024,20/07/2024,27/07/2024,1841.80,H9KWJ54,100 m² Maison de vacances ∙ 3 chambres ∙ 5 personnes,Nendaz - Valais
29/03/2024,27/07/2024,03/08/2024,1841.80,H9KWJ54,100 m² Maison de vacances ∙ 3 chambres ∙ 5 personnes,Nendaz - Valais
29/03/2024,17/08/2024,24/08/2024,1586.76,H9KWJ54,100 m² Maison de vacances ∙ 3 chambres ∙ 5 personnes,Nendaz - Valais
29/03/2024,24/08/2024,31/08/2024,1250.49,H9KWJ54,100 m² Maison de vacances ∙ 3 chambres ∙ 5 personnes,Nendaz - Valais
29/03/2024,31/08/2024,07/09/2024,1250.49,H9KWJ54,100 m² Maison de vacances ∙ 3 chambres ∙ 5 personnes,Nendaz - Valais
29/03/2024,07/09/2024,14/09/2024,1250.49,H9KWJ54,100 m² Maison de vacances ∙ 3 chambres ∙ 5 personnes,Nendaz - Valais
29/03/2024,14/09/2024,21/09/2024,1250.49,H9KWJ54,100 m² Maison de vacances ∙ 3 chambres ∙ 5 personnes,Nendaz - Valais
29/03/2024,21/09/2024,28/09/2024,1250.49,H9KWJ54,100 m² Maison de vacances ∙ 3 chambres ∙ 5 personnes,Nendaz - Valais
29/03/2024,28/09/2024,05/10/2024,1250.49,H9KWJ54,100 m² Maison de vacances ∙ 3 chambres ∙ 5 personnes,Nendaz - Valais
29/03/2024,05/10/2024,12/10/2024,1250.49,H9KWJ54,100 m² Maison de vacances ∙ 3 chambres ∙ 5 personnes,Nendaz - Valais
29/03/2024,12/10/2024,19/10/2024,1250.49,H9KWJ54,100 m² Maison de vacances ∙ 3 chambres ∙ 5 personnes,Nendaz - Valais
29/03/2024,19/10/2024,26/10/2024,1250.49,H9KWJ54,100 m² Maison de vacances ∙ 3 chambres ∙ 5 personnes,Nendaz - Valais
29/03/2024,26/10/2024,02/11/2024,1250.49,H9KWJ54,100 m² Maison de vacances ∙ 3 chambres ∙ 5 personnes,Nendaz - Valais
29/03/2024,20/04/2024,27/04/2024,1188.38,HM5NPTV,107 m² Appartement ∙ 3 chambres ∙ 6 personnes,Saas Fee - Valais
29/03/2024,27/04/2024,04/05/2024,1177.38,HM5NPTV,107 m² Appartement ∙ 3 chambres ∙ 6 personnes,Saas Fee - Valais
29/03/2024,04/05/2024,11/05/2024,1155.37,HM5NPTV,107 m² Appartement ∙ 3 chambres ∙ 6 personnes,Saas Fee - Valais
29/03/2024,11/05/2024,18/05/2024,1155.37,HM5NPTV,107 m² Appartement ∙ 3 chambres ∙ 6 personnes,Saas Fee - Valais
29/03/2024,18/05/2024,25/05/2024,1155.37,HM5NPTV,107 m² Appartement ∙ 3 chambres ∙ 6 personnes,Saas Fee - Valais
29/03/2024,25/05/2024,01/06/2024,1155.37,HM5NPTV,107 m² Appartement ∙ 3 chambres ∙ 6 personnes,Saas Fee - Valais
29/03/2024,01/06/2024,08/06/2024,1155.37,HM5NPTV,107 m² Appartement ∙ 3 chambres ∙ 6 personnes,Saas Fee - Valais
29/03/2024,08/06/2024,15/06/2024,1155.37,HM5NPTV,107 m² Appartement ∙ 3 chambres ∙ 6 personnes,Saas Fee - Valais
29/03/2024,15/06/2024,22/06/2024,1155.37,HM5NPTV,107 m² Appartement ∙ 3 chambres ∙ 6 personnes,Saas Fee - Valais
29/03/2024,22/06/2024,29/06/2024,1155.37,HM5NPTV,107 m² Appartement ∙ 3 chambres ∙ 6 personnes,Saas Fee - Valais
29/03/2024,29/06/2024,06/07/2024,1155.37,HM5NPTV,107 m² Appartement ∙ 3 chambres ∙ 6 personnes,Saas Fee - Valais
29/03/2024,06/07/2024,13/07/2024,1155.37,HM5NPTV,107 m² Appartement ∙ 3 chambres ∙ 6 personnes,Saas Fee - Valais
29/03/2024,13/07/2024,20/07/2024,1155.37,HM5NPTV,107 m² Appartement ∙ 3 chambres ∙ 6 personnes,Saas Fee - Valais
29/03/2024,20/07/2024,27/07/2024,1155.37,HM5NPTV,107 m² Appartement ∙ 3 chambres ∙ 6 personnes,Saas Fee - Valais
29/03/2024,27/07/2024,03/08/2024,1155.37,HM5NPTV,107 m² Appartement ∙ 3 chambres ∙ 6 personnes,Saas Fee - Valais
29/03/2024,10/08/2024,17/08/2024,1155.37,HM5NPTV,107 m² Appartement ∙ 3 chambres ∙ 6 personnes,Saas Fee - Valais
29/03/2024,07/09/2024,14/09/2024,1155.37,HM5NPTV,107 m² Appartement ∙ 3 chambres ∙ 6 personnes,Saas Fee - Valais
29/03/2024,14/09/2024,21/09/2024,1155.37,HM5NPTV,107 m² Appartement ∙ 3 chambres ∙ 6 personnes,Saas Fee - Valais
29/03/2024,21/09/2024,28/09/2024,1155.37,HM5NPTV,107 m² Appartement ∙ 3 chambres ∙ 6 personnes,Saas Fee - Valais
29/03/2024,28/09/2024,05/10/2024,1155.37,HM5NPTV,107 m² Appartement ∙ 3 chambres ∙ 6 personnes,Saas Fee - Valais
29/03/2024,05/10/2024,12/10/2024,1155.37,HM5NPTV,107 m² Appartement ∙ 3 chambres ∙ 6 personnes,Saas Fee - Valais
29/03/2024,12/10/2024,19/10/2024,1155.37,HM5NPTV,107 m² Appartement ∙ 3 chambres ∙ 6 personnes,Saas Fee - Valais
29/03/2024,19/10/2024,26/10/2024,1155.37,HM5NPTV,107 m² Appartement ∙ 3 chambres ∙ 6 personnes,Saas Fee - Valais
29/03/2024,26/10/2024,02/11/2024,1166.37,HM5NPTV,107 m² Appartement ∙ 3 chambres ∙ 6 personnes,Saas Fee - Valais
29/03/2024,06/04/2024,13/04/2024,1386.43,H2RMJSP,90 m² Appartement ∙ 3 chambres ∙ 6 personnes,Saas Fee - Valais
29/03/2024,13/04/2024,20/04/2024,1386.43,H2RMJSP,90 m² Appartement ∙ 3 chambres ∙ 6 personnes,Saas Fee - Valais
29/03/2024,20/04/2024,27/04/2024,1221.38,H2RMJSP,90 m² Appartement ∙ 3 chambres ∙ 6 personnes,Saas Fee - Valais
29/03/2024,27/04/2024,04/05/2024,1155.36,H2RMJSP,90 m² Appartement ∙ 3 chambres ∙ 6 personnes,Saas Fee - Valais
29/03/2024,04/05/2024,11/05/2024,1155.36,H2RMJSP,90 m² Appartement ∙ 3 chambres ∙ 6 personnes,Saas Fee - Valais
29/03/2024,11/05/2024,18/05/2024,1155.36,H2RMJSP,90 m² Appartement ∙ 3 chambres ∙ 6 personnes,Saas Fee - Valais
29/03/2024,18/05/2024,25/05/2024,1155.36,H2RMJSP,90 m² Appartement ∙ 3 chambres ∙ 6 personnes,Saas Fee - Valais
29/03/2024,25/05/2024,01/06/2024,1155.36,H2RMJSP,90 m² Appartement ∙ 3 chambres ∙ 6 personnes,Saas Fee - Valais
29/03/2024,01/06/2024,08/06/2024,1386.43,H2RMJSP,90 m² Appartement ∙ 3 chambres ∙ 6 personnes,Saas Fee - Valais
29/03/2024,08/06/2024,15/06/2024,1386.43,H2RMJSP,90 m² Appartement ∙ 3 chambres ∙ 6 personnes,Saas Fee - Valais
29/03/2024,15/06/2024,22/06/2024,1386.43,H2RMJSP,90 m² Appartement ∙ 3 chambres ∙ 6 personnes,Saas Fee - Valais
29/03/2024,22/06/2024,29/06/2024,1386.43,H2RMJSP,90 m² Appartement ∙ 3 chambres ∙ 6 personnes,Saas Fee - Valais
29/03/2024,29/06/2024,06/07/2024,1386.43,H2RMJSP,90 m² Appartement ∙ 3 chambres ∙ 6 personnes,Saas Fee - Valais
29/03/2024,03/08/2024,10/08/2024,1386.43,H2RMJSP,90 m² Appartement ∙ 3 chambres ∙ 6 personnes,Saas Fee - Valais
29/03/2024,24/08/2024,31/08/2024,1386.43,H2RMJSP,90 m² Appartement ∙ 3 chambres ∙ 6 personnes,Saas Fee - Valais
29/03/2024,31/08/2024,07/09/2024,1386.43,H2RMJSP,90 m² Appartement ∙ 3 chambres ∙ 6 personnes,Saas Fee - Valais
29/03/2024,07/09/2024,14/09/2024,1386.43,H2RMJSP,90 m² Appartement ∙ 3 chambres ∙ 6 personnes,Saas Fee - Valais
29/03/2024,14/09/2024,21/09/2024,1386.43,H2RMJSP,90 m² Appartement ∙ 3 chambres ∙ 6 personnes,Saas Fee - Valais
29/03/2024,21/09/2024,28/09/2024,1386.43,H2RMJSP,90 m² Appartement ∙ 3 chambres ∙ 6 personnes,Saas Fee - Valais
29/03/2024,28/09/2024,05/10/2024,1386.43,H2RMJSP,90 m² Appartement ∙ 3 chambres ∙ 6 personnes,Saas Fee - Valais
29/03/2024,05/10/2024,12/10/2024,1386.43,H2RMJSP,90 m² Appartement ∙ 3 chambres ∙ 6 personnes,Saas Fee - Valais
29/03/2024,12/10/2024,19/10/2024,1386.43,H2RMJSP,90 m² Appartement ∙ 3 chambres ∙ 6 personnes,Saas Fee - Valais
29/03/2024,19/10/2024,26/10/2024,1221.38,H2RMJSP,90 m² Appartement ∙ 3 chambres ∙ 6 personnes,Saas Fee - Valais
29/03/2024,26/10/2024,02/11/2024,1155.36,H2RMJSP,90 m² Appartement ∙ 3 chambres ∙ 6 personnes,Saas Fee - Valais
29/03/2024,13/04/2024,20/04/2024,2475.27,H0LTZSJ,110 m² Appartement ∙ 3 chambres ∙ 7 personnes,Saas Fee - Valais
29/03/2024,13/04/2024,20/04/2024,1147.65,HL1A6VJ,80 m² Appartement ∙ 2 chambres ∙ 6 personnes,Nendaz - Valais
29/03/2024,20/04/2024,27/04/2024,1147.65,HL1A6VJ,80 m² Appartement ∙ 2 chambres ∙ 6 personnes,Nendaz - Valais
29/03/2024,27/04/2024,04/05/2024,1147.65,HL1A6VJ,80 m² Appartement ∙ 2 chambres ∙ 6 personnes,Nendaz - Valais
29/03/2024,04/05/2024,11/05/2024,1147.65,HL1A6VJ,80 m² Appartement ∙ 2 chambres ∙ 6 personnes,Nendaz - Valais
29/03/2024,25/05/2024,01/06/2024,1147.65,HL1A6VJ,80 m² Appartement ∙ 2 chambres ∙ 6 personnes,Nendaz - Valais
29/03/2024,22/06/2024,29/06/2024,1147.65,HL1A6VJ,80 m² Appartement ∙ 2 chambres ∙ 6 personnes,Nendaz - Valais
29/03/2024,29/06/2024,06/07/2024,1147.65,HL1A6VJ,80 m² Appartement ∙ 2 chambres ∙ 6 personnes,Nendaz - Valais
29/03/2024,06/07/2024,13/07/2024,1147.65,HL1A6VJ,80 m² Appartement ∙ 2 chambres ∙ 6 personnes,Nendaz - Valais
29/03/2024,20/07/2024,27/07/2024,1364.64,HL1A6VJ,80 m² Appartement ∙ 2 chambres ∙ 6 personnes,Nendaz - Valais
29/03/2024,17/08/2024,24/08/2024,1147.65,HL1A6VJ,80 m² Appartement ∙ 2 chambres ∙ 6 personnes,Nendaz - Valais
29/03/2024,24/08/2024,31/08/2024,1147.65,HL1A6VJ,80 m² Appartement ∙ 2 chambres ∙ 6 personnes,Nendaz - Valais
29/03/2024,31/08/2024,07/09/2024,1147.65,HL1A6VJ,80 m² Appartement ∙ 2 chambres ∙ 6 personnes,Nendaz - Valais
29/03/2024,07/09/2024,14/09/2024,1147.65,HL1A6VJ,80 m² Appartement ∙ 2 chambres ∙ 6 personnes,Nendaz - Valais
29/03/2024,14/09/2024,21/09/2024,1147.65,HL1A6VJ,80 m² Appartement ∙ 2 chambres ∙ 6 personnes,Nendaz - Valais
29/03/2024,21/09/2024,28/09/2024,1147.65,HL1A6VJ,80 m² Appartement ∙ 2 chambres ∙ 6 personnes,Nendaz - Valais
29/03/2024,28/09/2024,05/10/2024,1147.65,HL1A6VJ,80 m² Appartement ∙ 2 chambres ∙ 6 personnes,Nendaz - Valais
29/03/2024,05/10/2024,12/10/2024,1147.65,HL1A6VJ,80 m² Appartement ∙ 2 chambres ∙ 6 personnes,Nendaz - Valais
29/03/2024,12/10/2024,19/10/2024,1147.65,HL1A6VJ,80 m² Appartement ∙ 2 chambres ∙ 6 personnes,Nendaz - Valais
29/03/2024,19/10/2024,26/10/2024,1147.65,HL1A6VJ,80 m² Appartement ∙ 2 chambres ∙ 6 personnes,Nendaz - Valais
29/03/2024,26/10/2024,02/11/2024,1147.65,HL1A6VJ,80 m² Appartement ∙ 2 chambres ∙ 6 personnes,Nendaz - Valais
29/03/2024,30/03/2024,06/04/2024,647.87,HXVW94F,Appartement ∙ 1 chambre ∙ 4 personnes,Grächen - Valais
29/03/2024,06/04/2024,13/04/2024,635.12,HXVW94F,Appartement ∙ 1 chambre ∙ 4 personnes,Grächen - Valais
29/03/2024,13/04/2024,20/04/2024,503.90,HXVW94F,Appartement ∙ 1 chambre ∙ 4 personnes,Grächen - Valais
29/03/2024,20/04/2024,27/04/2024,503.90,HXVW94F,Appartement ∙ 1 chambre ∙ 4 personnes,Grächen - Valais
29/03/2024,27/04/2024,04/05/2024,503.90,HXVW94F,Appartement ∙ 1 chambre ∙ 4 personnes,Grächen - Valais
29/03/2024,04/05/2024,11/05/2024,503.90,HXVW94F,Appartement ∙ 1 chambre ∙ 4 personnes,Grächen - Valais
29/03/2024,11/05/2024,18/05/2024,503.90,HXVW94F,Appartement ∙ 1 chambre ∙ 4 personnes,Grächen - Valais
29/03/2024,18/05/2024,25/05/2024,503.90,HXVW94F,Appartement ∙ 1 chambre ∙ 4 personnes,Grächen - Valais
29/03/2024,08/06/2024,15/06/2024,503.90,HXVW94F,Appartement ∙ 1 chambre ∙ 4 personnes,Grächen - Valais
29/03/2024,15/06/2024,22/06/2024,503.90,HXVW94F,Appartement ∙ 1 chambre ∙ 4 personnes,Grächen - Valais
29/03/2024,13/07/2024,20/07/2024,503.90,HXVW94F,Appartement ∙ 1 chambre ∙ 4 personnes,Grächen - Valais
29/03/2024,20/04/2024,27/04/2024,422.20,HLSPRX6,40 m² Appartement ∙ 1 chambre ∙ 2 personnes,Ayent - Valais
29/03/2024,27/04/2024,04/05/2024,422.20,HLSPRX6,40 m² Appartement ∙ 1 chambre ∙ 2 personnes,Ayent - Valais
29/03/2024,01/06/2024,08/06/2024,422.20,HLSPRX6,40 m² Appartement ∙ 1 chambre ∙ 2 personnes,Ayent - Valais
29/03/2024,22/06/2024,29/06/2024,468.32,HLSPRX6,40 m² Appartement ∙ 1 chambre ∙ 2 personnes,Ayent - Valais
29/03/2024,20/07/2024,27/07/2024,745.05,HLSPRX6,40 m² Appartement ∙ 1 chambre ∙ 2 personnes,Ayent - Valais
29/03/2024,03/08/2024,10/08/2024,860.95,HLSPRX6,40 m² Appartement ∙ 1 chambre ∙ 2 personnes,Ayent - Valais
29/03/2024,10/08/2024,17/08/2024,826.65,HLSPRX6,40 m² Appartement ∙ 1 chambre ∙ 2 personnes,Ayent - Valais
29/03/2024,17/08/2024,24/08/2024,763.97,HLSPRX6,40 m² Appartement ∙ 1 chambre ∙ 2 personnes,Ayent - Valais
29/03/2024,24/08/2024,31/08/2024,743.87,HLSPRX6,40 m² Appartement ∙ 1 chambre ∙ 2 personnes,Ayent - Valais
29/03/2024,31/08/2024,07/09/2024,792.36,HLSPRX6,40 m² Appartement ∙ 1 chambre ∙ 2 personnes,Ayent - Valais
29/03/2024,07/09/2024,14/09/2024,695.38,HLSPRX6,40 m² Appartement ∙ 1 chambre ∙ 2 personnes,Ayent - Valais
29/03/2024,14/09/2024,21/09/2024,503.80,HLSPRX6,40 m² Appartement ∙ 1 chambre ∙ 2 personnes,Ayent - Valais
29/03/2024,21/09/2024,28/09/2024,441.12,HLSPRX6,40 m² Appartement ∙ 1 chambre ∙ 2 personnes,Ayent - Valais
29/03/2024,28/09/2024,05/10/2024,422.20,HLSPRX6,40 m² Appartement ∙ 1 chambre ∙ 2 personnes,Ayent - Valais
29/03/2024,05/10/2024,12/10/2024,422.20,HLSPRX6,40 m² Appartement ∙ 1 chambre ∙ 2 personnes,Ayent - Valais
29/03/2024,12/10/2024,19/10/2024,451.76,HLSPRX6,40 m² Appartement ∙ 1 chambre ∙ 2 personnes,Ayent - Valais
29/03/2024,19/10/2024,26/10/2024,463.59,HLSPRX6,40 m² Appartement ∙ 1 chambre ∙ 2 personnes,Ayent - Valais
29/03/2024,26/10/2024,02/11/2024,463.59,HLSPRX6,40 m² Appartement ∙ 1 chambre ∙ 2 personnes,Ayent - Valais
29/03/2024,20/04/2024,27/04/2024,1361.55,H7HV8LN,73 m² Appartement ∙ 1 chambre ∙ 2 personnes,Zermatt - Valais
29/03/2024,11/05/2024,18/05/2024,1168.22,H7HV8LN,73 m² Appartement ∙ 1 chambre ∙ 2 personnes,Zermatt - Valais
29/03/2024,18/05/2024,25/05/2024,1168.22,H7HV8LN,73 m² Appartement ∙ 1 chambre ∙ 2 personnes,Zermatt - Valais
29/03/2024,25/05/2024,01/06/2024,1168.22,H7HV8LN,73 m² Appartement ∙ 1 chambre ∙ 2 personnes,Zermatt - Valais
29/03/2024,01/06/2024,08/06/2024,1168.22,H7HV8LN,73 m² Appartement ∙ 1 chambre ∙ 2 personnes,Zermatt - Valais
29/03/2024,08/06/2024,15/06/2024,1168.22,H7HV8LN,73 m² Appartement ∙ 1 chambre ∙ 2 personnes,Zermatt - Valais
29/03/2024,15/06/2024,22/06/2024,1168.22,H7HV8LN,73 m² Appartement ∙ 1 chambre ∙ 2 personnes,Zermatt - Valais
29/03/2024,22/06/2024,29/06/2024,1168.22,H7HV8LN,73 m² Appartement ∙ 1 chambre ∙ 2 personnes,Zermatt - Valais
29/03/2024,29/06/2024,06/07/2024,1393.43,H7HV8LN,73 m² Appartement ∙ 1 chambre ∙ 2 personnes,Zermatt - Valais
29/03/2024,13/07/2024,20/07/2024,1393.43,H7HV8LN,73 m² Appartement ∙ 1 chambre ∙ 2 personnes,Zermatt - Valais
29/03/2024,20/07/2024,27/07/2024,1393.43,H7HV8LN,73 m² Appartement ∙ 1 chambre ∙ 2 personnes,Zermatt - Valais
29/03/2024,10/08/2024,17/08/2024,1393.43,H7HV8LN,73 m² Appartement ∙ 1 chambre ∙ 2 personnes,Zermatt - Valais
29/03/2024,31/08/2024,07/09/2024,1168.22,H7HV8LN,73 m² Appartement ∙ 1 chambre ∙ 2 personnes,Zermatt - Valais
29/03/2024,07/09/2024,14/09/2024,1168.22,H7HV8LN,73 m² Appartement ∙ 1 chambre ∙ 2 personnes,Zermatt - Valais
29/03/2024,14/09/2024,21/09/2024,1168.22,H7HV8LN,73 m² Appartement ∙ 1 chambre ∙ 2 personnes,Zermatt - Valais
29/03/2024,21/09/2024,28/09/2024,1168.22,H7HV8LN,73 m² Appartement ∙ 1 chambre ∙ 2 personnes,Zermatt - Valais
29/03/2024,28/09/2024,05/10/2024,1168.22,H7HV8LN,73 m² Appartement ∙ 1 chambre ∙ 2 personnes,Zermatt - Valais
29/03/2024,05/10/2024,12/10/2024,1168.22,H7HV8LN,73 m² Appartement ∙ 1 chambre ∙ 2 personnes,Zermatt - Valais
29/03/2024,12/10/2024,19/10/2024,1168.22,H7HV8LN,73 m² Appartement ∙ 1 chambre ∙ 2 personnes,Zermatt - Valais
29/03/2024,19/10/2024,26/10/2024,1168.22,H7HV8LN,73 m² Appartement ∙ 1 chambre ∙ 2 personnes,Zermatt - Valais
29/03/2024,26/10/2024,02/11/2024,1168.22,H7HV8LN,73 m² Appartement ∙ 1 chambre ∙ 2 personnes,Zermatt - Valais
29/03/2024,27/04/2024,04/05/2024,616.19,HY6BERC,55 m² Appartement ∙ 1 chambre ∙ 4 personnes,Saas Fee - Valais
29/03/2024,04/05/2024,11/05/2024,616.19,HY6BERC,55 m² Appartement ∙ 1 chambre ∙ 4 personnes,Saas Fee - Valais
29/03/2024,11/05/2024,18/05/2024,616.19,HY6BERC,55 m² Appartement ∙ 1 chambre ∙ 4 personnes,Saas Fee - Valais
29/03/2024,18/05/2024,25/05/2024,616.19,HY6BERC,55 m² Appartement ∙ 1 chambre ∙ 4 personnes,Saas Fee - Valais
29/03/2024,25/05/2024,01/06/2024,616.19,HY6BERC,55 m² Appartement ∙ 1 chambre ∙ 4 personnes,Saas Fee - Valais
29/03/2024,07/09/2024,14/09/2024,616.19,HY6BERC,55 m² Appartement ∙ 1 chambre ∙ 4 personnes,Saas Fee - Valais
29/03/2024,14/09/2024,21/09/2024,616.19,HY6BERC,55 m² Appartement ∙ 1 chambre ∙ 4 personnes,Saas Fee - Valais
29/03/2024,05/10/2024,12/10/2024,616.19,HY6BERC,55 m² Appartement ∙ 1 chambre ∙ 4 personnes,Saas Fee - Valais
29/03/2024,12/10/2024,19/10/2024,616.19,HY6BERC,55 m² Appartement ∙ 1 chambre ∙ 4 personnes,Saas Fee - Valais
29/03/2024,19/10/2024,26/10/2024,616.19,HY6BERC,55 m² Appartement ∙ 1 chambre ∙ 4 personnes,Saas Fee - Valais
29/03/2024,26/10/2024,02/11/2024,616.19,HY6BERC,55 m² Appartement ∙ 1 chambre ∙ 4 personnes,Saas Fee - Valais
29/03/2024,25/05/2024,01/06/2024,1132.85,H8GLZBH,76 m² Appartement ∙ 2 chambres ∙ 4 personnes,Zermatt - Valais
29/03/2024,01/06/2024,08/06/2024,1132.85,H8GLZBH,76 m² Appartement ∙ 2 chambres ∙ 4 personnes,Zermatt - Valais
29/03/2024,13/07/2024,20/07/2024,1320.12,H8GLZBH,76 m² Appartement ∙ 2 chambres ∙ 4 personnes,Zermatt - Valais
29/03/2024,31/08/2024,07/09/2024,1132.85,H8GLZBH,76 m² Appartement ∙ 2 chambres ∙ 4 personnes,Zermatt - Valais
29/03/2024,07/09/2024,14/09/2024,1132.85,H8GLZBH,76 m² Appartement ∙ 2 chambres ∙ 4 personnes,Zermatt - Valais
29/03/2024,14/09/2024,21/09/2024,1132.85,H8GLZBH,76 m² Appartement ∙ 2 chambres ∙ 4 personnes,Zermatt - Valais
29/03/2024,21/09/2024,28/09/2024,1132.85,H8GLZBH,76 m² Appartement ∙ 2 chambres ∙ 4 personnes,Zermatt - Valais
29/03/2024,28/09/2024,05/10/2024,1132.85,H8GLZBH,76 m² Appartement ∙ 2 chambres ∙ 4 personnes,Zermatt - Valais
29/03/2024,19/10/2024,26/10/2024,1132.85,H8GLZBH,76 m² Appartement ∙ 2 chambres ∙ 4 personnes,Zermatt - Valais
29/03/2024,26/10/2024,02/11/2024,1132.85,H8GLZBH,76 m² Appartement ∙ 2 chambres ∙ 4 personnes,Zermatt - Valais
29/03/2024,06/04/2024,13/04/2024,1572.16,HYZ2SU0,63 m² Appartement ∙ 2 chambres ∙ 4 personnes,Saas Fee - Valais
29/03/2024,13/04/2024,20/04/2024,703.79,HHW1LJU,48 m² Appartement ∙ 1 chambre ∙ 4 personnes,Lens - Valais
29/03/2024,20/04/2024,27/04/2024,703.79,HHW1LJU,48 m² Appartement ∙ 1 chambre ∙ 4 personnes,Lens - Valais
29/03/2024,27/04/2024,04/05/2024,703.79,HHW1LJU,48 m² Appartement ∙ 1 chambre ∙ 4 personnes,Lens - Valais
29/03/2024,04/05/2024,11/05/2024,703.79,HHW1LJU,48 m² Appartement ∙ 1 chambre ∙ 4 personnes,Lens - Valais
29/03/2024,11/05/2024,18/05/2024,703.79,HHW1LJU,48 m² Appartement ∙ 1 chambre ∙ 4 personnes,Lens - Valais
29/03/2024,18/05/2024,25/05/2024,703.79,HHW1LJU,48 m² Appartement ∙ 1 chambre ∙ 4 personnes,Lens - Valais
29/03/2024,25/05/2024,01/06/2024,703.79,HHW1LJU,48 m² Appartement ∙ 1 chambre ∙ 4 personnes,Lens - Valais
29/03/2024,01/06/2024,08/06/2024,703.79,HHW1LJU,48 m² Appartement ∙ 1 chambre ∙ 4 personnes,Lens - Valais
29/03/2024,15/06/2024,22/06/2024,703.79,HHW1LJU,48 m² Appartement ∙ 1 chambre ∙ 4 personnes,Lens - Valais
29/03/2024,22/06/2024,29/06/2024,703.79,HHW1LJU,48 m² Appartement ∙ 1 chambre ∙ 4 personnes,Lens - Valais
29/03/2024,29/06/2024,06/07/2024,703.79,HHW1LJU,48 m² Appartement ∙ 1 chambre ∙ 4 personnes,Lens - Valais
29/03/2024,06/07/2024,13/07/2024,854.01,HHW1LJU,48 m² Appartement ∙ 1 chambre ∙ 4 personnes,Lens - Valais
29/03/2024,24/08/2024,31/08/2024,703.79,HHW1LJU,48 m² Appartement ∙ 1 chambre ∙ 4 personnes,Lens - Valais
29/03/2024,21/09/2024,28/09/2024,703.79,HHW1LJU,48 m² Appartement ∙ 1 chambre ∙ 4 personnes,Lens - Valais
29/03/2024,28/09/2024,05/10/2024,703.79,HHW1LJU,48 m² Appartement ∙ 1 chambre ∙ 4 personnes,Lens - Valais
29/03/2024,05/10/2024,12/10/2024,703.79,HHW1LJU,48 m² Appartement ∙ 1 chambre ∙ 4 personnes,Lens - Valais
29/03/2024,12/10/2024,19/10/2024,703.79,HHW1LJU,48 m² Appartement ∙ 1 chambre ∙ 4 personnes,Lens - Valais
29/03/2024,19/10/2024,26/10/2024,703.79,HHW1LJU,48 m² Appartement ∙ 1 chambre ∙ 4 personnes,Lens - Valais
29/03/2024,26/10/2024,02/11/2024,703.79,HHW1LJU,48 m² Appartement ∙ 1 chambre ∙ 4 personnes,Lens - Valais
29/03/2024,06/04/2024,13/04/2024,1845.00,HZRD9XW,180 m² Maison de vacances ∙ 4 chambres ∙ 10 personnes,Val-d'Illiez - Valais
29/03/2024,06/04/2024,13/04/2024,981.83,HA3FGWP,76 m² Appartement ∙ 2 chambres ∙ 4 personnes,Bürchen - Valais
29/03/2024,13/04/2024,20/04/2024,981.83,HA3FGWP,76 m² Appartement ∙ 2 chambres ∙ 4 personnes,Bürchen - Valais
29/03/2024,20/04/2024,27/04/2024,981.83,HA3FGWP,76 m² Appartement ∙ 2 chambres ∙ 4 personnes,Bürchen - Valais
29/03/2024,27/04/2024,04/05/2024,981.83,HA3FGWP,76 m² Appartement ∙ 2 chambres ∙ 4 personnes,Bürchen - Valais
29/03/2024,04/05/2024,11/05/2024,981.83,HA3FGWP,76 m² Appartement ∙ 2 chambres ∙ 4 personnes,Bürchen - Valais
29/03/2024,11/05/2024,18/05/2024,981.83,HA3FGWP,76 m² Appartement ∙ 2 chambres ∙ 4 personnes,Bürchen - Valais
29/03/2024,25/05/2024,01/06/2024,981.83,HA3FGWP,76 m² Appartement ∙ 2 chambres ∙ 4 personnes,Bürchen - Valais
29/03/2024,01/06/2024,08/06/2024,1056.88,HA3FGWP,76 m² Appartement ∙ 2 chambres ∙ 4 personnes,Bürchen - Valais
29/03/2024,08/06/2024,15/06/2024,1056.88,HA3FGWP,76 m² Appartement ∙ 2 chambres ∙ 4 personnes,Bürchen - Valais
29/03/2024,15/06/2024,22/06/2024,1056.88,HA3FGWP,76 m² Appartement ∙ 2 chambres ∙ 4 personnes,Bürchen - Valais
29/03/2024,22/06/2024,29/06/2024,1056.88,HA3FGWP,76 m² Appartement ∙ 2 chambres ∙ 4 personnes,Bürchen - Valais
29/03/2024,29/06/2024,06/07/2024,1056.88,HA3FGWP,76 m² Appartement ∙ 2 chambres ∙ 4 personnes,Bürchen - Valais
29/03/2024,06/07/2024,13/07/2024,1131.93,HA3FGWP,76 m² Appartement ∙ 2 chambres ∙ 4 personnes,Bürchen - Valais
29/03/2024,13/07/2024,20/07/2024,1131.93,HA3FGWP,76 m² Appartement ∙ 2 chambres ∙ 4 personnes,Bürchen - Valais
29/03/2024,20/07/2024,27/07/2024,1131.93,HA3FGWP,76 m² Appartement ∙ 2 chambres ∙ 4 personnes,Bürchen - Valais
29/03/2024,27/07/2024,03/08/2024,1131.93,HA3FGWP,76 m² Appartement ∙ 2 chambres ∙ 4 personnes,Bürchen - Valais
29/03/2024,03/08/2024,10/08/2024,1131.93,HA3FGWP,76 m² Appartement ∙ 2 chambres ∙ 4 personnes,Bürchen - Valais
29/03/2024,10/08/2024,17/08/2024,1131.93,HA3FGWP,76 m² Appartement ∙ 2 chambres ∙ 4 personnes,Bürchen - Valais
29/03/2024,17/08/2024,24/08/2024,1131.93,HA3FGWP,76 m² Appartement ∙ 2 chambres ∙ 4 personnes,Bürchen - Valais
29/03/2024,24/08/2024,31/08/2024,1131.93,HA3FGWP,76 m² Appartement ∙ 2 chambres ∙ 4 personnes,Bürchen - Valais
29/03/2024,31/08/2024,07/09/2024,1068.19,HA3FGWP,76 m² Appartement ∙ 2 chambres ∙ 4 personnes,Bürchen - Valais
29/03/2024,07/09/2024,14/09/2024,1056.88,HA3FGWP,76 m² Appartement ∙ 2 chambres ∙ 4 personnes,Bürchen - Valais
29/03/2024,14/09/2024,21/09/2024,1056.88,HA3FGWP,76 m² Appartement ∙ 2 chambres ∙ 4 personnes,Bürchen - Valais
29/03/2024,21/09/2024,28/09/2024,1056.88,HA3FGWP,76 m² Appartement ∙ 2 chambres ∙ 4 personnes,Bürchen - Valais
29/03/2024,28/09/2024,05/10/2024,1056.88,HA3FGWP,76 m² Appartement ∙ 2 chambres ∙ 4 personnes,Bürchen - Valais
29/03/2024,05/10/2024,12/10/2024,1056.88,HA3FGWP,76 m² Appartement ∙ 2 chambres ∙ 4 personnes,Bürchen - Valais
29/03/2024,12/10/2024,19/10/2024,1056.88,HA3FGWP,76 m² Appartement ∙ 2 chambres ∙ 4 personnes,Bürchen - Valais
29/03/2024,19/10/2024,26/10/2024,981.83,HA3FGWP,76 m² Appartement ∙ 2 chambres ∙ 4 personnes,Bürchen - Valais
29/03/2024,26/10/2024,02/11/2024,981.83,HA3FGWP,76 m² Appartement ∙ 2 chambres ∙ 4 personnes,Bürchen - Valais
29/03/2024,06/04/2024,13/04/2024,608.00,HJ4E1H2,85 m² Villa ∙ 2 chambres ∙ 4 personnes,Grächen - Valais
29/03/2024,13/04/2024,20/04/2024,792.00,HJ4E1H2,85 m² Villa ∙ 2 chambres ∙ 4 personnes,Grächen - Valais
29/03/2024,20/04/2024,27/04/2024,792.00,HJ4E1H2,85 m² Villa ∙ 2 chambres ∙ 4 personnes,Grächen - Valais
29/03/2024,27/04/2024,04/05/2024,792.00,HJ4E1H2,85 m² Villa ∙ 2 chambres ∙ 4 personnes,Grächen - Valais
29/03/2024,04/05/2024,11/05/2024,792.00,HJ4E1H2,85 m² Villa ∙ 2 chambres ∙ 4 personnes,Grächen - Valais
29/03/2024,11/05/2024,18/05/2024,792.00,HJ4E1H2,85 m² Villa ∙ 2 chambres ∙ 4 personnes,Grächen - Valais
29/03/2024,18/05/2024,25/05/2024,792.00,HJ4E1H2,85 m² Villa ∙ 2 chambres ∙ 4 personnes,Grächen - Valais
29/03/2024,25/05/2024,01/06/2024,792.00,HJ4E1H2,85 m² Villa ∙ 2 chambres ∙ 4 personnes,Grächen - Valais
29/03/2024,15/06/2024,22/06/2024,792.00,HJ4E1H2,85 m² Villa ∙ 2 chambres ∙ 4 personnes,Grächen - Valais
29/03/2024,06/07/2024,13/07/2024,1042.00,HJ4E1H2,85 m² Villa ∙ 2 chambres ∙ 4 personnes,Grächen - Valais
29/03/2024,13/07/2024,20/07/2024,1125.00,HJ4E1H2,85 m² Villa ∙ 2 chambres ∙ 4 personnes,Grächen - Valais
29/03/2024,10/08/2024,17/08/2024,1125.00,HJ4E1H2,85 m² Villa ∙ 2 chambres ∙ 4 personnes,Grächen - Valais
29/03/2024,17/08/2024,24/08/2024,1042.00,HJ4E1H2,85 m² Villa ∙ 2 chambres ∙ 4 personnes,Grächen - Valais
29/03/2024,24/08/2024,31/08/2024,1042.00,HJ4E1H2,85 m² Villa ∙ 2 chambres ∙ 4 personnes,Grächen - Valais
29/03/2024,21/09/2024,28/09/2024,792.00,HJ4E1H2,85 m² Villa ∙ 2 chambres ∙ 4 personnes,Grächen - Valais
29/03/2024,28/09/2024,05/10/2024,792.00,HJ4E1H2,85 m² Villa ∙ 2 chambres ∙ 4 personnes,Grächen - Valais
29/03/2024,05/10/2024,12/10/2024,792.00,HJ4E1H2,85 m² Villa ∙ 2 chambres ∙ 4 personnes,Grächen - Valais
29/03/2024,12/10/2024,19/10/2024,792.00,HJ4E1H2,85 m² Villa ∙ 2 chambres ∙ 4 personnes,Grächen - Valais
29/03/2024,19/10/2024,26/10/2024,792.00,HJ4E1H2,85 m² Villa ∙ 2 chambres ∙ 4 personnes,Grächen - Valais
29/03/2024,26/10/2024,02/11/2024,792.00,HJ4E1H2,85 m² Villa ∙ 2 chambres ∙ 4 personnes,Grächen - Valais
29/03/2024,30/03/2024,06/04/2024,3054.75,HRU36NJ,83 m² Appartement ∙ 2 chambres ∙ 5 personnes,Saas Fee - Valais
29/03/2024,13/04/2024,20/04/2024,3054.75,HRU36NJ,83 m² Appartement ∙ 2 chambres ∙ 5 personnes,Saas Fee - Valais
29/03/2024,20/04/2024,27/04/2024,2121.82,HRU36NJ,83 m² Appartement ∙ 2 chambres ∙ 5 personnes,Saas Fee - Valais
29/03/2024,27/04/2024,04/05/2024,1976.61,HRU36NJ,83 m² Appartement ∙ 2 chambres ∙ 5 personnes,Saas Fee - Valais
29/03/2024,04/05/2024,11/05/2024,1976.61,HRU36NJ,83 m² Appartement ∙ 2 chambres ∙ 5 personnes,Saas Fee - Valais
29/03/2024,11/05/2024,18/05/2024,1976.61,HRU36NJ,83 m² Appartement ∙ 2 chambres ∙ 5 personnes,Saas Fee - Valais
29/03/2024,18/05/2024,25/05/2024,1976.61,HRU36NJ,83 m² Appartement ∙ 2 chambres ∙ 5 personnes,Saas Fee - Valais
29/03/2024,25/05/2024,01/06/2024,1976.61,HRU36NJ,83 m² Appartement ∙ 2 chambres ∙ 5 personnes,Saas Fee - Valais
29/03/2024,01/06/2024,08/06/2024,1976.61,HRU36NJ,83 m² Appartement ∙ 2 chambres ∙ 5 personnes,Saas Fee - Valais
29/03/2024,08/06/2024,15/06/2024,1976.61,HRU36NJ,83 m² Appartement ∙ 2 chambres ∙ 5 personnes,Saas Fee - Valais
29/03/2024,15/06/2024,22/06/2024,1976.61,HRU36NJ,83 m² Appartement ∙ 2 chambres ∙ 5 personnes,Saas Fee - Valais
29/03/2024,22/06/2024,29/06/2024,1976.61,HRU36NJ,83 m² Appartement ∙ 2 chambres ∙ 5 personnes,Saas Fee - Valais
29/03/2024,29/06/2024,06/07/2024,1976.61,HRU36NJ,83 m² Appartement ∙ 2 chambres ∙ 5 personnes,Saas Fee - Valais
29/03/2024,06/07/2024,13/07/2024,1976.61,HRU36NJ,83 m² Appartement ∙ 2 chambres ∙ 5 personnes,Saas Fee - Valais
29/03/2024,13/07/2024,20/07/2024,2469.47,HRU36NJ,83 m² Appartement ∙ 2 chambres ∙ 5 personnes,Saas Fee - Valais
29/03/2024,20/07/2024,27/07/2024,2469.47,HRU36NJ,83 m² Appartement ∙ 2 chambres ∙ 5 personnes,Saas Fee - Valais
29/03/2024,27/07/2024,03/08/2024,2469.47,HRU36NJ,83 m² Appartement ∙ 2 chambres ∙ 5 personnes,Saas Fee - Valais
29/03/2024,03/08/2024,10/08/2024,2469.47,HRU36NJ,83 m² Appartement ∙ 2 chambres ∙ 5 personnes,Saas Fee - Valais
29/03/2024,10/08/2024,17/08/2024,2469.47,HRU36NJ,83 m² Appartement ∙ 2 chambres ∙ 5 personnes,Saas Fee - Valais
29/03/2024,17/08/2024,24/08/2024,2469.47,HRU36NJ,83 m² Appartement ∙ 2 chambres ∙ 5 personnes,Saas Fee - Valais
29/03/2024,24/08/2024,31/08/2024,2469.47,HRU36NJ,83 m² Appartement ∙ 2 chambres ∙ 5 personnes,Saas Fee - Valais
29/03/2024,31/08/2024,07/09/2024,2042.61,HRU36NJ,83 m² Appartement ∙ 2 chambres ∙ 5 personnes,Saas Fee - Valais
29/03/2024,07/09/2024,14/09/2024,1976.61,HRU36NJ,83 m² Appartement ∙ 2 chambres ∙ 5 personnes,Saas Fee - Valais
29/03/2024,14/09/2024,21/09/2024,1976.61,HRU36NJ,83 m² Appartement ∙ 2 chambres ∙ 5 personnes,Saas Fee - Valais
29/03/2024,21/09/2024,28/09/2024,1976.61,HRU36NJ,83 m² Appartement ∙ 2 chambres ∙ 5 personnes,Saas Fee - Valais
29/03/2024,28/09/2024,05/10/2024,1848.10,HRU36NJ,83 m² Appartement ∙ 2 chambres ∙ 5 personnes,Saas Fee - Valais
29/03/2024,05/10/2024,12/10/2024,1848.10,HRU36NJ,83 m² Appartement ∙ 2 chambres ∙ 5 personnes,Saas Fee - Valais
29/03/2024,12/10/2024,19/10/2024,1848.10,HRU36NJ,83 m² Appartement ∙ 2 chambres ∙ 5 personnes,Saas Fee - Valais
29/03/2024,19/10/2024,26/10/2024,1848.10,HRU36NJ,83 m² Appartement ∙ 2 chambres ∙ 5 personnes,Saas Fee - Valais
29/03/2024,26/10/2024,02/11/2024,1848.10,HRU36NJ,83 m² Appartement ∙ 2 chambres ∙ 5 personnes,Saas Fee - Valais
29/03/2024,27/04/2024,04/05/2024,1001.37,HY8KF46,45 m² Appartement ∙ 1 chambre ∙ 4 personnes,Saint-Léonard - Valais
29/03/2024,22/06/2024,29/06/2024,1001.37,HY8KF46,45 m² Appartement ∙ 1 chambre ∙ 4 personnes,Saint-Léonard - Valais
29/03/2024,10/08/2024,17/08/2024,1001.37,HY8KF46,45 m² Appartement ∙ 1 chambre ∙ 4 personnes,Saint-Léonard - Valais
29/03/2024,21/09/2024,28/09/2024,1001.37,HY8KF46,45 m² Appartement ∙ 1 chambre ∙ 4 personnes,Saint-Léonard - Valais
29/03/2024,28/09/2024,05/10/2024,1001.37,HY8KF46,45 m² Appartement ∙ 1 chambre ∙ 4 personnes,Saint-Léonard - Valais
29/03/2024,05/10/2024,12/10/2024,1001.37,HY8KF46,45 m² Appartement ∙ 1 chambre ∙ 4 personnes,Saint-Léonard - Valais
29/03/2024,12/10/2024,19/10/2024,1001.37,HY8KF46,45 m² Appartement ∙ 1 chambre ∙ 4 personnes,Saint-Léonard - Valais
29/03/2024,19/10/2024,26/10/2024,1001.37,HY8KF46,45 m² Appartement ∙ 1 chambre ∙ 4 personnes,Saint-Léonard - Valais
29/03/2024,26/10/2024,02/11/2024,1067.17,HY8KF46,45 m² Appartement ∙ 1 chambre ∙ 4 personnes,Saint-Léonard - Valais
29/03/2024,04/05/2024,11/05/2024,1462.98,H38XSWR,70 m² Maison de vacances ∙ 2 chambres ∙ 4 personnes,Nendaz - Valais
29/03/2024,11/05/2024,18/05/2024,1462.98,H38XSWR,70 m² Maison de vacances ∙ 2 chambres ∙ 4 personnes,Nendaz - Valais
29/03/2024,08/06/2024,15/06/2024,1462.98,H38XSWR,70 m² Maison de vacances ∙ 2 chambres ∙ 4 personnes,Nendaz - Valais
29/03/2024,15/06/2024,22/06/2024,1462.98,H38XSWR,70 m² Maison de vacances ∙ 2 chambres ∙ 4 personnes,Nendaz - Valais
29/03/2024,22/06/2024,29/06/2024,1462.98,H38XSWR,70 m² Maison de vacances ∙ 2 chambres ∙ 4 personnes,Nendaz - Valais
29/03/2024,29/06/2024,06/07/2024,1594.57,H38XSWR,70 m² Maison de vacances ∙ 2 chambres ∙ 4 personnes,Nendaz - Valais
29/03/2024,06/07/2024,13/07/2024,1594.57,H38XSWR,70 m² Maison de vacances ∙ 2 chambres ∙ 4 personnes,Nendaz - Valais
29/03/2024,13/07/2024,20/07/2024,1739.53,H38XSWR,70 m² Maison de vacances ∙ 2 chambres ∙ 4 personnes,Nendaz - Valais
29/03/2024,20/07/2024,27/07/2024,1739.53,H38XSWR,70 m² Maison de vacances ∙ 2 chambres ∙ 4 personnes,Nendaz - Valais
29/03/2024,17/08/2024,24/08/2024,1462.98,H38XSWR,70 m² Maison de vacances ∙ 2 chambres ∙ 4 personnes,Nendaz - Valais
29/03/2024,24/08/2024,31/08/2024,1462.98,H38XSWR,70 m² Maison de vacances ∙ 2 chambres ∙ 4 personnes,Nendaz - Valais
29/03/2024,31/08/2024,07/09/2024,1462.98,H38XSWR,70 m² Maison de vacances ∙ 2 chambres ∙ 4 personnes,Nendaz - Valais
29/03/2024,07/09/2024,14/09/2024,1462.98,H38XSWR,70 m² Maison de vacances ∙ 2 chambres ∙ 4 personnes,Nendaz - Valais
29/03/2024,14/09/2024,21/09/2024,1462.98,H38XSWR,70 m² Maison de vacances ∙ 2 chambres ∙ 4 personnes,Nendaz - Valais
29/03/2024,21/09/2024,28/09/2024,1462.98,H38XSWR,70 m² Maison de vacances ∙ 2 chambres ∙ 4 personnes,Nendaz - Valais
29/03/2024,28/09/2024,05/10/2024,1462.98,H38XSWR,70 m² Maison de vacances ∙ 2 chambres ∙ 4 personnes,Nendaz - Valais
29/03/2024,05/10/2024,12/10/2024,1462.98,H38XSWR,70 m² Maison de vacances ∙ 2 chambres ∙ 4 personnes,Nendaz - Valais
29/03/2024,19/10/2024,26/10/2024,1462.98,H38XSWR,70 m² Maison de vacances ∙ 2 chambres ∙ 4 personnes,Nendaz - Valais
29/03/2024,26/10/2024,02/11/2024,1462.98,H38XSWR,70 m² Maison de vacances ∙ 2 chambres ∙ 4 personnes,Nendaz - Valais
29/03/2024,06/04/2024,13/04/2024,1438.30,HDXC2ZJ,120 m² Maison de vacances ∙ 2 chambres ∙ 6 personnes,Vex - Valais
29/03/2024,13/04/2024,20/04/2024,1262.50,HDXC2ZJ,120 m² Maison de vacances ∙ 2 chambres ∙ 6 personnes,Vex - Valais
29/03/2024,20/04/2024,27/04/2024,1219.32,HDXC2ZJ,120 m² Maison de vacances ∙ 2 chambres ∙ 6 personnes,Vex - Valais
29/03/2024,27/04/2024,04/05/2024,1219.32,HDXC2ZJ,120 m² Maison de vacances ∙ 2 chambres ∙ 6 personnes,Vex - Valais
29/03/2024,04/05/2024,11/05/2024,1219.32,HDXC2ZJ,120 m² Maison de vacances ∙ 2 chambres ∙ 6 personnes,Vex - Valais
29/03/2024,11/05/2024,18/05/2024,1219.32,HDXC2ZJ,120 m² Maison de vacances ∙ 2 chambres ∙ 6 personnes,Vex - Valais
29/03/2024,18/05/2024,25/05/2024,1219.32,HDXC2ZJ,120 m² Maison de vacances ∙ 2 chambres ∙ 6 personnes,Vex - Valais
29/03/2024,25/05/2024,01/06/2024,1219.32,HDXC2ZJ,120 m² Maison de vacances ∙ 2 chambres ∙ 6 personnes,Vex - Valais
29/03/2024,01/06/2024,08/06/2024,1219.32,HDXC2ZJ,120 m² Maison de vacances ∙ 2 chambres ∙ 6 personnes,Vex - Valais
29/03/2024,08/06/2024,15/06/2024,1219.32,HDXC2ZJ,120 m² Maison de vacances ∙ 2 chambres ∙ 6 personnes,Vex - Valais
29/03/2024,15/06/2024,22/06/2024,1219.32,HDXC2ZJ,120 m² Maison de vacances ∙ 2 chambres ∙ 6 personnes,Vex - Valais
29/03/2024,06/07/2024,13/07/2024,1534.94,HDXC2ZJ,120 m² Maison de vacances ∙ 2 chambres ∙ 6 personnes,Vex - Valais
29/03/2024,13/07/2024,20/07/2024,1534.94,HDXC2ZJ,120 m² Maison de vacances ∙ 2 chambres ∙ 6 personnes,Vex - Valais
29/03/2024,20/07/2024,27/07/2024,1534.94,HDXC2ZJ,120 m² Maison de vacances ∙ 2 chambres ∙ 6 personnes,Vex - Valais
29/03/2024,27/07/2024,03/08/2024,1534.94,HDXC2ZJ,120 m² Maison de vacances ∙ 2 chambres ∙ 6 personnes,Vex - Valais
29/03/2024,03/08/2024,10/08/2024,1534.94,HDXC2ZJ,120 m² Maison de vacances ∙ 2 chambres ∙ 6 personnes,Vex - Valais
29/03/2024,10/08/2024,17/08/2024,1534.94,HDXC2ZJ,120 m² Maison de vacances ∙ 2 chambres ∙ 6 personnes,Vex - Valais
29/03/2024,17/08/2024,24/08/2024,1534.94,HDXC2ZJ,120 m² Maison de vacances ∙ 2 chambres ∙ 6 personnes,Vex - Valais
29/03/2024,24/08/2024,31/08/2024,1219.32,HDXC2ZJ,120 m² Maison de vacances ∙ 2 chambres ∙ 6 personnes,Vex - Valais
29/03/2024,31/08/2024,07/09/2024,1219.32,HDXC2ZJ,120 m² Maison de vacances ∙ 2 chambres ∙ 6 personnes,Vex - Valais
29/03/2024,07/09/2024,14/09/2024,1219.32,HDXC2ZJ,120 m² Maison de vacances ∙ 2 chambres ∙ 6 personnes,Vex - Valais
29/03/2024,12/10/2024,19/10/2024,1296.43,HDXC2ZJ,120 m² Maison de vacances ∙ 2 chambres ∙ 6 personnes,Vex - Valais
29/03/2024,19/10/2024,26/10/2024,1296.43,HDXC2ZJ,120 m² Maison de vacances ∙ 2 chambres ∙ 6 personnes,Vex - Valais
29/03/2024,30/03/2024,06/04/2024,1440.10,H2JPUE7,59 m² Appartement ∙ 2 chambres ∙ 4 personnes,Saas Grund - Valais
29/03/2024,06/04/2024,13/04/2024,1224.98,H2JPUE7,59 m² Appartement ∙ 2 chambres ∙ 4 personnes,Saas Grund - Valais
29/03/2024,13/04/2024,20/04/2024,1224.98,H2JPUE7,59 m² Appartement ∙ 2 chambres ∙ 4 personnes,Saas Grund - Valais
29/03/2024,04/05/2024,11/05/2024,1257.98,H2JPUE7,59 m² Appartement ∙ 2 chambres ∙ 4 personnes,Saas Grund - Valais
29/03/2024,11/05/2024,18/05/2024,1257.98,H2JPUE7,59 m² Appartement ∙ 2 chambres ∙ 4 personnes,Saas Grund - Valais
29/03/2024,18/05/2024,25/05/2024,1257.98,H2JPUE7,59 m² Appartement ∙ 2 chambres ∙ 4 personnes,Saas Grund - Valais
29/03/2024,25/05/2024,01/06/2024,1257.98,H2JPUE7,59 m² Appartement ∙ 2 chambres ∙ 4 personnes,Saas Grund - Valais
29/03/2024,01/06/2024,08/06/2024,1257.98,H2JPUE7,59 m² Appartement ∙ 2 chambres ∙ 4 personnes,Saas Grund - Valais
29/03/2024,08/06/2024,15/06/2024,1257.98,H2JPUE7,59 m² Appartement ∙ 2 chambres ∙ 4 personnes,Saas Grund - Valais
29/03/2024,15/06/2024,22/06/2024,1257.98,H2JPUE7,59 m² Appartement ∙ 2 chambres ∙ 4 personnes,Saas Grund - Valais
29/03/2024,22/06/2024,29/06/2024,1257.98,H2JPUE7,59 m² Appartement ∙ 2 chambres ∙ 4 personnes,Saas Grund - Valais
29/03/2024,03/08/2024,10/08/2024,1489.60,H2JPUE7,59 m² Appartement ∙ 2 chambres ∙ 4 personnes,Saas Grund - Valais
29/03/2024,07/09/2024,14/09/2024,1334.98,H2JPUE7,59 m² Appartement ∙ 2 chambres ∙ 4 personnes,Saas Grund - Valais
29/03/2024,14/09/2024,21/09/2024,1334.98,H2JPUE7,59 m² Appartement ∙ 2 chambres ∙ 4 personnes,Saas Grund - Valais
29/03/2024,21/09/2024,28/09/2024,1334.98,H2JPUE7,59 m² Appartement ∙ 2 chambres ∙ 4 personnes,Saas Grund - Valais
29/03/2024,28/09/2024,05/10/2024,1334.98,H2JPUE7,59 m² Appartement ∙ 2 chambres ∙ 4 personnes,Saas Grund - Valais
29/03/2024,05/10/2024,12/10/2024,1334.98,H2JPUE7,59 m² Appartement ∙ 2 chambres ∙ 4 personnes,Saas Grund - Valais
29/03/2024,12/10/2024,19/10/2024,1334.98,H2JPUE7,59 m² Appartement ∙ 2 chambres ∙ 4 personnes,Saas Grund - Valais
29/03/2024,19/10/2024,26/10/2024,1334.98,H2JPUE7,59 m² Appartement ∙ 2 chambres ∙ 4 personnes,Saas Grund - Valais
29/03/2024,26/10/2024,02/11/2024,1334.98,H2JPUE7,59 m² Appartement ∙ 2 chambres ∙ 4 personnes,Saas Grund - Valais
29/03/2024,20/04/2024,27/04/2024,694.99,H7YC4JN,68 m² Appartement ∙ 1 chambre ∙ 3 personnes,Crans-Montana - Valais
29/03/2024,27/04/2024,04/05/2024,694.99,H7YC4JN,68 m² Appartement ∙ 1 chambre ∙ 3 personnes,Crans-Montana - Valais
29/03/2024,04/05/2024,11/05/2024,694.99,H7YC4JN,68 m² Appartement ∙ 1 chambre ∙ 3 personnes,Crans-Montana - Valais
29/03/2024,11/05/2024,18/05/2024,694.99,H7YC4JN,68 m² Appartement ∙ 1 chambre ∙ 3 personnes,Crans-Montana - Valais
29/03/2024,18/05/2024,25/05/2024,694.99,H7YC4JN,68 m² Appartement ∙ 1 chambre ∙ 3 personnes,Crans-Montana - Valais
29/03/2024,25/05/2024,01/06/2024,694.99,H7YC4JN,68 m² Appartement ∙ 1 chambre ∙ 3 personnes,Crans-Montana - Valais
29/03/2024,20/07/2024,27/07/2024,949.96,H7YC4JN,68 m² Appartement ∙ 1 chambre ∙ 3 personnes,Crans-Montana - Valais
29/03/2024,06/04/2024,13/04/2024,867.71,HX8TA3D,73 m² Appartement ∙ 2 chambres ∙ 4 personnes,Ernen - Valais
29/03/2024,13/04/2024,20/04/2024,867.71,HX8TA3D,73 m² Appartement ∙ 2 chambres ∙ 4 personnes,Ernen - Valais
29/03/2024,20/04/2024,27/04/2024,867.71,HX8TA3D,73 m² Appartement ∙ 2 chambres ∙ 4 personnes,Ernen - Valais
29/03/2024,27/04/2024,04/05/2024,1047.63,HX8TA3D,73 m² Appartement ∙ 2 chambres ∙ 4 personnes,Ernen - Valais
29/03/2024,04/05/2024,11/05/2024,1047.63,HX8TA3D,73 m² Appartement ∙ 2 chambres ∙ 4 personnes,Ernen - Valais
29/03/2024,18/05/2024,25/05/2024,1047.63,HX8TA3D,73 m² Appartement ∙ 2 chambres ∙ 4 personnes,Ernen - Valais
29/03/2024,25/05/2024,01/06/2024,1047.63,HX8TA3D,73 m² Appartement ∙ 2 chambres ∙ 4 personnes,Ernen - Valais
29/03/2024,01/06/2024,08/06/2024,1047.63,HX8TA3D,73 m² Appartement ∙ 2 chambres ∙ 4 personnes,Ernen - Valais
29/03/2024,08/06/2024,15/06/2024,1047.63,HX8TA3D,73 m² Appartement ∙ 2 chambres ∙ 4 personnes,Ernen - Valais
29/03/2024,22/06/2024,29/06/2024,1047.63,HX8TA3D,73 m² Appartement ∙ 2 chambres ∙ 4 personnes,Ernen - Valais
29/03/2024,29/06/2024,06/07/2024,1047.63,HX8TA3D,73 m² Appartement ∙ 2 chambres ∙ 4 personnes,Ernen - Valais
29/03/2024,06/07/2024,13/07/2024,1346.80,HX8TA3D,73 m² Appartement ∙ 2 chambres ∙ 4 personnes,Ernen - Valais
29/03/2024,17/08/2024,24/08/2024,1346.80,HX8TA3D,73 m² Appartement ∙ 2 chambres ∙ 4 personnes,Ernen - Valais
29/03/2024,24/08/2024,31/08/2024,1346.80,HX8TA3D,73 m² Appartement ∙ 2 chambres ∙ 4 personnes,Ernen - Valais
29/03/2024,31/08/2024,07/09/2024,1197.73,HX8TA3D,73 m² Appartement ∙ 2 chambres ∙ 4 personnes,Ernen - Valais
29/03/2024,07/09/2024,14/09/2024,1197.73,HX8TA3D,73 m² Appartement ∙ 2 chambres ∙ 4 personnes,Ernen - Valais
29/03/2024,14/09/2024,21/09/2024,1197.73,HX8TA3D,73 m² Appartement ∙ 2 chambres ∙ 4 personnes,Ernen - Valais
29/03/2024,21/09/2024,28/09/2024,1047.63,HX8TA3D,73 m² Appartement ∙ 2 chambres ∙ 4 personnes,Ernen - Valais
29/03/2024,28/09/2024,05/10/2024,1047.63,HX8TA3D,73 m² Appartement ∙ 2 chambres ∙ 4 personnes,Ernen - Valais
29/03/2024,05/10/2024,12/10/2024,1047.63,HX8TA3D,73 m² Appartement ∙ 2 chambres ∙ 4 personnes,Ernen - Valais
29/03/2024,12/10/2024,19/10/2024,1047.63,HX8TA3D,73 m² Appartement ∙ 2 chambres ∙ 4 personnes,Ernen - Valais
29/03/2024,19/10/2024,26/10/2024,1047.63,HX8TA3D,73 m² Appartement ∙ 2 chambres ∙ 4 personnes,Ernen - Valais
29/03/2024,26/10/2024,02/11/2024,1047.63,HX8TA3D,73 m² Appartement ∙ 2 chambres ∙ 4 personnes,Ernen - Valais
29/03/2024,13/04/2024,20/04/2024,1564.56,H7JBXNP,39 m² Appartement ∙ 1 chambre ∙ 4 personnes,Saas Fee - Valais
29/03/2024,20/04/2024,27/04/2024,1068.61,H7JBXNP,39 m² Appartement ∙ 1 chambre ∙ 4 personnes,Saas Fee - Valais
29/03/2024,27/04/2024,04/05/2024,1068.61,H7JBXNP,39 m² Appartement ∙ 1 chambre ∙ 4 personnes,Saas Fee - Valais
29/03/2024,04/05/2024,11/05/2024,1068.61,H7JBXNP,39 m² Appartement ∙ 1 chambre ∙ 4 personnes,Saas Fee - Valais
29/03/2024,11/05/2024,18/05/2024,1068.61,H7JBXNP,39 m² Appartement ∙ 1 chambre ∙ 4 personnes,Saas Fee - Valais
29/03/2024,18/05/2024,25/05/2024,1068.61,H7JBXNP,39 m² Appartement ∙ 1 chambre ∙ 4 personnes,Saas Fee - Valais
29/03/2024,25/05/2024,01/06/2024,1068.61,H7JBXNP,39 m² Appartement ∙ 1 chambre ∙ 4 personnes,Saas Fee - Valais
29/03/2024,01/06/2024,08/06/2024,1068.61,H7JBXNP,39 m² Appartement ∙ 1 chambre ∙ 4 personnes,Saas Fee - Valais
29/03/2024,08/06/2024,15/06/2024,1068.61,H7JBXNP,39 m² Appartement ∙ 1 chambre ∙ 4 personnes,Saas Fee - Valais
29/03/2024,15/06/2024,22/06/2024,1068.61,H7JBXNP,39 m² Appartement ∙ 1 chambre ∙ 4 personnes,Saas Fee - Valais
29/03/2024,22/06/2024,29/06/2024,1068.61,H7JBXNP,39 m² Appartement ∙ 1 chambre ∙ 4 personnes,Saas Fee - Valais
29/03/2024,29/06/2024,06/07/2024,1233.93,H7JBXNP,39 m² Appartement ∙ 1 chambre ∙ 4 personnes,Saas Fee - Valais
29/03/2024,06/07/2024,13/07/2024,1233.93,H7JBXNP,39 m² Appartement ∙ 1 chambre ∙ 4 personnes,Saas Fee - Valais
29/03/2024,13/07/2024,20/07/2024,1233.93,H7JBXNP,39 m² Appartement ∙ 1 chambre ∙ 4 personnes,Saas Fee - Valais
29/03/2024,20/07/2024,27/07/2024,1233.93,H7JBXNP,39 m² Appartement ∙ 1 chambre ∙ 4 personnes,Saas Fee - Valais
29/03/2024,31/08/2024,07/09/2024,1156.82,H7JBXNP,39 m² Appartement ∙ 1 chambre ∙ 4 personnes,Saas Fee - Valais
29/03/2024,07/09/2024,14/09/2024,1156.82,H7JBXNP,39 m² Appartement ∙ 1 chambre ∙ 4 personnes,Saas Fee - Valais
29/03/2024,14/09/2024,21/09/2024,1156.82,H7JBXNP,39 m² Appartement ∙ 1 chambre ∙ 4 personnes,Saas Fee - Valais
29/03/2024,21/09/2024,28/09/2024,1156.82,H7JBXNP,39 m² Appartement ∙ 1 chambre ∙ 4 personnes,Saas Fee - Valais
29/03/2024,28/09/2024,05/10/2024,1156.82,H7JBXNP,39 m² Appartement ∙ 1 chambre ∙ 4 personnes,Saas Fee - Valais
29/03/2024,05/10/2024,12/10/2024,1156.82,H7JBXNP,39 m² Appartement ∙ 1 chambre ∙ 4 personnes,Saas Fee - Valais
29/03/2024,12/10/2024,19/10/2024,1156.82,H7JBXNP,39 m² Appartement ∙ 1 chambre ∙ 4 personnes,Saas Fee - Valais
29/03/2024,19/10/2024,26/10/2024,1156.82,H7JBXNP,39 m² Appartement ∙ 1 chambre ∙ 4 personnes,Saas Fee - Valais
29/03/2024,26/10/2024,02/11/2024,1002.81,H7JBXNP,39 m² Appartement ∙ 1 chambre ∙ 4 personnes,Saas Fee - Valais
29/03/2024,27/07/2024,03/08/2024,1922.43,H3Z4TC0,85 m² Appartement ∙ 3 chambres ∙ 8 personnes,Ayent - Valais
29/03/2024,03/08/2024,10/08/2024,1935.44,H3Z4TC0,85 m² Appartement ∙ 3 chambres ∙ 8 personnes,Ayent - Valais
29/03/2024,10/08/2024,17/08/2024,1773.46,H3Z4TC0,85 m² Appartement ∙ 3 chambres ∙ 8 personnes,Ayent - Valais
29/03/2024,17/08/2024,24/08/2024,1552.37,H3Z4TC0,85 m² Appartement ∙ 3 chambres ∙ 8 personnes,Ayent - Valais
29/03/2024,24/08/2024,31/08/2024,1457.79,H3Z4TC0,85 m² Appartement ∙ 3 chambres ∙ 8 personnes,Ayent - Valais
29/03/2024,31/08/2024,07/09/2024,1555.92,H3Z4TC0,85 m² Appartement ∙ 3 chambres ∙ 8 personnes,Ayent - Valais
29/03/2024,05/10/2024,12/10/2024,543.87,H3Z4TC0,85 m² Appartement ∙ 3 chambres ∙ 8 personnes,Ayent - Valais
29/03/2024,13/04/2024,20/04/2024,678.54,H50DB4V,60 m² Appartement ∙ 1 chambre ∙ 4 personnes,Nendaz - Valais
29/03/2024,20/04/2024,27/04/2024,678.54,H50DB4V,60 m² Appartement ∙ 1 chambre ∙ 4 personnes,Nendaz - Valais
29/03/2024,27/04/2024,04/05/2024,678.54,H50DB4V,60 m² Appartement ∙ 1 chambre ∙ 4 personnes,Nendaz - Valais
29/03/2024,04/05/2024,11/05/2024,678.54,H50DB4V,60 m² Appartement ∙ 1 chambre ∙ 4 personnes,Nendaz - Valais
29/03/2024,11/05/2024,18/05/2024,678.54,H50DB4V,60 m² Appartement ∙ 1 chambre ∙ 4 personnes,Nendaz - Valais
29/03/2024,18/05/2024,25/05/2024,678.54,H50DB4V,60 m² Appartement ∙ 1 chambre ∙ 4 personnes,Nendaz - Valais
29/03/2024,25/05/2024,01/06/2024,678.54,H50DB4V,60 m² Appartement ∙ 1 chambre ∙ 4 personnes,Nendaz - Valais
29/03/2024,01/06/2024,08/06/2024,678.54,H50DB4V,60 m² Appartement ∙ 1 chambre ∙ 4 personnes,Nendaz - Valais
29/03/2024,08/06/2024,15/06/2024,678.54,H50DB4V,60 m² Appartement ∙ 1 chambre ∙ 4 personnes,Nendaz - Valais
29/03/2024,15/06/2024,22/06/2024,678.54,H50DB4V,60 m² Appartement ∙ 1 chambre ∙ 4 personnes,Nendaz - Valais
29/03/2024,22/06/2024,29/06/2024,678.54,H50DB4V,60 m² Appartement ∙ 1 chambre ∙ 4 personnes,Nendaz - Valais
29/03/2024,29/06/2024,06/07/2024,678.54,H50DB4V,60 m² Appartement ∙ 1 chambre ∙ 4 personnes,Nendaz - Valais
29/03/2024,06/07/2024,13/07/2024,678.54,H50DB4V,60 m² Appartement ∙ 1 chambre ∙ 4 personnes,Nendaz - Valais
29/03/2024,07/09/2024,14/09/2024,678.54,H50DB4V,60 m² Appartement ∙ 1 chambre ∙ 4 personnes,Nendaz - Valais
29/03/2024,28/09/2024,05/10/2024,678.54,H50DB4V,60 m² Appartement ∙ 1 chambre ∙ 4 personnes,Nendaz - Valais
29/03/2024,05/10/2024,12/10/2024,678.54,H50DB4V,60 m² Appartement ∙ 1 chambre ∙ 4 personnes,Nendaz - Valais
29/03/2024,12/10/2024,19/10/2024,678.54,H50DB4V,60 m² Appartement ∙ 1 chambre ∙ 4 personnes,Nendaz - Valais
29/03/2024,19/10/2024,26/10/2024,678.54,H50DB4V,60 m² Appartement ∙ 1 chambre ∙ 4 personnes,Nendaz - Valais
29/03/2024,26/10/2024,02/11/2024,678.54,H50DB4V,60 m² Appartement ∙ 1 chambre ∙ 4 personnes,Nendaz - Valais
29/03/2024,06/04/2024,13/04/2024,535.48,HUA69JL,Appartement ∙ 1 chambre ∙ 2 personnes,Grächen - Valais
29/03/2024,13/04/2024,20/04/2024,431.80,HUA69JL,Appartement ∙ 1 chambre ∙ 2 personnes,Grächen - Valais
29/03/2024,20/04/2024,27/04/2024,431.80,HUA69JL,Appartement ∙ 1 chambre ∙ 2 personnes,Grächen - Valais
29/03/2024,27/04/2024,04/05/2024,431.80,HUA69JL,Appartement ∙ 1 chambre ∙ 2 personnes,Grächen - Valais
29/03/2024,04/05/2024,11/05/2024,431.80,HUA69JL,Appartement ∙ 1 chambre ∙ 2 personnes,Grächen - Valais
29/03/2024,11/05/2024,18/05/2024,431.80,HUA69JL,Appartement ∙ 1 chambre ∙ 2 personnes,Grächen - Valais
29/03/2024,18/05/2024,25/05/2024,431.80,HUA69JL,Appartement ∙ 1 chambre ∙ 2 personnes,Grächen - Valais
29/03/2024,25/05/2024,01/06/2024,431.80,HUA69JL,Appartement ∙ 1 chambre ∙ 2 personnes,Grächen - Valais
29/03/2024,01/06/2024,08/06/2024,431.80,HUA69JL,Appartement ∙ 1 chambre ∙ 2 personnes,Grächen - Valais
29/03/2024,08/06/2024,15/06/2024,431.80,HUA69JL,Appartement ∙ 1 chambre ∙ 2 personnes,Grächen - Valais
29/03/2024,15/06/2024,22/06/2024,431.80,HUA69JL,Appartement ∙ 1 chambre ∙ 2 personnes,Grächen - Valais
29/03/2024,22/06/2024,29/06/2024,431.80,HUA69JL,Appartement ∙ 1 chambre ∙ 2 personnes,Grächen - Valais
29/03/2024,29/06/2024,06/07/2024,431.80,HUA69JL,Appartement ∙ 1 chambre ∙ 2 personnes,Grächen - Valais
29/03/2024,20/07/2024,27/07/2024,431.80,HUA69JL,Appartement ∙ 1 chambre ∙ 2 personnes,Grächen - Valais
29/03/2024,27/07/2024,03/08/2024,431.80,HUA69JL,Appartement ∙ 1 chambre ∙ 2 personnes,Grächen - Valais
29/03/2024,17/08/2024,24/08/2024,431.80,HUA69JL,Appartement ∙ 1 chambre ∙ 2 personnes,Grächen - Valais
29/03/2024,28/09/2024,05/10/2024,431.80,HUA69JL,Appartement ∙ 1 chambre ∙ 2 personnes,Grächen - Valais
29/03/2024,05/10/2024,12/10/2024,431.80,HUA69JL,Appartement ∙ 1 chambre ∙ 2 personnes,Grächen - Valais
29/03/2024,12/10/2024,19/10/2024,431.80,HUA69JL,Appartement ∙ 1 chambre ∙ 2 personnes,Grächen - Valais
29/03/2024,19/10/2024,26/10/2024,431.80,HUA69JL,Appartement ∙ 1 chambre ∙ 2 personnes,Grächen - Valais
29/03/2024,26/10/2024,02/11/2024,431.80,HUA69JL,Appartement ∙ 1 chambre ∙ 2 personnes,Grächen - Valais
29/03/2024,06/07/2024,13/07/2024,998.64,HHV6KWZ,32 m² Appartement ∙ 1 chambre ∙ 2 personnes,Saas Fee - Valais
29/03/2024,13/07/2024,20/07/2024,998.64,HHV6KWZ,32 m² Appartement ∙ 1 chambre ∙ 2 personnes,Saas Fee - Valais
29/03/2024,20/07/2024,27/07/2024,998.64,HHV6KWZ,32 m² Appartement ∙ 1 chambre ∙ 2 personnes,Saas Fee - Valais
29/03/2024,27/07/2024,03/08/2024,998.64,HHV6KWZ,32 m² Appartement ∙ 1 chambre ∙ 2 personnes,Saas Fee - Valais
29/03/2024,03/08/2024,10/08/2024,998.64,HHV6KWZ,32 m² Appartement ∙ 1 chambre ∙ 2 personnes,Saas Fee - Valais
29/03/2024,10/08/2024,17/08/2024,998.64,HHV6KWZ,32 m² Appartement ∙ 1 chambre ∙ 2 personnes,Saas Fee - Valais
29/03/2024,07/09/2024,14/09/2024,998.64,HHV6KWZ,32 m² Appartement ∙ 1 chambre ∙ 2 personnes,Saas Fee - Valais
29/03/2024,14/09/2024,21/09/2024,998.64,HHV6KWZ,32 m² Appartement ∙ 1 chambre ∙ 2 personnes,Saas Fee - Valais
29/03/2024,21/09/2024,28/09/2024,998.64,HHV6KWZ,32 m² Appartement ∙ 1 chambre ∙ 2 personnes,Saas Fee - Valais
29/03/2024,28/09/2024,05/10/2024,998.64,HHV6KWZ,32 m² Appartement ∙ 1 chambre ∙ 2 personnes,Saas Fee - Valais
29/03/2024,05/10/2024,12/10/2024,998.64,HHV6KWZ,32 m² Appartement ∙ 1 chambre ∙ 2 personnes,Saas Fee - Valais
29/03/2024,12/10/2024,19/10/2024,998.64,HHV6KWZ,32 m² Appartement ∙ 1 chambre ∙ 2 personnes,Saas Fee - Valais
29/03/2024,19/10/2024,26/10/2024,844.63,HHV6KWZ,32 m² Appartement ∙ 1 chambre ∙ 2 personnes,Saas Fee - Valais
29/03/2024,26/10/2024,02/11/2024,844.63,HHV6KWZ,32 m² Appartement ∙ 1 chambre ∙ 2 personnes,Saas Fee - Valais
29/03/2024,06/04/2024,13/04/2024,1778.09,HNWA7R1,65 m² Appartement ∙ 2 chambres ∙ 5 personnes,Val-d'Illiez - Valais
29/03/2024,13/04/2024,20/04/2024,1193.62,HNWA7R1,65 m² Appartement ∙ 2 chambres ∙ 5 personnes,Val-d'Illiez - Valais
29/03/2024,20/04/2024,27/04/2024,1193.62,HNWA7R1,65 m² Appartement ∙ 2 chambres ∙ 5 personnes,Val-d'Illiez - Valais
29/03/2024,27/04/2024,04/05/2024,1695.32,HNWA7R1,65 m² Appartement ∙ 2 chambres ∙ 5 personnes,Val-d'Illiez - Valais
29/03/2024,04/05/2024,11/05/2024,1695.32,HNWA7R1,65 m² Appartement ∙ 2 chambres ∙ 5 personnes,Val-d'Illiez - Valais
29/03/2024,11/05/2024,18/05/2024,1695.32,HNWA7R1,65 m² Appartement ∙ 2 chambres ∙ 5 personnes,Val-d'Illiez - Valais
29/03/2024,18/05/2024,25/05/2024,1695.32,HNWA7R1,65 m² Appartement ∙ 2 chambres ∙ 5 personnes,Val-d'Illiez - Valais
29/03/2024,25/05/2024,01/06/2024,1695.32,HNWA7R1,65 m² Appartement ∙ 2 chambres ∙ 5 personnes,Val-d'Illiez - Valais
29/03/2024,01/06/2024,08/06/2024,1695.32,HNWA7R1,65 m² Appartement ∙ 2 chambres ∙ 5 personnes,Val-d'Illiez - Valais
29/03/2024,08/06/2024,15/06/2024,1695.32,HNWA7R1,65 m² Appartement ∙ 2 chambres ∙ 5 personnes,Val-d'Illiez - Valais
29/03/2024,15/06/2024,22/06/2024,1695.32,HNWA7R1,65 m² Appartement ∙ 2 chambres ∙ 5 personnes,Val-d'Illiez - Valais
29/03/2024,22/06/2024,29/06/2024,1695.32,HNWA7R1,65 m² Appartement ∙ 2 chambres ∙ 5 personnes,Val-d'Illiez - Valais
29/03/2024,29/06/2024,06/07/2024,1695.32,HNWA7R1,65 m² Appartement ∙ 2 chambres ∙ 5 personnes,Val-d'Illiez - Valais
29/03/2024,06/07/2024,13/07/2024,1695.32,HNWA7R1,65 m² Appartement ∙ 2 chambres ∙ 5 personnes,Val-d'Illiez - Valais
29/03/2024,13/07/2024,20/07/2024,1695.32,HNWA7R1,65 m² Appartement ∙ 2 chambres ∙ 5 personnes,Val-d'Illiez - Valais
29/03/2024,20/07/2024,27/07/2024,1695.32,HNWA7R1,65 m² Appartement ∙ 2 chambres ∙ 5 personnes,Val-d'Illiez - Valais
29/03/2024,27/07/2024,03/08/2024,1695.32,HNWA7R1,65 m² Appartement ∙ 2 chambres ∙ 5 personnes,Val-d'Illiez - Valais
29/03/2024,03/08/2024,10/08/2024,1695.32,HNWA7R1,65 m² Appartement ∙ 2 chambres ∙ 5 personnes,Val-d'Illiez - Valais
29/03/2024,10/08/2024,17/08/2024,1695.32,HNWA7R1,65 m² Appartement ∙ 2 chambres ∙ 5 personnes,Val-d'Illiez - Valais
29/03/2024,17/08/2024,24/08/2024,1695.32,HNWA7R1,65 m² Appartement ∙ 2 chambres ∙ 5 personnes,Val-d'Illiez - Valais
29/03/2024,24/08/2024,31/08/2024,1695.32,HNWA7R1,65 m² Appartement ∙ 2 chambres ∙ 5 personnes,Val-d'Illiez - Valais
29/03/2024,31/08/2024,07/09/2024,1695.32,HNWA7R1,65 m² Appartement ∙ 2 chambres ∙ 5 personnes,Val-d'Illiez - Valais
29/03/2024,07/09/2024,14/09/2024,1695.32,HNWA7R1,65 m² Appartement ∙ 2 chambres ∙ 5 personnes,Val-d'Illiez - Valais
29/03/2024,14/09/2024,21/09/2024,1823.83,HNWA7R1,65 m² Appartement ∙ 2 chambres ∙ 5 personnes,Val-d'Illiez - Valais
29/03/2024,21/09/2024,28/09/2024,1823.83,HNWA7R1,65 m² Appartement ∙ 2 chambres ∙ 5 personnes,Val-d'Illiez - Valais
29/03/2024,28/09/2024,05/10/2024,1823.83,HNWA7R1,65 m² Appartement ∙ 2 chambres ∙ 5 personnes,Val-d'Illiez - Valais
29/03/2024,05/10/2024,12/10/2024,1823.83,HNWA7R1,65 m² Appartement ∙ 2 chambres ∙ 5 personnes,Val-d'Illiez - Valais
29/03/2024,12/10/2024,19/10/2024,1823.83,HNWA7R1,65 m² Appartement ∙ 2 chambres ∙ 5 personnes,Val-d'Illiez - Valais
29/03/2024,19/10/2024,26/10/2024,1823.83,HNWA7R1,65 m² Appartement ∙ 2 chambres ∙ 5 personnes,Val-d'Illiez - Valais
29/03/2024,26/10/2024,02/11/2024,1823.83,HNWA7R1,65 m² Appartement ∙ 2 chambres ∙ 5 personnes,Val-d'Illiez - Valais
29/03/2024,27/04/2024,04/05/2024,698.08,HPB5VHY,Studio ∙ 2 personnes,Zermatt - Valais
29/03/2024,25/05/2024,01/06/2024,698.08,HPB5VHY,Studio ∙ 2 personnes,Zermatt - Valais
29/03/2024,01/06/2024,08/06/2024,698.08,HPB5VHY,Studio ∙ 2 personnes,Zermatt - Valais
29/03/2024,08/06/2024,15/06/2024,698.08,HPB5VHY,Studio ∙ 2 personnes,Zermatt - Valais
29/03/2024,31/08/2024,07/09/2024,1007.53,HPB5VHY,Studio ∙ 2 personnes,Zermatt - Valais
29/03/2024,07/09/2024,14/09/2024,1007.53,HPB5VHY,Studio ∙ 2 personnes,Zermatt - Valais
29/03/2024,14/09/2024,21/09/2024,698.08,HPB5VHY,Studio ∙ 2 personnes,Zermatt - Valais
29/03/2024,21/09/2024,28/09/2024,698.08,HPB5VHY,Studio ∙ 2 personnes,Zermatt - Valais
29/03/2024,05/10/2024,12/10/2024,698.08,HPB5VHY,Studio ∙ 2 personnes,Zermatt - Valais
29/03/2024,12/10/2024,19/10/2024,698.08,HPB5VHY,Studio ∙ 2 personnes,Zermatt - Valais
29/03/2024,19/10/2024,26/10/2024,698.08,HPB5VHY,Studio ∙ 2 personnes,Zermatt - Valais
29/03/2024,26/10/2024,02/11/2024,698.08,HPB5VHY,Studio ∙ 2 personnes,Zermatt - Valais
29/03/2024,06/04/2024,13/04/2024,615.83,HBYL5E8,60 m² Appartement ∙ 2 chambres ∙ 4 personnes,Orsières - Valais
29/03/2024,13/04/2024,20/04/2024,806.02,HBYL5E8,60 m² Appartement ∙ 2 chambres ∙ 4 personnes,Orsières - Valais
29/03/2024,20/04/2024,27/04/2024,806.02,HBYL5E8,60 m² Appartement ∙ 2 chambres ∙ 4 personnes,Orsières - Valais
29/03/2024,27/04/2024,04/05/2024,806.02,HBYL5E8,60 m² Appartement ∙ 2 chambres ∙ 4 personnes,Orsières - Valais
29/03/2024,04/05/2024,11/05/2024,806.02,HBYL5E8,60 m² Appartement ∙ 2 chambres ∙ 4 personnes,Orsières - Valais
29/03/2024,11/05/2024,18/05/2024,806.02,HBYL5E8,60 m² Appartement ∙ 2 chambres ∙ 4 personnes,Orsières - Valais
29/03/2024,18/05/2024,25/05/2024,806.02,HBYL5E8,60 m² Appartement ∙ 2 chambres ∙ 4 personnes,Orsières - Valais
29/03/2024,25/05/2024,01/06/2024,806.02,HBYL5E8,60 m² Appartement ∙ 2 chambres ∙ 4 personnes,Orsières - Valais
29/03/2024,01/06/2024,08/06/2024,806.02,HBYL5E8,60 m² Appartement ∙ 2 chambres ∙ 4 personnes,Orsières - Valais
29/03/2024,08/06/2024,15/06/2024,806.02,HBYL5E8,60 m² Appartement ∙ 2 chambres ∙ 4 personnes,Orsières - Valais
29/03/2024,15/06/2024,22/06/2024,806.02,HBYL5E8,60 m² Appartement ∙ 2 chambres ∙ 4 personnes,Orsières - Valais
29/03/2024,07/09/2024,14/09/2024,806.02,HBYL5E8,60 m² Appartement ∙ 2 chambres ∙ 4 personnes,Orsières - Valais
29/03/2024,14/09/2024,21/09/2024,806.02,HBYL5E8,60 m² Appartement ∙ 2 chambres ∙ 4 personnes,Orsières - Valais
29/03/2024,21/09/2024,28/09/2024,806.02,HBYL5E8,60 m² Appartement ∙ 2 chambres ∙ 4 personnes,Orsières - Valais
29/03/2024,28/09/2024,05/10/2024,806.02,HBYL5E8,60 m² Appartement ∙ 2 chambres ∙ 4 personnes,Orsières - Valais
29/03/2024,05/10/2024,12/10/2024,806.02,HBYL5E8,60 m² Appartement ∙ 2 chambres ∙ 4 personnes,Orsières - Valais
29/03/2024,12/10/2024,19/10/2024,806.02,HBYL5E8,60 m² Appartement ∙ 2 chambres ∙ 4 personnes,Orsières - Valais
29/03/2024,06/04/2024,13/04/2024,1912.15,H4X3DAR,65 m² Appartement ∙ 2 chambres ∙ 6 personnes,Saas Fee - Valais
29/03/2024,20/04/2024,27/04/2024,1418.77,HNBT8FP,51 m² Appartement ∙ 1 chambre ∙ 4 personnes,Zermatt - Valais
29/03/2024,01/06/2024,08/06/2024,1162.77,HNBT8FP,51 m² Appartement ∙ 1 chambre ∙ 4 personnes,Zermatt - Valais
29/03/2024,08/06/2024,15/06/2024,1162.77,HNBT8FP,51 m² Appartement ∙ 1 chambre ∙ 4 personnes,Zermatt - Valais
29/03/2024,22/06/2024,29/06/2024,1162.77,HNBT8FP,51 m² Appartement ∙ 1 chambre ∙ 4 personnes,Zermatt - Valais
29/03/2024,13/07/2024,20/07/2024,1461.95,HNBT8FP,51 m² Appartement ∙ 1 chambre ∙ 4 personnes,Zermatt - Valais
29/03/2024,27/07/2024,03/08/2024,1461.95,HNBT8FP,51 m² Appartement ∙ 1 chambre ∙ 4 personnes,Zermatt - Valais
29/03/2024,03/08/2024,10/08/2024,1461.95,HNBT8FP,51 m² Appartement ∙ 1 chambre ∙ 4 personnes,Zermatt - Valais
29/03/2024,24/08/2024,31/08/2024,1461.95,HNBT8FP,51 m² Appartement ∙ 1 chambre ∙ 4 personnes,Zermatt - Valais
29/03/2024,31/08/2024,07/09/2024,1162.77,HNBT8FP,51 m² Appartement ∙ 1 chambre ∙ 4 personnes,Zermatt - Valais
29/03/2024,07/09/2024,14/09/2024,1162.77,HNBT8FP,51 m² Appartement ∙ 1 chambre ∙ 4 personnes,Zermatt - Valais
29/03/2024,14/09/2024,21/09/2024,1162.27,HNBT8FP,51 m² Appartement ∙ 1 chambre ∙ 4 personnes,Zermatt - Valais
29/03/2024,28/09/2024,05/10/2024,1162.27,HNBT8FP,51 m² Appartement ∙ 1 chambre ∙ 4 personnes,Zermatt - Valais
29/03/2024,05/10/2024,12/10/2024,1162.27,HNBT8FP,51 m² Appartement ∙ 1 chambre ∙ 4 personnes,Zermatt - Valais
29/03/2024,12/10/2024,19/10/2024,1162.27,HNBT8FP,51 m² Appartement ∙ 1 chambre ∙ 4 personnes,Zermatt - Valais
29/03/2024,19/10/2024,26/10/2024,1162.27,HNBT8FP,51 m² Appartement ∙ 1 chambre ∙ 4 personnes,Zermatt - Valais
29/03/2024,26/10/2024,02/11/2024,1162.27,HNBT8FP,51 m² Appartement ∙ 1 chambre ∙ 4 personnes,Zermatt - Valais
29/03/2024,06/04/2024,13/04/2024,2998.69,HR79CV0,180 m² Maison de vacances ∙ 4 chambres ∙ 8 personnes,Hérémence - Valais
29/03/2024,13/04/2024,20/04/2024,2998.69,HR79CV0,180 m² Maison de vacances ∙ 4 chambres ∙ 8 personnes,Hérémence - Valais
29/03/2024,20/04/2024,27/04/2024,2998.69,HR79CV0,180 m² Maison de vacances ∙ 4 chambres ∙ 8 personnes,Hérémence - Valais
29/03/2024,27/04/2024,04/05/2024,2998.69,HR79CV0,180 m² Maison de vacances ∙ 4 chambres ∙ 8 personnes,Hérémence - Valais
29/03/2024,04/05/2024,11/05/2024,2998.69,HR79CV0,180 m² Maison de vacances ∙ 4 chambres ∙ 8 personnes,Hérémence - Valais
29/03/2024,11/05/2024,18/05/2024,2998.69,HR79CV0,180 m² Maison de vacances ∙ 4 chambres ∙ 8 personnes,Hérémence - Valais
29/03/2024,18/05/2024,25/05/2024,2998.69,HR79CV0,180 m² Maison de vacances ∙ 4 chambres ∙ 8 personnes,Hérémence - Valais
29/03/2024,25/05/2024,01/06/2024,2998.69,HR79CV0,180 m² Maison de vacances ∙ 4 chambres ∙ 8 personnes,Hérémence - Valais
29/03/2024,01/06/2024,08/06/2024,2998.69,HR79CV0,180 m² Maison de vacances ∙ 4 chambres ∙ 8 personnes,Hérémence - Valais
29/03/2024,08/06/2024,15/06/2024,2998.69,HR79CV0,180 m² Maison de vacances ∙ 4 chambres ∙ 8 personnes,Hérémence - Valais
29/03/2024,15/06/2024,22/06/2024,2998.69,HR79CV0,180 m² Maison de vacances ∙ 4 chambres ∙ 8 personnes,Hérémence - Valais
29/03/2024,22/06/2024,29/06/2024,2998.69,HR79CV0,180 m² Maison de vacances ∙ 4 chambres ∙ 8 personnes,Hérémence - Valais
29/03/2024,29/06/2024,06/07/2024,4590.82,HR79CV0,180 m² Maison de vacances ∙ 4 chambres ∙ 8 personnes,Hérémence - Valais
29/03/2024,06/07/2024,13/07/2024,4590.82,HR79CV0,180 m² Maison de vacances ∙ 4 chambres ∙ 8 personnes,Hérémence - Valais
29/03/2024,13/07/2024,20/07/2024,4590.82,HR79CV0,180 m² Maison de vacances ∙ 4 chambres ∙ 8 personnes,Hérémence - Valais
29/03/2024,20/07/2024,27/07/2024,4590.82,HR79CV0,180 m² Maison de vacances ∙ 4 chambres ∙ 8 personnes,Hérémence - Valais
29/03/2024,27/07/2024,03/08/2024,4590.82,HR79CV0,180 m² Maison de vacances ∙ 4 chambres ∙ 8 personnes,Hérémence - Valais
29/03/2024,03/08/2024,10/08/2024,4590.82,HR79CV0,180 m² Maison de vacances ∙ 4 chambres ∙ 8 personnes,Hérémence - Valais
29/03/2024,10/08/2024,17/08/2024,4590.82,HR79CV0,180 m² Maison de vacances ∙ 4 chambres ∙ 8 personnes,Hérémence - Valais
29/03/2024,17/08/2024,24/08/2024,4590.82,HR79CV0,180 m² Maison de vacances ∙ 4 chambres ∙ 8 personnes,Hérémence - Valais
29/03/2024,24/08/2024,31/08/2024,4590.82,HR79CV0,180 m² Maison de vacances ∙ 4 chambres ∙ 8 personnes,Hérémence - Valais
29/03/2024,31/08/2024,07/09/2024,3878.30,HR79CV0,180 m² Maison de vacances ∙ 4 chambres ∙ 8 personnes,Hérémence - Valais
29/03/2024,07/09/2024,14/09/2024,3878.30,HR79CV0,180 m² Maison de vacances ∙ 4 chambres ∙ 8 personnes,Hérémence - Valais
29/03/2024,14/09/2024,21/09/2024,3878.30,HR79CV0,180 m² Maison de vacances ∙ 4 chambres ∙ 8 personnes,Hérémence - Valais
29/03/2024,21/09/2024,28/09/2024,3878.30,HR79CV0,180 m² Maison de vacances ∙ 4 chambres ∙ 8 personnes,Hérémence - Valais
29/03/2024,28/09/2024,05/10/2024,2998.69,HR79CV0,180 m² Maison de vacances ∙ 4 chambres ∙ 8 personnes,Hérémence - Valais
29/03/2024,05/10/2024,12/10/2024,2998.69,HR79CV0,180 m² Maison de vacances ∙ 4 chambres ∙ 8 personnes,Hérémence - Valais
29/03/2024,12/10/2024,19/10/2024,2998.69,HR79CV0,180 m² Maison de vacances ∙ 4 chambres ∙ 8 personnes,Hérémence - Valais
29/03/2024,19/10/2024,26/10/2024,2998.69,HR79CV0,180 m² Maison de vacances ∙ 4 chambres ∙ 8 personnes,Hérémence - Valais
29/03/2024,26/10/2024,02/11/2024,2998.69,HR79CV0,180 m² Maison de vacances ∙ 4 chambres ∙ 8 personnes,Hérémence - Valais
29/03/2024,06/04/2024,13/04/2024,1580.00,HPHS5BV,320 m² Maison de vacances ∙ 13 chambres ∙ 32 personnes,Champéry - Valais
29/03/2024,13/04/2024,20/04/2024,1714.00,HPHS5BV,320 m² Maison de vacances ∙ 13 chambres ∙ 32 personnes,Champéry - Valais
29/03/2024,20/04/2024,27/04/2024,1714.00,HPHS5BV,320 m² Maison de vacances ∙ 13 chambres ∙ 32 personnes,Champéry - Valais
29/03/2024,18/05/2024,25/05/2024,2047.00,HPHS5BV,320 m² Maison de vacances ∙ 13 chambres ∙ 32 personnes,Champéry - Valais
29/03/2024,25/05/2024,01/06/2024,2047.00,HPHS5BV,320 m² Maison de vacances ∙ 13 chambres ∙ 32 personnes,Champéry - Valais
29/03/2024,01/06/2024,08/06/2024,2047.00,HPHS5BV,320 m² Maison de vacances ∙ 13 chambres ∙ 32 personnes,Champéry - Valais
29/03/2024,08/06/2024,15/06/2024,2047.00,HPHS5BV,320 m² Maison de vacances ∙ 13 chambres ∙ 32 personnes,Champéry - Valais
29/03/2024,15/06/2024,22/06/2024,2047.00,HPHS5BV,320 m² Maison de vacances ∙ 13 chambres ∙ 32 personnes,Champéry - Valais
29/03/2024,22/06/2024,29/06/2024,2047.00,HPHS5BV,320 m² Maison de vacances ∙ 13 chambres ∙ 32 personnes,Champéry - Valais
29/03/2024,17/08/2024,24/08/2024,2047.00,HPHS5BV,320 m² Maison de vacances ∙ 13 chambres ∙ 32 personnes,Champéry - Valais
29/03/2024,31/08/2024,07/09/2024,2047.00,HPHS5BV,320 m² Maison de vacances ∙ 13 chambres ∙ 32 personnes,Champéry - Valais
29/03/2024,07/09/2024,14/09/2024,2047.00,HPHS5BV,320 m² Maison de vacances ∙ 13 chambres ∙ 32 personnes,Champéry - Valais
29/03/2024,14/09/2024,21/09/2024,2047.00,HPHS5BV,320 m² Maison de vacances ∙ 13 chambres ∙ 32 personnes,Champéry - Valais
29/03/2024,21/09/2024,28/09/2024,2047.00,HPHS5BV,320 m² Maison de vacances ∙ 13 chambres ∙ 32 personnes,Champéry - Valais
29/03/2024,28/09/2024,05/10/2024,2047.00,HPHS5BV,320 m² Maison de vacances ∙ 13 chambres ∙ 32 personnes,Champéry - Valais
29/03/2024,05/10/2024,12/10/2024,2047.00,HPHS5BV,320 m² Maison de vacances ∙ 13 chambres ∙ 32 personnes,Champéry - Valais
29/03/2024,12/10/2024,19/10/2024,2047.00,HPHS5BV,320 m² Maison de vacances ∙ 13 chambres ∙ 32 personnes,Champéry - Valais
29/03/2024,19/10/2024,26/10/2024,2047.00,HPHS5BV,320 m² Maison de vacances ∙ 13 chambres ∙ 32 personnes,Champéry - Valais
29/03/2024,26/10/2024,02/11/2024,2047.00,HPHS5BV,320 m² Maison de vacances ∙ 13 chambres ∙ 32 personnes,Champéry - Valais
29/03/2024,22/06/2024,29/06/2024,1079.04,HFVR02K,75 m² Appartement ∙ 2 chambres ∙ 5 personnes,Termen - Valais
29/03/2024,29/06/2024,06/07/2024,1079.04,HFVR02K,75 m² Appartement ∙ 2 chambres ∙ 5 personnes,Termen - Valais
29/03/2024,06/07/2024,13/07/2024,1079.04,HFVR02K,75 m² Appartement ∙ 2 chambres ∙ 5 personnes,Termen - Valais
29/03/2024,27/07/2024,03/08/2024,1079.04,HFVR02K,75 m² Appartement ∙ 2 chambres ∙ 5 personnes,Termen - Valais
29/03/2024,10/08/2024,17/08/2024,1079.04,HFVR02K,75 m² Appartement ∙ 2 chambres ∙ 5 personnes,Termen - Valais
29/03/2024,17/08/2024,24/08/2024,1079.04,HFVR02K,75 m² Appartement ∙ 2 chambres ∙ 5 personnes,Termen - Valais
29/03/2024,24/08/2024,31/08/2024,1079.04,HFVR02K,75 m² Appartement ∙ 2 chambres ∙ 5 personnes,Termen - Valais
29/03/2024,31/08/2024,07/09/2024,1079.04,HFVR02K,75 m² Appartement ∙ 2 chambres ∙ 5 personnes,Termen - Valais
29/03/2024,07/09/2024,14/09/2024,1079.04,HFVR02K,75 m² Appartement ∙ 2 chambres ∙ 5 personnes,Termen - Valais
29/03/2024,14/09/2024,21/09/2024,1079.04,HFVR02K,75 m² Appartement ∙ 2 chambres ∙ 5 personnes,Termen - Valais
29/03/2024,21/09/2024,28/09/2024,1079.04,HFVR02K,75 m² Appartement ∙ 2 chambres ∙ 5 personnes,Termen - Valais
29/03/2024,28/09/2024,05/10/2024,1079.04,HFVR02K,75 m² Appartement ∙ 2 chambres ∙ 5 personnes,Termen - Valais
29/03/2024,05/10/2024,12/10/2024,1079.04,HFVR02K,75 m² Appartement ∙ 2 chambres ∙ 5 personnes,Termen - Valais
29/03/2024,30/03/2024,06/04/2024,719.36,HSDEN1Y,Appartement ∙ 1 chambre ∙ 4 personnes,Champéry - Valais
29/03/2024,06/04/2024,13/04/2024,719.36,HSDEN1Y,Appartement ∙ 1 chambre ∙ 4 personnes,Champéry - Valais
29/03/2024,13/04/2024,20/04/2024,575.48,HSDEN1Y,Appartement ∙ 1 chambre ∙ 4 personnes,Champéry - Valais
29/03/2024,20/04/2024,27/04/2024,575.48,HSDEN1Y,Appartement ∙ 1 chambre ∙ 4 personnes,Champéry - Valais
29/03/2024,27/04/2024,04/05/2024,575.48,HSDEN1Y,Appartement ∙ 1 chambre ∙ 4 personnes,Champéry - Valais
29/03/2024,04/05/2024,11/05/2024,575.48,HSDEN1Y,Appartement ∙ 1 chambre ∙ 4 personnes,Champéry - Valais
29/03/2024,11/05/2024,18/05/2024,575.48,HSDEN1Y,Appartement ∙ 1 chambre ∙ 4 personnes,Champéry - Valais
29/03/2024,18/05/2024,25/05/2024,575.48,HSDEN1Y,Appartement ∙ 1 chambre ∙ 4 personnes,Champéry - Valais
29/03/2024,25/05/2024,01/06/2024,575.48,HSDEN1Y,Appartement ∙ 1 chambre ∙ 4 personnes,Champéry - Valais
29/03/2024,01/06/2024,08/06/2024,575.48,HSDEN1Y,Appartement ∙ 1 chambre ∙ 4 personnes,Champéry - Valais
29/03/2024,08/06/2024,15/06/2024,575.48,HSDEN1Y,Appartement ∙ 1 chambre ∙ 4 personnes,Champéry - Valais
29/03/2024,15/06/2024,22/06/2024,719.36,HSDEN1Y,Appartement ∙ 1 chambre ∙ 4 personnes,Champéry - Valais
29/03/2024,22/06/2024,29/06/2024,719.36,HSDEN1Y,Appartement ∙ 1 chambre ∙ 4 personnes,Champéry - Valais
29/03/2024,29/06/2024,06/07/2024,719.36,HSDEN1Y,Appartement ∙ 1 chambre ∙ 4 personnes,Champéry - Valais
29/03/2024,24/08/2024,31/08/2024,719.36,HSDEN1Y,Appartement ∙ 1 chambre ∙ 4 personnes,Champéry - Valais
29/03/2024,31/08/2024,07/09/2024,575.48,HSDEN1Y,Appartement ∙ 1 chambre ∙ 4 personnes,Champéry - Valais
29/03/2024,07/09/2024,14/09/2024,575.48,HSDEN1Y,Appartement ∙ 1 chambre ∙ 4 personnes,Champéry - Valais
29/03/2024,14/09/2024,21/09/2024,575.48,HSDEN1Y,Appartement ∙ 1 chambre ∙ 4 personnes,Champéry - Valais
29/03/2024,21/09/2024,28/09/2024,575.48,HSDEN1Y,Appartement ∙ 1 chambre ∙ 4 personnes,Champéry - Valais
29/03/2024,28/09/2024,05/10/2024,575.48,HSDEN1Y,Appartement ∙ 1 chambre ∙ 4 personnes,Champéry - Valais
29/03/2024,05/10/2024,12/10/2024,575.48,HSDEN1Y,Appartement ∙ 1 chambre ∙ 4 personnes,Champéry - Valais
29/03/2024,12/10/2024,19/10/2024,575.48,HSDEN1Y,Appartement ∙ 1 chambre ∙ 4 personnes,Champéry - Valais
29/03/2024,19/10/2024,26/10/2024,575.48,HSDEN1Y,Appartement ∙ 1 chambre ∙ 4 personnes,Champéry - Valais
29/03/2024,13/04/2024,20/04/2024,500.47,HW21RGP,25 m² Appartement ∙ 1 chambre ∙ 2 personnes,Crans-Montana - Valais
29/03/2024,20/04/2024,27/04/2024,500.47,HW21RGP,25 m² Appartement ∙ 1 chambre ∙ 2 personnes,Crans-Montana - Valais
29/03/2024,27/04/2024,04/05/2024,500.47,HW21RGP,25 m² Appartement ∙ 1 chambre ∙ 2 personnes,Crans-Montana - Valais
29/03/2024,04/05/2024,11/05/2024,500.47,HW21RGP,25 m² Appartement ∙ 1 chambre ∙ 2 personnes,Crans-Montana - Valais
29/03/2024,11/05/2024,18/05/2024,500.47,HW21RGP,25 m² Appartement ∙ 1 chambre ∙ 2 personnes,Crans-Montana - Valais
29/03/2024,18/05/2024,25/05/2024,500.47,HW21RGP,25 m² Appartement ∙ 1 chambre ∙ 2 personnes,Crans-Montana - Valais
29/03/2024,25/05/2024,01/06/2024,500.47,HW21RGP,25 m² Appartement ∙ 1 chambre ∙ 2 personnes,Crans-Montana - Valais
29/03/2024,01/06/2024,08/06/2024,500.47,HW21RGP,25 m² Appartement ∙ 1 chambre ∙ 2 personnes,Crans-Montana - Valais
29/03/2024,08/06/2024,15/06/2024,500.47,HW21RGP,25 m² Appartement ∙ 1 chambre ∙ 2 personnes,Crans-Montana - Valais
29/03/2024,15/06/2024,22/06/2024,500.47,HW21RGP,25 m² Appartement ∙ 1 chambre ∙ 2 personnes,Crans-Montana - Valais
29/03/2024,22/06/2024,29/06/2024,500.47,HW21RGP,25 m² Appartement ∙ 1 chambre ∙ 2 personnes,Crans-Montana - Valais
29/03/2024,29/06/2024,06/07/2024,500.47,HW21RGP,25 m² Appartement ∙ 1 chambre ∙ 2 personnes,Crans-Montana - Valais
29/03/2024,03/08/2024,10/08/2024,679.28,HW21RGP,25 m² Appartement ∙ 1 chambre ∙ 2 personnes,Crans-Montana - Valais
29/03/2024,10/08/2024,17/08/2024,612.48,HW21RGP,25 m² Appartement ∙ 1 chambre ∙ 2 personnes,Crans-Montana - Valais
29/03/2024,17/08/2024,24/08/2024,612.48,HW21RGP,25 m² Appartement ∙ 1 chambre ∙ 2 personnes,Crans-Montana - Valais
29/03/2024,24/08/2024,31/08/2024,500.47,HW21RGP,25 m² Appartement ∙ 1 chambre ∙ 2 personnes,Crans-Montana - Valais
29/03/2024,21/09/2024,28/09/2024,500.47,HW21RGP,25 m² Appartement ∙ 1 chambre ∙ 2 personnes,Crans-Montana - Valais
29/03/2024,28/09/2024,05/10/2024,500.47,HW21RGP,25 m² Appartement ∙ 1 chambre ∙ 2 personnes,Crans-Montana - Valais
29/03/2024,05/10/2024,12/10/2024,500.47,HW21RGP,25 m² Appartement ∙ 1 chambre ∙ 2 personnes,Crans-Montana - Valais
29/03/2024,12/10/2024,19/10/2024,500.47,HW21RGP,25 m² Appartement ∙ 1 chambre ∙ 2 personnes,Crans-Montana - Valais
29/03/2024,19/10/2024,26/10/2024,500.47,HW21RGP,25 m² Appartement ∙ 1 chambre ∙ 2 personnes,Crans-Montana - Valais
29/03/2024,26/10/2024,02/11/2024,500.47,HW21RGP,25 m² Appartement ∙ 1 chambre ∙ 2 personnes,Crans-Montana - Valais
29/03/2024,06/04/2024,13/04/2024,1312.11,H1EN29H,90 m² Appartement ∙ 2 chambres ∙ 4 personnes,Loèche-les-Bains - Valais
29/03/2024,13/04/2024,20/04/2024,1189.10,H1EN29H,90 m² Appartement ∙ 2 chambres ∙ 4 personnes,Loèche-les-Bains - Valais
29/03/2024,20/04/2024,27/04/2024,1189.10,H1EN29H,90 m² Appartement ∙ 2 chambres ∙ 4 personnes,Loèche-les-Bains - Valais
29/03/2024,27/04/2024,04/05/2024,1189.10,H1EN29H,90 m² Appartement ∙ 2 chambres ∙ 4 personnes,Loèche-les-Bains - Valais
29/03/2024,18/05/2024,25/05/2024,1251.68,H1EN29H,90 m² Appartement ∙ 2 chambres ∙ 4 personnes,Loèche-les-Bains - Valais
29/03/2024,25/05/2024,01/06/2024,1251.68,H1EN29H,90 m² Appartement ∙ 2 chambres ∙ 4 personnes,Loèche-les-Bains - Valais
29/03/2024,01/06/2024,08/06/2024,1251.68,H1EN29H,90 m² Appartement ∙ 2 chambres ∙ 4 personnes,Loèche-les-Bains - Valais
29/03/2024,08/06/2024,15/06/2024,1251.68,H1EN29H,90 m² Appartement ∙ 2 chambres ∙ 4 personnes,Loèche-les-Bains - Valais
29/03/2024,15/06/2024,22/06/2024,1251.68,H1EN29H,90 m² Appartement ∙ 2 chambres ∙ 4 personnes,Loèche-les-Bains - Valais
29/03/2024,22/06/2024,29/06/2024,1251.68,H1EN29H,90 m² Appartement ∙ 2 chambres ∙ 4 personnes,Loèche-les-Bains - Valais
29/03/2024,29/06/2024,06/07/2024,1173.99,H1EN29H,90 m² Appartement ∙ 2 chambres ∙ 4 personnes,Loèche-les-Bains - Valais
29/03/2024,06/07/2024,13/07/2024,1173.99,H1EN29H,90 m² Appartement ∙ 2 chambres ∙ 4 personnes,Loèche-les-Bains - Valais
29/03/2024,03/08/2024,10/08/2024,1173.99,H1EN29H,90 m² Appartement ∙ 2 chambres ∙ 4 personnes,Loèche-les-Bains - Valais
29/03/2024,10/08/2024,17/08/2024,1173.99,H1EN29H,90 m² Appartement ∙ 2 chambres ∙ 4 personnes,Loèche-les-Bains - Valais
29/03/2024,17/08/2024,24/08/2024,1173.99,H1EN29H,90 m² Appartement ∙ 2 chambres ∙ 4 personnes,Loèche-les-Bains - Valais
29/03/2024,24/08/2024,31/08/2024,1173.99,H1EN29H,90 m² Appartement ∙ 2 chambres ∙ 4 personnes,Loèche-les-Bains - Valais
29/03/2024,31/08/2024,07/09/2024,1173.99,H1EN29H,90 m² Appartement ∙ 2 chambres ∙ 4 personnes,Loèche-les-Bains - Valais
29/03/2024,07/09/2024,14/09/2024,1173.99,H1EN29H,90 m² Appartement ∙ 2 chambres ∙ 4 personnes,Loèche-les-Bains - Valais
29/03/2024,05/10/2024,12/10/2024,1173.99,H1EN29H,90 m² Appartement ∙ 2 chambres ∙ 4 personnes,Loèche-les-Bains - Valais
29/03/2024,12/10/2024,19/10/2024,1173.99,H1EN29H,90 m² Appartement ∙ 2 chambres ∙ 4 personnes,Loèche-les-Bains - Valais
29/03/2024,19/10/2024,26/10/2024,1173.99,H1EN29H,90 m² Appartement ∙ 2 chambres ∙ 4 personnes,Loèche-les-Bains - Valais
29/03/2024,26/10/2024,02/11/2024,1063.93,H1EN29H,90 m² Appartement ∙ 2 chambres ∙ 4 personnes,Loèche-les-Bains - Valais
29/03/2024,01/06/2024,08/06/2024,887.89,HW0H5SN,54 m² Appartement ∙ 2 chambres ∙ 4 personnes,Nendaz - Valais
29/03/2024,08/06/2024,15/06/2024,887.89,HW0H5SN,54 m² Appartement ∙ 2 chambres ∙ 4 personnes,Nendaz - Valais
29/03/2024,15/06/2024,22/06/2024,887.89,HW0H5SN,54 m² Appartement ∙ 2 chambres ∙ 4 personnes,Nendaz - Valais
29/03/2024,22/06/2024,29/06/2024,887.89,HW0H5SN,54 m² Appartement ∙ 2 chambres ∙ 4 personnes,Nendaz - Valais
29/03/2024,27/07/2024,03/08/2024,1306.14,HW0H5SN,54 m² Appartement ∙ 2 chambres ∙ 4 personnes,Nendaz - Valais
29/03/2024,31/08/2024,07/09/2024,887.89,HW0H5SN,54 m² Appartement ∙ 2 chambres ∙ 4 personnes,Nendaz - Valais
29/03/2024,21/09/2024,28/09/2024,887.89,HW0H5SN,54 m² Appartement ∙ 2 chambres ∙ 4 personnes,Nendaz - Valais
29/03/2024,28/09/2024,05/10/2024,887.89,HW0H5SN,54 m² Appartement ∙ 2 chambres ∙ 4 personnes,Nendaz - Valais
29/03/2024,05/10/2024,12/10/2024,887.89,HW0H5SN,54 m² Appartement ∙ 2 chambres ∙ 4 personnes,Nendaz - Valais
29/03/2024,12/10/2024,19/10/2024,887.89,HW0H5SN,54 m² Appartement ∙ 2 chambres ∙ 4 personnes,Nendaz - Valais
29/03/2024,19/10/2024,26/10/2024,887.89,HW0H5SN,54 m² Appartement ∙ 2 chambres ∙ 4 personnes,Nendaz - Valais
29/03/2024,26/10/2024,02/11/2024,887.89,HW0H5SN,54 m² Appartement ∙ 2 chambres ∙ 4 personnes,Nendaz - Valais
29/03/2024,06/04/2024,13/04/2024,1535.31,HPSC8H1,Appartement ∙ 3 chambres ∙ 6 personnes,Riederalp - Valais
29/03/2024,13/04/2024,20/04/2024,1535.31,HPSC8H1,Appartement ∙ 3 chambres ∙ 6 personnes,Riederalp - Valais
29/03/2024,20/04/2024,27/04/2024,1535.31,HPSC8H1,Appartement ∙ 3 chambres ∙ 6 personnes,Riederalp - Valais
29/03/2024,27/04/2024,04/05/2024,1304.09,HPSC8H1,Appartement ∙ 3 chambres ∙ 6 personnes,Riederalp - Valais
29/03/2024,04/05/2024,11/05/2024,996.82,HPSC8H1,Appartement ∙ 3 chambres ∙ 6 personnes,Riederalp - Valais
29/03/2024,11/05/2024,18/05/2024,996.82,HPSC8H1,Appartement ∙ 3 chambres ∙ 6 personnes,Riederalp - Valais
29/03/2024,18/05/2024,25/05/2024,996.82,HPSC8H1,Appartement ∙ 3 chambres ∙ 6 personnes,Riederalp - Valais
29/03/2024,25/05/2024,01/06/2024,996.82,HPSC8H1,Appartement ∙ 3 chambres ∙ 6 personnes,Riederalp - Valais
29/03/2024,01/06/2024,08/06/2024,996.82,HPSC8H1,Appartement ∙ 3 chambres ∙ 6 personnes,Riederalp - Valais
29/03/2024,08/06/2024,15/06/2024,996.82,HPSC8H1,Appartement ∙ 3 chambres ∙ 6 personnes,Riederalp - Valais
29/03/2024,15/06/2024,22/06/2024,996.82,HPSC8H1,Appartement ∙ 3 chambres ∙ 6 personnes,Riederalp - Valais
29/03/2024,22/06/2024,29/06/2024,996.82,HPSC8H1,Appartement ∙ 3 chambres ∙ 6 personnes,Riederalp - Valais
29/03/2024,29/06/2024,06/07/2024,996.82,HPSC8H1,Appartement ∙ 3 chambres ∙ 6 personnes,Riederalp - Valais
29/03/2024,06/07/2024,13/07/2024,996.82,HPSC8H1,Appartement ∙ 3 chambres ∙ 6 personnes,Riederalp - Valais
29/03/2024,27/07/2024,03/08/2024,996.82,HPSC8H1,Appartement ∙ 3 chambres ∙ 6 personnes,Riederalp - Valais
29/03/2024,10/08/2024,17/08/2024,996.82,HPSC8H1,Appartement ∙ 3 chambres ∙ 6 personnes,Riederalp - Valais
29/03/2024,17/08/2024,24/08/2024,996.82,HPSC8H1,Appartement ∙ 3 chambres ∙ 6 personnes,Riederalp - Valais
29/03/2024,24/08/2024,31/08/2024,996.82,HPSC8H1,Appartement ∙ 3 chambres ∙ 6 personnes,Riederalp - Valais
29/03/2024,31/08/2024,07/09/2024,996.82,HPSC8H1,Appartement ∙ 3 chambres ∙ 6 personnes,Riederalp - Valais
29/03/2024,07/09/2024,14/09/2024,996.82,HPSC8H1,Appartement ∙ 3 chambres ∙ 6 personnes,Riederalp - Valais
29/03/2024,14/09/2024,21/09/2024,996.82,HPSC8H1,Appartement ∙ 3 chambres ∙ 6 personnes,Riederalp - Valais
29/03/2024,21/09/2024,28/09/2024,996.82,HPSC8H1,Appartement ∙ 3 chambres ∙ 6 personnes,Riederalp - Valais
29/03/2024,28/09/2024,05/10/2024,996.82,HPSC8H1,Appartement ∙ 3 chambres ∙ 6 personnes,Riederalp - Valais
29/03/2024,05/10/2024,12/10/2024,996.82,HPSC8H1,Appartement ∙ 3 chambres ∙ 6 personnes,Riederalp - Valais
29/03/2024,12/10/2024,19/10/2024,996.82,HPSC8H1,Appartement ∙ 3 chambres ∙ 6 personnes,Riederalp - Valais
29/03/2024,19/10/2024,26/10/2024,996.82,HPSC8H1,Appartement ∙ 3 chambres ∙ 6 personnes,Riederalp - Valais
29/03/2024,26/10/2024,02/11/2024,996.82,HPSC8H1,Appartement ∙ 3 chambres ∙ 6 personnes,Riederalp - Valais
29/03/2024,20/04/2024,27/04/2024,1103.70,HG5EKDA,45 m² Appartement ∙ 1 chambre ∙ 3 personnes,Zermatt - Valais
29/03/2024,25/05/2024,01/06/2024,1052.31,HG5EKDA,45 m² Appartement ∙ 1 chambre ∙ 3 personnes,Zermatt - Valais
29/03/2024,01/06/2024,08/06/2024,1052.31,HG5EKDA,45 m² Appartement ∙ 1 chambre ∙ 3 personnes,Zermatt - Valais
29/03/2024,15/06/2024,22/06/2024,1052.31,HG5EKDA,45 m² Appartement ∙ 1 chambre ∙ 3 personnes,Zermatt - Valais
29/03/2024,22/06/2024,29/06/2024,1052.31,HG5EKDA,45 m² Appartement ∙ 1 chambre ∙ 3 personnes,Zermatt - Valais
29/03/2024,29/06/2024,06/07/2024,1112.95,HG5EKDA,45 m² Appartement ∙ 1 chambre ∙ 3 personnes,Zermatt - Valais
29/03/2024,03/08/2024,10/08/2024,1112.95,HG5EKDA,45 m² Appartement ∙ 1 chambre ∙ 3 personnes,Zermatt - Valais
29/03/2024,31/08/2024,07/09/2024,1052.31,HG5EKDA,45 m² Appartement ∙ 1 chambre ∙ 3 personnes,Zermatt - Valais
29/03/2024,07/09/2024,14/09/2024,1052.31,HG5EKDA,45 m² Appartement ∙ 1 chambre ∙ 3 personnes,Zermatt - Valais
29/03/2024,14/09/2024,21/09/2024,1052.31,HG5EKDA,45 m² Appartement ∙ 1 chambre ∙ 3 personnes,Zermatt - Valais
29/03/2024,21/09/2024,28/09/2024,1052.31,HG5EKDA,45 m² Appartement ∙ 1 chambre ∙ 3 personnes,Zermatt - Valais
29/03/2024,28/09/2024,05/10/2024,1052.31,HG5EKDA,45 m² Appartement ∙ 1 chambre ∙ 3 personnes,Zermatt - Valais
29/03/2024,05/10/2024,12/10/2024,1052.31,HG5EKDA,45 m² Appartement ∙ 1 chambre ∙ 3 personnes,Zermatt - Valais
29/03/2024,12/10/2024,19/10/2024,1052.31,HG5EKDA,45 m² Appartement ∙ 1 chambre ∙ 3 personnes,Zermatt - Valais
29/03/2024,19/10/2024,26/10/2024,1052.31,HG5EKDA,45 m² Appartement ∙ 1 chambre ∙ 3 personnes,Zermatt - Valais
29/03/2024,26/10/2024,02/11/2024,1052.31,HG5EKDA,45 m² Appartement ∙ 1 chambre ∙ 3 personnes,Zermatt - Valais
29/03/2024,20/04/2024,27/04/2024,1043.06,H13DKFX,Appartement ∙ 1 chambre ∙ 4 personnes,Zermatt - Valais
29/03/2024,27/04/2024,04/05/2024,1684.31,H13DKFX,Appartement ∙ 1 chambre ∙ 4 personnes,Zermatt - Valais
29/03/2024,18/05/2024,25/05/2024,1043.06,H13DKFX,Appartement ∙ 1 chambre ∙ 4 personnes,Zermatt - Valais
29/03/2024,25/05/2024,01/06/2024,1043.06,H13DKFX,Appartement ∙ 1 chambre ∙ 4 personnes,Zermatt - Valais
29/03/2024,01/06/2024,08/06/2024,1043.06,H13DKFX,Appartement ∙ 1 chambre ∙ 4 personnes,Zermatt - Valais
29/03/2024,08/06/2024,15/06/2024,1043.06,H13DKFX,Appartement ∙ 1 chambre ∙ 4 personnes,Zermatt - Valais
29/03/2024,15/06/2024,22/06/2024,1043.06,H13DKFX,Appartement ∙ 1 chambre ∙ 4 personnes,Zermatt - Valais
29/03/2024,22/06/2024,29/06/2024,1043.06,H13DKFX,Appartement ∙ 1 chambre ∙ 4 personnes,Zermatt - Valais
29/03/2024,13/07/2024,20/07/2024,1043.06,H13DKFX,Appartement ∙ 1 chambre ∙ 4 personnes,Zermatt - Valais
29/03/2024,20/07/2024,27/07/2024,1043.06,H13DKFX,Appartement ∙ 1 chambre ∙ 4 personnes,Zermatt - Valais
29/03/2024,27/07/2024,03/08/2024,1043.06,H13DKFX,Appartement ∙ 1 chambre ∙ 4 personnes,Zermatt - Valais
29/03/2024,03/08/2024,10/08/2024,1043.06,H13DKFX,Appartement ∙ 1 chambre ∙ 4 personnes,Zermatt - Valais
29/03/2024,10/08/2024,17/08/2024,1043.06,H13DKFX,Appartement ∙ 1 chambre ∙ 4 personnes,Zermatt - Valais
29/03/2024,31/08/2024,07/09/2024,1043.06,H13DKFX,Appartement ∙ 1 chambre ∙ 4 personnes,Zermatt - Valais
29/03/2024,07/09/2024,14/09/2024,1043.06,H13DKFX,Appartement ∙ 1 chambre ∙ 4 personnes,Zermatt - Valais
29/03/2024,14/09/2024,21/09/2024,1043.06,H13DKFX,Appartement ∙ 1 chambre ∙ 4 personnes,Zermatt - Valais
29/03/2024,21/09/2024,28/09/2024,1043.06,H13DKFX,Appartement ∙ 1 chambre ∙ 4 personnes,Zermatt - Valais
29/03/2024,28/09/2024,05/10/2024,1043.06,H13DKFX,Appartement ∙ 1 chambre ∙ 4 personnes,Zermatt - Valais
29/03/2024,05/10/2024,12/10/2024,1043.06,H13DKFX,Appartement ∙ 1 chambre ∙ 4 personnes,Zermatt - Valais
29/03/2024,12/10/2024,19/10/2024,1043.06,H13DKFX,Appartement ∙ 1 chambre ∙ 4 personnes,Zermatt - Valais
29/03/2024,19/10/2024,26/10/2024,1043.06,H13DKFX,Appartement ∙ 1 chambre ∙ 4 personnes,Zermatt - Valais
29/03/2024,26/10/2024,02/11/2024,1043.06,H13DKFX,Appartement ∙ 1 chambre ∙ 4 personnes,Zermatt - Valais
29/03/2024,06/04/2024,13/04/2024,1007.10,H8LYB2T,Appartement ∙ 5 personnes,Grächen - Valais
29/03/2024,13/04/2024,20/04/2024,863.23,H8LYB2T,Appartement ∙ 5 personnes,Grächen - Valais
29/03/2024,20/04/2024,27/04/2024,863.23,H8LYB2T,Appartement ∙ 5 personnes,Grächen - Valais
29/03/2024,27/04/2024,04/05/2024,863.23,H8LYB2T,Appartement ∙ 5 personnes,Grächen - Valais
29/03/2024,04/05/2024,11/05/2024,863.23,H8LYB2T,Appartement ∙ 5 personnes,Grächen - Valais
29/03/2024,11/05/2024,18/05/2024,863.23,H8LYB2T,Appartement ∙ 5 personnes,Grächen - Valais
29/03/2024,18/05/2024,25/05/2024,863.23,H8LYB2T,Appartement ∙ 5 personnes,Grächen - Valais
29/03/2024,25/05/2024,01/06/2024,863.23,H8LYB2T,Appartement ∙ 5 personnes,Grächen - Valais
29/03/2024,01/06/2024,08/06/2024,863.23,H8LYB2T,Appartement ∙ 5 personnes,Grächen - Valais
29/03/2024,08/06/2024,15/06/2024,863.23,H8LYB2T,Appartement ∙ 5 personnes,Grächen - Valais
29/03/2024,15/06/2024,22/06/2024,863.23,H8LYB2T,Appartement ∙ 5 personnes,Grächen - Valais
29/03/2024,22/06/2024,29/06/2024,863.23,H8LYB2T,Appartement ∙ 5 personnes,Grächen - Valais
29/03/2024,29/06/2024,06/07/2024,863.23,H8LYB2T,Appartement ∙ 5 personnes,Grächen - Valais
29/03/2024,06/07/2024,13/07/2024,935.16,H8LYB2T,Appartement ∙ 5 personnes,Grächen - Valais
29/03/2024,13/07/2024,20/07/2024,935.16,H8LYB2T,Appartement ∙ 5 personnes,Grächen - Valais
29/03/2024,20/07/2024,27/07/2024,935.16,H8LYB2T,Appartement ∙ 5 personnes,Grächen - Valais
29/03/2024,27/07/2024,03/08/2024,935.16,H8LYB2T,Appartement ∙ 5 personnes,Grächen - Valais
29/03/2024,03/08/2024,10/08/2024,935.16,H8LYB2T,Appartement ∙ 5 personnes,Grächen - Valais
29/03/2024,10/08/2024,17/08/2024,935.16,H8LYB2T,Appartement ∙ 5 personnes,Grächen - Valais
29/03/2024,17/08/2024,24/08/2024,863.23,H8LYB2T,Appartement ∙ 5 personnes,Grächen - Valais
29/03/2024,24/08/2024,31/08/2024,863.23,H8LYB2T,Appartement ∙ 5 personnes,Grächen - Valais
29/03/2024,31/08/2024,07/09/2024,863.23,H8LYB2T,Appartement ∙ 5 personnes,Grächen - Valais
29/03/2024,07/09/2024,14/09/2024,863.23,H8LYB2T,Appartement ∙ 5 personnes,Grächen - Valais
29/03/2024,14/09/2024,21/09/2024,863.23,H8LYB2T,Appartement ∙ 5 personnes,Grächen - Valais
29/03/2024,21/09/2024,28/09/2024,863.23,H8LYB2T,Appartement ∙ 5 personnes,Grächen - Valais
29/03/2024,28/09/2024,05/10/2024,935.16,H8LYB2T,Appartement ∙ 5 personnes,Grächen - Valais
29/03/2024,05/10/2024,12/10/2024,935.16,H8LYB2T,Appartement ∙ 5 personnes,Grächen - Valais
29/03/2024,12/10/2024,19/10/2024,935.16,H8LYB2T,Appartement ∙ 5 personnes,Grächen - Valais
29/03/2024,19/10/2024,26/10/2024,863.23,H8LYB2T,Appartement ∙ 5 personnes,Grächen - Valais
29/03/2024,26/10/2024,02/11/2024,863.23,H8LYB2T,Appartement ∙ 5 personnes,Grächen - Valais
29/03/2024,06/04/2024,13/04/2024,575.49,HAF0SC1,Appartement ∙ 5 personnes,Grächen - Valais
29/03/2024,13/04/2024,20/04/2024,575.49,HAF0SC1,Appartement ∙ 5 personnes,Grächen - Valais
29/03/2024,20/04/2024,27/04/2024,575.49,HAF0SC1,Appartement ∙ 5 personnes,Grächen - Valais
29/03/2024,15/06/2024,22/06/2024,575.49,HAF0SC1,Appartement ∙ 5 personnes,Grächen - Valais
29/03/2024,22/06/2024,29/06/2024,575.49,HAF0SC1,Appartement ∙ 5 personnes,Grächen - Valais
29/03/2024,29/06/2024,06/07/2024,575.49,HAF0SC1,Appartement ∙ 5 personnes,Grächen - Valais
29/03/2024,06/07/2024,13/07/2024,935.17,HAF0SC1,Appartement ∙ 5 personnes,Grächen - Valais
29/03/2024,13/07/2024,20/07/2024,935.17,HAF0SC1,Appartement ∙ 5 personnes,Grächen - Valais
29/03/2024,20/07/2024,27/07/2024,935.17,HAF0SC1,Appartement ∙ 5 personnes,Grächen - Valais
29/03/2024,27/07/2024,03/08/2024,935.17,HAF0SC1,Appartement ∙ 5 personnes,Grächen - Valais
29/03/2024,03/08/2024,10/08/2024,935.17,HAF0SC1,Appartement ∙ 5 personnes,Grächen - Valais
29/03/2024,10/08/2024,17/08/2024,935.17,HAF0SC1,Appartement ∙ 5 personnes,Grächen - Valais
29/03/2024,17/08/2024,24/08/2024,647.42,HAF0SC1,Appartement ∙ 5 personnes,Grächen - Valais
29/03/2024,24/08/2024,31/08/2024,647.42,HAF0SC1,Appartement ∙ 5 personnes,Grächen - Valais
29/03/2024,31/08/2024,07/09/2024,647.42,HAF0SC1,Appartement ∙ 5 personnes,Grächen - Valais
29/03/2024,07/09/2024,14/09/2024,647.42,HAF0SC1,Appartement ∙ 5 personnes,Grächen - Valais
29/03/2024,14/09/2024,21/09/2024,647.42,HAF0SC1,Appartement ∙ 5 personnes,Grächen - Valais
29/03/2024,21/09/2024,28/09/2024,647.42,HAF0SC1,Appartement ∙ 5 personnes,Grächen - Valais
29/03/2024,28/09/2024,05/10/2024,647.42,HAF0SC1,Appartement ∙ 5 personnes,Grächen - Valais
29/03/2024,05/10/2024,12/10/2024,647.42,HAF0SC1,Appartement ∙ 5 personnes,Grächen - Valais
29/03/2024,12/10/2024,19/10/2024,647.42,HAF0SC1,Appartement ∙ 5 personnes,Grächen - Valais
29/03/2024,19/10/2024,26/10/2024,647.42,HAF0SC1,Appartement ∙ 5 personnes,Grächen - Valais
29/03/2024,20/04/2024,27/04/2024,1304.09,H4U5T1K,60 m² Appartement ∙ 2 chambres ∙ 4 personnes,Verbier - Bagnes - Valais
29/03/2024,27/04/2024,04/05/2024,1304.09,H4U5T1K,60 m² Appartement ∙ 2 chambres ∙ 4 personnes,Verbier - Bagnes - Valais
29/03/2024,04/05/2024,11/05/2024,1304.09,H4U5T1K,60 m² Appartement ∙ 2 chambres ∙ 4 personnes,Verbier - Bagnes - Valais
29/03/2024,11/05/2024,18/05/2024,1304.09,H4U5T1K,60 m² Appartement ∙ 2 chambres ∙ 4 personnes,Verbier - Bagnes - Valais
29/03/2024,18/05/2024,25/05/2024,1304.09,H4U5T1K,60 m² Appartement ∙ 2 chambres ∙ 4 personnes,Verbier - Bagnes - Valais
29/03/2024,25/05/2024,01/06/2024,1304.09,H4U5T1K,60 m² Appartement ∙ 2 chambres ∙ 4 personnes,Verbier - Bagnes - Valais
29/03/2024,01/06/2024,08/06/2024,1304.09,H4U5T1K,60 m² Appartement ∙ 2 chambres ∙ 4 personnes,Verbier - Bagnes - Valais
29/03/2024,08/06/2024,15/06/2024,1304.09,H4U5T1K,60 m² Appartement ∙ 2 chambres ∙ 4 personnes,Verbier - Bagnes - Valais
29/03/2024,15/06/2024,22/06/2024,1304.09,H4U5T1K,60 m² Appartement ∙ 2 chambres ∙ 4 personnes,Verbier - Bagnes - Valais
29/03/2024,22/06/2024,29/06/2024,1304.09,H4U5T1K,60 m² Appartement ∙ 2 chambres ∙ 4 personnes,Verbier - Bagnes - Valais
29/03/2024,07/09/2024,14/09/2024,1304.09,H4U5T1K,60 m² Appartement ∙ 2 chambres ∙ 4 personnes,Verbier - Bagnes - Valais
29/03/2024,14/09/2024,21/09/2024,1304.09,H4U5T1K,60 m² Appartement ∙ 2 chambres ∙ 4 personnes,Verbier - Bagnes - Valais
29/03/2024,21/09/2024,28/09/2024,1304.09,H4U5T1K,60 m² Appartement ∙ 2 chambres ∙ 4 personnes,Verbier - Bagnes - Valais
29/03/2024,28/09/2024,05/10/2024,1304.09,H4U5T1K,60 m² Appartement ∙ 2 chambres ∙ 4 personnes,Verbier - Bagnes - Valais
29/03/2024,05/10/2024,12/10/2024,1304.09,H4U5T1K,60 m² Appartement ∙ 2 chambres ∙ 4 personnes,Verbier - Bagnes - Valais
29/03/2024,12/10/2024,19/10/2024,1304.09,H4U5T1K,60 m² Appartement ∙ 2 chambres ∙ 4 personnes,Verbier - Bagnes - Valais
29/03/2024,19/10/2024,26/10/2024,1304.09,H4U5T1K,60 m² Appartement ∙ 2 chambres ∙ 4 personnes,Verbier - Bagnes - Valais
29/03/2024,26/10/2024,02/11/2024,1304.09,H4U5T1K,60 m² Appartement ∙ 2 chambres ∙ 4 personnes,Verbier - Bagnes - Valais
29/03/2024,13/04/2024,20/04/2024,552.88,HFDR94Z,30 m² Appartement ∙ 1 chambre ∙ 2 personnes,Crans-Montana - Valais
29/03/2024,20/04/2024,27/04/2024,552.88,HFDR94Z,30 m² Appartement ∙ 1 chambre ∙ 2 personnes,Crans-Montana - Valais
29/03/2024,27/04/2024,04/05/2024,552.88,HFDR94Z,30 m² Appartement ∙ 1 chambre ∙ 2 personnes,Crans-Montana - Valais
29/03/2024,04/05/2024,11/05/2024,552.88,HFDR94Z,30 m² Appartement ∙ 1 chambre ∙ 2 personnes,Crans-Montana - Valais
29/03/2024,11/05/2024,18/05/2024,552.88,HFDR94Z,30 m² Appartement ∙ 1 chambre ∙ 2 personnes,Crans-Montana - Valais
29/03/2024,18/05/2024,25/05/2024,552.88,HFDR94Z,30 m² Appartement ∙ 1 chambre ∙ 2 personnes,Crans-Montana - Valais
29/03/2024,25/05/2024,01/06/2024,552.88,HFDR94Z,30 m² Appartement ∙ 1 chambre ∙ 2 personnes,Crans-Montana - Valais
29/03/2024,01/06/2024,08/06/2024,552.88,HFDR94Z,30 m² Appartement ∙ 1 chambre ∙ 2 personnes,Crans-Montana - Valais
29/03/2024,22/06/2024,29/06/2024,552.88,HFDR94Z,30 m² Appartement ∙ 1 chambre ∙ 2 personnes,Crans-Montana - Valais
29/03/2024,29/06/2024,06/07/2024,552.88,HFDR94Z,30 m² Appartement ∙ 1 chambre ∙ 2 personnes,Crans-Montana - Valais
29/03/2024,06/07/2024,13/07/2024,664.89,HFDR94Z,30 m² Appartement ∙ 1 chambre ∙ 2 personnes,Crans-Montana - Valais
29/03/2024,13/07/2024,20/07/2024,664.89,HFDR94Z,30 m² Appartement ∙ 1 chambre ∙ 2 personnes,Crans-Montana - Valais
29/03/2024,20/07/2024,27/07/2024,731.69,HFDR94Z,30 m² Appartement ∙ 1 chambre ∙ 2 personnes,Crans-Montana - Valais
29/03/2024,27/07/2024,03/08/2024,731.69,HFDR94Z,30 m² Appartement ∙ 1 chambre ∙ 2 personnes,Crans-Montana - Valais
29/03/2024,03/08/2024,10/08/2024,731.69,HFDR94Z,30 m² Appartement ∙ 1 chambre ∙ 2 personnes,Crans-Montana - Valais
29/03/2024,24/08/2024,31/08/2024,552.88,HFDR94Z,30 m² Appartement ∙ 1 chambre ∙ 2 personnes,Crans-Montana - Valais
29/03/2024,21/09/2024,28/09/2024,552.88,HFDR94Z,30 m² Appartement ∙ 1 chambre ∙ 2 personnes,Crans-Montana - Valais
29/03/2024,28/09/2024,05/10/2024,552.88,HFDR94Z,30 m² Appartement ∙ 1 chambre ∙ 2 personnes,Crans-Montana - Valais
29/03/2024,05/10/2024,12/10/2024,552.88,HFDR94Z,30 m² Appartement ∙ 1 chambre ∙ 2 personnes,Crans-Montana - Valais
29/03/2024,12/10/2024,19/10/2024,552.88,HFDR94Z,30 m² Appartement ∙ 1 chambre ∙ 2 personnes,Crans-Montana - Valais
29/03/2024,19/10/2024,26/10/2024,552.88,HFDR94Z,30 m² Appartement ∙ 1 chambre ∙ 2 personnes,Crans-Montana - Valais
29/03/2024,26/10/2024,02/11/2024,552.88,HFDR94Z,30 m² Appartement ∙ 1 chambre ∙ 2 personnes,Crans-Montana - Valais
29/03/2024,06/04/2024,13/04/2024,564.18,HVZ679L,48 m² Appartement ∙ 1 chambre ∙ 4 personnes,Ovronnaz - Leytron - Valais
29/03/2024,13/04/2024,20/04/2024,694.69,HVZ679L,48 m² Appartement ∙ 1 chambre ∙ 4 personnes,Ovronnaz - Leytron - Valais
29/03/2024,20/04/2024,27/04/2024,694.69,HVZ679L,48 m² Appartement ∙ 1 chambre ∙ 4 personnes,Ovronnaz - Leytron - Valais
29/03/2024,27/04/2024,04/05/2024,694.69,HVZ679L,48 m² Appartement ∙ 1 chambre ∙ 4 personnes,Ovronnaz - Leytron - Valais
29/03/2024,04/05/2024,11/05/2024,694.69,HVZ679L,48 m² Appartement ∙ 1 chambre ∙ 4 personnes,Ovronnaz - Leytron - Valais
29/03/2024,11/05/2024,18/05/2024,694.69,HVZ679L,48 m² Appartement ∙ 1 chambre ∙ 4 personnes,Ovronnaz - Leytron - Valais
29/03/2024,18/05/2024,25/05/2024,694.69,HVZ679L,48 m² Appartement ∙ 1 chambre ∙ 4 personnes,Ovronnaz - Leytron - Valais
29/03/2024,25/05/2024,01/06/2024,694.69,HVZ679L,48 m² Appartement ∙ 1 chambre ∙ 4 personnes,Ovronnaz - Leytron - Valais
29/03/2024,01/06/2024,08/06/2024,694.69,HVZ679L,48 m² Appartement ∙ 1 chambre ∙ 4 personnes,Ovronnaz - Leytron - Valais
29/03/2024,08/06/2024,15/06/2024,694.69,HVZ679L,48 m² Appartement ∙ 1 chambre ∙ 4 personnes,Ovronnaz - Leytron - Valais
29/03/2024,15/06/2024,22/06/2024,694.69,HVZ679L,48 m² Appartement ∙ 1 chambre ∙ 4 personnes,Ovronnaz - Leytron - Valais
29/03/2024,22/06/2024,29/06/2024,694.69,HVZ679L,48 m² Appartement ∙ 1 chambre ∙ 4 personnes,Ovronnaz - Leytron - Valais
29/03/2024,29/06/2024,06/07/2024,694.69,HVZ679L,48 m² Appartement ∙ 1 chambre ∙ 4 personnes,Ovronnaz - Leytron - Valais
29/03/2024,20/07/2024,27/07/2024,754.30,HVZ679L,48 m² Appartement ∙ 1 chambre ∙ 4 personnes,Ovronnaz - Leytron - Valais
29/03/2024,27/07/2024,03/08/2024,754.30,HVZ679L,48 m² Appartement ∙ 1 chambre ∙ 4 personnes,Ovronnaz - Leytron - Valais
29/03/2024,24/08/2024,31/08/2024,694.69,HVZ679L,48 m² Appartement ∙ 1 chambre ∙ 4 personnes,Ovronnaz - Leytron - Valais
29/03/2024,31/08/2024,07/09/2024,694.69,HVZ679L,48 m² Appartement ∙ 1 chambre ∙ 4 personnes,Ovronnaz - Leytron - Valais
29/03/2024,07/09/2024,14/09/2024,694.69,HVZ679L,48 m² Appartement ∙ 1 chambre ∙ 4 personnes,Ovronnaz - Leytron - Valais
29/03/2024,14/09/2024,21/09/2024,694.69,HVZ679L,48 m² Appartement ∙ 1 chambre ∙ 4 personnes,Ovronnaz - Leytron - Valais
29/03/2024,21/09/2024,28/09/2024,694.69,HVZ679L,48 m² Appartement ∙ 1 chambre ∙ 4 personnes,Ovronnaz - Leytron - Valais
29/03/2024,28/09/2024,05/10/2024,694.69,HVZ679L,48 m² Appartement ∙ 1 chambre ∙ 4 personnes,Ovronnaz - Leytron - Valais
29/03/2024,05/10/2024,12/10/2024,694.69,HVZ679L,48 m² Appartement ∙ 1 chambre ∙ 4 personnes,Ovronnaz - Leytron - Valais
29/03/2024,12/10/2024,19/10/2024,694.69,HVZ679L,48 m² Appartement ∙ 1 chambre ∙ 4 personnes,Ovronnaz - Leytron - Valais
29/03/2024,19/10/2024,26/10/2024,694.69,HVZ679L,48 m² Appartement ∙ 1 chambre ∙ 4 personnes,Ovronnaz - Leytron - Valais
29/03/2024,26/10/2024,02/11/2024,694.69,HVZ679L,48 m² Appartement ∙ 1 chambre ∙ 4 personnes,Ovronnaz - Leytron - Valais
29/03/2024,06/04/2024,13/04/2024,694.69,HPJFNHL,52 m² Appartement ∙ 1 chambre ∙ 4 personnes,Ovronnaz - Leytron - Valais
29/03/2024,13/04/2024,20/04/2024,694.69,HPJFNHL,52 m² Appartement ∙ 1 chambre ∙ 4 personnes,Ovronnaz - Leytron - Valais
29/03/2024,20/04/2024,27/04/2024,694.69,HPJFNHL,52 m² Appartement ∙ 1 chambre ∙ 4 personnes,Ovronnaz - Leytron - Valais
29/03/2024,27/04/2024,04/05/2024,694.69,HPJFNHL,52 m² Appartement ∙ 1 chambre ∙ 4 personnes,Ovronnaz - Leytron - Valais
29/03/2024,04/05/2024,11/05/2024,694.69,HPJFNHL,52 m² Appartement ∙ 1 chambre ∙ 4 personnes,Ovronnaz - Leytron - Valais
29/03/2024,11/05/2024,18/05/2024,694.69,HPJFNHL,52 m² Appartement ∙ 1 chambre ∙ 4 personnes,Ovronnaz - Leytron - Valais
29/03/2024,15/06/2024,22/06/2024,694.69,HPJFNHL,52 m² Appartement ∙ 1 chambre ∙ 4 personnes,Ovronnaz - Leytron - Valais
29/03/2024,22/06/2024,29/06/2024,694.69,HPJFNHL,52 m² Appartement ∙ 1 chambre ∙ 4 personnes,Ovronnaz - Leytron - Valais
29/03/2024,29/06/2024,06/07/2024,694.69,HPJFNHL,52 m² Appartement ∙ 1 chambre ∙ 4 personnes,Ovronnaz - Leytron - Valais
29/03/2024,06/07/2024,13/07/2024,694.69,HPJFNHL,52 m² Appartement ∙ 1 chambre ∙ 4 personnes,Ovronnaz - Leytron - Valais
29/03/2024,13/07/2024,20/07/2024,806.71,HPJFNHL,52 m² Appartement ∙ 1 chambre ∙ 4 personnes,Ovronnaz - Leytron - Valais
29/03/2024,03/08/2024,10/08/2024,836.51,HPJFNHL,52 m² Appartement ∙ 1 chambre ∙ 4 personnes,Ovronnaz - Leytron - Valais
29/03/2024,07/09/2024,14/09/2024,694.69,HPJFNHL,52 m² Appartement ∙ 1 chambre ∙ 4 personnes,Ovronnaz - Leytron - Valais
29/03/2024,14/09/2024,21/09/2024,694.69,HPJFNHL,52 m² Appartement ∙ 1 chambre ∙ 4 personnes,Ovronnaz - Leytron - Valais
29/03/2024,21/09/2024,28/09/2024,694.69,HPJFNHL,52 m² Appartement ∙ 1 chambre ∙ 4 personnes,Ovronnaz - Leytron - Valais
29/03/2024,28/09/2024,05/10/2024,694.69,HPJFNHL,52 m² Appartement ∙ 1 chambre ∙ 4 personnes,Ovronnaz - Leytron - Valais
29/03/2024,05/10/2024,12/10/2024,694.69,HPJFNHL,52 m² Appartement ∙ 1 chambre ∙ 4 personnes,Ovronnaz - Leytron - Valais
29/03/2024,12/10/2024,19/10/2024,694.69,HPJFNHL,52 m² Appartement ∙ 1 chambre ∙ 4 personnes,Ovronnaz - Leytron - Valais
29/03/2024,19/10/2024,26/10/2024,694.69,HPJFNHL,52 m² Appartement ∙ 1 chambre ∙ 4 personnes,Ovronnaz - Leytron - Valais
29/03/2024,26/10/2024,02/11/2024,694.69,HPJFNHL,52 m² Appartement ∙ 1 chambre ∙ 4 personnes,Ovronnaz - Leytron - Valais
29/03/2024,22/06/2024,29/06/2024,949.97,HNGCK7L,52 m² Appartement ∙ 1 chambre ∙ 4 personnes,Saas-Almagell - Valais
29/03/2024,13/07/2024,20/07/2024,975.47,HNGCK7L,52 m² Appartement ∙ 1 chambre ∙ 4 personnes,Saas-Almagell - Valais
29/03/2024,24/08/2024,31/08/2024,975.47,HNGCK7L,52 m² Appartement ∙ 1 chambre ∙ 4 personnes,Saas-Almagell - Valais
29/03/2024,20/04/2024,27/04/2024,1302.36,HX5PNJ8,51 m² Appartement ∙ 1 chambre ∙ 2 personnes,Zermatt - Valais
29/03/2024,11/05/2024,18/05/2024,1103.10,HX5PNJ8,51 m² Appartement ∙ 1 chambre ∙ 2 personnes,Zermatt - Valais
29/03/2024,01/06/2024,08/06/2024,1103.10,HX5PNJ8,51 m² Appartement ∙ 1 chambre ∙ 2 personnes,Zermatt - Valais
29/03/2024,17/08/2024,24/08/2024,1335.23,HX5PNJ8,51 m² Appartement ∙ 1 chambre ∙ 2 personnes,Zermatt - Valais
29/03/2024,24/08/2024,31/08/2024,1335.23,HX5PNJ8,51 m² Appartement ∙ 1 chambre ∙ 2 personnes,Zermatt - Valais
29/03/2024,31/08/2024,07/09/2024,1103.10,HX5PNJ8,51 m² Appartement ∙ 1 chambre ∙ 2 personnes,Zermatt - Valais
29/03/2024,21/09/2024,28/09/2024,1103.10,HX5PNJ8,51 m² Appartement ∙ 1 chambre ∙ 2 personnes,Zermatt - Valais
29/03/2024,28/09/2024,05/10/2024,1103.10,HX5PNJ8,51 m² Appartement ∙ 1 chambre ∙ 2 personnes,Zermatt - Valais
29/03/2024,05/10/2024,12/10/2024,1103.10,HX5PNJ8,51 m² Appartement ∙ 1 chambre ∙ 2 personnes,Zermatt - Valais
29/03/2024,12/10/2024,19/10/2024,1103.10,HX5PNJ8,51 m² Appartement ∙ 1 chambre ∙ 2 personnes,Zermatt - Valais
29/03/2024,19/10/2024,26/10/2024,1103.10,HX5PNJ8,51 m² Appartement ∙ 1 chambre ∙ 2 personnes,Zermatt - Valais
29/03/2024,26/10/2024,02/11/2024,1103.10,HX5PNJ8,51 m² Appartement ∙ 1 chambre ∙ 2 personnes,Zermatt - Valais
29/03/2024,06/04/2024,13/04/2024,2037.77,HGNHR2K,215 m² Maison de vacances ∙ 7 chambres ∙ 12 personnes,Salvan - Valais
29/03/2024,13/04/2024,20/04/2024,2037.77,HGNHR2K,215 m² Maison de vacances ∙ 7 chambres ∙ 12 personnes,Salvan - Valais
29/03/2024,20/04/2024,27/04/2024,2037.77,HGNHR2K,215 m² Maison de vacances ∙ 7 chambres ∙ 12 personnes,Salvan - Valais
29/03/2024,11/05/2024,18/05/2024,2037.77,HGNHR2K,215 m² Maison de vacances ∙ 7 chambres ∙ 12 personnes,Salvan - Valais
29/03/2024,18/05/2024,25/05/2024,2037.77,HGNHR2K,215 m² Maison de vacances ∙ 7 chambres ∙ 12 personnes,Salvan - Valais
29/03/2024,01/06/2024,08/06/2024,2037.77,HGNHR2K,215 m² Maison de vacances ∙ 7 chambres ∙ 12 personnes,Salvan - Valais
29/03/2024,08/06/2024,15/06/2024,2037.77,HGNHR2K,215 m² Maison de vacances ∙ 7 chambres ∙ 12 personnes,Salvan - Valais
29/03/2024,15/06/2024,22/06/2024,2037.77,HGNHR2K,215 m² Maison de vacances ∙ 7 chambres ∙ 12 personnes,Salvan - Valais
29/03/2024,13/07/2024,20/07/2024,2037.77,HGNHR2K,215 m² Maison de vacances ∙ 7 chambres ∙ 12 personnes,Salvan - Valais
29/03/2024,24/08/2024,31/08/2024,2037.77,HGNHR2K,215 m² Maison de vacances ∙ 7 chambres ∙ 12 personnes,Salvan - Valais
29/03/2024,31/08/2024,07/09/2024,2037.77,HGNHR2K,215 m² Maison de vacances ∙ 7 chambres ∙ 12 personnes,Salvan - Valais
29/03/2024,07/09/2024,14/09/2024,2037.77,HGNHR2K,215 m² Maison de vacances ∙ 7 chambres ∙ 12 personnes,Salvan - Valais
29/03/2024,14/09/2024,21/09/2024,2037.77,HGNHR2K,215 m² Maison de vacances ∙ 7 chambres ∙ 12 personnes,Salvan - Valais
29/03/2024,21/09/2024,28/09/2024,2037.77,HGNHR2K,215 m² Maison de vacances ∙ 7 chambres ∙ 12 personnes,Salvan - Valais
29/03/2024,28/09/2024,05/10/2024,2037.77,HGNHR2K,215 m² Maison de vacances ∙ 7 chambres ∙ 12 personnes,Salvan - Valais
29/03/2024,05/10/2024,12/10/2024,2037.77,HGNHR2K,215 m² Maison de vacances ∙ 7 chambres ∙ 12 personnes,Salvan - Valais
29/03/2024,12/10/2024,19/10/2024,2037.77,HGNHR2K,215 m² Maison de vacances ∙ 7 chambres ∙ 12 personnes,Salvan - Valais
29/03/2024,19/10/2024,26/10/2024,2037.77,HGNHR2K,215 m² Maison de vacances ∙ 7 chambres ∙ 12 personnes,Salvan - Valais
29/03/2024,26/10/2024,02/11/2024,2037.77,HGNHR2K,215 m² Maison de vacances ∙ 7 chambres ∙ 12 personnes,Salvan - Valais
29/03/2024,06/04/2024,13/04/2024,1678.28,HT136AM,120 m² Maison de vacances ∙ 4 chambres ∙ 8 personnes,Veysonnaz - Valais
29/03/2024,13/04/2024,20/04/2024,1678.28,HT136AM,120 m² Maison de vacances ∙ 4 chambres ∙ 8 personnes,Veysonnaz - Valais
29/03/2024,20/04/2024,27/04/2024,1678.28,HT136AM,120 m² Maison de vacances ∙ 4 chambres ∙ 8 personnes,Veysonnaz - Valais
29/03/2024,27/04/2024,04/05/2024,1678.28,HT136AM,120 m² Maison de vacances ∙ 4 chambres ∙ 8 personnes,Veysonnaz - Valais
29/03/2024,04/05/2024,11/05/2024,1678.28,HT136AM,120 m² Maison de vacances ∙ 4 chambres ∙ 8 personnes,Veysonnaz - Valais
29/03/2024,11/05/2024,18/05/2024,1678.28,HT136AM,120 m² Maison de vacances ∙ 4 chambres ∙ 8 personnes,Veysonnaz - Valais
29/03/2024,18/05/2024,25/05/2024,1678.28,HT136AM,120 m² Maison de vacances ∙ 4 chambres ∙ 8 personnes,Veysonnaz - Valais
29/03/2024,25/05/2024,01/06/2024,1678.28,HT136AM,120 m² Maison de vacances ∙ 4 chambres ∙ 8 personnes,Veysonnaz - Valais
29/03/2024,01/06/2024,08/06/2024,1678.28,HT136AM,120 m² Maison de vacances ∙ 4 chambres ∙ 8 personnes,Veysonnaz - Valais
29/03/2024,08/06/2024,15/06/2024,1839.54,HT136AM,120 m² Maison de vacances ∙ 4 chambres ∙ 8 personnes,Veysonnaz - Valais
29/03/2024,15/06/2024,22/06/2024,1839.54,HT136AM,120 m² Maison de vacances ∙ 4 chambres ∙ 8 personnes,Veysonnaz - Valais
29/03/2024,22/06/2024,29/06/2024,1839.54,HT136AM,120 m² Maison de vacances ∙ 4 chambres ∙ 8 personnes,Veysonnaz - Valais
29/03/2024,29/06/2024,06/07/2024,1839.54,HT136AM,120 m² Maison de vacances ∙ 4 chambres ∙ 8 personnes,Veysonnaz - Valais
29/03/2024,06/07/2024,13/07/2024,1839.54,HT136AM,120 m² Maison de vacances ∙ 4 chambres ∙ 8 personnes,Veysonnaz - Valais
29/03/2024,03/08/2024,10/08/2024,2036.74,HT136AM,120 m² Maison de vacances ∙ 4 chambres ∙ 8 personnes,Veysonnaz - Valais
29/03/2024,10/08/2024,17/08/2024,2036.74,HT136AM,120 m² Maison de vacances ∙ 4 chambres ∙ 8 personnes,Veysonnaz - Valais
29/03/2024,17/08/2024,24/08/2024,1678.28,HT136AM,120 m² Maison de vacances ∙ 4 chambres ∙ 8 personnes,Veysonnaz - Valais
29/03/2024,24/08/2024,31/08/2024,1678.28,HT136AM,120 m² Maison de vacances ∙ 4 chambres ∙ 8 personnes,Veysonnaz - Valais
29/03/2024,31/08/2024,07/09/2024,1678.28,HT136AM,120 m² Maison de vacances ∙ 4 chambres ∙ 8 personnes,Veysonnaz - Valais
29/03/2024,07/09/2024,14/09/2024,1678.28,HT136AM,120 m² Maison de vacances ∙ 4 chambres ∙ 8 personnes,Veysonnaz - Valais
29/03/2024,14/09/2024,21/09/2024,1678.28,HT136AM,120 m² Maison de vacances ∙ 4 chambres ∙ 8 personnes,Veysonnaz - Valais
29/03/2024,21/09/2024,28/09/2024,1678.28,HT136AM,120 m² Maison de vacances ∙ 4 chambres ∙ 8 personnes,Veysonnaz - Valais
29/03/2024,28/09/2024,05/10/2024,1678.28,HT136AM,120 m² Maison de vacances ∙ 4 chambres ∙ 8 personnes,Veysonnaz - Valais
29/03/2024,05/10/2024,12/10/2024,1678.28,HT136AM,120 m² Maison de vacances ∙ 4 chambres ∙ 8 personnes,Veysonnaz - Valais
29/03/2024,12/10/2024,19/10/2024,1678.28,HT136AM,120 m² Maison de vacances ∙ 4 chambres ∙ 8 personnes,Veysonnaz - Valais
29/03/2024,19/10/2024,26/10/2024,1678.28,HT136AM,120 m² Maison de vacances ∙ 4 chambres ∙ 8 personnes,Veysonnaz - Valais
29/03/2024,26/10/2024,02/11/2024,1678.28,HT136AM,120 m² Maison de vacances ∙ 4 chambres ∙ 8 personnes,Veysonnaz - Valais
29/03/2024,06/04/2024,13/04/2024,1469.78,HHYWMNG,110 m² Maison de vacances ∙ 3 chambres ∙ 6 personnes,Chamoson - Valais
29/03/2024,13/04/2024,20/04/2024,1469.78,HHYWMNG,110 m² Maison de vacances ∙ 3 chambres ∙ 6 personnes,Chamoson - Valais
29/03/2024,20/04/2024,27/04/2024,1469.78,HHYWMNG,110 m² Maison de vacances ∙ 3 chambres ∙ 6 personnes,Chamoson - Valais
29/03/2024,27/04/2024,04/05/2024,1469.78,HHYWMNG,110 m² Maison de vacances ∙ 3 chambres ∙ 6 personnes,Chamoson - Valais
29/03/2024,25/05/2024,01/06/2024,1469.78,HHYWMNG,110 m² Maison de vacances ∙ 3 chambres ∙ 6 personnes,Chamoson - Valais
29/03/2024,01/06/2024,08/06/2024,1469.78,HHYWMNG,110 m² Maison de vacances ∙ 3 chambres ∙ 6 personnes,Chamoson - Valais
29/03/2024,08/06/2024,15/06/2024,1469.78,HHYWMNG,110 m² Maison de vacances ∙ 3 chambres ∙ 6 personnes,Chamoson - Valais
29/03/2024,22/06/2024,29/06/2024,1469.78,HHYWMNG,110 m² Maison de vacances ∙ 3 chambres ∙ 6 personnes,Chamoson - Valais
29/03/2024,29/06/2024,06/07/2024,1800.51,HHYWMNG,110 m² Maison de vacances ∙ 3 chambres ∙ 6 personnes,Chamoson - Valais
29/03/2024,06/07/2024,13/07/2024,1800.51,HHYWMNG,110 m² Maison de vacances ∙ 3 chambres ∙ 6 personnes,Chamoson - Valais
29/03/2024,27/07/2024,03/08/2024,1948.41,HHYWMNG,110 m² Maison de vacances ∙ 3 chambres ∙ 6 personnes,Chamoson - Valais
29/03/2024,17/08/2024,24/08/2024,1469.78,HHYWMNG,110 m² Maison de vacances ∙ 3 chambres ∙ 6 personnes,Chamoson - Valais
29/03/2024,24/08/2024,31/08/2024,1469.78,HHYWMNG,110 m² Maison de vacances ∙ 3 chambres ∙ 6 personnes,Chamoson - Valais
29/03/2024,31/08/2024,07/09/2024,1469.78,HHYWMNG,110 m² Maison de vacances ∙ 3 chambres ∙ 6 personnes,Chamoson - Valais
29/03/2024,07/09/2024,14/09/2024,1469.78,HHYWMNG,110 m² Maison de vacances ∙ 3 chambres ∙ 6 personnes,Chamoson - Valais
29/03/2024,14/09/2024,21/09/2024,1469.78,HHYWMNG,110 m² Maison de vacances ∙ 3 chambres ∙ 6 personnes,Chamoson - Valais
29/03/2024,05/10/2024,12/10/2024,1469.78,HHYWMNG,110 m² Maison de vacances ∙ 3 chambres ∙ 6 personnes,Chamoson - Valais
29/03/2024,12/10/2024,19/10/2024,1469.78,HHYWMNG,110 m² Maison de vacances ∙ 3 chambres ∙ 6 personnes,Chamoson - Valais
29/03/2024,19/10/2024,26/10/2024,1469.78,HHYWMNG,110 m² Maison de vacances ∙ 3 chambres ∙ 6 personnes,Chamoson - Valais
29/03/2024,26/10/2024,02/11/2024,1469.78,HHYWMNG,110 m² Maison de vacances ∙ 3 chambres ∙ 6 personnes,Chamoson - Valais
29/03/2024,06/04/2024,13/04/2024,2285.30,HHPM9TV,200 m² Maison de vacances ∙ 5 chambres ∙ 12 personnes,Vex - Valais
29/03/2024,13/04/2024,20/04/2024,1962.79,HHPM9TV,200 m² Maison de vacances ∙ 5 chambres ∙ 12 personnes,Vex - Valais
29/03/2024,20/04/2024,27/04/2024,1598.17,HHPM9TV,200 m² Maison de vacances ∙ 5 chambres ∙ 12 personnes,Vex - Valais
29/03/2024,27/04/2024,04/05/2024,1598.17,HHPM9TV,200 m² Maison de vacances ∙ 5 chambres ∙ 12 personnes,Vex - Valais
29/03/2024,18/05/2024,25/05/2024,1598.17,HHPM9TV,200 m² Maison de vacances ∙ 5 chambres ∙ 12 personnes,Vex - Valais
29/03/2024,25/05/2024,01/06/2024,1598.17,HHPM9TV,200 m² Maison de vacances ∙ 5 chambres ∙ 12 personnes,Vex - Valais
29/03/2024,01/06/2024,08/06/2024,1598.17,HHPM9TV,200 m² Maison de vacances ∙ 5 chambres ∙ 12 personnes,Vex - Valais
29/03/2024,08/06/2024,15/06/2024,1598.17,HHPM9TV,200 m² Maison de vacances ∙ 5 chambres ∙ 12 personnes,Vex - Valais
29/03/2024,15/06/2024,22/06/2024,1598.17,HHPM9TV,200 m² Maison de vacances ∙ 5 chambres ∙ 12 personnes,Vex - Valais
29/03/2024,22/06/2024,29/06/2024,1598.17,HHPM9TV,200 m² Maison de vacances ∙ 5 chambres ∙ 12 personnes,Vex - Valais
29/03/2024,29/06/2024,06/07/2024,1598.17,HHPM9TV,200 m² Maison de vacances ∙ 5 chambres ∙ 12 personnes,Vex - Valais
29/03/2024,06/07/2024,13/07/2024,1985.38,HHPM9TV,200 m² Maison de vacances ∙ 5 chambres ∙ 12 personnes,Vex - Valais
29/03/2024,13/07/2024,20/07/2024,1985.38,HHPM9TV,200 m² Maison de vacances ∙ 5 chambres ∙ 12 personnes,Vex - Valais
29/03/2024,31/08/2024,07/09/2024,1598.17,HHPM9TV,200 m² Maison de vacances ∙ 5 chambres ∙ 12 personnes,Vex - Valais
29/03/2024,07/09/2024,14/09/2024,1598.17,HHPM9TV,200 m² Maison de vacances ∙ 5 chambres ∙ 12 personnes,Vex - Valais
29/03/2024,14/09/2024,21/09/2024,1598.17,HHPM9TV,200 m² Maison de vacances ∙ 5 chambres ∙ 12 personnes,Vex - Valais
29/03/2024,21/09/2024,28/09/2024,1598.17,HHPM9TV,200 m² Maison de vacances ∙ 5 chambres ∙ 12 personnes,Vex - Valais
29/03/2024,05/10/2024,12/10/2024,1598.17,HHPM9TV,200 m² Maison de vacances ∙ 5 chambres ∙ 12 personnes,Vex - Valais
29/03/2024,12/10/2024,19/10/2024,1598.17,HHPM9TV,200 m² Maison de vacances ∙ 5 chambres ∙ 12 personnes,Vex - Valais
29/03/2024,19/10/2024,26/10/2024,1598.17,HHPM9TV,200 m² Maison de vacances ∙ 5 chambres ∙ 12 personnes,Vex - Valais
29/03/2024,18/05/2024,25/05/2024,1600.22,HNAC5YR,Appartement ∙ 1 chambre ∙ 2 personnes,Riederalp - Valais
29/03/2024,25/05/2024,01/06/2024,1600.22,HNAC5YR,Appartement ∙ 1 chambre ∙ 2 personnes,Riederalp - Valais
29/03/2024,01/06/2024,08/06/2024,1600.22,HNAC5YR,Appartement ∙ 1 chambre ∙ 2 personnes,Riederalp - Valais
29/03/2024,08/06/2024,15/06/2024,1600.22,HNAC5YR,Appartement ∙ 1 chambre ∙ 2 personnes,Riederalp - Valais
29/03/2024,29/06/2024,06/07/2024,1600.22,HNAC5YR,Appartement ∙ 1 chambre ∙ 2 personnes,Riederalp - Valais
29/03/2024,06/07/2024,13/07/2024,1600.22,HNAC5YR,Appartement ∙ 1 chambre ∙ 2 personnes,Riederalp - Valais
29/03/2024,13/07/2024,20/07/2024,1600.22,HNAC5YR,Appartement ∙ 1 chambre ∙ 2 personnes,Riederalp - Valais
29/03/2024,17/08/2024,24/08/2024,1600.22,HNAC5YR,Appartement ∙ 1 chambre ∙ 2 personnes,Riederalp - Valais
29/03/2024,24/08/2024,31/08/2024,1600.22,HNAC5YR,Appartement ∙ 1 chambre ∙ 2 personnes,Riederalp - Valais
29/03/2024,21/09/2024,28/09/2024,1600.22,HNAC5YR,Appartement ∙ 1 chambre ∙ 2 personnes,Riederalp - Valais
29/03/2024,28/09/2024,05/10/2024,1600.22,HNAC5YR,Appartement ∙ 1 chambre ∙ 2 personnes,Riederalp - Valais
29/03/2024,17/08/2024,24/08/2024,330.73,HVBHC07,Appartement ∙ 1 chambre ∙ 9 personnes,Termen - Valais
29/03/2024,31/08/2024,07/09/2024,330.73,HVBHC07,Appartement ∙ 1 chambre ∙ 9 personnes,Termen - Valais
29/03/2024,07/09/2024,14/09/2024,330.73,HVBHC07,Appartement ∙ 1 chambre ∙ 9 personnes,Termen - Valais
29/03/2024,14/09/2024,21/09/2024,330.73,HVBHC07,Appartement ∙ 1 chambre ∙ 9 personnes,Termen - Valais
29/03/2024,21/09/2024,28/09/2024,330.73,HVBHC07,Appartement ∙ 1 chambre ∙ 9 personnes,Termen - Valais
29/03/2024,28/09/2024,05/10/2024,330.73,HVBHC07,Appartement ∙ 1 chambre ∙ 9 personnes,Termen - Valais
29/03/2024,05/10/2024,12/10/2024,330.73,HVBHC07,Appartement ∙ 1 chambre ∙ 9 personnes,Termen - Valais
29/03/2024,06/04/2024,13/04/2024,2831.61,HYF5M90,110 m² Appartement ∙ 3 chambres ∙ 6 personnes,Saas Fee - Valais
29/03/2024,13/04/2024,20/04/2024,2831.61,HYF5M90,110 m² Appartement ∙ 3 chambres ∙ 6 personnes,Saas Fee - Valais
29/03/2024,13/04/2024,20/04/2024,905.90,HGKBHX9,51 m² Appartement ∙ 1 chambre ∙ 4 personnes,Crans-Montana - Valais
29/03/2024,20/04/2024,27/04/2024,905.90,HGKBHX9,51 m² Appartement ∙ 1 chambre ∙ 4 personnes,Crans-Montana - Valais
29/03/2024,27/04/2024,04/05/2024,905.90,HGKBHX9,51 m² Appartement ∙ 1 chambre ∙ 4 personnes,Crans-Montana - Valais
29/03/2024,04/05/2024,11/05/2024,905.90,HGKBHX9,51 m² Appartement ∙ 1 chambre ∙ 4 personnes,Crans-Montana - Valais
29/03/2024,11/05/2024,18/05/2024,905.90,HGKBHX9,51 m² Appartement ∙ 1 chambre ∙ 4 personnes,Crans-Montana - Valais
29/03/2024,18/05/2024,25/05/2024,905.90,HGKBHX9,51 m² Appartement ∙ 1 chambre ∙ 4 personnes,Crans-Montana - Valais
29/03/2024,25/05/2024,01/06/2024,905.90,HGKBHX9,51 m² Appartement ∙ 1 chambre ∙ 4 personnes,Crans-Montana - Valais
29/03/2024,01/06/2024,08/06/2024,905.90,HGKBHX9,51 m² Appartement ∙ 1 chambre ∙ 4 personnes,Crans-Montana - Valais
29/03/2024,08/06/2024,15/06/2024,905.90,HGKBHX9,51 m² Appartement ∙ 1 chambre ∙ 4 personnes,Crans-Montana - Valais
29/03/2024,29/06/2024,06/07/2024,905.90,HGKBHX9,51 m² Appartement ∙ 1 chambre ∙ 4 personnes,Crans-Montana - Valais
29/03/2024,06/07/2024,13/07/2024,1085.64,HGKBHX9,51 m² Appartement ∙ 1 chambre ∙ 4 personnes,Crans-Montana - Valais
29/03/2024,13/07/2024,20/07/2024,1085.64,HGKBHX9,51 m² Appartement ∙ 1 chambre ∙ 4 personnes,Crans-Montana - Valais
29/03/2024,24/08/2024,31/08/2024,905.90,HGKBHX9,51 m² Appartement ∙ 1 chambre ∙ 4 personnes,Crans-Montana - Valais
29/03/2024,21/09/2024,28/09/2024,905.90,HGKBHX9,51 m² Appartement ∙ 1 chambre ∙ 4 personnes,Crans-Montana - Valais
29/03/2024,28/09/2024,05/10/2024,905.90,HGKBHX9,51 m² Appartement ∙ 1 chambre ∙ 4 personnes,Crans-Montana - Valais
29/03/2024,05/10/2024,12/10/2024,905.90,HGKBHX9,51 m² Appartement ∙ 1 chambre ∙ 4 personnes,Crans-Montana - Valais
29/03/2024,12/10/2024,19/10/2024,905.90,HGKBHX9,51 m² Appartement ∙ 1 chambre ∙ 4 personnes,Crans-Montana - Valais
29/03/2024,19/10/2024,26/10/2024,905.90,HGKBHX9,51 m² Appartement ∙ 1 chambre ∙ 4 personnes,Crans-Montana - Valais
29/03/2024,26/10/2024,02/11/2024,905.90,HGKBHX9,51 m² Appartement ∙ 1 chambre ∙ 4 personnes,Crans-Montana - Valais
29/03/2024,06/04/2024,13/04/2024,2234.00,H8YEUA6,160 m² Appartement ∙ 4 chambres ∙ 10 personnes,Isérables - Valais
29/03/2024,13/04/2024,20/04/2024,2234.00,H8YEUA6,160 m² Appartement ∙ 4 chambres ∙ 10 personnes,Isérables - Valais
29/03/2024,20/04/2024,27/04/2024,2234.00,H8YEUA6,160 m² Appartement ∙ 4 chambres ∙ 10 personnes,Isérables - Valais
29/03/2024,27/04/2024,04/05/2024,2234.00,H8YEUA6,160 m² Appartement ∙ 4 chambres ∙ 10 personnes,Isérables - Valais
29/03/2024,06/04/2024,13/04/2024,2151.64,HGB5V42,75 m² Appartement ∙ 2 chambres ∙ 6 personnes,Saas Fee - Valais
29/03/2024,13/04/2024,20/04/2024,2151.64,HGB5V42,75 m² Appartement ∙ 2 chambres ∙ 6 personnes,Saas Fee - Valais
29/03/2024,20/04/2024,27/04/2024,1542.61,HGB5V42,75 m² Appartement ∙ 2 chambres ∙ 6 personnes,Saas Fee - Valais
29/03/2024,27/04/2024,04/05/2024,1445.90,HGB5V42,75 m² Appartement ∙ 2 chambres ∙ 6 personnes,Saas Fee - Valais
29/03/2024,04/05/2024,11/05/2024,1445.90,HGB5V42,75 m² Appartement ∙ 2 chambres ∙ 6 personnes,Saas Fee - Valais
29/03/2024,11/05/2024,18/05/2024,1445.90,HGB5V42,75 m² Appartement ∙ 2 chambres ∙ 6 personnes,Saas Fee - Valais
29/03/2024,18/05/2024,25/05/2024,1445.90,HGB5V42,75 m² Appartement ∙ 2 chambres ∙ 6 personnes,Saas Fee - Valais
29/03/2024,25/05/2024,01/06/2024,1445.90,HGB5V42,75 m² Appartement ∙ 2 chambres ∙ 6 personnes,Saas Fee - Valais
29/03/2024,01/06/2024,08/06/2024,1445.90,HGB5V42,75 m² Appartement ∙ 2 chambres ∙ 6 personnes,Saas Fee - Valais
29/03/2024,31/08/2024,07/09/2024,1504.15,HGB5V42,75 m² Appartement ∙ 2 chambres ∙ 6 personnes,Saas Fee - Valais
29/03/2024,07/09/2024,14/09/2024,1445.90,HGB5V42,75 m² Appartement ∙ 2 chambres ∙ 6 personnes,Saas Fee - Valais
29/03/2024,14/09/2024,21/09/2024,1445.90,HGB5V42,75 m² Appartement ∙ 2 chambres ∙ 6 personnes,Saas Fee - Valais
29/03/2024,21/09/2024,28/09/2024,1445.90,HGB5V42,75 m² Appartement ∙ 2 chambres ∙ 6 personnes,Saas Fee - Valais
29/03/2024,28/09/2024,05/10/2024,1445.90,HGB5V42,75 m² Appartement ∙ 2 chambres ∙ 6 personnes,Saas Fee - Valais
29/03/2024,05/10/2024,12/10/2024,1445.90,HGB5V42,75 m² Appartement ∙ 2 chambres ∙ 6 personnes,Saas Fee - Valais
29/03/2024,12/10/2024,19/10/2024,1445.90,HGB5V42,75 m² Appartement ∙ 2 chambres ∙ 6 personnes,Saas Fee - Valais
29/03/2024,19/10/2024,26/10/2024,1445.90,HGB5V42,75 m² Appartement ∙ 2 chambres ∙ 6 personnes,Saas Fee - Valais
29/03/2024,26/10/2024,02/11/2024,1445.90,HGB5V42,75 m² Appartement ∙ 2 chambres ∙ 6 personnes,Saas Fee - Valais
29/03/2024,06/04/2024,13/04/2024,1593.96,HL4S5AZ,190 m² Maison de vacances ∙ 4 chambres ∙ 12 personnes,Vex - Valais
29/03/2024,13/04/2024,20/04/2024,1593.96,HL4S5AZ,190 m² Maison de vacances ∙ 4 chambres ∙ 12 personnes,Vex - Valais
29/03/2024,20/04/2024,27/04/2024,1593.96,HL4S5AZ,190 m² Maison de vacances ∙ 4 chambres ∙ 12 personnes,Vex - Valais
29/03/2024,27/04/2024,04/05/2024,1593.96,HL4S5AZ,190 m² Maison de vacances ∙ 4 chambres ∙ 12 personnes,Vex - Valais
29/03/2024,25/05/2024,01/06/2024,1380.60,HL4S5AZ,190 m² Maison de vacances ∙ 4 chambres ∙ 12 personnes,Vex - Valais
29/03/2024,01/06/2024,08/06/2024,1380.60,HL4S5AZ,190 m² Maison de vacances ∙ 4 chambres ∙ 12 personnes,Vex - Valais
29/03/2024,08/06/2024,15/06/2024,1380.60,HL4S5AZ,190 m² Maison de vacances ∙ 4 chambres ∙ 12 personnes,Vex - Valais
29/03/2024,15/06/2024,22/06/2024,1380.60,HL4S5AZ,190 m² Maison de vacances ∙ 4 chambres ∙ 12 personnes,Vex - Valais
29/03/2024,22/06/2024,29/06/2024,1380.60,HL4S5AZ,190 m² Maison de vacances ∙ 4 chambres ∙ 12 personnes,Vex - Valais
29/03/2024,29/06/2024,06/07/2024,2018.59,HL4S5AZ,190 m² Maison de vacances ∙ 4 chambres ∙ 12 personnes,Vex - Valais
29/03/2024,06/07/2024,13/07/2024,2018.59,HL4S5AZ,190 m² Maison de vacances ∙ 4 chambres ∙ 12 personnes,Vex - Valais
29/03/2024,13/07/2024,20/07/2024,2231.95,HL4S5AZ,190 m² Maison de vacances ∙ 4 chambres ∙ 12 personnes,Vex - Valais
29/03/2024,20/07/2024,27/07/2024,2231.95,HL4S5AZ,190 m² Maison de vacances ∙ 4 chambres ∙ 12 personnes,Vex - Valais
29/03/2024,27/07/2024,03/08/2024,2231.95,HL4S5AZ,190 m² Maison de vacances ∙ 4 chambres ∙ 12 personnes,Vex - Valais
29/03/2024,17/08/2024,24/08/2024,2018.59,HL4S5AZ,190 m² Maison de vacances ∙ 4 chambres ∙ 12 personnes,Vex - Valais
29/03/2024,31/08/2024,07/09/2024,1486.23,HL4S5AZ,190 m² Maison de vacances ∙ 4 chambres ∙ 12 personnes,Vex - Valais
29/03/2024,07/09/2024,14/09/2024,1486.23,HL4S5AZ,190 m² Maison de vacances ∙ 4 chambres ∙ 12 personnes,Vex - Valais
29/03/2024,14/09/2024,21/09/2024,1486.23,HL4S5AZ,190 m² Maison de vacances ∙ 4 chambres ∙ 12 personnes,Vex - Valais
29/03/2024,21/09/2024,28/09/2024,1486.23,HL4S5AZ,190 m² Maison de vacances ∙ 4 chambres ∙ 12 personnes,Vex - Valais
29/03/2024,28/09/2024,05/10/2024,1486.23,HL4S5AZ,190 m² Maison de vacances ∙ 4 chambres ∙ 12 personnes,Vex - Valais
29/03/2024,05/10/2024,12/10/2024,1486.23,HL4S5AZ,190 m² Maison de vacances ∙ 4 chambres ∙ 12 personnes,Vex - Valais
29/03/2024,12/10/2024,19/10/2024,1486.23,HL4S5AZ,190 m² Maison de vacances ∙ 4 chambres ∙ 12 personnes,Vex - Valais
29/03/2024,19/10/2024,26/10/2024,1486.23,HL4S5AZ,190 m² Maison de vacances ∙ 4 chambres ∙ 12 personnes,Vex - Valais
29/03/2024,26/10/2024,02/11/2024,1380.60,HL4S5AZ,190 m² Maison de vacances ∙ 4 chambres ∙ 12 personnes,Vex - Valais
29/03/2024,30/03/2024,06/04/2024,834.52,HW2VD0M,65 m² Appartement ∙ 3 chambres ∙ 6 personnes,Ernen - Valais
29/03/2024,06/04/2024,13/04/2024,834.52,HW2VD0M,65 m² Appartement ∙ 3 chambres ∙ 6 personnes,Ernen - Valais
29/03/2024,13/04/2024,20/04/2024,834.52,HW2VD0M,65 m² Appartement ∙ 3 chambres ∙ 6 personnes,Ernen - Valais
29/03/2024,20/04/2024,27/04/2024,834.52,HW2VD0M,65 m² Appartement ∙ 3 chambres ∙ 6 personnes,Ernen - Valais
29/03/2024,27/04/2024,04/05/2024,834.52,HW2VD0M,65 m² Appartement ∙ 3 chambres ∙ 6 personnes,Ernen - Valais
29/03/2024,04/05/2024,11/05/2024,834.52,HW2VD0M,65 m² Appartement ∙ 3 chambres ∙ 6 personnes,Ernen - Valais
29/03/2024,11/05/2024,18/05/2024,804.39,HW2VD0M,65 m² Appartement ∙ 3 chambres ∙ 6 personnes,Ernen - Valais
29/03/2024,18/05/2024,25/05/2024,729.11,HW2VD0M,65 m² Appartement ∙ 3 chambres ∙ 6 personnes,Ernen - Valais
29/03/2024,01/06/2024,08/06/2024,729.11,HW2VD0M,65 m² Appartement ∙ 3 chambres ∙ 6 personnes,Ernen - Valais
29/03/2024,29/06/2024,06/07/2024,829.49,HW2VD0M,65 m² Appartement ∙ 3 chambres ∙ 6 personnes,Ernen - Valais
29/03/2024,31/08/2024,07/09/2024,729.11,HW2VD0M,65 m² Appartement ∙ 3 chambres ∙ 6 personnes,Ernen - Valais
29/03/2024,07/09/2024,14/09/2024,729.11,HW2VD0M,65 m² Appartement ∙ 3 chambres ∙ 6 personnes,Ernen - Valais
29/03/2024,14/09/2024,21/09/2024,729.11,HW2VD0M,65 m² Appartement ∙ 3 chambres ∙ 6 personnes,Ernen - Valais
29/03/2024,12/10/2024,19/10/2024,789.34,HW2VD0M,65 m² Appartement ∙ 3 chambres ∙ 6 personnes,Ernen - Valais
29/03/2024,19/10/2024,26/10/2024,834.52,HW2VD0M,65 m² Appartement ∙ 3 chambres ∙ 6 personnes,Ernen - Valais
29/03/2024,26/10/2024,02/11/2024,834.52,HW2VD0M,65 m² Appartement ∙ 3 chambres ∙ 6 personnes,Ernen - Valais
29/03/2024,06/04/2024,13/04/2024,1568.38,HGB6MA1,Maison de vacances ∙ 3 chambres ∙ 6 personnes,Zinal - Ayer - Valais
29/03/2024,13/04/2024,20/04/2024,1568.38,HGB6MA1,Maison de vacances ∙ 3 chambres ∙ 6 personnes,Zinal - Ayer - Valais
29/03/2024,20/04/2024,27/04/2024,1568.38,HGB6MA1,Maison de vacances ∙ 3 chambres ∙ 6 personnes,Zinal - Ayer - Valais
29/03/2024,27/04/2024,04/05/2024,1568.38,HGB6MA1,Maison de vacances ∙ 3 chambres ∙ 6 personnes,Zinal - Ayer - Valais
29/03/2024,04/05/2024,11/05/2024,1568.38,HGB6MA1,Maison de vacances ∙ 3 chambres ∙ 6 personnes,Zinal - Ayer - Valais
29/03/2024,11/05/2024,18/05/2024,1568.38,HGB6MA1,Maison de vacances ∙ 3 chambres ∙ 6 personnes,Zinal - Ayer - Valais
29/03/2024,25/05/2024,01/06/2024,1568.38,HGB6MA1,Maison de vacances ∙ 3 chambres ∙ 6 personnes,Zinal - Ayer - Valais
29/03/2024,01/06/2024,08/06/2024,1568.38,HGB6MA1,Maison de vacances ∙ 3 chambres ∙ 6 personnes,Zinal - Ayer - Valais
29/03/2024,08/06/2024,15/06/2024,1568.38,HGB6MA1,Maison de vacances ∙ 3 chambres ∙ 6 personnes,Zinal - Ayer - Valais
29/03/2024,15/06/2024,22/06/2024,1568.38,HGB6MA1,Maison de vacances ∙ 3 chambres ∙ 6 personnes,Zinal - Ayer - Valais
29/03/2024,22/06/2024,29/06/2024,1568.38,HGB6MA1,Maison de vacances ∙ 3 chambres ∙ 6 personnes,Zinal - Ayer - Valais
29/03/2024,29/06/2024,06/07/2024,1568.38,HGB6MA1,Maison de vacances ∙ 3 chambres ∙ 6 personnes,Zinal - Ayer - Valais
29/03/2024,06/07/2024,13/07/2024,1568.38,HGB6MA1,Maison de vacances ∙ 3 chambres ∙ 6 personnes,Zinal - Ayer - Valais
29/03/2024,13/07/2024,20/07/2024,1792.29,HGB6MA1,Maison de vacances ∙ 3 chambres ∙ 6 personnes,Zinal - Ayer - Valais
29/03/2024,03/08/2024,10/08/2024,1792.29,HGB6MA1,Maison de vacances ∙ 3 chambres ∙ 6 personnes,Zinal - Ayer - Valais
29/03/2024,17/08/2024,24/08/2024,1568.38,HGB6MA1,Maison de vacances ∙ 3 chambres ∙ 6 personnes,Zinal - Ayer - Valais
29/03/2024,07/09/2024,14/09/2024,1568.38,HGB6MA1,Maison de vacances ∙ 3 chambres ∙ 6 personnes,Zinal - Ayer - Valais
29/03/2024,14/09/2024,21/09/2024,1568.38,HGB6MA1,Maison de vacances ∙ 3 chambres ∙ 6 personnes,Zinal - Ayer - Valais
29/03/2024,21/09/2024,28/09/2024,1568.38,HGB6MA1,Maison de vacances ∙ 3 chambres ∙ 6 personnes,Zinal - Ayer - Valais
29/03/2024,28/09/2024,05/10/2024,1568.38,HGB6MA1,Maison de vacances ∙ 3 chambres ∙ 6 personnes,Zinal - Ayer - Valais
29/03/2024,05/10/2024,12/10/2024,1568.38,HGB6MA1,Maison de vacances ∙ 3 chambres ∙ 6 personnes,Zinal - Ayer - Valais
29/03/2024,12/10/2024,19/10/2024,1568.38,HGB6MA1,Maison de vacances ∙ 3 chambres ∙ 6 personnes,Zinal - Ayer - Valais
29/03/2024,19/10/2024,26/10/2024,1568.38,HGB6MA1,Maison de vacances ∙ 3 chambres ∙ 6 personnes,Zinal - Ayer - Valais
29/03/2024,26/10/2024,02/11/2024,1568.38,HGB6MA1,Maison de vacances ∙ 3 chambres ∙ 6 personnes,Zinal - Ayer - Valais
29/03/2024,13/04/2024,20/04/2024,1446.16,H45L2F9,89 m² Maison de vacances ∙ 3 chambres ∙ 8 personnes,Nendaz - Valais
29/03/2024,20/04/2024,27/04/2024,1446.16,H45L2F9,89 m² Maison de vacances ∙ 3 chambres ∙ 8 personnes,Nendaz - Valais
29/03/2024,27/04/2024,04/05/2024,1446.16,H45L2F9,89 m² Maison de vacances ∙ 3 chambres ∙ 8 personnes,Nendaz - Valais
29/03/2024,18/05/2024,25/05/2024,1446.16,H45L2F9,89 m² Maison de vacances ∙ 3 chambres ∙ 8 personnes,Nendaz - Valais
29/03/2024,25/05/2024,01/06/2024,1446.16,H45L2F9,89 m² Maison de vacances ∙ 3 chambres ∙ 8 personnes,Nendaz - Valais
29/03/2024,01/06/2024,08/06/2024,1446.16,H45L2F9,89 m² Maison de vacances ∙ 3 chambres ∙ 8 personnes,Nendaz - Valais
29/03/2024,22/06/2024,29/06/2024,1446.16,H45L2F9,89 m² Maison de vacances ∙ 3 chambres ∙ 8 personnes,Nendaz - Valais
29/03/2024,31/08/2024,07/09/2024,1446.16,H45L2F9,89 m² Maison de vacances ∙ 3 chambres ∙ 8 personnes,Nendaz - Valais
29/03/2024,07/09/2024,14/09/2024,1446.16,H45L2F9,89 m² Maison de vacances ∙ 3 chambres ∙ 8 personnes,Nendaz - Valais
29/03/2024,14/09/2024,21/09/2024,1446.16,H45L2F9,89 m² Maison de vacances ∙ 3 chambres ∙ 8 personnes,Nendaz - Valais
29/03/2024,21/09/2024,28/09/2024,1446.16,H45L2F9,89 m² Maison de vacances ∙ 3 chambres ∙ 8 personnes,Nendaz - Valais
29/03/2024,28/09/2024,05/10/2024,1446.16,H45L2F9,89 m² Maison de vacances ∙ 3 chambres ∙ 8 personnes,Nendaz - Valais
29/03/2024,05/10/2024,12/10/2024,1446.16,H45L2F9,89 m² Maison de vacances ∙ 3 chambres ∙ 8 personnes,Nendaz - Valais
29/03/2024,12/10/2024,19/10/2024,1446.16,H45L2F9,89 m² Maison de vacances ∙ 3 chambres ∙ 8 personnes,Nendaz - Valais
29/03/2024,19/10/2024,26/10/2024,1446.16,H45L2F9,89 m² Maison de vacances ∙ 3 chambres ∙ 8 personnes,Nendaz - Valais
29/03/2024,26/10/2024,02/11/2024,1446.16,H45L2F9,89 m² Maison de vacances ∙ 3 chambres ∙ 8 personnes,Nendaz - Valais
29/03/2024,06/04/2024,13/04/2024,1107.95,HK8CT3W,44 m² Appartement ∙ 1 chambre ∙ 4 personnes,Saas Fee - Valais
29/03/2024,13/04/2024,20/04/2024,1107.95,HK8CT3W,44 m² Appartement ∙ 1 chambre ∙ 4 personnes,Saas Fee - Valais
29/03/2024,01/06/2024,08/06/2024,992.56,HK8CT3W,44 m² Appartement ∙ 1 chambre ∙ 4 personnes,Saas Fee - Valais
29/03/2024,08/06/2024,15/06/2024,992.56,HK8CT3W,44 m² Appartement ∙ 1 chambre ∙ 4 personnes,Saas Fee - Valais
29/03/2024,15/06/2024,22/06/2024,992.56,HK8CT3W,44 m² Appartement ∙ 1 chambre ∙ 4 personnes,Saas Fee - Valais
29/03/2024,22/06/2024,29/06/2024,992.56,HK8CT3W,44 m² Appartement ∙ 1 chambre ∙ 4 personnes,Saas Fee - Valais
29/03/2024,29/06/2024,06/07/2024,992.56,HK8CT3W,44 m² Appartement ∙ 1 chambre ∙ 4 personnes,Saas Fee - Valais
29/03/2024,06/07/2024,13/07/2024,1031.02,HK8CT3W,44 m² Appartement ∙ 1 chambre ∙ 4 personnes,Saas Fee - Valais
29/03/2024,27/07/2024,03/08/2024,1069.49,HK8CT3W,44 m² Appartement ∙ 1 chambre ∙ 4 personnes,Saas Fee - Valais
29/03/2024,03/08/2024,10/08/2024,1069.49,HK8CT3W,44 m² Appartement ∙ 1 chambre ∙ 4 personnes,Saas Fee - Valais
29/03/2024,10/08/2024,17/08/2024,1069.49,HK8CT3W,44 m² Appartement ∙ 1 chambre ∙ 4 personnes,Saas Fee - Valais
29/03/2024,24/08/2024,31/08/2024,992.56,HK8CT3W,44 m² Appartement ∙ 1 chambre ∙ 4 personnes,Saas Fee - Valais
29/03/2024,31/08/2024,07/09/2024,992.56,HK8CT3W,44 m² Appartement ∙ 1 chambre ∙ 4 personnes,Saas Fee - Valais
29/03/2024,07/09/2024,14/09/2024,992.56,HK8CT3W,44 m² Appartement ∙ 1 chambre ∙ 4 personnes,Saas Fee - Valais
29/03/2024,14/09/2024,21/09/2024,992.56,HK8CT3W,44 m² Appartement ∙ 1 chambre ∙ 4 personnes,Saas Fee - Valais
29/03/2024,21/09/2024,28/09/2024,992.56,HK8CT3W,44 m² Appartement ∙ 1 chambre ∙ 4 personnes,Saas Fee - Valais
29/03/2024,28/09/2024,05/10/2024,992.56,HK8CT3W,44 m² Appartement ∙ 1 chambre ∙ 4 personnes,Saas Fee - Valais
29/03/2024,05/10/2024,12/10/2024,992.56,HK8CT3W,44 m² Appartement ∙ 1 chambre ∙ 4 personnes,Saas Fee - Valais
29/03/2024,12/10/2024,19/10/2024,992.56,HK8CT3W,44 m² Appartement ∙ 1 chambre ∙ 4 personnes,Saas Fee - Valais
29/03/2024,19/10/2024,26/10/2024,992.56,HK8CT3W,44 m² Appartement ∙ 1 chambre ∙ 4 personnes,Saas Fee - Valais
29/03/2024,26/10/2024,02/11/2024,992.56,HK8CT3W,44 m² Appartement ∙ 1 chambre ∙ 4 personnes,Saas Fee - Valais
29/03/2024,13/04/2024,20/04/2024,2124.04,H86SMPU,180 m² Maison de vacances ∙ 4 chambres ∙ 8 personnes,Hérémence - Valais
29/03/2024,01/06/2024,08/06/2024,2049.06,H86SMPU,180 m² Maison de vacances ∙ 4 chambres ∙ 8 personnes,Hérémence - Valais
29/03/2024,08/06/2024,15/06/2024,2049.06,H86SMPU,180 m² Maison de vacances ∙ 4 chambres ∙ 8 personnes,Hérémence - Valais
29/03/2024,15/06/2024,22/06/2024,2049.06,H86SMPU,180 m² Maison de vacances ∙ 4 chambres ∙ 8 personnes,Hérémence - Valais
29/03/2024,22/06/2024,29/06/2024,2049.06,H86SMPU,180 m² Maison de vacances ∙ 4 chambres ∙ 8 personnes,Hérémence - Valais
29/03/2024,29/06/2024,06/07/2024,2049.06,H86SMPU,180 m² Maison de vacances ∙ 4 chambres ∙ 8 personnes,Hérémence - Valais
29/03/2024,06/07/2024,13/07/2024,2049.06,H86SMPU,180 m² Maison de vacances ∙ 4 chambres ∙ 8 personnes,Hérémence - Valais
29/03/2024,13/07/2024,20/07/2024,2049.06,H86SMPU,180 m² Maison de vacances ∙ 4 chambres ∙ 8 personnes,Hérémence - Valais
29/03/2024,20/07/2024,27/07/2024,2049.06,H86SMPU,180 m² Maison de vacances ∙ 4 chambres ∙ 8 personnes,Hérémence - Valais
29/03/2024,27/07/2024,03/08/2024,2049.06,H86SMPU,180 m² Maison de vacances ∙ 4 chambres ∙ 8 personnes,Hérémence - Valais
29/03/2024,03/08/2024,10/08/2024,2049.06,H86SMPU,180 m² Maison de vacances ∙ 4 chambres ∙ 8 personnes,Hérémence - Valais
29/03/2024,10/08/2024,17/08/2024,2049.06,H86SMPU,180 m² Maison de vacances ∙ 4 chambres ∙ 8 personnes,Hérémence - Valais
29/03/2024,17/08/2024,24/08/2024,2049.06,H86SMPU,180 m² Maison de vacances ∙ 4 chambres ∙ 8 personnes,Hérémence - Valais
29/03/2024,24/08/2024,31/08/2024,2049.06,H86SMPU,180 m² Maison de vacances ∙ 4 chambres ∙ 8 personnes,Hérémence - Valais
29/03/2024,31/08/2024,07/09/2024,2049.06,H86SMPU,180 m² Maison de vacances ∙ 4 chambres ∙ 8 personnes,Hérémence - Valais
29/03/2024,07/09/2024,14/09/2024,2049.06,H86SMPU,180 m² Maison de vacances ∙ 4 chambres ∙ 8 personnes,Hérémence - Valais
29/03/2024,14/09/2024,21/09/2024,2049.06,H86SMPU,180 m² Maison de vacances ∙ 4 chambres ∙ 8 personnes,Hérémence - Valais
29/03/2024,21/09/2024,28/09/2024,2049.06,H86SMPU,180 m² Maison de vacances ∙ 4 chambres ∙ 8 personnes,Hérémence - Valais
29/03/2024,06/04/2024,13/04/2024,1292.42,H8X59Z0,60 m² Appartement ∙ 1 chambre ∙ 5 personnes,Saas Fee - Valais
29/03/2024,13/04/2024,20/04/2024,1292.42,H8X59Z0,60 m² Appartement ∙ 1 chambre ∙ 5 personnes,Saas Fee - Valais
29/03/2024,01/06/2024,08/06/2024,1023.17,H8X59Z0,60 m² Appartement ∙ 1 chambre ∙ 5 personnes,Saas Fee - Valais
29/03/2024,08/06/2024,15/06/2024,1023.17,H8X59Z0,60 m² Appartement ∙ 1 chambre ∙ 5 personnes,Saas Fee - Valais
29/03/2024,15/06/2024,22/06/2024,1023.17,H8X59Z0,60 m² Appartement ∙ 1 chambre ∙ 5 personnes,Saas Fee - Valais
29/03/2024,27/07/2024,03/08/2024,1292.42,H8X59Z0,60 m² Appartement ∙ 1 chambre ∙ 5 personnes,Saas Fee - Valais
29/03/2024,03/08/2024,10/08/2024,1292.42,H8X59Z0,60 m² Appartement ∙ 1 chambre ∙ 5 personnes,Saas Fee - Valais
29/03/2024,24/08/2024,31/08/2024,1023.17,H8X59Z0,60 m² Appartement ∙ 1 chambre ∙ 5 personnes,Saas Fee - Valais
29/03/2024,31/08/2024,07/09/2024,1023.17,H8X59Z0,60 m² Appartement ∙ 1 chambre ∙ 5 personnes,Saas Fee - Valais
29/03/2024,07/09/2024,14/09/2024,1023.17,H8X59Z0,60 m² Appartement ∙ 1 chambre ∙ 5 personnes,Saas Fee - Valais
29/03/2024,14/09/2024,21/09/2024,1023.17,H8X59Z0,60 m² Appartement ∙ 1 chambre ∙ 5 personnes,Saas Fee - Valais
29/03/2024,21/09/2024,28/09/2024,1023.17,H8X59Z0,60 m² Appartement ∙ 1 chambre ∙ 5 personnes,Saas Fee - Valais
29/03/2024,28/09/2024,05/10/2024,1023.17,H8X59Z0,60 m² Appartement ∙ 1 chambre ∙ 5 personnes,Saas Fee - Valais
29/03/2024,05/10/2024,12/10/2024,1023.17,H8X59Z0,60 m² Appartement ∙ 1 chambre ∙ 5 personnes,Saas Fee - Valais
29/03/2024,12/10/2024,19/10/2024,1023.17,H8X59Z0,60 m² Appartement ∙ 1 chambre ∙ 5 personnes,Saas Fee - Valais
29/03/2024,19/10/2024,26/10/2024,1023.17,H8X59Z0,60 m² Appartement ∙ 1 chambre ∙ 5 personnes,Saas Fee - Valais
29/03/2024,26/10/2024,02/11/2024,1023.17,H8X59Z0,60 m² Appartement ∙ 1 chambre ∙ 5 personnes,Saas Fee - Valais
29/03/2024,13/04/2024,20/04/2024,1153.95,HDXK2LB,43 m² Appartement ∙ 2 chambres ∙ 4 personnes,Saas Fee - Valais
29/03/2024,01/06/2024,08/06/2024,1153.95,HDXK2LB,43 m² Appartement ∙ 2 chambres ∙ 4 personnes,Saas Fee - Valais
29/03/2024,08/06/2024,15/06/2024,1153.95,HDXK2LB,43 m² Appartement ∙ 2 chambres ∙ 4 personnes,Saas Fee - Valais
29/03/2024,14/09/2024,21/09/2024,969.31,HDXK2LB,43 m² Appartement ∙ 2 chambres ∙ 4 personnes,Saas Fee - Valais
29/03/2024,21/09/2024,28/09/2024,969.31,HDXK2LB,43 m² Appartement ∙ 2 chambres ∙ 4 personnes,Saas Fee - Valais
29/03/2024,28/09/2024,05/10/2024,969.31,HDXK2LB,43 m² Appartement ∙ 2 chambres ∙ 4 personnes,Saas Fee - Valais
29/03/2024,05/10/2024,12/10/2024,969.31,HDXK2LB,43 m² Appartement ∙ 2 chambres ∙ 4 personnes,Saas Fee - Valais
29/03/2024,12/10/2024,19/10/2024,969.31,HDXK2LB,43 m² Appartement ∙ 2 chambres ∙ 4 personnes,Saas Fee - Valais
29/03/2024,19/10/2024,26/10/2024,969.31,HDXK2LB,43 m² Appartement ∙ 2 chambres ∙ 4 personnes,Saas Fee - Valais
29/03/2024,26/10/2024,02/11/2024,1030.86,HDXK2LB,43 m² Appartement ∙ 2 chambres ∙ 4 personnes,Saas Fee - Valais
29/03/2024,18/05/2024,25/05/2024,1204.79,HAD6XE9,Appartement ∙ 1 chambre ∙ 2 personnes,Zermatt - Valais
29/03/2024,15/06/2024,22/06/2024,1204.79,HAD6XE9,Appartement ∙ 1 chambre ∙ 2 personnes,Zermatt - Valais
29/03/2024,29/06/2024,06/07/2024,1391.72,HAD6XE9,Appartement ∙ 1 chambre ∙ 2 personnes,Zermatt - Valais
29/03/2024,06/07/2024,13/07/2024,1391.72,HAD6XE9,Appartement ∙ 1 chambre ∙ 2 personnes,Zermatt - Valais
29/03/2024,13/07/2024,20/07/2024,1391.72,HAD6XE9,Appartement ∙ 1 chambre ∙ 2 personnes,Zermatt - Valais
29/03/2024,20/07/2024,27/07/2024,1391.72,HAD6XE9,Appartement ∙ 1 chambre ∙ 2 personnes,Zermatt - Valais
29/03/2024,27/07/2024,03/08/2024,1391.72,HAD6XE9,Appartement ∙ 1 chambre ∙ 2 personnes,Zermatt - Valais
29/03/2024,10/08/2024,17/08/2024,1391.72,HAD6XE9,Appartement ∙ 1 chambre ∙ 2 personnes,Zermatt - Valais
29/03/2024,17/08/2024,24/08/2024,1391.72,HAD6XE9,Appartement ∙ 1 chambre ∙ 2 personnes,Zermatt - Valais
29/03/2024,24/08/2024,31/08/2024,1391.72,HAD6XE9,Appartement ∙ 1 chambre ∙ 2 personnes,Zermatt - Valais
29/03/2024,31/08/2024,07/09/2024,1204.79,HAD6XE9,Appartement ∙ 1 chambre ∙ 2 personnes,Zermatt - Valais
29/03/2024,07/09/2024,14/09/2024,1204.79,HAD6XE9,Appartement ∙ 1 chambre ∙ 2 personnes,Zermatt - Valais
29/03/2024,14/09/2024,21/09/2024,1204.79,HAD6XE9,Appartement ∙ 1 chambre ∙ 2 personnes,Zermatt - Valais
29/03/2024,21/09/2024,28/09/2024,1204.79,HAD6XE9,Appartement ∙ 1 chambre ∙ 2 personnes,Zermatt - Valais
29/03/2024,20/04/2024,27/04/2024,1488.26,HZDLK7H,74 m² Appartement ∙ 2 chambres ∙ 6 personnes,Zinal - Ayer - Valais
29/03/2024,27/04/2024,04/05/2024,1488.26,HZDLK7H,74 m² Appartement ∙ 2 chambres ∙ 6 personnes,Zinal - Ayer - Valais
29/03/2024,04/05/2024,11/05/2024,1488.26,HZDLK7H,74 m² Appartement ∙ 2 chambres ∙ 6 personnes,Zinal - Ayer - Valais
29/03/2024,11/05/2024,18/05/2024,1488.26,HZDLK7H,74 m² Appartement ∙ 2 chambres ∙ 6 personnes,Zinal - Ayer - Valais
29/03/2024,18/05/2024,25/05/2024,1488.26,HZDLK7H,74 m² Appartement ∙ 2 chambres ∙ 6 personnes,Zinal - Ayer - Valais
29/03/2024,25/05/2024,01/06/2024,1488.26,HZDLK7H,74 m² Appartement ∙ 2 chambres ∙ 6 personnes,Zinal - Ayer - Valais
29/03/2024,01/06/2024,08/06/2024,1488.26,HZDLK7H,74 m² Appartement ∙ 2 chambres ∙ 6 personnes,Zinal - Ayer - Valais
29/03/2024,08/06/2024,15/06/2024,1488.26,HZDLK7H,74 m² Appartement ∙ 2 chambres ∙ 6 personnes,Zinal - Ayer - Valais
29/03/2024,15/06/2024,22/06/2024,1488.26,HZDLK7H,74 m² Appartement ∙ 2 chambres ∙ 6 personnes,Zinal - Ayer - Valais
29/03/2024,22/06/2024,29/06/2024,1488.26,HZDLK7H,74 m² Appartement ∙ 2 chambres ∙ 6 personnes,Zinal - Ayer - Valais
29/03/2024,29/06/2024,06/07/2024,1516.75,HZDLK7H,74 m² Appartement ∙ 2 chambres ∙ 6 personnes,Zinal - Ayer - Valais
29/03/2024,06/07/2024,13/07/2024,1516.75,HZDLK7H,74 m² Appartement ∙ 2 chambres ∙ 6 personnes,Zinal - Ayer - Valais
29/03/2024,17/08/2024,24/08/2024,1516.52,HZDLK7H,74 m² Appartement ∙ 2 chambres ∙ 6 personnes,Zinal - Ayer - Valais
29/03/2024,24/08/2024,31/08/2024,1488.04,HZDLK7H,74 m² Appartement ∙ 2 chambres ∙ 6 personnes,Zinal - Ayer - Valais
29/03/2024,31/08/2024,07/09/2024,1488.04,HZDLK7H,74 m² Appartement ∙ 2 chambres ∙ 6 personnes,Zinal - Ayer - Valais
29/03/2024,07/09/2024,14/09/2024,1488.04,HZDLK7H,74 m² Appartement ∙ 2 chambres ∙ 6 personnes,Zinal - Ayer - Valais
29/03/2024,14/09/2024,21/09/2024,1488.04,HZDLK7H,74 m² Appartement ∙ 2 chambres ∙ 6 personnes,Zinal - Ayer - Valais
29/03/2024,21/09/2024,28/09/2024,1488.04,HZDLK7H,74 m² Appartement ∙ 2 chambres ∙ 6 personnes,Zinal - Ayer - Valais
29/03/2024,28/09/2024,05/10/2024,1488.04,HZDLK7H,74 m² Appartement ∙ 2 chambres ∙ 6 personnes,Zinal - Ayer - Valais
29/03/2024,05/10/2024,12/10/2024,1488.04,HZDLK7H,74 m² Appartement ∙ 2 chambres ∙ 6 personnes,Zinal - Ayer - Valais
29/03/2024,12/10/2024,19/10/2024,1488.04,HZDLK7H,74 m² Appartement ∙ 2 chambres ∙ 6 personnes,Zinal - Ayer - Valais
29/03/2024,19/10/2024,26/10/2024,1488.04,HZDLK7H,74 m² Appartement ∙ 2 chambres ∙ 6 personnes,Zinal - Ayer - Valais
29/03/2024,26/10/2024,02/11/2024,1488.04,HZDLK7H,74 m² Appartement ∙ 2 chambres ∙ 6 personnes,Zinal - Ayer - Valais
29/03/2024,06/04/2024,13/04/2024,813.69,HTJ0USD,34 m² Village vacances ∙ 1 chambre ∙ 4 personnes,Zinal - Ayer - Valais
29/03/2024,18/05/2024,25/05/2024,459.24,HTJ0USD,34 m² Village vacances ∙ 1 chambre ∙ 4 personnes,Zinal - Ayer - Valais
29/03/2024,25/05/2024,01/06/2024,459.24,HTJ0USD,34 m² Village vacances ∙ 1 chambre ∙ 4 personnes,Zinal - Ayer - Valais
29/03/2024,01/06/2024,08/06/2024,459.24,HTJ0USD,34 m² Village vacances ∙ 1 chambre ∙ 4 personnes,Zinal - Ayer - Valais
29/03/2024,08/06/2024,15/06/2024,459.24,HTJ0USD,34 m² Village vacances ∙ 1 chambre ∙ 4 personnes,Zinal - Ayer - Valais
29/03/2024,15/06/2024,22/06/2024,597.94,HTJ0USD,34 m² Village vacances ∙ 1 chambre ∙ 4 personnes,Zinal - Ayer - Valais
29/03/2024,22/06/2024,29/06/2024,597.94,HTJ0USD,34 m² Village vacances ∙ 1 chambre ∙ 4 personnes,Zinal - Ayer - Valais
29/03/2024,29/06/2024,06/07/2024,742.80,HTJ0USD,34 m² Village vacances ∙ 1 chambre ∙ 4 personnes,Zinal - Ayer - Valais
29/03/2024,06/07/2024,13/07/2024,1121.91,HTJ0USD,34 m² Village vacances ∙ 1 chambre ∙ 4 personnes,Zinal - Ayer - Valais
29/03/2024,13/07/2024,20/07/2024,1241.09,HTJ0USD,34 m² Village vacances ∙ 1 chambre ∙ 4 personnes,Zinal - Ayer - Valais
29/03/2024,20/07/2024,27/07/2024,1241.09,HTJ0USD,34 m² Village vacances ∙ 1 chambre ∙ 4 personnes,Zinal - Ayer - Valais
29/03/2024,27/07/2024,03/08/2024,1121.91,HTJ0USD,34 m² Village vacances ∙ 1 chambre ∙ 4 personnes,Zinal - Ayer - Valais
29/03/2024,10/08/2024,17/08/2024,919.51,HTJ0USD,34 m² Village vacances ∙ 1 chambre ∙ 4 personnes,Zinal - Ayer - Valais
29/03/2024,17/08/2024,24/08/2024,740.75,HTJ0USD,34 m² Village vacances ∙ 1 chambre ∙ 4 personnes,Zinal - Ayer - Valais
29/03/2024,24/08/2024,31/08/2024,515.75,HTJ0USD,34 m² Village vacances ∙ 1 chambre ∙ 4 personnes,Zinal - Ayer - Valais
29/03/2024,31/08/2024,07/09/2024,515.75,HTJ0USD,34 m² Village vacances ∙ 1 chambre ∙ 4 personnes,Zinal - Ayer - Valais
29/03/2024,07/09/2024,14/09/2024,515.75,HTJ0USD,34 m² Village vacances ∙ 1 chambre ∙ 4 personnes,Zinal - Ayer - Valais
29/03/2024,14/09/2024,21/09/2024,515.75,HTJ0USD,34 m² Village vacances ∙ 1 chambre ∙ 4 personnes,Zinal - Ayer - Valais
29/03/2024,21/09/2024,28/09/2024,515.75,HTJ0USD,34 m² Village vacances ∙ 1 chambre ∙ 4 personnes,Zinal - Ayer - Valais
29/03/2024,28/09/2024,05/10/2024,515.75,HTJ0USD,34 m² Village vacances ∙ 1 chambre ∙ 4 personnes,Zinal - Ayer - Valais
29/03/2024,05/10/2024,12/10/2024,740.75,HTJ0USD,34 m² Village vacances ∙ 1 chambre ∙ 4 personnes,Zinal - Ayer - Valais
29/03/2024,12/10/2024,19/10/2024,740.75,HTJ0USD,34 m² Village vacances ∙ 1 chambre ∙ 4 personnes,Zinal - Ayer - Valais
29/03/2024,19/10/2024,26/10/2024,515.75,HTJ0USD,34 m² Village vacances ∙ 1 chambre ∙ 4 personnes,Zinal - Ayer - Valais
29/03/2024,20/04/2024,27/04/2024,1371.56,H05E9VG,Maison de vacances ∙ 3 chambres ∙ 5 personnes,Zinal - Ayer - Valais
29/03/2024,27/04/2024,04/05/2024,1371.56,H05E9VG,Maison de vacances ∙ 3 chambres ∙ 5 personnes,Zinal - Ayer - Valais
29/03/2024,04/05/2024,11/05/2024,1371.56,H05E9VG,Maison de vacances ∙ 3 chambres ∙ 5 personnes,Zinal - Ayer - Valais
29/03/2024,11/05/2024,18/05/2024,1371.56,H05E9VG,Maison de vacances ∙ 3 chambres ∙ 5 personnes,Zinal - Ayer - Valais
29/03/2024,18/05/2024,25/05/2024,1371.56,H05E9VG,Maison de vacances ∙ 3 chambres ∙ 5 personnes,Zinal - Ayer - Valais
29/03/2024,25/05/2024,01/06/2024,1371.56,H05E9VG,Maison de vacances ∙ 3 chambres ∙ 5 personnes,Zinal - Ayer - Valais
29/03/2024,01/06/2024,08/06/2024,1371.56,H05E9VG,Maison de vacances ∙ 3 chambres ∙ 5 personnes,Zinal - Ayer - Valais
29/03/2024,08/06/2024,15/06/2024,1371.56,H05E9VG,Maison de vacances ∙ 3 chambres ∙ 5 personnes,Zinal - Ayer - Valais
29/03/2024,22/06/2024,29/06/2024,1371.56,H05E9VG,Maison de vacances ∙ 3 chambres ∙ 5 personnes,Zinal - Ayer - Valais
29/03/2024,29/06/2024,06/07/2024,1371.56,H05E9VG,Maison de vacances ∙ 3 chambres ∙ 5 personnes,Zinal - Ayer - Valais
29/03/2024,06/07/2024,13/07/2024,1371.56,H05E9VG,Maison de vacances ∙ 3 chambres ∙ 5 personnes,Zinal - Ayer - Valais
29/03/2024,24/08/2024,31/08/2024,1371.56,H05E9VG,Maison de vacances ∙ 3 chambres ∙ 5 personnes,Zinal - Ayer - Valais
29/03/2024,31/08/2024,07/09/2024,1371.56,H05E9VG,Maison de vacances ∙ 3 chambres ∙ 5 personnes,Zinal - Ayer - Valais
29/03/2024,07/09/2024,14/09/2024,1371.56,H05E9VG,Maison de vacances ∙ 3 chambres ∙ 5 personnes,Zinal - Ayer - Valais
29/03/2024,14/09/2024,21/09/2024,1371.56,H05E9VG,Maison de vacances ∙ 3 chambres ∙ 5 personnes,Zinal - Ayer - Valais
29/03/2024,21/09/2024,28/09/2024,1371.56,H05E9VG,Maison de vacances ∙ 3 chambres ∙ 5 personnes,Zinal - Ayer - Valais
29/03/2024,28/09/2024,05/10/2024,1371.56,H05E9VG,Maison de vacances ∙ 3 chambres ∙ 5 personnes,Zinal - Ayer - Valais
29/03/2024,05/10/2024,12/10/2024,1371.56,H05E9VG,Maison de vacances ∙ 3 chambres ∙ 5 personnes,Zinal - Ayer - Valais
29/03/2024,12/10/2024,19/10/2024,1371.56,H05E9VG,Maison de vacances ∙ 3 chambres ∙ 5 personnes,Zinal - Ayer - Valais
29/03/2024,19/10/2024,26/10/2024,1371.56,H05E9VG,Maison de vacances ∙ 3 chambres ∙ 5 personnes,Zinal - Ayer - Valais
29/03/2024,26/10/2024,02/11/2024,1371.56,H05E9VG,Maison de vacances ∙ 3 chambres ∙ 5 personnes,Zinal - Ayer - Valais
29/03/2024,13/04/2024,20/04/2024,1466.08,HDZV9EN,Maison de vacances ∙ 3 chambres ∙ 6 personnes,Zinal - Ayer - Valais
29/03/2024,20/04/2024,27/04/2024,1466.08,HDZV9EN,Maison de vacances ∙ 3 chambres ∙ 6 personnes,Zinal - Ayer - Valais
29/03/2024,27/04/2024,04/05/2024,1466.08,HDZV9EN,Maison de vacances ∙ 3 chambres ∙ 6 personnes,Zinal - Ayer - Valais
29/03/2024,04/05/2024,11/05/2024,1466.08,HDZV9EN,Maison de vacances ∙ 3 chambres ∙ 6 personnes,Zinal - Ayer - Valais
29/03/2024,11/05/2024,18/05/2024,1466.08,HDZV9EN,Maison de vacances ∙ 3 chambres ∙ 6 personnes,Zinal - Ayer - Valais
29/03/2024,18/05/2024,25/05/2024,1466.08,HDZV9EN,Maison de vacances ∙ 3 chambres ∙ 6 personnes,Zinal - Ayer - Valais
29/03/2024,25/05/2024,01/06/2024,1466.08,HDZV9EN,Maison de vacances ∙ 3 chambres ∙ 6 personnes,Zinal - Ayer - Valais
29/03/2024,01/06/2024,08/06/2024,1466.08,HDZV9EN,Maison de vacances ∙ 3 chambres ∙ 6 personnes,Zinal - Ayer - Valais
29/03/2024,22/06/2024,29/06/2024,1466.08,HDZV9EN,Maison de vacances ∙ 3 chambres ∙ 6 personnes,Zinal - Ayer - Valais
29/03/2024,29/06/2024,06/07/2024,1466.08,HDZV9EN,Maison de vacances ∙ 3 chambres ∙ 6 personnes,Zinal - Ayer - Valais
29/03/2024,13/07/2024,20/07/2024,1765.05,HDZV9EN,Maison de vacances ∙ 3 chambres ∙ 6 personnes,Zinal - Ayer - Valais
29/03/2024,07/09/2024,14/09/2024,1466.08,HDZV9EN,Maison de vacances ∙ 3 chambres ∙ 6 personnes,Zinal - Ayer - Valais
29/03/2024,14/09/2024,21/09/2024,1466.08,HDZV9EN,Maison de vacances ∙ 3 chambres ∙ 6 personnes,Zinal - Ayer - Valais
29/03/2024,21/09/2024,28/09/2024,1466.08,HDZV9EN,Maison de vacances ∙ 3 chambres ∙ 6 personnes,Zinal - Ayer - Valais
29/03/2024,28/09/2024,05/10/2024,1466.08,HDZV9EN,Maison de vacances ∙ 3 chambres ∙ 6 personnes,Zinal - Ayer - Valais
29/03/2024,05/10/2024,12/10/2024,1466.08,HDZV9EN,Maison de vacances ∙ 3 chambres ∙ 6 personnes,Zinal - Ayer - Valais
29/03/2024,26/10/2024,02/11/2024,1466.08,HDZV9EN,Maison de vacances ∙ 3 chambres ∙ 6 personnes,Zinal - Ayer - Valais
29/03/2024,20/04/2024,27/04/2024,957.52,HAW3PSD,54 m² Appartement ∙ 2 chambres ∙ 5 personnes,Zinal - Ayer - Valais
29/03/2024,27/04/2024,04/05/2024,957.52,HAW3PSD,54 m² Appartement ∙ 2 chambres ∙ 5 personnes,Zinal - Ayer - Valais
29/03/2024,04/05/2024,11/05/2024,957.52,HAW3PSD,54 m² Appartement ∙ 2 chambres ∙ 5 personnes,Zinal - Ayer - Valais
29/03/2024,11/05/2024,18/05/2024,957.52,HAW3PSD,54 m² Appartement ∙ 2 chambres ∙ 5 personnes,Zinal - Ayer - Valais
29/03/2024,18/05/2024,25/05/2024,957.52,HAW3PSD,54 m² Appartement ∙ 2 chambres ∙ 5 personnes,Zinal - Ayer - Valais
29/03/2024,25/05/2024,01/06/2024,957.52,HAW3PSD,54 m² Appartement ∙ 2 chambres ∙ 5 personnes,Zinal - Ayer - Valais
29/03/2024,01/06/2024,08/06/2024,957.52,HAW3PSD,54 m² Appartement ∙ 2 chambres ∙ 5 personnes,Zinal - Ayer - Valais
29/03/2024,08/06/2024,15/06/2024,957.52,HAW3PSD,54 m² Appartement ∙ 2 chambres ∙ 5 personnes,Zinal - Ayer - Valais
29/03/2024,15/06/2024,22/06/2024,957.52,HAW3PSD,54 m² Appartement ∙ 2 chambres ∙ 5 personnes,Zinal - Ayer - Valais
29/03/2024,22/06/2024,29/06/2024,957.52,HAW3PSD,54 m² Appartement ∙ 2 chambres ∙ 5 personnes,Zinal - Ayer - Valais
29/03/2024,29/06/2024,06/07/2024,957.52,HAW3PSD,54 m² Appartement ∙ 2 chambres ∙ 5 personnes,Zinal - Ayer - Valais
29/03/2024,06/07/2024,13/07/2024,957.52,HAW3PSD,54 m² Appartement ∙ 2 chambres ∙ 5 personnes,Zinal - Ayer - Valais
29/03/2024,24/08/2024,31/08/2024,957.52,HAW3PSD,54 m² Appartement ∙ 2 chambres ∙ 5 personnes,Zinal - Ayer - Valais
29/03/2024,31/08/2024,07/09/2024,957.52,HAW3PSD,54 m² Appartement ∙ 2 chambres ∙ 5 personnes,Zinal - Ayer - Valais
29/03/2024,07/09/2024,14/09/2024,957.52,HAW3PSD,54 m² Appartement ∙ 2 chambres ∙ 5 personnes,Zinal - Ayer - Valais
29/03/2024,14/09/2024,21/09/2024,957.52,HAW3PSD,54 m² Appartement ∙ 2 chambres ∙ 5 personnes,Zinal - Ayer - Valais
29/03/2024,21/09/2024,28/09/2024,957.52,HAW3PSD,54 m² Appartement ∙ 2 chambres ∙ 5 personnes,Zinal - Ayer - Valais
29/03/2024,28/09/2024,05/10/2024,957.52,HAW3PSD,54 m² Appartement ∙ 2 chambres ∙ 5 personnes,Zinal - Ayer - Valais
29/03/2024,05/10/2024,12/10/2024,957.52,HAW3PSD,54 m² Appartement ∙ 2 chambres ∙ 5 personnes,Zinal - Ayer - Valais
29/03/2024,12/10/2024,19/10/2024,957.52,HAW3PSD,54 m² Appartement ∙ 2 chambres ∙ 5 personnes,Zinal - Ayer - Valais
29/03/2024,19/10/2024,26/10/2024,957.52,HAW3PSD,54 m² Appartement ∙ 2 chambres ∙ 5 personnes,Zinal - Ayer - Valais
29/03/2024,26/10/2024,02/11/2024,957.52,HAW3PSD,54 m² Appartement ∙ 2 chambres ∙ 5 personnes,Zinal - Ayer - Valais
29/03/2024,20/04/2024,27/04/2024,537.32,H6YAT9K,28 m² Appartement ∙ 1 chambre ∙ 2 personnes,Zinal - Ayer - Valais
29/03/2024,27/04/2024,04/05/2024,537.32,H6YAT9K,28 m² Appartement ∙ 1 chambre ∙ 2 personnes,Zinal - Ayer - Valais
29/03/2024,04/05/2024,11/05/2024,537.32,H6YAT9K,28 m² Appartement ∙ 1 chambre ∙ 2 personnes,Zinal - Ayer - Valais
29/03/2024,11/05/2024,18/05/2024,537.32,H6YAT9K,28 m² Appartement ∙ 1 chambre ∙ 2 personnes,Zinal - Ayer - Valais
29/03/2024,18/05/2024,25/05/2024,537.32,H6YAT9K,28 m² Appartement ∙ 1 chambre ∙ 2 personnes,Zinal - Ayer - Valais
29/03/2024,25/05/2024,01/06/2024,537.32,H6YAT9K,28 m² Appartement ∙ 1 chambre ∙ 2 personnes,Zinal - Ayer - Valais
29/03/2024,01/06/2024,08/06/2024,537.32,H6YAT9K,28 m² Appartement ∙ 1 chambre ∙ 2 personnes,Zinal - Ayer - Valais
29/03/2024,08/06/2024,15/06/2024,537.32,H6YAT9K,28 m² Appartement ∙ 1 chambre ∙ 2 personnes,Zinal - Ayer - Valais
29/03/2024,20/07/2024,27/07/2024,792.12,H6YAT9K,28 m² Appartement ∙ 1 chambre ∙ 2 personnes,Zinal - Ayer - Valais
29/03/2024,24/08/2024,31/08/2024,537.32,H6YAT9K,28 m² Appartement ∙ 1 chambre ∙ 2 personnes,Zinal - Ayer - Valais
29/03/2024,31/08/2024,07/09/2024,537.32,H6YAT9K,28 m² Appartement ∙ 1 chambre ∙ 2 personnes,Zinal - Ayer - Valais
29/03/2024,07/09/2024,14/09/2024,537.32,H6YAT9K,28 m² Appartement ∙ 1 chambre ∙ 2 personnes,Zinal - Ayer - Valais
29/03/2024,14/09/2024,21/09/2024,537.32,H6YAT9K,28 m² Appartement ∙ 1 chambre ∙ 2 personnes,Zinal - Ayer - Valais
29/03/2024,21/09/2024,28/09/2024,537.32,H6YAT9K,28 m² Appartement ∙ 1 chambre ∙ 2 personnes,Zinal - Ayer - Valais
29/03/2024,28/09/2024,05/10/2024,537.32,H6YAT9K,28 m² Appartement ∙ 1 chambre ∙ 2 personnes,Zinal - Ayer - Valais
29/03/2024,05/10/2024,12/10/2024,537.32,H6YAT9K,28 m² Appartement ∙ 1 chambre ∙ 2 personnes,Zinal - Ayer - Valais
29/03/2024,12/10/2024,19/10/2024,537.32,H6YAT9K,28 m² Appartement ∙ 1 chambre ∙ 2 personnes,Zinal - Ayer - Valais
29/03/2024,19/10/2024,26/10/2024,537.32,H6YAT9K,28 m² Appartement ∙ 1 chambre ∙ 2 personnes,Zinal - Ayer - Valais
29/03/2024,26/10/2024,02/11/2024,537.32,H6YAT9K,28 m² Appartement ∙ 1 chambre ∙ 2 personnes,Zinal - Ayer - Valais
29/03/2024,06/04/2024,13/04/2024,1349.99,HFCVA6T,85 m² Appartement ∙ 3 chambres ∙ 6 personnes,Zinal - Ayer - Valais
29/03/2024,13/04/2024,20/04/2024,1349.99,HFCVA6T,85 m² Appartement ∙ 3 chambres ∙ 6 personnes,Zinal - Ayer - Valais
29/03/2024,20/04/2024,27/04/2024,1349.99,HFCVA6T,85 m² Appartement ∙ 3 chambres ∙ 6 personnes,Zinal - Ayer - Valais
29/03/2024,27/04/2024,04/05/2024,1349.99,HFCVA6T,85 m² Appartement ∙ 3 chambres ∙ 6 personnes,Zinal - Ayer - Valais
29/03/2024,04/05/2024,11/05/2024,1349.99,HFCVA6T,85 m² Appartement ∙ 3 chambres ∙ 6 personnes,Zinal - Ayer - Valais
29/03/2024,11/05/2024,18/05/2024,1349.99,HFCVA6T,85 m² Appartement ∙ 3 chambres ∙ 6 personnes,Zinal - Ayer - Valais
29/03/2024,18/05/2024,25/05/2024,1349.99,HFCVA6T,85 m² Appartement ∙ 3 chambres ∙ 6 personnes,Zinal - Ayer - Valais
29/03/2024,25/05/2024,01/06/2024,1349.99,HFCVA6T,85 m² Appartement ∙ 3 chambres ∙ 6 personnes,Zinal - Ayer - Valais
29/03/2024,01/06/2024,08/06/2024,1349.99,HFCVA6T,85 m² Appartement ∙ 3 chambres ∙ 6 personnes,Zinal - Ayer - Valais
29/03/2024,08/06/2024,15/06/2024,1349.99,HFCVA6T,85 m² Appartement ∙ 3 chambres ∙ 6 personnes,Zinal - Ayer - Valais
29/03/2024,15/06/2024,22/06/2024,1349.99,HFCVA6T,85 m² Appartement ∙ 3 chambres ∙ 6 personnes,Zinal - Ayer - Valais
29/03/2024,06/07/2024,13/07/2024,1349.99,HFCVA6T,85 m² Appartement ∙ 3 chambres ∙ 6 personnes,Zinal - Ayer - Valais
29/03/2024,24/08/2024,31/08/2024,1349.99,HFCVA6T,85 m² Appartement ∙ 3 chambres ∙ 6 personnes,Zinal - Ayer - Valais
29/03/2024,31/08/2024,07/09/2024,1349.99,HFCVA6T,85 m² Appartement ∙ 3 chambres ∙ 6 personnes,Zinal - Ayer - Valais
29/03/2024,07/09/2024,14/09/2024,1349.99,HFCVA6T,85 m² Appartement ∙ 3 chambres ∙ 6 personnes,Zinal - Ayer - Valais
29/03/2024,14/09/2024,21/09/2024,1349.99,HFCVA6T,85 m² Appartement ∙ 3 chambres ∙ 6 personnes,Zinal - Ayer - Valais
29/03/2024,21/09/2024,28/09/2024,1349.99,HFCVA6T,85 m² Appartement ∙ 3 chambres ∙ 6 personnes,Zinal - Ayer - Valais
29/03/2024,28/09/2024,05/10/2024,1349.99,HFCVA6T,85 m² Appartement ∙ 3 chambres ∙ 6 personnes,Zinal - Ayer - Valais
29/03/2024,05/10/2024,12/10/2024,1349.99,HFCVA6T,85 m² Appartement ∙ 3 chambres ∙ 6 personnes,Zinal - Ayer - Valais
29/03/2024,12/10/2024,19/10/2024,1349.99,HFCVA6T,85 m² Appartement ∙ 3 chambres ∙ 6 personnes,Zinal - Ayer - Valais
29/03/2024,19/10/2024,26/10/2024,1349.99,HFCVA6T,85 m² Appartement ∙ 3 chambres ∙ 6 personnes,Zinal - Ayer - Valais
29/03/2024,26/10/2024,02/11/2024,1349.99,HFCVA6T,85 m² Appartement ∙ 3 chambres ∙ 6 personnes,Zinal - Ayer - Valais
29/03/2024,06/04/2024,13/04/2024,1568.82,HGB6MA1,Maison de vacances ∙ 3 chambres ∙ 6 personnes,Zinal - Ayer - Valais
29/03/2024,13/04/2024,20/04/2024,1568.82,HGB6MA1,Maison de vacances ∙ 3 chambres ∙ 6 personnes,Zinal - Ayer - Valais
29/03/2024,20/04/2024,27/04/2024,1568.82,HGB6MA1,Maison de vacances ∙ 3 chambres ∙ 6 personnes,Zinal - Ayer - Valais
29/03/2024,27/04/2024,04/05/2024,1568.82,HGB6MA1,Maison de vacances ∙ 3 chambres ∙ 6 personnes,Zinal - Ayer - Valais
29/03/2024,04/05/2024,11/05/2024,1568.82,HGB6MA1,Maison de vacances ∙ 3 chambres ∙ 6 personnes,Zinal - Ayer - Valais
29/03/2024,11/05/2024,18/05/2024,1568.82,HGB6MA1,Maison de vacances ∙ 3 chambres ∙ 6 personnes,Zinal - Ayer - Valais
29/03/2024,25/05/2024,01/06/2024,1568.82,HGB6MA1,Maison de vacances ∙ 3 chambres ∙ 6 personnes,Zinal - Ayer - Valais
29/03/2024,01/06/2024,08/06/2024,1568.82,HGB6MA1,Maison de vacances ∙ 3 chambres ∙ 6 personnes,Zinal - Ayer - Valais
29/03/2024,08/06/2024,15/06/2024,1568.82,HGB6MA1,Maison de vacances ∙ 3 chambres ∙ 6 personnes,Zinal - Ayer - Valais
29/03/2024,15/06/2024,22/06/2024,1568.82,HGB6MA1,Maison de vacances ∙ 3 chambres ∙ 6 personnes,Zinal - Ayer - Valais
29/03/2024,22/06/2024,29/06/2024,1568.82,HGB6MA1,Maison de vacances ∙ 3 chambres ∙ 6 personnes,Zinal - Ayer - Valais
29/03/2024,29/06/2024,06/07/2024,1568.82,HGB6MA1,Maison de vacances ∙ 3 chambres ∙ 6 personnes,Zinal - Ayer - Valais
29/03/2024,06/07/2024,13/07/2024,1568.82,HGB6MA1,Maison de vacances ∙ 3 chambres ∙ 6 personnes,Zinal - Ayer - Valais
29/03/2024,13/07/2024,20/07/2024,1792.79,HGB6MA1,Maison de vacances ∙ 3 chambres ∙ 6 personnes,Zinal - Ayer - Valais
29/03/2024,03/08/2024,10/08/2024,1792.79,HGB6MA1,Maison de vacances ∙ 3 chambres ∙ 6 personnes,Zinal - Ayer - Valais
29/03/2024,17/08/2024,24/08/2024,1568.82,HGB6MA1,Maison de vacances ∙ 3 chambres ∙ 6 personnes,Zinal - Ayer - Valais
29/03/2024,07/09/2024,14/09/2024,1568.82,HGB6MA1,Maison de vacances ∙ 3 chambres ∙ 6 personnes,Zinal - Ayer - Valais
29/03/2024,14/09/2024,21/09/2024,1568.82,HGB6MA1,Maison de vacances ∙ 3 chambres ∙ 6 personnes,Zinal - Ayer - Valais
29/03/2024,21/09/2024,28/09/2024,1568.82,HGB6MA1,Maison de vacances ∙ 3 chambres ∙ 6 personnes,Zinal - Ayer - Valais
29/03/2024,28/09/2024,05/10/2024,1568.82,HGB6MA1,Maison de vacances ∙ 3 chambres ∙ 6 personnes,Zinal - Ayer - Valais
29/03/2024,05/10/2024,12/10/2024,1568.82,HGB6MA1,Maison de vacances ∙ 3 chambres ∙ 6 personnes,Zinal - Ayer - Valais
29/03/2024,12/10/2024,19/10/2024,1568.82,HGB6MA1,Maison de vacances ∙ 3 chambres ∙ 6 personnes,Zinal - Ayer - Valais
29/03/2024,19/10/2024,26/10/2024,1568.82,HGB6MA1,Maison de vacances ∙ 3 chambres ∙ 6 personnes,Zinal - Ayer - Valais
29/03/2024,26/10/2024,02/11/2024,1568.82,HGB6MA1,Maison de vacances ∙ 3 chambres ∙ 6 personnes,Zinal - Ayer - Valais
29/03/2024,06/04/2024,13/04/2024,1532.86,H5NW2CF,120 m² Appartement ∙ 3 chambres ∙ 6 personnes,Zinal - Ayer - Valais
29/03/2024,13/04/2024,20/04/2024,1532.86,H5NW2CF,120 m² Appartement ∙ 3 chambres ∙ 6 personnes,Zinal - Ayer - Valais
29/03/2024,20/04/2024,27/04/2024,1532.86,H5NW2CF,120 m² Appartement ∙ 3 chambres ∙ 6 personnes,Zinal - Ayer - Valais
29/03/2024,27/04/2024,04/05/2024,1532.86,H5NW2CF,120 m² Appartement ∙ 3 chambres ∙ 6 personnes,Zinal - Ayer - Valais
29/03/2024,18/05/2024,25/05/2024,1532.86,H5NW2CF,120 m² Appartement ∙ 3 chambres ∙ 6 personnes,Zinal - Ayer - Valais
29/03/2024,25/05/2024,01/06/2024,1532.86,H5NW2CF,120 m² Appartement ∙ 3 chambres ∙ 6 personnes,Zinal - Ayer - Valais
29/03/2024,01/06/2024,08/06/2024,1532.86,H5NW2CF,120 m² Appartement ∙ 3 chambres ∙ 6 personnes,Zinal - Ayer - Valais
29/03/2024,08/06/2024,15/06/2024,1532.86,H5NW2CF,120 m² Appartement ∙ 3 chambres ∙ 6 personnes,Zinal - Ayer - Valais
29/03/2024,15/06/2024,22/06/2024,1532.86,H5NW2CF,120 m² Appartement ∙ 3 chambres ∙ 6 personnes,Zinal - Ayer - Valais
29/03/2024,22/06/2024,29/06/2024,1532.86,H5NW2CF,120 m² Appartement ∙ 3 chambres ∙ 6 personnes,Zinal - Ayer - Valais
29/03/2024,13/07/2024,20/07/2024,1660.26,H5NW2CF,120 m² Appartement ∙ 3 chambres ∙ 6 personnes,Zinal - Ayer - Valais
29/03/2024,17/08/2024,24/08/2024,1532.86,H5NW2CF,120 m² Appartement ∙ 3 chambres ∙ 6 personnes,Zinal - Ayer - Valais
29/03/2024,24/08/2024,31/08/2024,1532.86,H5NW2CF,120 m² Appartement ∙ 3 chambres ∙ 6 personnes,Zinal - Ayer - Valais
29/03/2024,31/08/2024,07/09/2024,1532.86,H5NW2CF,120 m² Appartement ∙ 3 chambres ∙ 6 personnes,Zinal - Ayer - Valais
29/03/2024,07/09/2024,14/09/2024,1532.86,H5NW2CF,120 m² Appartement ∙ 3 chambres ∙ 6 personnes,Zinal - Ayer - Valais
29/03/2024,14/09/2024,21/09/2024,1532.86,H5NW2CF,120 m² Appartement ∙ 3 chambres ∙ 6 personnes,Zinal - Ayer - Valais
29/03/2024,21/09/2024,28/09/2024,1532.86,H5NW2CF,120 m² Appartement ∙ 3 chambres ∙ 6 personnes,Zinal - Ayer - Valais
29/03/2024,28/09/2024,05/10/2024,1532.86,H5NW2CF,120 m² Appartement ∙ 3 chambres ∙ 6 personnes,Zinal - Ayer - Valais
29/03/2024,05/10/2024,12/10/2024,1532.86,H5NW2CF,120 m² Appartement ∙ 3 chambres ∙ 6 personnes,Zinal - Ayer - Valais
29/03/2024,12/10/2024,19/10/2024,1532.86,H5NW2CF,120 m² Appartement ∙ 3 chambres ∙ 6 personnes,Zinal - Ayer - Valais
29/03/2024,19/10/2024,26/10/2024,1532.86,H5NW2CF,120 m² Appartement ∙ 3 chambres ∙ 6 personnes,Zinal - Ayer - Valais
29/03/2024,26/10/2024,02/11/2024,1532.86,H5NW2CF,120 m² Appartement ∙ 3 chambres ∙ 6 personnes,Zinal - Ayer - Valais
29/03/2024,20/04/2024,27/04/2024,1948.96,HS43VP0,150 m² Maison de vacances ∙ 4 chambres ∙ 10 personnes,Zinal - Ayer - Valais
29/03/2024,27/04/2024,04/05/2024,1948.96,HS43VP0,150 m² Maison de vacances ∙ 4 chambres ∙ 10 personnes,Zinal - Ayer - Valais
29/03/2024,04/05/2024,11/05/2024,1948.96,HS43VP0,150 m² Maison de vacances ∙ 4 chambres ∙ 10 personnes,Zinal - Ayer - Valais
29/03/2024,11/05/2024,18/05/2024,1948.96,HS43VP0,150 m² Maison de vacances ∙ 4 chambres ∙ 10 personnes,Zinal - Ayer - Valais
29/03/2024,18/05/2024,25/05/2024,1948.96,HS43VP0,150 m² Maison de vacances ∙ 4 chambres ∙ 10 personnes,Zinal - Ayer - Valais
29/03/2024,25/05/2024,01/06/2024,1948.96,HS43VP0,150 m² Maison de vacances ∙ 4 chambres ∙ 10 personnes,Zinal - Ayer - Valais
29/03/2024,01/06/2024,08/06/2024,1948.96,HS43VP0,150 m² Maison de vacances ∙ 4 chambres ∙ 10 personnes,Zinal - Ayer - Valais
29/03/2024,08/06/2024,15/06/2024,1948.96,HS43VP0,150 m² Maison de vacances ∙ 4 chambres ∙ 10 personnes,Zinal - Ayer - Valais
29/03/2024,15/06/2024,22/06/2024,1948.96,HS43VP0,150 m² Maison de vacances ∙ 4 chambres ∙ 10 personnes,Zinal - Ayer - Valais
29/03/2024,22/06/2024,29/06/2024,1948.96,HS43VP0,150 m² Maison de vacances ∙ 4 chambres ∙ 10 personnes,Zinal - Ayer - Valais
29/03/2024,13/07/2024,20/07/2024,2247.93,HS43VP0,150 m² Maison de vacances ∙ 4 chambres ∙ 10 personnes,Zinal - Ayer - Valais
29/03/2024,20/07/2024,27/07/2024,2472.92,HS43VP0,150 m² Maison de vacances ∙ 4 chambres ∙ 10 personnes,Zinal - Ayer - Valais
29/03/2024,27/07/2024,03/08/2024,2472.92,HS43VP0,150 m² Maison de vacances ∙ 4 chambres ∙ 10 personnes,Zinal - Ayer - Valais
29/03/2024,24/08/2024,31/08/2024,1948.96,HS43VP0,150 m² Maison de vacances ∙ 4 chambres ∙ 10 personnes,Zinal - Ayer - Valais
29/03/2024,31/08/2024,07/09/2024,1948.96,HS43VP0,150 m² Maison de vacances ∙ 4 chambres ∙ 10 personnes,Zinal - Ayer - Valais
29/03/2024,07/09/2024,14/09/2024,1948.96,HS43VP0,150 m² Maison de vacances ∙ 4 chambres ∙ 10 personnes,Zinal - Ayer - Valais
29/03/2024,14/09/2024,21/09/2024,1948.96,HS43VP0,150 m² Maison de vacances ∙ 4 chambres ∙ 10 personnes,Zinal - Ayer - Valais
29/03/2024,21/09/2024,28/09/2024,1948.96,HS43VP0,150 m² Maison de vacances ∙ 4 chambres ∙ 10 personnes,Zinal - Ayer - Valais
29/03/2024,28/09/2024,05/10/2024,1948.96,HS43VP0,150 m² Maison de vacances ∙ 4 chambres ∙ 10 personnes,Zinal - Ayer - Valais
29/03/2024,05/10/2024,12/10/2024,1948.96,HS43VP0,150 m² Maison de vacances ∙ 4 chambres ∙ 10 personnes,Zinal - Ayer - Valais
29/03/2024,12/10/2024,19/10/2024,1948.96,HS43VP0,150 m² Maison de vacances ∙ 4 chambres ∙ 10 personnes,Zinal - Ayer - Valais
29/03/2024,19/10/2024,26/10/2024,1948.96,HS43VP0,150 m² Maison de vacances ∙ 4 chambres ∙ 10 personnes,Zinal - Ayer - Valais
29/03/2024,26/10/2024,02/11/2024,1948.96,HS43VP0,150 m² Maison de vacances ∙ 4 chambres ∙ 10 personnes,Zinal - Ayer - Valais
29/03/2024,20/04/2024,27/04/2024,599.00,HPKN8VZ,28 m² Maison de vacances ∙ 1 chambre ∙ 2 personnes,Zinal - Ayer - Valais
29/03/2024,27/04/2024,04/05/2024,599.00,HPKN8VZ,28 m² Maison de vacances ∙ 1 chambre ∙ 2 personnes,Zinal - Ayer - Valais
29/03/2024,04/05/2024,11/05/2024,599.00,HPKN8VZ,28 m² Maison de vacances ∙ 1 chambre ∙ 2 personnes,Zinal - Ayer - Valais
29/03/2024,11/05/2024,18/05/2024,599.00,HPKN8VZ,28 m² Maison de vacances ∙ 1 chambre ∙ 2 personnes,Zinal - Ayer - Valais
29/03/2024,18/05/2024,25/05/2024,599.00,HPKN8VZ,28 m² Maison de vacances ∙ 1 chambre ∙ 2 personnes,Zinal - Ayer - Valais
29/03/2024,25/05/2024,01/06/2024,599.00,HPKN8VZ,28 m² Maison de vacances ∙ 1 chambre ∙ 2 personnes,Zinal - Ayer - Valais
29/03/2024,01/06/2024,08/06/2024,599.00,HPKN8VZ,28 m² Maison de vacances ∙ 1 chambre ∙ 2 personnes,Zinal - Ayer - Valais
29/03/2024,08/06/2024,15/06/2024,599.00,HPKN8VZ,28 m² Maison de vacances ∙ 1 chambre ∙ 2 personnes,Zinal - Ayer - Valais
29/03/2024,20/07/2024,27/07/2024,881.00,HPKN8VZ,28 m² Maison de vacances ∙ 1 chambre ∙ 2 personnes,Zinal - Ayer - Valais
29/03/2024,24/08/2024,31/08/2024,599.00,HPKN8VZ,28 m² Maison de vacances ∙ 1 chambre ∙ 2 personnes,Zinal - Ayer - Valais
29/03/2024,31/08/2024,07/09/2024,599.00,HPKN8VZ,28 m² Maison de vacances ∙ 1 chambre ∙ 2 personnes,Zinal - Ayer - Valais
29/03/2024,07/09/2024,14/09/2024,599.00,HPKN8VZ,28 m² Maison de vacances ∙ 1 chambre ∙ 2 personnes,Zinal - Ayer - Valais
29/03/2024,14/09/2024,21/09/2024,599.00,HPKN8VZ,28 m² Maison de vacances ∙ 1 chambre ∙ 2 personnes,Zinal - Ayer - Valais
29/03/2024,21/09/2024,28/09/2024,599.00,HPKN8VZ,28 m² Maison de vacances ∙ 1 chambre ∙ 2 personnes,Zinal - Ayer - Valais
29/03/2024,28/09/2024,05/10/2024,599.00,HPKN8VZ,28 m² Maison de vacances ∙ 1 chambre ∙ 2 personnes,Zinal - Ayer - Valais
29/03/2024,05/10/2024,12/10/2024,599.00,HPKN8VZ,28 m² Maison de vacances ∙ 1 chambre ∙ 2 personnes,Zinal - Ayer - Valais
29/03/2024,12/10/2024,19/10/2024,599.00,HPKN8VZ,28 m² Maison de vacances ∙ 1 chambre ∙ 2 personnes,Zinal - Ayer - Valais
29/03/2024,19/10/2024,26/10/2024,599.00,HPKN8VZ,28 m² Maison de vacances ∙ 1 chambre ∙ 2 personnes,Zinal - Ayer - Valais
29/03/2024,26/10/2024,02/11/2024,599.00,HPKN8VZ,28 m² Maison de vacances ∙ 1 chambre ∙ 2 personnes,Zinal - Ayer - Valais
29/03/2024,06/04/2024,13/04/2024,905.00,HPXV46D,34 m² Maison de vacances ∙ 1 chambre ∙ 4 personnes,Zinal - Ayer - Valais
29/03/2024,18/05/2024,25/05/2024,511.00,HPXV46D,34 m² Maison de vacances ∙ 1 chambre ∙ 4 personnes,Zinal - Ayer - Valais
29/03/2024,25/05/2024,01/06/2024,511.00,HPXV46D,34 m² Maison de vacances ∙ 1 chambre ∙ 4 personnes,Zinal - Ayer - Valais
29/03/2024,01/06/2024,08/06/2024,511.00,HPXV46D,34 m² Maison de vacances ∙ 1 chambre ∙ 4 personnes,Zinal - Ayer - Valais
29/03/2024,08/06/2024,15/06/2024,511.00,HPXV46D,34 m² Maison de vacances ∙ 1 chambre ∙ 4 personnes,Zinal - Ayer - Valais
29/03/2024,15/06/2024,22/06/2024,666.00,HPXV46D,34 m² Maison de vacances ∙ 1 chambre ∙ 4 personnes,Zinal - Ayer - Valais
29/03/2024,22/06/2024,29/06/2024,666.00,HPXV46D,34 m² Maison de vacances ∙ 1 chambre ∙ 4 personnes,Zinal - Ayer - Valais
29/03/2024,29/06/2024,06/07/2024,827.00,HPXV46D,34 m² Maison de vacances ∙ 1 chambre ∙ 4 personnes,Zinal - Ayer - Valais
29/03/2024,06/07/2024,13/07/2024,1248.00,HPXV46D,34 m² Maison de vacances ∙ 1 chambre ∙ 4 personnes,Zinal - Ayer - Valais
29/03/2024,13/07/2024,20/07/2024,1381.00,HPXV46D,34 m² Maison de vacances ∙ 1 chambre ∙ 4 personnes,Zinal - Ayer - Valais
29/03/2024,20/07/2024,27/07/2024,1381.00,HPXV46D,34 m² Maison de vacances ∙ 1 chambre ∙ 4 personnes,Zinal - Ayer - Valais
29/03/2024,27/07/2024,03/08/2024,1248.00,HPXV46D,34 m² Maison de vacances ∙ 1 chambre ∙ 4 personnes,Zinal - Ayer - Valais
29/03/2024,10/08/2024,17/08/2024,1024.00,HPXV46D,34 m² Maison de vacances ∙ 1 chambre ∙ 4 personnes,Zinal - Ayer - Valais
29/03/2024,17/08/2024,24/08/2024,824.00,HPXV46D,34 m² Maison de vacances ∙ 1 chambre ∙ 4 personnes,Zinal - Ayer - Valais
29/03/2024,24/08/2024,31/08/2024,575.00,HPXV46D,34 m² Maison de vacances ∙ 1 chambre ∙ 4 personnes,Zinal - Ayer - Valais
29/03/2024,31/08/2024,07/09/2024,575.00,HPXV46D,34 m² Maison de vacances ∙ 1 chambre ∙ 4 personnes,Zinal - Ayer - Valais
29/03/2024,07/09/2024,14/09/2024,575.00,HPXV46D,34 m² Maison de vacances ∙ 1 chambre ∙ 4 personnes,Zinal - Ayer - Valais
29/03/2024,14/09/2024,21/09/2024,575.00,HPXV46D,34 m² Maison de vacances ∙ 1 chambre ∙ 4 personnes,Zinal - Ayer - Valais
29/03/2024,21/09/2024,28/09/2024,575.00,HPXV46D,34 m² Maison de vacances ∙ 1 chambre ∙ 4 personnes,Zinal - Ayer - Valais
29/03/2024,28/09/2024,05/10/2024,575.00,HPXV46D,34 m² Maison de vacances ∙ 1 chambre ∙ 4 personnes,Zinal - Ayer - Valais
29/03/2024,05/10/2024,12/10/2024,824.00,HPXV46D,34 m² Maison de vacances ∙ 1 chambre ∙ 4 personnes,Zinal - Ayer - Valais
29/03/2024,12/10/2024,19/10/2024,824.00,HPXV46D,34 m² Maison de vacances ∙ 1 chambre ∙ 4 personnes,Zinal - Ayer - Valais
29/03/2024,19/10/2024,26/10/2024,575.00,HPXV46D,34 m² Maison de vacances ∙ 1 chambre ∙ 4 personnes,Zinal - Ayer - Valais
29/03/2024,13/04/2024,20/04/2024,1631.00,HJV2ZK9,Villa ∙ 3 chambres ∙ 6 personnes,Zinal - Ayer - Valais
29/03/2024,20/04/2024,27/04/2024,1631.00,HJV2ZK9,Villa ∙ 3 chambres ∙ 6 personnes,Zinal - Ayer - Valais
29/03/2024,27/04/2024,04/05/2024,1631.00,HJV2ZK9,Villa ∙ 3 chambres ∙ 6 personnes,Zinal - Ayer - Valais
29/03/2024,04/05/2024,11/05/2024,1631.00,HJV2ZK9,Villa ∙ 3 chambres ∙ 6 personnes,Zinal - Ayer - Valais
29/03/2024,11/05/2024,18/05/2024,1631.00,HJV2ZK9,Villa ∙ 3 chambres ∙ 6 personnes,Zinal - Ayer - Valais
29/03/2024,18/05/2024,25/05/2024,1631.00,HJV2ZK9,Villa ∙ 3 chambres ∙ 6 personnes,Zinal - Ayer - Valais
29/03/2024,25/05/2024,01/06/2024,1631.00,HJV2ZK9,Villa ∙ 3 chambres ∙ 6 personnes,Zinal - Ayer - Valais
29/03/2024,01/06/2024,08/06/2024,1631.00,HJV2ZK9,Villa ∙ 3 chambres ∙ 6 personnes,Zinal - Ayer - Valais
29/03/2024,22/06/2024,29/06/2024,1631.00,HJV2ZK9,Villa ∙ 3 chambres ∙ 6 personnes,Zinal - Ayer - Valais
29/03/2024,29/06/2024,06/07/2024,1631.00,HJV2ZK9,Villa ∙ 3 chambres ∙ 6 personnes,Zinal - Ayer - Valais
29/03/2024,13/07/2024,20/07/2024,1964.00,HJV2ZK9,Villa ∙ 3 chambres ∙ 6 personnes,Zinal - Ayer - Valais
29/03/2024,07/09/2024,14/09/2024,1631.00,HJV2ZK9,Villa ∙ 3 chambres ∙ 6 personnes,Zinal - Ayer - Valais
29/03/2024,14/09/2024,21/09/2024,1631.00,HJV2ZK9,Villa ∙ 3 chambres ∙ 6 personnes,Zinal - Ayer - Valais
29/03/2024,21/09/2024,28/09/2024,1631.00,HJV2ZK9,Villa ∙ 3 chambres ∙ 6 personnes,Zinal - Ayer - Valais
29/03/2024,28/09/2024,05/10/2024,1631.00,HJV2ZK9,Villa ∙ 3 chambres ∙ 6 personnes,Zinal - Ayer - Valais
29/03/2024,05/10/2024,12/10/2024,1631.00,HJV2ZK9,Villa ∙ 3 chambres ∙ 6 personnes,Zinal - Ayer - Valais
29/03/2024,26/10/2024,02/11/2024,1631.00,HJV2ZK9,Villa ∙ 3 chambres ∙ 6 personnes,Zinal - Ayer - Valais
29/03/2024,06/04/2024,13/04/2024,1388.00,HMWPBN5,54 m² Maison de vacances ∙ 2 chambres ∙ 6 personnes,Zinal - Ayer - Valais
29/03/2024,25/05/2024,01/06/2024,773.00,HMWPBN5,54 m² Maison de vacances ∙ 2 chambres ∙ 6 personnes,Zinal - Ayer - Valais
29/03/2024,01/06/2024,08/06/2024,773.00,HMWPBN5,54 m² Maison de vacances ∙ 2 chambres ∙ 6 personnes,Zinal - Ayer - Valais
29/03/2024,08/06/2024,15/06/2024,773.00,HMWPBN5,54 m² Maison de vacances ∙ 2 chambres ∙ 6 personnes,Zinal - Ayer - Valais
29/03/2024,15/06/2024,22/06/2024,1008.00,HMWPBN5,54 m² Maison de vacances ∙ 2 chambres ∙ 6 personnes,Zinal - Ayer - Valais
29/03/2024,22/06/2024,29/06/2024,1008.00,HMWPBN5,54 m² Maison de vacances ∙ 2 chambres ∙ 6 personnes,Zinal - Ayer - Valais
29/03/2024,29/06/2024,06/07/2024,1264.00,HMWPBN5,54 m² Maison de vacances ∙ 2 chambres ∙ 6 personnes,Zinal - Ayer - Valais
29/03/2024,06/07/2024,13/07/2024,1915.00,HMWPBN5,54 m² Maison de vacances ∙ 2 chambres ∙ 6 personnes,Zinal - Ayer - Valais
29/03/2024,13/07/2024,20/07/2024,2122.00,HMWPBN5,54 m² Maison de vacances ∙ 2 chambres ∙ 6 personnes,Zinal - Ayer - Valais
29/03/2024,27/07/2024,03/08/2024,1915.00,HMWPBN5,54 m² Maison de vacances ∙ 2 chambres ∙ 6 personnes,Zinal - Ayer - Valais
29/03/2024,10/08/2024,17/08/2024,1565.00,HMWPBN5,54 m² Maison de vacances ∙ 2 chambres ∙ 6 personnes,Zinal - Ayer - Valais
29/03/2024,17/08/2024,24/08/2024,1248.00,HMWPBN5,54 m² Maison de vacances ∙ 2 chambres ∙ 6 personnes,Zinal - Ayer - Valais
29/03/2024,24/08/2024,31/08/2024,874.00,HMWPBN5,54 m² Maison de vacances ∙ 2 chambres ∙ 6 personnes,Zinal - Ayer - Valais
29/03/2024,31/08/2024,07/09/2024,874.00,HMWPBN5,54 m² Maison de vacances ∙ 2 chambres ∙ 6 personnes,Zinal - Ayer - Valais
29/03/2024,07/09/2024,14/09/2024,874.00,HMWPBN5,54 m² Maison de vacances ∙ 2 chambres ∙ 6 personnes,Zinal - Ayer - Valais
29/03/2024,14/09/2024,21/09/2024,874.00,HMWPBN5,54 m² Maison de vacances ∙ 2 chambres ∙ 6 personnes,Zinal - Ayer - Valais
29/03/2024,21/09/2024,28/09/2024,874.00,HMWPBN5,54 m² Maison de vacances ∙ 2 chambres ∙ 6 personnes,Zinal - Ayer - Valais
29/03/2024,28/09/2024,05/10/2024,874.00,HMWPBN5,54 m² Maison de vacances ∙ 2 chambres ∙ 6 personnes,Zinal - Ayer - Valais
29/03/2024,05/10/2024,12/10/2024,1248.00,HMWPBN5,54 m² Maison de vacances ∙ 2 chambres ∙ 6 personnes,Zinal - Ayer - Valais
29/03/2024,12/10/2024,19/10/2024,1248.00,HMWPBN5,54 m² Maison de vacances ∙ 2 chambres ∙ 6 personnes,Zinal - Ayer - Valais
29/03/2024,19/10/2024,26/10/2024,874.00,HMWPBN5,54 m² Maison de vacances ∙ 2 chambres ∙ 6 personnes,Zinal - Ayer - Valais
29/03/2024,06/04/2024,13/04/2024,1080.00,HJSXPGV,34 m² Maison de vacances ∙ 1 chambre ∙ 4 personnes,Zinal - Ayer - Valais
29/03/2024,18/05/2024,25/05/2024,605.00,HJSXPGV,34 m² Maison de vacances ∙ 1 chambre ∙ 4 personnes,Zinal - Ayer - Valais
29/03/2024,25/05/2024,01/06/2024,605.00,HJSXPGV,34 m² Maison de vacances ∙ 1 chambre ∙ 4 personnes,Zinal - Ayer - Valais
29/03/2024,01/06/2024,08/06/2024,605.00,HJSXPGV,34 m² Maison de vacances ∙ 1 chambre ∙ 4 personnes,Zinal - Ayer - Valais
29/03/2024,08/06/2024,15/06/2024,605.00,HJSXPGV,34 m² Maison de vacances ∙ 1 chambre ∙ 4 personnes,Zinal - Ayer - Valais
29/03/2024,15/06/2024,22/06/2024,787.00,HJSXPGV,34 m² Maison de vacances ∙ 1 chambre ∙ 4 personnes,Zinal - Ayer - Valais
29/03/2024,22/06/2024,29/06/2024,787.00,HJSXPGV,34 m² Maison de vacances ∙ 1 chambre ∙ 4 personnes,Zinal - Ayer - Valais
29/03/2024,29/06/2024,06/07/2024,982.00,HJSXPGV,34 m² Maison de vacances ∙ 1 chambre ∙ 4 personnes,Zinal - Ayer - Valais
29/03/2024,06/07/2024,13/07/2024,1490.00,HJSXPGV,34 m² Maison de vacances ∙ 1 chambre ∙ 4 personnes,Zinal - Ayer - Valais
29/03/2024,13/07/2024,20/07/2024,1648.00,HJSXPGV,34 m² Maison de vacances ∙ 1 chambre ∙ 4 personnes,Zinal - Ayer - Valais
29/03/2024,20/07/2024,27/07/2024,1648.00,HJSXPGV,34 m² Maison de vacances ∙ 1 chambre ∙ 4 personnes,Zinal - Ayer - Valais
29/03/2024,27/07/2024,03/08/2024,1490.00,HJSXPGV,34 m² Maison de vacances ∙ 1 chambre ∙ 4 personnes,Zinal - Ayer - Valais
29/03/2024,10/08/2024,17/08/2024,1216.00,HJSXPGV,34 m² Maison de vacances ∙ 1 chambre ∙ 4 personnes,Zinal - Ayer - Valais
29/03/2024,17/08/2024,24/08/2024,974.00,HJSXPGV,34 m² Maison de vacances ∙ 1 chambre ∙ 4 personnes,Zinal - Ayer - Valais
29/03/2024,24/08/2024,31/08/2024,692.00,HJSXPGV,34 m² Maison de vacances ∙ 1 chambre ∙ 4 personnes,Zinal - Ayer - Valais
29/03/2024,31/08/2024,07/09/2024,692.00,HJSXPGV,34 m² Maison de vacances ∙ 1 chambre ∙ 4 personnes,Zinal - Ayer - Valais
29/03/2024,07/09/2024,14/09/2024,692.00,HJSXPGV,34 m² Maison de vacances ∙ 1 chambre ∙ 4 personnes,Zinal - Ayer - Valais
29/03/2024,14/09/2024,21/09/2024,692.00,HJSXPGV,34 m² Maison de vacances ∙ 1 chambre ∙ 4 personnes,Zinal - Ayer - Valais
29/03/2024,21/09/2024,28/09/2024,692.00,HJSXPGV,34 m² Maison de vacances ∙ 1 chambre ∙ 4 personnes,Zinal - Ayer - Valais
29/03/2024,28/09/2024,05/10/2024,692.00,HJSXPGV,34 m² Maison de vacances ∙ 1 chambre ∙ 4 personnes,Zinal - Ayer - Valais
29/03/2024,05/10/2024,12/10/2024,974.00,HJSXPGV,34 m² Maison de vacances ∙ 1 chambre ∙ 4 personnes,Zinal - Ayer - Valais
29/03/2024,12/10/2024,19/10/2024,974.00,HJSXPGV,34 m² Maison de vacances ∙ 1 chambre ∙ 4 personnes,Zinal - Ayer - Valais
29/03/2024,19/10/2024,26/10/2024,692.00,HJSXPGV,34 m² Maison de vacances ∙ 1 chambre ∙ 4 personnes,Zinal - Ayer - Valais
29/03/2024,20/04/2024,27/04/2024,2169.00,HUDBMSA,150 m² Villa ∙ 4 chambres ∙ 10 personnes,Zinal - Ayer - Valais
29/03/2024,27/04/2024,04/05/2024,2169.00,HUDBMSA,150 m² Villa ∙ 4 chambres ∙ 10 personnes,Zinal - Ayer - Valais
29/03/2024,04/05/2024,11/05/2024,2169.00,HUDBMSA,150 m² Villa ∙ 4 chambres ∙ 10 personnes,Zinal - Ayer - Valais
29/03/2024,11/05/2024,18/05/2024,2169.00,HUDBMSA,150 m² Villa ∙ 4 chambres ∙ 10 personnes,Zinal - Ayer - Valais
29/03/2024,18/05/2024,25/05/2024,2169.00,HUDBMSA,150 m² Villa ∙ 4 chambres ∙ 10 personnes,Zinal - Ayer - Valais
29/03/2024,25/05/2024,01/06/2024,2169.00,HUDBMSA,150 m² Villa ∙ 4 chambres ∙ 10 personnes,Zinal - Ayer - Valais
29/03/2024,01/06/2024,08/06/2024,2169.00,HUDBMSA,150 m² Villa ∙ 4 chambres ∙ 10 personnes,Zinal - Ayer - Valais
29/03/2024,08/06/2024,15/06/2024,2169.00,HUDBMSA,150 m² Villa ∙ 4 chambres ∙ 10 personnes,Zinal - Ayer - Valais
29/03/2024,15/06/2024,22/06/2024,2169.00,HUDBMSA,150 m² Villa ∙ 4 chambres ∙ 10 personnes,Zinal - Ayer - Valais
29/03/2024,22/06/2024,29/06/2024,2169.00,HUDBMSA,150 m² Villa ∙ 4 chambres ∙ 10 personnes,Zinal - Ayer - Valais
29/03/2024,13/07/2024,20/07/2024,2501.00,HUDBMSA,150 m² Villa ∙ 4 chambres ∙ 10 personnes,Zinal - Ayer - Valais
29/03/2024,20/07/2024,27/07/2024,2751.00,HUDBMSA,150 m² Villa ∙ 4 chambres ∙ 10 personnes,Zinal - Ayer - Valais
29/03/2024,27/07/2024,03/08/2024,2751.00,HUDBMSA,150 m² Villa ∙ 4 chambres ∙ 10 personnes,Zinal - Ayer - Valais
29/03/2024,24/08/2024,31/08/2024,2169.00,HUDBMSA,150 m² Villa ∙ 4 chambres ∙ 10 personnes,Zinal - Ayer - Valais
29/03/2024,31/08/2024,07/09/2024,2169.00,HUDBMSA,150 m² Villa ∙ 4 chambres ∙ 10 personnes,Zinal - Ayer - Valais
29/03/2024,07/09/2024,14/09/2024,2169.00,HUDBMSA,150 m² Villa ∙ 4 chambres ∙ 10 personnes,Zinal - Ayer - Valais
29/03/2024,14/09/2024,21/09/2024,2169.00,HUDBMSA,150 m² Villa ∙ 4 chambres ∙ 10 personnes,Zinal - Ayer - Valais
29/03/2024,21/09/2024,28/09/2024,2169.00,HUDBMSA,150 m² Villa ∙ 4 chambres ∙ 10 personnes,Zinal - Ayer - Valais
29/03/2024,28/09/2024,05/10/2024,2169.00,HUDBMSA,150 m² Villa ∙ 4 chambres ∙ 10 personnes,Zinal - Ayer - Valais
29/03/2024,05/10/2024,12/10/2024,2169.00,HUDBMSA,150 m² Villa ∙ 4 chambres ∙ 10 personnes,Zinal - Ayer - Valais
29/03/2024,12/10/2024,19/10/2024,2169.00,HUDBMSA,150 m² Villa ∙ 4 chambres ∙ 10 personnes,Zinal - Ayer - Valais
29/03/2024,19/10/2024,26/10/2024,2169.00,HUDBMSA,150 m² Villa ∙ 4 chambres ∙ 10 personnes,Zinal - Ayer - Valais
29/03/2024,26/10/2024,02/11/2024,2169.00,HUDBMSA,150 m² Villa ∙ 4 chambres ∙ 10 personnes,Zinal - Ayer - Valais
29/03/2024,06/04/2024,13/04/2024,1260.00,H6UMWRH,54 m² Maison de vacances ∙ 1 chambre ∙ 6 personnes,Zinal - Ayer - Valais
29/03/2024,18/05/2024,25/05/2024,699.00,H6UMWRH,54 m² Maison de vacances ∙ 1 chambre ∙ 6 personnes,Zinal - Ayer - Valais
29/03/2024,25/05/2024,01/06/2024,699.00,H6UMWRH,54 m² Maison de vacances ∙ 1 chambre ∙ 6 personnes,Zinal - Ayer - Valais
29/03/2024,01/06/2024,08/06/2024,699.00,H6UMWRH,54 m² Maison de vacances ∙ 1 chambre ∙ 6 personnes,Zinal - Ayer - Valais
29/03/2024,08/06/2024,15/06/2024,699.00,H6UMWRH,54 m² Maison de vacances ∙ 1 chambre ∙ 6 personnes,Zinal - Ayer - Valais
29/03/2024,15/06/2024,22/06/2024,908.00,H6UMWRH,54 m² Maison de vacances ∙ 1 chambre ∙ 6 personnes,Zinal - Ayer - Valais
29/03/2024,22/06/2024,29/06/2024,908.00,H6UMWRH,54 m² Maison de vacances ∙ 1 chambre ∙ 6 personnes,Zinal - Ayer - Valais
29/03/2024,29/06/2024,06/07/2024,1143.00,H6UMWRH,54 m² Maison de vacances ∙ 1 chambre ∙ 6 personnes,Zinal - Ayer - Valais
29/03/2024,06/07/2024,13/07/2024,1731.00,H6UMWRH,54 m² Maison de vacances ∙ 1 chambre ∙ 6 personnes,Zinal - Ayer - Valais
29/03/2024,13/07/2024,20/07/2024,1922.00,H6UMWRH,54 m² Maison de vacances ∙ 1 chambre ∙ 6 personnes,Zinal - Ayer - Valais
29/03/2024,20/07/2024,27/07/2024,1922.00,H6UMWRH,54 m² Maison de vacances ∙ 1 chambre ∙ 6 personnes,Zinal - Ayer - Valais
29/03/2024,27/07/2024,03/08/2024,1731.00,H6UMWRH,54 m² Maison de vacances ∙ 1 chambre ∙ 6 personnes,Zinal - Ayer - Valais
29/03/2024,10/08/2024,17/08/2024,1415.00,H6UMWRH,54 m² Maison de vacances ∙ 1 chambre ∙ 6 personnes,Zinal - Ayer - Valais
29/03/2024,17/08/2024,24/08/2024,1124.00,H6UMWRH,54 m² Maison de vacances ∙ 1 chambre ∙ 6 personnes,Zinal - Ayer - Valais
29/03/2024,24/08/2024,31/08/2024,791.00,H6UMWRH,54 m² Maison de vacances ∙ 1 chambre ∙ 6 personnes,Zinal - Ayer - Valais
29/03/2024,31/08/2024,07/09/2024,791.00,H6UMWRH,54 m² Maison de vacances ∙ 1 chambre ∙ 6 personnes,Zinal - Ayer - Valais
29/03/2024,07/09/2024,14/09/2024,791.00,H6UMWRH,54 m² Maison de vacances ∙ 1 chambre ∙ 6 personnes,Zinal - Ayer - Valais
29/03/2024,14/09/2024,21/09/2024,791.00,H6UMWRH,54 m² Maison de vacances ∙ 1 chambre ∙ 6 personnes,Zinal - Ayer - Valais
29/03/2024,21/09/2024,28/09/2024,791.00,H6UMWRH,54 m² Maison de vacances ∙ 1 chambre ∙ 6 personnes,Zinal - Ayer - Valais
29/03/2024,28/09/2024,05/10/2024,791.00,H6UMWRH,54 m² Maison de vacances ∙ 1 chambre ∙ 6 personnes,Zinal - Ayer - Valais
29/03/2024,05/10/2024,12/10/2024,1124.00,H6UMWRH,54 m² Maison de vacances ∙ 1 chambre ∙ 6 personnes,Zinal - Ayer - Valais
29/03/2024,12/10/2024,19/10/2024,1124.00,H6UMWRH,54 m² Maison de vacances ∙ 1 chambre ∙ 6 personnes,Zinal - Ayer - Valais
29/03/2024,19/10/2024,26/10/2024,791.00,H6UMWRH,54 m² Maison de vacances ∙ 1 chambre ∙ 6 personnes,Zinal - Ayer - Valais
29/03/2024,06/04/2024,13/04/2024,1528.00,HNBD1US,52 m² Maison de vacances ∙ 2 chambres ∙ 6 personnes,Zinal - Ayer - Valais
29/03/2024,18/05/2024,25/05/2024,847.00,HNBD1US,52 m² Maison de vacances ∙ 2 chambres ∙ 6 personnes,Zinal - Ayer - Valais
29/03/2024,25/05/2024,01/06/2024,847.00,HNBD1US,52 m² Maison de vacances ∙ 2 chambres ∙ 6 personnes,Zinal - Ayer - Valais
29/03/2024,01/06/2024,08/06/2024,847.00,HNBD1US,52 m² Maison de vacances ∙ 2 chambres ∙ 6 personnes,Zinal - Ayer - Valais
29/03/2024,08/06/2024,15/06/2024,847.00,HNBD1US,52 m² Maison de vacances ∙ 2 chambres ∙ 6 personnes,Zinal - Ayer - Valais
29/03/2024,15/06/2024,22/06/2024,1109.00,HNBD1US,52 m² Maison de vacances ∙ 2 chambres ∙ 6 personnes,Zinal - Ayer - Valais
29/03/2024,22/06/2024,29/06/2024,1109.00,HNBD1US,52 m² Maison de vacances ∙ 2 chambres ∙ 6 personnes,Zinal - Ayer - Valais
29/03/2024,29/06/2024,06/07/2024,1385.00,HNBD1US,52 m² Maison de vacances ∙ 2 chambres ∙ 6 personnes,Zinal - Ayer - Valais
29/03/2024,06/07/2024,13/07/2024,2105.00,HNBD1US,52 m² Maison de vacances ∙ 2 chambres ∙ 6 personnes,Zinal - Ayer - Valais
29/03/2024,13/07/2024,20/07/2024,2330.00,HNBD1US,52 m² Maison de vacances ∙ 2 chambres ∙ 6 personnes,Zinal - Ayer - Valais
29/03/2024,20/07/2024,27/07/2024,2330.00,HNBD1US,52 m² Maison de vacances ∙ 2 chambres ∙ 6 personnes,Zinal - Ayer - Valais
29/03/2024,27/07/2024,03/08/2024,2105.00,HNBD1US,52 m² Maison de vacances ∙ 2 chambres ∙ 6 personnes,Zinal - Ayer - Valais
29/03/2024,10/08/2024,17/08/2024,1714.00,HNBD1US,52 m² Maison de vacances ∙ 2 chambres ∙ 6 personnes,Zinal - Ayer - Valais
29/03/2024,17/08/2024,24/08/2024,1374.00,HNBD1US,52 m² Maison de vacances ∙ 2 chambres ∙ 6 personnes,Zinal - Ayer - Valais
29/03/2024,24/08/2024,31/08/2024,966.00,HNBD1US,52 m² Maison de vacances ∙ 2 chambres ∙ 6 personnes,Zinal - Ayer - Valais
29/03/2024,31/08/2024,07/09/2024,966.00,HNBD1US,52 m² Maison de vacances ∙ 2 chambres ∙ 6 personnes,Zinal - Ayer - Valais
29/03/2024,07/09/2024,14/09/2024,966.00,HNBD1US,52 m² Maison de vacances ∙ 2 chambres ∙ 6 personnes,Zinal - Ayer - Valais
29/03/2024,14/09/2024,21/09/2024,966.00,HNBD1US,52 m² Maison de vacances ∙ 2 chambres ∙ 6 personnes,Zinal - Ayer - Valais
29/03/2024,21/09/2024,28/09/2024,966.00,HNBD1US,52 m² Maison de vacances ∙ 2 chambres ∙ 6 personnes,Zinal - Ayer - Valais
29/03/2024,28/09/2024,05/10/2024,966.00,HNBD1US,52 m² Maison de vacances ∙ 2 chambres ∙ 6 personnes,Zinal - Ayer - Valais
29/03/2024,05/10/2024,12/10/2024,1374.00,HNBD1US,52 m² Maison de vacances ∙ 2 chambres ∙ 6 personnes,Zinal - Ayer - Valais
29/03/2024,12/10/2024,19/10/2024,1374.00,HNBD1US,52 m² Maison de vacances ∙ 2 chambres ∙ 6 personnes,Zinal - Ayer - Valais
29/03/2024,19/10/2024,26/10/2024,966.00,HNBD1US,52 m² Maison de vacances ∙ 2 chambres ∙ 6 personnes,Zinal - Ayer - Valais
29/03/2024,06/04/2024,13/04/2024,1185.53,HUBDXHJ,60 m² Appartement ∙ 3 chambres ∙ 6 personnes,Grimentz - Valais
29/03/2024,13/04/2024,20/04/2024,1185.53,HUBDXHJ,60 m² Appartement ∙ 3 chambres ∙ 6 personnes,Grimentz - Valais
29/03/2024,20/04/2024,27/04/2024,1185.53,HUBDXHJ,60 m² Appartement ∙ 3 chambres ∙ 6 personnes,Grimentz - Valais
29/03/2024,27/04/2024,04/05/2024,1185.53,HUBDXHJ,60 m² Appartement ∙ 3 chambres ∙ 6 personnes,Grimentz - Valais
29/03/2024,04/05/2024,11/05/2024,1185.53,HUBDXHJ,60 m² Appartement ∙ 3 chambres ∙ 6 personnes,Grimentz - Valais
29/03/2024,11/05/2024,18/05/2024,1185.53,HUBDXHJ,60 m² Appartement ∙ 3 chambres ∙ 6 personnes,Grimentz - Valais
29/03/2024,18/05/2024,25/05/2024,1185.53,HUBDXHJ,60 m² Appartement ∙ 3 chambres ∙ 6 personnes,Grimentz - Valais
29/03/2024,25/05/2024,01/06/2024,1185.53,HUBDXHJ,60 m² Appartement ∙ 3 chambres ∙ 6 personnes,Grimentz - Valais
29/03/2024,01/06/2024,08/06/2024,1185.53,HUBDXHJ,60 m² Appartement ∙ 3 chambres ∙ 6 personnes,Grimentz - Valais
29/03/2024,08/06/2024,15/06/2024,1185.53,HUBDXHJ,60 m² Appartement ∙ 3 chambres ∙ 6 personnes,Grimentz - Valais
29/03/2024,15/06/2024,22/06/2024,1185.53,HUBDXHJ,60 m² Appartement ∙ 3 chambres ∙ 6 personnes,Grimentz - Valais
29/03/2024,22/06/2024,29/06/2024,1050.96,HUBDXHJ,60 m² Appartement ∙ 3 chambres ∙ 6 personnes,Grimentz - Valais
29/03/2024,29/06/2024,06/07/2024,895.83,HUBDXHJ,60 m² Appartement ∙ 3 chambres ∙ 6 personnes,Grimentz - Valais
29/03/2024,06/07/2024,13/07/2024,874.26,HUBDXHJ,60 m² Appartement ∙ 3 chambres ∙ 6 personnes,Grimentz - Valais
29/03/2024,13/07/2024,20/07/2024,874.26,HUBDXHJ,60 m² Appartement ∙ 3 chambres ∙ 6 personnes,Grimentz - Valais
29/03/2024,20/07/2024,27/07/2024,874.26,HUBDXHJ,60 m² Appartement ∙ 3 chambres ∙ 6 personnes,Grimentz - Valais
29/03/2024,27/07/2024,03/08/2024,874.26,HUBDXHJ,60 m² Appartement ∙ 3 chambres ∙ 6 personnes,Grimentz - Valais
29/03/2024,03/08/2024,10/08/2024,874.26,HUBDXHJ,60 m² Appartement ∙ 3 chambres ∙ 6 personnes,Grimentz - Valais
29/03/2024,10/08/2024,17/08/2024,874.26,HUBDXHJ,60 m² Appartement ∙ 3 chambres ∙ 6 personnes,Grimentz - Valais
29/03/2024,17/08/2024,24/08/2024,874.26,HUBDXHJ,60 m² Appartement ∙ 3 chambres ∙ 6 personnes,Grimentz - Valais
29/03/2024,24/08/2024,31/08/2024,874.26,HUBDXHJ,60 m² Appartement ∙ 3 chambres ∙ 6 personnes,Grimentz - Valais
29/03/2024,31/08/2024,07/09/2024,874.26,HUBDXHJ,60 m² Appartement ∙ 3 chambres ∙ 6 personnes,Grimentz - Valais
29/03/2024,07/09/2024,14/09/2024,874.26,HUBDXHJ,60 m² Appartement ∙ 3 chambres ∙ 6 personnes,Grimentz - Valais
29/03/2024,14/09/2024,21/09/2024,835.22,HUBDXHJ,60 m² Appartement ∙ 3 chambres ∙ 6 personnes,Grimentz - Valais
29/03/2024,21/09/2024,28/09/2024,948.23,HUBDXHJ,60 m² Appartement ∙ 3 chambres ∙ 6 personnes,Grimentz - Valais
29/03/2024,28/09/2024,05/10/2024,948.23,HUBDXHJ,60 m² Appartement ∙ 3 chambres ∙ 6 personnes,Grimentz - Valais
29/03/2024,05/10/2024,12/10/2024,948.23,HUBDXHJ,60 m² Appartement ∙ 3 chambres ∙ 6 personnes,Grimentz - Valais
29/03/2024,12/10/2024,19/10/2024,948.23,HUBDXHJ,60 m² Appartement ∙ 3 chambres ∙ 6 personnes,Grimentz - Valais
29/03/2024,19/10/2024,26/10/2024,948.23,HUBDXHJ,60 m² Appartement ∙ 3 chambres ∙ 6 personnes,Grimentz - Valais
29/03/2024,26/10/2024,02/11/2024,948.23,HUBDXHJ,60 m² Appartement ∙ 3 chambres ∙ 6 personnes,Grimentz - Valais
29/03/2024,06/04/2024,13/04/2024,1284,HWYX7N4,Maison de vacances ∙ 4 chambres ∙ 7 personnes,Ayer - Valais
29/03/2024,13/04/2024,20/04/2024,1284,HWYX7N4,Maison de vacances ∙ 4 chambres ∙ 7 personnes,Ayer - Valais
29/03/2024,20/04/2024,27/04/2024,1284,HWYX7N4,Maison de vacances ∙ 4 chambres ∙ 7 personnes,Ayer - Valais
29/03/2024,27/04/2024,04/05/2024,1140,HWYX7N4,Maison de vacances ∙ 4 chambres ∙ 7 personnes,Ayer - Valais
29/03/2024,04/05/2024,11/05/2024,1140,HWYX7N4,Maison de vacances ∙ 4 chambres ∙ 7 personnes,Ayer - Valais
29/03/2024,11/05/2024,18/05/2024,1140,HWYX7N4,Maison de vacances ∙ 4 chambres ∙ 7 personnes,Ayer - Valais
29/03/2024,18/05/2024,25/05/2024,1140,HWYX7N4,Maison de vacances ∙ 4 chambres ∙ 7 personnes,Ayer - Valais
29/03/2024,25/05/2024,01/06/2024,1140,HWYX7N4,Maison de vacances ∙ 4 chambres ∙ 7 personnes,Ayer - Valais
29/03/2024,01/06/2024,08/06/2024,1140,HWYX7N4,Maison de vacances ∙ 4 chambres ∙ 7 personnes,Ayer - Valais
29/03/2024,08/06/2024,15/06/2024,1140,HWYX7N4,Maison de vacances ∙ 4 chambres ∙ 7 personnes,Ayer - Valais
29/03/2024,29/06/2024,06/07/2024,1284,HWYX7N4,Maison de vacances ∙ 4 chambres ∙ 7 personnes,Ayer - Valais
29/03/2024,20/07/2024,27/07/2024,1284,HWYX7N4,Maison de vacances ∙ 4 chambres ∙ 7 personnes,Ayer - Valais
29/03/2024,27/07/2024,03/08/2024,1284,HWYX7N4,Maison de vacances ∙ 4 chambres ∙ 7 personnes,Ayer - Valais
29/03/2024,03/08/2024,10/08/2024,1284,HWYX7N4,Maison de vacances ∙ 4 chambres ∙ 7 personnes,Ayer - Valais
29/03/2024,10/08/2024,17/08/2024,1284,HWYX7N4,Maison de vacances ∙ 4 chambres ∙ 7 personnes,Ayer - Valais
29/03/2024,17/08/2024,24/08/2024,1284,HWYX7N4,Maison de vacances ∙ 4 chambres ∙ 7 personnes,Ayer - Valais
29/03/2024,24/08/2024,31/08/2024,1284,HWYX7N4,Maison de vacances ∙ 4 chambres ∙ 7 personnes,Ayer - Valais
29/03/2024,21/09/2024,28/09/2024,1284,HWYX7N4,Maison de vacances ∙ 4 chambres ∙ 7 personnes,Ayer - Valais
29/03/2024,28/09/2024,05/10/2024,1284,HWYX7N4,Maison de vacances ∙ 4 chambres ∙ 7 personnes,Ayer - Valais
29/03/2024,05/10/2024,12/10/2024,1284,HWYX7N4,Maison de vacances ∙ 4 chambres ∙ 7 personnes,Ayer - Valais
29/03/2024,12/10/2024,19/10/2024,1284,HWYX7N4,Maison de vacances ∙ 4 chambres ∙ 7 personnes,Ayer - Valais
29/03/2024,19/10/2024,26/10/2024,1284,HWYX7N4,Maison de vacances ∙ 4 chambres ∙ 7 personnes,Ayer - Valais
29/03/2024,26/10/2024,02/11/2024,1284,HWYX7N4,Maison de vacances ∙ 4 chambres ∙ 7 personnes,Ayer - Valais
29/03/2024,06/04/2024,13/04/2024,1318.00,H098YCP,100 m² Maison de vacances ∙ 3 chambres ∙ 6 personnes,Grimentz - Valais
29/03/2024,13/04/2024,20/04/2024,1318.00,H098YCP,100 m² Maison de vacances ∙ 3 chambres ∙ 6 personnes,Grimentz - Valais
29/03/2024,11/05/2024,18/05/2024,1318.00,H098YCP,100 m² Maison de vacances ∙ 3 chambres ∙ 6 personnes,Grimentz - Valais
29/03/2024,18/05/2024,25/05/2024,1318.00,H098YCP,100 m² Maison de vacances ∙ 3 chambres ∙ 6 personnes,Grimentz - Valais
29/03/2024,25/05/2024,01/06/2024,1318.00,H098YCP,100 m² Maison de vacances ∙ 3 chambres ∙ 6 personnes,Grimentz - Valais
29/03/2024,01/06/2024,08/06/2024,1318.00,H098YCP,100 m² Maison de vacances ∙ 3 chambres ∙ 6 personnes,Grimentz - Valais
29/03/2024,22/06/2024,29/06/2024,1318.00,H098YCP,100 m² Maison de vacances ∙ 3 chambres ∙ 6 personnes,Grimentz - Valais
29/03/2024,20/07/2024,27/07/2024,1608.00,H098YCP,100 m² Maison de vacances ∙ 3 chambres ∙ 6 personnes,Grimentz - Valais
29/03/2024,19/10/2024,26/10/2024,1318.00,H098YCP,100 m² Maison de vacances ∙ 3 chambres ∙ 6 personnes,Grimentz - Valais
29/03/2024,26/10/2024,02/11/2024,1318.00,H098YCP,100 m² Maison de vacances ∙ 3 chambres ∙ 6 personnes,Grimentz - Valais
29/03/2024,13/04/2024,20/04/2024,3596,H9EH13K,Maison de vacances ∙ 5 chambres ∙ 10 personnes,Grimentz - Valais
29/03/2024,20/04/2024,27/04/2024,3596,H9EH13K,Maison de vacances ∙ 5 chambres ∙ 10 personnes,Grimentz - Valais
29/03/2024,27/04/2024,04/05/2024,3596,H9EH13K,Maison de vacances ∙ 5 chambres ∙ 10 personnes,Grimentz - Valais
29/03/2024,04/05/2024,11/05/2024,3596,H9EH13K,Maison de vacances ∙ 5 chambres ∙ 10 personnes,Grimentz - Valais
29/03/2024,11/05/2024,18/05/2024,3596,H9EH13K,Maison de vacances ∙ 5 chambres ∙ 10 personnes,Grimentz - Valais
29/03/2024,18/05/2024,25/05/2024,3596,H9EH13K,Maison de vacances ∙ 5 chambres ∙ 10 personnes,Grimentz - Valais
29/03/2024,25/05/2024,01/06/2024,3596,H9EH13K,Maison de vacances ∙ 5 chambres ∙ 10 personnes,Grimentz - Valais
29/03/2024,01/06/2024,08/06/2024,3596,H9EH13K,Maison de vacances ∙ 5 chambres ∙ 10 personnes,Grimentz - Valais
29/03/2024,08/06/2024,15/06/2024,3596,H9EH13K,Maison de vacances ∙ 5 chambres ∙ 10 personnes,Grimentz - Valais
29/03/2024,15/06/2024,22/06/2024,3596,H9EH13K,Maison de vacances ∙ 5 chambres ∙ 10 personnes,Grimentz - Valais
29/03/2024,22/06/2024,29/06/2024,3596,H9EH13K,Maison de vacances ∙ 5 chambres ∙ 10 personnes,Grimentz - Valais
29/03/2024,29/06/2024,06/07/2024,3596,H9EH13K,Maison de vacances ∙ 5 chambres ∙ 10 personnes,Grimentz - Valais
29/03/2024,06/07/2024,13/07/2024,3596,H9EH13K,Maison de vacances ∙ 5 chambres ∙ 10 personnes,Grimentz - Valais
29/03/2024,13/07/2024,20/07/2024,3596,H9EH13K,Maison de vacances ∙ 5 chambres ∙ 10 personnes,Grimentz - Valais
29/03/2024,20/07/2024,27/07/2024,3596,H9EH13K,Maison de vacances ∙ 5 chambres ∙ 10 personnes,Grimentz - Valais
29/03/2024,27/07/2024,03/08/2024,3596,H9EH13K,Maison de vacances ∙ 5 chambres ∙ 10 personnes,Grimentz - Valais
29/03/2024,03/08/2024,10/08/2024,3596,H9EH13K,Maison de vacances ∙ 5 chambres ∙ 10 personnes,Grimentz - Valais
29/03/2024,10/08/2024,17/08/2024,3596,H9EH13K,Maison de vacances ∙ 5 chambres ∙ 10 personnes,Grimentz - Valais
29/03/2024,17/08/2024,24/08/2024,3596,H9EH13K,Maison de vacances ∙ 5 chambres ∙ 10 personnes,Grimentz - Valais
29/03/2024,24/08/2024,31/08/2024,3596,H9EH13K,Maison de vacances ∙ 5 chambres ∙ 10 personnes,Grimentz - Valais
29/03/2024,31/08/2024,07/09/2024,3596,H9EH13K,Maison de vacances ∙ 5 chambres ∙ 10 personnes,Grimentz - Valais
29/03/2024,07/09/2024,14/09/2024,3596,H9EH13K,Maison de vacances ∙ 5 chambres ∙ 10 personnes,Grimentz - Valais
29/03/2024,14/09/2024,21/09/2024,3596,H9EH13K,Maison de vacances ∙ 5 chambres ∙ 10 personnes,Grimentz - Valais
29/03/2024,21/09/2024,28/09/2024,3596,H9EH13K,Maison de vacances ∙ 5 chambres ∙ 10 personnes,Grimentz - Valais
29/03/2024,28/09/2024,05/10/2024,3596,H9EH13K,Maison de vacances ∙ 5 chambres ∙ 10 personnes,Grimentz - Valais
29/03/2024,05/10/2024,12/10/2024,3596,H9EH13K,Maison de vacances ∙ 5 chambres ∙ 10 personnes,Grimentz - Valais
29/03/2024,12/10/2024,19/10/2024,3596,H9EH13K,Maison de vacances ∙ 5 chambres ∙ 10 personnes,Grimentz - Valais
29/03/2024,19/10/2024,26/10/2024,3596,H9EH13K,Maison de vacances ∙ 5 chambres ∙ 10 personnes,Grimentz - Valais
29/03/2024,26/10/2024,02/11/2024,3596,H9EH13K,Maison de vacances ∙ 5 chambres ∙ 10 personnes,Grimentz - Valais
29/03/2024,06/04/2024,13/04/2024,1284,HWYX7N4,Maison de vacances ∙ 4 chambres ∙ 7 personnes,Ayer - Valais
29/03/2024,13/04/2024,20/04/2024,1284,HWYX7N4,Maison de vacances ∙ 4 chambres ∙ 7 personnes,Ayer - Valais
29/03/2024,20/04/2024,27/04/2024,1284,HWYX7N4,Maison de vacances ∙ 4 chambres ∙ 7 personnes,Ayer - Valais
29/03/2024,27/04/2024,04/05/2024,1140,HWYX7N4,Maison de vacances ∙ 4 chambres ∙ 7 personnes,Ayer - Valais
29/03/2024,04/05/2024,11/05/2024,1140,HWYX7N4,Maison de vacances ∙ 4 chambres ∙ 7 personnes,Ayer - Valais
29/03/2024,11/05/2024,18/05/2024,1140,HWYX7N4,Maison de vacances ∙ 4 chambres ∙ 7 personnes,Ayer - Valais
29/03/2024,18/05/2024,25/05/2024,1140,HWYX7N4,Maison de vacances ∙ 4 chambres ∙ 7 personnes,Ayer - Valais
29/03/2024,25/05/2024,01/06/2024,1140,HWYX7N4,Maison de vacances ∙ 4 chambres ∙ 7 personnes,Ayer - Valais
29/03/2024,01/06/2024,08/06/2024,1140,HWYX7N4,Maison de vacances ∙ 4 chambres ∙ 7 personnes,Ayer - Valais
29/03/2024,08/06/2024,15/06/2024,1140,HWYX7N4,Maison de vacances ∙ 4 chambres ∙ 7 personnes,Ayer - Valais
29/03/2024,29/06/2024,06/07/2024,1284,HWYX7N4,Maison de vacances ∙ 4 chambres ∙ 7 personnes,Ayer - Valais
29/03/2024,20/07/2024,27/07/2024,1284,HWYX7N4,Maison de vacances ∙ 4 chambres ∙ 7 personnes,Ayer - Valais
29/03/2024,27/07/2024,03/08/2024,1284,HWYX7N4,Maison de vacances ∙ 4 chambres ∙ 7 personnes,Ayer - Valais
29/03/2024,03/08/2024,10/08/2024,1284,HWYX7N4,Maison de vacances ∙ 4 chambres ∙ 7 personnes,Ayer - Valais
29/03/2024,10/08/2024,17/08/2024,1284,HWYX7N4,Maison de vacances ∙ 4 chambres ∙ 7 personnes,Ayer - Valais
29/03/2024,17/08/2024,24/08/2024,1284,HWYX7N4,Maison de vacances ∙ 4 chambres ∙ 7 personnes,Ayer - Valais
29/03/2024,24/08/2024,31/08/2024,1284,HWYX7N4,Maison de vacances ∙ 4 chambres ∙ 7 personnes,Ayer - Valais
29/03/2024,21/09/2024,28/09/2024,1284,HWYX7N4,Maison de vacances ∙ 4 chambres ∙ 7 personnes,Ayer - Valais
29/03/2024,28/09/2024,05/10/2024,1284,HWYX7N4,Maison de vacances ∙ 4 chambres ∙ 7 personnes,Ayer - Valais
29/03/2024,05/10/2024,12/10/2024,1284,HWYX7N4,Maison de vacances ∙ 4 chambres ∙ 7 personnes,Ayer - Valais
29/03/2024,12/10/2024,19/10/2024,1284,HWYX7N4,Maison de vacances ∙ 4 chambres ∙ 7 personnes,Ayer - Valais
29/03/2024,19/10/2024,26/10/2024,1284,HWYX7N4,Maison de vacances ∙ 4 chambres ∙ 7 personnes,Ayer - Valais
29/03/2024,26/10/2024,02/11/2024,1284,HWYX7N4,Maison de vacances ∙ 4 chambres ∙ 7 personnes,Ayer - Valais
29/03/2024,06/04/2024,13/04/2024,1318.00,H098YCP,100 m² Maison de vacances ∙ 3 chambres ∙ 6 personnes,Grimentz - Valais
29/03/2024,13/04/2024,20/04/2024,1318.00,H098YCP,100 m² Maison de vacances ∙ 3 chambres ∙ 6 personnes,Grimentz - Valais
29/03/2024,11/05/2024,18/05/2024,1318.00,H098YCP,100 m² Maison de vacances ∙ 3 chambres ∙ 6 personnes,Grimentz - Valais
29/03/2024,18/05/2024,25/05/2024,1318.00,H098YCP,100 m² Maison de vacances ∙ 3 chambres ∙ 6 personnes,Grimentz - Valais
29/03/2024,25/05/2024,01/06/2024,1318.00,H098YCP,100 m² Maison de vacances ∙ 3 chambres ∙ 6 personnes,Grimentz - Valais
29/03/2024,01/06/2024,08/06/2024,1318.00,H098YCP,100 m² Maison de vacances ∙ 3 chambres ∙ 6 personnes,Grimentz - Valais
29/03/2024,22/06/2024,29/06/2024,1318.00,H098YCP,100 m² Maison de vacances ∙ 3 chambres ∙ 6 personnes,Grimentz - Valais
29/03/2024,20/07/2024,27/07/2024,1608.00,H098YCP,100 m² Maison de vacances ∙ 3 chambres ∙ 6 personnes,Grimentz - Valais
29/03/2024,19/10/2024,26/10/2024,1318.00,H098YCP,100 m² Maison de vacances ∙ 3 chambres ∙ 6 personnes,Grimentz - Valais
29/03/2024,26/10/2024,02/11/2024,1318.00,H098YCP,100 m² Maison de vacances ∙ 3 chambres ∙ 6 personnes,Grimentz - Valais
29/03/2024,13/04/2024,20/04/2024,3596,H9EH13K,Maison de vacances ∙ 5 chambres ∙ 10 personnes,Grimentz - Valais
29/03/2024,20/04/2024,27/04/2024,3596,H9EH13K,Maison de vacances ∙ 5 chambres ∙ 10 personnes,Grimentz - Valais
29/03/2024,27/04/2024,04/05/2024,3596,H9EH13K,Maison de vacances ∙ 5 chambres ∙ 10 personnes,Grimentz - Valais
29/03/2024,04/05/2024,11/05/2024,3596,H9EH13K,Maison de vacances ∙ 5 chambres ∙ 10 personnes,Grimentz - Valais
29/03/2024,11/05/2024,18/05/2024,3596,H9EH13K,Maison de vacances ∙ 5 chambres ∙ 10 personnes,Grimentz - Valais
29/03/2024,18/05/2024,25/05/2024,3596,H9EH13K,Maison de vacances ∙ 5 chambres ∙ 10 personnes,Grimentz - Valais
29/03/2024,25/05/2024,01/06/2024,3596,H9EH13K,Maison de vacances ∙ 5 chambres ∙ 10 personnes,Grimentz - Valais
29/03/2024,01/06/2024,08/06/2024,3596,H9EH13K,Maison de vacances ∙ 5 chambres ∙ 10 personnes,Grimentz - Valais
29/03/2024,08/06/2024,15/06/2024,3596,H9EH13K,Maison de vacances ∙ 5 chambres ∙ 10 personnes,Grimentz - Valais
29/03/2024,15/06/2024,22/06/2024,3596,H9EH13K,Maison de vacances ∙ 5 chambres ∙ 10 personnes,Grimentz - Valais
29/03/2024,22/06/2024,29/06/2024,3596,H9EH13K,Maison de vacances ∙ 5 chambres ∙ 10 personnes,Grimentz - Valais
29/03/2024,29/06/2024,06/07/2024,3596,H9EH13K,Maison de vacances ∙ 5 chambres ∙ 10 personnes,Grimentz - Valais
29/03/2024,06/07/2024,13/07/2024,3596,H9EH13K,Maison de vacances ∙ 5 chambres ∙ 10 personnes,Grimentz - Valais
29/03/2024,13/07/2024,20/07/2024,3596,H9EH13K,Maison de vacances ∙ 5 chambres ∙ 10 personnes,Grimentz - Valais
29/03/2024,20/07/2024,27/07/2024,3596,H9EH13K,Maison de vacances ∙ 5 chambres ∙ 10 personnes,Grimentz - Valais
29/03/2024,27/07/2024,03/08/2024,3596,H9EH13K,Maison de vacances ∙ 5 chambres ∙ 10 personnes,Grimentz - Valais
29/03/2024,03/08/2024,10/08/2024,3596,H9EH13K,Maison de vacances ∙ 5 chambres ∙ 10 personnes,Grimentz - Valais
29/03/2024,10/08/2024,17/08/2024,3596,H9EH13K,Maison de vacances ∙ 5 chambres ∙ 10 personnes,Grimentz - Valais
29/03/2024,17/08/2024,24/08/2024,3596,H9EH13K,Maison de vacances ∙ 5 chambres ∙ 10 personnes,Grimentz - Valais
29/03/2024,24/08/2024,31/08/2024,3596,H9EH13K,Maison de vacances ∙ 5 chambres ∙ 10 personnes,Grimentz - Valais
29/03/2024,31/08/2024,07/09/2024,3596,H9EH13K,Maison de vacances ∙ 5 chambres ∙ 10 personnes,Grimentz - Valais
29/03/2024,07/09/2024,14/09/2024,3596,H9EH13K,Maison de vacances ∙ 5 chambres ∙ 10 personnes,Grimentz - Valais
29/03/2024,14/09/2024,21/09/2024,3596,H9EH13K,Maison de vacances ∙ 5 chambres ∙ 10 personnes,Grimentz - Valais
29/03/2024,21/09/2024,28/09/2024,3596,H9EH13K,Maison de vacances ∙ 5 chambres ∙ 10 personnes,Grimentz - Valais
29/03/2024,28/09/2024,05/10/2024,3596,H9EH13K,Maison de vacances ∙ 5 chambres ∙ 10 personnes,Grimentz - Valais
29/03/2024,05/10/2024,12/10/2024,3596,H9EH13K,Maison de vacances ∙ 5 chambres ∙ 10 personnes,Grimentz - Valais
29/03/2024,12/10/2024,19/10/2024,3596,H9EH13K,Maison de vacances ∙ 5 chambres ∙ 10 personnes,Grimentz - Valais
29/03/2024,19/10/2024,26/10/2024,3596,H9EH13K,Maison de vacances ∙ 5 chambres ∙ 10 personnes,Grimentz - Valais
29/03/2024,26/10/2024,02/11/2024,3596,H9EH13K,Maison de vacances ∙ 5 chambres ∙ 10 personnes,Grimentz - Valais
29/03/2024,06/04/2024,13/04/2024,1112.59,HUBDXHJ,60 m² Appartement ∙ 3 chambres ∙ 6 personnes,Grimentz - Valais
29/03/2024,13/04/2024,20/04/2024,1112.59,HUBDXHJ,60 m² Appartement ∙ 3 chambres ∙ 6 personnes,Grimentz - Valais
29/03/2024,20/04/2024,27/04/2024,1112.59,HUBDXHJ,60 m² Appartement ∙ 3 chambres ∙ 6 personnes,Grimentz - Valais
29/03/2024,27/04/2024,04/05/2024,1112.59,HUBDXHJ,60 m² Appartement ∙ 3 chambres ∙ 6 personnes,Grimentz - Valais
29/03/2024,04/05/2024,11/05/2024,1112.59,HUBDXHJ,60 m² Appartement ∙ 3 chambres ∙ 6 personnes,Grimentz - Valais
29/03/2024,11/05/2024,18/05/2024,1112.59,HUBDXHJ,60 m² Appartement ∙ 3 chambres ∙ 6 personnes,Grimentz - Valais
29/03/2024,18/05/2024,25/05/2024,1112.59,HUBDXHJ,60 m² Appartement ∙ 3 chambres ∙ 6 personnes,Grimentz - Valais
29/03/2024,25/05/2024,01/06/2024,1112.59,HUBDXHJ,60 m² Appartement ∙ 3 chambres ∙ 6 personnes,Grimentz - Valais
29/03/2024,01/06/2024,08/06/2024,1112.59,HUBDXHJ,60 m² Appartement ∙ 3 chambres ∙ 6 personnes,Grimentz - Valais
29/03/2024,08/06/2024,15/06/2024,1112.59,HUBDXHJ,60 m² Appartement ∙ 3 chambres ∙ 6 personnes,Grimentz - Valais
29/03/2024,15/06/2024,22/06/2024,1112.59,HUBDXHJ,60 m² Appartement ∙ 3 chambres ∙ 6 personnes,Grimentz - Valais
29/03/2024,22/06/2024,29/06/2024,985.21,HUBDXHJ,60 m² Appartement ∙ 3 chambres ∙ 6 personnes,Grimentz - Valais
29/03/2024,29/06/2024,06/07/2024,837.27,HUBDXHJ,60 m² Appartement ∙ 3 chambres ∙ 6 personnes,Grimentz - Valais
29/03/2024,06/07/2024,13/07/2024,815.70,HUBDXHJ,60 m² Appartement ∙ 3 chambres ∙ 6 personnes,Grimentz - Valais
29/03/2024,13/07/2024,20/07/2024,815.70,HUBDXHJ,60 m² Appartement ∙ 3 chambres ∙ 6 personnes,Grimentz - Valais
29/03/2024,20/07/2024,27/07/2024,815.70,HUBDXHJ,60 m² Appartement ∙ 3 chambres ∙ 6 personnes,Grimentz - Valais
29/03/2024,27/07/2024,03/08/2024,815.70,HUBDXHJ,60 m² Appartement ∙ 3 chambres ∙ 6 personnes,Grimentz - Valais
29/03/2024,03/08/2024,10/08/2024,815.70,HUBDXHJ,60 m² Appartement ∙ 3 chambres ∙ 6 personnes,Grimentz - Valais
29/03/2024,10/08/2024,17/08/2024,815.70,HUBDXHJ,60 m² Appartement ∙ 3 chambres ∙ 6 personnes,Grimentz - Valais
29/03/2024,17/08/2024,24/08/2024,815.70,HUBDXHJ,60 m² Appartement ∙ 3 chambres ∙ 6 personnes,Grimentz - Valais
29/03/2024,24/08/2024,31/08/2024,815.70,HUBDXHJ,60 m² Appartement ∙ 3 chambres ∙ 6 personnes,Grimentz - Valais
29/03/2024,31/08/2024,07/09/2024,815.70,HUBDXHJ,60 m² Appartement ∙ 3 chambres ∙ 6 personnes,Grimentz - Valais
29/03/2024,07/09/2024,14/09/2024,815.70,HUBDXHJ,60 m² Appartement ∙ 3 chambres ∙ 6 personnes,Grimentz - Valais
29/03/2024,14/09/2024,21/09/2024,879.39,HUBDXHJ,60 m² Appartement ∙ 3 chambres ∙ 6 personnes,Grimentz - Valais
29/03/2024,21/09/2024,28/09/2024,889.67,HUBDXHJ,60 m² Appartement ∙ 3 chambres ∙ 6 personnes,Grimentz - Valais
29/03/2024,28/09/2024,05/10/2024,889.67,HUBDXHJ,60 m² Appartement ∙ 3 chambres ∙ 6 personnes,Grimentz - Valais
29/03/2024,05/10/2024,12/10/2024,889.67,HUBDXHJ,60 m² Appartement ∙ 3 chambres ∙ 6 personnes,Grimentz - Valais
29/03/2024,12/10/2024,19/10/2024,889.67,HUBDXHJ,60 m² Appartement ∙ 3 chambres ∙ 6 personnes,Grimentz - Valais
29/03/2024,19/10/2024,26/10/2024,889.67,HUBDXHJ,60 m² Appartement ∙ 3 chambres ∙ 6 personnes,Grimentz - Valais
29/03/2024,26/10/2024,02/11/2024,889.67,HUBDXHJ,60 m² Appartement ∙ 3 chambres ∙ 6 personnes,Grimentz - Valais
29/03/2024,04/05/2024,11/05/2024,1477.24,HPZW5VL,90 m² Maison de vacances ∙ 3 chambres ∙ 8 personnes,Evolène - Valais
29/03/2024,11/05/2024,18/05/2024,1477.24,HPZW5VL,90 m² Maison de vacances ∙ 3 chambres ∙ 8 personnes,Evolène - Valais
29/03/2024,06/04/2024,13/04/2024,1550.23,HNRH8DZ,125 m² Maison de vacances ∙ 3 chambres ∙ 6 personnes,Saint-Luc - Valais
29/03/2024,13/04/2024,20/04/2024,1550.23,HNRH8DZ,125 m² Maison de vacances ∙ 3 chambres ∙ 6 personnes,Saint-Luc - Valais
29/03/2024,04/05/2024,11/05/2024,1116.70,HNRH8DZ,125 m² Maison de vacances ∙ 3 chambres ∙ 6 personnes,Saint-Luc - Valais
29/03/2024,11/05/2024,18/05/2024,1116.70,HNRH8DZ,125 m² Maison de vacances ∙ 3 chambres ∙ 6 personnes,Saint-Luc - Valais
29/03/2024,18/05/2024,25/05/2024,1116.70,HNRH8DZ,125 m² Maison de vacances ∙ 3 chambres ∙ 6 personnes,Saint-Luc - Valais
29/03/2024,25/05/2024,01/06/2024,1116.70,HNRH8DZ,125 m² Maison de vacances ∙ 3 chambres ∙ 6 personnes,Saint-Luc - Valais
29/03/2024,01/06/2024,08/06/2024,1116.70,HNRH8DZ,125 m² Maison de vacances ∙ 3 chambres ∙ 6 personnes,Saint-Luc - Valais
29/03/2024,08/06/2024,15/06/2024,1116.70,HNRH8DZ,125 m² Maison de vacances ∙ 3 chambres ∙ 6 personnes,Saint-Luc - Valais
29/03/2024,15/06/2024,22/06/2024,1116.70,HNRH8DZ,125 m² Maison de vacances ∙ 3 chambres ∙ 6 personnes,Saint-Luc - Valais
29/03/2024,22/06/2024,29/06/2024,1116.70,HNRH8DZ,125 m² Maison de vacances ∙ 3 chambres ∙ 6 personnes,Saint-Luc - Valais
29/03/2024,03/08/2024,10/08/2024,1550.23,HNRH8DZ,125 m² Maison de vacances ∙ 3 chambres ∙ 6 personnes,Saint-Luc - Valais
29/03/2024,10/08/2024,17/08/2024,1550.23,HNRH8DZ,125 m² Maison de vacances ∙ 3 chambres ∙ 6 personnes,Saint-Luc - Valais
29/03/2024,17/08/2024,24/08/2024,1550.23,HNRH8DZ,125 m² Maison de vacances ∙ 3 chambres ∙ 6 personnes,Saint-Luc - Valais
29/03/2024,24/08/2024,31/08/2024,1550.23,HNRH8DZ,125 m² Maison de vacances ∙ 3 chambres ∙ 6 personnes,Saint-Luc - Valais
29/03/2024,31/08/2024,07/09/2024,1550.23,HNRH8DZ,125 m² Maison de vacances ∙ 3 chambres ∙ 6 personnes,Saint-Luc - Valais
29/03/2024,07/09/2024,14/09/2024,1550.23,HNRH8DZ,125 m² Maison de vacances ∙ 3 chambres ∙ 6 personnes,Saint-Luc - Valais
29/03/2024,14/09/2024,21/09/2024,1550.23,HNRH8DZ,125 m² Maison de vacances ∙ 3 chambres ∙ 6 personnes,Saint-Luc - Valais
29/03/2024,21/09/2024,28/09/2024,1550.23,HNRH8DZ,125 m² Maison de vacances ∙ 3 chambres ∙ 6 personnes,Saint-Luc - Valais
29/03/2024,28/09/2024,05/10/2024,1116.70,HNRH8DZ,125 m² Maison de vacances ∙ 3 chambres ∙ 6 personnes,Saint-Luc - Valais
29/03/2024,05/10/2024,12/10/2024,1116.70,HNRH8DZ,125 m² Maison de vacances ∙ 3 chambres ∙ 6 personnes,Saint-Luc - Valais
29/03/2024,12/10/2024,19/10/2024,1116.70,HNRH8DZ,125 m² Maison de vacances ∙ 3 chambres ∙ 6 personnes,Saint-Luc - Valais
29/03/2024,19/10/2024,26/10/2024,1116.70,HNRH8DZ,125 m² Maison de vacances ∙ 3 chambres ∙ 6 personnes,Saint-Luc - Valais
29/03/2024,26/10/2024,02/11/2024,1116.70,HNRH8DZ,125 m² Maison de vacances ∙ 3 chambres ∙ 6 personnes,Saint-Luc - Valais
29/03/2024,13/04/2024,20/04/2024,868.09,HRKZ0B1,40 m² Appartement ∙ 1 chambre ∙ 4 personnes,Grimentz - Valais
29/03/2024,20/04/2024,27/04/2024,868.09,HRKZ0B1,40 m² Appartement ∙ 1 chambre ∙ 4 personnes,Grimentz - Valais
29/03/2024,27/04/2024,04/05/2024,868.09,HRKZ0B1,40 m² Appartement ∙ 1 chambre ∙ 4 personnes,Grimentz - Valais
29/03/2024,04/05/2024,11/05/2024,868.09,HRKZ0B1,40 m² Appartement ∙ 1 chambre ∙ 4 personnes,Grimentz - Valais
29/03/2024,11/05/2024,18/05/2024,868.09,HRKZ0B1,40 m² Appartement ∙ 1 chambre ∙ 4 personnes,Grimentz - Valais
29/03/2024,18/05/2024,25/05/2024,868.09,HRKZ0B1,40 m² Appartement ∙ 1 chambre ∙ 4 personnes,Grimentz - Valais
29/03/2024,25/05/2024,01/06/2024,868.09,HRKZ0B1,40 m² Appartement ∙ 1 chambre ∙ 4 personnes,Grimentz - Valais
29/03/2024,01/06/2024,08/06/2024,868.09,HRKZ0B1,40 m² Appartement ∙ 1 chambre ∙ 4 personnes,Grimentz - Valais
29/03/2024,08/06/2024,15/06/2024,868.09,HRKZ0B1,40 m² Appartement ∙ 1 chambre ∙ 4 personnes,Grimentz - Valais
29/03/2024,15/06/2024,22/06/2024,868.09,HRKZ0B1,40 m² Appartement ∙ 1 chambre ∙ 4 personnes,Grimentz - Valais
29/03/2024,22/06/2024,29/06/2024,868.09,HRKZ0B1,40 m² Appartement ∙ 1 chambre ∙ 4 personnes,Grimentz - Valais
29/03/2024,29/06/2024,06/07/2024,868.09,HRKZ0B1,40 m² Appartement ∙ 1 chambre ∙ 4 personnes,Grimentz - Valais
29/03/2024,06/07/2024,13/07/2024,868.09,HRKZ0B1,40 m² Appartement ∙ 1 chambre ∙ 4 personnes,Grimentz - Valais
29/03/2024,27/07/2024,03/08/2024,978.01,HRKZ0B1,40 m² Appartement ∙ 1 chambre ∙ 4 personnes,Grimentz - Valais
29/03/2024,10/08/2024,17/08/2024,978.01,HRKZ0B1,40 m² Appartement ∙ 1 chambre ∙ 4 personnes,Grimentz - Valais
29/03/2024,17/08/2024,24/08/2024,868.09,HRKZ0B1,40 m² Appartement ∙ 1 chambre ∙ 4 personnes,Grimentz - Valais
29/03/2024,24/08/2024,31/08/2024,868.09,HRKZ0B1,40 m² Appartement ∙ 1 chambre ∙ 4 personnes,Grimentz - Valais
29/03/2024,31/08/2024,07/09/2024,868.09,HRKZ0B1,40 m² Appartement ∙ 1 chambre ∙ 4 personnes,Grimentz - Valais
29/03/2024,07/09/2024,14/09/2024,868.09,HRKZ0B1,40 m² Appartement ∙ 1 chambre ∙ 4 personnes,Grimentz - Valais
29/03/2024,14/09/2024,21/09/2024,868.09,HRKZ0B1,40 m² Appartement ∙ 1 chambre ∙ 4 personnes,Grimentz - Valais
29/03/2024,21/09/2024,28/09/2024,868.09,HRKZ0B1,40 m² Appartement ∙ 1 chambre ∙ 4 personnes,Grimentz - Valais
29/03/2024,28/09/2024,05/10/2024,868.09,HRKZ0B1,40 m² Appartement ∙ 1 chambre ∙ 4 personnes,Grimentz - Valais
29/03/2024,05/10/2024,12/10/2024,868.09,HRKZ0B1,40 m² Appartement ∙ 1 chambre ∙ 4 personnes,Grimentz - Valais
29/03/2024,12/10/2024,19/10/2024,868.09,HRKZ0B1,40 m² Appartement ∙ 1 chambre ∙ 4 personnes,Grimentz - Valais
29/03/2024,19/10/2024,26/10/2024,868.09,HRKZ0B1,40 m² Appartement ∙ 1 chambre ∙ 4 personnes,Grimentz - Valais
29/03/2024,26/10/2024,02/11/2024,868.09,HRKZ0B1,40 m² Appartement ∙ 1 chambre ∙ 4 personnes,Grimentz - Valais
29/03/2024,13/04/2024,20/04/2024,2110.13,HK1XFSW,65 m² Maison de vacances ∙ 2 chambres ∙ 5 personnes,Grimentz - Valais
29/03/2024,20/04/2024,27/04/2024,2110.13,HK1XFSW,65 m² Maison de vacances ∙ 2 chambres ∙ 5 personnes,Grimentz - Valais
29/03/2024,27/04/2024,04/05/2024,2110.13,HK1XFSW,65 m² Maison de vacances ∙ 2 chambres ∙ 5 personnes,Grimentz - Valais
29/03/2024,04/05/2024,11/05/2024,2110.13,HK1XFSW,65 m² Maison de vacances ∙ 2 chambres ∙ 5 personnes,Grimentz - Valais
29/03/2024,11/05/2024,18/05/2024,2110.13,HK1XFSW,65 m² Maison de vacances ∙ 2 chambres ∙ 5 personnes,Grimentz - Valais
29/03/2024,18/05/2024,25/05/2024,2110.13,HK1XFSW,65 m² Maison de vacances ∙ 2 chambres ∙ 5 personnes,Grimentz - Valais
29/03/2024,25/05/2024,01/06/2024,1981.71,HK1XFSW,65 m² Maison de vacances ∙ 2 chambres ∙ 5 personnes,Grimentz - Valais
29/03/2024,31/08/2024,07/09/2024,1981.71,HK1XFSW,65 m² Maison de vacances ∙ 2 chambres ∙ 5 personnes,Grimentz - Valais
29/03/2024,07/09/2024,14/09/2024,1981.71,HK1XFSW,65 m² Maison de vacances ∙ 2 chambres ∙ 5 personnes,Grimentz - Valais
29/03/2024,14/09/2024,21/09/2024,1981.71,HK1XFSW,65 m² Maison de vacances ∙ 2 chambres ∙ 5 personnes,Grimentz - Valais
29/03/2024,21/09/2024,28/09/2024,1981.71,HK1XFSW,65 m² Maison de vacances ∙ 2 chambres ∙ 5 personnes,Grimentz - Valais
29/03/2024,28/09/2024,05/10/2024,2043.35,HK1XFSW,65 m² Maison de vacances ∙ 2 chambres ∙ 5 personnes,Grimentz - Valais
29/03/2024,05/10/2024,12/10/2024,2053.62,HK1XFSW,65 m² Maison de vacances ∙ 2 chambres ∙ 5 personnes,Grimentz - Valais
29/03/2024,12/10/2024,19/10/2024,2053.62,HK1XFSW,65 m² Maison de vacances ∙ 2 chambres ∙ 5 personnes,Grimentz - Valais
29/03/2024,19/10/2024,26/10/2024,2053.62,HK1XFSW,65 m² Maison de vacances ∙ 2 chambres ∙ 5 personnes,Grimentz - Valais
29/03/2024,26/10/2024,02/11/2024,2053.62,HK1XFSW,65 m² Maison de vacances ∙ 2 chambres ∙ 5 personnes,Grimentz - Valais
29/03/2024,06/07/2024,13/07/2024,1930.34,HLT4XN9,75 m² Maison de vacances ∙ 1 chambre ∙ 4 personnes,Evolène - Valais
29/03/2024,13/07/2024,20/07/2024,1930.34,HLT4XN9,75 m² Maison de vacances ∙ 1 chambre ∙ 4 personnes,Evolène - Valais
29/03/2024,20/07/2024,27/07/2024,1930.34,HLT4XN9,75 m² Maison de vacances ∙ 1 chambre ∙ 4 personnes,Evolène - Valais
29/03/2024,07/09/2024,14/09/2024,1750.56,HLT4XN9,75 m² Maison de vacances ∙ 1 chambre ∙ 4 personnes,Evolène - Valais
29/03/2024,21/09/2024,28/09/2024,1750.56,HLT4XN9,75 m² Maison de vacances ∙ 1 chambre ∙ 4 personnes,Evolène - Valais
29/03/2024,28/09/2024,05/10/2024,1750.56,HLT4XN9,75 m² Maison de vacances ∙ 1 chambre ∙ 4 personnes,Evolène - Valais
29/03/2024,26/10/2024,02/11/2024,1750.56,HLT4XN9,75 m² Maison de vacances ∙ 1 chambre ∙ 4 personnes,Evolène - Valais
29/03/2024,11/05/2024,18/05/2024,1370.45,HHDFCVZ,180 m² Maison de vacances ∙ 3 chambres ∙ 8 personnes,Grimentz - Valais
29/03/2024,18/05/2024,25/05/2024,1370.45,HHDFCVZ,180 m² Maison de vacances ∙ 3 chambres ∙ 8 personnes,Grimentz - Valais
29/03/2024,25/05/2024,01/06/2024,1370.45,HHDFCVZ,180 m² Maison de vacances ∙ 3 chambres ∙ 8 personnes,Grimentz - Valais
29/03/2024,01/06/2024,08/06/2024,1370.45,HHDFCVZ,180 m² Maison de vacances ∙ 3 chambres ∙ 8 personnes,Grimentz - Valais
29/03/2024,08/06/2024,15/06/2024,1370.45,HHDFCVZ,180 m² Maison de vacances ∙ 3 chambres ∙ 8 personnes,Grimentz - Valais
29/03/2024,15/06/2024,22/06/2024,1370.45,HHDFCVZ,180 m² Maison de vacances ∙ 3 chambres ∙ 8 personnes,Grimentz - Valais
29/03/2024,22/06/2024,29/06/2024,1370.45,HHDFCVZ,180 m² Maison de vacances ∙ 3 chambres ∙ 8 personnes,Grimentz - Valais
29/03/2024,29/06/2024,06/07/2024,1370.45,HHDFCVZ,180 m² Maison de vacances ∙ 3 chambres ∙ 8 personnes,Grimentz - Valais
29/03/2024,06/07/2024,13/07/2024,1370.45,HHDFCVZ,180 m² Maison de vacances ∙ 3 chambres ∙ 8 personnes,Grimentz - Valais
29/03/2024,13/07/2024,20/07/2024,1819.39,HHDFCVZ,180 m² Maison de vacances ∙ 3 chambres ∙ 8 personnes,Grimentz - Valais
29/03/2024,20/07/2024,27/07/2024,2252.92,HHDFCVZ,180 m² Maison de vacances ∙ 3 chambres ∙ 8 personnes,Grimentz - Valais
29/03/2024,27/07/2024,03/08/2024,2252.92,HHDFCVZ,180 m² Maison de vacances ∙ 3 chambres ∙ 8 personnes,Grimentz - Valais
29/03/2024,17/08/2024,24/08/2024,1370.45,HHDFCVZ,180 m² Maison de vacances ∙ 3 chambres ∙ 8 personnes,Grimentz - Valais
29/03/2024,31/08/2024,07/09/2024,1370.45,HHDFCVZ,180 m² Maison de vacances ∙ 3 chambres ∙ 8 personnes,Grimentz - Valais
29/03/2024,07/09/2024,14/09/2024,1370.45,HHDFCVZ,180 m² Maison de vacances ∙ 3 chambres ∙ 8 personnes,Grimentz - Valais
29/03/2024,14/09/2024,21/09/2024,1370.45,HHDFCVZ,180 m² Maison de vacances ∙ 3 chambres ∙ 8 personnes,Grimentz - Valais
29/03/2024,21/09/2024,28/09/2024,1370.45,HHDFCVZ,180 m² Maison de vacances ∙ 3 chambres ∙ 8 personnes,Grimentz - Valais
29/03/2024,28/09/2024,05/10/2024,1370.45,HHDFCVZ,180 m² Maison de vacances ∙ 3 chambres ∙ 8 personnes,Grimentz - Valais
29/03/2024,05/10/2024,12/10/2024,1370.45,HHDFCVZ,180 m² Maison de vacances ∙ 3 chambres ∙ 8 personnes,Grimentz - Valais
29/03/2024,12/10/2024,19/10/2024,1370.45,HHDFCVZ,180 m² Maison de vacances ∙ 3 chambres ∙ 8 personnes,Grimentz - Valais
29/03/2024,19/10/2024,26/10/2024,1370.45,HHDFCVZ,180 m² Maison de vacances ∙ 3 chambres ∙ 8 personnes,Grimentz - Valais
29/03/2024,26/10/2024,02/11/2024,1370.45,HHDFCVZ,180 m² Maison de vacances ∙ 3 chambres ∙ 8 personnes,Grimentz - Valais
29/03/2024,13/04/2024,20/04/2024,967.00,HSKJ3A6,40 m² Maison de vacances ∙ 1 chambre ∙ 4 personnes,Grimentz - Valais
29/03/2024,20/04/2024,27/04/2024,967.00,HSKJ3A6,40 m² Maison de vacances ∙ 1 chambre ∙ 4 personnes,Grimentz - Valais
29/03/2024,27/04/2024,04/05/2024,967.00,HSKJ3A6,40 m² Maison de vacances ∙ 1 chambre ∙ 4 personnes,Grimentz - Valais
29/03/2024,04/05/2024,11/05/2024,967.00,HSKJ3A6,40 m² Maison de vacances ∙ 1 chambre ∙ 4 personnes,Grimentz - Valais
29/03/2024,11/05/2024,18/05/2024,967.00,HSKJ3A6,40 m² Maison de vacances ∙ 1 chambre ∙ 4 personnes,Grimentz - Valais
29/03/2024,18/05/2024,25/05/2024,967.00,HSKJ3A6,40 m² Maison de vacances ∙ 1 chambre ∙ 4 personnes,Grimentz - Valais
29/03/2024,25/05/2024,01/06/2024,967.00,HSKJ3A6,40 m² Maison de vacances ∙ 1 chambre ∙ 4 personnes,Grimentz - Valais
29/03/2024,01/06/2024,08/06/2024,967.00,HSKJ3A6,40 m² Maison de vacances ∙ 1 chambre ∙ 4 personnes,Grimentz - Valais
29/03/2024,08/06/2024,15/06/2024,967.00,HSKJ3A6,40 m² Maison de vacances ∙ 1 chambre ∙ 4 personnes,Grimentz - Valais
29/03/2024,15/06/2024,22/06/2024,967.00,HSKJ3A6,40 m² Maison de vacances ∙ 1 chambre ∙ 4 personnes,Grimentz - Valais
29/03/2024,22/06/2024,29/06/2024,967.00,HSKJ3A6,40 m² Maison de vacances ∙ 1 chambre ∙ 4 personnes,Grimentz - Valais
29/03/2024,29/06/2024,06/07/2024,967.00,HSKJ3A6,40 m² Maison de vacances ∙ 1 chambre ∙ 4 personnes,Grimentz - Valais
29/03/2024,06/07/2024,13/07/2024,967.00,HSKJ3A6,40 m² Maison de vacances ∙ 1 chambre ∙ 4 personnes,Grimentz - Valais
29/03/2024,27/07/2024,03/08/2024,1088.00,HSKJ3A6,40 m² Maison de vacances ∙ 1 chambre ∙ 4 personnes,Grimentz - Valais
29/03/2024,10/08/2024,17/08/2024,1088.00,HSKJ3A6,40 m² Maison de vacances ∙ 1 chambre ∙ 4 personnes,Grimentz - Valais
29/03/2024,17/08/2024,24/08/2024,967.00,HSKJ3A6,40 m² Maison de vacances ∙ 1 chambre ∙ 4 personnes,Grimentz - Valais
29/03/2024,24/08/2024,31/08/2024,967.00,HSKJ3A6,40 m² Maison de vacances ∙ 1 chambre ∙ 4 personnes,Grimentz - Valais
29/03/2024,31/08/2024,07/09/2024,967.00,HSKJ3A6,40 m² Maison de vacances ∙ 1 chambre ∙ 4 personnes,Grimentz - Valais
29/03/2024,07/09/2024,14/09/2024,967.00,HSKJ3A6,40 m² Maison de vacances ∙ 1 chambre ∙ 4 personnes,Grimentz - Valais
29/03/2024,14/09/2024,21/09/2024,967.00,HSKJ3A6,40 m² Maison de vacances ∙ 1 chambre ∙ 4 personnes,Grimentz - Valais
29/03/2024,21/09/2024,28/09/2024,967.00,HSKJ3A6,40 m² Maison de vacances ∙ 1 chambre ∙ 4 personnes,Grimentz - Valais
29/03/2024,28/09/2024,05/10/2024,967.00,HSKJ3A6,40 m² Maison de vacances ∙ 1 chambre ∙ 4 personnes,Grimentz - Valais
29/03/2024,05/10/2024,12/10/2024,967.00,HSKJ3A6,40 m² Maison de vacances ∙ 1 chambre ∙ 4 personnes,Grimentz - Valais
29/03/2024,12/10/2024,19/10/2024,967.00,HSKJ3A6,40 m² Maison de vacances ∙ 1 chambre ∙ 4 personnes,Grimentz - Valais
29/03/2024,19/10/2024,26/10/2024,967.00,HSKJ3A6,40 m² Maison de vacances ∙ 1 chambre ∙ 4 personnes,Grimentz - Valais
29/03/2024,26/10/2024,02/11/2024,967.00,HSKJ3A6,40 m² Maison de vacances ∙ 1 chambre ∙ 4 personnes,Grimentz - Valais
29/03/2024,06/04/2024,13/04/2024,2191.23,HF3GKWL,47 m² Appartement ∙ 1 chambre ∙ 2 personnes,Grimentz - Valais
29/03/2024,13/04/2024,20/04/2024,2191.23,HF3GKWL,47 m² Appartement ∙ 1 chambre ∙ 2 personnes,Grimentz - Valais
29/03/2024,20/04/2024,27/04/2024,1796.32,HF3GKWL,47 m² Appartement ∙ 1 chambre ∙ 2 personnes,Grimentz - Valais
29/03/2024,27/04/2024,04/05/2024,1796.32,HF3GKWL,47 m² Appartement ∙ 1 chambre ∙ 2 personnes,Grimentz - Valais
29/03/2024,04/05/2024,11/05/2024,1796.32,HF3GKWL,47 m² Appartement ∙ 1 chambre ∙ 2 personnes,Grimentz - Valais
29/03/2024,11/05/2024,18/05/2024,1796.32,HF3GKWL,47 m² Appartement ∙ 1 chambre ∙ 2 personnes,Grimentz - Valais
29/03/2024,18/05/2024,25/05/2024,1796.32,HF3GKWL,47 m² Appartement ∙ 1 chambre ∙ 2 personnes,Grimentz - Valais
29/03/2024,25/05/2024,01/06/2024,1796.32,HF3GKWL,47 m² Appartement ∙ 1 chambre ∙ 2 personnes,Grimentz - Valais
29/03/2024,01/06/2024,08/06/2024,1796.32,HF3GKWL,47 m² Appartement ∙ 1 chambre ∙ 2 personnes,Grimentz - Valais
29/03/2024,08/06/2024,15/06/2024,1796.32,HF3GKWL,47 m² Appartement ∙ 1 chambre ∙ 2 personnes,Grimentz - Valais
29/03/2024,15/06/2024,22/06/2024,1796.32,HF3GKWL,47 m² Appartement ∙ 1 chambre ∙ 2 personnes,Grimentz - Valais
29/03/2024,22/06/2024,29/06/2024,1796.32,HF3GKWL,47 m² Appartement ∙ 1 chambre ∙ 2 personnes,Grimentz - Valais
29/03/2024,29/06/2024,06/07/2024,1796.32,HF3GKWL,47 m² Appartement ∙ 1 chambre ∙ 2 personnes,Grimentz - Valais
29/03/2024,06/07/2024,13/07/2024,1916.09,HF3GKWL,47 m² Appartement ∙ 1 chambre ∙ 2 personnes,Grimentz - Valais
29/03/2024,13/07/2024,20/07/2024,1916.09,HF3GKWL,47 m² Appartement ∙ 1 chambre ∙ 2 personnes,Grimentz - Valais
29/03/2024,20/07/2024,27/07/2024,1916.09,HF3GKWL,47 m² Appartement ∙ 1 chambre ∙ 2 personnes,Grimentz - Valais
29/03/2024,27/07/2024,03/08/2024,1916.09,HF3GKWL,47 m² Appartement ∙ 1 chambre ∙ 2 personnes,Grimentz - Valais
29/03/2024,03/08/2024,10/08/2024,1916.09,HF3GKWL,47 m² Appartement ∙ 1 chambre ∙ 2 personnes,Grimentz - Valais
29/03/2024,10/08/2024,17/08/2024,1916.09,HF3GKWL,47 m² Appartement ∙ 1 chambre ∙ 2 personnes,Grimentz - Valais
29/03/2024,17/08/2024,24/08/2024,1916.09,HF3GKWL,47 m² Appartement ∙ 1 chambre ∙ 2 personnes,Grimentz - Valais
29/03/2024,24/08/2024,31/08/2024,1796.32,HF3GKWL,47 m² Appartement ∙ 1 chambre ∙ 2 personnes,Grimentz - Valais
29/03/2024,31/08/2024,07/09/2024,1796.32,HF3GKWL,47 m² Appartement ∙ 1 chambre ∙ 2 personnes,Grimentz - Valais
29/03/2024,07/09/2024,14/09/2024,1796.32,HF3GKWL,47 m² Appartement ∙ 1 chambre ∙ 2 personnes,Grimentz - Valais
29/03/2024,14/09/2024,21/09/2024,1796.32,HF3GKWL,47 m² Appartement ∙ 1 chambre ∙ 2 personnes,Grimentz - Valais
29/03/2024,21/09/2024,28/09/2024,1796.32,HF3GKWL,47 m² Appartement ∙ 1 chambre ∙ 2 personnes,Grimentz - Valais
29/03/2024,28/09/2024,05/10/2024,1796.32,HF3GKWL,47 m² Appartement ∙ 1 chambre ∙ 2 personnes,Grimentz - Valais
29/03/2024,05/10/2024,12/10/2024,1796.32,HF3GKWL,47 m² Appartement ∙ 1 chambre ∙ 2 personnes,Grimentz - Valais
29/03/2024,12/10/2024,19/10/2024,1796.32,HF3GKWL,47 m² Appartement ∙ 1 chambre ∙ 2 personnes,Grimentz - Valais
29/03/2024,19/10/2024,26/10/2024,1796.32,HF3GKWL,47 m² Appartement ∙ 1 chambre ∙ 2 personnes,Grimentz - Valais
29/03/2024,26/10/2024,02/11/2024,1796.32,HF3GKWL,47 m² Appartement ∙ 1 chambre ∙ 2 personnes,Grimentz - Valais
29/03/2024,11/05/2024,18/05/2024,1526.00,H5VC3WM,180 m² Villa ∙ 1 chambre ∙ 8 personnes,Grimentz - Valais
29/03/2024,18/05/2024,25/05/2024,1526.00,H5VC3WM,180 m² Villa ∙ 1 chambre ∙ 8 personnes,Grimentz - Valais
29/03/2024,25/05/2024,01/06/2024,1526.00,H5VC3WM,180 m² Villa ∙ 1 chambre ∙ 8 personnes,Grimentz - Valais
29/03/2024,01/06/2024,08/06/2024,1526.00,H5VC3WM,180 m² Villa ∙ 1 chambre ∙ 8 personnes,Grimentz - Valais
29/03/2024,08/06/2024,15/06/2024,1526.00,H5VC3WM,180 m² Villa ∙ 1 chambre ∙ 8 personnes,Grimentz - Valais
29/03/2024,15/06/2024,22/06/2024,1526.00,H5VC3WM,180 m² Villa ∙ 1 chambre ∙ 8 personnes,Grimentz - Valais
29/03/2024,22/06/2024,29/06/2024,1526.00,H5VC3WM,180 m² Villa ∙ 1 chambre ∙ 8 personnes,Grimentz - Valais
29/03/2024,29/06/2024,06/07/2024,1526.00,H5VC3WM,180 m² Villa ∙ 1 chambre ∙ 8 personnes,Grimentz - Valais
29/03/2024,06/07/2024,13/07/2024,1526.00,H5VC3WM,180 m² Villa ∙ 1 chambre ∙ 8 personnes,Grimentz - Valais
29/03/2024,13/07/2024,20/07/2024,2024.00,H5VC3WM,180 m² Villa ∙ 1 chambre ∙ 8 personnes,Grimentz - Valais
29/03/2024,20/07/2024,27/07/2024,2507.00,H5VC3WM,180 m² Villa ∙ 1 chambre ∙ 8 personnes,Grimentz - Valais
29/03/2024,27/07/2024,03/08/2024,2507.00,H5VC3WM,180 m² Villa ∙ 1 chambre ∙ 8 personnes,Grimentz - Valais
29/03/2024,17/08/2024,24/08/2024,1526.00,H5VC3WM,180 m² Villa ∙ 1 chambre ∙ 8 personnes,Grimentz - Valais
29/03/2024,31/08/2024,07/09/2024,1526.00,H5VC3WM,180 m² Villa ∙ 1 chambre ∙ 8 personnes,Grimentz - Valais
29/03/2024,07/09/2024,14/09/2024,1526.00,H5VC3WM,180 m² Villa ∙ 1 chambre ∙ 8 personnes,Grimentz - Valais
29/03/2024,14/09/2024,21/09/2024,1526.00,H5VC3WM,180 m² Villa ∙ 1 chambre ∙ 8 personnes,Grimentz - Valais
29/03/2024,21/09/2024,28/09/2024,1526.00,H5VC3WM,180 m² Villa ∙ 1 chambre ∙ 8 personnes,Grimentz - Valais
29/03/2024,28/09/2024,05/10/2024,1526.00,H5VC3WM,180 m² Villa ∙ 1 chambre ∙ 8 personnes,Grimentz - Valais
29/03/2024,05/10/2024,12/10/2024,1526.00,H5VC3WM,180 m² Villa ∙ 1 chambre ∙ 8 personnes,Grimentz - Valais
29/03/2024,12/10/2024,19/10/2024,1526.00,H5VC3WM,180 m² Villa ∙ 1 chambre ∙ 8 personnes,Grimentz - Valais
29/03/2024,19/10/2024,26/10/2024,1526.00,H5VC3WM,180 m² Villa ∙ 1 chambre ∙ 8 personnes,Grimentz - Valais
29/03/2024,26/10/2024,02/11/2024,1526.00,H5VC3WM,180 m² Villa ∙ 1 chambre ∙ 8 personnes,Grimentz - Valais
29/03/2024,20/04/2024,27/04/2024,5029.73,HB795XG,244 m² Chalet ∙ 5 chambres ∙ 10 personnes,Grimentz - Valais
29/03/2024,27/04/2024,04/05/2024,5029.73,HB795XG,244 m² Chalet ∙ 5 chambres ∙ 10 personnes,Grimentz - Valais
29/03/2024,04/05/2024,11/05/2024,5029.73,HB795XG,244 m² Chalet ∙ 5 chambres ∙ 10 personnes,Grimentz - Valais
29/03/2024,11/05/2024,18/05/2024,5029.73,HB795XG,244 m² Chalet ∙ 5 chambres ∙ 10 personnes,Grimentz - Valais
29/03/2024,18/05/2024,25/05/2024,5029.73,HB795XG,244 m² Chalet ∙ 5 chambres ∙ 10 personnes,Grimentz - Valais
29/03/2024,25/05/2024,01/06/2024,5029.73,HB795XG,244 m² Chalet ∙ 5 chambres ∙ 10 personnes,Grimentz - Valais
29/03/2024,01/06/2024,08/06/2024,5029.73,HB795XG,244 m² Chalet ∙ 5 chambres ∙ 10 personnes,Grimentz - Valais
29/03/2024,08/06/2024,15/06/2024,5029.73,HB795XG,244 m² Chalet ∙ 5 chambres ∙ 10 personnes,Grimentz - Valais
29/03/2024,15/06/2024,22/06/2024,5029.73,HB795XG,244 m² Chalet ∙ 5 chambres ∙ 10 personnes,Grimentz - Valais
29/03/2024,22/06/2024,29/06/2024,5029.73,HB795XG,244 m² Chalet ∙ 5 chambres ∙ 10 personnes,Grimentz - Valais
29/03/2024,05/10/2024,12/10/2024,5029.73,HB795XG,244 m² Chalet ∙ 5 chambres ∙ 10 personnes,Grimentz - Valais
29/03/2024,12/10/2024,19/10/2024,5029.73,HB795XG,244 m² Chalet ∙ 5 chambres ∙ 10 personnes,Grimentz - Valais
29/03/2024,19/10/2024,26/10/2024,5029.73,HB795XG,244 m² Chalet ∙ 5 chambres ∙ 10 personnes,Grimentz - Valais
29/03/2024,26/10/2024,02/11/2024,5029.73,HB795XG,244 m² Chalet ∙ 5 chambres ∙ 10 personnes,Grimentz - Valais
29/03/2024,06/04/2024,13/04/2024,3881.66,H7RM4CV,116 m² Chalet ∙ 2 chambres ∙ 4 personnes,Grimentz - Valais
29/03/2024,13/04/2024,20/04/2024,3881.66,H7RM4CV,116 m² Chalet ∙ 2 chambres ∙ 4 personnes,Grimentz - Valais
29/03/2024,20/04/2024,27/04/2024,2264.47,H7RM4CV,116 m² Chalet ∙ 2 chambres ∙ 4 personnes,Grimentz - Valais
29/03/2024,27/04/2024,04/05/2024,2264.47,H7RM4CV,116 m² Chalet ∙ 2 chambres ∙ 4 personnes,Grimentz - Valais
29/03/2024,04/05/2024,11/05/2024,2264.47,H7RM4CV,116 m² Chalet ∙ 2 chambres ∙ 4 personnes,Grimentz - Valais
29/03/2024,11/05/2024,18/05/2024,2264.47,H7RM4CV,116 m² Chalet ∙ 2 chambres ∙ 4 personnes,Grimentz - Valais
29/03/2024,18/05/2024,25/05/2024,2264.47,H7RM4CV,116 m² Chalet ∙ 2 chambres ∙ 4 personnes,Grimentz - Valais
29/03/2024,25/05/2024,01/06/2024,2264.47,H7RM4CV,116 m² Chalet ∙ 2 chambres ∙ 4 personnes,Grimentz - Valais
29/03/2024,01/06/2024,08/06/2024,2264.47,H7RM4CV,116 m² Chalet ∙ 2 chambres ∙ 4 personnes,Grimentz - Valais
29/03/2024,08/06/2024,15/06/2024,2264.47,H7RM4CV,116 m² Chalet ∙ 2 chambres ∙ 4 personnes,Grimentz - Valais
29/03/2024,15/06/2024,22/06/2024,2264.47,H7RM4CV,116 m² Chalet ∙ 2 chambres ∙ 4 personnes,Grimentz - Valais
29/03/2024,22/06/2024,29/06/2024,2264.47,H7RM4CV,116 m² Chalet ∙ 2 chambres ∙ 4 personnes,Grimentz - Valais
29/03/2024,29/06/2024,06/07/2024,2264.47,H7RM4CV,116 m² Chalet ∙ 2 chambres ∙ 4 personnes,Grimentz - Valais
29/03/2024,06/07/2024,13/07/2024,2732.60,H7RM4CV,116 m² Chalet ∙ 2 chambres ∙ 4 personnes,Grimentz - Valais
29/03/2024,20/07/2024,27/07/2024,2732.60,H7RM4CV,116 m² Chalet ∙ 2 chambres ∙ 4 personnes,Grimentz - Valais
29/03/2024,27/07/2024,03/08/2024,2732.60,H7RM4CV,116 m² Chalet ∙ 2 chambres ∙ 4 personnes,Grimentz - Valais
29/03/2024,07/09/2024,14/09/2024,2264.47,H7RM4CV,116 m² Chalet ∙ 2 chambres ∙ 4 personnes,Grimentz - Valais
29/03/2024,14/09/2024,21/09/2024,2264.47,H7RM4CV,116 m² Chalet ∙ 2 chambres ∙ 4 personnes,Grimentz - Valais
29/03/2024,21/09/2024,28/09/2024,2264.47,H7RM4CV,116 m² Chalet ∙ 2 chambres ∙ 4 personnes,Grimentz - Valais
29/03/2024,28/09/2024,05/10/2024,2264.47,H7RM4CV,116 m² Chalet ∙ 2 chambres ∙ 4 personnes,Grimentz - Valais
29/03/2024,05/10/2024,12/10/2024,2264.47,H7RM4CV,116 m² Chalet ∙ 2 chambres ∙ 4 personnes,Grimentz - Valais
29/03/2024,12/10/2024,19/10/2024,2264.47,H7RM4CV,116 m² Chalet ∙ 2 chambres ∙ 4 personnes,Grimentz - Valais
29/03/2024,19/10/2024,26/10/2024,2264.47,H7RM4CV,116 m² Chalet ∙ 2 chambres ∙ 4 personnes,Grimentz - Valais
29/03/2024,26/10/2024,02/11/2024,2264.47,H7RM4CV,116 m² Chalet ∙ 2 chambres ∙ 4 personnes,Grimentz - Valais
29/03/2024,06/04/2024,13/04/2024,3881.66,H74MP03,107 m² Appartement ∙ 2 chambres ∙ 5 personnes,Grimentz - Valais
29/03/2024,13/04/2024,20/04/2024,3881.66,H74MP03,107 m² Appartement ∙ 2 chambres ∙ 5 personnes,Grimentz - Valais
29/03/2024,20/04/2024,27/04/2024,2264.47,H74MP03,107 m² Appartement ∙ 2 chambres ∙ 5 personnes,Grimentz - Valais
29/03/2024,27/04/2024,04/05/2024,2264.47,H74MP03,107 m² Appartement ∙ 2 chambres ∙ 5 personnes,Grimentz - Valais
29/03/2024,04/05/2024,11/05/2024,2264.47,H74MP03,107 m² Appartement ∙ 2 chambres ∙ 5 personnes,Grimentz - Valais
29/03/2024,11/05/2024,18/05/2024,2264.47,H74MP03,107 m² Appartement ∙ 2 chambres ∙ 5 personnes,Grimentz - Valais
29/03/2024,18/05/2024,25/05/2024,2264.47,H74MP03,107 m² Appartement ∙ 2 chambres ∙ 5 personnes,Grimentz - Valais
29/03/2024,25/05/2024,01/06/2024,2264.47,H74MP03,107 m² Appartement ∙ 2 chambres ∙ 5 personnes,Grimentz - Valais
29/03/2024,01/06/2024,08/06/2024,2264.47,H74MP03,107 m² Appartement ∙ 2 chambres ∙ 5 personnes,Grimentz - Valais
29/03/2024,08/06/2024,15/06/2024,2264.47,H74MP03,107 m² Appartement ∙ 2 chambres ∙ 5 personnes,Grimentz - Valais
29/03/2024,15/06/2024,22/06/2024,2264.47,H74MP03,107 m² Appartement ∙ 2 chambres ∙ 5 personnes,Grimentz - Valais
29/03/2024,22/06/2024,29/06/2024,2264.47,H74MP03,107 m² Appartement ∙ 2 chambres ∙ 5 personnes,Grimentz - Valais
29/03/2024,06/07/2024,13/07/2024,2732.60,H74MP03,107 m² Appartement ∙ 2 chambres ∙ 5 personnes,Grimentz - Valais
29/03/2024,13/07/2024,20/07/2024,2732.60,H74MP03,107 m² Appartement ∙ 2 chambres ∙ 5 personnes,Grimentz - Valais
29/03/2024,20/07/2024,27/07/2024,2732.60,H74MP03,107 m² Appartement ∙ 2 chambres ∙ 5 personnes,Grimentz - Valais
29/03/2024,27/07/2024,03/08/2024,2732.60,H74MP03,107 m² Appartement ∙ 2 chambres ∙ 5 personnes,Grimentz - Valais
29/03/2024,03/08/2024,10/08/2024,2732.60,H74MP03,107 m² Appartement ∙ 2 chambres ∙ 5 personnes,Grimentz - Valais
29/03/2024,10/08/2024,17/08/2024,2732.60,H74MP03,107 m² Appartement ∙ 2 chambres ∙ 5 personnes,Grimentz - Valais
29/03/2024,07/09/2024,14/09/2024,2264.47,H74MP03,107 m² Appartement ∙ 2 chambres ∙ 5 personnes,Grimentz - Valais
29/03/2024,14/09/2024,21/09/2024,2264.47,H74MP03,107 m² Appartement ∙ 2 chambres ∙ 5 personnes,Grimentz - Valais
29/03/2024,21/09/2024,28/09/2024,2264.47,H74MP03,107 m² Appartement ∙ 2 chambres ∙ 5 personnes,Grimentz - Valais
29/03/2024,28/09/2024,05/10/2024,2264.47,H74MP03,107 m² Appartement ∙ 2 chambres ∙ 5 personnes,Grimentz - Valais
29/03/2024,05/10/2024,12/10/2024,2264.47,H74MP03,107 m² Appartement ∙ 2 chambres ∙ 5 personnes,Grimentz - Valais
29/03/2024,12/10/2024,19/10/2024,2264.47,H74MP03,107 m² Appartement ∙ 2 chambres ∙ 5 personnes,Grimentz - Valais
29/03/2024,19/10/2024,26/10/2024,2264.47,H74MP03,107 m² Appartement ∙ 2 chambres ∙ 5 personnes,Grimentz - Valais
29/03/2024,26/10/2024,02/11/2024,2264.47,H74MP03,107 m² Appartement ∙ 2 chambres ∙ 5 personnes,Grimentz - Valais
29/03/2024,06/04/2024,13/04/2024,4132.06,H0LRYD3,108 m² Chalet ∙ 2 chambres ∙ 6 personnes,Grimentz - Valais
29/03/2024,13/04/2024,20/04/2024,4132.06,H0LRYD3,108 m² Chalet ∙ 2 chambres ∙ 6 personnes,Grimentz - Valais
29/03/2024,20/04/2024,27/04/2024,2384.22,H0LRYD3,108 m² Chalet ∙ 2 chambres ∙ 6 personnes,Grimentz - Valais
29/03/2024,27/04/2024,04/05/2024,2384.22,H0LRYD3,108 m² Chalet ∙ 2 chambres ∙ 6 personnes,Grimentz - Valais
29/03/2024,04/05/2024,11/05/2024,2384.22,H0LRYD3,108 m² Chalet ∙ 2 chambres ∙ 6 personnes,Grimentz - Valais
29/03/2024,11/05/2024,18/05/2024,2384.22,H0LRYD3,108 m² Chalet ∙ 2 chambres ∙ 6 personnes,Grimentz - Valais
29/03/2024,18/05/2024,25/05/2024,2384.22,H0LRYD3,108 m² Chalet ∙ 2 chambres ∙ 6 personnes,Grimentz - Valais
29/03/2024,25/05/2024,01/06/2024,2384.22,H0LRYD3,108 m² Chalet ∙ 2 chambres ∙ 6 personnes,Grimentz - Valais
29/03/2024,01/06/2024,08/06/2024,2384.22,H0LRYD3,108 m² Chalet ∙ 2 chambres ∙ 6 personnes,Grimentz - Valais
29/03/2024,08/06/2024,15/06/2024,2384.22,H0LRYD3,108 m² Chalet ∙ 2 chambres ∙ 6 personnes,Grimentz - Valais
29/03/2024,15/06/2024,22/06/2024,2384.22,H0LRYD3,108 m² Chalet ∙ 2 chambres ∙ 6 personnes,Grimentz - Valais
29/03/2024,22/06/2024,29/06/2024,2384.22,H0LRYD3,108 m² Chalet ∙ 2 chambres ∙ 6 personnes,Grimentz - Valais
29/03/2024,29/06/2024,06/07/2024,2384.22,H0LRYD3,108 m² Chalet ∙ 2 chambres ∙ 6 personnes,Grimentz - Valais
29/03/2024,06/07/2024,13/07/2024,2852.36,H0LRYD3,108 m² Chalet ∙ 2 chambres ∙ 6 personnes,Grimentz - Valais
29/03/2024,13/07/2024,20/07/2024,2852.36,H0LRYD3,108 m² Chalet ∙ 2 chambres ∙ 6 personnes,Grimentz - Valais
29/03/2024,20/07/2024,27/07/2024,2852.36,H0LRYD3,108 m² Chalet ∙ 2 chambres ∙ 6 personnes,Grimentz - Valais
29/03/2024,27/07/2024,03/08/2024,2852.36,H0LRYD3,108 m² Chalet ∙ 2 chambres ∙ 6 personnes,Grimentz - Valais
29/03/2024,03/08/2024,10/08/2024,2852.36,H0LRYD3,108 m² Chalet ∙ 2 chambres ∙ 6 personnes,Grimentz - Valais
29/03/2024,10/08/2024,17/08/2024,2852.36,H0LRYD3,108 m² Chalet ∙ 2 chambres ∙ 6 personnes,Grimentz - Valais
29/03/2024,07/09/2024,14/09/2024,2384.22,H0LRYD3,108 m² Chalet ∙ 2 chambres ∙ 6 personnes,Grimentz - Valais
29/03/2024,14/09/2024,21/09/2024,2384.22,H0LRYD3,108 m² Chalet ∙ 2 chambres ∙ 6 personnes,Grimentz - Valais
29/03/2024,21/09/2024,28/09/2024,2384.22,H0LRYD3,108 m² Chalet ∙ 2 chambres ∙ 6 personnes,Grimentz - Valais
29/03/2024,28/09/2024,05/10/2024,2384.22,H0LRYD3,108 m² Chalet ∙ 2 chambres ∙ 6 personnes,Grimentz - Valais
29/03/2024,05/10/2024,12/10/2024,2384.22,H0LRYD3,108 m² Chalet ∙ 2 chambres ∙ 6 personnes,Grimentz - Valais
29/03/2024,12/10/2024,19/10/2024,2384.22,H0LRYD3,108 m² Chalet ∙ 2 chambres ∙ 6 personnes,Grimentz - Valais
29/03/2024,19/10/2024,26/10/2024,2384.22,H0LRYD3,108 m² Chalet ∙ 2 chambres ∙ 6 personnes,Grimentz - Valais
29/03/2024,26/10/2024,02/11/2024,2384.22,H0LRYD3,108 m² Chalet ∙ 2 chambres ∙ 6 personnes,Grimentz - Valais
29/03/2024,13/04/2024,20/04/2024,4132.06,HGNB85X,129 m² Appartement ∙ 1 chambre ∙ 4 personnes,Grimentz - Valais
29/03/2024,20/04/2024,27/04/2024,2384.22,HGNB85X,129 m² Appartement ∙ 1 chambre ∙ 4 personnes,Grimentz - Valais
29/03/2024,11/05/2024,18/05/2024,2384.22,HGNB85X,129 m² Appartement ∙ 1 chambre ∙ 4 personnes,Grimentz - Valais
29/03/2024,18/05/2024,25/05/2024,2384.22,HGNB85X,129 m² Appartement ∙ 1 chambre ∙ 4 personnes,Grimentz - Valais
29/03/2024,25/05/2024,01/06/2024,2384.22,HGNB85X,129 m² Appartement ∙ 1 chambre ∙ 4 personnes,Grimentz - Valais
29/03/2024,15/06/2024,22/06/2024,2384.22,HGNB85X,129 m² Appartement ∙ 1 chambre ∙ 4 personnes,Grimentz - Valais
29/03/2024,22/06/2024,29/06/2024,2384.22,HGNB85X,129 m² Appartement ∙ 1 chambre ∙ 4 personnes,Grimentz - Valais
29/03/2024,29/06/2024,06/07/2024,2384.22,HGNB85X,129 m² Appartement ∙ 1 chambre ∙ 4 personnes,Grimentz - Valais
29/03/2024,06/07/2024,13/07/2024,2852.36,HGNB85X,129 m² Appartement ∙ 1 chambre ∙ 4 personnes,Grimentz - Valais
29/03/2024,13/07/2024,20/07/2024,2852.36,HGNB85X,129 m² Appartement ∙ 1 chambre ∙ 4 personnes,Grimentz - Valais
29/03/2024,20/07/2024,27/07/2024,2852.36,HGNB85X,129 m² Appartement ∙ 1 chambre ∙ 4 personnes,Grimentz - Valais
29/03/2024,27/07/2024,03/08/2024,2852.36,HGNB85X,129 m² Appartement ∙ 1 chambre ∙ 4 personnes,Grimentz - Valais
29/03/2024,03/08/2024,10/08/2024,2852.36,HGNB85X,129 m² Appartement ∙ 1 chambre ∙ 4 personnes,Grimentz - Valais
29/03/2024,10/08/2024,17/08/2024,2852.36,HGNB85X,129 m² Appartement ∙ 1 chambre ∙ 4 personnes,Grimentz - Valais
29/03/2024,17/08/2024,24/08/2024,2852.36,HGNB85X,129 m² Appartement ∙ 1 chambre ∙ 4 personnes,Grimentz - Valais
29/03/2024,24/08/2024,31/08/2024,2384.22,HGNB85X,129 m² Appartement ∙ 1 chambre ∙ 4 personnes,Grimentz - Valais
29/03/2024,31/08/2024,07/09/2024,2384.22,HGNB85X,129 m² Appartement ∙ 1 chambre ∙ 4 personnes,Grimentz - Valais
29/03/2024,07/09/2024,14/09/2024,2384.22,HGNB85X,129 m² Appartement ∙ 1 chambre ∙ 4 personnes,Grimentz - Valais
29/03/2024,14/09/2024,21/09/2024,2384.22,HGNB85X,129 m² Appartement ∙ 1 chambre ∙ 4 personnes,Grimentz - Valais
29/03/2024,21/09/2024,28/09/2024,2384.22,HGNB85X,129 m² Appartement ∙ 1 chambre ∙ 4 personnes,Grimentz - Valais
29/03/2024,28/09/2024,05/10/2024,2384.22,HGNB85X,129 m² Appartement ∙ 1 chambre ∙ 4 personnes,Grimentz - Valais
29/03/2024,05/10/2024,12/10/2024,2384.22,HGNB85X,129 m² Appartement ∙ 1 chambre ∙ 4 personnes,Grimentz - Valais
29/03/2024,12/10/2024,19/10/2024,2384.22,HGNB85X,129 m² Appartement ∙ 1 chambre ∙ 4 personnes,Grimentz - Valais
29/03/2024,19/10/2024,26/10/2024,2384.22,HGNB85X,129 m² Appartement ∙ 1 chambre ∙ 4 personnes,Grimentz - Valais
29/03/2024,26/10/2024,02/11/2024,2384.22,HGNB85X,129 m² Appartement ∙ 1 chambre ∙ 4 personnes,Grimentz - Valais
29/03/2024,06/04/2024,13/04/2024,5634.45,H0UJE4N,126 m² Appartement ∙ 1 chambre ∙ 8 personnes,Grimentz - Valais
29/03/2024,13/04/2024,20/04/2024,5634.45,H0UJE4N,126 m² Appartement ∙ 1 chambre ∙ 8 personnes,Grimentz - Valais
29/03/2024,20/04/2024,27/04/2024,3070.10,H0UJE4N,126 m² Appartement ∙ 1 chambre ∙ 8 personnes,Grimentz - Valais
29/03/2024,27/04/2024,04/05/2024,3070.10,H0UJE4N,126 m² Appartement ∙ 1 chambre ∙ 8 personnes,Grimentz - Valais
29/03/2024,04/05/2024,11/05/2024,3070.10,H0UJE4N,126 m² Appartement ∙ 1 chambre ∙ 8 personnes,Grimentz - Valais
29/03/2024,11/05/2024,18/05/2024,3070.10,H0UJE4N,126 m² Appartement ∙ 1 chambre ∙ 8 personnes,Grimentz - Valais
29/03/2024,18/05/2024,25/05/2024,3070.10,H0UJE4N,126 m² Appartement ∙ 1 chambre ∙ 8 personnes,Grimentz - Valais
29/03/2024,25/05/2024,01/06/2024,3070.10,H0UJE4N,126 m² Appartement ∙ 1 chambre ∙ 8 personnes,Grimentz - Valais
29/03/2024,15/06/2024,22/06/2024,3070.10,H0UJE4N,126 m² Appartement ∙ 1 chambre ∙ 8 personnes,Grimentz - Valais
29/03/2024,22/06/2024,29/06/2024,3070.10,H0UJE4N,126 m² Appartement ∙ 1 chambre ∙ 8 personnes,Grimentz - Valais
29/03/2024,29/06/2024,06/07/2024,3070.10,H0UJE4N,126 m² Appartement ∙ 1 chambre ∙ 8 personnes,Grimentz - Valais
29/03/2024,06/07/2024,13/07/2024,4049.92,H0UJE4N,126 m² Appartement ∙ 1 chambre ∙ 8 personnes,Grimentz - Valais
29/03/2024,13/07/2024,20/07/2024,4049.92,H0UJE4N,126 m² Appartement ∙ 1 chambre ∙ 8 personnes,Grimentz - Valais
29/03/2024,20/07/2024,27/07/2024,4049.92,H0UJE4N,126 m² Appartement ∙ 1 chambre ∙ 8 personnes,Grimentz - Valais
29/03/2024,07/09/2024,14/09/2024,3070.10,H0UJE4N,126 m² Appartement ∙ 1 chambre ∙ 8 personnes,Grimentz - Valais
29/03/2024,14/09/2024,21/09/2024,3070.10,H0UJE4N,126 m² Appartement ∙ 1 chambre ∙ 8 personnes,Grimentz - Valais
29/03/2024,21/09/2024,28/09/2024,3070.10,H0UJE4N,126 m² Appartement ∙ 1 chambre ∙ 8 personnes,Grimentz - Valais
29/03/2024,28/09/2024,05/10/2024,3070.10,H0UJE4N,126 m² Appartement ∙ 1 chambre ∙ 8 personnes,Grimentz - Valais
29/03/2024,05/10/2024,12/10/2024,3070.49,H0UJE4N,126 m² Appartement ∙ 1 chambre ∙ 8 personnes,Grimentz - Valais
29/03/2024,12/10/2024,19/10/2024,3070.49,H0UJE4N,126 m² Appartement ∙ 1 chambre ∙ 8 personnes,Grimentz - Valais
29/03/2024,19/10/2024,26/10/2024,3070.49,H0UJE4N,126 m² Appartement ∙ 1 chambre ∙ 8 personnes,Grimentz - Valais
29/03/2024,26/10/2024,02/11/2024,3070.49,H0UJE4N,126 m² Appartement ∙ 1 chambre ∙ 8 personnes,Grimentz - Valais
29/03/2024,06/04/2024,13/04/2024,7763.34,HXJP5AC,236 m² Appartement ∙ 5 chambres ∙ 10 personnes,Grimentz - Valais
29/03/2024,13/04/2024,20/04/2024,7763.34,HXJP5AC,236 m² Appartement ∙ 5 chambres ∙ 10 personnes,Grimentz - Valais
29/03/2024,20/04/2024,27/04/2024,5030.38,HXJP5AC,236 m² Appartement ∙ 5 chambres ∙ 10 personnes,Grimentz - Valais
29/03/2024,04/05/2024,11/05/2024,5030.38,HXJP5AC,236 m² Appartement ∙ 5 chambres ∙ 10 personnes,Grimentz - Valais
29/03/2024,11/05/2024,18/05/2024,5030.38,HXJP5AC,236 m² Appartement ∙ 5 chambres ∙ 10 personnes,Grimentz - Valais
29/03/2024,18/05/2024,25/05/2024,5030.38,HXJP5AC,236 m² Appartement ∙ 5 chambres ∙ 10 personnes,Grimentz - Valais
29/03/2024,25/05/2024,01/06/2024,5030.38,HXJP5AC,236 m² Appartement ∙ 5 chambres ∙ 10 personnes,Grimentz - Valais
29/03/2024,01/06/2024,08/06/2024,5030.38,HXJP5AC,236 m² Appartement ∙ 5 chambres ∙ 10 personnes,Grimentz - Valais
29/03/2024,08/06/2024,15/06/2024,5030.38,HXJP5AC,236 m² Appartement ∙ 5 chambres ∙ 10 personnes,Grimentz - Valais
29/03/2024,15/06/2024,22/06/2024,5030.38,HXJP5AC,236 m² Appartement ∙ 5 chambres ∙ 10 personnes,Grimentz - Valais
29/03/2024,22/06/2024,29/06/2024,5030.38,HXJP5AC,236 m² Appartement ∙ 5 chambres ∙ 10 personnes,Grimentz - Valais
29/03/2024,29/06/2024,06/07/2024,5030.38,HXJP5AC,236 m² Appartement ∙ 5 chambres ∙ 10 personnes,Grimentz - Valais
29/03/2024,06/07/2024,13/07/2024,5988.55,HXJP5AC,236 m² Appartement ∙ 5 chambres ∙ 10 personnes,Grimentz - Valais
29/03/2024,13/07/2024,20/07/2024,5988.55,HXJP5AC,236 m² Appartement ∙ 5 chambres ∙ 10 personnes,Grimentz - Valais
29/03/2024,20/07/2024,27/07/2024,5988.55,HXJP5AC,236 m² Appartement ∙ 5 chambres ∙ 10 personnes,Grimentz - Valais
29/03/2024,27/07/2024,03/08/2024,5988.55,HXJP5AC,236 m² Appartement ∙ 5 chambres ∙ 10 personnes,Grimentz - Valais
29/03/2024,14/09/2024,21/09/2024,5030.38,HXJP5AC,236 m² Appartement ∙ 5 chambres ∙ 10 personnes,Grimentz - Valais
29/03/2024,21/09/2024,28/09/2024,5030.38,HXJP5AC,236 m² Appartement ∙ 5 chambres ∙ 10 personnes,Grimentz - Valais
29/03/2024,28/09/2024,05/10/2024,5030.38,HXJP5AC,236 m² Appartement ∙ 5 chambres ∙ 10 personnes,Grimentz - Valais
29/03/2024,05/10/2024,12/10/2024,5030.38,HXJP5AC,236 m² Appartement ∙ 5 chambres ∙ 10 personnes,Grimentz - Valais
29/03/2024,12/10/2024,19/10/2024,5030.38,HXJP5AC,236 m² Appartement ∙ 5 chambres ∙ 10 personnes,Grimentz - Valais
29/03/2024,19/10/2024,26/10/2024,5030.38,HXJP5AC,236 m² Appartement ∙ 5 chambres ∙ 10 personnes,Grimentz - Valais
29/03/2024,06/04/2024,13/04/2024,7512.91,H41PXJD,207 m² Chalet ∙ 5 chambres ∙ 11 personnes,Grimentz - Valais
29/03/2024,13/04/2024,20/04/2024,7512.91,H41PXJD,207 m² Chalet ∙ 5 chambres ∙ 11 personnes,Grimentz - Valais
29/03/2024,20/04/2024,27/04/2024,4779.96,H41PXJD,207 m² Chalet ∙ 5 chambres ∙ 11 personnes,Grimentz - Valais
29/03/2024,25/05/2024,01/06/2024,4779.96,H41PXJD,207 m² Chalet ∙ 5 chambres ∙ 11 personnes,Grimentz - Valais
29/03/2024,01/06/2024,08/06/2024,4779.96,H41PXJD,207 m² Chalet ∙ 5 chambres ∙ 11 personnes,Grimentz - Valais
29/03/2024,08/06/2024,15/06/2024,4779.96,H41PXJD,207 m² Chalet ∙ 5 chambres ∙ 11 personnes,Grimentz - Valais
29/03/2024,15/06/2024,22/06/2024,4779.96,H41PXJD,207 m² Chalet ∙ 5 chambres ∙ 11 personnes,Grimentz - Valais
29/03/2024,22/06/2024,29/06/2024,4779.96,H41PXJD,207 m² Chalet ∙ 5 chambres ∙ 11 personnes,Grimentz - Valais
29/03/2024,29/06/2024,06/07/2024,4779.96,H41PXJD,207 m² Chalet ∙ 5 chambres ∙ 11 personnes,Grimentz - Valais
29/03/2024,06/07/2024,13/07/2024,5008.60,H41PXJD,207 m² Chalet ∙ 5 chambres ∙ 11 personnes,Grimentz - Valais
29/03/2024,13/07/2024,20/07/2024,5008.60,H41PXJD,207 m² Chalet ∙ 5 chambres ∙ 11 personnes,Grimentz - Valais
29/03/2024,20/07/2024,27/07/2024,5008.60,H41PXJD,207 m² Chalet ∙ 5 chambres ∙ 11 personnes,Grimentz - Valais
29/03/2024,27/07/2024,03/08/2024,5008.60,H41PXJD,207 m² Chalet ∙ 5 chambres ∙ 11 personnes,Grimentz - Valais
29/03/2024,07/09/2024,14/09/2024,4779.96,H41PXJD,207 m² Chalet ∙ 5 chambres ∙ 11 personnes,Grimentz - Valais
29/03/2024,14/09/2024,21/09/2024,4779.96,H41PXJD,207 m² Chalet ∙ 5 chambres ∙ 11 personnes,Grimentz - Valais
29/03/2024,21/09/2024,28/09/2024,4779.96,H41PXJD,207 m² Chalet ∙ 5 chambres ∙ 11 personnes,Grimentz - Valais
29/03/2024,28/09/2024,05/10/2024,4779.96,H41PXJD,207 m² Chalet ∙ 5 chambres ∙ 11 personnes,Grimentz - Valais
29/03/2024,05/10/2024,12/10/2024,4779.96,H41PXJD,207 m² Chalet ∙ 5 chambres ∙ 11 personnes,Grimentz - Valais
29/03/2024,12/10/2024,19/10/2024,4779.96,H41PXJD,207 m² Chalet ∙ 5 chambres ∙ 11 personnes,Grimentz - Valais
29/03/2024,19/10/2024,26/10/2024,4779.96,H41PXJD,207 m² Chalet ∙ 5 chambres ∙ 11 personnes,Grimentz - Valais
29/03/2024,26/10/2024,02/11/2024,4779.96,H41PXJD,207 m² Chalet ∙ 5 chambres ∙ 11 personnes,Grimentz - Valais
29/03/2024,06/04/2024,13/04/2024,3882.17,H9TS3A2,107 m² Appartement ∙ 2 chambres ∙ 5 personnes,Grimentz - Valais
29/03/2024,13/04/2024,20/04/2024,3882.17,H9TS3A2,107 m² Appartement ∙ 2 chambres ∙ 5 personnes,Grimentz - Valais
29/03/2024,20/04/2024,27/04/2024,2264.76,H9TS3A2,107 m² Appartement ∙ 2 chambres ∙ 5 personnes,Grimentz - Valais
29/03/2024,27/04/2024,04/05/2024,2264.76,H9TS3A2,107 m² Appartement ∙ 2 chambres ∙ 5 personnes,Grimentz - Valais
29/03/2024,04/05/2024,11/05/2024,2264.76,H9TS3A2,107 m² Appartement ∙ 2 chambres ∙ 5 personnes,Grimentz - Valais
29/03/2024,11/05/2024,18/05/2024,2264.76,H9TS3A2,107 m² Appartement ∙ 2 chambres ∙ 5 personnes,Grimentz - Valais
29/03/2024,18/05/2024,25/05/2024,2264.76,H9TS3A2,107 m² Appartement ∙ 2 chambres ∙ 5 personnes,Grimentz - Valais
29/03/2024,25/05/2024,01/06/2024,2264.76,H9TS3A2,107 m² Appartement ∙ 2 chambres ∙ 5 personnes,Grimentz - Valais
29/03/2024,01/06/2024,08/06/2024,2264.76,H9TS3A2,107 m² Appartement ∙ 2 chambres ∙ 5 personnes,Grimentz - Valais
29/03/2024,08/06/2024,15/06/2024,2264.76,H9TS3A2,107 m² Appartement ∙ 2 chambres ∙ 5 personnes,Grimentz - Valais
29/03/2024,15/06/2024,22/06/2024,2264.76,H9TS3A2,107 m² Appartement ∙ 2 chambres ∙ 5 personnes,Grimentz - Valais
29/03/2024,22/06/2024,29/06/2024,2264.76,H9TS3A2,107 m² Appartement ∙ 2 chambres ∙ 5 personnes,Grimentz - Valais
29/03/2024,29/06/2024,06/07/2024,2264.76,H9TS3A2,107 m² Appartement ∙ 2 chambres ∙ 5 personnes,Grimentz - Valais
29/03/2024,06/07/2024,13/07/2024,2732.95,H9TS3A2,107 m² Appartement ∙ 2 chambres ∙ 5 personnes,Grimentz - Valais
29/03/2024,13/07/2024,20/07/2024,2732.95,H9TS3A2,107 m² Appartement ∙ 2 chambres ∙ 5 personnes,Grimentz - Valais
29/03/2024,20/07/2024,27/07/2024,2732.95,H9TS3A2,107 m² Appartement ∙ 2 chambres ∙ 5 personnes,Grimentz - Valais
29/03/2024,27/07/2024,03/08/2024,2732.95,H9TS3A2,107 m² Appartement ∙ 2 chambres ∙ 5 personnes,Grimentz - Valais
29/03/2024,03/08/2024,10/08/2024,2732.95,H9TS3A2,107 m² Appartement ∙ 2 chambres ∙ 5 personnes,Grimentz - Valais
29/03/2024,10/08/2024,17/08/2024,2732.95,H9TS3A2,107 m² Appartement ∙ 2 chambres ∙ 5 personnes,Grimentz - Valais
29/03/2024,07/09/2024,14/09/2024,2264.76,H9TS3A2,107 m² Appartement ∙ 2 chambres ∙ 5 personnes,Grimentz - Valais
29/03/2024,14/09/2024,21/09/2024,2264.76,H9TS3A2,107 m² Appartement ∙ 2 chambres ∙ 5 personnes,Grimentz - Valais
29/03/2024,21/09/2024,28/09/2024,2264.76,H9TS3A2,107 m² Appartement ∙ 2 chambres ∙ 5 personnes,Grimentz - Valais
29/03/2024,28/09/2024,05/10/2024,2264.76,H9TS3A2,107 m² Appartement ∙ 2 chambres ∙ 5 personnes,Grimentz - Valais
29/03/2024,05/10/2024,12/10/2024,2264.76,H9TS3A2,107 m² Appartement ∙ 2 chambres ∙ 5 personnes,Grimentz - Valais
29/03/2024,12/10/2024,19/10/2024,2264.76,H9TS3A2,107 m² Appartement ∙ 2 chambres ∙ 5 personnes,Grimentz - Valais
29/03/2024,19/10/2024,26/10/2024,2264.76,H9TS3A2,107 m² Appartement ∙ 2 chambres ∙ 5 personnes,Grimentz - Valais
29/03/2024,26/10/2024,02/11/2024,2264.76,H9TS3A2,107 m² Appartement ∙ 2 chambres ∙ 5 personnes,Grimentz - Valais
29/03/2024,20/04/2024,27/04/2024,4300.86,HCH86FZ,142 m² Appartement ∙ 4 chambres ∙ 10 personnes,Grimentz - Valais
29/03/2024,27/04/2024,04/05/2024,4300.86,HCH86FZ,142 m² Appartement ∙ 4 chambres ∙ 10 personnes,Grimentz - Valais
29/03/2024,04/05/2024,11/05/2024,4300.86,HCH86FZ,142 m² Appartement ∙ 4 chambres ∙ 10 personnes,Grimentz - Valais
29/03/2024,11/05/2024,18/05/2024,4300.86,HCH86FZ,142 m² Appartement ∙ 4 chambres ∙ 10 personnes,Grimentz - Valais
29/03/2024,18/05/2024,25/05/2024,4300.86,HCH86FZ,142 m² Appartement ∙ 4 chambres ∙ 10 personnes,Grimentz - Valais
29/03/2024,25/05/2024,01/06/2024,4300.86,HCH86FZ,142 m² Appartement ∙ 4 chambres ∙ 10 personnes,Grimentz - Valais
29/03/2024,01/06/2024,08/06/2024,4300.86,HCH86FZ,142 m² Appartement ∙ 4 chambres ∙ 10 personnes,Grimentz - Valais
29/03/2024,08/06/2024,15/06/2024,4300.86,HCH86FZ,142 m² Appartement ∙ 4 chambres ∙ 10 personnes,Grimentz - Valais
29/03/2024,15/06/2024,22/06/2024,4300.86,HCH86FZ,142 m² Appartement ∙ 4 chambres ∙ 10 personnes,Grimentz - Valais
29/03/2024,22/06/2024,29/06/2024,4300.86,HCH86FZ,142 m² Appartement ∙ 4 chambres ∙ 10 personnes,Grimentz - Valais
29/03/2024,29/06/2024,06/07/2024,4300.86,HCH86FZ,142 m² Appartement ∙ 4 chambres ∙ 10 personnes,Grimentz - Valais
29/03/2024,07/09/2024,14/09/2024,4300.86,HCH86FZ,142 m² Appartement ∙ 4 chambres ∙ 10 personnes,Grimentz - Valais
29/03/2024,14/09/2024,21/09/2024,4300.86,HCH86FZ,142 m² Appartement ∙ 4 chambres ∙ 10 personnes,Grimentz - Valais
29/03/2024,21/09/2024,28/09/2024,4300.86,HCH86FZ,142 m² Appartement ∙ 4 chambres ∙ 10 personnes,Grimentz - Valais
29/03/2024,28/09/2024,05/10/2024,4300.86,HCH86FZ,142 m² Appartement ∙ 4 chambres ∙ 10 personnes,Grimentz - Valais
29/03/2024,05/10/2024,12/10/2024,4300.86,HCH86FZ,142 m² Appartement ∙ 4 chambres ∙ 10 personnes,Grimentz - Valais
29/03/2024,12/10/2024,19/10/2024,4300.86,HCH86FZ,142 m² Appartement ∙ 4 chambres ∙ 10 personnes,Grimentz - Valais
29/03/2024,19/10/2024,26/10/2024,4300.86,HCH86FZ,142 m² Appartement ∙ 4 chambres ∙ 10 personnes,Grimentz - Valais
29/03/2024,26/10/2024,02/11/2024,4300.86,HCH86FZ,142 m² Appartement ∙ 4 chambres ∙ 10 personnes,Grimentz - Valais
29/03/2024,06/04/2024,13/04/2024,5635.18,HMZUEL8,141 m² Chalet ∙ 3 chambres ∙ 7 personnes,Grimentz - Valais
29/03/2024,13/04/2024,20/04/2024,5635.18,HMZUEL8,141 m² Chalet ∙ 3 chambres ∙ 7 personnes,Grimentz - Valais
29/03/2024,20/04/2024,27/04/2024,3070.49,HMZUEL8,141 m² Chalet ∙ 3 chambres ∙ 7 personnes,Grimentz - Valais
29/03/2024,27/04/2024,04/05/2024,3070.49,HMZUEL8,141 m² Chalet ∙ 3 chambres ∙ 7 personnes,Grimentz - Valais
29/03/2024,04/05/2024,11/05/2024,3070.49,HMZUEL8,141 m² Chalet ∙ 3 chambres ∙ 7 personnes,Grimentz - Valais
29/03/2024,11/05/2024,18/05/2024,3070.49,HMZUEL8,141 m² Chalet ∙ 3 chambres ∙ 7 personnes,Grimentz - Valais
29/03/2024,18/05/2024,25/05/2024,3070.49,HMZUEL8,141 m² Chalet ∙ 3 chambres ∙ 7 personnes,Grimentz - Valais
29/03/2024,25/05/2024,01/06/2024,3070.49,HMZUEL8,141 m² Chalet ∙ 3 chambres ∙ 7 personnes,Grimentz - Valais
29/03/2024,01/06/2024,08/06/2024,3070.49,HMZUEL8,141 m² Chalet ∙ 3 chambres ∙ 7 personnes,Grimentz - Valais
29/03/2024,08/06/2024,15/06/2024,3070.49,HMZUEL8,141 m² Chalet ∙ 3 chambres ∙ 7 personnes,Grimentz - Valais
29/03/2024,15/06/2024,22/06/2024,3070.49,HMZUEL8,141 m² Chalet ∙ 3 chambres ∙ 7 personnes,Grimentz - Valais
29/03/2024,22/06/2024,29/06/2024,3070.49,HMZUEL8,141 m² Chalet ∙ 3 chambres ∙ 7 personnes,Grimentz - Valais
29/03/2024,29/06/2024,06/07/2024,3070.49,HMZUEL8,141 m² Chalet ∙ 3 chambres ∙ 7 personnes,Grimentz - Valais
29/03/2024,06/07/2024,13/07/2024,4050.44,HMZUEL8,141 m² Chalet ∙ 3 chambres ∙ 7 personnes,Grimentz - Valais
29/03/2024,13/07/2024,20/07/2024,4050.44,HMZUEL8,141 m² Chalet ∙ 3 chambres ∙ 7 personnes,Grimentz - Valais
29/03/2024,20/07/2024,27/07/2024,4050.44,HMZUEL8,141 m² Chalet ∙ 3 chambres ∙ 7 personnes,Grimentz - Valais
29/03/2024,27/07/2024,03/08/2024,4050.44,HMZUEL8,141 m² Chalet ∙ 3 chambres ∙ 7 personnes,Grimentz - Valais
29/03/2024,07/09/2024,14/09/2024,3070.49,HMZUEL8,141 m² Chalet ∙ 3 chambres ∙ 7 personnes,Grimentz - Valais
29/03/2024,14/09/2024,21/09/2024,3070.49,HMZUEL8,141 m² Chalet ∙ 3 chambres ∙ 7 personnes,Grimentz - Valais
29/03/2024,21/09/2024,28/09/2024,3070.49,HMZUEL8,141 m² Chalet ∙ 3 chambres ∙ 7 personnes,Grimentz - Valais
29/03/2024,28/09/2024,05/10/2024,3070.49,HMZUEL8,141 m² Chalet ∙ 3 chambres ∙ 7 personnes,Grimentz - Valais
29/03/2024,05/10/2024,12/10/2024,3070.49,HMZUEL8,141 m² Chalet ∙ 3 chambres ∙ 7 personnes,Grimentz - Valais
29/03/2024,12/10/2024,19/10/2024,3070.49,HMZUEL8,141 m² Chalet ∙ 3 chambres ∙ 7 personnes,Grimentz - Valais
29/03/2024,19/10/2024,26/10/2024,3070.49,HMZUEL8,141 m² Chalet ∙ 3 chambres ∙ 7 personnes,Grimentz - Valais
29/03/2024,26/10/2024,02/11/2024,3070.49,HMZUEL8,141 m² Chalet ∙ 3 chambres ∙ 7 personnes,Grimentz - Valais
29/03/2024,06/04/2024,13/04/2024,5635.18,H5MXHVE,140 m² Chalet ∙ 3 chambres ∙ 9 personnes,Grimentz - Valais
29/03/2024,13/04/2024,20/04/2024,5635.18,H5MXHVE,140 m² Chalet ∙ 3 chambres ∙ 9 personnes,Grimentz - Valais
29/03/2024,20/04/2024,27/04/2024,3070.49,H5MXHVE,140 m² Chalet ∙ 3 chambres ∙ 9 personnes,Grimentz - Valais
29/03/2024,27/04/2024,04/05/2024,3070.49,H5MXHVE,140 m² Chalet ∙ 3 chambres ∙ 9 personnes,Grimentz - Valais
29/03/2024,04/05/2024,11/05/2024,3070.49,H5MXHVE,140 m² Chalet ∙ 3 chambres ∙ 9 personnes,Grimentz - Valais
29/03/2024,11/05/2024,18/05/2024,3070.49,H5MXHVE,140 m² Chalet ∙ 3 chambres ∙ 9 personnes,Grimentz - Valais
29/03/2024,18/05/2024,25/05/2024,3070.49,H5MXHVE,140 m² Chalet ∙ 3 chambres ∙ 9 personnes,Grimentz - Valais
29/03/2024,25/05/2024,01/06/2024,3070.49,H5MXHVE,140 m² Chalet ∙ 3 chambres ∙ 9 personnes,Grimentz - Valais
29/03/2024,01/06/2024,08/06/2024,3070.49,H5MXHVE,140 m² Chalet ∙ 3 chambres ∙ 9 personnes,Grimentz - Valais
29/03/2024,08/06/2024,15/06/2024,3070.49,H5MXHVE,140 m² Chalet ∙ 3 chambres ∙ 9 personnes,Grimentz - Valais
29/03/2024,15/06/2024,22/06/2024,3070.49,H5MXHVE,140 m² Chalet ∙ 3 chambres ∙ 9 personnes,Grimentz - Valais
29/03/2024,22/06/2024,29/06/2024,3070.49,H5MXHVE,140 m² Chalet ∙ 3 chambres ∙ 9 personnes,Grimentz - Valais
29/03/2024,29/06/2024,06/07/2024,3070.49,H5MXHVE,140 m² Chalet ∙ 3 chambres ∙ 9 personnes,Grimentz - Valais
29/03/2024,06/07/2024,13/07/2024,4050.44,H5MXHVE,140 m² Chalet ∙ 3 chambres ∙ 9 personnes,Grimentz - Valais
29/03/2024,13/07/2024,20/07/2024,4050.44,H5MXHVE,140 m² Chalet ∙ 3 chambres ∙ 9 personnes,Grimentz - Valais
29/03/2024,20/07/2024,27/07/2024,4050.44,H5MXHVE,140 m² Chalet ∙ 3 chambres ∙ 9 personnes,Grimentz - Valais
29/03/2024,27/07/2024,03/08/2024,4050.44,H5MXHVE,140 m² Chalet ∙ 3 chambres ∙ 9 personnes,Grimentz - Valais
29/03/2024,07/09/2024,14/09/2024,3070.49,H5MXHVE,140 m² Chalet ∙ 3 chambres ∙ 9 personnes,Grimentz - Valais
29/03/2024,28/09/2024,05/10/2024,3070.49,H5MXHVE,140 m² Chalet ∙ 3 chambres ∙ 9 personnes,Grimentz - Valais
29/03/2024,05/10/2024,12/10/2024,3070.49,H5MXHVE,140 m² Chalet ∙ 3 chambres ∙ 9 personnes,Grimentz - Valais
29/03/2024,12/10/2024,19/10/2024,3070.49,H5MXHVE,140 m² Chalet ∙ 3 chambres ∙ 9 personnes,Grimentz - Valais
29/03/2024,19/10/2024,26/10/2024,3070.49,H5MXHVE,140 m² Chalet ∙ 3 chambres ∙ 9 personnes,Grimentz - Valais
29/03/2024,26/10/2024,02/11/2024,3070.49,H5MXHVE,140 m² Chalet ∙ 3 chambres ∙ 9 personnes,Grimentz - Valais
