date_scrap,date_debut,date_fin,price,identifiant,typologie,nom
12/11/2024,14/12/2024,21/12/2024,850.03,HSXR6NJ,90 m² Maison de vacances ∙ 3 chambres ∙ 6 personnes,Vex - Valais
12/11/2024,04/01/2025,11/01/2025,850.03,HSXR6NJ,90 m² Maison de vacances ∙ 3 chambres ∙ 6 personnes,Vex - Valais
12/11/2024,11/01/2025,18/01/2025,850.03,HSXR6NJ,90 m² Maison de vacances ∙ 3 chambres ∙ 6 personnes,Vex - Valais
12/11/2024,18/01/2025,25/01/2025,850.03,HSXR6NJ,90 m² Maison de vacances ∙ 3 chambres ∙ 6 personnes,Vex - Valais
12/11/2024,25/01/2025,01/02/2025,986.74,HSXR6NJ,90 m² Maison de vacances ∙ 3 chambres ∙ 6 personnes,Vex - Valais
12/11/2024,01/02/2025,08/02/2025,1072.70,HSXR6NJ,90 m² Maison de vacances ∙ 3 chambres ∙ 6 personnes,Vex - Valais
12/11/2024,08/02/2025,15/02/2025,1206.31,HSXR6NJ,90 m² Maison de vacances ∙ 3 chambres ∙ 6 personnes,Vex - Valais
12/11/2024,22/02/2025,01/03/2025,1355.45,HSXR6NJ,90 m² Maison de vacances ∙ 3 chambres ∙ 6 personnes,Vex - Valais
12/11/2024,08/03/2025,15/03/2025,986.74,HSXR6NJ,90 m² Maison de vacances ∙ 3 chambres ∙ 6 personnes,Vex - Valais
12/11/2024,15/03/2025,22/03/2025,850.03,HSXR6NJ,90 m² Maison de vacances ∙ 3 chambres ∙ 6 personnes,Vex - Valais
12/11/2024,22/03/2025,29/03/2025,850.03,HSXR6NJ,90 m² Maison de vacances ∙ 3 chambres ∙ 6 personnes,Vex - Valais
12/11/2024,29/03/2025,05/04/2025,850.03,HSXR6NJ,90 m² Maison de vacances ∙ 3 chambres ∙ 6 personnes,Vex - Valais
12/11/2024,05/04/2025,12/04/2025,850.03,HSXR6NJ,90 m² Maison de vacances ∙ 3 chambres ∙ 6 personnes,Vex - Valais
12/11/2024,12/04/2025,19/04/2025,916.31,HSXR6NJ,90 m² Maison de vacances ∙ 3 chambres ∙ 6 personnes,Vex - Valais
12/11/2024,19/04/2025,26/04/2025,916.31,HSXR6NJ,90 m² Maison de vacances ∙ 3 chambres ∙ 6 personnes,Vex - Valais
12/11/2024,26/04/2025,03/05/2025,850.03,HSXR6NJ,90 m² Maison de vacances ∙ 3 chambres ∙ 6 personnes,Vex - Valais
12/11/2024,15/03/2025,22/03/2025,562.95,HGHE0A3,60 m² Chalet ∙ 2 chambres ∙ 4 personnes,Betten - Bettmeralp - Valais
12/11/2024,22/03/2025,29/03/2025,562.78,HGHE0A3,60 m² Chalet ∙ 2 chambres ∙ 4 personnes,Betten - Bettmeralp - Valais
12/11/2024,29/03/2025,05/04/2025,582.54,HGHE0A3,60 m² Chalet ∙ 2 chambres ∙ 4 personnes,Betten - Bettmeralp - Valais
12/11/2024,05/04/2025,12/04/2025,682.50,HGHE0A3,60 m² Chalet ∙ 2 chambres ∙ 4 personnes,Betten - Bettmeralp - Valais
12/11/2024,12/04/2025,19/04/2025,883.20,HGHE0A3,60 m² Chalet ∙ 2 chambres ∙ 4 personnes,Betten - Bettmeralp - Valais
12/11/2024,19/04/2025,26/04/2025,682.33,HGHE0A3,60 m² Chalet ∙ 2 chambres ∙ 4 personnes,Betten - Bettmeralp - Valais
12/11/2024,26/04/2025,03/05/2025,678.87,HGHE0A3,60 m² Chalet ∙ 2 chambres ∙ 4 personnes,Betten - Bettmeralp - Valais
12/11/2024,03/05/2025,10/05/2025,679.04,HGHE0A3,60 m² Chalet ∙ 2 chambres ∙ 4 personnes,Betten - Bettmeralp - Valais
12/11/2024,10/05/2025,17/05/2025,679.04,HGHE0A3,60 m² Chalet ∙ 2 chambres ∙ 4 personnes,Betten - Bettmeralp - Valais
12/11/2024,23/11/2024,30/11/2024,791.89,H820F4E,150 m² Maison de vacances ∙ 5 chambres ∙ 12 personnes,Nendaz - Valais
12/11/2024,30/11/2024,07/12/2024,791.89,H820F4E,150 m² Maison de vacances ∙ 5 chambres ∙ 12 personnes,Nendaz - Valais
12/11/2024,07/12/2024,14/12/2024,791.89,H820F4E,150 m² Maison de vacances ∙ 5 chambres ∙ 12 personnes,Nendaz - Valais
12/11/2024,14/12/2024,21/12/2024,791.89,H820F4E,150 m² Maison de vacances ∙ 5 chambres ∙ 12 personnes,Nendaz - Valais
12/11/2024,01/02/2025,08/02/2025,3227.86,H820F4E,150 m² Maison de vacances ∙ 5 chambres ∙ 12 personnes,Nendaz - Valais
12/11/2024,08/02/2025,15/02/2025,2870.98,H820F4E,150 m² Maison de vacances ∙ 5 chambres ∙ 12 personnes,Nendaz - Valais
12/11/2024,08/03/2025,15/03/2025,1551.50,H820F4E,150 m² Maison de vacances ∙ 5 chambres ∙ 12 personnes,Nendaz - Valais
12/11/2024,15/03/2025,22/03/2025,736.39,H820F4E,150 m² Maison de vacances ∙ 5 chambres ∙ 12 personnes,Nendaz - Valais
12/11/2024,22/03/2025,29/03/2025,638.01,H820F4E,150 m² Maison de vacances ∙ 5 chambres ∙ 12 personnes,Nendaz - Valais
12/11/2024,29/03/2025,05/04/2025,638.01,H820F4E,150 m² Maison de vacances ∙ 5 chambres ∙ 12 personnes,Nendaz - Valais
12/11/2024,05/04/2025,12/04/2025,638.01,H820F4E,150 m² Maison de vacances ∙ 5 chambres ∙ 12 personnes,Nendaz - Valais
12/11/2024,19/04/2025,26/04/2025,807.88,H820F4E,150 m² Maison de vacances ∙ 5 chambres ∙ 12 personnes,Nendaz - Valais
12/11/2024,21/12/2024,28/12/2024,1966.79,H5T706W,110 m² Maison de vacances ∙ 4 chambres ∙ 8 personnes,Veysonnaz - Valais
12/11/2024,04/01/2025,11/01/2025,1165.16,H5T706W,110 m² Maison de vacances ∙ 4 chambres ∙ 8 personnes,Veysonnaz - Valais
12/11/2024,11/01/2025,18/01/2025,1165.16,H5T706W,110 m² Maison de vacances ∙ 4 chambres ∙ 8 personnes,Veysonnaz - Valais
12/11/2024,01/03/2025,08/03/2025,2432.86,H5T706W,110 m² Maison de vacances ∙ 4 chambres ∙ 8 personnes,Veysonnaz - Valais
12/11/2024,15/03/2025,22/03/2025,1071.95,H5T706W,110 m² Maison de vacances ∙ 4 chambres ∙ 8 personnes,Veysonnaz - Valais
12/11/2024,29/03/2025,05/04/2025,947.67,H5T706W,110 m² Maison de vacances ∙ 4 chambres ∙ 8 personnes,Veysonnaz - Valais
12/11/2024,05/04/2025,12/04/2025,947.67,H5T706W,110 m² Maison de vacances ∙ 4 chambres ∙ 8 personnes,Veysonnaz - Valais
12/11/2024,12/04/2025,19/04/2025,1165.16,H5T706W,110 m² Maison de vacances ∙ 4 chambres ∙ 8 personnes,Veysonnaz - Valais
12/11/2024,19/04/2025,26/04/2025,1165.16,H5T706W,110 m² Maison de vacances ∙ 4 chambres ∙ 8 personnes,Veysonnaz - Valais
12/11/2024,26/04/2025,03/05/2025,941.45,H5T706W,110 m² Maison de vacances ∙ 4 chambres ∙ 8 personnes,Veysonnaz - Valais
12/11/2024,30/11/2024,07/12/2024,731.80,H7J8G2S,65 m² Maison de vacances ∙ 2 chambres ∙ 4 personnes,Albinen - Valais
12/11/2024,07/12/2024,14/12/2024,731.80,H7J8G2S,65 m² Maison de vacances ∙ 2 chambres ∙ 4 personnes,Albinen - Valais
12/11/2024,14/12/2024,21/12/2024,731.80,H7J8G2S,65 m² Maison de vacances ∙ 2 chambres ∙ 4 personnes,Albinen - Valais
12/11/2024,21/12/2024,28/12/2024,841.84,H7J8G2S,65 m² Maison de vacances ∙ 2 chambres ∙ 4 personnes,Albinen - Valais
12/11/2024,04/01/2025,11/01/2025,762.78,H7J8G2S,65 m² Maison de vacances ∙ 2 chambres ∙ 4 personnes,Albinen - Valais
12/11/2024,11/01/2025,18/01/2025,762.78,H7J8G2S,65 m² Maison de vacances ∙ 2 chambres ∙ 4 personnes,Albinen - Valais
12/11/2024,18/01/2025,25/01/2025,762.78,H7J8G2S,65 m² Maison de vacances ∙ 2 chambres ∙ 4 personnes,Albinen - Valais
12/11/2024,08/02/2025,15/02/2025,762.78,H7J8G2S,65 m² Maison de vacances ∙ 2 chambres ∙ 4 personnes,Albinen - Valais
12/11/2024,08/03/2025,15/03/2025,762.78,H7J8G2S,65 m² Maison de vacances ∙ 2 chambres ∙ 4 personnes,Albinen - Valais
12/11/2024,15/03/2025,22/03/2025,762.78,H7J8G2S,65 m² Maison de vacances ∙ 2 chambres ∙ 4 personnes,Albinen - Valais
12/11/2024,22/03/2025,29/03/2025,762.78,H7J8G2S,65 m² Maison de vacances ∙ 2 chambres ∙ 4 personnes,Albinen - Valais
12/11/2024,29/03/2025,05/04/2025,762.78,H7J8G2S,65 m² Maison de vacances ∙ 2 chambres ∙ 4 personnes,Albinen - Valais
12/11/2024,05/04/2025,12/04/2025,762.78,H7J8G2S,65 m² Maison de vacances ∙ 2 chambres ∙ 4 personnes,Albinen - Valais
12/11/2024,26/04/2025,03/05/2025,762.78,H7J8G2S,65 m² Maison de vacances ∙ 2 chambres ∙ 4 personnes,Albinen - Valais
12/11/2024,03/05/2025,10/05/2025,762.78,H7J8G2S,65 m² Maison de vacances ∙ 2 chambres ∙ 4 personnes,Albinen - Valais
12/11/2024,10/05/2025,17/05/2025,762.78,H7J8G2S,65 m² Maison de vacances ∙ 2 chambres ∙ 4 personnes,Albinen - Valais
12/11/2024,26/04/2025,03/05/2025,924.10,HXUSNPA,50 m² Maison de vacances ∙ 2 chambres ∙ 6 personnes,Simplon - Valais
12/11/2024,03/05/2025,10/05/2025,924.10,HXUSNPA,50 m² Maison de vacances ∙ 2 chambres ∙ 6 personnes,Simplon - Valais
12/11/2024,10/05/2025,17/05/2025,924.10,HXUSNPA,50 m² Maison de vacances ∙ 2 chambres ∙ 6 personnes,Simplon - Valais
12/11/2024,16/11/2024,23/11/2024,353.61,HX0HYMV,76 m² Appartement ∙ 2 chambres ∙ 6 personnes,Eischoll - Valais
12/11/2024,23/11/2024,30/11/2024,353.61,HX0HYMV,76 m² Appartement ∙ 2 chambres ∙ 6 personnes,Eischoll - Valais
12/11/2024,30/11/2024,07/12/2024,593.77,HX0HYMV,76 m² Appartement ∙ 2 chambres ∙ 6 personnes,Eischoll - Valais
12/11/2024,07/12/2024,14/12/2024,593.77,HX0HYMV,76 m² Appartement ∙ 2 chambres ∙ 6 personnes,Eischoll - Valais
12/11/2024,14/12/2024,21/12/2024,593.77,HX0HYMV,76 m² Appartement ∙ 2 chambres ∙ 6 personnes,Eischoll - Valais
12/11/2024,04/01/2025,11/01/2025,786.07,HX0HYMV,76 m² Appartement ∙ 2 chambres ∙ 6 personnes,Eischoll - Valais
12/11/2024,11/01/2025,18/01/2025,593.77,HX0HYMV,76 m² Appartement ∙ 2 chambres ∙ 6 personnes,Eischoll - Valais
12/11/2024,18/01/2025,25/01/2025,593.77,HX0HYMV,76 m² Appartement ∙ 2 chambres ∙ 6 personnes,Eischoll - Valais
12/11/2024,14/12/2024,21/12/2024,649.00,HHU46XN,2 room apartment,2 room apartmentVercorin - Valais
12/11/2024,21/12/2024,28/12/2024,1467.00,HHU46XN,2 room apartment,2 room apartmentVercorin - Valais
12/11/2024,04/01/2025,11/01/2025,685.00,HHU46XN,2 room apartment,2 room apartmentVercorin - Valais
12/11/2024,11/01/2025,18/01/2025,685.00,HHU46XN,2 room apartment,2 room apartmentVercorin - Valais
12/11/2024,18/01/2025,25/01/2025,685.00,HHU46XN,2 room apartment,2 room apartmentVercorin - Valais
12/11/2024,25/01/2025,01/02/2025,978.00,HHU46XN,2 room apartment,2 room apartmentVercorin - Valais
12/11/2024,01/02/2025,08/02/2025,1471.00,HHU46XN,2 room apartment,2 room apartmentVercorin - Valais
12/11/2024,08/02/2025,15/02/2025,1467.00,HHU46XN,2 room apartment,2 room apartmentVercorin - Valais
12/11/2024,22/02/2025,01/03/2025,1714.00,HHU46XN,2 room apartment,2 room apartmentVercorin - Valais
12/11/2024,08/03/2025,15/03/2025,865.00,HHU46XN,2 room apartment,2 room apartmentVercorin - Valais
12/11/2024,15/03/2025,22/03/2025,865.00,HHU46XN,2 room apartment,2 room apartmentVercorin - Valais
12/11/2024,22/03/2025,29/03/2025,758.00,HHU46XN,2 room apartment,2 room apartmentVercorin - Valais
12/11/2024,29/03/2025,05/04/2025,758.00,HHU46XN,2 room apartment,2 room apartmentVercorin - Valais
12/11/2024,05/04/2025,12/04/2025,978.00,HHU46XN,2 room apartment,2 room apartmentVercorin - Valais
12/11/2024,12/04/2025,19/04/2025,865.00,HHU46XN,2 room apartment,2 room apartmentVercorin - Valais
12/11/2024,23/11/2024,30/11/2024,1254.21,H1LKGCB,50 m² Maison de vacances ∙ 2 personnes,Evolène - Valais
12/11/2024,18/01/2025,25/01/2025,1254.21,H1LKGCB,50 m² Maison de vacances ∙ 2 personnes,Evolène - Valais
12/11/2024,22/02/2025,01/03/2025,1234.98,H1LKGCB,50 m² Maison de vacances ∙ 2 personnes,Evolène - Valais
12/11/2024,01/03/2025,08/03/2025,1234.98,H1LKGCB,50 m² Maison de vacances ∙ 2 personnes,Evolène - Valais
12/11/2024,08/03/2025,15/03/2025,1158.06,H1LKGCB,50 m² Maison de vacances ∙ 2 personnes,Evolène - Valais
12/11/2024,15/03/2025,22/03/2025,1158.06,H1LKGCB,50 m² Maison de vacances ∙ 2 personnes,Evolène - Valais
12/11/2024,22/03/2025,29/03/2025,1158.06,H1LKGCB,50 m² Maison de vacances ∙ 2 personnes,Evolène - Valais
12/11/2024,29/03/2025,05/04/2025,1158.06,H1LKGCB,50 m² Maison de vacances ∙ 2 personnes,Evolène - Valais
12/11/2024,05/04/2025,12/04/2025,1158.06,H1LKGCB,50 m² Maison de vacances ∙ 2 personnes,Evolène - Valais
12/11/2024,12/04/2025,19/04/2025,1158.06,H1LKGCB,50 m² Maison de vacances ∙ 2 personnes,Evolène - Valais
12/11/2024,19/04/2025,26/04/2025,1158.06,H1LKGCB,50 m² Maison de vacances ∙ 2 personnes,Evolène - Valais
12/11/2024,26/04/2025,03/05/2025,1158.06,H1LKGCB,50 m² Maison de vacances ∙ 2 personnes,Evolène - Valais
12/11/2024,03/05/2025,10/05/2025,1158.06,H1LKGCB,50 m² Maison de vacances ∙ 2 personnes,Evolène - Valais
12/11/2024,16/11/2024,23/11/2024,1293.74,HV8HA9U,120 m² Maison de vacances ∙ 3 chambres ∙ 6 personnes,Ayent - Valais
12/11/2024,23/11/2024,30/11/2024,1293.74,HV8HA9U,120 m² Maison de vacances ∙ 3 chambres ∙ 6 personnes,Ayent - Valais
12/11/2024,30/11/2024,07/12/2024,1293.74,HV8HA9U,120 m² Maison de vacances ∙ 3 chambres ∙ 6 personnes,Ayent - Valais
12/11/2024,07/12/2024,14/12/2024,1293.74,HV8HA9U,120 m² Maison de vacances ∙ 3 chambres ∙ 6 personnes,Ayent - Valais
12/11/2024,14/12/2024,21/12/2024,2270.19,HV8HA9U,120 m² Maison de vacances ∙ 3 chambres ∙ 6 personnes,Ayent - Valais
12/11/2024,21/12/2024,28/12/2024,2270.19,HV8HA9U,120 m² Maison de vacances ∙ 3 chambres ∙ 6 personnes,Ayent - Valais
12/11/2024,04/01/2025,11/01/2025,1522.36,HV8HA9U,120 m² Maison de vacances ∙ 3 chambres ∙ 6 personnes,Ayent - Valais
12/11/2024,11/01/2025,18/01/2025,1522.36,HV8HA9U,120 m² Maison de vacances ∙ 3 chambres ∙ 6 personnes,Ayent - Valais
12/11/2024,18/01/2025,25/01/2025,1522.36,HV8HA9U,120 m² Maison de vacances ∙ 3 chambres ∙ 6 personnes,Ayent - Valais
12/11/2024,25/01/2025,01/02/2025,1522.36,HV8HA9U,120 m² Maison de vacances ∙ 3 chambres ∙ 6 personnes,Ayent - Valais
12/11/2024,01/02/2025,08/02/2025,1896.27,HV8HA9U,120 m² Maison de vacances ∙ 3 chambres ∙ 6 personnes,Ayent - Valais
12/11/2024,08/02/2025,15/02/2025,1896.27,HV8HA9U,120 m² Maison de vacances ∙ 3 chambres ∙ 6 personnes,Ayent - Valais
12/11/2024,15/02/2025,22/02/2025,1896.27,HV8HA9U,120 m² Maison de vacances ∙ 3 chambres ∙ 6 personnes,Ayent - Valais
12/11/2024,22/02/2025,01/03/2025,1896.27,HV8HA9U,120 m² Maison de vacances ∙ 3 chambres ∙ 6 personnes,Ayent - Valais
12/11/2024,16/11/2024,23/11/2024,1276.65,HNRH8DZ,125 m² Maison de vacances ∙ 3 chambres ∙ 6 personnes,Saint-Luc - Valais
12/11/2024,23/11/2024,30/11/2024,1276.65,HNRH8DZ,125 m² Maison de vacances ∙ 3 chambres ∙ 6 personnes,Saint-Luc - Valais
12/11/2024,14/12/2024,21/12/2024,1505.27,HNRH8DZ,125 m² Maison de vacances ∙ 3 chambres ∙ 6 personnes,Saint-Luc - Valais
12/11/2024,03/05/2025,10/05/2025,1505.27,HNRH8DZ,125 m² Maison de vacances ∙ 3 chambres ∙ 6 personnes,Saint-Luc - Valais
12/11/2024,10/05/2025,17/05/2025,1505.27,HNRH8DZ,125 m² Maison de vacances ∙ 3 chambres ∙ 6 personnes,Saint-Luc - Valais
12/11/2024,16/11/2024,23/11/2024,679.45,HDR9SF8,45 m² Appartement ∙ 1 chambre ∙ 2 personnes,Crans-Montana - Valais
12/11/2024,23/11/2024,30/11/2024,679.45,HDR9SF8,45 m² Appartement ∙ 1 chambre ∙ 2 personnes,Crans-Montana - Valais
12/11/2024,30/11/2024,07/12/2024,679.45,HDR9SF8,45 m² Appartement ∙ 1 chambre ∙ 2 personnes,Crans-Montana - Valais
12/11/2024,07/12/2024,14/12/2024,679.45,HDR9SF8,45 m² Appartement ∙ 1 chambre ∙ 2 personnes,Crans-Montana - Valais
12/11/2024,14/12/2024,21/12/2024,679.45,HDR9SF8,45 m² Appartement ∙ 1 chambre ∙ 2 personnes,Crans-Montana - Valais
12/11/2024,04/01/2025,11/01/2025,833.29,HDR9SF8,45 m² Appartement ∙ 1 chambre ∙ 2 personnes,Crans-Montana - Valais
12/11/2024,11/01/2025,18/01/2025,833.35,HDR9SF8,45 m² Appartement ∙ 1 chambre ∙ 2 personnes,Crans-Montana - Valais
12/11/2024,18/01/2025,25/01/2025,833.35,HDR9SF8,45 m² Appartement ∙ 1 chambre ∙ 2 personnes,Crans-Montana - Valais
12/11/2024,25/01/2025,01/02/2025,833.35,HDR9SF8,45 m² Appartement ∙ 1 chambre ∙ 2 personnes,Crans-Montana - Valais
12/11/2024,01/02/2025,08/02/2025,833.35,HDR9SF8,45 m² Appartement ∙ 1 chambre ∙ 2 personnes,Crans-Montana - Valais
12/11/2024,08/02/2025,15/02/2025,833.35,HDR9SF8,45 m² Appartement ∙ 1 chambre ∙ 2 personnes,Crans-Montana - Valais
12/11/2024,15/02/2025,22/02/2025,833.35,HDR9SF8,45 m² Appartement ∙ 1 chambre ∙ 2 personnes,Crans-Montana - Valais
12/11/2024,22/02/2025,01/03/2025,833.35,HDR9SF8,45 m² Appartement ∙ 1 chambre ∙ 2 personnes,Crans-Montana - Valais
12/11/2024,01/03/2025,08/03/2025,833.35,HDR9SF8,45 m² Appartement ∙ 1 chambre ∙ 2 personnes,Crans-Montana - Valais
12/11/2024,08/03/2025,15/03/2025,833.35,HDR9SF8,45 m² Appartement ∙ 1 chambre ∙ 2 personnes,Crans-Montana - Valais
12/11/2024,15/03/2025,22/03/2025,833.35,HDR9SF8,45 m² Appartement ∙ 1 chambre ∙ 2 personnes,Crans-Montana - Valais
12/11/2024,22/03/2025,29/03/2025,833.35,HDR9SF8,45 m² Appartement ∙ 1 chambre ∙ 2 personnes,Crans-Montana - Valais
12/11/2024,29/03/2025,05/04/2025,679.50,HDR9SF8,45 m² Appartement ∙ 1 chambre ∙ 2 personnes,Crans-Montana - Valais
12/11/2024,05/04/2025,12/04/2025,679.50,HDR9SF8,45 m² Appartement ∙ 1 chambre ∙ 2 personnes,Crans-Montana - Valais
12/11/2024,12/04/2025,19/04/2025,679.50,HDR9SF8,45 m² Appartement ∙ 1 chambre ∙ 2 personnes,Crans-Montana - Valais
12/11/2024,19/04/2025,26/04/2025,679.50,HDR9SF8,45 m² Appartement ∙ 1 chambre ∙ 2 personnes,Crans-Montana - Valais
12/11/2024,26/04/2025,03/05/2025,679.50,HDR9SF8,45 m² Appartement ∙ 1 chambre ∙ 2 personnes,Crans-Montana - Valais
12/11/2024,03/05/2025,10/05/2025,679.50,HDR9SF8,45 m² Appartement ∙ 1 chambre ∙ 2 personnes,Crans-Montana - Valais
12/11/2024,10/05/2025,17/05/2025,679.50,HDR9SF8,45 m² Appartement ∙ 1 chambre ∙ 2 personnes,Crans-Montana - Valais
12/11/2024,07/12/2024,14/12/2024,876.09,HNRUWBE,80 m² Maison de vacances ∙ 3 chambres ∙ 5 personnes,Orsières - Valais
12/11/2024,14/12/2024,21/12/2024,876.09,HNRUWBE,80 m² Maison de vacances ∙ 3 chambres ∙ 5 personnes,Orsières - Valais
12/11/2024,04/01/2025,11/01/2025,1029.94,HNRUWBE,80 m² Maison de vacances ∙ 3 chambres ∙ 5 personnes,Orsières - Valais
12/11/2024,11/01/2025,18/01/2025,1029.94,HNRUWBE,80 m² Maison de vacances ∙ 3 chambres ∙ 5 personnes,Orsières - Valais
12/11/2024,18/01/2025,25/01/2025,1029.94,HNRUWBE,80 m² Maison de vacances ∙ 3 chambres ∙ 5 personnes,Orsières - Valais
12/11/2024,25/01/2025,01/02/2025,1029.94,HNRUWBE,80 m² Maison de vacances ∙ 3 chambres ∙ 5 personnes,Orsières - Valais
12/11/2024,01/03/2025,08/03/2025,1029.94,HNRUWBE,80 m² Maison de vacances ∙ 3 chambres ∙ 5 personnes,Orsières - Valais
12/11/2024,08/03/2025,15/03/2025,1029.94,HNRUWBE,80 m² Maison de vacances ∙ 3 chambres ∙ 5 personnes,Orsières - Valais
12/11/2024,15/03/2025,22/03/2025,1029.94,HNRUWBE,80 m² Maison de vacances ∙ 3 chambres ∙ 5 personnes,Orsières - Valais
12/11/2024,22/03/2025,29/03/2025,1029.94,HNRUWBE,80 m² Maison de vacances ∙ 3 chambres ∙ 5 personnes,Orsières - Valais
12/11/2024,29/03/2025,05/04/2025,1029.94,HNRUWBE,80 m² Maison de vacances ∙ 3 chambres ∙ 5 personnes,Orsières - Valais
12/11/2024,05/04/2025,12/04/2025,1029.94,HNRUWBE,80 m² Maison de vacances ∙ 3 chambres ∙ 5 personnes,Orsières - Valais
12/11/2024,12/04/2025,19/04/2025,1029.94,HNRUWBE,80 m² Maison de vacances ∙ 3 chambres ∙ 5 personnes,Orsières - Valais
12/11/2024,19/04/2025,26/04/2025,1029.94,HNRUWBE,80 m² Maison de vacances ∙ 3 chambres ∙ 5 personnes,Orsières - Valais
12/11/2024,26/04/2025,03/05/2025,1029.94,HNRUWBE,80 m² Maison de vacances ∙ 3 chambres ∙ 5 personnes,Orsières - Valais
12/11/2024,03/05/2025,10/05/2025,1029.94,HNRUWBE,80 m² Maison de vacances ∙ 3 chambres ∙ 5 personnes,Orsières - Valais
12/11/2024,10/05/2025,17/05/2025,1029.94,HNRUWBE,80 m² Maison de vacances ∙ 3 chambres ∙ 5 personnes,Orsières - Valais
12/11/2024,19/04/2025,26/04/2025,1001.09,HMNDPKA,110 m² Maison de vacances ∙ 4 chambres ∙ 8 personnes,Wiler (Lötschen) - Valais
12/11/2024,26/04/2025,03/05/2025,1001.09,HMNDPKA,110 m² Maison de vacances ∙ 4 chambres ∙ 8 personnes,Wiler (Lötschen) - Valais
12/11/2024,03/05/2025,10/05/2025,1001.09,HMNDPKA,110 m² Maison de vacances ∙ 4 chambres ∙ 8 personnes,Wiler (Lötschen) - Valais
12/11/2024,10/05/2025,17/05/2025,1001.09,HMNDPKA,110 m² Maison de vacances ∙ 4 chambres ∙ 8 personnes,Wiler (Lötschen) - Valais
12/11/2024,11/01/2025,18/01/2025,1252.16,HYZX3CL,150 m² Maison de vacances ∙ 5 chambres ∙ 10 personnes,Nendaz - Valais
12/11/2024,25/01/2025,01/02/2025,1651.94,HYZX3CL,150 m² Maison de vacances ∙ 5 chambres ∙ 10 personnes,Nendaz - Valais
12/11/2024,08/02/2025,15/02/2025,2143.90,HYZX3CL,150 m² Maison de vacances ∙ 5 chambres ∙ 10 personnes,Nendaz - Valais
12/11/2024,08/03/2025,15/03/2025,1517.30,HYZX3CL,150 m² Maison de vacances ∙ 5 chambres ∙ 10 personnes,Nendaz - Valais
12/11/2024,29/03/2025,05/04/2025,1216.95,HYZX3CL,150 m² Maison de vacances ∙ 5 chambres ∙ 10 personnes,Nendaz - Valais
12/11/2024,05/04/2025,12/04/2025,1216.95,HYZX3CL,150 m² Maison de vacances ∙ 5 chambres ∙ 10 personnes,Nendaz - Valais
12/11/2024,12/04/2025,19/04/2025,1517.30,HYZX3CL,150 m² Maison de vacances ∙ 5 chambres ∙ 10 personnes,Nendaz - Valais
12/11/2024,26/04/2025,03/05/2025,1220.05,HYZX3CL,150 m² Maison de vacances ∙ 5 chambres ∙ 10 personnes,Nendaz - Valais
12/11/2024,16/11/2024,23/11/2024,578.01,HL4W8UF,64 m² Appartement ∙ 2 chambres ∙ 4 personnes,Bellwald - Valais
12/11/2024,23/11/2024,30/11/2024,578.01,HL4W8UF,64 m² Appartement ∙ 2 chambres ∙ 4 personnes,Bellwald - Valais
12/11/2024,30/11/2024,07/12/2024,578.01,HL4W8UF,64 m² Appartement ∙ 2 chambres ∙ 4 personnes,Bellwald - Valais
12/11/2024,07/12/2024,14/12/2024,693.39,HL4W8UF,64 m² Appartement ∙ 2 chambres ∙ 4 personnes,Bellwald - Valais
12/11/2024,14/12/2024,21/12/2024,693.39,HL4W8UF,64 m² Appartement ∙ 2 chambres ∙ 4 personnes,Bellwald - Valais
12/11/2024,18/01/2025,25/01/2025,1039.55,HL4W8UF,64 m² Appartement ∙ 2 chambres ∙ 4 personnes,Bellwald - Valais
12/11/2024,25/01/2025,01/02/2025,1194.47,HL4W8UF,64 m² Appartement ∙ 2 chambres ∙ 4 personnes,Bellwald - Valais
12/11/2024,22/02/2025,01/03/2025,1194.47,HL4W8UF,64 m² Appartement ∙ 2 chambres ∙ 4 personnes,Bellwald - Valais
12/11/2024,08/03/2025,15/03/2025,1194.47,HL4W8UF,64 m² Appartement ∙ 2 chambres ∙ 4 personnes,Bellwald - Valais
12/11/2024,15/03/2025,22/03/2025,962.63,HL4W8UF,64 m² Appartement ∙ 2 chambres ∙ 4 personnes,Bellwald - Valais
12/11/2024,22/03/2025,29/03/2025,962.63,HL4W8UF,64 m² Appartement ∙ 2 chambres ∙ 4 personnes,Bellwald - Valais
12/11/2024,29/03/2025,05/04/2025,962.63,HL4W8UF,64 m² Appartement ∙ 2 chambres ∙ 4 personnes,Bellwald - Valais
12/11/2024,05/04/2025,12/04/2025,616.47,HL4W8UF,64 m² Appartement ∙ 2 chambres ∙ 4 personnes,Bellwald - Valais
12/11/2024,12/04/2025,19/04/2025,616.47,HL4W8UF,64 m² Appartement ∙ 2 chambres ∙ 4 personnes,Bellwald - Valais
12/11/2024,03/05/2025,10/05/2025,616.47,HL4W8UF,64 m² Appartement ∙ 2 chambres ∙ 4 personnes,Bellwald - Valais
12/11/2024,10/05/2025,17/05/2025,616.47,HL4W8UF,64 m² Appartement ∙ 2 chambres ∙ 4 personnes,Bellwald - Valais
12/11/2024,16/11/2024,23/11/2024,890.70,HF7PWXJ,100 m² Maison de vacances ∙ 3 chambres ∙ 6 personnes,Riddes - Valais
12/11/2024,23/11/2024,30/11/2024,890.70,HF7PWXJ,100 m² Maison de vacances ∙ 3 chambres ∙ 6 personnes,Riddes - Valais
12/11/2024,30/11/2024,07/12/2024,890.70,HF7PWXJ,100 m² Maison de vacances ∙ 3 chambres ∙ 6 personnes,Riddes - Valais
12/11/2024,07/12/2024,14/12/2024,890.70,HF7PWXJ,100 m² Maison de vacances ∙ 3 chambres ∙ 6 personnes,Riddes - Valais
12/11/2024,14/12/2024,21/12/2024,890.70,HF7PWXJ,100 m² Maison de vacances ∙ 3 chambres ∙ 6 personnes,Riddes - Valais
12/11/2024,04/01/2025,11/01/2025,919.70,HF7PWXJ,100 m² Maison de vacances ∙ 3 chambres ∙ 6 personnes,Riddes - Valais
12/11/2024,11/01/2025,18/01/2025,919.70,HF7PWXJ,100 m² Maison de vacances ∙ 3 chambres ∙ 6 personnes,Riddes - Valais
12/11/2024,18/01/2025,25/01/2025,919.70,HF7PWXJ,100 m² Maison de vacances ∙ 3 chambres ∙ 6 personnes,Riddes - Valais
12/11/2024,25/01/2025,01/02/2025,1034.66,HF7PWXJ,100 m² Maison de vacances ∙ 3 chambres ∙ 6 personnes,Riddes - Valais
12/11/2024,01/02/2025,08/02/2025,1086.45,HF7PWXJ,100 m² Maison de vacances ∙ 3 chambres ∙ 6 personnes,Riddes - Valais
12/11/2024,08/02/2025,15/02/2025,1263.55,HF7PWXJ,100 m² Maison de vacances ∙ 3 chambres ∙ 6 personnes,Riddes - Valais
12/11/2024,08/03/2025,15/03/2025,989.09,HF7PWXJ,100 m² Maison de vacances ∙ 3 chambres ∙ 6 personnes,Riddes - Valais
12/11/2024,15/03/2025,22/03/2025,919.70,HF7PWXJ,100 m² Maison de vacances ∙ 3 chambres ∙ 6 personnes,Riddes - Valais
12/11/2024,22/03/2025,29/03/2025,919.70,HF7PWXJ,100 m² Maison de vacances ∙ 3 chambres ∙ 6 personnes,Riddes - Valais
12/11/2024,29/03/2025,05/04/2025,989.09,HF7PWXJ,100 m² Maison de vacances ∙ 3 chambres ∙ 6 personnes,Riddes - Valais
12/11/2024,05/04/2025,12/04/2025,989.09,HF7PWXJ,100 m² Maison de vacances ∙ 3 chambres ∙ 6 personnes,Riddes - Valais
12/11/2024,12/04/2025,19/04/2025,989.09,HF7PWXJ,100 m² Maison de vacances ∙ 3 chambres ∙ 6 personnes,Riddes - Valais
12/11/2024,19/04/2025,26/04/2025,890.70,HF7PWXJ,100 m² Maison de vacances ∙ 3 chambres ∙ 6 personnes,Riddes - Valais
12/11/2024,26/04/2025,03/05/2025,890.70,HF7PWXJ,100 m² Maison de vacances ∙ 3 chambres ∙ 6 personnes,Riddes - Valais
12/11/2024,08/02/2025,15/02/2025,3893.26,HHZKUCL,106 m² Appartement ∙ 2 chambres ∙ 4 personnes,Zermatt - Valais
12/11/2024,22/03/2025,29/03/2025,3893.26,HHZKUCL,106 m² Appartement ∙ 2 chambres ∙ 4 personnes,Zermatt - Valais
12/11/2024,12/04/2025,19/04/2025,3893.26,HHZKUCL,106 m² Appartement ∙ 2 chambres ∙ 4 personnes,Zermatt - Valais
12/11/2024,19/04/2025,26/04/2025,3893.26,HHZKUCL,106 m² Appartement ∙ 2 chambres ∙ 4 personnes,Zermatt - Valais
12/11/2024,26/04/2025,03/05/2025,1574.82,HHZKUCL,106 m² Appartement ∙ 2 chambres ∙ 4 personnes,Zermatt - Valais
12/11/2024,03/05/2025,10/05/2025,1574.82,HHZKUCL,106 m² Appartement ∙ 2 chambres ∙ 4 personnes,Zermatt - Valais
12/11/2024,10/05/2025,17/05/2025,1574.82,HHZKUCL,106 m² Appartement ∙ 2 chambres ∙ 4 personnes,Zermatt - Valais
12/11/2024,08/02/2025,15/02/2025,1271.40,HDEBAKS,110 m² Appartement ∙ 3 chambres ∙ 6 personnes,Saint-Martin - Valais
12/11/2024,15/02/2025,22/02/2025,1271.40,HDEBAKS,110 m² Appartement ∙ 3 chambres ∙ 6 personnes,Saint-Martin - Valais
12/11/2024,16/11/2024,23/11/2024,1017.12,H6JNGWA,125 m² Maison de vacances ∙ 3 chambres ∙ 6 personnes,Savièse - Valais
12/11/2024,23/11/2024,30/11/2024,1017.12,H6JNGWA,125 m² Maison de vacances ∙ 3 chambres ∙ 6 personnes,Savièse - Valais
12/11/2024,30/11/2024,07/12/2024,1017.12,H6JNGWA,125 m² Maison de vacances ∙ 3 chambres ∙ 6 personnes,Savièse - Valais
12/11/2024,07/12/2024,14/12/2024,1017.12,H6JNGWA,125 m² Maison de vacances ∙ 3 chambres ∙ 6 personnes,Savièse - Valais
12/11/2024,14/12/2024,21/12/2024,1142.55,H6JNGWA,125 m² Maison de vacances ∙ 3 chambres ∙ 6 personnes,Savièse - Valais
12/11/2024,01/02/2025,08/02/2025,2696.65,H6JNGWA,125 m² Maison de vacances ∙ 3 chambres ∙ 6 personnes,Savièse - Valais
12/11/2024,08/02/2025,15/02/2025,2696.65,H6JNGWA,125 m² Maison de vacances ∙ 3 chambres ∙ 6 personnes,Savièse - Valais
12/11/2024,15/02/2025,22/02/2025,2696.65,H6JNGWA,125 m² Maison de vacances ∙ 3 chambres ∙ 6 personnes,Savièse - Valais
12/11/2024,01/03/2025,08/03/2025,1425.25,H6JNGWA,125 m² Maison de vacances ∙ 3 chambres ∙ 6 personnes,Savièse - Valais
12/11/2024,08/03/2025,15/03/2025,1425.25,H6JNGWA,125 m² Maison de vacances ∙ 3 chambres ∙ 6 personnes,Savièse - Valais
12/11/2024,15/03/2025,22/03/2025,1425.25,H6JNGWA,125 m² Maison de vacances ∙ 3 chambres ∙ 6 personnes,Savièse - Valais
12/11/2024,22/03/2025,29/03/2025,1516.06,H6JNGWA,125 m² Maison de vacances ∙ 3 chambres ∙ 6 personnes,Savièse - Valais
12/11/2024,29/03/2025,05/04/2025,1687.01,H6JNGWA,125 m² Maison de vacances ∙ 3 chambres ∙ 6 personnes,Savièse - Valais
12/11/2024,05/04/2025,12/04/2025,1537.43,H6JNGWA,125 m² Maison de vacances ∙ 3 chambres ∙ 6 personnes,Savièse - Valais
12/11/2024,12/04/2025,19/04/2025,1537.43,H6JNGWA,125 m² Maison de vacances ∙ 3 chambres ∙ 6 personnes,Savièse - Valais
12/11/2024,19/04/2025,26/04/2025,1441.27,H6JNGWA,125 m² Maison de vacances ∙ 3 chambres ∙ 6 personnes,Savièse - Valais
12/11/2024,26/04/2025,03/05/2025,1425.25,H6JNGWA,125 m² Maison de vacances ∙ 3 chambres ∙ 6 personnes,Savièse - Valais
12/11/2024,03/05/2025,10/05/2025,1425.25,H6JNGWA,125 m² Maison de vacances ∙ 3 chambres ∙ 6 personnes,Savièse - Valais
12/11/2024,10/05/2025,17/05/2025,1425.25,H6JNGWA,125 m² Maison de vacances ∙ 3 chambres ∙ 6 personnes,Savièse - Valais
12/11/2024,12/04/2025,19/04/2025,1307.00,HXYLW7R,90 m² Maison de vacances ∙ 1 chambre ∙ 2 personnes,Saint-Nicolas - Valais
12/11/2024,19/04/2025,26/04/2025,1307.00,HXYLW7R,90 m² Maison de vacances ∙ 1 chambre ∙ 2 personnes,Saint-Nicolas - Valais
12/11/2024,26/04/2025,03/05/2025,1238.00,HXYLW7R,90 m² Maison de vacances ∙ 1 chambre ∙ 2 personnes,Saint-Nicolas - Valais
12/11/2024,03/05/2025,10/05/2025,1238.00,HXYLW7R,90 m² Maison de vacances ∙ 1 chambre ∙ 2 personnes,Saint-Nicolas - Valais
12/11/2024,10/05/2025,17/05/2025,1238.00,HXYLW7R,90 m² Maison de vacances ∙ 1 chambre ∙ 2 personnes,Saint-Nicolas - Valais
12/11/2024,14/12/2024,21/12/2024,688.00,HTJ0USD,2 room,2 roomZinal - Ayer - Valais
12/11/2024,11/01/2025,18/01/2025,804.00,HTJ0USD,2 room,2 roomZinal - Ayer - Valais
12/11/2024,18/01/2025,25/01/2025,953.00,HTJ0USD,2 room,2 roomZinal - Ayer - Valais
12/11/2024,25/01/2025,01/02/2025,1054.00,HTJ0USD,2 room,2 roomZinal - Ayer - Valais
12/11/2024,01/02/2025,08/02/2025,1509.00,HTJ0USD,2 room,2 roomZinal - Ayer - Valais
12/11/2024,08/02/2025,15/02/2025,1551.00,HTJ0USD,2 room,2 roomZinal - Ayer - Valais
12/11/2024,22/02/2025,01/03/2025,2290.00,HTJ0USD,2 room,2 roomZinal - Ayer - Valais
12/11/2024,08/03/2025,15/03/2025,1054.00,HTJ0USD,2 room,2 roomZinal - Ayer - Valais
12/11/2024,15/03/2025,22/03/2025,918.00,HTJ0USD,2 room,2 roomZinal - Ayer - Valais
12/11/2024,22/03/2025,29/03/2025,918.00,HTJ0USD,2 room,2 roomZinal - Ayer - Valais
12/11/2024,29/03/2025,05/04/2025,804.00,HTJ0USD,2 room,2 roomZinal - Ayer - Valais
12/11/2024,05/04/2025,12/04/2025,1054.00,HTJ0USD,2 room,2 roomZinal - Ayer - Valais
12/11/2024,12/04/2025,19/04/2025,918.00,HTJ0USD,2 room,2 roomZinal - Ayer - Valais
12/11/2024,16/11/2024,23/11/2024,1068.34,HFSAEWZ,90 m² Maison de vacances ∙ 3 chambres ∙ 6 personnes,Val-d'Illiez - Valais
12/11/2024,23/11/2024,30/11/2024,1068.34,HFSAEWZ,90 m² Maison de vacances ∙ 3 chambres ∙ 6 personnes,Val-d'Illiez - Valais
12/11/2024,30/11/2024,07/12/2024,1068.34,HFSAEWZ,90 m² Maison de vacances ∙ 3 chambres ∙ 6 personnes,Val-d'Illiez - Valais
12/11/2024,07/12/2024,14/12/2024,1068.34,HFSAEWZ,90 m² Maison de vacances ∙ 3 chambres ∙ 6 personnes,Val-d'Illiez - Valais
12/11/2024,14/12/2024,21/12/2024,1068.34,HFSAEWZ,90 m² Maison de vacances ∙ 3 chambres ∙ 6 personnes,Val-d'Illiez - Valais
12/11/2024,04/01/2025,11/01/2025,1240.26,HFSAEWZ,90 m² Maison de vacances ∙ 3 chambres ∙ 6 personnes,Val-d'Illiez - Valais
12/11/2024,11/01/2025,18/01/2025,1240.26,HFSAEWZ,90 m² Maison de vacances ∙ 3 chambres ∙ 6 personnes,Val-d'Illiez - Valais
12/11/2024,18/01/2025,25/01/2025,1240.26,HFSAEWZ,90 m² Maison de vacances ∙ 3 chambres ∙ 6 personnes,Val-d'Illiez - Valais
12/11/2024,25/01/2025,01/02/2025,1500.22,HFSAEWZ,90 m² Maison de vacances ∙ 3 chambres ∙ 6 personnes,Val-d'Illiez - Valais
12/11/2024,08/02/2025,15/02/2025,1896.90,HFSAEWZ,90 m² Maison de vacances ∙ 3 chambres ∙ 6 personnes,Val-d'Illiez - Valais
12/11/2024,15/02/2025,22/02/2025,2153.75,HFSAEWZ,90 m² Maison de vacances ∙ 3 chambres ∙ 6 personnes,Val-d'Illiez - Valais
12/11/2024,08/03/2025,15/03/2025,1200.90,HFSAEWZ,90 m² Maison de vacances ∙ 3 chambres ∙ 6 personnes,Val-d'Illiez - Valais
12/11/2024,22/03/2025,29/03/2025,1068.34,HFSAEWZ,90 m² Maison de vacances ∙ 3 chambres ∙ 6 personnes,Val-d'Illiez - Valais
12/11/2024,29/03/2025,05/04/2025,1068.34,HFSAEWZ,90 m² Maison de vacances ∙ 3 chambres ∙ 6 personnes,Val-d'Illiez - Valais
12/11/2024,05/04/2025,12/04/2025,1068.34,HFSAEWZ,90 m² Maison de vacances ∙ 3 chambres ∙ 6 personnes,Val-d'Illiez - Valais
12/11/2024,12/04/2025,19/04/2025,1068.34,HFSAEWZ,90 m² Maison de vacances ∙ 3 chambres ∙ 6 personnes,Val-d'Illiez - Valais
12/11/2024,19/04/2025,26/04/2025,1068.34,HFSAEWZ,90 m² Maison de vacances ∙ 3 chambres ∙ 6 personnes,Val-d'Illiez - Valais
12/11/2024,26/04/2025,03/05/2025,1068.34,HFSAEWZ,90 m² Maison de vacances ∙ 3 chambres ∙ 6 personnes,Val-d'Illiez - Valais
12/11/2024,16/11/2024,23/11/2024,1309.91,HN9C5R1,Maison de vacances ∙ 3 chambres ∙ 6 personnes,Bellwald - Valais
12/11/2024,23/11/2024,30/11/2024,1309.91,HN9C5R1,Maison de vacances ∙ 3 chambres ∙ 6 personnes,Bellwald - Valais
12/11/2024,30/11/2024,07/12/2024,1309.91,HN9C5R1,Maison de vacances ∙ 3 chambres ∙ 6 personnes,Bellwald - Valais
12/11/2024,07/12/2024,14/12/2024,1360.34,HN9C5R1,Maison de vacances ∙ 3 chambres ∙ 6 personnes,Bellwald - Valais
12/11/2024,14/12/2024,21/12/2024,1327.28,HN9C5R1,Maison de vacances ∙ 3 chambres ∙ 6 personnes,Bellwald - Valais
12/11/2024,04/01/2025,11/01/2025,1883.70,HN9C5R1,Maison de vacances ∙ 3 chambres ∙ 6 personnes,Bellwald - Valais
12/11/2024,11/01/2025,18/01/2025,1883.70,HN9C5R1,Maison de vacances ∙ 3 chambres ∙ 6 personnes,Bellwald - Valais
12/11/2024,18/01/2025,25/01/2025,1883.70,HN9C5R1,Maison de vacances ∙ 3 chambres ∙ 6 personnes,Bellwald - Valais
12/11/2024,08/03/2025,15/03/2025,1327.28,HN9C5R1,Maison de vacances ∙ 3 chambres ∙ 6 personnes,Bellwald - Valais
12/11/2024,15/03/2025,22/03/2025,1327.28,HN9C5R1,Maison de vacances ∙ 3 chambres ∙ 6 personnes,Bellwald - Valais
12/11/2024,22/03/2025,29/03/2025,1327.28,HN9C5R1,Maison de vacances ∙ 3 chambres ∙ 6 personnes,Bellwald - Valais
12/11/2024,29/03/2025,05/04/2025,1327.28,HN9C5R1,Maison de vacances ∙ 3 chambres ∙ 6 personnes,Bellwald - Valais
12/11/2024,16/11/2024,23/11/2024,595.53,H1WEJYR,64 m² Appartement ∙ 3 chambres ∙ 5 personnes,Fiesch - Valais
12/11/2024,23/11/2024,30/11/2024,595.53,H1WEJYR,64 m² Appartement ∙ 3 chambres ∙ 5 personnes,Fiesch - Valais
12/11/2024,30/11/2024,07/12/2024,595.53,H1WEJYR,64 m² Appartement ∙ 3 chambres ∙ 5 personnes,Fiesch - Valais
12/11/2024,07/12/2024,14/12/2024,595.53,H1WEJYR,64 m² Appartement ∙ 3 chambres ∙ 5 personnes,Fiesch - Valais
12/11/2024,14/12/2024,21/12/2024,595.53,H1WEJYR,64 m² Appartement ∙ 3 chambres ∙ 5 personnes,Fiesch - Valais
12/11/2024,04/01/2025,11/01/2025,595.53,H1WEJYR,64 m² Appartement ∙ 3 chambres ∙ 5 personnes,Fiesch - Valais
12/11/2024,08/03/2025,15/03/2025,814.79,H1WEJYR,64 m² Appartement ∙ 3 chambres ∙ 5 personnes,Fiesch - Valais
12/11/2024,15/03/2025,22/03/2025,747.47,H1WEJYR,64 m² Appartement ∙ 3 chambres ∙ 5 personnes,Fiesch - Valais
12/11/2024,22/03/2025,29/03/2025,747.47,H1WEJYR,64 m² Appartement ∙ 3 chambres ∙ 5 personnes,Fiesch - Valais
12/11/2024,29/03/2025,05/04/2025,747.47,H1WEJYR,64 m² Appartement ∙ 3 chambres ∙ 5 personnes,Fiesch - Valais
12/11/2024,05/04/2025,12/04/2025,747.47,H1WEJYR,64 m² Appartement ∙ 3 chambres ∙ 5 personnes,Fiesch - Valais
12/11/2024,12/04/2025,19/04/2025,814.79,H1WEJYR,64 m² Appartement ∙ 3 chambres ∙ 5 personnes,Fiesch - Valais
12/11/2024,19/04/2025,26/04/2025,747.47,H1WEJYR,64 m² Appartement ∙ 3 chambres ∙ 5 personnes,Fiesch - Valais
12/11/2024,26/04/2025,03/05/2025,747.47,H1WEJYR,64 m² Appartement ∙ 3 chambres ∙ 5 personnes,Fiesch - Valais
12/11/2024,16/11/2024,23/11/2024,759.87,HZJYK04,26 m² Appartement ∙ 1 chambre ∙ 2 personnes,Saas Fee - Valais
12/11/2024,23/11/2024,30/11/2024,759.87,HZJYK04,26 m² Appartement ∙ 1 chambre ∙ 2 personnes,Saas Fee - Valais
12/11/2024,30/11/2024,07/12/2024,759.87,HZJYK04,26 m² Appartement ∙ 1 chambre ∙ 2 personnes,Saas Fee - Valais
12/11/2024,07/12/2024,14/12/2024,759.87,HZJYK04,26 m² Appartement ∙ 1 chambre ∙ 2 personnes,Saas Fee - Valais
12/11/2024,08/02/2025,15/02/2025,1149.38,HZJYK04,26 m² Appartement ∙ 1 chambre ∙ 2 personnes,Saas Fee - Valais
12/11/2024,29/03/2025,05/04/2025,910.79,HZJYK04,26 m² Appartement ∙ 1 chambre ∙ 2 personnes,Saas Fee - Valais
12/11/2024,05/04/2025,12/04/2025,1149.38,HZJYK04,26 m² Appartement ∙ 1 chambre ∙ 2 personnes,Saas Fee - Valais
12/11/2024,12/04/2025,19/04/2025,1149.38,HZJYK04,26 m² Appartement ∙ 1 chambre ∙ 2 personnes,Saas Fee - Valais
12/11/2024,19/04/2025,26/04/2025,910.79,HZJYK04,26 m² Appartement ∙ 1 chambre ∙ 2 personnes,Saas Fee - Valais
12/11/2024,16/11/2024,23/11/2024,578.91,HPHW7MT,25 m² Appartement ∙ 1 chambre ∙ 2 personnes,Nendaz - Valais
12/11/2024,23/11/2024,30/11/2024,578.91,HPHW7MT,25 m² Appartement ∙ 1 chambre ∙ 2 personnes,Nendaz - Valais
12/11/2024,05/04/2025,12/04/2025,783.75,H8KNGSW,Appartement ∙ 3 chambres ∙ 5 personnes,Grächen - Valais
12/11/2024,12/04/2025,19/04/2025,954.78,H8KNGSW,Appartement ∙ 3 chambres ∙ 5 personnes,Grächen - Valais
12/11/2024,19/04/2025,26/04/2025,1040.30,H8KNGSW,Appartement ∙ 3 chambres ∙ 5 personnes,Grächen - Valais
12/11/2024,26/04/2025,03/05/2025,783.75,H8KNGSW,Appartement ∙ 3 chambres ∙ 5 personnes,Grächen - Valais
12/11/2024,03/05/2025,10/05/2025,783.75,H8KNGSW,Appartement ∙ 3 chambres ∙ 5 personnes,Grächen - Valais
12/11/2024,10/05/2025,17/05/2025,783.75,H8KNGSW,Appartement ∙ 3 chambres ∙ 5 personnes,Grächen - Valais
12/11/2024,11/01/2025,18/01/2025,1326.51,H0LDK1B,60 m² Appartement ∙ 2 chambres ∙ 4 personnes,Saas-Almagell - Valais
12/11/2024,18/01/2025,25/01/2025,1326.51,H0LDK1B,60 m² Appartement ∙ 2 chambres ∙ 4 personnes,Saas-Almagell - Valais
12/11/2024,01/02/2025,08/02/2025,1486.64,H0LDK1B,60 m² Appartement ∙ 2 chambres ∙ 4 personnes,Saas-Almagell - Valais
12/11/2024,08/02/2025,15/02/2025,1486.64,H0LDK1B,60 m² Appartement ∙ 2 chambres ∙ 4 personnes,Saas-Almagell - Valais
12/11/2024,01/03/2025,08/03/2025,1486.64,H0LDK1B,60 m² Appartement ∙ 2 chambres ∙ 4 personnes,Saas-Almagell - Valais
12/11/2024,08/03/2025,15/03/2025,1349.38,H0LDK1B,60 m² Appartement ∙ 2 chambres ∙ 4 personnes,Saas-Almagell - Valais
12/11/2024,15/03/2025,22/03/2025,1326.51,H0LDK1B,60 m² Appartement ∙ 2 chambres ∙ 4 personnes,Saas-Almagell - Valais
12/11/2024,22/03/2025,29/03/2025,1326.51,H0LDK1B,60 m² Appartement ∙ 2 chambres ∙ 4 personnes,Saas-Almagell - Valais
12/11/2024,29/03/2025,05/04/2025,1326.51,H0LDK1B,60 m² Appartement ∙ 2 chambres ∙ 4 personnes,Saas-Almagell - Valais
12/11/2024,05/04/2025,12/04/2025,1326.51,H0LDK1B,60 m² Appartement ∙ 2 chambres ∙ 4 personnes,Saas-Almagell - Valais
12/11/2024,12/04/2025,19/04/2025,1360.82,H0LDK1B,60 m² Appartement ∙ 2 chambres ∙ 4 personnes,Saas-Almagell - Valais
12/11/2024,19/04/2025,26/04/2025,1366.54,H0LDK1B,60 m² Appartement ∙ 2 chambres ∙ 4 personnes,Saas-Almagell - Valais
12/11/2024,14/12/2024,21/12/2024,760.21,H89F36P,100 m² Appartement ∙ 3 chambres ∙ 6 personnes,Saas-Balen - Valais
12/11/2024,29/03/2025,05/04/2025,760.21,H89F36P,100 m² Appartement ∙ 3 chambres ∙ 6 personnes,Saas-Balen - Valais
12/11/2024,05/04/2025,12/04/2025,910.74,H89F36P,100 m² Appartement ∙ 3 chambres ∙ 6 personnes,Saas-Balen - Valais
12/11/2024,19/04/2025,26/04/2025,910.74,H89F36P,100 m² Appartement ∙ 3 chambres ∙ 6 personnes,Saas-Balen - Valais
12/11/2024,26/04/2025,03/05/2025,760.21,H89F36P,100 m² Appartement ∙ 3 chambres ∙ 6 personnes,Saas-Balen - Valais
12/11/2024,03/05/2025,10/05/2025,760.21,H89F36P,100 m² Appartement ∙ 3 chambres ∙ 6 personnes,Saas-Balen - Valais
12/11/2024,10/05/2025,17/05/2025,760.21,H89F36P,100 m² Appartement ∙ 3 chambres ∙ 6 personnes,Saas-Balen - Valais
12/11/2024,16/11/2024,23/11/2024,814.86,H1A8N2M,55 m² Appartement ∙ 1 chambre ∙ 4 personnes,Loèche-les-Bains - Valais
12/11/2024,23/11/2024,30/11/2024,814.86,H1A8N2M,55 m² Appartement ∙ 1 chambre ∙ 4 personnes,Loèche-les-Bains - Valais
12/11/2024,30/11/2024,07/12/2024,814.86,H1A8N2M,55 m² Appartement ∙ 1 chambre ∙ 4 personnes,Loèche-les-Bains - Valais
12/11/2024,07/12/2024,14/12/2024,814.86,H1A8N2M,55 m² Appartement ∙ 1 chambre ∙ 4 personnes,Loèche-les-Bains - Valais
12/11/2024,14/12/2024,21/12/2024,738.54,H1A8N2M,55 m² Appartement ∙ 1 chambre ∙ 4 personnes,Loèche-les-Bains - Valais
12/11/2024,04/01/2025,11/01/2025,814.86,H1A8N2M,55 m² Appartement ∙ 1 chambre ∙ 4 personnes,Loèche-les-Bains - Valais
12/11/2024,15/03/2025,22/03/2025,814.86,H1A8N2M,55 m² Appartement ∙ 1 chambre ∙ 4 personnes,Loèche-les-Bains - Valais
12/11/2024,22/03/2025,29/03/2025,814.86,H1A8N2M,55 m² Appartement ∙ 1 chambre ∙ 4 personnes,Loèche-les-Bains - Valais
12/11/2024,29/03/2025,05/04/2025,814.86,H1A8N2M,55 m² Appartement ∙ 1 chambre ∙ 4 personnes,Loèche-les-Bains - Valais
12/11/2024,05/04/2025,12/04/2025,814.86,H1A8N2M,55 m² Appartement ∙ 1 chambre ∙ 4 personnes,Loèche-les-Bains - Valais
12/11/2024,19/04/2025,26/04/2025,814.86,H1A8N2M,55 m² Appartement ∙ 1 chambre ∙ 4 personnes,Loèche-les-Bains - Valais
12/11/2024,26/04/2025,03/05/2025,738.54,H1A8N2M,55 m² Appartement ∙ 1 chambre ∙ 4 personnes,Loèche-les-Bains - Valais
12/11/2024,03/05/2025,10/05/2025,738.54,H1A8N2M,55 m² Appartement ∙ 1 chambre ∙ 4 personnes,Loèche-les-Bains - Valais
12/11/2024,10/05/2025,17/05/2025,738.54,H1A8N2M,55 m² Appartement ∙ 1 chambre ∙ 4 personnes,Loèche-les-Bains - Valais
12/11/2024,14/12/2024,21/12/2024,1917.69,HKHVMX9,150 m² Maison de vacances ∙ 4 chambres ∙ 7 personnes,Ernen - Valais
12/11/2024,04/01/2025,11/01/2025,2249.06,HKHVMX9,150 m² Maison de vacances ∙ 4 chambres ∙ 7 personnes,Ernen - Valais
12/11/2024,11/01/2025,18/01/2025,2249.06,HKHVMX9,150 m² Maison de vacances ∙ 4 chambres ∙ 7 personnes,Ernen - Valais
12/11/2024,18/01/2025,25/01/2025,2249.06,HKHVMX9,150 m² Maison de vacances ∙ 4 chambres ∙ 7 personnes,Ernen - Valais
12/11/2024,25/01/2025,01/02/2025,2249.06,HKHVMX9,150 m² Maison de vacances ∙ 4 chambres ∙ 7 personnes,Ernen - Valais
12/11/2024,22/02/2025,01/03/2025,2249.06,HKHVMX9,150 m² Maison de vacances ∙ 4 chambres ∙ 7 personnes,Ernen - Valais
12/11/2024,15/03/2025,22/03/2025,2249.06,HKHVMX9,150 m² Maison de vacances ∙ 4 chambres ∙ 7 personnes,Ernen - Valais
12/11/2024,22/03/2025,29/03/2025,2249.06,HKHVMX9,150 m² Maison de vacances ∙ 4 chambres ∙ 7 personnes,Ernen - Valais
12/11/2024,29/03/2025,05/04/2025,2249.06,HKHVMX9,150 m² Maison de vacances ∙ 4 chambres ∙ 7 personnes,Ernen - Valais
12/11/2024,05/04/2025,12/04/2025,2249.06,HKHVMX9,150 m² Maison de vacances ∙ 4 chambres ∙ 7 personnes,Ernen - Valais
12/11/2024,10/05/2025,17/05/2025,1650.45,HKHVMX9,150 m² Maison de vacances ∙ 4 chambres ∙ 7 personnes,Ernen - Valais
12/11/2024,04/01/2025,11/01/2025,1072.86,HDXK2LB,43 m² Appartement ∙ 2 chambres ∙ 4 personnes,Saas Fee - Valais
12/11/2024,11/01/2025,18/01/2025,1072.86,HDXK2LB,43 m² Appartement ∙ 2 chambres ∙ 4 personnes,Saas Fee - Valais
12/11/2024,22/03/2025,29/03/2025,1200.96,HDXK2LB,43 m² Appartement ∙ 2 chambres ∙ 4 personnes,Saas Fee - Valais
12/11/2024,29/03/2025,05/04/2025,1200.96,HDXK2LB,43 m² Appartement ∙ 2 chambres ∙ 4 personnes,Saas Fee - Valais
12/11/2024,05/04/2025,12/04/2025,1200.96,HDXK2LB,43 m² Appartement ∙ 2 chambres ∙ 4 personnes,Saas Fee - Valais
12/11/2024,12/04/2025,19/04/2025,1200.96,HDXK2LB,43 m² Appartement ∙ 2 chambres ∙ 4 personnes,Saas Fee - Valais
12/11/2024,19/04/2025,26/04/2025,1200.96,HDXK2LB,43 m² Appartement ∙ 2 chambres ∙ 4 personnes,Saas Fee - Valais
12/11/2024,14/12/2024,21/12/2024,738.00,HKH1CS3,35 m² Appartement ∙ 1 chambre ∙ 2 personnes,Orsières - Valais
12/11/2024,21/12/2024,28/12/2024,1458.00,HKH1CS3,35 m² Appartement ∙ 1 chambre ∙ 2 personnes,Orsières - Valais
12/11/2024,28/12/2024,04/01/2025,1458.00,HKH1CS3,35 m² Appartement ∙ 1 chambre ∙ 2 personnes,Orsières - Valais
12/11/2024,04/01/2025,11/01/2025,1003.00,HKH1CS3,35 m² Appartement ∙ 1 chambre ∙ 2 personnes,Orsières - Valais
12/11/2024,11/01/2025,18/01/2025,1003.00,HKH1CS3,35 m² Appartement ∙ 1 chambre ∙ 2 personnes,Orsières - Valais
12/11/2024,18/01/2025,25/01/2025,1003.00,HKH1CS3,35 m² Appartement ∙ 1 chambre ∙ 2 personnes,Orsières - Valais
12/11/2024,25/01/2025,01/02/2025,1003.00,HKH1CS3,35 m² Appartement ∙ 1 chambre ∙ 2 personnes,Orsières - Valais
12/11/2024,01/02/2025,08/02/2025,1458.00,HKH1CS3,35 m² Appartement ∙ 1 chambre ∙ 2 personnes,Orsières - Valais
12/11/2024,08/02/2025,15/02/2025,1458.00,HKH1CS3,35 m² Appartement ∙ 1 chambre ∙ 2 personnes,Orsières - Valais
12/11/2024,15/02/2025,22/02/2025,1458.00,HKH1CS3,35 m² Appartement ∙ 1 chambre ∙ 2 personnes,Orsières - Valais
12/11/2024,22/02/2025,01/03/2025,1458.00,HKH1CS3,35 m² Appartement ∙ 1 chambre ∙ 2 personnes,Orsières - Valais
12/11/2024,01/03/2025,08/03/2025,1458.00,HKH1CS3,35 m² Appartement ∙ 1 chambre ∙ 2 personnes,Orsières - Valais
12/11/2024,08/03/2025,15/03/2025,738.00,HKH1CS3,35 m² Appartement ∙ 1 chambre ∙ 2 personnes,Orsières - Valais
12/11/2024,15/03/2025,22/03/2025,738.00,HKH1CS3,35 m² Appartement ∙ 1 chambre ∙ 2 personnes,Orsières - Valais
12/11/2024,22/03/2025,29/03/2025,738.00,HKH1CS3,35 m² Appartement ∙ 1 chambre ∙ 2 personnes,Orsières - Valais
12/11/2024,29/03/2025,05/04/2025,738.00,HKH1CS3,35 m² Appartement ∙ 1 chambre ∙ 2 personnes,Orsières - Valais
12/11/2024,05/04/2025,12/04/2025,738.00,HKH1CS3,35 m² Appartement ∙ 1 chambre ∙ 2 personnes,Orsières - Valais
12/11/2024,12/04/2025,19/04/2025,869.00,HKH1CS3,35 m² Appartement ∙ 1 chambre ∙ 2 personnes,Orsières - Valais
12/11/2024,19/04/2025,26/04/2025,869.00,HKH1CS3,35 m² Appartement ∙ 1 chambre ∙ 2 personnes,Orsières - Valais
12/11/2024,26/04/2025,03/05/2025,738.00,HKH1CS3,35 m² Appartement ∙ 1 chambre ∙ 2 personnes,Orsières - Valais
12/11/2024,03/05/2025,10/05/2025,738.00,HKH1CS3,35 m² Appartement ∙ 1 chambre ∙ 2 personnes,Orsières - Valais
12/11/2024,10/05/2025,17/05/2025,738.00,HKH1CS3,35 m² Appartement ∙ 1 chambre ∙ 2 personnes,Orsières - Valais
12/11/2024,26/04/2025,03/05/2025,1936.93,HWXAJ49,Appartement ∙ 3 chambres ∙ 6 personnes,Zermatt - Valais
12/11/2024,03/05/2025,10/05/2025,1936.93,HWXAJ49,Appartement ∙ 3 chambres ∙ 6 personnes,Zermatt - Valais
12/11/2024,10/05/2025,17/05/2025,1936.93,HWXAJ49,Appartement ∙ 3 chambres ∙ 6 personnes,Zermatt - Valais
12/11/2024,16/11/2024,23/11/2024,1024.05,H5GHAJM,80 m² Maison de vacances ∙ 3 chambres ∙ 5 personnes,Ayent - Valais
12/11/2024,23/11/2024,30/11/2024,733.30,H5GHAJM,80 m² Maison de vacances ∙ 3 chambres ∙ 5 personnes,Ayent - Valais
12/11/2024,30/11/2024,07/12/2024,733.30,H5GHAJM,80 m² Maison de vacances ∙ 3 chambres ∙ 5 personnes,Ayent - Valais
12/11/2024,07/12/2024,14/12/2024,733.30,H5GHAJM,80 m² Maison de vacances ∙ 3 chambres ∙ 5 personnes,Ayent - Valais
12/11/2024,04/01/2025,11/01/2025,1386.42,H5GHAJM,80 m² Maison de vacances ∙ 3 chambres ∙ 5 personnes,Ayent - Valais
12/11/2024,11/01/2025,18/01/2025,1130.25,H5GHAJM,80 m² Maison de vacances ∙ 3 chambres ∙ 5 personnes,Ayent - Valais
12/11/2024,18/01/2025,25/01/2025,1161.46,H5GHAJM,80 m² Maison de vacances ∙ 3 chambres ∙ 5 personnes,Ayent - Valais
12/11/2024,25/01/2025,01/02/2025,1296.55,H5GHAJM,80 m² Maison de vacances ∙ 3 chambres ∙ 5 personnes,Ayent - Valais
12/11/2024,22/02/2025,01/03/2025,2370.94,H5GHAJM,80 m² Maison de vacances ∙ 3 chambres ∙ 5 personnes,Ayent - Valais
12/11/2024,08/03/2025,15/03/2025,1484.20,H5GHAJM,80 m² Maison de vacances ∙ 3 chambres ∙ 5 personnes,Ayent - Valais
12/11/2024,15/03/2025,22/03/2025,1130.25,H5GHAJM,80 m² Maison de vacances ∙ 3 chambres ∙ 5 personnes,Ayent - Valais
12/11/2024,22/03/2025,29/03/2025,1046.47,H5GHAJM,80 m² Maison de vacances ∙ 3 chambres ∙ 5 personnes,Ayent - Valais
12/11/2024,29/03/2025,05/04/2025,1633.67,H5GHAJM,80 m² Maison de vacances ∙ 3 chambres ∙ 5 personnes,Ayent - Valais
12/11/2024,05/04/2025,12/04/2025,1235.19,H5GHAJM,80 m² Maison de vacances ∙ 3 chambres ∙ 5 personnes,Ayent - Valais
12/11/2024,12/04/2025,19/04/2025,1220.31,H5GHAJM,80 m² Maison de vacances ∙ 3 chambres ∙ 5 personnes,Ayent - Valais
12/11/2024,19/04/2025,26/04/2025,1193.93,H5GHAJM,80 m² Maison de vacances ∙ 3 chambres ∙ 5 personnes,Ayent - Valais
12/11/2024,26/04/2025,03/05/2025,1024.05,H5GHAJM,80 m² Maison de vacances ∙ 3 chambres ∙ 5 personnes,Ayent - Valais
12/11/2024,03/05/2025,10/05/2025,1024.05,H5GHAJM,80 m² Maison de vacances ∙ 3 chambres ∙ 5 personnes,Ayent - Valais
12/11/2024,10/05/2025,17/05/2025,733.30,H5GHAJM,80 m² Maison de vacances ∙ 3 chambres ∙ 5 personnes,Ayent - Valais
12/11/2024,07/12/2024,14/12/2024,1377.87,HSY9MNU,50 m² Appartement ∙ 1 chambre ∙ 4 personnes,Saas Fee - Valais
12/11/2024,14/12/2024,21/12/2024,1442.01,HSY9MNU,50 m² Appartement ∙ 1 chambre ∙ 4 personnes,Saas Fee - Valais
12/11/2024,04/01/2025,11/01/2025,1367.18,HSY9MNU,50 m² Appartement ∙ 1 chambre ∙ 4 personnes,Saas Fee - Valais
12/11/2024,18/01/2025,25/01/2025,1367.18,HSY9MNU,50 m² Appartement ∙ 1 chambre ∙ 4 personnes,Saas Fee - Valais
12/11/2024,25/01/2025,01/02/2025,1531.05,HSY9MNU,50 m² Appartement ∙ 1 chambre ∙ 4 personnes,Saas Fee - Valais
12/11/2024,08/02/2025,15/02/2025,1931.37,HSY9MNU,50 m² Appartement ∙ 1 chambre ∙ 4 personnes,Saas Fee - Valais
12/11/2024,22/03/2025,29/03/2025,1450.99,HSY9MNU,50 m² Appartement ∙ 1 chambre ∙ 4 personnes,Saas Fee - Valais
12/11/2024,29/03/2025,05/04/2025,1450.99,HSY9MNU,50 m² Appartement ∙ 1 chambre ∙ 4 personnes,Saas Fee - Valais
12/11/2024,05/04/2025,12/04/2025,1450.99,HSY9MNU,50 m² Appartement ∙ 1 chambre ∙ 4 personnes,Saas Fee - Valais
12/11/2024,12/04/2025,19/04/2025,1931.37,HSY9MNU,50 m² Appartement ∙ 1 chambre ∙ 4 personnes,Saas Fee - Valais
12/11/2024,19/04/2025,26/04/2025,1931.37,HSY9MNU,50 m² Appartement ∙ 1 chambre ∙ 4 personnes,Saas Fee - Valais
12/11/2024,08/02/2025,15/02/2025,963.17,MXRT3M8,30 m² Appartement ∙ 1 chambre ∙ 2 personnes,Täsch - Valais
12/11/2024,15/02/2025,22/02/2025,963.17,MXRT3M8,30 m² Appartement ∙ 1 chambre ∙ 2 personnes,Täsch - Valais
12/11/2024,01/03/2025,08/03/2025,963.17,MXRT3M8,30 m² Appartement ∙ 1 chambre ∙ 2 personnes,Täsch - Valais
12/11/2024,22/03/2025,29/03/2025,963.17,MXRT3M8,30 m² Appartement ∙ 1 chambre ∙ 2 personnes,Täsch - Valais
12/11/2024,29/03/2025,05/04/2025,963.17,MXRT3M8,30 m² Appartement ∙ 1 chambre ∙ 2 personnes,Täsch - Valais
12/11/2024,05/04/2025,12/04/2025,963.17,MXRT3M8,30 m² Appartement ∙ 1 chambre ∙ 2 personnes,Täsch - Valais
12/11/2024,12/04/2025,19/04/2025,963.17,MXRT3M8,30 m² Appartement ∙ 1 chambre ∙ 2 personnes,Täsch - Valais
12/11/2024,19/04/2025,26/04/2025,963.17,MXRT3M8,30 m² Appartement ∙ 1 chambre ∙ 2 personnes,Täsch - Valais
12/11/2024,10/05/2025,17/05/2025,963.17,MXRT3M8,30 m² Appartement ∙ 1 chambre ∙ 2 personnes,Täsch - Valais
12/11/2024,16/11/2024,23/11/2024,1178.60,HUGBCWE,50 m² Appartement ∙ 1 chambre ∙ 4 personnes,Saas Fee - Valais
12/11/2024,23/11/2024,30/11/2024,1178.60,HUGBCWE,50 m² Appartement ∙ 1 chambre ∙ 4 personnes,Saas Fee - Valais
12/11/2024,15/03/2025,22/03/2025,1402.78,HUGBCWE,50 m² Appartement ∙ 1 chambre ∙ 4 personnes,Saas Fee - Valais
12/11/2024,22/03/2025,29/03/2025,1402.78,HUGBCWE,50 m² Appartement ∙ 1 chambre ∙ 4 personnes,Saas Fee - Valais
12/11/2024,16/11/2024,23/11/2024,990.91,HNTD2ZX,62 m² Appartement ∙ 2 chambres ∙ 5 personnes,Naters - Valais
12/11/2024,23/11/2024,30/11/2024,990.91,HNTD2ZX,62 m² Appartement ∙ 2 chambres ∙ 5 personnes,Naters - Valais
12/11/2024,30/11/2024,07/12/2024,851.95,HNTD2ZX,62 m² Appartement ∙ 2 chambres ∙ 5 personnes,Naters - Valais
12/11/2024,07/12/2024,14/12/2024,851.95,HNTD2ZX,62 m² Appartement ∙ 2 chambres ∙ 5 personnes,Naters - Valais
12/11/2024,14/12/2024,21/12/2024,1159.81,HNTD2ZX,62 m² Appartement ∙ 2 chambres ∙ 5 personnes,Naters - Valais
12/11/2024,08/03/2025,15/03/2025,1463.39,HNTD2ZX,62 m² Appartement ∙ 2 chambres ∙ 5 personnes,Naters - Valais
12/11/2024,15/03/2025,22/03/2025,1463.39,HNTD2ZX,62 m² Appartement ∙ 2 chambres ∙ 5 personnes,Naters - Valais
12/11/2024,29/03/2025,05/04/2025,1313.74,HNTD2ZX,62 m² Appartement ∙ 2 chambres ∙ 5 personnes,Naters - Valais
12/11/2024,05/04/2025,12/04/2025,984.50,HNTD2ZX,62 m² Appartement ∙ 2 chambres ∙ 5 personnes,Naters - Valais
12/11/2024,12/04/2025,19/04/2025,928.92,HNTD2ZX,62 m² Appartement ∙ 2 chambres ∙ 5 personnes,Naters - Valais
12/11/2024,19/04/2025,26/04/2025,928.92,HNTD2ZX,62 m² Appartement ∙ 2 chambres ∙ 5 personnes,Naters - Valais
12/11/2024,26/04/2025,03/05/2025,928.92,HNTD2ZX,62 m² Appartement ∙ 2 chambres ∙ 5 personnes,Naters - Valais
12/11/2024,03/05/2025,10/05/2025,928.92,HNTD2ZX,62 m² Appartement ∙ 2 chambres ∙ 5 personnes,Naters - Valais
12/11/2024,10/05/2025,17/05/2025,928.92,HNTD2ZX,62 m² Appartement ∙ 2 chambres ∙ 5 personnes,Naters - Valais
12/11/2024,16/11/2024,23/11/2024,515.00,H4MJLSD,33 m² Appartement ∙ 1 chambre ∙ 2 personnes,Crans-Montana - Valais
12/11/2024,23/11/2024,30/11/2024,659.00,H4MJLSD,33 m² Appartement ∙ 1 chambre ∙ 2 personnes,Crans-Montana - Valais
12/11/2024,18/01/2025,25/01/2025,856.00,H4MJLSD,33 m² Appartement ∙ 1 chambre ∙ 2 personnes,Crans-Montana - Valais
12/11/2024,01/02/2025,08/02/2025,947.00,H4MJLSD,33 m² Appartement ∙ 1 chambre ∙ 2 personnes,Crans-Montana - Valais
12/11/2024,08/02/2025,15/02/2025,1092.00,H4MJLSD,33 m² Appartement ∙ 1 chambre ∙ 2 personnes,Crans-Montana - Valais
12/11/2024,01/03/2025,08/03/2025,1092.00,H4MJLSD,33 m² Appartement ∙ 1 chambre ∙ 2 personnes,Crans-Montana - Valais
12/11/2024,08/03/2025,15/03/2025,659.00,H4MJLSD,33 m² Appartement ∙ 1 chambre ∙ 2 personnes,Crans-Montana - Valais
12/11/2024,15/03/2025,22/03/2025,659.00,H4MJLSD,33 m² Appartement ∙ 1 chambre ∙ 2 personnes,Crans-Montana - Valais
12/11/2024,29/03/2025,05/04/2025,659.00,H4MJLSD,33 m² Appartement ∙ 1 chambre ∙ 2 personnes,Crans-Montana - Valais
12/11/2024,05/04/2025,12/04/2025,659.00,H4MJLSD,33 m² Appartement ∙ 1 chambre ∙ 2 personnes,Crans-Montana - Valais
12/11/2024,12/04/2025,19/04/2025,856.00,H4MJLSD,33 m² Appartement ∙ 1 chambre ∙ 2 personnes,Crans-Montana - Valais
12/11/2024,19/04/2025,26/04/2025,856.00,H4MJLSD,33 m² Appartement ∙ 1 chambre ∙ 2 personnes,Crans-Montana - Valais
12/11/2024,26/04/2025,03/05/2025,659.00,H4MJLSD,33 m² Appartement ∙ 1 chambre ∙ 2 personnes,Crans-Montana - Valais
12/11/2024,03/05/2025,10/05/2025,659.00,H4MJLSD,33 m² Appartement ∙ 1 chambre ∙ 2 personnes,Crans-Montana - Valais
12/11/2024,10/05/2025,17/05/2025,659.00,H4MJLSD,33 m² Appartement ∙ 1 chambre ∙ 2 personnes,Crans-Montana - Valais
12/11/2024,16/11/2024,23/11/2024,790.02,H4NXV01,67 m² Appartement ∙ 2 chambres ∙ 6 personnes,Saas Grund - Valais
12/11/2024,23/11/2024,30/11/2024,790.02,H4NXV01,67 m² Appartement ∙ 2 chambres ∙ 6 personnes,Saas Grund - Valais
12/11/2024,30/11/2024,07/12/2024,790.02,H4NXV01,67 m² Appartement ∙ 2 chambres ∙ 6 personnes,Saas Grund - Valais
12/11/2024,07/12/2024,14/12/2024,790.02,H4NXV01,67 m² Appartement ∙ 2 chambres ∙ 6 personnes,Saas Grund - Valais
12/11/2024,14/12/2024,21/12/2024,790.02,H4NXV01,67 m² Appartement ∙ 2 chambres ∙ 6 personnes,Saas Grund - Valais
12/11/2024,08/02/2025,15/02/2025,1483.06,H4NXV01,67 m² Appartement ∙ 2 chambres ∙ 6 personnes,Saas Grund - Valais
12/11/2024,01/03/2025,08/03/2025,1483.06,H4NXV01,67 m² Appartement ∙ 2 chambres ∙ 6 personnes,Saas Grund - Valais
12/11/2024,08/03/2025,15/03/2025,1048.10,H4NXV01,67 m² Appartement ∙ 2 chambres ∙ 6 personnes,Saas Grund - Valais
12/11/2024,15/03/2025,22/03/2025,1048.10,H4NXV01,67 m² Appartement ∙ 2 chambres ∙ 6 personnes,Saas Grund - Valais
12/11/2024,22/03/2025,29/03/2025,1048.10,H4NXV01,67 m² Appartement ∙ 2 chambres ∙ 6 personnes,Saas Grund - Valais
12/11/2024,29/03/2025,05/04/2025,1048.10,H4NXV01,67 m² Appartement ∙ 2 chambres ∙ 6 personnes,Saas Grund - Valais
12/11/2024,05/04/2025,12/04/2025,1048.10,H4NXV01,67 m² Appartement ∙ 2 chambres ∙ 6 personnes,Saas Grund - Valais
12/11/2024,19/04/2025,26/04/2025,1390.99,H4NXV01,67 m² Appartement ∙ 2 chambres ∙ 6 personnes,Saas Grund - Valais
12/11/2024,26/04/2025,03/05/2025,790.02,H4NXV01,67 m² Appartement ∙ 2 chambres ∙ 6 personnes,Saas Grund - Valais
12/11/2024,03/05/2025,10/05/2025,790.02,H4NXV01,67 m² Appartement ∙ 2 chambres ∙ 6 personnes,Saas Grund - Valais
12/11/2024,10/05/2025,17/05/2025,790.02,H4NXV01,67 m² Appartement ∙ 2 chambres ∙ 6 personnes,Saas Grund - Valais
12/11/2024,16/11/2024,23/11/2024,435.01,H9WNBJH,20 m² Appartement ∙ 1 chambre ∙ 4 personnes,Val-d'Illiez - Valais
12/11/2024,23/11/2024,30/11/2024,435.01,H9WNBJH,20 m² Appartement ∙ 1 chambre ∙ 4 personnes,Val-d'Illiez - Valais
12/11/2024,30/11/2024,07/12/2024,435.01,H9WNBJH,20 m² Appartement ∙ 1 chambre ∙ 4 personnes,Val-d'Illiez - Valais
12/11/2024,07/12/2024,14/12/2024,435.01,H9WNBJH,20 m² Appartement ∙ 1 chambre ∙ 4 personnes,Val-d'Illiez - Valais
12/11/2024,14/12/2024,21/12/2024,435.01,H9WNBJH,20 m² Appartement ∙ 1 chambre ∙ 4 personnes,Val-d'Illiez - Valais
12/11/2024,21/12/2024,28/12/2024,652.47,H9WNBJH,20 m² Appartement ∙ 1 chambre ∙ 4 personnes,Val-d'Illiez - Valais
12/11/2024,11/01/2025,18/01/2025,435.01,H9WNBJH,20 m² Appartement ∙ 1 chambre ∙ 4 personnes,Val-d'Illiez - Valais
12/11/2024,18/01/2025,25/01/2025,435.01,H9WNBJH,20 m² Appartement ∙ 1 chambre ∙ 4 personnes,Val-d'Illiez - Valais
12/11/2024,25/01/2025,01/02/2025,435.01,H9WNBJH,20 m² Appartement ∙ 1 chambre ∙ 4 personnes,Val-d'Illiez - Valais
12/11/2024,22/02/2025,01/03/2025,867.93,H9WNBJH,20 m² Appartement ∙ 1 chambre ∙ 4 personnes,Val-d'Illiez - Valais
12/11/2024,01/03/2025,08/03/2025,867.96,H9WNBJH,20 m² Appartement ∙ 1 chambre ∙ 4 personnes,Val-d'Illiez - Valais
12/11/2024,22/03/2025,29/03/2025,435.01,H9WNBJH,20 m² Appartement ∙ 1 chambre ∙ 4 personnes,Val-d'Illiez - Valais
12/11/2024,29/03/2025,05/04/2025,435.01,H9WNBJH,20 m² Appartement ∙ 1 chambre ∙ 4 personnes,Val-d'Illiez - Valais
12/11/2024,05/04/2025,12/04/2025,435.01,H9WNBJH,20 m² Appartement ∙ 1 chambre ∙ 4 personnes,Val-d'Illiez - Valais
12/11/2024,12/04/2025,19/04/2025,435.01,H9WNBJH,20 m² Appartement ∙ 1 chambre ∙ 4 personnes,Val-d'Illiez - Valais
12/11/2024,19/04/2025,26/04/2025,435.01,H9WNBJH,20 m² Appartement ∙ 1 chambre ∙ 4 personnes,Val-d'Illiez - Valais
12/11/2024,30/11/2024,07/12/2024,1438.54,HSXFU1V,54 m² Appartement ∙ 1 chambre ∙ 4 personnes,Saas Fee - Valais
12/11/2024,07/12/2024,14/12/2024,1461.40,HSXFU1V,54 m² Appartement ∙ 1 chambre ∙ 4 personnes,Saas Fee - Valais
12/11/2024,14/12/2024,21/12/2024,1529.98,HSXFU1V,54 m² Appartement ∙ 1 chambre ∙ 4 personnes,Saas Fee - Valais
12/11/2024,04/01/2025,11/01/2025,1449.97,HSXFU1V,54 m² Appartement ∙ 1 chambre ∙ 4 personnes,Saas Fee - Valais
12/11/2024,11/01/2025,18/01/2025,1449.97,HSXFU1V,54 m² Appartement ∙ 1 chambre ∙ 4 personnes,Saas Fee - Valais
12/11/2024,18/01/2025,25/01/2025,1449.97,HSXFU1V,54 m² Appartement ∙ 1 chambre ∙ 4 personnes,Saas Fee - Valais
12/11/2024,25/01/2025,01/02/2025,1449.97,HSXFU1V,54 m² Appartement ∙ 1 chambre ∙ 4 personnes,Saas Fee - Valais
12/11/2024,01/02/2025,08/02/2025,1690.00,HSXFU1V,54 m² Appartement ∙ 1 chambre ∙ 4 personnes,Saas Fee - Valais
12/11/2024,08/02/2025,15/02/2025,1850.01,HSXFU1V,54 m² Appartement ∙ 1 chambre ∙ 4 personnes,Saas Fee - Valais
12/11/2024,15/03/2025,22/03/2025,1449.97,HSXFU1V,54 m² Appartement ∙ 1 chambre ∙ 4 personnes,Saas Fee - Valais
12/11/2024,22/03/2025,29/03/2025,1449.97,HSXFU1V,54 m² Appartement ∙ 1 chambre ∙ 4 personnes,Saas Fee - Valais
12/11/2024,12/04/2025,19/04/2025,1609.99,HSXFU1V,54 m² Appartement ∙ 1 chambre ∙ 4 personnes,Saas Fee - Valais
12/11/2024,19/04/2025,26/04/2025,1609.99,HSXFU1V,54 m² Appartement ∙ 1 chambre ∙ 4 personnes,Saas Fee - Valais
12/11/2024,14/12/2024,21/12/2024,925.54,HK9CHD5,34 m² Appartement ∙ 1 chambre ∙ 2 personnes,Saas Fee - Valais
12/11/2024,11/01/2025,18/01/2025,925.54,HK9CHD5,34 m² Appartement ∙ 1 chambre ∙ 2 personnes,Saas Fee - Valais
12/11/2024,25/01/2025,01/02/2025,1205.57,HK9CHD5,34 m² Appartement ∙ 1 chambre ∙ 2 personnes,Saas Fee - Valais
12/11/2024,08/02/2025,15/02/2025,1205.57,HK9CHD5,34 m² Appartement ∙ 1 chambre ∙ 2 personnes,Saas Fee - Valais
12/11/2024,29/03/2025,05/04/2025,925.54,HK9CHD5,34 m² Appartement ∙ 1 chambre ∙ 2 personnes,Saas Fee - Valais
12/11/2024,12/04/2025,19/04/2025,1205.57,HK9CHD5,34 m² Appartement ∙ 1 chambre ∙ 2 personnes,Saas Fee - Valais
12/11/2024,19/04/2025,26/04/2025,1205.57,HK9CHD5,34 m² Appartement ∙ 1 chambre ∙ 2 personnes,Saas Fee - Valais
12/11/2024,16/11/2024,23/11/2024,875.00,HPDN1CV,39 m² Appartement ∙ 1 chambre ∙ 2 personnes,Zermatt - Valais
12/11/2024,23/11/2024,30/11/2024,1142.00,HPDN1CV,39 m² Appartement ∙ 1 chambre ∙ 2 personnes,Zermatt - Valais
12/11/2024,30/11/2024,07/12/2024,1187.00,HPDN1CV,39 m² Appartement ∙ 1 chambre ∙ 2 personnes,Zermatt - Valais
12/11/2024,07/12/2024,14/12/2024,1407.00,HPDN1CV,39 m² Appartement ∙ 1 chambre ∙ 2 personnes,Zermatt - Valais
12/11/2024,14/12/2024,21/12/2024,1915.00,HPDN1CV,39 m² Appartement ∙ 1 chambre ∙ 2 personnes,Zermatt - Valais
12/11/2024,21/12/2024,28/12/2024,2397.00,HPDN1CV,39 m² Appartement ∙ 1 chambre ∙ 2 personnes,Zermatt - Valais
12/11/2024,11/01/2025,18/01/2025,1915.00,HPDN1CV,39 m² Appartement ∙ 1 chambre ∙ 2 personnes,Zermatt - Valais
12/11/2024,01/02/2025,08/02/2025,1915.00,HPDN1CV,39 m² Appartement ∙ 1 chambre ∙ 2 personnes,Zermatt - Valais
12/11/2024,08/02/2025,15/02/2025,2287.00,HPDN1CV,39 m² Appartement ∙ 1 chambre ∙ 2 personnes,Zermatt - Valais
12/11/2024,15/02/2025,22/02/2025,2287.00,HPDN1CV,39 m² Appartement ∙ 1 chambre ∙ 2 personnes,Zermatt - Valais
12/11/2024,01/03/2025,08/03/2025,2100.00,HPDN1CV,39 m² Appartement ∙ 1 chambre ∙ 2 personnes,Zermatt - Valais
12/11/2024,12/04/2025,19/04/2025,1915.00,HPDN1CV,39 m² Appartement ∙ 1 chambre ∙ 2 personnes,Zermatt - Valais
12/11/2024,19/04/2025,26/04/2025,1915.00,HPDN1CV,39 m² Appartement ∙ 1 chambre ∙ 2 personnes,Zermatt - Valais
12/11/2024,26/04/2025,03/05/2025,1187.00,HPDN1CV,39 m² Appartement ∙ 1 chambre ∙ 2 personnes,Zermatt - Valais
12/11/2024,03/05/2025,10/05/2025,1187.00,HPDN1CV,39 m² Appartement ∙ 1 chambre ∙ 2 personnes,Zermatt - Valais
12/11/2024,10/05/2025,17/05/2025,1187.00,HPDN1CV,39 m² Appartement ∙ 1 chambre ∙ 2 personnes,Zermatt - Valais
12/11/2024,23/11/2024,30/11/2024,1994.11,H74ARG3,60 m² Appartement ∙ 3 chambres ∙ 6 personnes,Saas Fee - Valais
12/11/2024,30/11/2024,07/12/2024,1994.11,H74ARG3,60 m² Appartement ∙ 3 chambres ∙ 6 personnes,Saas Fee - Valais
12/11/2024,14/12/2024,21/12/2024,1994.11,H74ARG3,60 m² Appartement ∙ 3 chambres ∙ 6 personnes,Saas Fee - Valais
12/11/2024,22/02/2025,01/03/2025,2874.20,H74ARG3,60 m² Appartement ∙ 3 chambres ∙ 6 personnes,Saas Fee - Valais
12/11/2024,08/03/2025,15/03/2025,2554.17,H74ARG3,60 m² Appartement ∙ 3 chambres ∙ 6 personnes,Saas Fee - Valais
12/11/2024,12/04/2025,19/04/2025,2634.18,H74ARG3,60 m² Appartement ∙ 3 chambres ∙ 6 personnes,Saas Fee - Valais
12/11/2024,16/11/2024,23/11/2024,613.15,HG2HWVL,43 m² Appartement ∙ 1 chambre ∙ 5 personnes,Loèche-les-Bains - Valais
12/11/2024,30/11/2024,07/12/2024,613.15,HG2HWVL,43 m² Appartement ∙ 1 chambre ∙ 5 personnes,Loèche-les-Bains - Valais
12/11/2024,07/12/2024,14/12/2024,664.42,HG2HWVL,43 m² Appartement ∙ 1 chambre ∙ 5 personnes,Loèche-les-Bains - Valais
12/11/2024,14/12/2024,21/12/2024,856.70,HG2HWVL,43 m² Appartement ∙ 1 chambre ∙ 5 personnes,Loèche-les-Bains - Valais
12/11/2024,15/03/2025,22/03/2025,613.15,HG2HWVL,43 m² Appartement ∙ 1 chambre ∙ 5 personnes,Loèche-les-Bains - Valais
12/11/2024,22/03/2025,29/03/2025,613.15,HG2HWVL,43 m² Appartement ∙ 1 chambre ∙ 5 personnes,Loèche-les-Bains - Valais
12/11/2024,16/11/2024,23/11/2024,943.00,HWRYE7N,60 m² Appartement ∙ 2 chambres ∙ 4 personnes,Verbier - Bagnes - Valais
12/11/2024,23/11/2024,30/11/2024,1244.00,HWRYE7N,60 m² Appartement ∙ 2 chambres ∙ 4 personnes,Verbier - Bagnes - Valais
12/11/2024,30/11/2024,07/12/2024,1244.00,HWRYE7N,60 m² Appartement ∙ 2 chambres ∙ 4 personnes,Verbier - Bagnes - Valais
12/11/2024,07/12/2024,14/12/2024,1244.00,HWRYE7N,60 m² Appartement ∙ 2 chambres ∙ 4 personnes,Verbier - Bagnes - Valais
12/11/2024,14/12/2024,21/12/2024,1244.00,HWRYE7N,60 m² Appartement ∙ 2 chambres ∙ 4 personnes,Verbier - Bagnes - Valais
12/11/2024,21/12/2024,28/12/2024,2381.00,HWRYE7N,60 m² Appartement ∙ 2 chambres ∙ 4 personnes,Verbier - Bagnes - Valais
12/11/2024,04/01/2025,11/01/2025,1456.00,HWRYE7N,60 m² Appartement ∙ 2 chambres ∙ 4 personnes,Verbier - Bagnes - Valais
12/11/2024,08/02/2025,15/02/2025,1775.00,HWRYE7N,60 m² Appartement ∙ 2 chambres ∙ 4 personnes,Verbier - Bagnes - Valais
12/11/2024,15/02/2025,22/02/2025,3382.00,HWRYE7N,60 m² Appartement ∙ 2 chambres ∙ 4 personnes,Verbier - Bagnes - Valais
12/11/2024,22/02/2025,01/03/2025,3382.00,HWRYE7N,60 m² Appartement ∙ 2 chambres ∙ 4 personnes,Verbier - Bagnes - Valais
12/11/2024,08/03/2025,15/03/2025,1775.00,HWRYE7N,60 m² Appartement ∙ 2 chambres ∙ 4 personnes,Verbier - Bagnes - Valais
12/11/2024,15/03/2025,22/03/2025,1244.00,HWRYE7N,60 m² Appartement ∙ 2 chambres ∙ 4 personnes,Verbier - Bagnes - Valais
12/11/2024,22/03/2025,29/03/2025,1244.00,HWRYE7N,60 m² Appartement ∙ 2 chambres ∙ 4 personnes,Verbier - Bagnes - Valais
12/11/2024,29/03/2025,05/04/2025,1244.00,HWRYE7N,60 m² Appartement ∙ 2 chambres ∙ 4 personnes,Verbier - Bagnes - Valais
12/11/2024,05/04/2025,12/04/2025,1244.00,HWRYE7N,60 m² Appartement ∙ 2 chambres ∙ 4 personnes,Verbier - Bagnes - Valais
12/11/2024,12/04/2025,19/04/2025,1456.00,HWRYE7N,60 m² Appartement ∙ 2 chambres ∙ 4 personnes,Verbier - Bagnes - Valais
12/11/2024,19/04/2025,26/04/2025,1456.00,HWRYE7N,60 m² Appartement ∙ 2 chambres ∙ 4 personnes,Verbier - Bagnes - Valais
12/11/2024,26/04/2025,03/05/2025,1244.00,HWRYE7N,60 m² Appartement ∙ 2 chambres ∙ 4 personnes,Verbier - Bagnes - Valais
12/11/2024,03/05/2025,10/05/2025,1244.00,HWRYE7N,60 m² Appartement ∙ 2 chambres ∙ 4 personnes,Verbier - Bagnes - Valais
12/11/2024,10/05/2025,17/05/2025,1244.00,HWRYE7N,60 m² Appartement ∙ 2 chambres ∙ 4 personnes,Verbier - Bagnes - Valais
12/11/2024,16/11/2024,23/11/2024,719.00,HK6EHW1,80 m² Appartement ∙ 3 chambres ∙ 6 personnes,Grächen - Valais
12/11/2024,23/11/2024,30/11/2024,936.00,HK6EHW1,80 m² Appartement ∙ 3 chambres ∙ 6 personnes,Grächen - Valais
12/11/2024,30/11/2024,07/12/2024,936.00,HK6EHW1,80 m² Appartement ∙ 3 chambres ∙ 6 personnes,Grächen - Valais
12/11/2024,07/12/2024,14/12/2024,936.00,HK6EHW1,80 m² Appartement ∙ 3 chambres ∙ 6 personnes,Grächen - Valais
12/11/2024,14/12/2024,21/12/2024,1201.00,HK6EHW1,80 m² Appartement ∙ 3 chambres ∙ 6 personnes,Grächen - Valais
12/11/2024,29/03/2025,05/04/2025,936.00,HK6EHW1,80 m² Appartement ∙ 3 chambres ∙ 6 personnes,Grächen - Valais
12/11/2024,05/04/2025,12/04/2025,936.00,HK6EHW1,80 m² Appartement ∙ 3 chambres ∙ 6 personnes,Grächen - Valais
12/11/2024,12/04/2025,19/04/2025,1164.00,HK6EHW1,80 m² Appartement ∙ 3 chambres ∙ 6 personnes,Grächen - Valais
12/11/2024,19/04/2025,26/04/2025,936.00,HK6EHW1,80 m² Appartement ∙ 3 chambres ∙ 6 personnes,Grächen - Valais
12/11/2024,26/04/2025,03/05/2025,936.00,HK6EHW1,80 m² Appartement ∙ 3 chambres ∙ 6 personnes,Grächen - Valais
12/11/2024,03/05/2025,10/05/2025,936.00,HK6EHW1,80 m² Appartement ∙ 3 chambres ∙ 6 personnes,Grächen - Valais
12/11/2024,10/05/2025,17/05/2025,936.00,HK6EHW1,80 m² Appartement ∙ 3 chambres ∙ 6 personnes,Grächen - Valais
12/11/2024,16/11/2024,23/11/2024,716.97,H67BF0K,50 m² Appartement ∙ 2 chambres ∙ 4 personnes,Saas-Almagell - Valais
12/11/2024,23/11/2024,30/11/2024,716.97,H67BF0K,50 m² Appartement ∙ 2 chambres ∙ 4 personnes,Saas-Almagell - Valais
12/11/2024,30/11/2024,07/12/2024,716.97,H67BF0K,50 m² Appartement ∙ 2 chambres ∙ 4 personnes,Saas-Almagell - Valais
12/11/2024,07/12/2024,14/12/2024,716.97,H67BF0K,50 m² Appartement ∙ 2 chambres ∙ 4 personnes,Saas-Almagell - Valais
12/11/2024,14/12/2024,21/12/2024,716.97,H67BF0K,50 m² Appartement ∙ 2 chambres ∙ 4 personnes,Saas-Almagell - Valais
12/11/2024,04/01/2025,11/01/2025,716.97,H67BF0K,50 m² Appartement ∙ 2 chambres ∙ 4 personnes,Saas-Almagell - Valais
12/11/2024,11/01/2025,18/01/2025,716.97,H67BF0K,50 m² Appartement ∙ 2 chambres ∙ 4 personnes,Saas-Almagell - Valais
12/11/2024,01/03/2025,08/03/2025,1479.67,H67BF0K,50 m² Appartement ∙ 2 chambres ∙ 4 personnes,Saas-Almagell - Valais
12/11/2024,08/03/2025,15/03/2025,1022.05,H67BF0K,50 m² Appartement ∙ 2 chambres ∙ 4 personnes,Saas-Almagell - Valais
12/11/2024,15/03/2025,22/03/2025,1022.05,H67BF0K,50 m² Appartement ∙ 2 chambres ∙ 4 personnes,Saas-Almagell - Valais
12/11/2024,22/03/2025,29/03/2025,1022.05,H67BF0K,50 m² Appartement ∙ 2 chambres ∙ 4 personnes,Saas-Almagell - Valais
12/11/2024,29/03/2025,05/04/2025,1022.05,H67BF0K,50 m² Appartement ∙ 2 chambres ∙ 4 personnes,Saas-Almagell - Valais
12/11/2024,05/04/2025,12/04/2025,1022.05,H67BF0K,50 m² Appartement ∙ 2 chambres ∙ 4 personnes,Saas-Almagell - Valais
12/11/2024,12/04/2025,19/04/2025,1022.05,H67BF0K,50 m² Appartement ∙ 2 chambres ∙ 4 personnes,Saas-Almagell - Valais
12/11/2024,19/04/2025,26/04/2025,1022.05,H67BF0K,50 m² Appartement ∙ 2 chambres ∙ 4 personnes,Saas-Almagell - Valais
12/11/2024,26/04/2025,03/05/2025,716.97,H67BF0K,50 m² Appartement ∙ 2 chambres ∙ 4 personnes,Saas-Almagell - Valais
12/11/2024,03/05/2025,10/05/2025,716.97,H67BF0K,50 m² Appartement ∙ 2 chambres ∙ 4 personnes,Saas-Almagell - Valais
12/11/2024,10/05/2025,17/05/2025,716.97,H67BF0K,50 m² Appartement ∙ 2 chambres ∙ 4 personnes,Saas-Almagell - Valais
12/11/2024,16/11/2024,23/11/2024,625.00,H1KZR5P,50 m² Appartement ∙ 1 chambre ∙ 2 personnes,Crans-Montana - Valais
12/11/2024,07/12/2024,14/12/2024,625.00,H1KZR5P,50 m² Appartement ∙ 1 chambre ∙ 2 personnes,Crans-Montana - Valais
12/11/2024,14/12/2024,21/12/2024,625.00,H1KZR5P,50 m² Appartement ∙ 1 chambre ∙ 2 personnes,Crans-Montana - Valais
12/11/2024,21/12/2024,28/12/2024,1361.00,H1KZR5P,50 m² Appartement ∙ 1 chambre ∙ 2 personnes,Crans-Montana - Valais
12/11/2024,28/12/2024,04/01/2025,1760.00,H1KZR5P,50 m² Appartement ∙ 1 chambre ∙ 2 personnes,Crans-Montana - Valais
12/11/2024,11/01/2025,18/01/2025,769.00,H1KZR5P,50 m² Appartement ∙ 1 chambre ∙ 2 personnes,Crans-Montana - Valais
12/11/2024,18/01/2025,25/01/2025,769.00,H1KZR5P,50 m² Appartement ∙ 1 chambre ∙ 2 personnes,Crans-Montana - Valais
12/11/2024,08/02/2025,15/02/2025,1147.00,H1KZR5P,50 m² Appartement ∙ 1 chambre ∙ 2 personnes,Crans-Montana - Valais
12/11/2024,15/02/2025,22/02/2025,1361.00,H1KZR5P,50 m² Appartement ∙ 1 chambre ∙ 2 personnes,Crans-Montana - Valais
12/11/2024,22/02/2025,01/03/2025,1361.00,H1KZR5P,50 m² Appartement ∙ 1 chambre ∙ 2 personnes,Crans-Montana - Valais
12/11/2024,01/03/2025,08/03/2025,1147.00,H1KZR5P,50 m² Appartement ∙ 1 chambre ∙ 2 personnes,Crans-Montana - Valais
12/11/2024,08/03/2025,15/03/2025,625.00,H1KZR5P,50 m² Appartement ∙ 1 chambre ∙ 2 personnes,Crans-Montana - Valais
12/11/2024,15/03/2025,22/03/2025,625.00,H1KZR5P,50 m² Appartement ∙ 1 chambre ∙ 2 personnes,Crans-Montana - Valais
12/11/2024,22/03/2025,29/03/2025,625.00,H1KZR5P,50 m² Appartement ∙ 1 chambre ∙ 2 personnes,Crans-Montana - Valais
12/11/2024,16/11/2024,23/11/2024,1103.21,HZT0KPC,35 m² Appartement ∙ 1 chambre ∙ 2 personnes,Saas Fee - Valais
12/11/2024,23/11/2024,30/11/2024,1103.21,HZT0KPC,35 m² Appartement ∙ 1 chambre ∙ 2 personnes,Saas Fee - Valais
12/11/2024,30/11/2024,07/12/2024,1103.21,HZT0KPC,35 m² Appartement ∙ 1 chambre ∙ 2 personnes,Saas Fee - Valais
12/11/2024,07/12/2024,14/12/2024,1103.21,HZT0KPC,35 m² Appartement ∙ 1 chambre ∙ 2 personnes,Saas Fee - Valais
12/11/2024,14/12/2024,21/12/2024,1103.21,HZT0KPC,35 m² Appartement ∙ 1 chambre ∙ 2 personnes,Saas Fee - Valais
12/11/2024,21/12/2024,28/12/2024,1287.23,HZT0KPC,35 m² Appartement ∙ 1 chambre ∙ 2 personnes,Saas Fee - Valais
12/11/2024,04/01/2025,11/01/2025,1103.21,HZT0KPC,35 m² Appartement ∙ 1 chambre ∙ 2 personnes,Saas Fee - Valais
12/11/2024,11/01/2025,18/01/2025,1103.21,HZT0KPC,35 m² Appartement ∙ 1 chambre ∙ 2 personnes,Saas Fee - Valais
12/11/2024,18/01/2025,25/01/2025,1103.21,HZT0KPC,35 m² Appartement ∙ 1 chambre ∙ 2 personnes,Saas Fee - Valais
12/11/2024,25/01/2025,01/02/2025,1287.23,HZT0KPC,35 m² Appartement ∙ 1 chambre ∙ 2 personnes,Saas Fee - Valais
12/11/2024,01/02/2025,08/02/2025,1287.23,HZT0KPC,35 m² Appartement ∙ 1 chambre ∙ 2 personnes,Saas Fee - Valais
12/11/2024,08/02/2025,15/02/2025,1287.23,HZT0KPC,35 m² Appartement ∙ 1 chambre ∙ 2 personnes,Saas Fee - Valais
12/11/2024,15/02/2025,22/02/2025,1287.23,HZT0KPC,35 m² Appartement ∙ 1 chambre ∙ 2 personnes,Saas Fee - Valais
12/11/2024,22/03/2025,29/03/2025,1287.23,HZT0KPC,35 m² Appartement ∙ 1 chambre ∙ 2 personnes,Saas Fee - Valais
12/11/2024,29/03/2025,05/04/2025,1287.23,HZT0KPC,35 m² Appartement ∙ 1 chambre ∙ 2 personnes,Saas Fee - Valais
12/11/2024,05/04/2025,12/04/2025,1287.23,HZT0KPC,35 m² Appartement ∙ 1 chambre ∙ 2 personnes,Saas Fee - Valais
12/11/2024,12/04/2025,19/04/2025,1287.23,HZT0KPC,35 m² Appartement ∙ 1 chambre ∙ 2 personnes,Saas Fee - Valais
12/11/2024,19/04/2025,26/04/2025,1287.23,HZT0KPC,35 m² Appartement ∙ 1 chambre ∙ 2 personnes,Saas Fee - Valais
12/11/2024,16/11/2024,23/11/2024,882.44,HSX1JUR,80 m² Appartement ∙ 2 chambres ∙ 4 personnes,Saas Grund - Valais
12/11/2024,23/11/2024,30/11/2024,882.44,HSX1JUR,80 m² Appartement ∙ 2 chambres ∙ 4 personnes,Saas Grund - Valais
12/11/2024,30/11/2024,07/12/2024,1152.80,HSX1JUR,80 m² Appartement ∙ 2 chambres ∙ 4 personnes,Saas Grund - Valais
12/11/2024,07/12/2024,14/12/2024,1048.86,HSX1JUR,80 m² Appartement ∙ 2 chambres ∙ 4 personnes,Saas Grund - Valais
12/11/2024,14/12/2024,21/12/2024,1048.86,HSX1JUR,80 m² Appartement ∙ 2 chambres ∙ 4 personnes,Saas Grund - Valais
12/11/2024,21/12/2024,28/12/2024,1730.00,HSX1JUR,80 m² Appartement ∙ 2 chambres ∙ 4 personnes,Saas Grund - Valais
12/11/2024,04/01/2025,11/01/2025,1048.86,HSX1JUR,80 m² Appartement ∙ 2 chambres ∙ 4 personnes,Saas Grund - Valais
12/11/2024,11/01/2025,18/01/2025,1048.86,HSX1JUR,80 m² Appartement ∙ 2 chambres ∙ 4 personnes,Saas Grund - Valais
12/11/2024,18/01/2025,25/01/2025,1048.86,HSX1JUR,80 m² Appartement ∙ 2 chambres ∙ 4 personnes,Saas Grund - Valais
12/11/2024,25/01/2025,01/02/2025,1048.86,HSX1JUR,80 m² Appartement ∙ 2 chambres ∙ 4 personnes,Saas Grund - Valais
12/11/2024,01/02/2025,08/02/2025,1730.00,HSX1JUR,80 m² Appartement ∙ 2 chambres ∙ 4 personnes,Saas Grund - Valais
12/11/2024,08/02/2025,15/02/2025,1730.00,HSX1JUR,80 m² Appartement ∙ 2 chambres ∙ 4 personnes,Saas Grund - Valais
12/11/2024,15/02/2025,22/02/2025,1730.00,HSX1JUR,80 m² Appartement ∙ 2 chambres ∙ 4 personnes,Saas Grund - Valais
12/11/2024,22/02/2025,01/03/2025,1730.00,HSX1JUR,80 m² Appartement ∙ 2 chambres ∙ 4 personnes,Saas Grund - Valais
12/11/2024,08/03/2025,15/03/2025,1730.00,HSX1JUR,80 m² Appartement ∙ 2 chambres ∙ 4 personnes,Saas Grund - Valais
12/11/2024,05/04/2025,12/04/2025,1048.86,HSX1JUR,80 m² Appartement ∙ 2 chambres ∙ 4 personnes,Saas Grund - Valais
12/11/2024,12/04/2025,19/04/2025,1048.86,HSX1JUR,80 m² Appartement ∙ 2 chambres ∙ 4 personnes,Saas Grund - Valais
12/11/2024,19/04/2025,26/04/2025,1048.86,HSX1JUR,80 m² Appartement ∙ 2 chambres ∙ 4 personnes,Saas Grund - Valais
12/11/2024,26/04/2025,03/05/2025,1048.86,HSX1JUR,80 m² Appartement ∙ 2 chambres ∙ 4 personnes,Saas Grund - Valais
12/11/2024,03/05/2025,10/05/2025,1048.86,HSX1JUR,80 m² Appartement ∙ 2 chambres ∙ 4 personnes,Saas Grund - Valais
12/11/2024,10/05/2025,17/05/2025,1048.86,HSX1JUR,80 m² Appartement ∙ 2 chambres ∙ 4 personnes,Saas Grund - Valais
12/11/2024,16/11/2024,23/11/2024,1120.33,HY107TB,85 m² Appartement ∙ 3 chambres ∙ 6 personnes,Saas Grund - Valais
12/11/2024,23/11/2024,30/11/2024,1120.33,HY107TB,85 m² Appartement ∙ 3 chambres ∙ 6 personnes,Saas Grund - Valais
12/11/2024,30/11/2024,07/12/2024,1120.33,HY107TB,85 m² Appartement ∙ 3 chambres ∙ 6 personnes,Saas Grund - Valais
12/11/2024,07/12/2024,14/12/2024,1120.33,HY107TB,85 m² Appartement ∙ 3 chambres ∙ 6 personnes,Saas Grund - Valais
12/11/2024,14/12/2024,21/12/2024,1268.91,HY107TB,85 m² Appartement ∙ 3 chambres ∙ 6 personnes,Saas Grund - Valais
12/11/2024,21/12/2024,28/12/2024,2080.42,HY107TB,85 m² Appartement ∙ 3 chambres ∙ 6 personnes,Saas Grund - Valais
12/11/2024,04/01/2025,11/01/2025,1200.33,HY107TB,85 m² Appartement ∙ 3 chambres ∙ 6 personnes,Saas Grund - Valais
12/11/2024,11/01/2025,18/01/2025,1200.33,HY107TB,85 m² Appartement ∙ 3 chambres ∙ 6 personnes,Saas Grund - Valais
12/11/2024,18/01/2025,25/01/2025,1200.33,HY107TB,85 m² Appartement ∙ 3 chambres ∙ 6 personnes,Saas Grund - Valais
12/11/2024,08/02/2025,15/02/2025,2320.45,HY107TB,85 m² Appartement ∙ 3 chambres ∙ 6 personnes,Saas Grund - Valais
12/11/2024,15/03/2025,22/03/2025,1280.34,HY107TB,85 m² Appartement ∙ 3 chambres ∙ 6 personnes,Saas Grund - Valais
12/11/2024,22/03/2025,29/03/2025,1280.34,HY107TB,85 m² Appartement ∙ 3 chambres ∙ 6 personnes,Saas Grund - Valais
12/11/2024,29/03/2025,05/04/2025,1280.34,HY107TB,85 m² Appartement ∙ 3 chambres ∙ 6 personnes,Saas Grund - Valais
12/11/2024,05/04/2025,12/04/2025,1280.34,HY107TB,85 m² Appartement ∙ 3 chambres ∙ 6 personnes,Saas Grund - Valais
12/11/2024,26/04/2025,03/05/2025,1531.80,HY107TB,85 m² Appartement ∙ 3 chambres ∙ 6 personnes,Saas Grund - Valais
12/11/2024,03/05/2025,10/05/2025,2160.43,HY107TB,85 m² Appartement ∙ 3 chambres ∙ 6 personnes,Saas Grund - Valais
12/11/2024,10/05/2025,17/05/2025,2160.43,HY107TB,85 m² Appartement ∙ 3 chambres ∙ 6 personnes,Saas Grund - Valais
12/11/2024,16/11/2024,23/11/2024,672.97,HHAFTG5,45 m² Appartement ∙ 1 chambre ∙ 4 personnes,Loèche-les-Bains - Valais
12/11/2024,23/11/2024,30/11/2024,672.97,HHAFTG5,45 m² Appartement ∙ 1 chambre ∙ 4 personnes,Loèche-les-Bains - Valais
12/11/2024,30/11/2024,07/12/2024,672.97,HHAFTG5,45 m² Appartement ∙ 1 chambre ∙ 4 personnes,Loèche-les-Bains - Valais
12/11/2024,07/12/2024,14/12/2024,672.97,HHAFTG5,45 m² Appartement ∙ 1 chambre ∙ 4 personnes,Loèche-les-Bains - Valais
12/11/2024,14/12/2024,21/12/2024,1076.75,HHAFTG5,45 m² Appartement ∙ 1 chambre ∙ 4 personnes,Loèche-les-Bains - Valais
12/11/2024,21/12/2024,28/12/2024,1076.75,HHAFTG5,45 m² Appartement ∙ 1 chambre ∙ 4 personnes,Loèche-les-Bains - Valais
12/11/2024,11/01/2025,18/01/2025,672.97,HHAFTG5,45 m² Appartement ∙ 1 chambre ∙ 4 personnes,Loèche-les-Bains - Valais
12/11/2024,18/01/2025,25/01/2025,672.97,HHAFTG5,45 m² Appartement ∙ 1 chambre ∙ 4 personnes,Loèche-les-Bains - Valais
12/11/2024,25/01/2025,01/02/2025,807.56,HHAFTG5,45 m² Appartement ∙ 1 chambre ∙ 4 personnes,Loèche-les-Bains - Valais
12/11/2024,01/02/2025,08/02/2025,807.56,HHAFTG5,45 m² Appartement ∙ 1 chambre ∙ 4 personnes,Loèche-les-Bains - Valais
12/11/2024,15/03/2025,22/03/2025,807.56,HHAFTG5,45 m² Appartement ∙ 1 chambre ∙ 4 personnes,Loèche-les-Bains - Valais
12/11/2024,22/03/2025,29/03/2025,807.56,HHAFTG5,45 m² Appartement ∙ 1 chambre ∙ 4 personnes,Loèche-les-Bains - Valais
12/11/2024,29/03/2025,05/04/2025,807.56,HHAFTG5,45 m² Appartement ∙ 1 chambre ∙ 4 personnes,Loèche-les-Bains - Valais
12/11/2024,05/04/2025,12/04/2025,807.56,HHAFTG5,45 m² Appartement ∙ 1 chambre ∙ 4 personnes,Loèche-les-Bains - Valais
12/11/2024,12/04/2025,19/04/2025,807.56,HHAFTG5,45 m² Appartement ∙ 1 chambre ∙ 4 personnes,Loèche-les-Bains - Valais
12/11/2024,19/04/2025,26/04/2025,807.56,HHAFTG5,45 m² Appartement ∙ 1 chambre ∙ 4 personnes,Loèche-les-Bains - Valais
12/11/2024,10/05/2025,17/05/2025,672.97,HHAFTG5,45 m² Appartement ∙ 1 chambre ∙ 4 personnes,Loèche-les-Bains - Valais
12/11/2024,16/11/2024,23/11/2024,1475.76,HRK8M93,160 m² Maison de vacances ∙ 4 chambres ∙ 9 personnes,Riddes - Valais
12/11/2024,23/11/2024,30/11/2024,1475.76,HRK8M93,160 m² Maison de vacances ∙ 4 chambres ∙ 9 personnes,Riddes - Valais
12/11/2024,30/11/2024,07/12/2024,1475.76,HRK8M93,160 m² Maison de vacances ∙ 4 chambres ∙ 9 personnes,Riddes - Valais
12/11/2024,07/12/2024,14/12/2024,1475.76,HRK8M93,160 m² Maison de vacances ∙ 4 chambres ∙ 9 personnes,Riddes - Valais
12/11/2024,14/12/2024,21/12/2024,1590.47,HRK8M93,160 m² Maison de vacances ∙ 4 chambres ∙ 9 personnes,Riddes - Valais
12/11/2024,18/01/2025,25/01/2025,1512.97,HRK8M93,160 m² Maison de vacances ∙ 4 chambres ∙ 9 personnes,Riddes - Valais
12/11/2024,08/02/2025,15/02/2025,2460.12,HRK8M93,160 m² Maison de vacances ∙ 4 chambres ∙ 9 personnes,Riddes - Valais
12/11/2024,22/02/2025,01/03/2025,3940.53,HRK8M93,160 m² Maison de vacances ∙ 4 chambres ∙ 9 personnes,Riddes - Valais
12/11/2024,01/03/2025,08/03/2025,3053.83,HRK8M93,160 m² Maison de vacances ∙ 4 chambres ∙ 9 personnes,Riddes - Valais
12/11/2024,08/03/2025,15/03/2025,1875.71,HRK8M93,160 m² Maison de vacances ∙ 4 chambres ∙ 9 personnes,Riddes - Valais
12/11/2024,15/03/2025,22/03/2025,1499.01,HRK8M93,160 m² Maison de vacances ∙ 4 chambres ∙ 9 personnes,Riddes - Valais
12/11/2024,22/03/2025,29/03/2025,1494.37,HRK8M93,160 m² Maison de vacances ∙ 4 chambres ∙ 9 personnes,Riddes - Valais
12/11/2024,29/03/2025,05/04/2025,1598.22,HRK8M93,160 m² Maison de vacances ∙ 4 chambres ∙ 9 personnes,Riddes - Valais
12/11/2024,05/04/2025,12/04/2025,1502.11,HRK8M93,160 m² Maison de vacances ∙ 4 chambres ∙ 9 personnes,Riddes - Valais
12/11/2024,19/04/2025,26/04/2025,1475.77,HRK8M93,160 m² Maison de vacances ∙ 4 chambres ∙ 9 personnes,Riddes - Valais
12/11/2024,26/04/2025,03/05/2025,1475.77,HRK8M93,160 m² Maison de vacances ∙ 4 chambres ∙ 9 personnes,Riddes - Valais
12/11/2024,03/05/2025,10/05/2025,1475.77,HRK8M93,160 m² Maison de vacances ∙ 4 chambres ∙ 9 personnes,Riddes - Valais
12/11/2024,10/05/2025,17/05/2025,1475.77,HRK8M93,160 m² Maison de vacances ∙ 4 chambres ∙ 9 personnes,Riddes - Valais
12/11/2024,14/12/2024,21/12/2024,1133.84,H1DWSB7,100 m² Chalet ∙ 2 chambres ∙ 6 personnes,Chalais - Valais
12/11/2024,10/05/2025,17/05/2025,992.57,H1DWSB7,100 m² Chalet ∙ 2 chambres ∙ 6 personnes,Chalais - Valais
12/11/2024,16/11/2024,23/11/2024,1618.18,HVE0D43,101 m² Appartement ∙ 2 chambres ∙ 5 personnes,Saas Grund - Valais
12/11/2024,23/11/2024,30/11/2024,1618.18,HVE0D43,101 m² Appartement ∙ 2 chambres ∙ 5 personnes,Saas Grund - Valais
12/11/2024,30/11/2024,07/12/2024,1618.18,HVE0D43,101 m² Appartement ∙ 2 chambres ∙ 5 personnes,Saas Grund - Valais
12/11/2024,07/12/2024,14/12/2024,1618.18,HVE0D43,101 m² Appartement ∙ 2 chambres ∙ 5 personnes,Saas Grund - Valais
12/11/2024,14/12/2024,21/12/2024,1882.21,HVE0D43,101 m² Appartement ∙ 2 chambres ∙ 5 personnes,Saas Grund - Valais
12/11/2024,04/01/2025,11/01/2025,1882.21,HVE0D43,101 m² Appartement ∙ 2 chambres ∙ 5 personnes,Saas Grund - Valais
12/11/2024,11/01/2025,18/01/2025,1882.21,HVE0D43,101 m² Appartement ∙ 2 chambres ∙ 5 personnes,Saas Grund - Valais
12/11/2024,18/01/2025,25/01/2025,1882.21,HVE0D43,101 m² Appartement ∙ 2 chambres ∙ 5 personnes,Saas Grund - Valais
12/11/2024,08/03/2025,15/03/2025,1882.21,HVE0D43,101 m² Appartement ∙ 2 chambres ∙ 5 personnes,Saas Grund - Valais
12/11/2024,15/03/2025,22/03/2025,1882.21,HVE0D43,101 m² Appartement ∙ 2 chambres ∙ 5 personnes,Saas Grund - Valais
12/11/2024,29/03/2025,05/04/2025,1882.21,HVE0D43,101 m² Appartement ∙ 2 chambres ∙ 5 personnes,Saas Grund - Valais
12/11/2024,05/04/2025,12/04/2025,1882.21,HVE0D43,101 m² Appartement ∙ 2 chambres ∙ 5 personnes,Saas Grund - Valais
12/11/2024,12/04/2025,19/04/2025,2036.51,HVE0D43,101 m² Appartement ∙ 2 chambres ∙ 5 personnes,Saas Grund - Valais
12/11/2024,19/04/2025,26/04/2025,1762.20,HVE0D43,101 m² Appartement ∙ 2 chambres ∙ 5 personnes,Saas Grund - Valais
12/11/2024,26/04/2025,03/05/2025,1570.18,HVE0D43,101 m² Appartement ∙ 2 chambres ∙ 5 personnes,Saas Grund - Valais
12/11/2024,03/05/2025,10/05/2025,1570.18,HVE0D43,101 m² Appartement ∙ 2 chambres ∙ 5 personnes,Saas Grund - Valais
12/11/2024,10/05/2025,17/05/2025,1570.18,HVE0D43,101 m² Appartement ∙ 2 chambres ∙ 5 personnes,Saas Grund - Valais
12/11/2024,16/11/2024,23/11/2024,1274.45,HS95PC1,125 m² Chalet ∙ 4 chambres ∙ 10 personnes,Hérémence - Valais
12/11/2024,23/11/2024,30/11/2024,1274.50,HS95PC1,125 m² Chalet ∙ 4 chambres ∙ 10 personnes,Hérémence - Valais
12/11/2024,30/11/2024,07/12/2024,1644.39,HS95PC1,125 m² Chalet ∙ 4 chambres ∙ 10 personnes,Hérémence - Valais
12/11/2024,07/12/2024,14/12/2024,1783.37,HS95PC1,125 m² Chalet ∙ 4 chambres ∙ 10 personnes,Hérémence - Valais
12/11/2024,12/04/2025,19/04/2025,4148.16,HS95PC1,125 m² Chalet ∙ 4 chambres ∙ 10 personnes,Hérémence - Valais
12/11/2024,19/04/2025,26/04/2025,3396.80,HS95PC1,125 m² Chalet ∙ 4 chambres ∙ 10 personnes,Hérémence - Valais
12/11/2024,26/04/2025,03/05/2025,1153.80,HS95PC1,125 m² Chalet ∙ 4 chambres ∙ 10 personnes,Hérémence - Valais
12/11/2024,03/05/2025,10/05/2025,1153.80,HS95PC1,125 m² Chalet ∙ 4 chambres ∙ 10 personnes,Hérémence - Valais
12/11/2024,10/05/2025,17/05/2025,1153.80,HS95PC1,125 m² Chalet ∙ 4 chambres ∙ 10 personnes,Hérémence - Valais
12/11/2024,22/02/2025,01/03/2025,4169.00,HKEUX4Y,100 m² Appartement ∙ 3 chambres ∙ 6 personnes,Verbier - Bagnes - Valais
12/11/2024,03/05/2025,10/05/2025,1515.00,HKEUX4Y,100 m² Appartement ∙ 3 chambres ∙ 6 personnes,Verbier - Bagnes - Valais
12/11/2024,10/05/2025,17/05/2025,1515.00,HKEUX4Y,100 m² Appartement ∙ 3 chambres ∙ 6 personnes,Verbier - Bagnes - Valais
12/11/2024,16/11/2024,23/11/2024,710.08,HGHPV18,67 m² Appartement ∙ 2 chambres ∙ 4 personnes,Vex - Valais
12/11/2024,23/11/2024,30/11/2024,710.08,HGHPV18,67 m² Appartement ∙ 2 chambres ∙ 4 personnes,Vex - Valais
12/11/2024,07/12/2024,14/12/2024,710.08,HGHPV18,67 m² Appartement ∙ 2 chambres ∙ 4 personnes,Vex - Valais
12/11/2024,14/12/2024,21/12/2024,915.90,HGHPV18,67 m² Appartement ∙ 2 chambres ∙ 4 personnes,Vex - Valais
12/11/2024,28/12/2024,04/01/2025,1378.98,HGHPV18,67 m² Appartement ∙ 2 chambres ∙ 4 personnes,Vex - Valais
12/11/2024,04/01/2025,11/01/2025,915.90,HGHPV18,67 m² Appartement ∙ 2 chambres ∙ 4 personnes,Vex - Valais
12/11/2024,18/01/2025,25/01/2025,915.90,HGHPV18,67 m² Appartement ∙ 2 chambres ∙ 4 personnes,Vex - Valais
12/11/2024,15/02/2025,22/02/2025,1378.98,HGHPV18,67 m² Appartement ∙ 2 chambres ∙ 4 personnes,Vex - Valais
12/11/2024,22/02/2025,01/03/2025,1378.98,HGHPV18,67 m² Appartement ∙ 2 chambres ∙ 4 personnes,Vex - Valais
12/11/2024,01/03/2025,08/03/2025,1378.98,HGHPV18,67 m² Appartement ∙ 2 chambres ∙ 4 personnes,Vex - Valais
12/11/2024,22/03/2025,29/03/2025,915.90,HGHPV18,67 m² Appartement ∙ 2 chambres ∙ 4 personnes,Vex - Valais
12/11/2024,29/03/2025,05/04/2025,915.90,HGHPV18,67 m² Appartement ∙ 2 chambres ∙ 4 personnes,Vex - Valais
12/11/2024,05/04/2025,12/04/2025,915.90,HGHPV18,67 m² Appartement ∙ 2 chambres ∙ 4 personnes,Vex - Valais
12/11/2024,12/04/2025,19/04/2025,915.90,HGHPV18,67 m² Appartement ∙ 2 chambres ∙ 4 personnes,Vex - Valais
12/11/2024,19/04/2025,26/04/2025,915.90,HGHPV18,67 m² Appartement ∙ 2 chambres ∙ 4 personnes,Vex - Valais
12/11/2024,30/11/2024,07/12/2024,1790.11,HGS6DCU,75 m² Appartement ∙ 2 chambres ∙ 4 personnes,Saas Fee - Valais
12/11/2024,07/12/2024,14/12/2024,1790.11,HGS6DCU,75 m² Appartement ∙ 2 chambres ∙ 4 personnes,Saas Fee - Valais
12/11/2024,14/12/2024,21/12/2024,1790.11,HGS6DCU,75 m² Appartement ∙ 2 chambres ∙ 4 personnes,Saas Fee - Valais
12/11/2024,21/12/2024,28/12/2024,2989.39,HGS6DCU,75 m² Appartement ∙ 2 chambres ∙ 4 personnes,Saas Fee - Valais
12/11/2024,11/01/2025,18/01/2025,1790.11,HGS6DCU,75 m² Appartement ∙ 2 chambres ∙ 4 personnes,Saas Fee - Valais
12/11/2024,18/01/2025,25/01/2025,1790.11,HGS6DCU,75 m² Appartement ∙ 2 chambres ∙ 4 personnes,Saas Fee - Valais
12/11/2024,25/01/2025,01/02/2025,2749.53,HGS6DCU,75 m² Appartement ∙ 2 chambres ∙ 4 personnes,Saas Fee - Valais
12/11/2024,01/02/2025,08/02/2025,2749.53,HGS6DCU,75 m² Appartement ∙ 2 chambres ∙ 4 personnes,Saas Fee - Valais
12/11/2024,08/03/2025,15/03/2025,2749.53,HGS6DCU,75 m² Appartement ∙ 2 chambres ∙ 4 personnes,Saas Fee - Valais
12/11/2024,15/03/2025,22/03/2025,2349.77,HGS6DCU,75 m² Appartement ∙ 2 chambres ∙ 4 personnes,Saas Fee - Valais
12/11/2024,22/03/2025,29/03/2025,2349.77,HGS6DCU,75 m² Appartement ∙ 2 chambres ∙ 4 personnes,Saas Fee - Valais
12/11/2024,29/03/2025,05/04/2025,2349.77,HGS6DCU,75 m² Appartement ∙ 2 chambres ∙ 4 personnes,Saas Fee - Valais
12/11/2024,05/04/2025,12/04/2025,2349.77,HGS6DCU,75 m² Appartement ∙ 2 chambres ∙ 4 personnes,Saas Fee - Valais
12/11/2024,12/04/2025,19/04/2025,2349.77,HGS6DCU,75 m² Appartement ∙ 2 chambres ∙ 4 personnes,Saas Fee - Valais
12/11/2024,19/04/2025,26/04/2025,2349.77,HGS6DCU,75 m² Appartement ∙ 2 chambres ∙ 4 personnes,Saas Fee - Valais
12/11/2024,26/04/2025,03/05/2025,1270.42,HGS6DCU,75 m² Appartement ∙ 2 chambres ∙ 4 personnes,Saas Fee - Valais
12/11/2024,03/05/2025,10/05/2025,1270.42,HGS6DCU,75 m² Appartement ∙ 2 chambres ∙ 4 personnes,Saas Fee - Valais
12/11/2024,10/05/2025,17/05/2025,1270.42,HGS6DCU,75 m² Appartement ∙ 2 chambres ∙ 4 personnes,Saas Fee - Valais
12/11/2024,14/12/2024,21/12/2024,1439.13,H1UEH4D,70 m² Appartement ∙ 3 chambres ∙ 5 personnes,Saas-Almagell - Valais
12/11/2024,04/01/2025,11/01/2025,1439.13,H1UEH4D,70 m² Appartement ∙ 3 chambres ∙ 5 personnes,Saas-Almagell - Valais
12/11/2024,18/01/2025,25/01/2025,1039.37,H1UEH4D,70 m² Appartement ∙ 3 chambres ∙ 5 personnes,Saas-Almagell - Valais
12/11/2024,22/03/2025,29/03/2025,911.45,H1UEH4D,70 m² Appartement ∙ 3 chambres ∙ 5 personnes,Saas-Almagell - Valais
12/11/2024,29/03/2025,05/04/2025,911.45,H1UEH4D,70 m² Appartement ∙ 3 chambres ∙ 5 personnes,Saas-Almagell - Valais
12/11/2024,05/04/2025,12/04/2025,911.45,H1UEH4D,70 m² Appartement ∙ 3 chambres ∙ 5 personnes,Saas-Almagell - Valais
12/11/2024,19/04/2025,26/04/2025,1319.20,H1UEH4D,70 m² Appartement ∙ 3 chambres ∙ 5 personnes,Saas-Almagell - Valais
12/11/2024,16/11/2024,23/11/2024,789.43,HRKFSLD,30 m² Appartement ∙ 1 chambre ∙ 2 personnes,Saas Fee - Valais
12/11/2024,23/11/2024,30/11/2024,789.43,HRKFSLD,30 m² Appartement ∙ 1 chambre ∙ 2 personnes,Saas Fee - Valais
12/11/2024,30/11/2024,07/12/2024,861.16,HRKFSLD,30 m² Appartement ∙ 1 chambre ∙ 2 personnes,Saas Fee - Valais
12/11/2024,07/12/2024,14/12/2024,872.58,HRKFSLD,30 m² Appartement ∙ 1 chambre ∙ 2 personnes,Saas Fee - Valais
12/11/2024,18/01/2025,25/01/2025,815.53,HRKFSLD,30 m² Appartement ∙ 1 chambre ∙ 2 personnes,Saas Fee - Valais
12/11/2024,19/04/2025,26/04/2025,947.74,HRKFSLD,30 m² Appartement ∙ 1 chambre ∙ 2 personnes,Saas Fee - Valais
12/11/2024,16/11/2024,23/11/2024,550.80,HHPJ8XG,Appartement ∙ 4 personnes,Val-d'Illiez - Valais
12/11/2024,23/11/2024,30/11/2024,550.80,HHPJ8XG,Appartement ∙ 4 personnes,Val-d'Illiez - Valais
12/11/2024,30/11/2024,07/12/2024,1005.54,HHPJ8XG,Appartement ∙ 4 personnes,Val-d'Illiez - Valais
12/11/2024,07/12/2024,14/12/2024,1005.54,HHPJ8XG,Appartement ∙ 4 personnes,Val-d'Illiez - Valais
12/11/2024,14/12/2024,21/12/2024,1005.54,HHPJ8XG,Appartement ∙ 4 personnes,Val-d'Illiez - Valais
12/11/2024,04/01/2025,11/01/2025,1005.54,HHPJ8XG,Appartement ∙ 4 personnes,Val-d'Illiez - Valais
12/11/2024,11/01/2025,18/01/2025,1005.54,HHPJ8XG,Appartement ∙ 4 personnes,Val-d'Illiez - Valais
12/11/2024,18/01/2025,25/01/2025,1005.54,HHPJ8XG,Appartement ∙ 4 personnes,Val-d'Illiez - Valais
12/11/2024,08/03/2025,15/03/2025,1005.54,HHPJ8XG,Appartement ∙ 4 personnes,Val-d'Illiez - Valais
12/11/2024,15/03/2025,22/03/2025,1005.54,HHPJ8XG,Appartement ∙ 4 personnes,Val-d'Illiez - Valais
12/11/2024,22/03/2025,29/03/2025,1005.54,HHPJ8XG,Appartement ∙ 4 personnes,Val-d'Illiez - Valais
12/11/2024,29/03/2025,05/04/2025,1167.79,HHPJ8XG,Appartement ∙ 4 personnes,Val-d'Illiez - Valais
12/11/2024,05/04/2025,12/04/2025,1167.79,HHPJ8XG,Appartement ∙ 4 personnes,Val-d'Illiez - Valais
12/11/2024,12/04/2025,19/04/2025,1167.79,HHPJ8XG,Appartement ∙ 4 personnes,Val-d'Illiez - Valais
12/11/2024,19/04/2025,26/04/2025,1167.79,HHPJ8XG,Appartement ∙ 4 personnes,Val-d'Illiez - Valais
12/11/2024,26/04/2025,03/05/2025,713.05,HHPJ8XG,Appartement ∙ 4 personnes,Val-d'Illiez - Valais
12/11/2024,03/05/2025,10/05/2025,713.05,HHPJ8XG,Appartement ∙ 4 personnes,Val-d'Illiez - Valais
12/11/2024,10/05/2025,17/05/2025,713.05,HHPJ8XG,Appartement ∙ 4 personnes,Val-d'Illiez - Valais
12/11/2024,16/11/2024,23/11/2024,835.00,HNPWJ97,67 m² Appartement ∙ 2 chambres ∙ 4 personnes,Nendaz - Valais
12/11/2024,23/11/2024,30/11/2024,1076.00,HNPWJ97,67 m² Appartement ∙ 2 chambres ∙ 4 personnes,Nendaz - Valais
12/11/2024,30/11/2024,07/12/2024,1076.00,HNPWJ97,67 m² Appartement ∙ 2 chambres ∙ 4 personnes,Nendaz - Valais
12/11/2024,07/12/2024,14/12/2024,1076.00,HNPWJ97,67 m² Appartement ∙ 2 chambres ∙ 4 personnes,Nendaz - Valais
12/11/2024,14/12/2024,21/12/2024,1076.00,HNPWJ97,67 m² Appartement ∙ 2 chambres ∙ 4 personnes,Nendaz - Valais
12/11/2024,04/01/2025,11/01/2025,1477.00,HNPWJ97,67 m² Appartement ∙ 2 chambres ∙ 4 personnes,Nendaz - Valais
12/11/2024,01/03/2025,08/03/2025,2623.00,HNPWJ97,67 m² Appartement ∙ 2 chambres ∙ 4 personnes,Nendaz - Valais
12/11/2024,12/04/2025,19/04/2025,1477.00,HNPWJ97,67 m² Appartement ∙ 2 chambres ∙ 4 personnes,Nendaz - Valais
12/11/2024,19/04/2025,26/04/2025,1477.00,HNPWJ97,67 m² Appartement ∙ 2 chambres ∙ 4 personnes,Nendaz - Valais
12/11/2024,26/04/2025,03/05/2025,1076.00,HNPWJ97,67 m² Appartement ∙ 2 chambres ∙ 4 personnes,Nendaz - Valais
12/11/2024,03/05/2025,10/05/2025,1076.00,HNPWJ97,67 m² Appartement ∙ 2 chambres ∙ 4 personnes,Nendaz - Valais
12/11/2024,10/05/2025,17/05/2025,1076.00,HNPWJ97,67 m² Appartement ∙ 2 chambres ∙ 4 personnes,Nendaz - Valais
12/11/2024,19/04/2025,26/04/2025,716.77,H49EP3J,Appartement ∙ 1 chambre ∙ 2 personnes,Vercorin - Valais
12/11/2024,26/04/2025,03/05/2025,537.83,H49EP3J,Appartement ∙ 1 chambre ∙ 2 personnes,Vercorin - Valais
12/11/2024,03/05/2025,10/05/2025,537.83,H49EP3J,Appartement ∙ 1 chambre ∙ 2 personnes,Vercorin - Valais
12/11/2024,10/05/2025,17/05/2025,537.83,H49EP3J,Appartement ∙ 1 chambre ∙ 2 personnes,Vercorin - Valais
12/11/2024,25/01/2025,01/02/2025,4195.00,HTU0EYF,230 m² Maison de vacances ∙ 6 chambres ∙ 12 personnes,Saas Fee - Valais
12/11/2024,01/02/2025,08/02/2025,4195.00,HTU0EYF,230 m² Maison de vacances ∙ 6 chambres ∙ 12 personnes,Saas Fee - Valais
12/11/2024,08/02/2025,15/02/2025,4195.00,HTU0EYF,230 m² Maison de vacances ∙ 6 chambres ∙ 12 personnes,Saas Fee - Valais
12/11/2024,08/03/2025,15/03/2025,3199.00,HTU0EYF,230 m² Maison de vacances ∙ 6 chambres ∙ 12 personnes,Saas Fee - Valais
12/11/2024,22/03/2025,29/03/2025,3199.00,HTU0EYF,230 m² Maison de vacances ∙ 6 chambres ∙ 12 personnes,Saas Fee - Valais
12/11/2024,29/03/2025,05/04/2025,3199.00,HTU0EYF,230 m² Maison de vacances ∙ 6 chambres ∙ 12 personnes,Saas Fee - Valais
12/11/2024,05/04/2025,12/04/2025,3199.00,HTU0EYF,230 m² Maison de vacances ∙ 6 chambres ∙ 12 personnes,Saas Fee - Valais
12/11/2024,12/04/2025,19/04/2025,4195.00,HTU0EYF,230 m² Maison de vacances ∙ 6 chambres ∙ 12 personnes,Saas Fee - Valais
12/11/2024,16/11/2024,23/11/2024,759.54,HLYNSD9,33 m² Appartement ∙ 1 chambre ∙ 2 personnes,Saas Fee - Valais
12/11/2024,23/11/2024,30/11/2024,759.54,HLYNSD9,33 m² Appartement ∙ 1 chambre ∙ 2 personnes,Saas Fee - Valais
12/11/2024,30/11/2024,07/12/2024,828.07,HLYNSD9,33 m² Appartement ∙ 1 chambre ∙ 2 personnes,Saas Fee - Valais
12/11/2024,07/12/2024,14/12/2024,839.49,HLYNSD9,33 m² Appartement ∙ 1 chambre ∙ 2 personnes,Saas Fee - Valais
12/11/2024,14/12/2024,21/12/2024,911.45,HLYNSD9,33 m² Appartement ∙ 1 chambre ∙ 2 personnes,Saas Fee - Valais
12/11/2024,21/12/2024,28/12/2024,1143.31,HLYNSD9,33 m² Appartement ∙ 1 chambre ∙ 2 personnes,Saas Fee - Valais
12/11/2024,04/01/2025,11/01/2025,839.49,HLYNSD9,33 m² Appartement ∙ 1 chambre ∙ 2 personnes,Saas Fee - Valais
12/11/2024,01/02/2025,08/02/2025,911.45,HLYNSD9,33 m² Appartement ∙ 1 chambre ∙ 2 personnes,Saas Fee - Valais
12/11/2024,22/02/2025,01/03/2025,911.45,HLYNSD9,33 m² Appartement ∙ 1 chambre ∙ 2 personnes,Saas Fee - Valais
12/11/2024,08/03/2025,15/03/2025,911.45,HLYNSD9,33 m² Appartement ∙ 1 chambre ∙ 2 personnes,Saas Fee - Valais
12/11/2024,15/03/2025,22/03/2025,911.45,HLYNSD9,33 m² Appartement ∙ 1 chambre ∙ 2 personnes,Saas Fee - Valais
12/11/2024,29/03/2025,05/04/2025,911.45,HLYNSD9,33 m² Appartement ∙ 1 chambre ∙ 2 personnes,Saas Fee - Valais
12/11/2024,05/04/2025,12/04/2025,911.45,HLYNSD9,33 m² Appartement ∙ 1 chambre ∙ 2 personnes,Saas Fee - Valais
12/11/2024,12/04/2025,19/04/2025,911.45,HLYNSD9,33 m² Appartement ∙ 1 chambre ∙ 2 personnes,Saas Fee - Valais
12/11/2024,18/01/2025,25/01/2025,1678.99,HS30NCV,55 m² Appartement ∙ 2 chambres ∙ 5 personnes,Saas Fee - Valais
12/11/2024,25/01/2025,01/02/2025,2158.70,HS30NCV,55 m² Appartement ∙ 2 chambres ∙ 5 personnes,Saas Fee - Valais
12/11/2024,01/02/2025,08/02/2025,2158.70,HS30NCV,55 m² Appartement ∙ 2 chambres ∙ 5 personnes,Saas Fee - Valais
12/11/2024,08/02/2025,15/02/2025,2158.70,HS30NCV,55 m² Appartement ∙ 2 chambres ∙ 5 personnes,Saas Fee - Valais
12/11/2024,05/04/2025,12/04/2025,1678.99,HS30NCV,55 m² Appartement ∙ 2 chambres ∙ 5 personnes,Saas Fee - Valais
12/11/2024,23/11/2024,30/11/2024,1165.00,HA35TEV,59 m² Appartement ∙ 2 chambres ∙ 6 personnes,Crans-Montana - Valais
12/11/2024,30/11/2024,07/12/2024,1218.00,HA35TEV,59 m² Appartement ∙ 2 chambres ∙ 6 personnes,Crans-Montana - Valais
12/11/2024,08/02/2025,15/02/2025,2045.00,HA35TEV,59 m² Appartement ∙ 2 chambres ∙ 6 personnes,Crans-Montana - Valais
12/11/2024,01/03/2025,08/03/2025,2045.00,HA35TEV,59 m² Appartement ∙ 2 chambres ∙ 6 personnes,Crans-Montana - Valais
12/11/2024,08/03/2025,15/03/2025,1475.00,HA35TEV,59 m² Appartement ∙ 2 chambres ∙ 6 personnes,Crans-Montana - Valais
12/11/2024,22/03/2025,29/03/2025,1475.00,HA35TEV,59 m² Appartement ∙ 2 chambres ∙ 6 personnes,Crans-Montana - Valais
12/11/2024,29/03/2025,05/04/2025,1475.00,HA35TEV,59 m² Appartement ∙ 2 chambres ∙ 6 personnes,Crans-Montana - Valais
12/11/2024,19/04/2025,26/04/2025,1475.00,HA35TEV,59 m² Appartement ∙ 2 chambres ∙ 6 personnes,Crans-Montana - Valais
12/11/2024,26/04/2025,03/05/2025,1218.00,HA35TEV,59 m² Appartement ∙ 2 chambres ∙ 6 personnes,Crans-Montana - Valais
12/11/2024,03/05/2025,10/05/2025,1218.00,HA35TEV,59 m² Appartement ∙ 2 chambres ∙ 6 personnes,Crans-Montana - Valais
12/11/2024,10/05/2025,17/05/2025,1218.00,HA35TEV,59 m² Appartement ∙ 2 chambres ∙ 6 personnes,Crans-Montana - Valais
12/11/2024,16/11/2024,23/11/2024,1025.34,HF14E3T,80 m² Maison de vacances ∙ 2 chambres ∙ 5 personnes,Nendaz - Valais
12/11/2024,23/11/2024,30/11/2024,1025.34,HF14E3T,80 m² Maison de vacances ∙ 2 chambres ∙ 5 personnes,Nendaz - Valais
12/11/2024,30/11/2024,07/12/2024,1025.34,HF14E3T,80 m² Maison de vacances ∙ 2 chambres ∙ 5 personnes,Nendaz - Valais
12/11/2024,07/12/2024,14/12/2024,1025.34,HF14E3T,80 m² Maison de vacances ∙ 2 chambres ∙ 5 personnes,Nendaz - Valais
12/11/2024,14/12/2024,21/12/2024,1025.34,HF14E3T,80 m² Maison de vacances ∙ 2 chambres ∙ 5 personnes,Nendaz - Valais
12/11/2024,21/12/2024,28/12/2024,1605.33,HF14E3T,80 m² Maison de vacances ∙ 2 chambres ∙ 5 personnes,Nendaz - Valais
12/11/2024,04/01/2025,11/01/2025,1025.34,HF14E3T,80 m² Maison de vacances ∙ 2 chambres ∙ 5 personnes,Nendaz - Valais
12/11/2024,11/01/2025,18/01/2025,1025.34,HF14E3T,80 m² Maison de vacances ∙ 2 chambres ∙ 5 personnes,Nendaz - Valais
12/11/2024,18/01/2025,25/01/2025,1025.34,HF14E3T,80 m² Maison de vacances ∙ 2 chambres ∙ 5 personnes,Nendaz - Valais
12/11/2024,25/01/2025,01/02/2025,1341.23,HF14E3T,80 m² Maison de vacances ∙ 2 chambres ∙ 5 personnes,Nendaz - Valais
12/11/2024,01/02/2025,08/02/2025,1605.33,HF14E3T,80 m² Maison de vacances ∙ 2 chambres ∙ 5 personnes,Nendaz - Valais
12/11/2024,08/02/2025,15/02/2025,1812.47,HF14E3T,80 m² Maison de vacances ∙ 2 chambres ∙ 5 personnes,Nendaz - Valais
12/11/2024,15/02/2025,22/02/2025,2066.22,HF14E3T,80 m² Maison de vacances ∙ 2 chambres ∙ 5 personnes,Nendaz - Valais
12/11/2024,22/02/2025,01/03/2025,2066.22,HF14E3T,80 m² Maison de vacances ∙ 2 chambres ∙ 5 personnes,Nendaz - Valais
12/11/2024,01/03/2025,08/03/2025,1812.47,HF14E3T,80 m² Maison de vacances ∙ 2 chambres ∙ 5 personnes,Nendaz - Valais
12/11/2024,22/03/2025,29/03/2025,1025.34,HF14E3T,80 m² Maison de vacances ∙ 2 chambres ∙ 5 personnes,Nendaz - Valais
12/11/2024,29/03/2025,05/04/2025,1025.34,HF14E3T,80 m² Maison de vacances ∙ 2 chambres ∙ 5 personnes,Nendaz - Valais
12/11/2024,05/04/2025,12/04/2025,1025.34,HF14E3T,80 m² Maison de vacances ∙ 2 chambres ∙ 5 personnes,Nendaz - Valais
12/11/2024,12/04/2025,19/04/2025,1371.81,HF14E3T,80 m² Maison de vacances ∙ 2 chambres ∙ 5 personnes,Nendaz - Valais
12/11/2024,19/04/2025,26/04/2025,1371.81,HF14E3T,80 m² Maison de vacances ∙ 2 chambres ∙ 5 personnes,Nendaz - Valais
12/11/2024,23/11/2024,30/11/2024,1102.89,HSZR5DC,Appartement ∙ 2 chambres ∙ 4 personnes,Grächen - Valais
12/11/2024,30/11/2024,07/12/2024,1102.89,HSZR5DC,Appartement ∙ 2 chambres ∙ 4 personnes,Grächen - Valais
12/11/2024,07/12/2024,14/12/2024,1102.89,HSZR5DC,Appartement ∙ 2 chambres ∙ 4 personnes,Grächen - Valais
12/11/2024,14/12/2024,21/12/2024,1102.89,HSZR5DC,Appartement ∙ 2 chambres ∙ 4 personnes,Grächen - Valais
12/11/2024,11/01/2025,18/01/2025,1102.89,HSZR5DC,Appartement ∙ 2 chambres ∙ 4 personnes,Grächen - Valais
12/11/2024,15/03/2025,22/03/2025,1102.89,HSZR5DC,Appartement ∙ 2 chambres ∙ 4 personnes,Grächen - Valais
12/11/2024,22/03/2025,29/03/2025,1102.89,HSZR5DC,Appartement ∙ 2 chambres ∙ 4 personnes,Grächen - Valais
12/11/2024,29/03/2025,05/04/2025,1102.89,HSZR5DC,Appartement ∙ 2 chambres ∙ 4 personnes,Grächen - Valais
12/11/2024,05/04/2025,12/04/2025,1102.89,HSZR5DC,Appartement ∙ 2 chambres ∙ 4 personnes,Grächen - Valais
12/11/2024,12/04/2025,19/04/2025,1102.89,HSZR5DC,Appartement ∙ 2 chambres ∙ 4 personnes,Grächen - Valais
12/11/2024,19/04/2025,26/04/2025,1102.89,HSZR5DC,Appartement ∙ 2 chambres ∙ 4 personnes,Grächen - Valais
12/11/2024,26/04/2025,03/05/2025,1102.89,HSZR5DC,Appartement ∙ 2 chambres ∙ 4 personnes,Grächen - Valais
12/11/2024,03/05/2025,10/05/2025,1102.89,HSZR5DC,Appartement ∙ 2 chambres ∙ 4 personnes,Grächen - Valais
12/11/2024,10/05/2025,17/05/2025,1102.89,HSZR5DC,Appartement ∙ 2 chambres ∙ 4 personnes,Grächen - Valais
12/11/2024,15/03/2025,22/03/2025,1546.23,HWP618G,140 m² Maison de vacances ∙ 4 chambres ∙ 8 personnes,Val-d'Illiez - Valais
12/11/2024,29/03/2025,05/04/2025,1546.23,HWP618G,140 m² Maison de vacances ∙ 4 chambres ∙ 8 personnes,Val-d'Illiez - Valais
12/11/2024,05/04/2025,12/04/2025,1546.23,HWP618G,140 m² Maison de vacances ∙ 4 chambres ∙ 8 personnes,Val-d'Illiez - Valais
12/11/2024,12/04/2025,19/04/2025,1743.01,HWP618G,140 m² Maison de vacances ∙ 4 chambres ∙ 8 personnes,Val-d'Illiez - Valais
12/11/2024,19/04/2025,26/04/2025,1546.23,HWP618G,140 m² Maison de vacances ∙ 4 chambres ∙ 8 personnes,Val-d'Illiez - Valais
12/11/2024,26/04/2025,03/05/2025,1546.23,HWP618G,140 m² Maison de vacances ∙ 4 chambres ∙ 8 personnes,Val-d'Illiez - Valais
12/11/2024,04/01/2025,11/01/2025,1097.34,HGZK4UY,75 m² Appartement ∙ 2 chambres ∙ 4 personnes,Termen - Valais
12/11/2024,11/01/2025,18/01/2025,1097.34,HGZK4UY,75 m² Appartement ∙ 2 chambres ∙ 4 personnes,Termen - Valais
12/11/2024,18/01/2025,25/01/2025,1097.34,HGZK4UY,75 m² Appartement ∙ 2 chambres ∙ 4 personnes,Termen - Valais
12/11/2024,25/01/2025,01/02/2025,1097.34,HGZK4UY,75 m² Appartement ∙ 2 chambres ∙ 4 personnes,Termen - Valais
12/11/2024,15/03/2025,22/03/2025,1097.34,HGZK4UY,75 m² Appartement ∙ 2 chambres ∙ 4 personnes,Termen - Valais
12/11/2024,22/03/2025,29/03/2025,1097.34,HGZK4UY,75 m² Appartement ∙ 2 chambres ∙ 4 personnes,Termen - Valais
12/11/2024,16/11/2024,23/11/2024,403.86,HYRT4EA,25 m² Appartement ∙ 1 chambre ∙ 2 personnes,Nendaz - Valais
12/11/2024,23/11/2024,30/11/2024,403.86,HYRT4EA,25 m² Appartement ∙ 1 chambre ∙ 2 personnes,Nendaz - Valais
12/11/2024,16/11/2024,23/11/2024,915.00,HA2MZPL,49 m² Appartement ∙ 1 chambre ∙ 4 personnes,Crans-Montana - Valais
12/11/2024,23/11/2024,30/11/2024,915.00,HA2MZPL,49 m² Appartement ∙ 1 chambre ∙ 4 personnes,Crans-Montana - Valais
12/11/2024,30/11/2024,07/12/2024,915.00,HA2MZPL,49 m² Appartement ∙ 1 chambre ∙ 4 personnes,Crans-Montana - Valais
12/11/2024,07/12/2024,14/12/2024,915.00,HA2MZPL,49 m² Appartement ∙ 1 chambre ∙ 4 personnes,Crans-Montana - Valais
12/11/2024,14/12/2024,21/12/2024,915.00,HA2MZPL,49 m² Appartement ∙ 1 chambre ∙ 4 personnes,Crans-Montana - Valais
12/11/2024,21/12/2024,28/12/2024,1825.00,HA2MZPL,49 m² Appartement ∙ 1 chambre ∙ 4 personnes,Crans-Montana - Valais
12/11/2024,08/02/2025,15/02/2025,1825.00,HA2MZPL,49 m² Appartement ∙ 1 chambre ∙ 4 personnes,Crans-Montana - Valais
12/11/2024,15/02/2025,22/02/2025,1825.00,HA2MZPL,49 m² Appartement ∙ 1 chambre ∙ 4 personnes,Crans-Montana - Valais
12/11/2024,22/02/2025,01/03/2025,1825.00,HA2MZPL,49 m² Appartement ∙ 1 chambre ∙ 4 personnes,Crans-Montana - Valais
12/11/2024,01/03/2025,08/03/2025,1825.00,HA2MZPL,49 m² Appartement ∙ 1 chambre ∙ 4 personnes,Crans-Montana - Valais
12/11/2024,05/04/2025,12/04/2025,915.00,HA2MZPL,49 m² Appartement ∙ 1 chambre ∙ 4 personnes,Crans-Montana - Valais
12/11/2024,12/04/2025,19/04/2025,1082.00,HA2MZPL,49 m² Appartement ∙ 1 chambre ∙ 4 personnes,Crans-Montana - Valais
12/11/2024,19/04/2025,26/04/2025,1082.00,HA2MZPL,49 m² Appartement ∙ 1 chambre ∙ 4 personnes,Crans-Montana - Valais
12/11/2024,26/04/2025,03/05/2025,915.00,HA2MZPL,49 m² Appartement ∙ 1 chambre ∙ 4 personnes,Crans-Montana - Valais
12/11/2024,03/05/2025,10/05/2025,915.00,HA2MZPL,49 m² Appartement ∙ 1 chambre ∙ 4 personnes,Crans-Montana - Valais
12/11/2024,10/05/2025,17/05/2025,915.00,HA2MZPL,49 m² Appartement ∙ 1 chambre ∙ 4 personnes,Crans-Montana - Valais
12/11/2024,30/11/2024,07/12/2024,1172.00,H9L15GV,190 m² Appartement ∙ 2 chambres ∙ 6 personnes,Nendaz - Valais
12/11/2024,07/12/2024,14/12/2024,1172.00,H9L15GV,190 m² Appartement ∙ 2 chambres ∙ 6 personnes,Nendaz - Valais
12/11/2024,14/12/2024,21/12/2024,1172.00,H9L15GV,190 m² Appartement ∙ 2 chambres ∙ 6 personnes,Nendaz - Valais
12/11/2024,21/12/2024,28/12/2024,2105.00,H9L15GV,190 m² Appartement ∙ 2 chambres ∙ 6 personnes,Nendaz - Valais
12/11/2024,04/01/2025,11/01/2025,1529.00,H9L15GV,190 m² Appartement ∙ 2 chambres ∙ 6 personnes,Nendaz - Valais
12/11/2024,11/01/2025,18/01/2025,1529.00,H9L15GV,190 m² Appartement ∙ 2 chambres ∙ 6 personnes,Nendaz - Valais
12/11/2024,18/01/2025,25/01/2025,1529.00,H9L15GV,190 m² Appartement ∙ 2 chambres ∙ 6 personnes,Nendaz - Valais
12/11/2024,25/01/2025,01/02/2025,1718.00,H9L15GV,190 m² Appartement ∙ 2 chambres ∙ 6 personnes,Nendaz - Valais
12/11/2024,01/02/2025,08/02/2025,2105.00,H9L15GV,190 m² Appartement ∙ 2 chambres ∙ 6 personnes,Nendaz - Valais
12/11/2024,08/02/2025,15/02/2025,2105.00,H9L15GV,190 m² Appartement ∙ 2 chambres ∙ 6 personnes,Nendaz - Valais
12/11/2024,15/02/2025,22/02/2025,2628.00,H9L15GV,190 m² Appartement ∙ 2 chambres ∙ 6 personnes,Nendaz - Valais
12/11/2024,22/02/2025,01/03/2025,2628.00,H9L15GV,190 m² Appartement ∙ 2 chambres ∙ 6 personnes,Nendaz - Valais
12/11/2024,01/03/2025,08/03/2025,2628.00,H9L15GV,190 m² Appartement ∙ 2 chambres ∙ 6 personnes,Nendaz - Valais
12/11/2024,08/03/2025,15/03/2025,1498.00,H9L15GV,190 m² Appartement ∙ 2 chambres ∙ 6 personnes,Nendaz - Valais
12/11/2024,15/03/2025,22/03/2025,1172.00,H9L15GV,190 m² Appartement ∙ 2 chambres ∙ 6 personnes,Nendaz - Valais
12/11/2024,22/03/2025,29/03/2025,1172.00,H9L15GV,190 m² Appartement ∙ 2 chambres ∙ 6 personnes,Nendaz - Valais
12/11/2024,29/03/2025,05/04/2025,1172.00,H9L15GV,190 m² Appartement ∙ 2 chambres ∙ 6 personnes,Nendaz - Valais
12/11/2024,05/04/2025,12/04/2025,1172.00,H9L15GV,190 m² Appartement ∙ 2 chambres ∙ 6 personnes,Nendaz - Valais
12/11/2024,12/04/2025,19/04/2025,1529.00,H9L15GV,190 m² Appartement ∙ 2 chambres ∙ 6 personnes,Nendaz - Valais
12/11/2024,19/04/2025,26/04/2025,1529.00,H9L15GV,190 m² Appartement ∙ 2 chambres ∙ 6 personnes,Nendaz - Valais
12/11/2024,26/04/2025,03/05/2025,1172.00,H9L15GV,190 m² Appartement ∙ 2 chambres ∙ 6 personnes,Nendaz - Valais
12/11/2024,03/05/2025,10/05/2025,1172.00,H9L15GV,190 m² Appartement ∙ 2 chambres ∙ 6 personnes,Nendaz - Valais
12/11/2024,10/05/2025,17/05/2025,1172.00,H9L15GV,190 m² Appartement ∙ 2 chambres ∙ 6 personnes,Nendaz - Valais
12/11/2024,16/11/2024,23/11/2024,1578.75,H4L07CY,100 m² Appartement ∙ 4 chambres ∙ 8 personnes,Troistorrents - Valais
12/11/2024,23/11/2024,30/11/2024,1578.75,H4L07CY,100 m² Appartement ∙ 4 chambres ∙ 8 personnes,Troistorrents - Valais
12/11/2024,30/11/2024,07/12/2024,1578.75,H4L07CY,100 m² Appartement ∙ 4 chambres ∙ 8 personnes,Troistorrents - Valais
12/11/2024,07/12/2024,14/12/2024,1578.75,H4L07CY,100 m² Appartement ∙ 4 chambres ∙ 8 personnes,Troistorrents - Valais
12/11/2024,14/12/2024,21/12/2024,3147.90,H4L07CY,100 m² Appartement ∙ 4 chambres ∙ 8 personnes,Troistorrents - Valais
12/11/2024,04/01/2025,11/01/2025,3147.90,H4L07CY,100 m² Appartement ∙ 4 chambres ∙ 8 personnes,Troistorrents - Valais
12/11/2024,18/01/2025,25/01/2025,2325.97,H4L07CY,100 m² Appartement ∙ 4 chambres ∙ 8 personnes,Troistorrents - Valais
12/11/2024,25/01/2025,01/02/2025,3147.90,H4L07CY,100 m² Appartement ∙ 4 chambres ∙ 8 personnes,Troistorrents - Valais
12/11/2024,22/03/2025,29/03/2025,2400.69,H4L07CY,100 m² Appartement ∙ 4 chambres ∙ 8 personnes,Troistorrents - Valais
12/11/2024,29/03/2025,05/04/2025,2400.69,H4L07CY,100 m² Appartement ∙ 4 chambres ∙ 8 personnes,Troistorrents - Valais
12/11/2024,05/04/2025,12/04/2025,2027.08,H4L07CY,100 m² Appartement ∙ 4 chambres ∙ 8 personnes,Troistorrents - Valais
12/11/2024,12/04/2025,19/04/2025,2027.08,H4L07CY,100 m² Appartement ∙ 4 chambres ∙ 8 personnes,Troistorrents - Valais
12/11/2024,04/01/2025,11/01/2025,1332.17,H8MVZ7U,45 m² Appartement ∙ 2 chambres ∙ 5 personnes,Loèche-les-Bains - Valais
12/11/2024,11/01/2025,18/01/2025,1332.17,H8MVZ7U,45 m² Appartement ∙ 2 chambres ∙ 5 personnes,Loèche-les-Bains - Valais
12/11/2024,18/01/2025,25/01/2025,1332.17,H8MVZ7U,45 m² Appartement ∙ 2 chambres ∙ 5 personnes,Loèche-les-Bains - Valais
12/11/2024,25/01/2025,01/02/2025,1332.17,H8MVZ7U,45 m² Appartement ∙ 2 chambres ∙ 5 personnes,Loèche-les-Bains - Valais
12/11/2024,08/02/2025,15/02/2025,1332.17,H8MVZ7U,45 m² Appartement ∙ 2 chambres ∙ 5 personnes,Loèche-les-Bains - Valais
12/11/2024,22/02/2025,01/03/2025,1332.17,H8MVZ7U,45 m² Appartement ∙ 2 chambres ∙ 5 personnes,Loèche-les-Bains - Valais
12/11/2024,08/03/2025,15/03/2025,1152.84,H8MVZ7U,45 m² Appartement ∙ 2 chambres ∙ 5 personnes,Loèche-les-Bains - Valais
12/11/2024,15/03/2025,22/03/2025,1152.84,H8MVZ7U,45 m² Appartement ∙ 2 chambres ∙ 5 personnes,Loèche-les-Bains - Valais
12/11/2024,22/03/2025,29/03/2025,1152.84,H8MVZ7U,45 m² Appartement ∙ 2 chambres ∙ 5 personnes,Loèche-les-Bains - Valais
12/11/2024,29/03/2025,05/04/2025,1152.84,H8MVZ7U,45 m² Appartement ∙ 2 chambres ∙ 5 personnes,Loèche-les-Bains - Valais
12/11/2024,05/04/2025,12/04/2025,973.51,H8MVZ7U,45 m² Appartement ∙ 2 chambres ∙ 5 personnes,Loèche-les-Bains - Valais
12/11/2024,12/04/2025,19/04/2025,973.51,H8MVZ7U,45 m² Appartement ∙ 2 chambres ∙ 5 personnes,Loèche-les-Bains - Valais
12/11/2024,19/04/2025,26/04/2025,973.51,H8MVZ7U,45 m² Appartement ∙ 2 chambres ∙ 5 personnes,Loèche-les-Bains - Valais
12/11/2024,16/11/2024,23/11/2024,969.46,HSMPHFR,Appartement ∙ 3 chambres ∙ 6 personnes,Grächen - Valais
12/11/2024,23/11/2024,30/11/2024,969.46,HSMPHFR,Appartement ∙ 3 chambres ∙ 6 personnes,Grächen - Valais
12/11/2024,30/11/2024,07/12/2024,969.46,HSMPHFR,Appartement ∙ 3 chambres ∙ 6 personnes,Grächen - Valais
12/11/2024,07/12/2024,14/12/2024,969.46,HSMPHFR,Appartement ∙ 3 chambres ∙ 6 personnes,Grächen - Valais
12/11/2024,11/01/2025,18/01/2025,1230.98,HSMPHFR,Appartement ∙ 3 chambres ∙ 6 personnes,Grächen - Valais
12/11/2024,18/01/2025,25/01/2025,1230.98,HSMPHFR,Appartement ∙ 3 chambres ∙ 6 personnes,Grächen - Valais
12/11/2024,25/01/2025,01/02/2025,1455.14,HSMPHFR,Appartement ∙ 3 chambres ∙ 6 personnes,Grächen - Valais
12/11/2024,22/03/2025,29/03/2025,1006.82,HSMPHFR,Appartement ∙ 3 chambres ∙ 6 personnes,Grächen - Valais
12/11/2024,29/03/2025,05/04/2025,1006.82,HSMPHFR,Appartement ∙ 3 chambres ∙ 6 personnes,Grächen - Valais
12/11/2024,05/04/2025,12/04/2025,1006.82,HSMPHFR,Appartement ∙ 3 chambres ∙ 6 personnes,Grächen - Valais
12/11/2024,12/04/2025,19/04/2025,974.79,HSMPHFR,Appartement ∙ 3 chambres ∙ 6 personnes,Grächen - Valais
12/11/2024,19/04/2025,26/04/2025,969.46,HSMPHFR,Appartement ∙ 3 chambres ∙ 6 personnes,Grächen - Valais
12/11/2024,16/11/2024,23/11/2024,2200.87,H4TBMEV,200 m² Maison de vacances ∙ 4 chambres ∙ 12 personnes,Nendaz - Valais
12/11/2024,23/11/2024,30/11/2024,2200.87,H4TBMEV,200 m² Maison de vacances ∙ 4 chambres ∙ 12 personnes,Nendaz - Valais
12/11/2024,30/11/2024,07/12/2024,2090.83,H4TBMEV,200 m² Maison de vacances ∙ 4 chambres ∙ 12 personnes,Nendaz - Valais
12/11/2024,07/12/2024,14/12/2024,2090.83,H4TBMEV,200 m² Maison de vacances ∙ 4 chambres ∙ 12 personnes,Nendaz - Valais
12/11/2024,14/12/2024,21/12/2024,2090.83,H4TBMEV,200 m² Maison de vacances ∙ 4 chambres ∙ 12 personnes,Nendaz - Valais
12/11/2024,21/12/2024,28/12/2024,3933.72,H4TBMEV,200 m² Maison de vacances ∙ 4 chambres ∙ 12 personnes,Nendaz - Valais
12/11/2024,11/01/2025,18/01/2025,2200.87,H4TBMEV,200 m² Maison de vacances ∙ 4 chambres ∙ 12 personnes,Nendaz - Valais
12/11/2024,15/02/2025,22/02/2025,5177.49,H4TBMEV,200 m² Maison de vacances ∙ 4 chambres ∙ 12 personnes,Nendaz - Valais
12/11/2024,22/02/2025,01/03/2025,5437.44,H4TBMEV,200 m² Maison de vacances ∙ 4 chambres ∙ 12 personnes,Nendaz - Valais
12/11/2024,01/03/2025,08/03/2025,5177.50,H4TBMEV,200 m² Maison de vacances ∙ 4 chambres ∙ 12 personnes,Nendaz - Valais
12/11/2024,22/03/2025,29/03/2025,2200.87,H4TBMEV,200 m² Maison de vacances ∙ 4 chambres ∙ 12 personnes,Nendaz - Valais
12/11/2024,29/03/2025,05/04/2025,2200.87,H4TBMEV,200 m² Maison de vacances ∙ 4 chambres ∙ 12 personnes,Nendaz - Valais
12/11/2024,05/04/2025,12/04/2025,2200.87,H4TBMEV,200 m² Maison de vacances ∙ 4 chambres ∙ 12 personnes,Nendaz - Valais
12/11/2024,19/04/2025,26/04/2025,2200.87,H4TBMEV,200 m² Maison de vacances ∙ 4 chambres ∙ 12 personnes,Nendaz - Valais
12/11/2024,30/11/2024,07/12/2024,438.24,HLSPRX6,40 m² Appartement ∙ 1 chambre ∙ 2 personnes,Ayent - Valais
12/11/2024,07/12/2024,14/12/2024,438.24,HLSPRX6,40 m² Appartement ∙ 1 chambre ∙ 2 personnes,Ayent - Valais
12/11/2024,08/02/2025,15/02/2025,906.41,HLSPRX6,40 m² Appartement ∙ 1 chambre ∙ 2 personnes,Ayent - Valais
12/11/2024,15/02/2025,22/02/2025,1436.83,HLSPRX6,40 m² Appartement ∙ 1 chambre ∙ 2 personnes,Ayent - Valais
12/11/2024,22/02/2025,01/03/2025,1413.51,HLSPRX6,40 m² Appartement ∙ 1 chambre ∙ 2 personnes,Ayent - Valais
12/11/2024,01/03/2025,08/03/2025,1347.20,HLSPRX6,40 m² Appartement ∙ 1 chambre ∙ 2 personnes,Ayent - Valais
12/11/2024,08/03/2025,15/03/2025,1007.09,HLSPRX6,40 m² Appartement ∙ 1 chambre ∙ 2 personnes,Ayent - Valais
12/11/2024,15/03/2025,22/03/2025,740.65,HLSPRX6,40 m² Appartement ∙ 1 chambre ∙ 2 personnes,Ayent - Valais
12/11/2024,22/03/2025,29/03/2025,642.42,HLSPRX6,40 m² Appartement ∙ 1 chambre ∙ 2 personnes,Ayent - Valais
12/11/2024,29/03/2025,05/04/2025,1062.34,HLSPRX6,40 m² Appartement ∙ 1 chambre ∙ 2 personnes,Ayent - Valais
12/11/2024,05/04/2025,12/04/2025,792.22,HLSPRX6,40 m² Appartement ∙ 1 chambre ∙ 2 personnes,Ayent - Valais
12/11/2024,12/04/2025,19/04/2025,776.26,HLSPRX6,40 m² Appartement ∙ 1 chambre ∙ 2 personnes,Ayent - Valais
12/11/2024,19/04/2025,26/04/2025,750.47,HLSPRX6,40 m² Appartement ∙ 1 chambre ∙ 2 personnes,Ayent - Valais
12/11/2024,26/04/2025,03/05/2025,616.64,HLSPRX6,40 m² Appartement ∙ 1 chambre ∙ 2 personnes,Ayent - Valais
12/11/2024,03/05/2025,10/05/2025,616.64,HLSPRX6,40 m² Appartement ∙ 1 chambre ∙ 2 personnes,Ayent - Valais
12/11/2024,10/05/2025,17/05/2025,616.64,HLSPRX6,40 m² Appartement ∙ 1 chambre ∙ 2 personnes,Ayent - Valais
12/11/2024,25/01/2025,01/02/2025,1472.33,HFHP30N,78 m² Appartement ∙ 2 chambres ∙ 4 personnes,Termen - Valais
12/11/2024,08/02/2025,15/02/2025,1472.33,HFHP30N,78 m² Appartement ∙ 2 chambres ∙ 4 personnes,Termen - Valais
12/11/2024,08/03/2025,15/03/2025,1204.03,HFHP30N,78 m² Appartement ∙ 2 chambres ∙ 4 personnes,Termen - Valais
12/11/2024,04/01/2025,11/01/2025,1080.03,HBV1FSY,46 m² Appartement ∙ 2 chambres ∙ 4 personnes,Crans-Montana - Valais
12/11/2024,18/01/2025,25/01/2025,1080.03,HBV1FSY,46 m² Appartement ∙ 2 chambres ∙ 4 personnes,Crans-Montana - Valais
12/11/2024,25/01/2025,01/02/2025,1357.75,HBV1FSY,46 m² Appartement ∙ 2 chambres ∙ 4 personnes,Crans-Montana - Valais
12/11/2024,15/02/2025,22/02/2025,1889.80,HBV1FSY,46 m² Appartement ∙ 2 chambres ∙ 4 personnes,Crans-Montana - Valais
12/11/2024,30/11/2024,07/12/2024,1092.00,HHFXET9,84 m² Appartement ∙ 3 chambres ∙ 6 personnes,Grächen - Valais
12/11/2024,07/12/2024,14/12/2024,1092.00,HHFXET9,84 m² Appartement ∙ 3 chambres ∙ 6 personnes,Grächen - Valais
12/11/2024,14/12/2024,21/12/2024,1198.00,HHFXET9,84 m² Appartement ∙ 3 chambres ∙ 6 personnes,Grächen - Valais
12/11/2024,11/01/2025,18/01/2025,1198.00,HHFXET9,84 m² Appartement ∙ 3 chambres ∙ 6 personnes,Grächen - Valais
12/11/2024,18/01/2025,25/01/2025,1198.00,HHFXET9,84 m² Appartement ∙ 3 chambres ∙ 6 personnes,Grächen - Valais
12/11/2024,08/03/2025,15/03/2025,1312.00,HHFXET9,84 m² Appartement ∙ 3 chambres ∙ 6 personnes,Grächen - Valais
12/11/2024,15/03/2025,22/03/2025,1191.00,HHFXET9,84 m² Appartement ∙ 3 chambres ∙ 6 personnes,Grächen - Valais
12/11/2024,22/03/2025,29/03/2025,1191.00,HHFXET9,84 m² Appartement ∙ 3 chambres ∙ 6 personnes,Grächen - Valais
12/11/2024,29/03/2025,05/04/2025,1191.00,HHFXET9,84 m² Appartement ∙ 3 chambres ∙ 6 personnes,Grächen - Valais
12/11/2024,05/04/2025,12/04/2025,1191.00,HHFXET9,84 m² Appartement ∙ 3 chambres ∙ 6 personnes,Grächen - Valais
12/11/2024,12/04/2025,19/04/2025,1191.00,HHFXET9,84 m² Appartement ∙ 3 chambres ∙ 6 personnes,Grächen - Valais
12/11/2024,19/04/2025,26/04/2025,1191.00,HHFXET9,84 m² Appartement ∙ 3 chambres ∙ 6 personnes,Grächen - Valais
12/11/2024,16/11/2024,23/11/2024,749.00,H6EC4NX,50 m² Appartement ∙ 2 chambres ∙ 3 personnes,Verbier - Bagnes - Valais
12/11/2024,30/11/2024,07/12/2024,990.00,H6EC4NX,50 m² Appartement ∙ 2 chambres ∙ 3 personnes,Verbier - Bagnes - Valais
12/11/2024,14/12/2024,21/12/2024,990.00,H6EC4NX,50 m² Appartement ∙ 2 chambres ∙ 3 personnes,Verbier - Bagnes - Valais
12/11/2024,05/04/2025,12/04/2025,990.00,H6EC4NX,50 m² Appartement ∙ 2 chambres ∙ 3 personnes,Verbier - Bagnes - Valais
12/11/2024,12/04/2025,19/04/2025,1256.00,H6EC4NX,50 m² Appartement ∙ 2 chambres ∙ 3 personnes,Verbier - Bagnes - Valais
12/11/2024,26/04/2025,03/05/2025,990.00,H6EC4NX,50 m² Appartement ∙ 2 chambres ∙ 3 personnes,Verbier - Bagnes - Valais
12/11/2024,03/05/2025,10/05/2025,990.00,H6EC4NX,50 m² Appartement ∙ 2 chambres ∙ 3 personnes,Verbier - Bagnes - Valais
12/11/2024,10/05/2025,17/05/2025,990.00,H6EC4NX,50 m² Appartement ∙ 2 chambres ∙ 3 personnes,Verbier - Bagnes - Valais
12/11/2024,23/11/2024,30/11/2024,868.24,HGXVF10,Appartement ∙ 2 chambres ∙ 4 personnes,Goms - Valais
12/11/2024,30/11/2024,07/12/2024,847.10,HGXVF10,Appartement ∙ 2 chambres ∙ 4 personnes,Goms - Valais
12/11/2024,07/12/2024,14/12/2024,884.58,HGXVF10,Appartement ∙ 2 chambres ∙ 4 personnes,Goms - Valais
12/11/2024,14/12/2024,21/12/2024,1046.01,HGXVF10,Appartement ∙ 2 chambres ∙ 4 personnes,Goms - Valais
12/11/2024,21/12/2024,28/12/2024,1845.49,HGXVF10,Appartement ∙ 2 chambres ∙ 4 personnes,Goms - Valais
12/11/2024,04/01/2025,11/01/2025,1340.05,HGXVF10,Appartement ∙ 2 chambres ∙ 4 personnes,Goms - Valais
12/11/2024,11/01/2025,18/01/2025,1203.60,HGXVF10,Appartement ∙ 2 chambres ∙ 4 personnes,Goms - Valais
12/11/2024,08/02/2025,15/02/2025,1753.24,HGXVF10,Appartement ∙ 2 chambres ∙ 4 personnes,Goms - Valais
12/11/2024,15/02/2025,22/02/2025,1883.93,HGXVF10,Appartement ∙ 2 chambres ∙ 4 personnes,Goms - Valais
12/11/2024,01/03/2025,08/03/2025,1580.28,HGXVF10,Appartement ∙ 2 chambres ∙ 4 personnes,Goms - Valais
12/11/2024,08/03/2025,15/03/2025,1266.06,HGXVF10,Appartement ∙ 2 chambres ∙ 4 personnes,Goms - Valais
12/11/2024,15/03/2025,22/03/2025,1186.30,HGXVF10,Appartement ∙ 2 chambres ∙ 4 personnes,Goms - Valais
12/11/2024,22/03/2025,29/03/2025,1153.63,HGXVF10,Appartement ∙ 2 chambres ∙ 4 personnes,Goms - Valais
12/11/2024,29/03/2025,05/04/2025,1168.05,HGXVF10,Appartement ∙ 2 chambres ∙ 4 personnes,Goms - Valais
12/11/2024,05/04/2025,12/04/2025,1173.81,HGXVF10,Appartement ∙ 2 chambres ∙ 4 personnes,Goms - Valais
12/11/2024,12/04/2025,19/04/2025,1263.18,HGXVF10,Appartement ∙ 2 chambres ∙ 4 personnes,Goms - Valais
12/11/2024,19/04/2025,26/04/2025,1233.39,HGXVF10,Appartement ∙ 2 chambres ∙ 4 personnes,Goms - Valais
12/11/2024,26/04/2025,03/05/2025,885.00,HGXVF10,Appartement ∙ 2 chambres ∙ 4 personnes,Goms - Valais
12/11/2024,03/05/2025,10/05/2025,843.68,HGXVF10,Appartement ∙ 2 chambres ∙ 4 personnes,Goms - Valais
12/11/2024,10/05/2025,17/05/2025,885.96,HGXVF10,Appartement ∙ 2 chambres ∙ 4 personnes,Goms - Valais
12/11/2024,07/12/2024,14/12/2024,989.64,HZN2MB3,120 m² Appartement ∙ 3 chambres ∙ 6 personnes,Bagnes - Valais
12/11/2024,25/01/2025,01/02/2025,1529.89,HZN2MB3,120 m² Appartement ∙ 3 chambres ∙ 6 personnes,Bagnes - Valais
12/11/2024,08/02/2025,15/02/2025,1744.76,HZN2MB3,120 m² Appartement ∙ 3 chambres ∙ 6 personnes,Bagnes - Valais
12/11/2024,15/03/2025,22/03/2025,1194.69,HZN2MB3,120 m² Appartement ∙ 3 chambres ∙ 6 personnes,Bagnes - Valais
12/11/2024,05/04/2025,12/04/2025,1316.24,HZN2MB3,120 m² Appartement ∙ 3 chambres ∙ 6 personnes,Bagnes - Valais
12/11/2024,26/04/2025,03/05/2025,1118.56,HZN2MB3,120 m² Appartement ∙ 3 chambres ∙ 6 personnes,Bagnes - Valais
12/11/2024,03/05/2025,10/05/2025,1090.32,HZN2MB3,120 m² Appartement ∙ 3 chambres ∙ 6 personnes,Bagnes - Valais
12/11/2024,10/05/2025,17/05/2025,1139.44,HZN2MB3,120 m² Appartement ∙ 3 chambres ∙ 6 personnes,Bagnes - Valais
12/11/2024,16/11/2024,23/11/2024,1195.81,HZ7PEAR,Appartement ∙ 3 chambres ∙ 6 personnes,Grächen - Valais
12/11/2024,23/11/2024,30/11/2024,1195.81,HZ7PEAR,Appartement ∙ 3 chambres ∙ 6 personnes,Grächen - Valais
12/11/2024,30/11/2024,07/12/2024,1195.81,HZ7PEAR,Appartement ∙ 3 chambres ∙ 6 personnes,Grächen - Valais
12/11/2024,07/12/2024,14/12/2024,1195.81,HZ7PEAR,Appartement ∙ 3 chambres ∙ 6 personnes,Grächen - Valais
12/11/2024,14/12/2024,21/12/2024,1313.25,HZ7PEAR,Appartement ∙ 3 chambres ∙ 6 personnes,Grächen - Valais
12/11/2024,04/01/2025,11/01/2025,1761.68,HZ7PEAR,Appartement ∙ 3 chambres ∙ 6 personnes,Grächen - Valais
12/11/2024,08/03/2025,15/03/2025,1718.97,HZ7PEAR,Appartement ∙ 3 chambres ∙ 6 personnes,Grächen - Valais
12/11/2024,15/03/2025,22/03/2025,1718.97,HZ7PEAR,Appartement ∙ 3 chambres ∙ 6 personnes,Grächen - Valais
12/11/2024,22/03/2025,29/03/2025,1718.97,HZ7PEAR,Appartement ∙ 3 chambres ∙ 6 personnes,Grächen - Valais
12/11/2024,29/03/2025,05/04/2025,1761.68,HZ7PEAR,Appartement ∙ 3 chambres ∙ 6 personnes,Grächen - Valais
12/11/2024,05/04/2025,12/04/2025,2017.92,HZ7PEAR,Appartement ∙ 3 chambres ∙ 6 personnes,Grächen - Valais
12/11/2024,12/04/2025,19/04/2025,2017.92,HZ7PEAR,Appartement ∙ 3 chambres ∙ 6 personnes,Grächen - Valais
12/11/2024,19/04/2025,26/04/2025,1430.70,HZ7PEAR,Appartement ∙ 3 chambres ∙ 6 personnes,Grächen - Valais
12/11/2024,26/04/2025,03/05/2025,1195.81,HZ7PEAR,Appartement ∙ 3 chambres ∙ 6 personnes,Grächen - Valais
12/11/2024,03/05/2025,10/05/2025,1195.81,HZ7PEAR,Appartement ∙ 3 chambres ∙ 6 personnes,Grächen - Valais
12/11/2024,10/05/2025,17/05/2025,1195.81,HZ7PEAR,Appartement ∙ 3 chambres ∙ 6 personnes,Grächen - Valais
12/11/2024,14/12/2024,21/12/2024,689.00,HWV8J47,25 m² Appartement ∙ 1 chambre ∙ 2 personnes,Orsières - Valais
12/11/2024,21/12/2024,28/12/2024,1302.00,HWV8J47,25 m² Appartement ∙ 1 chambre ∙ 2 personnes,Orsières - Valais
12/11/2024,28/12/2024,04/01/2025,1302.00,HWV8J47,25 m² Appartement ∙ 1 chambre ∙ 2 personnes,Orsières - Valais
12/11/2024,04/01/2025,11/01/2025,865.00,HWV8J47,25 m² Appartement ∙ 1 chambre ∙ 2 personnes,Orsières - Valais
12/11/2024,11/01/2025,18/01/2025,865.00,HWV8J47,25 m² Appartement ∙ 1 chambre ∙ 2 personnes,Orsières - Valais
12/11/2024,18/01/2025,25/01/2025,865.00,HWV8J47,25 m² Appartement ∙ 1 chambre ∙ 2 personnes,Orsières - Valais
12/11/2024,25/01/2025,01/02/2025,865.00,HWV8J47,25 m² Appartement ∙ 1 chambre ∙ 2 personnes,Orsières - Valais
12/11/2024,01/02/2025,08/02/2025,1267.00,HWV8J47,25 m² Appartement ∙ 1 chambre ∙ 2 personnes,Orsières - Valais
12/11/2024,08/02/2025,15/02/2025,1267.00,HWV8J47,25 m² Appartement ∙ 1 chambre ∙ 2 personnes,Orsières - Valais
12/11/2024,15/02/2025,22/02/2025,1389.00,HWV8J47,25 m² Appartement ∙ 1 chambre ∙ 2 personnes,Orsières - Valais
12/11/2024,22/02/2025,01/03/2025,1389.00,HWV8J47,25 m² Appartement ∙ 1 chambre ∙ 2 personnes,Orsières - Valais
12/11/2024,01/03/2025,08/03/2025,1389.00,HWV8J47,25 m² Appartement ∙ 1 chambre ∙ 2 personnes,Orsières - Valais
12/11/2024,08/03/2025,15/03/2025,689.00,HWV8J47,25 m² Appartement ∙ 1 chambre ∙ 2 personnes,Orsières - Valais
12/11/2024,15/03/2025,22/03/2025,689.00,HWV8J47,25 m² Appartement ∙ 1 chambre ∙ 2 personnes,Orsières - Valais
12/11/2024,22/03/2025,29/03/2025,689.00,HWV8J47,25 m² Appartement ∙ 1 chambre ∙ 2 personnes,Orsières - Valais
12/11/2024,29/03/2025,05/04/2025,689.00,HWV8J47,25 m² Appartement ∙ 1 chambre ∙ 2 personnes,Orsières - Valais
12/11/2024,05/04/2025,12/04/2025,689.00,HWV8J47,25 m² Appartement ∙ 1 chambre ∙ 2 personnes,Orsières - Valais
12/11/2024,12/04/2025,19/04/2025,865.00,HWV8J47,25 m² Appartement ∙ 1 chambre ∙ 2 personnes,Orsières - Valais
12/11/2024,19/04/2025,26/04/2025,865.00,HWV8J47,25 m² Appartement ∙ 1 chambre ∙ 2 personnes,Orsières - Valais
12/11/2024,26/04/2025,03/05/2025,689.00,HWV8J47,25 m² Appartement ∙ 1 chambre ∙ 2 personnes,Orsières - Valais
12/11/2024,03/05/2025,10/05/2025,689.00,HWV8J47,25 m² Appartement ∙ 1 chambre ∙ 2 personnes,Orsières - Valais
12/11/2024,10/05/2025,17/05/2025,689.00,HWV8J47,25 m² Appartement ∙ 1 chambre ∙ 2 personnes,Orsières - Valais
12/11/2024,14/12/2024,21/12/2024,2739.68,H86SMPU,180 m² Maison de vacances ∙ 4 chambres ∙ 8 personnes,Hérémence - Valais
12/11/2024,01/02/2025,08/02/2025,2889.15,H86SMPU,180 m² Maison de vacances ∙ 4 chambres ∙ 8 personnes,Hérémence - Valais
12/11/2024,22/02/2025,01/03/2025,4275.00,H86SMPU,180 m² Maison de vacances ∙ 4 chambres ∙ 8 personnes,Hérémence - Valais
12/11/2024,05/04/2025,12/04/2025,2953.21,H86SMPU,180 m² Maison de vacances ∙ 4 chambres ∙ 8 personnes,Hérémence - Valais
12/11/2024,12/04/2025,19/04/2025,2878.48,H86SMPU,180 m² Maison de vacances ∙ 4 chambres ∙ 8 personnes,Hérémence - Valais
12/11/2024,16/11/2024,23/11/2024,1058.41,H54YGVL,110 m² Appartement ∙ 2 chambres ∙ 4 personnes,Saas Grund - Valais
12/11/2024,23/11/2024,30/11/2024,1226.34,H54YGVL,110 m² Appartement ∙ 2 chambres ∙ 4 personnes,Saas Grund - Valais
12/11/2024,30/11/2024,07/12/2024,1226.34,H54YGVL,110 m² Appartement ∙ 2 chambres ∙ 4 personnes,Saas Grund - Valais
12/11/2024,07/12/2024,14/12/2024,1226.34,H54YGVL,110 m² Appartement ∙ 2 chambres ∙ 4 personnes,Saas Grund - Valais
12/11/2024,14/12/2024,21/12/2024,1226.34,H54YGVL,110 m² Appartement ∙ 2 chambres ∙ 4 personnes,Saas Grund - Valais
12/11/2024,08/02/2025,15/02/2025,1706.16,H54YGVL,110 m² Appartement ∙ 2 chambres ∙ 4 personnes,Saas Grund - Valais
12/11/2024,22/03/2025,29/03/2025,1599.39,H54YGVL,110 m² Appartement ∙ 2 chambres ∙ 4 personnes,Saas Grund - Valais
12/11/2024,29/03/2025,05/04/2025,1599.39,H54YGVL,110 m² Appartement ∙ 2 chambres ∙ 4 personnes,Saas Grund - Valais
12/11/2024,05/04/2025,12/04/2025,1599.39,H54YGVL,110 m² Appartement ∙ 2 chambres ∙ 4 personnes,Saas Grund - Valais
12/11/2024,12/04/2025,19/04/2025,1599.39,H54YGVL,110 m² Appartement ∙ 2 chambres ∙ 4 personnes,Saas Grund - Valais
12/11/2024,19/04/2025,26/04/2025,1599.39,H54YGVL,110 m² Appartement ∙ 2 chambres ∙ 4 personnes,Saas Grund - Valais
12/11/2024,23/11/2024,30/11/2024,799.69,H9DW52J,85 m² Appartement ∙ 2 chambres ∙ 5 personnes,Saas-Almagell - Valais
12/11/2024,30/11/2024,07/12/2024,799.69,H9DW52J,85 m² Appartement ∙ 2 chambres ∙ 5 personnes,Saas-Almagell - Valais
12/11/2024,07/12/2024,14/12/2024,799.69,H9DW52J,85 m² Appartement ∙ 2 chambres ∙ 5 personnes,Saas-Almagell - Valais
12/11/2024,14/12/2024,21/12/2024,799.69,H9DW52J,85 m² Appartement ∙ 2 chambres ∙ 5 personnes,Saas-Almagell - Valais
12/11/2024,04/01/2025,11/01/2025,839.68,H9DW52J,85 m² Appartement ∙ 2 chambres ∙ 5 personnes,Saas-Almagell - Valais
12/11/2024,11/01/2025,18/01/2025,839.68,H9DW52J,85 m² Appartement ∙ 2 chambres ∙ 5 personnes,Saas-Almagell - Valais
12/11/2024,29/03/2025,05/04/2025,799.69,H9DW52J,85 m² Appartement ∙ 2 chambres ∙ 5 personnes,Saas-Almagell - Valais
12/11/2024,05/04/2025,12/04/2025,799.69,H9DW52J,85 m² Appartement ∙ 2 chambres ∙ 5 personnes,Saas-Almagell - Valais
12/11/2024,12/04/2025,19/04/2025,833.97,H9DW52J,85 m² Appartement ∙ 2 chambres ∙ 5 personnes,Saas-Almagell - Valais
12/11/2024,19/04/2025,26/04/2025,839.68,H9DW52J,85 m² Appartement ∙ 2 chambres ∙ 5 personnes,Saas-Almagell - Valais
12/11/2024,16/11/2024,23/11/2024,597.90,HDC1GA6,85 m² Appartement ∙ 2 chambres ∙ 5 personnes,Saas Grund - Valais
12/11/2024,23/11/2024,30/11/2024,597.90,HDC1GA6,85 m² Appartement ∙ 2 chambres ∙ 5 personnes,Saas Grund - Valais
12/11/2024,30/11/2024,07/12/2024,597.90,HDC1GA6,85 m² Appartement ∙ 2 chambres ∙ 5 personnes,Saas Grund - Valais
12/11/2024,07/12/2024,14/12/2024,597.90,HDC1GA6,85 m² Appartement ∙ 2 chambres ∙ 5 personnes,Saas Grund - Valais
12/11/2024,14/12/2024,21/12/2024,710.01,HDC1GA6,85 m² Appartement ∙ 2 chambres ∙ 5 personnes,Saas Grund - Valais
12/11/2024,04/01/2025,11/01/2025,710.01,HDC1GA6,85 m² Appartement ∙ 2 chambres ∙ 5 personnes,Saas Grund - Valais
12/11/2024,11/01/2025,18/01/2025,710.01,HDC1GA6,85 m² Appartement ∙ 2 chambres ∙ 5 personnes,Saas Grund - Valais
12/11/2024,18/01/2025,25/01/2025,710.01,HDC1GA6,85 m² Appartement ∙ 2 chambres ∙ 5 personnes,Saas Grund - Valais
12/11/2024,25/01/2025,01/02/2025,1046.33,HDC1GA6,85 m² Appartement ∙ 2 chambres ∙ 5 personnes,Saas Grund - Valais
12/11/2024,08/03/2025,15/03/2025,1382.65,HDC1GA6,85 m² Appartement ∙ 2 chambres ∙ 5 personnes,Saas Grund - Valais
12/11/2024,15/03/2025,22/03/2025,1046.33,HDC1GA6,85 m² Appartement ∙ 2 chambres ∙ 5 personnes,Saas Grund - Valais
12/11/2024,22/03/2025,29/03/2025,1046.33,HDC1GA6,85 m² Appartement ∙ 2 chambres ∙ 5 personnes,Saas Grund - Valais
12/11/2024,29/03/2025,05/04/2025,710.01,HDC1GA6,85 m² Appartement ∙ 2 chambres ∙ 5 personnes,Saas Grund - Valais
12/11/2024,05/04/2025,12/04/2025,710.01,HDC1GA6,85 m² Appartement ∙ 2 chambres ∙ 5 personnes,Saas Grund - Valais
12/11/2024,12/04/2025,19/04/2025,1046.33,HDC1GA6,85 m² Appartement ∙ 2 chambres ∙ 5 personnes,Saas Grund - Valais
12/11/2024,19/04/2025,26/04/2025,1046.33,HDC1GA6,85 m² Appartement ∙ 2 chambres ∙ 5 personnes,Saas Grund - Valais
12/11/2024,26/04/2025,03/05/2025,597.90,HDC1GA6,85 m² Appartement ∙ 2 chambres ∙ 5 personnes,Saas Grund - Valais
12/11/2024,03/05/2025,10/05/2025,597.90,HDC1GA6,85 m² Appartement ∙ 2 chambres ∙ 5 personnes,Saas Grund - Valais
12/11/2024,10/05/2025,17/05/2025,597.90,HDC1GA6,85 m² Appartement ∙ 2 chambres ∙ 5 personnes,Saas Grund - Valais
12/11/2024,16/11/2024,23/11/2024,1048.36,HRCV83P,56 m² Appartement ∙ 2 chambres ∙ 6 personnes,Saas Grund - Valais
12/11/2024,23/11/2024,30/11/2024,1048.36,HRCV83P,56 m² Appartement ∙ 2 chambres ∙ 6 personnes,Saas Grund - Valais
12/11/2024,30/11/2024,07/12/2024,1048.36,HRCV83P,56 m² Appartement ∙ 2 chambres ∙ 6 personnes,Saas Grund - Valais
12/11/2024,07/12/2024,14/12/2024,1048.36,HRCV83P,56 m² Appartement ∙ 2 chambres ∙ 6 personnes,Saas Grund - Valais
12/11/2024,14/12/2024,21/12/2024,1048.36,HRCV83P,56 m² Appartement ∙ 2 chambres ∙ 6 personnes,Saas Grund - Valais
12/11/2024,21/12/2024,28/12/2024,1649.20,HRCV83P,56 m² Appartement ∙ 2 chambres ∙ 6 personnes,Saas Grund - Valais
12/11/2024,11/01/2025,18/01/2025,1048.36,HRCV83P,56 m² Appartement ∙ 2 chambres ∙ 6 personnes,Saas Grund - Valais
12/11/2024,22/03/2025,29/03/2025,1048.36,HRCV83P,56 m² Appartement ∙ 2 chambres ∙ 6 personnes,Saas Grund - Valais
12/11/2024,29/03/2025,05/04/2025,1048.36,HRCV83P,56 m² Appartement ∙ 2 chambres ∙ 6 personnes,Saas Grund - Valais
12/11/2024,12/04/2025,19/04/2025,1048.36,HRCV83P,56 m² Appartement ∙ 2 chambres ∙ 6 personnes,Saas Grund - Valais
12/11/2024,19/04/2025,26/04/2025,1048.36,HRCV83P,56 m² Appartement ∙ 2 chambres ∙ 6 personnes,Saas Grund - Valais
12/11/2024,26/04/2025,03/05/2025,1011.95,HRCV83P,56 m² Appartement ∙ 2 chambres ∙ 6 personnes,Saas Grund - Valais
12/11/2024,03/05/2025,10/05/2025,923.07,HRCV83P,56 m² Appartement ∙ 2 chambres ∙ 6 personnes,Saas Grund - Valais
12/11/2024,10/05/2025,17/05/2025,923.07,HRCV83P,56 m² Appartement ∙ 2 chambres ∙ 6 personnes,Saas Grund - Valais
12/11/2024,14/12/2024,21/12/2024,542.70,HXC7EAY,30 m² Studio ∙ 3 personnes,Vex - Valais
12/11/2024,04/01/2025,11/01/2025,575.86,HXC7EAY,30 m² Studio ∙ 3 personnes,Vex - Valais
12/11/2024,11/01/2025,18/01/2025,499.73,HXC7EAY,30 m² Studio ∙ 3 personnes,Vex - Valais
12/11/2024,29/03/2025,05/04/2025,584.45,HXC7EAY,30 m² Studio ∙ 3 personnes,Vex - Valais
12/11/2024,05/04/2025,12/04/2025,617.60,HXC7EAY,30 m² Studio ∙ 3 personnes,Vex - Valais
12/11/2024,19/04/2025,26/04/2025,638.47,HXC7EAY,30 m² Studio ∙ 3 personnes,Vex - Valais
12/11/2024,26/04/2025,03/05/2025,426.06,HXC7EAY,30 m² Studio ∙ 3 personnes,Vex - Valais
12/11/2024,03/05/2025,10/05/2025,379.40,HXC7EAY,30 m² Studio ∙ 3 personnes,Vex - Valais
12/11/2024,10/05/2025,17/05/2025,383.09,HXC7EAY,30 m² Studio ∙ 3 personnes,Vex - Valais
12/11/2024,23/11/2024,30/11/2024,1359.48,HG3Y6BU,65 m² Appartement ∙ 2 chambres ∙ 4 personnes,Saas Fee - Valais
12/11/2024,14/12/2024,21/12/2024,1599.39,HG3Y6BU,65 m² Appartement ∙ 2 chambres ∙ 4 personnes,Saas Fee - Valais
12/11/2024,08/02/2025,15/02/2025,1999.24,HG3Y6BU,65 m² Appartement ∙ 2 chambres ∙ 4 personnes,Saas Fee - Valais
12/11/2024,22/03/2025,29/03/2025,1519.42,HG3Y6BU,65 m² Appartement ∙ 2 chambres ∙ 4 personnes,Saas Fee - Valais
12/11/2024,29/03/2025,05/04/2025,1519.42,HG3Y6BU,65 m² Appartement ∙ 2 chambres ∙ 4 personnes,Saas Fee - Valais
12/11/2024,05/04/2025,12/04/2025,1519.42,HG3Y6BU,65 m² Appartement ∙ 2 chambres ∙ 4 personnes,Saas Fee - Valais
12/11/2024,12/04/2025,19/04/2025,1759.33,HG3Y6BU,65 m² Appartement ∙ 2 chambres ∙ 4 personnes,Saas Fee - Valais
12/11/2024,19/04/2025,26/04/2025,1599.39,HG3Y6BU,65 m² Appartement ∙ 2 chambres ∙ 4 personnes,Saas Fee - Valais
12/11/2024,30/11/2024,07/12/2024,809.00,HK0RGPU,28 m² Appartement ∙ 1 chambre ∙ 2 personnes,Loèche-les-Bains - Valais
12/11/2024,07/12/2024,14/12/2024,809.00,HK0RGPU,28 m² Appartement ∙ 1 chambre ∙ 2 personnes,Loèche-les-Bains - Valais
12/11/2024,14/12/2024,21/12/2024,809.00,HK0RGPU,28 m² Appartement ∙ 1 chambre ∙ 2 personnes,Loèche-les-Bains - Valais
12/11/2024,21/12/2024,28/12/2024,809.00,HK0RGPU,28 m² Appartement ∙ 1 chambre ∙ 2 personnes,Loèche-les-Bains - Valais
12/11/2024,04/01/2025,11/01/2025,809.00,HK0RGPU,28 m² Appartement ∙ 1 chambre ∙ 2 personnes,Loèche-les-Bains - Valais
12/11/2024,11/01/2025,18/01/2025,809.00,HK0RGPU,28 m² Appartement ∙ 1 chambre ∙ 2 personnes,Loèche-les-Bains - Valais
12/11/2024,18/01/2025,25/01/2025,809.00,HK0RGPU,28 m² Appartement ∙ 1 chambre ∙ 2 personnes,Loèche-les-Bains - Valais
12/11/2024,25/01/2025,01/02/2025,809.00,HK0RGPU,28 m² Appartement ∙ 1 chambre ∙ 2 personnes,Loèche-les-Bains - Valais
12/11/2024,01/02/2025,08/02/2025,809.00,HK0RGPU,28 m² Appartement ∙ 1 chambre ∙ 2 personnes,Loèche-les-Bains - Valais
12/11/2024,08/02/2025,15/02/2025,809.00,HK0RGPU,28 m² Appartement ∙ 1 chambre ∙ 2 personnes,Loèche-les-Bains - Valais
12/11/2024,22/02/2025,01/03/2025,809.00,HK0RGPU,28 m² Appartement ∙ 1 chambre ∙ 2 personnes,Loèche-les-Bains - Valais
12/11/2024,15/03/2025,22/03/2025,809.00,HK0RGPU,28 m² Appartement ∙ 1 chambre ∙ 2 personnes,Loèche-les-Bains - Valais
12/11/2024,22/03/2025,29/03/2025,809.00,HK0RGPU,28 m² Appartement ∙ 1 chambre ∙ 2 personnes,Loèche-les-Bains - Valais
12/11/2024,29/03/2025,05/04/2025,809.00,HK0RGPU,28 m² Appartement ∙ 1 chambre ∙ 2 personnes,Loèche-les-Bains - Valais
12/11/2024,05/04/2025,12/04/2025,809.00,HK0RGPU,28 m² Appartement ∙ 1 chambre ∙ 2 personnes,Loèche-les-Bains - Valais
12/11/2024,12/04/2025,19/04/2025,809.00,HK0RGPU,28 m² Appartement ∙ 1 chambre ∙ 2 personnes,Loèche-les-Bains - Valais
12/11/2024,19/04/2025,26/04/2025,809.00,HK0RGPU,28 m² Appartement ∙ 1 chambre ∙ 2 personnes,Loèche-les-Bains - Valais
12/11/2024,26/04/2025,03/05/2025,809.00,HK0RGPU,28 m² Appartement ∙ 1 chambre ∙ 2 personnes,Loèche-les-Bains - Valais
12/11/2024,03/05/2025,10/05/2025,809.00,HK0RGPU,28 m² Appartement ∙ 1 chambre ∙ 2 personnes,Loèche-les-Bains - Valais
12/11/2024,10/05/2025,17/05/2025,809.00,HK0RGPU,28 m² Appartement ∙ 1 chambre ∙ 2 personnes,Loèche-les-Bains - Valais
12/11/2024,16/11/2024,23/11/2024,1064.60,HF61A5H,115 m² Appartement ∙ 2 chambres ∙ 4 personnes,Nax - Valais
12/11/2024,23/11/2024,30/11/2024,1105.05,HF61A5H,115 m² Appartement ∙ 2 chambres ∙ 4 personnes,Nax - Valais
12/11/2024,30/11/2024,07/12/2024,1105.05,HF61A5H,115 m² Appartement ∙ 2 chambres ∙ 4 personnes,Nax - Valais
12/11/2024,07/12/2024,14/12/2024,1105.05,HF61A5H,115 m² Appartement ∙ 2 chambres ∙ 4 personnes,Nax - Valais
12/11/2024,14/12/2024,21/12/2024,1116.80,HF61A5H,115 m² Appartement ∙ 2 chambres ∙ 4 personnes,Nax - Valais
12/11/2024,11/01/2025,18/01/2025,1489.42,HF61A5H,115 m² Appartement ∙ 2 chambres ∙ 4 personnes,Nax - Valais
12/11/2024,18/01/2025,25/01/2025,1489.42,HF61A5H,115 m² Appartement ∙ 2 chambres ∙ 4 personnes,Nax - Valais
12/11/2024,25/01/2025,01/02/2025,1489.42,HF61A5H,115 m² Appartement ∙ 2 chambres ∙ 4 personnes,Nax - Valais
12/11/2024,01/02/2025,08/02/2025,1792.84,HF61A5H,115 m² Appartement ∙ 2 chambres ∙ 4 personnes,Nax - Valais
12/11/2024,08/02/2025,15/02/2025,1792.84,HF61A5H,115 m² Appartement ∙ 2 chambres ∙ 4 personnes,Nax - Valais
12/11/2024,15/02/2025,22/02/2025,2047.82,HF61A5H,115 m² Appartement ∙ 2 chambres ∙ 4 personnes,Nax - Valais
12/11/2024,22/02/2025,01/03/2025,2047.82,HF61A5H,115 m² Appartement ∙ 2 chambres ∙ 4 personnes,Nax - Valais
12/11/2024,15/03/2025,22/03/2025,1489.42,HF61A5H,115 m² Appartement ∙ 2 chambres ∙ 4 personnes,Nax - Valais
12/11/2024,22/03/2025,29/03/2025,1434.89,HF61A5H,115 m² Appartement ∙ 2 chambres ∙ 4 personnes,Nax - Valais
12/11/2024,29/03/2025,05/04/2025,1489.42,HF61A5H,115 m² Appartement ∙ 2 chambres ∙ 4 personnes,Nax - Valais
12/11/2024,05/04/2025,12/04/2025,1489.42,HF61A5H,115 m² Appartement ∙ 2 chambres ∙ 4 personnes,Nax - Valais
12/11/2024,12/04/2025,19/04/2025,1489.42,HF61A5H,115 m² Appartement ∙ 2 chambres ∙ 4 personnes,Nax - Valais
12/11/2024,19/04/2025,26/04/2025,1489.42,HF61A5H,115 m² Appartement ∙ 2 chambres ∙ 4 personnes,Nax - Valais
12/11/2024,26/04/2025,03/05/2025,1075.92,HF61A5H,115 m² Appartement ∙ 2 chambres ∙ 4 personnes,Nax - Valais
12/11/2024,03/05/2025,10/05/2025,1075.92,HF61A5H,115 m² Appartement ∙ 2 chambres ∙ 4 personnes,Nax - Valais
12/11/2024,10/05/2025,17/05/2025,1075.92,HF61A5H,115 m² Appartement ∙ 2 chambres ∙ 4 personnes,Nax - Valais
12/11/2024,16/11/2024,23/11/2024,766.81,HFR7X43,64 m² Appartement ∙ 1 chambre ∙ 2 personnes,Loèche-les-Bains - Valais
12/11/2024,23/11/2024,30/11/2024,766.81,HFR7X43,64 m² Appartement ∙ 1 chambre ∙ 2 personnes,Loèche-les-Bains - Valais
12/11/2024,07/12/2024,14/12/2024,766.81,HFR7X43,64 m² Appartement ∙ 1 chambre ∙ 2 personnes,Loèche-les-Bains - Valais
12/11/2024,14/12/2024,21/12/2024,914.79,HFR7X43,64 m² Appartement ∙ 1 chambre ∙ 2 personnes,Loèche-les-Bains - Valais
12/11/2024,21/12/2024,28/12/2024,1257.84,HFR7X43,64 m² Appartement ∙ 1 chambre ∙ 2 personnes,Loèche-les-Bains - Valais
12/11/2024,04/01/2025,11/01/2025,914.79,HFR7X43,64 m² Appartement ∙ 1 chambre ∙ 2 personnes,Loèche-les-Bains - Valais
12/11/2024,22/02/2025,01/03/2025,1671.99,HFR7X43,64 m² Appartement ∙ 1 chambre ∙ 2 personnes,Loèche-les-Bains - Valais
12/11/2024,01/03/2025,08/03/2025,1671.99,HFR7X43,64 m² Appartement ∙ 1 chambre ∙ 2 personnes,Loèche-les-Bains - Valais
12/11/2024,08/03/2025,15/03/2025,1196.66,HFR7X43,64 m² Appartement ∙ 1 chambre ∙ 2 personnes,Loèche-les-Bains - Valais
12/11/2024,15/03/2025,22/03/2025,1196.66,HFR7X43,64 m² Appartement ∙ 1 chambre ∙ 2 personnes,Loèche-les-Bains - Valais
12/11/2024,22/03/2025,29/03/2025,1196.66,HFR7X43,64 m² Appartement ∙ 1 chambre ∙ 2 personnes,Loèche-les-Bains - Valais
12/11/2024,29/03/2025,05/04/2025,1196.66,HFR7X43,64 m² Appartement ∙ 1 chambre ∙ 2 personnes,Loèche-les-Bains - Valais
12/11/2024,05/04/2025,12/04/2025,1196.66,HFR7X43,64 m² Appartement ∙ 1 chambre ∙ 2 personnes,Loèche-les-Bains - Valais
12/11/2024,12/04/2025,19/04/2025,1196.66,HFR7X43,64 m² Appartement ∙ 1 chambre ∙ 2 personnes,Loèche-les-Bains - Valais
12/11/2024,19/04/2025,26/04/2025,1196.66,HFR7X43,64 m² Appartement ∙ 1 chambre ∙ 2 personnes,Loèche-les-Bains - Valais
12/11/2024,14/12/2024,21/12/2024,1165.00,H6MU31G,70 m² Appartement ∙ 2 chambres ∙ 4 personnes,Saas-Almagell - Valais
12/11/2024,04/01/2025,11/01/2025,1191.28,H6MU31G,70 m² Appartement ∙ 2 chambres ∙ 4 personnes,Saas-Almagell - Valais
12/11/2024,11/01/2025,18/01/2025,1165.00,H6MU31G,70 m² Appartement ∙ 2 chambres ∙ 4 personnes,Saas-Almagell - Valais
12/11/2024,18/01/2025,25/01/2025,1165.00,H6MU31G,70 m² Appartement ∙ 2 chambres ∙ 4 personnes,Saas-Almagell - Valais
12/11/2024,16/11/2024,23/11/2024,1270.77,HSM06WR,62 m² Appartement ∙ 2 chambres ∙ 5 personnes,Saas Fee - Valais
12/11/2024,23/11/2024,30/11/2024,1330.34,HSM06WR,62 m² Appartement ∙ 2 chambres ∙ 5 personnes,Saas Fee - Valais
12/11/2024,30/11/2024,07/12/2024,1402.32,HSM06WR,62 m² Appartement ∙ 2 chambres ∙ 5 personnes,Saas Fee - Valais
12/11/2024,14/12/2024,21/12/2024,1402.32,HSM06WR,62 m² Appartement ∙ 2 chambres ∙ 5 personnes,Saas Fee - Valais
12/11/2024,04/01/2025,11/01/2025,1514.27,HSM06WR,62 m² Appartement ∙ 2 chambres ∙ 5 personnes,Saas Fee - Valais
12/11/2024,11/01/2025,18/01/2025,1426.31,HSM06WR,62 m² Appartement ∙ 2 chambres ∙ 5 personnes,Saas Fee - Valais
12/11/2024,25/01/2025,01/02/2025,2481.90,HSM06WR,62 m² Appartement ∙ 2 chambres ∙ 5 personnes,Saas Fee - Valais
12/11/2024,08/03/2025,15/03/2025,1970.10,HSM06WR,62 m² Appartement ∙ 2 chambres ∙ 5 personnes,Saas Fee - Valais
12/11/2024,15/03/2025,22/03/2025,1970.10,HSM06WR,62 m² Appartement ∙ 2 chambres ∙ 5 personnes,Saas Fee - Valais
12/11/2024,22/03/2025,29/03/2025,1970.10,HSM06WR,62 m² Appartement ∙ 2 chambres ∙ 5 personnes,Saas Fee - Valais
12/11/2024,29/03/2025,05/04/2025,1831.30,HSM06WR,62 m² Appartement ∙ 2 chambres ∙ 5 personnes,Saas Fee - Valais
12/11/2024,05/04/2025,12/04/2025,1831.30,HSM06WR,62 m² Appartement ∙ 2 chambres ∙ 5 personnes,Saas Fee - Valais
12/11/2024,12/04/2025,19/04/2025,3054.83,HSM06WR,62 m² Appartement ∙ 2 chambres ∙ 5 personnes,Saas Fee - Valais
12/11/2024,19/04/2025,26/04/2025,1823.30,HSM06WR,62 m² Appartement ∙ 2 chambres ∙ 5 personnes,Saas Fee - Valais
12/11/2024,26/04/2025,03/05/2025,1233.81,HSM06WR,62 m² Appartement ∙ 2 chambres ∙ 5 personnes,Saas Fee - Valais
12/11/2024,03/05/2025,10/05/2025,1135.57,HSM06WR,62 m² Appartement ∙ 2 chambres ∙ 5 personnes,Saas Fee - Valais
12/11/2024,10/05/2025,17/05/2025,1135.57,HSM06WR,62 m² Appartement ∙ 2 chambres ∙ 5 personnes,Saas Fee - Valais
12/11/2024,30/11/2024,07/12/2024,789.61,H5BD40M,33 m² Appartement ∙ 2 personnes,Saas Grund - Valais
12/11/2024,22/02/2025,01/03/2025,998.07,H5BD40M,33 m² Appartement ∙ 2 personnes,Saas Grund - Valais
12/11/2024,01/03/2025,08/03/2025,998.07,H5BD40M,33 m² Appartement ∙ 2 personnes,Saas Grund - Valais
12/11/2024,22/03/2025,29/03/2025,831.73,H5BD40M,33 m² Appartement ∙ 2 personnes,Saas Grund - Valais
12/11/2024,29/03/2025,05/04/2025,831.73,H5BD40M,33 m² Appartement ∙ 2 personnes,Saas Grund - Valais
12/11/2024,05/04/2025,12/04/2025,831.73,H5BD40M,33 m² Appartement ∙ 2 personnes,Saas Grund - Valais
12/11/2024,12/04/2025,19/04/2025,831.73,H5BD40M,33 m² Appartement ∙ 2 personnes,Saas Grund - Valais
12/11/2024,19/04/2025,26/04/2025,831.73,H5BD40M,33 m² Appartement ∙ 2 personnes,Saas Grund - Valais
12/11/2024,16/11/2024,23/11/2024,1561.27,HXWAT1N,75 m² Appartement ∙ 2 chambres ∙ 6 personnes,Saas Fee - Valais
12/11/2024,23/11/2024,30/11/2024,1560.80,HXWAT1N,75 m² Appartement ∙ 2 chambres ∙ 6 personnes,Saas Fee - Valais
12/11/2024,08/02/2025,15/02/2025,2440.19,HXWAT1N,75 m² Appartement ∙ 2 chambres ∙ 6 personnes,Saas Fee - Valais
12/11/2024,08/03/2025,15/03/2025,2200.36,HXWAT1N,75 m² Appartement ∙ 2 chambres ∙ 6 personnes,Saas Fee - Valais
12/11/2024,15/03/2025,22/03/2025,1800.63,HXWAT1N,75 m² Appartement ∙ 2 chambres ∙ 6 personnes,Saas Fee - Valais
12/11/2024,29/03/2025,05/04/2025,1800.63,HXWAT1N,75 m² Appartement ∙ 2 chambres ∙ 6 personnes,Saas Fee - Valais
12/11/2024,23/11/2024,30/11/2024,1973.00,H4GACTZ,140 m² Appartement ∙ 3 chambres ∙ 8 personnes,Nendaz - Valais
12/11/2024,01/02/2025,08/02/2025,3974.00,H4GACTZ,140 m² Appartement ∙ 3 chambres ∙ 8 personnes,Nendaz - Valais
12/11/2024,08/03/2025,15/03/2025,3012.00,H4GACTZ,140 m² Appartement ∙ 3 chambres ∙ 8 personnes,Nendaz - Valais
12/11/2024,15/03/2025,22/03/2025,3012.00,H4GACTZ,140 m² Appartement ∙ 3 chambres ∙ 8 personnes,Nendaz - Valais
12/11/2024,22/03/2025,29/03/2025,2178.00,H4GACTZ,140 m² Appartement ∙ 3 chambres ∙ 8 personnes,Nendaz - Valais
12/11/2024,29/03/2025,05/04/2025,2178.00,H4GACTZ,140 m² Appartement ∙ 3 chambres ∙ 8 personnes,Nendaz - Valais
12/11/2024,26/04/2025,03/05/2025,2178.00,H4GACTZ,140 m² Appartement ∙ 3 chambres ∙ 8 personnes,Nendaz - Valais
12/11/2024,03/05/2025,10/05/2025,2178.00,H4GACTZ,140 m² Appartement ∙ 3 chambres ∙ 8 personnes,Nendaz - Valais
12/11/2024,10/05/2025,17/05/2025,2178.00,H4GACTZ,140 m² Appartement ∙ 3 chambres ∙ 8 personnes,Nendaz - Valais
12/11/2024,16/11/2024,23/11/2024,948.03,H35XGEP,Appartement ∙ 2 chambres ∙ 4 personnes,Grächen - Valais
12/11/2024,23/11/2024,30/11/2024,948.03,H35XGEP,Appartement ∙ 2 chambres ∙ 4 personnes,Grächen - Valais
12/11/2024,16/11/2024,23/11/2024,1285.10,HZLABC2,110 m² Maison de vacances ∙ 3 chambres ∙ 7 personnes,Crans-Montana - Valais
12/11/2024,23/11/2024,30/11/2024,1285.10,HZLABC2,110 m² Maison de vacances ∙ 3 chambres ∙ 7 personnes,Crans-Montana - Valais
12/11/2024,30/11/2024,07/12/2024,2037.59,HZLABC2,110 m² Maison de vacances ∙ 3 chambres ∙ 7 personnes,Crans-Montana - Valais
12/11/2024,07/12/2024,14/12/2024,2037.59,HZLABC2,110 m² Maison de vacances ∙ 3 chambres ∙ 7 personnes,Crans-Montana - Valais
12/11/2024,14/12/2024,21/12/2024,2037.59,HZLABC2,110 m² Maison de vacances ∙ 3 chambres ∙ 7 personnes,Crans-Montana - Valais
12/11/2024,11/01/2025,18/01/2025,1671.49,HZLABC2,110 m² Maison de vacances ∙ 3 chambres ∙ 7 personnes,Crans-Montana - Valais
12/11/2024,18/01/2025,25/01/2025,1671.49,HZLABC2,110 m² Maison de vacances ∙ 3 chambres ∙ 7 personnes,Crans-Montana - Valais
12/11/2024,15/02/2025,22/02/2025,2112.30,HZLABC2,110 m² Maison de vacances ∙ 3 chambres ∙ 7 personnes,Crans-Montana - Valais
12/11/2024,15/03/2025,22/03/2025,2058.93,HZLABC2,110 m² Maison de vacances ∙ 3 chambres ∙ 7 personnes,Crans-Montana - Valais
12/11/2024,22/03/2025,29/03/2025,2058.93,HZLABC2,110 m² Maison de vacances ∙ 3 chambres ∙ 7 personnes,Crans-Montana - Valais
12/11/2024,29/03/2025,05/04/2025,2058.93,HZLABC2,110 m² Maison de vacances ∙ 3 chambres ∙ 7 personnes,Crans-Montana - Valais
12/11/2024,05/04/2025,12/04/2025,1231.73,HZLABC2,110 m² Maison de vacances ∙ 3 chambres ∙ 7 personnes,Crans-Montana - Valais
12/11/2024,12/04/2025,19/04/2025,1231.73,HZLABC2,110 m² Maison de vacances ∙ 3 chambres ∙ 7 personnes,Crans-Montana - Valais
12/11/2024,19/04/2025,26/04/2025,1231.73,HZLABC2,110 m² Maison de vacances ∙ 3 chambres ∙ 7 personnes,Crans-Montana - Valais
12/11/2024,26/04/2025,03/05/2025,1231.73,HZLABC2,110 m² Maison de vacances ∙ 3 chambres ∙ 7 personnes,Crans-Montana - Valais
12/11/2024,03/05/2025,10/05/2025,1231.73,HZLABC2,110 m² Maison de vacances ∙ 3 chambres ∙ 7 personnes,Crans-Montana - Valais
12/11/2024,10/05/2025,17/05/2025,1231.73,HZLABC2,110 m² Maison de vacances ∙ 3 chambres ∙ 7 personnes,Crans-Montana - Valais
12/11/2024,11/01/2025,18/01/2025,914.52,H4RU0F8,75 m² Appartement ∙ 2 chambres ∙ 4 personnes,Saas-Almagell - Valais
12/11/2024,18/01/2025,25/01/2025,914.52,H4RU0F8,75 m² Appartement ∙ 2 chambres ∙ 4 personnes,Saas-Almagell - Valais
12/11/2024,15/03/2025,22/03/2025,914.52,H4RU0F8,75 m² Appartement ∙ 2 chambres ∙ 4 personnes,Saas-Almagell - Valais
12/11/2024,22/03/2025,29/03/2025,914.52,H4RU0F8,75 m² Appartement ∙ 2 chambres ∙ 4 personnes,Saas-Almagell - Valais
12/11/2024,29/03/2025,05/04/2025,914.52,H4RU0F8,75 m² Appartement ∙ 2 chambres ∙ 4 personnes,Saas-Almagell - Valais
12/11/2024,05/04/2025,12/04/2025,914.52,H4RU0F8,75 m² Appartement ∙ 2 chambres ∙ 4 personnes,Saas-Almagell - Valais
12/11/2024,12/04/2025,19/04/2025,1042.60,H4RU0F8,75 m² Appartement ∙ 2 chambres ∙ 4 personnes,Saas-Almagell - Valais
12/11/2024,19/04/2025,26/04/2025,1042.60,H4RU0F8,75 m² Appartement ∙ 2 chambres ∙ 4 personnes,Saas-Almagell - Valais
12/11/2024,26/04/2025,03/05/2025,727.45,HZDR5PA,50 m² Chalet ∙ 2 chambres ∙ 4 personnes,Filet - Valais
12/11/2024,03/05/2025,10/05/2025,727.47,HZDR5PA,50 m² Chalet ∙ 2 chambres ∙ 4 personnes,Filet - Valais
12/11/2024,10/05/2025,17/05/2025,543.92,HZDR5PA,50 m² Chalet ∙ 2 chambres ∙ 4 personnes,Filet - Valais
12/11/2024,16/11/2024,23/11/2024,1484.86,H62AUH4,50 m² Appartement ∙ 1 chambre ∙ 4 personnes,Saas Grund - Valais
12/11/2024,23/11/2024,30/11/2024,1484.86,H62AUH4,50 m² Appartement ∙ 1 chambre ∙ 4 personnes,Saas Grund - Valais
12/11/2024,30/11/2024,07/12/2024,1484.86,H62AUH4,50 m² Appartement ∙ 1 chambre ∙ 4 personnes,Saas Grund - Valais
12/11/2024,07/12/2024,14/12/2024,1484.86,H62AUH4,50 m² Appartement ∙ 1 chambre ∙ 4 personnes,Saas Grund - Valais
12/11/2024,14/12/2024,21/12/2024,1484.86,H62AUH4,50 m² Appartement ∙ 1 chambre ∙ 4 personnes,Saas Grund - Valais
12/11/2024,23/11/2024,30/11/2024,677.00,H3S4G0C,Rosablanche D63,Rosablanche D63Nendaz - Valais
12/11/2024,30/11/2024,07/12/2024,677.00,H3S4G0C,Rosablanche D63,Rosablanche D63Nendaz - Valais
12/11/2024,07/12/2024,14/12/2024,677.00,H3S4G0C,Rosablanche D63,Rosablanche D63Nendaz - Valais
12/11/2024,14/12/2024,21/12/2024,677.00,H3S4G0C,Rosablanche D63,Rosablanche D63Nendaz - Valais
12/11/2024,21/12/2024,28/12/2024,1169.00,H3S4G0C,Rosablanche D63,Rosablanche D63Nendaz - Valais
12/11/2024,25/01/2025,01/02/2025,957.00,H3S4G0C,Rosablanche D63,Rosablanche D63Nendaz - Valais
12/11/2024,01/02/2025,08/02/2025,957.00,H3S4G0C,Rosablanche D63,Rosablanche D63Nendaz - Valais
12/11/2024,08/02/2025,15/02/2025,1169.00,H3S4G0C,Rosablanche D63,Rosablanche D63Nendaz - Valais
12/11/2024,15/03/2025,22/03/2025,790.00,H3S4G0C,Rosablanche D63,Rosablanche D63Nendaz - Valais
12/11/2024,29/03/2025,05/04/2025,790.00,H3S4G0C,Rosablanche D63,Rosablanche D63Nendaz - Valais
12/11/2024,05/04/2025,12/04/2025,790.00,H3S4G0C,Rosablanche D63,Rosablanche D63Nendaz - Valais
12/11/2024,12/04/2025,19/04/2025,790.00,H3S4G0C,Rosablanche D63,Rosablanche D63Nendaz - Valais
12/11/2024,19/04/2025,26/04/2025,790.00,H3S4G0C,Rosablanche D63,Rosablanche D63Nendaz - Valais
12/11/2024,23/11/2024,30/11/2024,1270.16,H673RSV,40 m² Studio ∙ 1 chambre ∙ 2 personnes,Saas Grund - Valais
12/11/2024,30/11/2024,07/12/2024,1270.16,H673RSV,40 m² Studio ∙ 1 chambre ∙ 2 personnes,Saas Grund - Valais
12/11/2024,07/12/2024,14/12/2024,1270.16,H673RSV,40 m² Studio ∙ 1 chambre ∙ 2 personnes,Saas Grund - Valais
12/11/2024,14/12/2024,21/12/2024,1270.16,H673RSV,40 m² Studio ∙ 1 chambre ∙ 2 personnes,Saas Grund - Valais
12/11/2024,11/01/2025,18/01/2025,1270.16,H673RSV,40 m² Studio ∙ 1 chambre ∙ 2 personnes,Saas Grund - Valais
12/11/2024,15/02/2025,22/02/2025,1270.16,H673RSV,40 m² Studio ∙ 1 chambre ∙ 2 personnes,Saas Grund - Valais
12/11/2024,15/03/2025,22/03/2025,1270.16,H673RSV,40 m² Studio ∙ 1 chambre ∙ 2 personnes,Saas Grund - Valais
12/11/2024,05/04/2025,12/04/2025,1270.16,H673RSV,40 m² Studio ∙ 1 chambre ∙ 2 personnes,Saas Grund - Valais
12/11/2024,12/04/2025,19/04/2025,1270.16,H673RSV,40 m² Studio ∙ 1 chambre ∙ 2 personnes,Saas Grund - Valais
12/11/2024,19/04/2025,26/04/2025,1270.16,H673RSV,40 m² Studio ∙ 1 chambre ∙ 2 personnes,Saas Grund - Valais
12/11/2024,14/12/2024,21/12/2024,912.11,H4PNL7M,60 m² Appartement ∙ 2 chambres ∙ 6 personnes,Saas Grund - Valais
12/11/2024,11/01/2025,18/01/2025,912.11,H4PNL7M,60 m² Appartement ∙ 2 chambres ∙ 6 personnes,Saas Grund - Valais
12/11/2024,18/01/2025,25/01/2025,912.11,H4PNL7M,60 m² Appartement ∙ 2 chambres ∙ 6 personnes,Saas Grund - Valais
12/11/2024,08/03/2025,15/03/2025,1118.38,H4PNL7M,60 m² Appartement ∙ 2 chambres ∙ 6 personnes,Saas Grund - Valais
12/11/2024,15/03/2025,22/03/2025,1118.38,H4PNL7M,60 m² Appartement ∙ 2 chambres ∙ 6 personnes,Saas Grund - Valais
12/11/2024,22/03/2025,29/03/2025,1118.38,H4PNL7M,60 m² Appartement ∙ 2 chambres ∙ 6 personnes,Saas Grund - Valais
12/11/2024,29/03/2025,05/04/2025,1118.38,H4PNL7M,60 m² Appartement ∙ 2 chambres ∙ 6 personnes,Saas Grund - Valais
12/11/2024,05/04/2025,12/04/2025,1118.38,H4PNL7M,60 m² Appartement ∙ 2 chambres ∙ 6 personnes,Saas Grund - Valais
12/11/2024,26/04/2025,03/05/2025,786.86,H4PNL7M,60 m² Appartement ∙ 2 chambres ∙ 6 personnes,Saas Grund - Valais
12/11/2024,03/05/2025,10/05/2025,786.86,H4PNL7M,60 m² Appartement ∙ 2 chambres ∙ 6 personnes,Saas Grund - Valais
12/11/2024,10/05/2025,17/05/2025,786.86,H4PNL7M,60 m² Appartement ∙ 2 chambres ∙ 6 personnes,Saas Grund - Valais
12/11/2024,16/11/2024,23/11/2024,784.51,HMJVPWF,Appartement ∙ 1 chambre ∙ 4 personnes,Grächen - Valais
12/11/2024,23/11/2024,30/11/2024,784.51,HMJVPWF,Appartement ∙ 1 chambre ∙ 4 personnes,Grächen - Valais
12/11/2024,30/11/2024,07/12/2024,784.51,HMJVPWF,Appartement ∙ 1 chambre ∙ 4 personnes,Grächen - Valais
12/11/2024,07/12/2024,14/12/2024,784.51,HMJVPWF,Appartement ∙ 1 chambre ∙ 4 personnes,Grächen - Valais
12/11/2024,14/12/2024,21/12/2024,784.51,HMJVPWF,Appartement ∙ 1 chambre ∙ 4 personnes,Grächen - Valais
12/11/2024,15/03/2025,22/03/2025,821.87,HMJVPWF,Appartement ∙ 1 chambre ∙ 4 personnes,Grächen - Valais
12/11/2024,22/03/2025,29/03/2025,821.87,HMJVPWF,Appartement ∙ 1 chambre ∙ 4 personnes,Grächen - Valais
12/11/2024,29/03/2025,05/04/2025,821.87,HMJVPWF,Appartement ∙ 1 chambre ∙ 4 personnes,Grächen - Valais
12/11/2024,05/04/2025,12/04/2025,821.87,HMJVPWF,Appartement ∙ 1 chambre ∙ 4 personnes,Grächen - Valais
12/11/2024,12/04/2025,19/04/2025,821.87,HMJVPWF,Appartement ∙ 1 chambre ∙ 4 personnes,Grächen - Valais
12/11/2024,19/04/2025,26/04/2025,821.87,HMJVPWF,Appartement ∙ 1 chambre ∙ 4 personnes,Grächen - Valais
12/11/2024,26/04/2025,03/05/2025,811.20,HMJVPWF,Appartement ∙ 1 chambre ∙ 4 personnes,Grächen - Valais
12/11/2024,16/11/2024,23/11/2024,635.08,H1XJSYF,50 m² Appartement ∙ 1 chambre ∙ 3 personnes,Saas-Almagell - Valais
12/11/2024,23/11/2024,30/11/2024,635.08,H1XJSYF,50 m² Appartement ∙ 1 chambre ∙ 3 personnes,Saas-Almagell - Valais
12/11/2024,30/11/2024,07/12/2024,635.08,H1XJSYF,50 m² Appartement ∙ 1 chambre ∙ 3 personnes,Saas-Almagell - Valais
12/11/2024,07/12/2024,14/12/2024,635.08,H1XJSYF,50 m² Appartement ∙ 1 chambre ∙ 3 personnes,Saas-Almagell - Valais
12/11/2024,14/12/2024,21/12/2024,709.79,H1XJSYF,50 m² Appartement ∙ 1 chambre ∙ 3 personnes,Saas-Almagell - Valais
12/11/2024,04/01/2025,11/01/2025,672.43,H1XJSYF,50 m² Appartement ∙ 1 chambre ∙ 3 personnes,Saas-Almagell - Valais
12/11/2024,22/02/2025,01/03/2025,784.51,H1XJSYF,50 m² Appartement ∙ 1 chambre ∙ 3 personnes,Saas-Almagell - Valais
12/11/2024,19/04/2025,26/04/2025,747.15,H1XJSYF,50 m² Appartement ∙ 1 chambre ∙ 3 personnes,Saas-Almagell - Valais
12/11/2024,26/04/2025,03/05/2025,747.15,H1XJSYF,50 m² Appartement ∙ 1 chambre ∙ 3 personnes,Saas-Almagell - Valais
12/11/2024,16/11/2024,23/11/2024,891.00,H2P90ZH,40 m² Appartement ∙ 1 chambre ∙ 2 personnes,Verbier - Bagnes - Valais
12/11/2024,23/11/2024,30/11/2024,891.00,H2P90ZH,40 m² Appartement ∙ 1 chambre ∙ 2 personnes,Verbier - Bagnes - Valais
12/11/2024,30/11/2024,07/12/2024,891.00,H2P90ZH,40 m² Appartement ∙ 1 chambre ∙ 2 personnes,Verbier - Bagnes - Valais
12/11/2024,07/12/2024,14/12/2024,891.00,H2P90ZH,40 m² Appartement ∙ 1 chambre ∙ 2 personnes,Verbier - Bagnes - Valais
12/11/2024,14/12/2024,21/12/2024,891.00,H2P90ZH,40 m² Appartement ∙ 1 chambre ∙ 2 personnes,Verbier - Bagnes - Valais
12/11/2024,29/03/2025,05/04/2025,891.00,H2P90ZH,40 m² Appartement ∙ 1 chambre ∙ 2 personnes,Verbier - Bagnes - Valais
12/11/2024,05/04/2025,12/04/2025,891.00,H2P90ZH,40 m² Appartement ∙ 1 chambre ∙ 2 personnes,Verbier - Bagnes - Valais
12/11/2024,12/04/2025,19/04/2025,1102.00,H2P90ZH,40 m² Appartement ∙ 1 chambre ∙ 2 personnes,Verbier - Bagnes - Valais
12/11/2024,19/04/2025,26/04/2025,1102.00,H2P90ZH,40 m² Appartement ∙ 1 chambre ∙ 2 personnes,Verbier - Bagnes - Valais
12/11/2024,26/04/2025,03/05/2025,891.00,H2P90ZH,40 m² Appartement ∙ 1 chambre ∙ 2 personnes,Verbier - Bagnes - Valais
12/11/2024,03/05/2025,10/05/2025,891.00,H2P90ZH,40 m² Appartement ∙ 1 chambre ∙ 2 personnes,Verbier - Bagnes - Valais
12/11/2024,10/05/2025,17/05/2025,891.00,H2P90ZH,40 m² Appartement ∙ 1 chambre ∙ 2 personnes,Verbier - Bagnes - Valais
12/11/2024,18/01/2025,25/01/2025,1642.35,HWLY6EN,67 m² Appartement ∙ 2 chambres ∙ 4 personnes,Saas Fee - Valais
12/11/2024,25/01/2025,01/02/2025,2122.03,HWLY6EN,67 m² Appartement ∙ 2 chambres ∙ 4 personnes,Saas Fee - Valais
12/11/2024,29/03/2025,05/04/2025,1642.35,HWLY6EN,67 m² Appartement ∙ 2 chambres ∙ 4 personnes,Saas Fee - Valais
12/11/2024,05/04/2025,12/04/2025,1642.35,HWLY6EN,67 m² Appartement ∙ 2 chambres ∙ 4 personnes,Saas Fee - Valais
12/11/2024,26/04/2025,03/05/2025,1322.57,HWLY6EN,67 m² Appartement ∙ 2 chambres ∙ 4 personnes,Saas Fee - Valais
12/11/2024,03/05/2025,10/05/2025,1322.57,HWLY6EN,67 m² Appartement ∙ 2 chambres ∙ 4 personnes,Saas Fee - Valais
12/11/2024,10/05/2025,17/05/2025,1322.57,HWLY6EN,67 m² Appartement ∙ 2 chambres ∙ 4 personnes,Saas Fee - Valais
12/11/2024,01/02/2025,08/02/2025,2324.35,MM64JYL,52 m² Appartement ∙ 1 chambre ∙ 4 personnes,Saas Fee - Valais
12/11/2024,22/03/2025,29/03/2025,1574.38,MM64JYL,52 m² Appartement ∙ 1 chambre ∙ 4 personnes,Saas Fee - Valais
12/11/2024,29/03/2025,05/04/2025,1528.58,MM64JYL,52 m² Appartement ∙ 1 chambre ∙ 4 personnes,Saas Fee - Valais
12/11/2024,05/04/2025,12/04/2025,1562.93,MM64JYL,52 m² Appartement ∙ 1 chambre ∙ 4 personnes,Saas Fee - Valais
12/11/2024,12/04/2025,19/04/2025,1562.93,MM64JYL,52 m² Appartement ∙ 1 chambre ∙ 4 personnes,Saas Fee - Valais
12/11/2024,26/04/2025,03/05/2025,1414.08,MM64JYL,52 m² Appartement ∙ 1 chambre ∙ 4 personnes,Saas Fee - Valais
12/11/2024,03/05/2025,10/05/2025,1242.33,MM64JYL,52 m² Appartement ∙ 1 chambre ∙ 4 personnes,Saas Fee - Valais
12/11/2024,10/05/2025,17/05/2025,1242.33,MM64JYL,52 m² Appartement ∙ 1 chambre ∙ 4 personnes,Saas Fee - Valais
12/11/2024,16/11/2024,23/11/2024,2792.00,HVWP7AN,110 m² Appartement ∙ 4 chambres ∙ 8 personnes,Saas Fee - Valais
12/11/2024,23/11/2024,30/11/2024,2792.00,HVWP7AN,110 m² Appartement ∙ 4 chambres ∙ 8 personnes,Saas Fee - Valais
12/11/2024,30/11/2024,07/12/2024,2792.00,HVWP7AN,110 m² Appartement ∙ 4 chambres ∙ 8 personnes,Saas Fee - Valais
12/11/2024,07/12/2024,14/12/2024,2792.00,HVWP7AN,110 m² Appartement ∙ 4 chambres ∙ 8 personnes,Saas Fee - Valais
12/11/2024,14/12/2024,21/12/2024,2792.00,HVWP7AN,110 m² Appartement ∙ 4 chambres ∙ 8 personnes,Saas Fee - Valais
12/11/2024,18/01/2025,25/01/2025,2792.00,HVWP7AN,110 m² Appartement ∙ 4 chambres ∙ 8 personnes,Saas Fee - Valais
12/11/2024,25/01/2025,01/02/2025,2792.00,HVWP7AN,110 m² Appartement ∙ 4 chambres ∙ 8 personnes,Saas Fee - Valais
12/11/2024,08/03/2025,15/03/2025,3111.78,HVWP7AN,110 m² Appartement ∙ 4 chambres ∙ 8 personnes,Saas Fee - Valais
12/11/2024,22/03/2025,29/03/2025,3111.78,HVWP7AN,110 m² Appartement ∙ 4 chambres ∙ 8 personnes,Saas Fee - Valais
12/11/2024,29/03/2025,05/04/2025,3111.78,HVWP7AN,110 m² Appartement ∙ 4 chambres ∙ 8 personnes,Saas Fee - Valais
12/11/2024,05/04/2025,12/04/2025,3111.78,HVWP7AN,110 m² Appartement ∙ 4 chambres ∙ 8 personnes,Saas Fee - Valais
12/11/2024,30/11/2024,07/12/2024,1484.70,HDPWY52,Appartement ∙ 3 chambres ∙ 7 personnes,Randa - Valais
12/11/2024,07/12/2024,14/12/2024,1484.70,HDPWY52,Appartement ∙ 3 chambres ∙ 7 personnes,Randa - Valais
12/11/2024,14/12/2024,21/12/2024,1708.84,HDPWY52,Appartement ∙ 3 chambres ∙ 7 personnes,Randa - Valais
12/11/2024,29/03/2025,05/04/2025,1232.80,HDPWY52,Appartement ∙ 3 chambres ∙ 7 personnes,Randa - Valais
12/11/2024,05/04/2025,12/04/2025,1456.94,HDPWY52,Appartement ∙ 3 chambres ∙ 7 personnes,Randa - Valais
12/11/2024,26/04/2025,03/05/2025,1232.80,HDPWY52,Appartement ∙ 3 chambres ∙ 7 personnes,Randa - Valais
12/11/2024,03/05/2025,10/05/2025,1232.80,HDPWY52,Appartement ∙ 3 chambres ∙ 7 personnes,Randa - Valais
12/11/2024,10/05/2025,17/05/2025,1232.80,HDPWY52,Appartement ∙ 3 chambres ∙ 7 personnes,Randa - Valais
12/11/2024,16/11/2024,23/11/2024,967.61,HAXLMN6,50 m² Appartement ∙ 2 chambres ∙ 4 personnes,Vercorin - Valais
12/11/2024,23/11/2024,30/11/2024,967.61,HAXLMN6,50 m² Appartement ∙ 2 chambres ∙ 4 personnes,Vercorin - Valais
12/11/2024,05/04/2025,12/04/2025,1352.34,HAXLMN6,50 m² Appartement ∙ 2 chambres ∙ 4 personnes,Vercorin - Valais
12/11/2024,12/04/2025,19/04/2025,1352.34,HAXLMN6,50 m² Appartement ∙ 2 chambres ∙ 4 personnes,Vercorin - Valais
12/11/2024,19/04/2025,26/04/2025,1352.34,HAXLMN6,50 m² Appartement ∙ 2 chambres ∙ 4 personnes,Vercorin - Valais
12/11/2024,26/04/2025,03/05/2025,1015.06,HAXLMN6,50 m² Appartement ∙ 2 chambres ∙ 4 personnes,Vercorin - Valais
12/11/2024,03/05/2025,10/05/2025,1015.06,HAXLMN6,50 m² Appartement ∙ 2 chambres ∙ 4 personnes,Vercorin - Valais
12/11/2024,10/05/2025,17/05/2025,1015.06,HAXLMN6,50 m² Appartement ∙ 2 chambres ∙ 4 personnes,Vercorin - Valais
12/11/2024,16/11/2024,23/11/2024,764.92,HYX9RDE,34 m² Appartement ∙ 1 chambre ∙ 2 personnes,Saas Grund - Valais
12/11/2024,23/11/2024,30/11/2024,764.92,HYX9RDE,34 m² Appartement ∙ 1 chambre ∙ 2 personnes,Saas Grund - Valais
12/11/2024,30/11/2024,07/12/2024,764.92,HYX9RDE,34 m² Appartement ∙ 1 chambre ∙ 2 personnes,Saas Grund - Valais
12/11/2024,07/12/2024,14/12/2024,764.92,HYX9RDE,34 m² Appartement ∙ 1 chambre ∙ 2 personnes,Saas Grund - Valais
12/11/2024,11/01/2025,18/01/2025,764.92,HYX9RDE,34 m² Appartement ∙ 1 chambre ∙ 2 personnes,Saas Grund - Valais
12/11/2024,18/01/2025,25/01/2025,764.92,HYX9RDE,34 m² Appartement ∙ 1 chambre ∙ 2 personnes,Saas Grund - Valais
12/11/2024,08/03/2025,15/03/2025,884.84,HYX9RDE,34 m² Appartement ∙ 1 chambre ∙ 2 personnes,Saas Grund - Valais
12/11/2024,15/03/2025,22/03/2025,764.92,HYX9RDE,34 m² Appartement ∙ 1 chambre ∙ 2 personnes,Saas Grund - Valais
12/11/2024,12/04/2025,19/04/2025,764.92,HYX9RDE,34 m² Appartement ∙ 1 chambre ∙ 2 personnes,Saas Grund - Valais
12/11/2024,19/04/2025,26/04/2025,764.92,HYX9RDE,34 m² Appartement ∙ 1 chambre ∙ 2 personnes,Saas Grund - Valais
12/11/2024,26/04/2025,03/05/2025,753.50,HYX9RDE,34 m² Appartement ∙ 1 chambre ∙ 2 personnes,Saas Grund - Valais
12/11/2024,03/05/2025,10/05/2025,724.95,HYX9RDE,34 m² Appartement ∙ 1 chambre ∙ 2 personnes,Saas Grund - Valais
12/11/2024,10/05/2025,17/05/2025,724.95,HYX9RDE,34 m² Appartement ∙ 1 chambre ∙ 2 personnes,Saas Grund - Valais
12/11/2024,16/11/2024,23/11/2024,1081.45,H7PCB5M,Appartement ∙ 2 chambres ∙ 4 personnes,Grächen - Valais
12/11/2024,04/01/2025,11/01/2025,1156.16,H7PCB5M,Appartement ∙ 2 chambres ∙ 4 personnes,Grächen - Valais
12/11/2024,11/01/2025,18/01/2025,1006.73,H7PCB5M,Appartement ∙ 2 chambres ∙ 4 personnes,Grächen - Valais
12/11/2024,18/01/2025,25/01/2025,1006.73,H7PCB5M,Appartement ∙ 2 chambres ∙ 4 personnes,Grächen - Valais
12/11/2024,19/04/2025,26/04/2025,1006.73,H7PCB5M,Appartement ∙ 2 chambres ∙ 4 personnes,Grächen - Valais
12/11/2024,26/04/2025,03/05/2025,1006.73,H7PCB5M,Appartement ∙ 2 chambres ∙ 4 personnes,Grächen - Valais
12/11/2024,03/05/2025,10/05/2025,1006.73,H7PCB5M,Appartement ∙ 2 chambres ∙ 4 personnes,Grächen - Valais
12/11/2024,10/05/2025,17/05/2025,1006.73,H7PCB5M,Appartement ∙ 2 chambres ∙ 4 personnes,Grächen - Valais
12/11/2024,16/11/2024,23/11/2024,447.00,HS7LKC5,28 m² Appartement ∙ 1 chambre ∙ 2 personnes,Ovronnaz - Leytron - Valais
12/11/2024,23/11/2024,30/11/2024,560.00,HS7LKC5,28 m² Appartement ∙ 1 chambre ∙ 2 personnes,Ovronnaz - Leytron - Valais
12/11/2024,30/11/2024,07/12/2024,560.00,HS7LKC5,28 m² Appartement ∙ 1 chambre ∙ 2 personnes,Ovronnaz - Leytron - Valais
12/11/2024,07/12/2024,14/12/2024,560.00,HS7LKC5,28 m² Appartement ∙ 1 chambre ∙ 2 personnes,Ovronnaz - Leytron - Valais
12/11/2024,14/12/2024,21/12/2024,560.00,HS7LKC5,28 m² Appartement ∙ 1 chambre ∙ 2 personnes,Ovronnaz - Leytron - Valais
12/11/2024,21/12/2024,28/12/2024,886.00,HS7LKC5,28 m² Appartement ∙ 1 chambre ∙ 2 personnes,Ovronnaz - Leytron - Valais
12/11/2024,11/01/2025,18/01/2025,560.00,HS7LKC5,28 m² Appartement ∙ 1 chambre ∙ 2 personnes,Ovronnaz - Leytron - Valais
12/11/2024,18/01/2025,25/01/2025,560.00,HS7LKC5,28 m² Appartement ∙ 1 chambre ∙ 2 personnes,Ovronnaz - Leytron - Valais
12/11/2024,08/02/2025,15/02/2025,621.00,HS7LKC5,28 m² Appartement ∙ 1 chambre ∙ 2 personnes,Ovronnaz - Leytron - Valais
12/11/2024,15/02/2025,22/02/2025,1015.00,HS7LKC5,28 m² Appartement ∙ 1 chambre ∙ 2 personnes,Ovronnaz - Leytron - Valais
12/11/2024,22/02/2025,01/03/2025,1015.00,HS7LKC5,28 m² Appartement ∙ 1 chambre ∙ 2 personnes,Ovronnaz - Leytron - Valais
12/11/2024,15/03/2025,22/03/2025,560.00,HS7LKC5,28 m² Appartement ∙ 1 chambre ∙ 2 personnes,Ovronnaz - Leytron - Valais
12/11/2024,22/03/2025,29/03/2025,560.00,HS7LKC5,28 m² Appartement ∙ 1 chambre ∙ 2 personnes,Ovronnaz - Leytron - Valais
12/11/2024,29/03/2025,05/04/2025,560.00,HS7LKC5,28 m² Appartement ∙ 1 chambre ∙ 2 personnes,Ovronnaz - Leytron - Valais
12/11/2024,05/04/2025,12/04/2025,560.00,HS7LKC5,28 m² Appartement ∙ 1 chambre ∙ 2 personnes,Ovronnaz - Leytron - Valais
12/11/2024,12/04/2025,19/04/2025,560.00,HS7LKC5,28 m² Appartement ∙ 1 chambre ∙ 2 personnes,Ovronnaz - Leytron - Valais
12/11/2024,19/04/2025,26/04/2025,560.00,HS7LKC5,28 m² Appartement ∙ 1 chambre ∙ 2 personnes,Ovronnaz - Leytron - Valais
12/11/2024,26/04/2025,03/05/2025,560.00,HS7LKC5,28 m² Appartement ∙ 1 chambre ∙ 2 personnes,Ovronnaz - Leytron - Valais
12/11/2024,03/05/2025,10/05/2025,560.00,HS7LKC5,28 m² Appartement ∙ 1 chambre ∙ 2 personnes,Ovronnaz - Leytron - Valais
12/11/2024,10/05/2025,17/05/2025,560.00,HS7LKC5,28 m² Appartement ∙ 1 chambre ∙ 2 personnes,Ovronnaz - Leytron - Valais
12/11/2024,30/11/2024,07/12/2024,1192.99,HML90U7,45 m² Appartement ∙ 1 chambre ∙ 4 personnes,Saas Fee - Valais
12/11/2024,01/02/2025,08/02/2025,2232.27,HML90U7,45 m² Appartement ∙ 1 chambre ∙ 4 personnes,Saas Fee - Valais
12/11/2024,08/02/2025,15/02/2025,2232.27,HML90U7,45 m² Appartement ∙ 1 chambre ∙ 4 personnes,Saas Fee - Valais
12/11/2024,22/02/2025,01/03/2025,2232.27,HML90U7,45 m² Appartement ∙ 1 chambre ∙ 4 personnes,Saas Fee - Valais
12/11/2024,01/03/2025,08/03/2025,2232.27,HML90U7,45 m² Appartement ∙ 1 chambre ∙ 4 personnes,Saas Fee - Valais
12/11/2024,29/03/2025,05/04/2025,1192.99,HML90U7,45 m² Appartement ∙ 1 chambre ∙ 4 personnes,Saas Fee - Valais
12/11/2024,05/04/2025,12/04/2025,1192.99,HML90U7,45 m² Appartement ∙ 1 chambre ∙ 4 personnes,Saas Fee - Valais
12/11/2024,12/04/2025,19/04/2025,2232.27,HML90U7,45 m² Appartement ∙ 1 chambre ∙ 4 personnes,Saas Fee - Valais
12/11/2024,19/04/2025,26/04/2025,2232.27,HML90U7,45 m² Appartement ∙ 1 chambre ∙ 4 personnes,Saas Fee - Valais
12/11/2024,14/12/2024,21/12/2024,1291.58,HY53NG4,61 m² Appartement ∙ 2 chambres ∙ 4 personnes,Saas Fee - Valais
12/11/2024,08/02/2025,15/02/2025,2202.95,HY53NG4,61 m² Appartement ∙ 2 chambres ∙ 4 personnes,Saas Fee - Valais
12/11/2024,29/03/2025,05/04/2025,2202.95,HY53NG4,61 m² Appartement ∙ 2 chambres ∙ 4 personnes,Saas Fee - Valais
12/11/2024,04/01/2025,11/01/2025,3393.13,HT504LS,110 m² Appartement ∙ 2 chambres ∙ 4 personnes,Zermatt - Valais
12/11/2024,11/01/2025,18/01/2025,3393.13,HT504LS,110 m² Appartement ∙ 2 chambres ∙ 4 personnes,Zermatt - Valais
12/11/2024,18/01/2025,25/01/2025,3393.13,HT504LS,110 m² Appartement ∙ 2 chambres ∙ 4 personnes,Zermatt - Valais
12/11/2024,25/01/2025,01/02/2025,3393.13,HT504LS,110 m² Appartement ∙ 2 chambres ∙ 4 personnes,Zermatt - Valais
12/11/2024,22/02/2025,01/03/2025,3393.13,HT504LS,110 m² Appartement ∙ 2 chambres ∙ 4 personnes,Zermatt - Valais
12/11/2024,15/03/2025,22/03/2025,3393.13,HT504LS,110 m² Appartement ∙ 2 chambres ∙ 4 personnes,Zermatt - Valais
12/11/2024,22/03/2025,29/03/2025,3393.13,HT504LS,110 m² Appartement ∙ 2 chambres ∙ 4 personnes,Zermatt - Valais
12/11/2024,29/03/2025,05/04/2025,3393.13,HT504LS,110 m² Appartement ∙ 2 chambres ∙ 4 personnes,Zermatt - Valais
12/11/2024,05/04/2025,12/04/2025,3393.13,HT504LS,110 m² Appartement ∙ 2 chambres ∙ 4 personnes,Zermatt - Valais
12/11/2024,12/04/2025,19/04/2025,3393.13,HT504LS,110 m² Appartement ∙ 2 chambres ∙ 4 personnes,Zermatt - Valais
12/11/2024,16/11/2024,23/11/2024,686.00,H7NLXEP,58 m² Appartement ∙ 2 chambres ∙ 4 personnes,Crans-Montana - Valais
12/11/2024,23/11/2024,30/11/2024,852.00,H7NLXEP,58 m² Appartement ∙ 2 chambres ∙ 4 personnes,Crans-Montana - Valais
12/11/2024,30/11/2024,07/12/2024,852.00,H7NLXEP,58 m² Appartement ∙ 2 chambres ∙ 4 personnes,Crans-Montana - Valais
12/11/2024,07/12/2024,14/12/2024,852.00,H7NLXEP,58 m² Appartement ∙ 2 chambres ∙ 4 personnes,Crans-Montana - Valais
12/11/2024,14/12/2024,21/12/2024,852.00,H7NLXEP,58 m² Appartement ∙ 2 chambres ∙ 4 personnes,Crans-Montana - Valais
12/11/2024,21/12/2024,28/12/2024,1815.00,H7NLXEP,58 m² Appartement ∙ 2 chambres ∙ 4 personnes,Crans-Montana - Valais
12/11/2024,11/01/2025,18/01/2025,1026.00,H7NLXEP,58 m² Appartement ∙ 2 chambres ∙ 4 personnes,Crans-Montana - Valais
12/11/2024,18/01/2025,25/01/2025,1026.00,H7NLXEP,58 m² Appartement ∙ 2 chambres ∙ 4 personnes,Crans-Montana - Valais
12/11/2024,25/01/2025,01/02/2025,1094.00,H7NLXEP,58 m² Appartement ∙ 2 chambres ∙ 4 personnes,Crans-Montana - Valais
12/11/2024,01/02/2025,08/02/2025,1140.00,H7NLXEP,58 m² Appartement ∙ 2 chambres ∙ 4 personnes,Crans-Montana - Valais
12/11/2024,08/02/2025,15/02/2025,1529.00,H7NLXEP,58 m² Appartement ∙ 2 chambres ∙ 4 personnes,Crans-Montana - Valais
12/11/2024,15/02/2025,22/02/2025,1815.00,H7NLXEP,58 m² Appartement ∙ 2 chambres ∙ 4 personnes,Crans-Montana - Valais
12/11/2024,22/02/2025,01/03/2025,1815.00,H7NLXEP,58 m² Appartement ∙ 2 chambres ∙ 4 personnes,Crans-Montana - Valais
12/11/2024,01/03/2025,08/03/2025,1529.00,H7NLXEP,58 m² Appartement ∙ 2 chambres ∙ 4 personnes,Crans-Montana - Valais
12/11/2024,08/03/2025,15/03/2025,852.00,H7NLXEP,58 m² Appartement ∙ 2 chambres ∙ 4 personnes,Crans-Montana - Valais
12/11/2024,15/03/2025,22/03/2025,852.00,H7NLXEP,58 m² Appartement ∙ 2 chambres ∙ 4 personnes,Crans-Montana - Valais
12/11/2024,22/03/2025,29/03/2025,852.00,H7NLXEP,58 m² Appartement ∙ 2 chambres ∙ 4 personnes,Crans-Montana - Valais
12/11/2024,29/03/2025,05/04/2025,852.00,H7NLXEP,58 m² Appartement ∙ 2 chambres ∙ 4 personnes,Crans-Montana - Valais
12/11/2024,05/04/2025,12/04/2025,852.00,H7NLXEP,58 m² Appartement ∙ 2 chambres ∙ 4 personnes,Crans-Montana - Valais
12/11/2024,12/04/2025,19/04/2025,1026.00,H7NLXEP,58 m² Appartement ∙ 2 chambres ∙ 4 personnes,Crans-Montana - Valais
12/11/2024,19/04/2025,26/04/2025,1026.00,H7NLXEP,58 m² Appartement ∙ 2 chambres ∙ 4 personnes,Crans-Montana - Valais
12/11/2024,26/04/2025,03/05/2025,852.00,H7NLXEP,58 m² Appartement ∙ 2 chambres ∙ 4 personnes,Crans-Montana - Valais
12/11/2024,03/05/2025,10/05/2025,852.00,H7NLXEP,58 m² Appartement ∙ 2 chambres ∙ 4 personnes,Crans-Montana - Valais
12/11/2024,10/05/2025,17/05/2025,852.00,H7NLXEP,58 m² Appartement ∙ 2 chambres ∙ 4 personnes,Crans-Montana - Valais
12/11/2024,16/11/2024,23/11/2024,730.91,HT9GUE2,32 m² Appartement ∙ 1 chambre ∙ 2 personnes,Loèche-les-Bains - Valais
12/11/2024,23/11/2024,30/11/2024,784.72,HT9GUE2,32 m² Appartement ∙ 1 chambre ∙ 2 personnes,Loèche-les-Bains - Valais
12/11/2024,30/11/2024,07/12/2024,784.72,HT9GUE2,32 m² Appartement ∙ 1 chambre ∙ 2 personnes,Loèche-les-Bains - Valais
12/11/2024,07/12/2024,14/12/2024,784.72,HT9GUE2,32 m² Appartement ∙ 1 chambre ∙ 2 personnes,Loèche-les-Bains - Valais
12/11/2024,14/12/2024,21/12/2024,757.82,HT9GUE2,32 m² Appartement ∙ 1 chambre ∙ 2 personnes,Loèche-les-Bains - Valais
12/11/2024,21/12/2024,28/12/2024,885.61,HT9GUE2,32 m² Appartement ∙ 1 chambre ∙ 2 personnes,Loèche-les-Bains - Valais
12/11/2024,04/01/2025,11/01/2025,843.01,HT9GUE2,32 m² Appartement ∙ 1 chambre ∙ 2 personnes,Loèche-les-Bains - Valais
12/11/2024,11/01/2025,18/01/2025,843.01,HT9GUE2,32 m² Appartement ∙ 1 chambre ∙ 2 personnes,Loèche-les-Bains - Valais
12/11/2024,18/01/2025,25/01/2025,843.01,HT9GUE2,32 m² Appartement ∙ 1 chambre ∙ 2 personnes,Loèche-les-Bains - Valais
12/11/2024,25/01/2025,01/02/2025,885.61,HT9GUE2,32 m² Appartement ∙ 1 chambre ∙ 2 personnes,Loèche-les-Bains - Valais
12/11/2024,01/02/2025,08/02/2025,885.61,HT9GUE2,32 m² Appartement ∙ 1 chambre ∙ 2 personnes,Loèche-les-Bains - Valais
12/11/2024,08/02/2025,15/02/2025,885.61,HT9GUE2,32 m² Appartement ∙ 1 chambre ∙ 2 personnes,Loèche-les-Bains - Valais
12/11/2024,15/02/2025,22/02/2025,885.61,HT9GUE2,32 m² Appartement ∙ 1 chambre ∙ 2 personnes,Loèche-les-Bains - Valais
12/11/2024,22/02/2025,01/03/2025,885.61,HT9GUE2,32 m² Appartement ∙ 1 chambre ∙ 2 personnes,Loèche-les-Bains - Valais
12/11/2024,01/03/2025,08/03/2025,885.61,HT9GUE2,32 m² Appartement ∙ 1 chambre ∙ 2 personnes,Loèche-les-Bains - Valais
12/11/2024,08/03/2025,15/03/2025,843.01,HT9GUE2,32 m² Appartement ∙ 1 chambre ∙ 2 personnes,Loèche-les-Bains - Valais
12/11/2024,15/03/2025,22/03/2025,843.01,HT9GUE2,32 m² Appartement ∙ 1 chambre ∙ 2 personnes,Loèche-les-Bains - Valais
12/11/2024,22/03/2025,29/03/2025,843.01,HT9GUE2,32 m² Appartement ∙ 1 chambre ∙ 2 personnes,Loèche-les-Bains - Valais
12/11/2024,29/03/2025,05/04/2025,843.01,HT9GUE2,32 m² Appartement ∙ 1 chambre ∙ 2 personnes,Loèche-les-Bains - Valais
12/11/2024,05/04/2025,12/04/2025,843.01,HT9GUE2,32 m² Appartement ∙ 1 chambre ∙ 2 personnes,Loèche-les-Bains - Valais
12/11/2024,12/04/2025,19/04/2025,843.01,HT9GUE2,32 m² Appartement ∙ 1 chambre ∙ 2 personnes,Loèche-les-Bains - Valais
12/11/2024,19/04/2025,26/04/2025,757.82,HT9GUE2,32 m² Appartement ∙ 1 chambre ∙ 2 personnes,Loèche-les-Bains - Valais
12/11/2024,26/04/2025,03/05/2025,757.82,HT9GUE2,32 m² Appartement ∙ 1 chambre ∙ 2 personnes,Loèche-les-Bains - Valais
12/11/2024,03/05/2025,10/05/2025,757.82,HT9GUE2,32 m² Appartement ∙ 1 chambre ∙ 2 personnes,Loèche-les-Bains - Valais
12/11/2024,10/05/2025,17/05/2025,757.82,HT9GUE2,32 m² Appartement ∙ 1 chambre ∙ 2 personnes,Loèche-les-Bains - Valais
12/11/2024,16/11/2024,23/11/2024,1280.99,HVFCT4B,130 m² Appartement ∙ 3 chambres ∙ 6 personnes,Fieschertal - Valais
12/11/2024,23/11/2024,30/11/2024,1280.99,HVFCT4B,130 m² Appartement ∙ 3 chambres ∙ 6 personnes,Fieschertal - Valais
12/11/2024,30/11/2024,07/12/2024,1401.77,HVFCT4B,130 m² Appartement ∙ 3 chambres ∙ 6 personnes,Fieschertal - Valais
12/11/2024,07/12/2024,14/12/2024,1234.58,HVFCT4B,130 m² Appartement ∙ 3 chambres ∙ 6 personnes,Fieschertal - Valais
12/11/2024,14/12/2024,21/12/2024,1681.36,HVFCT4B,130 m² Appartement ∙ 3 chambres ∙ 6 personnes,Fieschertal - Valais
12/11/2024,25/01/2025,01/02/2025,1546.13,HVFCT4B,130 m² Appartement ∙ 3 chambres ∙ 6 personnes,Fieschertal - Valais
12/11/2024,08/03/2025,15/03/2025,1188.99,HVFCT4B,130 m² Appartement ∙ 3 chambres ∙ 6 personnes,Fieschertal - Valais
12/11/2024,15/03/2025,22/03/2025,1188.99,HVFCT4B,130 m² Appartement ∙ 3 chambres ∙ 6 personnes,Fieschertal - Valais
12/11/2024,22/03/2025,29/03/2025,1188.99,HVFCT4B,130 m² Appartement ∙ 3 chambres ∙ 6 personnes,Fieschertal - Valais
12/11/2024,29/03/2025,05/04/2025,1188.99,HVFCT4B,130 m² Appartement ∙ 3 chambres ∙ 6 personnes,Fieschertal - Valais
12/11/2024,05/04/2025,12/04/2025,1232.40,HVFCT4B,130 m² Appartement ∙ 3 chambres ∙ 6 personnes,Fieschertal - Valais
12/11/2024,12/04/2025,19/04/2025,1387.03,HVFCT4B,130 m² Appartement ∙ 3 chambres ∙ 6 personnes,Fieschertal - Valais
12/11/2024,19/04/2025,26/04/2025,1232.40,HVFCT4B,130 m² Appartement ∙ 3 chambres ∙ 6 personnes,Fieschertal - Valais
12/11/2024,26/04/2025,03/05/2025,1133.45,HVFCT4B,130 m² Appartement ∙ 3 chambres ∙ 6 personnes,Fieschertal - Valais
12/11/2024,03/05/2025,10/05/2025,1133.45,HVFCT4B,130 m² Appartement ∙ 3 chambres ∙ 6 personnes,Fieschertal - Valais
12/11/2024,10/05/2025,17/05/2025,1133.45,HVFCT4B,130 m² Appartement ∙ 3 chambres ∙ 6 personnes,Fieschertal - Valais
12/11/2024,16/11/2024,23/11/2024,1004.66,H17YXN4,68 m² Appartement ∙ 2 chambres ∙ 4 personnes,Vercorin - Valais
12/11/2024,23/11/2024,30/11/2024,967.88,H17YXN4,68 m² Appartement ∙ 2 chambres ∙ 4 personnes,Vercorin - Valais
12/11/2024,30/11/2024,07/12/2024,967.88,H17YXN4,68 m² Appartement ∙ 2 chambres ∙ 4 personnes,Vercorin - Valais
12/11/2024,04/01/2025,11/01/2025,1352.71,H17YXN4,68 m² Appartement ∙ 2 chambres ∙ 4 personnes,Vercorin - Valais
12/11/2024,01/02/2025,08/02/2025,1691.15,H17YXN4,68 m² Appartement ∙ 2 chambres ∙ 4 personnes,Vercorin - Valais
12/11/2024,08/02/2025,15/02/2025,1691.15,H17YXN4,68 m² Appartement ∙ 2 chambres ∙ 4 personnes,Vercorin - Valais
12/11/2024,08/03/2025,15/03/2025,1303.19,H17YXN4,68 m² Appartement ∙ 2 chambres ∙ 4 personnes,Vercorin - Valais
12/11/2024,15/03/2025,22/03/2025,1303.19,H17YXN4,68 m² Appartement ∙ 2 chambres ∙ 4 personnes,Vercorin - Valais
12/11/2024,22/03/2025,29/03/2025,1303.19,H17YXN4,68 m² Appartement ∙ 2 chambres ∙ 4 personnes,Vercorin - Valais
12/11/2024,29/03/2025,05/04/2025,1303.19,H17YXN4,68 m² Appartement ∙ 2 chambres ∙ 4 personnes,Vercorin - Valais
12/11/2024,05/04/2025,12/04/2025,1352.71,H17YXN4,68 m² Appartement ∙ 2 chambres ∙ 4 personnes,Vercorin - Valais
12/11/2024,12/04/2025,19/04/2025,1352.71,H17YXN4,68 m² Appartement ∙ 2 chambres ∙ 4 personnes,Vercorin - Valais
12/11/2024,19/04/2025,26/04/2025,1352.71,H17YXN4,68 m² Appartement ∙ 2 chambres ∙ 4 personnes,Vercorin - Valais
12/11/2024,26/04/2025,03/05/2025,1015.33,H17YXN4,68 m² Appartement ∙ 2 chambres ∙ 4 personnes,Vercorin - Valais
12/11/2024,03/05/2025,10/05/2025,1015.33,H17YXN4,68 m² Appartement ∙ 2 chambres ∙ 4 personnes,Vercorin - Valais
12/11/2024,10/05/2025,17/05/2025,1015.33,H17YXN4,68 m² Appartement ∙ 2 chambres ∙ 4 personnes,Vercorin - Valais
12/11/2024,16/11/2024,23/11/2024,1306.27,HGT8VB5,90 m² Appartement ∙ 3 chambres ∙ 6 personnes,Saas Fee - Valais
12/11/2024,23/11/2024,30/11/2024,1306.27,HGT8VB5,90 m² Appartement ∙ 3 chambres ∙ 6 personnes,Saas Fee - Valais
12/11/2024,30/11/2024,07/12/2024,1706.10,HGT8VB5,90 m² Appartement ∙ 3 chambres ∙ 6 personnes,Saas Fee - Valais
12/11/2024,07/12/2024,14/12/2024,1706.10,HGT8VB5,90 m² Appartement ∙ 3 chambres ∙ 6 personnes,Saas Fee - Valais
12/11/2024,04/01/2025,11/01/2025,1774.64,HGT8VB5,90 m² Appartement ∙ 3 chambres ∙ 6 personnes,Saas Fee - Valais
12/11/2024,11/01/2025,18/01/2025,1706.10,HGT8VB5,90 m² Appartement ∙ 3 chambres ∙ 6 personnes,Saas Fee - Valais
12/11/2024,18/01/2025,25/01/2025,1706.10,HGT8VB5,90 m² Appartement ∙ 3 chambres ∙ 6 personnes,Saas Fee - Valais
12/11/2024,25/01/2025,01/02/2025,1946.00,HGT8VB5,90 m² Appartement ∙ 3 chambres ∙ 6 personnes,Saas Fee - Valais
12/11/2024,08/03/2025,15/03/2025,1774.64,HGT8VB5,90 m² Appartement ∙ 3 chambres ∙ 6 personnes,Saas Fee - Valais
12/11/2024,15/03/2025,22/03/2025,1706.10,HGT8VB5,90 m² Appartement ∙ 3 chambres ∙ 6 personnes,Saas Fee - Valais
12/11/2024,22/03/2025,29/03/2025,1706.10,HGT8VB5,90 m² Appartement ∙ 3 chambres ∙ 6 personnes,Saas Fee - Valais
12/11/2024,29/03/2025,05/04/2025,1706.10,HGT8VB5,90 m² Appartement ∙ 3 chambres ∙ 6 personnes,Saas Fee - Valais
12/11/2024,05/04/2025,12/04/2025,1706.10,HGT8VB5,90 m² Appartement ∙ 3 chambres ∙ 6 personnes,Saas Fee - Valais
12/11/2024,19/04/2025,26/04/2025,1946.00,HGT8VB5,90 m² Appartement ∙ 3 chambres ∙ 6 personnes,Saas Fee - Valais
12/11/2024,26/04/2025,03/05/2025,1489.05,HGT8VB5,90 m² Appartement ∙ 3 chambres ∙ 6 personnes,Saas Fee - Valais
12/11/2024,03/05/2025,10/05/2025,1306.27,HGT8VB5,90 m² Appartement ∙ 3 chambres ∙ 6 personnes,Saas Fee - Valais
12/11/2024,10/05/2025,17/05/2025,1306.27,HGT8VB5,90 m² Appartement ∙ 3 chambres ∙ 6 personnes,Saas Fee - Valais
12/11/2024,23/11/2024,30/11/2024,1165.87,H9ZYLWC,31 m² Appartement ∙ 1 chambre ∙ 2 personnes,Loèche-les-Bains - Valais
12/11/2024,30/11/2024,07/12/2024,1165.87,H9ZYLWC,31 m² Appartement ∙ 1 chambre ∙ 2 personnes,Loèche-les-Bains - Valais
12/11/2024,07/12/2024,14/12/2024,1165.87,H9ZYLWC,31 m² Appartement ∙ 1 chambre ∙ 2 personnes,Loèche-les-Bains - Valais
12/11/2024,14/12/2024,21/12/2024,1165.87,H9ZYLWC,31 m² Appartement ∙ 1 chambre ∙ 2 personnes,Loèche-les-Bains - Valais
12/11/2024,08/03/2025,15/03/2025,1165.87,H9ZYLWC,31 m² Appartement ∙ 1 chambre ∙ 2 personnes,Loèche-les-Bains - Valais
12/11/2024,15/03/2025,22/03/2025,1165.87,H9ZYLWC,31 m² Appartement ∙ 1 chambre ∙ 2 personnes,Loèche-les-Bains - Valais
12/11/2024,22/03/2025,29/03/2025,1165.87,H9ZYLWC,31 m² Appartement ∙ 1 chambre ∙ 2 personnes,Loèche-les-Bains - Valais
12/11/2024,29/03/2025,05/04/2025,1165.87,H9ZYLWC,31 m² Appartement ∙ 1 chambre ∙ 2 personnes,Loèche-les-Bains - Valais
12/11/2024,05/04/2025,12/04/2025,1165.87,H9ZYLWC,31 m² Appartement ∙ 1 chambre ∙ 2 personnes,Loèche-les-Bains - Valais
12/11/2024,12/04/2025,19/04/2025,1165.87,H9ZYLWC,31 m² Appartement ∙ 1 chambre ∙ 2 personnes,Loèche-les-Bains - Valais
12/11/2024,19/04/2025,26/04/2025,1076.19,H9ZYLWC,31 m² Appartement ∙ 1 chambre ∙ 2 personnes,Loèche-les-Bains - Valais
12/11/2024,26/04/2025,03/05/2025,1076.19,H9ZYLWC,31 m² Appartement ∙ 1 chambre ∙ 2 personnes,Loèche-les-Bains - Valais
12/11/2024,03/05/2025,10/05/2025,1076.19,H9ZYLWC,31 m² Appartement ∙ 1 chambre ∙ 2 personnes,Loèche-les-Bains - Valais
12/11/2024,10/05/2025,17/05/2025,1076.19,H9ZYLWC,31 m² Appartement ∙ 1 chambre ∙ 2 personnes,Loèche-les-Bains - Valais
12/11/2024,16/11/2024,23/11/2024,859.45,HWE5D91,80 m² Chalet ∙ 2 chambres ∙ 5 personnes,Ayent - Valais
12/11/2024,23/11/2024,30/11/2024,859.45,HWE5D91,80 m² Chalet ∙ 2 chambres ∙ 5 personnes,Ayent - Valais
12/11/2024,08/02/2025,15/02/2025,1316.19,HWE5D91,80 m² Chalet ∙ 2 chambres ∙ 5 personnes,Ayent - Valais
13/11/2024,08/03/2025,15/03/2025,1294.09,HWE5D91,80 m² Chalet ∙ 2 chambres ∙ 5 personnes,Ayent - Valais
13/11/2024,15/03/2025,22/03/2025,941.71,HWE5D91,80 m² Chalet ∙ 2 chambres ∙ 5 personnes,Ayent - Valais
13/11/2024,22/03/2025,29/03/2025,871.73,HWE5D91,80 m² Chalet ∙ 2 chambres ∙ 5 personnes,Ayent - Valais
13/11/2024,29/03/2025,05/04/2025,1480.72,HWE5D91,80 m² Chalet ∙ 2 chambres ∙ 5 personnes,Ayent - Valais
13/11/2024,05/04/2025,12/04/2025,1070.63,HWE5D91,80 m² Chalet ∙ 2 chambres ∙ 5 personnes,Ayent - Valais
13/11/2024,12/04/2025,19/04/2025,1075.54,HWE5D91,80 m² Chalet ∙ 2 chambres ∙ 5 personnes,Ayent - Valais
13/11/2024,19/04/2025,26/04/2025,1054.67,HWE5D91,80 m² Chalet ∙ 2 chambres ∙ 5 personnes,Ayent - Valais
13/11/2024,26/04/2025,03/05/2025,859.45,HWE5D91,80 m² Chalet ∙ 2 chambres ∙ 5 personnes,Ayent - Valais
13/11/2024,15/03/2025,22/03/2025,1695.05,H3Z01EY,150 m² Maison de vacances ∙ 4 chambres ∙ 10 personnes,Salvan - Valais
13/11/2024,22/03/2025,29/03/2025,1642.36,H3Z01EY,150 m² Maison de vacances ∙ 4 chambres ∙ 10 personnes,Salvan - Valais
13/11/2024,29/03/2025,05/04/2025,1996.93,H3Z01EY,150 m² Maison de vacances ∙ 4 chambres ∙ 10 personnes,Salvan - Valais
13/11/2024,05/04/2025,12/04/2025,1638.59,H3Z01EY,150 m² Maison de vacances ∙ 4 chambres ∙ 10 personnes,Salvan - Valais
13/11/2024,12/04/2025,19/04/2025,1669.96,H3Z01EY,150 m² Maison de vacances ∙ 4 chambres ∙ 10 personnes,Salvan - Valais
13/11/2024,19/04/2025,26/04/2025,2004.45,H3Z01EY,150 m² Maison de vacances ∙ 4 chambres ∙ 10 personnes,Salvan - Valais
13/11/2024,26/04/2025,03/05/2025,1440.40,H3Z01EY,150 m² Maison de vacances ∙ 4 chambres ∙ 10 personnes,Salvan - Valais
13/11/2024,03/05/2025,10/05/2025,1277.31,H3Z01EY,150 m² Maison de vacances ∙ 4 chambres ∙ 10 personnes,Salvan - Valais
13/11/2024,10/05/2025,17/05/2025,1239.68,H3Z01EY,150 m² Maison de vacances ∙ 4 chambres ∙ 10 personnes,Salvan - Valais
13/11/2024,16/11/2024,23/11/2024,1077.26,HG5HX6E,45 m² Appartement ∙ 1 chambre ∙ 4 personnes,Les Agettes - Valais
13/11/2024,23/11/2024,30/11/2024,1077.26,HG5HX6E,45 m² Appartement ∙ 1 chambre ∙ 4 personnes,Les Agettes - Valais
13/11/2024,30/11/2024,07/12/2024,1077.26,HG5HX6E,45 m² Appartement ∙ 1 chambre ∙ 4 personnes,Les Agettes - Valais
13/11/2024,07/12/2024,14/12/2024,1077.26,HG5HX6E,45 m² Appartement ∙ 1 chambre ∙ 4 personnes,Les Agettes - Valais
13/11/2024,14/12/2024,21/12/2024,1077.26,HG5HX6E,45 m² Appartement ∙ 1 chambre ∙ 4 personnes,Les Agettes - Valais
13/11/2024,21/12/2024,28/12/2024,2134.23,HG5HX6E,45 m² Appartement ∙ 1 chambre ∙ 4 personnes,Les Agettes - Valais
13/11/2024,28/12/2024,04/01/2025,2134.23,HG5HX6E,45 m² Appartement ∙ 1 chambre ∙ 4 personnes,Les Agettes - Valais
13/11/2024,04/01/2025,11/01/2025,2134.23,HG5HX6E,45 m² Appartement ∙ 1 chambre ∙ 4 personnes,Les Agettes - Valais
13/11/2024,11/01/2025,18/01/2025,1077.26,HG5HX6E,45 m² Appartement ∙ 1 chambre ∙ 4 personnes,Les Agettes - Valais
13/11/2024,18/01/2025,25/01/2025,1077.26,HG5HX6E,45 m² Appartement ∙ 1 chambre ∙ 4 personnes,Les Agettes - Valais
13/11/2024,25/01/2025,01/02/2025,1077.26,HG5HX6E,45 m² Appartement ∙ 1 chambre ∙ 4 personnes,Les Agettes - Valais
13/11/2024,01/02/2025,08/02/2025,1077.26,HG5HX6E,45 m² Appartement ∙ 1 chambre ∙ 4 personnes,Les Agettes - Valais
13/11/2024,08/02/2025,15/02/2025,1077.26,HG5HX6E,45 m² Appartement ∙ 1 chambre ∙ 4 personnes,Les Agettes - Valais
13/11/2024,15/02/2025,22/02/2025,1077.26,HG5HX6E,45 m² Appartement ∙ 1 chambre ∙ 4 personnes,Les Agettes - Valais
13/11/2024,01/03/2025,08/03/2025,1077.26,HG5HX6E,45 m² Appartement ∙ 1 chambre ∙ 4 personnes,Les Agettes - Valais
13/11/2024,08/03/2025,15/03/2025,1077.26,HG5HX6E,45 m² Appartement ∙ 1 chambre ∙ 4 personnes,Les Agettes - Valais
13/11/2024,15/03/2025,22/03/2025,1077.26,HG5HX6E,45 m² Appartement ∙ 1 chambre ∙ 4 personnes,Les Agettes - Valais
13/11/2024,22/03/2025,29/03/2025,1077.26,HG5HX6E,45 m² Appartement ∙ 1 chambre ∙ 4 personnes,Les Agettes - Valais
13/11/2024,29/03/2025,05/04/2025,1077.26,HG5HX6E,45 m² Appartement ∙ 1 chambre ∙ 4 personnes,Les Agettes - Valais
13/11/2024,05/04/2025,12/04/2025,1077.26,HG5HX6E,45 m² Appartement ∙ 1 chambre ∙ 4 personnes,Les Agettes - Valais
13/11/2024,12/04/2025,19/04/2025,1077.26,HG5HX6E,45 m² Appartement ∙ 1 chambre ∙ 4 personnes,Les Agettes - Valais
13/11/2024,19/04/2025,26/04/2025,1077.26,HG5HX6E,45 m² Appartement ∙ 1 chambre ∙ 4 personnes,Les Agettes - Valais
13/11/2024,26/04/2025,03/05/2025,1077.26,HG5HX6E,45 m² Appartement ∙ 1 chambre ∙ 4 personnes,Les Agettes - Valais
13/11/2024,03/05/2025,10/05/2025,1301.47,HG5HX6E,45 m² Appartement ∙ 1 chambre ∙ 4 personnes,Les Agettes - Valais
13/11/2024,10/05/2025,17/05/2025,1301.47,HG5HX6E,45 m² Appartement ∙ 1 chambre ∙ 4 personnes,Les Agettes - Valais
13/11/2024,23/11/2024,30/11/2024,829.56,H9VRM0X,35 m² Appartement ∙ 1 chambre ∙ 2 personnes,Loèche-les-Bains - Valais
13/11/2024,30/11/2024,07/12/2024,829.56,H9VRM0X,35 m² Appartement ∙ 1 chambre ∙ 2 personnes,Loèche-les-Bains - Valais
13/11/2024,07/12/2024,14/12/2024,829.56,H9VRM0X,35 m² Appartement ∙ 1 chambre ∙ 2 personnes,Loèche-les-Bains - Valais
13/11/2024,14/12/2024,21/12/2024,800.42,H9VRM0X,35 m² Appartement ∙ 1 chambre ∙ 2 personnes,Loèche-les-Bains - Valais
13/11/2024,04/01/2025,11/01/2025,885.61,H9VRM0X,35 m² Appartement ∙ 1 chambre ∙ 2 personnes,Loèche-les-Bains - Valais
13/11/2024,11/01/2025,18/01/2025,885.61,H9VRM0X,35 m² Appartement ∙ 1 chambre ∙ 2 personnes,Loèche-les-Bains - Valais
13/11/2024,25/01/2025,01/02/2025,928.21,H9VRM0X,35 m² Appartement ∙ 1 chambre ∙ 2 personnes,Loèche-les-Bains - Valais
13/11/2024,01/02/2025,08/02/2025,928.21,H9VRM0X,35 m² Appartement ∙ 1 chambre ∙ 2 personnes,Loèche-les-Bains - Valais
13/11/2024,08/02/2025,15/02/2025,928.21,H9VRM0X,35 m² Appartement ∙ 1 chambre ∙ 2 personnes,Loèche-les-Bains - Valais
13/11/2024,15/02/2025,22/02/2025,928.21,H9VRM0X,35 m² Appartement ∙ 1 chambre ∙ 2 personnes,Loèche-les-Bains - Valais
13/11/2024,22/02/2025,01/03/2025,928.21,H9VRM0X,35 m² Appartement ∙ 1 chambre ∙ 2 personnes,Loèche-les-Bains - Valais
13/11/2024,08/03/2025,15/03/2025,885.61,H9VRM0X,35 m² Appartement ∙ 1 chambre ∙ 2 personnes,Loèche-les-Bains - Valais
13/11/2024,15/03/2025,22/03/2025,885.61,H9VRM0X,35 m² Appartement ∙ 1 chambre ∙ 2 personnes,Loèche-les-Bains - Valais
13/11/2024,22/03/2025,29/03/2025,885.61,H9VRM0X,35 m² Appartement ∙ 1 chambre ∙ 2 personnes,Loèche-les-Bains - Valais
13/11/2024,29/03/2025,05/04/2025,885.61,H9VRM0X,35 m² Appartement ∙ 1 chambre ∙ 2 personnes,Loèche-les-Bains - Valais
13/11/2024,05/04/2025,12/04/2025,885.61,H9VRM0X,35 m² Appartement ∙ 1 chambre ∙ 2 personnes,Loèche-les-Bains - Valais
13/11/2024,12/04/2025,19/04/2025,885.61,H9VRM0X,35 m² Appartement ∙ 1 chambre ∙ 2 personnes,Loèche-les-Bains - Valais
13/11/2024,19/04/2025,26/04/2025,800.42,H9VRM0X,35 m² Appartement ∙ 1 chambre ∙ 2 personnes,Loèche-les-Bains - Valais
13/11/2024,26/04/2025,03/05/2025,800.42,H9VRM0X,35 m² Appartement ∙ 1 chambre ∙ 2 personnes,Loèche-les-Bains - Valais
13/11/2024,03/05/2025,10/05/2025,800.42,H9VRM0X,35 m² Appartement ∙ 1 chambre ∙ 2 personnes,Loèche-les-Bains - Valais
13/11/2024,10/05/2025,17/05/2025,800.42,H9VRM0X,35 m² Appartement ∙ 1 chambre ∙ 2 personnes,Loèche-les-Bains - Valais
13/11/2024,16/11/2024,23/11/2024,1410.79,H70XMVZ,90 m² Appartement ∙ 2 chambres ∙ 4 personnes,Loèche-les-Bains - Valais
13/11/2024,23/11/2024,30/11/2024,1410.79,H70XMVZ,90 m² Appartement ∙ 2 chambres ∙ 4 personnes,Loèche-les-Bains - Valais
13/11/2024,30/11/2024,07/12/2024,1107.58,H70XMVZ,90 m² Appartement ∙ 2 chambres ∙ 4 personnes,Loèche-les-Bains - Valais
13/11/2024,07/12/2024,14/12/2024,1107.58,H70XMVZ,90 m² Appartement ∙ 2 chambres ∙ 4 personnes,Loèche-les-Bains - Valais
13/11/2024,14/12/2024,21/12/2024,1219.68,H70XMVZ,90 m² Appartement ∙ 2 chambres ∙ 4 personnes,Loèche-les-Bains - Valais
13/11/2024,04/01/2025,11/01/2025,1219.68,H70XMVZ,90 m² Appartement ∙ 2 chambres ∙ 4 personnes,Loèche-les-Bains - Valais
13/11/2024,11/01/2025,18/01/2025,1219.68,H70XMVZ,90 m² Appartement ∙ 2 chambres ∙ 4 personnes,Loèche-les-Bains - Valais
13/11/2024,18/01/2025,25/01/2025,1219.68,H70XMVZ,90 m² Appartement ∙ 2 chambres ∙ 4 personnes,Loèche-les-Bains - Valais
13/11/2024,08/03/2025,15/03/2025,1219.68,H70XMVZ,90 m² Appartement ∙ 2 chambres ∙ 4 personnes,Loèche-les-Bains - Valais
13/11/2024,15/03/2025,22/03/2025,1219.68,H70XMVZ,90 m² Appartement ∙ 2 chambres ∙ 4 personnes,Loèche-les-Bains - Valais
13/11/2024,22/03/2025,29/03/2025,1219.68,H70XMVZ,90 m² Appartement ∙ 2 chambres ∙ 4 personnes,Loèche-les-Bains - Valais
13/11/2024,29/03/2025,05/04/2025,1219.68,H70XMVZ,90 m² Appartement ∙ 2 chambres ∙ 4 personnes,Loèche-les-Bains - Valais
13/11/2024,05/04/2025,12/04/2025,1219.68,H70XMVZ,90 m² Appartement ∙ 2 chambres ∙ 4 personnes,Loèche-les-Bains - Valais
13/11/2024,12/04/2025,19/04/2025,1219.68,H70XMVZ,90 m² Appartement ∙ 2 chambres ∙ 4 personnes,Loèche-les-Bains - Valais
13/11/2024,19/04/2025,26/04/2025,1219.68,H70XMVZ,90 m² Appartement ∙ 2 chambres ∙ 4 personnes,Loèche-les-Bains - Valais
13/11/2024,30/11/2024,07/12/2024,1031.58,HB8S2P4,36 m² Appartement ∙ 1 chambre ∙ 3 personnes,Saas Fee - Valais
13/11/2024,07/12/2024,14/12/2024,1031.58,HB8S2P4,36 m² Appartement ∙ 1 chambre ∙ 3 personnes,Saas Fee - Valais
13/11/2024,14/12/2024,21/12/2024,1031.58,HB8S2P4,36 m² Appartement ∙ 1 chambre ∙ 3 personnes,Saas Fee - Valais
13/11/2024,04/01/2025,11/01/2025,1138.34,HB8S2P4,36 m² Appartement ∙ 1 chambre ∙ 3 personnes,Saas Fee - Valais
13/11/2024,11/01/2025,18/01/2025,1138.34,HB8S2P4,36 m² Appartement ∙ 1 chambre ∙ 3 personnes,Saas Fee - Valais
13/11/2024,18/01/2025,25/01/2025,1138.34,HB8S2P4,36 m² Appartement ∙ 1 chambre ∙ 3 personnes,Saas Fee - Valais
13/11/2024,25/01/2025,01/02/2025,1250.29,HB8S2P4,36 m² Appartement ∙ 1 chambre ∙ 3 personnes,Saas Fee - Valais
13/11/2024,29/03/2025,05/04/2025,1226.30,HB8S2P4,36 m² Appartement ∙ 1 chambre ∙ 3 personnes,Saas Fee - Valais
13/11/2024,05/04/2025,12/04/2025,1226.30,HB8S2P4,36 m² Appartement ∙ 1 chambre ∙ 3 personnes,Saas Fee - Valais
13/11/2024,12/04/2025,19/04/2025,1250.29,HB8S2P4,36 m² Appartement ∙ 1 chambre ∙ 3 personnes,Saas Fee - Valais
13/11/2024,19/04/2025,26/04/2025,1250.29,HB8S2P4,36 m² Appartement ∙ 1 chambre ∙ 3 personnes,Saas Fee - Valais
13/11/2024,26/04/2025,03/05/2025,1018.39,HB8S2P4,36 m² Appartement ∙ 1 chambre ∙ 3 personnes,Saas Fee - Valais
13/11/2024,23/11/2024,30/11/2024,983.78,H8WTMD3,90 m² Appartement ∙ 2 chambres ∙ 6 personnes,Saas-Almagell - Valais
13/11/2024,30/11/2024,07/12/2024,983.78,H8WTMD3,90 m² Appartement ∙ 2 chambres ∙ 6 personnes,Saas-Almagell - Valais
13/11/2024,07/12/2024,14/12/2024,983.78,H8WTMD3,90 m² Appartement ∙ 2 chambres ∙ 6 personnes,Saas-Almagell - Valais
13/11/2024,14/12/2024,21/12/2024,983.78,H8WTMD3,90 m² Appartement ∙ 2 chambres ∙ 6 personnes,Saas-Almagell - Valais
13/11/2024,11/01/2025,18/01/2025,942.73,H8WTMD3,90 m² Appartement ∙ 2 chambres ∙ 6 personnes,Saas-Almagell - Valais
13/11/2024,18/01/2025,25/01/2025,942.73,H8WTMD3,90 m² Appartement ∙ 2 chambres ∙ 6 personnes,Saas-Almagell - Valais
13/11/2024,22/03/2025,29/03/2025,983.78,H8WTMD3,90 m² Appartement ∙ 2 chambres ∙ 6 personnes,Saas-Almagell - Valais
13/11/2024,29/03/2025,05/04/2025,983.78,H8WTMD3,90 m² Appartement ∙ 2 chambres ∙ 6 personnes,Saas-Almagell - Valais
13/11/2024,05/04/2025,12/04/2025,983.78,H8WTMD3,90 m² Appartement ∙ 2 chambres ∙ 6 personnes,Saas-Almagell - Valais
13/11/2024,19/04/2025,26/04/2025,983.78,H8WTMD3,90 m² Appartement ∙ 2 chambres ∙ 6 personnes,Saas-Almagell - Valais
13/11/2024,16/11/2024,23/11/2024,1265.13,H8G34T5,60 m² Appartement ∙ 1 chambre ∙ 3 personnes,Saas Fee - Valais
13/11/2024,23/11/2024,30/11/2024,1265.13,H8G34T5,60 m² Appartement ∙ 1 chambre ∙ 3 personnes,Saas Fee - Valais
13/11/2024,30/11/2024,07/12/2024,1449.05,H8G34T5,60 m² Appartement ∙ 1 chambre ∙ 3 personnes,Saas Fee - Valais
13/11/2024,07/12/2024,14/12/2024,1449.05,H8G34T5,60 m² Appartement ∙ 1 chambre ∙ 3 personnes,Saas Fee - Valais
13/11/2024,12/04/2025,19/04/2025,1976.83,H8G34T5,60 m² Appartement ∙ 1 chambre ∙ 3 personnes,Saas Fee - Valais
13/11/2024,19/04/2025,26/04/2025,1775.77,H8G34T5,60 m² Appartement ∙ 1 chambre ∙ 3 personnes,Saas Fee - Valais
13/11/2024,14/12/2024,21/12/2024,896.00,HLTAS4M,3 room apartment standard,3 room apartment standardVercorin - Valais
13/11/2024,21/12/2024,28/12/2024,2025.00,HLTAS4M,3 room apartment standard,3 room apartment standardVercorin - Valais
13/11/2024,04/01/2025,11/01/2025,946.00,HLTAS4M,3 room apartment standard,3 room apartment standardVercorin - Valais
13/11/2024,11/01/2025,18/01/2025,946.00,HLTAS4M,3 room apartment standard,3 room apartment standardVercorin - Valais
13/11/2024,18/01/2025,25/01/2025,946.00,HLTAS4M,3 room apartment standard,3 room apartment standardVercorin - Valais
13/11/2024,01/02/2025,08/02/2025,2032.00,HLTAS4M,3 room apartment standard,3 room apartment standardVercorin - Valais
13/11/2024,08/02/2025,15/02/2025,2025.00,HLTAS4M,3 room apartment standard,3 room apartment standardVercorin - Valais
13/11/2024,22/02/2025,01/03/2025,2366.00,HLTAS4M,3 room apartment standard,3 room apartment standardVercorin - Valais
13/11/2024,08/03/2025,15/03/2025,1198.00,HLTAS4M,3 room apartment standard,3 room apartment standardVercorin - Valais
13/11/2024,15/03/2025,22/03/2025,1198.00,HLTAS4M,3 room apartment standard,3 room apartment standardVercorin - Valais
13/11/2024,22/03/2025,29/03/2025,1047.00,HLTAS4M,3 room apartment standard,3 room apartment standardVercorin - Valais
13/11/2024,29/03/2025,05/04/2025,1047.00,HLTAS4M,3 room apartment standard,3 room apartment standardVercorin - Valais
13/11/2024,05/04/2025,12/04/2025,1350.00,HLTAS4M,3 room apartment standard,3 room apartment standardVercorin - Valais
13/11/2024,12/04/2025,19/04/2025,1198.00,HLTAS4M,3 room apartment standard,3 room apartment standardVercorin - Valais
13/11/2024,21/12/2024,28/12/2024,1404.86,HBWN764,55 m² Appartement ∙ 1 chambre ∙ 4 personnes,Saas Fee - Valais
13/11/2024,04/01/2025,11/01/2025,1176.66,HBWN764,55 m² Appartement ∙ 1 chambre ∙ 4 personnes,Saas Fee - Valais
13/11/2024,11/01/2025,18/01/2025,1119.54,HBWN764,55 m² Appartement ∙ 1 chambre ∙ 4 personnes,Saas Fee - Valais
13/11/2024,08/02/2025,15/02/2025,1319.45,HBWN764,55 m² Appartement ∙ 1 chambre ∙ 4 personnes,Saas Fee - Valais
13/11/2024,22/03/2025,29/03/2025,1119.54,HBWN764,55 m² Appartement ∙ 1 chambre ∙ 4 personnes,Saas Fee - Valais
13/11/2024,29/03/2025,05/04/2025,1119.54,HBWN764,55 m² Appartement ∙ 1 chambre ∙ 4 personnes,Saas Fee - Valais
13/11/2024,03/05/2025,10/05/2025,919.62,HBWN764,55 m² Appartement ∙ 1 chambre ∙ 4 personnes,Saas Fee - Valais
13/11/2024,10/05/2025,17/05/2025,919.62,HBWN764,55 m² Appartement ∙ 1 chambre ∙ 4 personnes,Saas Fee - Valais
13/11/2024,16/11/2024,23/11/2024,1119.53,H6XH31D,60 m² Appartement ∙ 2 chambres ∙ 5 personnes,Saas Fee - Valais
13/11/2024,23/11/2024,30/11/2024,1119.53,H6XH31D,60 m² Appartement ∙ 2 chambres ∙ 5 personnes,Saas Fee - Valais
13/11/2024,30/11/2024,07/12/2024,1119.53,H6XH31D,60 m² Appartement ∙ 2 chambres ∙ 5 personnes,Saas Fee - Valais
13/11/2024,07/12/2024,14/12/2024,1119.53,H6XH31D,60 m² Appartement ∙ 2 chambres ∙ 5 personnes,Saas Fee - Valais
13/11/2024,14/12/2024,21/12/2024,1119.53,H6XH31D,60 m² Appartement ∙ 2 chambres ∙ 5 personnes,Saas Fee - Valais
13/11/2024,11/01/2025,18/01/2025,1119.53,H6XH31D,60 m² Appartement ∙ 2 chambres ∙ 5 personnes,Saas Fee - Valais
13/11/2024,18/01/2025,25/01/2025,1119.53,H6XH31D,60 m² Appartement ∙ 2 chambres ∙ 5 personnes,Saas Fee - Valais
13/11/2024,01/02/2025,08/02/2025,2079.14,H6XH31D,60 m² Appartement ∙ 2 chambres ∙ 5 personnes,Saas Fee - Valais
13/11/2024,22/03/2025,29/03/2025,1359.44,H6XH31D,60 m² Appartement ∙ 2 chambres ∙ 5 personnes,Saas Fee - Valais
13/11/2024,29/03/2025,05/04/2025,1359.44,H6XH31D,60 m² Appartement ∙ 2 chambres ∙ 5 personnes,Saas Fee - Valais
13/11/2024,12/04/2025,19/04/2025,1759.27,H6XH31D,60 m² Appartement ∙ 2 chambres ∙ 5 personnes,Saas Fee - Valais
13/11/2024,19/04/2025,26/04/2025,1759.27,H6XH31D,60 m² Appartement ∙ 2 chambres ∙ 5 personnes,Saas Fee - Valais
13/11/2024,16/11/2024,23/11/2024,1382.00,HFCVA6T,85 m² Appartement ∙ 3 chambres ∙ 6 personnes,Zinal - Ayer - Valais
13/11/2024,23/11/2024,30/11/2024,1382.00,HFCVA6T,85 m² Appartement ∙ 3 chambres ∙ 6 personnes,Zinal - Ayer - Valais
13/11/2024,30/11/2024,07/12/2024,1382.00,HFCVA6T,85 m² Appartement ∙ 3 chambres ∙ 6 personnes,Zinal - Ayer - Valais
13/11/2024,07/12/2024,14/12/2024,1382.00,HFCVA6T,85 m² Appartement ∙ 3 chambres ∙ 6 personnes,Zinal - Ayer - Valais
13/11/2024,04/01/2025,11/01/2025,1587.00,HFCVA6T,85 m² Appartement ∙ 3 chambres ∙ 6 personnes,Zinal - Ayer - Valais
13/11/2024,08/03/2025,15/03/2025,1731.00,HFCVA6T,85 m² Appartement ∙ 3 chambres ∙ 6 personnes,Zinal - Ayer - Valais
13/11/2024,15/03/2025,22/03/2025,1587.00,HFCVA6T,85 m² Appartement ∙ 3 chambres ∙ 6 personnes,Zinal - Ayer - Valais
13/11/2024,22/03/2025,29/03/2025,1587.00,HFCVA6T,85 m² Appartement ∙ 3 chambres ∙ 6 personnes,Zinal - Ayer - Valais
13/11/2024,29/03/2025,05/04/2025,1587.00,HFCVA6T,85 m² Appartement ∙ 3 chambres ∙ 6 personnes,Zinal - Ayer - Valais
13/11/2024,05/04/2025,12/04/2025,1382.00,HFCVA6T,85 m² Appartement ∙ 3 chambres ∙ 6 personnes,Zinal - Ayer - Valais
13/11/2024,26/04/2025,03/05/2025,1382.00,HFCVA6T,85 m² Appartement ∙ 3 chambres ∙ 6 personnes,Zinal - Ayer - Valais
13/11/2024,03/05/2025,10/05/2025,1382.00,HFCVA6T,85 m² Appartement ∙ 3 chambres ∙ 6 personnes,Zinal - Ayer - Valais
13/11/2024,10/05/2025,17/05/2025,1382.00,HFCVA6T,85 m² Appartement ∙ 3 chambres ∙ 6 personnes,Zinal - Ayer - Valais
13/11/2024,21/12/2024,28/12/2024,2310.00,HCG6R0M,100 m² Maison de vacances ∙ 3 chambres ∙ 6 personnes,Chamoson - Valais
13/11/2024,04/01/2025,11/01/2025,1248.00,HCG6R0M,100 m² Maison de vacances ∙ 3 chambres ∙ 6 personnes,Chamoson - Valais
13/11/2024,11/01/2025,18/01/2025,1248.00,HCG6R0M,100 m² Maison de vacances ∙ 3 chambres ∙ 6 personnes,Chamoson - Valais
13/11/2024,18/01/2025,25/01/2025,1248.00,HCG6R0M,100 m² Maison de vacances ∙ 3 chambres ∙ 6 personnes,Chamoson - Valais
13/11/2024,08/02/2025,15/02/2025,1764.00,HCG6R0M,100 m² Maison de vacances ∙ 3 chambres ∙ 6 personnes,Chamoson - Valais
13/11/2024,15/02/2025,22/02/2025,2636.00,HCG6R0M,100 m² Maison de vacances ∙ 3 chambres ∙ 6 personnes,Chamoson - Valais
13/11/2024,22/02/2025,01/03/2025,2636.00,HCG6R0M,100 m² Maison de vacances ∙ 3 chambres ∙ 6 personnes,Chamoson - Valais
13/11/2024,01/03/2025,08/03/2025,2636.00,HCG6R0M,100 m² Maison de vacances ∙ 3 chambres ∙ 6 personnes,Chamoson - Valais
13/11/2024,08/03/2025,15/03/2025,1248.00,HCG6R0M,100 m² Maison de vacances ∙ 3 chambres ∙ 6 personnes,Chamoson - Valais
13/11/2024,15/03/2025,22/03/2025,1248.00,HCG6R0M,100 m² Maison de vacances ∙ 3 chambres ∙ 6 personnes,Chamoson - Valais
13/11/2024,22/03/2025,29/03/2025,1248.00,HCG6R0M,100 m² Maison de vacances ∙ 3 chambres ∙ 6 personnes,Chamoson - Valais
13/11/2024,29/03/2025,05/04/2025,1248.00,HCG6R0M,100 m² Maison de vacances ∙ 3 chambres ∙ 6 personnes,Chamoson - Valais
13/11/2024,05/04/2025,12/04/2025,1248.00,HCG6R0M,100 m² Maison de vacances ∙ 3 chambres ∙ 6 personnes,Chamoson - Valais
13/11/2024,12/04/2025,19/04/2025,1248.00,HCG6R0M,100 m² Maison de vacances ∙ 3 chambres ∙ 6 personnes,Chamoson - Valais
13/11/2024,19/04/2025,26/04/2025,1248.00,HCG6R0M,100 m² Maison de vacances ∙ 3 chambres ∙ 6 personnes,Chamoson - Valais
13/11/2024,26/04/2025,03/05/2025,1248.00,HCG6R0M,100 m² Maison de vacances ∙ 3 chambres ∙ 6 personnes,Chamoson - Valais
13/11/2024,03/05/2025,10/05/2025,1248.00,HCG6R0M,100 m² Maison de vacances ∙ 3 chambres ∙ 6 personnes,Chamoson - Valais
13/11/2024,10/05/2025,17/05/2025,1248.00,HCG6R0M,100 m² Maison de vacances ∙ 3 chambres ∙ 6 personnes,Chamoson - Valais
13/11/2024,29/03/2025,05/04/2025,594.52,H8UGF3K,24 m² Appartement ∙ 1 chambre ∙ 2 personnes,Saas Fee - Valais
13/11/2024,16/11/2024,23/11/2024,663.16,H1ZDBVW,42 m² Appartement ∙ 2 chambres ∙ 6 personnes,Nendaz - Valais
13/11/2024,23/11/2024,30/11/2024,824.11,H1ZDBVW,42 m² Appartement ∙ 2 chambres ∙ 6 personnes,Nendaz - Valais
13/11/2024,30/11/2024,07/12/2024,824.11,H1ZDBVW,42 m² Appartement ∙ 2 chambres ∙ 6 personnes,Nendaz - Valais
13/11/2024,07/12/2024,14/12/2024,824.11,H1ZDBVW,42 m² Appartement ∙ 2 chambres ∙ 6 personnes,Nendaz - Valais
13/11/2024,14/12/2024,21/12/2024,824.11,H1ZDBVW,42 m² Appartement ∙ 2 chambres ∙ 6 personnes,Nendaz - Valais
13/11/2024,21/12/2024,28/12/2024,2153.31,H1ZDBVW,42 m² Appartement ∙ 2 chambres ∙ 6 personnes,Nendaz - Valais
13/11/2024,04/01/2025,11/01/2025,824.11,H1ZDBVW,42 m² Appartement ∙ 2 chambres ∙ 6 personnes,Nendaz - Valais
13/11/2024,08/02/2025,15/02/2025,1479.34,H1ZDBVW,42 m² Appartement ∙ 2 chambres ∙ 6 personnes,Nendaz - Valais
13/11/2024,01/03/2025,08/03/2025,1976.78,H1ZDBVW,42 m² Appartement ∙ 2 chambres ∙ 6 personnes,Nendaz - Valais
13/11/2024,29/03/2025,05/04/2025,824.11,H1ZDBVW,42 m² Appartement ∙ 2 chambres ∙ 6 personnes,Nendaz - Valais
13/11/2024,26/04/2025,03/05/2025,824.11,H1ZDBVW,42 m² Appartement ∙ 2 chambres ∙ 6 personnes,Nendaz - Valais
13/11/2024,23/11/2024,30/11/2024,889.94,H721LDU,36 m² Appartement ∙ 1 chambre ∙ 4 personnes,Saas-Almagell - Valais
13/11/2024,30/11/2024,07/12/2024,889.94,H721LDU,36 m² Appartement ∙ 1 chambre ∙ 4 personnes,Saas-Almagell - Valais
13/11/2024,07/12/2024,14/12/2024,889.94,H721LDU,36 m² Appartement ∙ 1 chambre ∙ 4 personnes,Saas-Almagell - Valais
13/11/2024,14/12/2024,21/12/2024,889.94,H721LDU,36 m² Appartement ∙ 1 chambre ∙ 4 personnes,Saas-Almagell - Valais
13/11/2024,04/01/2025,11/01/2025,796.09,H721LDU,36 m² Appartement ∙ 1 chambre ∙ 4 personnes,Saas-Almagell - Valais
13/11/2024,11/01/2025,18/01/2025,796.09,H721LDU,36 m² Appartement ∙ 1 chambre ∙ 4 personnes,Saas-Almagell - Valais
13/11/2024,01/02/2025,08/02/2025,1015.23,H721LDU,36 m² Appartement ∙ 1 chambre ∙ 4 personnes,Saas-Almagell - Valais
13/11/2024,08/02/2025,15/02/2025,1015.23,H721LDU,36 m² Appartement ∙ 1 chambre ∙ 4 personnes,Saas-Almagell - Valais
13/11/2024,29/03/2025,05/04/2025,837.14,H721LDU,36 m² Appartement ∙ 1 chambre ∙ 4 personnes,Saas-Almagell - Valais
13/11/2024,05/04/2025,12/04/2025,837.14,H721LDU,36 m² Appartement ∙ 1 chambre ∙ 4 personnes,Saas-Almagell - Valais
13/11/2024,12/04/2025,19/04/2025,889.94,H721LDU,36 m² Appartement ∙ 1 chambre ∙ 4 personnes,Saas-Almagell - Valais
13/11/2024,19/04/2025,26/04/2025,866.02,H721LDU,36 m² Appartement ∙ 1 chambre ∙ 4 personnes,Saas-Almagell - Valais
13/11/2024,26/04/2025,03/05/2025,825.72,H721LDU,36 m² Appartement ∙ 1 chambre ∙ 4 personnes,Saas-Almagell - Valais
13/11/2024,16/11/2024,23/11/2024,1412.56,H83G6VX,90 m² Maison de vacances ∙ 2 chambres ∙ 4 personnes,Randa - Valais
13/11/2024,23/11/2024,30/11/2024,1412.56,H83G6VX,90 m² Maison de vacances ∙ 2 chambres ∙ 4 personnes,Randa - Valais
13/11/2024,30/11/2024,07/12/2024,1412.56,H83G6VX,90 m² Maison de vacances ∙ 2 chambres ∙ 4 personnes,Randa - Valais
13/11/2024,07/12/2024,14/12/2024,1412.56,H83G6VX,90 m² Maison de vacances ∙ 2 chambres ∙ 4 personnes,Randa - Valais
13/11/2024,14/12/2024,21/12/2024,1412.56,H83G6VX,90 m² Maison de vacances ∙ 2 chambres ∙ 4 personnes,Randa - Valais
13/11/2024,11/01/2025,18/01/2025,1412.56,H83G6VX,90 m² Maison de vacances ∙ 2 chambres ∙ 4 personnes,Randa - Valais
13/11/2024,18/01/2025,25/01/2025,1412.56,H83G6VX,90 m² Maison de vacances ∙ 2 chambres ∙ 4 personnes,Randa - Valais
13/11/2024,25/01/2025,01/02/2025,1412.56,H83G6VX,90 m² Maison de vacances ∙ 2 chambres ∙ 4 personnes,Randa - Valais
13/11/2024,01/02/2025,08/02/2025,1412.56,H83G6VX,90 m² Maison de vacances ∙ 2 chambres ∙ 4 personnes,Randa - Valais
13/11/2024,08/02/2025,15/02/2025,1412.56,H83G6VX,90 m² Maison de vacances ∙ 2 chambres ∙ 4 personnes,Randa - Valais
13/11/2024,15/02/2025,22/02/2025,1412.56,H83G6VX,90 m² Maison de vacances ∙ 2 chambres ∙ 4 personnes,Randa - Valais
13/11/2024,22/02/2025,01/03/2025,1412.56,H83G6VX,90 m² Maison de vacances ∙ 2 chambres ∙ 4 personnes,Randa - Valais
13/11/2024,01/03/2025,08/03/2025,1412.56,H83G6VX,90 m² Maison de vacances ∙ 2 chambres ∙ 4 personnes,Randa - Valais
13/11/2024,08/03/2025,15/03/2025,1412.56,H83G6VX,90 m² Maison de vacances ∙ 2 chambres ∙ 4 personnes,Randa - Valais
13/11/2024,15/03/2025,22/03/2025,1412.56,H83G6VX,90 m² Maison de vacances ∙ 2 chambres ∙ 4 personnes,Randa - Valais
13/11/2024,22/03/2025,29/03/2025,1412.56,H83G6VX,90 m² Maison de vacances ∙ 2 chambres ∙ 4 personnes,Randa - Valais
13/11/2024,29/03/2025,05/04/2025,1412.56,H83G6VX,90 m² Maison de vacances ∙ 2 chambres ∙ 4 personnes,Randa - Valais
13/11/2024,05/04/2025,12/04/2025,1412.56,H83G6VX,90 m² Maison de vacances ∙ 2 chambres ∙ 4 personnes,Randa - Valais
13/11/2024,26/04/2025,03/05/2025,1236.56,H83G6VX,90 m² Maison de vacances ∙ 2 chambres ∙ 4 personnes,Randa - Valais
13/11/2024,03/05/2025,10/05/2025,1236.56,H83G6VX,90 m² Maison de vacances ∙ 2 chambres ∙ 4 personnes,Randa - Valais
13/11/2024,10/05/2025,17/05/2025,1236.56,H83G6VX,90 m² Maison de vacances ∙ 2 chambres ∙ 4 personnes,Randa - Valais
13/11/2024,03/05/2025,10/05/2025,2447.00,HZK0EXC,120 m² Appartement ∙ 3 chambres ∙ 6 personnes,Verbier - Bagnes - Valais
13/11/2024,10/05/2025,17/05/2025,2447.00,HZK0EXC,120 m² Appartement ∙ 3 chambres ∙ 6 personnes,Verbier - Bagnes - Valais
13/11/2024,16/11/2024,23/11/2024,759.70,HCLDA23,30 m² Appartement ∙ 1 chambre ∙ 2 personnes,Saas Fee - Valais
13/11/2024,23/11/2024,30/11/2024,759.70,HCLDA23,30 m² Appartement ∙ 1 chambre ∙ 2 personnes,Saas Fee - Valais
13/11/2024,30/11/2024,07/12/2024,828.25,HCLDA23,30 m² Appartement ∙ 1 chambre ∙ 2 personnes,Saas Fee - Valais
13/11/2024,07/12/2024,14/12/2024,839.67,HCLDA23,30 m² Appartement ∙ 1 chambre ∙ 2 personnes,Saas Fee - Valais
13/11/2024,08/03/2025,15/03/2025,911.64,HCLDA23,30 m² Appartement ∙ 1 chambre ∙ 2 personnes,Saas Fee - Valais
13/11/2024,15/03/2025,22/03/2025,911.64,HCLDA23,30 m² Appartement ∙ 1 chambre ∙ 2 personnes,Saas Fee - Valais
13/11/2024,22/03/2025,29/03/2025,911.64,HCLDA23,30 m² Appartement ∙ 1 chambre ∙ 2 personnes,Saas Fee - Valais
13/11/2024,29/03/2025,05/04/2025,911.64,HCLDA23,30 m² Appartement ∙ 1 chambre ∙ 2 personnes,Saas Fee - Valais
13/11/2024,05/04/2025,12/04/2025,911.64,HCLDA23,30 m² Appartement ∙ 1 chambre ∙ 2 personnes,Saas Fee - Valais
13/11/2024,12/04/2025,19/04/2025,911.64,HCLDA23,30 m² Appartement ∙ 1 chambre ∙ 2 personnes,Saas Fee - Valais
13/11/2024,18/01/2025,25/01/2025,1113.22,HDL370G,40 m² Appartement ∙ 1 chambre ∙ 4 personnes,Saas Fee - Valais
13/11/2024,29/03/2025,05/04/2025,1241.17,HDL370G,40 m² Appartement ∙ 1 chambre ∙ 4 personnes,Saas Fee - Valais
13/11/2024,05/04/2025,12/04/2025,1241.17,HDL370G,40 m² Appartement ∙ 1 chambre ∙ 4 personnes,Saas Fee - Valais
13/11/2024,12/04/2025,19/04/2025,1241.17,HDL370G,40 m² Appartement ∙ 1 chambre ∙ 4 personnes,Saas Fee - Valais
13/11/2024,19/04/2025,26/04/2025,1241.17,HDL370G,40 m² Appartement ∙ 1 chambre ∙ 4 personnes,Saas Fee - Valais
13/11/2024,16/11/2024,23/11/2024,710.00,HTDJ1EZ,Appartement ∙ 2 chambres ∙ 6 personnes,Grächen - Valais
13/11/2024,23/11/2024,30/11/2024,710.00,HTDJ1EZ,Appartement ∙ 2 chambres ∙ 6 personnes,Grächen - Valais
13/11/2024,30/11/2024,07/12/2024,710.00,HTDJ1EZ,Appartement ∙ 2 chambres ∙ 6 personnes,Grächen - Valais
13/11/2024,07/12/2024,14/12/2024,710.00,HTDJ1EZ,Appartement ∙ 2 chambres ∙ 6 personnes,Grächen - Valais
13/11/2024,14/12/2024,21/12/2024,710.00,HTDJ1EZ,Appartement ∙ 2 chambres ∙ 6 personnes,Grächen - Valais
13/11/2024,21/12/2024,28/12/2024,1307.90,HTDJ1EZ,Appartement ∙ 2 chambres ∙ 6 personnes,Grächen - Valais
13/11/2024,04/01/2025,11/01/2025,1046.32,HTDJ1EZ,Appartement ∙ 2 chambres ∙ 6 personnes,Grächen - Valais
13/11/2024,11/01/2025,18/01/2025,1046.32,HTDJ1EZ,Appartement ∙ 2 chambres ∙ 6 personnes,Grächen - Valais
13/11/2024,18/01/2025,25/01/2025,1046.32,HTDJ1EZ,Appartement ∙ 2 chambres ∙ 6 personnes,Grächen - Valais
13/11/2024,01/03/2025,08/03/2025,1307.90,HTDJ1EZ,Appartement ∙ 2 chambres ∙ 6 personnes,Grächen - Valais
13/11/2024,08/03/2025,15/03/2025,1046.32,HTDJ1EZ,Appartement ∙ 2 chambres ∙ 6 personnes,Grächen - Valais
13/11/2024,15/03/2025,22/03/2025,1046.32,HTDJ1EZ,Appartement ∙ 2 chambres ∙ 6 personnes,Grächen - Valais
13/11/2024,22/03/2025,29/03/2025,1046.32,HTDJ1EZ,Appartement ∙ 2 chambres ∙ 6 personnes,Grächen - Valais
13/11/2024,29/03/2025,05/04/2025,1046.32,HTDJ1EZ,Appartement ∙ 2 chambres ∙ 6 personnes,Grächen - Valais
13/11/2024,05/04/2025,12/04/2025,1046.32,HTDJ1EZ,Appartement ∙ 2 chambres ∙ 6 personnes,Grächen - Valais
13/11/2024,12/04/2025,19/04/2025,1046.32,HTDJ1EZ,Appartement ∙ 2 chambres ∙ 6 personnes,Grächen - Valais
13/11/2024,19/04/2025,26/04/2025,1046.32,HTDJ1EZ,Appartement ∙ 2 chambres ∙ 6 personnes,Grächen - Valais
13/11/2024,26/04/2025,03/05/2025,814.63,HTDJ1EZ,Appartement ∙ 2 chambres ∙ 6 personnes,Grächen - Valais
13/11/2024,03/05/2025,10/05/2025,814.63,HTDJ1EZ,Appartement ∙ 2 chambres ∙ 6 personnes,Grächen - Valais
13/11/2024,10/05/2025,17/05/2025,814.63,HTDJ1EZ,Appartement ∙ 2 chambres ∙ 6 personnes,Grächen - Valais
13/11/2024,07/12/2024,14/12/2024,1401.27,H3MKLVZ,58 m² Appartement ∙ 2 chambres ∙ 5 personnes,Saas Fee - Valais
13/11/2024,14/12/2024,21/12/2024,1401.27,H3MKLVZ,58 m² Appartement ∙ 2 chambres ∙ 5 personnes,Saas Fee - Valais
13/11/2024,21/12/2024,28/12/2024,2097.00,H3MKLVZ,58 m² Appartement ∙ 2 chambres ∙ 5 personnes,Saas Fee - Valais
13/11/2024,04/01/2025,11/01/2025,1401.27,H3MKLVZ,58 m² Appartement ∙ 2 chambres ∙ 5 personnes,Saas Fee - Valais
13/11/2024,18/01/2025,25/01/2025,1401.27,H3MKLVZ,58 m² Appartement ∙ 2 chambres ∙ 5 personnes,Saas Fee - Valais
13/11/2024,25/01/2025,01/02/2025,1945.06,H3MKLVZ,58 m² Appartement ∙ 2 chambres ∙ 5 personnes,Saas Fee - Valais
13/11/2024,29/03/2025,05/04/2025,1401.27,H3MKLVZ,58 m² Appartement ∙ 2 chambres ∙ 5 personnes,Saas Fee - Valais
13/11/2024,16/11/2024,23/11/2024,959.62,HHZLRYT,56 m² Appartement ∙ 2 chambres ∙ 5 personnes,Saas Fee - Valais
13/11/2024,23/11/2024,30/11/2024,959.62,HHZLRYT,56 m² Appartement ∙ 2 chambres ∙ 5 personnes,Saas Fee - Valais
13/11/2024,30/11/2024,07/12/2024,959.62,HHZLRYT,56 m² Appartement ∙ 2 chambres ∙ 5 personnes,Saas Fee - Valais
13/11/2024,07/12/2024,14/12/2024,959.62,HHZLRYT,56 m² Appartement ∙ 2 chambres ∙ 5 personnes,Saas Fee - Valais
13/11/2024,14/12/2024,21/12/2024,959.62,HHZLRYT,56 m² Appartement ∙ 2 chambres ∙ 5 personnes,Saas Fee - Valais
13/11/2024,04/01/2025,11/01/2025,999.61,HHZLRYT,56 m² Appartement ∙ 2 chambres ∙ 5 personnes,Saas Fee - Valais
13/11/2024,11/01/2025,18/01/2025,999.61,HHZLRYT,56 m² Appartement ∙ 2 chambres ∙ 5 personnes,Saas Fee - Valais
13/11/2024,18/01/2025,25/01/2025,999.61,HHZLRYT,56 m² Appartement ∙ 2 chambres ∙ 5 personnes,Saas Fee - Valais
13/11/2024,29/03/2025,05/04/2025,1815.29,HHZLRYT,56 m² Appartement ∙ 2 chambres ∙ 5 personnes,Saas Fee - Valais
13/11/2024,05/04/2025,12/04/2025,1815.29,HHZLRYT,56 m² Appartement ∙ 2 chambres ∙ 5 personnes,Saas Fee - Valais
13/11/2024,07/12/2024,14/12/2024,705.94,HN8E36T,Appartement ∙ 1 chambre ∙ 2 personnes,Saas Grund - Valais
13/11/2024,11/01/2025,18/01/2025,705.94,HN8E36T,Appartement ∙ 1 chambre ∙ 2 personnes,Saas Grund - Valais
13/11/2024,18/01/2025,25/01/2025,705.94,HN8E36T,Appartement ∙ 1 chambre ∙ 2 personnes,Saas Grund - Valais
13/11/2024,25/01/2025,01/02/2025,705.94,HN8E36T,Appartement ∙ 1 chambre ∙ 2 personnes,Saas Grund - Valais
13/11/2024,15/03/2025,22/03/2025,705.94,HN8E36T,Appartement ∙ 1 chambre ∙ 2 personnes,Saas Grund - Valais
13/11/2024,22/03/2025,29/03/2025,705.94,HN8E36T,Appartement ∙ 1 chambre ∙ 2 personnes,Saas Grund - Valais
13/11/2024,29/03/2025,05/04/2025,705.94,HN8E36T,Appartement ∙ 1 chambre ∙ 2 personnes,Saas Grund - Valais
13/11/2024,05/04/2025,12/04/2025,705.94,HN8E36T,Appartement ∙ 1 chambre ∙ 2 personnes,Saas Grund - Valais
13/11/2024,12/04/2025,19/04/2025,705.94,HN8E36T,Appartement ∙ 1 chambre ∙ 2 personnes,Saas Grund - Valais
13/11/2024,19/04/2025,26/04/2025,705.94,HN8E36T,Appartement ∙ 1 chambre ∙ 2 personnes,Saas Grund - Valais
13/11/2024,26/04/2025,03/05/2025,609.85,HN8E36T,Appartement ∙ 1 chambre ∙ 2 personnes,Saas Grund - Valais
13/11/2024,10/05/2025,17/05/2025,705.94,HN8E36T,Appartement ∙ 1 chambre ∙ 2 personnes,Saas Grund - Valais
13/11/2024,07/12/2024,14/12/2024,742.00,HWMJNE4,Résidence Velan,Résidence VelanVex - Valais
13/11/2024,14/12/2024,21/12/2024,742.00,HWMJNE4,Résidence Velan,Résidence VelanVex - Valais
13/11/2024,21/12/2024,28/12/2024,919.00,HWMJNE4,Résidence Velan,Résidence VelanVex - Valais
13/11/2024,04/01/2025,11/01/2025,742.00,HWMJNE4,Résidence Velan,Résidence VelanVex - Valais
13/11/2024,11/01/2025,18/01/2025,742.00,HWMJNE4,Résidence Velan,Résidence VelanVex - Valais
13/11/2024,18/01/2025,25/01/2025,742.00,HWMJNE4,Résidence Velan,Résidence VelanVex - Valais
13/11/2024,08/02/2025,15/02/2025,742.00,HWMJNE4,Résidence Velan,Résidence VelanVex - Valais
13/11/2024,15/02/2025,22/02/2025,919.00,HWMJNE4,Résidence Velan,Résidence VelanVex - Valais
13/11/2024,08/03/2025,15/03/2025,868.00,HWMJNE4,Résidence Velan,Résidence VelanVex - Valais
13/11/2024,22/03/2025,29/03/2025,742.00,HWMJNE4,Résidence Velan,Résidence VelanVex - Valais
13/11/2024,29/03/2025,05/04/2025,742.00,HWMJNE4,Résidence Velan,Résidence VelanVex - Valais
13/11/2024,05/04/2025,12/04/2025,742.00,HWMJNE4,Résidence Velan,Résidence VelanVex - Valais
13/11/2024,12/04/2025,19/04/2025,742.00,HWMJNE4,Résidence Velan,Résidence VelanVex - Valais
13/11/2024,19/04/2025,26/04/2025,742.00,HWMJNE4,Résidence Velan,Résidence VelanVex - Valais
13/11/2024,16/11/2024,23/11/2024,1024.32,HYAVL02,70 m² Appartement ∙ 2 chambres ∙ 4 personnes,Bellwald - Valais
13/11/2024,23/11/2024,30/11/2024,1024.32,HYAVL02,70 m² Appartement ∙ 2 chambres ∙ 4 personnes,Bellwald - Valais
13/11/2024,30/11/2024,07/12/2024,1024.32,HYAVL02,70 m² Appartement ∙ 2 chambres ∙ 4 personnes,Bellwald - Valais
13/11/2024,07/12/2024,14/12/2024,1024.32,HYAVL02,70 m² Appartement ∙ 2 chambres ∙ 4 personnes,Bellwald - Valais
13/11/2024,29/03/2025,05/04/2025,1791.12,HYAVL02,70 m² Appartement ∙ 2 chambres ∙ 4 personnes,Bellwald - Valais
13/11/2024,05/04/2025,12/04/2025,1024.32,HYAVL02,70 m² Appartement ∙ 2 chambres ∙ 4 personnes,Bellwald - Valais
13/11/2024,12/04/2025,19/04/2025,1024.32,HYAVL02,70 m² Appartement ∙ 2 chambres ∙ 4 personnes,Bellwald - Valais
13/11/2024,19/04/2025,26/04/2025,1024.32,HYAVL02,70 m² Appartement ∙ 2 chambres ∙ 4 personnes,Bellwald - Valais
13/11/2024,26/04/2025,03/05/2025,1024.32,HYAVL02,70 m² Appartement ∙ 2 chambres ∙ 4 personnes,Bellwald - Valais
13/11/2024,03/05/2025,10/05/2025,1024.32,HYAVL02,70 m² Appartement ∙ 2 chambres ∙ 4 personnes,Bellwald - Valais
13/11/2024,10/05/2025,17/05/2025,1024.32,HYAVL02,70 m² Appartement ∙ 2 chambres ∙ 4 personnes,Bellwald - Valais
13/11/2024,16/11/2024,23/11/2024,1236.02,HMWYB8D,70 m² Appartement ∙ 2 chambres ∙ 4 personnes,Saas Fee - Valais
13/11/2024,23/11/2024,30/11/2024,1236.02,HMWYB8D,70 m² Appartement ∙ 2 chambres ∙ 4 personnes,Saas Fee - Valais
13/11/2024,30/11/2024,07/12/2024,1236.02,HMWYB8D,70 m² Appartement ∙ 2 chambres ∙ 4 personnes,Saas Fee - Valais
13/11/2024,07/12/2024,14/12/2024,1236.02,HMWYB8D,70 m² Appartement ∙ 2 chambres ∙ 4 personnes,Saas Fee - Valais
13/11/2024,14/12/2024,21/12/2024,1715.83,HMWYB8D,70 m² Appartement ∙ 2 chambres ∙ 4 personnes,Saas Fee - Valais
13/11/2024,04/01/2025,11/01/2025,1715.83,HMWYB8D,70 m² Appartement ∙ 2 chambres ∙ 4 personnes,Saas Fee - Valais
13/11/2024,18/01/2025,25/01/2025,1236.02,HMWYB8D,70 m² Appartement ∙ 2 chambres ∙ 4 personnes,Saas Fee - Valais
13/11/2024,08/03/2025,15/03/2025,1875.77,HMWYB8D,70 m² Appartement ∙ 2 chambres ∙ 4 personnes,Saas Fee - Valais
13/11/2024,15/03/2025,22/03/2025,1715.83,HMWYB8D,70 m² Appartement ∙ 2 chambres ∙ 4 personnes,Saas Fee - Valais
13/11/2024,22/03/2025,29/03/2025,1715.83,HMWYB8D,70 m² Appartement ∙ 2 chambres ∙ 4 personnes,Saas Fee - Valais
13/11/2024,29/03/2025,05/04/2025,1715.83,HMWYB8D,70 m² Appartement ∙ 2 chambres ∙ 4 personnes,Saas Fee - Valais
13/11/2024,05/04/2025,12/04/2025,1715.83,HMWYB8D,70 m² Appartement ∙ 2 chambres ∙ 4 personnes,Saas Fee - Valais
13/11/2024,19/04/2025,26/04/2025,1875.77,HMWYB8D,70 m² Appartement ∙ 2 chambres ∙ 4 personnes,Saas Fee - Valais
13/11/2024,16/11/2024,23/11/2024,846.00,HHX5YMC,75 m² Appartement ∙ 2 chambres ∙ 5 personnes,Ovronnaz - Leytron - Valais
13/11/2024,23/11/2024,30/11/2024,846.00,HHX5YMC,75 m² Appartement ∙ 2 chambres ∙ 5 personnes,Ovronnaz - Leytron - Valais
13/11/2024,30/11/2024,07/12/2024,1065.00,HHX5YMC,75 m² Appartement ∙ 2 chambres ∙ 5 personnes,Ovronnaz - Leytron - Valais
13/11/2024,07/12/2024,14/12/2024,1065.00,HHX5YMC,75 m² Appartement ∙ 2 chambres ∙ 5 personnes,Ovronnaz - Leytron - Valais
13/11/2024,28/12/2024,04/01/2025,2165.00,HHX5YMC,75 m² Appartement ∙ 2 chambres ∙ 5 personnes,Ovronnaz - Leytron - Valais
13/11/2024,04/01/2025,11/01/2025,1065.00,HHX5YMC,75 m² Appartement ∙ 2 chambres ∙ 5 personnes,Ovronnaz - Leytron - Valais
13/11/2024,11/01/2025,18/01/2025,1065.00,HHX5YMC,75 m² Appartement ∙ 2 chambres ∙ 5 personnes,Ovronnaz - Leytron - Valais
13/11/2024,18/01/2025,25/01/2025,1065.00,HHX5YMC,75 m² Appartement ∙ 2 chambres ∙ 5 personnes,Ovronnaz - Leytron - Valais
13/11/2024,15/03/2025,22/03/2025,1065.00,HHX5YMC,75 m² Appartement ∙ 2 chambres ∙ 5 personnes,Ovronnaz - Leytron - Valais
13/11/2024,22/03/2025,29/03/2025,1065.00,HHX5YMC,75 m² Appartement ∙ 2 chambres ∙ 5 personnes,Ovronnaz - Leytron - Valais
13/11/2024,29/03/2025,05/04/2025,1065.00,HHX5YMC,75 m² Appartement ∙ 2 chambres ∙ 5 personnes,Ovronnaz - Leytron - Valais
13/11/2024,05/04/2025,12/04/2025,1065.00,HHX5YMC,75 m² Appartement ∙ 2 chambres ∙ 5 personnes,Ovronnaz - Leytron - Valais
13/11/2024,12/04/2025,19/04/2025,1065.00,HHX5YMC,75 m² Appartement ∙ 2 chambres ∙ 5 personnes,Ovronnaz - Leytron - Valais
13/11/2024,19/04/2025,26/04/2025,1065.00,HHX5YMC,75 m² Appartement ∙ 2 chambres ∙ 5 personnes,Ovronnaz - Leytron - Valais
13/11/2024,26/04/2025,03/05/2025,1065.00,HHX5YMC,75 m² Appartement ∙ 2 chambres ∙ 5 personnes,Ovronnaz - Leytron - Valais
13/11/2024,03/05/2025,10/05/2025,1065.00,HHX5YMC,75 m² Appartement ∙ 2 chambres ∙ 5 personnes,Ovronnaz - Leytron - Valais
13/11/2024,10/05/2025,17/05/2025,1065.00,HHX5YMC,75 m² Appartement ∙ 2 chambres ∙ 5 personnes,Ovronnaz - Leytron - Valais
13/11/2024,16/11/2024,23/11/2024,1152.00,H7EH5ZU,Appartement ∙ 2 chambres ∙ 5 personnes,Bürchen - Valais
13/11/2024,23/11/2024,30/11/2024,1152.00,H7EH5ZU,Appartement ∙ 2 chambres ∙ 5 personnes,Bürchen - Valais
13/11/2024,30/11/2024,07/12/2024,1152.00,H7EH5ZU,Appartement ∙ 2 chambres ∙ 5 personnes,Bürchen - Valais
13/11/2024,07/12/2024,14/12/2024,1152.00,H7EH5ZU,Appartement ∙ 2 chambres ∙ 5 personnes,Bürchen - Valais
13/11/2024,14/12/2024,21/12/2024,1226.00,H7EH5ZU,Appartement ∙ 2 chambres ∙ 5 personnes,Bürchen - Valais
13/11/2024,21/12/2024,28/12/2024,1668.00,H7EH5ZU,Appartement ∙ 2 chambres ∙ 5 personnes,Bürchen - Valais
13/11/2024,04/01/2025,11/01/2025,1479.00,H7EH5ZU,Appartement ∙ 2 chambres ∙ 5 personnes,Bürchen - Valais
13/11/2024,11/01/2025,18/01/2025,1479.00,H7EH5ZU,Appartement ∙ 2 chambres ∙ 5 personnes,Bürchen - Valais
13/11/2024,18/01/2025,25/01/2025,1479.00,H7EH5ZU,Appartement ∙ 2 chambres ∙ 5 personnes,Bürchen - Valais
13/11/2024,25/01/2025,01/02/2025,1479.00,H7EH5ZU,Appartement ∙ 2 chambres ∙ 5 personnes,Bürchen - Valais
13/11/2024,01/02/2025,08/02/2025,1668.00,H7EH5ZU,Appartement ∙ 2 chambres ∙ 5 personnes,Bürchen - Valais
13/11/2024,08/02/2025,15/02/2025,1668.00,H7EH5ZU,Appartement ∙ 2 chambres ∙ 5 personnes,Bürchen - Valais
13/11/2024,22/02/2025,01/03/2025,1668.00,H7EH5ZU,Appartement ∙ 2 chambres ∙ 5 personnes,Bürchen - Valais
13/11/2024,08/03/2025,15/03/2025,1479.00,H7EH5ZU,Appartement ∙ 2 chambres ∙ 5 personnes,Bürchen - Valais
13/11/2024,15/03/2025,22/03/2025,1152.00,H7EH5ZU,Appartement ∙ 2 chambres ∙ 5 personnes,Bürchen - Valais
13/11/2024,22/03/2025,29/03/2025,1152.00,H7EH5ZU,Appartement ∙ 2 chambres ∙ 5 personnes,Bürchen - Valais
13/11/2024,29/03/2025,05/04/2025,1152.00,H7EH5ZU,Appartement ∙ 2 chambres ∙ 5 personnes,Bürchen - Valais
13/11/2024,05/04/2025,12/04/2025,1152.00,H7EH5ZU,Appartement ∙ 2 chambres ∙ 5 personnes,Bürchen - Valais
13/11/2024,12/04/2025,19/04/2025,1152.00,H7EH5ZU,Appartement ∙ 2 chambres ∙ 5 personnes,Bürchen - Valais
13/11/2024,19/04/2025,26/04/2025,1152.00,H7EH5ZU,Appartement ∙ 2 chambres ∙ 5 personnes,Bürchen - Valais
13/11/2024,26/04/2025,03/05/2025,1152.00,H7EH5ZU,Appartement ∙ 2 chambres ∙ 5 personnes,Bürchen - Valais
13/11/2024,03/05/2025,10/05/2025,1152.00,H7EH5ZU,Appartement ∙ 2 chambres ∙ 5 personnes,Bürchen - Valais
13/11/2024,10/05/2025,17/05/2025,1152.00,H7EH5ZU,Appartement ∙ 2 chambres ∙ 5 personnes,Bürchen - Valais
13/11/2024,05/04/2025,12/04/2025,754.85,H5PY4S7,88 m² Appartement ∙ 3 chambres ∙ 8 personnes,Vionnaz - Valais
13/11/2024,12/04/2025,19/04/2025,663.03,H5PY4S7,88 m² Appartement ∙ 3 chambres ∙ 8 personnes,Vionnaz - Valais
13/11/2024,29/03/2025,05/04/2025,1227.98,HFLE75R,60 m² Appartement ∙ 1 chambre ∙ 2 personnes,Saas Fee - Valais
13/11/2024,23/11/2024,30/11/2024,932.29,HT61V72,Appartement ∙ 2 chambres ∙ 5 personnes,Grächen - Valais
13/11/2024,30/11/2024,07/12/2024,932.29,HT61V72,Appartement ∙ 2 chambres ∙ 5 personnes,Grächen - Valais
13/11/2024,07/12/2024,14/12/2024,932.29,HT61V72,Appartement ∙ 2 chambres ∙ 5 personnes,Grächen - Valais
13/11/2024,11/01/2025,18/01/2025,1081.76,HT61V72,Appartement ∙ 2 chambres ∙ 5 personnes,Grächen - Valais
13/11/2024,18/01/2025,25/01/2025,1081.76,HT61V72,Appartement ∙ 2 chambres ∙ 5 personnes,Grächen - Valais
13/11/2024,25/01/2025,01/02/2025,1156.50,HT61V72,Appartement ∙ 2 chambres ∙ 5 personnes,Grächen - Valais
13/11/2024,22/02/2025,01/03/2025,1156.50,HT61V72,Appartement ∙ 2 chambres ∙ 5 personnes,Grächen - Valais
13/11/2024,08/03/2025,15/03/2025,1081.76,HT61V72,Appartement ∙ 2 chambres ∙ 5 personnes,Grächen - Valais
13/11/2024,15/03/2025,22/03/2025,1081.76,HT61V72,Appartement ∙ 2 chambres ∙ 5 personnes,Grächen - Valais
13/11/2024,22/03/2025,29/03/2025,1081.76,HT61V72,Appartement ∙ 2 chambres ∙ 5 personnes,Grächen - Valais
13/11/2024,29/03/2025,05/04/2025,1081.76,HT61V72,Appartement ∙ 2 chambres ∙ 5 personnes,Grächen - Valais
13/11/2024,05/04/2025,12/04/2025,1081.76,HT61V72,Appartement ∙ 2 chambres ∙ 5 personnes,Grächen - Valais
13/11/2024,12/04/2025,19/04/2025,896.84,HT61V72,Appartement ∙ 2 chambres ∙ 5 personnes,Grächen - Valais
13/11/2024,19/04/2025,26/04/2025,811.43,HT61V72,Appartement ∙ 2 chambres ∙ 5 personnes,Grächen - Valais
13/11/2024,26/04/2025,03/05/2025,747.37,HT61V72,Appartement ∙ 2 chambres ∙ 5 personnes,Grächen - Valais
13/11/2024,03/05/2025,10/05/2025,747.37,HT61V72,Appartement ∙ 2 chambres ∙ 5 personnes,Grächen - Valais
13/11/2024,10/05/2025,17/05/2025,747.37,HT61V72,Appartement ∙ 2 chambres ∙ 5 personnes,Grächen - Valais
13/11/2024,04/01/2025,11/01/2025,790.00,HAK352J,50 m² Appartement ∙ 1 chambre ∙ 6 personnes,Loèche-les-Bains - Valais
13/11/2024,08/03/2025,15/03/2025,790.00,HAK352J,50 m² Appartement ∙ 1 chambre ∙ 6 personnes,Loèche-les-Bains - Valais
13/11/2024,15/03/2025,22/03/2025,680.00,HAK352J,50 m² Appartement ∙ 1 chambre ∙ 6 personnes,Loèche-les-Bains - Valais
13/11/2024,22/03/2025,29/03/2025,680.00,HAK352J,50 m² Appartement ∙ 1 chambre ∙ 6 personnes,Loèche-les-Bains - Valais
13/11/2024,29/03/2025,05/04/2025,847.00,HAK352J,50 m² Appartement ∙ 1 chambre ∙ 6 personnes,Loèche-les-Bains - Valais
13/11/2024,05/04/2025,12/04/2025,847.00,HAK352J,50 m² Appartement ∙ 1 chambre ∙ 6 personnes,Loèche-les-Bains - Valais
13/11/2024,07/12/2024,14/12/2024,1151.72,HMRLGHB,65 m² Appartement ∙ 2 chambres ∙ 6 personnes,Crans-Montana - Valais
13/11/2024,14/12/2024,21/12/2024,1488.94,HMRLGHB,65 m² Appartement ∙ 2 chambres ∙ 6 personnes,Crans-Montana - Valais
13/11/2024,01/03/2025,08/03/2025,2812.86,HMRLGHB,65 m² Appartement ∙ 2 chambres ∙ 6 personnes,Crans-Montana - Valais
13/11/2024,08/03/2025,15/03/2025,1919.64,HMRLGHB,65 m² Appartement ∙ 2 chambres ∙ 6 personnes,Crans-Montana - Valais
13/11/2024,19/04/2025,26/04/2025,1325.00,HMRLGHB,65 m² Appartement ∙ 2 chambres ∙ 6 personnes,Crans-Montana - Valais
13/11/2024,26/04/2025,03/05/2025,902.47,HMRLGHB,65 m² Appartement ∙ 2 chambres ∙ 6 personnes,Crans-Montana - Valais
13/11/2024,03/05/2025,10/05/2025,876.32,HMRLGHB,65 m² Appartement ∙ 2 chambres ∙ 6 personnes,Crans-Montana - Valais
13/11/2024,10/05/2025,17/05/2025,870.05,HMRLGHB,65 m² Appartement ∙ 2 chambres ∙ 6 personnes,Crans-Montana - Valais
13/11/2024,01/02/2025,08/02/2025,1786.21,HRU23XN,52 m² Appartement ∙ 1 chambre ∙ 4 personnes,Saas Fee - Valais
13/11/2024,22/03/2025,29/03/2025,881.89,HRU23XN,52 m² Appartement ∙ 1 chambre ∙ 4 personnes,Saas Fee - Valais
13/11/2024,29/03/2025,05/04/2025,1052.72,HRU23XN,52 m² Appartement ∙ 1 chambre ∙ 4 personnes,Saas Fee - Valais
13/11/2024,05/04/2025,12/04/2025,881.89,HRU23XN,52 m² Appartement ∙ 1 chambre ∙ 4 personnes,Saas Fee - Valais
13/11/2024,12/04/2025,19/04/2025,881.89,HRU23XN,52 m² Appartement ∙ 1 chambre ∙ 4 personnes,Saas Fee - Valais
13/11/2024,26/04/2025,03/05/2025,1317.50,HRU23XN,52 m² Appartement ∙ 1 chambre ∙ 4 personnes,Saas Fee - Valais
13/11/2024,03/05/2025,10/05/2025,881.89,HRU23XN,52 m² Appartement ∙ 1 chambre ∙ 4 personnes,Saas Fee - Valais
13/11/2024,10/05/2025,17/05/2025,881.89,HRU23XN,52 m² Appartement ∙ 1 chambre ∙ 4 personnes,Saas Fee - Valais
13/11/2024,04/01/2025,11/01/2025,597.89,HAF0SC1,Appartement ∙ 5 personnes,Grächen - Valais
13/11/2024,11/01/2025,18/01/2025,597.89,HAF0SC1,Appartement ∙ 5 personnes,Grächen - Valais
13/11/2024,18/01/2025,25/01/2025,597.89,HAF0SC1,Appartement ∙ 5 personnes,Grächen - Valais
13/11/2024,25/01/2025,01/02/2025,1121.05,HAF0SC1,Appartement ∙ 5 personnes,Grächen - Valais
13/11/2024,01/03/2025,08/03/2025,1121.05,HAF0SC1,Appartement ∙ 5 personnes,Grächen - Valais
13/11/2024,22/03/2025,29/03/2025,672.63,HAF0SC1,Appartement ∙ 5 personnes,Grächen - Valais
13/11/2024,29/03/2025,05/04/2025,672.63,HAF0SC1,Appartement ∙ 5 personnes,Grächen - Valais
13/11/2024,05/04/2025,12/04/2025,672.63,HAF0SC1,Appartement ∙ 5 personnes,Grächen - Valais
13/11/2024,12/04/2025,19/04/2025,672.63,HAF0SC1,Appartement ∙ 5 personnes,Grächen - Valais
13/11/2024,19/04/2025,26/04/2025,932.29,HAF0SC1,Appartement ∙ 5 personnes,Grächen - Valais
13/11/2024,16/11/2024,23/11/2024,938.48,HNWYSPC,Appartement ∙ 1 chambre ∙ 4 personnes,Val-d'Illiez - Valais
13/11/2024,23/11/2024,30/11/2024,938.48,HNWYSPC,Appartement ∙ 1 chambre ∙ 4 personnes,Val-d'Illiez - Valais
13/11/2024,30/11/2024,07/12/2024,938.48,HNWYSPC,Appartement ∙ 1 chambre ∙ 4 personnes,Val-d'Illiez - Valais
13/11/2024,07/12/2024,14/12/2024,938.48,HNWYSPC,Appartement ∙ 1 chambre ∙ 4 personnes,Val-d'Illiez - Valais
13/11/2024,14/12/2024,21/12/2024,1237.43,HNWYSPC,Appartement ∙ 1 chambre ∙ 4 personnes,Val-d'Illiez - Valais
13/11/2024,04/01/2025,11/01/2025,1386.90,HNWYSPC,Appartement ∙ 1 chambre ∙ 4 personnes,Val-d'Illiez - Valais
13/11/2024,11/01/2025,18/01/2025,1386.90,HNWYSPC,Appartement ∙ 1 chambre ∙ 4 personnes,Val-d'Illiez - Valais
13/11/2024,18/01/2025,25/01/2025,1386.90,HNWYSPC,Appartement ∙ 1 chambre ∙ 4 personnes,Val-d'Illiez - Valais
13/11/2024,25/01/2025,01/02/2025,1536.38,HNWYSPC,Appartement ∙ 1 chambre ∙ 4 personnes,Val-d'Illiez - Valais
13/11/2024,01/02/2025,08/02/2025,1536.38,HNWYSPC,Appartement ∙ 1 chambre ∙ 4 personnes,Val-d'Illiez - Valais
13/11/2024,08/02/2025,15/02/2025,1536.38,HNWYSPC,Appartement ∙ 1 chambre ∙ 4 personnes,Val-d'Illiez - Valais
13/11/2024,08/03/2025,15/03/2025,1386.90,HNWYSPC,Appartement ∙ 1 chambre ∙ 4 personnes,Val-d'Illiez - Valais
13/11/2024,15/03/2025,22/03/2025,1386.90,HNWYSPC,Appartement ∙ 1 chambre ∙ 4 personnes,Val-d'Illiez - Valais
13/11/2024,22/03/2025,29/03/2025,1237.43,HNWYSPC,Appartement ∙ 1 chambre ∙ 4 personnes,Val-d'Illiez - Valais
13/11/2024,29/03/2025,05/04/2025,1237.43,HNWYSPC,Appartement ∙ 1 chambre ∙ 4 personnes,Val-d'Illiez - Valais
13/11/2024,05/04/2025,12/04/2025,1237.43,HNWYSPC,Appartement ∙ 1 chambre ∙ 4 personnes,Val-d'Illiez - Valais
13/11/2024,11/01/2025,18/01/2025,1241.38,HAK86G1,70 m² Appartement ∙ 2 chambres ∙ 4 personnes,Saas-Almagell - Valais
13/11/2024,18/01/2025,25/01/2025,1401.32,HAK86G1,70 m² Appartement ∙ 2 chambres ∙ 4 personnes,Saas-Almagell - Valais
13/11/2024,01/02/2025,08/02/2025,1481.29,HAK86G1,70 m² Appartement ∙ 2 chambres ∙ 4 personnes,Saas-Almagell - Valais
13/11/2024,22/02/2025,01/03/2025,1641.22,HAK86G1,70 m² Appartement ∙ 2 chambres ∙ 4 personnes,Saas-Almagell - Valais
13/11/2024,15/03/2025,22/03/2025,1241.38,HAK86G1,70 m² Appartement ∙ 2 chambres ∙ 4 personnes,Saas-Almagell - Valais
13/11/2024,22/03/2025,29/03/2025,1241.38,HAK86G1,70 m² Appartement ∙ 2 chambres ∙ 4 personnes,Saas-Almagell - Valais
13/11/2024,29/03/2025,05/04/2025,1241.38,HAK86G1,70 m² Appartement ∙ 2 chambres ∙ 4 personnes,Saas-Almagell - Valais
13/11/2024,05/04/2025,12/04/2025,1241.38,HAK86G1,70 m² Appartement ∙ 2 chambres ∙ 4 personnes,Saas-Almagell - Valais
13/11/2024,12/04/2025,19/04/2025,1401.32,HAK86G1,70 m² Appartement ∙ 2 chambres ∙ 4 personnes,Saas-Almagell - Valais
13/11/2024,19/04/2025,26/04/2025,1401.32,HAK86G1,70 m² Appartement ∙ 2 chambres ∙ 4 personnes,Saas-Almagell - Valais
13/11/2024,04/01/2025,11/01/2025,1476.01,HBAX3F8,38 m² Appartement ∙ 1 chambre ∙ 4 personnes,Saas Fee - Valais
13/11/2024,11/01/2025,18/01/2025,1236.09,HBAX3F8,38 m² Appartement ∙ 1 chambre ∙ 4 personnes,Saas Fee - Valais
13/11/2024,18/01/2025,25/01/2025,1236.09,HBAX3F8,38 m² Appartement ∙ 1 chambre ∙ 4 personnes,Saas Fee - Valais
13/11/2024,08/02/2025,15/02/2025,1715.93,HBAX3F8,38 m² Appartement ∙ 1 chambre ∙ 4 personnes,Saas Fee - Valais
13/11/2024,22/03/2025,29/03/2025,1476.01,HBAX3F8,38 m² Appartement ∙ 1 chambre ∙ 4 personnes,Saas Fee - Valais
13/11/2024,29/03/2025,05/04/2025,1476.01,HBAX3F8,38 m² Appartement ∙ 1 chambre ∙ 4 personnes,Saas Fee - Valais
13/11/2024,05/04/2025,12/04/2025,1476.01,HBAX3F8,38 m² Appartement ∙ 1 chambre ∙ 4 personnes,Saas Fee - Valais
13/11/2024,23/11/2024,30/11/2024,778.59,HKX0698,60 m² Appartement ∙ 2 chambres ∙ 4 personnes,Saas Grund - Valais
13/11/2024,14/12/2024,21/12/2024,1058.50,HKX0698,60 m² Appartement ∙ 2 chambres ∙ 4 personnes,Saas Grund - Valais
13/11/2024,21/12/2024,28/12/2024,1578.33,HKX0698,60 m² Appartement ∙ 2 chambres ∙ 4 personnes,Saas Grund - Valais
13/11/2024,11/01/2025,18/01/2025,1058.50,HKX0698,60 m² Appartement ∙ 2 chambres ∙ 4 personnes,Saas Grund - Valais
13/11/2024,08/02/2025,15/02/2025,1738.27,HKX0698,60 m² Appartement ∙ 2 chambres ∙ 4 personnes,Saas Grund - Valais
13/11/2024,22/02/2025,01/03/2025,1738.27,HKX0698,60 m² Appartement ∙ 2 chambres ∙ 4 personnes,Saas Grund - Valais
13/11/2024,15/03/2025,22/03/2025,1058.50,HKX0698,60 m² Appartement ∙ 2 chambres ∙ 4 personnes,Saas Grund - Valais
13/11/2024,22/03/2025,29/03/2025,919.69,HKX0698,60 m² Appartement ∙ 2 chambres ∙ 4 personnes,Saas Grund - Valais
13/11/2024,29/03/2025,05/04/2025,919.69,HKX0698,60 m² Appartement ∙ 2 chambres ∙ 4 personnes,Saas Grund - Valais
13/11/2024,19/04/2025,26/04/2025,919.69,HKX0698,60 m² Appartement ∙ 2 chambres ∙ 4 personnes,Saas Grund - Valais
13/11/2024,16/11/2024,23/11/2024,959.68,HN5MLZU,65 m² Appartement ∙ 2 chambres ∙ 5 personnes,Saas Fee - Valais
13/11/2024,23/11/2024,30/11/2024,959.68,HN5MLZU,65 m² Appartement ∙ 2 chambres ∙ 5 personnes,Saas Fee - Valais
13/11/2024,30/11/2024,07/12/2024,959.68,HN5MLZU,65 m² Appartement ∙ 2 chambres ∙ 5 personnes,Saas Fee - Valais
13/11/2024,07/12/2024,14/12/2024,959.68,HN5MLZU,65 m² Appartement ∙ 2 chambres ∙ 5 personnes,Saas Fee - Valais
13/11/2024,14/12/2024,21/12/2024,959.68,HN5MLZU,65 m² Appartement ∙ 2 chambres ∙ 5 personnes,Saas Fee - Valais
13/11/2024,04/01/2025,11/01/2025,959.68,HN5MLZU,65 m² Appartement ∙ 2 chambres ∙ 5 personnes,Saas Fee - Valais
13/11/2024,11/01/2025,18/01/2025,959.68,HN5MLZU,65 m² Appartement ∙ 2 chambres ∙ 5 personnes,Saas Fee - Valais
13/11/2024,18/01/2025,25/01/2025,959.68,HN5MLZU,65 m² Appartement ∙ 2 chambres ∙ 5 personnes,Saas Fee - Valais
13/11/2024,23/11/2024,30/11/2024,710.04,HAB58NX,Appartement ∙ 2 chambres ∙ 4 personnes,Grächen - Valais
13/11/2024,30/11/2024,07/12/2024,710.04,HAB58NX,Appartement ∙ 2 chambres ∙ 4 personnes,Grächen - Valais
13/11/2024,07/12/2024,14/12/2024,710.04,HAB58NX,Appartement ∙ 2 chambres ∙ 4 personnes,Grächen - Valais
13/11/2024,14/12/2024,21/12/2024,710.04,HAB58NX,Appartement ∙ 2 chambres ∙ 4 personnes,Grächen - Valais
13/11/2024,04/01/2025,11/01/2025,896.90,HAB58NX,Appartement ∙ 2 chambres ∙ 4 personnes,Grächen - Valais
13/11/2024,11/01/2025,18/01/2025,896.90,HAB58NX,Appartement ∙ 2 chambres ∙ 4 personnes,Grächen - Valais
13/11/2024,18/01/2025,25/01/2025,896.90,HAB58NX,Appartement ∙ 2 chambres ∙ 4 personnes,Grächen - Valais
13/11/2024,22/03/2025,29/03/2025,948.36,HAB58NX,Appartement ∙ 2 chambres ∙ 4 personnes,Grächen - Valais
13/11/2024,29/03/2025,05/04/2025,948.36,HAB58NX,Appartement ∙ 2 chambres ∙ 4 personnes,Grächen - Valais
13/11/2024,05/04/2025,12/04/2025,948.36,HAB58NX,Appartement ∙ 2 chambres ∙ 4 personnes,Grächen - Valais
13/11/2024,12/04/2025,19/04/2025,948.36,HAB58NX,Appartement ∙ 2 chambres ∙ 4 personnes,Grächen - Valais
13/11/2024,19/04/2025,26/04/2025,948.36,HAB58NX,Appartement ∙ 2 chambres ∙ 4 personnes,Grächen - Valais
13/11/2024,26/04/2025,03/05/2025,948.36,HAB58NX,Appartement ∙ 2 chambres ∙ 4 personnes,Grächen - Valais
13/11/2024,16/11/2024,23/11/2024,1241.80,H0ZDPKC,85 m² Appartement ∙ 2 chambres ∙ 7 personnes,Crans-Montana - Valais
13/11/2024,23/11/2024,30/11/2024,1241.80,H0ZDPKC,85 m² Appartement ∙ 2 chambres ∙ 7 personnes,Crans-Montana - Valais
13/11/2024,30/11/2024,07/12/2024,1241.80,H0ZDPKC,85 m² Appartement ∙ 2 chambres ∙ 7 personnes,Crans-Montana - Valais
13/11/2024,07/12/2024,14/12/2024,1241.80,H0ZDPKC,85 m² Appartement ∙ 2 chambres ∙ 7 personnes,Crans-Montana - Valais
13/11/2024,14/12/2024,21/12/2024,1241.80,H0ZDPKC,85 m² Appartement ∙ 2 chambres ∙ 7 personnes,Crans-Montana - Valais
13/11/2024,04/01/2025,11/01/2025,1145.19,H0ZDPKC,85 m² Appartement ∙ 2 chambres ∙ 7 personnes,Crans-Montana - Valais
13/11/2024,11/01/2025,18/01/2025,1145.19,H0ZDPKC,85 m² Appartement ∙ 2 chambres ∙ 7 personnes,Crans-Montana - Valais
13/11/2024,08/03/2025,15/03/2025,1336.05,H0ZDPKC,85 m² Appartement ∙ 2 chambres ∙ 7 personnes,Crans-Montana - Valais
13/11/2024,15/03/2025,22/03/2025,1145.19,H0ZDPKC,85 m² Appartement ∙ 2 chambres ∙ 7 personnes,Crans-Montana - Valais
13/11/2024,22/03/2025,29/03/2025,1145.19,H0ZDPKC,85 m² Appartement ∙ 2 chambres ∙ 7 personnes,Crans-Montana - Valais
13/11/2024,29/03/2025,05/04/2025,1145.19,H0ZDPKC,85 m² Appartement ∙ 2 chambres ∙ 7 personnes,Crans-Montana - Valais
13/11/2024,05/04/2025,12/04/2025,1145.19,H0ZDPKC,85 m² Appartement ∙ 2 chambres ∙ 7 personnes,Crans-Montana - Valais
13/11/2024,12/04/2025,19/04/2025,1380.59,H0ZDPKC,85 m² Appartement ∙ 2 chambres ∙ 7 personnes,Crans-Montana - Valais
13/11/2024,19/04/2025,26/04/2025,1487.59,H0ZDPKC,85 m² Appartement ∙ 2 chambres ∙ 7 personnes,Crans-Montana - Valais
13/11/2024,26/04/2025,03/05/2025,1265.95,H0ZDPKC,85 m² Appartement ∙ 2 chambres ∙ 7 personnes,Crans-Montana - Valais
13/11/2024,23/11/2024,30/11/2024,1086.85,HE6UR7V,70 m² Appartement ∙ 1 chambre ∙ 6 personnes,Nendaz - Valais
13/11/2024,18/01/2025,25/01/2025,1623.44,HE6UR7V,70 m² Appartement ∙ 1 chambre ∙ 6 personnes,Nendaz - Valais
13/11/2024,25/01/2025,01/02/2025,2281.59,HE6UR7V,70 m² Appartement ∙ 1 chambre ∙ 6 personnes,Nendaz - Valais
13/11/2024,08/02/2025,15/02/2025,2481.74,HE6UR7V,70 m² Appartement ∙ 1 chambre ∙ 6 personnes,Nendaz - Valais
13/11/2024,15/03/2025,22/03/2025,1945.15,HE6UR7V,70 m² Appartement ∙ 1 chambre ∙ 6 personnes,Nendaz - Valais
13/11/2024,22/03/2025,29/03/2025,1640.63,HE6UR7V,70 m² Appartement ∙ 1 chambre ∙ 6 personnes,Nendaz - Valais
13/11/2024,29/03/2025,05/04/2025,1947.60,HE6UR7V,70 m² Appartement ∙ 1 chambre ∙ 6 personnes,Nendaz - Valais
13/11/2024,05/04/2025,12/04/2025,2211.60,HE6UR7V,70 m² Appartement ∙ 1 chambre ∙ 6 personnes,Nendaz - Valais
13/11/2024,26/04/2025,03/05/2025,1202.27,HE6UR7V,70 m² Appartement ∙ 1 chambre ∙ 6 personnes,Nendaz - Valais
13/11/2024,03/05/2025,10/05/2025,1124.91,HE6UR7V,70 m² Appartement ∙ 1 chambre ∙ 6 personnes,Nendaz - Valais
13/11/2024,10/05/2025,17/05/2025,1100.35,HE6UR7V,70 m² Appartement ∙ 1 chambre ∙ 6 personnes,Nendaz - Valais
13/11/2024,16/11/2024,23/11/2024,1032.50,H7PTRJ2,80 m² Appartement ∙ 2 chambres ∙ 4 personnes,Loèche-les-Bains - Valais
13/11/2024,23/11/2024,30/11/2024,1032.50,H7PTRJ2,80 m² Appartement ∙ 2 chambres ∙ 4 personnes,Loèche-les-Bains - Valais
13/11/2024,30/11/2024,07/12/2024,1032.50,H7PTRJ2,80 m² Appartement ∙ 2 chambres ∙ 4 personnes,Loèche-les-Bains - Valais
13/11/2024,07/12/2024,14/12/2024,1180.49,H7PTRJ2,80 m² Appartement ∙ 2 chambres ∙ 4 personnes,Loèche-les-Bains - Valais
13/11/2024,14/12/2024,21/12/2024,1180.49,H7PTRJ2,80 m² Appartement ∙ 2 chambres ∙ 4 personnes,Loèche-les-Bains - Valais
13/11/2024,11/01/2025,18/01/2025,1503.37,H7PTRJ2,80 m² Appartement ∙ 2 chambres ∙ 4 personnes,Loèche-les-Bains - Valais
13/11/2024,08/02/2025,15/02/2025,1906.97,H7PTRJ2,80 m² Appartement ∙ 2 chambres ∙ 4 personnes,Loèche-les-Bains - Valais
13/11/2024,08/03/2025,15/03/2025,1503.37,H7PTRJ2,80 m² Appartement ∙ 2 chambres ∙ 4 personnes,Loèche-les-Bains - Valais
13/11/2024,15/03/2025,22/03/2025,1503.37,H7PTRJ2,80 m² Appartement ∙ 2 chambres ∙ 4 personnes,Loèche-les-Bains - Valais
13/11/2024,22/03/2025,29/03/2025,1503.37,H7PTRJ2,80 m² Appartement ∙ 2 chambres ∙ 4 personnes,Loèche-les-Bains - Valais
13/11/2024,29/03/2025,05/04/2025,1503.37,H7PTRJ2,80 m² Appartement ∙ 2 chambres ∙ 4 personnes,Loèche-les-Bains - Valais
13/11/2024,05/04/2025,12/04/2025,1503.37,H7PTRJ2,80 m² Appartement ∙ 2 chambres ∙ 4 personnes,Loèche-les-Bains - Valais
13/11/2024,19/04/2025,26/04/2025,1906.97,H7PTRJ2,80 m² Appartement ∙ 2 chambres ∙ 4 personnes,Loèche-les-Bains - Valais
13/11/2024,26/04/2025,03/05/2025,1180.49,H7PTRJ2,80 m² Appartement ∙ 2 chambres ∙ 4 personnes,Loèche-les-Bains - Valais
13/11/2024,03/05/2025,10/05/2025,1180.49,H7PTRJ2,80 m² Appartement ∙ 2 chambres ∙ 4 personnes,Loèche-les-Bains - Valais
13/11/2024,10/05/2025,17/05/2025,1180.49,H7PTRJ2,80 m² Appartement ∙ 2 chambres ∙ 4 personnes,Loèche-les-Bains - Valais
13/11/2024,16/11/2024,23/11/2024,1185.19,HRB89GP,94 m² Appartement ∙ 2 chambres ∙ 6 personnes,Loèche-les-Bains - Valais
13/11/2024,07/12/2024,14/12/2024,1185.19,HRB89GP,94 m² Appartement ∙ 2 chambres ∙ 6 personnes,Loèche-les-Bains - Valais
13/11/2024,18/01/2025,25/01/2025,1165.96,HRB89GP,94 m² Appartement ∙ 2 chambres ∙ 6 personnes,Loèche-les-Bains - Valais
13/11/2024,01/02/2025,08/02/2025,2062.86,HRB89GP,94 m² Appartement ∙ 2 chambres ∙ 6 personnes,Loèche-les-Bains - Valais
13/11/2024,15/03/2025,22/03/2025,1165.96,HRB89GP,94 m² Appartement ∙ 2 chambres ∙ 6 personnes,Loèche-les-Bains - Valais
13/11/2024,22/03/2025,29/03/2025,1165.96,HRB89GP,94 m² Appartement ∙ 2 chambres ∙ 6 personnes,Loèche-les-Bains - Valais
13/11/2024,29/03/2025,05/04/2025,1165.96,HRB89GP,94 m² Appartement ∙ 2 chambres ∙ 6 personnes,Loèche-les-Bains - Valais
13/11/2024,05/04/2025,12/04/2025,896.90,HRB89GP,94 m² Appartement ∙ 2 chambres ∙ 6 personnes,Loèche-les-Bains - Valais
13/11/2024,12/04/2025,19/04/2025,896.90,HRB89GP,94 m² Appartement ∙ 2 chambres ∙ 6 personnes,Loèche-les-Bains - Valais
13/11/2024,19/04/2025,26/04/2025,896.90,HRB89GP,94 m² Appartement ∙ 2 chambres ∙ 6 personnes,Loèche-les-Bains - Valais
13/11/2024,26/04/2025,03/05/2025,896.90,HRB89GP,94 m² Appartement ∙ 2 chambres ∙ 6 personnes,Loèche-les-Bains - Valais
13/11/2024,03/05/2025,10/05/2025,896.90,HRB89GP,94 m² Appartement ∙ 2 chambres ∙ 6 personnes,Loèche-les-Bains - Valais
13/11/2024,10/05/2025,17/05/2025,896.90,HRB89GP,94 m² Appartement ∙ 2 chambres ∙ 6 personnes,Loèche-les-Bains - Valais
13/11/2024,16/11/2024,23/11/2024,635.30,HPJKMY9,32 m² Appartement ∙ 1 chambre ∙ 2 personnes,Saas-Almagell - Valais
13/11/2024,23/11/2024,30/11/2024,635.30,HPJKMY9,32 m² Appartement ∙ 1 chambre ∙ 2 personnes,Saas-Almagell - Valais
13/11/2024,30/11/2024,07/12/2024,667.33,HPJKMY9,32 m² Appartement ∙ 1 chambre ∙ 2 personnes,Saas-Almagell - Valais
13/11/2024,07/12/2024,14/12/2024,672.67,HPJKMY9,32 m² Appartement ∙ 1 chambre ∙ 2 personnes,Saas-Almagell - Valais
13/11/2024,14/12/2024,21/12/2024,747.41,HPJKMY9,32 m² Appartement ∙ 1 chambre ∙ 2 personnes,Saas-Almagell - Valais
13/11/2024,11/01/2025,18/01/2025,672.67,HPJKMY9,32 m² Appartement ∙ 1 chambre ∙ 2 personnes,Saas-Almagell - Valais
13/11/2024,18/01/2025,25/01/2025,681.21,HPJKMY9,32 m² Appartement ∙ 1 chambre ∙ 2 personnes,Saas-Almagell - Valais
13/11/2024,01/02/2025,08/02/2025,732.46,HPJKMY9,32 m² Appartement ∙ 1 chambre ∙ 2 personnes,Saas-Almagell - Valais
13/11/2024,08/02/2025,15/02/2025,732.46,HPJKMY9,32 m² Appartement ∙ 1 chambre ∙ 2 personnes,Saas-Almagell - Valais
13/11/2024,08/03/2025,15/03/2025,710.04,HPJKMY9,32 m² Appartement ∙ 1 chambre ∙ 2 personnes,Saas-Almagell - Valais
13/11/2024,15/03/2025,22/03/2025,710.04,HPJKMY9,32 m² Appartement ∙ 1 chambre ∙ 2 personnes,Saas-Almagell - Valais
13/11/2024,22/03/2025,29/03/2025,710.04,HPJKMY9,32 m² Appartement ∙ 1 chambre ∙ 2 personnes,Saas-Almagell - Valais
13/11/2024,29/03/2025,05/04/2025,667.33,HPJKMY9,32 m² Appartement ∙ 1 chambre ∙ 2 personnes,Saas-Almagell - Valais
13/11/2024,05/04/2025,12/04/2025,635.30,HPJKMY9,32 m² Appartement ∙ 1 chambre ∙ 2 personnes,Saas-Almagell - Valais
13/11/2024,12/04/2025,19/04/2025,635.30,HPJKMY9,32 m² Appartement ∙ 1 chambre ∙ 2 personnes,Saas-Almagell - Valais
13/11/2024,19/04/2025,26/04/2025,635.30,HPJKMY9,32 m² Appartement ∙ 1 chambre ∙ 2 personnes,Saas-Almagell - Valais
13/11/2024,26/04/2025,03/05/2025,635.30,HPJKMY9,32 m² Appartement ∙ 1 chambre ∙ 2 personnes,Saas-Almagell - Valais
13/11/2024,03/05/2025,10/05/2025,635.30,HPJKMY9,32 m² Appartement ∙ 1 chambre ∙ 2 personnes,Saas-Almagell - Valais
13/11/2024,10/05/2025,17/05/2025,635.30,HPJKMY9,32 m² Appartement ∙ 1 chambre ∙ 2 personnes,Saas-Almagell - Valais
13/11/2024,11/01/2025,18/01/2025,1448.70,HUWM1TN,60 m² Appartement ∙ 2 chambres ∙ 4 personnes,Grächen - Valais
13/11/2024,18/01/2025,25/01/2025,1448.70,HUWM1TN,60 m² Appartement ∙ 2 chambres ∙ 4 personnes,Grächen - Valais
13/11/2024,07/12/2024,14/12/2024,1790.00,HZ89AGU,98 m² Appartement ∙ 2 chambres ∙ 6 personnes,Loèche-les-Bains - Valais
13/11/2024,14/12/2024,21/12/2024,1941.00,HZ89AGU,98 m² Appartement ∙ 2 chambres ∙ 6 personnes,Loèche-les-Bains - Valais
13/11/2024,21/12/2024,28/12/2024,2624.00,HZ89AGU,98 m² Appartement ∙ 2 chambres ∙ 6 personnes,Loèche-les-Bains - Valais
13/11/2024,04/01/2025,11/01/2025,1941.00,HZ89AGU,98 m² Appartement ∙ 2 chambres ∙ 6 personnes,Loèche-les-Bains - Valais
13/11/2024,11/01/2025,18/01/2025,1941.00,HZ89AGU,98 m² Appartement ∙ 2 chambres ∙ 6 personnes,Loèche-les-Bains - Valais
13/11/2024,18/01/2025,25/01/2025,1941.00,HZ89AGU,98 m² Appartement ∙ 2 chambres ∙ 6 personnes,Loèche-les-Bains - Valais
13/11/2024,08/02/2025,15/02/2025,2396.00,HZ89AGU,98 m² Appartement ∙ 2 chambres ∙ 6 personnes,Loèche-les-Bains - Valais
13/11/2024,08/03/2025,15/03/2025,1941.00,HZ89AGU,98 m² Appartement ∙ 2 chambres ∙ 6 personnes,Loèche-les-Bains - Valais
13/11/2024,15/03/2025,22/03/2025,1941.00,HZ89AGU,98 m² Appartement ∙ 2 chambres ∙ 6 personnes,Loèche-les-Bains - Valais
13/11/2024,22/03/2025,29/03/2025,1941.00,HZ89AGU,98 m² Appartement ∙ 2 chambres ∙ 6 personnes,Loèche-les-Bains - Valais
13/11/2024,29/03/2025,05/04/2025,1941.00,HZ89AGU,98 m² Appartement ∙ 2 chambres ∙ 6 personnes,Loèche-les-Bains - Valais
13/11/2024,05/04/2025,12/04/2025,1941.00,HZ89AGU,98 m² Appartement ∙ 2 chambres ∙ 6 personnes,Loèche-les-Bains - Valais
13/11/2024,12/04/2025,19/04/2025,1941.00,HZ89AGU,98 m² Appartement ∙ 2 chambres ∙ 6 personnes,Loèche-les-Bains - Valais
13/11/2024,19/04/2025,26/04/2025,1941.00,HZ89AGU,98 m² Appartement ∙ 2 chambres ∙ 6 personnes,Loèche-les-Bains - Valais
13/11/2024,16/11/2024,23/11/2024,568.00,HR28N16,35 m² Appartement ∙ 1 chambre ∙ 4 personnes,Nendaz - Valais
13/11/2024,23/11/2024,30/11/2024,568.00,HR28N16,35 m² Appartement ∙ 1 chambre ∙ 4 personnes,Nendaz - Valais
13/11/2024,30/11/2024,07/12/2024,716.00,HR28N16,35 m² Appartement ∙ 1 chambre ∙ 4 personnes,Nendaz - Valais
13/11/2024,07/12/2024,14/12/2024,716.00,HR28N16,35 m² Appartement ∙ 1 chambre ∙ 4 personnes,Nendaz - Valais
13/11/2024,14/12/2024,21/12/2024,716.00,HR28N16,35 m² Appartement ∙ 1 chambre ∙ 4 personnes,Nendaz - Valais
13/11/2024,21/12/2024,28/12/2024,1254.00,HR28N16,35 m² Appartement ∙ 1 chambre ∙ 4 personnes,Nendaz - Valais
13/11/2024,01/02/2025,08/02/2025,1254.00,HR28N16,35 m² Appartement ∙ 1 chambre ∙ 4 personnes,Nendaz - Valais
13/11/2024,08/02/2025,15/02/2025,1254.00,HR28N16,35 m² Appartement ∙ 1 chambre ∙ 4 personnes,Nendaz - Valais
13/11/2024,15/02/2025,22/02/2025,1597.00,HR28N16,35 m² Appartement ∙ 1 chambre ∙ 4 personnes,Nendaz - Valais
13/11/2024,01/03/2025,08/03/2025,1597.00,HR28N16,35 m² Appartement ∙ 1 chambre ∙ 4 personnes,Nendaz - Valais
13/11/2024,08/03/2025,15/03/2025,948.00,HR28N16,35 m² Appartement ∙ 1 chambre ∙ 4 personnes,Nendaz - Valais
13/11/2024,22/03/2025,29/03/2025,716.00,HR28N16,35 m² Appartement ∙ 1 chambre ∙ 4 personnes,Nendaz - Valais
13/11/2024,29/03/2025,05/04/2025,716.00,HR28N16,35 m² Appartement ∙ 1 chambre ∙ 4 personnes,Nendaz - Valais
13/11/2024,05/04/2025,12/04/2025,716.00,HR28N16,35 m² Appartement ∙ 1 chambre ∙ 4 personnes,Nendaz - Valais
13/11/2024,12/04/2025,19/04/2025,948.00,HR28N16,35 m² Appartement ∙ 1 chambre ∙ 4 personnes,Nendaz - Valais
13/11/2024,19/04/2025,26/04/2025,948.00,HR28N16,35 m² Appartement ∙ 1 chambre ∙ 4 personnes,Nendaz - Valais
13/11/2024,26/04/2025,03/05/2025,716.00,HR28N16,35 m² Appartement ∙ 1 chambre ∙ 4 personnes,Nendaz - Valais
13/11/2024,03/05/2025,10/05/2025,716.00,HR28N16,35 m² Appartement ∙ 1 chambre ∙ 4 personnes,Nendaz - Valais
13/11/2024,10/05/2025,17/05/2025,716.00,HR28N16,35 m² Appartement ∙ 1 chambre ∙ 4 personnes,Nendaz - Valais
13/11/2024,16/11/2024,23/11/2024,1064.40,HHCRGWK,95 m² Maison de vacances ∙ 4 chambres ∙ 8 personnes,Val-d'Illiez - Valais
13/11/2024,23/11/2024,30/11/2024,1064.40,HHCRGWK,95 m² Maison de vacances ∙ 4 chambres ∙ 8 personnes,Val-d'Illiez - Valais
13/11/2024,30/11/2024,07/12/2024,1064.40,HHCRGWK,95 m² Maison de vacances ∙ 4 chambres ∙ 8 personnes,Val-d'Illiez - Valais
13/11/2024,07/12/2024,14/12/2024,1064.40,HHCRGWK,95 m² Maison de vacances ∙ 4 chambres ∙ 8 personnes,Val-d'Illiez - Valais
13/11/2024,14/12/2024,21/12/2024,1064.40,HHCRGWK,95 m² Maison de vacances ∙ 4 chambres ∙ 8 personnes,Val-d'Illiez - Valais
13/11/2024,11/01/2025,18/01/2025,1064.40,HHCRGWK,95 m² Maison de vacances ∙ 4 chambres ∙ 8 personnes,Val-d'Illiez - Valais
13/11/2024,18/01/2025,25/01/2025,1064.40,HHCRGWK,95 m² Maison de vacances ∙ 4 chambres ∙ 8 personnes,Val-d'Illiez - Valais
13/11/2024,25/01/2025,01/02/2025,1391.98,HHCRGWK,95 m² Maison de vacances ∙ 4 chambres ∙ 8 personnes,Val-d'Illiez - Valais
13/11/2024,01/02/2025,08/02/2025,1480.02,HHCRGWK,95 m² Maison de vacances ∙ 4 chambres ∙ 8 personnes,Val-d'Illiez - Valais
13/11/2024,08/02/2025,15/02/2025,1718.23,HHCRGWK,95 m² Maison de vacances ∙ 4 chambres ∙ 8 personnes,Val-d'Illiez - Valais
13/11/2024,15/02/2025,22/02/2025,1952.32,HHCRGWK,95 m² Maison de vacances ∙ 4 chambres ∙ 8 personnes,Val-d'Illiez - Valais
13/11/2024,22/02/2025,01/03/2025,1952.32,HHCRGWK,95 m² Maison de vacances ∙ 4 chambres ∙ 8 personnes,Val-d'Illiez - Valais
13/11/2024,01/03/2025,08/03/2025,1863.25,HHCRGWK,95 m² Maison de vacances ∙ 4 chambres ∙ 8 personnes,Val-d'Illiez - Valais
13/11/2024,08/03/2025,15/03/2025,1064.40,HHCRGWK,95 m² Maison de vacances ∙ 4 chambres ∙ 8 personnes,Val-d'Illiez - Valais
13/11/2024,15/03/2025,22/03/2025,1064.40,HHCRGWK,95 m² Maison de vacances ∙ 4 chambres ∙ 8 personnes,Val-d'Illiez - Valais
13/11/2024,22/03/2025,29/03/2025,1064.40,HHCRGWK,95 m² Maison de vacances ∙ 4 chambres ∙ 8 personnes,Val-d'Illiez - Valais
13/11/2024,29/03/2025,05/04/2025,1064.40,HHCRGWK,95 m² Maison de vacances ∙ 4 chambres ∙ 8 personnes,Val-d'Illiez - Valais
13/11/2024,05/04/2025,12/04/2025,1064.40,HHCRGWK,95 m² Maison de vacances ∙ 4 chambres ∙ 8 personnes,Val-d'Illiez - Valais
13/11/2024,12/04/2025,19/04/2025,1074.17,HHCRGWK,95 m² Maison de vacances ∙ 4 chambres ∙ 8 personnes,Val-d'Illiez - Valais
13/11/2024,19/04/2025,26/04/2025,1074.17,HHCRGWK,95 m² Maison de vacances ∙ 4 chambres ∙ 8 personnes,Val-d'Illiez - Valais
13/11/2024,16/11/2024,23/11/2024,1035.11,HNV8ETM,80 m² Appartement ∙ 2 chambres ∙ 4 personnes,Saas Grund - Valais
13/11/2024,23/11/2024,30/11/2024,1035.11,HNV8ETM,80 m² Appartement ∙ 2 chambres ∙ 4 personnes,Saas Grund - Valais
13/11/2024,30/11/2024,07/12/2024,1035.11,HNV8ETM,80 m² Appartement ∙ 2 chambres ∙ 4 personnes,Saas Grund - Valais
13/11/2024,07/12/2024,14/12/2024,1035.11,HNV8ETM,80 m² Appartement ∙ 2 chambres ∙ 4 personnes,Saas Grund - Valais
13/11/2024,14/12/2024,21/12/2024,1035.11,HNV8ETM,80 m² Appartement ∙ 2 chambres ∙ 4 personnes,Saas Grund - Valais
13/11/2024,08/02/2025,15/02/2025,1725.48,HNV8ETM,80 m² Appartement ∙ 2 chambres ∙ 4 personnes,Saas Grund - Valais
13/11/2024,22/03/2025,29/03/2025,1035.11,HNV8ETM,80 m² Appartement ∙ 2 chambres ∙ 4 personnes,Saas Grund - Valais
13/11/2024,29/03/2025,05/04/2025,1035.11,HNV8ETM,80 m² Appartement ∙ 2 chambres ∙ 4 personnes,Saas Grund - Valais
13/11/2024,05/04/2025,12/04/2025,1035.11,HNV8ETM,80 m² Appartement ∙ 2 chambres ∙ 4 personnes,Saas Grund - Valais
13/11/2024,12/04/2025,19/04/2025,1207.63,HNV8ETM,80 m² Appartement ∙ 2 chambres ∙ 4 personnes,Saas Grund - Valais
13/11/2024,19/04/2025,26/04/2025,1207.63,HNV8ETM,80 m² Appartement ∙ 2 chambres ∙ 4 personnes,Saas Grund - Valais
13/11/2024,16/11/2024,23/11/2024,650.00,HVSM2T0,54 m² Appartement ∙ 1 chambre ∙ 2 personnes,Verbier - Bagnes - Valais
13/11/2024,23/11/2024,30/11/2024,650.00,HVSM2T0,54 m² Appartement ∙ 1 chambre ∙ 2 personnes,Verbier - Bagnes - Valais
13/11/2024,30/11/2024,07/12/2024,855.00,HVSM2T0,54 m² Appartement ∙ 1 chambre ∙ 2 personnes,Verbier - Bagnes - Valais
13/11/2024,21/12/2024,28/12/2024,1545.00,HVSM2T0,54 m² Appartement ∙ 1 chambre ∙ 2 personnes,Verbier - Bagnes - Valais
13/11/2024,15/02/2025,22/02/2025,2000.00,HVSM2T0,54 m² Appartement ∙ 1 chambre ∙ 2 personnes,Verbier - Bagnes - Valais
13/11/2024,22/02/2025,01/03/2025,2000.00,HVSM2T0,54 m² Appartement ∙ 1 chambre ∙ 2 personnes,Verbier - Bagnes - Valais
13/11/2024,01/03/2025,08/03/2025,1828.00,HVSM2T0,54 m² Appartement ∙ 1 chambre ∙ 2 personnes,Verbier - Bagnes - Valais
13/11/2024,29/03/2025,05/04/2025,855.00,HVSM2T0,54 m² Appartement ∙ 1 chambre ∙ 2 personnes,Verbier - Bagnes - Valais
13/11/2024,05/04/2025,12/04/2025,855.00,HVSM2T0,54 m² Appartement ∙ 1 chambre ∙ 2 personnes,Verbier - Bagnes - Valais
13/11/2024,12/04/2025,19/04/2025,991.00,HVSM2T0,54 m² Appartement ∙ 1 chambre ∙ 2 personnes,Verbier - Bagnes - Valais
13/11/2024,19/04/2025,26/04/2025,991.00,HVSM2T0,54 m² Appartement ∙ 1 chambre ∙ 2 personnes,Verbier - Bagnes - Valais
13/11/2024,29/03/2025,05/04/2025,559.81,H6XGE95,100 m² Appartement ∙ 3 chambres ∙ 6 personnes,Saas-Balen - Valais
13/11/2024,05/04/2025,12/04/2025,935.69,H6XGE95,100 m² Appartement ∙ 3 chambres ∙ 6 personnes,Saas-Balen - Valais
13/11/2024,19/04/2025,26/04/2025,935.69,H6XGE95,100 m² Appartement ∙ 3 chambres ∙ 6 personnes,Saas-Balen - Valais
13/11/2024,26/04/2025,03/05/2025,559.81,H6XGE95,100 m² Appartement ∙ 3 chambres ∙ 6 personnes,Saas-Balen - Valais
13/11/2024,03/05/2025,10/05/2025,559.81,H6XGE95,100 m² Appartement ∙ 3 chambres ∙ 6 personnes,Saas-Balen - Valais
13/11/2024,10/05/2025,17/05/2025,559.81,H6XGE95,100 m² Appartement ∙ 3 chambres ∙ 6 personnes,Saas-Balen - Valais
13/11/2024,14/12/2024,21/12/2024,1529.32,H0EW56Y,50 m² Appartement ∙ 1 chambre ∙ 4 personnes,Saas Fee - Valais
13/11/2024,18/01/2025,25/01/2025,1529.32,H0EW56Y,50 m² Appartement ∙ 1 chambre ∙ 4 personnes,Saas Fee - Valais
13/11/2024,25/01/2025,01/02/2025,1849.21,H0EW56Y,50 m² Appartement ∙ 1 chambre ∙ 4 personnes,Saas Fee - Valais
13/11/2024,05/04/2025,12/04/2025,1609.29,H0EW56Y,50 m² Appartement ∙ 1 chambre ∙ 4 personnes,Saas Fee - Valais
13/11/2024,07/12/2024,14/12/2024,1108.09,HD87ZJX,70 m² Appartement ∙ 2 chambres ∙ 4 personnes,Saas Fee - Valais
13/11/2024,14/12/2024,21/12/2024,1667.91,HD87ZJX,70 m² Appartement ∙ 2 chambres ∙ 4 personnes,Saas Fee - Valais
13/11/2024,15/03/2025,22/03/2025,1667.91,HD87ZJX,70 m² Appartement ∙ 2 chambres ∙ 4 personnes,Saas Fee - Valais
13/11/2024,29/03/2025,05/04/2025,1667.91,HD87ZJX,70 m² Appartement ∙ 2 chambres ∙ 4 personnes,Saas Fee - Valais
13/11/2024,05/04/2025,12/04/2025,1667.91,HD87ZJX,70 m² Appartement ∙ 2 chambres ∙ 4 personnes,Saas Fee - Valais
13/11/2024,12/04/2025,19/04/2025,1667.91,HD87ZJX,70 m² Appartement ∙ 2 chambres ∙ 4 personnes,Saas Fee - Valais
13/11/2024,19/04/2025,26/04/2025,1667.91,HD87ZJX,70 m² Appartement ∙ 2 chambres ∙ 4 personnes,Saas Fee - Valais
13/11/2024,16/11/2024,23/11/2024,932.35,HBNFMHE,29 m² Appartement ∙ 1 chambre ∙ 2 personnes,Loèche-les-Bains - Valais
13/11/2024,23/11/2024,30/11/2024,932.35,HBNFMHE,29 m² Appartement ∙ 1 chambre ∙ 2 personnes,Loèche-les-Bains - Valais
13/11/2024,30/11/2024,07/12/2024,932.35,HBNFMHE,29 m² Appartement ∙ 1 chambre ∙ 2 personnes,Loèche-les-Bains - Valais
13/11/2024,07/12/2024,14/12/2024,932.35,HBNFMHE,29 m² Appartement ∙ 1 chambre ∙ 2 personnes,Loèche-les-Bains - Valais
13/11/2024,14/12/2024,21/12/2024,932.35,HBNFMHE,29 m² Appartement ∙ 1 chambre ∙ 2 personnes,Loèche-les-Bains - Valais
13/11/2024,21/12/2024,28/12/2024,932.35,HBNFMHE,29 m² Appartement ∙ 1 chambre ∙ 2 personnes,Loèche-les-Bains - Valais
13/11/2024,01/02/2025,08/02/2025,932.35,HBNFMHE,29 m² Appartement ∙ 1 chambre ∙ 2 personnes,Loèche-les-Bains - Valais
13/11/2024,08/02/2025,15/02/2025,932.35,HBNFMHE,29 m² Appartement ∙ 1 chambre ∙ 2 personnes,Loèche-les-Bains - Valais
13/11/2024,15/02/2025,22/02/2025,932.35,HBNFMHE,29 m² Appartement ∙ 1 chambre ∙ 2 personnes,Loèche-les-Bains - Valais
13/11/2024,22/02/2025,01/03/2025,932.35,HBNFMHE,29 m² Appartement ∙ 1 chambre ∙ 2 personnes,Loèche-les-Bains - Valais
13/11/2024,01/03/2025,08/03/2025,932.35,HBNFMHE,29 m² Appartement ∙ 1 chambre ∙ 2 personnes,Loèche-les-Bains - Valais
13/11/2024,08/03/2025,15/03/2025,932.35,HBNFMHE,29 m² Appartement ∙ 1 chambre ∙ 2 personnes,Loèche-les-Bains - Valais
13/11/2024,15/03/2025,22/03/2025,932.35,HBNFMHE,29 m² Appartement ∙ 1 chambre ∙ 2 personnes,Loèche-les-Bains - Valais
13/11/2024,22/03/2025,29/03/2025,932.35,HBNFMHE,29 m² Appartement ∙ 1 chambre ∙ 2 personnes,Loèche-les-Bains - Valais
13/11/2024,29/03/2025,05/04/2025,932.35,HBNFMHE,29 m² Appartement ∙ 1 chambre ∙ 2 personnes,Loèche-les-Bains - Valais
13/11/2024,05/04/2025,12/04/2025,932.35,HBNFMHE,29 m² Appartement ∙ 1 chambre ∙ 2 personnes,Loèche-les-Bains - Valais
13/11/2024,12/04/2025,19/04/2025,932.35,HBNFMHE,29 m² Appartement ∙ 1 chambre ∙ 2 personnes,Loèche-les-Bains - Valais
13/11/2024,19/04/2025,26/04/2025,932.35,HBNFMHE,29 m² Appartement ∙ 1 chambre ∙ 2 personnes,Loèche-les-Bains - Valais
13/11/2024,26/04/2025,03/05/2025,932.35,HBNFMHE,29 m² Appartement ∙ 1 chambre ∙ 2 personnes,Loèche-les-Bains - Valais
13/11/2024,03/05/2025,10/05/2025,932.35,HBNFMHE,29 m² Appartement ∙ 1 chambre ∙ 2 personnes,Loèche-les-Bains - Valais
13/11/2024,10/05/2025,17/05/2025,932.35,HBNFMHE,29 m² Appartement ∙ 1 chambre ∙ 2 personnes,Loèche-les-Bains - Valais
13/11/2024,16/11/2024,23/11/2024,2526.00,H1UP8D7,102 m² Maison de vacances ∙ 3 chambres ∙ 6 personnes,Verbier - Bagnes - Valais
13/11/2024,23/11/2024,30/11/2024,2526.00,H1UP8D7,102 m² Maison de vacances ∙ 3 chambres ∙ 6 personnes,Verbier - Bagnes - Valais
13/11/2024,30/11/2024,07/12/2024,2526.00,H1UP8D7,102 m² Maison de vacances ∙ 3 chambres ∙ 6 personnes,Verbier - Bagnes - Valais
13/11/2024,07/12/2024,14/12/2024,2526.00,H1UP8D7,102 m² Maison de vacances ∙ 3 chambres ∙ 6 personnes,Verbier - Bagnes - Valais
13/11/2024,05/04/2025,12/04/2025,2526.00,H1UP8D7,102 m² Maison de vacances ∙ 3 chambres ∙ 6 personnes,Verbier - Bagnes - Valais
13/11/2024,14/12/2024,21/12/2024,1507.00,HF4KJ1R,120 m² Maison de vacances ∙ 4 chambres ∙ 8 personnes,Orsières - Valais
13/11/2024,11/01/2025,18/01/2025,1507.00,HF4KJ1R,120 m² Maison de vacances ∙ 4 chambres ∙ 8 personnes,Orsières - Valais
13/11/2024,18/01/2025,25/01/2025,1507.00,HF4KJ1R,120 m² Maison de vacances ∙ 4 chambres ∙ 8 personnes,Orsières - Valais
13/11/2024,08/02/2025,15/02/2025,1892.00,HF4KJ1R,120 m² Maison de vacances ∙ 4 chambres ∙ 8 personnes,Orsières - Valais
13/11/2024,22/02/2025,01/03/2025,2910.00,HF4KJ1R,120 m² Maison de vacances ∙ 4 chambres ∙ 8 personnes,Orsières - Valais
13/11/2024,01/03/2025,08/03/2025,2910.00,HF4KJ1R,120 m² Maison de vacances ∙ 4 chambres ∙ 8 personnes,Orsières - Valais
13/11/2024,08/03/2025,15/03/2025,1507.00,HF4KJ1R,120 m² Maison de vacances ∙ 4 chambres ∙ 8 personnes,Orsières - Valais
13/11/2024,15/03/2025,22/03/2025,1507.00,HF4KJ1R,120 m² Maison de vacances ∙ 4 chambres ∙ 8 personnes,Orsières - Valais
13/11/2024,22/03/2025,29/03/2025,1507.00,HF4KJ1R,120 m² Maison de vacances ∙ 4 chambres ∙ 8 personnes,Orsières - Valais
13/11/2024,29/03/2025,05/04/2025,1507.00,HF4KJ1R,120 m² Maison de vacances ∙ 4 chambres ∙ 8 personnes,Orsières - Valais
13/11/2024,05/04/2025,12/04/2025,1507.00,HF4KJ1R,120 m² Maison de vacances ∙ 4 chambres ∙ 8 personnes,Orsières - Valais
13/11/2024,12/04/2025,19/04/2025,2053.00,HF4KJ1R,120 m² Maison de vacances ∙ 4 chambres ∙ 8 personnes,Orsières - Valais
13/11/2024,19/04/2025,26/04/2025,2053.00,HF4KJ1R,120 m² Maison de vacances ∙ 4 chambres ∙ 8 personnes,Orsières - Valais
13/11/2024,26/04/2025,03/05/2025,1507.00,HF4KJ1R,120 m² Maison de vacances ∙ 4 chambres ∙ 8 personnes,Orsières - Valais
13/11/2024,03/05/2025,10/05/2025,1507.00,HF4KJ1R,120 m² Maison de vacances ∙ 4 chambres ∙ 8 personnes,Orsières - Valais
13/11/2024,10/05/2025,17/05/2025,1507.00,HF4KJ1R,120 m² Maison de vacances ∙ 4 chambres ∙ 8 personnes,Orsières - Valais
13/11/2024,16/11/2024,23/11/2024,1685.95,HLT4XN9,75 m² Maison de vacances ∙ 1 chambre ∙ 4 personnes,Evolène - Valais
13/11/2024,23/11/2024,30/11/2024,1685.95,HLT4XN9,75 m² Maison de vacances ∙ 1 chambre ∙ 4 personnes,Evolène - Valais
13/11/2024,14/12/2024,21/12/2024,1685.95,HLT4XN9,75 m² Maison de vacances ∙ 1 chambre ∙ 4 personnes,Evolène - Valais
13/11/2024,04/01/2025,11/01/2025,1685.95,HLT4XN9,75 m² Maison de vacances ∙ 1 chambre ∙ 4 personnes,Evolène - Valais
13/11/2024,18/01/2025,25/01/2025,1685.95,HLT4XN9,75 m² Maison de vacances ∙ 1 chambre ∙ 4 personnes,Evolène - Valais
13/11/2024,08/02/2025,15/02/2025,1685.95,HLT4XN9,75 m² Maison de vacances ∙ 1 chambre ∙ 4 personnes,Evolène - Valais
13/11/2024,15/02/2025,22/02/2025,1685.95,HLT4XN9,75 m² Maison de vacances ∙ 1 chambre ∙ 4 personnes,Evolène - Valais
13/11/2024,22/02/2025,01/03/2025,1872.80,HLT4XN9,75 m² Maison de vacances ∙ 1 chambre ∙ 4 personnes,Evolène - Valais
13/11/2024,15/03/2025,22/03/2025,1685.95,HLT4XN9,75 m² Maison de vacances ∙ 1 chambre ∙ 4 personnes,Evolène - Valais
13/11/2024,22/03/2025,29/03/2025,1685.95,HLT4XN9,75 m² Maison de vacances ∙ 1 chambre ∙ 4 personnes,Evolène - Valais
13/11/2024,29/03/2025,05/04/2025,1685.95,HLT4XN9,75 m² Maison de vacances ∙ 1 chambre ∙ 4 personnes,Evolène - Valais
13/11/2024,05/04/2025,12/04/2025,1685.95,HLT4XN9,75 m² Maison de vacances ∙ 1 chambre ∙ 4 personnes,Evolène - Valais
13/11/2024,12/04/2025,19/04/2025,1685.95,HLT4XN9,75 m² Maison de vacances ∙ 1 chambre ∙ 4 personnes,Evolène - Valais
13/11/2024,19/04/2025,26/04/2025,1685.95,HLT4XN9,75 m² Maison de vacances ∙ 1 chambre ∙ 4 personnes,Evolène - Valais
13/11/2024,26/04/2025,03/05/2025,1685.95,HLT4XN9,75 m² Maison de vacances ∙ 1 chambre ∙ 4 personnes,Evolène - Valais
13/11/2024,03/05/2025,10/05/2025,1685.95,HLT4XN9,75 m² Maison de vacances ∙ 1 chambre ∙ 4 personnes,Evolène - Valais
13/11/2024,10/05/2025,17/05/2025,1685.95,HLT4XN9,75 m² Maison de vacances ∙ 1 chambre ∙ 4 personnes,Evolène - Valais
13/11/2024,30/11/2024,07/12/2024,2627.70,H52ZFUH,68 m² Appartement ∙ 1 chambre ∙ 2 personnes,Zermatt - Valais
13/11/2024,14/12/2024,21/12/2024,2709.91,H52ZFUH,68 m² Appartement ∙ 1 chambre ∙ 2 personnes,Zermatt - Valais
13/11/2024,11/01/2025,18/01/2025,2755.82,H52ZFUH,68 m² Appartement ∙ 1 chambre ∙ 2 personnes,Zermatt - Valais
13/11/2024,08/02/2025,15/02/2025,2978.98,H52ZFUH,68 m² Appartement ∙ 1 chambre ∙ 2 personnes,Zermatt - Valais
13/11/2024,15/02/2025,22/02/2025,2978.98,H52ZFUH,68 m² Appartement ∙ 1 chambre ∙ 2 personnes,Zermatt - Valais
13/11/2024,22/02/2025,01/03/2025,2978.98,H52ZFUH,68 m² Appartement ∙ 1 chambre ∙ 2 personnes,Zermatt - Valais
13/11/2024,01/03/2025,08/03/2025,2941.61,H52ZFUH,68 m² Appartement ∙ 1 chambre ∙ 2 personnes,Zermatt - Valais
13/11/2024,29/03/2025,05/04/2025,2717.39,H52ZFUH,68 m² Appartement ∙ 1 chambre ∙ 2 personnes,Zermatt - Valais
13/11/2024,05/04/2025,12/04/2025,2717.39,H52ZFUH,68 m² Appartement ∙ 1 chambre ∙ 2 personnes,Zermatt - Valais
13/11/2024,30/11/2024,07/12/2024,1629.90,H43LX2V,35 m² Appartement ∙ 1 chambre ∙ 3 personnes,Zermatt - Valais
13/11/2024,07/12/2024,14/12/2024,1629.90,H43LX2V,35 m² Appartement ∙ 1 chambre ∙ 3 personnes,Zermatt - Valais
13/11/2024,21/12/2024,28/12/2024,2623.00,HUEVTZX,78 m² Appartement ∙ 2 chambres ∙ 4 personnes,Verbier - Bagnes - Valais
13/11/2024,01/03/2025,08/03/2025,2591.00,HUEVTZX,78 m² Appartement ∙ 2 chambres ∙ 4 personnes,Verbier - Bagnes - Valais
13/11/2024,29/03/2025,05/04/2025,1349.00,HUEVTZX,78 m² Appartement ∙ 2 chambres ∙ 4 personnes,Verbier - Bagnes - Valais
13/11/2024,05/04/2025,12/04/2025,1349.00,HUEVTZX,78 m² Appartement ∙ 2 chambres ∙ 4 personnes,Verbier - Bagnes - Valais
13/11/2024,16/11/2024,23/11/2024,882.00,HXTPVU7,Aragon M88,Aragon M88Ernen - Valais
13/11/2024,23/11/2024,30/11/2024,882.00,HXTPVU7,Aragon M88,Aragon M88Ernen - Valais
13/11/2024,30/11/2024,07/12/2024,882.00,HXTPVU7,Aragon M88,Aragon M88Ernen - Valais
13/11/2024,07/12/2024,14/12/2024,882.00,HXTPVU7,Aragon M88,Aragon M88Ernen - Valais
13/11/2024,11/01/2025,18/01/2025,1034.00,HXTPVU7,Aragon M88,Aragon M88Ernen - Valais
13/11/2024,18/01/2025,25/01/2025,1034.00,HXTPVU7,Aragon M88,Aragon M88Ernen - Valais
13/11/2024,01/02/2025,08/02/2025,1451.00,HXTPVU7,Aragon M88,Aragon M88Ernen - Valais
13/11/2024,08/02/2025,15/02/2025,1451.00,HXTPVU7,Aragon M88,Aragon M88Ernen - Valais
13/11/2024,15/02/2025,22/02/2025,1451.00,HXTPVU7,Aragon M88,Aragon M88Ernen - Valais
13/11/2024,08/03/2025,15/03/2025,1034.00,HXTPVU7,Aragon M88,Aragon M88Ernen - Valais
13/11/2024,15/03/2025,22/03/2025,882.00,HXTPVU7,Aragon M88,Aragon M88Ernen - Valais
13/11/2024,22/03/2025,29/03/2025,882.00,HXTPVU7,Aragon M88,Aragon M88Ernen - Valais
13/11/2024,29/03/2025,05/04/2025,882.00,HXTPVU7,Aragon M88,Aragon M88Ernen - Valais
13/11/2024,26/04/2025,03/05/2025,882.00,HXTPVU7,Aragon M88,Aragon M88Ernen - Valais
13/11/2024,03/05/2025,10/05/2025,882.00,HXTPVU7,Aragon M88,Aragon M88Ernen - Valais
13/11/2024,10/05/2025,17/05/2025,882.00,HXTPVU7,Aragon M88,Aragon M88Ernen - Valais
13/11/2024,14/12/2024,21/12/2024,1627.91,HZ7SWE5,30 m² Appartement ∙ 1 chambre ∙ 2 personnes,Saas Fee - Valais
13/11/2024,01/02/2025,08/02/2025,1627.91,HZ7SWE5,30 m² Appartement ∙ 1 chambre ∙ 2 personnes,Saas Fee - Valais
13/11/2024,08/02/2025,15/02/2025,1627.91,HZ7SWE5,30 m² Appartement ∙ 1 chambre ∙ 2 personnes,Saas Fee - Valais
13/11/2024,01/03/2025,08/03/2025,1806.99,HZ7SWE5,30 m² Appartement ∙ 1 chambre ∙ 2 personnes,Saas Fee - Valais
13/11/2024,29/03/2025,05/04/2025,1627.91,HZ7SWE5,30 m² Appartement ∙ 1 chambre ∙ 2 personnes,Saas Fee - Valais
13/11/2024,05/04/2025,12/04/2025,1627.91,HZ7SWE5,30 m² Appartement ∙ 1 chambre ∙ 2 personnes,Saas Fee - Valais
13/11/2024,12/04/2025,19/04/2025,1896.54,HZ7SWE5,30 m² Appartement ∙ 1 chambre ∙ 2 personnes,Saas Fee - Valais
13/11/2024,19/04/2025,26/04/2025,1896.54,HZ7SWE5,30 m² Appartement ∙ 1 chambre ∙ 2 personnes,Saas Fee - Valais
13/11/2024,16/11/2024,23/11/2024,620.17,H1K67C2,60 m² Appartement ∙ 1 chambre ∙ 4 personnes,Saas Grund - Valais
13/11/2024,23/11/2024,30/11/2024,620.17,H1K67C2,60 m² Appartement ∙ 1 chambre ∙ 4 personnes,Saas Grund - Valais
13/11/2024,30/11/2024,07/12/2024,620.17,H1K67C2,60 m² Appartement ∙ 1 chambre ∙ 4 personnes,Saas Grund - Valais
13/11/2024,07/12/2024,14/12/2024,620.17,H1K67C2,60 m² Appartement ∙ 1 chambre ∙ 4 personnes,Saas Grund - Valais
13/11/2024,16/11/2024,23/11/2024,1074.00,HHMJTDS,80 m² Appartement ∙ 2 chambres ∙ 4 personnes,Zermatt - Valais
13/11/2024,21/12/2024,28/12/2024,3237.00,HHMJTDS,80 m² Appartement ∙ 2 chambres ∙ 4 personnes,Zermatt - Valais
13/11/2024,11/01/2025,18/01/2025,1549.00,HHMJTDS,80 m² Appartement ∙ 2 chambres ∙ 4 personnes,Zermatt - Valais
13/11/2024,08/02/2025,15/02/2025,3088.00,HHMJTDS,80 m² Appartement ∙ 2 chambres ∙ 4 personnes,Zermatt - Valais
13/11/2024,19/04/2025,26/04/2025,1663.00,HHMJTDS,80 m² Appartement ∙ 2 chambres ∙ 4 personnes,Zermatt - Valais
13/11/2024,26/04/2025,03/05/2025,1435.00,HHMJTDS,80 m² Appartement ∙ 2 chambres ∙ 4 personnes,Zermatt - Valais
13/11/2024,03/05/2025,10/05/2025,1435.00,HHMJTDS,80 m² Appartement ∙ 2 chambres ∙ 4 personnes,Zermatt - Valais
13/11/2024,10/05/2025,17/05/2025,1435.00,HHMJTDS,80 m² Appartement ∙ 2 chambres ∙ 4 personnes,Zermatt - Valais
13/11/2024,01/02/2025,08/02/2025,3295.10,H8X5HDS,Appartement ∙ 3 chambres ∙ 6 personnes,Zermatt - Valais
13/11/2024,22/03/2025,29/03/2025,2951.40,H8X5HDS,Appartement ∙ 3 chambres ∙ 6 personnes,Zermatt - Valais
13/11/2024,26/04/2025,03/05/2025,1158.14,H8X5HDS,Appartement ∙ 3 chambres ∙ 6 personnes,Zermatt - Valais
13/11/2024,03/05/2025,10/05/2025,1158.14,H8X5HDS,Appartement ∙ 3 chambres ∙ 6 personnes,Zermatt - Valais
13/11/2024,10/05/2025,17/05/2025,1158.14,H8X5HDS,Appartement ∙ 3 chambres ∙ 6 personnes,Zermatt - Valais
13/11/2024,16/11/2024,23/11/2024,448.32,HBE47YC,Studio ∙ 1 chambre ∙ 2 personnes,Grächen - Valais
13/11/2024,23/11/2024,30/11/2024,448.32,HBE47YC,Studio ∙ 1 chambre ∙ 2 personnes,Grächen - Valais
13/11/2024,07/12/2024,14/12/2024,597.75,HBE47YC,Studio ∙ 1 chambre ∙ 2 personnes,Grächen - Valais
13/11/2024,14/12/2024,21/12/2024,597.75,HBE47YC,Studio ∙ 1 chambre ∙ 2 personnes,Grächen - Valais
13/11/2024,04/01/2025,11/01/2025,825.32,HBE47YC,Studio ∙ 1 chambre ∙ 2 personnes,Grächen - Valais
13/11/2024,11/01/2025,18/01/2025,825.32,HBE47YC,Studio ∙ 1 chambre ∙ 2 personnes,Grächen - Valais
13/11/2024,18/01/2025,25/01/2025,825.32,HBE47YC,Studio ∙ 1 chambre ∙ 2 personnes,Grächen - Valais
13/11/2024,08/03/2025,15/03/2025,825.32,HBE47YC,Studio ∙ 1 chambre ∙ 2 personnes,Grächen - Valais
13/11/2024,29/03/2025,05/04/2025,825.32,HBE47YC,Studio ∙ 1 chambre ∙ 2 personnes,Grächen - Valais
13/11/2024,05/04/2025,12/04/2025,825.32,HBE47YC,Studio ∙ 1 chambre ∙ 2 personnes,Grächen - Valais
13/11/2024,12/04/2025,19/04/2025,825.32,HBE47YC,Studio ∙ 1 chambre ∙ 2 personnes,Grächen - Valais
13/11/2024,19/04/2025,26/04/2025,825.32,HBE47YC,Studio ∙ 1 chambre ∙ 2 personnes,Grächen - Valais
13/11/2024,04/01/2025,11/01/2025,2076.08,HUFH974,140 m² Maison de vacances ∙ 4 chambres ∙ 10 personnes,Saint-Nicolas - Valais
13/11/2024,11/01/2025,18/01/2025,2076.08,HUFH974,140 m² Maison de vacances ∙ 4 chambres ∙ 10 personnes,Saint-Nicolas - Valais
13/11/2024,18/01/2025,25/01/2025,2076.08,HUFH974,140 m² Maison de vacances ∙ 4 chambres ∙ 10 personnes,Saint-Nicolas - Valais
13/11/2024,25/01/2025,01/02/2025,2076.08,HUFH974,140 m² Maison de vacances ∙ 4 chambres ∙ 10 personnes,Saint-Nicolas - Valais
13/11/2024,15/03/2025,22/03/2025,2076.08,HUFH974,140 m² Maison de vacances ∙ 4 chambres ∙ 10 personnes,Saint-Nicolas - Valais
13/11/2024,22/03/2025,29/03/2025,2076.08,HUFH974,140 m² Maison de vacances ∙ 4 chambres ∙ 10 personnes,Saint-Nicolas - Valais
13/11/2024,29/03/2025,05/04/2025,2076.08,HUFH974,140 m² Maison de vacances ∙ 4 chambres ∙ 10 personnes,Saint-Nicolas - Valais
13/11/2024,05/04/2025,12/04/2025,2076.08,HUFH974,140 m² Maison de vacances ∙ 4 chambres ∙ 10 personnes,Saint-Nicolas - Valais
13/11/2024,12/04/2025,19/04/2025,2076.08,HUFH974,140 m² Maison de vacances ∙ 4 chambres ∙ 10 personnes,Saint-Nicolas - Valais
13/11/2024,19/04/2025,26/04/2025,2076.08,HUFH974,140 m² Maison de vacances ∙ 4 chambres ∙ 10 personnes,Saint-Nicolas - Valais
13/11/2024,26/04/2025,03/05/2025,2076.08,HUFH974,140 m² Maison de vacances ∙ 4 chambres ∙ 10 personnes,Saint-Nicolas - Valais
13/11/2024,03/05/2025,10/05/2025,2076.08,HUFH974,140 m² Maison de vacances ∙ 4 chambres ∙ 10 personnes,Saint-Nicolas - Valais
13/11/2024,10/05/2025,17/05/2025,2076.08,HUFH974,140 m² Maison de vacances ∙ 4 chambres ∙ 10 personnes,Saint-Nicolas - Valais
13/11/2024,16/11/2024,23/11/2024,745.06,HM6FZ1D,45 m² Appartement ∙ 1 chambre ∙ 4 personnes,Nax - Valais
13/11/2024,23/11/2024,30/11/2024,717.79,HM6FZ1D,45 m² Appartement ∙ 1 chambre ∙ 4 personnes,Nax - Valais
13/11/2024,30/11/2024,07/12/2024,745.06,HM6FZ1D,45 m² Appartement ∙ 1 chambre ∙ 4 personnes,Nax - Valais
13/11/2024,07/12/2024,14/12/2024,717.79,HM6FZ1D,45 m² Appartement ∙ 1 chambre ∙ 4 personnes,Nax - Valais
13/11/2024,14/12/2024,21/12/2024,724.98,HM6FZ1D,45 m² Appartement ∙ 1 chambre ∙ 4 personnes,Nax - Valais
13/11/2024,21/12/2024,28/12/2024,1208.29,HM6FZ1D,45 m² Appartement ∙ 1 chambre ∙ 4 personnes,Nax - Valais
13/11/2024,28/12/2024,04/01/2025,1328.61,HM6FZ1D,45 m² Appartement ∙ 1 chambre ∙ 4 personnes,Nax - Valais
13/11/2024,04/01/2025,11/01/2025,1003.37,HM6FZ1D,45 m² Appartement ∙ 1 chambre ∙ 4 personnes,Nax - Valais
13/11/2024,11/01/2025,18/01/2025,966.64,HM6FZ1D,45 m² Appartement ∙ 1 chambre ∙ 4 personnes,Nax - Valais
13/11/2024,18/01/2025,25/01/2025,966.64,HM6FZ1D,45 m² Appartement ∙ 1 chambre ∙ 4 personnes,Nax - Valais
13/11/2024,25/01/2025,01/02/2025,1003.37,HM6FZ1D,45 m² Appartement ∙ 1 chambre ∙ 4 personnes,Nax - Valais
13/11/2024,01/02/2025,08/02/2025,1208.29,HM6FZ1D,45 m² Appartement ∙ 1 chambre ∙ 4 personnes,Nax - Valais
13/11/2024,08/02/2025,15/02/2025,1208.29,HM6FZ1D,45 m² Appartement ∙ 1 chambre ∙ 4 personnes,Nax - Valais
13/11/2024,15/02/2025,22/02/2025,1379.10,HM6FZ1D,45 m² Appartement ∙ 1 chambre ∙ 4 personnes,Nax - Valais
13/11/2024,22/02/2025,01/03/2025,1328.61,HM6FZ1D,45 m² Appartement ∙ 1 chambre ∙ 4 personnes,Nax - Valais
13/11/2024,01/03/2025,08/03/2025,1379.10,HM6FZ1D,45 m² Appartement ∙ 1 chambre ∙ 4 personnes,Nax - Valais
13/11/2024,08/03/2025,15/03/2025,1003.37,HM6FZ1D,45 m² Appartement ∙ 1 chambre ∙ 4 personnes,Nax - Valais
13/11/2024,15/03/2025,22/03/2025,1003.37,HM6FZ1D,45 m² Appartement ∙ 1 chambre ∙ 4 personnes,Nax - Valais
13/11/2024,22/03/2025,29/03/2025,1003.37,HM6FZ1D,45 m² Appartement ∙ 1 chambre ∙ 4 personnes,Nax - Valais
13/11/2024,29/03/2025,05/04/2025,1003.37,HM6FZ1D,45 m² Appartement ∙ 1 chambre ∙ 4 personnes,Nax - Valais
13/11/2024,05/04/2025,12/04/2025,1003.37,HM6FZ1D,45 m² Appartement ∙ 1 chambre ∙ 4 personnes,Nax - Valais
13/11/2024,12/04/2025,19/04/2025,966.64,HM6FZ1D,45 m² Appartement ∙ 1 chambre ∙ 4 personnes,Nax - Valais
13/11/2024,19/04/2025,26/04/2025,966.64,HM6FZ1D,45 m² Appartement ∙ 1 chambre ∙ 4 personnes,Nax - Valais
13/11/2024,26/04/2025,03/05/2025,752.53,HM6FZ1D,45 m² Appartement ∙ 1 chambre ∙ 4 personnes,Nax - Valais
13/11/2024,03/05/2025,10/05/2025,752.53,HM6FZ1D,45 m² Appartement ∙ 1 chambre ∙ 4 personnes,Nax - Valais
13/11/2024,10/05/2025,17/05/2025,752.53,HM6FZ1D,45 m² Appartement ∙ 1 chambre ∙ 4 personnes,Nax - Valais
13/11/2024,16/11/2024,23/11/2024,1359.14,HPBU79K,50 m² Appartement ∙ 1 chambre ∙ 4 personnes,Saas Fee - Valais
13/11/2024,23/11/2024,30/11/2024,1359.14,HPBU79K,50 m² Appartement ∙ 1 chambre ∙ 4 personnes,Saas Fee - Valais
13/11/2024,30/11/2024,07/12/2024,1496.19,HPBU79K,50 m² Appartement ∙ 1 chambre ∙ 4 personnes,Saas Fee - Valais
13/11/2024,07/12/2024,14/12/2024,1553.30,HPBU79K,50 m² Appartement ∙ 1 chambre ∙ 4 personnes,Saas Fee - Valais
13/11/2024,14/12/2024,21/12/2024,1758.89,HPBU79K,50 m² Appartement ∙ 1 chambre ∙ 4 personnes,Saas Fee - Valais
13/11/2024,11/01/2025,18/01/2025,1359.14,HPBU79K,50 m² Appartement ∙ 1 chambre ∙ 4 personnes,Saas Fee - Valais
13/11/2024,15/03/2025,22/03/2025,1598.99,HPBU79K,50 m² Appartement ∙ 1 chambre ∙ 4 personnes,Saas Fee - Valais
13/11/2024,22/03/2025,29/03/2025,1598.99,HPBU79K,50 m² Appartement ∙ 1 chambre ∙ 4 personnes,Saas Fee - Valais
13/11/2024,29/03/2025,05/04/2025,1598.99,HPBU79K,50 m² Appartement ∙ 1 chambre ∙ 4 personnes,Saas Fee - Valais
13/11/2024,05/04/2025,12/04/2025,1598.99,HPBU79K,50 m² Appartement ∙ 1 chambre ∙ 4 personnes,Saas Fee - Valais
13/11/2024,12/04/2025,19/04/2025,1758.89,HPBU79K,50 m² Appartement ∙ 1 chambre ∙ 4 personnes,Saas Fee - Valais
13/11/2024,19/04/2025,26/04/2025,1758.89,HPBU79K,50 m² Appartement ∙ 1 chambre ∙ 4 personnes,Saas Fee - Valais
13/11/2024,16/11/2024,23/11/2024,1220.69,HSC2JPL,Maison de vacances ∙ 3 chambres ∙ 6 personnes,Bellwald - Valais
13/11/2024,23/11/2024,30/11/2024,1220.69,HSC2JPL,Maison de vacances ∙ 3 chambres ∙ 6 personnes,Bellwald - Valais
13/11/2024,30/11/2024,07/12/2024,1220.69,HSC2JPL,Maison de vacances ∙ 3 chambres ∙ 6 personnes,Bellwald - Valais
13/11/2024,07/12/2024,14/12/2024,1220.69,HSC2JPL,Maison de vacances ∙ 3 chambres ∙ 6 personnes,Bellwald - Valais
13/11/2024,16/11/2024,23/11/2024,884.89,HBR3TY9,50 m² Appartement ∙ 1 chambre ∙ 4 personnes,Saas Grund - Valais
13/11/2024,23/11/2024,30/11/2024,884.89,HBR3TY9,50 m² Appartement ∙ 1 chambre ∙ 4 personnes,Saas Grund - Valais
13/11/2024,30/11/2024,07/12/2024,884.89,HBR3TY9,50 m² Appartement ∙ 1 chambre ∙ 4 personnes,Saas Grund - Valais
13/11/2024,07/12/2024,14/12/2024,884.89,HBR3TY9,50 m² Appartement ∙ 1 chambre ∙ 4 personnes,Saas Grund - Valais
13/11/2024,14/12/2024,21/12/2024,884.89,HBR3TY9,50 m² Appartement ∙ 1 chambre ∙ 4 personnes,Saas Grund - Valais
13/11/2024,04/01/2025,11/01/2025,884.89,HBR3TY9,50 m² Appartement ∙ 1 chambre ∙ 4 personnes,Saas Grund - Valais
13/11/2024,11/01/2025,18/01/2025,884.89,HBR3TY9,50 m² Appartement ∙ 1 chambre ∙ 4 personnes,Saas Grund - Valais
13/11/2024,22/02/2025,01/03/2025,1044.79,HBR3TY9,50 m² Appartement ∙ 1 chambre ∙ 4 personnes,Saas Grund - Valais
13/11/2024,01/03/2025,08/03/2025,1044.79,HBR3TY9,50 m² Appartement ∙ 1 chambre ∙ 4 personnes,Saas Grund - Valais
13/11/2024,22/03/2025,29/03/2025,884.89,HBR3TY9,50 m² Appartement ∙ 1 chambre ∙ 4 personnes,Saas Grund - Valais
13/11/2024,29/03/2025,05/04/2025,884.89,HBR3TY9,50 m² Appartement ∙ 1 chambre ∙ 4 personnes,Saas Grund - Valais
13/11/2024,05/04/2025,12/04/2025,884.89,HBR3TY9,50 m² Appartement ∙ 1 chambre ∙ 4 personnes,Saas Grund - Valais
13/11/2024,03/05/2025,10/05/2025,724.99,HBR3TY9,50 m² Appartement ∙ 1 chambre ∙ 4 personnes,Saas Grund - Valais
13/11/2024,10/05/2025,17/05/2025,724.99,HBR3TY9,50 m² Appartement ∙ 1 chambre ∙ 4 personnes,Saas Grund - Valais
13/11/2024,18/01/2025,25/01/2025,1317.22,H5UFHWN,52 m² Appartement ∙ 2 chambres ∙ 6 personnes,Nendaz - Valais
13/11/2024,25/01/2025,01/02/2025,1317.22,H5UFHWN,52 m² Appartement ∙ 2 chambres ∙ 6 personnes,Nendaz - Valais
13/11/2024,08/02/2025,15/02/2025,2061.65,H5UFHWN,52 m² Appartement ∙ 2 chambres ∙ 6 personnes,Nendaz - Valais
13/11/2024,01/03/2025,08/03/2025,2951.33,H5UFHWN,52 m² Appartement ∙ 2 chambres ∙ 6 personnes,Nendaz - Valais
13/11/2024,15/03/2025,22/03/2025,1232.90,H5UFHWN,52 m² Appartement ∙ 2 chambres ∙ 6 personnes,Nendaz - Valais
13/11/2024,22/03/2025,29/03/2025,1232.90,H5UFHWN,52 m² Appartement ∙ 2 chambres ∙ 6 personnes,Nendaz - Valais
13/11/2024,29/03/2025,05/04/2025,1232.90,H5UFHWN,52 m² Appartement ∙ 2 chambres ∙ 6 personnes,Nendaz - Valais
13/11/2024,05/04/2025,12/04/2025,1350.95,H5UFHWN,52 m² Appartement ∙ 2 chambres ∙ 6 personnes,Nendaz - Valais
13/11/2024,12/04/2025,19/04/2025,1350.95,H5UFHWN,52 m² Appartement ∙ 2 chambres ∙ 6 personnes,Nendaz - Valais
13/11/2024,19/04/2025,26/04/2025,1232.90,H5UFHWN,52 m² Appartement ∙ 2 chambres ∙ 6 personnes,Nendaz - Valais
13/11/2024,26/04/2025,03/05/2025,1232.90,H5UFHWN,52 m² Appartement ∙ 2 chambres ∙ 6 personnes,Nendaz - Valais
13/11/2024,16/11/2024,23/11/2024,786.31,HYMHUEC,52 m² Appartement ∙ 1 chambre ∙ 2 personnes,Saas-Almagell - Valais
13/11/2024,23/11/2024,30/11/2024,679.57,HYMHUEC,52 m² Appartement ∙ 1 chambre ∙ 2 personnes,Saas-Almagell - Valais
13/11/2024,30/11/2024,07/12/2024,786.31,HYMHUEC,52 m² Appartement ∙ 1 chambre ∙ 2 personnes,Saas-Almagell - Valais
13/11/2024,07/12/2024,14/12/2024,679.57,HYMHUEC,52 m² Appartement ∙ 1 chambre ∙ 2 personnes,Saas-Almagell - Valais
13/11/2024,14/12/2024,21/12/2024,679.57,HYMHUEC,52 m² Appartement ∙ 1 chambre ∙ 2 personnes,Saas-Almagell - Valais
13/11/2024,21/12/2024,28/12/2024,679.57,HYMHUEC,52 m² Appartement ∙ 1 chambre ∙ 2 personnes,Saas-Almagell - Valais
13/11/2024,16/11/2024,23/11/2024,967.39,HXGWR3U,100 m² Appartement ∙ 3 chambres ∙ 6 personnes,Saas-Almagell - Valais
13/11/2024,07/12/2024,14/12/2024,967.39,HXGWR3U,100 m² Appartement ∙ 3 chambres ∙ 6 personnes,Saas-Almagell - Valais
13/11/2024,14/12/2024,21/12/2024,967.39,HXGWR3U,100 m² Appartement ∙ 3 chambres ∙ 6 personnes,Saas-Almagell - Valais
13/11/2024,11/01/2025,18/01/2025,1199.24,HXGWR3U,100 m² Appartement ∙ 3 chambres ∙ 6 personnes,Saas-Almagell - Valais
13/11/2024,03/05/2025,10/05/2025,967.39,HXGWR3U,100 m² Appartement ∙ 3 chambres ∙ 6 personnes,Saas-Almagell - Valais
13/11/2024,10/05/2025,17/05/2025,967.39,HXGWR3U,100 m² Appartement ∙ 3 chambres ∙ 6 personnes,Saas-Almagell - Valais
13/11/2024,30/11/2024,07/12/2024,1260.62,HDXC2ZJ,120 m² Maison de vacances ∙ 2 chambres ∙ 6 personnes,Vex - Valais
13/11/2024,07/12/2024,14/12/2024,1294.77,HDXC2ZJ,120 m² Maison de vacances ∙ 2 chambres ∙ 6 personnes,Vex - Valais
13/11/2024,14/12/2024,21/12/2024,1404.72,HDXC2ZJ,120 m² Maison de vacances ∙ 2 chambres ∙ 6 personnes,Vex - Valais
13/11/2024,21/12/2024,28/12/2024,3490.45,HDXC2ZJ,120 m² Maison de vacances ∙ 2 chambres ∙ 6 personnes,Vex - Valais
13/11/2024,04/01/2025,11/01/2025,1502.92,HDXC2ZJ,120 m² Maison de vacances ∙ 2 chambres ∙ 6 personnes,Vex - Valais
13/11/2024,18/01/2025,25/01/2025,1653.43,HDXC2ZJ,120 m² Maison de vacances ∙ 2 chambres ∙ 6 personnes,Vex - Valais
13/11/2024,25/01/2025,01/02/2025,2265.05,HDXC2ZJ,120 m² Maison de vacances ∙ 2 chambres ∙ 6 personnes,Vex - Valais
13/11/2024,08/03/2025,15/03/2025,1728.14,HDXC2ZJ,120 m² Maison de vacances ∙ 2 chambres ∙ 6 personnes,Vex - Valais
13/11/2024,15/03/2025,22/03/2025,1502.92,HDXC2ZJ,120 m² Maison de vacances ∙ 2 chambres ∙ 6 personnes,Vex - Valais
13/11/2024,22/03/2025,29/03/2025,1449.55,HDXC2ZJ,120 m² Maison de vacances ∙ 2 chambres ∙ 6 personnes,Vex - Valais
13/11/2024,29/03/2025,05/04/2025,1427.13,HDXC2ZJ,120 m² Maison de vacances ∙ 2 chambres ∙ 6 personnes,Vex - Valais
13/11/2024,12/04/2025,19/04/2025,1685.45,HDXC2ZJ,120 m² Maison de vacances ∙ 2 chambres ∙ 6 personnes,Vex - Valais
13/11/2024,19/04/2025,26/04/2025,1446.35,HDXC2ZJ,120 m² Maison de vacances ∙ 2 chambres ∙ 6 personnes,Vex - Valais
13/11/2024,16/11/2024,23/11/2024,1012.98,HGL3NF5,45 m² Appartement ∙ 1 chambre ∙ 3 personnes,Loèche-les-Bains - Valais
13/11/2024,23/11/2024,30/11/2024,1012.98,HGL3NF5,45 m² Appartement ∙ 1 chambre ∙ 3 personnes,Loèche-les-Bains - Valais
13/11/2024,30/11/2024,07/12/2024,1012.98,HGL3NF5,45 m² Appartement ∙ 1 chambre ∙ 3 personnes,Loèche-les-Bains - Valais
13/11/2024,07/12/2024,14/12/2024,1012.98,HGL3NF5,45 m² Appartement ∙ 1 chambre ∙ 3 personnes,Loèche-les-Bains - Valais
13/11/2024,14/12/2024,21/12/2024,1089.83,HGL3NF5,45 m² Appartement ∙ 1 chambre ∙ 3 personnes,Loèche-les-Bains - Valais
13/11/2024,11/01/2025,18/01/2025,1192.30,HGL3NF5,45 m² Appartement ∙ 1 chambre ∙ 3 personnes,Loèche-les-Bains - Valais
13/11/2024,18/01/2025,25/01/2025,1192.30,HGL3NF5,45 m² Appartement ∙ 1 chambre ∙ 3 personnes,Loèche-les-Bains - Valais
13/11/2024,15/03/2025,22/03/2025,1192.30,HGL3NF5,45 m² Appartement ∙ 1 chambre ∙ 3 personnes,Loèche-les-Bains - Valais
13/11/2024,22/03/2025,29/03/2025,1192.30,HGL3NF5,45 m² Appartement ∙ 1 chambre ∙ 3 personnes,Loèche-les-Bains - Valais
13/11/2024,29/03/2025,05/04/2025,1192.30,HGL3NF5,45 m² Appartement ∙ 1 chambre ∙ 3 personnes,Loèche-les-Bains - Valais
13/11/2024,05/04/2025,12/04/2025,1192.30,HGL3NF5,45 m² Appartement ∙ 1 chambre ∙ 3 personnes,Loèche-les-Bains - Valais
13/11/2024,12/04/2025,19/04/2025,1192.30,HGL3NF5,45 m² Appartement ∙ 1 chambre ∙ 3 personnes,Loèche-les-Bains - Valais
13/11/2024,19/04/2025,26/04/2025,1192.30,HGL3NF5,45 m² Appartement ∙ 1 chambre ∙ 3 personnes,Loèche-les-Bains - Valais
13/11/2024,26/04/2025,03/05/2025,1034.13,HJ4X05Y,33 m² Appartement ∙ 1 chambre ∙ 2 personnes,Saas Fee - Valais
13/11/2024,03/05/2025,10/05/2025,1034.13,HJ4X05Y,33 m² Appartement ∙ 1 chambre ∙ 2 personnes,Saas Fee - Valais
13/11/2024,10/05/2025,17/05/2025,1034.13,HJ4X05Y,33 m² Appartement ∙ 1 chambre ∙ 2 personnes,Saas Fee - Valais
13/11/2024,16/11/2024,23/11/2024,1077.02,H06GHFP,Appartement ∙ 2 chambres ∙ 6 personnes,Champéry - Valais
13/11/2024,23/11/2024,30/11/2024,1269.16,H06GHFP,Appartement ∙ 2 chambres ∙ 6 personnes,Champéry - Valais
13/11/2024,30/11/2024,07/12/2024,1301.18,H06GHFP,Appartement ∙ 2 chambres ∙ 6 personnes,Champéry - Valais
13/11/2024,07/12/2024,14/12/2024,1301.18,H06GHFP,Appartement ∙ 2 chambres ∙ 6 personnes,Champéry - Valais
13/11/2024,08/03/2025,15/03/2025,1898.93,H06GHFP,Appartement ∙ 2 chambres ∙ 6 personnes,Champéry - Valais
13/11/2024,15/03/2025,22/03/2025,1898.93,H06GHFP,Appartement ∙ 2 chambres ∙ 6 personnes,Champéry - Valais
13/11/2024,22/03/2025,29/03/2025,1301.18,H06GHFP,Appartement ∙ 2 chambres ∙ 6 personnes,Champéry - Valais
13/11/2024,29/03/2025,05/04/2025,1279.83,H06GHFP,Appartement ∙ 2 chambres ∙ 6 personnes,Champéry - Valais
13/11/2024,26/04/2025,03/05/2025,1077.02,H06GHFP,Appartement ∙ 2 chambres ∙ 6 personnes,Champéry - Valais
13/11/2024,03/05/2025,10/05/2025,1077.02,H06GHFP,Appartement ∙ 2 chambres ∙ 6 personnes,Champéry - Valais
13/11/2024,10/05/2025,17/05/2025,1077.02,H06GHFP,Appartement ∙ 2 chambres ∙ 6 personnes,Champéry - Valais
13/11/2024,16/11/2024,23/11/2024,1305.87,HEK3DS4,90 m² Maison de vacances ∙ 2 chambres ∙ 8 personnes,Orsières - Valais
13/11/2024,23/11/2024,30/11/2024,1309.63,HEK3DS4,90 m² Maison de vacances ∙ 2 chambres ∙ 8 personnes,Orsières - Valais
13/11/2024,30/11/2024,07/12/2024,1654.14,HEK3DS4,90 m² Maison de vacances ∙ 2 chambres ∙ 8 personnes,Orsières - Valais
13/11/2024,07/12/2024,14/12/2024,1650.38,HEK3DS4,90 m² Maison de vacances ∙ 2 chambres ∙ 8 personnes,Orsières - Valais
13/11/2024,21/12/2024,28/12/2024,3657.12,HEK3DS4,90 m² Maison de vacances ∙ 2 chambres ∙ 8 personnes,Orsières - Valais
13/11/2024,04/01/2025,11/01/2025,1761.15,HEK3DS4,90 m² Maison de vacances ∙ 2 chambres ∙ 8 personnes,Orsières - Valais
13/11/2024,11/01/2025,18/01/2025,1763.26,HEK3DS4,90 m² Maison de vacances ∙ 2 chambres ∙ 8 personnes,Orsières - Valais
13/11/2024,15/02/2025,22/02/2025,3325.16,HEK3DS4,90 m² Maison de vacances ∙ 2 chambres ∙ 8 personnes,Orsières - Valais
13/11/2024,22/02/2025,01/03/2025,3421.33,HEK3DS4,90 m² Maison de vacances ∙ 2 chambres ∙ 8 personnes,Orsières - Valais
13/11/2024,01/03/2025,08/03/2025,2646.23,HEK3DS4,90 m² Maison de vacances ∙ 2 chambres ∙ 8 personnes,Orsières - Valais
13/11/2024,22/03/2025,29/03/2025,1404.98,HEK3DS4,90 m² Maison de vacances ∙ 2 chambres ∙ 8 personnes,Orsières - Valais
13/11/2024,29/03/2025,05/04/2025,1412.48,HEK3DS4,90 m² Maison de vacances ∙ 2 chambres ∙ 8 personnes,Orsières - Valais
13/11/2024,05/04/2025,12/04/2025,1499.02,HEK3DS4,90 m² Maison de vacances ∙ 2 chambres ∙ 8 personnes,Orsières - Valais
13/11/2024,03/05/2025,10/05/2025,1441.33,HEK3DS4,90 m² Maison de vacances ∙ 2 chambres ∙ 8 personnes,Orsières - Valais
13/11/2024,10/05/2025,17/05/2025,1507.80,HEK3DS4,90 m² Maison de vacances ∙ 2 chambres ∙ 8 personnes,Orsières - Valais
13/11/2024,16/11/2024,23/11/2024,565.35,HVYT47P,48 m² Appartement ∙ 1 chambre ∙ 4 personnes,Saas-Balen - Valais
13/11/2024,23/11/2024,30/11/2024,627.90,HVYT47P,48 m² Appartement ∙ 1 chambre ∙ 4 personnes,Saas-Balen - Valais
13/11/2024,30/11/2024,07/12/2024,627.90,HVYT47P,48 m² Appartement ∙ 1 chambre ∙ 4 personnes,Saas-Balen - Valais
13/11/2024,07/12/2024,14/12/2024,627.90,HVYT47P,48 m² Appartement ∙ 1 chambre ∙ 4 personnes,Saas-Balen - Valais
13/11/2024,04/01/2025,11/01/2025,884.77,HVYT47P,48 m² Appartement ∙ 1 chambre ∙ 4 personnes,Saas-Balen - Valais
13/11/2024,11/01/2025,18/01/2025,879.06,HVYT47P,48 m² Appartement ∙ 1 chambre ∙ 4 personnes,Saas-Balen - Valais
13/11/2024,18/01/2025,25/01/2025,879.06,HVYT47P,48 m² Appartement ∙ 1 chambre ∙ 4 personnes,Saas-Balen - Valais
13/11/2024,25/01/2025,01/02/2025,958.98,HVYT47P,48 m² Appartement ∙ 1 chambre ∙ 4 personnes,Saas-Balen - Valais
13/11/2024,22/02/2025,01/03/2025,958.98,HVYT47P,48 m² Appartement ∙ 1 chambre ∙ 4 personnes,Saas-Balen - Valais
13/11/2024,01/03/2025,08/03/2025,958.98,HVYT47P,48 m² Appartement ∙ 1 chambre ∙ 4 personnes,Saas-Balen - Valais
13/11/2024,08/03/2025,15/03/2025,821.98,HVYT47P,48 m² Appartement ∙ 1 chambre ∙ 4 personnes,Saas-Balen - Valais
13/11/2024,15/03/2025,22/03/2025,799.15,HVYT47P,48 m² Appartement ∙ 1 chambre ∙ 4 personnes,Saas-Balen - Valais
13/11/2024,22/03/2025,29/03/2025,799.15,HVYT47P,48 m² Appartement ∙ 1 chambre ∙ 4 personnes,Saas-Balen - Valais
13/11/2024,29/03/2025,05/04/2025,799.15,HVYT47P,48 m² Appartement ∙ 1 chambre ∙ 4 personnes,Saas-Balen - Valais
13/11/2024,05/04/2025,12/04/2025,799.15,HVYT47P,48 m² Appartement ∙ 1 chambre ∙ 4 personnes,Saas-Balen - Valais
13/11/2024,16/11/2024,23/11/2024,1176.40,HHBEWXN,55 m² Appartement ∙ 1 chambre ∙ 4 personnes,Saas Fee - Valais
13/11/2024,23/11/2024,30/11/2024,1176.40,HHBEWXN,55 m² Appartement ∙ 1 chambre ∙ 4 personnes,Saas Fee - Valais
13/11/2024,30/11/2024,07/12/2024,1279.15,HHBEWXN,55 m² Appartement ∙ 1 chambre ∙ 4 personnes,Saas Fee - Valais
13/11/2024,07/12/2024,14/12/2024,1296.28,HHBEWXN,55 m² Appartement ∙ 1 chambre ∙ 4 personnes,Saas Fee - Valais
13/11/2024,14/12/2024,21/12/2024,1400.17,HHBEWXN,55 m² Appartement ∙ 1 chambre ∙ 4 personnes,Saas Fee - Valais
13/11/2024,21/12/2024,28/12/2024,2007.52,HHBEWXN,55 m² Appartement ∙ 1 chambre ∙ 4 personnes,Saas Fee - Valais
13/11/2024,18/01/2025,25/01/2025,1296.28,HHBEWXN,55 m² Appartement ∙ 1 chambre ∙ 4 personnes,Saas Fee - Valais
13/11/2024,08/03/2025,15/03/2025,1400.17,HHBEWXN,55 m² Appartement ∙ 1 chambre ∙ 4 personnes,Saas Fee - Valais
13/11/2024,15/03/2025,22/03/2025,1400.17,HHBEWXN,55 m² Appartement ∙ 1 chambre ∙ 4 personnes,Saas Fee - Valais
13/11/2024,29/03/2025,05/04/2025,1400.17,HHBEWXN,55 m² Appartement ∙ 1 chambre ∙ 4 personnes,Saas Fee - Valais
13/11/2024,05/04/2025,12/04/2025,1400.17,HHBEWXN,55 m² Appartement ∙ 1 chambre ∙ 4 personnes,Saas Fee - Valais
13/11/2024,21/12/2024,28/12/2024,1328.00,HJNTBVW,40 m² Appartement ∙ 1 chambre ∙ 3 personnes,Nendaz - Valais
13/11/2024,03/05/2025,10/05/2025,873.00,HJNTBVW,40 m² Appartement ∙ 1 chambre ∙ 3 personnes,Nendaz - Valais
13/11/2024,10/05/2025,17/05/2025,873.00,HJNTBVW,40 m² Appartement ∙ 1 chambre ∙ 3 personnes,Nendaz - Valais
13/11/2024,25/01/2025,01/02/2025,5269.69,HXH4BM6,145 m² Appartement ∙ 3 chambres ∙ 7 personnes,Zermatt - Valais
13/11/2024,01/02/2025,08/02/2025,5269.69,HXH4BM6,145 m² Appartement ∙ 3 chambres ∙ 7 personnes,Zermatt - Valais
13/11/2024,08/03/2025,15/03/2025,5269.69,HXH4BM6,145 m² Appartement ∙ 3 chambres ∙ 7 personnes,Zermatt - Valais
13/11/2024,15/03/2025,22/03/2025,5269.69,HXH4BM6,145 m² Appartement ∙ 3 chambres ∙ 7 personnes,Zermatt - Valais
13/11/2024,22/03/2025,29/03/2025,5269.69,HXH4BM6,145 m² Appartement ∙ 3 chambres ∙ 7 personnes,Zermatt - Valais
13/11/2024,29/03/2025,05/04/2025,5269.69,HXH4BM6,145 m² Appartement ∙ 3 chambres ∙ 7 personnes,Zermatt - Valais
13/11/2024,05/04/2025,12/04/2025,5269.69,HXH4BM6,145 m² Appartement ∙ 3 chambres ∙ 7 personnes,Zermatt - Valais
13/11/2024,12/04/2025,19/04/2025,5269.69,HXH4BM6,145 m² Appartement ∙ 3 chambres ∙ 7 personnes,Zermatt - Valais
13/11/2024,19/04/2025,26/04/2025,5269.69,HXH4BM6,145 m² Appartement ∙ 3 chambres ∙ 7 personnes,Zermatt - Valais
13/11/2024,26/04/2025,03/05/2025,2132.84,HXH4BM6,145 m² Appartement ∙ 3 chambres ∙ 7 personnes,Zermatt - Valais
13/11/2024,03/05/2025,10/05/2025,2132.84,HXH4BM6,145 m² Appartement ∙ 3 chambres ∙ 7 personnes,Zermatt - Valais
13/11/2024,10/05/2025,17/05/2025,2132.84,HXH4BM6,145 m² Appartement ∙ 3 chambres ∙ 7 personnes,Zermatt - Valais
13/11/2024,16/11/2024,23/11/2024,1849.81,H1N70MS,106 m² Appartement ∙ 3 chambres ∙ 7 personnes,Saas Grund - Valais
13/11/2024,23/11/2024,30/11/2024,1849.81,H1N70MS,106 m² Appartement ∙ 3 chambres ∙ 7 personnes,Saas Grund - Valais
13/11/2024,30/11/2024,07/12/2024,1849.81,H1N70MS,106 m² Appartement ∙ 3 chambres ∙ 7 personnes,Saas Grund - Valais
13/11/2024,07/12/2024,14/12/2024,1849.81,H1N70MS,106 m² Appartement ∙ 3 chambres ∙ 7 personnes,Saas Grund - Valais
13/11/2024,14/12/2024,21/12/2024,2522.68,H1N70MS,106 m² Appartement ∙ 3 chambres ∙ 7 personnes,Saas Grund - Valais
13/11/2024,04/01/2025,11/01/2025,2224.36,H1N70MS,106 m² Appartement ∙ 3 chambres ∙ 7 personnes,Saas Grund - Valais
13/11/2024,11/01/2025,18/01/2025,2224.36,H1N70MS,106 m² Appartement ∙ 3 chambres ∙ 7 personnes,Saas Grund - Valais
13/11/2024,18/01/2025,25/01/2025,2224.36,H1N70MS,106 m² Appartement ∙ 3 chambres ∙ 7 personnes,Saas Grund - Valais
13/11/2024,08/03/2025,15/03/2025,2224.36,H1N70MS,106 m² Appartement ∙ 3 chambres ∙ 7 personnes,Saas Grund - Valais
13/11/2024,15/03/2025,22/03/2025,2224.36,H1N70MS,106 m² Appartement ∙ 3 chambres ∙ 7 personnes,Saas Grund - Valais
13/11/2024,22/03/2025,29/03/2025,2224.36,H1N70MS,106 m² Appartement ∙ 3 chambres ∙ 7 personnes,Saas Grund - Valais
13/11/2024,29/03/2025,05/04/2025,2224.36,H1N70MS,106 m² Appartement ∙ 3 chambres ∙ 7 personnes,Saas Grund - Valais
13/11/2024,05/04/2025,12/04/2025,2224.36,H1N70MS,106 m² Appartement ∙ 3 chambres ∙ 7 personnes,Saas Grund - Valais
13/11/2024,12/04/2025,19/04/2025,2415.02,H1N70MS,106 m² Appartement ∙ 3 chambres ∙ 7 personnes,Saas Grund - Valais
13/11/2024,19/04/2025,26/04/2025,2192.58,H1N70MS,106 m² Appartement ∙ 3 chambres ∙ 7 personnes,Saas Grund - Valais
13/11/2024,26/04/2025,03/05/2025,1835.10,H1N70MS,106 m² Appartement ∙ 3 chambres ∙ 7 personnes,Saas Grund - Valais
13/11/2024,03/05/2025,10/05/2025,1835.10,H1N70MS,106 m² Appartement ∙ 3 chambres ∙ 7 personnes,Saas Grund - Valais
13/11/2024,10/05/2025,17/05/2025,1835.10,H1N70MS,106 m² Appartement ∙ 3 chambres ∙ 7 personnes,Saas Grund - Valais
13/11/2024,16/11/2024,23/11/2024,1329.67,H34L6XP,90 m² Appartement ∙ 3 chambres ∙ 6 personnes,Riddes - Valais
13/11/2024,23/11/2024,30/11/2024,1329.67,H34L6XP,90 m² Appartement ∙ 3 chambres ∙ 6 personnes,Riddes - Valais
13/11/2024,30/11/2024,07/12/2024,1329.67,H34L6XP,90 m² Appartement ∙ 3 chambres ∙ 6 personnes,Riddes - Valais
13/11/2024,07/12/2024,14/12/2024,1329.67,H34L6XP,90 m² Appartement ∙ 3 chambres ∙ 6 personnes,Riddes - Valais
13/11/2024,04/01/2025,11/01/2025,1787.99,H34L6XP,90 m² Appartement ∙ 3 chambres ∙ 6 personnes,Riddes - Valais
13/11/2024,08/03/2025,15/03/2025,1124.11,H34L6XP,90 m² Appartement ∙ 3 chambres ∙ 6 personnes,Riddes - Valais
13/11/2024,15/03/2025,22/03/2025,894.95,H34L6XP,90 m² Appartement ∙ 3 chambres ∙ 6 personnes,Riddes - Valais
13/11/2024,22/03/2025,29/03/2025,887.22,H34L6XP,90 m² Appartement ∙ 3 chambres ∙ 6 personnes,Riddes - Valais
13/11/2024,29/03/2025,05/04/2025,899.59,H34L6XP,90 m² Appartement ∙ 3 chambres ∙ 6 personnes,Riddes - Valais
13/11/2024,05/04/2025,12/04/2025,884.12,H34L6XP,90 m² Appartement ∙ 3 chambres ∙ 6 personnes,Riddes - Valais
13/11/2024,12/04/2025,19/04/2025,877.92,H34L6XP,90 m² Appartement ∙ 3 chambres ∙ 6 personnes,Riddes - Valais
13/11/2024,19/04/2025,26/04/2025,877.92,H34L6XP,90 m² Appartement ∙ 3 chambres ∙ 6 personnes,Riddes - Valais
13/11/2024,26/04/2025,03/05/2025,877.92,H34L6XP,90 m² Appartement ∙ 3 chambres ∙ 6 personnes,Riddes - Valais
13/11/2024,03/05/2025,10/05/2025,877.92,H34L6XP,90 m² Appartement ∙ 3 chambres ∙ 6 personnes,Riddes - Valais
13/11/2024,10/05/2025,17/05/2025,877.92,H34L6XP,90 m² Appartement ∙ 3 chambres ∙ 6 personnes,Riddes - Valais
13/11/2024,30/11/2024,07/12/2024,1284.00,HPF27RY,90 m² Appartement ∙ 3 chambres ∙ 6 personnes,Crans-Montana - Valais
13/11/2024,07/12/2024,14/12/2024,1284.00,HPF27RY,90 m² Appartement ∙ 3 chambres ∙ 6 personnes,Crans-Montana - Valais
13/11/2024,14/12/2024,21/12/2024,1284.00,HPF27RY,90 m² Appartement ∙ 3 chambres ∙ 6 personnes,Crans-Montana - Valais
13/11/2024,11/01/2025,18/01/2025,1587.00,HPF27RY,90 m² Appartement ∙ 3 chambres ∙ 6 personnes,Crans-Montana - Valais
13/11/2024,18/01/2025,25/01/2025,1587.00,HPF27RY,90 m² Appartement ∙ 3 chambres ∙ 6 personnes,Crans-Montana - Valais
13/11/2024,25/01/2025,01/02/2025,1799.00,HPF27RY,90 m² Appartement ∙ 3 chambres ∙ 6 personnes,Crans-Montana - Valais
13/11/2024,08/02/2025,15/02/2025,2375.00,HPF27RY,90 m² Appartement ∙ 3 chambres ∙ 6 personnes,Crans-Montana - Valais
13/11/2024,22/02/2025,01/03/2025,2846.00,HPF27RY,90 m² Appartement ∙ 3 chambres ∙ 6 personnes,Crans-Montana - Valais
13/11/2024,01/03/2025,08/03/2025,2375.00,HPF27RY,90 m² Appartement ∙ 3 chambres ∙ 6 personnes,Crans-Montana - Valais
13/11/2024,08/03/2025,15/03/2025,1284.00,HPF27RY,90 m² Appartement ∙ 3 chambres ∙ 6 personnes,Crans-Montana - Valais
13/11/2024,15/03/2025,22/03/2025,1284.00,HPF27RY,90 m² Appartement ∙ 3 chambres ∙ 6 personnes,Crans-Montana - Valais
13/11/2024,22/03/2025,29/03/2025,1284.00,HPF27RY,90 m² Appartement ∙ 3 chambres ∙ 6 personnes,Crans-Montana - Valais
13/11/2024,29/03/2025,05/04/2025,1284.00,HPF27RY,90 m² Appartement ∙ 3 chambres ∙ 6 personnes,Crans-Montana - Valais
13/11/2024,05/04/2025,12/04/2025,1284.00,HPF27RY,90 m² Appartement ∙ 3 chambres ∙ 6 personnes,Crans-Montana - Valais
13/11/2024,12/04/2025,19/04/2025,1587.00,HPF27RY,90 m² Appartement ∙ 3 chambres ∙ 6 personnes,Crans-Montana - Valais
13/11/2024,19/04/2025,26/04/2025,1587.00,HPF27RY,90 m² Appartement ∙ 3 chambres ∙ 6 personnes,Crans-Montana - Valais
13/11/2024,26/04/2025,03/05/2025,1284.00,HPF27RY,90 m² Appartement ∙ 3 chambres ∙ 6 personnes,Crans-Montana - Valais
13/11/2024,03/05/2025,10/05/2025,1284.00,HPF27RY,90 m² Appartement ∙ 3 chambres ∙ 6 personnes,Crans-Montana - Valais
13/11/2024,10/05/2025,17/05/2025,1284.00,HPF27RY,90 m² Appartement ∙ 3 chambres ∙ 6 personnes,Crans-Montana - Valais
13/11/2024,16/11/2024,23/11/2024,2314.75,HJRYS6G,120 m² Maison de vacances ∙ 4 chambres ∙ 10 personnes,Val-d'Illiez - Valais
13/11/2024,23/11/2024,30/11/2024,2314.75,HJRYS6G,120 m² Maison de vacances ∙ 4 chambres ∙ 10 personnes,Val-d'Illiez - Valais
13/11/2024,30/11/2024,07/12/2024,2314.75,HJRYS6G,120 m² Maison de vacances ∙ 4 chambres ∙ 10 personnes,Val-d'Illiez - Valais
13/11/2024,07/12/2024,14/12/2024,2314.75,HJRYS6G,120 m² Maison de vacances ∙ 4 chambres ∙ 10 personnes,Val-d'Illiez - Valais
13/11/2024,14/12/2024,21/12/2024,2314.75,HJRYS6G,120 m² Maison de vacances ∙ 4 chambres ∙ 10 personnes,Val-d'Illiez - Valais
13/11/2024,21/12/2024,28/12/2024,3469.58,HJRYS6G,120 m² Maison de vacances ∙ 4 chambres ∙ 10 personnes,Val-d'Illiez - Valais
13/11/2024,11/01/2025,18/01/2025,2314.75,HJRYS6G,120 m² Maison de vacances ∙ 4 chambres ∙ 10 personnes,Val-d'Illiez - Valais
13/11/2024,08/02/2025,15/02/2025,3909.80,HJRYS6G,120 m² Maison de vacances ∙ 4 chambres ∙ 10 personnes,Val-d'Illiez - Valais
13/11/2024,15/02/2025,22/02/2025,4037.15,HJRYS6G,120 m² Maison de vacances ∙ 4 chambres ∙ 10 personnes,Val-d'Illiez - Valais
13/11/2024,08/03/2025,15/03/2025,2314.75,HJRYS6G,120 m² Maison de vacances ∙ 4 chambres ∙ 10 personnes,Val-d'Illiez - Valais
13/11/2024,15/03/2025,22/03/2025,2314.75,HJRYS6G,120 m² Maison de vacances ∙ 4 chambres ∙ 10 personnes,Val-d'Illiez - Valais
13/11/2024,22/03/2025,29/03/2025,2314.75,HJRYS6G,120 m² Maison de vacances ∙ 4 chambres ∙ 10 personnes,Val-d'Illiez - Valais
13/11/2024,29/03/2025,05/04/2025,2314.75,HJRYS6G,120 m² Maison de vacances ∙ 4 chambres ∙ 10 personnes,Val-d'Illiez - Valais
13/11/2024,05/04/2025,12/04/2025,2314.75,HJRYS6G,120 m² Maison de vacances ∙ 4 chambres ∙ 10 personnes,Val-d'Illiez - Valais
13/11/2024,12/04/2025,19/04/2025,2314.75,HJRYS6G,120 m² Maison de vacances ∙ 4 chambres ∙ 10 personnes,Val-d'Illiez - Valais
13/11/2024,19/04/2025,26/04/2025,2560.85,HJRYS6G,120 m² Maison de vacances ∙ 4 chambres ∙ 10 personnes,Val-d'Illiez - Valais
13/11/2024,26/04/2025,03/05/2025,2560.85,HJRYS6G,120 m² Maison de vacances ∙ 4 chambres ∙ 10 personnes,Val-d'Illiez - Valais
13/11/2024,30/11/2024,07/12/2024,2262.37,HL7XUHF,161 m² Appartement ∙ 4 chambres ∙ 8 personnes,Saas Fee - Valais
13/11/2024,04/01/2025,11/01/2025,2456.45,HL7XUHF,161 m² Appartement ∙ 4 chambres ∙ 8 personnes,Saas Fee - Valais
13/11/2024,11/01/2025,18/01/2025,2456.45,HL7XUHF,161 m² Appartement ∙ 4 chambres ∙ 8 personnes,Saas Fee - Valais
13/11/2024,01/02/2025,08/02/2025,3815.01,HL7XUHF,161 m² Appartement ∙ 4 chambres ∙ 8 personnes,Saas Fee - Valais
13/11/2024,08/02/2025,15/02/2025,4694.07,HL7XUHF,161 m² Appartement ∙ 4 chambres ∙ 8 personnes,Saas Fee - Valais
13/11/2024,29/03/2025,05/04/2025,2696.20,HL7XUHF,161 m² Appartement ∙ 4 chambres ∙ 8 personnes,Saas Fee - Valais
13/11/2024,05/04/2025,12/04/2025,2696.20,HL7XUHF,161 m² Appartement ∙ 4 chambres ∙ 8 personnes,Saas Fee - Valais
13/11/2024,23/11/2024,30/11/2024,910.00,M5U4S0R,120 m² Chalet ∙ 4 chambres ∙ 6 personnes,Martisberg - Bettmeralp - Valais
13/11/2024,30/11/2024,07/12/2024,910.00,M5U4S0R,120 m² Chalet ∙ 4 chambres ∙ 6 personnes,Martisberg - Bettmeralp - Valais
13/11/2024,07/12/2024,14/12/2024,910.00,M5U4S0R,120 m² Chalet ∙ 4 chambres ∙ 6 personnes,Martisberg - Bettmeralp - Valais
13/11/2024,04/01/2025,11/01/2025,1261.00,M5U4S0R,120 m² Chalet ∙ 4 chambres ∙ 6 personnes,Martisberg - Bettmeralp - Valais
13/11/2024,25/01/2025,01/02/2025,1183.00,M5U4S0R,120 m² Chalet ∙ 4 chambres ∙ 6 personnes,Martisberg - Bettmeralp - Valais
13/11/2024,01/02/2025,08/02/2025,1274.00,M5U4S0R,120 m² Chalet ∙ 4 chambres ∙ 6 personnes,Martisberg - Bettmeralp - Valais
13/11/2024,22/02/2025,01/03/2025,1274.00,M5U4S0R,120 m² Chalet ∙ 4 chambres ∙ 6 personnes,Martisberg - Bettmeralp - Valais
13/11/2024,15/03/2025,22/03/2025,1183.00,M5U4S0R,120 m² Chalet ∙ 4 chambres ∙ 6 personnes,Martisberg - Bettmeralp - Valais
13/11/2024,22/03/2025,29/03/2025,1183.00,M5U4S0R,120 m² Chalet ∙ 4 chambres ∙ 6 personnes,Martisberg - Bettmeralp - Valais
13/11/2024,05/04/2025,12/04/2025,1092.00,M5U4S0R,120 m² Chalet ∙ 4 chambres ∙ 6 personnes,Martisberg - Bettmeralp - Valais
13/11/2024,12/04/2025,19/04/2025,1170.00,M5U4S0R,120 m² Chalet ∙ 4 chambres ∙ 6 personnes,Martisberg - Bettmeralp - Valais
13/11/2024,19/04/2025,26/04/2025,1144.00,M5U4S0R,120 m² Chalet ∙ 4 chambres ∙ 6 personnes,Martisberg - Bettmeralp - Valais
13/11/2024,26/04/2025,03/05/2025,1092.00,M5U4S0R,120 m² Chalet ∙ 4 chambres ∙ 6 personnes,Martisberg - Bettmeralp - Valais
13/11/2024,03/05/2025,10/05/2025,1092.00,M5U4S0R,120 m² Chalet ∙ 4 chambres ∙ 6 personnes,Martisberg - Bettmeralp - Valais
13/11/2024,10/05/2025,17/05/2025,1092.00,M5U4S0R,120 m² Chalet ∙ 4 chambres ∙ 6 personnes,Martisberg - Bettmeralp - Valais
13/11/2024,30/11/2024,07/12/2024,883.00,HSEPH73,76 m² Appartement ∙ 2 chambres ∙ 4 personnes,Ovronnaz - Leytron - Valais
13/11/2024,07/12/2024,14/12/2024,883.00,HSEPH73,76 m² Appartement ∙ 2 chambres ∙ 4 personnes,Ovronnaz - Leytron - Valais
13/11/2024,14/12/2024,21/12/2024,883.00,HSEPH73,76 m² Appartement ∙ 2 chambres ∙ 4 personnes,Ovronnaz - Leytron - Valais
13/11/2024,04/01/2025,11/01/2025,883.00,HSEPH73,76 m² Appartement ∙ 2 chambres ∙ 4 personnes,Ovronnaz - Leytron - Valais
13/11/2024,11/01/2025,18/01/2025,883.00,HSEPH73,76 m² Appartement ∙ 2 chambres ∙ 4 personnes,Ovronnaz - Leytron - Valais
13/11/2024,18/01/2025,25/01/2025,883.00,HSEPH73,76 m² Appartement ∙ 2 chambres ∙ 4 personnes,Ovronnaz - Leytron - Valais
13/11/2024,25/01/2025,01/02/2025,883.00,HSEPH73,76 m² Appartement ∙ 2 chambres ∙ 4 personnes,Ovronnaz - Leytron - Valais
13/11/2024,01/02/2025,08/02/2025,1065.00,HSEPH73,76 m² Appartement ∙ 2 chambres ∙ 4 personnes,Ovronnaz - Leytron - Valais
13/11/2024,08/02/2025,15/02/2025,1065.00,HSEPH73,76 m² Appartement ∙ 2 chambres ∙ 4 personnes,Ovronnaz - Leytron - Valais
13/11/2024,01/03/2025,08/03/2025,1770.00,HSEPH73,76 m² Appartement ∙ 2 chambres ∙ 4 personnes,Ovronnaz - Leytron - Valais
13/11/2024,08/03/2025,15/03/2025,883.00,HSEPH73,76 m² Appartement ∙ 2 chambres ∙ 4 personnes,Ovronnaz - Leytron - Valais
13/11/2024,15/03/2025,22/03/2025,883.00,HSEPH73,76 m² Appartement ∙ 2 chambres ∙ 4 personnes,Ovronnaz - Leytron - Valais
13/11/2024,22/03/2025,29/03/2025,883.00,HSEPH73,76 m² Appartement ∙ 2 chambres ∙ 4 personnes,Ovronnaz - Leytron - Valais
13/11/2024,29/03/2025,05/04/2025,883.00,HSEPH73,76 m² Appartement ∙ 2 chambres ∙ 4 personnes,Ovronnaz - Leytron - Valais
13/11/2024,05/04/2025,12/04/2025,883.00,HSEPH73,76 m² Appartement ∙ 2 chambres ∙ 4 personnes,Ovronnaz - Leytron - Valais
13/11/2024,12/04/2025,19/04/2025,883.00,HSEPH73,76 m² Appartement ∙ 2 chambres ∙ 4 personnes,Ovronnaz - Leytron - Valais
13/11/2024,19/04/2025,26/04/2025,883.00,HSEPH73,76 m² Appartement ∙ 2 chambres ∙ 4 personnes,Ovronnaz - Leytron - Valais
13/11/2024,26/04/2025,03/05/2025,883.00,HSEPH73,76 m² Appartement ∙ 2 chambres ∙ 4 personnes,Ovronnaz - Leytron - Valais
13/11/2024,03/05/2025,10/05/2025,883.00,HSEPH73,76 m² Appartement ∙ 2 chambres ∙ 4 personnes,Ovronnaz - Leytron - Valais
13/11/2024,10/05/2025,17/05/2025,883.00,HSEPH73,76 m² Appartement ∙ 2 chambres ∙ 4 personnes,Ovronnaz - Leytron - Valais
13/11/2024,04/01/2025,11/01/2025,1078.85,HFHZXP2,40 m² Appartement ∙ 1 chambre ∙ 3 personnes,Saas Fee - Valais
13/11/2024,11/01/2025,18/01/2025,1078.85,HFHZXP2,40 m² Appartement ∙ 1 chambre ∙ 3 personnes,Saas Fee - Valais
13/11/2024,18/01/2025,25/01/2025,1078.85,HFHZXP2,40 m² Appartement ∙ 1 chambre ∙ 3 personnes,Saas Fee - Valais
13/11/2024,25/01/2025,01/02/2025,1262.66,HFHZXP2,40 m² Appartement ∙ 1 chambre ∙ 3 personnes,Saas Fee - Valais
13/11/2024,01/02/2025,08/02/2025,1262.66,HFHZXP2,40 m² Appartement ∙ 1 chambre ∙ 3 personnes,Saas Fee - Valais
13/11/2024,01/03/2025,08/03/2025,1262.66,HFHZXP2,40 m² Appartement ∙ 1 chambre ∙ 3 personnes,Saas Fee - Valais
13/11/2024,29/03/2025,05/04/2025,1262.66,HFHZXP2,40 m² Appartement ∙ 1 chambre ∙ 3 personnes,Saas Fee - Valais
13/11/2024,05/04/2025,12/04/2025,1262.66,HFHZXP2,40 m² Appartement ∙ 1 chambre ∙ 3 personnes,Saas Fee - Valais
13/11/2024,12/04/2025,19/04/2025,1262.66,HFHZXP2,40 m² Appartement ∙ 1 chambre ∙ 3 personnes,Saas Fee - Valais
13/11/2024,19/04/2025,26/04/2025,1262.66,HFHZXP2,40 m² Appartement ∙ 1 chambre ∙ 3 personnes,Saas Fee - Valais
13/11/2024,16/11/2024,23/11/2024,808.00,HDHERM3,70 m² Appartement ∙ 2 chambres ∙ 6 personnes,Veysonnaz - Valais
13/11/2024,23/11/2024,30/11/2024,808.00,HDHERM3,70 m² Appartement ∙ 2 chambres ∙ 6 personnes,Veysonnaz - Valais
13/11/2024,30/11/2024,07/12/2024,996.00,HDHERM3,70 m² Appartement ∙ 2 chambres ∙ 6 personnes,Veysonnaz - Valais
13/11/2024,07/12/2024,14/12/2024,996.00,HDHERM3,70 m² Appartement ∙ 2 chambres ∙ 6 personnes,Veysonnaz - Valais
13/11/2024,14/12/2024,21/12/2024,996.00,HDHERM3,70 m² Appartement ∙ 2 chambres ∙ 6 personnes,Veysonnaz - Valais
13/11/2024,21/12/2024,28/12/2024,1989.00,HDHERM3,70 m² Appartement ∙ 2 chambres ∙ 6 personnes,Veysonnaz - Valais
13/11/2024,04/01/2025,11/01/2025,1291.00,HDHERM3,70 m² Appartement ∙ 2 chambres ∙ 6 personnes,Veysonnaz - Valais
13/11/2024,08/02/2025,15/02/2025,1701.00,HDHERM3,70 m² Appartement ∙ 2 chambres ∙ 6 personnes,Veysonnaz - Valais
13/11/2024,05/04/2025,12/04/2025,996.00,HDHERM3,70 m² Appartement ∙ 2 chambres ∙ 6 personnes,Veysonnaz - Valais
13/11/2024,12/04/2025,19/04/2025,1291.00,HDHERM3,70 m² Appartement ∙ 2 chambres ∙ 6 personnes,Veysonnaz - Valais
13/11/2024,19/04/2025,26/04/2025,1291.00,HDHERM3,70 m² Appartement ∙ 2 chambres ∙ 6 personnes,Veysonnaz - Valais
13/11/2024,26/04/2025,03/05/2025,996.00,HDHERM3,70 m² Appartement ∙ 2 chambres ∙ 6 personnes,Veysonnaz - Valais
13/11/2024,03/05/2025,10/05/2025,996.00,HDHERM3,70 m² Appartement ∙ 2 chambres ∙ 6 personnes,Veysonnaz - Valais
13/11/2024,10/05/2025,17/05/2025,996.00,HDHERM3,70 m² Appartement ∙ 2 chambres ∙ 6 personnes,Veysonnaz - Valais
13/11/2024,23/11/2024,30/11/2024,799.15,HD1L80F,36 m² Appartement ∙ 1 chambre ∙ 2 personnes,Saas Fee - Valais
13/11/2024,30/11/2024,07/12/2024,799.15,HD1L80F,36 m² Appartement ∙ 1 chambre ∙ 2 personnes,Saas Fee - Valais
13/11/2024,07/12/2024,14/12/2024,799.15,HD1L80F,36 m² Appartement ∙ 1 chambre ∙ 2 personnes,Saas Fee - Valais
13/11/2024,14/12/2024,21/12/2024,799.15,HD1L80F,36 m² Appartement ∙ 1 chambre ∙ 2 personnes,Saas Fee - Valais
13/11/2024,04/01/2025,11/01/2025,799.15,HD1L80F,36 m² Appartement ∙ 1 chambre ∙ 2 personnes,Saas Fee - Valais
13/11/2024,11/01/2025,18/01/2025,799.15,HD1L80F,36 m² Appartement ∙ 1 chambre ∙ 2 personnes,Saas Fee - Valais
13/11/2024,18/01/2025,25/01/2025,799.15,HD1L80F,36 m² Appartement ∙ 1 chambre ∙ 2 personnes,Saas Fee - Valais
13/11/2024,25/01/2025,01/02/2025,799.15,HD1L80F,36 m² Appartement ∙ 1 chambre ∙ 2 personnes,Saas Fee - Valais
13/11/2024,01/02/2025,08/02/2025,799.15,HD1L80F,36 m² Appartement ∙ 1 chambre ∙ 2 personnes,Saas Fee - Valais
13/11/2024,08/02/2025,15/02/2025,799.15,HD1L80F,36 m² Appartement ∙ 1 chambre ∙ 2 personnes,Saas Fee - Valais
13/11/2024,01/03/2025,08/03/2025,799.15,HD1L80F,36 m² Appartement ∙ 1 chambre ∙ 2 personnes,Saas Fee - Valais
13/11/2024,15/03/2025,22/03/2025,884.51,HD1L80F,36 m² Appartement ∙ 1 chambre ∙ 2 personnes,Saas Fee - Valais
13/11/2024,22/03/2025,29/03/2025,884.51,HD1L80F,36 m² Appartement ∙ 1 chambre ∙ 2 personnes,Saas Fee - Valais
13/11/2024,29/03/2025,05/04/2025,884.51,HD1L80F,36 m² Appartement ∙ 1 chambre ∙ 2 personnes,Saas Fee - Valais
13/11/2024,05/04/2025,12/04/2025,884.51,HD1L80F,36 m² Appartement ∙ 1 chambre ∙ 2 personnes,Saas Fee - Valais
13/11/2024,12/04/2025,19/04/2025,884.51,HD1L80F,36 m² Appartement ∙ 1 chambre ∙ 2 personnes,Saas Fee - Valais
13/11/2024,19/04/2025,26/04/2025,884.51,HD1L80F,36 m² Appartement ∙ 1 chambre ∙ 2 personnes,Saas Fee - Valais
13/11/2024,26/04/2025,03/05/2025,884.51,HD1L80F,36 m² Appartement ∙ 1 chambre ∙ 2 personnes,Saas Fee - Valais
13/11/2024,03/05/2025,10/05/2025,884.51,HD1L80F,36 m² Appartement ∙ 1 chambre ∙ 2 personnes,Saas Fee - Valais
13/11/2024,10/05/2025,17/05/2025,884.51,HD1L80F,36 m² Appartement ∙ 1 chambre ∙ 2 personnes,Saas Fee - Valais
13/11/2024,16/11/2024,23/11/2024,1575.98,H3MEUNK,73 m² Appartement ∙ 2 chambres ∙ 4 personnes,Saas Fee - Valais
13/11/2024,23/11/2024,30/11/2024,1575.98,H3MEUNK,73 m² Appartement ∙ 2 chambres ∙ 4 personnes,Saas Fee - Valais
13/11/2024,30/11/2024,07/12/2024,1575.98,H3MEUNK,73 m² Appartement ∙ 2 chambres ∙ 4 personnes,Saas Fee - Valais
13/11/2024,14/12/2024,21/12/2024,1575.98,H3MEUNK,73 m² Appartement ∙ 2 chambres ∙ 4 personnes,Saas Fee - Valais
13/11/2024,08/03/2025,15/03/2025,2215.30,H3MEUNK,73 m² Appartement ∙ 2 chambres ∙ 4 personnes,Saas Fee - Valais
13/11/2024,22/03/2025,29/03/2025,2215.30,H3MEUNK,73 m² Appartement ∙ 2 chambres ∙ 4 personnes,Saas Fee - Valais
13/11/2024,29/03/2025,05/04/2025,2215.30,H3MEUNK,73 m² Appartement ∙ 2 chambres ∙ 4 personnes,Saas Fee - Valais
13/11/2024,05/04/2025,12/04/2025,2215.30,H3MEUNK,73 m² Appartement ∙ 2 chambres ∙ 4 personnes,Saas Fee - Valais
13/11/2024,16/11/2024,23/11/2024,892.00,HFMUZLG,64 m² Appartement ∙ 1 chambre ∙ 4 personnes,Verbier - Bagnes - Valais
13/11/2024,23/11/2024,30/11/2024,892.00,HFMUZLG,64 m² Appartement ∙ 1 chambre ∙ 4 personnes,Verbier - Bagnes - Valais
13/11/2024,30/11/2024,07/12/2024,1097.00,HFMUZLG,64 m² Appartement ∙ 1 chambre ∙ 4 personnes,Verbier - Bagnes - Valais
13/11/2024,04/01/2025,11/01/2025,1522.00,HFMUZLG,64 m² Appartement ∙ 1 chambre ∙ 4 personnes,Verbier - Bagnes - Valais
13/11/2024,08/03/2025,15/03/2025,1522.00,HFMUZLG,64 m² Appartement ∙ 1 chambre ∙ 4 personnes,Verbier - Bagnes - Valais
13/11/2024,22/03/2025,29/03/2025,1097.00,HFMUZLG,64 m² Appartement ∙ 1 chambre ∙ 4 personnes,Verbier - Bagnes - Valais
13/11/2024,29/03/2025,05/04/2025,1097.00,HFMUZLG,64 m² Appartement ∙ 1 chambre ∙ 4 personnes,Verbier - Bagnes - Valais
13/11/2024,05/04/2025,12/04/2025,1097.00,HFMUZLG,64 m² Appartement ∙ 1 chambre ∙ 4 personnes,Verbier - Bagnes - Valais
13/11/2024,12/04/2025,19/04/2025,1522.00,HFMUZLG,64 m² Appartement ∙ 1 chambre ∙ 4 personnes,Verbier - Bagnes - Valais
13/11/2024,19/04/2025,26/04/2025,1522.00,HFMUZLG,64 m² Appartement ∙ 1 chambre ∙ 4 personnes,Verbier - Bagnes - Valais
13/11/2024,26/04/2025,03/05/2025,1097.00,HFMUZLG,64 m² Appartement ∙ 1 chambre ∙ 4 personnes,Verbier - Bagnes - Valais
13/11/2024,03/05/2025,10/05/2025,1097.00,HFMUZLG,64 m² Appartement ∙ 1 chambre ∙ 4 personnes,Verbier - Bagnes - Valais
13/11/2024,10/05/2025,17/05/2025,1097.00,HFMUZLG,64 m² Appartement ∙ 1 chambre ∙ 4 personnes,Verbier - Bagnes - Valais
13/11/2024,16/11/2024,23/11/2024,1993.00,HS43VP0,150 m² Maison de vacances ∙ 4 chambres ∙ 10 personnes,Zinal - Ayer - Valais
13/11/2024,23/11/2024,30/11/2024,1993.00,HS43VP0,150 m² Maison de vacances ∙ 4 chambres ∙ 10 personnes,Zinal - Ayer - Valais
13/11/2024,30/11/2024,07/12/2024,1993.00,HS43VP0,150 m² Maison de vacances ∙ 4 chambres ∙ 10 personnes,Zinal - Ayer - Valais
13/11/2024,07/12/2024,14/12/2024,1993.00,HS43VP0,150 m² Maison de vacances ∙ 4 chambres ∙ 10 personnes,Zinal - Ayer - Valais
13/11/2024,14/12/2024,21/12/2024,2297.00,HS43VP0,150 m² Maison de vacances ∙ 4 chambres ∙ 10 personnes,Zinal - Ayer - Valais
13/11/2024,04/01/2025,11/01/2025,2297.00,HS43VP0,150 m² Maison de vacances ∙ 4 chambres ∙ 10 personnes,Zinal - Ayer - Valais
13/11/2024,12/04/2025,19/04/2025,1993.00,HS43VP0,150 m² Maison de vacances ∙ 4 chambres ∙ 10 personnes,Zinal - Ayer - Valais
13/11/2024,19/04/2025,26/04/2025,1993.00,HS43VP0,150 m² Maison de vacances ∙ 4 chambres ∙ 10 personnes,Zinal - Ayer - Valais
13/11/2024,26/04/2025,03/05/2025,1993.00,HS43VP0,150 m² Maison de vacances ∙ 4 chambres ∙ 10 personnes,Zinal - Ayer - Valais
13/11/2024,03/05/2025,10/05/2025,1993.00,HS43VP0,150 m² Maison de vacances ∙ 4 chambres ∙ 10 personnes,Zinal - Ayer - Valais
13/11/2024,10/05/2025,17/05/2025,1993.00,HS43VP0,150 m² Maison de vacances ∙ 4 chambres ∙ 10 personnes,Zinal - Ayer - Valais
13/11/2024,16/11/2024,23/11/2024,914.17,H8FMKX0,Appartement ∙ 2 chambres ∙ 6 personnes,Goms - Valais
13/11/2024,23/11/2024,30/11/2024,919.93,H8FMKX0,Appartement ∙ 2 chambres ∙ 6 personnes,Goms - Valais
13/11/2024,08/03/2025,15/03/2025,1256.02,H8FMKX0,Appartement ∙ 2 chambres ∙ 6 personnes,Goms - Valais
13/11/2024,15/03/2025,22/03/2025,1163.84,H8FMKX0,Appartement ∙ 2 chambres ∙ 6 personnes,Goms - Valais
13/11/2024,22/03/2025,29/03/2025,1098.54,H8FMKX0,Appartement ∙ 2 chambres ∙ 6 personnes,Goms - Valais
13/11/2024,29/03/2025,05/04/2025,1107.18,H8FMKX0,Appartement ∙ 2 chambres ∙ 6 personnes,Goms - Valais
13/11/2024,05/04/2025,12/04/2025,1096.62,H8FMKX0,Appartement ∙ 2 chambres ∙ 6 personnes,Goms - Valais
13/11/2024,12/04/2025,19/04/2025,1138.87,H8FMKX0,Appartement ∙ 2 chambres ∙ 6 personnes,Goms - Valais
13/11/2024,19/04/2025,26/04/2025,1135.99,H8FMKX0,Appartement ∙ 2 chambres ∙ 6 personnes,Goms - Valais
13/11/2024,26/04/2025,03/05/2025,1023.64,H8FMKX0,Appartement ∙ 2 chambres ∙ 6 personnes,Goms - Valais
13/11/2024,03/05/2025,10/05/2025,985.23,H8FMKX0,Appartement ∙ 2 chambres ∙ 6 personnes,Goms - Valais
13/11/2024,10/05/2025,17/05/2025,1029.40,H8FMKX0,Appartement ∙ 2 chambres ∙ 6 personnes,Goms - Valais
13/11/2024,19/04/2025,26/04/2025,2832.71,HCZ0YR1,180 m² Chalet ∙ 4 chambres ∙ 8 personnes,Nendaz - Valais
13/11/2024,03/05/2025,10/05/2025,1954.18,HCZ0YR1,180 m² Chalet ∙ 4 chambres ∙ 8 personnes,Nendaz - Valais
13/11/2024,10/05/2025,17/05/2025,1954.18,HCZ0YR1,180 m² Chalet ∙ 4 chambres ∙ 8 personnes,Nendaz - Valais
13/11/2024,16/11/2024,23/11/2024,778.00,H6K0P4T,Appartement ∙ 1 chambre ∙ 4 personnes,Riddes - Valais
13/11/2024,23/11/2024,30/11/2024,778.00,H6K0P4T,Appartement ∙ 1 chambre ∙ 4 personnes,Riddes - Valais
13/11/2024,30/11/2024,07/12/2024,778.00,H6K0P4T,Appartement ∙ 1 chambre ∙ 4 personnes,Riddes - Valais
13/11/2024,07/12/2024,14/12/2024,866.00,H6K0P4T,Appartement ∙ 1 chambre ∙ 4 personnes,Riddes - Valais
13/11/2024,14/12/2024,21/12/2024,1159.00,H6K0P4T,Appartement ∙ 1 chambre ∙ 4 personnes,Riddes - Valais
13/11/2024,11/01/2025,18/01/2025,866.00,H6K0P4T,Appartement ∙ 1 chambre ∙ 4 personnes,Riddes - Valais
13/11/2024,18/01/2025,25/01/2025,866.00,H6K0P4T,Appartement ∙ 1 chambre ∙ 4 personnes,Riddes - Valais
13/11/2024,25/01/2025,01/02/2025,1159.00,H6K0P4T,Appartement ∙ 1 chambre ∙ 4 personnes,Riddes - Valais
13/11/2024,01/03/2025,08/03/2025,1569.00,H6K0P4T,Appartement ∙ 1 chambre ∙ 4 personnes,Riddes - Valais
13/11/2024,15/03/2025,22/03/2025,1159.00,H6K0P4T,Appartement ∙ 1 chambre ∙ 4 personnes,Riddes - Valais
13/11/2024,22/03/2025,29/03/2025,983.00,H6K0P4T,Appartement ∙ 1 chambre ∙ 4 personnes,Riddes - Valais
13/11/2024,29/03/2025,05/04/2025,983.00,H6K0P4T,Appartement ∙ 1 chambre ∙ 4 personnes,Riddes - Valais
13/11/2024,05/04/2025,12/04/2025,983.00,H6K0P4T,Appartement ∙ 1 chambre ∙ 4 personnes,Riddes - Valais
13/11/2024,12/04/2025,19/04/2025,983.00,H6K0P4T,Appartement ∙ 1 chambre ∙ 4 personnes,Riddes - Valais
13/11/2024,19/04/2025,26/04/2025,983.00,H6K0P4T,Appartement ∙ 1 chambre ∙ 4 personnes,Riddes - Valais
13/11/2024,26/04/2025,03/05/2025,778.00,H6K0P4T,Appartement ∙ 1 chambre ∙ 4 personnes,Riddes - Valais
13/11/2024,03/05/2025,10/05/2025,778.00,H6K0P4T,Appartement ∙ 1 chambre ∙ 4 personnes,Riddes - Valais
13/11/2024,10/05/2025,17/05/2025,778.00,H6K0P4T,Appartement ∙ 1 chambre ∙ 4 personnes,Riddes - Valais
13/11/2024,16/11/2024,23/11/2024,746.87,HUA64X1,Appartement ∙ 5 personnes,Grächen - Valais
13/11/2024,23/11/2024,30/11/2024,746.87,HUA64X1,Appartement ∙ 5 personnes,Grächen - Valais
13/11/2024,30/11/2024,07/12/2024,746.87,HUA64X1,Appartement ∙ 5 personnes,Grächen - Valais
13/11/2024,07/12/2024,14/12/2024,746.87,HUA64X1,Appartement ∙ 5 personnes,Grächen - Valais
13/11/2024,14/12/2024,21/12/2024,746.87,HUA64X1,Appartement ∙ 5 personnes,Grächen - Valais
13/11/2024,11/01/2025,18/01/2025,746.87,HUA64X1,Appartement ∙ 5 personnes,Grächen - Valais
13/11/2024,18/01/2025,25/01/2025,746.87,HUA64X1,Appartement ∙ 5 personnes,Grächen - Valais
13/11/2024,22/02/2025,01/03/2025,1082.96,HUA64X1,Appartement ∙ 5 personnes,Grächen - Valais
13/11/2024,22/03/2025,29/03/2025,746.87,HUA64X1,Appartement ∙ 5 personnes,Grächen - Valais
13/11/2024,29/03/2025,05/04/2025,746.87,HUA64X1,Appartement ∙ 5 personnes,Grächen - Valais
13/11/2024,05/04/2025,12/04/2025,746.87,HUA64X1,Appartement ∙ 5 personnes,Grächen - Valais
13/11/2024,12/04/2025,19/04/2025,1082.96,HUA64X1,Appartement ∙ 5 personnes,Grächen - Valais
13/11/2024,19/04/2025,26/04/2025,1082.96,HUA64X1,Appartement ∙ 5 personnes,Grächen - Valais
13/11/2024,26/04/2025,03/05/2025,746.87,HUA64X1,Appartement ∙ 5 personnes,Grächen - Valais
13/11/2024,03/05/2025,10/05/2025,746.87,HUA64X1,Appartement ∙ 5 personnes,Grächen - Valais
13/11/2024,29/03/2025,05/04/2025,2026.31,HWAY03C,60 m² Appartement ∙ 1 chambre ∙ 4 personnes,Saas Fee - Valais
13/11/2024,26/04/2025,03/05/2025,1289.95,HWAY03C,60 m² Appartement ∙ 1 chambre ∙ 4 personnes,Saas Fee - Valais
13/11/2024,10/05/2025,17/05/2025,942.12,HWAY03C,60 m² Appartement ∙ 1 chambre ∙ 4 personnes,Saas Fee - Valais
13/11/2024,16/11/2024,23/11/2024,714.00,HPJFNHL,52 m² Appartement ∙ 1 chambre ∙ 4 personnes,Ovronnaz - Leytron - Valais
13/11/2024,23/11/2024,30/11/2024,714.00,HPJFNHL,52 m² Appartement ∙ 1 chambre ∙ 4 personnes,Ovronnaz - Leytron - Valais
13/11/2024,30/11/2024,07/12/2024,714.00,HPJFNHL,52 m² Appartement ∙ 1 chambre ∙ 4 personnes,Ovronnaz - Leytron - Valais
13/11/2024,07/12/2024,14/12/2024,714.00,HPJFNHL,52 m² Appartement ∙ 1 chambre ∙ 4 personnes,Ovronnaz - Leytron - Valais
13/11/2024,14/12/2024,21/12/2024,714.00,HPJFNHL,52 m² Appartement ∙ 1 chambre ∙ 4 personnes,Ovronnaz - Leytron - Valais
13/11/2024,21/12/2024,28/12/2024,1207.00,HPJFNHL,52 m² Appartement ∙ 1 chambre ∙ 4 personnes,Ovronnaz - Leytron - Valais
13/11/2024,04/01/2025,11/01/2025,714.00,HPJFNHL,52 m² Appartement ∙ 1 chambre ∙ 4 personnes,Ovronnaz - Leytron - Valais
13/11/2024,08/02/2025,15/02/2025,828.00,HPJFNHL,52 m² Appartement ∙ 1 chambre ∙ 4 personnes,Ovronnaz - Leytron - Valais
13/11/2024,15/02/2025,22/02/2025,1336.00,HPJFNHL,52 m² Appartement ∙ 1 chambre ∙ 4 personnes,Ovronnaz - Leytron - Valais
13/11/2024,22/02/2025,01/03/2025,1336.00,HPJFNHL,52 m² Appartement ∙ 1 chambre ∙ 4 personnes,Ovronnaz - Leytron - Valais
13/11/2024,01/03/2025,08/03/2025,1336.00,HPJFNHL,52 m² Appartement ∙ 1 chambre ∙ 4 personnes,Ovronnaz - Leytron - Valais
13/11/2024,15/03/2025,22/03/2025,714.00,HPJFNHL,52 m² Appartement ∙ 1 chambre ∙ 4 personnes,Ovronnaz - Leytron - Valais
13/11/2024,22/03/2025,29/03/2025,714.00,HPJFNHL,52 m² Appartement ∙ 1 chambre ∙ 4 personnes,Ovronnaz - Leytron - Valais
13/11/2024,29/03/2025,05/04/2025,714.00,HPJFNHL,52 m² Appartement ∙ 1 chambre ∙ 4 personnes,Ovronnaz - Leytron - Valais
13/11/2024,05/04/2025,12/04/2025,714.00,HPJFNHL,52 m² Appartement ∙ 1 chambre ∙ 4 personnes,Ovronnaz - Leytron - Valais
13/11/2024,12/04/2025,19/04/2025,714.00,HPJFNHL,52 m² Appartement ∙ 1 chambre ∙ 4 personnes,Ovronnaz - Leytron - Valais
13/11/2024,19/04/2025,26/04/2025,714.00,HPJFNHL,52 m² Appartement ∙ 1 chambre ∙ 4 personnes,Ovronnaz - Leytron - Valais
13/11/2024,26/04/2025,03/05/2025,714.00,HPJFNHL,52 m² Appartement ∙ 1 chambre ∙ 4 personnes,Ovronnaz - Leytron - Valais
13/11/2024,03/05/2025,10/05/2025,714.00,HPJFNHL,52 m² Appartement ∙ 1 chambre ∙ 4 personnes,Ovronnaz - Leytron - Valais
13/11/2024,21/12/2024,28/12/2024,1458.77,HGV8Z01,Edelweiss,EdelweissSaas-Balen - Valais
13/11/2024,04/01/2025,11/01/2025,547.77,HGV8Z01,Edelweiss,EdelweissSaas-Balen - Valais
13/11/2024,11/01/2025,18/01/2025,547.77,HGV8Z01,Edelweiss,EdelweissSaas-Balen - Valais
13/11/2024,18/01/2025,25/01/2025,1165.77,HGV8Z01,Edelweiss,EdelweissSaas-Balen - Valais
13/11/2024,25/01/2025,01/02/2025,1165.77,HGV8Z01,Edelweiss,EdelweissSaas-Balen - Valais
13/11/2024,01/02/2025,08/02/2025,1205.77,HGV8Z01,Edelweiss,EdelweissSaas-Balen - Valais
13/11/2024,08/02/2025,15/02/2025,1246.77,HGV8Z01,Edelweiss,EdelweissSaas-Balen - Valais
13/11/2024,15/02/2025,22/02/2025,1246.77,HGV8Z01,Edelweiss,EdelweissSaas-Balen - Valais
13/11/2024,22/02/2025,01/03/2025,1165.77,HGV8Z01,Edelweiss,EdelweissSaas-Balen - Valais
13/11/2024,01/03/2025,08/03/2025,1165.77,HGV8Z01,Edelweiss,EdelweissSaas-Balen - Valais
13/11/2024,08/03/2025,15/03/2025,669.77,HGV8Z01,Edelweiss,EdelweissSaas-Balen - Valais
13/11/2024,15/03/2025,22/03/2025,669.77,HGV8Z01,Edelweiss,EdelweissSaas-Balen - Valais
13/11/2024,22/03/2025,29/03/2025,669.77,HGV8Z01,Edelweiss,EdelweissSaas-Balen - Valais
13/11/2024,29/03/2025,05/04/2025,669.77,HGV8Z01,Edelweiss,EdelweissSaas-Balen - Valais
13/11/2024,05/04/2025,12/04/2025,669.77,HGV8Z01,Edelweiss,EdelweissSaas-Balen - Valais
13/11/2024,12/04/2025,19/04/2025,1205.77,HGV8Z01,Edelweiss,EdelweissSaas-Balen - Valais
13/11/2024,19/04/2025,26/04/2025,1205.77,HGV8Z01,Edelweiss,EdelweissSaas-Balen - Valais
13/11/2024,16/11/2024,23/11/2024,1044.00,HWYB17M,60 m² Appartement ∙ 2 chambres ∙ 4 personnes,Saas Fee - Valais
13/11/2024,23/11/2024,30/11/2024,1044.00,HWYB17M,60 m² Appartement ∙ 2 chambres ∙ 4 personnes,Saas Fee - Valais
13/11/2024,30/11/2024,07/12/2024,965.00,HWYB17M,60 m² Appartement ∙ 2 chambres ∙ 4 personnes,Saas Fee - Valais
13/11/2024,07/12/2024,14/12/2024,965.00,HWYB17M,60 m² Appartement ∙ 2 chambres ∙ 4 personnes,Saas Fee - Valais
13/11/2024,14/12/2024,21/12/2024,965.00,HWYB17M,60 m² Appartement ∙ 2 chambres ∙ 4 personnes,Saas Fee - Valais
13/11/2024,21/12/2024,28/12/2024,1686.00,HWYB17M,60 m² Appartement ∙ 2 chambres ∙ 4 personnes,Saas Fee - Valais
13/11/2024,18/01/2025,25/01/2025,965.00,HWYB17M,60 m² Appartement ∙ 2 chambres ∙ 4 personnes,Saas Fee - Valais
13/11/2024,25/01/2025,01/02/2025,1686.00,HWYB17M,60 m² Appartement ∙ 2 chambres ∙ 4 personnes,Saas Fee - Valais
13/11/2024,01/02/2025,08/02/2025,1686.00,HWYB17M,60 m² Appartement ∙ 2 chambres ∙ 4 personnes,Saas Fee - Valais
13/11/2024,08/02/2025,15/02/2025,1686.00,HWYB17M,60 m² Appartement ∙ 2 chambres ∙ 4 personnes,Saas Fee - Valais
13/11/2024,22/02/2025,01/03/2025,1686.00,HWYB17M,60 m² Appartement ∙ 2 chambres ∙ 4 personnes,Saas Fee - Valais
13/11/2024,08/03/2025,15/03/2025,1686.00,HWYB17M,60 m² Appartement ∙ 2 chambres ∙ 4 personnes,Saas Fee - Valais
13/11/2024,15/03/2025,22/03/2025,1231.00,HWYB17M,60 m² Appartement ∙ 2 chambres ∙ 4 personnes,Saas Fee - Valais
13/11/2024,22/03/2025,29/03/2025,1231.00,HWYB17M,60 m² Appartement ∙ 2 chambres ∙ 4 personnes,Saas Fee - Valais
13/11/2024,05/04/2025,12/04/2025,1435.00,HWYB17M,60 m² Appartement ∙ 2 chambres ∙ 4 personnes,Saas Fee - Valais
13/11/2024,19/04/2025,26/04/2025,1435.00,HWYB17M,60 m² Appartement ∙ 2 chambres ∙ 4 personnes,Saas Fee - Valais
13/11/2024,26/04/2025,03/05/2025,1100.00,HWYB17M,60 m² Appartement ∙ 2 chambres ∙ 4 personnes,Saas Fee - Valais
13/11/2024,03/05/2025,10/05/2025,965.00,HWYB17M,60 m² Appartement ∙ 2 chambres ∙ 4 personnes,Saas Fee - Valais
13/11/2024,10/05/2025,17/05/2025,965.00,HWYB17M,60 m² Appartement ∙ 2 chambres ∙ 4 personnes,Saas Fee - Valais
13/11/2024,30/11/2024,07/12/2024,1354.00,HK2XJM8,87 m² Maison de vacances ∙ 3 chambres ∙ 6 personnes,Crans-Montana - Valais
13/11/2024,07/12/2024,14/12/2024,1354.00,HK2XJM8,87 m² Maison de vacances ∙ 3 chambres ∙ 6 personnes,Crans-Montana - Valais
13/11/2024,14/12/2024,21/12/2024,1354.00,HK2XJM8,87 m² Maison de vacances ∙ 3 chambres ∙ 6 personnes,Crans-Montana - Valais
13/11/2024,21/12/2024,28/12/2024,2674.00,HK2XJM8,87 m² Maison de vacances ∙ 3 chambres ∙ 6 personnes,Crans-Montana - Valais
13/11/2024,04/01/2025,11/01/2025,1695.00,HK2XJM8,87 m² Maison de vacances ∙ 3 chambres ∙ 6 personnes,Crans-Montana - Valais
13/11/2024,11/01/2025,18/01/2025,1695.00,HK2XJM8,87 m² Maison de vacances ∙ 3 chambres ∙ 6 personnes,Crans-Montana - Valais
13/11/2024,18/01/2025,25/01/2025,1695.00,HK2XJM8,87 m² Maison de vacances ∙ 3 chambres ∙ 6 personnes,Crans-Montana - Valais
13/11/2024,25/01/2025,01/02/2025,1832.00,HK2XJM8,87 m² Maison de vacances ∙ 3 chambres ∙ 6 personnes,Crans-Montana - Valais
13/11/2024,01/02/2025,08/02/2025,1908.00,HK2XJM8,87 m² Maison de vacances ∙ 3 chambres ∙ 6 personnes,Crans-Montana - Valais
13/11/2024,08/02/2025,15/02/2025,2245.00,HK2XJM8,87 m² Maison de vacances ∙ 3 chambres ∙ 6 personnes,Crans-Montana - Valais
13/11/2024,01/03/2025,08/03/2025,2245.00,HK2XJM8,87 m² Maison de vacances ∙ 3 chambres ∙ 6 personnes,Crans-Montana - Valais
13/11/2024,08/03/2025,15/03/2025,1354.00,HK2XJM8,87 m² Maison de vacances ∙ 3 chambres ∙ 6 personnes,Crans-Montana - Valais
13/11/2024,15/03/2025,22/03/2025,1354.00,HK2XJM8,87 m² Maison de vacances ∙ 3 chambres ∙ 6 personnes,Crans-Montana - Valais
13/11/2024,22/03/2025,29/03/2025,1354.00,HK2XJM8,87 m² Maison de vacances ∙ 3 chambres ∙ 6 personnes,Crans-Montana - Valais
13/11/2024,29/03/2025,05/04/2025,1354.00,HK2XJM8,87 m² Maison de vacances ∙ 3 chambres ∙ 6 personnes,Crans-Montana - Valais
13/11/2024,05/04/2025,12/04/2025,1354.00,HK2XJM8,87 m² Maison de vacances ∙ 3 chambres ∙ 6 personnes,Crans-Montana - Valais
13/11/2024,12/04/2025,19/04/2025,1695.00,HK2XJM8,87 m² Maison de vacances ∙ 3 chambres ∙ 6 personnes,Crans-Montana - Valais
13/11/2024,19/04/2025,26/04/2025,1695.00,HK2XJM8,87 m² Maison de vacances ∙ 3 chambres ∙ 6 personnes,Crans-Montana - Valais
13/11/2024,26/04/2025,03/05/2025,1354.00,HK2XJM8,87 m² Maison de vacances ∙ 3 chambres ∙ 6 personnes,Crans-Montana - Valais
13/11/2024,03/05/2025,10/05/2025,1354.00,HK2XJM8,87 m² Maison de vacances ∙ 3 chambres ∙ 6 personnes,Crans-Montana - Valais
13/11/2024,10/05/2025,17/05/2025,1354.00,HK2XJM8,87 m² Maison de vacances ∙ 3 chambres ∙ 6 personnes,Crans-Montana - Valais
13/11/2024,07/12/2024,14/12/2024,1001.00,HP07GJK,Appartement ∙ 1 chambre ∙ 5 personnes,Vex - Valais
13/11/2024,14/12/2024,21/12/2024,1001.00,HP07GJK,Appartement ∙ 1 chambre ∙ 5 personnes,Vex - Valais
13/11/2024,21/12/2024,28/12/2024,1572.00,HP07GJK,Appartement ∙ 1 chambre ∙ 5 personnes,Vex - Valais
13/11/2024,04/01/2025,11/01/2025,1001.00,HP07GJK,Appartement ∙ 1 chambre ∙ 5 personnes,Vex - Valais
13/11/2024,11/01/2025,18/01/2025,1001.00,HP07GJK,Appartement ∙ 1 chambre ∙ 5 personnes,Vex - Valais
13/11/2024,18/01/2025,25/01/2025,1001.00,HP07GJK,Appartement ∙ 1 chambre ∙ 5 personnes,Vex - Valais
13/11/2024,08/02/2025,15/02/2025,1001.00,HP07GJK,Appartement ∙ 1 chambre ∙ 5 personnes,Vex - Valais
13/11/2024,22/02/2025,01/03/2025,1572.00,HP07GJK,Appartement ∙ 1 chambre ∙ 5 personnes,Vex - Valais
13/11/2024,01/03/2025,08/03/2025,1572.00,HP07GJK,Appartement ∙ 1 chambre ∙ 5 personnes,Vex - Valais
13/11/2024,08/03/2025,15/03/2025,1409.00,HP07GJK,Appartement ∙ 1 chambre ∙ 5 personnes,Vex - Valais
13/11/2024,15/03/2025,22/03/2025,1001.00,HP07GJK,Appartement ∙ 1 chambre ∙ 5 personnes,Vex - Valais
13/11/2024,22/03/2025,29/03/2025,1001.00,HP07GJK,Appartement ∙ 1 chambre ∙ 5 personnes,Vex - Valais
13/11/2024,29/03/2025,05/04/2025,1001.00,HP07GJK,Appartement ∙ 1 chambre ∙ 5 personnes,Vex - Valais
13/11/2024,05/04/2025,12/04/2025,1001.00,HP07GJK,Appartement ∙ 1 chambre ∙ 5 personnes,Vex - Valais
13/11/2024,12/04/2025,19/04/2025,1001.00,HP07GJK,Appartement ∙ 1 chambre ∙ 5 personnes,Vex - Valais
13/11/2024,19/04/2025,26/04/2025,1001.00,HP07GJK,Appartement ∙ 1 chambre ∙ 5 personnes,Vex - Valais
13/11/2024,16/11/2024,23/11/2024,1368.14,HWZJLP5,44 m² Appartement ∙ 1 chambre ∙ 3 personnes,Saas Fee - Valais
13/11/2024,23/11/2024,30/11/2024,1368.14,HWZJLP5,44 m² Appartement ∙ 1 chambre ∙ 3 personnes,Saas Fee - Valais
13/11/2024,30/11/2024,07/12/2024,1368.14,HWZJLP5,44 m² Appartement ∙ 1 chambre ∙ 3 personnes,Saas Fee - Valais
13/11/2024,07/12/2024,14/12/2024,1390.97,HWZJLP5,44 m² Appartement ∙ 1 chambre ∙ 3 personnes,Saas Fee - Valais
13/11/2024,14/12/2024,21/12/2024,1527.95,HWZJLP5,44 m² Appartement ∙ 1 chambre ∙ 3 personnes,Saas Fee - Valais
13/11/2024,04/01/2025,11/01/2025,1448.04,HWZJLP5,44 m² Appartement ∙ 1 chambre ∙ 3 personnes,Saas Fee - Valais
13/11/2024,11/01/2025,18/01/2025,1448.04,HWZJLP5,44 m² Appartement ∙ 1 chambre ∙ 3 personnes,Saas Fee - Valais
13/11/2024,01/02/2025,08/02/2025,1527.95,HWZJLP5,44 m² Appartement ∙ 1 chambre ∙ 3 personnes,Saas Fee - Valais
13/11/2024,22/02/2025,01/03/2025,1927.45,HWZJLP5,44 m² Appartement ∙ 1 chambre ∙ 3 personnes,Saas Fee - Valais
13/11/2024,01/03/2025,08/03/2025,1927.45,HWZJLP5,44 m² Appartement ∙ 1 chambre ∙ 3 personnes,Saas Fee - Valais
13/11/2024,08/03/2025,15/03/2025,1607.85,HWZJLP5,44 m² Appartement ∙ 1 chambre ∙ 3 personnes,Saas Fee - Valais
13/11/2024,15/03/2025,22/03/2025,1368.14,HWZJLP5,44 m² Appartement ∙ 1 chambre ∙ 3 personnes,Saas Fee - Valais
13/11/2024,22/03/2025,29/03/2025,1368.14,HWZJLP5,44 m² Appartement ∙ 1 chambre ∙ 3 personnes,Saas Fee - Valais
13/11/2024,29/03/2025,05/04/2025,1368.14,HWZJLP5,44 m² Appartement ∙ 1 chambre ∙ 3 personnes,Saas Fee - Valais
13/11/2024,05/04/2025,12/04/2025,1368.14,HWZJLP5,44 m² Appartement ∙ 1 chambre ∙ 3 personnes,Saas Fee - Valais
13/11/2024,16/11/2024,23/11/2024,1075.31,HCHYE8L,72 m² Appartement ∙ 2 chambres ∙ 4 personnes,Loèche-les-Bains - Valais
13/11/2024,23/11/2024,30/11/2024,1075.31,HCHYE8L,72 m² Appartement ∙ 2 chambres ∙ 4 personnes,Loèche-les-Bains - Valais
13/11/2024,30/11/2024,07/12/2024,1075.31,HCHYE8L,72 m² Appartement ∙ 2 chambres ∙ 4 personnes,Loèche-les-Bains - Valais
13/11/2024,18/01/2025,25/01/2025,1344.14,HCHYE8L,72 m² Appartement ∙ 2 chambres ∙ 4 personnes,Loèche-les-Bains - Valais
13/11/2024,25/01/2025,01/02/2025,1702.58,HCHYE8L,72 m² Appartement ∙ 2 chambres ∙ 4 personnes,Loèche-les-Bains - Valais
13/11/2024,08/02/2025,15/02/2025,1702.58,HCHYE8L,72 m² Appartement ∙ 2 chambres ∙ 4 personnes,Loèche-les-Bains - Valais
13/11/2024,08/03/2025,15/03/2025,1209.73,HCHYE8L,72 m² Appartement ∙ 2 chambres ∙ 4 personnes,Loèche-les-Bains - Valais
13/11/2024,15/03/2025,22/03/2025,1209.73,HCHYE8L,72 m² Appartement ∙ 2 chambres ∙ 4 personnes,Loèche-les-Bains - Valais
13/11/2024,22/03/2025,29/03/2025,1209.73,HCHYE8L,72 m² Appartement ∙ 2 chambres ∙ 4 personnes,Loèche-les-Bains - Valais
13/11/2024,29/03/2025,05/04/2025,1209.73,HCHYE8L,72 m² Appartement ∙ 2 chambres ∙ 4 personnes,Loèche-les-Bains - Valais
13/11/2024,05/04/2025,12/04/2025,1209.73,HCHYE8L,72 m² Appartement ∙ 2 chambres ∙ 4 personnes,Loèche-les-Bains - Valais
13/11/2024,12/04/2025,19/04/2025,1209.73,HCHYE8L,72 m² Appartement ∙ 2 chambres ∙ 4 personnes,Loèche-les-Bains - Valais
13/11/2024,19/04/2025,26/04/2025,1209.73,HCHYE8L,72 m² Appartement ∙ 2 chambres ∙ 4 personnes,Loèche-les-Bains - Valais
13/11/2024,26/04/2025,03/05/2025,1075.31,HCHYE8L,72 m² Appartement ∙ 2 chambres ∙ 4 personnes,Loèche-les-Bains - Valais
13/11/2024,16/11/2024,23/11/2024,1179.86,HC098BV,70 m² Appartement ∙ 2 chambres ∙ 6 personnes,Loèche-les-Bains - Valais
13/11/2024,23/11/2024,30/11/2024,1179.86,HC098BV,70 m² Appartement ∙ 2 chambres ∙ 6 personnes,Loèche-les-Bains - Valais
13/11/2024,30/11/2024,07/12/2024,1179.86,HC098BV,70 m² Appartement ∙ 2 chambres ∙ 6 personnes,Loèche-les-Bains - Valais
13/11/2024,07/12/2024,14/12/2024,1179.86,HC098BV,70 m² Appartement ∙ 2 chambres ∙ 6 personnes,Loèche-les-Bains - Valais
13/11/2024,16/11/2024,23/11/2024,2657.02,H52ZRMX,170 m² Maison de vacances ∙ 4 chambres ∙ 8 personnes,Nendaz - Valais
13/11/2024,07/12/2024,14/12/2024,2252.71,H52ZRMX,170 m² Maison de vacances ∙ 4 chambres ∙ 8 personnes,Nendaz - Valais
13/11/2024,14/12/2024,21/12/2024,2893.92,H52ZRMX,170 m² Maison de vacances ∙ 4 chambres ∙ 8 personnes,Nendaz - Valais
13/11/2024,05/04/2025,12/04/2025,3740.57,H52ZRMX,170 m² Maison de vacances ∙ 4 chambres ∙ 8 personnes,Nendaz - Valais
13/11/2024,12/04/2025,19/04/2025,2826.80,H52ZRMX,170 m² Maison de vacances ∙ 4 chambres ∙ 8 personnes,Nendaz - Valais
13/11/2024,19/04/2025,26/04/2025,2583.63,H52ZRMX,170 m² Maison de vacances ∙ 4 chambres ∙ 8 personnes,Nendaz - Valais
13/11/2024,26/04/2025,03/05/2025,2252.71,H52ZRMX,170 m² Maison de vacances ∙ 4 chambres ∙ 8 personnes,Nendaz - Valais
13/11/2024,03/05/2025,10/05/2025,2252.71,H52ZRMX,170 m² Maison de vacances ∙ 4 chambres ∙ 8 personnes,Nendaz - Valais
13/11/2024,10/05/2025,17/05/2025,2252.71,H52ZRMX,170 m² Maison de vacances ∙ 4 chambres ∙ 8 personnes,Nendaz - Valais
13/11/2024,05/04/2025,12/04/2025,1454.34,HC0LAWK,40 m² Appartement ∙ 1 chambre ∙ 4 personnes,Saas Fee - Valais
13/11/2024,19/04/2025,26/04/2025,1694.04,HC0LAWK,40 m² Appartement ∙ 1 chambre ∙ 4 personnes,Saas Fee - Valais
13/11/2024,16/11/2024,23/11/2024,1411.69,H1RPHA3,100 m² Maison de vacances ∙ 3 chambres ∙ 8 personnes,Nendaz - Valais
13/11/2024,23/11/2024,30/11/2024,1411.69,H1RPHA3,100 m² Maison de vacances ∙ 3 chambres ∙ 8 personnes,Nendaz - Valais
13/11/2024,30/11/2024,07/12/2024,1411.69,H1RPHA3,100 m² Maison de vacances ∙ 3 chambres ∙ 8 personnes,Nendaz - Valais
13/11/2024,07/12/2024,14/12/2024,1411.69,H1RPHA3,100 m² Maison de vacances ∙ 3 chambres ∙ 8 personnes,Nendaz - Valais
13/11/2024,14/12/2024,21/12/2024,1411.69,H1RPHA3,100 m² Maison de vacances ∙ 3 chambres ∙ 8 personnes,Nendaz - Valais
13/11/2024,11/01/2025,18/01/2025,1496.02,H1RPHA3,100 m² Maison de vacances ∙ 3 chambres ∙ 8 personnes,Nendaz - Valais
13/11/2024,22/03/2025,29/03/2025,1229.52,H1RPHA3,100 m² Maison de vacances ∙ 3 chambres ∙ 8 personnes,Nendaz - Valais
13/11/2024,29/03/2025,05/04/2025,1145.19,H1RPHA3,100 m² Maison de vacances ∙ 3 chambres ∙ 8 personnes,Nendaz - Valais
13/11/2024,05/04/2025,12/04/2025,1145.19,H1RPHA3,100 m² Maison de vacances ∙ 3 chambres ∙ 8 personnes,Nendaz - Valais
13/11/2024,12/04/2025,19/04/2025,1229.52,H1RPHA3,100 m² Maison de vacances ∙ 3 chambres ∙ 8 personnes,Nendaz - Valais
13/11/2024,19/04/2025,26/04/2025,1229.52,H1RPHA3,100 m² Maison de vacances ∙ 3 chambres ∙ 8 personnes,Nendaz - Valais
13/11/2024,16/11/2024,23/11/2024,887.00,HGD5UB8,72 m² Appartement ∙ 2 chambres ∙ 4 personnes,Crans-Montana - Valais
13/11/2024,23/11/2024,30/11/2024,887.00,HGD5UB8,72 m² Appartement ∙ 2 chambres ∙ 4 personnes,Crans-Montana - Valais
13/11/2024,30/11/2024,07/12/2024,1147.00,HGD5UB8,72 m² Appartement ∙ 2 chambres ∙ 4 personnes,Crans-Montana - Valais
13/11/2024,07/12/2024,14/12/2024,1147.00,HGD5UB8,72 m² Appartement ∙ 2 chambres ∙ 4 personnes,Crans-Montana - Valais
13/11/2024,14/12/2024,21/12/2024,1147.00,HGD5UB8,72 m² Appartement ∙ 2 chambres ∙ 4 personnes,Crans-Montana - Valais
13/11/2024,21/12/2024,28/12/2024,2421.00,HGD5UB8,72 m² Appartement ∙ 2 chambres ∙ 4 personnes,Crans-Montana - Valais
13/11/2024,15/02/2025,22/02/2025,2421.00,HGD5UB8,72 m² Appartement ∙ 2 chambres ∙ 4 personnes,Crans-Montana - Valais
13/11/2024,01/03/2025,08/03/2025,2018.00,HGD5UB8,72 m² Appartement ∙ 2 chambres ∙ 4 personnes,Crans-Montana - Valais
13/11/2024,22/03/2025,29/03/2025,1147.00,HGD5UB8,72 m² Appartement ∙ 2 chambres ∙ 4 personnes,Crans-Montana - Valais
13/11/2024,29/03/2025,05/04/2025,1147.00,HGD5UB8,72 m² Appartement ∙ 2 chambres ∙ 4 personnes,Crans-Montana - Valais
13/11/2024,05/04/2025,12/04/2025,1147.00,HGD5UB8,72 m² Appartement ∙ 2 chambres ∙ 4 personnes,Crans-Montana - Valais
13/11/2024,12/04/2025,19/04/2025,1405.00,HGD5UB8,72 m² Appartement ∙ 2 chambres ∙ 4 personnes,Crans-Montana - Valais
13/11/2024,19/04/2025,26/04/2025,1405.00,HGD5UB8,72 m² Appartement ∙ 2 chambres ∙ 4 personnes,Crans-Montana - Valais
13/11/2024,26/04/2025,03/05/2025,1147.00,HGD5UB8,72 m² Appartement ∙ 2 chambres ∙ 4 personnes,Crans-Montana - Valais
13/11/2024,03/05/2025,10/05/2025,1147.00,HGD5UB8,72 m² Appartement ∙ 2 chambres ∙ 4 personnes,Crans-Montana - Valais
13/11/2024,10/05/2025,17/05/2025,1147.00,HGD5UB8,72 m² Appartement ∙ 2 chambres ∙ 4 personnes,Crans-Montana - Valais
13/11/2024,14/12/2024,21/12/2024,1617.24,HSMX7NZ,Appartement ∙ 3 chambres ∙ 6 personnes,Grächen - Valais
13/11/2024,04/01/2025,11/01/2025,1617.24,HSMX7NZ,Appartement ∙ 3 chambres ∙ 6 personnes,Grächen - Valais
13/11/2024,22/03/2025,29/03/2025,1617.24,HSMX7NZ,Appartement ∙ 3 chambres ∙ 6 personnes,Grächen - Valais
13/11/2024,29/03/2025,05/04/2025,1179.43,HSMX7NZ,Appartement ∙ 3 chambres ∙ 6 personnes,Grächen - Valais
13/11/2024,05/04/2025,12/04/2025,1106.46,HSMX7NZ,Appartement ∙ 3 chambres ∙ 6 personnes,Grächen - Valais
13/11/2024,12/04/2025,19/04/2025,1106.46,HSMX7NZ,Appartement ∙ 3 chambres ∙ 6 personnes,Grächen - Valais
13/11/2024,19/04/2025,26/04/2025,851.29,HSMX7NZ,Appartement ∙ 3 chambres ∙ 6 personnes,Grächen - Valais
13/11/2024,26/04/2025,03/05/2025,851.29,HSMX7NZ,Appartement ∙ 3 chambres ∙ 6 personnes,Grächen - Valais
13/11/2024,03/05/2025,10/05/2025,851.29,HSMX7NZ,Appartement ∙ 3 chambres ∙ 6 personnes,Grächen - Valais
13/11/2024,10/05/2025,17/05/2025,851.29,HSMX7NZ,Appartement ∙ 3 chambres ∙ 6 personnes,Grächen - Valais
13/11/2024,23/11/2024,30/11/2024,947.47,H5FZPX2,80 m² Appartement ∙ 2 chambres ∙ 4 personnes,La Lenk - Berne
13/11/2024,30/11/2024,07/12/2024,1273.65,H5FZPX2,80 m² Appartement ∙ 2 chambres ∙ 4 personnes,La Lenk - Berne
13/11/2024,07/12/2024,14/12/2024,1328.01,H5FZPX2,80 m² Appartement ∙ 2 chambres ∙ 4 personnes,La Lenk - Berne
13/11/2024,15/03/2025,22/03/2025,1328.01,H5FZPX2,80 m² Appartement ∙ 2 chambres ∙ 4 personnes,La Lenk - Berne
13/11/2024,22/03/2025,29/03/2025,1328.01,H5FZPX2,80 m² Appartement ∙ 2 chambres ∙ 4 personnes,La Lenk - Berne
13/11/2024,29/03/2025,05/04/2025,1212.63,H5FZPX2,80 m² Appartement ∙ 2 chambres ∙ 4 personnes,La Lenk - Berne
13/11/2024,05/04/2025,12/04/2025,1126.09,H5FZPX2,80 m² Appartement ∙ 2 chambres ∙ 4 personnes,La Lenk - Berne
13/11/2024,12/04/2025,19/04/2025,1126.09,H5FZPX2,80 m² Appartement ∙ 2 chambres ∙ 4 personnes,La Lenk - Berne
13/11/2024,19/04/2025,26/04/2025,1126.09,H5FZPX2,80 m² Appartement ∙ 2 chambres ∙ 4 personnes,La Lenk - Berne
13/11/2024,26/04/2025,03/05/2025,1126.09,H5FZPX2,80 m² Appartement ∙ 2 chambres ∙ 4 personnes,La Lenk - Berne
13/11/2024,03/05/2025,10/05/2025,1126.09,H5FZPX2,80 m² Appartement ∙ 2 chambres ∙ 4 personnes,La Lenk - Berne
13/11/2024,10/05/2025,17/05/2025,1126.09,H5FZPX2,80 m² Appartement ∙ 2 chambres ∙ 4 personnes,La Lenk - Berne
13/11/2024,22/03/2025,29/03/2025,771.07,H39SJ8U,Appartement ∙ 1 chambre ∙ 4 personnes,Adelboden - Berne
13/11/2024,29/03/2025,05/04/2025,771.07,H39SJ8U,Appartement ∙ 1 chambre ∙ 4 personnes,Adelboden - Berne
13/11/2024,05/04/2025,12/04/2025,771.07,H39SJ8U,Appartement ∙ 1 chambre ∙ 4 personnes,Adelboden - Berne
13/11/2024,12/04/2025,19/04/2025,771.07,H39SJ8U,Appartement ∙ 1 chambre ∙ 4 personnes,Adelboden - Berne
13/11/2024,19/04/2025,26/04/2025,664.39,H39SJ8U,Appartement ∙ 1 chambre ∙ 4 personnes,Adelboden - Berne
13/11/2024,26/04/2025,03/05/2025,584.38,H39SJ8U,Appartement ∙ 1 chambre ∙ 4 personnes,Adelboden - Berne
13/11/2024,03/05/2025,10/05/2025,584.38,H39SJ8U,Appartement ∙ 1 chambre ∙ 4 personnes,Adelboden - Berne
13/11/2024,10/05/2025,17/05/2025,584.38,H39SJ8U,Appartement ∙ 1 chambre ∙ 4 personnes,Adelboden - Berne
13/11/2024,30/11/2024,07/12/2024,608.06,HGVPCNL,Appartement ∙ 1 chambre ∙ 5 personnes,Kandersteg - Berne
13/11/2024,07/12/2024,14/12/2024,608.06,HGVPCNL,Appartement ∙ 1 chambre ∙ 5 personnes,Kandersteg - Berne
13/11/2024,14/12/2024,21/12/2024,608.06,HGVPCNL,Appartement ∙ 1 chambre ∙ 5 personnes,Kandersteg - Berne
13/11/2024,18/01/2025,25/01/2025,608.06,HGVPCNL,Appartement ∙ 1 chambre ∙ 5 personnes,Kandersteg - Berne
13/11/2024,25/01/2025,01/02/2025,608.06,HGVPCNL,Appartement ∙ 1 chambre ∙ 5 personnes,Kandersteg - Berne
13/11/2024,01/02/2025,08/02/2025,608.06,HGVPCNL,Appartement ∙ 1 chambre ∙ 5 personnes,Kandersteg - Berne
13/11/2024,08/02/2025,15/02/2025,608.06,HGVPCNL,Appartement ∙ 1 chambre ∙ 5 personnes,Kandersteg - Berne
13/11/2024,15/02/2025,22/02/2025,608.06,HGVPCNL,Appartement ∙ 1 chambre ∙ 5 personnes,Kandersteg - Berne
13/11/2024,22/02/2025,01/03/2025,608.06,HGVPCNL,Appartement ∙ 1 chambre ∙ 5 personnes,Kandersteg - Berne
13/11/2024,01/03/2025,08/03/2025,608.06,HGVPCNL,Appartement ∙ 1 chambre ∙ 5 personnes,Kandersteg - Berne
13/11/2024,08/03/2025,15/03/2025,608.06,HGVPCNL,Appartement ∙ 1 chambre ∙ 5 personnes,Kandersteg - Berne
13/11/2024,29/03/2025,05/04/2025,475.78,HGVPCNL,Appartement ∙ 1 chambre ∙ 5 personnes,Kandersteg - Berne
13/11/2024,05/04/2025,12/04/2025,453.38,HGVPCNL,Appartement ∙ 1 chambre ∙ 5 personnes,Kandersteg - Berne
13/11/2024,12/04/2025,19/04/2025,453.38,HGVPCNL,Appartement ∙ 1 chambre ∙ 5 personnes,Kandersteg - Berne
13/11/2024,19/04/2025,26/04/2025,453.38,HGVPCNL,Appartement ∙ 1 chambre ∙ 5 personnes,Kandersteg - Berne
13/11/2024,26/04/2025,03/05/2025,453.38,HGVPCNL,Appartement ∙ 1 chambre ∙ 5 personnes,Kandersteg - Berne
13/11/2024,03/05/2025,10/05/2025,453.38,HGVPCNL,Appartement ∙ 1 chambre ∙ 5 personnes,Kandersteg - Berne
13/11/2024,10/05/2025,17/05/2025,453.38,HGVPCNL,Appartement ∙ 1 chambre ∙ 5 personnes,Kandersteg - Berne
13/11/2024,08/03/2025,15/03/2025,1076.38,HGV1TUY,Appartement ∙ 2 chambres ∙ 4 personnes,Kandersteg - Berne
13/11/2024,29/03/2025,05/04/2025,1076.38,HGV1TUY,Appartement ∙ 2 chambres ∙ 4 personnes,Kandersteg - Berne
13/11/2024,05/04/2025,12/04/2025,1076.38,HGV1TUY,Appartement ∙ 2 chambres ∙ 4 personnes,Kandersteg - Berne
13/11/2024,12/04/2025,19/04/2025,1076.38,HGV1TUY,Appartement ∙ 2 chambres ∙ 4 personnes,Kandersteg - Berne
13/11/2024,19/04/2025,26/04/2025,1076.38,HGV1TUY,Appartement ∙ 2 chambres ∙ 4 personnes,Kandersteg - Berne
13/11/2024,26/04/2025,03/05/2025,1076.38,HGV1TUY,Appartement ∙ 2 chambres ∙ 4 personnes,Kandersteg - Berne
13/11/2024,03/05/2025,10/05/2025,1076.38,HGV1TUY,Appartement ∙ 2 chambres ∙ 4 personnes,Kandersteg - Berne
13/11/2024,10/05/2025,17/05/2025,1076.38,HGV1TUY,Appartement ∙ 2 chambres ∙ 4 personnes,Kandersteg - Berne
13/11/2024,16/11/2024,23/11/2024,1993.00,HS43VP0,150 m² Maison de vacances ∙ 4 chambres ∙ 10 personnes,Zinal - Ayer - Valais
13/11/2024,23/11/2024,30/11/2024,1993.00,HS43VP0,150 m² Maison de vacances ∙ 4 chambres ∙ 10 personnes,Zinal - Ayer - Valais
13/11/2024,30/11/2024,07/12/2024,1993.00,HS43VP0,150 m² Maison de vacances ∙ 4 chambres ∙ 10 personnes,Zinal - Ayer - Valais
13/11/2024,07/12/2024,14/12/2024,1993.00,HS43VP0,150 m² Maison de vacances ∙ 4 chambres ∙ 10 personnes,Zinal - Ayer - Valais
13/11/2024,14/12/2024,21/12/2024,2297.00,HS43VP0,150 m² Maison de vacances ∙ 4 chambres ∙ 10 personnes,Zinal - Ayer - Valais
13/11/2024,04/01/2025,11/01/2025,2297.00,HS43VP0,150 m² Maison de vacances ∙ 4 chambres ∙ 10 personnes,Zinal - Ayer - Valais
13/11/2024,12/04/2025,19/04/2025,1993.00,HS43VP0,150 m² Maison de vacances ∙ 4 chambres ∙ 10 personnes,Zinal - Ayer - Valais
13/11/2024,19/04/2025,26/04/2025,1993.00,HS43VP0,150 m² Maison de vacances ∙ 4 chambres ∙ 10 personnes,Zinal - Ayer - Valais
13/11/2024,26/04/2025,03/05/2025,1993.00,HS43VP0,150 m² Maison de vacances ∙ 4 chambres ∙ 10 personnes,Zinal - Ayer - Valais
13/11/2024,03/05/2025,10/05/2025,1993.00,HS43VP0,150 m² Maison de vacances ∙ 4 chambres ∙ 10 personnes,Zinal - Ayer - Valais
13/11/2024,10/05/2025,17/05/2025,1993.00,HS43VP0,150 m² Maison de vacances ∙ 4 chambres ∙ 10 personnes,Zinal - Ayer - Valais
13/11/2024,16/11/2024,23/11/2024,469.00,H6YAT9K,28 m² Appartement ∙ 1 chambre ∙ 2 personnes,Zinal - Ayer - Valais
13/11/2024,23/11/2024,30/11/2024,469.00,H6YAT9K,28 m² Appartement ∙ 1 chambre ∙ 2 personnes,Zinal - Ayer - Valais
13/11/2024,30/11/2024,07/12/2024,568.00,H6YAT9K,28 m² Appartement ∙ 1 chambre ∙ 2 personnes,Zinal - Ayer - Valais
13/11/2024,07/12/2024,14/12/2024,568.00,H6YAT9K,28 m² Appartement ∙ 1 chambre ∙ 2 personnes,Zinal - Ayer - Valais
13/11/2024,14/12/2024,21/12/2024,689.00,H6YAT9K,28 m² Appartement ∙ 1 chambre ∙ 2 personnes,Zinal - Ayer - Valais
13/11/2024,11/01/2025,18/01/2025,689.00,H6YAT9K,28 m² Appartement ∙ 1 chambre ∙ 2 personnes,Zinal - Ayer - Valais
13/11/2024,08/02/2025,15/02/2025,825.00,H6YAT9K,28 m² Appartement ∙ 1 chambre ∙ 2 personnes,Zinal - Ayer - Valais
13/11/2024,22/02/2025,01/03/2025,1015.00,H6YAT9K,28 m² Appartement ∙ 1 chambre ∙ 2 personnes,Zinal - Ayer - Valais
13/11/2024,08/03/2025,15/03/2025,825.00,H6YAT9K,28 m² Appartement ∙ 1 chambre ∙ 2 personnes,Zinal - Ayer - Valais
13/11/2024,15/03/2025,22/03/2025,689.00,H6YAT9K,28 m² Appartement ∙ 1 chambre ∙ 2 personnes,Zinal - Ayer - Valais
13/11/2024,12/04/2025,19/04/2025,568.00,H6YAT9K,28 m² Appartement ∙ 1 chambre ∙ 2 personnes,Zinal - Ayer - Valais
13/11/2024,19/04/2025,26/04/2025,568.00,H6YAT9K,28 m² Appartement ∙ 1 chambre ∙ 2 personnes,Zinal - Ayer - Valais
13/11/2024,26/04/2025,03/05/2025,568.00,H6YAT9K,28 m² Appartement ∙ 1 chambre ∙ 2 personnes,Zinal - Ayer - Valais
13/11/2024,03/05/2025,10/05/2025,568.00,H6YAT9K,28 m² Appartement ∙ 1 chambre ∙ 2 personnes,Zinal - Ayer - Valais
13/11/2024,10/05/2025,17/05/2025,568.00,H6YAT9K,28 m² Appartement ∙ 1 chambre ∙ 2 personnes,Zinal - Ayer - Valais
13/11/2024,16/11/2024,23/11/2024,1101.98,HAW3PSD,54 m² Appartement ∙ 2 chambres ∙ 5 personnes,Zinal - Ayer - Valais
13/11/2024,23/11/2024,30/11/2024,1101.98,HAW3PSD,54 m² Appartement ∙ 2 chambres ∙ 5 personnes,Zinal - Ayer - Valais
13/11/2024,30/11/2024,07/12/2024,1101.98,HAW3PSD,54 m² Appartement ∙ 2 chambres ∙ 5 personnes,Zinal - Ayer - Valais
13/11/2024,07/12/2024,14/12/2024,1101.98,HAW3PSD,54 m² Appartement ∙ 2 chambres ∙ 5 personnes,Zinal - Ayer - Valais
13/11/2024,14/12/2024,21/12/2024,1101.98,HAW3PSD,54 m² Appartement ∙ 2 chambres ∙ 5 personnes,Zinal - Ayer - Valais
13/11/2024,11/01/2025,18/01/2025,1101.98,HAW3PSD,54 m² Appartement ∙ 2 chambres ∙ 5 personnes,Zinal - Ayer - Valais
13/11/2024,18/01/2025,25/01/2025,1101.98,HAW3PSD,54 m² Appartement ∙ 2 chambres ∙ 5 personnes,Zinal - Ayer - Valais
13/11/2024,25/01/2025,01/02/2025,1101.98,HAW3PSD,54 m² Appartement ∙ 2 chambres ∙ 5 personnes,Zinal - Ayer - Valais
13/11/2024,16/11/2024,23/11/2024,1500.00,HDZV9EN,Maison de vacances ∙ 3 chambres ∙ 6 personnes,Zinal - Ayer - Valais
13/11/2024,23/11/2024,30/11/2024,1500.00,HDZV9EN,Maison de vacances ∙ 3 chambres ∙ 6 personnes,Zinal - Ayer - Valais
13/11/2024,30/11/2024,07/12/2024,1500.00,HDZV9EN,Maison de vacances ∙ 3 chambres ∙ 6 personnes,Zinal - Ayer - Valais
13/11/2024,07/12/2024,14/12/2024,1500.00,HDZV9EN,Maison de vacances ∙ 3 chambres ∙ 6 personnes,Zinal - Ayer - Valais
13/11/2024,14/12/2024,21/12/2024,1804.00,HDZV9EN,Maison de vacances ∙ 3 chambres ∙ 6 personnes,Zinal - Ayer - Valais
13/11/2024,04/01/2025,11/01/2025,1804.00,HDZV9EN,Maison de vacances ∙ 3 chambres ∙ 6 personnes,Zinal - Ayer - Valais
13/11/2024,11/01/2025,18/01/2025,1804.00,HDZV9EN,Maison de vacances ∙ 3 chambres ∙ 6 personnes,Zinal - Ayer - Valais
13/11/2024,18/01/2025,25/01/2025,1804.00,HDZV9EN,Maison de vacances ∙ 3 chambres ∙ 6 personnes,Zinal - Ayer - Valais
13/11/2024,22/03/2025,29/03/2025,1804.00,HDZV9EN,Maison de vacances ∙ 3 chambres ∙ 6 personnes,Zinal - Ayer - Valais
13/11/2024,29/03/2025,05/04/2025,1804.00,HDZV9EN,Maison de vacances ∙ 3 chambres ∙ 6 personnes,Zinal - Ayer - Valais
13/11/2024,05/04/2025,12/04/2025,1500.00,HDZV9EN,Maison de vacances ∙ 3 chambres ∙ 6 personnes,Zinal - Ayer - Valais
13/11/2024,26/04/2025,03/05/2025,1500.00,HDZV9EN,Maison de vacances ∙ 3 chambres ∙ 6 personnes,Zinal - Ayer - Valais
13/11/2024,03/05/2025,10/05/2025,1500.00,HDZV9EN,Maison de vacances ∙ 3 chambres ∙ 6 personnes,Zinal - Ayer - Valais
13/11/2024,10/05/2025,17/05/2025,1500.00,HDZV9EN,Maison de vacances ∙ 3 chambres ∙ 6 personnes,Zinal - Ayer - Valais
13/11/2024,30/11/2024,07/12/2024,1602.00,HGB6MA1,Maison de vacances ∙ 3 chambres ∙ 6 personnes,Zinal - Ayer - Valais
13/11/2024,07/12/2024,14/12/2024,1602.00,HGB6MA1,Maison de vacances ∙ 3 chambres ∙ 6 personnes,Zinal - Ayer - Valais
13/11/2024,14/12/2024,21/12/2024,1830.00,HGB6MA1,Maison de vacances ∙ 3 chambres ∙ 6 personnes,Zinal - Ayer - Valais
13/11/2024,18/01/2025,25/01/2025,1830.00,HGB6MA1,Maison de vacances ∙ 3 chambres ∙ 6 personnes,Zinal - Ayer - Valais
13/11/2024,01/02/2025,08/02/2025,1944.00,HGB6MA1,Maison de vacances ∙ 3 chambres ∙ 6 personnes,Zinal - Ayer - Valais
13/11/2024,08/03/2025,15/03/2025,1944.00,HGB6MA1,Maison de vacances ∙ 3 chambres ∙ 6 personnes,Zinal - Ayer - Valais
13/11/2024,15/03/2025,22/03/2025,1830.00,HGB6MA1,Maison de vacances ∙ 3 chambres ∙ 6 personnes,Zinal - Ayer - Valais
13/11/2024,22/03/2025,29/03/2025,1830.00,HGB6MA1,Maison de vacances ∙ 3 chambres ∙ 6 personnes,Zinal - Ayer - Valais
13/11/2024,29/03/2025,05/04/2025,1830.00,HGB6MA1,Maison de vacances ∙ 3 chambres ∙ 6 personnes,Zinal - Ayer - Valais
13/11/2024,05/04/2025,12/04/2025,1602.00,HGB6MA1,Maison de vacances ∙ 3 chambres ∙ 6 personnes,Zinal - Ayer - Valais
13/11/2024,12/04/2025,19/04/2025,1602.00,HGB6MA1,Maison de vacances ∙ 3 chambres ∙ 6 personnes,Zinal - Ayer - Valais
13/11/2024,19/04/2025,26/04/2025,1602.00,HGB6MA1,Maison de vacances ∙ 3 chambres ∙ 6 personnes,Zinal - Ayer - Valais
13/11/2024,26/04/2025,03/05/2025,1602.00,HGB6MA1,Maison de vacances ∙ 3 chambres ∙ 6 personnes,Zinal - Ayer - Valais
13/11/2024,03/05/2025,10/05/2025,1602.00,HGB6MA1,Maison de vacances ∙ 3 chambres ∙ 6 personnes,Zinal - Ayer - Valais
13/11/2024,10/05/2025,17/05/2025,1602.00,HGB6MA1,Maison de vacances ∙ 3 chambres ∙ 6 personnes,Zinal - Ayer - Valais
13/11/2024,16/11/2024,23/11/2024,1382.00,HFCVA6T,85 m² Appartement ∙ 3 chambres ∙ 6 personnes,Zinal - Ayer - Valais
13/11/2024,23/11/2024,30/11/2024,1382.00,HFCVA6T,85 m² Appartement ∙ 3 chambres ∙ 6 personnes,Zinal - Ayer - Valais
13/11/2024,30/11/2024,07/12/2024,1382.00,HFCVA6T,85 m² Appartement ∙ 3 chambres ∙ 6 personnes,Zinal - Ayer - Valais
13/11/2024,07/12/2024,14/12/2024,1382.00,HFCVA6T,85 m² Appartement ∙ 3 chambres ∙ 6 personnes,Zinal - Ayer - Valais
13/11/2024,04/01/2025,11/01/2025,1587.00,HFCVA6T,85 m² Appartement ∙ 3 chambres ∙ 6 personnes,Zinal - Ayer - Valais
13/11/2024,08/03/2025,15/03/2025,1731.00,HFCVA6T,85 m² Appartement ∙ 3 chambres ∙ 6 personnes,Zinal - Ayer - Valais
13/11/2024,15/03/2025,22/03/2025,1587.00,HFCVA6T,85 m² Appartement ∙ 3 chambres ∙ 6 personnes,Zinal - Ayer - Valais
13/11/2024,22/03/2025,29/03/2025,1587.00,HFCVA6T,85 m² Appartement ∙ 3 chambres ∙ 6 personnes,Zinal - Ayer - Valais
13/11/2024,29/03/2025,05/04/2025,1587.00,HFCVA6T,85 m² Appartement ∙ 3 chambres ∙ 6 personnes,Zinal - Ayer - Valais
13/11/2024,05/04/2025,12/04/2025,1382.00,HFCVA6T,85 m² Appartement ∙ 3 chambres ∙ 6 personnes,Zinal - Ayer - Valais
13/11/2024,26/04/2025,03/05/2025,1382.00,HFCVA6T,85 m² Appartement ∙ 3 chambres ∙ 6 personnes,Zinal - Ayer - Valais
13/11/2024,03/05/2025,10/05/2025,1382.00,HFCVA6T,85 m² Appartement ∙ 3 chambres ∙ 6 personnes,Zinal - Ayer - Valais
13/11/2024,10/05/2025,17/05/2025,1382.00,HFCVA6T,85 m² Appartement ∙ 3 chambres ∙ 6 personnes,Zinal - Ayer - Valais
13/11/2024,14/12/2024,21/12/2024,688.00,HTJ0USD,2 room,2 roomZinal - Ayer - Valais
13/11/2024,11/01/2025,18/01/2025,804.00,HTJ0USD,2 room,2 roomZinal - Ayer - Valais
13/11/2024,18/01/2025,25/01/2025,953.00,HTJ0USD,2 room,2 roomZinal - Ayer - Valais
13/11/2024,25/01/2025,01/02/2025,1054.00,HTJ0USD,2 room,2 roomZinal - Ayer - Valais
13/11/2024,01/02/2025,08/02/2025,1509.00,HTJ0USD,2 room,2 roomZinal - Ayer - Valais
13/11/2024,08/02/2025,15/02/2025,1551.00,HTJ0USD,2 room,2 roomZinal - Ayer - Valais
13/11/2024,22/02/2025,01/03/2025,2290.00,HTJ0USD,2 room,2 roomZinal - Ayer - Valais
13/11/2024,08/03/2025,15/03/2025,1054.00,HTJ0USD,2 room,2 roomZinal - Ayer - Valais
13/11/2024,15/03/2025,22/03/2025,918.00,HTJ0USD,2 room,2 roomZinal - Ayer - Valais
13/11/2024,22/03/2025,29/03/2025,918.00,HTJ0USD,2 room,2 roomZinal - Ayer - Valais
13/11/2024,29/03/2025,05/04/2025,804.00,HTJ0USD,2 room,2 roomZinal - Ayer - Valais
13/11/2024,05/04/2025,12/04/2025,1054.00,HTJ0USD,2 room,2 roomZinal - Ayer - Valais
13/11/2024,12/04/2025,19/04/2025,918.00,HTJ0USD,2 room,2 roomZinal - Ayer - Valais
13/11/2024,16/11/2024,23/11/2024,1748.45,HXPKEVZ,74 m² Appartement ∙ 2 chambres ∙ 5 personnes,Zinal - Ayer - Valais
13/11/2024,23/11/2024,30/11/2024,1748.45,HXPKEVZ,74 m² Appartement ∙ 2 chambres ∙ 5 personnes,Zinal - Ayer - Valais
13/11/2024,14/12/2024,21/12/2024,839.00,HMB9PYE,41 m² Appartement ∙ 1 chambre ∙ 4 personnes,Zinal - Ayer - Valais
13/11/2024,21/12/2024,28/12/2024,2229.00,HMB9PYE,41 m² Appartement ∙ 1 chambre ∙ 4 personnes,Zinal - Ayer - Valais
13/11/2024,28/12/2024,04/01/2025,2999.00,HMB9PYE,41 m² Appartement ∙ 1 chambre ∙ 4 personnes,Zinal - Ayer - Valais
13/11/2024,18/01/2025,25/01/2025,1169.00,HMB9PYE,41 m² Appartement ∙ 1 chambre ∙ 4 personnes,Zinal - Ayer - Valais
13/11/2024,25/01/2025,01/02/2025,1299.00,HMB9PYE,41 m² Appartement ∙ 1 chambre ∙ 4 personnes,Zinal - Ayer - Valais
13/11/2024,01/02/2025,08/02/2025,1859.00,HMB9PYE,41 m² Appartement ∙ 1 chambre ∙ 4 personnes,Zinal - Ayer - Valais
13/11/2024,08/02/2025,15/02/2025,1889.00,HMB9PYE,41 m² Appartement ∙ 1 chambre ∙ 4 personnes,Zinal - Ayer - Valais
13/11/2024,22/02/2025,01/03/2025,2999.00,HMB9PYE,41 m² Appartement ∙ 1 chambre ∙ 4 personnes,Zinal - Ayer - Valais
13/11/2024,01/03/2025,08/03/2025,2229.00,HMB9PYE,41 m² Appartement ∙ 1 chambre ∙ 4 personnes,Zinal - Ayer - Valais
13/11/2024,08/03/2025,15/03/2025,1299.00,HMB9PYE,41 m² Appartement ∙ 1 chambre ∙ 4 personnes,Zinal - Ayer - Valais
13/11/2024,22/03/2025,29/03/2025,1129.00,HMB9PYE,41 m² Appartement ∙ 1 chambre ∙ 4 personnes,Zinal - Ayer - Valais
13/11/2024,29/03/2025,05/04/2025,989.00,HMB9PYE,41 m² Appartement ∙ 1 chambre ∙ 4 personnes,Zinal - Ayer - Valais
13/11/2024,05/04/2025,12/04/2025,1299.00,HMB9PYE,41 m² Appartement ∙ 1 chambre ∙ 4 personnes,Zinal - Ayer - Valais
13/11/2024,12/04/2025,19/04/2025,1129.00,HMB9PYE,41 m² Appartement ∙ 1 chambre ∙ 4 personnes,Zinal - Ayer - Valais
13/11/2024,14/12/2024,21/12/2024,771.00,HPXV46D,34 m² Maison de vacances ∙ 1 chambre ∙ 4 personnes,Zinal - Ayer - Valais
13/11/2024,11/01/2025,18/01/2025,901.00,HPXV46D,34 m² Maison de vacances ∙ 1 chambre ∙ 4 personnes,Zinal - Ayer - Valais
13/11/2024,18/01/2025,25/01/2025,1068.00,HPXV46D,34 m² Maison de vacances ∙ 1 chambre ∙ 4 personnes,Zinal - Ayer - Valais
13/11/2024,01/02/2025,08/02/2025,1691.00,HPXV46D,34 m² Maison de vacances ∙ 1 chambre ∙ 4 personnes,Zinal - Ayer - Valais
13/11/2024,08/02/2025,15/02/2025,1738.00,HPXV46D,34 m² Maison de vacances ∙ 1 chambre ∙ 4 personnes,Zinal - Ayer - Valais
13/11/2024,22/02/2025,01/03/2025,2565.00,HPXV46D,34 m² Maison de vacances ∙ 1 chambre ∙ 4 personnes,Zinal - Ayer - Valais
13/11/2024,08/03/2025,15/03/2025,1181.00,HPXV46D,34 m² Maison de vacances ∙ 1 chambre ∙ 4 personnes,Zinal - Ayer - Valais
13/11/2024,15/03/2025,22/03/2025,1029.00,HPXV46D,34 m² Maison de vacances ∙ 1 chambre ∙ 4 personnes,Zinal - Ayer - Valais
13/11/2024,22/03/2025,29/03/2025,1029.00,HPXV46D,34 m² Maison de vacances ∙ 1 chambre ∙ 4 personnes,Zinal - Ayer - Valais
13/11/2024,29/03/2025,05/04/2025,901.00,HPXV46D,34 m² Maison de vacances ∙ 1 chambre ∙ 4 personnes,Zinal - Ayer - Valais
13/11/2024,05/04/2025,12/04/2025,1181.00,HPXV46D,34 m² Maison de vacances ∙ 1 chambre ∙ 4 personnes,Zinal - Ayer - Valais
13/11/2024,12/04/2025,19/04/2025,1029.00,HPXV46D,34 m² Maison de vacances ∙ 1 chambre ∙ 4 personnes,Zinal - Ayer - Valais
13/11/2024,16/11/2024,23/11/2024,526.00,HPKN8VZ,28 m² Maison de vacances ∙ 1 chambre ∙ 2 personnes,Zinal - Ayer - Valais
13/11/2024,23/11/2024,30/11/2024,637.00,HPKN8VZ,28 m² Maison de vacances ∙ 1 chambre ∙ 2 personnes,Zinal - Ayer - Valais
13/11/2024,30/11/2024,07/12/2024,637.00,HPKN8VZ,28 m² Maison de vacances ∙ 1 chambre ∙ 2 personnes,Zinal - Ayer - Valais
13/11/2024,07/12/2024,14/12/2024,637.00,HPKN8VZ,28 m² Maison de vacances ∙ 1 chambre ∙ 2 personnes,Zinal - Ayer - Valais
13/11/2024,14/12/2024,21/12/2024,772.00,HPKN8VZ,28 m² Maison de vacances ∙ 1 chambre ∙ 2 personnes,Zinal - Ayer - Valais
13/11/2024,08/02/2025,15/02/2025,924.00,HPKN8VZ,28 m² Maison de vacances ∙ 1 chambre ∙ 2 personnes,Zinal - Ayer - Valais
13/11/2024,22/02/2025,01/03/2025,1137.00,HPKN8VZ,28 m² Maison de vacances ∙ 1 chambre ∙ 2 personnes,Zinal - Ayer - Valais
13/11/2024,08/03/2025,15/03/2025,924.00,HPKN8VZ,28 m² Maison de vacances ∙ 1 chambre ∙ 2 personnes,Zinal - Ayer - Valais
13/11/2024,15/03/2025,22/03/2025,772.00,HPKN8VZ,28 m² Maison de vacances ∙ 1 chambre ∙ 2 personnes,Zinal - Ayer - Valais
13/11/2024,12/04/2025,19/04/2025,637.00,HPKN8VZ,28 m² Maison de vacances ∙ 1 chambre ∙ 2 personnes,Zinal - Ayer - Valais
13/11/2024,19/04/2025,26/04/2025,637.00,HPKN8VZ,28 m² Maison de vacances ∙ 1 chambre ∙ 2 personnes,Zinal - Ayer - Valais
13/11/2024,26/04/2025,03/05/2025,637.00,HPKN8VZ,28 m² Maison de vacances ∙ 1 chambre ∙ 2 personnes,Zinal - Ayer - Valais
13/11/2024,03/05/2025,10/05/2025,637.00,HPKN8VZ,28 m² Maison de vacances ∙ 1 chambre ∙ 2 personnes,Zinal - Ayer - Valais
13/11/2024,10/05/2025,17/05/2025,637.00,HPKN8VZ,28 m² Maison de vacances ∙ 1 chambre ∙ 2 personnes,Zinal - Ayer - Valais
13/11/2024,14/12/2024,21/12/2024,1185.00,HMWPBN5,54 m² Maison de vacances ∙ 2 chambres ∙ 6 personnes,Zinal - Ayer - Valais
13/11/2024,18/01/2025,25/01/2025,1650.00,HMWPBN5,54 m² Maison de vacances ∙ 2 chambres ∙ 6 personnes,Zinal - Ayer - Valais
13/11/2024,08/02/2025,15/02/2025,2833.00,HMWPBN5,54 m² Maison de vacances ∙ 2 chambres ∙ 6 personnes,Zinal - Ayer - Valais
13/11/2024,22/02/2025,01/03/2025,3966.00,HMWPBN5,54 m² Maison de vacances ∙ 2 chambres ∙ 6 personnes,Zinal - Ayer - Valais
13/11/2024,08/03/2025,15/03/2025,1826.00,HMWPBN5,54 m² Maison de vacances ∙ 2 chambres ∙ 6 personnes,Zinal - Ayer - Valais
13/11/2024,22/03/2025,29/03/2025,1589.00,HMWPBN5,54 m² Maison de vacances ∙ 2 chambres ∙ 6 personnes,Zinal - Ayer - Valais
13/11/2024,29/03/2025,05/04/2025,1385.00,HMWPBN5,54 m² Maison de vacances ∙ 2 chambres ∙ 6 personnes,Zinal - Ayer - Valais
13/11/2024,05/04/2025,12/04/2025,1826.00,HMWPBN5,54 m² Maison de vacances ∙ 2 chambres ∙ 6 personnes,Zinal - Ayer - Valais
13/11/2024,12/04/2025,19/04/2025,1589.00,HMWPBN5,54 m² Maison de vacances ∙ 2 chambres ∙ 6 personnes,Zinal - Ayer - Valais
13/11/2024,16/11/2024,23/11/2024,2233.00,HUDBMSA,150 m² Villa ∙ 4 chambres ∙ 10 personnes,Zinal - Ayer - Valais
13/11/2024,23/11/2024,30/11/2024,2233.00,HUDBMSA,150 m² Villa ∙ 4 chambres ∙ 10 personnes,Zinal - Ayer - Valais
13/11/2024,30/11/2024,07/12/2024,2233.00,HUDBMSA,150 m² Villa ∙ 4 chambres ∙ 10 personnes,Zinal - Ayer - Valais
13/11/2024,07/12/2024,14/12/2024,2233.00,HUDBMSA,150 m² Villa ∙ 4 chambres ∙ 10 personnes,Zinal - Ayer - Valais
13/11/2024,14/12/2024,21/12/2024,2573.00,HUDBMSA,150 m² Villa ∙ 4 chambres ∙ 10 personnes,Zinal - Ayer - Valais
13/11/2024,04/01/2025,11/01/2025,2573.00,HUDBMSA,150 m² Villa ∙ 4 chambres ∙ 10 personnes,Zinal - Ayer - Valais
13/11/2024,12/04/2025,19/04/2025,2233.00,HUDBMSA,150 m² Villa ∙ 4 chambres ∙ 10 personnes,Zinal - Ayer - Valais
13/11/2024,19/04/2025,26/04/2025,2233.00,HUDBMSA,150 m² Villa ∙ 4 chambres ∙ 10 personnes,Zinal - Ayer - Valais
13/11/2024,26/04/2025,03/05/2025,2233.00,HUDBMSA,150 m² Villa ∙ 4 chambres ∙ 10 personnes,Zinal - Ayer - Valais
13/11/2024,03/05/2025,10/05/2025,2233.00,HUDBMSA,150 m² Villa ∙ 4 chambres ∙ 10 personnes,Zinal - Ayer - Valais
13/11/2024,10/05/2025,17/05/2025,2233.00,HUDBMSA,150 m² Villa ∙ 4 chambres ∙ 10 personnes,Zinal - Ayer - Valais
13/11/2024,14/12/2024,21/12/2024,917.00,HJSXPGV,34 m² Maison de vacances ∙ 1 chambre ∙ 4 personnes,Zinal - Ayer - Valais
13/11/2024,21/12/2024,28/12/2024,2421.00,HJSXPGV,34 m² Maison de vacances ∙ 1 chambre ∙ 4 personnes,Zinal - Ayer - Valais
13/11/2024,18/01/2025,25/01/2025,1275.00,HJSXPGV,34 m² Maison de vacances ∙ 1 chambre ∙ 4 personnes,Zinal - Ayer - Valais
13/11/2024,01/02/2025,08/02/2025,2022.00,HJSXPGV,34 m² Maison de vacances ∙ 1 chambre ∙ 4 personnes,Zinal - Ayer - Valais
13/11/2024,08/02/2025,15/02/2025,2188.00,HJSXPGV,34 m² Maison de vacances ∙ 1 chambre ∙ 4 personnes,Zinal - Ayer - Valais
13/11/2024,15/02/2025,22/02/2025,3067.00,HJSXPGV,34 m² Maison de vacances ∙ 1 chambre ∙ 4 personnes,Zinal - Ayer - Valais
13/11/2024,22/02/2025,01/03/2025,3067.00,HJSXPGV,34 m² Maison de vacances ∙ 1 chambre ∙ 4 personnes,Zinal - Ayer - Valais
13/11/2024,01/03/2025,08/03/2025,2421.00,HJSXPGV,34 m² Maison de vacances ∙ 1 chambre ∙ 4 personnes,Zinal - Ayer - Valais
13/11/2024,08/03/2025,15/03/2025,1411.00,HJSXPGV,34 m² Maison de vacances ∙ 1 chambre ∙ 4 personnes,Zinal - Ayer - Valais
13/11/2024,22/03/2025,29/03/2025,1224.00,HJSXPGV,34 m² Maison de vacances ∙ 1 chambre ∙ 4 personnes,Zinal - Ayer - Valais
13/11/2024,29/03/2025,05/04/2025,1071.00,HJSXPGV,34 m² Maison de vacances ∙ 1 chambre ∙ 4 personnes,Zinal - Ayer - Valais
13/11/2024,05/04/2025,12/04/2025,1411.00,HJSXPGV,34 m² Maison de vacances ∙ 1 chambre ∙ 4 personnes,Zinal - Ayer - Valais
13/11/2024,12/04/2025,19/04/2025,1224.00,HJSXPGV,34 m² Maison de vacances ∙ 1 chambre ∙ 4 personnes,Zinal - Ayer - Valais
13/11/2024,30/11/2024,07/12/2024,1795.00,H6EW24U,Villa ∙ 1 chambre ∙ 6 personnes,Zinal - Ayer - Valais
13/11/2024,07/12/2024,14/12/2024,1795.00,H6EW24U,Villa ∙ 1 chambre ∙ 6 personnes,Zinal - Ayer - Valais
13/11/2024,14/12/2024,21/12/2024,2050.00,H6EW24U,Villa ∙ 1 chambre ∙ 6 personnes,Zinal - Ayer - Valais
13/11/2024,18/01/2025,25/01/2025,2050.00,H6EW24U,Villa ∙ 1 chambre ∙ 6 personnes,Zinal - Ayer - Valais
13/11/2024,01/02/2025,08/02/2025,2178.00,H6EW24U,Villa ∙ 1 chambre ∙ 6 personnes,Zinal - Ayer - Valais
13/11/2024,08/03/2025,15/03/2025,2178.00,H6EW24U,Villa ∙ 1 chambre ∙ 6 personnes,Zinal - Ayer - Valais
13/11/2024,15/03/2025,22/03/2025,2050.00,H6EW24U,Villa ∙ 1 chambre ∙ 6 personnes,Zinal - Ayer - Valais
13/11/2024,22/03/2025,29/03/2025,2050.00,H6EW24U,Villa ∙ 1 chambre ∙ 6 personnes,Zinal - Ayer - Valais
13/11/2024,29/03/2025,05/04/2025,2050.00,H6EW24U,Villa ∙ 1 chambre ∙ 6 personnes,Zinal - Ayer - Valais
13/11/2024,05/04/2025,12/04/2025,1795.00,H6EW24U,Villa ∙ 1 chambre ∙ 6 personnes,Zinal - Ayer - Valais
13/11/2024,12/04/2025,19/04/2025,1795.00,H6EW24U,Villa ∙ 1 chambre ∙ 6 personnes,Zinal - Ayer - Valais
13/11/2024,19/04/2025,26/04/2025,1795.00,H6EW24U,Villa ∙ 1 chambre ∙ 6 personnes,Zinal - Ayer - Valais
13/11/2024,26/04/2025,03/05/2025,1795.00,H6EW24U,Villa ∙ 1 chambre ∙ 6 personnes,Zinal - Ayer - Valais
13/11/2024,03/05/2025,10/05/2025,1795.00,H6EW24U,Villa ∙ 1 chambre ∙ 6 personnes,Zinal - Ayer - Valais
13/11/2024,10/05/2025,17/05/2025,1795.00,H6EW24U,Villa ∙ 1 chambre ∙ 6 personnes,Zinal - Ayer - Valais
13/11/2024,14/12/2024,21/12/2024,1076.00,H6UMWRH,54 m² Maison de vacances ∙ 1 chambre ∙ 6 personnes,Zinal - Ayer - Valais
13/11/2024,15/03/2025,22/03/2025,1436.00,H6UMWRH,54 m² Maison de vacances ∙ 1 chambre ∙ 6 personnes,Zinal - Ayer - Valais
13/11/2024,29/03/2025,05/04/2025,1257.00,H6UMWRH,54 m² Maison de vacances ∙ 1 chambre ∙ 6 personnes,Zinal - Ayer - Valais
13/11/2024,05/04/2025,12/04/2025,1657.00,H6UMWRH,54 m² Maison de vacances ∙ 1 chambre ∙ 6 personnes,Zinal - Ayer - Valais
13/11/2024,12/04/2025,19/04/2025,1436.00,H6UMWRH,54 m² Maison de vacances ∙ 1 chambre ∙ 6 personnes,Zinal - Ayer - Valais
13/11/2024,16/11/2024,23/11/2024,1680.00,HJV2ZK9,Villa ∙ 3 chambres ∙ 6 personnes,Zinal - Ayer - Valais
13/11/2024,23/11/2024,30/11/2024,1680.00,HJV2ZK9,Villa ∙ 3 chambres ∙ 6 personnes,Zinal - Ayer - Valais
13/11/2024,30/11/2024,07/12/2024,1680.00,HJV2ZK9,Villa ∙ 3 chambres ∙ 6 personnes,Zinal - Ayer - Valais
13/11/2024,07/12/2024,14/12/2024,1680.00,HJV2ZK9,Villa ∙ 3 chambres ∙ 6 personnes,Zinal - Ayer - Valais
13/11/2024,14/12/2024,21/12/2024,2021.00,HJV2ZK9,Villa ∙ 3 chambres ∙ 6 personnes,Zinal - Ayer - Valais
13/11/2024,04/01/2025,11/01/2025,2021.00,HJV2ZK9,Villa ∙ 3 chambres ∙ 6 personnes,Zinal - Ayer - Valais
13/11/2024,11/01/2025,18/01/2025,2021.00,HJV2ZK9,Villa ∙ 3 chambres ∙ 6 personnes,Zinal - Ayer - Valais
13/11/2024,18/01/2025,25/01/2025,2021.00,HJV2ZK9,Villa ∙ 3 chambres ∙ 6 personnes,Zinal - Ayer - Valais
13/11/2024,22/03/2025,29/03/2025,2021.00,HJV2ZK9,Villa ∙ 3 chambres ∙ 6 personnes,Zinal - Ayer - Valais
13/11/2024,29/03/2025,05/04/2025,2021.00,HJV2ZK9,Villa ∙ 3 chambres ∙ 6 personnes,Zinal - Ayer - Valais
13/11/2024,05/04/2025,12/04/2025,1680.00,HJV2ZK9,Villa ∙ 3 chambres ∙ 6 personnes,Zinal - Ayer - Valais
13/11/2024,26/04/2025,03/05/2025,1680.00,HJV2ZK9,Villa ∙ 3 chambres ∙ 6 personnes,Zinal - Ayer - Valais
13/11/2024,03/05/2025,10/05/2025,1680.00,HJV2ZK9,Villa ∙ 3 chambres ∙ 6 personnes,Zinal - Ayer - Valais
13/11/2024,10/05/2025,17/05/2025,1680.00,HJV2ZK9,Villa ∙ 3 chambres ∙ 6 personnes,Zinal - Ayer - Valais
13/11/2024,16/11/2024,23/11/2024,1548.00,H5B9ET1,85 m² Appartement ∙ 1 chambre ∙ 6 personnes,Zinal - Ayer - Valais
13/11/2024,23/11/2024,30/11/2024,1548.00,H5B9ET1,85 m² Appartement ∙ 1 chambre ∙ 6 personnes,Zinal - Ayer - Valais
13/11/2024,30/11/2024,07/12/2024,1548.00,H5B9ET1,85 m² Appartement ∙ 1 chambre ∙ 6 personnes,Zinal - Ayer - Valais
13/11/2024,07/12/2024,14/12/2024,1548.00,H5B9ET1,85 m² Appartement ∙ 1 chambre ∙ 6 personnes,Zinal - Ayer - Valais
13/11/2024,04/01/2025,11/01/2025,1778.00,H5B9ET1,85 m² Appartement ∙ 1 chambre ∙ 6 personnes,Zinal - Ayer - Valais
13/11/2024,08/03/2025,15/03/2025,1939.00,H5B9ET1,85 m² Appartement ∙ 1 chambre ∙ 6 personnes,Zinal - Ayer - Valais
13/11/2024,15/03/2025,22/03/2025,1778.00,H5B9ET1,85 m² Appartement ∙ 1 chambre ∙ 6 personnes,Zinal - Ayer - Valais
13/11/2024,22/03/2025,29/03/2025,1778.00,H5B9ET1,85 m² Appartement ∙ 1 chambre ∙ 6 personnes,Zinal - Ayer - Valais
13/11/2024,29/03/2025,05/04/2025,1778.00,H5B9ET1,85 m² Appartement ∙ 1 chambre ∙ 6 personnes,Zinal - Ayer - Valais
13/11/2024,05/04/2025,12/04/2025,1548.00,H5B9ET1,85 m² Appartement ∙ 1 chambre ∙ 6 personnes,Zinal - Ayer - Valais
13/11/2024,26/04/2025,03/05/2025,1548.00,H5B9ET1,85 m² Appartement ∙ 1 chambre ∙ 6 personnes,Zinal - Ayer - Valais
13/11/2024,03/05/2025,10/05/2025,1548.00,H5B9ET1,85 m² Appartement ∙ 1 chambre ∙ 6 personnes,Zinal - Ayer - Valais
13/11/2024,10/05/2025,17/05/2025,1548.00,H5B9ET1,85 m² Appartement ∙ 1 chambre ∙ 6 personnes,Zinal - Ayer - Valais
13/11/2024,14/12/2024,21/12/2024,1309.00,HNBD1US,52 m² Maison de vacances ∙ 2 chambres ∙ 6 personnes,Zinal - Ayer - Valais
13/11/2024,18/01/2025,25/01/2025,1813.00,HNBD1US,52 m² Maison de vacances ∙ 2 chambres ∙ 6 personnes,Zinal - Ayer - Valais
13/11/2024,08/02/2025,15/02/2025,2944.00,HNBD1US,52 m² Maison de vacances ∙ 2 chambres ∙ 6 personnes,Zinal - Ayer - Valais
13/11/2024,22/02/2025,01/03/2025,4357.00,HNBD1US,52 m² Maison de vacances ∙ 2 chambres ∙ 6 personnes,Zinal - Ayer - Valais
13/11/2024,08/03/2025,15/03/2025,2005.00,HNBD1US,52 m² Maison de vacances ∙ 2 chambres ∙ 6 personnes,Zinal - Ayer - Valais
13/11/2024,15/03/2025,22/03/2025,1742.00,HNBD1US,52 m² Maison de vacances ∙ 2 chambres ∙ 6 personnes,Zinal - Ayer - Valais
13/11/2024,22/03/2025,29/03/2025,1742.00,HNBD1US,52 m² Maison de vacances ∙ 2 chambres ∙ 6 personnes,Zinal - Ayer - Valais
13/11/2024,29/03/2025,05/04/2025,1529.00,HNBD1US,52 m² Maison de vacances ∙ 2 chambres ∙ 6 personnes,Zinal - Ayer - Valais
13/11/2024,05/04/2025,12/04/2025,2005.00,HNBD1US,52 m² Maison de vacances ∙ 2 chambres ∙ 6 personnes,Zinal - Ayer - Valais
13/11/2024,12/04/2025,19/04/2025,1742.00,HNBD1US,52 m² Maison de vacances ∙ 2 chambres ∙ 6 personnes,Zinal - Ayer - Valais
13/11/2024,16/11/2024,23/11/2024,1685.21,HLT4XN9,75 m² Maison de vacances ∙ 1 chambre ∙ 4 personnes,Evolène - Valais
13/11/2024,23/11/2024,30/11/2024,1685.21,HLT4XN9,75 m² Maison de vacances ∙ 1 chambre ∙ 4 personnes,Evolène - Valais
13/11/2024,14/12/2024,21/12/2024,1818.62,HLT4XN9,75 m² Maison de vacances ∙ 1 chambre ∙ 4 personnes,Evolène - Valais
13/11/2024,04/01/2025,11/01/2025,1818.62,HLT4XN9,75 m² Maison de vacances ∙ 1 chambre ∙ 4 personnes,Evolène - Valais
13/11/2024,18/01/2025,25/01/2025,1818.62,HLT4XN9,75 m² Maison de vacances ∙ 1 chambre ∙ 4 personnes,Evolène - Valais
13/11/2024,08/02/2025,15/02/2025,1818.62,HLT4XN9,75 m² Maison de vacances ∙ 1 chambre ∙ 4 personnes,Evolène - Valais
13/11/2024,15/02/2025,22/02/2025,1818.62,HLT4XN9,75 m² Maison de vacances ∙ 1 chambre ∙ 4 personnes,Evolène - Valais
13/11/2024,22/02/2025,01/03/2025,2005.40,HLT4XN9,75 m² Maison de vacances ∙ 1 chambre ∙ 4 personnes,Evolène - Valais
13/11/2024,01/03/2025,08/03/2025,2005.40,HLT4XN9,75 m² Maison de vacances ∙ 1 chambre ∙ 4 personnes,Evolène - Valais
13/11/2024,08/03/2025,15/03/2025,1818.62,HLT4XN9,75 m² Maison de vacances ∙ 1 chambre ∙ 4 personnes,Evolène - Valais
13/11/2024,15/03/2025,22/03/2025,1818.62,HLT4XN9,75 m² Maison de vacances ∙ 1 chambre ∙ 4 personnes,Evolène - Valais
13/11/2024,22/03/2025,29/03/2025,1818.62,HLT4XN9,75 m² Maison de vacances ∙ 1 chambre ∙ 4 personnes,Evolène - Valais
13/11/2024,29/03/2025,05/04/2025,1818.62,HLT4XN9,75 m² Maison de vacances ∙ 1 chambre ∙ 4 personnes,Evolène - Valais
13/11/2024,05/04/2025,12/04/2025,1818.62,HLT4XN9,75 m² Maison de vacances ∙ 1 chambre ∙ 4 personnes,Evolène - Valais
13/11/2024,12/04/2025,19/04/2025,1818.62,HLT4XN9,75 m² Maison de vacances ∙ 1 chambre ∙ 4 personnes,Evolène - Valais
13/11/2024,19/04/2025,26/04/2025,1818.62,HLT4XN9,75 m² Maison de vacances ∙ 1 chambre ∙ 4 personnes,Evolène - Valais
13/11/2024,26/04/2025,03/05/2025,1818.62,HLT4XN9,75 m² Maison de vacances ∙ 1 chambre ∙ 4 personnes,Evolène - Valais
13/11/2024,03/05/2025,10/05/2025,1818.62,HLT4XN9,75 m² Maison de vacances ∙ 1 chambre ∙ 4 personnes,Evolène - Valais
13/11/2024,10/05/2025,17/05/2025,1818.62,HLT4XN9,75 m² Maison de vacances ∙ 1 chambre ∙ 4 personnes,Evolène - Valais
13/11/2024,16/11/2024,23/11/2024,890.00,HRKZ0B1,40 m² Appartement ∙ 1 chambre ∙ 4 personnes,Grimentz - Valais
13/11/2024,23/11/2024,30/11/2024,890.00,HRKZ0B1,40 m² Appartement ∙ 1 chambre ∙ 4 personnes,Grimentz - Valais
13/11/2024,30/11/2024,07/12/2024,890.00,HRKZ0B1,40 m² Appartement ∙ 1 chambre ∙ 4 personnes,Grimentz - Valais
13/11/2024,07/12/2024,14/12/2024,890.00,HRKZ0B1,40 m² Appartement ∙ 1 chambre ∙ 4 personnes,Grimentz - Valais
13/11/2024,14/12/2024,21/12/2024,1509.00,HRKZ0B1,40 m² Appartement ∙ 1 chambre ∙ 4 personnes,Grimentz - Valais
13/11/2024,08/03/2025,15/03/2025,1509.00,HRKZ0B1,40 m² Appartement ∙ 1 chambre ∙ 4 personnes,Grimentz - Valais
13/11/2024,15/03/2025,22/03/2025,1509.00,HRKZ0B1,40 m² Appartement ∙ 1 chambre ∙ 4 personnes,Grimentz - Valais
13/11/2024,22/03/2025,29/03/2025,1509.00,HRKZ0B1,40 m² Appartement ∙ 1 chambre ∙ 4 personnes,Grimentz - Valais
13/11/2024,29/03/2025,05/04/2025,1509.00,HRKZ0B1,40 m² Appartement ∙ 1 chambre ∙ 4 personnes,Grimentz - Valais
13/11/2024,05/04/2025,12/04/2025,890.00,HRKZ0B1,40 m² Appartement ∙ 1 chambre ∙ 4 personnes,Grimentz - Valais
13/11/2024,12/04/2025,19/04/2025,890.00,HRKZ0B1,40 m² Appartement ∙ 1 chambre ∙ 4 personnes,Grimentz - Valais
13/11/2024,19/04/2025,26/04/2025,890.00,HRKZ0B1,40 m² Appartement ∙ 1 chambre ∙ 4 personnes,Grimentz - Valais
13/11/2024,26/04/2025,03/05/2025,890.00,HRKZ0B1,40 m² Appartement ∙ 1 chambre ∙ 4 personnes,Grimentz - Valais
13/11/2024,03/05/2025,10/05/2025,890.00,HRKZ0B1,40 m² Appartement ∙ 1 chambre ∙ 4 personnes,Grimentz - Valais
13/11/2024,10/05/2025,17/05/2025,890.00,HRKZ0B1,40 m² Appartement ∙ 1 chambre ∙ 4 personnes,Grimentz - Valais
13/11/2024,16/11/2024,23/11/2024,1483,HWYX7N4,Maison de vacances ∙ 4 chambres ∙ 7 personnes,Ayer - Valais
13/11/2024,23/11/2024,30/11/2024,1483,HWYX7N4,Maison de vacances ∙ 4 chambres ∙ 7 personnes,Ayer - Valais
13/11/2024,30/11/2024,07/12/2024,1595,HWYX7N4,Maison de vacances ∙ 4 chambres ∙ 7 personnes,Ayer - Valais
13/11/2024,07/12/2024,14/12/2024,1595,HWYX7N4,Maison de vacances ∙ 4 chambres ∙ 7 personnes,Ayer - Valais
13/11/2024,14/12/2024,21/12/2024,1595,HWYX7N4,Maison de vacances ∙ 4 chambres ∙ 7 personnes,Ayer - Valais
13/11/2024,21/12/2024,28/12/2024,1595,HWYX7N4,Maison de vacances ∙ 4 chambres ∙ 7 personnes,Ayer - Valais
13/11/2024,04/01/2025,11/01/2025,1595,HWYX7N4,Maison de vacances ∙ 4 chambres ∙ 7 personnes,Ayer - Valais
13/11/2024,11/01/2025,18/01/2025,1595,HWYX7N4,Maison de vacances ∙ 4 chambres ∙ 7 personnes,Ayer - Valais
13/11/2024,18/01/2025,25/01/2025,1595,HWYX7N4,Maison de vacances ∙ 4 chambres ∙ 7 personnes,Ayer - Valais
13/11/2024,25/01/2025,01/02/2025,1595,HWYX7N4,Maison de vacances ∙ 4 chambres ∙ 7 personnes,Ayer - Valais
13/11/2024,01/02/2025,08/02/2025,1595,HWYX7N4,Maison de vacances ∙ 4 chambres ∙ 7 personnes,Ayer - Valais
13/11/2024,01/03/2025,08/03/2025,1483,HWYX7N4,Maison de vacances ∙ 4 chambres ∙ 7 personnes,Ayer - Valais
13/11/2024,08/03/2025,15/03/2025,1483,HWYX7N4,Maison de vacances ∙ 4 chambres ∙ 7 personnes,Ayer - Valais
13/11/2024,15/03/2025,22/03/2025,1483,HWYX7N4,Maison de vacances ∙ 4 chambres ∙ 7 personnes,Ayer - Valais
13/11/2024,22/03/2025,29/03/2025,1483,HWYX7N4,Maison de vacances ∙ 4 chambres ∙ 7 personnes,Ayer - Valais
13/11/2024,29/03/2025,05/04/2025,1483,HWYX7N4,Maison de vacances ∙ 4 chambres ∙ 7 personnes,Ayer - Valais
13/11/2024,05/04/2025,12/04/2025,1483,HWYX7N4,Maison de vacances ∙ 4 chambres ∙ 7 personnes,Ayer - Valais
13/11/2024,12/04/2025,19/04/2025,1483,HWYX7N4,Maison de vacances ∙ 4 chambres ∙ 7 personnes,Ayer - Valais
13/11/2024,19/04/2025,26/04/2025,1483,HWYX7N4,Maison de vacances ∙ 4 chambres ∙ 7 personnes,Ayer - Valais
13/11/2024,26/04/2025,03/05/2025,1333,HWYX7N4,Maison de vacances ∙ 4 chambres ∙ 7 personnes,Ayer - Valais
13/11/2024,03/05/2025,10/05/2025,1333,HWYX7N4,Maison de vacances ∙ 4 chambres ∙ 7 personnes,Ayer - Valais
13/11/2024,10/05/2025,17/05/2025,1333,HWYX7N4,Maison de vacances ∙ 4 chambres ∙ 7 personnes,Ayer - Valais
13/11/2024,16/11/2024,23/11/2024,1159.33,HMJCS2Y,80 m² Chalet ∙ 3 chambres ∙ 6 personnes,Mission - Ayer - Valais
13/11/2024,23/11/2024,30/11/2024,1159.33,HMJCS2Y,80 m² Chalet ∙ 3 chambres ∙ 6 personnes,Mission - Ayer - Valais
13/11/2024,30/11/2024,07/12/2024,1159.33,HMJCS2Y,80 m² Chalet ∙ 3 chambres ∙ 6 personnes,Mission - Ayer - Valais
13/11/2024,07/12/2024,14/12/2024,1159.33,HMJCS2Y,80 m² Chalet ∙ 3 chambres ∙ 6 personnes,Mission - Ayer - Valais
13/11/2024,14/12/2024,21/12/2024,1471.46,HMJCS2Y,80 m² Chalet ∙ 3 chambres ∙ 6 personnes,Mission - Ayer - Valais
13/11/2024,21/12/2024,28/12/2024,2921.11,HMJCS2Y,80 m² Chalet ∙ 3 chambres ∙ 6 personnes,Mission - Ayer - Valais
13/11/2024,15/02/2025,22/02/2025,2921.11,HMJCS2Y,80 m² Chalet ∙ 3 chambres ∙ 6 personnes,Mission - Ayer - Valais
13/11/2024,08/03/2025,15/03/2025,2132.41,HMJCS2Y,80 m² Chalet ∙ 3 chambres ∙ 6 personnes,Mission - Ayer - Valais
13/11/2024,15/03/2025,22/03/2025,2047.90,HMJCS2Y,80 m² Chalet ∙ 3 chambres ∙ 6 personnes,Mission - Ayer - Valais
13/11/2024,22/03/2025,29/03/2025,1743.27,HMJCS2Y,80 m² Chalet ∙ 3 chambres ∙ 6 personnes,Mission - Ayer - Valais
13/11/2024,29/03/2025,05/04/2025,1808.99,HMJCS2Y,80 m² Chalet ∙ 3 chambres ∙ 6 personnes,Mission - Ayer - Valais
13/11/2024,05/04/2025,12/04/2025,2132.41,HMJCS2Y,80 m² Chalet ∙ 3 chambres ∙ 6 personnes,Mission - Ayer - Valais
13/11/2024,12/04/2025,19/04/2025,2424.52,HMJCS2Y,80 m² Chalet ∙ 3 chambres ∙ 6 personnes,Mission - Ayer - Valais
13/11/2024,19/04/2025,26/04/2025,1621.22,HMJCS2Y,80 m² Chalet ∙ 3 chambres ∙ 6 personnes,Mission - Ayer - Valais
13/11/2024,26/04/2025,03/05/2025,1510.63,HMJCS2Y,80 m² Chalet ∙ 3 chambres ∙ 6 personnes,Mission - Ayer - Valais
13/11/2024,03/05/2025,10/05/2025,1354.14,HMJCS2Y,80 m² Chalet ∙ 3 chambres ∙ 6 personnes,Mission - Ayer - Valais
13/11/2024,10/05/2025,17/05/2025,1380.22,HMJCS2Y,80 m² Chalet ∙ 3 chambres ∙ 6 personnes,Mission - Ayer - Valais
13/11/2024,16/11/2024,23/11/2024,3777,H9EH13K,Maison de vacances ∙ 5 chambres ∙ 10 personnes,Grimentz - Valais
13/11/2024,23/11/2024,30/11/2024,3777,H9EH13K,Maison de vacances ∙ 5 chambres ∙ 10 personnes,Grimentz - Valais
13/11/2024,30/11/2024,07/12/2024,3777,H9EH13K,Maison de vacances ∙ 5 chambres ∙ 10 personnes,Grimentz - Valais
13/11/2024,07/12/2024,14/12/2024,3990,H9EH13K,Maison de vacances ∙ 5 chambres ∙ 10 personnes,Grimentz - Valais
13/11/2024,14/12/2024,21/12/2024,5266,H9EH13K,Maison de vacances ∙ 5 chambres ∙ 10 personnes,Grimentz - Valais
13/11/2024,28/12/2024,04/01/2025,8953,H9EH13K,Maison de vacances ∙ 5 chambres ∙ 10 personnes,Grimentz - Valais
13/11/2024,04/01/2025,11/01/2025,4444,H9EH13K,Maison de vacances ∙ 5 chambres ∙ 10 personnes,Grimentz - Valais
13/11/2024,22/02/2025,01/03/2025,7646,H9EH13K,Maison de vacances ∙ 5 chambres ∙ 10 personnes,Grimentz - Valais
13/11/2024,01/03/2025,08/03/2025,7646,H9EH13K,Maison de vacances ∙ 5 chambres ∙ 10 personnes,Grimentz - Valais
13/11/2024,16/11/2024,23/11/2024,1373.00,H098YCP,100 m² Maison de vacances ∙ 3 chambres ∙ 6 personnes,Grimentz - Valais
13/11/2024,23/11/2024,30/11/2024,1373.00,H098YCP,100 m² Maison de vacances ∙ 3 chambres ∙ 6 personnes,Grimentz - Valais
13/11/2024,30/11/2024,07/12/2024,1373.00,H098YCP,100 m² Maison de vacances ∙ 3 chambres ∙ 6 personnes,Grimentz - Valais
13/11/2024,07/12/2024,14/12/2024,1373.00,H098YCP,100 m² Maison de vacances ∙ 3 chambres ∙ 6 personnes,Grimentz - Valais
13/11/2024,14/12/2024,21/12/2024,1600.00,H098YCP,100 m² Maison de vacances ∙ 3 chambres ∙ 6 personnes,Grimentz - Valais
13/11/2024,04/01/2025,11/01/2025,1600.00,H098YCP,100 m² Maison de vacances ∙ 3 chambres ∙ 6 personnes,Grimentz - Valais
13/11/2024,11/01/2025,18/01/2025,1600.00,H098YCP,100 m² Maison de vacances ∙ 3 chambres ∙ 6 personnes,Grimentz - Valais
13/11/2024,18/01/2025,25/01/2025,1600.00,H098YCP,100 m² Maison de vacances ∙ 3 chambres ∙ 6 personnes,Grimentz - Valais
13/11/2024,01/02/2025,08/02/2025,1790.00,H098YCP,100 m² Maison de vacances ∙ 3 chambres ∙ 6 personnes,Grimentz - Valais
13/11/2024,15/03/2025,22/03/2025,1600.00,H098YCP,100 m² Maison de vacances ∙ 3 chambres ∙ 6 personnes,Grimentz - Valais
13/11/2024,22/03/2025,29/03/2025,1600.00,H098YCP,100 m² Maison de vacances ∙ 3 chambres ∙ 6 personnes,Grimentz - Valais
13/11/2024,29/03/2025,05/04/2025,1600.00,H098YCP,100 m² Maison de vacances ∙ 3 chambres ∙ 6 personnes,Grimentz - Valais
13/11/2024,05/04/2025,12/04/2025,1373.00,H098YCP,100 m² Maison de vacances ∙ 3 chambres ∙ 6 personnes,Grimentz - Valais
13/11/2024,19/04/2025,26/04/2025,1373.00,H098YCP,100 m² Maison de vacances ∙ 3 chambres ∙ 6 personnes,Grimentz - Valais
13/11/2024,16/11/2024,23/11/2024,1083.27,HNRH8DZ,125 m² Maison de vacances ∙ 3 chambres ∙ 6 personnes,Saint-Luc - Valais
13/11/2024,23/11/2024,30/11/2024,1083.27,HNRH8DZ,125 m² Maison de vacances ∙ 3 chambres ∙ 6 personnes,Saint-Luc - Valais
13/11/2024,14/12/2024,21/12/2024,1311.67,HNRH8DZ,125 m² Maison de vacances ∙ 3 chambres ∙ 6 personnes,Saint-Luc - Valais
13/11/2024,03/05/2025,10/05/2025,1311.67,HNRH8DZ,125 m² Maison de vacances ∙ 3 chambres ∙ 6 personnes,Saint-Luc - Valais
13/11/2024,10/05/2025,17/05/2025,1311.67,HNRH8DZ,125 m² Maison de vacances ∙ 3 chambres ∙ 6 personnes,Saint-Luc - Valais
13/11/2024,16/11/2024,23/11/2024,1065.00,HHDFCVZ,180 m² Maison de vacances ∙ 3 chambres ∙ 8 personnes,Grimentz - Valais
13/11/2024,23/11/2024,30/11/2024,1065.00,HHDFCVZ,180 m² Maison de vacances ∙ 3 chambres ∙ 8 personnes,Grimentz - Valais
13/11/2024,30/11/2024,07/12/2024,1426.00,HHDFCVZ,180 m² Maison de vacances ∙ 3 chambres ∙ 8 personnes,Grimentz - Valais
13/11/2024,08/03/2025,15/03/2025,2321.00,HHDFCVZ,180 m² Maison de vacances ∙ 3 chambres ∙ 8 personnes,Grimentz - Valais
13/11/2024,29/03/2025,05/04/2025,1881.00,HHDFCVZ,180 m² Maison de vacances ∙ 3 chambres ∙ 8 personnes,Grimentz - Valais
13/11/2024,26/04/2025,03/05/2025,1426.00,HHDFCVZ,180 m² Maison de vacances ∙ 3 chambres ∙ 8 personnes,Grimentz - Valais
13/11/2024,03/05/2025,10/05/2025,1426.00,HHDFCVZ,180 m² Maison de vacances ∙ 3 chambres ∙ 8 personnes,Grimentz - Valais
13/11/2024,10/05/2025,17/05/2025,1426.00,HHDFCVZ,180 m² Maison de vacances ∙ 3 chambres ∙ 8 personnes,Grimentz - Valais
13/11/2024,16/11/2024,23/11/2024,760.81,H5KF3BZ,Studio ∙ 1 chambre ∙ 2 personnes,Saint-Luc - Valais
13/11/2024,23/11/2024,30/11/2024,760.81,H5KF3BZ,Studio ∙ 1 chambre ∙ 2 personnes,Saint-Luc - Valais
13/11/2024,30/11/2024,07/12/2024,760.81,H5KF3BZ,Studio ∙ 1 chambre ∙ 2 personnes,Saint-Luc - Valais
13/11/2024,07/12/2024,14/12/2024,760.81,H5KF3BZ,Studio ∙ 1 chambre ∙ 2 personnes,Saint-Luc - Valais
13/11/2024,14/12/2024,21/12/2024,904.40,H5KF3BZ,Studio ∙ 1 chambre ∙ 2 personnes,Saint-Luc - Valais
13/11/2024,11/01/2025,18/01/2025,860.68,H5KF3BZ,Studio ∙ 1 chambre ∙ 2 personnes,Saint-Luc - Valais
13/11/2024,18/01/2025,25/01/2025,972.31,H5KF3BZ,Studio ∙ 1 chambre ∙ 2 personnes,Saint-Luc - Valais
13/11/2024,25/01/2025,01/02/2025,1199.73,H5KF3BZ,Studio ∙ 1 chambre ∙ 2 personnes,Saint-Luc - Valais
13/11/2024,01/02/2025,08/02/2025,1315.54,H5KF3BZ,Studio ∙ 1 chambre ∙ 2 personnes,Saint-Luc - Valais
13/11/2024,08/02/2025,15/02/2025,1580.52,H5KF3BZ,Studio ∙ 1 chambre ∙ 2 personnes,Saint-Luc - Valais
13/11/2024,15/02/2025,22/02/2025,1606.61,H5KF3BZ,Studio ∙ 1 chambre ∙ 2 personnes,Saint-Luc - Valais
13/11/2024,22/02/2025,01/03/2025,1606.61,H5KF3BZ,Studio ∙ 1 chambre ∙ 2 personnes,Saint-Luc - Valais
13/11/2024,01/03/2025,08/03/2025,1606.61,H5KF3BZ,Studio ∙ 1 chambre ∙ 2 personnes,Saint-Luc - Valais
13/11/2024,08/03/2025,15/03/2025,1143.40,H5KF3BZ,Studio ∙ 1 chambre ∙ 2 personnes,Saint-Luc - Valais
13/11/2024,15/03/2025,22/03/2025,1127.76,H5KF3BZ,Studio ∙ 1 chambre ∙ 2 personnes,Saint-Luc - Valais
13/11/2024,22/03/2025,29/03/2025,899.28,H5KF3BZ,Studio ∙ 1 chambre ∙ 2 personnes,Saint-Luc - Valais
13/11/2024,29/03/2025,05/04/2025,970.23,H5KF3BZ,Studio ∙ 1 chambre ∙ 2 personnes,Saint-Luc - Valais
13/11/2024,05/04/2025,12/04/2025,1020.30,H5KF3BZ,Studio ∙ 1 chambre ∙ 2 personnes,Saint-Luc - Valais
13/11/2024,12/04/2025,19/04/2025,1137.15,H5KF3BZ,Studio ∙ 1 chambre ∙ 2 personnes,Saint-Luc - Valais
13/11/2024,19/04/2025,26/04/2025,911.81,H5KF3BZ,Studio ∙ 1 chambre ∙ 2 personnes,Saint-Luc - Valais
13/11/2024,26/04/2025,03/05/2025,815.82,H5KF3BZ,Studio ∙ 1 chambre ∙ 2 personnes,Saint-Luc - Valais
13/11/2024,03/05/2025,10/05/2025,809.56,H5KF3BZ,Studio ∙ 1 chambre ∙ 2 personnes,Saint-Luc - Valais
13/11/2024,10/05/2025,17/05/2025,726.10,H5KF3BZ,Studio ∙ 1 chambre ∙ 2 personnes,Saint-Luc - Valais
13/11/2024,16/11/2024,23/11/2024,532.05,H9TGUXN,40 m² Appartement ∙ 1 chambre ∙ 2 personnes,Grimentz - Valais
13/11/2024,23/11/2024,30/11/2024,532.05,H9TGUXN,40 m² Appartement ∙ 1 chambre ∙ 2 personnes,Grimentz - Valais
13/11/2024,30/11/2024,07/12/2024,532.05,H9TGUXN,40 m² Appartement ∙ 1 chambre ∙ 2 personnes,Grimentz - Valais
13/11/2024,04/01/2025,11/01/2025,1460.55,H9TGUXN,40 m² Appartement ∙ 1 chambre ∙ 2 personnes,Grimentz - Valais
13/11/2024,25/01/2025,01/02/2025,981.70,H9TGUXN,40 m² Appartement ∙ 1 chambre ∙ 2 personnes,Grimentz - Valais
13/11/2024,15/03/2025,22/03/2025,875.29,H9TGUXN,40 m² Appartement ∙ 1 chambre ∙ 2 personnes,Grimentz - Valais
13/11/2024,22/03/2025,29/03/2025,756.36,H9TGUXN,40 m² Appartement ∙ 1 chambre ∙ 2 personnes,Grimentz - Valais
13/11/2024,29/03/2025,05/04/2025,791.83,H9TGUXN,40 m² Appartement ∙ 1 chambre ∙ 2 personnes,Grimentz - Valais
13/11/2024,05/04/2025,12/04/2025,847.12,H9TGUXN,40 m² Appartement ∙ 1 chambre ∙ 2 personnes,Grimentz - Valais
13/11/2024,12/04/2025,19/04/2025,882.59,H9TGUXN,40 m² Appartement ∙ 1 chambre ∙ 2 personnes,Grimentz - Valais
13/11/2024,19/04/2025,26/04/2025,715.67,H9TGUXN,40 m² Appartement ∙ 1 chambre ∙ 2 personnes,Grimentz - Valais
13/11/2024,26/04/2025,03/05/2025,687.50,H9TGUXN,40 m² Appartement ∙ 1 chambre ∙ 2 personnes,Grimentz - Valais
13/11/2024,03/05/2025,10/05/2025,644.74,H9TGUXN,40 m² Appartement ∙ 1 chambre ∙ 2 personnes,Grimentz - Valais
13/11/2024,10/05/2025,17/05/2025,581.09,H9TGUXN,40 m² Appartement ∙ 1 chambre ∙ 2 personnes,Grimentz - Valais
13/11/2024,16/11/2024,23/11/2024,2133.47,HK1XFSW,65 m² Maison de vacances ∙ 2 chambres ∙ 5 personnes,Grimentz - Valais
13/11/2024,23/11/2024,30/11/2024,2133.47,HK1XFSW,65 m² Maison de vacances ∙ 2 chambres ∙ 5 personnes,Grimentz - Valais
13/11/2024,30/11/2024,07/12/2024,2133.47,HK1XFSW,65 m² Maison de vacances ∙ 2 chambres ∙ 5 personnes,Grimentz - Valais
13/11/2024,07/12/2024,14/12/2024,2133.47,HK1XFSW,65 m² Maison de vacances ∙ 2 chambres ∙ 5 personnes,Grimentz - Valais
13/11/2024,14/12/2024,21/12/2024,2133.47,HK1XFSW,65 m² Maison de vacances ∙ 2 chambres ∙ 5 personnes,Grimentz - Valais
13/11/2024,21/12/2024,28/12/2024,2507.01,HK1XFSW,65 m² Maison de vacances ∙ 2 chambres ∙ 5 personnes,Grimentz - Valais
13/11/2024,11/01/2025,18/01/2025,2133.47,HK1XFSW,65 m² Maison de vacances ∙ 2 chambres ∙ 5 personnes,Grimentz - Valais
13/11/2024,15/03/2025,22/03/2025,2507.01,HK1XFSW,65 m² Maison de vacances ∙ 2 chambres ∙ 5 personnes,Grimentz - Valais
13/11/2024,22/03/2025,29/03/2025,2507.01,HK1XFSW,65 m² Maison de vacances ∙ 2 chambres ∙ 5 personnes,Grimentz - Valais
13/11/2024,29/03/2025,05/04/2025,2507.01,HK1XFSW,65 m² Maison de vacances ∙ 2 chambres ∙ 5 personnes,Grimentz - Valais
13/11/2024,30/11/2024,07/12/2024,2339.45,HF3GKWL,47 m² Appartement ∙ 1 chambre ∙ 2 personnes,Grimentz - Valais
13/11/2024,07/12/2024,14/12/2024,2253.80,HF3GKWL,47 m² Appartement ∙ 1 chambre ∙ 2 personnes,Grimentz - Valais
13/11/2024,14/12/2024,21/12/2024,2768.93,HF3GKWL,47 m² Appartement ∙ 1 chambre ∙ 2 personnes,Grimentz - Valais
13/11/2024,21/12/2024,28/12/2024,2768.93,HF3GKWL,47 m² Appartement ∙ 1 chambre ∙ 2 personnes,Grimentz - Valais
13/11/2024,04/01/2025,11/01/2025,2692.72,HF3GKWL,47 m² Appartement ∙ 1 chambre ∙ 2 personnes,Grimentz - Valais
13/11/2024,11/01/2025,18/01/2025,2692.72,HF3GKWL,47 m² Appartement ∙ 1 chambre ∙ 2 personnes,Grimentz - Valais
13/11/2024,08/02/2025,15/02/2025,2874.15,HF3GKWL,47 m² Appartement ∙ 1 chambre ∙ 2 personnes,Grimentz - Valais
13/11/2024,22/02/2025,01/03/2025,2874.15,HF3GKWL,47 m² Appartement ∙ 1 chambre ∙ 2 personnes,Grimentz - Valais
13/11/2024,01/03/2025,08/03/2025,2768.93,HF3GKWL,47 m² Appartement ∙ 1 chambre ∙ 2 personnes,Grimentz - Valais
13/11/2024,22/03/2025,29/03/2025,2412.15,HF3GKWL,47 m² Appartement ∙ 1 chambre ∙ 2 personnes,Grimentz - Valais
13/11/2024,29/03/2025,05/04/2025,2503.81,HF3GKWL,47 m² Appartement ∙ 1 chambre ∙ 2 personnes,Grimentz - Valais
13/11/2024,05/04/2025,12/04/2025,2503.81,HF3GKWL,47 m² Appartement ∙ 1 chambre ∙ 2 personnes,Grimentz - Valais
13/11/2024,12/04/2025,19/04/2025,2412.15,HF3GKWL,47 m² Appartement ∙ 1 chambre ∙ 2 personnes,Grimentz - Valais
13/11/2024,19/04/2025,26/04/2025,2768.93,HF3GKWL,47 m² Appartement ∙ 1 chambre ∙ 2 personnes,Grimentz - Valais
13/11/2024,08/02/2025,15/02/2025,13685.29,HB795XG,244 m² Chalet ∙ 5 chambres ∙ 10 personnes,Grimentz - Valais
13/11/2024,15/02/2025,22/02/2025,13685.29,HB795XG,244 m² Chalet ∙ 5 chambres ∙ 10 personnes,Grimentz - Valais
13/11/2024,22/02/2025,01/03/2025,13685.29,HB795XG,244 m² Chalet ∙ 5 chambres ∙ 10 personnes,Grimentz - Valais
13/11/2024,16/11/2024,23/11/2024,3002.33,H7RM4CV,116 m² Chalet ∙ 2 chambres ∙ 4 personnes,Grimentz - Valais
13/11/2024,23/11/2024,30/11/2024,3002.33,H7RM4CV,116 m² Chalet ∙ 2 chambres ∙ 4 personnes,Grimentz - Valais
13/11/2024,30/11/2024,07/12/2024,3002.33,H7RM4CV,116 m² Chalet ∙ 2 chambres ∙ 4 personnes,Grimentz - Valais
13/11/2024,07/12/2024,14/12/2024,3002.33,H7RM4CV,116 m² Chalet ∙ 2 chambres ∙ 4 personnes,Grimentz - Valais
13/11/2024,14/12/2024,21/12/2024,4202.24,H7RM4CV,116 m² Chalet ∙ 2 chambres ∙ 4 personnes,Grimentz - Valais
13/11/2024,04/01/2025,11/01/2025,4152.74,H7RM4CV,116 m² Chalet ∙ 2 chambres ∙ 4 personnes,Grimentz - Valais
13/11/2024,01/02/2025,08/02/2025,4000.71,H7RM4CV,116 m² Chalet ∙ 2 chambres ∙ 4 personnes,Grimentz - Valais
13/11/2024,08/02/2025,15/02/2025,5403.17,H7RM4CV,116 m² Chalet ∙ 2 chambres ∙ 4 personnes,Grimentz - Valais
13/11/2024,22/02/2025,01/03/2025,5403.17,H7RM4CV,116 m² Chalet ∙ 2 chambres ∙ 4 personnes,Grimentz - Valais
13/11/2024,01/03/2025,08/03/2025,5403.17,H7RM4CV,116 m² Chalet ∙ 2 chambres ∙ 4 personnes,Grimentz - Valais
13/11/2024,15/03/2025,22/03/2025,4135.66,H7RM4CV,116 m² Chalet ∙ 2 chambres ∙ 4 personnes,Grimentz - Valais
13/11/2024,22/03/2025,29/03/2025,4135.66,H7RM4CV,116 m² Chalet ∙ 2 chambres ∙ 4 personnes,Grimentz - Valais
13/11/2024,29/03/2025,05/04/2025,4135.66,H7RM4CV,116 m² Chalet ∙ 2 chambres ∙ 4 personnes,Grimentz - Valais
13/11/2024,05/04/2025,12/04/2025,4135.66,H7RM4CV,116 m² Chalet ∙ 2 chambres ∙ 4 personnes,Grimentz - Valais
13/11/2024,12/04/2025,19/04/2025,4135.66,H7RM4CV,116 m² Chalet ∙ 2 chambres ∙ 4 personnes,Grimentz - Valais
13/11/2024,19/04/2025,26/04/2025,4202.24,H7RM4CV,116 m² Chalet ∙ 2 chambres ∙ 4 personnes,Grimentz - Valais
13/11/2024,16/11/2024,23/11/2024,3609.50,H4RNLKH,116 m² Appartement ∙ 2 chambres ∙ 5 personnes,Grimentz - Valais
13/11/2024,23/11/2024,30/11/2024,3609.50,H4RNLKH,116 m² Appartement ∙ 2 chambres ∙ 5 personnes,Grimentz - Valais
13/11/2024,14/12/2024,21/12/2024,5212.53,H4RNLKH,116 m² Appartement ∙ 2 chambres ∙ 5 personnes,Grimentz - Valais
13/11/2024,08/02/2025,15/02/2025,6439.60,H4RNLKH,116 m² Appartement ∙ 2 chambres ∙ 5 personnes,Grimentz - Valais
13/11/2024,15/03/2025,22/03/2025,4542.57,H4RNLKH,116 m² Appartement ∙ 2 chambres ∙ 5 personnes,Grimentz - Valais
13/11/2024,12/04/2025,19/04/2025,4541.31,H4RNLKH,116 m² Appartement ∙ 2 chambres ∙ 5 personnes,Grimentz - Valais
13/11/2024,19/04/2025,26/04/2025,5020.32,H4RNLKH,116 m² Appartement ∙ 2 chambres ∙ 5 personnes,Grimentz - Valais
13/11/2024,16/11/2024,23/11/2024,5606.93,H41PXJD,207 m² Chalet ∙ 5 chambres ∙ 11 personnes,Grimentz - Valais
13/11/2024,23/11/2024,30/11/2024,5401.67,H41PXJD,207 m² Chalet ∙ 5 chambres ∙ 11 personnes,Grimentz - Valais
13/11/2024,30/11/2024,07/12/2024,5401.67,H41PXJD,207 m² Chalet ∙ 5 chambres ∙ 11 personnes,Grimentz - Valais
13/11/2024,07/12/2024,14/12/2024,5401.67,H41PXJD,207 m² Chalet ∙ 5 chambres ∙ 11 personnes,Grimentz - Valais
13/11/2024,14/12/2024,21/12/2024,9002.44,H41PXJD,207 m² Chalet ∙ 5 chambres ∙ 11 personnes,Grimentz - Valais
13/11/2024,21/12/2024,28/12/2024,12603.21,H41PXJD,207 m² Chalet ∙ 5 chambres ∙ 11 personnes,Grimentz - Valais
13/11/2024,15/02/2025,22/02/2025,13082.13,H41PXJD,207 m² Chalet ∙ 5 chambres ∙ 11 personnes,Grimentz - Valais
13/11/2024,22/02/2025,01/03/2025,12603.21,H41PXJD,207 m² Chalet ∙ 5 chambres ∙ 11 personnes,Grimentz - Valais
13/11/2024,12/04/2025,19/04/2025,7996.95,H41PXJD,207 m² Chalet ∙ 5 chambres ∙ 11 personnes,Grimentz - Valais
13/11/2024,19/04/2025,26/04/2025,9002.44,H41PXJD,207 m² Chalet ∙ 5 chambres ∙ 11 personnes,Grimentz - Valais
13/11/2024,16/11/2024,23/11/2024,6455.17,HXJP5AC,236 m² Appartement ∙ 5 chambres ∙ 10 personnes,Grimentz - Valais
13/11/2024,23/11/2024,30/11/2024,6218.86,HXJP5AC,236 m² Appartement ∙ 5 chambres ∙ 10 personnes,Grimentz - Valais
13/11/2024,30/11/2024,07/12/2024,6218.86,HXJP5AC,236 m² Appartement ∙ 5 chambres ∙ 10 personnes,Grimentz - Valais
13/11/2024,07/12/2024,14/12/2024,6218.86,HXJP5AC,236 m² Appartement ∙ 5 chambres ∙ 10 personnes,Grimentz - Valais
13/11/2024,14/12/2024,21/12/2024,10572.05,HXJP5AC,236 m² Appartement ∙ 5 chambres ∙ 10 personnes,Grimentz - Valais
13/11/2024,08/02/2025,15/02/2025,14201.38,HXJP5AC,236 m² Appartement ∙ 5 chambres ∙ 10 personnes,Grimentz - Valais
13/11/2024,15/02/2025,22/02/2025,13681.49,HXJP5AC,236 m² Appartement ∙ 5 chambres ∙ 10 personnes,Grimentz - Valais
13/11/2024,22/02/2025,01/03/2025,14201.38,HXJP5AC,236 m² Appartement ∙ 5 chambres ∙ 10 personnes,Grimentz - Valais
13/11/2024,01/03/2025,08/03/2025,14201.38,HXJP5AC,236 m² Appartement ∙ 5 chambres ∙ 10 personnes,Grimentz - Valais
13/11/2024,08/03/2025,15/03/2025,8242.81,HXJP5AC,236 m² Appartement ∙ 5 chambres ∙ 10 personnes,Grimentz - Valais
13/11/2024,29/03/2025,05/04/2025,8556.04,HXJP5AC,236 m² Appartement ∙ 5 chambres ∙ 10 personnes,Grimentz - Valais
13/11/2024,05/04/2025,12/04/2025,8556.04,HXJP5AC,236 m² Appartement ∙ 5 chambres ∙ 10 personnes,Grimentz - Valais
13/11/2024,12/04/2025,19/04/2025,8556.04,HXJP5AC,236 m² Appartement ∙ 5 chambres ∙ 10 personnes,Grimentz - Valais
13/11/2024,19/04/2025,26/04/2025,10572.05,HXJP5AC,236 m² Appartement ∙ 5 chambres ∙ 10 personnes,Grimentz - Valais
13/11/2024,23/11/2024,30/11/2024,5596.97,H4YT38U,244 m² Appartement ∙ 4 chambres ∙ 12 personnes,Grimentz - Valais
13/11/2024,30/11/2024,07/12/2024,5596.97,H4YT38U,244 m² Appartement ∙ 4 chambres ∙ 12 personnes,Grimentz - Valais
13/11/2024,15/02/2025,22/02/2025,13555.86,H4YT38U,244 m² Appartement ∙ 4 chambres ∙ 12 personnes,Grimentz - Valais
13/11/2024,05/04/2025,12/04/2025,8286.09,H4YT38U,244 m² Appartement ∙ 4 chambres ∙ 12 personnes,Grimentz - Valais
13/11/2024,12/04/2025,19/04/2025,7982.75,H4YT38U,244 m² Appartement ∙ 4 chambres ∙ 12 personnes,Grimentz - Valais
13/11/2024,19/04/2025,26/04/2025,9682.76,H4YT38U,244 m² Appartement ∙ 4 chambres ∙ 12 personnes,Grimentz - Valais
13/11/2024,16/11/2024,23/11/2024,1193.00,H5VC3WM,180 m² Villa ∙ 1 chambre ∙ 8 personnes,Grimentz - Valais
13/11/2024,23/11/2024,30/11/2024,1598.00,H5VC3WM,180 m² Villa ∙ 1 chambre ∙ 8 personnes,Grimentz - Valais
13/11/2024,30/11/2024,07/12/2024,1598.00,H5VC3WM,180 m² Villa ∙ 1 chambre ∙ 8 personnes,Grimentz - Valais
13/11/2024,08/03/2025,15/03/2025,2600.00,H5VC3WM,180 m² Villa ∙ 1 chambre ∙ 8 personnes,Grimentz - Valais
13/11/2024,29/03/2025,05/04/2025,2107.00,H5VC3WM,180 m² Villa ∙ 1 chambre ∙ 8 personnes,Grimentz - Valais
13/11/2024,26/04/2025,03/05/2025,1598.00,H5VC3WM,180 m² Villa ∙ 1 chambre ∙ 8 personnes,Grimentz - Valais
13/11/2024,03/05/2025,10/05/2025,1598.00,H5VC3WM,180 m² Villa ∙ 1 chambre ∙ 8 personnes,Grimentz - Valais
13/11/2024,10/05/2025,17/05/2025,1598.00,H5VC3WM,180 m² Villa ∙ 1 chambre ∙ 8 personnes,Grimentz - Valais
13/11/2024,30/11/2024,07/12/2024,5793.30,H57SDUL,246 m² Appartement ∙ 4 chambres ∙ 11 personnes,Grimentz - Valais
13/11/2024,07/12/2024,14/12/2024,5793.30,H57SDUL,246 m² Appartement ∙ 4 chambres ∙ 11 personnes,Grimentz - Valais
13/11/2024,14/12/2024,21/12/2024,9655.16,H57SDUL,246 m² Appartement ∙ 4 chambres ∙ 11 personnes,Grimentz - Valais
13/11/2024,21/12/2024,28/12/2024,14030.67,H57SDUL,246 m² Appartement ∙ 4 chambres ∙ 11 personnes,Grimentz - Valais
13/11/2024,08/02/2025,15/02/2025,13517.02,H57SDUL,246 m² Appartement ∙ 4 chambres ∙ 11 personnes,Grimentz - Valais
13/11/2024,15/02/2025,22/02/2025,13517.02,H57SDUL,246 m² Appartement ∙ 4 chambres ∙ 11 personnes,Grimentz - Valais
13/11/2024,01/03/2025,08/03/2025,14030.67,H57SDUL,246 m² Appartement ∙ 4 chambres ∙ 11 personnes,Grimentz - Valais
13/11/2024,29/03/2025,05/04/2025,8576.31,H57SDUL,246 m² Appartement ∙ 4 chambres ∙ 11 personnes,Grimentz - Valais
13/11/2024,05/04/2025,12/04/2025,8262.34,H57SDUL,246 m² Appartement ∙ 4 chambres ∙ 11 personnes,Grimentz - Valais
13/11/2024,16/11/2024,23/11/2024,4104.44,HYKL9UG,126 m² Appartement ∙ 3 chambres ∙ 8 personnes,Grimentz - Valais
13/11/2024,23/11/2024,30/11/2024,4104.44,HYKL9UG,126 m² Appartement ∙ 3 chambres ∙ 8 personnes,Grimentz - Valais
13/11/2024,30/11/2024,07/12/2024,4104.44,HYKL9UG,126 m² Appartement ∙ 3 chambres ∙ 8 personnes,Grimentz - Valais
13/11/2024,07/12/2024,14/12/2024,4260.41,HYKL9UG,126 m² Appartement ∙ 3 chambres ∙ 8 personnes,Grimentz - Valais
13/11/2024,04/01/2025,11/01/2025,5786.18,HYKL9UG,126 m² Appartement ∙ 3 chambres ∙ 8 personnes,Grimentz - Valais
13/11/2024,11/01/2025,18/01/2025,5786.18,HYKL9UG,126 m² Appartement ∙ 3 chambres ∙ 8 personnes,Grimentz - Valais
13/11/2024,08/02/2025,15/02/2025,8391.72,HYKL9UG,126 m² Appartement ∙ 3 chambres ∙ 8 personnes,Grimentz - Valais
13/11/2024,08/03/2025,15/03/2025,5992.72,HYKL9UG,126 m² Appartement ∙ 3 chambres ∙ 8 personnes,Grimentz - Valais
13/11/2024,15/03/2025,22/03/2025,5992.72,HYKL9UG,126 m² Appartement ∙ 3 chambres ∙ 8 personnes,Grimentz - Valais
13/11/2024,22/03/2025,29/03/2025,6220.44,HYKL9UG,126 m² Appartement ∙ 3 chambres ∙ 8 personnes,Grimentz - Valais
13/11/2024,12/04/2025,19/04/2025,6220.44,HYKL9UG,126 m² Appartement ∙ 3 chambres ∙ 8 personnes,Grimentz - Valais
13/11/2024,19/04/2025,26/04/2025,6218.86,HYKL9UG,126 m² Appartement ∙ 3 chambres ∙ 8 personnes,Grimentz - Valais
13/11/2024,26/04/2025,03/05/2025,129.10,HYKL9UG,126 m² Appartement ∙ 3 chambres ∙ 8 personnes,Grimentz - Valais
