date_scrap,date_debut,date_fin,price,identifiant,typologie,nom
08/07/2024,07/09/2024,14/09/2024,723.98,H8DJP0L,150 m² Maison de vacances ∙ 5 chambres ∙ 10 personnes,Nendaz - Valais
08/07/2024,14/09/2024,21/09/2024,723.98,H8DJP0L,150 m² Maison de vacances ∙ 5 chambres ∙ 10 personnes,Nendaz - Valais
08/07/2024,28/09/2024,05/10/2024,723.98,H8DJP0L,150 m² Maison de vacances ∙ 5 chambres ∙ 10 personnes,Nendaz - Valais
08/07/2024,12/10/2024,19/10/2024,723.98,H8DJP0L,150 m² Maison de vacances ∙ 5 chambres ∙ 10 personnes,Nendaz - Valais
08/07/2024,19/10/2024,26/10/2024,723.98,H8DJP0L,150 m² Maison de vacances ∙ 5 chambres ∙ 10 personnes,Nendaz - Valais
08/07/2024,26/10/2024,02/11/2024,723.98,H8DJP0L,150 m² Maison de vacances ∙ 5 chambres ∙ 10 personnes,Nendaz - Valais
08/07/2024,31/08/2024,07/09/2024,400.75,HYCZGU9,75 m² Appartement ∙ 1 chambre ∙ 7 personnes,Loèche-les-Bains - Valais
08/07/2024,14/09/2024,21/09/2024,400.75,HYCZGU9,75 m² Appartement ∙ 1 chambre ∙ 7 personnes,Loèche-les-Bains - Valais
08/07/2024,21/09/2024,28/09/2024,484.20,HYCZGU9,75 m² Appartement ∙ 1 chambre ∙ 7 personnes,Loèche-les-Bains - Valais
08/07/2024,19/10/2024,26/10/2024,400.85,HYCZGU9,75 m² Appartement ∙ 1 chambre ∙ 7 personnes,Loèche-les-Bains - Valais
08/07/2024,10/08/2024,17/08/2024,413.12,HCXH68F,60 m² Appartement ∙ 2 chambres ∙ 4 personnes,Albinen - Valais
08/07/2024,31/08/2024,07/09/2024,413.12,HCXH68F,60 m² Appartement ∙ 2 chambres ∙ 4 personnes,Albinen - Valais
08/07/2024,07/09/2024,14/09/2024,413.12,HCXH68F,60 m² Appartement ∙ 2 chambres ∙ 4 personnes,Albinen - Valais
08/07/2024,14/09/2024,21/09/2024,413.12,HCXH68F,60 m² Appartement ∙ 2 chambres ∙ 4 personnes,Albinen - Valais
08/07/2024,21/09/2024,28/09/2024,413.12,HCXH68F,60 m² Appartement ∙ 2 chambres ∙ 4 personnes,Albinen - Valais
08/07/2024,28/09/2024,05/10/2024,413.12,HCXH68F,60 m² Appartement ∙ 2 chambres ∙ 4 personnes,Albinen - Valais
08/07/2024,05/10/2024,12/10/2024,413.12,HCXH68F,60 m² Appartement ∙ 2 chambres ∙ 4 personnes,Albinen - Valais
08/07/2024,12/10/2024,19/10/2024,413.22,HCXH68F,60 m² Appartement ∙ 2 chambres ∙ 4 personnes,Albinen - Valais
08/07/2024,19/10/2024,26/10/2024,531.72,HCXH68F,60 m² Appartement ∙ 2 chambres ∙ 4 personnes,Albinen - Valais
08/07/2024,26/10/2024,02/11/2024,531.59,HCXH68F,60 m² Appartement ∙ 2 chambres ∙ 4 personnes,Albinen - Valais
08/07/2024,03/08/2024,10/08/2024,1287.76,HBR170E,60 m² Appartement ∙ 2 chambres ∙ 4 personnes,Saas Fee - Valais
08/07/2024,10/08/2024,17/08/2024,1287.76,HBR170E,60 m² Appartement ∙ 2 chambres ∙ 4 personnes,Saas Fee - Valais
08/07/2024,31/08/2024,07/09/2024,1031.50,HBR170E,60 m² Appartement ∙ 2 chambres ∙ 4 personnes,Saas Fee - Valais
08/07/2024,07/09/2024,14/09/2024,1031.23,HBR170E,60 m² Appartement ∙ 2 chambres ∙ 4 personnes,Saas Fee - Valais
08/07/2024,14/09/2024,21/09/2024,1031.23,HBR170E,60 m² Appartement ∙ 2 chambres ∙ 4 personnes,Saas Fee - Valais
08/07/2024,21/09/2024,28/09/2024,1031.23,HBR170E,60 m² Appartement ∙ 2 chambres ∙ 4 personnes,Saas Fee - Valais
08/07/2024,28/09/2024,05/10/2024,1031.23,HBR170E,60 m² Appartement ∙ 2 chambres ∙ 4 personnes,Saas Fee - Valais
08/07/2024,05/10/2024,12/10/2024,1031.23,HBR170E,60 m² Appartement ∙ 2 chambres ∙ 4 personnes,Saas Fee - Valais
08/07/2024,12/10/2024,19/10/2024,869.49,HBR170E,60 m² Appartement ∙ 2 chambres ∙ 4 personnes,Saas Fee - Valais
08/07/2024,19/10/2024,26/10/2024,869.71,HBR170E,60 m² Appartement ∙ 2 chambres ∙ 4 personnes,Saas Fee - Valais
08/07/2024,20/07/2024,27/07/2024,1268.19,H1LKGCB,50 m² Maison de vacances ∙ 2 personnes,Evolène - Valais
08/07/2024,10/08/2024,17/08/2024,1268.19,H1LKGCB,50 m² Maison de vacances ∙ 2 personnes,Evolène - Valais
08/07/2024,28/09/2024,05/10/2024,520.39,HZVS437,50 m² Maison de vacances ∙ 1 chambre ∙ 4 personnes,Leuk - Valais
08/07/2024,05/10/2024,12/10/2024,520.26,HZVS437,50 m² Maison de vacances ∙ 1 chambre ∙ 4 personnes,Leuk - Valais
08/07/2024,12/10/2024,19/10/2024,520.26,HZVS437,50 m² Maison de vacances ∙ 1 chambre ∙ 4 personnes,Leuk - Valais
08/07/2024,07/09/2024,14/09/2024,869.49,HVGJZ2T,55 m² Maison de vacances ∙ 2 chambres ∙ 6 personnes,Termen - Valais
08/07/2024,17/08/2024,24/08/2024,833.44,HWMH5F1,80 m² Maison de vacances ∙ 3 chambres ∙ 6 personnes,Ausserberg - Valais
08/07/2024,07/09/2024,14/09/2024,796.35,HWMH5F1,80 m² Maison de vacances ∙ 3 chambres ∙ 6 personnes,Ausserberg - Valais
08/07/2024,14/09/2024,21/09/2024,796.55,HWMH5F1,80 m² Maison de vacances ∙ 3 chambres ∙ 6 personnes,Ausserberg - Valais
08/07/2024,21/09/2024,28/09/2024,796.35,HWMH5F1,80 m² Maison de vacances ∙ 3 chambres ∙ 6 personnes,Ausserberg - Valais
08/07/2024,28/09/2024,05/10/2024,796.35,HWMH5F1,80 m² Maison de vacances ∙ 3 chambres ∙ 6 personnes,Ausserberg - Valais
08/07/2024,05/10/2024,12/10/2024,796.35,HWMH5F1,80 m² Maison de vacances ∙ 3 chambres ∙ 6 personnes,Ausserberg - Valais
08/07/2024,12/10/2024,19/10/2024,796.35,HWMH5F1,80 m² Maison de vacances ∙ 3 chambres ∙ 6 personnes,Ausserberg - Valais
08/07/2024,21/09/2024,28/09/2024,597.52,H0BZ568,46 m² Appartement ∙ 1 chambre ∙ 2 personnes,Crans-Montana - Valais
08/07/2024,28/09/2024,05/10/2024,597.52,H0BZ568,46 m² Appartement ∙ 1 chambre ∙ 2 personnes,Crans-Montana - Valais
08/07/2024,05/10/2024,12/10/2024,597.67,H0BZ568,46 m² Appartement ∙ 1 chambre ∙ 2 personnes,Crans-Montana - Valais
08/07/2024,12/10/2024,19/10/2024,597.52,H0BZ568,46 m² Appartement ∙ 1 chambre ∙ 2 personnes,Crans-Montana - Valais
08/07/2024,19/10/2024,26/10/2024,597.52,H0BZ568,46 m² Appartement ∙ 1 chambre ∙ 2 personnes,Crans-Montana - Valais
08/07/2024,26/10/2024,02/11/2024,597.52,H0BZ568,46 m² Appartement ∙ 1 chambre ∙ 2 personnes,Crans-Montana - Valais
08/07/2024,13/07/2024,20/07/2024,778.84,HR0DG6T,60 m² Appartement ∙ 1 chambre ∙ 2 personnes,Saint-Nicolas - Valais
08/07/2024,20/07/2024,27/07/2024,779.03,HR0DG6T,60 m² Appartement ∙ 1 chambre ∙ 2 personnes,Saint-Nicolas - Valais
08/07/2024,03/08/2024,10/08/2024,778.84,HR0DG6T,60 m² Appartement ∙ 1 chambre ∙ 2 personnes,Saint-Nicolas - Valais
08/07/2024,10/08/2024,17/08/2024,778.84,HR0DG6T,60 m² Appartement ∙ 1 chambre ∙ 2 personnes,Saint-Nicolas - Valais
08/07/2024,28/09/2024,05/10/2024,778.84,HR0DG6T,60 m² Appartement ∙ 1 chambre ∙ 2 personnes,Saint-Nicolas - Valais
08/07/2024,05/10/2024,12/10/2024,778.84,HR0DG6T,60 m² Appartement ∙ 1 chambre ∙ 2 personnes,Saint-Nicolas - Valais
08/07/2024,12/10/2024,19/10/2024,779.03,HR0DG6T,60 m² Appartement ∙ 1 chambre ∙ 2 personnes,Saint-Nicolas - Valais
08/07/2024,19/10/2024,26/10/2024,779.03,HR0DG6T,60 m² Appartement ∙ 1 chambre ∙ 2 personnes,Saint-Nicolas - Valais
08/07/2024,26/10/2024,02/11/2024,779.03,HR0DG6T,60 m² Appartement ∙ 1 chambre ∙ 2 personnes,Saint-Nicolas - Valais
08/07/2024,31/08/2024,07/09/2024,1900.18,HV23E54,150 m² Maison de vacances ∙ 4 chambres ∙ 10 personnes,Chamoson - Valais
08/07/2024,21/09/2024,28/09/2024,1900.18,HV23E54,150 m² Maison de vacances ∙ 4 chambres ∙ 10 personnes,Chamoson - Valais
08/07/2024,26/10/2024,02/11/2024,1900.18,HV23E54,150 m² Maison de vacances ∙ 4 chambres ∙ 10 personnes,Chamoson - Valais
08/07/2024,13/07/2024,20/07/2024,1005.74,HTJ0USD,2 room,2 roomZinal - Ayer - Valais
08/07/2024,20/07/2024,27/07/2024,1125.27,HTJ0USD,2 room,2 roomZinal - Ayer - Valais
08/07/2024,27/07/2024,03/08/2024,1125.27,HTJ0USD,2 room,2 roomZinal - Ayer - Valais
08/07/2024,24/08/2024,31/08/2024,517.29,HTJ0USD,2 room,2 roomZinal - Ayer - Valais
08/07/2024,31/08/2024,07/09/2024,517.29,HTJ0USD,2 room,2 roomZinal - Ayer - Valais
08/07/2024,07/09/2024,14/09/2024,517.29,HTJ0USD,2 room,2 roomZinal - Ayer - Valais
08/07/2024,14/09/2024,21/09/2024,517.29,HTJ0USD,2 room,2 roomZinal - Ayer - Valais
08/07/2024,21/09/2024,28/09/2024,517.29,HTJ0USD,2 room,2 roomZinal - Ayer - Valais
08/07/2024,28/09/2024,05/10/2024,517.29,HTJ0USD,2 room,2 roomZinal - Ayer - Valais
08/07/2024,05/10/2024,12/10/2024,742.97,HTJ0USD,2 room,2 roomZinal - Ayer - Valais
08/07/2024,12/10/2024,19/10/2024,742.97,HTJ0USD,2 room,2 roomZinal - Ayer - Valais
08/07/2024,19/10/2024,26/10/2024,517.29,HTJ0USD,2 room,2 roomZinal - Ayer - Valais
08/07/2024,13/07/2024,20/07/2024,660.53,HBJRZTL,Studio,StudioVercorin - Valais
08/07/2024,20/07/2024,27/07/2024,739.88,HBJRZTL,Studio,StudioVercorin - Valais
08/07/2024,27/07/2024,03/08/2024,727.51,HBJRZTL,Studio,StudioVercorin - Valais
08/07/2024,07/09/2024,14/09/2024,292.65,HBJRZTL,Studio,StudioVercorin - Valais
08/07/2024,21/09/2024,28/09/2024,427.64,HBJRZTL,Studio,StudioVercorin - Valais
08/07/2024,05/10/2024,12/10/2024,427.64,HBJRZTL,Studio,StudioVercorin - Valais
08/07/2024,12/10/2024,19/10/2024,292.65,HBJRZTL,Studio,StudioVercorin - Valais
08/07/2024,19/10/2024,26/10/2024,292.65,HBJRZTL,Studio,StudioVercorin - Valais
08/07/2024,24/08/2024,31/08/2024,543.74,HYR65TC,150 m² Maison de vacances ∙ 5 chambres ∙ 12 personnes,Nendaz - Valais
08/07/2024,31/08/2024,07/09/2024,413.24,HYR65TC,150 m² Maison de vacances ∙ 5 chambres ∙ 12 personnes,Nendaz - Valais
08/07/2024,07/09/2024,14/09/2024,355.25,HYR65TC,150 m² Maison de vacances ∙ 5 chambres ∙ 12 personnes,Nendaz - Valais
08/07/2024,28/09/2024,05/10/2024,413.24,HYR65TC,150 m² Maison de vacances ∙ 5 chambres ∙ 12 personnes,Nendaz - Valais
08/07/2024,05/10/2024,12/10/2024,413.24,HYR65TC,150 m² Maison de vacances ∙ 5 chambres ∙ 12 personnes,Nendaz - Valais
08/07/2024,12/10/2024,19/10/2024,413.24,HYR65TC,150 m² Maison de vacances ∙ 5 chambres ∙ 12 personnes,Nendaz - Valais
08/07/2024,19/10/2024,26/10/2024,413.24,HYR65TC,150 m² Maison de vacances ∙ 5 chambres ∙ 12 personnes,Nendaz - Valais
08/07/2024,26/10/2024,02/11/2024,355.25,HYR65TC,150 m² Maison de vacances ∙ 5 chambres ∙ 12 personnes,Nendaz - Valais
08/07/2024,19/10/2024,26/10/2024,1294.28,H4VFYWG,150 m² Maison de vacances ∙ 2 chambres ∙ 4 personnes,Visperterminen - Valais
08/07/2024,26/10/2024,02/11/2024,1294.28,H4VFYWG,150 m² Maison de vacances ∙ 2 chambres ∙ 4 personnes,Visperterminen - Valais
08/07/2024,24/08/2024,31/08/2024,1005.73,HNRUWBE,80 m² Maison de vacances ∙ 3 chambres ∙ 5 personnes,Orsières - Valais
08/07/2024,28/09/2024,05/10/2024,924.33,HNRUWBE,80 m² Maison de vacances ∙ 3 chambres ∙ 5 personnes,Orsières - Valais
08/07/2024,26/10/2024,02/11/2024,762.54,HNRUWBE,80 m² Maison de vacances ∙ 3 chambres ∙ 5 personnes,Orsières - Valais
08/07/2024,13/07/2024,20/07/2024,499.78,HSF20E9,40 m² Appartement ∙ 1 chambre ∙ 4 personnes,Grône - Valais
08/07/2024,17/08/2024,24/08/2024,499.78,HSF20E9,40 m² Appartement ∙ 1 chambre ∙ 4 personnes,Grône - Valais
08/07/2024,24/08/2024,31/08/2024,499.78,HSF20E9,40 m² Appartement ∙ 1 chambre ∙ 4 personnes,Grône - Valais
08/07/2024,31/08/2024,07/09/2024,499.78,HSF20E9,40 m² Appartement ∙ 1 chambre ∙ 4 personnes,Grône - Valais
08/07/2024,07/09/2024,14/09/2024,499.78,HSF20E9,40 m² Appartement ∙ 1 chambre ∙ 4 personnes,Grône - Valais
08/07/2024,14/09/2024,21/09/2024,499.78,HSF20E9,40 m² Appartement ∙ 1 chambre ∙ 4 personnes,Grône - Valais
08/07/2024,21/09/2024,28/09/2024,499.78,HSF20E9,40 m² Appartement ∙ 1 chambre ∙ 4 personnes,Grône - Valais
08/07/2024,28/09/2024,05/10/2024,499.78,HSF20E9,40 m² Appartement ∙ 1 chambre ∙ 4 personnes,Grône - Valais
08/07/2024,05/10/2024,12/10/2024,499.78,HSF20E9,40 m² Appartement ∙ 1 chambre ∙ 4 personnes,Grône - Valais
08/07/2024,12/10/2024,19/10/2024,499.78,HSF20E9,40 m² Appartement ∙ 1 chambre ∙ 4 personnes,Grône - Valais
08/07/2024,19/10/2024,26/10/2024,499.78,HSF20E9,40 m² Appartement ∙ 1 chambre ∙ 4 personnes,Grône - Valais
08/07/2024,26/10/2024,02/11/2024,457.53,HSF20E9,40 m² Appartement ∙ 1 chambre ∙ 4 personnes,Grône - Valais
08/07/2024,07/09/2024,14/09/2024,1027.49,HF61A5H,115 m² Appartement ∙ 2 chambres ∙ 4 personnes,Nax - Valais
08/07/2024,14/09/2024,21/09/2024,1027.49,HF61A5H,115 m² Appartement ∙ 2 chambres ∙ 4 personnes,Nax - Valais
08/07/2024,21/09/2024,28/09/2024,1027.49,HF61A5H,115 m² Appartement ∙ 2 chambres ∙ 4 personnes,Nax - Valais
08/07/2024,28/09/2024,05/10/2024,1027.49,HF61A5H,115 m² Appartement ∙ 2 chambres ∙ 4 personnes,Nax - Valais
08/07/2024,05/10/2024,12/10/2024,1027.49,HF61A5H,115 m² Appartement ∙ 2 chambres ∙ 4 personnes,Nax - Valais
08/07/2024,12/10/2024,19/10/2024,1027.49,HF61A5H,115 m² Appartement ∙ 2 chambres ∙ 4 personnes,Nax - Valais
08/07/2024,19/10/2024,26/10/2024,1027.49,HF61A5H,115 m² Appartement ∙ 2 chambres ∙ 4 personnes,Nax - Valais
08/07/2024,26/10/2024,02/11/2024,1027.49,HF61A5H,115 m² Appartement ∙ 2 chambres ∙ 4 personnes,Nax - Valais
08/07/2024,31/08/2024,07/09/2024,840.86,H9RDNGB,40 m² Appartement ∙ 1 chambre ∙ 2 personnes,Zermatt - Valais
08/07/2024,21/09/2024,28/09/2024,840.86,H9RDNGB,40 m² Appartement ∙ 1 chambre ∙ 2 personnes,Zermatt - Valais
08/07/2024,28/09/2024,05/10/2024,840.86,H9RDNGB,40 m² Appartement ∙ 1 chambre ∙ 2 personnes,Zermatt - Valais
08/07/2024,05/10/2024,12/10/2024,840.86,H9RDNGB,40 m² Appartement ∙ 1 chambre ∙ 2 personnes,Zermatt - Valais
08/07/2024,12/10/2024,19/10/2024,840.86,H9RDNGB,40 m² Appartement ∙ 1 chambre ∙ 2 personnes,Zermatt - Valais
08/07/2024,19/10/2024,26/10/2024,840.86,H9RDNGB,40 m² Appartement ∙ 1 chambre ∙ 2 personnes,Zermatt - Valais
08/07/2024,26/10/2024,02/11/2024,840.86,H9RDNGB,40 m² Appartement ∙ 1 chambre ∙ 2 personnes,Zermatt - Valais
08/07/2024,24/08/2024,31/08/2024,1287.06,HMHYX7D,120 m² Appartement ∙ 2 chambres ∙ 4 personnes,Riederalp - Valais
08/07/2024,31/08/2024,07/09/2024,1287.06,HMHYX7D,120 m² Appartement ∙ 2 chambres ∙ 4 personnes,Riederalp - Valais
08/07/2024,14/09/2024,21/09/2024,1287.06,HMHYX7D,120 m² Appartement ∙ 2 chambres ∙ 4 personnes,Riederalp - Valais
08/07/2024,21/09/2024,28/09/2024,1287.06,HMHYX7D,120 m² Appartement ∙ 2 chambres ∙ 4 personnes,Riederalp - Valais
08/07/2024,28/09/2024,05/10/2024,1287.06,HMHYX7D,120 m² Appartement ∙ 2 chambres ∙ 4 personnes,Riederalp - Valais
08/07/2024,05/10/2024,12/10/2024,1287.06,HMHYX7D,120 m² Appartement ∙ 2 chambres ∙ 4 personnes,Riederalp - Valais
08/07/2024,12/10/2024,19/10/2024,1287.06,HMHYX7D,120 m² Appartement ∙ 2 chambres ∙ 4 personnes,Riederalp - Valais
08/07/2024,20/07/2024,27/07/2024,904.75,HT02KHL,96 m² Appartement ∙ 3 chambres ∙ 10 personnes,Wiler (Lötschen) - Valais
08/07/2024,27/07/2024,03/08/2024,904.75,HT02KHL,96 m² Appartement ∙ 3 chambres ∙ 10 personnes,Wiler (Lötschen) - Valais
08/07/2024,31/08/2024,07/09/2024,979.98,HT02KHL,96 m² Appartement ∙ 3 chambres ∙ 10 personnes,Wiler (Lötschen) - Valais
08/07/2024,07/09/2024,14/09/2024,979.98,HT02KHL,96 m² Appartement ∙ 3 chambres ∙ 10 personnes,Wiler (Lötschen) - Valais
08/07/2024,14/09/2024,21/09/2024,979.98,HT02KHL,96 m² Appartement ∙ 3 chambres ∙ 10 personnes,Wiler (Lötschen) - Valais
08/07/2024,21/09/2024,28/09/2024,904.75,HT02KHL,96 m² Appartement ∙ 3 chambres ∙ 10 personnes,Wiler (Lötschen) - Valais
08/07/2024,28/09/2024,05/10/2024,904.75,HT02KHL,96 m² Appartement ∙ 3 chambres ∙ 10 personnes,Wiler (Lötschen) - Valais
08/07/2024,05/10/2024,12/10/2024,904.75,HT02KHL,96 m² Appartement ∙ 3 chambres ∙ 10 personnes,Wiler (Lötschen) - Valais
08/07/2024,12/10/2024,19/10/2024,904.75,HT02KHL,96 m² Appartement ∙ 3 chambres ∙ 10 personnes,Wiler (Lötschen) - Valais
08/07/2024,19/10/2024,26/10/2024,509.04,HT02KHL,96 m² Appartement ∙ 3 chambres ∙ 10 personnes,Wiler (Lötschen) - Valais
08/07/2024,26/10/2024,02/11/2024,509.04,HT02KHL,96 m² Appartement ∙ 3 chambres ∙ 10 personnes,Wiler (Lötschen) - Valais
08/07/2024,07/09/2024,14/09/2024,523.02,HUVDXG0,65 m² Maison de vacances ∙ 3 chambres ∙ 5 personnes,Hérémence - Valais
08/07/2024,14/09/2024,21/09/2024,523.02,HUVDXG0,65 m² Maison de vacances ∙ 3 chambres ∙ 5 personnes,Hérémence - Valais
08/07/2024,21/09/2024,28/09/2024,523.02,HUVDXG0,65 m² Maison de vacances ∙ 3 chambres ∙ 5 personnes,Hérémence - Valais
08/07/2024,28/09/2024,05/10/2024,523.02,HUVDXG0,65 m² Maison de vacances ∙ 3 chambres ∙ 5 personnes,Hérémence - Valais
08/07/2024,05/10/2024,12/10/2024,523.02,HUVDXG0,65 m² Maison de vacances ∙ 3 chambres ∙ 5 personnes,Hérémence - Valais
08/07/2024,12/10/2024,19/10/2024,523.02,HUVDXG0,65 m² Maison de vacances ∙ 3 chambres ∙ 5 personnes,Hérémence - Valais
08/07/2024,19/10/2024,26/10/2024,523.02,HUVDXG0,65 m² Maison de vacances ∙ 3 chambres ∙ 5 personnes,Hérémence - Valais
08/07/2024,26/10/2024,02/11/2024,523.02,HUVDXG0,65 m² Maison de vacances ∙ 3 chambres ∙ 5 personnes,Hérémence - Valais
08/07/2024,21/09/2024,28/09/2024,620.37,H2UKYZS,90 m² Maison de vacances ∙ 3 chambres ∙ 6 personnes,Unterbäch - Valais
08/07/2024,26/10/2024,02/11/2024,605.87,H2UKYZS,90 m² Maison de vacances ∙ 3 chambres ∙ 6 personnes,Unterbäch - Valais
08/07/2024,07/09/2024,14/09/2024,557.49,HHT6YEJ,60 m² Appartement ∙ 1 chambre ∙ 4 personnes,Veysonnaz - Valais
08/07/2024,14/09/2024,21/09/2024,557.49,HHT6YEJ,60 m² Appartement ∙ 1 chambre ∙ 4 personnes,Veysonnaz - Valais
08/07/2024,21/09/2024,28/09/2024,557.49,HHT6YEJ,60 m² Appartement ∙ 1 chambre ∙ 4 personnes,Veysonnaz - Valais
08/07/2024,28/09/2024,05/10/2024,557.49,HHT6YEJ,60 m² Appartement ∙ 1 chambre ∙ 4 personnes,Veysonnaz - Valais
08/07/2024,05/10/2024,12/10/2024,557.49,HHT6YEJ,60 m² Appartement ∙ 1 chambre ∙ 4 personnes,Veysonnaz - Valais
08/07/2024,12/10/2024,19/10/2024,557.49,HHT6YEJ,60 m² Appartement ∙ 1 chambre ∙ 4 personnes,Veysonnaz - Valais
08/07/2024,19/10/2024,26/10/2024,557.49,HHT6YEJ,60 m² Appartement ∙ 1 chambre ∙ 4 personnes,Veysonnaz - Valais
08/07/2024,26/10/2024,02/11/2024,557.49,HHT6YEJ,60 m² Appartement ∙ 1 chambre ∙ 4 personnes,Veysonnaz - Valais
08/07/2024,10/08/2024,17/08/2024,723.38,HP19R0K,51 m² Appartement ∙ 2 chambres ∙ 4 personnes,Ernen - Valais
08/07/2024,28/09/2024,05/10/2024,677.02,HP19R0K,51 m² Appartement ∙ 2 chambres ∙ 4 personnes,Ernen - Valais
08/07/2024,05/10/2024,12/10/2024,677.02,HP19R0K,51 m² Appartement ∙ 2 chambres ∙ 4 personnes,Ernen - Valais
08/07/2024,12/10/2024,19/10/2024,677.02,HP19R0K,51 m² Appartement ∙ 2 chambres ∙ 4 personnes,Ernen - Valais
08/07/2024,19/10/2024,26/10/2024,677.02,HP19R0K,51 m² Appartement ∙ 2 chambres ∙ 4 personnes,Ernen - Valais
08/07/2024,26/10/2024,02/11/2024,576.03,HP19R0K,51 m² Appartement ∙ 2 chambres ∙ 4 personnes,Ernen - Valais
08/07/2024,10/08/2024,17/08/2024,1568.38,HV8HA9U,120 m² Maison de vacances ∙ 3 chambres ∙ 6 personnes,Ayent - Valais
08/07/2024,24/08/2024,31/08/2024,1324.49,HV8HA9U,120 m² Maison de vacances ∙ 3 chambres ∙ 6 personnes,Ayent - Valais
08/07/2024,31/08/2024,07/09/2024,1325.19,HV8HA9U,120 m² Maison de vacances ∙ 3 chambres ∙ 6 personnes,Ayent - Valais
08/07/2024,07/09/2024,14/09/2024,1325.19,HV8HA9U,120 m² Maison de vacances ∙ 3 chambres ∙ 6 personnes,Ayent - Valais
08/07/2024,21/09/2024,28/09/2024,1325.19,HV8HA9U,120 m² Maison de vacances ∙ 3 chambres ∙ 6 personnes,Ayent - Valais
08/07/2024,28/09/2024,05/10/2024,1325.19,HV8HA9U,120 m² Maison de vacances ∙ 3 chambres ∙ 6 personnes,Ayent - Valais
08/07/2024,05/10/2024,12/10/2024,1568.38,HV8HA9U,120 m² Maison de vacances ∙ 3 chambres ∙ 6 personnes,Ayent - Valais
08/07/2024,12/10/2024,19/10/2024,1568.38,HV8HA9U,120 m² Maison de vacances ∙ 3 chambres ∙ 6 personnes,Ayent - Valais
08/07/2024,19/10/2024,26/10/2024,1568.38,HV8HA9U,120 m² Maison de vacances ∙ 3 chambres ∙ 6 personnes,Ayent - Valais
08/07/2024,26/10/2024,02/11/2024,1325.19,HV8HA9U,120 m² Maison de vacances ∙ 3 chambres ∙ 6 personnes,Ayent - Valais
08/07/2024,07/09/2024,14/09/2024,616.24,HG1DUS5,100 m² Maison de vacances ∙ 3 chambres ∙ 6 personnes,Riddes - Valais
08/07/2024,14/09/2024,21/09/2024,616.24,HG1DUS5,100 m² Maison de vacances ∙ 3 chambres ∙ 6 personnes,Riddes - Valais
08/07/2024,21/09/2024,28/09/2024,616.24,HG1DUS5,100 m² Maison de vacances ∙ 3 chambres ∙ 6 personnes,Riddes - Valais
08/07/2024,28/09/2024,05/10/2024,616.24,HG1DUS5,100 m² Maison de vacances ∙ 3 chambres ∙ 6 personnes,Riddes - Valais
08/07/2024,05/10/2024,12/10/2024,616.24,HG1DUS5,100 m² Maison de vacances ∙ 3 chambres ∙ 6 personnes,Riddes - Valais
08/07/2024,12/10/2024,19/10/2024,616.24,HG1DUS5,100 m² Maison de vacances ∙ 3 chambres ∙ 6 personnes,Riddes - Valais
08/07/2024,19/10/2024,26/10/2024,616.24,HG1DUS5,100 m² Maison de vacances ∙ 3 chambres ∙ 6 personnes,Riddes - Valais
08/07/2024,26/10/2024,02/11/2024,616.24,HG1DUS5,100 m² Maison de vacances ∙ 3 chambres ∙ 6 personnes,Riddes - Valais
08/07/2024,27/07/2024,03/08/2024,1918.73,HM87T15,61 m² Maison de vacances ∙ 2 chambres ∙ 4 personnes,Evolène - Valais
08/07/2024,10/08/2024,17/08/2024,1918.73,HM87T15,61 m² Maison de vacances ∙ 2 chambres ∙ 4 personnes,Evolène - Valais
08/07/2024,05/10/2024,12/10/2024,1478.72,HM87T15,61 m² Maison de vacances ∙ 2 chambres ∙ 4 personnes,Evolène - Valais
08/07/2024,12/10/2024,19/10/2024,1478.72,HM87T15,61 m² Maison de vacances ∙ 2 chambres ∙ 4 personnes,Evolène - Valais
08/07/2024,19/10/2024,26/10/2024,1477.94,HM87T15,61 m² Maison de vacances ∙ 2 chambres ∙ 4 personnes,Evolène - Valais
08/07/2024,26/10/2024,02/11/2024,1478.72,HM87T15,61 m² Maison de vacances ∙ 2 chambres ∙ 4 personnes,Evolène - Valais
08/07/2024,27/07/2024,03/08/2024,649.20,HD3NRX2,Appartement ∙ 2 personnes,Grächen - Valais
08/07/2024,10/08/2024,17/08/2024,649.20,HD3NRX2,Appartement ∙ 2 personnes,Grächen - Valais
08/07/2024,17/08/2024,24/08/2024,649.20,HD3NRX2,Appartement ∙ 2 personnes,Grächen - Valais
08/07/2024,24/08/2024,31/08/2024,649.20,HD3NRX2,Appartement ∙ 2 personnes,Grächen - Valais
08/07/2024,28/09/2024,05/10/2024,577.06,HD3NRX2,Appartement ∙ 2 personnes,Grächen - Valais
08/07/2024,05/10/2024,12/10/2024,577.06,HD3NRX2,Appartement ∙ 2 personnes,Grächen - Valais
08/07/2024,12/10/2024,19/10/2024,577.06,HD3NRX2,Appartement ∙ 2 personnes,Grächen - Valais
08/07/2024,19/10/2024,26/10/2024,577.06,HD3NRX2,Appartement ∙ 2 personnes,Grächen - Valais
08/07/2024,26/10/2024,02/11/2024,576.76,HD3NRX2,Appartement ∙ 2 personnes,Grächen - Valais
08/07/2024,13/07/2024,20/07/2024,685.26,HAN1CW9,Appartement ∙ 2 chambres ∙ 4 personnes,Grächen - Valais
08/07/2024,20/07/2024,27/07/2024,685.26,HAN1CW9,Appartement ∙ 2 chambres ∙ 4 personnes,Grächen - Valais
08/07/2024,27/07/2024,03/08/2024,685.26,HAN1CW9,Appartement ∙ 2 chambres ∙ 4 personnes,Grächen - Valais
08/07/2024,03/08/2024,10/08/2024,685.26,HAN1CW9,Appartement ∙ 2 chambres ∙ 4 personnes,Grächen - Valais
08/07/2024,10/08/2024,17/08/2024,684.91,HAN1CW9,Appartement ∙ 2 chambres ∙ 4 personnes,Grächen - Valais
08/07/2024,17/08/2024,24/08/2024,685.26,HAN1CW9,Appartement ∙ 2 chambres ∙ 4 personnes,Grächen - Valais
08/07/2024,24/08/2024,31/08/2024,685.26,HAN1CW9,Appartement ∙ 2 chambres ∙ 4 personnes,Grächen - Valais
08/07/2024,31/08/2024,07/09/2024,685.26,HAN1CW9,Appartement ∙ 2 chambres ∙ 4 personnes,Grächen - Valais
08/07/2024,07/09/2024,14/09/2024,684.91,HAN1CW9,Appartement ∙ 2 chambres ∙ 4 personnes,Grächen - Valais
08/07/2024,14/09/2024,21/09/2024,685.26,HAN1CW9,Appartement ∙ 2 chambres ∙ 4 personnes,Grächen - Valais
08/07/2024,21/09/2024,28/09/2024,684.91,HAN1CW9,Appartement ∙ 2 chambres ∙ 4 personnes,Grächen - Valais
08/07/2024,05/10/2024,12/10/2024,684.91,HAN1CW9,Appartement ∙ 2 chambres ∙ 4 personnes,Grächen - Valais
08/07/2024,12/10/2024,19/10/2024,685.26,HAN1CW9,Appartement ∙ 2 chambres ∙ 4 personnes,Grächen - Valais
08/07/2024,19/10/2024,26/10/2024,661.27,HAN1CW9,Appartement ∙ 2 chambres ∙ 4 personnes,Grächen - Valais
08/07/2024,26/10/2024,02/11/2024,432.57,HAN1CW9,Appartement ∙ 2 chambres ∙ 4 personnes,Grächen - Valais
08/07/2024,17/08/2024,24/08/2024,862.06,H12PDRE,55 m² Appartement ∙ 2 chambres ∙ 3 personnes,Saint-Nicolas - Valais
08/07/2024,28/09/2024,05/10/2024,862.50,H12PDRE,55 m² Appartement ∙ 2 chambres ∙ 3 personnes,Saint-Nicolas - Valais
08/07/2024,05/10/2024,12/10/2024,862.06,H12PDRE,55 m² Appartement ∙ 2 chambres ∙ 3 personnes,Saint-Nicolas - Valais
08/07/2024,12/10/2024,19/10/2024,862.06,H12PDRE,55 m² Appartement ∙ 2 chambres ∙ 3 personnes,Saint-Nicolas - Valais
08/07/2024,19/10/2024,26/10/2024,862.06,H12PDRE,55 m² Appartement ∙ 2 chambres ∙ 3 personnes,Saint-Nicolas - Valais
08/07/2024,26/10/2024,02/11/2024,862.50,H12PDRE,55 m² Appartement ∙ 2 chambres ∙ 3 personnes,Saint-Nicolas - Valais
08/07/2024,10/08/2024,17/08/2024,723.02,HJAU0YW,60 m² Appartement ∙ 3 chambres ∙ 6 personnes,Loèche-les-Bains - Valais
08/07/2024,17/08/2024,24/08/2024,723.38,HJAU0YW,60 m² Appartement ∙ 3 chambres ∙ 6 personnes,Loèche-les-Bains - Valais
08/07/2024,31/08/2024,07/09/2024,723.02,HJAU0YW,60 m² Appartement ∙ 3 chambres ∙ 6 personnes,Loèche-les-Bains - Valais
08/07/2024,07/09/2024,14/09/2024,723.02,HJAU0YW,60 m² Appartement ∙ 3 chambres ∙ 6 personnes,Loèche-les-Bains - Valais
08/07/2024,14/09/2024,21/09/2024,723.38,HJAU0YW,60 m² Appartement ∙ 3 chambres ∙ 6 personnes,Loèche-les-Bains - Valais
08/07/2024,28/09/2024,05/10/2024,723.02,HJAU0YW,60 m² Appartement ∙ 3 chambres ∙ 6 personnes,Loèche-les-Bains - Valais
08/07/2024,05/10/2024,12/10/2024,723.02,HJAU0YW,60 m² Appartement ∙ 3 chambres ∙ 6 personnes,Loèche-les-Bains - Valais
08/07/2024,12/10/2024,19/10/2024,723.02,HJAU0YW,60 m² Appartement ∙ 3 chambres ∙ 6 personnes,Loèche-les-Bains - Valais
08/07/2024,19/10/2024,26/10/2024,723.02,HJAU0YW,60 m² Appartement ∙ 3 chambres ∙ 6 personnes,Loèche-les-Bains - Valais
08/07/2024,26/10/2024,02/11/2024,723.02,HJAU0YW,60 m² Appartement ∙ 3 chambres ∙ 6 personnes,Loèche-les-Bains - Valais
08/07/2024,13/07/2024,20/07/2024,661.84,H756JLW,60 m² Appartement ∙ 2 chambres ∙ 4 personnes,Saas-Almagell - Valais
08/07/2024,20/07/2024,27/07/2024,661.84,H756JLW,60 m² Appartement ∙ 2 chambres ∙ 4 personnes,Saas-Almagell - Valais
08/07/2024,27/07/2024,03/08/2024,662.18,H756JLW,60 m² Appartement ∙ 2 chambres ∙ 4 personnes,Saas-Almagell - Valais
08/07/2024,03/08/2024,10/08/2024,661.84,H756JLW,60 m² Appartement ∙ 2 chambres ∙ 4 personnes,Saas-Almagell - Valais
08/07/2024,10/08/2024,17/08/2024,662.18,H756JLW,60 m² Appartement ∙ 2 chambres ∙ 4 personnes,Saas-Almagell - Valais
08/07/2024,31/08/2024,07/09/2024,661.84,H756JLW,60 m² Appartement ∙ 2 chambres ∙ 4 personnes,Saas-Almagell - Valais
08/07/2024,21/09/2024,28/09/2024,661.84,H756JLW,60 m² Appartement ∙ 2 chambres ∙ 4 personnes,Saas-Almagell - Valais
08/07/2024,28/09/2024,05/10/2024,661.84,H756JLW,60 m² Appartement ∙ 2 chambres ∙ 4 personnes,Saas-Almagell - Valais
08/07/2024,05/10/2024,12/10/2024,661.84,H756JLW,60 m² Appartement ∙ 2 chambres ∙ 4 personnes,Saas-Almagell - Valais
08/07/2024,20/07/2024,27/07/2024,1150.65,H03TH8L,60 m² Appartement ∙ 1 chambre ∙ 4 personnes,Bellwald - Valais
08/07/2024,27/07/2024,03/08/2024,1150.65,H03TH8L,60 m² Appartement ∙ 1 chambre ∙ 4 personnes,Bellwald - Valais
08/07/2024,10/08/2024,17/08/2024,1150.65,H03TH8L,60 m² Appartement ∙ 1 chambre ∙ 4 personnes,Bellwald - Valais
08/07/2024,31/08/2024,07/09/2024,1071.34,H03TH8L,60 m² Appartement ∙ 1 chambre ∙ 4 personnes,Bellwald - Valais
08/07/2024,07/09/2024,14/09/2024,1071.34,H03TH8L,60 m² Appartement ∙ 1 chambre ∙ 4 personnes,Bellwald - Valais
08/07/2024,14/09/2024,21/09/2024,1071.34,H03TH8L,60 m² Appartement ∙ 1 chambre ∙ 4 personnes,Bellwald - Valais
08/07/2024,21/09/2024,28/09/2024,1071.34,H03TH8L,60 m² Appartement ∙ 1 chambre ∙ 4 personnes,Bellwald - Valais
08/07/2024,28/09/2024,05/10/2024,1150.65,H03TH8L,60 m² Appartement ∙ 1 chambre ∙ 4 personnes,Bellwald - Valais
08/07/2024,19/10/2024,26/10/2024,1091.94,H03TH8L,60 m² Appartement ∙ 1 chambre ∙ 4 personnes,Bellwald - Valais
08/07/2024,26/10/2024,02/11/2024,1071.34,H03TH8L,60 m² Appartement ∙ 1 chambre ∙ 4 personnes,Bellwald - Valais
08/07/2024,27/07/2024,03/08/2024,999.03,HWV8J47,Appartement ∙ 1 chambre ∙ 2 personnes,Orsières - Valais
08/07/2024,03/08/2024,10/08/2024,999.03,HWV8J47,Appartement ∙ 1 chambre ∙ 2 personnes,Orsières - Valais
08/07/2024,21/09/2024,28/09/2024,652.98,HWV8J47,Appartement ∙ 1 chambre ∙ 2 personnes,Orsières - Valais
08/07/2024,12/10/2024,19/10/2024,652.98,HWV8J47,Appartement ∙ 1 chambre ∙ 2 personnes,Orsières - Valais
08/07/2024,19/10/2024,26/10/2024,652.98,HWV8J47,Appartement ∙ 1 chambre ∙ 2 personnes,Orsières - Valais
08/07/2024,07/09/2024,14/09/2024,1724.46,HGZMTW8,350 m² Maison de vacances ∙ 10 chambres ∙ 28 personnes,Nendaz - Valais
08/07/2024,19/10/2024,26/10/2024,1724.46,HGZMTW8,350 m² Maison de vacances ∙ 10 chambres ∙ 28 personnes,Nendaz - Valais
08/07/2024,26/10/2024,02/11/2024,1724.46,HGZMTW8,350 m² Maison de vacances ∙ 10 chambres ∙ 28 personnes,Nendaz - Valais
08/07/2024,21/09/2024,28/09/2024,478.92,HWCVUNT,27 m² Appartement ∙ 1 chambre ∙ 2 personnes,Grächen - Valais
08/07/2024,28/09/2024,05/10/2024,478.92,HWCVUNT,27 m² Appartement ∙ 1 chambre ∙ 2 personnes,Grächen - Valais
08/07/2024,19/10/2024,26/10/2024,478.92,HWCVUNT,27 m² Appartement ∙ 1 chambre ∙ 2 personnes,Grächen - Valais
08/07/2024,26/10/2024,02/11/2024,478.92,HWCVUNT,27 m² Appartement ∙ 1 chambre ∙ 2 personnes,Grächen - Valais
08/07/2024,13/07/2024,20/07/2024,2508.92,HHFDV4Y,210 m² Maison de vacances ∙ 6 chambres ∙ 14 personnes,Riddes - Valais
08/07/2024,20/07/2024,27/07/2024,2508.92,HHFDV4Y,210 m² Maison de vacances ∙ 6 chambres ∙ 14 personnes,Riddes - Valais
08/07/2024,17/08/2024,24/08/2024,2508.92,HHFDV4Y,210 m² Maison de vacances ∙ 6 chambres ∙ 14 personnes,Riddes - Valais
08/07/2024,24/08/2024,31/08/2024,2508.92,HHFDV4Y,210 m² Maison de vacances ∙ 6 chambres ∙ 14 personnes,Riddes - Valais
08/07/2024,31/08/2024,07/09/2024,2018.67,HHFDV4Y,210 m² Maison de vacances ∙ 6 chambres ∙ 14 personnes,Riddes - Valais
08/07/2024,07/09/2024,14/09/2024,2018.67,HHFDV4Y,210 m² Maison de vacances ∙ 6 chambres ∙ 14 personnes,Riddes - Valais
08/07/2024,14/09/2024,21/09/2024,2018.67,HHFDV4Y,210 m² Maison de vacances ∙ 6 chambres ∙ 14 personnes,Riddes - Valais
08/07/2024,21/09/2024,28/09/2024,2018.67,HHFDV4Y,210 m² Maison de vacances ∙ 6 chambres ∙ 14 personnes,Riddes - Valais
08/07/2024,28/09/2024,05/10/2024,2018.67,HHFDV4Y,210 m² Maison de vacances ∙ 6 chambres ∙ 14 personnes,Riddes - Valais
08/07/2024,05/10/2024,12/10/2024,2018.67,HHFDV4Y,210 m² Maison de vacances ∙ 6 chambres ∙ 14 personnes,Riddes - Valais
08/07/2024,12/10/2024,19/10/2024,2018.67,HHFDV4Y,210 m² Maison de vacances ∙ 6 chambres ∙ 14 personnes,Riddes - Valais
08/07/2024,19/10/2024,26/10/2024,2018.67,HHFDV4Y,210 m² Maison de vacances ∙ 6 chambres ∙ 14 personnes,Riddes - Valais
08/07/2024,26/10/2024,02/11/2024,2018.67,HHFDV4Y,210 m² Maison de vacances ∙ 6 chambres ∙ 14 personnes,Riddes - Valais
08/07/2024,07/09/2024,14/09/2024,952.69,H6EC4NX,50 m² Appartement ∙ 2 chambres ∙ 3 personnes,Verbier - Bagnes - Valais
08/07/2024,14/09/2024,21/09/2024,952.69,H6EC4NX,50 m² Appartement ∙ 2 chambres ∙ 3 personnes,Verbier - Bagnes - Valais
08/07/2024,21/09/2024,28/09/2024,952.69,H6EC4NX,50 m² Appartement ∙ 2 chambres ∙ 3 personnes,Verbier - Bagnes - Valais
08/07/2024,05/10/2024,12/10/2024,952.69,H6EC4NX,50 m² Appartement ∙ 2 chambres ∙ 3 personnes,Verbier - Bagnes - Valais
08/07/2024,12/10/2024,19/10/2024,952.69,H6EC4NX,50 m² Appartement ∙ 2 chambres ∙ 3 personnes,Verbier - Bagnes - Valais
08/07/2024,19/10/2024,26/10/2024,952.69,H6EC4NX,50 m² Appartement ∙ 2 chambres ∙ 3 personnes,Verbier - Bagnes - Valais
08/07/2024,26/10/2024,02/11/2024,952.69,H6EC4NX,50 m² Appartement ∙ 2 chambres ∙ 3 personnes,Verbier - Bagnes - Valais
08/07/2024,13/07/2024,20/07/2024,641.64,H6K9C1F,55 m² Appartement ∙ 1 chambre ∙ 6 personnes,Veysonnaz - Valais
08/07/2024,03/08/2024,10/08/2024,658.75,H6K9C1F,55 m² Appartement ∙ 1 chambre ∙ 6 personnes,Veysonnaz - Valais
08/07/2024,10/08/2024,17/08/2024,658.75,H6K9C1F,55 m² Appartement ∙ 1 chambre ∙ 6 personnes,Veysonnaz - Valais
08/07/2024,17/08/2024,24/08/2024,376.43,H6K9C1F,55 m² Appartement ∙ 1 chambre ∙ 6 personnes,Veysonnaz - Valais
08/07/2024,24/08/2024,31/08/2024,376.43,H6K9C1F,55 m² Appartement ∙ 1 chambre ∙ 6 personnes,Veysonnaz - Valais
08/07/2024,31/08/2024,07/09/2024,307.98,H6K9C1F,55 m² Appartement ∙ 1 chambre ∙ 6 personnes,Veysonnaz - Valais
08/07/2024,07/09/2024,14/09/2024,307.98,H6K9C1F,55 m² Appartement ∙ 1 chambre ∙ 6 personnes,Veysonnaz - Valais
08/07/2024,14/09/2024,21/09/2024,342.21,H6K9C1F,55 m² Appartement ∙ 1 chambre ∙ 6 personnes,Veysonnaz - Valais
08/07/2024,21/09/2024,28/09/2024,342.21,H6K9C1F,55 m² Appartement ∙ 1 chambre ∙ 6 personnes,Veysonnaz - Valais
08/07/2024,28/09/2024,05/10/2024,342.21,H6K9C1F,55 m² Appartement ∙ 1 chambre ∙ 6 personnes,Veysonnaz - Valais
08/07/2024,05/10/2024,12/10/2024,342.21,H6K9C1F,55 m² Appartement ∙ 1 chambre ∙ 6 personnes,Veysonnaz - Valais
08/07/2024,26/10/2024,02/11/2024,342.21,H6K9C1F,55 m² Appartement ∙ 1 chambre ∙ 6 personnes,Veysonnaz - Valais
08/07/2024,13/07/2024,20/07/2024,832.19,HUH0C78,65 m² Appartement ∙ 1 chambre ∙ 4 personnes,Loèche-les-Bains - Valais
08/07/2024,20/07/2024,27/07/2024,832.19,HUH0C78,65 m² Appartement ∙ 1 chambre ∙ 4 personnes,Loèche-les-Bains - Valais
08/07/2024,27/07/2024,03/08/2024,832.19,HUH0C78,65 m² Appartement ∙ 1 chambre ∙ 4 personnes,Loèche-les-Bains - Valais
08/07/2024,03/08/2024,10/08/2024,832.19,HUH0C78,65 m² Appartement ∙ 1 chambre ∙ 4 personnes,Loèche-les-Bains - Valais
08/07/2024,10/08/2024,17/08/2024,832.19,HUH0C78,65 m² Appartement ∙ 1 chambre ∙ 4 personnes,Loèche-les-Bains - Valais
08/07/2024,17/08/2024,24/08/2024,832.19,HUH0C78,65 m² Appartement ∙ 1 chambre ∙ 4 personnes,Loèche-les-Bains - Valais
08/07/2024,24/08/2024,31/08/2024,832.19,HUH0C78,65 m² Appartement ∙ 1 chambre ∙ 4 personnes,Loèche-les-Bains - Valais
08/07/2024,31/08/2024,07/09/2024,832.19,HUH0C78,65 m² Appartement ∙ 1 chambre ∙ 4 personnes,Loèche-les-Bains - Valais
08/07/2024,07/09/2024,14/09/2024,832.19,HUH0C78,65 m² Appartement ∙ 1 chambre ∙ 4 personnes,Loèche-les-Bains - Valais
08/07/2024,14/09/2024,21/09/2024,832.19,HUH0C78,65 m² Appartement ∙ 1 chambre ∙ 4 personnes,Loèche-les-Bains - Valais
08/07/2024,21/09/2024,28/09/2024,832.19,HUH0C78,65 m² Appartement ∙ 1 chambre ∙ 4 personnes,Loèche-les-Bains - Valais
08/07/2024,28/09/2024,05/10/2024,869.27,HUH0C78,65 m² Appartement ∙ 1 chambre ∙ 4 personnes,Loèche-les-Bains - Valais
08/07/2024,05/10/2024,12/10/2024,869.27,HUH0C78,65 m² Appartement ∙ 1 chambre ∙ 4 personnes,Loèche-les-Bains - Valais
08/07/2024,12/10/2024,19/10/2024,869.27,HUH0C78,65 m² Appartement ∙ 1 chambre ∙ 4 personnes,Loèche-les-Bains - Valais
08/07/2024,19/10/2024,26/10/2024,869.27,HUH0C78,65 m² Appartement ∙ 1 chambre ∙ 4 personnes,Loèche-les-Bains - Valais
08/07/2024,26/10/2024,02/11/2024,785.84,HUH0C78,65 m² Appartement ∙ 1 chambre ∙ 4 personnes,Loèche-les-Bains - Valais
08/07/2024,13/07/2024,20/07/2024,1560.63,HMWYB8D,70 m² Appartement ∙ 2 chambres ∙ 4 personnes,Saas Fee - Valais
08/07/2024,20/07/2024,27/07/2024,1637.77,HMWYB8D,70 m² Appartement ∙ 2 chambres ∙ 4 personnes,Saas Fee - Valais
08/07/2024,27/07/2024,03/08/2024,1637.77,HMWYB8D,70 m² Appartement ∙ 2 chambres ∙ 4 personnes,Saas Fee - Valais
08/07/2024,03/08/2024,10/08/2024,1637.77,HMWYB8D,70 m² Appartement ∙ 2 chambres ∙ 4 personnes,Saas Fee - Valais
08/07/2024,10/08/2024,17/08/2024,1637.77,HMWYB8D,70 m² Appartement ∙ 2 chambres ∙ 4 personnes,Saas Fee - Valais
08/07/2024,24/08/2024,31/08/2024,1229.41,HMWYB8D,70 m² Appartement ∙ 2 chambres ∙ 4 personnes,Saas Fee - Valais
08/07/2024,31/08/2024,07/09/2024,1229.41,HMWYB8D,70 m² Appartement ∙ 2 chambres ∙ 4 personnes,Saas Fee - Valais
08/07/2024,07/09/2024,14/09/2024,1229.41,HMWYB8D,70 m² Appartement ∙ 2 chambres ∙ 4 personnes,Saas Fee - Valais
08/07/2024,14/09/2024,21/09/2024,1229.41,HMWYB8D,70 m² Appartement ∙ 2 chambres ∙ 4 personnes,Saas Fee - Valais
08/07/2024,21/09/2024,28/09/2024,1229.41,HMWYB8D,70 m² Appartement ∙ 2 chambres ∙ 4 personnes,Saas Fee - Valais
08/07/2024,28/09/2024,05/10/2024,1229.41,HMWYB8D,70 m² Appartement ∙ 2 chambres ∙ 4 personnes,Saas Fee - Valais
08/07/2024,05/10/2024,12/10/2024,1229.41,HMWYB8D,70 m² Appartement ∙ 2 chambres ∙ 4 personnes,Saas Fee - Valais
08/07/2024,12/10/2024,19/10/2024,1229.41,HMWYB8D,70 m² Appartement ∙ 2 chambres ∙ 4 personnes,Saas Fee - Valais
08/07/2024,19/10/2024,26/10/2024,1229.41,HMWYB8D,70 m² Appartement ∙ 2 chambres ∙ 4 personnes,Saas Fee - Valais
08/07/2024,26/10/2024,02/11/2024,1229.41,HMWYB8D,70 m² Appartement ∙ 2 chambres ∙ 4 personnes,Saas Fee - Valais
08/07/2024,17/08/2024,24/08/2024,575.32,H9VRM0X,35 m² Appartement ∙ 1 chambre ∙ 2 personnes,Loèche-les-Bains - Valais
08/07/2024,24/08/2024,31/08/2024,575.32,H9VRM0X,35 m² Appartement ∙ 1 chambre ∙ 2 personnes,Loèche-les-Bains - Valais
08/07/2024,31/08/2024,07/09/2024,575.32,H9VRM0X,35 m² Appartement ∙ 1 chambre ∙ 2 personnes,Loèche-les-Bains - Valais
08/07/2024,07/09/2024,14/09/2024,575.32,H9VRM0X,35 m² Appartement ∙ 1 chambre ∙ 2 personnes,Loèche-les-Bains - Valais
08/07/2024,14/09/2024,21/09/2024,575.32,H9VRM0X,35 m² Appartement ∙ 1 chambre ∙ 2 personnes,Loèche-les-Bains - Valais
08/07/2024,19/10/2024,26/10/2024,575.32,H9VRM0X,35 m² Appartement ∙ 1 chambre ∙ 2 personnes,Loèche-les-Bains - Valais
08/07/2024,26/10/2024,02/11/2024,575.32,H9VRM0X,35 m² Appartement ∙ 1 chambre ∙ 2 personnes,Loèche-les-Bains - Valais
09/07/2024,28/09/2024,05/10/2024,732.32,H4V7EYU,50 m² Appartement ∙ 1 chambre ∙ 4 personnes,Saas Fee - Valais
09/07/2024,26/10/2024,02/11/2024,781.88,H4V7EYU,50 m² Appartement ∙ 1 chambre ∙ 4 personnes,Saas Fee - Valais
09/07/2024,31/08/2024,07/09/2024,1826.83,HSE9YNM,120 m² Appartement ∙ 3 chambres ∙ 6 personnes,Zermatt - Valais
09/07/2024,07/09/2024,14/09/2024,1826.83,HSE9YNM,120 m² Appartement ∙ 3 chambres ∙ 6 personnes,Zermatt - Valais
09/07/2024,14/09/2024,21/09/2024,1826.29,HSE9YNM,120 m² Appartement ∙ 3 chambres ∙ 6 personnes,Zermatt - Valais
09/07/2024,28/09/2024,05/10/2024,1826.29,HSE9YNM,120 m² Appartement ∙ 3 chambres ∙ 6 personnes,Zermatt - Valais
09/07/2024,05/10/2024,12/10/2024,1826.83,HSE9YNM,120 m² Appartement ∙ 3 chambres ∙ 6 personnes,Zermatt - Valais
09/07/2024,12/10/2024,19/10/2024,1826.29,HSE9YNM,120 m² Appartement ∙ 3 chambres ∙ 6 personnes,Zermatt - Valais
09/07/2024,19/10/2024,26/10/2024,1826.29,HSE9YNM,120 m² Appartement ∙ 3 chambres ∙ 6 personnes,Zermatt - Valais
09/07/2024,26/10/2024,02/11/2024,1826.29,HSE9YNM,120 m² Appartement ∙ 3 chambres ∙ 6 personnes,Zermatt - Valais
09/07/2024,13/07/2024,20/07/2024,1398.27,HH2DUZ8,PMR,PMRZinal - Ayer - Valais
09/07/2024,12/10/2024,19/10/2024,1011.40,HH2DUZ8,PMR,PMRZinal - Ayer - Valais
09/07/2024,19/10/2024,26/10/2024,711.99,HH2DUZ8,PMR,PMRZinal - Ayer - Valais
09/07/2024,14/09/2024,21/09/2024,972.30,HTE71XA,Appartement ∙ 2 chambres ∙ 4 personnes,Grächen - Valais
09/07/2024,21/09/2024,28/09/2024,972.30,HTE71XA,Appartement ∙ 2 chambres ∙ 4 personnes,Grächen - Valais
09/07/2024,28/09/2024,05/10/2024,972.30,HTE71XA,Appartement ∙ 2 chambres ∙ 4 personnes,Grächen - Valais
09/07/2024,05/10/2024,12/10/2024,972.30,HTE71XA,Appartement ∙ 2 chambres ∙ 4 personnes,Grächen - Valais
09/07/2024,12/10/2024,19/10/2024,972.30,HTE71XA,Appartement ∙ 2 chambres ∙ 4 personnes,Grächen - Valais
09/07/2024,19/10/2024,26/10/2024,972.30,HTE71XA,Appartement ∙ 2 chambres ∙ 4 personnes,Grächen - Valais
09/07/2024,26/10/2024,02/11/2024,1068.30,HTE71XA,Appartement ∙ 2 chambres ∙ 4 personnes,Grächen - Valais
09/07/2024,05/10/2024,12/10/2024,826.48,HNU0JWS,45 m² Appartement ∙ 1 chambre ∙ 4 personnes,Sion - Valais
09/07/2024,12/10/2024,19/10/2024,854.29,HNU0JWS,45 m² Appartement ∙ 1 chambre ∙ 4 personnes,Sion - Valais
09/07/2024,19/10/2024,26/10/2024,863.78,HNU0JWS,45 m² Appartement ∙ 1 chambre ∙ 4 personnes,Sion - Valais
09/07/2024,26/10/2024,02/11/2024,871.03,HNU0JWS,45 m² Appartement ∙ 1 chambre ∙ 4 personnes,Sion - Valais
09/07/2024,13/07/2024,20/07/2024,1522.76,HZ2836F,Appartement ∙ 3 chambres ∙ 6 personnes,Bellwald - Valais
09/07/2024,20/07/2024,27/07/2024,1522.76,HZ2836F,Appartement ∙ 3 chambres ∙ 6 personnes,Bellwald - Valais
09/07/2024,27/07/2024,03/08/2024,1522.76,HZ2836F,Appartement ∙ 3 chambres ∙ 6 personnes,Bellwald - Valais
09/07/2024,03/08/2024,10/08/2024,1522.76,HZ2836F,Appartement ∙ 3 chambres ∙ 6 personnes,Bellwald - Valais
09/07/2024,10/08/2024,17/08/2024,1522.76,HZ2836F,Appartement ∙ 3 chambres ∙ 6 personnes,Bellwald - Valais
09/07/2024,17/08/2024,24/08/2024,1522.76,HZ2836F,Appartement ∙ 3 chambres ∙ 6 personnes,Bellwald - Valais
09/07/2024,31/08/2024,07/09/2024,1214.30,HZ2836F,Appartement ∙ 3 chambres ∙ 6 personnes,Bellwald - Valais
09/07/2024,07/09/2024,14/09/2024,1167.69,HZ2836F,Appartement ∙ 3 chambres ∙ 6 personnes,Bellwald - Valais
09/07/2024,14/09/2024,21/09/2024,1167.69,HZ2836F,Appartement ∙ 3 chambres ∙ 6 personnes,Bellwald - Valais
09/07/2024,21/09/2024,28/09/2024,1167.69,HZ2836F,Appartement ∙ 3 chambres ∙ 6 personnes,Bellwald - Valais
09/07/2024,28/09/2024,05/10/2024,1167.69,HZ2836F,Appartement ∙ 3 chambres ∙ 6 personnes,Bellwald - Valais
09/07/2024,12/10/2024,19/10/2024,1167.69,HZ2836F,Appartement ∙ 3 chambres ∙ 6 personnes,Bellwald - Valais
09/07/2024,19/10/2024,26/10/2024,1167.69,HZ2836F,Appartement ∙ 3 chambres ∙ 6 personnes,Bellwald - Valais
09/07/2024,26/10/2024,02/11/2024,1167.69,HZ2836F,Appartement ∙ 3 chambres ∙ 6 personnes,Bellwald - Valais
09/07/2024,20/07/2024,27/07/2024,655.05,H1KJPU5,32 m² Studio ∙ 1 chambre ∙ 2 personnes,Saas-Almagell - Valais
09/07/2024,03/08/2024,10/08/2024,655.05,H1KJPU5,32 m² Studio ∙ 1 chambre ∙ 2 personnes,Saas-Almagell - Valais
09/07/2024,10/08/2024,17/08/2024,655.05,H1KJPU5,32 m² Studio ∙ 1 chambre ∙ 2 personnes,Saas-Almagell - Valais
09/07/2024,24/08/2024,31/08/2024,655.05,H1KJPU5,32 m² Studio ∙ 1 chambre ∙ 2 personnes,Saas-Almagell - Valais
09/07/2024,31/08/2024,07/09/2024,577.98,H1KJPU5,32 m² Studio ∙ 1 chambre ∙ 2 personnes,Saas-Almagell - Valais
09/07/2024,07/09/2024,14/09/2024,577.98,H1KJPU5,32 m² Studio ∙ 1 chambre ∙ 2 personnes,Saas-Almagell - Valais
09/07/2024,14/09/2024,21/09/2024,577.98,H1KJPU5,32 m² Studio ∙ 1 chambre ∙ 2 personnes,Saas-Almagell - Valais
09/07/2024,21/09/2024,28/09/2024,577.98,H1KJPU5,32 m² Studio ∙ 1 chambre ∙ 2 personnes,Saas-Almagell - Valais
09/07/2024,28/09/2024,05/10/2024,577.98,H1KJPU5,32 m² Studio ∙ 1 chambre ∙ 2 personnes,Saas-Almagell - Valais
09/07/2024,05/10/2024,12/10/2024,577.98,H1KJPU5,32 m² Studio ∙ 1 chambre ∙ 2 personnes,Saas-Almagell - Valais
09/07/2024,12/10/2024,19/10/2024,577.98,H1KJPU5,32 m² Studio ∙ 1 chambre ∙ 2 personnes,Saas-Almagell - Valais
09/07/2024,20/07/2024,27/07/2024,1533.36,H9VSF4M,50 m² Appartement ∙ 1 chambre ∙ 4 personnes,Saas Fee - Valais
09/07/2024,27/07/2024,03/08/2024,1533.36,H9VSF4M,50 m² Appartement ∙ 1 chambre ∙ 4 personnes,Saas Fee - Valais
09/07/2024,03/08/2024,10/08/2024,1533.36,H9VSF4M,50 m² Appartement ∙ 1 chambre ∙ 4 personnes,Saas Fee - Valais
09/07/2024,14/09/2024,21/09/2024,1241.00,H9VSF4M,50 m² Appartement ∙ 1 chambre ∙ 4 personnes,Saas Fee - Valais
09/07/2024,21/09/2024,28/09/2024,1241.00,H9VSF4M,50 m² Appartement ∙ 1 chambre ∙ 4 personnes,Saas Fee - Valais
09/07/2024,28/09/2024,05/10/2024,1241.00,H9VSF4M,50 m² Appartement ∙ 1 chambre ∙ 4 personnes,Saas Fee - Valais
09/07/2024,05/10/2024,12/10/2024,1241.00,H9VSF4M,50 m² Appartement ∙ 1 chambre ∙ 4 personnes,Saas Fee - Valais
09/07/2024,12/10/2024,19/10/2024,1241.00,H9VSF4M,50 m² Appartement ∙ 1 chambre ∙ 4 personnes,Saas Fee - Valais
09/07/2024,19/10/2024,26/10/2024,1241.00,H9VSF4M,50 m² Appartement ∙ 1 chambre ∙ 4 personnes,Saas Fee - Valais
09/07/2024,26/10/2024,02/11/2024,1241.00,H9VSF4M,50 m² Appartement ∙ 1 chambre ∙ 4 personnes,Saas Fee - Valais
09/07/2024,13/07/2024,20/07/2024,972.30,H7DLZ9N,Appartement ∙ 2 chambres ∙ 4 personnes,Grächen - Valais
09/07/2024,14/09/2024,21/09/2024,972.31,H7DLZ9N,Appartement ∙ 2 chambres ∙ 4 personnes,Grächen - Valais
09/07/2024,21/09/2024,28/09/2024,972.31,H7DLZ9N,Appartement ∙ 2 chambres ∙ 4 personnes,Grächen - Valais
09/07/2024,28/09/2024,05/10/2024,972.31,H7DLZ9N,Appartement ∙ 2 chambres ∙ 4 personnes,Grächen - Valais
09/07/2024,05/10/2024,12/10/2024,972.31,H7DLZ9N,Appartement ∙ 2 chambres ∙ 4 personnes,Grächen - Valais
09/07/2024,12/10/2024,19/10/2024,972.31,H7DLZ9N,Appartement ∙ 2 chambres ∙ 4 personnes,Grächen - Valais
09/07/2024,19/10/2024,26/10/2024,972.31,H7DLZ9N,Appartement ∙ 2 chambres ∙ 4 personnes,Grächen - Valais
09/07/2024,26/10/2024,02/11/2024,972.31,H7DLZ9N,Appartement ∙ 2 chambres ∙ 4 personnes,Grächen - Valais
09/07/2024,13/07/2024,20/07/2024,716.70,HX8ELV2,32 m² Appartement ∙ 1 chambre ∙ 3 personnes,Saas Fee - Valais
09/07/2024,10/08/2024,17/08/2024,716.70,HX8ELV2,32 m² Appartement ∙ 1 chambre ∙ 3 personnes,Saas Fee - Valais
09/07/2024,24/08/2024,31/08/2024,647.34,HX8ELV2,32 m² Appartement ∙ 1 chambre ∙ 3 personnes,Saas Fee - Valais
09/07/2024,31/08/2024,07/09/2024,647.34,HX8ELV2,32 m² Appartement ∙ 1 chambre ∙ 3 personnes,Saas Fee - Valais
09/07/2024,21/09/2024,28/09/2024,647.34,HX8ELV2,32 m² Appartement ∙ 1 chambre ∙ 3 personnes,Saas Fee - Valais
09/07/2024,28/09/2024,05/10/2024,647.34,HX8ELV2,32 m² Appartement ∙ 1 chambre ∙ 3 personnes,Saas Fee - Valais
09/07/2024,05/10/2024,12/10/2024,647.34,HX8ELV2,32 m² Appartement ∙ 1 chambre ∙ 3 personnes,Saas Fee - Valais
09/07/2024,12/10/2024,19/10/2024,647.34,HX8ELV2,32 m² Appartement ∙ 1 chambre ∙ 3 personnes,Saas Fee - Valais
09/07/2024,10/08/2024,17/08/2024,700.68,H17W9TY,31 m² Appartement ∙ 1 chambre ∙ 4 personnes,Nendaz - Valais
09/07/2024,07/09/2024,14/09/2024,536.05,H17W9TY,31 m² Appartement ∙ 1 chambre ∙ 4 personnes,Nendaz - Valais
09/07/2024,14/09/2024,21/09/2024,536.05,H17W9TY,31 m² Appartement ∙ 1 chambre ∙ 4 personnes,Nendaz - Valais
09/07/2024,21/09/2024,28/09/2024,536.05,H17W9TY,31 m² Appartement ∙ 1 chambre ∙ 4 personnes,Nendaz - Valais
09/07/2024,12/10/2024,19/10/2024,536.05,H17W9TY,31 m² Appartement ∙ 1 chambre ∙ 4 personnes,Nendaz - Valais
09/07/2024,19/10/2024,26/10/2024,536.05,H17W9TY,31 m² Appartement ∙ 1 chambre ∙ 4 personnes,Nendaz - Valais
09/07/2024,26/10/2024,02/11/2024,536.05,H17W9TY,31 m² Appartement ∙ 1 chambre ∙ 4 personnes,Nendaz - Valais
09/07/2024,10/08/2024,17/08/2024,1276.85,H0RB42T,Appartement ∙ 2 chambres ∙ 6 personnes,Grengiols - Valais
09/07/2024,31/08/2024,07/09/2024,1276.85,H0RB42T,Appartement ∙ 2 chambres ∙ 6 personnes,Grengiols - Valais
09/07/2024,07/09/2024,14/09/2024,1276.85,H0RB42T,Appartement ∙ 2 chambres ∙ 6 personnes,Grengiols - Valais
09/07/2024,14/09/2024,21/09/2024,1276.85,H0RB42T,Appartement ∙ 2 chambres ∙ 6 personnes,Grengiols - Valais
09/07/2024,12/10/2024,19/10/2024,1276.85,H0RB42T,Appartement ∙ 2 chambres ∙ 6 personnes,Grengiols - Valais
09/07/2024,19/10/2024,26/10/2024,1072.10,H0RB42T,Appartement ∙ 2 chambres ∙ 6 personnes,Grengiols - Valais
09/07/2024,26/10/2024,02/11/2024,1072.10,H0RB42T,Appartement ∙ 2 chambres ∙ 6 personnes,Grengiols - Valais
09/07/2024,13/07/2024,20/07/2024,1767.64,HDZV9EN,Maison de vacances ∙ 3 chambres ∙ 6 personnes,Zinal - Ayer - Valais
09/07/2024,07/09/2024,14/09/2024,1468.23,HDZV9EN,Maison de vacances ∙ 3 chambres ∙ 6 personnes,Zinal - Ayer - Valais
09/07/2024,14/09/2024,21/09/2024,1468.23,HDZV9EN,Maison de vacances ∙ 3 chambres ∙ 6 personnes,Zinal - Ayer - Valais
09/07/2024,21/09/2024,28/09/2024,1468.23,HDZV9EN,Maison de vacances ∙ 3 chambres ∙ 6 personnes,Zinal - Ayer - Valais
09/07/2024,28/09/2024,05/10/2024,1468.23,HDZV9EN,Maison de vacances ∙ 3 chambres ∙ 6 personnes,Zinal - Ayer - Valais
09/07/2024,05/10/2024,12/10/2024,1468.23,HDZV9EN,Maison de vacances ∙ 3 chambres ∙ 6 personnes,Zinal - Ayer - Valais
09/07/2024,26/10/2024,02/11/2024,1468.23,HDZV9EN,Maison de vacances ∙ 3 chambres ∙ 6 personnes,Zinal - Ayer - Valais
09/07/2024,07/09/2024,14/09/2024,762.93,HADGLPJ,69 m² Appartement ∙ 2 chambres ∙ 6 personnes,Saas Grund - Valais
09/07/2024,14/09/2024,21/09/2024,762.93,HADGLPJ,69 m² Appartement ∙ 2 chambres ∙ 6 personnes,Saas Grund - Valais
09/07/2024,21/09/2024,28/09/2024,762.93,HADGLPJ,69 m² Appartement ∙ 2 chambres ∙ 6 personnes,Saas Grund - Valais
09/07/2024,28/09/2024,05/10/2024,587.56,HADGLPJ,69 m² Appartement ∙ 2 chambres ∙ 6 personnes,Saas Grund - Valais
09/07/2024,05/10/2024,12/10/2024,587.56,HADGLPJ,69 m² Appartement ∙ 2 chambres ∙ 6 personnes,Saas Grund - Valais
09/07/2024,12/10/2024,19/10/2024,587.56,HADGLPJ,69 m² Appartement ∙ 2 chambres ∙ 6 personnes,Saas Grund - Valais
09/07/2024,19/10/2024,26/10/2024,587.56,HADGLPJ,69 m² Appartement ∙ 2 chambres ∙ 6 personnes,Saas Grund - Valais
09/07/2024,26/10/2024,02/11/2024,587.56,HADGLPJ,69 m² Appartement ∙ 2 chambres ∙ 6 personnes,Saas Grund - Valais
09/07/2024,31/08/2024,07/09/2024,716.69,HDSFJBK,53 m² Appartement ∙ 2 chambres ∙ 4 personnes,Saas Fee - Valais
09/07/2024,07/09/2024,14/09/2024,716.69,HDSFJBK,53 m² Appartement ∙ 2 chambres ∙ 4 personnes,Saas Fee - Valais
09/07/2024,14/09/2024,21/09/2024,716.69,HDSFJBK,53 m² Appartement ∙ 2 chambres ∙ 4 personnes,Saas Fee - Valais
09/07/2024,28/09/2024,05/10/2024,716.69,HDSFJBK,53 m² Appartement ∙ 2 chambres ∙ 4 personnes,Saas Fee - Valais
09/07/2024,05/10/2024,12/10/2024,716.69,HDSFJBK,53 m² Appartement ∙ 2 chambres ∙ 4 personnes,Saas Fee - Valais
09/07/2024,12/10/2024,19/10/2024,716.69,HDSFJBK,53 m² Appartement ∙ 2 chambres ∙ 4 personnes,Saas Fee - Valais
09/07/2024,17/08/2024,24/08/2024,1345.41,HPBW47F,120 m² Maison de vacances ∙ 4 chambres ∙ 8 personnes,Hérémence - Valais
09/07/2024,24/08/2024,31/08/2024,1283.21,HPBW47F,120 m² Maison de vacances ∙ 4 chambres ∙ 8 personnes,Hérémence - Valais
09/07/2024,31/08/2024,07/09/2024,1283.21,HPBW47F,120 m² Maison de vacances ∙ 4 chambres ∙ 8 personnes,Hérémence - Valais
09/07/2024,07/09/2024,14/09/2024,1283.21,HPBW47F,120 m² Maison de vacances ∙ 4 chambres ∙ 8 personnes,Hérémence - Valais
09/07/2024,14/09/2024,21/09/2024,1283.21,HPBW47F,120 m² Maison de vacances ∙ 4 chambres ∙ 8 personnes,Hérémence - Valais
09/07/2024,21/09/2024,28/09/2024,1283.21,HPBW47F,120 m² Maison de vacances ∙ 4 chambres ∙ 8 personnes,Hérémence - Valais
09/07/2024,28/09/2024,05/10/2024,1283.21,HPBW47F,120 m² Maison de vacances ∙ 4 chambres ∙ 8 personnes,Hérémence - Valais
09/07/2024,05/10/2024,12/10/2024,1283.21,HPBW47F,120 m² Maison de vacances ∙ 4 chambres ∙ 8 personnes,Hérémence - Valais
09/07/2024,12/10/2024,19/10/2024,1283.21,HPBW47F,120 m² Maison de vacances ∙ 4 chambres ∙ 8 personnes,Hérémence - Valais
09/07/2024,19/10/2024,26/10/2024,1283.21,HPBW47F,120 m² Maison de vacances ∙ 4 chambres ∙ 8 personnes,Hérémence - Valais
09/07/2024,26/10/2024,02/11/2024,1283.21,HPBW47F,120 m² Maison de vacances ∙ 4 chambres ∙ 8 personnes,Hérémence - Valais
09/07/2024,31/08/2024,07/09/2024,500.92,H75Z9HE,24 m² Appartement ∙ 1 chambre ∙ 2 personnes,Saas Fee - Valais
09/07/2024,07/09/2024,14/09/2024,500.92,H75Z9HE,24 m² Appartement ∙ 1 chambre ∙ 2 personnes,Saas Fee - Valais
09/07/2024,14/09/2024,21/09/2024,500.92,H75Z9HE,24 m² Appartement ∙ 1 chambre ∙ 2 personnes,Saas Fee - Valais
09/07/2024,21/09/2024,28/09/2024,500.92,H75Z9HE,24 m² Appartement ∙ 1 chambre ∙ 2 personnes,Saas Fee - Valais
09/07/2024,28/09/2024,05/10/2024,500.92,H75Z9HE,24 m² Appartement ∙ 1 chambre ∙ 2 personnes,Saas Fee - Valais
09/07/2024,05/10/2024,12/10/2024,500.92,H75Z9HE,24 m² Appartement ∙ 1 chambre ∙ 2 personnes,Saas Fee - Valais
09/07/2024,12/10/2024,19/10/2024,500.92,H75Z9HE,24 m² Appartement ∙ 1 chambre ∙ 2 personnes,Saas Fee - Valais
09/07/2024,19/10/2024,26/10/2024,500.92,H75Z9HE,24 m² Appartement ∙ 1 chambre ∙ 2 personnes,Saas Fee - Valais
09/07/2024,26/10/2024,02/11/2024,500.92,H75Z9HE,24 m² Appartement ∙ 1 chambre ∙ 2 personnes,Saas Fee - Valais
09/07/2024,13/07/2024,20/07/2024,1885.67,HTHSJ8E,80 m² Appartement ∙ 2 chambres ∙ 4 personnes,Saas Fee - Valais
09/07/2024,31/08/2024,07/09/2024,1506.77,HTHSJ8E,80 m² Appartement ∙ 2 chambres ∙ 4 personnes,Saas Fee - Valais
09/07/2024,07/09/2024,14/09/2024,1448.42,HTHSJ8E,80 m² Appartement ∙ 2 chambres ∙ 4 personnes,Saas Fee - Valais
09/07/2024,14/09/2024,21/09/2024,1448.42,HTHSJ8E,80 m² Appartement ∙ 2 chambres ∙ 4 personnes,Saas Fee - Valais
09/07/2024,21/09/2024,28/09/2024,1448.42,HTHSJ8E,80 m² Appartement ∙ 2 chambres ∙ 4 personnes,Saas Fee - Valais
09/07/2024,28/09/2024,05/10/2024,1448.42,HTHSJ8E,80 m² Appartement ∙ 2 chambres ∙ 4 personnes,Saas Fee - Valais
09/07/2024,05/10/2024,12/10/2024,1448.42,HTHSJ8E,80 m² Appartement ∙ 2 chambres ∙ 4 personnes,Saas Fee - Valais
09/07/2024,12/10/2024,19/10/2024,1448.42,HTHSJ8E,80 m² Appartement ∙ 2 chambres ∙ 4 personnes,Saas Fee - Valais
09/07/2024,19/10/2024,26/10/2024,1448.42,HTHSJ8E,80 m² Appartement ∙ 2 chambres ∙ 4 personnes,Saas Fee - Valais
09/07/2024,26/10/2024,02/11/2024,1448.42,HTHSJ8E,80 m² Appartement ∙ 2 chambres ∙ 4 personnes,Saas Fee - Valais
09/07/2024,12/10/2024,19/10/2024,363.80,HWA6K10,50 m² Chalet ∙ 1 chambre ∙ 5 personnes,Bister - Valais
09/07/2024,19/10/2024,26/10/2024,363.80,HWA6K10,50 m² Chalet ∙ 1 chambre ∙ 5 personnes,Bister - Valais
09/07/2024,21/09/2024,28/09/2024,698.62,HPB5VHY,Studio ∙ 2 personnes,Zermatt - Valais
09/07/2024,13/07/2024,20/07/2024,1573.18,HVCU4K5,Appartement ∙ 1 chambre ∙ 4 personnes,Crans-Montana - Valais
09/07/2024,20/07/2024,27/07/2024,1573.18,HVCU4K5,Appartement ∙ 1 chambre ∙ 4 personnes,Crans-Montana - Valais
09/07/2024,10/08/2024,17/08/2024,1573.18,HVCU4K5,Appartement ∙ 1 chambre ∙ 4 personnes,Crans-Montana - Valais
09/07/2024,17/08/2024,24/08/2024,1573.18,HVCU4K5,Appartement ∙ 1 chambre ∙ 4 personnes,Crans-Montana - Valais
09/07/2024,24/08/2024,31/08/2024,2005.31,HVCU4K5,Appartement ∙ 1 chambre ∙ 4 personnes,Crans-Montana - Valais
09/07/2024,31/08/2024,07/09/2024,2005.31,HVCU4K5,Appartement ∙ 1 chambre ∙ 4 personnes,Crans-Montana - Valais
09/07/2024,21/09/2024,28/09/2024,2005.31,HVCU4K5,Appartement ∙ 1 chambre ∙ 4 personnes,Crans-Montana - Valais
09/07/2024,28/09/2024,05/10/2024,2005.31,HVCU4K5,Appartement ∙ 1 chambre ∙ 4 personnes,Crans-Montana - Valais
09/07/2024,05/10/2024,12/10/2024,2005.31,HVCU4K5,Appartement ∙ 1 chambre ∙ 4 personnes,Crans-Montana - Valais
09/07/2024,12/10/2024,19/10/2024,2005.31,HVCU4K5,Appartement ∙ 1 chambre ∙ 4 personnes,Crans-Montana - Valais
09/07/2024,19/10/2024,26/10/2024,2005.31,HVCU4K5,Appartement ∙ 1 chambre ∙ 4 personnes,Crans-Montana - Valais
09/07/2024,26/10/2024,02/11/2024,2005.31,HVCU4K5,Appartement ∙ 1 chambre ∙ 4 personnes,Crans-Montana - Valais
09/07/2024,24/08/2024,31/08/2024,756.23,H35XGEP,Appartement ∙ 2 chambres ∙ 4 personnes,Grächen - Valais
09/07/2024,31/08/2024,07/09/2024,756.23,H35XGEP,Appartement ∙ 2 chambres ∙ 4 personnes,Grächen - Valais
09/07/2024,07/09/2024,14/09/2024,756.23,H35XGEP,Appartement ∙ 2 chambres ∙ 4 personnes,Grächen - Valais
09/07/2024,14/09/2024,21/09/2024,756.23,H35XGEP,Appartement ∙ 2 chambres ∙ 4 personnes,Grächen - Valais
09/07/2024,21/09/2024,28/09/2024,922.20,H35XGEP,Appartement ∙ 2 chambres ∙ 4 personnes,Grächen - Valais
09/07/2024,28/09/2024,05/10/2024,792.25,H35XGEP,Appartement ∙ 2 chambres ∙ 4 personnes,Grächen - Valais
09/07/2024,05/10/2024,12/10/2024,792.25,H35XGEP,Appartement ∙ 2 chambres ∙ 4 personnes,Grächen - Valais
09/07/2024,12/10/2024,19/10/2024,792.25,H35XGEP,Appartement ∙ 2 chambres ∙ 4 personnes,Grächen - Valais
09/07/2024,19/10/2024,26/10/2024,844.36,H35XGEP,Appartement ∙ 2 chambres ∙ 4 personnes,Grächen - Valais
09/07/2024,26/10/2024,02/11/2024,756.23,H35XGEP,Appartement ∙ 2 chambres ∙ 4 personnes,Grächen - Valais
09/07/2024,10/08/2024,17/08/2024,1128.70,HZADCJM,54 m² Appartement ∙ 2 chambres ∙ 6 personnes,Saas Grund - Valais
09/07/2024,31/08/2024,07/09/2024,708.91,HZADCJM,54 m² Appartement ∙ 2 chambres ∙ 6 personnes,Saas Grund - Valais
09/07/2024,07/09/2024,14/09/2024,708.91,HZADCJM,54 m² Appartement ∙ 2 chambres ∙ 6 personnes,Saas Grund - Valais
09/07/2024,14/09/2024,21/09/2024,708.91,HZADCJM,54 m² Appartement ∙ 2 chambres ∙ 6 personnes,Saas Grund - Valais
09/07/2024,21/09/2024,28/09/2024,708.91,HZADCJM,54 m² Appartement ∙ 2 chambres ∙ 6 personnes,Saas Grund - Valais
09/07/2024,28/09/2024,05/10/2024,708.91,HZADCJM,54 m² Appartement ∙ 2 chambres ∙ 6 personnes,Saas Grund - Valais
09/07/2024,03/08/2024,10/08/2024,693.86,HL0W3JK,75 m² Appartement ∙ 2 chambres ∙ 5 personnes,Vex - Valais
09/07/2024,24/08/2024,31/08/2024,693.86,HL0W3JK,75 m² Appartement ∙ 2 chambres ∙ 5 personnes,Vex - Valais
09/07/2024,31/08/2024,07/09/2024,693.86,HL0W3JK,75 m² Appartement ∙ 2 chambres ∙ 5 personnes,Vex - Valais
09/07/2024,07/09/2024,14/09/2024,693.86,HL0W3JK,75 m² Appartement ∙ 2 chambres ∙ 5 personnes,Vex - Valais
09/07/2024,14/09/2024,21/09/2024,693.86,HL0W3JK,75 m² Appartement ∙ 2 chambres ∙ 5 personnes,Vex - Valais
09/07/2024,21/09/2024,28/09/2024,693.86,HL0W3JK,75 m² Appartement ∙ 2 chambres ∙ 5 personnes,Vex - Valais
09/07/2024,28/09/2024,05/10/2024,693.86,HL0W3JK,75 m² Appartement ∙ 2 chambres ∙ 5 personnes,Vex - Valais
09/07/2024,05/10/2024,12/10/2024,693.86,HL0W3JK,75 m² Appartement ∙ 2 chambres ∙ 5 personnes,Vex - Valais
09/07/2024,12/10/2024,19/10/2024,693.86,HL0W3JK,75 m² Appartement ∙ 2 chambres ∙ 5 personnes,Vex - Valais
09/07/2024,19/10/2024,26/10/2024,693.86,HL0W3JK,75 m² Appartement ∙ 2 chambres ∙ 5 personnes,Vex - Valais
09/07/2024,26/10/2024,02/11/2024,693.86,HL0W3JK,75 m² Appartement ∙ 2 chambres ∙ 5 personnes,Vex - Valais
09/07/2024,19/10/2024,26/10/2024,342.21,H71THD2,90 m² Appartement ∙ 2 chambres ∙ 8 personnes,Veysonnaz - Valais
09/07/2024,26/10/2024,02/11/2024,342.21,H71THD2,90 m² Appartement ∙ 2 chambres ∙ 8 personnes,Veysonnaz - Valais
09/07/2024,13/07/2024,20/07/2024,1240.43,HXPTU0G,Appartement ∙ 2 chambres ∙ 6 personnes,Bellwald - Valais
09/07/2024,20/07/2024,27/07/2024,1240.43,HXPTU0G,Appartement ∙ 2 chambres ∙ 6 personnes,Bellwald - Valais
09/07/2024,27/07/2024,03/08/2024,1240.43,HXPTU0G,Appartement ∙ 2 chambres ∙ 6 personnes,Bellwald - Valais
09/07/2024,17/08/2024,24/08/2024,1240.43,HXPTU0G,Appartement ∙ 2 chambres ∙ 6 personnes,Bellwald - Valais
09/07/2024,24/08/2024,31/08/2024,1240.43,HXPTU0G,Appartement ∙ 2 chambres ∙ 6 personnes,Bellwald - Valais
09/07/2024,31/08/2024,07/09/2024,994.74,HXPTU0G,Appartement ∙ 2 chambres ∙ 6 personnes,Bellwald - Valais
09/07/2024,07/09/2024,14/09/2024,957.39,HXPTU0G,Appartement ∙ 2 chambres ∙ 6 personnes,Bellwald - Valais
09/07/2024,14/09/2024,21/09/2024,957.39,HXPTU0G,Appartement ∙ 2 chambres ∙ 6 personnes,Bellwald - Valais
09/07/2024,21/09/2024,28/09/2024,957.39,HXPTU0G,Appartement ∙ 2 chambres ∙ 6 personnes,Bellwald - Valais
09/07/2024,28/09/2024,05/10/2024,957.39,HXPTU0G,Appartement ∙ 2 chambres ∙ 6 personnes,Bellwald - Valais
09/07/2024,05/10/2024,12/10/2024,957.39,HXPTU0G,Appartement ∙ 2 chambres ∙ 6 personnes,Bellwald - Valais
09/07/2024,12/10/2024,19/10/2024,957.39,HXPTU0G,Appartement ∙ 2 chambres ∙ 6 personnes,Bellwald - Valais
09/07/2024,19/10/2024,26/10/2024,957.39,HXPTU0G,Appartement ∙ 2 chambres ∙ 6 personnes,Bellwald - Valais
09/07/2024,26/10/2024,02/11/2024,957.39,HXPTU0G,Appartement ∙ 2 chambres ∙ 6 personnes,Bellwald - Valais
09/07/2024,31/08/2024,07/09/2024,795.59,HKHG9B0,30 m² Appartement ∙ 1 chambre ∙ 2 personnes,Saas Fee - Valais
09/07/2024,07/09/2024,14/09/2024,784.58,HKHG9B0,30 m² Appartement ∙ 1 chambre ∙ 2 personnes,Saas Fee - Valais
09/07/2024,14/09/2024,21/09/2024,784.58,HKHG9B0,30 m² Appartement ∙ 1 chambre ∙ 2 personnes,Saas Fee - Valais
09/07/2024,21/09/2024,28/09/2024,784.58,HKHG9B0,30 m² Appartement ∙ 1 chambre ∙ 2 personnes,Saas Fee - Valais
09/07/2024,28/09/2024,05/10/2024,784.58,HKHG9B0,30 m² Appartement ∙ 1 chambre ∙ 2 personnes,Saas Fee - Valais
09/07/2024,05/10/2024,12/10/2024,784.58,HKHG9B0,30 m² Appartement ∙ 1 chambre ∙ 2 personnes,Saas Fee - Valais
09/07/2024,12/10/2024,19/10/2024,784.58,HKHG9B0,30 m² Appartement ∙ 1 chambre ∙ 2 personnes,Saas Fee - Valais
09/07/2024,19/10/2024,26/10/2024,784.58,HKHG9B0,30 m² Appartement ∙ 1 chambre ∙ 2 personnes,Saas Fee - Valais
09/07/2024,26/10/2024,02/11/2024,784.58,HKHG9B0,30 m² Appartement ∙ 1 chambre ∙ 2 personnes,Saas Fee - Valais
09/07/2024,31/08/2024,07/09/2024,1017.80,HK3U58R,87 m² Appartement ∙ 2 chambres ∙ 6 personnes,Saas-Almagell - Valais
09/07/2024,07/09/2024,14/09/2024,1017.80,HK3U58R,87 m² Appartement ∙ 2 chambres ∙ 6 personnes,Saas-Almagell - Valais
09/07/2024,14/09/2024,21/09/2024,1017.80,HK3U58R,87 m² Appartement ∙ 2 chambres ∙ 6 personnes,Saas-Almagell - Valais
09/07/2024,21/09/2024,28/09/2024,1017.80,HK3U58R,87 m² Appartement ∙ 2 chambres ∙ 6 personnes,Saas-Almagell - Valais
09/07/2024,12/10/2024,19/10/2024,941.25,HK3U58R,87 m² Appartement ∙ 2 chambres ∙ 6 personnes,Saas-Almagell - Valais
09/07/2024,19/10/2024,26/10/2024,941.25,HK3U58R,87 m² Appartement ∙ 2 chambres ∙ 6 personnes,Saas-Almagell - Valais
09/07/2024,26/10/2024,02/11/2024,956.10,HK3U58R,87 m² Appartement ∙ 2 chambres ∙ 6 personnes,Saas-Almagell - Valais
09/07/2024,13/07/2024,20/07/2024,792.98,HNK1LST,75 m² Appartement ∙ 3 chambres ∙ 6 personnes,Vex - Valais
09/07/2024,20/07/2024,27/07/2024,792.98,HNK1LST,75 m² Appartement ∙ 3 chambres ∙ 6 personnes,Vex - Valais
09/07/2024,17/08/2024,24/08/2024,792.98,HNK1LST,75 m² Appartement ∙ 3 chambres ∙ 6 personnes,Vex - Valais
09/07/2024,24/08/2024,31/08/2024,792.98,HNK1LST,75 m² Appartement ∙ 3 chambres ∙ 6 personnes,Vex - Valais
09/07/2024,31/08/2024,07/09/2024,792.98,HNK1LST,75 m² Appartement ∙ 3 chambres ∙ 6 personnes,Vex - Valais
09/07/2024,07/09/2024,14/09/2024,792.98,HNK1LST,75 m² Appartement ∙ 3 chambres ∙ 6 personnes,Vex - Valais
09/07/2024,14/09/2024,21/09/2024,792.98,HNK1LST,75 m² Appartement ∙ 3 chambres ∙ 6 personnes,Vex - Valais
09/07/2024,21/09/2024,28/09/2024,792.98,HNK1LST,75 m² Appartement ∙ 3 chambres ∙ 6 personnes,Vex - Valais
09/07/2024,28/09/2024,05/10/2024,792.98,HNK1LST,75 m² Appartement ∙ 3 chambres ∙ 6 personnes,Vex - Valais
09/07/2024,05/10/2024,12/10/2024,792.98,HNK1LST,75 m² Appartement ∙ 3 chambres ∙ 6 personnes,Vex - Valais
09/07/2024,12/10/2024,19/10/2024,792.98,HNK1LST,75 m² Appartement ∙ 3 chambres ∙ 6 personnes,Vex - Valais
09/07/2024,19/10/2024,26/10/2024,792.98,HNK1LST,75 m² Appartement ∙ 3 chambres ∙ 6 personnes,Vex - Valais
09/07/2024,26/10/2024,02/11/2024,792.98,HNK1LST,75 m² Appartement ∙ 3 chambres ∙ 6 personnes,Vex - Valais
09/07/2024,20/07/2024,27/07/2024,615.55,H58JU9L,38 m² Appartement ∙ 1 chambre ∙ 3 personnes,Vercorin - Valais
09/07/2024,27/07/2024,03/08/2024,615.55,H58JU9L,38 m² Appartement ∙ 1 chambre ∙ 3 personnes,Vercorin - Valais
09/07/2024,03/08/2024,10/08/2024,615.55,H58JU9L,38 m² Appartement ∙ 1 chambre ∙ 3 personnes,Vercorin - Valais
09/07/2024,10/08/2024,17/08/2024,615.55,H58JU9L,38 m² Appartement ∙ 1 chambre ∙ 3 personnes,Vercorin - Valais
09/07/2024,17/08/2024,24/08/2024,461.91,H58JU9L,38 m² Appartement ∙ 1 chambre ∙ 3 personnes,Vercorin - Valais
09/07/2024,24/08/2024,31/08/2024,461.91,H58JU9L,38 m² Appartement ∙ 1 chambre ∙ 3 personnes,Vercorin - Valais
09/07/2024,31/08/2024,07/09/2024,461.91,H58JU9L,38 m² Appartement ∙ 1 chambre ∙ 3 personnes,Vercorin - Valais
09/07/2024,07/09/2024,14/09/2024,461.91,H58JU9L,38 m² Appartement ∙ 1 chambre ∙ 3 personnes,Vercorin - Valais
09/07/2024,14/09/2024,21/09/2024,461.91,H58JU9L,38 m² Appartement ∙ 1 chambre ∙ 3 personnes,Vercorin - Valais
09/07/2024,21/09/2024,28/09/2024,461.91,H58JU9L,38 m² Appartement ∙ 1 chambre ∙ 3 personnes,Vercorin - Valais
09/07/2024,28/09/2024,05/10/2024,461.91,H58JU9L,38 m² Appartement ∙ 1 chambre ∙ 3 personnes,Vercorin - Valais
09/07/2024,05/10/2024,12/10/2024,461.91,H58JU9L,38 m² Appartement ∙ 1 chambre ∙ 3 personnes,Vercorin - Valais
09/07/2024,12/10/2024,19/10/2024,461.91,H58JU9L,38 m² Appartement ∙ 1 chambre ∙ 3 personnes,Vercorin - Valais
09/07/2024,19/10/2024,26/10/2024,461.91,H58JU9L,38 m² Appartement ∙ 1 chambre ∙ 3 personnes,Vercorin - Valais
09/07/2024,26/10/2024,02/11/2024,461.91,H58JU9L,38 m² Appartement ∙ 1 chambre ∙ 3 personnes,Vercorin - Valais
09/07/2024,03/08/2024,10/08/2024,1287.08,HB7MK8E,52 m² Appartement ∙ 1 chambre ∙ 4 personnes,Saas Fee - Valais
09/07/2024,17/08/2024,24/08/2024,1287.08,HB7MK8E,52 m² Appartement ∙ 1 chambre ∙ 4 personnes,Saas Fee - Valais
09/07/2024,28/09/2024,05/10/2024,1167.36,HB7MK8E,52 m² Appartement ∙ 1 chambre ∙ 4 personnes,Saas Fee - Valais
09/07/2024,05/10/2024,12/10/2024,1167.36,HB7MK8E,52 m² Appartement ∙ 1 chambre ∙ 4 personnes,Saas Fee - Valais
09/07/2024,12/10/2024,19/10/2024,1167.36,HB7MK8E,52 m² Appartement ∙ 1 chambre ∙ 4 personnes,Saas Fee - Valais
09/07/2024,19/10/2024,26/10/2024,1167.36,HB7MK8E,52 m² Appartement ∙ 1 chambre ∙ 4 personnes,Saas Fee - Valais
09/07/2024,26/10/2024,02/11/2024,1167.36,HB7MK8E,52 m² Appartement ∙ 1 chambre ∙ 4 personnes,Saas Fee - Valais
09/07/2024,10/08/2024,17/08/2024,655.05,HA7TCZW,30 m² Appartement ∙ 1 chambre ∙ 2 personnes,Saas Fee - Valais
09/07/2024,17/08/2024,24/08/2024,655.05,HA7TCZW,30 m² Appartement ∙ 1 chambre ∙ 2 personnes,Saas Fee - Valais
09/07/2024,24/08/2024,31/08/2024,655.05,HA7TCZW,30 m² Appartement ∙ 1 chambre ∙ 2 personnes,Saas Fee - Valais
09/07/2024,31/08/2024,07/09/2024,655.05,HA7TCZW,30 m² Appartement ∙ 1 chambre ∙ 2 personnes,Saas Fee - Valais
09/07/2024,28/09/2024,05/10/2024,655.05,HA7TCZW,30 m² Appartement ∙ 1 chambre ∙ 2 personnes,Saas Fee - Valais
09/07/2024,05/10/2024,12/10/2024,655.05,HA7TCZW,30 m² Appartement ∙ 1 chambre ∙ 2 personnes,Saas Fee - Valais
09/07/2024,12/10/2024,19/10/2024,655.05,HA7TCZW,30 m² Appartement ∙ 1 chambre ∙ 2 personnes,Saas Fee - Valais
09/07/2024,19/10/2024,26/10/2024,655.05,HA7TCZW,30 m² Appartement ∙ 1 chambre ∙ 2 personnes,Saas Fee - Valais
09/07/2024,21/09/2024,28/09/2024,943.50,HWPD1GN,78 m² Appartement ∙ 2 chambres ∙ 5 personnes,Täsch - Valais
09/07/2024,28/09/2024,05/10/2024,943.50,HWPD1GN,78 m² Appartement ∙ 2 chambres ∙ 5 personnes,Täsch - Valais
09/07/2024,05/10/2024,12/10/2024,943.50,HWPD1GN,78 m² Appartement ∙ 2 chambres ∙ 5 personnes,Täsch - Valais
09/07/2024,12/10/2024,19/10/2024,943.50,HWPD1GN,78 m² Appartement ∙ 2 chambres ∙ 5 personnes,Täsch - Valais
09/07/2024,19/10/2024,26/10/2024,943.50,HWPD1GN,78 m² Appartement ∙ 2 chambres ∙ 5 personnes,Täsch - Valais
09/07/2024,26/10/2024,02/11/2024,943.50,HWPD1GN,78 m² Appartement ∙ 2 chambres ∙ 5 personnes,Täsch - Valais
09/07/2024,13/07/2024,20/07/2024,1375.18,HUNT51Y,120 m² Maison de vacances ∙ 3 chambres ∙ 9 personnes,Riddes - Valais
09/07/2024,27/07/2024,03/08/2024,2511.44,HUNT51Y,120 m² Maison de vacances ∙ 3 chambres ∙ 9 personnes,Riddes - Valais
09/07/2024,17/08/2024,24/08/2024,1724.57,HUNT51Y,120 m² Maison de vacances ∙ 3 chambres ∙ 9 personnes,Riddes - Valais
09/07/2024,24/08/2024,31/08/2024,1596.15,HUNT51Y,120 m² Maison de vacances ∙ 3 chambres ∙ 9 personnes,Riddes - Valais
09/07/2024,13/07/2024,20/07/2024,900.29,H2ZMB9L,Appartement ∙ 2 chambres ∙ 4 personnes,Grächen - Valais
09/07/2024,20/07/2024,27/07/2024,900.29,H2ZMB9L,Appartement ∙ 2 chambres ∙ 4 personnes,Grächen - Valais
09/07/2024,03/08/2024,10/08/2024,900.29,H2ZMB9L,Appartement ∙ 2 chambres ∙ 4 personnes,Grächen - Valais
09/07/2024,10/08/2024,17/08/2024,900.29,H2ZMB9L,Appartement ∙ 2 chambres ∙ 4 personnes,Grächen - Valais
09/07/2024,17/08/2024,24/08/2024,785.05,H2ZMB9L,Appartement ∙ 2 chambres ∙ 4 personnes,Grächen - Valais
09/07/2024,24/08/2024,31/08/2024,785.05,H2ZMB9L,Appartement ∙ 2 chambres ∙ 4 personnes,Grächen - Valais
09/07/2024,31/08/2024,07/09/2024,785.05,H2ZMB9L,Appartement ∙ 2 chambres ∙ 4 personnes,Grächen - Valais
09/07/2024,14/09/2024,21/09/2024,785.05,H2ZMB9L,Appartement ∙ 2 chambres ∙ 4 personnes,Grächen - Valais
09/07/2024,21/09/2024,28/09/2024,785.05,H2ZMB9L,Appartement ∙ 2 chambres ∙ 4 personnes,Grächen - Valais
09/07/2024,28/09/2024,05/10/2024,785.05,H2ZMB9L,Appartement ∙ 2 chambres ∙ 4 personnes,Grächen - Valais
09/07/2024,05/10/2024,12/10/2024,785.05,H2ZMB9L,Appartement ∙ 2 chambres ∙ 4 personnes,Grächen - Valais
09/07/2024,12/10/2024,19/10/2024,785.05,H2ZMB9L,Appartement ∙ 2 chambres ∙ 4 personnes,Grächen - Valais
09/07/2024,19/10/2024,26/10/2024,785.05,H2ZMB9L,Appartement ∙ 2 chambres ∙ 4 personnes,Grächen - Valais
09/07/2024,26/10/2024,02/11/2024,785.05,H2ZMB9L,Appartement ∙ 2 chambres ∙ 4 personnes,Grächen - Valais
09/07/2024,14/09/2024,21/09/2024,1825.34,HL9HM80,110 m² Chalet ∙ 3 chambres ∙ 6 personnes,Vercorin - Valais
09/07/2024,21/09/2024,28/09/2024,1825.34,HL9HM80,110 m² Chalet ∙ 3 chambres ∙ 6 personnes,Vercorin - Valais
09/07/2024,28/09/2024,05/10/2024,1825.34,HL9HM80,110 m² Chalet ∙ 3 chambres ∙ 6 personnes,Vercorin - Valais
09/07/2024,05/10/2024,12/10/2024,1825.34,HL9HM80,110 m² Chalet ∙ 3 chambres ∙ 6 personnes,Vercorin - Valais
09/07/2024,12/10/2024,19/10/2024,1825.34,HL9HM80,110 m² Chalet ∙ 3 chambres ∙ 6 personnes,Vercorin - Valais
09/07/2024,14/09/2024,21/09/2024,1153.30,HZ7PEAR,Appartement ∙ 3 chambres ∙ 6 personnes,Grächen - Valais
09/07/2024,21/09/2024,28/09/2024,1153.30,HZ7PEAR,Appartement ∙ 3 chambres ∙ 6 personnes,Grächen - Valais
09/07/2024,28/09/2024,05/10/2024,1369.54,HZ7PEAR,Appartement ∙ 3 chambres ∙ 6 personnes,Grächen - Valais
09/07/2024,12/10/2024,19/10/2024,1369.54,HZ7PEAR,Appartement ∙ 3 chambres ∙ 6 personnes,Grächen - Valais
09/07/2024,19/10/2024,26/10/2024,1478.28,HZ7PEAR,Appartement ∙ 3 chambres ∙ 6 personnes,Grächen - Valais
09/07/2024,26/10/2024,02/11/2024,1153.30,HZ7PEAR,Appartement ∙ 3 chambres ∙ 6 personnes,Grächen - Valais
09/07/2024,13/07/2024,20/07/2024,367.87,HMGNEJ8,21 m² Appartement ∙ 1 chambre ∙ 2 personnes,Nendaz - Valais
09/07/2024,20/07/2024,27/07/2024,367.87,HMGNEJ8,21 m² Appartement ∙ 1 chambre ∙ 2 personnes,Nendaz - Valais
09/07/2024,27/07/2024,03/08/2024,367.87,HMGNEJ8,21 m² Appartement ∙ 1 chambre ∙ 2 personnes,Nendaz - Valais
09/07/2024,03/08/2024,10/08/2024,367.87,HMGNEJ8,21 m² Appartement ∙ 1 chambre ∙ 2 personnes,Nendaz - Valais
09/07/2024,10/08/2024,17/08/2024,367.87,HMGNEJ8,21 m² Appartement ∙ 1 chambre ∙ 2 personnes,Nendaz - Valais
09/07/2024,17/08/2024,24/08/2024,273.77,HMGNEJ8,21 m² Appartement ∙ 1 chambre ∙ 2 personnes,Nendaz - Valais
09/07/2024,24/08/2024,31/08/2024,215.10,HMGNEJ8,21 m² Appartement ∙ 1 chambre ∙ 2 personnes,Nendaz - Valais
09/07/2024,31/08/2024,07/09/2024,205.33,HMGNEJ8,21 m² Appartement ∙ 1 chambre ∙ 2 personnes,Nendaz - Valais
09/07/2024,07/09/2024,14/09/2024,205.33,HMGNEJ8,21 m² Appartement ∙ 1 chambre ∙ 2 personnes,Nendaz - Valais
09/07/2024,14/09/2024,21/09/2024,205.33,HMGNEJ8,21 m² Appartement ∙ 1 chambre ∙ 2 personnes,Nendaz - Valais
09/07/2024,21/09/2024,28/09/2024,205.33,HMGNEJ8,21 m² Appartement ∙ 1 chambre ∙ 2 personnes,Nendaz - Valais
09/07/2024,28/09/2024,05/10/2024,205.33,HMGNEJ8,21 m² Appartement ∙ 1 chambre ∙ 2 personnes,Nendaz - Valais
09/07/2024,05/10/2024,12/10/2024,205.33,HMGNEJ8,21 m² Appartement ∙ 1 chambre ∙ 2 personnes,Nendaz - Valais
09/07/2024,12/10/2024,19/10/2024,205.33,HMGNEJ8,21 m² Appartement ∙ 1 chambre ∙ 2 personnes,Nendaz - Valais
09/07/2024,19/10/2024,26/10/2024,205.33,HMGNEJ8,21 m² Appartement ∙ 1 chambre ∙ 2 personnes,Nendaz - Valais
09/07/2024,26/10/2024,02/11/2024,205.33,HMGNEJ8,21 m² Appartement ∙ 1 chambre ∙ 2 personnes,Nendaz - Valais
09/07/2024,31/08/2024,07/09/2024,433.75,HR1HPNB,45 m² Maison de vacances ∙ 2 chambres ∙ 6 personnes,Saas-Balen - Valais
09/07/2024,31/08/2024,07/09/2024,1791.72,HS96CRN,95 m² Appartement ∙ 3 chambres ∙ 6 personnes,Saas Fee - Valais
09/07/2024,07/09/2024,14/09/2024,1729.94,HS96CRN,95 m² Appartement ∙ 3 chambres ∙ 6 personnes,Saas Fee - Valais
09/07/2024,14/09/2024,21/09/2024,1729.94,HS96CRN,95 m² Appartement ∙ 3 chambres ∙ 6 personnes,Saas Fee - Valais
09/07/2024,21/09/2024,28/09/2024,1729.94,HS96CRN,95 m² Appartement ∙ 3 chambres ∙ 6 personnes,Saas Fee - Valais
09/07/2024,28/09/2024,05/10/2024,1729.94,HS96CRN,95 m² Appartement ∙ 3 chambres ∙ 6 personnes,Saas Fee - Valais
09/07/2024,05/10/2024,12/10/2024,1729.94,HS96CRN,95 m² Appartement ∙ 3 chambres ∙ 6 personnes,Saas Fee - Valais
09/07/2024,12/10/2024,19/10/2024,1729.94,HS96CRN,95 m² Appartement ∙ 3 chambres ∙ 6 personnes,Saas Fee - Valais
09/07/2024,19/10/2024,26/10/2024,1729.94,HS96CRN,95 m² Appartement ∙ 3 chambres ∙ 6 personnes,Saas Fee - Valais
09/07/2024,26/10/2024,02/11/2024,1729.94,HS96CRN,95 m² Appartement ∙ 3 chambres ∙ 6 personnes,Saas Fee - Valais
09/07/2024,13/07/2024,20/07/2024,1651.96,HR0J9YG,140 m² Maison de vacances ∙ 4 chambres ∙ 8 personnes,Troistorrents - Valais
09/07/2024,20/07/2024,27/07/2024,1651.96,HR0J9YG,140 m² Maison de vacances ∙ 4 chambres ∙ 8 personnes,Troistorrents - Valais
09/07/2024,27/07/2024,03/08/2024,1651.96,HR0J9YG,140 m² Maison de vacances ∙ 4 chambres ∙ 8 personnes,Troistorrents - Valais
09/07/2024,03/08/2024,10/08/2024,1651.96,HR0J9YG,140 m² Maison de vacances ∙ 4 chambres ∙ 8 personnes,Troistorrents - Valais
09/07/2024,10/08/2024,17/08/2024,1651.96,HR0J9YG,140 m² Maison de vacances ∙ 4 chambres ∙ 8 personnes,Troistorrents - Valais
09/07/2024,17/08/2024,24/08/2024,1126.85,HR0J9YG,140 m² Maison de vacances ∙ 4 chambres ∙ 8 personnes,Troistorrents - Valais
09/07/2024,24/08/2024,31/08/2024,1030.50,HR0J9YG,140 m² Maison de vacances ∙ 4 chambres ∙ 8 personnes,Troistorrents - Valais
09/07/2024,31/08/2024,07/09/2024,982.87,HR0J9YG,140 m² Maison de vacances ∙ 4 chambres ∙ 8 personnes,Troistorrents - Valais
09/07/2024,07/09/2024,14/09/2024,982.87,HR0J9YG,140 m² Maison de vacances ∙ 4 chambres ∙ 8 personnes,Troistorrents - Valais
09/07/2024,14/09/2024,21/09/2024,982.87,HR0J9YG,140 m² Maison de vacances ∙ 4 chambres ∙ 8 personnes,Troistorrents - Valais
09/07/2024,21/09/2024,28/09/2024,982.87,HR0J9YG,140 m² Maison de vacances ∙ 4 chambres ∙ 8 personnes,Troistorrents - Valais
09/07/2024,28/09/2024,05/10/2024,982.87,HR0J9YG,140 m² Maison de vacances ∙ 4 chambres ∙ 8 personnes,Troistorrents - Valais
09/07/2024,05/10/2024,12/10/2024,982.87,HR0J9YG,140 m² Maison de vacances ∙ 4 chambres ∙ 8 personnes,Troistorrents - Valais
09/07/2024,12/10/2024,19/10/2024,982.87,HR0J9YG,140 m² Maison de vacances ∙ 4 chambres ∙ 8 personnes,Troistorrents - Valais
09/07/2024,19/10/2024,26/10/2024,982.87,HR0J9YG,140 m² Maison de vacances ∙ 4 chambres ∙ 8 personnes,Troistorrents - Valais
09/07/2024,26/10/2024,02/11/2024,982.87,HR0J9YG,140 m² Maison de vacances ∙ 4 chambres ∙ 8 personnes,Troistorrents - Valais
09/07/2024,07/09/2024,14/09/2024,1280.57,H85XKUD,52 m² Appartement ∙ 1 chambre ∙ 4 personnes,Saas Fee - Valais
09/07/2024,14/09/2024,21/09/2024,1280.57,H85XKUD,52 m² Appartement ∙ 1 chambre ∙ 4 personnes,Saas Fee - Valais
09/07/2024,21/09/2024,28/09/2024,1280.57,H85XKUD,52 m² Appartement ∙ 1 chambre ∙ 4 personnes,Saas Fee - Valais
09/07/2024,28/09/2024,05/10/2024,1280.57,H85XKUD,52 m² Appartement ∙ 1 chambre ∙ 4 personnes,Saas Fee - Valais
09/07/2024,05/10/2024,12/10/2024,1280.57,H85XKUD,52 m² Appartement ∙ 1 chambre ∙ 4 personnes,Saas Fee - Valais
09/07/2024,12/10/2024,19/10/2024,1280.57,H85XKUD,52 m² Appartement ∙ 1 chambre ∙ 4 personnes,Saas Fee - Valais
09/07/2024,19/10/2024,26/10/2024,1280.57,H85XKUD,52 m² Appartement ∙ 1 chambre ∙ 4 personnes,Saas Fee - Valais
09/07/2024,26/10/2024,02/11/2024,1280.57,H85XKUD,52 m² Appartement ∙ 1 chambre ∙ 4 personnes,Saas Fee - Valais
09/07/2024,03/08/2024,10/08/2024,1153.29,HR7Y2ZC,Appartement ∙ 2 chambres ∙ 5 personnes,Grächen - Valais
09/07/2024,17/08/2024,24/08/2024,1009.13,HR7Y2ZC,Appartement ∙ 2 chambres ∙ 5 personnes,Grächen - Valais
09/07/2024,24/08/2024,31/08/2024,1009.13,HR7Y2ZC,Appartement ∙ 2 chambres ∙ 5 personnes,Grächen - Valais
09/07/2024,14/09/2024,21/09/2024,1009.13,HR7Y2ZC,Appartement ∙ 2 chambres ∙ 5 personnes,Grächen - Valais
09/07/2024,05/10/2024,12/10/2024,1153.29,HR7Y2ZC,Appartement ∙ 2 chambres ∙ 5 personnes,Grächen - Valais
09/07/2024,12/10/2024,19/10/2024,1153.29,HR7Y2ZC,Appartement ∙ 2 chambres ∙ 5 personnes,Grächen - Valais
09/07/2024,19/10/2024,26/10/2024,1288.55,HR7Y2ZC,Appartement ∙ 2 chambres ∙ 5 personnes,Grächen - Valais
09/07/2024,26/10/2024,02/11/2024,1009.13,HR7Y2ZC,Appartement ∙ 2 chambres ∙ 5 personnes,Grächen - Valais
09/07/2024,31/08/2024,07/09/2024,754.90,HW2VD0M,65 m² Appartement ∙ 3 chambres ∙ 6 personnes,Ernen - Valais
09/07/2024,07/09/2024,14/09/2024,754.90,HW2VD0M,65 m² Appartement ∙ 3 chambres ∙ 6 personnes,Ernen - Valais
09/07/2024,14/09/2024,21/09/2024,754.90,HW2VD0M,65 m² Appartement ∙ 3 chambres ∙ 6 personnes,Ernen - Valais
09/07/2024,19/10/2024,26/10/2024,864.04,HW2VD0M,65 m² Appartement ∙ 3 chambres ∙ 6 personnes,Ernen - Valais
09/07/2024,26/10/2024,02/11/2024,864.04,HW2VD0M,65 m² Appartement ∙ 3 chambres ∙ 6 personnes,Ernen - Valais
09/07/2024,03/08/2024,10/08/2024,2286.35,HRS6BMW,130 m² Maison de vacances ∙ 5 chambres ∙ 12 personnes,Riddes - Valais
09/07/2024,24/08/2024,31/08/2024,2009.88,HRS6BMW,130 m² Maison de vacances ∙ 5 chambres ∙ 12 personnes,Riddes - Valais
09/07/2024,07/09/2024,14/09/2024,1506.30,HRS6BMW,130 m² Maison de vacances ∙ 5 chambres ∙ 12 personnes,Riddes - Valais
09/07/2024,14/09/2024,21/09/2024,1537.67,HRS6BMW,130 m² Maison de vacances ∙ 5 chambres ∙ 12 personnes,Riddes - Valais
09/07/2024,21/09/2024,28/09/2024,1498.83,HRS6BMW,130 m² Maison de vacances ∙ 5 chambres ∙ 12 personnes,Riddes - Valais
09/07/2024,28/09/2024,05/10/2024,1500.31,HRS6BMW,130 m² Maison de vacances ∙ 5 chambres ∙ 12 personnes,Riddes - Valais
09/07/2024,12/10/2024,19/10/2024,1510.78,HRS6BMW,130 m² Maison de vacances ∙ 5 chambres ∙ 12 personnes,Riddes - Valais
09/07/2024,19/10/2024,26/10/2024,1563.08,HRS6BMW,130 m² Maison de vacances ∙ 5 chambres ∙ 12 personnes,Riddes - Valais
09/07/2024,26/10/2024,02/11/2024,1817.12,HRS6BMW,130 m² Maison de vacances ∙ 5 chambres ∙ 12 personnes,Riddes - Valais
09/07/2024,31/08/2024,07/09/2024,1403.20,HTV5RM6,60 m² Appartement ∙ 2 chambres ∙ 5 personnes,Bagnes - Valais
09/07/2024,07/09/2024,14/09/2024,1385.05,HTV5RM6,60 m² Appartement ∙ 2 chambres ∙ 5 personnes,Bagnes - Valais
09/07/2024,14/09/2024,21/09/2024,1295.53,HTV5RM6,60 m² Appartement ∙ 2 chambres ∙ 5 personnes,Bagnes - Valais
09/07/2024,28/09/2024,05/10/2024,1287.05,HTV5RM6,60 m² Appartement ∙ 2 chambres ∙ 5 personnes,Bagnes - Valais
09/07/2024,05/10/2024,12/10/2024,1306.41,HTV5RM6,60 m² Appartement ∙ 2 chambres ∙ 5 personnes,Bagnes - Valais
09/07/2024,12/10/2024,19/10/2024,1165.72,HTV5RM6,60 m² Appartement ∙ 2 chambres ∙ 5 personnes,Bagnes - Valais
09/07/2024,19/10/2024,26/10/2024,1204.27,HTV5RM6,60 m² Appartement ∙ 2 chambres ∙ 5 personnes,Bagnes - Valais
09/07/2024,26/10/2024,02/11/2024,1279.79,HTV5RM6,60 m² Appartement ∙ 2 chambres ∙ 5 personnes,Bagnes - Valais
09/07/2024,13/07/2024,20/07/2024,1971.93,HGA6MVW,150 m² Maison de vacances ∙ 4 chambres ∙ 8 personnes,Hérémence - Valais
09/07/2024,20/07/2024,27/07/2024,1971.93,HGA6MVW,150 m² Maison de vacances ∙ 4 chambres ∙ 8 personnes,Hérémence - Valais
09/07/2024,10/08/2024,17/08/2024,2131.54,HGA6MVW,150 m² Maison de vacances ∙ 4 chambres ∙ 8 personnes,Hérémence - Valais
09/07/2024,17/08/2024,24/08/2024,2131.54,HGA6MVW,150 m² Maison de vacances ∙ 4 chambres ∙ 8 personnes,Hérémence - Valais
09/07/2024,24/08/2024,31/08/2024,2100.65,HGA6MVW,150 m² Maison de vacances ∙ 4 chambres ∙ 8 personnes,Hérémence - Valais
09/07/2024,31/08/2024,07/09/2024,2100.65,HGA6MVW,150 m² Maison de vacances ∙ 4 chambres ∙ 8 personnes,Hérémence - Valais
09/07/2024,07/09/2024,14/09/2024,2100.65,HGA6MVW,150 m² Maison de vacances ∙ 4 chambres ∙ 8 personnes,Hérémence - Valais
09/07/2024,14/09/2024,21/09/2024,2100.65,HGA6MVW,150 m² Maison de vacances ∙ 4 chambres ∙ 8 personnes,Hérémence - Valais
09/07/2024,21/09/2024,28/09/2024,2100.65,HGA6MVW,150 m² Maison de vacances ∙ 4 chambres ∙ 8 personnes,Hérémence - Valais
09/07/2024,28/09/2024,05/10/2024,2100.65,HGA6MVW,150 m² Maison de vacances ∙ 4 chambres ∙ 8 personnes,Hérémence - Valais
09/07/2024,05/10/2024,12/10/2024,2100.65,HGA6MVW,150 m² Maison de vacances ∙ 4 chambres ∙ 8 personnes,Hérémence - Valais
09/07/2024,12/10/2024,19/10/2024,2100.65,HGA6MVW,150 m² Maison de vacances ∙ 4 chambres ∙ 8 personnes,Hérémence - Valais
09/07/2024,19/10/2024,26/10/2024,2100.65,HGA6MVW,150 m² Maison de vacances ∙ 4 chambres ∙ 8 personnes,Hérémence - Valais
09/07/2024,26/10/2024,02/11/2024,2100.65,HGA6MVW,150 m² Maison de vacances ∙ 4 chambres ∙ 8 personnes,Hérémence - Valais
09/07/2024,13/07/2024,20/07/2024,510.33,H5VXFSE,30 m² Appartement ∙ 1 chambre ∙ 2 personnes,Loèche-les-Bains - Valais
09/07/2024,20/07/2024,27/07/2024,510.33,H5VXFSE,30 m² Appartement ∙ 1 chambre ∙ 2 personnes,Loèche-les-Bains - Valais
09/07/2024,27/07/2024,03/08/2024,510.33,H5VXFSE,30 m² Appartement ∙ 1 chambre ∙ 2 personnes,Loèche-les-Bains - Valais
09/07/2024,03/08/2024,10/08/2024,510.33,H5VXFSE,30 m² Appartement ∙ 1 chambre ∙ 2 personnes,Loèche-les-Bains - Valais
09/07/2024,10/08/2024,17/08/2024,510.33,H5VXFSE,30 m² Appartement ∙ 1 chambre ∙ 2 personnes,Loèche-les-Bains - Valais
09/07/2024,17/08/2024,24/08/2024,510.33,H5VXFSE,30 m² Appartement ∙ 1 chambre ∙ 2 personnes,Loèche-les-Bains - Valais
09/07/2024,24/08/2024,31/08/2024,510.33,H5VXFSE,30 m² Appartement ∙ 1 chambre ∙ 2 personnes,Loèche-les-Bains - Valais
09/07/2024,31/08/2024,07/09/2024,510.33,H5VXFSE,30 m² Appartement ∙ 1 chambre ∙ 2 personnes,Loèche-les-Bains - Valais
09/07/2024,07/09/2024,14/09/2024,510.33,H5VXFSE,30 m² Appartement ∙ 1 chambre ∙ 2 personnes,Loèche-les-Bains - Valais
09/07/2024,14/09/2024,21/09/2024,510.33,H5VXFSE,30 m² Appartement ∙ 1 chambre ∙ 2 personnes,Loèche-les-Bains - Valais
09/07/2024,21/09/2024,28/09/2024,510.33,H5VXFSE,30 m² Appartement ∙ 1 chambre ∙ 2 personnes,Loèche-les-Bains - Valais
09/07/2024,28/09/2024,05/10/2024,510.33,H5VXFSE,30 m² Appartement ∙ 1 chambre ∙ 2 personnes,Loèche-les-Bains - Valais
09/07/2024,05/10/2024,12/10/2024,510.33,H5VXFSE,30 m² Appartement ∙ 1 chambre ∙ 2 personnes,Loèche-les-Bains - Valais
09/07/2024,19/10/2024,26/10/2024,510.33,H5VXFSE,30 m² Appartement ∙ 1 chambre ∙ 2 personnes,Loèche-les-Bains - Valais
09/07/2024,26/10/2024,02/11/2024,510.33,H5VXFSE,30 m² Appartement ∙ 1 chambre ∙ 2 personnes,Loèche-les-Bains - Valais
09/07/2024,31/08/2024,07/09/2024,785.22,HH9RF2A,35 m² Appartement ∙ 1 chambre ∙ 2 personnes,Saas Fee - Valais
09/07/2024,14/09/2024,21/09/2024,785.22,HH9RF2A,35 m² Appartement ∙ 1 chambre ∙ 2 personnes,Saas Fee - Valais
09/07/2024,21/09/2024,28/09/2024,785.22,HH9RF2A,35 m² Appartement ∙ 1 chambre ∙ 2 personnes,Saas Fee - Valais
09/07/2024,28/09/2024,05/10/2024,785.22,HH9RF2A,35 m² Appartement ∙ 1 chambre ∙ 2 personnes,Saas Fee - Valais
09/07/2024,05/10/2024,12/10/2024,785.22,HH9RF2A,35 m² Appartement ∙ 1 chambre ∙ 2 personnes,Saas Fee - Valais
09/07/2024,12/10/2024,19/10/2024,785.22,HH9RF2A,35 m² Appartement ∙ 1 chambre ∙ 2 personnes,Saas Fee - Valais
09/07/2024,19/10/2024,26/10/2024,785.22,HH9RF2A,35 m² Appartement ∙ 1 chambre ∙ 2 personnes,Saas Fee - Valais
09/07/2024,26/10/2024,02/11/2024,785.22,HH9RF2A,35 m² Appartement ∙ 1 chambre ∙ 2 personnes,Saas Fee - Valais
09/07/2024,13/07/2024,20/07/2024,1106.77,HSZGPC4,44 m² Appartement ∙ 1 chambre ∙ 4 personnes,Saas Fee - Valais
09/07/2024,07/09/2024,14/09/2024,1061.00,HSZGPC4,44 m² Appartement ∙ 1 chambre ∙ 4 personnes,Saas Fee - Valais
09/07/2024,14/09/2024,21/09/2024,1061.00,HSZGPC4,44 m² Appartement ∙ 1 chambre ∙ 4 personnes,Saas Fee - Valais
09/07/2024,21/09/2024,28/09/2024,1061.00,HSZGPC4,44 m² Appartement ∙ 1 chambre ∙ 4 personnes,Saas Fee - Valais
09/07/2024,28/09/2024,05/10/2024,1061.00,HSZGPC4,44 m² Appartement ∙ 1 chambre ∙ 4 personnes,Saas Fee - Valais
09/07/2024,05/10/2024,12/10/2024,1061.00,HSZGPC4,44 m² Appartement ∙ 1 chambre ∙ 4 personnes,Saas Fee - Valais
09/07/2024,12/10/2024,19/10/2024,1061.00,HSZGPC4,44 m² Appartement ∙ 1 chambre ∙ 4 personnes,Saas Fee - Valais
09/07/2024,19/10/2024,26/10/2024,1061.00,HSZGPC4,44 m² Appartement ∙ 1 chambre ∙ 4 personnes,Saas Fee - Valais
09/07/2024,26/10/2024,02/11/2024,1061.00,HSZGPC4,44 m² Appartement ∙ 1 chambre ∙ 4 personnes,Saas Fee - Valais
09/07/2024,20/07/2024,27/07/2024,2791.21,H0JBXM8,140 m² Maison de vacances ∙ 4 chambres ∙ 8 personnes,Nendaz - Valais
09/07/2024,31/08/2024,07/09/2024,1602.23,H0JBXM8,140 m² Maison de vacances ∙ 4 chambres ∙ 8 personnes,Nendaz - Valais
09/07/2024,07/09/2024,14/09/2024,1602.23,H0JBXM8,140 m² Maison de vacances ∙ 4 chambres ∙ 8 personnes,Nendaz - Valais
09/07/2024,28/09/2024,05/10/2024,1602.23,H0JBXM8,140 m² Maison de vacances ∙ 4 chambres ∙ 8 personnes,Nendaz - Valais
09/07/2024,05/10/2024,12/10/2024,1602.23,H0JBXM8,140 m² Maison de vacances ∙ 4 chambres ∙ 8 personnes,Nendaz - Valais
09/07/2024,19/10/2024,26/10/2024,1602.23,H0JBXM8,140 m² Maison de vacances ∙ 4 chambres ∙ 8 personnes,Nendaz - Valais
09/07/2024,26/10/2024,02/11/2024,1602.23,H0JBXM8,140 m² Maison de vacances ∙ 4 chambres ∙ 8 personnes,Nendaz - Valais
09/07/2024,03/08/2024,10/08/2024,2789.53,HF4KJ1R,120 m² Maison de vacances ∙ 4 chambres ∙ 8 personnes,Orsières - Valais
09/07/2024,14/09/2024,21/09/2024,1402.49,HF4KJ1R,120 m² Maison de vacances ∙ 4 chambres ∙ 8 personnes,Orsières - Valais
09/07/2024,21/09/2024,28/09/2024,1402.49,HF4KJ1R,120 m² Maison de vacances ∙ 4 chambres ∙ 8 personnes,Orsières - Valais
09/07/2024,28/09/2024,05/10/2024,1402.49,HF4KJ1R,120 m² Maison de vacances ∙ 4 chambres ∙ 8 personnes,Orsières - Valais
09/07/2024,12/10/2024,19/10/2024,1402.49,HF4KJ1R,120 m² Maison de vacances ∙ 4 chambres ∙ 8 personnes,Orsières - Valais
09/07/2024,19/10/2024,26/10/2024,1402.49,HF4KJ1R,120 m² Maison de vacances ∙ 4 chambres ∙ 8 personnes,Orsières - Valais
09/07/2024,17/08/2024,24/08/2024,771.26,HUAXLBN,67 m² Appartement ∙ 2 chambres ∙ 5 personnes,Saas Grund - Valais
09/07/2024,24/08/2024,31/08/2024,771.26,HUAXLBN,67 m² Appartement ∙ 2 chambres ∙ 5 personnes,Saas Grund - Valais
09/07/2024,31/08/2024,07/09/2024,771.26,HUAXLBN,67 m² Appartement ∙ 2 chambres ∙ 5 personnes,Saas Grund - Valais
09/07/2024,21/09/2024,28/09/2024,694.14,HUAXLBN,67 m² Appartement ∙ 2 chambres ∙ 5 personnes,Saas Grund - Valais
09/07/2024,28/09/2024,05/10/2024,694.14,HUAXLBN,67 m² Appartement ∙ 2 chambres ∙ 5 personnes,Saas Grund - Valais
09/07/2024,05/10/2024,12/10/2024,694.14,HUAXLBN,67 m² Appartement ∙ 2 chambres ∙ 5 personnes,Saas Grund - Valais
09/07/2024,12/10/2024,19/10/2024,694.14,HUAXLBN,67 m² Appartement ∙ 2 chambres ∙ 5 personnes,Saas Grund - Valais
09/07/2024,19/10/2024,26/10/2024,694.14,HUAXLBN,67 m² Appartement ∙ 2 chambres ∙ 5 personnes,Saas Grund - Valais
09/07/2024,26/10/2024,02/11/2024,694.14,HUAXLBN,67 m² Appartement ∙ 2 chambres ∙ 5 personnes,Saas Grund - Valais
09/07/2024,13/07/2024,20/07/2024,1280.40,HF6XD3P,50 m² Appartement ∙ 1 chambre ∙ 4 personnes,Saas Fee - Valais
09/07/2024,20/07/2024,27/07/2024,1280.40,HF6XD3P,50 m² Appartement ∙ 1 chambre ∙ 4 personnes,Saas Fee - Valais
09/07/2024,27/07/2024,03/08/2024,1280.40,HF6XD3P,50 m² Appartement ∙ 1 chambre ∙ 4 personnes,Saas Fee - Valais
09/07/2024,03/08/2024,10/08/2024,1280.40,HF6XD3P,50 m² Appartement ∙ 1 chambre ∙ 4 personnes,Saas Fee - Valais
09/07/2024,10/08/2024,17/08/2024,1280.40,HF6XD3P,50 m² Appartement ∙ 1 chambre ∙ 4 personnes,Saas Fee - Valais
09/07/2024,31/08/2024,07/09/2024,1183.73,HF6XD3P,50 m² Appartement ∙ 1 chambre ∙ 4 personnes,Saas Fee - Valais
09/07/2024,07/09/2024,14/09/2024,1168.31,HF6XD3P,50 m² Appartement ∙ 1 chambre ∙ 4 personnes,Saas Fee - Valais
09/07/2024,14/09/2024,21/09/2024,1168.31,HF6XD3P,50 m² Appartement ∙ 1 chambre ∙ 4 personnes,Saas Fee - Valais
09/07/2024,21/09/2024,28/09/2024,1168.31,HF6XD3P,50 m² Appartement ∙ 1 chambre ∙ 4 personnes,Saas Fee - Valais
09/07/2024,28/09/2024,05/10/2024,1168.31,HF6XD3P,50 m² Appartement ∙ 1 chambre ∙ 4 personnes,Saas Fee - Valais
09/07/2024,05/10/2024,12/10/2024,1168.31,HF6XD3P,50 m² Appartement ∙ 1 chambre ∙ 4 personnes,Saas Fee - Valais
09/07/2024,12/10/2024,19/10/2024,1168.31,HF6XD3P,50 m² Appartement ∙ 1 chambre ∙ 4 personnes,Saas Fee - Valais
09/07/2024,19/10/2024,26/10/2024,1168.31,HF6XD3P,50 m² Appartement ∙ 1 chambre ∙ 4 personnes,Saas Fee - Valais
09/07/2024,26/10/2024,02/11/2024,1168.31,HF6XD3P,50 m² Appartement ∙ 1 chambre ∙ 4 personnes,Saas Fee - Valais
09/07/2024,31/08/2024,07/09/2024,2117.48,HKG1BWV,220 m² Maison de vacances ∙ 5 chambres ∙ 10 personnes,Riddes - Valais
09/07/2024,26/10/2024,02/11/2024,2307.26,HKG1BWV,220 m² Maison de vacances ∙ 5 chambres ∙ 10 personnes,Riddes - Valais
09/07/2024,05/10/2024,12/10/2024,1789.77,HDT4EWL,80 m² Appartement ∙ 2 chambres ∙ 4 personnes,Saas Fee - Valais
09/07/2024,12/10/2024,19/10/2024,1789.77,HDT4EWL,80 m² Appartement ∙ 2 chambres ∙ 4 personnes,Saas Fee - Valais
09/07/2024,19/10/2024,26/10/2024,1789.77,HDT4EWL,80 m² Appartement ∙ 2 chambres ∙ 4 personnes,Saas Fee - Valais
09/07/2024,26/10/2024,02/11/2024,1789.77,HDT4EWL,80 m² Appartement ∙ 2 chambres ∙ 4 personnes,Saas Fee - Valais
09/07/2024,12/10/2024,19/10/2024,1192.49,HLW5GA3,120 m² Maison de vacances ∙ 3 chambres ∙ 6 personnes,Riddes - Valais
09/07/2024,19/10/2024,26/10/2024,1192.49,HLW5GA3,120 m² Maison de vacances ∙ 3 chambres ∙ 6 personnes,Riddes - Valais
09/07/2024,17/08/2024,24/08/2024,1500.31,H1WYDBS,84 m² Maison de vacances ∙ 3 chambres ∙ 5 personnes,Ovronnaz - Leytron - Valais
09/07/2024,24/08/2024,31/08/2024,1500.31,H1WYDBS,84 m² Maison de vacances ∙ 3 chambres ∙ 5 personnes,Ovronnaz - Leytron - Valais
09/07/2024,31/08/2024,07/09/2024,1500.31,H1WYDBS,84 m² Maison de vacances ∙ 3 chambres ∙ 5 personnes,Ovronnaz - Leytron - Valais
09/07/2024,07/09/2024,14/09/2024,1500.31,H1WYDBS,84 m² Maison de vacances ∙ 3 chambres ∙ 5 personnes,Ovronnaz - Leytron - Valais
09/07/2024,14/09/2024,21/09/2024,1500.31,H1WYDBS,84 m² Maison de vacances ∙ 3 chambres ∙ 5 personnes,Ovronnaz - Leytron - Valais
09/07/2024,21/09/2024,28/09/2024,1500.31,H1WYDBS,84 m² Maison de vacances ∙ 3 chambres ∙ 5 personnes,Ovronnaz - Leytron - Valais
09/07/2024,12/10/2024,19/10/2024,1500.31,H1WYDBS,84 m² Maison de vacances ∙ 3 chambres ∙ 5 personnes,Ovronnaz - Leytron - Valais
09/07/2024,19/10/2024,26/10/2024,1500.31,H1WYDBS,84 m² Maison de vacances ∙ 3 chambres ∙ 5 personnes,Ovronnaz - Leytron - Valais
09/07/2024,26/10/2024,02/11/2024,1500.31,H1WYDBS,84 m² Maison de vacances ∙ 3 chambres ∙ 5 personnes,Ovronnaz - Leytron - Valais
09/07/2024,07/09/2024,14/09/2024,1904.94,HDC3NVK,Appartement ∙ 4 chambres ∙ 8 personnes,Zermatt - Valais
09/07/2024,14/09/2024,21/09/2024,1904.94,HDC3NVK,Appartement ∙ 4 chambres ∙ 8 personnes,Zermatt - Valais
09/07/2024,21/09/2024,28/09/2024,1904.94,HDC3NVK,Appartement ∙ 4 chambres ∙ 8 personnes,Zermatt - Valais
09/07/2024,13/07/2024,20/07/2024,666.23,HFDR94Z,30 m² Appartement ∙ 1 chambre ∙ 2 personnes,Crans-Montana - Valais
09/07/2024,20/07/2024,27/07/2024,733.17,HFDR94Z,30 m² Appartement ∙ 1 chambre ∙ 2 personnes,Crans-Montana - Valais
09/07/2024,27/07/2024,03/08/2024,733.17,HFDR94Z,30 m² Appartement ∙ 1 chambre ∙ 2 personnes,Crans-Montana - Valais
09/07/2024,03/08/2024,10/08/2024,733.17,HFDR94Z,30 m² Appartement ∙ 1 chambre ∙ 2 personnes,Crans-Montana - Valais
09/07/2024,24/08/2024,31/08/2024,553.99,HFDR94Z,30 m² Appartement ∙ 1 chambre ∙ 2 personnes,Crans-Montana - Valais
09/07/2024,21/09/2024,28/09/2024,553.99,HFDR94Z,30 m² Appartement ∙ 1 chambre ∙ 2 personnes,Crans-Montana - Valais
09/07/2024,28/09/2024,05/10/2024,553.99,HFDR94Z,30 m² Appartement ∙ 1 chambre ∙ 2 personnes,Crans-Montana - Valais
09/07/2024,05/10/2024,12/10/2024,553.99,HFDR94Z,30 m² Appartement ∙ 1 chambre ∙ 2 personnes,Crans-Montana - Valais
09/07/2024,12/10/2024,19/10/2024,553.99,HFDR94Z,30 m² Appartement ∙ 1 chambre ∙ 2 personnes,Crans-Montana - Valais
09/07/2024,19/10/2024,26/10/2024,553.99,HFDR94Z,30 m² Appartement ∙ 1 chambre ∙ 2 personnes,Crans-Montana - Valais
09/07/2024,26/10/2024,02/11/2024,553.99,HFDR94Z,30 m² Appartement ∙ 1 chambre ∙ 2 personnes,Crans-Montana - Valais
09/07/2024,31/08/2024,07/09/2024,1002.65,H9GTXB8,56 m² Appartement ∙ 2 chambres ∙ 4 personnes,Saas Fee - Valais
09/07/2024,07/09/2024,14/09/2024,1002.65,H9GTXB8,56 m² Appartement ∙ 2 chambres ∙ 4 personnes,Saas Fee - Valais
09/07/2024,14/09/2024,21/09/2024,1002.65,H9GTXB8,56 m² Appartement ∙ 2 chambres ∙ 4 personnes,Saas Fee - Valais
09/07/2024,21/09/2024,28/09/2024,1002.65,H9GTXB8,56 m² Appartement ∙ 2 chambres ∙ 4 personnes,Saas Fee - Valais
09/07/2024,28/09/2024,05/10/2024,1002.65,H9GTXB8,56 m² Appartement ∙ 2 chambres ∙ 4 personnes,Saas Fee - Valais
09/07/2024,05/10/2024,12/10/2024,1002.65,H9GTXB8,56 m² Appartement ∙ 2 chambres ∙ 4 personnes,Saas Fee - Valais
09/07/2024,12/10/2024,19/10/2024,1002.65,H9GTXB8,56 m² Appartement ∙ 2 chambres ∙ 4 personnes,Saas Fee - Valais
09/07/2024,19/10/2024,26/10/2024,1002.65,H9GTXB8,56 m² Appartement ∙ 2 chambres ∙ 4 personnes,Saas Fee - Valais
09/07/2024,26/10/2024,02/11/2024,991.63,H9GTXB8,56 m² Appartement ∙ 2 chambres ∙ 4 personnes,Saas Fee - Valais
09/07/2024,24/08/2024,31/08/2024,504.57,H8SU6G7,29 m² Appartement ∙ 1 chambre ∙ 2 personnes,Termen - Valais
09/07/2024,31/08/2024,07/09/2024,504.57,H8SU6G7,29 m² Appartement ∙ 1 chambre ∙ 2 personnes,Termen - Valais
09/07/2024,07/09/2024,14/09/2024,504.57,H8SU6G7,29 m² Appartement ∙ 1 chambre ∙ 2 personnes,Termen - Valais
09/07/2024,26/10/2024,02/11/2024,504.57,H8SU6G7,29 m² Appartement ∙ 1 chambre ∙ 2 personnes,Termen - Valais
09/07/2024,10/08/2024,17/08/2024,903.89,HYAVL02,70 m² Appartement ∙ 2 chambres ∙ 4 personnes,Bellwald - Valais
09/07/2024,17/08/2024,24/08/2024,739.55,HYAVL02,70 m² Appartement ∙ 2 chambres ∙ 4 personnes,Bellwald - Valais
09/07/2024,24/08/2024,31/08/2024,739.55,HYAVL02,70 m² Appartement ∙ 2 chambres ∙ 4 personnes,Bellwald - Valais
09/07/2024,31/08/2024,07/09/2024,739.55,HYAVL02,70 m² Appartement ∙ 2 chambres ∙ 4 personnes,Bellwald - Valais
09/07/2024,21/09/2024,28/09/2024,739.55,HYAVL02,70 m² Appartement ∙ 2 chambres ∙ 4 personnes,Bellwald - Valais
09/07/2024,12/10/2024,19/10/2024,739.55,HYAVL02,70 m² Appartement ∙ 2 chambres ∙ 4 personnes,Bellwald - Valais
09/07/2024,19/10/2024,26/10/2024,739.55,HYAVL02,70 m² Appartement ∙ 2 chambres ∙ 4 personnes,Bellwald - Valais
09/07/2024,26/10/2024,02/11/2024,739.55,HYAVL02,70 m² Appartement ∙ 2 chambres ∙ 4 personnes,Bellwald - Valais
09/07/2024,20/07/2024,27/07/2024,951.47,HN42EKX,50 m² Appartement ∙ 1 chambre ∙ 3 personnes,Crans-Montana - Valais
09/07/2024,03/08/2024,10/08/2024,951.47,HN42EKX,50 m² Appartement ∙ 1 chambre ∙ 3 personnes,Crans-Montana - Valais
09/07/2024,17/08/2024,24/08/2024,868.06,HN42EKX,50 m² Appartement ∙ 1 chambre ∙ 3 personnes,Crans-Montana - Valais
09/07/2024,24/08/2024,31/08/2024,688.89,HN42EKX,50 m² Appartement ∙ 1 chambre ∙ 3 personnes,Crans-Montana - Valais
09/07/2024,21/09/2024,28/09/2024,688.89,HN42EKX,50 m² Appartement ∙ 1 chambre ∙ 3 personnes,Crans-Montana - Valais
09/07/2024,28/09/2024,05/10/2024,688.89,HN42EKX,50 m² Appartement ∙ 1 chambre ∙ 3 personnes,Crans-Montana - Valais
09/07/2024,05/10/2024,12/10/2024,688.89,HN42EKX,50 m² Appartement ∙ 1 chambre ∙ 3 personnes,Crans-Montana - Valais
09/07/2024,12/10/2024,19/10/2024,688.89,HN42EKX,50 m² Appartement ∙ 1 chambre ∙ 3 personnes,Crans-Montana - Valais
09/07/2024,19/10/2024,26/10/2024,688.89,HN42EKX,50 m² Appartement ∙ 1 chambre ∙ 3 personnes,Crans-Montana - Valais
09/07/2024,26/10/2024,02/11/2024,688.89,HN42EKX,50 m² Appartement ∙ 1 chambre ∙ 3 personnes,Crans-Montana - Valais
09/07/2024,17/08/2024,24/08/2024,721.17,HZDR5PA,50 m² Chalet ∙ 2 chambres ∙ 4 personnes,Filet - Valais
09/07/2024,24/08/2024,31/08/2024,586.26,HZDR5PA,50 m² Chalet ∙ 2 chambres ∙ 4 personnes,Filet - Valais
09/07/2024,31/08/2024,07/09/2024,542.18,HZDR5PA,50 m² Chalet ∙ 2 chambres ∙ 4 personnes,Filet - Valais
09/07/2024,07/09/2024,14/09/2024,532.47,HZDR5PA,50 m² Chalet ∙ 2 chambres ∙ 4 personnes,Filet - Valais
09/07/2024,14/09/2024,21/09/2024,532.47,HZDR5PA,50 m² Chalet ∙ 2 chambres ∙ 4 personnes,Filet - Valais
09/07/2024,21/09/2024,28/09/2024,532.47,HZDR5PA,50 m² Chalet ∙ 2 chambres ∙ 4 personnes,Filet - Valais
09/07/2024,28/09/2024,05/10/2024,581.04,HZDR5PA,50 m² Chalet ∙ 2 chambres ∙ 4 personnes,Filet - Valais
09/07/2024,05/10/2024,12/10/2024,614.15,HZDR5PA,50 m² Chalet ∙ 2 chambres ∙ 4 personnes,Filet - Valais
09/07/2024,12/10/2024,19/10/2024,614.15,HZDR5PA,50 m² Chalet ∙ 2 chambres ∙ 4 personnes,Filet - Valais
09/07/2024,19/10/2024,26/10/2024,614.15,HZDR5PA,50 m² Chalet ∙ 2 chambres ∙ 4 personnes,Filet - Valais
09/07/2024,21/09/2024,28/09/2024,1928.16,HTE3NZ7,65 m² Appartement ∙ 2 chambres ∙ 5 personnes,Saas Fee - Valais
09/07/2024,12/10/2024,19/10/2024,1928.16,HTE3NZ7,65 m² Appartement ∙ 2 chambres ∙ 5 personnes,Saas Fee - Valais
09/07/2024,19/10/2024,26/10/2024,1928.16,HTE3NZ7,65 m² Appartement ∙ 2 chambres ∙ 5 personnes,Saas Fee - Valais
09/07/2024,13/07/2024,20/07/2024,952.68,H8XV4SR,75 m² Maison de vacances ∙ 3 chambres ∙ 6 personnes,Saint-Nicolas - Valais
09/07/2024,14/09/2024,21/09/2024,1172.86,H8XV4SR,75 m² Maison de vacances ∙ 3 chambres ∙ 6 personnes,Saint-Nicolas - Valais
09/07/2024,21/09/2024,28/09/2024,985.45,H8XV4SR,75 m² Maison de vacances ∙ 3 chambres ∙ 6 personnes,Saint-Nicolas - Valais
09/07/2024,28/09/2024,05/10/2024,985.45,H8XV4SR,75 m² Maison de vacances ∙ 3 chambres ∙ 6 personnes,Saint-Nicolas - Valais
09/07/2024,05/10/2024,12/10/2024,985.45,H8XV4SR,75 m² Maison de vacances ∙ 3 chambres ∙ 6 personnes,Saint-Nicolas - Valais
09/07/2024,26/10/2024,02/11/2024,985.64,H8XV4SR,75 m² Maison de vacances ∙ 3 chambres ∙ 6 personnes,Saint-Nicolas - Valais
09/07/2024,07/09/2024,14/09/2024,1697.12,HL7XUHF,161 m² Appartement ∙ 4 chambres ∙ 8 personnes,Saas Fee - Valais
09/07/2024,14/09/2024,21/09/2024,1697.12,HL7XUHF,161 m² Appartement ∙ 4 chambres ∙ 8 personnes,Saas Fee - Valais
09/07/2024,05/10/2024,12/10/2024,1697.12,HL7XUHF,161 m² Appartement ∙ 4 chambres ∙ 8 personnes,Saas Fee - Valais
09/07/2024,12/10/2024,19/10/2024,1697.12,HL7XUHF,161 m² Appartement ∙ 4 chambres ∙ 8 personnes,Saas Fee - Valais
09/07/2024,19/10/2024,26/10/2024,1697.12,HL7XUHF,161 m² Appartement ∙ 4 chambres ∙ 8 personnes,Saas Fee - Valais
09/07/2024,14/09/2024,21/09/2024,1899.19,HUCYAK6,70 m² Appartement ∙ 2 chambres ∙ 4 personnes,Saas Fee - Valais
09/07/2024,21/09/2024,28/09/2024,1899.19,HUCYAK6,70 m² Appartement ∙ 2 chambres ∙ 4 personnes,Saas Fee - Valais
09/07/2024,28/09/2024,05/10/2024,1899.19,HUCYAK6,70 m² Appartement ∙ 2 chambres ∙ 4 personnes,Saas Fee - Valais
09/07/2024,05/10/2024,12/10/2024,1899.19,HUCYAK6,70 m² Appartement ∙ 2 chambres ∙ 4 personnes,Saas Fee - Valais
09/07/2024,12/10/2024,19/10/2024,1899.19,HUCYAK6,70 m² Appartement ∙ 2 chambres ∙ 4 personnes,Saas Fee - Valais
09/07/2024,19/10/2024,26/10/2024,1899.19,HUCYAK6,70 m² Appartement ∙ 2 chambres ∙ 4 personnes,Saas Fee - Valais
09/07/2024,26/10/2024,02/11/2024,1899.19,HUCYAK6,70 m² Appartement ∙ 2 chambres ∙ 4 personnes,Saas Fee - Valais
09/07/2024,31/08/2024,07/09/2024,1079.98,HWNYDTF,60 m² Appartement ∙ 2 chambres ∙ 5 personnes,Saas Fee - Valais
09/07/2024,07/09/2024,14/09/2024,1079.98,HWNYDTF,60 m² Appartement ∙ 2 chambres ∙ 5 personnes,Saas Fee - Valais
09/07/2024,14/09/2024,21/09/2024,1079.98,HWNYDTF,60 m² Appartement ∙ 2 chambres ∙ 5 personnes,Saas Fee - Valais
09/07/2024,21/09/2024,28/09/2024,1079.98,HWNYDTF,60 m² Appartement ∙ 2 chambres ∙ 5 personnes,Saas Fee - Valais
09/07/2024,05/10/2024,12/10/2024,1079.98,HWNYDTF,60 m² Appartement ∙ 2 chambres ∙ 5 personnes,Saas Fee - Valais
09/07/2024,12/10/2024,19/10/2024,1079.98,HWNYDTF,60 m² Appartement ∙ 2 chambres ∙ 5 personnes,Saas Fee - Valais
09/07/2024,19/10/2024,26/10/2024,1079.98,HWNYDTF,60 m² Appartement ∙ 2 chambres ∙ 5 personnes,Saas Fee - Valais
09/07/2024,26/10/2024,02/11/2024,1079.98,HWNYDTF,60 m² Appartement ∙ 2 chambres ∙ 5 personnes,Saas Fee - Valais
09/07/2024,20/07/2024,27/07/2024,1551.07,HYTN0P9,90 m² Appartement ∙ 2 chambres ∙ 4 personnes,Loèche-les-Bains - Valais
09/07/2024,03/08/2024,10/08/2024,1551.07,HYTN0P9,90 m² Appartement ∙ 2 chambres ∙ 4 personnes,Loèche-les-Bains - Valais
09/07/2024,10/08/2024,17/08/2024,1551.07,HYTN0P9,90 m² Appartement ∙ 2 chambres ∙ 4 personnes,Loèche-les-Bains - Valais
09/07/2024,17/08/2024,24/08/2024,1551.07,HYTN0P9,90 m² Appartement ∙ 2 chambres ∙ 4 personnes,Loèche-les-Bains - Valais
09/07/2024,24/08/2024,31/08/2024,1551.07,HYTN0P9,90 m² Appartement ∙ 2 chambres ∙ 4 personnes,Loèche-les-Bains - Valais
09/07/2024,31/08/2024,07/09/2024,1551.07,HYTN0P9,90 m² Appartement ∙ 2 chambres ∙ 4 personnes,Loèche-les-Bains - Valais
09/07/2024,07/09/2024,14/09/2024,1551.07,HYTN0P9,90 m² Appartement ∙ 2 chambres ∙ 4 personnes,Loèche-les-Bains - Valais
09/07/2024,14/09/2024,21/09/2024,1551.07,HYTN0P9,90 m² Appartement ∙ 2 chambres ∙ 4 personnes,Loèche-les-Bains - Valais
09/07/2024,21/09/2024,28/09/2024,1551.07,HYTN0P9,90 m² Appartement ∙ 2 chambres ∙ 4 personnes,Loèche-les-Bains - Valais
09/07/2024,28/09/2024,05/10/2024,1551.07,HYTN0P9,90 m² Appartement ∙ 2 chambres ∙ 4 personnes,Loèche-les-Bains - Valais
09/07/2024,05/10/2024,12/10/2024,1551.07,HYTN0P9,90 m² Appartement ∙ 2 chambres ∙ 4 personnes,Loèche-les-Bains - Valais
09/07/2024,13/07/2024,20/07/2024,1339.50,HTDH1W3,55 m² Appartement ∙ 1 chambre ∙ 4 personnes,Crans-Montana - Valais
09/07/2024,20/07/2024,27/07/2024,1339.50,HTDH1W3,55 m² Appartement ∙ 1 chambre ∙ 4 personnes,Crans-Montana - Valais
09/07/2024,27/07/2024,03/08/2024,1339.50,HTDH1W3,55 m² Appartement ∙ 1 chambre ∙ 4 personnes,Crans-Montana - Valais
09/07/2024,03/08/2024,10/08/2024,1339.50,HTDH1W3,55 m² Appartement ∙ 1 chambre ∙ 4 personnes,Crans-Montana - Valais
09/07/2024,10/08/2024,17/08/2024,1339.50,HTDH1W3,55 m² Appartement ∙ 1 chambre ∙ 4 personnes,Crans-Montana - Valais
09/07/2024,17/08/2024,24/08/2024,1200.58,HTDH1W3,55 m² Appartement ∙ 1 chambre ∙ 4 personnes,Crans-Montana - Valais
09/07/2024,24/08/2024,31/08/2024,1200.58,HTDH1W3,55 m² Appartement ∙ 1 chambre ∙ 4 personnes,Crans-Montana - Valais
09/07/2024,31/08/2024,07/09/2024,1339.50,HTDH1W3,55 m² Appartement ∙ 1 chambre ∙ 4 personnes,Crans-Montana - Valais
09/07/2024,07/09/2024,14/09/2024,1127.17,HTDH1W3,55 m² Appartement ∙ 1 chambre ∙ 4 personnes,Crans-Montana - Valais
09/07/2024,14/09/2024,21/09/2024,1041.83,HTDH1W3,55 m² Appartement ∙ 1 chambre ∙ 4 personnes,Crans-Montana - Valais
09/07/2024,21/09/2024,28/09/2024,1041.83,HTDH1W3,55 m² Appartement ∙ 1 chambre ∙ 4 personnes,Crans-Montana - Valais
09/07/2024,28/09/2024,05/10/2024,1041.83,HTDH1W3,55 m² Appartement ∙ 1 chambre ∙ 4 personnes,Crans-Montana - Valais
09/07/2024,05/10/2024,12/10/2024,1041.83,HTDH1W3,55 m² Appartement ∙ 1 chambre ∙ 4 personnes,Crans-Montana - Valais
09/07/2024,07/09/2024,14/09/2024,1534.90,HGKNA73,100 m² Appartement ∙ 3 chambres ∙ 6 personnes,Saas-Almagell - Valais
09/07/2024,21/09/2024,28/09/2024,1534.90,HGKNA73,100 m² Appartement ∙ 3 chambres ∙ 6 personnes,Saas-Almagell - Valais
09/07/2024,28/09/2024,05/10/2024,1534.90,HGKNA73,100 m² Appartement ∙ 3 chambres ∙ 6 personnes,Saas-Almagell - Valais
09/07/2024,05/10/2024,12/10/2024,1534.90,HGKNA73,100 m² Appartement ∙ 3 chambres ∙ 6 personnes,Saas-Almagell - Valais
09/07/2024,12/10/2024,19/10/2024,1534.90,HGKNA73,100 m² Appartement ∙ 3 chambres ∙ 6 personnes,Saas-Almagell - Valais
09/07/2024,19/10/2024,26/10/2024,1534.90,HGKNA73,100 m² Appartement ∙ 3 chambres ∙ 6 personnes,Saas-Almagell - Valais
09/07/2024,26/10/2024,02/11/2024,1534.90,HGKNA73,100 m² Appartement ∙ 3 chambres ∙ 6 personnes,Saas-Almagell - Valais
09/07/2024,12/10/2024,19/10/2024,1168.97,HVEWR6N,72 m² Appartement ∙ 2 chambres ∙ 6 personnes,Crans-Montana - Valais
09/07/2024,19/10/2024,26/10/2024,1168.97,HVEWR6N,72 m² Appartement ∙ 2 chambres ∙ 6 personnes,Crans-Montana - Valais
09/07/2024,26/10/2024,02/11/2024,1168.97,HVEWR6N,72 m² Appartement ∙ 2 chambres ∙ 6 personnes,Crans-Montana - Valais
09/07/2024,13/07/2024,20/07/2024,466.56,HKHYD29,Résidence Dixence,Résidence DixenceVex - Valais
09/07/2024,20/07/2024,27/07/2024,466.56,HKHYD29,Résidence Dixence,Résidence DixenceVex - Valais
09/07/2024,27/07/2024,03/08/2024,466.56,HKHYD29,Résidence Dixence,Résidence DixenceVex - Valais
09/07/2024,03/08/2024,10/08/2024,466.56,HKHYD29,Résidence Dixence,Résidence DixenceVex - Valais
09/07/2024,10/08/2024,17/08/2024,370.77,HKHYD29,Résidence Dixence,Résidence DixenceVex - Valais
09/07/2024,17/08/2024,24/08/2024,370.77,HKHYD29,Résidence Dixence,Résidence DixenceVex - Valais
09/07/2024,31/08/2024,07/09/2024,370.77,HKHYD29,Résidence Dixence,Résidence DixenceVex - Valais
09/07/2024,07/09/2024,14/09/2024,370.77,HKHYD29,Résidence Dixence,Résidence DixenceVex - Valais
09/07/2024,14/09/2024,21/09/2024,370.77,HKHYD29,Résidence Dixence,Résidence DixenceVex - Valais
09/07/2024,21/09/2024,28/09/2024,370.77,HKHYD29,Résidence Dixence,Résidence DixenceVex - Valais
09/07/2024,28/09/2024,05/10/2024,370.77,HKHYD29,Résidence Dixence,Résidence DixenceVex - Valais
09/07/2024,05/10/2024,12/10/2024,370.77,HKHYD29,Résidence Dixence,Résidence DixenceVex - Valais
09/07/2024,12/10/2024,19/10/2024,370.77,HKHYD29,Résidence Dixence,Résidence DixenceVex - Valais
09/07/2024,19/10/2024,26/10/2024,370.77,HKHYD29,Résidence Dixence,Résidence DixenceVex - Valais
09/07/2024,28/09/2024,05/10/2024,1069.07,HY8KF46,45 m² Appartement ∙ 1 chambre ∙ 4 personnes,Saint-Léonard - Valais
09/07/2024,05/10/2024,12/10/2024,1069.07,HY8KF46,45 m² Appartement ∙ 1 chambre ∙ 4 personnes,Saint-Léonard - Valais
09/07/2024,12/10/2024,19/10/2024,1069.07,HY8KF46,45 m² Appartement ∙ 1 chambre ∙ 4 personnes,Saint-Léonard - Valais
09/07/2024,19/10/2024,26/10/2024,1069.07,HY8KF46,45 m² Appartement ∙ 1 chambre ∙ 4 personnes,Saint-Léonard - Valais
09/07/2024,26/10/2024,02/11/2024,1069.07,HY8KF46,45 m² Appartement ∙ 1 chambre ∙ 4 personnes,Saint-Léonard - Valais
09/07/2024,20/07/2024,27/07/2024,734.34,H8N4PWV,40 m² Appartement ∙ 1 chambre ∙ 2 personnes,Ayent - Valais
09/07/2024,27/07/2024,03/08/2024,734.34,H8N4PWV,40 m² Appartement ∙ 1 chambre ∙ 2 personnes,Ayent - Valais
09/07/2024,03/08/2024,10/08/2024,734.34,H8N4PWV,40 m² Appartement ∙ 1 chambre ∙ 2 personnes,Ayent - Valais
09/07/2024,10/08/2024,17/08/2024,734.34,H8N4PWV,40 m² Appartement ∙ 1 chambre ∙ 2 personnes,Ayent - Valais
09/07/2024,17/08/2024,24/08/2024,734.34,H8N4PWV,40 m² Appartement ∙ 1 chambre ∙ 2 personnes,Ayent - Valais
09/07/2024,24/08/2024,31/08/2024,660.18,H8N4PWV,40 m² Appartement ∙ 1 chambre ∙ 2 personnes,Ayent - Valais
09/07/2024,31/08/2024,07/09/2024,660.18,H8N4PWV,40 m² Appartement ∙ 1 chambre ∙ 2 personnes,Ayent - Valais
09/07/2024,07/09/2024,14/09/2024,660.18,H8N4PWV,40 m² Appartement ∙ 1 chambre ∙ 2 personnes,Ayent - Valais
09/07/2024,14/09/2024,21/09/2024,660.18,H8N4PWV,40 m² Appartement ∙ 1 chambre ∙ 2 personnes,Ayent - Valais
09/07/2024,21/09/2024,28/09/2024,660.18,H8N4PWV,40 m² Appartement ∙ 1 chambre ∙ 2 personnes,Ayent - Valais
09/07/2024,28/09/2024,05/10/2024,660.18,H8N4PWV,40 m² Appartement ∙ 1 chambre ∙ 2 personnes,Ayent - Valais
09/07/2024,05/10/2024,12/10/2024,660.18,H8N4PWV,40 m² Appartement ∙ 1 chambre ∙ 2 personnes,Ayent - Valais
09/07/2024,12/10/2024,19/10/2024,660.18,H8N4PWV,40 m² Appartement ∙ 1 chambre ∙ 2 personnes,Ayent - Valais
09/07/2024,19/10/2024,26/10/2024,660.18,H8N4PWV,40 m² Appartement ∙ 1 chambre ∙ 2 personnes,Ayent - Valais
09/07/2024,26/10/2024,02/11/2024,546.89,H8N4PWV,40 m² Appartement ∙ 1 chambre ∙ 2 personnes,Ayent - Valais
09/07/2024,17/08/2024,24/08/2024,904.07,HD20CEV,100 m² Appartement ∙ 3 chambres ∙ 6 personnes,Bellwald - Valais
09/07/2024,31/08/2024,07/09/2024,904.07,HD20CEV,100 m² Appartement ∙ 3 chambres ∙ 6 personnes,Bellwald - Valais
09/07/2024,07/09/2024,14/09/2024,904.07,HD20CEV,100 m² Appartement ∙ 3 chambres ∙ 6 personnes,Bellwald - Valais
09/07/2024,14/09/2024,21/09/2024,904.07,HD20CEV,100 m² Appartement ∙ 3 chambres ∙ 6 personnes,Bellwald - Valais
09/07/2024,21/09/2024,28/09/2024,904.07,HD20CEV,100 m² Appartement ∙ 3 chambres ∙ 6 personnes,Bellwald - Valais
09/07/2024,19/10/2024,26/10/2024,904.07,HD20CEV,100 m² Appartement ∙ 3 chambres ∙ 6 personnes,Bellwald - Valais
09/07/2024,26/10/2024,02/11/2024,904.07,HD20CEV,100 m² Appartement ∙ 3 chambres ∙ 6 personnes,Bellwald - Valais
09/07/2024,13/07/2024,20/07/2024,1669.51,HKX8DEM,150 m² Maison de vacances ∙ 4 chambres ∙ 8 personnes,Ovronnaz - Leytron - Valais
09/07/2024,03/08/2024,10/08/2024,2201.99,HKX8DEM,150 m² Maison de vacances ∙ 4 chambres ∙ 8 personnes,Ovronnaz - Leytron - Valais
09/07/2024,10/08/2024,17/08/2024,2201.99,HKX8DEM,150 m² Maison de vacances ∙ 4 chambres ∙ 8 personnes,Ovronnaz - Leytron - Valais
09/07/2024,17/08/2024,24/08/2024,1504.73,HKX8DEM,150 m² Maison de vacances ∙ 4 chambres ∙ 8 personnes,Ovronnaz - Leytron - Valais
09/07/2024,24/08/2024,31/08/2024,1504.73,HKX8DEM,150 m² Maison de vacances ∙ 4 chambres ∙ 8 personnes,Ovronnaz - Leytron - Valais
09/07/2024,31/08/2024,07/09/2024,1504.73,HKX8DEM,150 m² Maison de vacances ∙ 4 chambres ∙ 8 personnes,Ovronnaz - Leytron - Valais
09/07/2024,07/09/2024,14/09/2024,1504.73,HKX8DEM,150 m² Maison de vacances ∙ 4 chambres ∙ 8 personnes,Ovronnaz - Leytron - Valais
09/07/2024,14/09/2024,21/09/2024,1504.73,HKX8DEM,150 m² Maison de vacances ∙ 4 chambres ∙ 8 personnes,Ovronnaz - Leytron - Valais
09/07/2024,21/09/2024,28/09/2024,1504.73,HKX8DEM,150 m² Maison de vacances ∙ 4 chambres ∙ 8 personnes,Ovronnaz - Leytron - Valais
09/07/2024,28/09/2024,05/10/2024,1504.73,HKX8DEM,150 m² Maison de vacances ∙ 4 chambres ∙ 8 personnes,Ovronnaz - Leytron - Valais
09/07/2024,05/10/2024,12/10/2024,1504.73,HKX8DEM,150 m² Maison de vacances ∙ 4 chambres ∙ 8 personnes,Ovronnaz - Leytron - Valais
09/07/2024,12/10/2024,19/10/2024,1504.73,HKX8DEM,150 m² Maison de vacances ∙ 4 chambres ∙ 8 personnes,Ovronnaz - Leytron - Valais
09/07/2024,19/10/2024,26/10/2024,1504.73,HKX8DEM,150 m² Maison de vacances ∙ 4 chambres ∙ 8 personnes,Ovronnaz - Leytron - Valais
09/07/2024,26/10/2024,02/11/2024,1504.73,HKX8DEM,150 m² Maison de vacances ∙ 4 chambres ∙ 8 personnes,Ovronnaz - Leytron - Valais
09/07/2024,10/08/2024,17/08/2024,925.70,HP7T1KL,60 m² Appartement ∙ 1 chambre ∙ 4 personnes,Saas Grund - Valais
09/07/2024,07/09/2024,14/09/2024,848.56,HP7T1KL,60 m² Appartement ∙ 1 chambre ∙ 4 personnes,Saas Grund - Valais
09/07/2024,14/09/2024,21/09/2024,848.56,HP7T1KL,60 m² Appartement ∙ 1 chambre ∙ 4 personnes,Saas Grund - Valais
09/07/2024,21/09/2024,28/09/2024,848.56,HP7T1KL,60 m² Appartement ∙ 1 chambre ∙ 4 personnes,Saas Grund - Valais
09/07/2024,28/09/2024,05/10/2024,848.56,HP7T1KL,60 m² Appartement ∙ 1 chambre ∙ 4 personnes,Saas Grund - Valais
09/07/2024,05/10/2024,12/10/2024,848.56,HP7T1KL,60 m² Appartement ∙ 1 chambre ∙ 4 personnes,Saas Grund - Valais
09/07/2024,12/10/2024,19/10/2024,848.56,HP7T1KL,60 m² Appartement ∙ 1 chambre ∙ 4 personnes,Saas Grund - Valais
09/07/2024,17/08/2024,24/08/2024,865.14,H1YFGHS,Appartement ∙ 4 chambres ∙ 10 personnes,Grächen - Valais
09/07/2024,13/07/2024,20/07/2024,948.85,H635P8C,35 m² Appartement ∙ 1 chambre ∙ 2 personnes,Saas Fee - Valais
09/07/2024,20/07/2024,27/07/2024,948.85,H635P8C,35 m² Appartement ∙ 1 chambre ∙ 2 personnes,Saas Fee - Valais
09/07/2024,27/07/2024,03/08/2024,949.00,H635P8C,35 m² Appartement ∙ 1 chambre ∙ 2 personnes,Saas Fee - Valais
09/07/2024,03/08/2024,10/08/2024,949.00,H635P8C,35 m² Appartement ∙ 1 chambre ∙ 2 personnes,Saas Fee - Valais
09/07/2024,10/08/2024,17/08/2024,948.85,H635P8C,35 m² Appartement ∙ 1 chambre ∙ 2 personnes,Saas Fee - Valais
09/07/2024,31/08/2024,07/09/2024,949.00,H635P8C,35 m² Appartement ∙ 1 chambre ∙ 2 personnes,Saas Fee - Valais
09/07/2024,07/09/2024,14/09/2024,948.85,H635P8C,35 m² Appartement ∙ 1 chambre ∙ 2 personnes,Saas Fee - Valais
09/07/2024,14/09/2024,21/09/2024,948.85,H635P8C,35 m² Appartement ∙ 1 chambre ∙ 2 personnes,Saas Fee - Valais
09/07/2024,21/09/2024,28/09/2024,949.00,H635P8C,35 m² Appartement ∙ 1 chambre ∙ 2 personnes,Saas Fee - Valais
09/07/2024,28/09/2024,05/10/2024,948.85,H635P8C,35 m² Appartement ∙ 1 chambre ∙ 2 personnes,Saas Fee - Valais
09/07/2024,05/10/2024,12/10/2024,949.00,H635P8C,35 m² Appartement ∙ 1 chambre ∙ 2 personnes,Saas Fee - Valais
09/07/2024,12/10/2024,19/10/2024,949.00,H635P8C,35 m² Appartement ∙ 1 chambre ∙ 2 personnes,Saas Fee - Valais
09/07/2024,19/10/2024,26/10/2024,771.42,H635P8C,35 m² Appartement ∙ 1 chambre ∙ 2 personnes,Saas Fee - Valais
09/07/2024,07/09/2024,14/09/2024,1426.86,HF87G2D,65 m² Appartement ∙ 2 chambres ∙ 4 personnes,Saas Fee - Valais
09/07/2024,17/08/2024,24/08/2024,531.44,HWGBNSJ,27 m² Appartement ∙ 1 chambre ∙ 2 personnes,Grächen - Valais
09/07/2024,14/09/2024,21/09/2024,531.53,HWGBNSJ,27 m² Appartement ∙ 1 chambre ∙ 2 personnes,Grächen - Valais
09/07/2024,21/09/2024,28/09/2024,479.00,HWGBNSJ,27 m² Appartement ∙ 1 chambre ∙ 2 personnes,Grächen - Valais
09/07/2024,28/09/2024,05/10/2024,479.00,HWGBNSJ,27 m² Appartement ∙ 1 chambre ∙ 2 personnes,Grächen - Valais
09/07/2024,05/10/2024,12/10/2024,479.00,HWGBNSJ,27 m² Appartement ∙ 1 chambre ∙ 2 personnes,Grächen - Valais
09/07/2024,12/10/2024,19/10/2024,478.92,HWGBNSJ,27 m² Appartement ∙ 1 chambre ∙ 2 personnes,Grächen - Valais
09/07/2024,19/10/2024,26/10/2024,479.00,HWGBNSJ,27 m² Appartement ∙ 1 chambre ∙ 2 personnes,Grächen - Valais
09/07/2024,26/10/2024,02/11/2024,478.92,HWGBNSJ,27 m² Appartement ∙ 1 chambre ∙ 2 personnes,Grächen - Valais
09/07/2024,20/07/2024,27/07/2024,1257.51,HHC6TXJ,52 m² Appartement ∙ 1 chambre ∙ 3 personnes,Saas Fee - Valais
09/07/2024,21/09/2024,28/09/2024,1257.51,HHC6TXJ,52 m² Appartement ∙ 1 chambre ∙ 3 personnes,Saas Fee - Valais
09/07/2024,28/09/2024,05/10/2024,1257.72,HHC6TXJ,52 m² Appartement ∙ 1 chambre ∙ 3 personnes,Saas Fee - Valais
09/07/2024,26/10/2024,02/11/2024,1257.72,HHC6TXJ,52 m² Appartement ∙ 1 chambre ∙ 3 personnes,Saas Fee - Valais
09/07/2024,20/07/2024,27/07/2024,748.88,HPWKNA9,34 m² Appartement ∙ 1 chambre ∙ 2 personnes,Crans-Montana - Valais
09/07/2024,27/07/2024,03/08/2024,748.88,HPWKNA9,34 m² Appartement ∙ 1 chambre ∙ 2 personnes,Crans-Montana - Valais
09/07/2024,03/08/2024,10/08/2024,748.88,HPWKNA9,34 m² Appartement ∙ 1 chambre ∙ 2 personnes,Crans-Montana - Valais
09/07/2024,31/08/2024,07/09/2024,703.56,HPWKNA9,34 m² Appartement ∙ 1 chambre ∙ 2 personnes,Crans-Montana - Valais
09/07/2024,21/09/2024,28/09/2024,651.02,HPWKNA9,34 m² Appartement ∙ 1 chambre ∙ 2 personnes,Crans-Montana - Valais
09/07/2024,28/09/2024,05/10/2024,651.02,HPWKNA9,34 m² Appartement ∙ 1 chambre ∙ 2 personnes,Crans-Montana - Valais
09/07/2024,05/10/2024,12/10/2024,651.02,HPWKNA9,34 m² Appartement ∙ 1 chambre ∙ 2 personnes,Crans-Montana - Valais
09/07/2024,12/10/2024,19/10/2024,651.02,HPWKNA9,34 m² Appartement ∙ 1 chambre ∙ 2 personnes,Crans-Montana - Valais
09/07/2024,19/10/2024,26/10/2024,651.02,HPWKNA9,34 m² Appartement ∙ 1 chambre ∙ 2 personnes,Crans-Montana - Valais
09/07/2024,26/10/2024,02/11/2024,651.02,HPWKNA9,34 m² Appartement ∙ 1 chambre ∙ 2 personnes,Crans-Montana - Valais
09/07/2024,17/08/2024,24/08/2024,5974.01,HXT0H3J,250 m² Maison de vacances ∙ 6 chambres ∙ 14 personnes,Arbaz - Valais
09/07/2024,24/08/2024,31/08/2024,5877.18,HXT0H3J,250 m² Maison de vacances ∙ 6 chambres ∙ 14 personnes,Arbaz - Valais
09/07/2024,31/08/2024,07/09/2024,6493.83,HXT0H3J,250 m² Maison de vacances ∙ 6 chambres ∙ 14 personnes,Arbaz - Valais
09/07/2024,05/10/2024,12/10/2024,3029.17,HXT0H3J,250 m² Maison de vacances ∙ 6 chambres ∙ 14 personnes,Arbaz - Valais
09/07/2024,20/07/2024,27/07/2024,1098.08,HL5612T,85 m² Appartement ∙ 3 chambres ∙ 5 personnes,Grächen - Valais
09/07/2024,21/09/2024,28/09/2024,873.52,HL5612T,85 m² Appartement ∙ 3 chambres ∙ 5 personnes,Grächen - Valais
09/07/2024,28/09/2024,05/10/2024,873.52,HL5612T,85 m² Appartement ∙ 3 chambres ∙ 5 personnes,Grächen - Valais
09/07/2024,05/10/2024,12/10/2024,873.52,HL5612T,85 m² Appartement ∙ 3 chambres ∙ 5 personnes,Grächen - Valais
09/07/2024,12/10/2024,19/10/2024,873.52,HL5612T,85 m² Appartement ∙ 3 chambres ∙ 5 personnes,Grächen - Valais
09/07/2024,19/10/2024,26/10/2024,873.52,HL5612T,85 m² Appartement ∙ 3 chambres ∙ 5 personnes,Grächen - Valais
09/07/2024,26/10/2024,02/11/2024,873.52,HL5612T,85 m² Appartement ∙ 3 chambres ∙ 5 personnes,Grächen - Valais
09/07/2024,14/09/2024,21/09/2024,771.55,H4DAL9C,40 m² Appartement ∙ 1 chambre ∙ 2 personnes,Saas Fee - Valais
09/07/2024,21/09/2024,28/09/2024,771.55,H4DAL9C,40 m² Appartement ∙ 1 chambre ∙ 2 personnes,Saas Fee - Valais
09/07/2024,28/09/2024,05/10/2024,771.55,H4DAL9C,40 m² Appartement ∙ 1 chambre ∙ 2 personnes,Saas Fee - Valais
09/07/2024,05/10/2024,12/10/2024,771.55,H4DAL9C,40 m² Appartement ∙ 1 chambre ∙ 2 personnes,Saas Fee - Valais
09/07/2024,12/10/2024,19/10/2024,771.55,H4DAL9C,40 m² Appartement ∙ 1 chambre ∙ 2 personnes,Saas Fee - Valais
09/07/2024,19/10/2024,26/10/2024,606.22,H4DAL9C,40 m² Appartement ∙ 1 chambre ∙ 2 personnes,Saas Fee - Valais
09/07/2024,26/10/2024,02/11/2024,540.08,H4DAL9C,40 m² Appartement ∙ 1 chambre ∙ 2 personnes,Saas Fee - Valais
09/07/2024,13/07/2024,20/07/2024,1062.03,H2P90ZH,40 m² Appartement ∙ 1 chambre ∙ 2 personnes,Verbier - Bagnes - Valais
09/07/2024,07/09/2024,14/09/2024,853.95,H2P90ZH,40 m² Appartement ∙ 1 chambre ∙ 2 personnes,Verbier - Bagnes - Valais
09/07/2024,14/09/2024,21/09/2024,853.95,H2P90ZH,40 m² Appartement ∙ 1 chambre ∙ 2 personnes,Verbier - Bagnes - Valais
09/07/2024,21/09/2024,28/09/2024,853.95,H2P90ZH,40 m² Appartement ∙ 1 chambre ∙ 2 personnes,Verbier - Bagnes - Valais
09/07/2024,28/09/2024,05/10/2024,853.95,H2P90ZH,40 m² Appartement ∙ 1 chambre ∙ 2 personnes,Verbier - Bagnes - Valais
09/07/2024,05/10/2024,12/10/2024,853.95,H2P90ZH,40 m² Appartement ∙ 1 chambre ∙ 2 personnes,Verbier - Bagnes - Valais
09/07/2024,21/09/2024,28/09/2024,1084.69,HS6YK7Z,80 m² Appartement ∙ 2 chambres ∙ 4 personnes,Crans-Montana - Valais
09/07/2024,28/09/2024,05/10/2024,1084.69,HS6YK7Z,80 m² Appartement ∙ 2 chambres ∙ 4 personnes,Crans-Montana - Valais
09/07/2024,05/10/2024,12/10/2024,1084.69,HS6YK7Z,80 m² Appartement ∙ 2 chambres ∙ 4 personnes,Crans-Montana - Valais
09/07/2024,12/10/2024,19/10/2024,1084.69,HS6YK7Z,80 m² Appartement ∙ 2 chambres ∙ 4 personnes,Crans-Montana - Valais
09/07/2024,19/10/2024,26/10/2024,1084.69,HS6YK7Z,80 m² Appartement ∙ 2 chambres ∙ 4 personnes,Crans-Montana - Valais
09/07/2024,26/10/2024,02/11/2024,1084.69,HS6YK7Z,80 m² Appartement ∙ 2 chambres ∙ 4 personnes,Crans-Montana - Valais
09/07/2024,13/07/2024,20/07/2024,504.75,HXVW94F,Appartement ∙ 1 chambre ∙ 4 personnes,Grächen - Valais
09/07/2024,21/09/2024,28/09/2024,1026.15,HSRPB4M,80 m² Appartement ∙ 2 chambres ∙ 4 personnes,Saas-Almagell - Valais
09/07/2024,05/10/2024,12/10/2024,1026.15,HSRPB4M,80 m² Appartement ∙ 2 chambres ∙ 4 personnes,Saas-Almagell - Valais
09/07/2024,12/10/2024,19/10/2024,956.71,HSRPB4M,80 m² Appartement ∙ 2 chambres ∙ 4 personnes,Saas-Almagell - Valais
09/07/2024,19/10/2024,26/10/2024,956.71,HSRPB4M,80 m² Appartement ∙ 2 chambres ∙ 4 personnes,Saas-Almagell - Valais
09/07/2024,26/10/2024,02/11/2024,956.71,HSRPB4M,80 m² Appartement ∙ 2 chambres ∙ 4 personnes,Saas-Almagell - Valais
09/07/2024,27/07/2024,03/08/2024,2007.66,HDP9ZU5,75 m² Appartement ∙ 2 chambres ∙ 4 personnes,Zermatt - Valais
09/07/2024,10/08/2024,17/08/2024,2007.66,HDP9ZU5,75 m² Appartement ∙ 2 chambres ∙ 4 personnes,Zermatt - Valais
09/07/2024,17/08/2024,24/08/2024,2651.48,HDP9ZU5,75 m² Appartement ∙ 2 chambres ∙ 4 personnes,Zermatt - Valais
09/07/2024,31/08/2024,07/09/2024,2651.48,HDP9ZU5,75 m² Appartement ∙ 2 chambres ∙ 4 personnes,Zermatt - Valais
09/07/2024,07/09/2024,14/09/2024,2651.48,HDP9ZU5,75 m² Appartement ∙ 2 chambres ∙ 4 personnes,Zermatt - Valais
09/07/2024,14/09/2024,21/09/2024,2651.48,HDP9ZU5,75 m² Appartement ∙ 2 chambres ∙ 4 personnes,Zermatt - Valais
09/07/2024,28/09/2024,05/10/2024,2651.48,HDP9ZU5,75 m² Appartement ∙ 2 chambres ∙ 4 personnes,Zermatt - Valais
09/07/2024,05/10/2024,12/10/2024,2651.48,HDP9ZU5,75 m² Appartement ∙ 2 chambres ∙ 4 personnes,Zermatt - Valais
09/07/2024,12/10/2024,19/10/2024,2651.48,HDP9ZU5,75 m² Appartement ∙ 2 chambres ∙ 4 personnes,Zermatt - Valais
09/07/2024,19/10/2024,26/10/2024,2651.48,HDP9ZU5,75 m² Appartement ∙ 2 chambres ∙ 4 personnes,Zermatt - Valais
09/07/2024,17/08/2024,24/08/2024,793.17,H7F8NK6,Appartement ∙ 2 chambres ∙ 4 personnes,Grächen - Valais
09/07/2024,24/08/2024,31/08/2024,793.17,H7F8NK6,Appartement ∙ 2 chambres ∙ 4 personnes,Grächen - Valais
09/07/2024,31/08/2024,07/09/2024,793.17,H7F8NK6,Appartement ∙ 2 chambres ∙ 4 personnes,Grächen - Valais
09/07/2024,07/09/2024,14/09/2024,793.17,H7F8NK6,Appartement ∙ 2 chambres ∙ 4 personnes,Grächen - Valais
09/07/2024,14/09/2024,21/09/2024,793.17,H7F8NK6,Appartement ∙ 2 chambres ∙ 4 personnes,Grächen - Valais
09/07/2024,21/09/2024,28/09/2024,793.17,H7F8NK6,Appartement ∙ 2 chambres ∙ 4 personnes,Grächen - Valais
09/07/2024,28/09/2024,05/10/2024,865.28,H7F8NK6,Appartement ∙ 2 chambres ∙ 4 personnes,Grächen - Valais
09/07/2024,05/10/2024,12/10/2024,865.28,H7F8NK6,Appartement ∙ 2 chambres ∙ 4 personnes,Grächen - Valais
09/07/2024,12/10/2024,19/10/2024,865.28,H7F8NK6,Appartement ∙ 2 chambres ∙ 4 personnes,Grächen - Valais
09/07/2024,19/10/2024,26/10/2024,793.17,H7F8NK6,Appartement ∙ 2 chambres ∙ 4 personnes,Grächen - Valais
09/07/2024,26/10/2024,02/11/2024,793.17,H7F8NK6,Appartement ∙ 2 chambres ∙ 4 personnes,Grächen - Valais
09/07/2024,05/10/2024,12/10/2024,600.55,HD6KYFP,60 m² Appartement ∙ 1 chambre ∙ 2 personnes,Crans-Montana - Valais
09/07/2024,12/10/2024,19/10/2024,600.55,HD6KYFP,60 m² Appartement ∙ 1 chambre ∙ 2 personnes,Crans-Montana - Valais
09/07/2024,19/10/2024,26/10/2024,600.55,HD6KYFP,60 m² Appartement ∙ 1 chambre ∙ 2 personnes,Crans-Montana - Valais
09/07/2024,26/10/2024,02/11/2024,600.55,HD6KYFP,60 m² Appartement ∙ 1 chambre ∙ 2 personnes,Crans-Montana - Valais
09/07/2024,28/09/2024,05/10/2024,1080.16,HBWN764,55 m² Appartement ∙ 1 chambre ∙ 4 personnes,Saas Fee - Valais
09/07/2024,05/10/2024,12/10/2024,1080.16,HBWN764,55 m² Appartement ∙ 1 chambre ∙ 4 personnes,Saas Fee - Valais
09/07/2024,19/10/2024,26/10/2024,942.38,HBWN764,55 m² Appartement ∙ 1 chambre ∙ 4 personnes,Saas Fee - Valais
09/07/2024,26/10/2024,02/11/2024,887.27,HBWN764,55 m² Appartement ∙ 1 chambre ∙ 4 personnes,Saas Fee - Valais
09/07/2024,13/07/2024,20/07/2024,1954.09,HHYWMNG,110 m² Maison de vacances ∙ 3 chambres ∙ 6 personnes,Chamoson - Valais
09/07/2024,20/07/2024,27/07/2024,1954.09,HHYWMNG,110 m² Maison de vacances ∙ 3 chambres ∙ 6 personnes,Chamoson - Valais
09/07/2024,17/08/2024,24/08/2024,1474.07,HHYWMNG,110 m² Maison de vacances ∙ 3 chambres ∙ 6 personnes,Chamoson - Valais
09/07/2024,24/08/2024,31/08/2024,1474.07,HHYWMNG,110 m² Maison de vacances ∙ 3 chambres ∙ 6 personnes,Chamoson - Valais
09/07/2024,31/08/2024,07/09/2024,1474.07,HHYWMNG,110 m² Maison de vacances ∙ 3 chambres ∙ 6 personnes,Chamoson - Valais
09/07/2024,07/09/2024,14/09/2024,1474.07,HHYWMNG,110 m² Maison de vacances ∙ 3 chambres ∙ 6 personnes,Chamoson - Valais
09/07/2024,14/09/2024,21/09/2024,1474.07,HHYWMNG,110 m² Maison de vacances ∙ 3 chambres ∙ 6 personnes,Chamoson - Valais
09/07/2024,05/10/2024,12/10/2024,1474.07,HHYWMNG,110 m² Maison de vacances ∙ 3 chambres ∙ 6 personnes,Chamoson - Valais
09/07/2024,12/10/2024,19/10/2024,1474.07,HHYWMNG,110 m² Maison de vacances ∙ 3 chambres ∙ 6 personnes,Chamoson - Valais
09/07/2024,19/10/2024,26/10/2024,1474.07,HHYWMNG,110 m² Maison de vacances ∙ 3 chambres ∙ 6 personnes,Chamoson - Valais
09/07/2024,26/10/2024,02/11/2024,1474.07,HHYWMNG,110 m² Maison de vacances ∙ 3 chambres ∙ 6 personnes,Chamoson - Valais
09/07/2024,13/07/2024,20/07/2024,1581.66,HCRD42S,60 m² Appartement ∙ 3 chambres ∙ 5 personnes,Saas Fee - Valais
09/07/2024,03/08/2024,10/08/2024,1581.66,HCRD42S,60 m² Appartement ∙ 3 chambres ∙ 5 personnes,Saas Fee - Valais
09/07/2024,10/08/2024,17/08/2024,1581.66,HCRD42S,60 m² Appartement ∙ 3 chambres ∙ 5 personnes,Saas Fee - Valais
09/07/2024,07/09/2024,14/09/2024,1003.01,HCRD42S,60 m² Appartement ∙ 3 chambres ∙ 5 personnes,Saas Fee - Valais
09/07/2024,14/09/2024,21/09/2024,1003.01,HCRD42S,60 m² Appartement ∙ 3 chambres ∙ 5 personnes,Saas Fee - Valais
09/07/2024,21/09/2024,28/09/2024,1003.01,HCRD42S,60 m² Appartement ∙ 3 chambres ∙ 5 personnes,Saas Fee - Valais
09/07/2024,28/09/2024,05/10/2024,1003.01,HCRD42S,60 m² Appartement ∙ 3 chambres ∙ 5 personnes,Saas Fee - Valais
09/07/2024,05/10/2024,12/10/2024,1003.01,HCRD42S,60 m² Appartement ∙ 3 chambres ∙ 5 personnes,Saas Fee - Valais
09/07/2024,12/10/2024,19/10/2024,1003.01,HCRD42S,60 m² Appartement ∙ 3 chambres ∙ 5 personnes,Saas Fee - Valais
09/07/2024,19/10/2024,26/10/2024,1003.01,HCRD42S,60 m² Appartement ∙ 3 chambres ∙ 5 personnes,Saas Fee - Valais
09/07/2024,26/10/2024,02/11/2024,991.99,HCRD42S,60 m² Appartement ∙ 3 chambres ∙ 5 personnes,Saas Fee - Valais
09/07/2024,10/08/2024,17/08/2024,2787.44,HA2EDZG,180 m² Maison de vacances ∙ 4 chambres ∙ 10 personnes,Ovronnaz - Leytron - Valais
09/07/2024,31/08/2024,07/09/2024,2014.87,HA2EDZG,180 m² Maison de vacances ∙ 4 chambres ∙ 10 personnes,Ovronnaz - Leytron - Valais
09/07/2024,07/09/2024,14/09/2024,2014.87,HA2EDZG,180 m² Maison de vacances ∙ 4 chambres ∙ 10 personnes,Ovronnaz - Leytron - Valais
09/07/2024,14/09/2024,21/09/2024,2014.87,HA2EDZG,180 m² Maison de vacances ∙ 4 chambres ∙ 10 personnes,Ovronnaz - Leytron - Valais
09/07/2024,21/09/2024,28/09/2024,2014.87,HA2EDZG,180 m² Maison de vacances ∙ 4 chambres ∙ 10 personnes,Ovronnaz - Leytron - Valais
09/07/2024,28/09/2024,05/10/2024,2014.87,HA2EDZG,180 m² Maison de vacances ∙ 4 chambres ∙ 10 personnes,Ovronnaz - Leytron - Valais
09/07/2024,05/10/2024,12/10/2024,2014.87,HA2EDZG,180 m² Maison de vacances ∙ 4 chambres ∙ 10 personnes,Ovronnaz - Leytron - Valais
09/07/2024,12/10/2024,19/10/2024,2014.87,HA2EDZG,180 m² Maison de vacances ∙ 4 chambres ∙ 10 personnes,Ovronnaz - Leytron - Valais
09/07/2024,19/10/2024,26/10/2024,2014.87,HA2EDZG,180 m² Maison de vacances ∙ 4 chambres ∙ 10 personnes,Ovronnaz - Leytron - Valais
09/07/2024,26/10/2024,02/11/2024,2014.87,HA2EDZG,180 m² Maison de vacances ∙ 4 chambres ∙ 10 personnes,Ovronnaz - Leytron - Valais
09/07/2024,13/07/2024,20/07/2024,1450.38,H498132,78 m² Appartement ∙ 3 chambres ∙ 6 personnes,Grächen - Valais
09/07/2024,14/09/2024,21/09/2024,1187.70,H498132,78 m² Appartement ∙ 3 chambres ∙ 6 personnes,Grächen - Valais
09/07/2024,21/09/2024,28/09/2024,1187.70,H498132,78 m² Appartement ∙ 3 chambres ∙ 6 personnes,Grächen - Valais
09/07/2024,28/09/2024,05/10/2024,1413.29,H498132,78 m² Appartement ∙ 3 chambres ∙ 6 personnes,Grächen - Valais
09/07/2024,05/10/2024,12/10/2024,1413.29,H498132,78 m² Appartement ∙ 3 chambres ∙ 6 personnes,Grächen - Valais
09/07/2024,12/10/2024,19/10/2024,1187.70,H498132,78 m² Appartement ∙ 3 chambres ∙ 6 personnes,Grächen - Valais
09/07/2024,19/10/2024,26/10/2024,1187.70,H498132,78 m² Appartement ∙ 3 chambres ∙ 6 personnes,Grächen - Valais
09/07/2024,26/10/2024,02/11/2024,1187.70,H498132,78 m² Appartement ∙ 3 chambres ∙ 6 personnes,Grächen - Valais
09/07/2024,13/07/2024,20/07/2024,1009.50,HBNF8JH,Appartement ∙ 3 chambres ∙ 7 personnes,Grächen - Valais
09/07/2024,03/08/2024,10/08/2024,1009.50,HBNF8JH,Appartement ∙ 3 chambres ∙ 7 personnes,Grächen - Valais
09/07/2024,14/09/2024,21/09/2024,937.39,HBNF8JH,Appartement ∙ 3 chambres ∙ 7 personnes,Grächen - Valais
09/07/2024,21/09/2024,28/09/2024,990.80,HBNF8JH,Appartement ∙ 3 chambres ∙ 7 personnes,Grächen - Valais
09/07/2024,28/09/2024,05/10/2024,1009.50,HBNF8JH,Appartement ∙ 3 chambres ∙ 7 personnes,Grächen - Valais
09/07/2024,05/10/2024,12/10/2024,1009.50,HBNF8JH,Appartement ∙ 3 chambres ∙ 7 personnes,Grächen - Valais
09/07/2024,12/10/2024,19/10/2024,1009.50,HBNF8JH,Appartement ∙ 3 chambres ∙ 7 personnes,Grächen - Valais
09/07/2024,19/10/2024,26/10/2024,1009.50,HBNF8JH,Appartement ∙ 3 chambres ∙ 7 personnes,Grächen - Valais
09/07/2024,26/10/2024,02/11/2024,1009.50,HBNF8JH,Appartement ∙ 3 chambres ∙ 7 personnes,Grächen - Valais
09/07/2024,03/08/2024,10/08/2024,1925.38,H59D6MT,120 m² Maison de vacances ∙ 4 chambres ∙ 8 personnes,Fiesch - Valais
09/07/2024,10/08/2024,17/08/2024,1925.38,H59D6MT,120 m² Maison de vacances ∙ 4 chambres ∙ 8 personnes,Fiesch - Valais
09/07/2024,17/08/2024,24/08/2024,1527.62,H59D6MT,120 m² Maison de vacances ∙ 4 chambres ∙ 8 personnes,Fiesch - Valais
09/07/2024,07/09/2024,14/09/2024,1527.62,H59D6MT,120 m² Maison de vacances ∙ 4 chambres ∙ 8 personnes,Fiesch - Valais
09/07/2024,14/09/2024,21/09/2024,1527.62,H59D6MT,120 m² Maison de vacances ∙ 4 chambres ∙ 8 personnes,Fiesch - Valais
09/07/2024,21/09/2024,28/09/2024,1527.62,H59D6MT,120 m² Maison de vacances ∙ 4 chambres ∙ 8 personnes,Fiesch - Valais
09/07/2024,28/09/2024,05/10/2024,1527.62,H59D6MT,120 m² Maison de vacances ∙ 4 chambres ∙ 8 personnes,Fiesch - Valais
09/07/2024,05/10/2024,12/10/2024,1527.62,H59D6MT,120 m² Maison de vacances ∙ 4 chambres ∙ 8 personnes,Fiesch - Valais
09/07/2024,12/10/2024,19/10/2024,1527.62,H59D6MT,120 m² Maison de vacances ∙ 4 chambres ∙ 8 personnes,Fiesch - Valais
09/07/2024,19/10/2024,26/10/2024,1527.62,H59D6MT,120 m² Maison de vacances ∙ 4 chambres ∙ 8 personnes,Fiesch - Valais
09/07/2024,26/10/2024,02/11/2024,1527.62,H59D6MT,120 m² Maison de vacances ∙ 4 chambres ∙ 8 personnes,Fiesch - Valais
09/07/2024,13/07/2024,20/07/2024,2909.36,H6VFUY7,Appartement ∙ 4 chambres ∙ 8 personnes,Saas Fee - Valais
09/07/2024,20/07/2024,27/07/2024,2909.36,H6VFUY7,Appartement ∙ 4 chambres ∙ 8 personnes,Saas Fee - Valais
09/07/2024,27/07/2024,03/08/2024,2909.36,H6VFUY7,Appartement ∙ 4 chambres ∙ 8 personnes,Saas Fee - Valais
09/07/2024,03/08/2024,10/08/2024,2909.36,H6VFUY7,Appartement ∙ 4 chambres ∙ 8 personnes,Saas Fee - Valais
09/07/2024,24/08/2024,31/08/2024,2569.84,H6VFUY7,Appartement ∙ 4 chambres ∙ 8 personnes,Saas Fee - Valais
09/07/2024,31/08/2024,07/09/2024,2569.84,H6VFUY7,Appartement ∙ 4 chambres ∙ 8 personnes,Saas Fee - Valais
09/07/2024,07/09/2024,14/09/2024,2175.20,H6VFUY7,Appartement ∙ 4 chambres ∙ 8 personnes,Saas Fee - Valais
09/07/2024,14/09/2024,21/09/2024,2175.20,H6VFUY7,Appartement ∙ 4 chambres ∙ 8 personnes,Saas Fee - Valais
09/07/2024,21/09/2024,28/09/2024,2114.58,H6VFUY7,Appartement ∙ 4 chambres ∙ 8 personnes,Saas Fee - Valais
09/07/2024,28/09/2024,05/10/2024,2114.58,H6VFUY7,Appartement ∙ 4 chambres ∙ 8 personnes,Saas Fee - Valais
09/07/2024,05/10/2024,12/10/2024,2114.58,H6VFUY7,Appartement ∙ 4 chambres ∙ 8 personnes,Saas Fee - Valais
09/07/2024,12/10/2024,19/10/2024,2114.58,H6VFUY7,Appartement ∙ 4 chambres ∙ 8 personnes,Saas Fee - Valais
09/07/2024,19/10/2024,26/10/2024,2114.58,H6VFUY7,Appartement ∙ 4 chambres ∙ 8 personnes,Saas Fee - Valais
09/07/2024,26/10/2024,02/11/2024,2114.58,H6VFUY7,Appartement ∙ 4 chambres ∙ 8 personnes,Saas Fee - Valais
09/07/2024,31/08/2024,07/09/2024,862.19,HXTPVU7,Aragon M88,Aragon M88Ernen - Valais
09/07/2024,28/09/2024,05/10/2024,862.19,HXTPVU7,Aragon M88,Aragon M88Ernen - Valais
09/07/2024,05/10/2024,12/10/2024,862.19,HXTPVU7,Aragon M88,Aragon M88Ernen - Valais
09/07/2024,12/10/2024,19/10/2024,862.19,HXTPVU7,Aragon M88,Aragon M88Ernen - Valais
09/07/2024,03/08/2024,10/08/2024,847.77,H6JK0UW,50 m² Appartement ∙ 1 chambre ∙ 4 personnes,Veysonnaz - Valais
09/07/2024,10/08/2024,17/08/2024,847.77,H6JK0UW,50 m² Appartement ∙ 1 chambre ∙ 4 personnes,Veysonnaz - Valais
09/07/2024,14/09/2024,21/09/2024,735.49,H7GCZNX,60 m² Appartement ∙ 1 chambre ∙ 4 personnes,Saas Grund - Valais
09/07/2024,21/09/2024,28/09/2024,749.91,H7GCZNX,60 m² Appartement ∙ 1 chambre ∙ 4 personnes,Saas Grund - Valais
09/07/2024,28/09/2024,05/10/2024,749.91,H7GCZNX,60 m² Appartement ∙ 1 chambre ∙ 4 personnes,Saas Grund - Valais
09/07/2024,05/10/2024,12/10/2024,749.91,H7GCZNX,60 m² Appartement ∙ 1 chambre ∙ 4 personnes,Saas Grund - Valais
09/07/2024,12/10/2024,19/10/2024,749.91,H7GCZNX,60 m² Appartement ∙ 1 chambre ∙ 4 personnes,Saas Grund - Valais
09/07/2024,19/10/2024,26/10/2024,749.91,H7GCZNX,60 m² Appartement ∙ 1 chambre ∙ 4 personnes,Saas Grund - Valais
09/07/2024,26/10/2024,02/11/2024,598.49,H7GCZNX,60 m² Appartement ∙ 1 chambre ∙ 4 personnes,Saas Grund - Valais
09/07/2024,10/08/2024,17/08/2024,995.08,HC098BV,70 m² Appartement ∙ 2 chambres ∙ 6 personnes,Loèche-les-Bains - Valais
09/07/2024,07/09/2024,14/09/2024,995.08,HC098BV,70 m² Appartement ∙ 2 chambres ∙ 6 personnes,Loèche-les-Bains - Valais
09/07/2024,21/09/2024,28/09/2024,995.08,HC098BV,70 m² Appartement ∙ 2 chambres ∙ 6 personnes,Loèche-les-Bains - Valais
09/07/2024,28/09/2024,05/10/2024,995.08,HC098BV,70 m² Appartement ∙ 2 chambres ∙ 6 personnes,Loèche-les-Bains - Valais
09/07/2024,05/10/2024,12/10/2024,995.08,HC098BV,70 m² Appartement ∙ 2 chambres ∙ 6 personnes,Loèche-les-Bains - Valais
09/07/2024,12/10/2024,19/10/2024,995.08,HC098BV,70 m² Appartement ∙ 2 chambres ∙ 6 personnes,Loèche-les-Bains - Valais
09/07/2024,19/10/2024,26/10/2024,995.08,HC098BV,70 m² Appartement ∙ 2 chambres ∙ 6 personnes,Loèche-les-Bains - Valais
09/07/2024,26/10/2024,02/11/2024,995.08,HC098BV,70 m² Appartement ∙ 2 chambres ∙ 6 personnes,Loèche-les-Bains - Valais
09/07/2024,13/07/2024,20/07/2024,629.38,HXDU69V,Appartement ∙ 1 chambre ∙ 4 personnes,Val-d'Illiez - Valais
09/07/2024,17/08/2024,24/08/2024,629.38,HXDU69V,Appartement ∙ 1 chambre ∙ 4 personnes,Val-d'Illiez - Valais
09/07/2024,24/08/2024,31/08/2024,629.38,HXDU69V,Appartement ∙ 1 chambre ∙ 4 personnes,Val-d'Illiez - Valais
09/07/2024,31/08/2024,07/09/2024,629.38,HXDU69V,Appartement ∙ 1 chambre ∙ 4 personnes,Val-d'Illiez - Valais
09/07/2024,07/09/2024,14/09/2024,629.38,HXDU69V,Appartement ∙ 1 chambre ∙ 4 personnes,Val-d'Illiez - Valais
09/07/2024,14/09/2024,21/09/2024,629.38,HXDU69V,Appartement ∙ 1 chambre ∙ 4 personnes,Val-d'Illiez - Valais
09/07/2024,21/09/2024,28/09/2024,629.38,HXDU69V,Appartement ∙ 1 chambre ∙ 4 personnes,Val-d'Illiez - Valais
09/07/2024,28/09/2024,05/10/2024,629.38,HXDU69V,Appartement ∙ 1 chambre ∙ 4 personnes,Val-d'Illiez - Valais
09/07/2024,05/10/2024,12/10/2024,629.38,HXDU69V,Appartement ∙ 1 chambre ∙ 4 personnes,Val-d'Illiez - Valais
09/07/2024,12/10/2024,19/10/2024,629.38,HXDU69V,Appartement ∙ 1 chambre ∙ 4 personnes,Val-d'Illiez - Valais
09/07/2024,19/10/2024,26/10/2024,629.38,HXDU69V,Appartement ∙ 1 chambre ∙ 4 personnes,Val-d'Illiez - Valais
09/07/2024,26/10/2024,02/11/2024,629.38,HXDU69V,Appartement ∙ 1 chambre ∙ 4 personnes,Val-d'Illiez - Valais
09/07/2024,13/07/2024,20/07/2024,1288.58,HJBYHR1,50 m² Appartement ∙ 1 chambre ∙ 4 personnes,Saas Fee - Valais
09/07/2024,03/08/2024,10/08/2024,1288.58,HJBYHR1,50 m² Appartement ∙ 1 chambre ∙ 4 personnes,Saas Fee - Valais
09/07/2024,07/09/2024,14/09/2024,1168.73,HJBYHR1,50 m² Appartement ∙ 1 chambre ∙ 4 personnes,Saas Fee - Valais
09/07/2024,14/09/2024,21/09/2024,1168.73,HJBYHR1,50 m² Appartement ∙ 1 chambre ∙ 4 personnes,Saas Fee - Valais
09/07/2024,21/09/2024,28/09/2024,1168.73,HJBYHR1,50 m² Appartement ∙ 1 chambre ∙ 4 personnes,Saas Fee - Valais
09/07/2024,28/09/2024,05/10/2024,1168.73,HJBYHR1,50 m² Appartement ∙ 1 chambre ∙ 4 personnes,Saas Fee - Valais
09/07/2024,05/10/2024,12/10/2024,1168.73,HJBYHR1,50 m² Appartement ∙ 1 chambre ∙ 4 personnes,Saas Fee - Valais
09/07/2024,12/10/2024,19/10/2024,1168.73,HJBYHR1,50 m² Appartement ∙ 1 chambre ∙ 4 personnes,Saas Fee - Valais
09/07/2024,19/10/2024,26/10/2024,1168.73,HJBYHR1,50 m² Appartement ∙ 1 chambre ∙ 4 personnes,Saas Fee - Valais
09/07/2024,26/10/2024,02/11/2024,1168.73,HJBYHR1,50 m² Appartement ∙ 1 chambre ∙ 4 personnes,Saas Fee - Valais
09/07/2024,13/07/2024,20/07/2024,648.96,HEAGVX5,45 m² Appartement ∙ 1 chambre ∙ 4 personnes,Loèche-les-Bains - Valais
09/07/2024,24/08/2024,31/08/2024,648.96,HEAGVX5,45 m² Appartement ∙ 1 chambre ∙ 4 personnes,Loèche-les-Bains - Valais
09/07/2024,31/08/2024,07/09/2024,648.96,HEAGVX5,45 m² Appartement ∙ 1 chambre ∙ 4 personnes,Loèche-les-Bains - Valais
09/07/2024,07/09/2024,14/09/2024,648.96,HEAGVX5,45 m² Appartement ∙ 1 chambre ∙ 4 personnes,Loèche-les-Bains - Valais
09/07/2024,14/09/2024,21/09/2024,648.96,HEAGVX5,45 m² Appartement ∙ 1 chambre ∙ 4 personnes,Loèche-les-Bains - Valais
09/07/2024,21/09/2024,28/09/2024,648.96,HEAGVX5,45 m² Appartement ∙ 1 chambre ∙ 4 personnes,Loèche-les-Bains - Valais
09/07/2024,28/09/2024,05/10/2024,648.96,HEAGVX5,45 m² Appartement ∙ 1 chambre ∙ 4 personnes,Loèche-les-Bains - Valais
09/07/2024,05/10/2024,12/10/2024,648.96,HEAGVX5,45 m² Appartement ∙ 1 chambre ∙ 4 personnes,Loèche-les-Bains - Valais
09/07/2024,12/10/2024,19/10/2024,648.96,HEAGVX5,45 m² Appartement ∙ 1 chambre ∙ 4 personnes,Loèche-les-Bains - Valais
09/07/2024,19/10/2024,26/10/2024,648.96,HEAGVX5,45 m² Appartement ∙ 1 chambre ∙ 4 personnes,Loèche-les-Bains - Valais
09/07/2024,26/10/2024,02/11/2024,605.70,HEAGVX5,45 m² Appartement ∙ 1 chambre ∙ 4 personnes,Loèche-les-Bains - Valais
09/07/2024,24/08/2024,31/08/2024,901.33,HWY7SLT,72 m² Appartement ∙ 2 chambres ∙ 4 personnes,Ried-Brig - Valais
09/07/2024,31/08/2024,07/09/2024,901.33,HWY7SLT,72 m² Appartement ∙ 2 chambres ∙ 4 personnes,Ried-Brig - Valais
09/07/2024,21/09/2024,28/09/2024,901.33,HWY7SLT,72 m² Appartement ∙ 2 chambres ∙ 4 personnes,Ried-Brig - Valais
09/07/2024,28/09/2024,05/10/2024,901.33,HWY7SLT,72 m² Appartement ∙ 2 chambres ∙ 4 personnes,Ried-Brig - Valais
09/07/2024,12/10/2024,19/10/2024,901.33,HWY7SLT,72 m² Appartement ∙ 2 chambres ∙ 4 personnes,Ried-Brig - Valais
09/07/2024,19/10/2024,26/10/2024,901.33,HWY7SLT,72 m² Appartement ∙ 2 chambres ∙ 4 personnes,Ried-Brig - Valais
09/07/2024,26/10/2024,02/11/2024,901.33,HWY7SLT,72 m² Appartement ∙ 2 chambres ∙ 4 personnes,Ried-Brig - Valais
09/07/2024,13/07/2024,20/07/2024,701.49,H5FTR9C,Appartement ∙ 1 chambre ∙ 6 personnes,Val-d'Illiez - Valais
09/07/2024,24/08/2024,31/08/2024,701.49,H5FTR9C,Appartement ∙ 1 chambre ∙ 6 personnes,Val-d'Illiez - Valais
09/07/2024,31/08/2024,07/09/2024,701.49,H5FTR9C,Appartement ∙ 1 chambre ∙ 6 personnes,Val-d'Illiez - Valais
09/07/2024,21/09/2024,28/09/2024,701.49,H5FTR9C,Appartement ∙ 1 chambre ∙ 6 personnes,Val-d'Illiez - Valais
09/07/2024,28/09/2024,05/10/2024,701.49,H5FTR9C,Appartement ∙ 1 chambre ∙ 6 personnes,Val-d'Illiez - Valais
09/07/2024,05/10/2024,12/10/2024,701.49,H5FTR9C,Appartement ∙ 1 chambre ∙ 6 personnes,Val-d'Illiez - Valais
09/07/2024,12/10/2024,19/10/2024,701.49,H5FTR9C,Appartement ∙ 1 chambre ∙ 6 personnes,Val-d'Illiez - Valais
09/07/2024,19/10/2024,26/10/2024,701.49,H5FTR9C,Appartement ∙ 1 chambre ∙ 6 personnes,Val-d'Illiez - Valais
09/07/2024,26/10/2024,02/11/2024,701.49,H5FTR9C,Appartement ∙ 1 chambre ∙ 6 personnes,Val-d'Illiez - Valais
09/07/2024,10/08/2024,17/08/2024,1581.28,HB3FZHS,74 m² Appartement ∙ 2 chambres ∙ 6 personnes,Saas Fee - Valais
09/07/2024,07/09/2024,14/09/2024,1581.28,HB3FZHS,74 m² Appartement ∙ 2 chambres ∙ 6 personnes,Saas Fee - Valais
09/07/2024,14/09/2024,21/09/2024,1581.28,HB3FZHS,74 m² Appartement ∙ 2 chambres ∙ 6 personnes,Saas Fee - Valais
09/07/2024,21/09/2024,28/09/2024,1581.28,HB3FZHS,74 m² Appartement ∙ 2 chambres ∙ 6 personnes,Saas Fee - Valais
09/07/2024,28/09/2024,05/10/2024,1581.28,HB3FZHS,74 m² Appartement ∙ 2 chambres ∙ 6 personnes,Saas Fee - Valais
09/07/2024,05/10/2024,12/10/2024,1581.28,HB3FZHS,74 m² Appartement ∙ 2 chambres ∙ 6 personnes,Saas Fee - Valais
09/07/2024,12/10/2024,19/10/2024,1581.28,HB3FZHS,74 m² Appartement ∙ 2 chambres ∙ 6 personnes,Saas Fee - Valais
09/07/2024,19/10/2024,26/10/2024,1581.28,HB3FZHS,74 m² Appartement ∙ 2 chambres ∙ 6 personnes,Saas Fee - Valais
09/07/2024,26/10/2024,02/11/2024,1581.28,HB3FZHS,74 m² Appartement ∙ 2 chambres ∙ 6 personnes,Saas Fee - Valais
09/07/2024,13/07/2024,20/07/2024,1236.34,H2RYZXL,40 m² Appartement ∙ 2 personnes,Saas Fee - Valais
09/07/2024,31/08/2024,07/09/2024,1236.34,H2RYZXL,40 m² Appartement ∙ 2 personnes,Saas Fee - Valais
09/07/2024,14/09/2024,21/09/2024,1236.34,H2RYZXL,40 m² Appartement ∙ 2 personnes,Saas Fee - Valais
09/07/2024,21/09/2024,28/09/2024,1236.34,H2RYZXL,40 m² Appartement ∙ 2 personnes,Saas Fee - Valais
09/07/2024,19/10/2024,26/10/2024,1236.34,H2RYZXL,40 m² Appartement ∙ 2 personnes,Saas Fee - Valais
09/07/2024,26/10/2024,02/11/2024,1070.70,H2RYZXL,40 m² Appartement ∙ 2 personnes,Saas Fee - Valais
09/07/2024,31/08/2024,07/09/2024,2249.73,HJ9EFD3,150 m² Maison de vacances ∙ 4 chambres ∙ 8 personnes,Vex - Valais
09/07/2024,07/09/2024,14/09/2024,2249.73,HJ9EFD3,150 m² Maison de vacances ∙ 4 chambres ∙ 8 personnes,Vex - Valais
09/07/2024,14/09/2024,21/09/2024,2249.73,HJ9EFD3,150 m² Maison de vacances ∙ 4 chambres ∙ 8 personnes,Vex - Valais
09/07/2024,21/09/2024,28/09/2024,2249.73,HJ9EFD3,150 m² Maison de vacances ∙ 4 chambres ∙ 8 personnes,Vex - Valais
09/07/2024,28/09/2024,05/10/2024,2249.73,HJ9EFD3,150 m² Maison de vacances ∙ 4 chambres ∙ 8 personnes,Vex - Valais
09/07/2024,05/10/2024,12/10/2024,2249.73,HJ9EFD3,150 m² Maison de vacances ∙ 4 chambres ∙ 8 personnes,Vex - Valais
09/07/2024,12/10/2024,19/10/2024,2249.73,HJ9EFD3,150 m² Maison de vacances ∙ 4 chambres ∙ 8 personnes,Vex - Valais
09/07/2024,19/10/2024,26/10/2024,2249.73,HJ9EFD3,150 m² Maison de vacances ∙ 4 chambres ∙ 8 personnes,Vex - Valais
09/07/2024,26/10/2024,02/11/2024,2249.73,HJ9EFD3,150 m² Maison de vacances ∙ 4 chambres ∙ 8 personnes,Vex - Valais
09/07/2024,31/08/2024,07/09/2024,778.76,H5UG3FX,70 m² Appartement ∙ 2 chambres ∙ 4 personnes,Loèche-les-Bains - Valais
09/07/2024,07/09/2024,14/09/2024,778.76,H5UG3FX,70 m² Appartement ∙ 2 chambres ∙ 4 personnes,Loèche-les-Bains - Valais
09/07/2024,14/09/2024,21/09/2024,778.76,H5UG3FX,70 m² Appartement ∙ 2 chambres ∙ 4 personnes,Loèche-les-Bains - Valais
09/07/2024,21/09/2024,28/09/2024,778.76,H5UG3FX,70 m² Appartement ∙ 2 chambres ∙ 4 personnes,Loèche-les-Bains - Valais
09/07/2024,28/09/2024,05/10/2024,735.49,H5UG3FX,70 m² Appartement ∙ 2 chambres ∙ 4 personnes,Loèche-les-Bains - Valais
09/07/2024,05/10/2024,12/10/2024,735.49,H5UG3FX,70 m² Appartement ∙ 2 chambres ∙ 4 personnes,Loèche-les-Bains - Valais
09/07/2024,12/10/2024,19/10/2024,735.49,H5UG3FX,70 m² Appartement ∙ 2 chambres ∙ 4 personnes,Loèche-les-Bains - Valais
09/07/2024,20/07/2024,27/07/2024,721.07,HNKR0E3,Appartement ∙ 5 personnes,Grächen - Valais
09/07/2024,27/07/2024,03/08/2024,721.07,HNKR0E3,Appartement ∙ 5 personnes,Grächen - Valais
09/07/2024,03/08/2024,10/08/2024,721.07,HNKR0E3,Appartement ∙ 5 personnes,Grächen - Valais
09/07/2024,24/08/2024,31/08/2024,721.07,HNKR0E3,Appartement ∙ 5 personnes,Grächen - Valais
09/07/2024,31/08/2024,07/09/2024,721.07,HNKR0E3,Appartement ∙ 5 personnes,Grächen - Valais
09/07/2024,07/09/2024,14/09/2024,721.07,HNKR0E3,Appartement ∙ 5 personnes,Grächen - Valais
09/07/2024,14/09/2024,21/09/2024,721.07,HNKR0E3,Appartement ∙ 5 personnes,Grächen - Valais
09/07/2024,21/09/2024,28/09/2024,721.07,HNKR0E3,Appartement ∙ 5 personnes,Grächen - Valais
09/07/2024,28/09/2024,05/10/2024,721.07,HNKR0E3,Appartement ∙ 5 personnes,Grächen - Valais
09/07/2024,05/10/2024,12/10/2024,721.07,HNKR0E3,Appartement ∙ 5 personnes,Grächen - Valais
09/07/2024,12/10/2024,19/10/2024,721.07,HNKR0E3,Appartement ∙ 5 personnes,Grächen - Valais
09/07/2024,19/10/2024,26/10/2024,721.07,HNKR0E3,Appartement ∙ 5 personnes,Grächen - Valais
09/07/2024,26/10/2024,02/11/2024,721.07,HNKR0E3,Appartement ∙ 5 personnes,Grächen - Valais
09/07/2024,13/07/2024,20/07/2024,1234.47,H780V9J,100 m² Appartement ∙ 3 chambres ∙ 6 personnes,Saas-Almagell - Valais
09/07/2024,20/07/2024,27/07/2024,1234.47,H780V9J,100 m² Appartement ∙ 3 chambres ∙ 6 personnes,Saas-Almagell - Valais
09/07/2024,27/07/2024,03/08/2024,1234.47,H780V9J,100 m² Appartement ∙ 3 chambres ∙ 6 personnes,Saas-Almagell - Valais
09/07/2024,03/08/2024,10/08/2024,1234.47,H780V9J,100 m² Appartement ∙ 3 chambres ∙ 6 personnes,Saas-Almagell - Valais
09/07/2024,10/08/2024,17/08/2024,1234.47,H780V9J,100 m² Appartement ∙ 3 chambres ∙ 6 personnes,Saas-Almagell - Valais
09/07/2024,07/09/2024,14/09/2024,1234.47,H780V9J,100 m² Appartement ∙ 3 chambres ∙ 6 personnes,Saas-Almagell - Valais
09/07/2024,14/09/2024,21/09/2024,1234.47,H780V9J,100 m² Appartement ∙ 3 chambres ∙ 6 personnes,Saas-Almagell - Valais
09/07/2024,21/09/2024,28/09/2024,1234.47,H780V9J,100 m² Appartement ∙ 3 chambres ∙ 6 personnes,Saas-Almagell - Valais
09/07/2024,28/09/2024,05/10/2024,1234.47,H780V9J,100 m² Appartement ∙ 3 chambres ∙ 6 personnes,Saas-Almagell - Valais
09/07/2024,05/10/2024,12/10/2024,1234.47,H780V9J,100 m² Appartement ∙ 3 chambres ∙ 6 personnes,Saas-Almagell - Valais
09/07/2024,12/10/2024,19/10/2024,1234.47,H780V9J,100 m² Appartement ∙ 3 chambres ∙ 6 personnes,Saas-Almagell - Valais
09/07/2024,19/10/2024,26/10/2024,1168.34,H780V9J,100 m² Appartement ∙ 3 chambres ∙ 6 personnes,Saas-Almagell - Valais
09/07/2024,26/10/2024,02/11/2024,1157.32,H780V9J,100 m² Appartement ∙ 3 chambres ∙ 6 personnes,Saas-Almagell - Valais
09/07/2024,31/08/2024,07/09/2024,1755.28,HXJ9MAE,140 m² Appartement ∙ 4 chambres ∙ 8 personnes,Täsch - Valais
09/07/2024,21/09/2024,28/09/2024,1755.28,HXJ9MAE,140 m² Appartement ∙ 4 chambres ∙ 8 personnes,Täsch - Valais
09/07/2024,12/10/2024,19/10/2024,1755.28,HXJ9MAE,140 m² Appartement ∙ 4 chambres ∙ 8 personnes,Täsch - Valais
09/07/2024,19/10/2024,26/10/2024,1755.28,HXJ9MAE,140 m² Appartement ∙ 4 chambres ∙ 8 personnes,Täsch - Valais
09/07/2024,13/07/2024,20/07/2024,942.76,HW2JZGM,90 m² Chalet ∙ 3 chambres ∙ 7 personnes,Vex - Valais
09/07/2024,20/07/2024,27/07/2024,942.76,HW2JZGM,90 m² Chalet ∙ 3 chambres ∙ 7 personnes,Vex - Valais
09/07/2024,27/07/2024,03/08/2024,942.76,HW2JZGM,90 m² Chalet ∙ 3 chambres ∙ 7 personnes,Vex - Valais
09/07/2024,03/08/2024,10/08/2024,942.76,HW2JZGM,90 m² Chalet ∙ 3 chambres ∙ 7 personnes,Vex - Valais
09/07/2024,10/08/2024,17/08/2024,942.76,HW2JZGM,90 m² Chalet ∙ 3 chambres ∙ 7 personnes,Vex - Valais
09/07/2024,17/08/2024,24/08/2024,942.76,HW2JZGM,90 m² Chalet ∙ 3 chambres ∙ 7 personnes,Vex - Valais
09/07/2024,24/08/2024,31/08/2024,942.76,HW2JZGM,90 m² Chalet ∙ 3 chambres ∙ 7 personnes,Vex - Valais
09/07/2024,31/08/2024,07/09/2024,942.76,HW2JZGM,90 m² Chalet ∙ 3 chambres ∙ 7 personnes,Vex - Valais
09/07/2024,07/09/2024,14/09/2024,942.76,HW2JZGM,90 m² Chalet ∙ 3 chambres ∙ 7 personnes,Vex - Valais
09/07/2024,14/09/2024,21/09/2024,942.76,HW2JZGM,90 m² Chalet ∙ 3 chambres ∙ 7 personnes,Vex - Valais
09/07/2024,21/09/2024,28/09/2024,942.76,HW2JZGM,90 m² Chalet ∙ 3 chambres ∙ 7 personnes,Vex - Valais
09/07/2024,28/09/2024,05/10/2024,942.76,HW2JZGM,90 m² Chalet ∙ 3 chambres ∙ 7 personnes,Vex - Valais
09/07/2024,05/10/2024,12/10/2024,942.76,HW2JZGM,90 m² Chalet ∙ 3 chambres ∙ 7 personnes,Vex - Valais
09/07/2024,12/10/2024,19/10/2024,942.76,HW2JZGM,90 m² Chalet ∙ 3 chambres ∙ 7 personnes,Vex - Valais
09/07/2024,19/10/2024,26/10/2024,942.76,HW2JZGM,90 m² Chalet ∙ 3 chambres ∙ 7 personnes,Vex - Valais
09/07/2024,26/10/2024,02/11/2024,942.76,HW2JZGM,90 m² Chalet ∙ 3 chambres ∙ 7 personnes,Vex - Valais
09/07/2024,17/08/2024,24/08/2024,900.30,HPFLN4H,160 m² Appartement ∙ 5 chambres ∙ 16 personnes,Champéry - Valais
09/07/2024,07/09/2024,14/09/2024,900.30,HPFLN4H,160 m² Appartement ∙ 5 chambres ∙ 16 personnes,Champéry - Valais
09/07/2024,14/09/2024,21/09/2024,900.30,HPFLN4H,160 m² Appartement ∙ 5 chambres ∙ 16 personnes,Champéry - Valais
09/07/2024,28/09/2024,05/10/2024,900.30,HPFLN4H,160 m² Appartement ∙ 5 chambres ∙ 16 personnes,Champéry - Valais
09/07/2024,05/10/2024,12/10/2024,900.30,HPFLN4H,160 m² Appartement ∙ 5 chambres ∙ 16 personnes,Champéry - Valais
09/07/2024,12/10/2024,19/10/2024,900.30,HPFLN4H,160 m² Appartement ∙ 5 chambres ∙ 16 personnes,Champéry - Valais
09/07/2024,19/10/2024,26/10/2024,900.30,HPFLN4H,160 m² Appartement ∙ 5 chambres ∙ 16 personnes,Champéry - Valais
09/07/2024,26/10/2024,02/11/2024,900.30,HPFLN4H,160 m² Appartement ∙ 5 chambres ∙ 16 personnes,Champéry - Valais
09/07/2024,20/07/2024,27/07/2024,685.02,HGPJ475,Appartement ∙ 1 chambre ∙ 4 personnes,Grächen - Valais
09/07/2024,10/08/2024,17/08/2024,685.02,HGPJ475,Appartement ∙ 1 chambre ∙ 4 personnes,Grächen - Valais
09/07/2024,24/08/2024,31/08/2024,612.91,HGPJ475,Appartement ∙ 1 chambre ∙ 4 personnes,Grächen - Valais
09/07/2024,07/09/2024,14/09/2024,612.91,HGPJ475,Appartement ∙ 1 chambre ∙ 4 personnes,Grächen - Valais
09/07/2024,14/09/2024,21/09/2024,612.91,HGPJ475,Appartement ∙ 1 chambre ∙ 4 personnes,Grächen - Valais
09/07/2024,21/09/2024,28/09/2024,612.91,HGPJ475,Appartement ∙ 1 chambre ∙ 4 personnes,Grächen - Valais
09/07/2024,28/09/2024,05/10/2024,612.91,HGPJ475,Appartement ∙ 1 chambre ∙ 4 personnes,Grächen - Valais
09/07/2024,05/10/2024,12/10/2024,612.91,HGPJ475,Appartement ∙ 1 chambre ∙ 4 personnes,Grächen - Valais
09/07/2024,12/10/2024,19/10/2024,612.91,HGPJ475,Appartement ∙ 1 chambre ∙ 4 personnes,Grächen - Valais
09/07/2024,19/10/2024,26/10/2024,612.91,HGPJ475,Appartement ∙ 1 chambre ∙ 4 personnes,Grächen - Valais
09/07/2024,26/10/2024,02/11/2024,612.91,HGPJ475,Appartement ∙ 1 chambre ∙ 4 personnes,Grächen - Valais
09/07/2024,14/09/2024,21/09/2024,732.97,H5E0P1B,56 m² Appartement ∙ 2 chambres ∙ 6 personnes,Saas Grund - Valais
09/07/2024,21/09/2024,28/09/2024,732.97,H5E0P1B,56 m² Appartement ∙ 2 chambres ∙ 6 personnes,Saas Grund - Valais
09/07/2024,28/09/2024,05/10/2024,732.97,H5E0P1B,56 m² Appartement ∙ 2 chambres ∙ 6 personnes,Saas Grund - Valais
09/07/2024,05/10/2024,12/10/2024,732.97,H5E0P1B,56 m² Appartement ∙ 2 chambres ∙ 6 personnes,Saas Grund - Valais
09/07/2024,12/10/2024,19/10/2024,732.97,H5E0P1B,56 m² Appartement ∙ 2 chambres ∙ 6 personnes,Saas Grund - Valais
09/07/2024,19/10/2024,26/10/2024,732.97,H5E0P1B,56 m² Appartement ∙ 2 chambres ∙ 6 personnes,Saas Grund - Valais
09/07/2024,26/10/2024,02/11/2024,749.50,H5E0P1B,56 m² Appartement ∙ 2 chambres ∙ 6 personnes,Saas Grund - Valais
09/07/2024,17/08/2024,24/08/2024,1324.89,HF2VYED,50 m² Maison de vacances ∙ 4 chambres ∙ 8 personnes,Grengiols - Valais
09/07/2024,24/08/2024,31/08/2024,1324.89,HF2VYED,50 m² Maison de vacances ∙ 4 chambres ∙ 8 personnes,Grengiols - Valais
09/07/2024,31/08/2024,07/09/2024,1324.89,HF2VYED,50 m² Maison de vacances ∙ 4 chambres ∙ 8 personnes,Grengiols - Valais
09/07/2024,07/09/2024,14/09/2024,1324.89,HF2VYED,50 m² Maison de vacances ∙ 4 chambres ∙ 8 personnes,Grengiols - Valais
09/07/2024,14/09/2024,21/09/2024,1324.89,HF2VYED,50 m² Maison de vacances ∙ 4 chambres ∙ 8 personnes,Grengiols - Valais
09/07/2024,13/07/2024,20/07/2024,1026.62,H1F0WSR,200 m² Maison de vacances ∙ 6 chambres ∙ 12 personnes,Isérables - Valais
09/07/2024,20/07/2024,27/07/2024,1026.62,H1F0WSR,200 m² Maison de vacances ∙ 6 chambres ∙ 12 personnes,Isérables - Valais
09/07/2024,10/08/2024,17/08/2024,1882.14,H1F0WSR,200 m² Maison de vacances ∙ 6 chambres ∙ 12 personnes,Isérables - Valais
09/07/2024,17/08/2024,24/08/2024,1711.04,H1F0WSR,200 m² Maison de vacances ∙ 6 chambres ∙ 12 personnes,Isérables - Valais
09/07/2024,31/08/2024,07/09/2024,1197.73,H1F0WSR,200 m² Maison de vacances ∙ 6 chambres ∙ 12 personnes,Isérables - Valais
09/07/2024,07/09/2024,14/09/2024,1197.73,H1F0WSR,200 m² Maison de vacances ∙ 6 chambres ∙ 12 personnes,Isérables - Valais
09/07/2024,28/09/2024,05/10/2024,855.52,H1F0WSR,200 m² Maison de vacances ∙ 6 chambres ∙ 12 personnes,Isérables - Valais
09/07/2024,05/10/2024,12/10/2024,855.52,H1F0WSR,200 m² Maison de vacances ∙ 6 chambres ∙ 12 personnes,Isérables - Valais
09/07/2024,12/10/2024,19/10/2024,855.52,H1F0WSR,200 m² Maison de vacances ∙ 6 chambres ∙ 12 personnes,Isérables - Valais
09/07/2024,19/10/2024,26/10/2024,855.52,H1F0WSR,200 m² Maison de vacances ∙ 6 chambres ∙ 12 personnes,Isérables - Valais
09/07/2024,26/10/2024,02/11/2024,855.52,H1F0WSR,200 m² Maison de vacances ∙ 6 chambres ∙ 12 personnes,Isérables - Valais
09/07/2024,20/07/2024,27/07/2024,1983.30,H25PHBK,85 m² Appartement ∙ 3 chambres ∙ 6 personnes,Saas Fee - Valais
09/07/2024,07/09/2024,14/09/2024,1983.30,H25PHBK,85 m² Appartement ∙ 3 chambres ∙ 6 personnes,Saas Fee - Valais
09/07/2024,28/09/2024,05/10/2024,1983.30,H25PHBK,85 m² Appartement ∙ 3 chambres ∙ 6 personnes,Saas Fee - Valais
09/07/2024,19/10/2024,26/10/2024,1607.26,H25PHBK,85 m² Appartement ∙ 3 chambres ∙ 6 personnes,Saas Fee - Valais
09/07/2024,26/10/2024,02/11/2024,1607.26,H25PHBK,85 m² Appartement ∙ 3 chambres ∙ 6 personnes,Saas Fee - Valais
09/07/2024,13/07/2024,20/07/2024,985.80,HV7EMT1,65 m² Appartement ∙ 2 chambres ∙ 6 personnes,Vex - Valais
09/07/2024,20/07/2024,27/07/2024,985.80,HV7EMT1,65 m² Appartement ∙ 2 chambres ∙ 6 personnes,Vex - Valais
09/07/2024,31/08/2024,07/09/2024,775.66,HV7EMT1,65 m² Appartement ∙ 2 chambres ∙ 6 personnes,Vex - Valais
09/07/2024,07/09/2024,14/09/2024,775.66,HV7EMT1,65 m² Appartement ∙ 2 chambres ∙ 6 personnes,Vex - Valais
09/07/2024,14/09/2024,21/09/2024,775.66,HV7EMT1,65 m² Appartement ∙ 2 chambres ∙ 6 personnes,Vex - Valais
09/07/2024,21/09/2024,28/09/2024,775.66,HV7EMT1,65 m² Appartement ∙ 2 chambres ∙ 6 personnes,Vex - Valais
09/07/2024,28/09/2024,05/10/2024,775.66,HV7EMT1,65 m² Appartement ∙ 2 chambres ∙ 6 personnes,Vex - Valais
09/07/2024,05/10/2024,12/10/2024,775.66,HV7EMT1,65 m² Appartement ∙ 2 chambres ∙ 6 personnes,Vex - Valais
09/07/2024,12/10/2024,19/10/2024,775.66,HV7EMT1,65 m² Appartement ∙ 2 chambres ∙ 6 personnes,Vex - Valais
09/07/2024,19/10/2024,26/10/2024,775.66,HV7EMT1,65 m² Appartement ∙ 2 chambres ∙ 6 personnes,Vex - Valais
09/07/2024,28/09/2024,05/10/2024,882.79,H1H702C,75 m² Appartement ∙ 2 chambres ∙ 4 personnes,Orsières - Valais
09/07/2024,05/10/2024,12/10/2024,882.79,H1H702C,75 m² Appartement ∙ 2 chambres ∙ 4 personnes,Orsières - Valais
09/07/2024,12/10/2024,19/10/2024,882.79,H1H702C,75 m² Appartement ∙ 2 chambres ∙ 4 personnes,Orsières - Valais
09/07/2024,17/08/2024,24/08/2024,756.11,HJ4X05Y,33 m² Appartement ∙ 1 chambre ∙ 2 personnes,Saas Fee - Valais
09/07/2024,14/09/2024,21/09/2024,678.96,HJ4X05Y,33 m² Appartement ∙ 1 chambre ∙ 2 personnes,Saas Fee - Valais
09/07/2024,05/10/2024,12/10/2024,678.96,HJ4X05Y,33 m² Appartement ∙ 1 chambre ∙ 2 personnes,Saas Fee - Valais
09/07/2024,12/10/2024,19/10/2024,678.96,HJ4X05Y,33 m² Appartement ∙ 1 chambre ∙ 2 personnes,Saas Fee - Valais
09/07/2024,19/10/2024,26/10/2024,678.96,HJ4X05Y,33 m² Appartement ∙ 1 chambre ∙ 2 personnes,Saas Fee - Valais
09/07/2024,07/09/2024,14/09/2024,1572.96,HGB6MA1,Maison de vacances ∙ 3 chambres ∙ 6 personnes,Zinal - Ayer - Valais
09/07/2024,14/09/2024,21/09/2024,1572.96,HGB6MA1,Maison de vacances ∙ 3 chambres ∙ 6 personnes,Zinal - Ayer - Valais
09/07/2024,21/09/2024,28/09/2024,1572.96,HGB6MA1,Maison de vacances ∙ 3 chambres ∙ 6 personnes,Zinal - Ayer - Valais
09/07/2024,28/09/2024,05/10/2024,1572.96,HGB6MA1,Maison de vacances ∙ 3 chambres ∙ 6 personnes,Zinal - Ayer - Valais
09/07/2024,05/10/2024,12/10/2024,1572.96,HGB6MA1,Maison de vacances ∙ 3 chambres ∙ 6 personnes,Zinal - Ayer - Valais
09/07/2024,12/10/2024,19/10/2024,1572.96,HGB6MA1,Maison de vacances ∙ 3 chambres ∙ 6 personnes,Zinal - Ayer - Valais
09/07/2024,19/10/2024,26/10/2024,1572.96,HGB6MA1,Maison de vacances ∙ 3 chambres ∙ 6 personnes,Zinal - Ayer - Valais
09/07/2024,26/10/2024,02/11/2024,1572.96,HGB6MA1,Maison de vacances ∙ 3 chambres ∙ 6 personnes,Zinal - Ayer - Valais
09/07/2024,13/07/2024,20/07/2024,1472.48,H6HW8RJ,3 room apartment duplex,3 room apartment duplexVercorin - Valais
09/07/2024,20/07/2024,27/07/2024,1647.66,H6HW8RJ,3 room apartment duplex,3 room apartment duplexVercorin - Valais
09/07/2024,27/07/2024,03/08/2024,1619.31,H6HW8RJ,3 room apartment duplex,3 room apartment duplexVercorin - Valais
09/07/2024,17/08/2024,24/08/2024,952.84,H6HW8RJ,3 room apartment duplex,3 room apartment duplexVercorin - Valais
09/07/2024,14/09/2024,21/09/2024,652.05,H6HW8RJ,3 room apartment duplex,3 room apartment duplexVercorin - Valais
09/07/2024,21/09/2024,28/09/2024,952.84,H6HW8RJ,3 room apartment duplex,3 room apartment duplexVercorin - Valais
09/07/2024,28/09/2024,05/10/2024,652.26,H6HW8RJ,3 room apartment duplex,3 room apartment duplexVercorin - Valais
09/07/2024,05/10/2024,12/10/2024,952.84,H6HW8RJ,3 room apartment duplex,3 room apartment duplexVercorin - Valais
09/07/2024,12/10/2024,19/10/2024,652.05,H6HW8RJ,3 room apartment duplex,3 room apartment duplexVercorin - Valais
09/07/2024,19/10/2024,26/10/2024,652.26,H6HW8RJ,3 room apartment duplex,3 room apartment duplexVercorin - Valais
09/07/2024,10/08/2024,17/08/2024,771.54,H9DW52J,85 m² Appartement ∙ 2 chambres ∙ 5 personnes,Saas-Almagell - Valais
09/07/2024,17/08/2024,24/08/2024,771.54,H9DW52J,85 m² Appartement ∙ 2 chambres ∙ 5 personnes,Saas-Almagell - Valais
09/07/2024,24/08/2024,31/08/2024,771.54,H9DW52J,85 m² Appartement ∙ 2 chambres ∙ 5 personnes,Saas-Almagell - Valais
09/07/2024,07/09/2024,14/09/2024,771.79,H9DW52J,85 m² Appartement ∙ 2 chambres ∙ 5 personnes,Saas-Almagell - Valais
09/07/2024,14/09/2024,21/09/2024,771.54,H9DW52J,85 m² Appartement ∙ 2 chambres ∙ 5 personnes,Saas-Almagell - Valais
09/07/2024,21/09/2024,28/09/2024,771.54,H9DW52J,85 m² Appartement ∙ 2 chambres ∙ 5 personnes,Saas-Almagell - Valais
09/07/2024,28/09/2024,05/10/2024,771.54,H9DW52J,85 m² Appartement ∙ 2 chambres ∙ 5 personnes,Saas-Almagell - Valais
09/07/2024,05/10/2024,12/10/2024,771.54,H9DW52J,85 m² Appartement ∙ 2 chambres ∙ 5 personnes,Saas-Almagell - Valais
09/07/2024,12/10/2024,19/10/2024,771.79,H9DW52J,85 m² Appartement ∙ 2 chambres ∙ 5 personnes,Saas-Almagell - Valais
09/07/2024,19/10/2024,26/10/2024,771.54,H9DW52J,85 m² Appartement ∙ 2 chambres ∙ 5 personnes,Saas-Almagell - Valais
09/07/2024,26/10/2024,02/11/2024,771.79,H9DW52J,85 m² Appartement ∙ 2 chambres ∙ 5 personnes,Saas-Almagell - Valais
09/07/2024,03/08/2024,10/08/2024,980.97,HRWZU24,Appartement ∙ 1 chambre ∙ 2 personnes,Zermatt - Valais
09/07/2024,10/08/2024,17/08/2024,980.97,HRWZU24,Appartement ∙ 1 chambre ∙ 2 personnes,Zermatt - Valais
09/07/2024,31/08/2024,07/09/2024,980.97,HRWZU24,Appartement ∙ 1 chambre ∙ 2 personnes,Zermatt - Valais
09/07/2024,07/09/2024,14/09/2024,980.97,HRWZU24,Appartement ∙ 1 chambre ∙ 2 personnes,Zermatt - Valais
09/07/2024,14/09/2024,21/09/2024,742.94,HRWZU24,Appartement ∙ 1 chambre ∙ 2 personnes,Zermatt - Valais
09/07/2024,21/09/2024,28/09/2024,742.94,HRWZU24,Appartement ∙ 1 chambre ∙ 2 personnes,Zermatt - Valais
09/07/2024,28/09/2024,05/10/2024,742.94,HRWZU24,Appartement ∙ 1 chambre ∙ 2 personnes,Zermatt - Valais
09/07/2024,05/10/2024,12/10/2024,742.94,HRWZU24,Appartement ∙ 1 chambre ∙ 2 personnes,Zermatt - Valais
09/07/2024,12/10/2024,19/10/2024,742.94,HRWZU24,Appartement ∙ 1 chambre ∙ 2 personnes,Zermatt - Valais
09/07/2024,19/10/2024,26/10/2024,742.94,HRWZU24,Appartement ∙ 1 chambre ∙ 2 personnes,Zermatt - Valais
09/07/2024,26/10/2024,02/11/2024,742.94,HRWZU24,Appartement ∙ 1 chambre ∙ 2 personnes,Zermatt - Valais
09/07/2024,13/07/2024,20/07/2024,1135.53,HTB6HNW,78 m² Appartement ∙ 2 chambres ∙ 6 personnes,Loèche-les-Bains - Valais
09/07/2024,20/07/2024,27/07/2024,1135.53,HTB6HNW,78 m² Appartement ∙ 2 chambres ∙ 6 personnes,Loèche-les-Bains - Valais
09/07/2024,27/07/2024,03/08/2024,1135.53,HTB6HNW,78 m² Appartement ∙ 2 chambres ∙ 6 personnes,Loèche-les-Bains - Valais
09/07/2024,03/08/2024,10/08/2024,1135.53,HTB6HNW,78 m² Appartement ∙ 2 chambres ∙ 6 personnes,Loèche-les-Bains - Valais
09/07/2024,10/08/2024,17/08/2024,1135.53,HTB6HNW,78 m² Appartement ∙ 2 chambres ∙ 6 personnes,Loèche-les-Bains - Valais
09/07/2024,17/08/2024,24/08/2024,1135.53,HTB6HNW,78 m² Appartement ∙ 2 chambres ∙ 6 personnes,Loèche-les-Bains - Valais
09/07/2024,24/08/2024,31/08/2024,1135.53,HTB6HNW,78 m² Appartement ∙ 2 chambres ∙ 6 personnes,Loèche-les-Bains - Valais
09/07/2024,31/08/2024,07/09/2024,833.62,HTB6HNW,78 m² Appartement ∙ 2 chambres ∙ 6 personnes,Loèche-les-Bains - Valais
09/07/2024,07/09/2024,14/09/2024,833.62,HTB6HNW,78 m² Appartement ∙ 2 chambres ∙ 6 personnes,Loèche-les-Bains - Valais
09/07/2024,14/09/2024,21/09/2024,833.62,HTB6HNW,78 m² Appartement ∙ 2 chambres ∙ 6 personnes,Loèche-les-Bains - Valais
09/07/2024,21/09/2024,28/09/2024,833.62,HTB6HNW,78 m² Appartement ∙ 2 chambres ∙ 6 personnes,Loèche-les-Bains - Valais
09/07/2024,28/09/2024,05/10/2024,833.62,HTB6HNW,78 m² Appartement ∙ 2 chambres ∙ 6 personnes,Loèche-les-Bains - Valais
09/07/2024,05/10/2024,12/10/2024,833.62,HTB6HNW,78 m² Appartement ∙ 2 chambres ∙ 6 personnes,Loèche-les-Bains - Valais
09/07/2024,19/10/2024,26/10/2024,833.62,HTB6HNW,78 m² Appartement ∙ 2 chambres ∙ 6 personnes,Loèche-les-Bains - Valais
09/07/2024,26/10/2024,02/11/2024,833.62,HTB6HNW,78 m² Appartement ∙ 2 chambres ∙ 6 personnes,Loèche-les-Bains - Valais
09/07/2024,17/08/2024,24/08/2024,2222.64,HYU2ZVE,Apt C4/R - Résidence Bougainville,Apt C4/R - Résidence BougainvillePort-Valais - Valais
09/07/2024,24/08/2024,31/08/2024,2050.55,HYU2ZVE,Apt C4/R - Résidence Bougainville,Apt C4/R - Résidence BougainvillePort-Valais - Valais
09/07/2024,14/09/2024,21/09/2024,2050.55,HYU2ZVE,Apt C4/R - Résidence Bougainville,Apt C4/R - Résidence BougainvillePort-Valais - Valais
09/07/2024,05/10/2024,12/10/2024,2222.64,HYU2ZVE,Apt C4/R - Résidence Bougainville,Apt C4/R - Résidence BougainvillePort-Valais - Valais
09/07/2024,12/10/2024,19/10/2024,2222.64,HYU2ZVE,Apt C4/R - Résidence Bougainville,Apt C4/R - Résidence BougainvillePort-Valais - Valais
09/07/2024,19/10/2024,26/10/2024,1817.68,HYU2ZVE,Apt C4/R - Résidence Bougainville,Apt C4/R - Résidence BougainvillePort-Valais - Valais
09/07/2024,26/10/2024,02/11/2024,1817.68,HYU2ZVE,Apt C4/R - Résidence Bougainville,Apt C4/R - Résidence BougainvillePort-Valais - Valais
09/07/2024,07/09/2024,14/09/2024,942.84,HRHDLMK,35 m² Appartement ∙ 1 chambre ∙ 4 personnes,Verbier - Bagnes - Valais
09/07/2024,14/09/2024,21/09/2024,942.84,HRHDLMK,35 m² Appartement ∙ 1 chambre ∙ 4 personnes,Verbier - Bagnes - Valais
09/07/2024,21/09/2024,28/09/2024,942.84,HRHDLMK,35 m² Appartement ∙ 1 chambre ∙ 4 personnes,Verbier - Bagnes - Valais
09/07/2024,28/09/2024,05/10/2024,942.84,HRHDLMK,35 m² Appartement ∙ 1 chambre ∙ 4 personnes,Verbier - Bagnes - Valais
09/07/2024,05/10/2024,12/10/2024,942.84,HRHDLMK,35 m² Appartement ∙ 1 chambre ∙ 4 personnes,Verbier - Bagnes - Valais
09/07/2024,12/10/2024,19/10/2024,942.84,HRHDLMK,35 m² Appartement ∙ 1 chambre ∙ 4 personnes,Verbier - Bagnes - Valais
09/07/2024,19/10/2024,26/10/2024,942.84,HRHDLMK,35 m² Appartement ∙ 1 chambre ∙ 4 personnes,Verbier - Bagnes - Valais
09/07/2024,26/10/2024,02/11/2024,942.84,HRHDLMK,35 m² Appartement ∙ 1 chambre ∙ 4 personnes,Verbier - Bagnes - Valais
09/07/2024,28/09/2024,05/10/2024,1517.68,HZEFUP0,155 m² Maison de vacances ∙ 4 chambres ∙ 8 personnes,Riddes - Valais
09/07/2024,05/10/2024,12/10/2024,1517.68,HZEFUP0,155 m² Maison de vacances ∙ 4 chambres ∙ 8 personnes,Riddes - Valais
09/07/2024,12/10/2024,19/10/2024,1517.68,HZEFUP0,155 m² Maison de vacances ∙ 4 chambres ∙ 8 personnes,Riddes - Valais
09/07/2024,19/10/2024,26/10/2024,1517.68,HZEFUP0,155 m² Maison de vacances ∙ 4 chambres ∙ 8 personnes,Riddes - Valais
09/07/2024,13/07/2024,20/07/2024,865.56,HWBG9X0,90 m² Appartement ∙ 1 chambre ∙ 4 personnes,Saas-Almagell - Valais
09/07/2024,27/07/2024,03/08/2024,865.56,HWBG9X0,90 m² Appartement ∙ 1 chambre ∙ 4 personnes,Saas-Almagell - Valais
09/07/2024,03/08/2024,10/08/2024,865.56,HWBG9X0,90 m² Appartement ∙ 1 chambre ∙ 4 personnes,Saas-Almagell - Valais
09/07/2024,10/08/2024,17/08/2024,865.56,HWBG9X0,90 m² Appartement ∙ 1 chambre ∙ 4 personnes,Saas-Almagell - Valais
09/07/2024,17/08/2024,24/08/2024,865.56,HWBG9X0,90 m² Appartement ∙ 1 chambre ∙ 4 personnes,Saas-Almagell - Valais
09/07/2024,24/08/2024,31/08/2024,865.56,HWBG9X0,90 m² Appartement ∙ 1 chambre ∙ 4 personnes,Saas-Almagell - Valais
09/07/2024,31/08/2024,07/09/2024,865.56,HWBG9X0,90 m² Appartement ∙ 1 chambre ∙ 4 personnes,Saas-Almagell - Valais
09/07/2024,07/09/2024,14/09/2024,865.56,HWBG9X0,90 m² Appartement ∙ 1 chambre ∙ 4 personnes,Saas-Almagell - Valais
09/07/2024,14/09/2024,21/09/2024,865.56,HWBG9X0,90 m² Appartement ∙ 1 chambre ∙ 4 personnes,Saas-Almagell - Valais
09/07/2024,21/09/2024,28/09/2024,865.56,HWBG9X0,90 m² Appartement ∙ 1 chambre ∙ 4 personnes,Saas-Almagell - Valais
09/07/2024,28/09/2024,05/10/2024,865.56,HWBG9X0,90 m² Appartement ∙ 1 chambre ∙ 4 personnes,Saas-Almagell - Valais
09/07/2024,05/10/2024,12/10/2024,865.56,HWBG9X0,90 m² Appartement ∙ 1 chambre ∙ 4 personnes,Saas-Almagell - Valais
09/07/2024,12/10/2024,19/10/2024,865.56,HWBG9X0,90 m² Appartement ∙ 1 chambre ∙ 4 personnes,Saas-Almagell - Valais
09/07/2024,19/10/2024,26/10/2024,865.56,HWBG9X0,90 m² Appartement ∙ 1 chambre ∙ 4 personnes,Saas-Almagell - Valais
09/07/2024,26/10/2024,02/11/2024,865.56,HWBG9X0,90 m² Appartement ∙ 1 chambre ∙ 4 personnes,Saas-Almagell - Valais
09/07/2024,10/08/2024,17/08/2024,1226.21,H673RSV,40 m² Studio ∙ 1 chambre ∙ 2 personnes,Saas Grund - Valais
09/07/2024,17/08/2024,24/08/2024,1226.21,H673RSV,40 m² Studio ∙ 1 chambre ∙ 2 personnes,Saas Grund - Valais
09/07/2024,24/08/2024,31/08/2024,1226.21,H673RSV,40 m² Studio ∙ 1 chambre ∙ 2 personnes,Saas Grund - Valais
09/07/2024,21/09/2024,28/09/2024,1226.21,H673RSV,40 m² Studio ∙ 1 chambre ∙ 2 personnes,Saas Grund - Valais
09/07/2024,28/09/2024,05/10/2024,1226.21,H673RSV,40 m² Studio ∙ 1 chambre ∙ 2 personnes,Saas Grund - Valais
09/07/2024,05/10/2024,12/10/2024,1226.21,H673RSV,40 m² Studio ∙ 1 chambre ∙ 2 personnes,Saas Grund - Valais
09/07/2024,12/10/2024,19/10/2024,1226.21,H673RSV,40 m² Studio ∙ 1 chambre ∙ 2 personnes,Saas Grund - Valais
09/07/2024,19/10/2024,26/10/2024,1226.21,H673RSV,40 m² Studio ∙ 1 chambre ∙ 2 personnes,Saas Grund - Valais
09/07/2024,12/10/2024,19/10/2024,913.99,HRB0GYJ,49 m² Appartement ∙ 1 chambre ∙ 2 personnes,Crans-Montana - Valais
09/07/2024,19/10/2024,26/10/2024,913.99,HRB0GYJ,49 m² Appartement ∙ 1 chambre ∙ 2 personnes,Crans-Montana - Valais
09/07/2024,26/10/2024,02/11/2024,913.99,HRB0GYJ,49 m² Appartement ∙ 1 chambre ∙ 2 personnes,Crans-Montana - Valais
09/07/2024,17/08/2024,24/08/2024,1427.14,HP8Y479,Appartement ∙ 3 chambres ∙ 6 personnes,Val-d'Illiez - Valais
09/07/2024,14/09/2024,21/09/2024,1427.14,HP8Y479,Appartement ∙ 3 chambres ∙ 6 personnes,Val-d'Illiez - Valais
09/07/2024,21/09/2024,28/09/2024,1427.14,HP8Y479,Appartement ∙ 3 chambres ∙ 6 personnes,Val-d'Illiez - Valais
09/07/2024,28/09/2024,05/10/2024,1427.14,HP8Y479,Appartement ∙ 3 chambres ∙ 6 personnes,Val-d'Illiez - Valais
09/07/2024,05/10/2024,12/10/2024,1427.14,HP8Y479,Appartement ∙ 3 chambres ∙ 6 personnes,Val-d'Illiez - Valais
09/07/2024,12/10/2024,19/10/2024,1427.14,HP8Y479,Appartement ∙ 3 chambres ∙ 6 personnes,Val-d'Illiez - Valais
09/07/2024,19/10/2024,26/10/2024,1427.14,HP8Y479,Appartement ∙ 3 chambres ∙ 6 personnes,Val-d'Illiez - Valais
09/07/2024,26/10/2024,02/11/2024,1427.14,HP8Y479,Appartement ∙ 3 chambres ∙ 6 personnes,Val-d'Illiez - Valais
09/07/2024,24/08/2024,31/08/2024,1353.98,HFCVA6T,85 m² Appartement ∙ 3 chambres ∙ 6 personnes,Zinal - Ayer - Valais
09/07/2024,14/09/2024,21/09/2024,1353.98,HFCVA6T,85 m² Appartement ∙ 3 chambres ∙ 6 personnes,Zinal - Ayer - Valais
09/07/2024,21/09/2024,28/09/2024,1353.98,HFCVA6T,85 m² Appartement ∙ 3 chambres ∙ 6 personnes,Zinal - Ayer - Valais
09/07/2024,28/09/2024,05/10/2024,1353.98,HFCVA6T,85 m² Appartement ∙ 3 chambres ∙ 6 personnes,Zinal - Ayer - Valais
09/07/2024,05/10/2024,12/10/2024,1353.98,HFCVA6T,85 m² Appartement ∙ 3 chambres ∙ 6 personnes,Zinal - Ayer - Valais
09/07/2024,12/10/2024,19/10/2024,1353.98,HFCVA6T,85 m² Appartement ∙ 3 chambres ∙ 6 personnes,Zinal - Ayer - Valais
09/07/2024,19/10/2024,26/10/2024,1353.98,HFCVA6T,85 m² Appartement ∙ 3 chambres ∙ 6 personnes,Zinal - Ayer - Valais
09/07/2024,26/10/2024,02/11/2024,1353.98,HFCVA6T,85 m² Appartement ∙ 3 chambres ∙ 6 personnes,Zinal - Ayer - Valais
09/07/2024,17/08/2024,24/08/2024,1349.86,HX8TA3D,73 m² Appartement ∙ 2 chambres ∙ 4 personnes,Ernen - Valais
09/07/2024,24/08/2024,31/08/2024,1349.86,HX8TA3D,73 m² Appartement ∙ 2 chambres ∙ 4 personnes,Ernen - Valais
09/07/2024,31/08/2024,07/09/2024,1200.45,HX8TA3D,73 m² Appartement ∙ 2 chambres ∙ 4 personnes,Ernen - Valais
09/07/2024,07/09/2024,14/09/2024,1200.45,HX8TA3D,73 m² Appartement ∙ 2 chambres ∙ 4 personnes,Ernen - Valais
09/07/2024,14/09/2024,21/09/2024,1200.45,HX8TA3D,73 m² Appartement ∙ 2 chambres ∙ 4 personnes,Ernen - Valais
09/07/2024,21/09/2024,28/09/2024,1050.01,HX8TA3D,73 m² Appartement ∙ 2 chambres ∙ 4 personnes,Ernen - Valais
09/07/2024,28/09/2024,05/10/2024,1050.01,HX8TA3D,73 m² Appartement ∙ 2 chambres ∙ 4 personnes,Ernen - Valais
09/07/2024,05/10/2024,12/10/2024,1050.01,HX8TA3D,73 m² Appartement ∙ 2 chambres ∙ 4 personnes,Ernen - Valais
09/07/2024,12/10/2024,19/10/2024,1050.01,HX8TA3D,73 m² Appartement ∙ 2 chambres ∙ 4 personnes,Ernen - Valais
09/07/2024,19/10/2024,26/10/2024,1050.01,HX8TA3D,73 m² Appartement ∙ 2 chambres ∙ 4 personnes,Ernen - Valais
09/07/2024,26/10/2024,02/11/2024,1050.01,HX8TA3D,73 m² Appartement ∙ 2 chambres ∙ 4 personnes,Ernen - Valais
09/07/2024,14/09/2024,21/09/2024,858.35,HJ8RP4Z,65 m² Appartement ∙ 2 chambres ∙ 5 personnes,Grächen - Valais
09/07/2024,28/09/2024,05/10/2024,723.36,HJ8RP4Z,65 m² Appartement ∙ 2 chambres ∙ 5 personnes,Grächen - Valais
09/07/2024,05/10/2024,12/10/2024,723.36,HJ8RP4Z,65 m² Appartement ∙ 2 chambres ∙ 5 personnes,Grächen - Valais
09/07/2024,12/10/2024,19/10/2024,723.36,HJ8RP4Z,65 m² Appartement ∙ 2 chambres ∙ 5 personnes,Grächen - Valais
09/07/2024,19/10/2024,26/10/2024,723.36,HJ8RP4Z,65 m² Appartement ∙ 2 chambres ∙ 5 personnes,Grächen - Valais
09/07/2024,26/10/2024,02/11/2024,723.36,HJ8RP4Z,65 m² Appartement ∙ 2 chambres ∙ 5 personnes,Grächen - Valais
09/07/2024,07/09/2024,14/09/2024,1206.31,HZ1SMK2,26 m² Studio ∙ 4 personnes,Saas Fee - Valais
09/07/2024,14/09/2024,21/09/2024,1206.31,HZ1SMK2,26 m² Studio ∙ 4 personnes,Saas Fee - Valais
09/07/2024,21/09/2024,28/09/2024,1206.31,HZ1SMK2,26 m² Studio ∙ 4 personnes,Saas Fee - Valais
09/07/2024,28/09/2024,05/10/2024,1206.31,HZ1SMK2,26 m² Studio ∙ 4 personnes,Saas Fee - Valais
09/07/2024,05/10/2024,12/10/2024,1002.34,HZ1SMK2,26 m² Studio ∙ 4 personnes,Saas Fee - Valais
09/07/2024,12/10/2024,19/10/2024,920.75,HZ1SMK2,26 m² Studio ∙ 4 personnes,Saas Fee - Valais
09/07/2024,19/10/2024,26/10/2024,920.75,HZ1SMK2,26 m² Studio ∙ 4 personnes,Saas Fee - Valais
09/07/2024,26/10/2024,02/11/2024,904.87,HZ1SMK2,26 m² Studio ∙ 4 personnes,Saas Fee - Valais
09/07/2024,03/08/2024,10/08/2024,1157.69,HHV19L2,55 m² Appartement ∙ 2 chambres ∙ 6 personnes,Saas Fee - Valais
09/07/2024,10/08/2024,17/08/2024,1157.69,HHV19L2,55 m² Appartement ∙ 2 chambres ∙ 6 personnes,Saas Fee - Valais
09/07/2024,14/09/2024,21/09/2024,1157.69,HHV19L2,55 m² Appartement ∙ 2 chambres ∙ 6 personnes,Saas Fee - Valais
09/07/2024,21/09/2024,28/09/2024,1157.69,HHV19L2,55 m² Appartement ∙ 2 chambres ∙ 6 personnes,Saas Fee - Valais
09/07/2024,12/10/2024,19/10/2024,1157.69,HHV19L2,55 m² Appartement ∙ 2 chambres ∙ 6 personnes,Saas Fee - Valais
09/07/2024,19/10/2024,26/10/2024,1157.69,HHV19L2,55 m² Appartement ∙ 2 chambres ∙ 6 personnes,Saas Fee - Valais
09/07/2024,26/10/2024,02/11/2024,1157.69,HHV19L2,55 m² Appartement ∙ 2 chambres ∙ 6 personnes,Saas Fee - Valais
09/07/2024,05/10/2024,12/10/2024,937.66,HW5HNAL,55 m² Appartement ∙ 1 chambre ∙ 4 personnes,Grimisuat - Valais
09/07/2024,12/10/2024,19/10/2024,977.26,HW5HNAL,55 m² Appartement ∙ 1 chambre ∙ 4 personnes,Grimisuat - Valais
09/07/2024,19/10/2024,26/10/2024,980.89,HW5HNAL,55 m² Appartement ∙ 1 chambre ∙ 4 personnes,Grimisuat - Valais
09/07/2024,26/10/2024,02/11/2024,977.86,HW5HNAL,55 m² Appartement ∙ 1 chambre ∙ 4 personnes,Grimisuat - Valais
09/07/2024,13/07/2024,20/07/2024,1458.47,HWZJLP5,44 m² Appartement ∙ 1 chambre ∙ 4 personnes,Saas Fee - Valais
09/07/2024,20/07/2024,27/07/2024,1458.47,HWZJLP5,44 m² Appartement ∙ 1 chambre ∙ 4 personnes,Saas Fee - Valais
09/07/2024,27/07/2024,03/08/2024,1458.47,HWZJLP5,44 m² Appartement ∙ 1 chambre ∙ 4 personnes,Saas Fee - Valais
09/07/2024,07/09/2024,14/09/2024,1358.62,HWZJLP5,44 m² Appartement ∙ 1 chambre ∙ 4 personnes,Saas Fee - Valais
09/07/2024,14/09/2024,21/09/2024,1358.62,HWZJLP5,44 m² Appartement ∙ 1 chambre ∙ 4 personnes,Saas Fee - Valais
09/07/2024,21/09/2024,28/09/2024,1358.62,HWZJLP5,44 m² Appartement ∙ 1 chambre ∙ 4 personnes,Saas Fee - Valais
09/07/2024,28/09/2024,05/10/2024,1358.62,HWZJLP5,44 m² Appartement ∙ 1 chambre ∙ 4 personnes,Saas Fee - Valais
09/07/2024,05/10/2024,12/10/2024,1358.62,HWZJLP5,44 m² Appartement ∙ 1 chambre ∙ 4 personnes,Saas Fee - Valais
09/07/2024,19/10/2024,26/10/2024,1358.62,HWZJLP5,44 m² Appartement ∙ 1 chambre ∙ 4 personnes,Saas Fee - Valais
09/07/2024,26/10/2024,02/11/2024,1358.62,HWZJLP5,44 m² Appartement ∙ 1 chambre ∙ 4 personnes,Saas Fee - Valais
09/07/2024,13/07/2024,20/07/2024,986.74,HFR7X43,64 m² Appartement ∙ 1 chambre ∙ 2 personnes,Loèche-les-Bains - Valais
09/07/2024,17/08/2024,24/08/2024,882.88,HFR7X43,64 m² Appartement ∙ 1 chambre ∙ 2 personnes,Loèche-les-Bains - Valais
09/07/2024,14/09/2024,21/09/2024,882.88,HFR7X43,64 m² Appartement ∙ 1 chambre ∙ 2 personnes,Loèche-les-Bains - Valais
09/07/2024,21/09/2024,28/09/2024,882.88,HFR7X43,64 m² Appartement ∙ 1 chambre ∙ 2 personnes,Loèche-les-Bains - Valais
09/07/2024,28/09/2024,05/10/2024,662.16,HFR7X43,64 m² Appartement ∙ 1 chambre ∙ 2 personnes,Loèche-les-Bains - Valais
09/07/2024,05/10/2024,12/10/2024,662.16,HFR7X43,64 m² Appartement ∙ 1 chambre ∙ 2 personnes,Loèche-les-Bains - Valais
09/07/2024,26/10/2024,02/11/2024,662.16,HFR7X43,64 m² Appartement ∙ 1 chambre ∙ 2 personnes,Loèche-les-Bains - Valais
09/07/2024,17/08/2024,24/08/2024,1854.24,HYSCM6E,120 m² Maison de vacances ∙ 4 chambres ∙ 8 personnes,Riddes - Valais
09/07/2024,24/08/2024,31/08/2024,1842.28,HYSCM6E,120 m² Maison de vacances ∙ 4 chambres ∙ 8 personnes,Riddes - Valais
09/07/2024,31/08/2024,07/09/2024,1519.28,HYSCM6E,120 m² Maison de vacances ∙ 4 chambres ∙ 8 personnes,Riddes - Valais
09/07/2024,07/09/2024,14/09/2024,1392.18,HYSCM6E,120 m² Maison de vacances ∙ 4 chambres ∙ 8 personnes,Riddes - Valais
09/07/2024,14/09/2024,21/09/2024,1399.65,HYSCM6E,120 m² Maison de vacances ∙ 4 chambres ∙ 8 personnes,Riddes - Valais
09/07/2024,21/09/2024,28/09/2024,1393.67,HYSCM6E,120 m² Maison de vacances ∙ 4 chambres ∙ 8 personnes,Riddes - Valais
09/07/2024,28/09/2024,05/10/2024,1402.64,HYSCM6E,120 m² Maison de vacances ∙ 4 chambres ∙ 8 personnes,Riddes - Valais
09/07/2024,26/10/2024,02/11/2024,1801.90,HYSCM6E,120 m² Maison de vacances ∙ 4 chambres ∙ 8 personnes,Riddes - Valais
09/07/2024,10/08/2024,17/08/2024,1014.55,HXV1AGW,60 m² Appartement ∙ 1 chambre ∙ 5 personnes,Chalais - Valais
09/07/2024,17/08/2024,24/08/2024,761.41,HXV1AGW,60 m² Appartement ∙ 1 chambre ∙ 5 personnes,Chalais - Valais
09/07/2024,21/09/2024,28/09/2024,761.41,HXV1AGW,60 m² Appartement ∙ 1 chambre ∙ 5 personnes,Chalais - Valais
09/07/2024,28/09/2024,05/10/2024,761.41,HXV1AGW,60 m² Appartement ∙ 1 chambre ∙ 5 personnes,Chalais - Valais
09/07/2024,13/07/2024,20/07/2024,1401.38,HXTSRZP,Maison de vacances ∙ 3 chambres ∙ 6 personnes,Ovronnaz - Leytron - Valais
09/07/2024,20/07/2024,27/07/2024,1839.32,HXTSRZP,Maison de vacances ∙ 3 chambres ∙ 6 personnes,Ovronnaz - Leytron - Valais
09/07/2024,10/08/2024,17/08/2024,1839.32,HXTSRZP,Maison de vacances ∙ 3 chambres ∙ 6 personnes,Ovronnaz - Leytron - Valais
09/07/2024,07/09/2024,14/09/2024,1231.36,HXTSRZP,Maison de vacances ∙ 3 chambres ∙ 6 personnes,Ovronnaz - Leytron - Valais
09/07/2024,14/09/2024,21/09/2024,1231.36,HXTSRZP,Maison de vacances ∙ 3 chambres ∙ 6 personnes,Ovronnaz - Leytron - Valais
09/07/2024,21/09/2024,28/09/2024,1231.36,HXTSRZP,Maison de vacances ∙ 3 chambres ∙ 6 personnes,Ovronnaz - Leytron - Valais
09/07/2024,28/09/2024,05/10/2024,1231.36,HXTSRZP,Maison de vacances ∙ 3 chambres ∙ 6 personnes,Ovronnaz - Leytron - Valais
09/07/2024,05/10/2024,12/10/2024,1231.36,HXTSRZP,Maison de vacances ∙ 3 chambres ∙ 6 personnes,Ovronnaz - Leytron - Valais
09/07/2024,12/10/2024,19/10/2024,1231.36,HXTSRZP,Maison de vacances ∙ 3 chambres ∙ 6 personnes,Ovronnaz - Leytron - Valais
09/07/2024,19/10/2024,26/10/2024,1231.36,HXTSRZP,Maison de vacances ∙ 3 chambres ∙ 6 personnes,Ovronnaz - Leytron - Valais
09/07/2024,13/07/2024,20/07/2024,1936.18,HGS50D3,60 m² Maison de vacances ∙ 2 chambres ∙ 5 personnes,Evolène - Valais
09/07/2024,20/07/2024,27/07/2024,1936.18,HGS50D3,60 m² Maison de vacances ∙ 2 chambres ∙ 5 personnes,Evolène - Valais
09/07/2024,26/10/2024,02/11/2024,1755.85,HGS50D3,60 m² Maison de vacances ∙ 2 chambres ∙ 5 personnes,Evolène - Valais
09/07/2024,13/07/2024,20/07/2024,497.70,HV1DZLJ,26 m² Appartement ∙ 1 chambre ∙ 2 personnes,Crans-Montana - Valais
09/07/2024,20/07/2024,27/07/2024,702.75,HV1DZLJ,26 m² Appartement ∙ 1 chambre ∙ 2 personnes,Crans-Montana - Valais
09/07/2024,27/07/2024,03/08/2024,702.75,HV1DZLJ,26 m² Appartement ∙ 1 chambre ∙ 2 personnes,Crans-Montana - Valais
09/07/2024,03/08/2024,10/08/2024,702.75,HV1DZLJ,26 m² Appartement ∙ 1 chambre ∙ 2 personnes,Crans-Montana - Valais
09/07/2024,10/08/2024,17/08/2024,642.99,HV1DZLJ,26 m² Appartement ∙ 1 chambre ∙ 2 personnes,Crans-Montana - Valais
09/07/2024,17/08/2024,24/08/2024,642.99,HV1DZLJ,26 m² Appartement ∙ 1 chambre ∙ 2 personnes,Crans-Montana - Valais
09/07/2024,24/08/2024,31/08/2024,523.46,HV1DZLJ,26 m² Appartement ∙ 1 chambre ∙ 2 personnes,Crans-Montana - Valais
09/07/2024,21/09/2024,28/09/2024,523.46,HV1DZLJ,26 m² Appartement ∙ 1 chambre ∙ 2 personnes,Crans-Montana - Valais
09/07/2024,28/09/2024,05/10/2024,523.46,HV1DZLJ,26 m² Appartement ∙ 1 chambre ∙ 2 personnes,Crans-Montana - Valais
09/07/2024,05/10/2024,12/10/2024,523.46,HV1DZLJ,26 m² Appartement ∙ 1 chambre ∙ 2 personnes,Crans-Montana - Valais
09/07/2024,12/10/2024,19/10/2024,523.46,HV1DZLJ,26 m² Appartement ∙ 1 chambre ∙ 2 personnes,Crans-Montana - Valais
09/07/2024,19/10/2024,26/10/2024,523.46,HV1DZLJ,26 m² Appartement ∙ 1 chambre ∙ 2 personnes,Crans-Montana - Valais
09/07/2024,26/10/2024,02/11/2024,523.46,HV1DZLJ,26 m² Appartement ∙ 1 chambre ∙ 2 personnes,Crans-Montana - Valais
09/07/2024,14/09/2024,21/09/2024,1192.31,HNK07DE,62 m² Appartement ∙ 2 chambres ∙ 5 personnes,Bellwald - Valais
09/07/2024,12/10/2024,19/10/2024,1192.31,HNK07DE,62 m² Appartement ∙ 2 chambres ∙ 5 personnes,Bellwald - Valais
09/07/2024,19/10/2024,26/10/2024,1192.31,HNK07DE,62 m² Appartement ∙ 2 chambres ∙ 5 personnes,Bellwald - Valais
09/07/2024,26/10/2024,02/11/2024,1192.31,HNK07DE,62 m² Appartement ∙ 2 chambres ∙ 5 personnes,Bellwald - Valais
09/07/2024,20/07/2024,27/07/2024,2259.73,HHDFCVZ,180 m² Maison de vacances ∙ 3 chambres ∙ 8 personnes,Grimentz - Valais
09/07/2024,27/07/2024,03/08/2024,2259.73,HHDFCVZ,180 m² Maison de vacances ∙ 3 chambres ∙ 8 personnes,Grimentz - Valais
09/07/2024,17/08/2024,24/08/2024,1374.59,HHDFCVZ,180 m² Maison de vacances ∙ 3 chambres ∙ 8 personnes,Grimentz - Valais
09/07/2024,21/09/2024,28/09/2024,1374.59,HHDFCVZ,180 m² Maison de vacances ∙ 3 chambres ∙ 8 personnes,Grimentz - Valais
09/07/2024,28/09/2024,05/10/2024,1374.59,HHDFCVZ,180 m² Maison de vacances ∙ 3 chambres ∙ 8 personnes,Grimentz - Valais
09/07/2024,05/10/2024,12/10/2024,1374.59,HHDFCVZ,180 m² Maison de vacances ∙ 3 chambres ∙ 8 personnes,Grimentz - Valais
09/07/2024,12/10/2024,19/10/2024,1374.59,HHDFCVZ,180 m² Maison de vacances ∙ 3 chambres ∙ 8 personnes,Grimentz - Valais
09/07/2024,19/10/2024,26/10/2024,1374.59,HHDFCVZ,180 m² Maison de vacances ∙ 3 chambres ∙ 8 personnes,Grimentz - Valais
09/07/2024,26/10/2024,02/11/2024,1374.59,HHDFCVZ,180 m² Maison de vacances ∙ 3 chambres ∙ 8 personnes,Grimentz - Valais
09/07/2024,13/07/2024,20/07/2024,779.00,H7NLXEP,58 m² Appartement ∙ 2 chambres ∙ 4 personnes,Crans-Montana - Valais
09/07/2024,20/07/2024,27/07/2024,1066.49,H7NLXEP,58 m² Appartement ∙ 2 chambres ∙ 4 personnes,Crans-Montana - Valais
09/07/2024,24/08/2024,31/08/2024,826.40,H7NLXEP,58 m² Appartement ∙ 2 chambres ∙ 4 personnes,Crans-Montana - Valais
09/07/2024,31/08/2024,07/09/2024,998.49,H7NLXEP,58 m² Appartement ∙ 2 chambres ∙ 4 personnes,Crans-Montana - Valais
09/07/2024,07/09/2024,14/09/2024,998.49,H7NLXEP,58 m² Appartement ∙ 2 chambres ∙ 4 personnes,Crans-Montana - Valais
09/07/2024,14/09/2024,21/09/2024,826.40,H7NLXEP,58 m² Appartement ∙ 2 chambres ∙ 4 personnes,Crans-Montana - Valais
09/07/2024,21/09/2024,28/09/2024,826.40,H7NLXEP,58 m² Appartement ∙ 2 chambres ∙ 4 personnes,Crans-Montana - Valais
09/07/2024,28/09/2024,05/10/2024,826.40,H7NLXEP,58 m² Appartement ∙ 2 chambres ∙ 4 personnes,Crans-Montana - Valais
09/07/2024,05/10/2024,12/10/2024,826.40,H7NLXEP,58 m² Appartement ∙ 2 chambres ∙ 4 personnes,Crans-Montana - Valais
09/07/2024,12/10/2024,19/10/2024,826.40,H7NLXEP,58 m² Appartement ∙ 2 chambres ∙ 4 personnes,Crans-Montana - Valais
09/07/2024,19/10/2024,26/10/2024,826.40,H7NLXEP,58 m² Appartement ∙ 2 chambres ∙ 4 personnes,Crans-Montana - Valais
09/07/2024,26/10/2024,02/11/2024,826.40,H7NLXEP,58 m² Appartement ∙ 2 chambres ∙ 4 personnes,Crans-Montana - Valais
09/07/2024,13/07/2024,20/07/2024,2688.39,HNDJMFC,180 m² Maison de vacances ∙ 3 chambres ∙ 7 personnes,Val-d'Illiez - Valais
09/07/2024,20/07/2024,27/07/2024,2688.39,HNDJMFC,180 m² Maison de vacances ∙ 3 chambres ∙ 7 personnes,Val-d'Illiez - Valais
09/07/2024,03/08/2024,10/08/2024,2688.39,HNDJMFC,180 m² Maison de vacances ∙ 3 chambres ∙ 7 personnes,Val-d'Illiez - Valais
09/07/2024,14/09/2024,21/09/2024,1900.11,HNDJMFC,180 m² Maison de vacances ∙ 3 chambres ∙ 7 personnes,Val-d'Illiez - Valais
09/07/2024,21/09/2024,28/09/2024,1900.11,HNDJMFC,180 m² Maison de vacances ∙ 3 chambres ∙ 7 personnes,Val-d'Illiez - Valais
09/07/2024,28/09/2024,05/10/2024,1469.39,HNDJMFC,180 m² Maison de vacances ∙ 3 chambres ∙ 7 personnes,Val-d'Illiez - Valais
09/07/2024,05/10/2024,12/10/2024,1377.68,HNDJMFC,180 m² Maison de vacances ∙ 3 chambres ∙ 7 personnes,Val-d'Illiez - Valais
09/07/2024,12/10/2024,19/10/2024,1377.68,HNDJMFC,180 m² Maison de vacances ∙ 3 chambres ∙ 7 personnes,Val-d'Illiez - Valais
09/07/2024,19/10/2024,26/10/2024,1377.68,HNDJMFC,180 m² Maison de vacances ∙ 3 chambres ∙ 7 personnes,Val-d'Illiez - Valais
09/07/2024,26/10/2024,02/11/2024,1377.68,HNDJMFC,180 m² Maison de vacances ∙ 3 chambres ∙ 7 personnes,Val-d'Illiez - Valais
10/07/2024,03/08/2024,10/08/2024,2990.74,HCZHR95,99 m² Appartement ∙ 3 chambres ∙ 6 personnes,Saas Fee - Valais
10/07/2024,03/08/2024,10/08/2024,903.38,HJ162ED,30 m² Appartement ∙ 1 chambre ∙ 2 personnes,Verbier - Bagnes - Valais
10/07/2024,17/08/2024,24/08/2024,783.00,HJ162ED,30 m² Appartement ∙ 1 chambre ∙ 2 personnes,Verbier - Bagnes - Valais
10/07/2024,07/09/2024,14/09/2024,783.00,HJ162ED,30 m² Appartement ∙ 1 chambre ∙ 2 personnes,Verbier - Bagnes - Valais
10/07/2024,14/09/2024,21/09/2024,783.00,HJ162ED,30 m² Appartement ∙ 1 chambre ∙ 2 personnes,Verbier - Bagnes - Valais
10/07/2024,21/09/2024,28/09/2024,783.00,HJ162ED,30 m² Appartement ∙ 1 chambre ∙ 2 personnes,Verbier - Bagnes - Valais
10/07/2024,28/09/2024,05/10/2024,783.00,HJ162ED,30 m² Appartement ∙ 1 chambre ∙ 2 personnes,Verbier - Bagnes - Valais
10/07/2024,05/10/2024,12/10/2024,783.00,HJ162ED,30 m² Appartement ∙ 1 chambre ∙ 2 personnes,Verbier - Bagnes - Valais
10/07/2024,12/10/2024,19/10/2024,783.00,HJ162ED,30 m² Appartement ∙ 1 chambre ∙ 2 personnes,Verbier - Bagnes - Valais
10/07/2024,19/10/2024,26/10/2024,783.00,HJ162ED,30 m² Appartement ∙ 1 chambre ∙ 2 personnes,Verbier - Bagnes - Valais
10/07/2024,26/10/2024,02/11/2024,783.00,HJ162ED,30 m² Appartement ∙ 1 chambre ∙ 2 personnes,Verbier - Bagnes - Valais
10/07/2024,21/09/2024,28/09/2024,1645.63,HV3FC45,135 m² Maison de vacances ∙ 3 chambres ∙ 8 personnes,Hérémence - Valais
10/07/2024,19/10/2024,26/10/2024,1645.63,HV3FC45,135 m² Maison de vacances ∙ 3 chambres ∙ 8 personnes,Hérémence - Valais
10/07/2024,13/07/2024,20/07/2024,4995.18,H28RHFE,200 m² Maison de vacances ∙ 4 chambres ∙ 11 personnes,Vex - Valais
10/07/2024,20/07/2024,27/07/2024,4995.18,H28RHFE,200 m² Maison de vacances ∙ 4 chambres ∙ 11 personnes,Vex - Valais
10/07/2024,10/08/2024,17/08/2024,4995.18,H28RHFE,200 m² Maison de vacances ∙ 4 chambres ∙ 11 personnes,Vex - Valais
10/07/2024,17/08/2024,24/08/2024,3835.20,H28RHFE,200 m² Maison de vacances ∙ 4 chambres ∙ 11 personnes,Vex - Valais
10/07/2024,24/08/2024,31/08/2024,3153.71,H28RHFE,200 m² Maison de vacances ∙ 4 chambres ∙ 11 personnes,Vex - Valais
10/07/2024,31/08/2024,07/09/2024,3153.71,H28RHFE,200 m² Maison de vacances ∙ 4 chambres ∙ 11 personnes,Vex - Valais
10/07/2024,07/09/2024,14/09/2024,3153.71,H28RHFE,200 m² Maison de vacances ∙ 4 chambres ∙ 11 personnes,Vex - Valais
10/07/2024,14/09/2024,21/09/2024,3153.71,H28RHFE,200 m² Maison de vacances ∙ 4 chambres ∙ 11 personnes,Vex - Valais
10/07/2024,21/09/2024,28/09/2024,3153.71,H28RHFE,200 m² Maison de vacances ∙ 4 chambres ∙ 11 personnes,Vex - Valais
10/07/2024,28/09/2024,05/10/2024,3153.71,H28RHFE,200 m² Maison de vacances ∙ 4 chambres ∙ 11 personnes,Vex - Valais
10/07/2024,05/10/2024,12/10/2024,3153.71,H28RHFE,200 m² Maison de vacances ∙ 4 chambres ∙ 11 personnes,Vex - Valais
10/07/2024,12/10/2024,19/10/2024,3153.71,H28RHFE,200 m² Maison de vacances ∙ 4 chambres ∙ 11 personnes,Vex - Valais
10/07/2024,19/10/2024,26/10/2024,3153.71,H28RHFE,200 m² Maison de vacances ∙ 4 chambres ∙ 11 personnes,Vex - Valais
10/07/2024,26/10/2024,02/11/2024,3153.71,H28RHFE,200 m² Maison de vacances ∙ 4 chambres ∙ 11 personnes,Vex - Valais
10/07/2024,20/07/2024,27/07/2024,2822.25,HGEBUXR,25 m² Maison de vacances ∙ 1 chambre ∙ 2 personnes,Chandolin - Valais
10/07/2024,10/08/2024,17/08/2024,3069.10,HGEBUXR,25 m² Maison de vacances ∙ 1 chambre ∙ 2 personnes,Chandolin - Valais
10/07/2024,17/08/2024,24/08/2024,2822.25,HGEBUXR,25 m² Maison de vacances ∙ 1 chambre ∙ 2 personnes,Chandolin - Valais
10/07/2024,14/09/2024,21/09/2024,3110.24,HGEBUXR,25 m² Maison de vacances ∙ 1 chambre ∙ 2 personnes,Chandolin - Valais
10/07/2024,21/09/2024,28/09/2024,3110.24,HGEBUXR,25 m² Maison de vacances ∙ 1 chambre ∙ 2 personnes,Chandolin - Valais
10/07/2024,28/09/2024,05/10/2024,3110.24,HGEBUXR,25 m² Maison de vacances ∙ 1 chambre ∙ 2 personnes,Chandolin - Valais
10/07/2024,05/10/2024,12/10/2024,3110.24,HGEBUXR,25 m² Maison de vacances ∙ 1 chambre ∙ 2 personnes,Chandolin - Valais
10/07/2024,12/10/2024,19/10/2024,3110.24,HGEBUXR,25 m² Maison de vacances ∙ 1 chambre ∙ 2 personnes,Chandolin - Valais
10/07/2024,19/10/2024,26/10/2024,3110.24,HGEBUXR,25 m² Maison de vacances ∙ 1 chambre ∙ 2 personnes,Chandolin - Valais
10/07/2024,13/07/2024,20/07/2024,2428.53,HSCANK9,64 m² Appartement ∙ 3 chambres ∙ 7 personnes,Riederalp - Valais
10/07/2024,27/07/2024,03/08/2024,2428.53,HSCANK9,64 m² Appartement ∙ 3 chambres ∙ 7 personnes,Riederalp - Valais
10/07/2024,03/08/2024,10/08/2024,2428.53,HSCANK9,64 m² Appartement ∙ 3 chambres ∙ 7 personnes,Riederalp - Valais
10/07/2024,10/08/2024,17/08/2024,2428.53,HSCANK9,64 m² Appartement ∙ 3 chambres ∙ 7 personnes,Riederalp - Valais
10/07/2024,17/08/2024,24/08/2024,2428.53,HSCANK9,64 m² Appartement ∙ 3 chambres ∙ 7 personnes,Riederalp - Valais
10/07/2024,24/08/2024,31/08/2024,2428.53,HSCANK9,64 m² Appartement ∙ 3 chambres ∙ 7 personnes,Riederalp - Valais
10/07/2024,31/08/2024,07/09/2024,1718.85,HSCANK9,64 m² Appartement ∙ 3 chambres ∙ 7 personnes,Riederalp - Valais
10/07/2024,07/09/2024,14/09/2024,1447.32,HSCANK9,64 m² Appartement ∙ 3 chambres ∙ 7 personnes,Riederalp - Valais
10/07/2024,14/09/2024,21/09/2024,1447.32,HSCANK9,64 m² Appartement ∙ 3 chambres ∙ 7 personnes,Riederalp - Valais
10/07/2024,21/09/2024,28/09/2024,1447.32,HSCANK9,64 m² Appartement ∙ 3 chambres ∙ 7 personnes,Riederalp - Valais
10/07/2024,28/09/2024,05/10/2024,2057.03,HSCANK9,64 m² Appartement ∙ 3 chambres ∙ 7 personnes,Riederalp - Valais
10/07/2024,05/10/2024,12/10/2024,2057.03,HSCANK9,64 m² Appartement ∙ 3 chambres ∙ 7 personnes,Riederalp - Valais
10/07/2024,12/10/2024,19/10/2024,2057.03,HSCANK9,64 m² Appartement ∙ 3 chambres ∙ 7 personnes,Riederalp - Valais
10/07/2024,19/10/2024,26/10/2024,2057.03,HSCANK9,64 m² Appartement ∙ 3 chambres ∙ 7 personnes,Riederalp - Valais
10/07/2024,26/10/2024,02/11/2024,1612.71,HSCANK9,64 m² Appartement ∙ 3 chambres ∙ 7 personnes,Riederalp - Valais
10/07/2024,24/08/2024,31/08/2024,604.77,HG2HWVL,43 m² Appartement ∙ 1 chambre ∙ 5 personnes,Loèche-les-Bains - Valais
10/07/2024,31/08/2024,07/09/2024,456.66,HG2HWVL,43 m² Appartement ∙ 1 chambre ∙ 5 personnes,Loèche-les-Bains - Valais
10/07/2024,07/09/2024,14/09/2024,431.98,HG2HWVL,43 m² Appartement ∙ 1 chambre ∙ 5 personnes,Loèche-les-Bains - Valais
10/07/2024,28/09/2024,05/10/2024,431.98,HG2HWVL,43 m² Appartement ∙ 1 chambre ∙ 5 personnes,Loèche-les-Bains - Valais
10/07/2024,19/10/2024,26/10/2024,431.98,HG2HWVL,43 m² Appartement ∙ 1 chambre ∙ 5 personnes,Loèche-les-Bains - Valais
10/07/2024,26/10/2024,02/11/2024,431.98,HG2HWVL,43 m² Appartement ∙ 1 chambre ∙ 5 personnes,Loèche-les-Bains - Valais
10/07/2024,20/07/2024,27/07/2024,1194.05,H4AEDXH,85 m² Appartement ∙ 2 chambres ∙ 4 personnes,Saas Fee - Valais
10/07/2024,31/08/2024,07/09/2024,731.84,H4AEDXH,85 m² Appartement ∙ 2 chambres ∙ 4 personnes,Saas Fee - Valais
10/07/2024,21/09/2024,28/09/2024,731.84,H4AEDXH,85 m² Appartement ∙ 2 chambres ∙ 4 personnes,Saas Fee - Valais
10/07/2024,05/10/2024,12/10/2024,731.84,H4AEDXH,85 m² Appartement ∙ 2 chambres ∙ 4 personnes,Saas Fee - Valais
10/07/2024,12/10/2024,19/10/2024,731.84,H4AEDXH,85 m² Appartement ∙ 2 chambres ∙ 4 personnes,Saas Fee - Valais
10/07/2024,19/10/2024,26/10/2024,731.84,H4AEDXH,85 m² Appartement ∙ 2 chambres ∙ 4 personnes,Saas Fee - Valais
10/07/2024,26/10/2024,02/11/2024,731.84,H4AEDXH,85 m² Appartement ∙ 2 chambres ∙ 4 personnes,Saas Fee - Valais
10/07/2024,17/08/2024,24/08/2024,1561.25,HXH87RF,95 m² Maison de vacances ∙ 3 chambres ∙ 8 personnes,Riddes - Valais
10/07/2024,24/08/2024,31/08/2024,1477.66,HXH87RF,95 m² Maison de vacances ∙ 3 chambres ∙ 8 personnes,Riddes - Valais
10/07/2024,31/08/2024,07/09/2024,1428.41,HXH87RF,95 m² Maison de vacances ∙ 3 chambres ∙ 8 personnes,Riddes - Valais
10/07/2024,07/09/2024,14/09/2024,1389.60,HXH87RF,95 m² Maison de vacances ∙ 3 chambres ∙ 8 personnes,Riddes - Valais
10/07/2024,14/09/2024,21/09/2024,1389.60,HXH87RF,95 m² Maison de vacances ∙ 3 chambres ∙ 8 personnes,Riddes - Valais
10/07/2024,21/09/2024,28/09/2024,1389.60,HXH87RF,95 m² Maison de vacances ∙ 3 chambres ∙ 8 personnes,Riddes - Valais
10/07/2024,28/09/2024,05/10/2024,1389.60,HXH87RF,95 m² Maison de vacances ∙ 3 chambres ∙ 8 personnes,Riddes - Valais
10/07/2024,05/10/2024,12/10/2024,1389.60,HXH87RF,95 m² Maison de vacances ∙ 3 chambres ∙ 8 personnes,Riddes - Valais
10/07/2024,12/10/2024,19/10/2024,1389.60,HXH87RF,95 m² Maison de vacances ∙ 3 chambres ∙ 8 personnes,Riddes - Valais
10/07/2024,19/10/2024,26/10/2024,1389.60,HXH87RF,95 m² Maison de vacances ∙ 3 chambres ∙ 8 personnes,Riddes - Valais
10/07/2024,26/10/2024,02/11/2024,1534.37,HXH87RF,95 m² Maison de vacances ∙ 3 chambres ∙ 8 personnes,Riddes - Valais
10/07/2024,10/08/2024,17/08/2024,1313.42,HVZFSYB,80 m² Appartement ∙ 3 chambres ∙ 6 personnes,Nendaz - Valais
10/07/2024,17/08/2024,24/08/2024,961.66,HVZFSYB,80 m² Appartement ∙ 3 chambres ∙ 6 personnes,Nendaz - Valais
10/07/2024,24/08/2024,31/08/2024,961.66,HVZFSYB,80 m² Appartement ∙ 3 chambres ∙ 6 personnes,Nendaz - Valais
10/07/2024,31/08/2024,07/09/2024,961.66,HVZFSYB,80 m² Appartement ∙ 3 chambres ∙ 6 personnes,Nendaz - Valais
10/07/2024,21/09/2024,28/09/2024,961.66,HVZFSYB,80 m² Appartement ∙ 3 chambres ∙ 6 personnes,Nendaz - Valais
10/07/2024,28/09/2024,05/10/2024,961.66,HVZFSYB,80 m² Appartement ∙ 3 chambres ∙ 6 personnes,Nendaz - Valais
10/07/2024,05/10/2024,12/10/2024,961.66,HVZFSYB,80 m² Appartement ∙ 3 chambres ∙ 6 personnes,Nendaz - Valais
10/07/2024,12/10/2024,19/10/2024,961.66,HVZFSYB,80 m² Appartement ∙ 3 chambres ∙ 6 personnes,Nendaz - Valais
10/07/2024,19/10/2024,26/10/2024,961.66,HVZFSYB,80 m² Appartement ∙ 3 chambres ∙ 6 personnes,Nendaz - Valais
10/07/2024,26/10/2024,02/11/2024,961.66,HVZFSYB,80 m² Appartement ∙ 3 chambres ∙ 6 personnes,Nendaz - Valais
10/07/2024,13/07/2024,20/07/2024,1793.73,H4W2SGJ,90 m² Maison de vacances ∙ 3 chambres ∙ 6 personnes,Chamoson - Valais
10/07/2024,07/09/2024,14/09/2024,1392.61,H4W2SGJ,90 m² Maison de vacances ∙ 3 chambres ∙ 6 personnes,Chamoson - Valais
10/07/2024,14/09/2024,21/09/2024,1392.61,H4W2SGJ,90 m² Maison de vacances ∙ 3 chambres ∙ 6 personnes,Chamoson - Valais
10/07/2024,21/09/2024,28/09/2024,1392.61,H4W2SGJ,90 m² Maison de vacances ∙ 3 chambres ∙ 6 personnes,Chamoson - Valais
10/07/2024,28/09/2024,05/10/2024,1392.61,H4W2SGJ,90 m² Maison de vacances ∙ 3 chambres ∙ 6 personnes,Chamoson - Valais
10/07/2024,05/10/2024,12/10/2024,1392.61,H4W2SGJ,90 m² Maison de vacances ∙ 3 chambres ∙ 6 personnes,Chamoson - Valais
10/07/2024,12/10/2024,19/10/2024,1392.61,H4W2SGJ,90 m² Maison de vacances ∙ 3 chambres ∙ 6 personnes,Chamoson - Valais
10/07/2024,19/10/2024,26/10/2024,1392.61,H4W2SGJ,90 m² Maison de vacances ∙ 3 chambres ∙ 6 personnes,Chamoson - Valais
10/07/2024,26/10/2024,02/11/2024,1392.61,H4W2SGJ,90 m² Maison de vacances ∙ 3 chambres ∙ 6 personnes,Chamoson - Valais
10/07/2024,24/08/2024,31/08/2024,1749.86,HUFH974,140 m² Maison de vacances ∙ 4 chambres ∙ 10 personnes,Saint-Nicolas - Valais
10/07/2024,31/08/2024,07/09/2024,1749.86,HUFH974,140 m² Maison de vacances ∙ 4 chambres ∙ 10 personnes,Saint-Nicolas - Valais
10/07/2024,05/10/2024,12/10/2024,1749.86,HUFH974,140 m² Maison de vacances ∙ 4 chambres ∙ 10 personnes,Saint-Nicolas - Valais
10/07/2024,12/10/2024,19/10/2024,1749.86,HUFH974,140 m² Maison de vacances ∙ 4 chambres ∙ 10 personnes,Saint-Nicolas - Valais
10/07/2024,19/10/2024,26/10/2024,1749.86,HUFH974,140 m² Maison de vacances ∙ 4 chambres ∙ 10 personnes,Saint-Nicolas - Valais
10/07/2024,26/10/2024,02/11/2024,1749.86,HUFH974,140 m² Maison de vacances ∙ 4 chambres ∙ 10 personnes,Saint-Nicolas - Valais
10/07/2024,13/07/2024,20/07/2024,1155.54,HJK186S,135 m² Appartement ∙ 4 chambres ∙ 8 personnes,Saas Grund - Valais
10/07/2024,20/07/2024,27/07/2024,1155.54,HJK186S,135 m² Appartement ∙ 4 chambres ∙ 8 personnes,Saas Grund - Valais
10/07/2024,27/07/2024,03/08/2024,1155.54,HJK186S,135 m² Appartement ∙ 4 chambres ∙ 8 personnes,Saas Grund - Valais
10/07/2024,10/08/2024,17/08/2024,1155.54,HJK186S,135 m² Appartement ∙ 4 chambres ∙ 8 personnes,Saas Grund - Valais
10/07/2024,31/08/2024,07/09/2024,1104.63,H1F27BJ,77 m² Appartement ∙ 2 chambres ∙ 4 personnes,Crans-Montana - Valais
10/07/2024,21/09/2024,28/09/2024,827.96,H1F27BJ,77 m² Appartement ∙ 2 chambres ∙ 4 personnes,Crans-Montana - Valais
10/07/2024,28/09/2024,05/10/2024,827.96,H1F27BJ,77 m² Appartement ∙ 2 chambres ∙ 4 personnes,Crans-Montana - Valais
10/07/2024,05/10/2024,12/10/2024,827.96,H1F27BJ,77 m² Appartement ∙ 2 chambres ∙ 4 personnes,Crans-Montana - Valais
10/07/2024,12/10/2024,19/10/2024,827.96,H1F27BJ,77 m² Appartement ∙ 2 chambres ∙ 4 personnes,Crans-Montana - Valais
10/07/2024,19/10/2024,26/10/2024,827.96,H1F27BJ,77 m² Appartement ∙ 2 chambres ∙ 4 personnes,Crans-Montana - Valais
10/07/2024,26/10/2024,02/11/2024,827.96,H1F27BJ,77 m² Appartement ∙ 2 chambres ∙ 4 personnes,Crans-Montana - Valais
10/07/2024,13/07/2024,20/07/2024,694.25,HUSVZEJ,65 m² Appartement ∙ 1 chambre ∙ 4 personnes,Loèche-les-Bains - Valais
10/07/2024,20/07/2024,27/07/2024,694.25,HUSVZEJ,65 m² Appartement ∙ 1 chambre ∙ 4 personnes,Loèche-les-Bains - Valais
10/07/2024,27/07/2024,03/08/2024,926.69,HUSVZEJ,65 m² Appartement ∙ 1 chambre ∙ 4 personnes,Loèche-les-Bains - Valais
10/07/2024,03/08/2024,10/08/2024,926.69,HUSVZEJ,65 m² Appartement ∙ 1 chambre ∙ 4 personnes,Loèche-les-Bains - Valais
10/07/2024,10/08/2024,17/08/2024,926.69,HUSVZEJ,65 m² Appartement ∙ 1 chambre ∙ 4 personnes,Loèche-les-Bains - Valais
10/07/2024,17/08/2024,24/08/2024,821.78,HUSVZEJ,65 m² Appartement ∙ 1 chambre ∙ 4 personnes,Loèche-les-Bains - Valais
10/07/2024,24/08/2024,31/08/2024,821.78,HUSVZEJ,65 m² Appartement ∙ 1 chambre ∙ 4 personnes,Loèche-les-Bains - Valais
10/07/2024,31/08/2024,07/09/2024,821.78,HUSVZEJ,65 m² Appartement ∙ 1 chambre ∙ 4 personnes,Loèche-les-Bains - Valais
10/07/2024,21/09/2024,28/09/2024,716.88,HUSVZEJ,65 m² Appartement ∙ 1 chambre ∙ 4 personnes,Loèche-les-Bains - Valais
10/07/2024,28/09/2024,05/10/2024,716.88,HUSVZEJ,65 m² Appartement ∙ 1 chambre ∙ 4 personnes,Loèche-les-Bains - Valais
10/07/2024,19/10/2024,26/10/2024,716.88,HUSVZEJ,65 m² Appartement ∙ 1 chambre ∙ 4 personnes,Loèche-les-Bains - Valais
10/07/2024,26/10/2024,02/11/2024,716.88,HUSVZEJ,65 m² Appartement ∙ 1 chambre ∙ 4 personnes,Loèche-les-Bains - Valais
10/07/2024,10/08/2024,17/08/2024,2054.46,HMPZTBR,95 m² Appartement ∙ 2 chambres ∙ 4 personnes,Saas Fee - Valais
10/07/2024,31/08/2024,07/09/2024,2054.46,HMPZTBR,95 m² Appartement ∙ 2 chambres ∙ 4 personnes,Saas Fee - Valais
10/07/2024,07/09/2024,14/09/2024,2054.46,HMPZTBR,95 m² Appartement ∙ 2 chambres ∙ 4 personnes,Saas Fee - Valais
10/07/2024,14/09/2024,21/09/2024,2054.46,HMPZTBR,95 m² Appartement ∙ 2 chambres ∙ 4 personnes,Saas Fee - Valais
10/07/2024,21/09/2024,28/09/2024,2054.46,HMPZTBR,95 m² Appartement ∙ 2 chambres ∙ 4 personnes,Saas Fee - Valais
10/07/2024,28/09/2024,05/10/2024,2054.46,HMPZTBR,95 m² Appartement ∙ 2 chambres ∙ 4 personnes,Saas Fee - Valais
10/07/2024,05/10/2024,12/10/2024,2054.46,HMPZTBR,95 m² Appartement ∙ 2 chambres ∙ 4 personnes,Saas Fee - Valais
10/07/2024,12/10/2024,19/10/2024,2054.46,HMPZTBR,95 m² Appartement ∙ 2 chambres ∙ 4 personnes,Saas Fee - Valais
10/07/2024,19/10/2024,26/10/2024,2054.46,HMPZTBR,95 m² Appartement ∙ 2 chambres ∙ 4 personnes,Saas Fee - Valais
10/07/2024,26/10/2024,02/11/2024,2054.46,HMPZTBR,95 m² Appartement ∙ 2 chambres ∙ 4 personnes,Saas Fee - Valais
10/07/2024,19/10/2024,26/10/2024,980.18,HDG9E1W,70 m² Appartement ∙ 2 chambres ∙ 4 personnes,Grächen - Valais
10/07/2024,26/10/2024,02/11/2024,980.18,HDG9E1W,70 m² Appartement ∙ 2 chambres ∙ 4 personnes,Grächen - Valais
10/07/2024,13/07/2024,20/07/2024,2549.33,H38E4TB,160 m² Maison de vacances ∙ 4 chambres ∙ 8 personnes,Riddes - Valais
10/07/2024,10/08/2024,17/08/2024,2612.02,H38E4TB,160 m² Maison de vacances ∙ 4 chambres ∙ 8 personnes,Riddes - Valais
10/07/2024,31/08/2024,07/09/2024,2579.18,H38E4TB,160 m² Maison de vacances ∙ 4 chambres ∙ 8 personnes,Riddes - Valais
10/07/2024,07/09/2024,14/09/2024,2549.33,H38E4TB,160 m² Maison de vacances ∙ 4 chambres ∙ 8 personnes,Riddes - Valais
10/07/2024,14/09/2024,21/09/2024,2549.33,H38E4TB,160 m² Maison de vacances ∙ 4 chambres ∙ 8 personnes,Riddes - Valais
10/07/2024,21/09/2024,28/09/2024,2549.33,H38E4TB,160 m² Maison de vacances ∙ 4 chambres ∙ 8 personnes,Riddes - Valais
10/07/2024,28/09/2024,05/10/2024,2549.33,H38E4TB,160 m² Maison de vacances ∙ 4 chambres ∙ 8 personnes,Riddes - Valais
10/07/2024,05/10/2024,12/10/2024,2549.33,H38E4TB,160 m² Maison de vacances ∙ 4 chambres ∙ 8 personnes,Riddes - Valais
10/07/2024,12/10/2024,19/10/2024,2549.33,H38E4TB,160 m² Maison de vacances ∙ 4 chambres ∙ 8 personnes,Riddes - Valais
10/07/2024,19/10/2024,26/10/2024,2549.33,H38E4TB,160 m² Maison de vacances ∙ 4 chambres ∙ 8 personnes,Riddes - Valais
10/07/2024,26/10/2024,02/11/2024,2662.76,H38E4TB,160 m² Maison de vacances ∙ 4 chambres ∙ 8 personnes,Riddes - Valais
10/07/2024,17/08/2024,24/08/2024,2026.17,HJL0SMZ,105 m² Maison de vacances ∙ 3 chambres ∙ 6 personnes,Hérémence - Valais
10/07/2024,07/09/2024,14/09/2024,1812.24,HJL0SMZ,105 m² Maison de vacances ∙ 3 chambres ∙ 6 personnes,Hérémence - Valais
10/07/2024,14/09/2024,21/09/2024,1812.24,HJL0SMZ,105 m² Maison de vacances ∙ 3 chambres ∙ 6 personnes,Hérémence - Valais
10/07/2024,21/09/2024,28/09/2024,1812.24,HJL0SMZ,105 m² Maison de vacances ∙ 3 chambres ∙ 6 personnes,Hérémence - Valais
10/07/2024,28/09/2024,05/10/2024,1812.24,HJL0SMZ,105 m² Maison de vacances ∙ 3 chambres ∙ 6 personnes,Hérémence - Valais
10/07/2024,05/10/2024,12/10/2024,1812.24,HJL0SMZ,105 m² Maison de vacances ∙ 3 chambres ∙ 6 personnes,Hérémence - Valais
10/07/2024,12/10/2024,19/10/2024,1812.24,HJL0SMZ,105 m² Maison de vacances ∙ 3 chambres ∙ 6 personnes,Hérémence - Valais
10/07/2024,19/10/2024,26/10/2024,1812.24,HJL0SMZ,105 m² Maison de vacances ∙ 3 chambres ∙ 6 personnes,Hérémence - Valais
10/07/2024,26/10/2024,02/11/2024,1812.24,HJL0SMZ,105 m² Maison de vacances ∙ 3 chambres ∙ 6 personnes,Hérémence - Valais
10/07/2024,31/08/2024,07/09/2024,2404.16,H5FZLWR,90 m² Appartement ∙ 3 chambres ∙ 6 personnes,Saas Fee - Valais
10/07/2024,07/09/2024,14/09/2024,2404.16,H5FZLWR,90 m² Appartement ∙ 3 chambres ∙ 6 personnes,Saas Fee - Valais
10/07/2024,14/09/2024,21/09/2024,2404.16,H5FZLWR,90 m² Appartement ∙ 3 chambres ∙ 6 personnes,Saas Fee - Valais
10/07/2024,21/09/2024,28/09/2024,2404.16,H5FZLWR,90 m² Appartement ∙ 3 chambres ∙ 6 personnes,Saas Fee - Valais
10/07/2024,28/09/2024,05/10/2024,2404.16,H5FZLWR,90 m² Appartement ∙ 3 chambres ∙ 6 personnes,Saas Fee - Valais
10/07/2024,05/10/2024,12/10/2024,2404.16,H5FZLWR,90 m² Appartement ∙ 3 chambres ∙ 6 personnes,Saas Fee - Valais
10/07/2024,12/10/2024,19/10/2024,2404.16,H5FZLWR,90 m² Appartement ∙ 3 chambres ∙ 6 personnes,Saas Fee - Valais
10/07/2024,19/10/2024,26/10/2024,2043.14,H5FZLWR,90 m² Appartement ∙ 3 chambres ∙ 6 personnes,Saas Fee - Valais
10/07/2024,26/10/2024,02/11/2024,1911.08,H5FZLWR,90 m² Appartement ∙ 3 chambres ∙ 6 personnes,Saas Fee - Valais
10/07/2024,10/08/2024,17/08/2024,1261.74,HD0B8Y4,74 m² Appartement ∙ 2 chambres ∙ 4 personnes,Ovronnaz - Leytron - Valais
10/07/2024,17/08/2024,24/08/2024,1261.74,HD0B8Y4,74 m² Appartement ∙ 2 chambres ∙ 4 personnes,Ovronnaz - Leytron - Valais
10/07/2024,24/08/2024,31/08/2024,1007.75,HD0B8Y4,74 m² Appartement ∙ 2 chambres ∙ 4 personnes,Ovronnaz - Leytron - Valais
10/07/2024,31/08/2024,07/09/2024,1007.75,HD0B8Y4,74 m² Appartement ∙ 2 chambres ∙ 4 personnes,Ovronnaz - Leytron - Valais
10/07/2024,07/09/2024,14/09/2024,1007.75,HD0B8Y4,74 m² Appartement ∙ 2 chambres ∙ 4 personnes,Ovronnaz - Leytron - Valais
10/07/2024,14/09/2024,21/09/2024,1007.75,HD0B8Y4,74 m² Appartement ∙ 2 chambres ∙ 4 personnes,Ovronnaz - Leytron - Valais
10/07/2024,21/09/2024,28/09/2024,1007.75,HD0B8Y4,74 m² Appartement ∙ 2 chambres ∙ 4 personnes,Ovronnaz - Leytron - Valais
10/07/2024,28/09/2024,05/10/2024,1007.75,HD0B8Y4,74 m² Appartement ∙ 2 chambres ∙ 4 personnes,Ovronnaz - Leytron - Valais
10/07/2024,05/10/2024,12/10/2024,1007.75,HD0B8Y4,74 m² Appartement ∙ 2 chambres ∙ 4 personnes,Ovronnaz - Leytron - Valais
10/07/2024,12/10/2024,19/10/2024,1007.75,HD0B8Y4,74 m² Appartement ∙ 2 chambres ∙ 4 personnes,Ovronnaz - Leytron - Valais
10/07/2024,19/10/2024,26/10/2024,1007.75,HD0B8Y4,74 m² Appartement ∙ 2 chambres ∙ 4 personnes,Ovronnaz - Leytron - Valais
10/07/2024,26/10/2024,02/11/2024,1007.75,HD0B8Y4,74 m² Appartement ∙ 2 chambres ∙ 4 personnes,Ovronnaz - Leytron - Valais
10/07/2024,13/07/2024,20/07/2024,1190.85,HXG5M76,140 m² Maison de vacances ∙ 4 chambres ∙ 8 personnes,Riddes - Valais
10/07/2024,31/08/2024,07/09/2024,1219.20,HXG5M76,140 m² Maison de vacances ∙ 4 chambres ∙ 8 personnes,Riddes - Valais
10/07/2024,07/09/2024,14/09/2024,1190.85,HXG5M76,140 m² Maison de vacances ∙ 4 chambres ∙ 8 personnes,Riddes - Valais
10/07/2024,14/09/2024,21/09/2024,1190.85,HXG5M76,140 m² Maison de vacances ∙ 4 chambres ∙ 8 personnes,Riddes - Valais
10/07/2024,21/09/2024,28/09/2024,1190.85,HXG5M76,140 m² Maison de vacances ∙ 4 chambres ∙ 8 personnes,Riddes - Valais
10/07/2024,28/09/2024,05/10/2024,1190.85,HXG5M76,140 m² Maison de vacances ∙ 4 chambres ∙ 8 personnes,Riddes - Valais
10/07/2024,05/10/2024,12/10/2024,1190.85,HXG5M76,140 m² Maison de vacances ∙ 4 chambres ∙ 8 personnes,Riddes - Valais
10/07/2024,12/10/2024,19/10/2024,1190.85,HXG5M76,140 m² Maison de vacances ∙ 4 chambres ∙ 8 personnes,Riddes - Valais
10/07/2024,19/10/2024,26/10/2024,1190.85,HXG5M76,140 m² Maison de vacances ∙ 4 chambres ∙ 8 personnes,Riddes - Valais
10/07/2024,26/10/2024,02/11/2024,1274.41,HXG5M76,140 m² Maison de vacances ∙ 4 chambres ∙ 8 personnes,Riddes - Valais
10/07/2024,10/08/2024,17/08/2024,647.84,H21C3BJ,45 m² Appartement ∙ 1 chambre ∙ 4 personnes,Loèche-les-Bains - Valais
10/07/2024,24/08/2024,31/08/2024,647.84,H21C3BJ,45 m² Appartement ∙ 1 chambre ∙ 4 personnes,Loèche-les-Bains - Valais
10/07/2024,28/09/2024,05/10/2024,647.84,H21C3BJ,45 m² Appartement ∙ 1 chambre ∙ 4 personnes,Loèche-les-Bains - Valais
10/07/2024,05/10/2024,12/10/2024,647.84,H21C3BJ,45 m² Appartement ∙ 1 chambre ∙ 4 personnes,Loèche-les-Bains - Valais
10/07/2024,12/10/2024,19/10/2024,647.84,H21C3BJ,45 m² Appartement ∙ 1 chambre ∙ 4 personnes,Loèche-les-Bains - Valais
10/07/2024,19/10/2024,26/10/2024,647.84,H21C3BJ,45 m² Appartement ∙ 1 chambre ∙ 4 personnes,Loèche-les-Bains - Valais
10/07/2024,26/10/2024,02/11/2024,604.65,H21C3BJ,45 m² Appartement ∙ 1 chambre ∙ 4 personnes,Loèche-les-Bains - Valais
10/07/2024,07/09/2024,14/09/2024,1000.55,HNLPE4V,37 m² Appartement ∙ 1 chambre ∙ 4 personnes,Verbier - Bagnes - Valais
10/07/2024,14/09/2024,21/09/2024,1000.55,HNLPE4V,37 m² Appartement ∙ 1 chambre ∙ 4 personnes,Verbier - Bagnes - Valais
10/07/2024,21/09/2024,28/09/2024,1000.55,HNLPE4V,37 m² Appartement ∙ 1 chambre ∙ 4 personnes,Verbier - Bagnes - Valais
10/07/2024,28/09/2024,05/10/2024,1000.55,HNLPE4V,37 m² Appartement ∙ 1 chambre ∙ 4 personnes,Verbier - Bagnes - Valais
10/07/2024,05/10/2024,12/10/2024,1000.55,HNLPE4V,37 m² Appartement ∙ 1 chambre ∙ 4 personnes,Verbier - Bagnes - Valais
10/07/2024,12/10/2024,19/10/2024,1000.55,HNLPE4V,37 m² Appartement ∙ 1 chambre ∙ 4 personnes,Verbier - Bagnes - Valais
10/07/2024,19/10/2024,26/10/2024,1000.55,HNLPE4V,37 m² Appartement ∙ 1 chambre ∙ 4 personnes,Verbier - Bagnes - Valais
10/07/2024,26/10/2024,02/11/2024,1000.55,HNLPE4V,37 m² Appartement ∙ 1 chambre ∙ 4 personnes,Verbier - Bagnes - Valais
10/07/2024,13/07/2024,20/07/2024,1012.47,HDBPS3J,55 m² Appartement ∙ 1 chambre ∙ 4 personnes,Vercorin - Valais
10/07/2024,20/07/2024,27/07/2024,1012.47,HDBPS3J,55 m² Appartement ∙ 1 chambre ∙ 4 personnes,Vercorin - Valais
10/07/2024,27/07/2024,03/08/2024,1012.47,HDBPS3J,55 m² Appartement ∙ 1 chambre ∙ 4 personnes,Vercorin - Valais
10/07/2024,03/08/2024,10/08/2024,1012.47,HDBPS3J,55 m² Appartement ∙ 1 chambre ∙ 4 personnes,Vercorin - Valais
10/07/2024,10/08/2024,17/08/2024,1012.47,HDBPS3J,55 m² Appartement ∙ 1 chambre ∙ 4 personnes,Vercorin - Valais
10/07/2024,17/08/2024,24/08/2024,759.84,HDBPS3J,55 m² Appartement ∙ 1 chambre ∙ 4 personnes,Vercorin - Valais
10/07/2024,21/09/2024,28/09/2024,759.84,HDBPS3J,55 m² Appartement ∙ 1 chambre ∙ 4 personnes,Vercorin - Valais
10/07/2024,28/09/2024,05/10/2024,759.84,HDBPS3J,55 m² Appartement ∙ 1 chambre ∙ 4 personnes,Vercorin - Valais
10/07/2024,05/10/2024,12/10/2024,759.12,HDBPS3J,55 m² Appartement ∙ 1 chambre ∙ 4 personnes,Vercorin - Valais
10/07/2024,12/10/2024,19/10/2024,759.12,HDBPS3J,55 m² Appartement ∙ 1 chambre ∙ 4 personnes,Vercorin - Valais
10/07/2024,26/10/2024,02/11/2024,759.12,HDBPS3J,55 m² Appartement ∙ 1 chambre ∙ 4 personnes,Vercorin - Valais
10/07/2024,21/09/2024,28/09/2024,746.88,H7S8M5J,61 m² Appartement ∙ 1 chambre ∙ 4 personnes,La Lenk - Berne
10/07/2024,12/10/2024,19/10/2024,592.77,H7S8M5J,61 m² Appartement ∙ 1 chambre ∙ 4 personnes,La Lenk - Berne
10/07/2024,19/10/2024,26/10/2024,592.77,H7S8M5J,61 m² Appartement ∙ 1 chambre ∙ 4 personnes,La Lenk - Berne
10/07/2024,26/10/2024,02/11/2024,592.77,H7S8M5J,61 m² Appartement ∙ 1 chambre ∙ 4 personnes,La Lenk - Berne
10/07/2024,31/08/2024,07/09/2024,464.36,HGVPCNL,Appartement ∙ 1 chambre ∙ 5 personnes,Kandersteg - Berne
10/07/2024,07/09/2024,14/09/2024,464.36,HGVPCNL,Appartement ∙ 1 chambre ∙ 5 personnes,Kandersteg - Berne
10/07/2024,21/09/2024,28/09/2024,464.36,HGVPCNL,Appartement ∙ 1 chambre ∙ 5 personnes,Kandersteg - Berne
10/07/2024,28/09/2024,05/10/2024,579.41,HGVPCNL,Appartement ∙ 1 chambre ∙ 5 personnes,Kandersteg - Berne
10/07/2024,05/10/2024,12/10/2024,622.56,HGVPCNL,Appartement ∙ 1 chambre ∙ 5 personnes,Kandersteg - Berne
10/07/2024,12/10/2024,19/10/2024,622.56,HGVPCNL,Appartement ∙ 1 chambre ∙ 5 personnes,Kandersteg - Berne
10/07/2024,19/10/2024,26/10/2024,622.56,HGVPCNL,Appartement ∙ 1 chambre ∙ 5 personnes,Kandersteg - Berne
10/07/2024,26/10/2024,02/11/2024,622.56,HGVPCNL,Appartement ∙ 1 chambre ∙ 5 personnes,Kandersteg - Berne
10/07/2024,13/07/2024,20/07/2024,1764.97,HDZV9EN,Maison de vacances ∙ 3 chambres ∙ 6 personnes,Zinal - Ayer - Valais
10/07/2024,07/09/2024,14/09/2024,1466.01,HDZV9EN,Maison de vacances ∙ 3 chambres ∙ 6 personnes,Zinal - Ayer - Valais
10/07/2024,14/09/2024,21/09/2024,1466.01,HDZV9EN,Maison de vacances ∙ 3 chambres ∙ 6 personnes,Zinal - Ayer - Valais
10/07/2024,21/09/2024,28/09/2024,1466.01,HDZV9EN,Maison de vacances ∙ 3 chambres ∙ 6 personnes,Zinal - Ayer - Valais
10/07/2024,28/09/2024,05/10/2024,1466.01,HDZV9EN,Maison de vacances ∙ 3 chambres ∙ 6 personnes,Zinal - Ayer - Valais
10/07/2024,05/10/2024,12/10/2024,1466.01,HDZV9EN,Maison de vacances ∙ 3 chambres ∙ 6 personnes,Zinal - Ayer - Valais
10/07/2024,26/10/2024,02/11/2024,1466.01,HDZV9EN,Maison de vacances ∙ 3 chambres ∙ 6 personnes,Zinal - Ayer - Valais
10/07/2024,13/07/2024,20/07/2024,1003,HTJ0USD,2 room,2 roomZinal - Ayer - Valais
10/07/2024,20/07/2024,27/07/2024,1121.85,HTJ0USD,2 room,2 roomZinal - Ayer - Valais
10/07/2024,27/07/2024,03/08/2024,1121.85,HTJ0USD,2 room,2 roomZinal - Ayer - Valais
10/07/2024,24/08/2024,31/08/2024,515.72,HTJ0USD,2 room,2 roomZinal - Ayer - Valais
10/07/2024,31/08/2024,07/09/2024,515.72,HTJ0USD,2 room,2 roomZinal - Ayer - Valais
10/07/2024,07/09/2024,14/09/2024,515.72,HTJ0USD,2 room,2 roomZinal - Ayer - Valais
10/07/2024,14/09/2024,21/09/2024,515.72,HTJ0USD,2 room,2 roomZinal - Ayer - Valais
10/07/2024,21/09/2024,28/09/2024,515.72,HTJ0USD,2 room,2 roomZinal - Ayer - Valais
10/07/2024,28/09/2024,05/10/2024,515.72,HTJ0USD,2 room,2 roomZinal - Ayer - Valais
10/07/2024,05/10/2024,12/10/2024,740.71,HTJ0USD,2 room,2 roomZinal - Ayer - Valais
10/07/2024,12/10/2024,19/10/2024,740.71,HTJ0USD,2 room,2 roomZinal - Ayer - Valais
10/07/2024,19/10/2024,26/10/2024,515.72,HTJ0USD,2 room,2 roomZinal - Ayer - Valais
10/07/2024,07/09/2024,14/09/2024,1568.74,HGB6MA1,Maison de vacances ∙ 3 chambres ∙ 6 personnes,Zinal - Ayer - Valais
10/07/2024,14/09/2024,21/09/2024,1568.74,HGB6MA1,Maison de vacances ∙ 3 chambres ∙ 6 personnes,Zinal - Ayer - Valais
10/07/2024,21/09/2024,28/09/2024,1568.74,HGB6MA1,Maison de vacances ∙ 3 chambres ∙ 6 personnes,Zinal - Ayer - Valais
10/07/2024,28/09/2024,05/10/2024,1568.74,HGB6MA1,Maison de vacances ∙ 3 chambres ∙ 6 personnes,Zinal - Ayer - Valais
10/07/2024,05/10/2024,12/10/2024,1568.74,HGB6MA1,Maison de vacances ∙ 3 chambres ∙ 6 personnes,Zinal - Ayer - Valais
10/07/2024,12/10/2024,19/10/2024,1568.74,HGB6MA1,Maison de vacances ∙ 3 chambres ∙ 6 personnes,Zinal - Ayer - Valais
10/07/2024,19/10/2024,26/10/2024,1568.74,HGB6MA1,Maison de vacances ∙ 3 chambres ∙ 6 personnes,Zinal - Ayer - Valais
10/07/2024,26/10/2024,02/11/2024,1568.74,HGB6MA1,Maison de vacances ∙ 3 chambres ∙ 6 personnes,Zinal - Ayer - Valais
10/07/2024,20/07/2024,27/07/2024,630.79,H6YAT9K,28 m² Appartement ∙ 1 chambre ∙ 2 personnes,Zinal - Ayer - Valais
10/07/2024,24/08/2024,31/08/2024,554.76,H6YAT9K,28 m² Appartement ∙ 1 chambre ∙ 2 personnes,Zinal - Ayer - Valais
10/07/2024,31/08/2024,07/09/2024,554.76,H6YAT9K,28 m² Appartement ∙ 1 chambre ∙ 2 personnes,Zinal - Ayer - Valais
10/07/2024,07/09/2024,14/09/2024,554.76,H6YAT9K,28 m² Appartement ∙ 1 chambre ∙ 2 personnes,Zinal - Ayer - Valais
10/07/2024,05/10/2024,12/10/2024,554.76,H6YAT9K,28 m² Appartement ∙ 1 chambre ∙ 2 personnes,Zinal - Ayer - Valais
10/07/2024,12/10/2024,19/10/2024,554.76,H6YAT9K,28 m² Appartement ∙ 1 chambre ∙ 2 personnes,Zinal - Ayer - Valais
10/07/2024,19/10/2024,26/10/2024,554.76,H6YAT9K,28 m² Appartement ∙ 1 chambre ∙ 2 personnes,Zinal - Ayer - Valais
10/07/2024,26/10/2024,02/11/2024,554.76,H6YAT9K,28 m² Appartement ∙ 1 chambre ∙ 2 personnes,Zinal - Ayer - Valais
10/07/2024,24/08/2024,31/08/2024,1349.92,HFCVA6T,85 m² Appartement ∙ 3 chambres ∙ 6 personnes,Zinal - Ayer - Valais
10/07/2024,14/09/2024,21/09/2024,1349.92,HFCVA6T,85 m² Appartement ∙ 3 chambres ∙ 6 personnes,Zinal - Ayer - Valais
10/07/2024,21/09/2024,28/09/2024,1349.92,HFCVA6T,85 m² Appartement ∙ 3 chambres ∙ 6 personnes,Zinal - Ayer - Valais
10/07/2024,28/09/2024,05/10/2024,1349.92,HFCVA6T,85 m² Appartement ∙ 3 chambres ∙ 6 personnes,Zinal - Ayer - Valais
10/07/2024,05/10/2024,12/10/2024,1349.92,HFCVA6T,85 m² Appartement ∙ 3 chambres ∙ 6 personnes,Zinal - Ayer - Valais
10/07/2024,12/10/2024,19/10/2024,1349.92,HFCVA6T,85 m² Appartement ∙ 3 chambres ∙ 6 personnes,Zinal - Ayer - Valais
10/07/2024,19/10/2024,26/10/2024,1349.92,HFCVA6T,85 m² Appartement ∙ 3 chambres ∙ 6 personnes,Zinal - Ayer - Valais
10/07/2024,26/10/2024,02/11/2024,1349.92,HFCVA6T,85 m² Appartement ∙ 3 chambres ∙ 6 personnes,Zinal - Ayer - Valais
10/07/2024,24/08/2024,31/08/2024,957.48,HAW3PSD,54 m² Appartement ∙ 2 chambres ∙ 5 personnes,Zinal - Ayer - Valais
10/07/2024,31/08/2024,07/09/2024,957.48,HAW3PSD,54 m² Appartement ∙ 2 chambres ∙ 5 personnes,Zinal - Ayer - Valais
10/07/2024,07/09/2024,14/09/2024,957.48,HAW3PSD,54 m² Appartement ∙ 2 chambres ∙ 5 personnes,Zinal - Ayer - Valais
10/07/2024,14/09/2024,21/09/2024,957.48,HAW3PSD,54 m² Appartement ∙ 2 chambres ∙ 5 personnes,Zinal - Ayer - Valais
10/07/2024,21/09/2024,28/09/2024,957.48,HAW3PSD,54 m² Appartement ∙ 2 chambres ∙ 5 personnes,Zinal - Ayer - Valais
10/07/2024,28/09/2024,05/10/2024,957.48,HAW3PSD,54 m² Appartement ∙ 2 chambres ∙ 5 personnes,Zinal - Ayer - Valais
10/07/2024,05/10/2024,12/10/2024,957.48,HAW3PSD,54 m² Appartement ∙ 2 chambres ∙ 5 personnes,Zinal - Ayer - Valais
10/07/2024,12/10/2024,19/10/2024,957.48,HAW3PSD,54 m² Appartement ∙ 2 chambres ∙ 5 personnes,Zinal - Ayer - Valais
10/07/2024,19/10/2024,26/10/2024,957.48,HAW3PSD,54 m² Appartement ∙ 2 chambres ∙ 5 personnes,Zinal - Ayer - Valais
10/07/2024,26/10/2024,02/11/2024,957.48,HAW3PSD,54 m² Appartement ∙ 2 chambres ∙ 5 personnes,Zinal - Ayer - Valais
10/07/2024,17/08/2024,24/08/2024,1522.85,HZDLK7H,74 m² Appartement ∙ 2 chambres ∙ 6 personnes,Zinal - Ayer - Valais
10/07/2024,24/08/2024,31/08/2024,1234.04,HZDLK7H,74 m² Appartement ∙ 2 chambres ∙ 6 personnes,Zinal - Ayer - Valais
10/07/2024,28/09/2024,05/10/2024,1234.04,HZDLK7H,74 m² Appartement ∙ 2 chambres ∙ 6 personnes,Zinal - Ayer - Valais
10/07/2024,05/10/2024,12/10/2024,1234.04,HZDLK7H,74 m² Appartement ∙ 2 chambres ∙ 6 personnes,Zinal - Ayer - Valais
10/07/2024,12/10/2024,19/10/2024,1234.04,HZDLK7H,74 m² Appartement ∙ 2 chambres ∙ 6 personnes,Zinal - Ayer - Valais
10/07/2024,19/10/2024,26/10/2024,1234.04,HZDLK7H,74 m² Appartement ∙ 2 chambres ∙ 6 personnes,Zinal - Ayer - Valais
10/07/2024,26/10/2024,02/11/2024,1234.04,HZDLK7H,74 m² Appartement ∙ 2 chambres ∙ 6 personnes,Zinal - Ayer - Valais
10/07/2024,13/07/2024,20/07/2024,2247.81,HS43VP0,150 m² Maison de vacances ∙ 4 chambres ∙ 10 personnes,Zinal - Ayer - Valais
10/07/2024,24/08/2024,31/08/2024,1948.86,HS43VP0,150 m² Maison de vacances ∙ 4 chambres ∙ 10 personnes,Zinal - Ayer - Valais
10/07/2024,31/08/2024,07/09/2024,1948.86,HS43VP0,150 m² Maison de vacances ∙ 4 chambres ∙ 10 personnes,Zinal - Ayer - Valais
10/07/2024,07/09/2024,14/09/2024,1948.86,HS43VP0,150 m² Maison de vacances ∙ 4 chambres ∙ 10 personnes,Zinal - Ayer - Valais
10/07/2024,14/09/2024,21/09/2024,1948.86,HS43VP0,150 m² Maison de vacances ∙ 4 chambres ∙ 10 personnes,Zinal - Ayer - Valais
10/07/2024,21/09/2024,28/09/2024,1948.86,HS43VP0,150 m² Maison de vacances ∙ 4 chambres ∙ 10 personnes,Zinal - Ayer - Valais
10/07/2024,28/09/2024,05/10/2024,1948.86,HS43VP0,150 m² Maison de vacances ∙ 4 chambres ∙ 10 personnes,Zinal - Ayer - Valais
10/07/2024,05/10/2024,12/10/2024,1948.86,HS43VP0,150 m² Maison de vacances ∙ 4 chambres ∙ 10 personnes,Zinal - Ayer - Valais
10/07/2024,12/10/2024,19/10/2024,1948.86,HS43VP0,150 m² Maison de vacances ∙ 4 chambres ∙ 10 personnes,Zinal - Ayer - Valais
10/07/2024,19/10/2024,26/10/2024,1948.86,HS43VP0,150 m² Maison de vacances ∙ 4 chambres ∙ 10 personnes,Zinal - Ayer - Valais
10/07/2024,26/10/2024,02/11/2024,1948.86,HS43VP0,150 m² Maison de vacances ∙ 4 chambres ∙ 10 personnes,Zinal - Ayer - Valais
10/07/2024,13/07/2024,20/07/2024,1383.08,HGLV9FA,56 m² Appartement ∙ 2 chambres ∙ 6 personnes,Zinal - Ayer - Valais
10/07/2024,20/07/2024,27/07/2024,1383.08,HGLV9FA,56 m² Appartement ∙ 2 chambres ∙ 6 personnes,Zinal - Ayer - Valais
10/07/2024,17/08/2024,24/08/2024,1294.80,HGLV9FA,56 m² Appartement ∙ 2 chambres ∙ 6 personnes,Zinal - Ayer - Valais
10/07/2024,24/08/2024,31/08/2024,1030.42,HGLV9FA,56 m² Appartement ∙ 2 chambres ∙ 6 personnes,Zinal - Ayer - Valais
10/07/2024,31/08/2024,07/09/2024,1030.42,HGLV9FA,56 m² Appartement ∙ 2 chambres ∙ 6 personnes,Zinal - Ayer - Valais
10/07/2024,07/09/2024,14/09/2024,1030.42,HGLV9FA,56 m² Appartement ∙ 2 chambres ∙ 6 personnes,Zinal - Ayer - Valais
10/07/2024,14/09/2024,21/09/2024,1030.42,HGLV9FA,56 m² Appartement ∙ 2 chambres ∙ 6 personnes,Zinal - Ayer - Valais
10/07/2024,21/09/2024,28/09/2024,1030.42,HGLV9FA,56 m² Appartement ∙ 2 chambres ∙ 6 personnes,Zinal - Ayer - Valais
10/07/2024,28/09/2024,05/10/2024,1030.42,HGLV9FA,56 m² Appartement ∙ 2 chambres ∙ 6 personnes,Zinal - Ayer - Valais
10/07/2024,05/10/2024,12/10/2024,1030.42,HGLV9FA,56 m² Appartement ∙ 2 chambres ∙ 6 personnes,Zinal - Ayer - Valais
10/07/2024,12/10/2024,19/10/2024,1030.42,HGLV9FA,56 m² Appartement ∙ 2 chambres ∙ 6 personnes,Zinal - Ayer - Valais
10/07/2024,19/10/2024,26/10/2024,1030.42,HGLV9FA,56 m² Appartement ∙ 2 chambres ∙ 6 personnes,Zinal - Ayer - Valais
10/07/2024,26/10/2024,02/11/2024,1030.42,HGLV9FA,56 m² Appartement ∙ 2 chambres ∙ 6 personnes,Zinal - Ayer - Valais
10/07/2024,13/07/2024,20/07/2024,1964.26,H3WN8KM,72 m² Appartement ∙ 2 chambres ∙ 6 personnes,Zinal - Ayer - Valais
10/07/2024,20/07/2024,27/07/2024,1964.26,H3WN8KM,72 m² Appartement ∙ 2 chambres ∙ 6 personnes,Zinal - Ayer - Valais
10/07/2024,10/08/2024,17/08/2024,1964.26,H3WN8KM,72 m² Appartement ∙ 2 chambres ∙ 6 personnes,Zinal - Ayer - Valais
10/07/2024,17/08/2024,24/08/2024,1765.62,H3WN8KM,72 m² Appartement ∙ 2 chambres ∙ 6 personnes,Zinal - Ayer - Valais
10/07/2024,24/08/2024,31/08/2024,1358.63,H3WN8KM,72 m² Appartement ∙ 2 chambres ∙ 6 personnes,Zinal - Ayer - Valais
10/07/2024,31/08/2024,07/09/2024,1358.63,H3WN8KM,72 m² Appartement ∙ 2 chambres ∙ 6 personnes,Zinal - Ayer - Valais
10/07/2024,07/09/2024,14/09/2024,1358.63,H3WN8KM,72 m² Appartement ∙ 2 chambres ∙ 6 personnes,Zinal - Ayer - Valais
10/07/2024,14/09/2024,21/09/2024,1358.63,H3WN8KM,72 m² Appartement ∙ 2 chambres ∙ 6 personnes,Zinal - Ayer - Valais
10/07/2024,21/09/2024,28/09/2024,1358.63,H3WN8KM,72 m² Appartement ∙ 2 chambres ∙ 6 personnes,Zinal - Ayer - Valais
10/07/2024,28/09/2024,05/10/2024,1358.63,H3WN8KM,72 m² Appartement ∙ 2 chambres ∙ 6 personnes,Zinal - Ayer - Valais
10/07/2024,05/10/2024,12/10/2024,1358.63,H3WN8KM,72 m² Appartement ∙ 2 chambres ∙ 6 personnes,Zinal - Ayer - Valais
10/07/2024,12/10/2024,19/10/2024,1358.63,H3WN8KM,72 m² Appartement ∙ 2 chambres ∙ 6 personnes,Zinal - Ayer - Valais
10/07/2024,19/10/2024,26/10/2024,1358.63,H3WN8KM,72 m² Appartement ∙ 2 chambres ∙ 6 personnes,Zinal - Ayer - Valais
10/07/2024,26/10/2024,02/11/2024,1358.63,H3WN8KM,72 m² Appartement ∙ 2 chambres ∙ 6 personnes,Zinal - Ayer - Valais
10/07/2024,20/07/2024,27/07/2024,1275.00,HPXV46D,34 m² Maison de vacances ∙ 1 chambre ∙ 4 personnes,Zinal - Ayer - Valais
10/07/2024,27/07/2024,03/08/2024,1275.00,HPXV46D,34 m² Maison de vacances ∙ 1 chambre ∙ 4 personnes,Zinal - Ayer - Valais
10/07/2024,24/08/2024,31/08/2024,586.00,HPXV46D,34 m² Maison de vacances ∙ 1 chambre ∙ 4 personnes,Zinal - Ayer - Valais
10/07/2024,31/08/2024,07/09/2024,586.00,HPXV46D,34 m² Maison de vacances ∙ 1 chambre ∙ 4 personnes,Zinal - Ayer - Valais
10/07/2024,07/09/2024,14/09/2024,586.00,HPXV46D,34 m² Maison de vacances ∙ 1 chambre ∙ 4 personnes,Zinal - Ayer - Valais
10/07/2024,14/09/2024,21/09/2024,586.00,HPXV46D,34 m² Maison de vacances ∙ 1 chambre ∙ 4 personnes,Zinal - Ayer - Valais
10/07/2024,28/09/2024,05/10/2024,586.00,HPXV46D,34 m² Maison de vacances ∙ 1 chambre ∙ 4 personnes,Zinal - Ayer - Valais
10/07/2024,05/10/2024,12/10/2024,842.00,HPXV46D,34 m² Maison de vacances ∙ 1 chambre ∙ 4 personnes,Zinal - Ayer - Valais
10/07/2024,12/10/2024,19/10/2024,842.00,HPXV46D,34 m² Maison de vacances ∙ 1 chambre ∙ 4 personnes,Zinal - Ayer - Valais
10/07/2024,19/10/2024,26/10/2024,586.00,HPXV46D,34 m² Maison de vacances ∙ 1 chambre ∙ 4 personnes,Zinal - Ayer - Valais
10/07/2024,20/07/2024,27/07/2024,717.00,HPKN8VZ,28 m² Maison de vacances ∙ 1 chambre ∙ 2 personnes,Zinal - Ayer - Valais
10/07/2024,24/08/2024,31/08/2024,630.00,HPKN8VZ,28 m² Maison de vacances ∙ 1 chambre ∙ 2 personnes,Zinal - Ayer - Valais
10/07/2024,31/08/2024,07/09/2024,630.00,HPKN8VZ,28 m² Maison de vacances ∙ 1 chambre ∙ 2 personnes,Zinal - Ayer - Valais
10/07/2024,07/09/2024,14/09/2024,630.00,HPKN8VZ,28 m² Maison de vacances ∙ 1 chambre ∙ 2 personnes,Zinal - Ayer - Valais
10/07/2024,05/10/2024,12/10/2024,630.00,HPKN8VZ,28 m² Maison de vacances ∙ 1 chambre ∙ 2 personnes,Zinal - Ayer - Valais
10/07/2024,12/10/2024,19/10/2024,630.00,HPKN8VZ,28 m² Maison de vacances ∙ 1 chambre ∙ 2 personnes,Zinal - Ayer - Valais
10/07/2024,19/10/2024,26/10/2024,630.00,HPKN8VZ,28 m² Maison de vacances ∙ 1 chambre ∙ 2 personnes,Zinal - Ayer - Valais
10/07/2024,26/10/2024,02/11/2024,630.00,HPKN8VZ,28 m² Maison de vacances ∙ 1 chambre ∙ 2 personnes,Zinal - Ayer - Valais
10/07/2024,13/07/2024,20/07/2024,2005.00,HJV2ZK9,Villa ∙ 3 chambres ∙ 6 personnes,Zinal - Ayer - Valais
10/07/2024,07/09/2024,14/09/2024,1665.00,HJV2ZK9,Villa ∙ 3 chambres ∙ 6 personnes,Zinal - Ayer - Valais
10/07/2024,14/09/2024,21/09/2024,1665.00,HJV2ZK9,Villa ∙ 3 chambres ∙ 6 personnes,Zinal - Ayer - Valais
10/07/2024,21/09/2024,28/09/2024,1665.00,HJV2ZK9,Villa ∙ 3 chambres ∙ 6 personnes,Zinal - Ayer - Valais
10/07/2024,28/09/2024,05/10/2024,1665.00,HJV2ZK9,Villa ∙ 3 chambres ∙ 6 personnes,Zinal - Ayer - Valais
10/07/2024,05/10/2024,12/10/2024,1665.00,HJV2ZK9,Villa ∙ 3 chambres ∙ 6 personnes,Zinal - Ayer - Valais
10/07/2024,26/10/2024,02/11/2024,1665.00,HJV2ZK9,Villa ∙ 3 chambres ∙ 6 personnes,Zinal - Ayer - Valais
10/07/2024,20/07/2024,27/07/2024,1520.00,HJSXPGV,34 m² Maison de vacances ∙ 1 chambre ∙ 4 personnes,Zinal - Ayer - Valais
10/07/2024,27/07/2024,03/08/2024,1520.00,HJSXPGV,34 m² Maison de vacances ∙ 1 chambre ∙ 4 personnes,Zinal - Ayer - Valais
10/07/2024,07/09/2024,14/09/2024,705.00,HJSXPGV,34 m² Maison de vacances ∙ 1 chambre ∙ 4 personnes,Zinal - Ayer - Valais
10/07/2024,14/09/2024,21/09/2024,705.00,HJSXPGV,34 m² Maison de vacances ∙ 1 chambre ∙ 4 personnes,Zinal - Ayer - Valais
10/07/2024,21/09/2024,28/09/2024,705.00,HJSXPGV,34 m² Maison de vacances ∙ 1 chambre ∙ 4 personnes,Zinal - Ayer - Valais
10/07/2024,28/09/2024,05/10/2024,705.00,HJSXPGV,34 m² Maison de vacances ∙ 1 chambre ∙ 4 personnes,Zinal - Ayer - Valais
10/07/2024,12/10/2024,19/10/2024,994.00,HJSXPGV,34 m² Maison de vacances ∙ 1 chambre ∙ 4 personnes,Zinal - Ayer - Valais
10/07/2024,07/09/2024,14/09/2024,1781.00,H6EW24U,Villa ∙ 1 chambre ∙ 6 personnes,Zinal - Ayer - Valais
10/07/2024,28/09/2024,05/10/2024,1781.00,H6EW24U,Villa ∙ 1 chambre ∙ 6 personnes,Zinal - Ayer - Valais
10/07/2024,12/10/2024,19/10/2024,1781.00,H6EW24U,Villa ∙ 1 chambre ∙ 6 personnes,Zinal - Ayer - Valais
10/07/2024,26/10/2024,02/11/2024,1781.00,H6EW24U,Villa ∙ 1 chambre ∙ 6 personnes,Zinal - Ayer - Valais
10/07/2024,27/07/2024,03/08/2024,1954.00,HMWPBN5,54 m² Maison de vacances ∙ 2 chambres ∙ 6 personnes,Zinal - Ayer - Valais
10/07/2024,24/08/2024,31/08/2024,892.00,HMWPBN5,54 m² Maison de vacances ∙ 2 chambres ∙ 6 personnes,Zinal - Ayer - Valais
10/07/2024,31/08/2024,07/09/2024,892.00,HMWPBN5,54 m² Maison de vacances ∙ 2 chambres ∙ 6 personnes,Zinal - Ayer - Valais
10/07/2024,07/09/2024,14/09/2024,892.00,HMWPBN5,54 m² Maison de vacances ∙ 2 chambres ∙ 6 personnes,Zinal - Ayer - Valais
10/07/2024,14/09/2024,21/09/2024,892.00,HMWPBN5,54 m² Maison de vacances ∙ 2 chambres ∙ 6 personnes,Zinal - Ayer - Valais
10/07/2024,21/09/2024,28/09/2024,892.00,HMWPBN5,54 m² Maison de vacances ∙ 2 chambres ∙ 6 personnes,Zinal - Ayer - Valais
10/07/2024,28/09/2024,05/10/2024,892.00,HMWPBN5,54 m² Maison de vacances ∙ 2 chambres ∙ 6 personnes,Zinal - Ayer - Valais
10/07/2024,05/10/2024,12/10/2024,1275.00,HMWPBN5,54 m² Maison de vacances ∙ 2 chambres ∙ 6 personnes,Zinal - Ayer - Valais
10/07/2024,12/10/2024,19/10/2024,1275.00,HMWPBN5,54 m² Maison de vacances ∙ 2 chambres ∙ 6 personnes,Zinal - Ayer - Valais
10/07/2024,19/10/2024,26/10/2024,892.00,HMWPBN5,54 m² Maison de vacances ∙ 2 chambres ∙ 6 personnes,Zinal - Ayer - Valais
10/07/2024,24/08/2024,31/08/2024,1533.00,H5B9ET1,85 m² Appartement ∙ 1 chambre ∙ 6 personnes,Zinal - Ayer - Valais
10/07/2024,14/09/2024,21/09/2024,1533.00,H5B9ET1,85 m² Appartement ∙ 1 chambre ∙ 6 personnes,Zinal - Ayer - Valais
10/07/2024,21/09/2024,28/09/2024,1533.00,H5B9ET1,85 m² Appartement ∙ 1 chambre ∙ 6 personnes,Zinal - Ayer - Valais
10/07/2024,28/09/2024,05/10/2024,1533.00,H5B9ET1,85 m² Appartement ∙ 1 chambre ∙ 6 personnes,Zinal - Ayer - Valais
10/07/2024,05/10/2024,12/10/2024,1533.00,H5B9ET1,85 m² Appartement ∙ 1 chambre ∙ 6 personnes,Zinal - Ayer - Valais
10/07/2024,12/10/2024,19/10/2024,1533.00,H5B9ET1,85 m² Appartement ∙ 1 chambre ∙ 6 personnes,Zinal - Ayer - Valais
10/07/2024,19/10/2024,26/10/2024,1533.00,H5B9ET1,85 m² Appartement ∙ 1 chambre ∙ 6 personnes,Zinal - Ayer - Valais
10/07/2024,26/10/2024,02/11/2024,1533.00,H5B9ET1,85 m² Appartement ∙ 1 chambre ∙ 6 personnes,Zinal - Ayer - Valais
10/07/2024,27/07/2024,03/08/2024,2150.00,HNBD1US,52 m² Maison de vacances ∙ 2 chambres ∙ 6 personnes,Zinal - Ayer - Valais
10/07/2024,17/08/2024,24/08/2024,1402.00,HNBD1US,52 m² Maison de vacances ∙ 2 chambres ∙ 6 personnes,Zinal - Ayer - Valais
10/07/2024,24/08/2024,31/08/2024,986.00,HNBD1US,52 m² Maison de vacances ∙ 2 chambres ∙ 6 personnes,Zinal - Ayer - Valais
10/07/2024,31/08/2024,07/09/2024,986.00,HNBD1US,52 m² Maison de vacances ∙ 2 chambres ∙ 6 personnes,Zinal - Ayer - Valais
10/07/2024,07/09/2024,14/09/2024,986.00,HNBD1US,52 m² Maison de vacances ∙ 2 chambres ∙ 6 personnes,Zinal - Ayer - Valais
10/07/2024,14/09/2024,21/09/2024,986.00,HNBD1US,52 m² Maison de vacances ∙ 2 chambres ∙ 6 personnes,Zinal - Ayer - Valais
10/07/2024,21/09/2024,28/09/2024,986.00,HNBD1US,52 m² Maison de vacances ∙ 2 chambres ∙ 6 personnes,Zinal - Ayer - Valais
10/07/2024,28/09/2024,05/10/2024,986.00,HNBD1US,52 m² Maison de vacances ∙ 2 chambres ∙ 6 personnes,Zinal - Ayer - Valais
10/07/2024,05/10/2024,12/10/2024,1402.00,HNBD1US,52 m² Maison de vacances ∙ 2 chambres ∙ 6 personnes,Zinal - Ayer - Valais
10/07/2024,12/10/2024,19/10/2024,1402.00,HNBD1US,52 m² Maison de vacances ∙ 2 chambres ∙ 6 personnes,Zinal - Ayer - Valais
10/07/2024,19/10/2024,26/10/2024,986.00,HNBD1US,52 m² Maison de vacances ∙ 2 chambres ∙ 6 personnes,Zinal - Ayer - Valais
10/07/2024,13/07/2024,20/07/2024,2553.00,HUDBMSA,150 m² Villa ∙ 4 chambres ∙ 10 personnes,Zinal - Ayer - Valais
10/07/2024,24/08/2024,31/08/2024,2214.00,HUDBMSA,150 m² Villa ∙ 4 chambres ∙ 10 personnes,Zinal - Ayer - Valais
10/07/2024,31/08/2024,07/09/2024,2214.00,HUDBMSA,150 m² Villa ∙ 4 chambres ∙ 10 personnes,Zinal - Ayer - Valais
10/07/2024,07/09/2024,14/09/2024,2214.00,HUDBMSA,150 m² Villa ∙ 4 chambres ∙ 10 personnes,Zinal - Ayer - Valais
10/07/2024,14/09/2024,21/09/2024,2214.00,HUDBMSA,150 m² Villa ∙ 4 chambres ∙ 10 personnes,Zinal - Ayer - Valais
10/07/2024,21/09/2024,28/09/2024,2214.00,HUDBMSA,150 m² Villa ∙ 4 chambres ∙ 10 personnes,Zinal - Ayer - Valais
10/07/2024,28/09/2024,05/10/2024,2214.00,HUDBMSA,150 m² Villa ∙ 4 chambres ∙ 10 personnes,Zinal - Ayer - Valais
10/07/2024,05/10/2024,12/10/2024,2214.00,HUDBMSA,150 m² Villa ∙ 4 chambres ∙ 10 personnes,Zinal - Ayer - Valais
10/07/2024,12/10/2024,19/10/2024,2214.00,HUDBMSA,150 m² Villa ∙ 4 chambres ∙ 10 personnes,Zinal - Ayer - Valais
10/07/2024,19/10/2024,26/10/2024,2214.00,HUDBMSA,150 m² Villa ∙ 4 chambres ∙ 10 personnes,Zinal - Ayer - Valais
10/07/2024,26/10/2024,02/11/2024,2214.00,HUDBMSA,150 m² Villa ∙ 4 chambres ∙ 10 personnes,Zinal - Ayer - Valais
10/07/2024,20/07/2024,27/07/2024,1773.00,H6UMWRH,54 m² Maison de vacances ∙ 1 chambre ∙ 6 personnes,Zinal - Ayer - Valais
10/07/2024,27/07/2024,03/08/2024,1767.00,H6UMWRH,54 m² Maison de vacances ∙ 1 chambre ∙ 6 personnes,Zinal - Ayer - Valais
10/07/2024,17/08/2024,24/08/2024,1147.00,H6UMWRH,54 m² Maison de vacances ∙ 1 chambre ∙ 6 personnes,Zinal - Ayer - Valais
10/07/2024,24/08/2024,31/08/2024,807.00,H6UMWRH,54 m² Maison de vacances ∙ 1 chambre ∙ 6 personnes,Zinal - Ayer - Valais
10/07/2024,31/08/2024,07/09/2024,807.00,H6UMWRH,54 m² Maison de vacances ∙ 1 chambre ∙ 6 personnes,Zinal - Ayer - Valais
10/07/2024,07/09/2024,14/09/2024,807.00,H6UMWRH,54 m² Maison de vacances ∙ 1 chambre ∙ 6 personnes,Zinal - Ayer - Valais
10/07/2024,14/09/2024,21/09/2024,807.00,H6UMWRH,54 m² Maison de vacances ∙ 1 chambre ∙ 6 personnes,Zinal - Ayer - Valais
10/07/2024,21/09/2024,28/09/2024,807.00,H6UMWRH,54 m² Maison de vacances ∙ 1 chambre ∙ 6 personnes,Zinal - Ayer - Valais
10/07/2024,28/09/2024,05/10/2024,807.00,H6UMWRH,54 m² Maison de vacances ∙ 1 chambre ∙ 6 personnes,Zinal - Ayer - Valais
10/07/2024,05/10/2024,12/10/2024,1147.00,H6UMWRH,54 m² Maison de vacances ∙ 1 chambre ∙ 6 personnes,Zinal - Ayer - Valais
10/07/2024,12/10/2024,19/10/2024,1147.00,H6UMWRH,54 m² Maison de vacances ∙ 1 chambre ∙ 6 personnes,Zinal - Ayer - Valais
10/07/2024,19/10/2024,26/10/2024,807.00,H6UMWRH,54 m² Maison de vacances ∙ 1 chambre ∙ 6 personnes,Zinal - Ayer - Valais
10/07/2024,13/07/2024,20/07/2024,3595,H9EH13K,Maison de vacances ∙ 5 chambres ∙ 10 personnes,Grimentz - Valais
10/07/2024,20/07/2024,27/07/2024,3595,H9EH13K,Maison de vacances ∙ 5 chambres ∙ 10 personnes,Grimentz - Valais
10/07/2024,27/07/2024,03/08/2024,3595,H9EH13K,Maison de vacances ∙ 5 chambres ∙ 10 personnes,Grimentz - Valais
10/07/2024,03/08/2024,10/08/2024,3595,H9EH13K,Maison de vacances ∙ 5 chambres ∙ 10 personnes,Grimentz - Valais
10/07/2024,07/09/2024,14/09/2024,3595,H9EH13K,Maison de vacances ∙ 5 chambres ∙ 10 personnes,Grimentz - Valais
10/07/2024,14/09/2024,21/09/2024,3595,H9EH13K,Maison de vacances ∙ 5 chambres ∙ 10 personnes,Grimentz - Valais
10/07/2024,21/09/2024,28/09/2024,3595,H9EH13K,Maison de vacances ∙ 5 chambres ∙ 10 personnes,Grimentz - Valais
10/07/2024,28/09/2024,05/10/2024,3595,H9EH13K,Maison de vacances ∙ 5 chambres ∙ 10 personnes,Grimentz - Valais
10/07/2024,05/10/2024,12/10/2024,3595,H9EH13K,Maison de vacances ∙ 5 chambres ∙ 10 personnes,Grimentz - Valais
10/07/2024,12/10/2024,19/10/2024,3595,H9EH13K,Maison de vacances ∙ 5 chambres ∙ 10 personnes,Grimentz - Valais
10/07/2024,19/10/2024,26/10/2024,3595,H9EH13K,Maison de vacances ∙ 5 chambres ∙ 10 personnes,Grimentz - Valais
10/07/2024,26/10/2024,02/11/2024,3595,H9EH13K,Maison de vacances ∙ 5 chambres ∙ 10 personnes,Grimentz - Valais
10/07/2024,10/08/2024,17/08/2024,977.85,HRKZ0B1,40 m² Appartement ∙ 1 chambre ∙ 4 personnes,Grimentz - Valais
10/07/2024,17/08/2024,24/08/2024,867.95,HRKZ0B1,40 m² Appartement ∙ 1 chambre ∙ 4 personnes,Grimentz - Valais
10/07/2024,24/08/2024,31/08/2024,867.95,HRKZ0B1,40 m² Appartement ∙ 1 chambre ∙ 4 personnes,Grimentz - Valais
10/07/2024,31/08/2024,07/09/2024,867.95,HRKZ0B1,40 m² Appartement ∙ 1 chambre ∙ 4 personnes,Grimentz - Valais
10/07/2024,07/09/2024,14/09/2024,867.95,HRKZ0B1,40 m² Appartement ∙ 1 chambre ∙ 4 personnes,Grimentz - Valais
10/07/2024,14/09/2024,21/09/2024,867.95,HRKZ0B1,40 m² Appartement ∙ 1 chambre ∙ 4 personnes,Grimentz - Valais
10/07/2024,21/09/2024,28/09/2024,867.95,HRKZ0B1,40 m² Appartement ∙ 1 chambre ∙ 4 personnes,Grimentz - Valais
10/07/2024,28/09/2024,05/10/2024,867.95,HRKZ0B1,40 m² Appartement ∙ 1 chambre ∙ 4 personnes,Grimentz - Valais
10/07/2024,05/10/2024,12/10/2024,867.95,HRKZ0B1,40 m² Appartement ∙ 1 chambre ∙ 4 personnes,Grimentz - Valais
10/07/2024,12/10/2024,19/10/2024,867.95,HRKZ0B1,40 m² Appartement ∙ 1 chambre ∙ 4 personnes,Grimentz - Valais
10/07/2024,19/10/2024,26/10/2024,867.95,HRKZ0B1,40 m² Appartement ∙ 1 chambre ∙ 4 personnes,Grimentz - Valais
10/07/2024,26/10/2024,02/11/2024,867.95,HRKZ0B1,40 m² Appartement ∙ 1 chambre ∙ 4 personnes,Grimentz - Valais
10/07/2024,21/09/2024,28/09/2024,1327.09,H098YCP,100 m² Maison de vacances ∙ 3 chambres ∙ 6 personnes,Grimentz - Valais
10/07/2024,19/10/2024,26/10/2024,1327.09,H098YCP,100 m² Maison de vacances ∙ 3 chambres ∙ 6 personnes,Grimentz - Valais
10/07/2024,26/10/2024,02/11/2024,1327.09,H098YCP,100 m² Maison de vacances ∙ 3 chambres ∙ 6 personnes,Grimentz - Valais
10/07/2024,27/07/2024,03/08/2024,1130,HWYX7N4,Maison de vacances ∙ 4 chambres ∙ 7 personnes,Ayer - Valais
10/07/2024,03/08/2024,10/08/2024,1130,HWYX7N4,Maison de vacances ∙ 4 chambres ∙ 7 personnes,Ayer - Valais
10/07/2024,17/08/2024,24/08/2024,1130,HWYX7N4,Maison de vacances ∙ 4 chambres ∙ 7 personnes,Ayer - Valais
10/07/2024,24/08/2024,31/08/2024,1130,HWYX7N4,Maison de vacances ∙ 4 chambres ∙ 7 personnes,Ayer - Valais
10/07/2024,21/09/2024,28/09/2024,1130,HWYX7N4,Maison de vacances ∙ 4 chambres ∙ 7 personnes,Ayer - Valais
10/07/2024,28/09/2024,05/10/2024,1130,HWYX7N4,Maison de vacances ∙ 4 chambres ∙ 7 personnes,Ayer - Valais
10/07/2024,05/10/2024,12/10/2024,1130,HWYX7N4,Maison de vacances ∙ 4 chambres ∙ 7 personnes,Ayer - Valais
10/07/2024,12/10/2024,19/10/2024,1130,HWYX7N4,Maison de vacances ∙ 4 chambres ∙ 7 personnes,Ayer - Valais
10/07/2024,19/10/2024,26/10/2024,1130,HWYX7N4,Maison de vacances ∙ 4 chambres ∙ 7 personnes,Ayer - Valais
10/07/2024,26/10/2024,02/11/2024,1130,HWYX7N4,Maison de vacances ∙ 4 chambres ∙ 7 personnes,Ayer - Valais
10/07/2024,10/08/2024,17/08/2024,977.85,HRKZ0B1,40 m² Appartement ∙ 1 chambre ∙ 4 personnes,Grimentz - Valais
10/07/2024,17/08/2024,24/08/2024,867.95,HRKZ0B1,40 m² Appartement ∙ 1 chambre ∙ 4 personnes,Grimentz - Valais
10/07/2024,24/08/2024,31/08/2024,867.95,HRKZ0B1,40 m² Appartement ∙ 1 chambre ∙ 4 personnes,Grimentz - Valais
10/07/2024,31/08/2024,07/09/2024,867.95,HRKZ0B1,40 m² Appartement ∙ 1 chambre ∙ 4 personnes,Grimentz - Valais
10/07/2024,07/09/2024,14/09/2024,867.95,HRKZ0B1,40 m² Appartement ∙ 1 chambre ∙ 4 personnes,Grimentz - Valais
10/07/2024,14/09/2024,21/09/2024,867.95,HRKZ0B1,40 m² Appartement ∙ 1 chambre ∙ 4 personnes,Grimentz - Valais
10/07/2024,21/09/2024,28/09/2024,867.95,HRKZ0B1,40 m² Appartement ∙ 1 chambre ∙ 4 personnes,Grimentz - Valais
10/07/2024,28/09/2024,05/10/2024,867.95,HRKZ0B1,40 m² Appartement ∙ 1 chambre ∙ 4 personnes,Grimentz - Valais
10/07/2024,05/10/2024,12/10/2024,867.95,HRKZ0B1,40 m² Appartement ∙ 1 chambre ∙ 4 personnes,Grimentz - Valais
10/07/2024,12/10/2024,19/10/2024,867.95,HRKZ0B1,40 m² Appartement ∙ 1 chambre ∙ 4 personnes,Grimentz - Valais
10/07/2024,19/10/2024,26/10/2024,867.95,HRKZ0B1,40 m² Appartement ∙ 1 chambre ∙ 4 personnes,Grimentz - Valais
10/07/2024,26/10/2024,02/11/2024,867.95,HRKZ0B1,40 m² Appartement ∙ 1 chambre ∙ 4 personnes,Grimentz - Valais
10/07/2024,27/07/2024,03/08/2024,1130,HWYX7N4,Maison de vacances ∙ 4 chambres ∙ 7 personnes,Ayer - Valais
10/07/2024,03/08/2024,10/08/2024,1130,HWYX7N4,Maison de vacances ∙ 4 chambres ∙ 7 personnes,Ayer - Valais
10/07/2024,17/08/2024,24/08/2024,1130,HWYX7N4,Maison de vacances ∙ 4 chambres ∙ 7 personnes,Ayer - Valais
10/07/2024,24/08/2024,31/08/2024,1130,HWYX7N4,Maison de vacances ∙ 4 chambres ∙ 7 personnes,Ayer - Valais
10/07/2024,21/09/2024,28/09/2024,1130,HWYX7N4,Maison de vacances ∙ 4 chambres ∙ 7 personnes,Ayer - Valais
10/07/2024,28/09/2024,05/10/2024,1130,HWYX7N4,Maison de vacances ∙ 4 chambres ∙ 7 personnes,Ayer - Valais
10/07/2024,05/10/2024,12/10/2024,1130,HWYX7N4,Maison de vacances ∙ 4 chambres ∙ 7 personnes,Ayer - Valais
10/07/2024,12/10/2024,19/10/2024,1130,HWYX7N4,Maison de vacances ∙ 4 chambres ∙ 7 personnes,Ayer - Valais
10/07/2024,19/10/2024,26/10/2024,1130,HWYX7N4,Maison de vacances ∙ 4 chambres ∙ 7 personnes,Ayer - Valais
10/07/2024,26/10/2024,02/11/2024,1130,HWYX7N4,Maison de vacances ∙ 4 chambres ∙ 7 personnes,Ayer - Valais
10/07/2024,21/09/2024,28/09/2024,1327.09,H098YCP,100 m² Maison de vacances ∙ 3 chambres ∙ 6 personnes,Grimentz - Valais
10/07/2024,19/10/2024,26/10/2024,1327.09,H098YCP,100 m² Maison de vacances ∙ 3 chambres ∙ 6 personnes,Grimentz - Valais
10/07/2024,26/10/2024,02/11/2024,1327.09,H098YCP,100 m² Maison de vacances ∙ 3 chambres ∙ 6 personnes,Grimentz - Valais
10/07/2024,13/07/2024,20/07/2024,3595,H9EH13K,Maison de vacances ∙ 5 chambres ∙ 10 personnes,Grimentz - Valais
10/07/2024,20/07/2024,27/07/2024,3595,H9EH13K,Maison de vacances ∙ 5 chambres ∙ 10 personnes,Grimentz - Valais
10/07/2024,27/07/2024,03/08/2024,3595,H9EH13K,Maison de vacances ∙ 5 chambres ∙ 10 personnes,Grimentz - Valais
10/07/2024,03/08/2024,10/08/2024,3595,H9EH13K,Maison de vacances ∙ 5 chambres ∙ 10 personnes,Grimentz - Valais
10/07/2024,07/09/2024,14/09/2024,3595,H9EH13K,Maison de vacances ∙ 5 chambres ∙ 10 personnes,Grimentz - Valais
10/07/2024,14/09/2024,21/09/2024,3595,H9EH13K,Maison de vacances ∙ 5 chambres ∙ 10 personnes,Grimentz - Valais
10/07/2024,21/09/2024,28/09/2024,3595,H9EH13K,Maison de vacances ∙ 5 chambres ∙ 10 personnes,Grimentz - Valais
10/07/2024,28/09/2024,05/10/2024,3595,H9EH13K,Maison de vacances ∙ 5 chambres ∙ 10 personnes,Grimentz - Valais
10/07/2024,05/10/2024,12/10/2024,3595,H9EH13K,Maison de vacances ∙ 5 chambres ∙ 10 personnes,Grimentz - Valais
10/07/2024,12/10/2024,19/10/2024,3595,H9EH13K,Maison de vacances ∙ 5 chambres ∙ 10 personnes,Grimentz - Valais
10/07/2024,19/10/2024,26/10/2024,3595,H9EH13K,Maison de vacances ∙ 5 chambres ∙ 10 personnes,Grimentz - Valais
10/07/2024,26/10/2024,02/11/2024,3595,H9EH13K,Maison de vacances ∙ 5 chambres ∙ 10 personnes,Grimentz - Valais
10/07/2024,13/07/2024,20/07/2024,2715.80,HPZW5VL,90 m² Maison de vacances ∙ 3 chambres ∙ 8 personnes,Evolène - Valais
10/07/2024,27/07/2024,03/08/2024,2715.80,HPZW5VL,90 m² Maison de vacances ∙ 3 chambres ∙ 8 personnes,Evolène - Valais
10/07/2024,07/09/2024,14/09/2024,2356.30,HPZW5VL,90 m² Maison de vacances ∙ 3 chambres ∙ 8 personnes,Evolène - Valais
10/07/2024,14/09/2024,21/09/2024,2356.30,HPZW5VL,90 m² Maison de vacances ∙ 3 chambres ∙ 8 personnes,Evolène - Valais
10/07/2024,20/07/2024,27/07/2024,1930.03,HLT4XN9,75 m² Maison de vacances ∙ 1 chambre ∙ 4 personnes,Evolène - Valais
10/07/2024,31/08/2024,07/09/2024,1678.37,HNRH8DZ,125 m² Maison de vacances ∙ 3 chambres ∙ 6 personnes,Saint-Luc - Valais
10/07/2024,07/09/2024,14/09/2024,1678.37,HNRH8DZ,125 m² Maison de vacances ∙ 3 chambres ∙ 6 personnes,Saint-Luc - Valais
10/07/2024,05/10/2024,12/10/2024,1193.56,HNRH8DZ,125 m² Maison de vacances ∙ 3 chambres ∙ 6 personnes,Saint-Luc - Valais
10/07/2024,12/10/2024,19/10/2024,1193.56,HNRH8DZ,125 m² Maison de vacances ∙ 3 chambres ∙ 6 personnes,Saint-Luc - Valais
10/07/2024,19/10/2024,26/10/2024,1193.56,HNRH8DZ,125 m² Maison de vacances ∙ 3 chambres ∙ 6 personnes,Saint-Luc - Valais
10/07/2024,26/10/2024,02/11/2024,1193.56,HNRH8DZ,125 m² Maison de vacances ∙ 3 chambres ∙ 6 personnes,Saint-Luc - Valais
10/07/2024,31/08/2024,07/09/2024,2109.77,HK1XFSW,65 m² Maison de vacances ∙ 2 chambres ∙ 5 personnes,Grimentz - Valais
10/07/2024,07/09/2024,14/09/2024,2110.52,HK1XFSW,65 m² Maison de vacances ∙ 2 chambres ∙ 5 personnes,Grimentz - Valais
10/07/2024,14/09/2024,21/09/2024,2110.52,HK1XFSW,65 m² Maison de vacances ∙ 2 chambres ∙ 5 personnes,Grimentz - Valais
10/07/2024,21/09/2024,28/09/2024,2109.77,HK1XFSW,65 m² Maison de vacances ∙ 2 chambres ∙ 5 personnes,Grimentz - Valais
10/07/2024,28/09/2024,05/10/2024,2172.17,HK1XFSW,65 m² Maison de vacances ∙ 2 chambres ∙ 5 personnes,Grimentz - Valais
10/07/2024,05/10/2024,12/10/2024,2182.45,HK1XFSW,65 m² Maison de vacances ∙ 2 chambres ∙ 5 personnes,Grimentz - Valais
10/07/2024,12/10/2024,19/10/2024,2181.68,HK1XFSW,65 m² Maison de vacances ∙ 2 chambres ∙ 5 personnes,Grimentz - Valais
10/07/2024,19/10/2024,26/10/2024,2182.45,HK1XFSW,65 m² Maison de vacances ∙ 2 chambres ∙ 5 personnes,Grimentz - Valais
10/07/2024,26/10/2024,02/11/2024,2182.45,HK1XFSW,65 m² Maison de vacances ∙ 2 chambres ∙ 5 personnes,Grimentz - Valais
10/07/2024,13/07/2024,20/07/2024,1916.46,HF3GKWL,47 m² Appartement ∙ 1 chambre ∙ 2 personnes,Grimentz - Valais
10/07/2024,20/07/2024,27/07/2024,1916.46,HF3GKWL,47 m² Appartement ∙ 1 chambre ∙ 2 personnes,Grimentz - Valais
10/07/2024,27/07/2024,03/08/2024,1915.78,HF3GKWL,47 m² Appartement ∙ 1 chambre ∙ 2 personnes,Grimentz - Valais
10/07/2024,03/08/2024,10/08/2024,1915.78,HF3GKWL,47 m² Appartement ∙ 1 chambre ∙ 2 personnes,Grimentz - Valais
10/07/2024,10/08/2024,17/08/2024,1915.78,HF3GKWL,47 m² Appartement ∙ 1 chambre ∙ 2 personnes,Grimentz - Valais
10/07/2024,07/09/2024,14/09/2024,1796.04,HF3GKWL,47 m² Appartement ∙ 1 chambre ∙ 2 personnes,Grimentz - Valais
10/07/2024,14/09/2024,21/09/2024,1796.04,HF3GKWL,47 m² Appartement ∙ 1 chambre ∙ 2 personnes,Grimentz - Valais
10/07/2024,21/09/2024,28/09/2024,1796.04,HF3GKWL,47 m² Appartement ∙ 1 chambre ∙ 2 personnes,Grimentz - Valais
10/07/2024,28/09/2024,05/10/2024,1796.67,HF3GKWL,47 m² Appartement ∙ 1 chambre ∙ 2 personnes,Grimentz - Valais
10/07/2024,05/10/2024,12/10/2024,1796.67,HF3GKWL,47 m² Appartement ∙ 1 chambre ∙ 2 personnes,Grimentz - Valais
10/07/2024,12/10/2024,19/10/2024,1796.67,HF3GKWL,47 m² Appartement ∙ 1 chambre ∙ 2 personnes,Grimentz - Valais
10/07/2024,19/10/2024,26/10/2024,1796.67,HF3GKWL,47 m² Appartement ∙ 1 chambre ∙ 2 personnes,Grimentz - Valais
10/07/2024,26/10/2024,02/11/2024,1796.67,HF3GKWL,47 m² Appartement ∙ 1 chambre ∙ 2 personnes,Grimentz - Valais
10/07/2024,13/07/2024,20/07/2024,2852.90,H0LRYD3,108 m² Chalet ∙ 2 chambres ∙ 6 personnes,Grimentz - Valais
10/07/2024,20/07/2024,27/07/2024,2852.90,H0LRYD3,108 m² Chalet ∙ 2 chambres ∙ 6 personnes,Grimentz - Valais
10/07/2024,10/08/2024,17/08/2024,2852.90,H0LRYD3,108 m² Chalet ∙ 2 chambres ∙ 6 personnes,Grimentz - Valais
10/07/2024,17/08/2024,24/08/2024,2852.90,H0LRYD3,108 m² Chalet ∙ 2 chambres ∙ 6 personnes,Grimentz - Valais
10/07/2024,24/08/2024,31/08/2024,2384.67,H0LRYD3,108 m² Chalet ∙ 2 chambres ∙ 6 personnes,Grimentz - Valais
10/07/2024,05/10/2024,12/10/2024,5030.68,HB795XG,244 m² Chalet ∙ 5 chambres ∙ 10 personnes,Grimentz - Valais
10/07/2024,12/10/2024,19/10/2024,5030.68,HB795XG,244 m² Chalet ∙ 5 chambres ∙ 10 personnes,Grimentz - Valais
10/07/2024,19/10/2024,26/10/2024,5030.68,HB795XG,244 m² Chalet ∙ 5 chambres ∙ 10 personnes,Grimentz - Valais
10/07/2024,26/10/2024,02/11/2024,5030.68,HB795XG,244 m² Chalet ∙ 5 chambres ∙ 10 personnes,Grimentz - Valais
10/07/2024,27/07/2024,03/08/2024,5988.92,HXJP5AC,236 m² Appartement ∙ 5 chambres ∙ 10 personnes,Grimentz - Valais
10/07/2024,14/09/2024,21/09/2024,5030.68,HXJP5AC,236 m² Appartement ∙ 5 chambres ∙ 10 personnes,Grimentz - Valais
10/07/2024,21/09/2024,28/09/2024,5030.68,HXJP5AC,236 m² Appartement ∙ 5 chambres ∙ 10 personnes,Grimentz - Valais
10/07/2024,28/09/2024,05/10/2024,5030.68,HXJP5AC,236 m² Appartement ∙ 5 chambres ∙ 10 personnes,Grimentz - Valais
10/07/2024,05/10/2024,12/10/2024,5030.68,HXJP5AC,236 m² Appartement ∙ 5 chambres ∙ 10 personnes,Grimentz - Valais
10/07/2024,12/10/2024,19/10/2024,5030.68,HXJP5AC,236 m² Appartement ∙ 5 chambres ∙ 10 personnes,Grimentz - Valais
10/07/2024,19/10/2024,26/10/2024,5030.68,HXJP5AC,236 m² Appartement ∙ 5 chambres ∙ 10 personnes,Grimentz - Valais
10/07/2024,20/07/2024,27/07/2024,2852.90,H2YBTCH,113 m² Chalet ∙ 2 chambres ∙ 5 personnes,Grimentz - Valais
10/07/2024,27/07/2024,03/08/2024,2852.90,H2YBTCH,113 m² Chalet ∙ 2 chambres ∙ 5 personnes,Grimentz - Valais
10/07/2024,07/09/2024,14/09/2024,2384.67,H2YBTCH,113 m² Chalet ∙ 2 chambres ∙ 5 personnes,Grimentz - Valais
10/07/2024,14/09/2024,21/09/2024,2384.67,H2YBTCH,113 m² Chalet ∙ 2 chambres ∙ 5 personnes,Grimentz - Valais
10/07/2024,21/09/2024,28/09/2024,2384.67,H2YBTCH,113 m² Chalet ∙ 2 chambres ∙ 5 personnes,Grimentz - Valais
10/07/2024,28/09/2024,05/10/2024,2384.67,H2YBTCH,113 m² Chalet ∙ 2 chambres ∙ 5 personnes,Grimentz - Valais
10/07/2024,05/10/2024,12/10/2024,2384.67,H2YBTCH,113 m² Chalet ∙ 2 chambres ∙ 5 personnes,Grimentz - Valais
10/07/2024,12/10/2024,19/10/2024,2384.67,H2YBTCH,113 m² Chalet ∙ 2 chambres ∙ 5 personnes,Grimentz - Valais
10/07/2024,19/10/2024,26/10/2024,2384.67,H2YBTCH,113 m² Chalet ∙ 2 chambres ∙ 5 personnes,Grimentz - Valais
10/07/2024,26/10/2024,02/11/2024,2384.67,H2YBTCH,113 m² Chalet ∙ 2 chambres ∙ 5 personnes,Grimentz - Valais
10/07/2024,14/09/2024,21/09/2024,4780.25,H13GAUJ,225 m² Appartement ∙ 5 chambres ∙ 12 personnes,Grimentz - Valais
10/07/2024,21/09/2024,28/09/2024,4780.25,H13GAUJ,225 m² Appartement ∙ 5 chambres ∙ 12 personnes,Grimentz - Valais
10/07/2024,28/09/2024,05/10/2024,4780.25,H13GAUJ,225 m² Appartement ∙ 5 chambres ∙ 12 personnes,Grimentz - Valais
10/07/2024,05/10/2024,12/10/2024,4780.25,H13GAUJ,225 m² Appartement ∙ 5 chambres ∙ 12 personnes,Grimentz - Valais
10/07/2024,12/10/2024,19/10/2024,4780.25,H13GAUJ,225 m² Appartement ∙ 5 chambres ∙ 12 personnes,Grimentz - Valais
10/07/2024,19/10/2024,26/10/2024,4780.25,H13GAUJ,225 m² Appartement ∙ 5 chambres ∙ 12 personnes,Grimentz - Valais
10/07/2024,26/10/2024,02/11/2024,4780.25,H13GAUJ,225 m² Appartement ∙ 5 chambres ∙ 12 personnes,Grimentz - Valais
10/07/2024,10/08/2024,17/08/2024,5008.90,H57SDUL,246 m² Appartement ∙ 4 chambres ∙ 11 personnes,Grimentz - Valais
10/07/2024,05/10/2024,12/10/2024,4780.25,H57SDUL,246 m² Appartement ∙ 4 chambres ∙ 11 personnes,Grimentz - Valais
10/07/2024,12/10/2024,19/10/2024,4780.25,H57SDUL,246 m² Appartement ∙ 4 chambres ∙ 11 personnes,Grimentz - Valais
10/07/2024,19/10/2024,26/10/2024,4780.25,H57SDUL,246 m² Appartement ∙ 4 chambres ∙ 11 personnes,Grimentz - Valais
10/07/2024,26/10/2024,02/11/2024,4780.25,H57SDUL,246 m² Appartement ∙ 4 chambres ∙ 11 personnes,Grimentz - Valais
10/07/2024,27/07/2024,03/08/2024,2852.90,HGNB85X,129 m² Appartement ∙ 3 chambres ∙ 4 personnes,Grimentz - Valais
10/07/2024,03/08/2024,10/08/2024,2852.90,HGNB85X,129 m² Appartement ∙ 3 chambres ∙ 4 personnes,Grimentz - Valais
10/07/2024,10/08/2024,17/08/2024,2852.90,HGNB85X,129 m² Appartement ∙ 3 chambres ∙ 4 personnes,Grimentz - Valais
10/07/2024,07/09/2024,14/09/2024,2384.67,HGNB85X,129 m² Appartement ∙ 3 chambres ∙ 4 personnes,Grimentz - Valais
10/07/2024,14/09/2024,21/09/2024,2384.67,HGNB85X,129 m² Appartement ∙ 3 chambres ∙ 4 personnes,Grimentz - Valais
10/07/2024,21/09/2024,28/09/2024,2384.67,HGNB85X,129 m² Appartement ∙ 3 chambres ∙ 4 personnes,Grimentz - Valais
10/07/2024,28/09/2024,05/10/2024,2384.67,HGNB85X,129 m² Appartement ∙ 3 chambres ∙ 4 personnes,Grimentz - Valais
10/07/2024,05/10/2024,12/10/2024,2384.67,HGNB85X,129 m² Appartement ∙ 3 chambres ∙ 4 personnes,Grimentz - Valais
10/07/2024,12/10/2024,19/10/2024,2384.67,HGNB85X,129 m² Appartement ∙ 3 chambres ∙ 4 personnes,Grimentz - Valais
10/07/2024,19/10/2024,26/10/2024,2384.67,HGNB85X,129 m² Appartement ∙ 3 chambres ∙ 4 personnes,Grimentz - Valais
10/07/2024,26/10/2024,02/11/2024,2384.67,HGNB85X,129 m² Appartement ∙ 3 chambres ∙ 4 personnes,Grimentz - Valais
10/07/2024,13/07/2024,20/07/2024,5008.90,H41PXJD,207 m² Chalet ∙ 5 chambres ∙ 11 personnes,Grimentz - Valais
10/07/2024,20/07/2024,27/07/2024,5008.90,H41PXJD,207 m² Chalet ∙ 5 chambres ∙ 11 personnes,Grimentz - Valais
10/07/2024,27/07/2024,03/08/2024,5008.90,H41PXJD,207 m² Chalet ∙ 5 chambres ∙ 11 personnes,Grimentz - Valais
10/07/2024,07/09/2024,14/09/2024,4780.25,H41PXJD,207 m² Chalet ∙ 5 chambres ∙ 11 personnes,Grimentz - Valais
10/07/2024,28/09/2024,05/10/2024,4780.25,H41PXJD,207 m² Chalet ∙ 5 chambres ∙ 11 personnes,Grimentz - Valais
10/07/2024,05/10/2024,12/10/2024,4780.25,H41PXJD,207 m² Chalet ∙ 5 chambres ∙ 11 personnes,Grimentz - Valais
10/07/2024,12/10/2024,19/10/2024,4780.25,H41PXJD,207 m² Chalet ∙ 5 chambres ∙ 11 personnes,Grimentz - Valais
10/07/2024,19/10/2024,26/10/2024,4780.25,H41PXJD,207 m² Chalet ∙ 5 chambres ∙ 11 personnes,Grimentz - Valais
10/07/2024,26/10/2024,02/11/2024,4780.25,H41PXJD,207 m² Chalet ∙ 5 chambres ∙ 11 personnes,Grimentz - Valais
10/07/2024,13/07/2024,20/07/2024,4050.69,H0UJE4N,126 m² Appartement ∙ 3 chambres ∙ 8 personnes,Grimentz - Valais
10/07/2024,20/07/2024,27/07/2024,4050.69,H0UJE4N,126 m² Appartement ∙ 3 chambres ∙ 8 personnes,Grimentz - Valais
10/07/2024,24/08/2024,31/08/2024,3070.67,H0UJE4N,126 m² Appartement ∙ 3 chambres ∙ 8 personnes,Grimentz - Valais
10/07/2024,31/08/2024,07/09/2024,3070.67,H0UJE4N,126 m² Appartement ∙ 3 chambres ∙ 8 personnes,Grimentz - Valais
10/07/2024,07/09/2024,14/09/2024,3070.67,H0UJE4N,126 m² Appartement ∙ 3 chambres ∙ 8 personnes,Grimentz - Valais
10/07/2024,14/09/2024,21/09/2024,3070.67,H0UJE4N,126 m² Appartement ∙ 3 chambres ∙ 8 personnes,Grimentz - Valais
10/07/2024,21/09/2024,28/09/2024,3070.67,H0UJE4N,126 m² Appartement ∙ 3 chambres ∙ 8 personnes,Grimentz - Valais
10/07/2024,28/09/2024,05/10/2024,3070.67,H0UJE4N,126 m² Appartement ∙ 3 chambres ∙ 8 personnes,Grimentz - Valais
10/07/2024,05/10/2024,12/10/2024,3070.67,H0UJE4N,126 m² Appartement ∙ 3 chambres ∙ 8 personnes,Grimentz - Valais
10/07/2024,12/10/2024,19/10/2024,3070.67,H0UJE4N,126 m² Appartement ∙ 3 chambres ∙ 8 personnes,Grimentz - Valais
10/07/2024,19/10/2024,26/10/2024,3070.67,H0UJE4N,126 m² Appartement ∙ 3 chambres ∙ 8 personnes,Grimentz - Valais
10/07/2024,26/10/2024,02/11/2024,3070.67,H0UJE4N,126 m² Appartement ∙ 3 chambres ∙ 8 personnes,Grimentz - Valais
10/07/2024,13/07/2024,20/07/2024,4780.25,HCH86FZ,142 m² Appartement ∙ 4 chambres ∙ 10 personnes,Grimentz - Valais
10/07/2024,20/07/2024,27/07/2024,4780.25,HCH86FZ,142 m² Appartement ∙ 4 chambres ∙ 10 personnes,Grimentz - Valais
10/07/2024,27/07/2024,03/08/2024,4780.25,HCH86FZ,142 m² Appartement ∙ 4 chambres ∙ 10 personnes,Grimentz - Valais
10/07/2024,17/08/2024,24/08/2024,4780.25,HCH86FZ,142 m² Appartement ∙ 4 chambres ∙ 10 personnes,Grimentz - Valais
10/07/2024,24/08/2024,31/08/2024,4301.12,HCH86FZ,142 m² Appartement ∙ 4 chambres ∙ 10 personnes,Grimentz - Valais
10/07/2024,31/08/2024,07/09/2024,4301.12,HCH86FZ,142 m² Appartement ∙ 4 chambres ∙ 10 personnes,Grimentz - Valais
10/07/2024,07/09/2024,14/09/2024,4301.12,HCH86FZ,142 m² Appartement ∙ 4 chambres ∙ 10 personnes,Grimentz - Valais
10/07/2024,14/09/2024,21/09/2024,4301.12,HCH86FZ,142 m² Appartement ∙ 4 chambres ∙ 10 personnes,Grimentz - Valais
10/07/2024,21/09/2024,28/09/2024,4301.12,HCH86FZ,142 m² Appartement ∙ 4 chambres ∙ 10 personnes,Grimentz - Valais
10/07/2024,28/09/2024,05/10/2024,4301.12,HCH86FZ,142 m² Appartement ∙ 4 chambres ∙ 10 personnes,Grimentz - Valais
10/07/2024,05/10/2024,12/10/2024,4301.12,HCH86FZ,142 m² Appartement ∙ 4 chambres ∙ 10 personnes,Grimentz - Valais
10/07/2024,12/10/2024,19/10/2024,4301.12,HCH86FZ,142 m² Appartement ∙ 4 chambres ∙ 10 personnes,Grimentz - Valais
10/07/2024,19/10/2024,26/10/2024,4301.12,HCH86FZ,142 m² Appartement ∙ 4 chambres ∙ 10 personnes,Grimentz - Valais
10/07/2024,26/10/2024,02/11/2024,4301.12,HCH86FZ,142 m² Appartement ∙ 4 chambres ∙ 10 personnes,Grimentz - Valais
10/07/2024,27/07/2024,03/08/2024,4268.46,HSXAG0D,153 m² Appartement ∙ 3 chambres ∙ 8 personnes,Grimentz - Valais
10/07/2024,07/09/2024,14/09/2024,3473.56,HSXAG0D,153 m² Appartement ∙ 3 chambres ∙ 8 personnes,Grimentz - Valais
10/07/2024,14/09/2024,21/09/2024,3473.56,HSXAG0D,153 m² Appartement ∙ 3 chambres ∙ 8 personnes,Grimentz - Valais
10/07/2024,21/09/2024,28/09/2024,3473.56,HSXAG0D,153 m² Appartement ∙ 3 chambres ∙ 8 personnes,Grimentz - Valais
10/07/2024,28/09/2024,05/10/2024,3473.56,HSXAG0D,153 m² Appartement ∙ 3 chambres ∙ 8 personnes,Grimentz - Valais
10/07/2024,05/10/2024,12/10/2024,3473.56,HSXAG0D,153 m² Appartement ∙ 3 chambres ∙ 8 personnes,Grimentz - Valais
10/07/2024,12/10/2024,19/10/2024,3473.56,HSXAG0D,153 m² Appartement ∙ 3 chambres ∙ 8 personnes,Grimentz - Valais
10/07/2024,19/10/2024,26/10/2024,3473.56,HSXAG0D,153 m² Appartement ∙ 3 chambres ∙ 8 personnes,Grimentz - Valais
10/07/2024,26/10/2024,02/11/2024,3473.56,HSXAG0D,153 m² Appartement ∙ 3 chambres ∙ 8 personnes,Grimentz - Valais
10/07/2024,20/07/2024,27/07/2024,4050.69,HMZUEL8,141 m² Chalet ∙ 3 chambres ∙ 7 personnes,Grimentz - Valais
10/07/2024,27/07/2024,03/08/2024,4050.69,HMZUEL8,141 m² Chalet ∙ 3 chambres ∙ 7 personnes,Grimentz - Valais
10/07/2024,07/09/2024,14/09/2024,3070.67,HMZUEL8,141 m² Chalet ∙ 3 chambres ∙ 7 personnes,Grimentz - Valais
10/07/2024,14/09/2024,21/09/2024,3070.67,HMZUEL8,141 m² Chalet ∙ 3 chambres ∙ 7 personnes,Grimentz - Valais
10/07/2024,21/09/2024,28/09/2024,3070.67,HMZUEL8,141 m² Chalet ∙ 3 chambres ∙ 7 personnes,Grimentz - Valais
10/07/2024,28/09/2024,05/10/2024,3070.67,HMZUEL8,141 m² Chalet ∙ 3 chambres ∙ 7 personnes,Grimentz - Valais
10/07/2024,05/10/2024,12/10/2024,3070.67,HMZUEL8,141 m² Chalet ∙ 3 chambres ∙ 7 personnes,Grimentz - Valais
10/07/2024,12/10/2024,19/10/2024,3070.67,HMZUEL8,141 m² Chalet ∙ 3 chambres ∙ 7 personnes,Grimentz - Valais
10/07/2024,19/10/2024,26/10/2024,3070.67,HMZUEL8,141 m² Chalet ∙ 3 chambres ∙ 7 personnes,Grimentz - Valais
10/07/2024,26/10/2024,02/11/2024,3070.67,HMZUEL8,141 m² Chalet ∙ 3 chambres ∙ 7 personnes,Grimentz - Valais
10/07/2024,07/09/2024,14/09/2024,3473.56,HF9L104,152 m² Appartement ∙ 3 chambres ∙ 8 personnes,Grimentz - Valais
10/07/2024,14/09/2024,21/09/2024,3473.56,HF9L104,152 m² Appartement ∙ 3 chambres ∙ 8 personnes,Grimentz - Valais
10/07/2024,21/09/2024,28/09/2024,3473.56,HF9L104,152 m² Appartement ∙ 3 chambres ∙ 8 personnes,Grimentz - Valais
10/07/2024,28/09/2024,05/10/2024,3473.56,HF9L104,152 m² Appartement ∙ 3 chambres ∙ 8 personnes,Grimentz - Valais
10/07/2024,05/10/2024,12/10/2024,3473.56,HF9L104,152 m² Appartement ∙ 3 chambres ∙ 8 personnes,Grimentz - Valais
10/07/2024,12/10/2024,19/10/2024,3473.56,HF9L104,152 m² Appartement ∙ 3 chambres ∙ 8 personnes,Grimentz - Valais
10/07/2024,19/10/2024,26/10/2024,3473.56,HF9L104,152 m² Appartement ∙ 3 chambres ∙ 8 personnes,Grimentz - Valais
10/07/2024,26/10/2024,02/11/2024,3473.56,HF9L104,152 m² Appartement ∙ 3 chambres ∙ 8 personnes,Grimentz - Valais
10/07/2024,13/07/2024,20/07/2024,4268.46,HW6LKMP,146 m² Chalet ∙ 3 chambres ∙ 7 personnes,Grimentz - Valais
10/07/2024,07/09/2024,14/09/2024,3473.56,HW6LKMP,146 m² Chalet ∙ 3 chambres ∙ 7 personnes,Grimentz - Valais
10/07/2024,14/09/2024,21/09/2024,3473.56,HW6LKMP,146 m² Chalet ∙ 3 chambres ∙ 7 personnes,Grimentz - Valais
10/07/2024,21/09/2024,28/09/2024,3473.56,HW6LKMP,146 m² Chalet ∙ 3 chambres ∙ 7 personnes,Grimentz - Valais
10/07/2024,28/09/2024,05/10/2024,3473.56,HW6LKMP,146 m² Chalet ∙ 3 chambres ∙ 7 personnes,Grimentz - Valais
10/07/2024,05/10/2024,12/10/2024,3473.56,HW6LKMP,146 m² Chalet ∙ 3 chambres ∙ 7 personnes,Grimentz - Valais
10/07/2024,12/10/2024,19/10/2024,3473.56,HW6LKMP,146 m² Chalet ∙ 3 chambres ∙ 7 personnes,Grimentz - Valais
10/07/2024,19/10/2024,26/10/2024,3473.56,HW6LKMP,146 m² Chalet ∙ 3 chambres ∙ 7 personnes,Grimentz - Valais
10/07/2024,26/10/2024,02/11/2024,3473.56,HW6LKMP,146 m² Chalet ∙ 3 chambres ∙ 7 personnes,Grimentz - Valais
