date_scrap,date_debut,date_fin,price,identifiant,typologie,nom
04/11/2024,16/11/2024,23/11/2024,539.81,HYCZGU9,75 m² Appartement ∙ 1 chambre ∙ 7 personnes,Loèche-les-Bains - Valais
04/11/2024,23/11/2024,30/11/2024,539.81,HYCZGU9,75 m² Appartement ∙ 1 chambre ∙ 7 personnes,Loèche-les-Bains - Valais
04/11/2024,04/01/2025,11/01/2025,616.17,HYCZGU9,75 m² Appartement ∙ 1 chambre ∙ 7 personnes,Loèche-les-Bains - Valais
04/11/2024,18/01/2025,25/01/2025,616.17,HYCZGU9,75 m² Appartement ∙ 1 chambre ∙ 7 personnes,Loèche-les-Bains - Valais
04/11/2024,08/03/2025,15/03/2025,577.99,HYCZGU9,75 m² Appartement ∙ 1 chambre ∙ 7 personnes,Loèche-les-Bains - Valais
04/11/2024,15/03/2025,22/03/2025,577.99,HYCZGU9,75 m² Appartement ∙ 1 chambre ∙ 7 personnes,Loèche-les-Bains - Valais
04/11/2024,22/03/2025,29/03/2025,577.99,HYCZGU9,75 m² Appartement ∙ 1 chambre ∙ 7 personnes,Loèche-les-Bains - Valais
04/11/2024,29/03/2025,05/04/2025,577.99,HYCZGU9,75 m² Appartement ∙ 1 chambre ∙ 7 personnes,Loèche-les-Bains - Valais
04/11/2024,05/04/2025,12/04/2025,577.99,HYCZGU9,75 m² Appartement ∙ 1 chambre ∙ 7 personnes,Loèche-les-Bains - Valais
04/11/2024,12/04/2025,19/04/2025,577.99,HYCZGU9,75 m² Appartement ∙ 1 chambre ∙ 7 personnes,Loèche-les-Bains - Valais
04/11/2024,19/04/2025,26/04/2025,577.99,HYCZGU9,75 m² Appartement ∙ 1 chambre ∙ 7 personnes,Loèche-les-Bains - Valais
04/11/2024,26/04/2025,03/05/2025,577.99,HYCZGU9,75 m² Appartement ∙ 1 chambre ∙ 7 personnes,Loèche-les-Bains - Valais
04/11/2024,03/05/2025,10/05/2025,577.99,HYCZGU9,75 m² Appartement ∙ 1 chambre ∙ 7 personnes,Loèche-les-Bains - Valais
04/11/2024,10/05/2025,17/05/2025,577.99,HYCZGU9,75 m² Appartement ∙ 1 chambre ∙ 7 personnes,Loèche-les-Bains - Valais
04/11/2024,16/11/2024,23/11/2024,850.03,HSXR6NJ,90 m² Maison de vacances ∙ 3 chambres ∙ 6 personnes,Vex - Valais
04/11/2024,23/11/2024,30/11/2024,668.03,HSXR6NJ,90 m² Maison de vacances ∙ 3 chambres ∙ 6 personnes,Vex - Valais
04/11/2024,30/11/2024,07/12/2024,668.03,HSXR6NJ,90 m² Maison de vacances ∙ 3 chambres ∙ 6 personnes,Vex - Valais
04/11/2024,07/12/2024,14/12/2024,668.03,HSXR6NJ,90 m² Maison de vacances ∙ 3 chambres ∙ 6 personnes,Vex - Valais
04/11/2024,14/12/2024,21/12/2024,668.03,HSXR6NJ,90 m² Maison de vacances ∙ 3 chambres ∙ 6 personnes,Vex - Valais
04/11/2024,21/12/2024,28/12/2024,919.70,HSXR6NJ,90 m² Maison de vacances ∙ 3 chambres ∙ 6 personnes,Vex - Valais
04/11/2024,04/01/2025,11/01/2025,668.03,HSXR6NJ,90 m² Maison de vacances ∙ 3 chambres ∙ 6 personnes,Vex - Valais
04/11/2024,11/01/2025,18/01/2025,668.03,HSXR6NJ,90 m² Maison de vacances ∙ 3 chambres ∙ 6 personnes,Vex - Valais
04/11/2024,18/01/2025,25/01/2025,668.03,HSXR6NJ,90 m² Maison de vacances ∙ 3 chambres ∙ 6 personnes,Vex - Valais
04/11/2024,25/01/2025,01/02/2025,804.74,HSXR6NJ,90 m² Maison de vacances ∙ 3 chambres ∙ 6 personnes,Vex - Valais
04/11/2024,01/02/2025,08/02/2025,890.70,HSXR6NJ,90 m² Maison de vacances ∙ 3 chambres ∙ 6 personnes,Vex - Valais
04/11/2024,08/02/2025,15/02/2025,1024.31,HSXR6NJ,90 m² Maison de vacances ∙ 3 chambres ∙ 6 personnes,Vex - Valais
04/11/2024,22/02/2025,01/03/2025,1173.45,HSXR6NJ,90 m² Maison de vacances ∙ 3 chambres ∙ 6 personnes,Vex - Valais
04/11/2024,08/03/2025,15/03/2025,804.74,HSXR6NJ,90 m² Maison de vacances ∙ 3 chambres ∙ 6 personnes,Vex - Valais
04/11/2024,15/03/2025,22/03/2025,668.03,HSXR6NJ,90 m² Maison de vacances ∙ 3 chambres ∙ 6 personnes,Vex - Valais
04/11/2024,22/03/2025,29/03/2025,668.03,HSXR6NJ,90 m² Maison de vacances ∙ 3 chambres ∙ 6 personnes,Vex - Valais
04/11/2024,29/03/2025,05/04/2025,668.03,HSXR6NJ,90 m² Maison de vacances ∙ 3 chambres ∙ 6 personnes,Vex - Valais
04/11/2024,05/04/2025,12/04/2025,668.03,HSXR6NJ,90 m² Maison de vacances ∙ 3 chambres ∙ 6 personnes,Vex - Valais
04/11/2024,12/04/2025,19/04/2025,734.31,HSXR6NJ,90 m² Maison de vacances ∙ 3 chambres ∙ 6 personnes,Vex - Valais
04/11/2024,19/04/2025,26/04/2025,734.31,HSXR6NJ,90 m² Maison de vacances ∙ 3 chambres ∙ 6 personnes,Vex - Valais
04/11/2024,26/04/2025,03/05/2025,668.03,HSXR6NJ,90 m² Maison de vacances ∙ 3 chambres ∙ 6 personnes,Vex - Valais
04/11/2024,15/03/2025,22/03/2025,372.35,HGHE0A3,60 m² Chalet ∙ 2 chambres ∙ 4 personnes,Betten - Bettmeralp - Valais
04/11/2024,22/03/2025,29/03/2025,372.35,HGHE0A3,60 m² Chalet ∙ 2 chambres ∙ 4 personnes,Betten - Bettmeralp - Valais
04/11/2024,29/03/2025,05/04/2025,390.94,HGHE0A3,60 m² Chalet ∙ 2 chambres ∙ 4 personnes,Betten - Bettmeralp - Valais
04/11/2024,05/04/2025,12/04/2025,518.05,HGHE0A3,60 m² Chalet ∙ 2 chambres ∙ 4 personnes,Betten - Bettmeralp - Valais
04/11/2024,12/04/2025,19/04/2025,724.32,HGHE0A3,60 m² Chalet ∙ 2 chambres ∙ 4 personnes,Betten - Bettmeralp - Valais
04/11/2024,19/04/2025,26/04/2025,518.05,HGHE0A3,60 m² Chalet ∙ 2 chambres ∙ 4 personnes,Betten - Bettmeralp - Valais
04/11/2024,26/04/2025,03/05/2025,514.41,HGHE0A3,60 m² Chalet ∙ 2 chambres ∙ 4 personnes,Betten - Bettmeralp - Valais
04/11/2024,03/05/2025,10/05/2025,514.41,HGHE0A3,60 m² Chalet ∙ 2 chambres ∙ 4 personnes,Betten - Bettmeralp - Valais
04/11/2024,10/05/2025,17/05/2025,514.41,HGHE0A3,60 m² Chalet ∙ 2 chambres ∙ 4 personnes,Betten - Bettmeralp - Valais
04/11/2024,23/11/2024,30/11/2024,435.01,H820F4E,150 m² Maison de vacances ∙ 5 chambres ∙ 12 personnes,Nendaz - Valais
04/11/2024,30/11/2024,07/12/2024,435.01,H820F4E,150 m² Maison de vacances ∙ 5 chambres ∙ 12 personnes,Nendaz - Valais
04/11/2024,07/12/2024,14/12/2024,435.01,H820F4E,150 m² Maison de vacances ∙ 5 chambres ∙ 12 personnes,Nendaz - Valais
04/11/2024,14/12/2024,21/12/2024,435.01,H820F4E,150 m² Maison de vacances ∙ 5 chambres ∙ 12 personnes,Nendaz - Valais
04/11/2024,01/02/2025,08/02/2025,3227.86,H820F4E,150 m² Maison de vacances ∙ 5 chambres ∙ 12 personnes,Nendaz - Valais
04/11/2024,08/02/2025,15/02/2025,3227.86,H820F4E,150 m² Maison de vacances ∙ 5 chambres ∙ 12 personnes,Nendaz - Valais
04/11/2024,08/03/2025,15/03/2025,1908.38,H820F4E,150 m² Maison de vacances ∙ 5 chambres ∙ 12 personnes,Nendaz - Valais
04/11/2024,15/03/2025,22/03/2025,1093.27,H820F4E,150 m² Maison de vacances ∙ 5 chambres ∙ 12 personnes,Nendaz - Valais
04/11/2024,22/03/2025,29/03/2025,994.89,H820F4E,150 m² Maison de vacances ∙ 5 chambres ∙ 12 personnes,Nendaz - Valais
04/11/2024,29/03/2025,05/04/2025,994.89,H820F4E,150 m² Maison de vacances ∙ 5 chambres ∙ 12 personnes,Nendaz - Valais
04/11/2024,05/04/2025,12/04/2025,994.89,H820F4E,150 m² Maison de vacances ∙ 5 chambres ∙ 12 personnes,Nendaz - Valais
04/11/2024,19/04/2025,26/04/2025,1164.76,H820F4E,150 m² Maison de vacances ∙ 5 chambres ∙ 12 personnes,Nendaz - Valais
04/11/2024,21/12/2024,28/12/2024,2207.61,H5T706W,110 m² Maison de vacances ∙ 4 chambres ∙ 8 personnes,Veysonnaz - Valais
04/11/2024,04/01/2025,11/01/2025,1405.98,H5T706W,110 m² Maison de vacances ∙ 4 chambres ∙ 8 personnes,Veysonnaz - Valais
04/11/2024,11/01/2025,18/01/2025,1405.98,H5T706W,110 m² Maison de vacances ∙ 4 chambres ∙ 8 personnes,Veysonnaz - Valais
04/11/2024,01/03/2025,08/03/2025,2432.86,H5T706W,110 m² Maison de vacances ∙ 4 chambres ∙ 8 personnes,Veysonnaz - Valais
04/11/2024,15/03/2025,22/03/2025,1071.95,H5T706W,110 m² Maison de vacances ∙ 4 chambres ∙ 8 personnes,Veysonnaz - Valais
04/11/2024,29/03/2025,05/04/2025,947.67,H5T706W,110 m² Maison de vacances ∙ 4 chambres ∙ 8 personnes,Veysonnaz - Valais
04/11/2024,05/04/2025,12/04/2025,947.67,H5T706W,110 m² Maison de vacances ∙ 4 chambres ∙ 8 personnes,Veysonnaz - Valais
04/11/2024,12/04/2025,19/04/2025,1165.16,H5T706W,110 m² Maison de vacances ∙ 4 chambres ∙ 8 personnes,Veysonnaz - Valais
04/11/2024,19/04/2025,26/04/2025,1165.16,H5T706W,110 m² Maison de vacances ∙ 4 chambres ∙ 8 personnes,Veysonnaz - Valais
04/11/2024,26/04/2025,03/05/2025,941.45,H5T706W,110 m² Maison de vacances ∙ 4 chambres ∙ 8 personnes,Veysonnaz - Valais
04/11/2024,09/11/2024,16/11/2024,726.44,H7J8G2S,65 m² Maison de vacances ∙ 2 chambres ∙ 4 personnes,Albinen - Valais
04/11/2024,30/11/2024,07/12/2024,726.44,H7J8G2S,65 m² Maison de vacances ∙ 2 chambres ∙ 4 personnes,Albinen - Valais
04/11/2024,07/12/2024,14/12/2024,726.44,H7J8G2S,65 m² Maison de vacances ∙ 2 chambres ∙ 4 personnes,Albinen - Valais
04/11/2024,14/12/2024,21/12/2024,726.44,H7J8G2S,65 m² Maison de vacances ∙ 2 chambres ∙ 4 personnes,Albinen - Valais
04/11/2024,21/12/2024,28/12/2024,835.67,H7J8G2S,65 m² Maison de vacances ∙ 2 chambres ∙ 4 personnes,Albinen - Valais
04/11/2024,04/01/2025,11/01/2025,757.19,H7J8G2S,65 m² Maison de vacances ∙ 2 chambres ∙ 4 personnes,Albinen - Valais
04/11/2024,11/01/2025,18/01/2025,757.19,H7J8G2S,65 m² Maison de vacances ∙ 2 chambres ∙ 4 personnes,Albinen - Valais
04/11/2024,18/01/2025,25/01/2025,757.19,H7J8G2S,65 m² Maison de vacances ∙ 2 chambres ∙ 4 personnes,Albinen - Valais
04/11/2024,08/02/2025,15/02/2025,757.19,H7J8G2S,65 m² Maison de vacances ∙ 2 chambres ∙ 4 personnes,Albinen - Valais
04/11/2024,08/03/2025,15/03/2025,757.19,H7J8G2S,65 m² Maison de vacances ∙ 2 chambres ∙ 4 personnes,Albinen - Valais
04/11/2024,15/03/2025,22/03/2025,757.19,H7J8G2S,65 m² Maison de vacances ∙ 2 chambres ∙ 4 personnes,Albinen - Valais
04/11/2024,22/03/2025,29/03/2025,757.19,H7J8G2S,65 m² Maison de vacances ∙ 2 chambres ∙ 4 personnes,Albinen - Valais
04/11/2024,29/03/2025,05/04/2025,757.19,H7J8G2S,65 m² Maison de vacances ∙ 2 chambres ∙ 4 personnes,Albinen - Valais
04/11/2024,05/04/2025,12/04/2025,757.19,H7J8G2S,65 m² Maison de vacances ∙ 2 chambres ∙ 4 personnes,Albinen - Valais
04/11/2024,26/04/2025,03/05/2025,757.19,H7J8G2S,65 m² Maison de vacances ∙ 2 chambres ∙ 4 personnes,Albinen - Valais
04/11/2024,03/05/2025,10/05/2025,757.19,H7J8G2S,65 m² Maison de vacances ∙ 2 chambres ∙ 4 personnes,Albinen - Valais
04/11/2024,10/05/2025,17/05/2025,757.19,H7J8G2S,65 m² Maison de vacances ∙ 2 chambres ∙ 4 personnes,Albinen - Valais
04/11/2024,26/04/2025,03/05/2025,917.33,HXUSNPA,50 m² Maison de vacances ∙ 2 chambres ∙ 6 personnes,Simplon - Valais
04/11/2024,03/05/2025,10/05/2025,917.33,HXUSNPA,50 m² Maison de vacances ∙ 2 chambres ∙ 6 personnes,Simplon - Valais
04/11/2024,10/05/2025,17/05/2025,917.33,HXUSNPA,50 m² Maison de vacances ∙ 2 chambres ∙ 6 personnes,Simplon - Valais
04/11/2024,16/11/2024,23/11/2024,351.02,HX0HYMV,76 m² Appartement ∙ 2 chambres ∙ 6 personnes,Eischoll - Valais
04/11/2024,23/11/2024,30/11/2024,351.02,HX0HYMV,76 m² Appartement ∙ 2 chambres ∙ 6 personnes,Eischoll - Valais
04/11/2024,30/11/2024,07/12/2024,351.02,HX0HYMV,76 m² Appartement ∙ 2 chambres ∙ 6 personnes,Eischoll - Valais
04/11/2024,07/12/2024,14/12/2024,351.02,HX0HYMV,76 m² Appartement ∙ 2 chambres ∙ 6 personnes,Eischoll - Valais
04/11/2024,14/12/2024,21/12/2024,351.02,HX0HYMV,76 m² Appartement ∙ 2 chambres ∙ 6 personnes,Eischoll - Valais
04/11/2024,04/01/2025,11/01/2025,541.91,HX0HYMV,76 m² Appartement ∙ 2 chambres ∙ 6 personnes,Eischoll - Valais
04/11/2024,11/01/2025,18/01/2025,351.02,HX0HYMV,76 m² Appartement ∙ 2 chambres ∙ 6 personnes,Eischoll - Valais
04/11/2024,18/01/2025,25/01/2025,351.02,HX0HYMV,76 m² Appartement ∙ 2 chambres ∙ 6 personnes,Eischoll - Valais
04/11/2024,14/12/2024,21/12/2024,649.00,HHU46XN,2 room apartment,2 room apartmentVercorin - Valais
04/11/2024,21/12/2024,28/12/2024,1467.00,HHU46XN,2 room apartment,2 room apartmentVercorin - Valais
04/11/2024,23/11/2024,30/11/2024,1149.58,H1LKGCB,50 m² Maison de vacances ∙ 2 personnes,Evolène - Valais
04/11/2024,18/01/2025,25/01/2025,1149.58,H1LKGCB,50 m² Maison de vacances ∙ 2 personnes,Evolène - Valais
04/11/2024,22/02/2025,01/03/2025,1149.58,H1LKGCB,50 m² Maison de vacances ∙ 2 personnes,Evolène - Valais
04/11/2024,01/03/2025,08/03/2025,1149.58,H1LKGCB,50 m² Maison de vacances ∙ 2 personnes,Evolène - Valais
04/11/2024,08/03/2025,15/03/2025,1149.58,H1LKGCB,50 m² Maison de vacances ∙ 2 personnes,Evolène - Valais
04/11/2024,15/03/2025,22/03/2025,1149.58,H1LKGCB,50 m² Maison de vacances ∙ 2 personnes,Evolène - Valais
04/11/2024,22/03/2025,29/03/2025,1149.58,H1LKGCB,50 m² Maison de vacances ∙ 2 personnes,Evolène - Valais
04/11/2024,29/03/2025,05/04/2025,1149.58,H1LKGCB,50 m² Maison de vacances ∙ 2 personnes,Evolène - Valais
04/11/2024,05/04/2025,12/04/2025,1149.58,H1LKGCB,50 m² Maison de vacances ∙ 2 personnes,Evolène - Valais
04/11/2024,12/04/2025,19/04/2025,1149.58,H1LKGCB,50 m² Maison de vacances ∙ 2 personnes,Evolène - Valais
04/11/2024,19/04/2025,26/04/2025,1149.58,H1LKGCB,50 m² Maison de vacances ∙ 2 personnes,Evolène - Valais
04/11/2024,26/04/2025,03/05/2025,1149.58,H1LKGCB,50 m² Maison de vacances ∙ 2 personnes,Evolène - Valais
04/11/2024,03/05/2025,10/05/2025,1149.58,H1LKGCB,50 m² Maison de vacances ∙ 2 personnes,Evolène - Valais
04/11/2024,10/05/2025,17/05/2025,1149.58,H1LKGCB,50 m² Maison de vacances ∙ 2 personnes,Evolène - Valais
04/11/2024,09/11/2024,16/11/2024,1284.26,HV8HA9U,120 m² Maison de vacances ∙ 3 chambres ∙ 6 personnes,Ayent - Valais
04/11/2024,16/11/2024,23/11/2024,1284.26,HV8HA9U,120 m² Maison de vacances ∙ 3 chambres ∙ 6 personnes,Ayent - Valais
04/11/2024,23/11/2024,30/11/2024,1284.26,HV8HA9U,120 m² Maison de vacances ∙ 3 chambres ∙ 6 personnes,Ayent - Valais
04/11/2024,30/11/2024,07/12/2024,1284.26,HV8HA9U,120 m² Maison de vacances ∙ 3 chambres ∙ 6 personnes,Ayent - Valais
04/11/2024,07/12/2024,14/12/2024,1284.26,HV8HA9U,120 m² Maison de vacances ∙ 3 chambres ∙ 6 personnes,Ayent - Valais
04/11/2024,14/12/2024,21/12/2024,2253.55,HV8HA9U,120 m² Maison de vacances ∙ 3 chambres ∙ 6 personnes,Ayent - Valais
04/11/2024,21/12/2024,28/12/2024,2253.55,HV8HA9U,120 m² Maison de vacances ∙ 3 chambres ∙ 6 personnes,Ayent - Valais
04/11/2024,04/01/2025,11/01/2025,1511.21,HV8HA9U,120 m² Maison de vacances ∙ 3 chambres ∙ 6 personnes,Ayent - Valais
04/11/2024,11/01/2025,18/01/2025,1511.21,HV8HA9U,120 m² Maison de vacances ∙ 3 chambres ∙ 6 personnes,Ayent - Valais
04/11/2024,18/01/2025,25/01/2025,1511.21,HV8HA9U,120 m² Maison de vacances ∙ 3 chambres ∙ 6 personnes,Ayent - Valais
04/11/2024,25/01/2025,01/02/2025,1511.21,HV8HA9U,120 m² Maison de vacances ∙ 3 chambres ∙ 6 personnes,Ayent - Valais
04/11/2024,01/02/2025,08/02/2025,1882.38,HV8HA9U,120 m² Maison de vacances ∙ 3 chambres ∙ 6 personnes,Ayent - Valais
04/11/2024,08/02/2025,15/02/2025,1882.38,HV8HA9U,120 m² Maison de vacances ∙ 3 chambres ∙ 6 personnes,Ayent - Valais
04/11/2024,15/02/2025,22/02/2025,1882.38,HV8HA9U,120 m² Maison de vacances ∙ 3 chambres ∙ 6 personnes,Ayent - Valais
04/11/2024,22/02/2025,01/03/2025,1882.38,HV8HA9U,120 m² Maison de vacances ∙ 3 chambres ∙ 6 personnes,Ayent - Valais
04/11/2024,16/11/2024,23/11/2024,1076.40,HNRH8DZ,125 m² Maison de vacances ∙ 3 chambres ∙ 6 personnes,Saint-Luc - Valais
04/11/2024,23/11/2024,30/11/2024,1076.40,HNRH8DZ,125 m² Maison de vacances ∙ 3 chambres ∙ 6 personnes,Saint-Luc - Valais
04/11/2024,14/12/2024,21/12/2024,1303.35,HNRH8DZ,125 m² Maison de vacances ∙ 3 chambres ∙ 6 personnes,Saint-Luc - Valais
04/11/2024,03/05/2025,10/05/2025,1303.35,HNRH8DZ,125 m² Maison de vacances ∙ 3 chambres ∙ 6 personnes,Saint-Luc - Valais
04/11/2024,10/05/2025,17/05/2025,1303.35,HNRH8DZ,125 m² Maison de vacances ∙ 3 chambres ∙ 6 personnes,Saint-Luc - Valais
04/11/2024,09/11/2024,16/11/2024,502.67,HDR9SF8,45 m² Appartement ∙ 1 chambre ∙ 2 personnes,Crans-Montana - Valais
04/11/2024,16/11/2024,23/11/2024,502.67,HDR9SF8,45 m² Appartement ∙ 1 chambre ∙ 2 personnes,Crans-Montana - Valais
04/11/2024,23/11/2024,30/11/2024,502.67,HDR9SF8,45 m² Appartement ∙ 1 chambre ∙ 2 personnes,Crans-Montana - Valais
04/11/2024,30/11/2024,07/12/2024,502.67,HDR9SF8,45 m² Appartement ∙ 1 chambre ∙ 2 personnes,Crans-Montana - Valais
04/11/2024,07/12/2024,14/12/2024,502.67,HDR9SF8,45 m² Appartement ∙ 1 chambre ∙ 2 personnes,Crans-Montana - Valais
04/11/2024,14/12/2024,21/12/2024,502.67,HDR9SF8,45 m² Appartement ∙ 1 chambre ∙ 2 personnes,Crans-Montana - Valais
04/11/2024,04/01/2025,11/01/2025,655.39,HDR9SF8,45 m² Appartement ∙ 1 chambre ∙ 2 personnes,Crans-Montana - Valais
04/11/2024,11/01/2025,18/01/2025,655.39,HDR9SF8,45 m² Appartement ∙ 1 chambre ∙ 2 personnes,Crans-Montana - Valais
04/11/2024,18/01/2025,25/01/2025,655.39,HDR9SF8,45 m² Appartement ∙ 1 chambre ∙ 2 personnes,Crans-Montana - Valais
04/11/2024,25/01/2025,01/02/2025,827.19,HDR9SF8,45 m² Appartement ∙ 1 chambre ∙ 2 personnes,Crans-Montana - Valais
04/11/2024,01/02/2025,08/02/2025,827.19,HDR9SF8,45 m² Appartement ∙ 1 chambre ∙ 2 personnes,Crans-Montana - Valais
04/11/2024,08/02/2025,15/02/2025,827.19,HDR9SF8,45 m² Appartement ∙ 1 chambre ∙ 2 personnes,Crans-Montana - Valais
04/11/2024,15/02/2025,22/02/2025,827.19,HDR9SF8,45 m² Appartement ∙ 1 chambre ∙ 2 personnes,Crans-Montana - Valais
04/11/2024,22/02/2025,01/03/2025,827.19,HDR9SF8,45 m² Appartement ∙ 1 chambre ∙ 2 personnes,Crans-Montana - Valais
04/11/2024,01/03/2025,08/03/2025,827.19,HDR9SF8,45 m² Appartement ∙ 1 chambre ∙ 2 personnes,Crans-Montana - Valais
04/11/2024,08/03/2025,15/03/2025,827.19,HDR9SF8,45 m² Appartement ∙ 1 chambre ∙ 2 personnes,Crans-Montana - Valais
04/11/2024,15/03/2025,22/03/2025,827.19,HDR9SF8,45 m² Appartement ∙ 1 chambre ∙ 2 personnes,Crans-Montana - Valais
04/11/2024,22/03/2025,29/03/2025,827.19,HDR9SF8,45 m² Appartement ∙ 1 chambre ∙ 2 personnes,Crans-Montana - Valais
04/11/2024,29/03/2025,05/04/2025,674.47,HDR9SF8,45 m² Appartement ∙ 1 chambre ∙ 2 personnes,Crans-Montana - Valais
04/11/2024,05/04/2025,12/04/2025,674.47,HDR9SF8,45 m² Appartement ∙ 1 chambre ∙ 2 personnes,Crans-Montana - Valais
04/11/2024,12/04/2025,19/04/2025,674.47,HDR9SF8,45 m² Appartement ∙ 1 chambre ∙ 2 personnes,Crans-Montana - Valais
04/11/2024,19/04/2025,26/04/2025,674.47,HDR9SF8,45 m² Appartement ∙ 1 chambre ∙ 2 personnes,Crans-Montana - Valais
04/11/2024,26/04/2025,03/05/2025,674.47,HDR9SF8,45 m² Appartement ∙ 1 chambre ∙ 2 personnes,Crans-Montana - Valais
04/11/2024,03/05/2025,10/05/2025,674.47,HDR9SF8,45 m² Appartement ∙ 1 chambre ∙ 2 personnes,Crans-Montana - Valais
04/11/2024,10/05/2025,17/05/2025,674.47,HDR9SF8,45 m² Appartement ∙ 1 chambre ∙ 2 personnes,Crans-Montana - Valais
04/11/2024,07/12/2024,14/12/2024,869.61,HNRUWBE,80 m² Maison de vacances ∙ 3 chambres ∙ 5 personnes,Orsières - Valais
04/11/2024,14/12/2024,21/12/2024,869.61,HNRUWBE,80 m² Maison de vacances ∙ 3 chambres ∙ 5 personnes,Orsières - Valais
04/11/2024,04/01/2025,11/01/2025,1022.32,HNRUWBE,80 m² Maison de vacances ∙ 3 chambres ∙ 5 personnes,Orsières - Valais
04/11/2024,11/01/2025,18/01/2025,1022.32,HNRUWBE,80 m² Maison de vacances ∙ 3 chambres ∙ 5 personnes,Orsières - Valais
04/11/2024,18/01/2025,25/01/2025,1022.32,HNRUWBE,80 m² Maison de vacances ∙ 3 chambres ∙ 5 personnes,Orsières - Valais
04/11/2024,25/01/2025,01/02/2025,1022.32,HNRUWBE,80 m² Maison de vacances ∙ 3 chambres ∙ 5 personnes,Orsières - Valais
04/11/2024,01/03/2025,08/03/2025,883.40,HNRUWBE,80 m² Maison de vacances ∙ 3 chambres ∙ 5 personnes,Orsières - Valais
04/11/2024,08/03/2025,15/03/2025,883.40,HNRUWBE,80 m² Maison de vacances ∙ 3 chambres ∙ 5 personnes,Orsières - Valais
04/11/2024,15/03/2025,22/03/2025,883.40,HNRUWBE,80 m² Maison de vacances ∙ 3 chambres ∙ 5 personnes,Orsières - Valais
04/11/2024,22/03/2025,29/03/2025,883.40,HNRUWBE,80 m² Maison de vacances ∙ 3 chambres ∙ 5 personnes,Orsières - Valais
04/11/2024,29/03/2025,05/04/2025,883.40,HNRUWBE,80 m² Maison de vacances ∙ 3 chambres ∙ 5 personnes,Orsières - Valais
04/11/2024,05/04/2025,12/04/2025,883.40,HNRUWBE,80 m² Maison de vacances ∙ 3 chambres ∙ 5 personnes,Orsières - Valais
04/11/2024,12/04/2025,19/04/2025,883.40,HNRUWBE,80 m² Maison de vacances ∙ 3 chambres ∙ 5 personnes,Orsières - Valais
04/11/2024,19/04/2025,26/04/2025,883.40,HNRUWBE,80 m² Maison de vacances ∙ 3 chambres ∙ 5 personnes,Orsières - Valais
04/11/2024,26/04/2025,03/05/2025,883.40,HNRUWBE,80 m² Maison de vacances ∙ 3 chambres ∙ 5 personnes,Orsières - Valais
04/11/2024,03/05/2025,10/05/2025,883.40,HNRUWBE,80 m² Maison de vacances ∙ 3 chambres ∙ 5 personnes,Orsières - Valais
04/11/2024,10/05/2025,17/05/2025,883.40,HNRUWBE,80 m² Maison de vacances ∙ 3 chambres ∙ 5 personnes,Orsières - Valais
04/11/2024,19/04/2025,26/04/2025,993.69,HMNDPKA,110 m² Maison de vacances ∙ 4 chambres ∙ 8 personnes,Wiler (Lötschen) - Valais
04/11/2024,26/04/2025,03/05/2025,993.69,HMNDPKA,110 m² Maison de vacances ∙ 4 chambres ∙ 8 personnes,Wiler (Lötschen) - Valais
04/11/2024,03/05/2025,10/05/2025,993.69,HMNDPKA,110 m² Maison de vacances ∙ 4 chambres ∙ 8 personnes,Wiler (Lötschen) - Valais
04/11/2024,10/05/2025,17/05/2025,993.69,HMNDPKA,110 m² Maison de vacances ∙ 4 chambres ∙ 8 personnes,Wiler (Lötschen) - Valais
04/11/2024,11/01/2025,18/01/2025,1419.08,HYZX3CL,150 m² Maison de vacances ∙ 5 chambres ∙ 10 personnes,Nendaz - Valais
04/11/2024,25/01/2025,01/02/2025,1818.86,HYZX3CL,150 m² Maison de vacances ∙ 5 chambres ∙ 10 personnes,Nendaz - Valais
04/11/2024,08/02/2025,15/02/2025,2310.82,HYZX3CL,150 m² Maison de vacances ∙ 5 chambres ∙ 10 personnes,Nendaz - Valais
04/11/2024,08/03/2025,15/03/2025,1684.22,HYZX3CL,150 m² Maison de vacances ∙ 5 chambres ∙ 10 personnes,Nendaz - Valais
04/11/2024,29/03/2025,05/04/2025,1383.87,HYZX3CL,150 m² Maison de vacances ∙ 5 chambres ∙ 10 personnes,Nendaz - Valais
04/11/2024,05/04/2025,12/04/2025,1383.87,HYZX3CL,150 m² Maison de vacances ∙ 5 chambres ∙ 10 personnes,Nendaz - Valais
04/11/2024,12/04/2025,19/04/2025,1684.22,HYZX3CL,150 m² Maison de vacances ∙ 5 chambres ∙ 10 personnes,Nendaz - Valais
04/11/2024,26/04/2025,03/05/2025,1386.97,HYZX3CL,150 m² Maison de vacances ∙ 5 chambres ∙ 10 personnes,Nendaz - Valais
04/11/2024,09/11/2024,16/11/2024,573.73,HL4W8UF,64 m² Appartement ∙ 2 chambres ∙ 4 personnes,Bellwald - Valais
04/11/2024,16/11/2024,23/11/2024,890.70,HF7PWXJ,100 m² Maison de vacances ∙ 3 chambres ∙ 6 personnes,Riddes - Valais
04/11/2024,23/11/2024,30/11/2024,890.70,HF7PWXJ,100 m² Maison de vacances ∙ 3 chambres ∙ 6 personnes,Riddes - Valais
04/11/2024,30/11/2024,07/12/2024,890.70,HF7PWXJ,100 m² Maison de vacances ∙ 3 chambres ∙ 6 personnes,Riddes - Valais
04/11/2024,07/12/2024,14/12/2024,890.70,HF7PWXJ,100 m² Maison de vacances ∙ 3 chambres ∙ 6 personnes,Riddes - Valais
04/11/2024,14/12/2024,21/12/2024,890.70,HF7PWXJ,100 m² Maison de vacances ∙ 3 chambres ∙ 6 personnes,Riddes - Valais
04/11/2024,04/01/2025,11/01/2025,919.70,HF7PWXJ,100 m² Maison de vacances ∙ 3 chambres ∙ 6 personnes,Riddes - Valais
04/11/2024,11/01/2025,18/01/2025,919.70,HF7PWXJ,100 m² Maison de vacances ∙ 3 chambres ∙ 6 personnes,Riddes - Valais
04/11/2024,18/01/2025,25/01/2025,919.70,HF7PWXJ,100 m² Maison de vacances ∙ 3 chambres ∙ 6 personnes,Riddes - Valais
04/11/2024,25/01/2025,01/02/2025,1034.66,HF7PWXJ,100 m² Maison de vacances ∙ 3 chambres ∙ 6 personnes,Riddes - Valais
04/11/2024,01/02/2025,08/02/2025,1086.45,HF7PWXJ,100 m² Maison de vacances ∙ 3 chambres ∙ 6 personnes,Riddes - Valais
04/11/2024,08/02/2025,15/02/2025,1263.55,HF7PWXJ,100 m² Maison de vacances ∙ 3 chambres ∙ 6 personnes,Riddes - Valais
04/11/2024,08/03/2025,15/03/2025,989.09,HF7PWXJ,100 m² Maison de vacances ∙ 3 chambres ∙ 6 personnes,Riddes - Valais
04/11/2024,15/03/2025,22/03/2025,919.70,HF7PWXJ,100 m² Maison de vacances ∙ 3 chambres ∙ 6 personnes,Riddes - Valais
04/11/2024,22/03/2025,29/03/2025,919.70,HF7PWXJ,100 m² Maison de vacances ∙ 3 chambres ∙ 6 personnes,Riddes - Valais
04/11/2024,29/03/2025,05/04/2025,989.09,HF7PWXJ,100 m² Maison de vacances ∙ 3 chambres ∙ 6 personnes,Riddes - Valais
04/11/2024,05/04/2025,12/04/2025,989.09,HF7PWXJ,100 m² Maison de vacances ∙ 3 chambres ∙ 6 personnes,Riddes - Valais
04/11/2024,12/04/2025,19/04/2025,989.09,HF7PWXJ,100 m² Maison de vacances ∙ 3 chambres ∙ 6 personnes,Riddes - Valais
04/11/2024,19/04/2025,26/04/2025,890.70,HF7PWXJ,100 m² Maison de vacances ∙ 3 chambres ∙ 6 personnes,Riddes - Valais
04/11/2024,26/04/2025,03/05/2025,890.70,HF7PWXJ,100 m² Maison de vacances ∙ 3 chambres ∙ 6 personnes,Riddes - Valais
04/11/2024,08/02/2025,15/02/2025,3864.44,HHZKUCL,106 m² Appartement ∙ 2 chambres ∙ 4 personnes,Zermatt - Valais
04/11/2024,22/03/2025,29/03/2025,3864.44,HHZKUCL,106 m² Appartement ∙ 2 chambres ∙ 4 personnes,Zermatt - Valais
04/11/2024,12/04/2025,19/04/2025,3864.44,HHZKUCL,106 m² Appartement ∙ 2 chambres ∙ 4 personnes,Zermatt - Valais
04/11/2024,19/04/2025,26/04/2025,3864.44,HHZKUCL,106 m² Appartement ∙ 2 chambres ∙ 4 personnes,Zermatt - Valais
04/11/2024,26/04/2025,03/05/2025,1563.17,HHZKUCL,106 m² Appartement ∙ 2 chambres ∙ 4 personnes,Zermatt - Valais
04/11/2024,03/05/2025,10/05/2025,1563.17,HHZKUCL,106 m² Appartement ∙ 2 chambres ∙ 4 personnes,Zermatt - Valais
04/11/2024,10/05/2025,17/05/2025,1563.17,HHZKUCL,106 m² Appartement ∙ 2 chambres ∙ 4 personnes,Zermatt - Valais
04/11/2024,08/02/2025,15/02/2025,1262.26,HDEBAKS,110 m² Appartement ∙ 3 chambres ∙ 6 personnes,Saint-Martin - Valais
04/11/2024,15/02/2025,22/02/2025,1262.26,HDEBAKS,110 m² Appartement ∙ 3 chambres ∙ 6 personnes,Saint-Martin - Valais
04/11/2024,08/03/2025,15/03/2025,1262.26,HDEBAKS,110 m² Appartement ∙ 3 chambres ∙ 6 personnes,Saint-Martin - Valais
04/11/2024,09/11/2024,16/11/2024,1281.36,H6JNGWA,125 m² Maison de vacances ∙ 3 chambres ∙ 6 personnes,Savièse - Valais
04/11/2024,16/11/2024,23/11/2024,1281.36,H6JNGWA,125 m² Maison de vacances ∙ 3 chambres ∙ 6 personnes,Savièse - Valais
04/11/2024,23/11/2024,30/11/2024,1281.36,H6JNGWA,125 m² Maison de vacances ∙ 3 chambres ∙ 6 personnes,Savièse - Valais
04/11/2024,30/11/2024,07/12/2024,1281.36,H6JNGWA,125 m² Maison de vacances ∙ 3 chambres ∙ 6 personnes,Savièse - Valais
04/11/2024,07/12/2024,14/12/2024,1281.36,H6JNGWA,125 m² Maison de vacances ∙ 3 chambres ∙ 6 personnes,Savièse - Valais
04/11/2024,14/12/2024,21/12/2024,1405.88,H6JNGWA,125 m² Maison de vacances ∙ 3 chambres ∙ 6 personnes,Savièse - Valais
04/11/2024,01/02/2025,08/02/2025,2677.26,H6JNGWA,125 m² Maison de vacances ∙ 3 chambres ∙ 6 personnes,Savièse - Valais
04/11/2024,08/02/2025,15/02/2025,2677.26,H6JNGWA,125 m² Maison de vacances ∙ 3 chambres ∙ 6 personnes,Savièse - Valais
04/11/2024,15/02/2025,22/02/2025,2677.26,H6JNGWA,125 m² Maison de vacances ∙ 3 chambres ∙ 6 personnes,Savièse - Valais
04/11/2024,22/02/2025,01/03/2025,1595.32,H6JNGWA,125 m² Maison de vacances ∙ 3 chambres ∙ 6 personnes,Savièse - Valais
04/11/2024,01/03/2025,08/03/2025,1415.00,H6JNGWA,125 m² Maison de vacances ∙ 3 chambres ∙ 6 personnes,Savièse - Valais
04/11/2024,08/03/2025,15/03/2025,1415.00,H6JNGWA,125 m² Maison de vacances ∙ 3 chambres ∙ 6 personnes,Savièse - Valais
04/11/2024,15/03/2025,22/03/2025,1415.00,H6JNGWA,125 m² Maison de vacances ∙ 3 chambres ∙ 6 personnes,Savièse - Valais
04/11/2024,22/03/2025,29/03/2025,1505.16,H6JNGWA,125 m² Maison de vacances ∙ 3 chambres ∙ 6 personnes,Savièse - Valais
04/11/2024,29/03/2025,05/04/2025,1674.88,H6JNGWA,125 m² Maison de vacances ∙ 3 chambres ∙ 6 personnes,Savièse - Valais
04/11/2024,05/04/2025,12/04/2025,1526.38,H6JNGWA,125 m² Maison de vacances ∙ 3 chambres ∙ 6 personnes,Savièse - Valais
04/11/2024,12/04/2025,19/04/2025,1526.38,H6JNGWA,125 m² Maison de vacances ∙ 3 chambres ∙ 6 personnes,Savièse - Valais
04/11/2024,19/04/2025,26/04/2025,1430.91,H6JNGWA,125 m² Maison de vacances ∙ 3 chambres ∙ 6 personnes,Savièse - Valais
04/11/2024,26/04/2025,03/05/2025,1415.00,H6JNGWA,125 m² Maison de vacances ∙ 3 chambres ∙ 6 personnes,Savièse - Valais
04/11/2024,03/05/2025,10/05/2025,1415.00,H6JNGWA,125 m² Maison de vacances ∙ 3 chambres ∙ 6 personnes,Savièse - Valais
04/11/2024,10/05/2025,17/05/2025,1415.00,H6JNGWA,125 m² Maison de vacances ∙ 3 chambres ∙ 6 personnes,Savièse - Valais
04/11/2024,12/04/2025,19/04/2025,1307.00,HXYLW7R,90 m² Maison de vacances ∙ 1 chambre ∙ 2 personnes,Saint-Nicolas - Valais
04/11/2024,19/04/2025,26/04/2025,1307.00,HXYLW7R,90 m² Maison de vacances ∙ 1 chambre ∙ 2 personnes,Saint-Nicolas - Valais
04/11/2024,26/04/2025,03/05/2025,1238.00,HXYLW7R,90 m² Maison de vacances ∙ 1 chambre ∙ 2 personnes,Saint-Nicolas - Valais
04/11/2024,03/05/2025,10/05/2025,1238.00,HXYLW7R,90 m² Maison de vacances ∙ 1 chambre ∙ 2 personnes,Saint-Nicolas - Valais
04/11/2024,10/05/2025,17/05/2025,1238.00,HXYLW7R,90 m² Maison de vacances ∙ 1 chambre ∙ 2 personnes,Saint-Nicolas - Valais
04/11/2024,14/12/2024,21/12/2024,688.00,HTJ0USD,2 room,2 roomZinal - Ayer - Valais
04/11/2024,21/12/2024,28/12/2024,1812.00,HTJ0USD,2 room,2 roomZinal - Ayer - Valais
04/11/2024,11/01/2025,18/01/2025,804.00,HTJ0USD,2 room,2 roomZinal - Ayer - Valais
04/11/2024,18/01/2025,25/01/2025,953.00,HTJ0USD,2 room,2 roomZinal - Ayer - Valais
04/11/2024,01/02/2025,08/02/2025,1509.00,HTJ0USD,2 room,2 roomZinal - Ayer - Valais
04/11/2024,08/02/2025,15/02/2025,1638.00,HTJ0USD,2 room,2 roomZinal - Ayer - Valais
04/11/2024,22/02/2025,01/03/2025,2290.00,HTJ0USD,2 room,2 roomZinal - Ayer - Valais
04/11/2024,08/03/2025,15/03/2025,1054.00,HTJ0USD,2 room,2 roomZinal - Ayer - Valais
04/11/2024,15/03/2025,22/03/2025,918.00,HTJ0USD,2 room,2 roomZinal - Ayer - Valais
04/11/2024,22/03/2025,29/03/2025,918.00,HTJ0USD,2 room,2 roomZinal - Ayer - Valais
04/11/2024,29/03/2025,05/04/2025,804.00,HTJ0USD,2 room,2 roomZinal - Ayer - Valais
04/11/2024,05/04/2025,12/04/2025,1054.00,HTJ0USD,2 room,2 roomZinal - Ayer - Valais
04/11/2024,12/04/2025,19/04/2025,918.00,HTJ0USD,2 room,2 roomZinal - Ayer - Valais
04/11/2024,16/11/2024,23/11/2024,1068.34,HFSAEWZ,90 m² Maison de vacances ∙ 3 chambres ∙ 6 personnes,Val-d'Illiez - Valais
04/11/2024,23/11/2024,30/11/2024,1068.34,HFSAEWZ,90 m² Maison de vacances ∙ 3 chambres ∙ 6 personnes,Val-d'Illiez - Valais
04/11/2024,30/11/2024,07/12/2024,1068.34,HFSAEWZ,90 m² Maison de vacances ∙ 3 chambres ∙ 6 personnes,Val-d'Illiez - Valais
04/11/2024,07/12/2024,14/12/2024,1068.34,HFSAEWZ,90 m² Maison de vacances ∙ 3 chambres ∙ 6 personnes,Val-d'Illiez - Valais
04/11/2024,14/12/2024,21/12/2024,1068.34,HFSAEWZ,90 m² Maison de vacances ∙ 3 chambres ∙ 6 personnes,Val-d'Illiez - Valais
04/11/2024,04/01/2025,11/01/2025,1240.26,HFSAEWZ,90 m² Maison de vacances ∙ 3 chambres ∙ 6 personnes,Val-d'Illiez - Valais
04/11/2024,11/01/2025,18/01/2025,1240.26,HFSAEWZ,90 m² Maison de vacances ∙ 3 chambres ∙ 6 personnes,Val-d'Illiez - Valais
04/11/2024,18/01/2025,25/01/2025,1240.26,HFSAEWZ,90 m² Maison de vacances ∙ 3 chambres ∙ 6 personnes,Val-d'Illiez - Valais
04/11/2024,25/01/2025,01/02/2025,1500.22,HFSAEWZ,90 m² Maison de vacances ∙ 3 chambres ∙ 6 personnes,Val-d'Illiez - Valais
04/11/2024,08/02/2025,15/02/2025,1896.90,HFSAEWZ,90 m² Maison de vacances ∙ 3 chambres ∙ 6 personnes,Val-d'Illiez - Valais
04/11/2024,15/02/2025,22/02/2025,2153.75,HFSAEWZ,90 m² Maison de vacances ∙ 3 chambres ∙ 6 personnes,Val-d'Illiez - Valais
04/11/2024,22/02/2025,01/03/2025,2153.75,HFSAEWZ,90 m² Maison de vacances ∙ 3 chambres ∙ 6 personnes,Val-d'Illiez - Valais
04/11/2024,08/03/2025,15/03/2025,1200.90,HFSAEWZ,90 m² Maison de vacances ∙ 3 chambres ∙ 6 personnes,Val-d'Illiez - Valais
04/11/2024,22/03/2025,29/03/2025,1068.34,HFSAEWZ,90 m² Maison de vacances ∙ 3 chambres ∙ 6 personnes,Val-d'Illiez - Valais
04/11/2024,29/03/2025,05/04/2025,1068.34,HFSAEWZ,90 m² Maison de vacances ∙ 3 chambres ∙ 6 personnes,Val-d'Illiez - Valais
04/11/2024,05/04/2025,12/04/2025,1068.34,HFSAEWZ,90 m² Maison de vacances ∙ 3 chambres ∙ 6 personnes,Val-d'Illiez - Valais
04/11/2024,12/04/2025,19/04/2025,1068.34,HFSAEWZ,90 m² Maison de vacances ∙ 3 chambres ∙ 6 personnes,Val-d'Illiez - Valais
04/11/2024,19/04/2025,26/04/2025,1068.34,HFSAEWZ,90 m² Maison de vacances ∙ 3 chambres ∙ 6 personnes,Val-d'Illiez - Valais
04/11/2024,26/04/2025,03/05/2025,1068.34,HFSAEWZ,90 m² Maison de vacances ∙ 3 chambres ∙ 6 personnes,Val-d'Illiez - Valais
04/11/2024,09/11/2024,16/11/2024,971.52,HN9C5R1,Maison de vacances ∙ 3 chambres ∙ 6 personnes,Bellwald - Valais
04/11/2024,16/11/2024,23/11/2024,971.52,HN9C5R1,Maison de vacances ∙ 3 chambres ∙ 6 personnes,Bellwald - Valais
04/11/2024,23/11/2024,30/11/2024,971.52,HN9C5R1,Maison de vacances ∙ 3 chambres ∙ 6 personnes,Bellwald - Valais
04/11/2024,30/11/2024,07/12/2024,971.52,HN9C5R1,Maison de vacances ∙ 3 chambres ∙ 6 personnes,Bellwald - Valais
04/11/2024,16/11/2024,23/11/2024,595.53,H1WEJYR,64 m² Appartement ∙ 3 chambres ∙ 5 personnes,Fiesch - Valais
04/11/2024,23/11/2024,30/11/2024,595.53,H1WEJYR,64 m² Appartement ∙ 3 chambres ∙ 5 personnes,Fiesch - Valais
04/11/2024,30/11/2024,07/12/2024,747.47,H1WEJYR,64 m² Appartement ∙ 3 chambres ∙ 5 personnes,Fiesch - Valais
04/11/2024,07/12/2024,14/12/2024,747.47,H1WEJYR,64 m² Appartement ∙ 3 chambres ∙ 5 personnes,Fiesch - Valais
04/11/2024,14/12/2024,21/12/2024,747.47,H1WEJYR,64 m² Appartement ∙ 3 chambres ∙ 5 personnes,Fiesch - Valais
04/11/2024,04/01/2025,11/01/2025,747.47,H1WEJYR,64 m² Appartement ∙ 3 chambres ∙ 5 personnes,Fiesch - Valais
04/11/2024,18/01/2025,25/01/2025,956.68,H1WEJYR,64 m² Appartement ∙ 3 chambres ∙ 5 personnes,Fiesch - Valais
04/11/2024,08/03/2025,15/03/2025,814.79,H1WEJYR,64 m² Appartement ∙ 3 chambres ∙ 5 personnes,Fiesch - Valais
04/11/2024,15/03/2025,22/03/2025,747.47,H1WEJYR,64 m² Appartement ∙ 3 chambres ∙ 5 personnes,Fiesch - Valais
04/11/2024,22/03/2025,29/03/2025,747.47,H1WEJYR,64 m² Appartement ∙ 3 chambres ∙ 5 personnes,Fiesch - Valais
04/11/2024,29/03/2025,05/04/2025,747.47,H1WEJYR,64 m² Appartement ∙ 3 chambres ∙ 5 personnes,Fiesch - Valais
04/11/2024,05/04/2025,12/04/2025,747.47,H1WEJYR,64 m² Appartement ∙ 3 chambres ∙ 5 personnes,Fiesch - Valais
04/11/2024,12/04/2025,19/04/2025,814.79,H1WEJYR,64 m² Appartement ∙ 3 chambres ∙ 5 personnes,Fiesch - Valais
04/11/2024,19/04/2025,26/04/2025,747.47,H1WEJYR,64 m² Appartement ∙ 3 chambres ∙ 5 personnes,Fiesch - Valais
04/11/2024,26/04/2025,03/05/2025,747.47,H1WEJYR,64 m² Appartement ∙ 3 chambres ∙ 5 personnes,Fiesch - Valais
04/11/2024,09/11/2024,16/11/2024,754.41,HZJYK04,26 m² Appartement ∙ 1 chambre ∙ 2 personnes,Saas Fee - Valais
04/11/2024,16/11/2024,23/11/2024,754.41,HZJYK04,26 m² Appartement ∙ 1 chambre ∙ 2 personnes,Saas Fee - Valais
04/11/2024,23/11/2024,30/11/2024,754.41,HZJYK04,26 m² Appartement ∙ 1 chambre ∙ 2 personnes,Saas Fee - Valais
04/11/2024,30/11/2024,07/12/2024,754.41,HZJYK04,26 m² Appartement ∙ 1 chambre ∙ 2 personnes,Saas Fee - Valais
04/11/2024,07/12/2024,14/12/2024,754.41,HZJYK04,26 m² Appartement ∙ 1 chambre ∙ 2 personnes,Saas Fee - Valais
04/11/2024,08/02/2025,15/02/2025,1140.54,HZJYK04,26 m² Appartement ∙ 1 chambre ∙ 2 personnes,Saas Fee - Valais
04/11/2024,29/03/2025,05/04/2025,903.78,HZJYK04,26 m² Appartement ∙ 1 chambre ∙ 2 personnes,Saas Fee - Valais
04/11/2024,05/04/2025,12/04/2025,1140.54,HZJYK04,26 m² Appartement ∙ 1 chambre ∙ 2 personnes,Saas Fee - Valais
04/11/2024,12/04/2025,19/04/2025,1140.54,HZJYK04,26 m² Appartement ∙ 1 chambre ∙ 2 personnes,Saas Fee - Valais
04/11/2024,19/04/2025,26/04/2025,903.78,HZJYK04,26 m² Appartement ∙ 1 chambre ∙ 2 personnes,Saas Fee - Valais
04/11/2024,16/11/2024,23/11/2024,574.45,HPHW7MT,25 m² Appartement ∙ 1 chambre ∙ 2 personnes,Nendaz - Valais
04/11/2024,23/11/2024,30/11/2024,574.45,HPHW7MT,25 m² Appartement ∙ 1 chambre ∙ 2 personnes,Nendaz - Valais
04/11/2024,04/01/2025,11/01/2025,926.22,H8KNGSW,Appartement ∙ 3 chambres ∙ 5 personnes,Grächen - Valais
04/11/2024,11/01/2025,18/01/2025,926.22,H8KNGSW,Appartement ∙ 3 chambres ∙ 5 personnes,Grächen - Valais
04/11/2024,18/01/2025,25/01/2025,926.22,H8KNGSW,Appartement ∙ 3 chambres ∙ 5 personnes,Grächen - Valais
04/11/2024,15/03/2025,22/03/2025,926.22,H8KNGSW,Appartement ∙ 3 chambres ∙ 5 personnes,Grächen - Valais
04/11/2024,22/03/2025,29/03/2025,926.22,H8KNGSW,Appartement ∙ 3 chambres ∙ 5 personnes,Grächen - Valais
04/11/2024,29/03/2025,05/04/2025,777.72,H8KNGSW,Appartement ∙ 3 chambres ∙ 5 personnes,Grächen - Valais
04/11/2024,05/04/2025,12/04/2025,777.72,H8KNGSW,Appartement ∙ 3 chambres ∙ 5 personnes,Grächen - Valais
04/11/2024,12/04/2025,19/04/2025,947.44,H8KNGSW,Appartement ∙ 3 chambres ∙ 5 personnes,Grächen - Valais
04/11/2024,19/04/2025,26/04/2025,1032.29,H8KNGSW,Appartement ∙ 3 chambres ∙ 5 personnes,Grächen - Valais
04/11/2024,26/04/2025,03/05/2025,777.72,H8KNGSW,Appartement ∙ 3 chambres ∙ 5 personnes,Grächen - Valais
04/11/2024,03/05/2025,10/05/2025,777.72,H8KNGSW,Appartement ∙ 3 chambres ∙ 5 personnes,Grächen - Valais
04/11/2024,10/05/2025,17/05/2025,777.72,H8KNGSW,Appartement ∙ 3 chambres ∙ 5 personnes,Grächen - Valais
04/11/2024,11/01/2025,18/01/2025,1316.30,H0LDK1B,60 m² Appartement ∙ 2 chambres ∙ 4 personnes,Saas-Almagell - Valais
04/11/2024,18/01/2025,25/01/2025,1231.44,H0LDK1B,60 m² Appartement ∙ 2 chambres ∙ 4 personnes,Saas-Almagell - Valais
04/11/2024,01/02/2025,08/02/2025,1390.34,H0LDK1B,60 m² Appartement ∙ 2 chambres ∙ 4 personnes,Saas-Almagell - Valais
04/11/2024,08/02/2025,15/02/2025,1390.34,H0LDK1B,60 m² Appartement ∙ 2 chambres ∙ 4 personnes,Saas-Almagell - Valais
04/11/2024,22/02/2025,01/03/2025,1390.34,H0LDK1B,60 m² Appartement ∙ 2 chambres ∙ 4 personnes,Saas-Almagell - Valais
04/11/2024,01/03/2025,08/03/2025,1390.34,H0LDK1B,60 m² Appartement ∙ 2 chambres ∙ 4 personnes,Saas-Almagell - Valais
04/11/2024,08/03/2025,15/03/2025,1254.14,H0LDK1B,60 m² Appartement ∙ 2 chambres ∙ 4 personnes,Saas-Almagell - Valais
04/11/2024,15/03/2025,22/03/2025,1231.44,H0LDK1B,60 m² Appartement ∙ 2 chambres ∙ 4 personnes,Saas-Almagell - Valais
04/11/2024,22/03/2025,29/03/2025,1231.44,H0LDK1B,60 m² Appartement ∙ 2 chambres ∙ 4 personnes,Saas-Almagell - Valais
04/11/2024,29/03/2025,05/04/2025,1231.44,H0LDK1B,60 m² Appartement ∙ 2 chambres ∙ 4 personnes,Saas-Almagell - Valais
04/11/2024,05/04/2025,12/04/2025,1231.44,H0LDK1B,60 m² Appartement ∙ 2 chambres ∙ 4 personnes,Saas-Almagell - Valais
04/11/2024,12/04/2025,19/04/2025,1265.49,H0LDK1B,60 m² Appartement ∙ 2 chambres ∙ 4 personnes,Saas-Almagell - Valais
04/11/2024,19/04/2025,26/04/2025,1271.16,H0LDK1B,60 m² Appartement ∙ 2 chambres ∙ 4 personnes,Saas-Almagell - Valais
04/11/2024,14/12/2024,21/12/2024,754.36,H89F36P,100 m² Appartement ∙ 3 chambres ∙ 6 personnes,Saas-Balen - Valais
04/11/2024,29/03/2025,05/04/2025,754.36,H89F36P,100 m² Appartement ∙ 3 chambres ∙ 6 personnes,Saas-Balen - Valais
04/11/2024,05/04/2025,12/04/2025,903.73,H89F36P,100 m² Appartement ∙ 3 chambres ∙ 6 personnes,Saas-Balen - Valais
04/11/2024,19/04/2025,26/04/2025,903.73,H89F36P,100 m² Appartement ∙ 3 chambres ∙ 6 personnes,Saas-Balen - Valais
04/11/2024,26/04/2025,03/05/2025,754.36,H89F36P,100 m² Appartement ∙ 3 chambres ∙ 6 personnes,Saas-Balen - Valais
04/11/2024,03/05/2025,10/05/2025,754.36,H89F36P,100 m² Appartement ∙ 3 chambres ∙ 6 personnes,Saas-Balen - Valais
04/11/2024,10/05/2025,17/05/2025,754.36,H89F36P,100 m² Appartement ∙ 3 chambres ∙ 6 personnes,Saas-Balen - Valais
04/11/2024,09/11/2024,16/11/2024,808.59,H1A8N2M,55 m² Appartement ∙ 1 chambre ∙ 4 personnes,Loèche-les-Bains - Valais
04/11/2024,16/11/2024,23/11/2024,808.59,H1A8N2M,55 m² Appartement ∙ 1 chambre ∙ 4 personnes,Loèche-les-Bains - Valais
04/11/2024,23/11/2024,30/11/2024,808.59,H1A8N2M,55 m² Appartement ∙ 1 chambre ∙ 4 personnes,Loèche-les-Bains - Valais
04/11/2024,30/11/2024,07/12/2024,808.59,H1A8N2M,55 m² Appartement ∙ 1 chambre ∙ 4 personnes,Loèche-les-Bains - Valais
04/11/2024,07/12/2024,14/12/2024,732.85,H1A8N2M,55 m² Appartement ∙ 1 chambre ∙ 4 personnes,Loèche-les-Bains - Valais
04/11/2024,14/12/2024,21/12/2024,732.85,H1A8N2M,55 m² Appartement ∙ 1 chambre ∙ 4 personnes,Loèche-les-Bains - Valais
04/11/2024,04/01/2025,11/01/2025,808.59,H1A8N2M,55 m² Appartement ∙ 1 chambre ∙ 4 personnes,Loèche-les-Bains - Valais
04/11/2024,15/03/2025,22/03/2025,808.59,H1A8N2M,55 m² Appartement ∙ 1 chambre ∙ 4 personnes,Loèche-les-Bains - Valais
04/11/2024,22/03/2025,29/03/2025,808.59,H1A8N2M,55 m² Appartement ∙ 1 chambre ∙ 4 personnes,Loèche-les-Bains - Valais
04/11/2024,29/03/2025,05/04/2025,808.59,H1A8N2M,55 m² Appartement ∙ 1 chambre ∙ 4 personnes,Loèche-les-Bains - Valais
04/11/2024,05/04/2025,12/04/2025,808.59,H1A8N2M,55 m² Appartement ∙ 1 chambre ∙ 4 personnes,Loèche-les-Bains - Valais
04/11/2024,19/04/2025,26/04/2025,808.59,H1A8N2M,55 m² Appartement ∙ 1 chambre ∙ 4 personnes,Loèche-les-Bains - Valais
04/11/2024,26/04/2025,03/05/2025,732.85,H1A8N2M,55 m² Appartement ∙ 1 chambre ∙ 4 personnes,Loèche-les-Bains - Valais
04/11/2024,03/05/2025,10/05/2025,732.85,H1A8N2M,55 m² Appartement ∙ 1 chambre ∙ 4 personnes,Loèche-les-Bains - Valais
04/11/2024,10/05/2025,17/05/2025,732.85,H1A8N2M,55 m² Appartement ∙ 1 chambre ∙ 4 personnes,Loèche-les-Bains - Valais
04/11/2024,23/11/2024,30/11/2024,1902.93,HKHVMX9,150 m² Maison de vacances ∙ 4 chambres ∙ 7 personnes,Ernen - Valais
04/11/2024,14/12/2024,21/12/2024,1902.93,HKHVMX9,150 m² Maison de vacances ∙ 4 chambres ∙ 7 personnes,Ernen - Valais
04/11/2024,04/01/2025,11/01/2025,2496.94,HKHVMX9,150 m² Maison de vacances ∙ 4 chambres ∙ 7 personnes,Ernen - Valais
04/11/2024,11/01/2025,18/01/2025,2496.94,HKHVMX9,150 m² Maison de vacances ∙ 4 chambres ∙ 7 personnes,Ernen - Valais
04/11/2024,18/01/2025,25/01/2025,2496.94,HKHVMX9,150 m² Maison de vacances ∙ 4 chambres ∙ 7 personnes,Ernen - Valais
04/11/2024,25/01/2025,01/02/2025,2496.94,HKHVMX9,150 m² Maison de vacances ∙ 4 chambres ∙ 7 personnes,Ernen - Valais
04/11/2024,22/02/2025,01/03/2025,2496.94,HKHVMX9,150 m² Maison de vacances ∙ 4 chambres ∙ 7 personnes,Ernen - Valais
04/11/2024,15/03/2025,22/03/2025,2496.94,HKHVMX9,150 m² Maison de vacances ∙ 4 chambres ∙ 7 personnes,Ernen - Valais
04/11/2024,22/03/2025,29/03/2025,2496.94,HKHVMX9,150 m² Maison de vacances ∙ 4 chambres ∙ 7 personnes,Ernen - Valais
04/11/2024,29/03/2025,05/04/2025,2496.94,HKHVMX9,150 m² Maison de vacances ∙ 4 chambres ∙ 7 personnes,Ernen - Valais
04/11/2024,05/04/2025,12/04/2025,2496.94,HKHVMX9,150 m² Maison de vacances ∙ 4 chambres ∙ 7 personnes,Ernen - Valais
04/11/2024,10/05/2025,17/05/2025,1902.93,HKHVMX9,150 m² Maison de vacances ∙ 4 chambres ∙ 7 personnes,Ernen - Valais
04/11/2024,04/01/2025,11/01/2025,1064.60,HDXK2LB,43 m² Appartement ∙ 2 chambres ∙ 4 personnes,Saas Fee - Valais
04/11/2024,11/01/2025,18/01/2025,1064.60,HDXK2LB,43 m² Appartement ∙ 2 chambres ∙ 4 personnes,Saas Fee - Valais
04/11/2024,22/03/2025,29/03/2025,1191.72,HDXK2LB,43 m² Appartement ∙ 2 chambres ∙ 4 personnes,Saas Fee - Valais
04/11/2024,29/03/2025,05/04/2025,1191.72,HDXK2LB,43 m² Appartement ∙ 2 chambres ∙ 4 personnes,Saas Fee - Valais
04/11/2024,05/04/2025,12/04/2025,1191.72,HDXK2LB,43 m² Appartement ∙ 2 chambres ∙ 4 personnes,Saas Fee - Valais
04/11/2024,12/04/2025,19/04/2025,1191.72,HDXK2LB,43 m² Appartement ∙ 2 chambres ∙ 4 personnes,Saas Fee - Valais
04/11/2024,19/04/2025,26/04/2025,1191.72,HDXK2LB,43 m² Appartement ∙ 2 chambres ∙ 4 personnes,Saas Fee - Valais
04/11/2024,14/12/2024,21/12/2024,734.00,HKH1CS3,35 m² Appartement ∙ 1 chambre ∙ 2 personnes,Orsières - Valais
04/11/2024,21/12/2024,28/12/2024,1454.00,HKH1CS3,35 m² Appartement ∙ 1 chambre ∙ 2 personnes,Orsières - Valais
04/11/2024,28/12/2024,04/01/2025,1454.00,HKH1CS3,35 m² Appartement ∙ 1 chambre ∙ 2 personnes,Orsières - Valais
04/11/2024,04/01/2025,11/01/2025,999.00,HKH1CS3,35 m² Appartement ∙ 1 chambre ∙ 2 personnes,Orsières - Valais
04/11/2024,11/01/2025,18/01/2025,999.00,HKH1CS3,35 m² Appartement ∙ 1 chambre ∙ 2 personnes,Orsières - Valais
04/11/2024,18/01/2025,25/01/2025,999.00,HKH1CS3,35 m² Appartement ∙ 1 chambre ∙ 2 personnes,Orsières - Valais
04/11/2024,25/01/2025,01/02/2025,999.00,HKH1CS3,35 m² Appartement ∙ 1 chambre ∙ 2 personnes,Orsières - Valais
04/11/2024,01/02/2025,08/02/2025,1454.00,HKH1CS3,35 m² Appartement ∙ 1 chambre ∙ 2 personnes,Orsières - Valais
04/11/2024,08/02/2025,15/02/2025,1454.00,HKH1CS3,35 m² Appartement ∙ 1 chambre ∙ 2 personnes,Orsières - Valais
04/11/2024,15/02/2025,22/02/2025,1454.00,HKH1CS3,35 m² Appartement ∙ 1 chambre ∙ 2 personnes,Orsières - Valais
04/11/2024,22/02/2025,01/03/2025,1454.00,HKH1CS3,35 m² Appartement ∙ 1 chambre ∙ 2 personnes,Orsières - Valais
04/11/2024,01/03/2025,08/03/2025,1454.00,HKH1CS3,35 m² Appartement ∙ 1 chambre ∙ 2 personnes,Orsières - Valais
04/11/2024,08/03/2025,15/03/2025,734.00,HKH1CS3,35 m² Appartement ∙ 1 chambre ∙ 2 personnes,Orsières - Valais
04/11/2024,15/03/2025,22/03/2025,734.00,HKH1CS3,35 m² Appartement ∙ 1 chambre ∙ 2 personnes,Orsières - Valais
04/11/2024,22/03/2025,29/03/2025,734.00,HKH1CS3,35 m² Appartement ∙ 1 chambre ∙ 2 personnes,Orsières - Valais
04/11/2024,29/03/2025,05/04/2025,734.00,HKH1CS3,35 m² Appartement ∙ 1 chambre ∙ 2 personnes,Orsières - Valais
04/11/2024,05/04/2025,12/04/2025,734.00,HKH1CS3,35 m² Appartement ∙ 1 chambre ∙ 2 personnes,Orsières - Valais
04/11/2024,12/04/2025,19/04/2025,865.00,HKH1CS3,35 m² Appartement ∙ 1 chambre ∙ 2 personnes,Orsières - Valais
04/11/2024,19/04/2025,26/04/2025,865.00,HKH1CS3,35 m² Appartement ∙ 1 chambre ∙ 2 personnes,Orsières - Valais
04/11/2024,26/04/2025,03/05/2025,734.00,HKH1CS3,35 m² Appartement ∙ 1 chambre ∙ 2 personnes,Orsières - Valais
04/11/2024,03/05/2025,10/05/2025,734.00,HKH1CS3,35 m² Appartement ∙ 1 chambre ∙ 2 personnes,Orsières - Valais
04/11/2024,10/05/2025,17/05/2025,734.00,HKH1CS3,35 m² Appartement ∙ 1 chambre ∙ 2 personnes,Orsières - Valais
04/11/2024,09/11/2024,16/11/2024,1922.03,HWXAJ49,Appartement ∙ 3 chambres ∙ 6 personnes,Zermatt - Valais
04/11/2024,16/11/2024,23/11/2024,1922.03,HWXAJ49,Appartement ∙ 3 chambres ∙ 6 personnes,Zermatt - Valais
04/11/2024,23/11/2024,30/11/2024,1922.03,HWXAJ49,Appartement ∙ 3 chambres ∙ 6 personnes,Zermatt - Valais
04/11/2024,26/04/2025,03/05/2025,1922.03,HWXAJ49,Appartement ∙ 3 chambres ∙ 6 personnes,Zermatt - Valais
04/11/2024,03/05/2025,10/05/2025,1922.03,HWXAJ49,Appartement ∙ 3 chambres ∙ 6 personnes,Zermatt - Valais
04/11/2024,10/05/2025,17/05/2025,1922.03,HWXAJ49,Appartement ∙ 3 chambres ∙ 6 personnes,Zermatt - Valais
04/11/2024,09/11/2024,16/11/2024,1016.17,H5GHAJM,80 m² Maison de vacances ∙ 3 chambres ∙ 5 personnes,Ayent - Valais
04/11/2024,16/11/2024,23/11/2024,1016.17,H5GHAJM,80 m² Maison de vacances ∙ 3 chambres ∙ 5 personnes,Ayent - Valais
04/11/2024,23/11/2024,30/11/2024,727.65,H5GHAJM,80 m² Maison de vacances ∙ 3 chambres ∙ 5 personnes,Ayent - Valais
04/11/2024,04/01/2025,11/01/2025,1352.26,H5GHAJM,80 m² Maison de vacances ∙ 3 chambres ∙ 5 personnes,Ayent - Valais
04/11/2024,11/01/2025,18/01/2025,1095.56,H5GHAJM,80 m² Maison de vacances ∙ 3 chambres ∙ 5 personnes,Ayent - Valais
04/11/2024,18/01/2025,25/01/2025,1137.75,H5GHAJM,80 m² Maison de vacances ∙ 3 chambres ∙ 5 personnes,Ayent - Valais
04/11/2024,25/01/2025,01/02/2025,1275.36,H5GHAJM,80 m² Maison de vacances ∙ 3 chambres ∙ 5 personnes,Ayent - Valais
04/11/2024,22/02/2025,01/03/2025,2036.76,H5GHAJM,80 m² Maison de vacances ∙ 3 chambres ∙ 5 personnes,Ayent - Valais
04/11/2024,01/03/2025,08/03/2025,1665.35,H5GHAJM,80 m² Maison de vacances ∙ 3 chambres ∙ 5 personnes,Ayent - Valais
04/11/2024,08/03/2025,15/03/2025,1199.21,H5GHAJM,80 m² Maison de vacances ∙ 3 chambres ∙ 5 personnes,Ayent - Valais
04/11/2024,15/03/2025,22/03/2025,835.53,H5GHAJM,80 m² Maison de vacances ∙ 3 chambres ∙ 5 personnes,Ayent - Valais
04/11/2024,22/03/2025,29/03/2025,1038.41,H5GHAJM,80 m² Maison de vacances ∙ 3 chambres ∙ 5 personnes,Ayent - Valais
04/11/2024,29/03/2025,05/04/2025,1332.58,H5GHAJM,80 m² Maison de vacances ∙ 3 chambres ∙ 5 personnes,Ayent - Valais
04/11/2024,05/04/2025,12/04/2025,1225.68,H5GHAJM,80 m² Maison de vacances ∙ 3 chambres ∙ 5 personnes,Ayent - Valais
04/11/2024,12/04/2025,19/04/2025,1209.67,H5GHAJM,80 m² Maison de vacances ∙ 3 chambres ∙ 5 personnes,Ayent - Valais
04/11/2024,19/04/2025,26/04/2025,1182.44,H5GHAJM,80 m² Maison de vacances ∙ 3 chambres ∙ 5 personnes,Ayent - Valais
04/11/2024,26/04/2025,03/05/2025,727.65,H5GHAJM,80 m² Maison de vacances ∙ 3 chambres ∙ 5 personnes,Ayent - Valais
04/11/2024,03/05/2025,10/05/2025,727.65,H5GHAJM,80 m² Maison de vacances ∙ 3 chambres ∙ 5 personnes,Ayent - Valais
04/11/2024,10/05/2025,17/05/2025,727.65,H5GHAJM,80 m² Maison de vacances ∙ 3 chambres ∙ 5 personnes,Ayent - Valais
04/11/2024,07/12/2024,14/12/2024,1451.17,HSY9MNU,50 m² Appartement ∙ 1 chambre ∙ 4 personnes,Saas Fee - Valais
04/11/2024,14/12/2024,21/12/2024,1519.27,HSY9MNU,50 m² Appartement ∙ 1 chambre ∙ 4 personnes,Saas Fee - Valais
04/11/2024,21/12/2024,28/12/2024,1916.51,HSY9MNU,50 m² Appartement ∙ 1 chambre ∙ 4 personnes,Saas Fee - Valais
04/11/2024,04/01/2025,11/01/2025,1441.15,HSY9MNU,50 m² Appartement ∙ 1 chambre ∙ 4 personnes,Saas Fee - Valais
04/11/2024,18/01/2025,25/01/2025,1441.15,HSY9MNU,50 m² Appartement ∙ 1 chambre ∙ 4 personnes,Saas Fee - Valais
04/11/2024,25/01/2025,01/02/2025,1520.68,HSY9MNU,50 m² Appartement ∙ 1 chambre ∙ 4 personnes,Saas Fee - Valais
04/11/2024,08/02/2025,15/02/2025,1918.28,HSY9MNU,50 m² Appartement ∙ 1 chambre ∙ 4 personnes,Saas Fee - Valais
04/11/2024,08/03/2025,15/03/2025,1759.24,HSY9MNU,50 m² Appartement ∙ 1 chambre ∙ 4 personnes,Saas Fee - Valais
04/11/2024,15/03/2025,22/03/2025,1441.15,HSY9MNU,50 m² Appartement ∙ 1 chambre ∙ 4 personnes,Saas Fee - Valais
04/11/2024,22/03/2025,29/03/2025,1441.15,HSY9MNU,50 m² Appartement ∙ 1 chambre ∙ 4 personnes,Saas Fee - Valais
04/11/2024,29/03/2025,05/04/2025,1441.15,HSY9MNU,50 m² Appartement ∙ 1 chambre ∙ 4 personnes,Saas Fee - Valais
04/11/2024,05/04/2025,12/04/2025,1441.15,HSY9MNU,50 m² Appartement ∙ 1 chambre ∙ 4 personnes,Saas Fee - Valais
04/11/2024,12/04/2025,19/04/2025,1918.28,HSY9MNU,50 m² Appartement ∙ 1 chambre ∙ 4 personnes,Saas Fee - Valais
04/11/2024,19/04/2025,26/04/2025,1918.28,HSY9MNU,50 m² Appartement ∙ 1 chambre ∙ 4 personnes,Saas Fee - Valais
04/11/2024,08/02/2025,15/02/2025,963.17,MXRT3M8,30 m² Appartement ∙ 1 chambre ∙ 2 personnes,Täsch - Valais
04/11/2024,15/02/2025,22/02/2025,963.17,MXRT3M8,30 m² Appartement ∙ 1 chambre ∙ 2 personnes,Täsch - Valais
04/11/2024,22/02/2025,01/03/2025,963.17,MXRT3M8,30 m² Appartement ∙ 1 chambre ∙ 2 personnes,Täsch - Valais
04/11/2024,01/03/2025,08/03/2025,907.20 C,MXRT3M8,30 m² Appartement ∙ 1 chambre ∙ 2 personnes,Täsch - Valais
04/11/2024,22/03/2025,29/03/2025,903.17,MXRT3M8,30 m² Appartement ∙ 1 chambre ∙ 2 personnes,Täsch - Valais
04/11/2024,29/03/2025,05/04/2025,903.17,MXRT3M8,30 m² Appartement ∙ 1 chambre ∙ 2 personnes,Täsch - Valais
04/11/2024,05/04/2025,12/04/2025,903.17,MXRT3M8,30 m² Appartement ∙ 1 chambre ∙ 2 personnes,Täsch - Valais
04/11/2024,12/04/2025,19/04/2025,903.17,MXRT3M8,30 m² Appartement ∙ 1 chambre ∙ 2 personnes,Täsch - Valais
04/11/2024,19/04/2025,26/04/2025,903.17,MXRT3M8,30 m² Appartement ∙ 1 chambre ∙ 2 personnes,Täsch - Valais
04/11/2024,10/05/2025,17/05/2025,903.17,MXRT3M8,30 m² Appartement ∙ 1 chambre ∙ 2 personnes,Täsch - Valais
04/11/2024,09/11/2024,16/11/2024,1170.61,HUGBCWE,50 m² Appartement ∙ 1 chambre ∙ 4 personnes,Saas Fee - Valais
04/11/2024,16/11/2024,23/11/2024,1170.61,HUGBCWE,50 m² Appartement ∙ 1 chambre ∙ 4 personnes,Saas Fee - Valais
04/11/2024,23/11/2024,30/11/2024,1170.61,HUGBCWE,50 m² Appartement ∙ 1 chambre ∙ 4 personnes,Saas Fee - Valais
04/11/2024,15/03/2025,22/03/2025,1393.27,HUGBCWE,50 m² Appartement ∙ 1 chambre ∙ 4 personnes,Saas Fee - Valais
04/11/2024,22/03/2025,29/03/2025,1393.27,HUGBCWE,50 m² Appartement ∙ 1 chambre ∙ 4 personnes,Saas Fee - Valais
04/11/2024,12/04/2025,19/04/2025,1393.27,HUGBCWE,50 m² Appartement ∙ 1 chambre ∙ 4 personnes,Saas Fee - Valais
04/11/2024,09/11/2024,16/11/2024,807.96,HNTD2ZX,62 m² Appartement ∙ 2 chambres ∙ 5 personnes,Naters - Valais
04/11/2024,16/11/2024,23/11/2024,807.96,HNTD2ZX,62 m² Appartement ∙ 2 chambres ∙ 5 personnes,Naters - Valais
04/11/2024,23/11/2024,30/11/2024,945.98,HNTD2ZX,62 m² Appartement ∙ 2 chambres ∙ 5 personnes,Naters - Valais
04/11/2024,30/11/2024,07/12/2024,945.98,HNTD2ZX,62 m² Appartement ∙ 2 chambres ∙ 5 personnes,Naters - Valais
04/11/2024,07/12/2024,14/12/2024,945.98,HNTD2ZX,62 m² Appartement ∙ 2 chambres ∙ 5 personnes,Naters - Valais
04/11/2024,14/12/2024,21/12/2024,1137.08,HNTD2ZX,62 m² Appartement ∙ 2 chambres ∙ 5 personnes,Naters - Valais
04/11/2024,08/03/2025,15/03/2025,1591.49,HNTD2ZX,62 m² Appartement ∙ 2 chambres ∙ 5 personnes,Naters - Valais
04/11/2024,15/03/2025,22/03/2025,1591.49,HNTD2ZX,62 m² Appartement ∙ 2 chambres ∙ 5 personnes,Naters - Valais
04/11/2024,29/03/2025,05/04/2025,1289.97,HNTD2ZX,62 m² Appartement ∙ 2 chambres ∙ 5 personnes,Naters - Valais
04/11/2024,05/04/2025,12/04/2025,1093.55,HNTD2ZX,62 m² Appartement ∙ 2 chambres ∙ 5 personnes,Naters - Valais
04/11/2024,12/04/2025,19/04/2025,1060.64,HNTD2ZX,62 m² Appartement ∙ 2 chambres ∙ 5 personnes,Naters - Valais
04/11/2024,19/04/2025,26/04/2025,1060.64,HNTD2ZX,62 m² Appartement ∙ 2 chambres ∙ 5 personnes,Naters - Valais
04/11/2024,26/04/2025,03/05/2025,1060.64,HNTD2ZX,62 m² Appartement ∙ 2 chambres ∙ 5 personnes,Naters - Valais
04/11/2024,03/05/2025,10/05/2025,1060.64,HNTD2ZX,62 m² Appartement ∙ 2 chambres ∙ 5 personnes,Naters - Valais
04/11/2024,10/05/2025,17/05/2025,1060.64,HNTD2ZX,62 m² Appartement ∙ 2 chambres ∙ 5 personnes,Naters - Valais
04/11/2024,09/11/2024,16/11/2024,515.00,H4MJLSD,33 m² Appartement ∙ 1 chambre ∙ 2 personnes,Crans-Montana - Valais
04/11/2024,16/11/2024,23/11/2024,659.00,H4MJLSD,33 m² Appartement ∙ 1 chambre ∙ 2 personnes,Crans-Montana - Valais
04/11/2024,23/11/2024,30/11/2024,659.00,H4MJLSD,33 m² Appartement ∙ 1 chambre ∙ 2 personnes,Crans-Montana - Valais
04/11/2024,18/01/2025,25/01/2025,856.00,H4MJLSD,33 m² Appartement ∙ 1 chambre ∙ 2 personnes,Crans-Montana - Valais
04/11/2024,01/02/2025,08/02/2025,947.00,H4MJLSD,33 m² Appartement ∙ 1 chambre ∙ 2 personnes,Crans-Montana - Valais
04/11/2024,08/02/2025,15/02/2025,1092.00,H4MJLSD,33 m² Appartement ∙ 1 chambre ∙ 2 personnes,Crans-Montana - Valais
04/11/2024,01/03/2025,08/03/2025,1092.00,H4MJLSD,33 m² Appartement ∙ 1 chambre ∙ 2 personnes,Crans-Montana - Valais
04/11/2024,08/03/2025,15/03/2025,659.00,H4MJLSD,33 m² Appartement ∙ 1 chambre ∙ 2 personnes,Crans-Montana - Valais
04/11/2024,15/03/2025,22/03/2025,659.00,H4MJLSD,33 m² Appartement ∙ 1 chambre ∙ 2 personnes,Crans-Montana - Valais
04/11/2024,29/03/2025,05/04/2025,659.00,H4MJLSD,33 m² Appartement ∙ 1 chambre ∙ 2 personnes,Crans-Montana - Valais
04/11/2024,05/04/2025,12/04/2025,659.00,H4MJLSD,33 m² Appartement ∙ 1 chambre ∙ 2 personnes,Crans-Montana - Valais
04/11/2024,12/04/2025,19/04/2025,856.00,H4MJLSD,33 m² Appartement ∙ 1 chambre ∙ 2 personnes,Crans-Montana - Valais
04/11/2024,19/04/2025,26/04/2025,856.00,H4MJLSD,33 m² Appartement ∙ 1 chambre ∙ 2 personnes,Crans-Montana - Valais
04/11/2024,26/04/2025,03/05/2025,659.00,H4MJLSD,33 m² Appartement ∙ 1 chambre ∙ 2 personnes,Crans-Montana - Valais
04/11/2024,03/05/2025,10/05/2025,659.00,H4MJLSD,33 m² Appartement ∙ 1 chambre ∙ 2 personnes,Crans-Montana - Valais
04/11/2024,10/05/2025,17/05/2025,659.00,H4MJLSD,33 m² Appartement ∙ 1 chambre ∙ 2 personnes,Crans-Montana - Valais
04/11/2024,09/11/2024,16/11/2024,784.66,H4NXV01,67 m² Appartement ∙ 2 chambres ∙ 6 personnes,Saas Grund - Valais
04/11/2024,16/11/2024,23/11/2024,784.66,H4NXV01,67 m² Appartement ∙ 2 chambres ∙ 6 personnes,Saas Grund - Valais
04/11/2024,23/11/2024,30/11/2024,784.66,H4NXV01,67 m² Appartement ∙ 2 chambres ∙ 6 personnes,Saas Grund - Valais
04/11/2024,30/11/2024,07/12/2024,784.66,H4NXV01,67 m² Appartement ∙ 2 chambres ∙ 6 personnes,Saas Grund - Valais
04/11/2024,07/12/2024,14/12/2024,784.66,H4NXV01,67 m² Appartement ∙ 2 chambres ∙ 6 personnes,Saas Grund - Valais
04/11/2024,14/12/2024,21/12/2024,784.66,H4NXV01,67 m² Appartement ∙ 2 chambres ∙ 6 personnes,Saas Grund - Valais
04/11/2024,01/02/2025,08/02/2025,1473.01,H4NXV01,67 m² Appartement ∙ 2 chambres ∙ 6 personnes,Saas Grund - Valais
04/11/2024,08/02/2025,15/02/2025,1473.01,H4NXV01,67 m² Appartement ∙ 2 chambres ∙ 6 personnes,Saas Grund - Valais
04/11/2024,08/03/2025,15/03/2025,1041.00,H4NXV01,67 m² Appartement ∙ 2 chambres ∙ 6 personnes,Saas Grund - Valais
04/11/2024,15/03/2025,22/03/2025,1041.00,H4NXV01,67 m² Appartement ∙ 2 chambres ∙ 6 personnes,Saas Grund - Valais
04/11/2024,22/03/2025,29/03/2025,1041.00,H4NXV01,67 m² Appartement ∙ 2 chambres ∙ 6 personnes,Saas Grund - Valais
04/11/2024,29/03/2025,05/04/2025,1041.00,H4NXV01,67 m² Appartement ∙ 2 chambres ∙ 6 personnes,Saas Grund - Valais
04/11/2024,05/04/2025,12/04/2025,1041.00,H4NXV01,67 m² Appartement ∙ 2 chambres ∙ 6 personnes,Saas Grund - Valais
04/11/2024,19/04/2025,26/04/2025,1381.56,H4NXV01,67 m² Appartement ∙ 2 chambres ∙ 6 personnes,Saas Grund - Valais
04/11/2024,26/04/2025,03/05/2025,784.66,H4NXV01,67 m² Appartement ∙ 2 chambres ∙ 6 personnes,Saas Grund - Valais
04/11/2024,03/05/2025,10/05/2025,784.66,H4NXV01,67 m² Appartement ∙ 2 chambres ∙ 6 personnes,Saas Grund - Valais
04/11/2024,10/05/2025,17/05/2025,784.66,H4NXV01,67 m² Appartement ∙ 2 chambres ∙ 6 personnes,Saas Grund - Valais
04/11/2024,16/11/2024,23/11/2024,435.01,H9WNBJH,20 m² Appartement ∙ 1 chambre ∙ 4 personnes,Val-d'Illiez - Valais
04/11/2024,23/11/2024,30/11/2024,435.01,H9WNBJH,20 m² Appartement ∙ 1 chambre ∙ 4 personnes,Val-d'Illiez - Valais
04/11/2024,30/11/2024,07/12/2024,435.01,H9WNBJH,20 m² Appartement ∙ 1 chambre ∙ 4 personnes,Val-d'Illiez - Valais
04/11/2024,07/12/2024,14/12/2024,435.01,H9WNBJH,20 m² Appartement ∙ 1 chambre ∙ 4 personnes,Val-d'Illiez - Valais
04/11/2024,14/12/2024,21/12/2024,435.01,H9WNBJH,20 m² Appartement ∙ 1 chambre ∙ 4 personnes,Val-d'Illiez - Valais
04/11/2024,21/12/2024,28/12/2024,652.47,H9WNBJH,20 m² Appartement ∙ 1 chambre ∙ 4 personnes,Val-d'Illiez - Valais
04/11/2024,11/01/2025,18/01/2025,435.01,H9WNBJH,20 m² Appartement ∙ 1 chambre ∙ 4 personnes,Val-d'Illiez - Valais
04/11/2024,18/01/2025,25/01/2025,435.01,H9WNBJH,20 m² Appartement ∙ 1 chambre ∙ 4 personnes,Val-d'Illiez - Valais
04/11/2024,25/01/2025,01/02/2025,435.01,H9WNBJH,20 m² Appartement ∙ 1 chambre ∙ 4 personnes,Val-d'Illiez - Valais
04/11/2024,01/02/2025,08/02/2025,507.52,H9WNBJH,20 m² Appartement ∙ 1 chambre ∙ 4 personnes,Val-d'Illiez - Valais
04/11/2024,22/02/2025,01/03/2025,867.93,H9WNBJH,20 m² Appartement ∙ 1 chambre ∙ 4 personnes,Val-d'Illiez - Valais
04/11/2024,01/03/2025,08/03/2025,867.96,H9WNBJH,20 m² Appartement ∙ 1 chambre ∙ 4 personnes,Val-d'Illiez - Valais
04/11/2024,22/03/2025,29/03/2025,435.01,H9WNBJH,20 m² Appartement ∙ 1 chambre ∙ 4 personnes,Val-d'Illiez - Valais
04/11/2024,29/03/2025,05/04/2025,435.01,H9WNBJH,20 m² Appartement ∙ 1 chambre ∙ 4 personnes,Val-d'Illiez - Valais
04/11/2024,05/04/2025,12/04/2025,435.01,H9WNBJH,20 m² Appartement ∙ 1 chambre ∙ 4 personnes,Val-d'Illiez - Valais
04/11/2024,12/04/2025,19/04/2025,435.01,H9WNBJH,20 m² Appartement ∙ 1 chambre ∙ 4 personnes,Val-d'Illiez - Valais
04/11/2024,19/04/2025,26/04/2025,435.01,H9WNBJH,20 m² Appartement ∙ 1 chambre ∙ 4 personnes,Val-d'Illiez - Valais
04/11/2024,30/11/2024,07/12/2024,1429.79,HSXFU1V,54 m² Appartement ∙ 1 chambre ∙ 4 personnes,Saas Fee - Valais
04/11/2024,07/12/2024,14/12/2024,1452.51,HSXFU1V,54 m² Appartement ∙ 1 chambre ∙ 4 personnes,Saas Fee - Valais
04/11/2024,14/12/2024,21/12/2024,1520.68,HSXFU1V,54 m² Appartement ∙ 1 chambre ∙ 4 personnes,Saas Fee - Valais
04/11/2024,04/01/2025,11/01/2025,1441.15,HSXFU1V,54 m² Appartement ∙ 1 chambre ∙ 4 personnes,Saas Fee - Valais
04/11/2024,11/01/2025,18/01/2025,1441.15,HSXFU1V,54 m² Appartement ∙ 1 chambre ∙ 4 personnes,Saas Fee - Valais
04/11/2024,18/01/2025,25/01/2025,1441.15,HSXFU1V,54 m² Appartement ∙ 1 chambre ∙ 4 personnes,Saas Fee - Valais
04/11/2024,01/02/2025,08/02/2025,1679.72,HSXFU1V,54 m² Appartement ∙ 1 chambre ∙ 4 personnes,Saas Fee - Valais
04/11/2024,08/02/2025,15/02/2025,1838.76,HSXFU1V,54 m² Appartement ∙ 1 chambre ∙ 4 personnes,Saas Fee - Valais
04/11/2024,15/03/2025,22/03/2025,1441.15,HSXFU1V,54 m² Appartement ∙ 1 chambre ∙ 4 personnes,Saas Fee - Valais
04/11/2024,22/03/2025,29/03/2025,1441.15,HSXFU1V,54 m² Appartement ∙ 1 chambre ∙ 4 personnes,Saas Fee - Valais
04/11/2024,12/04/2025,19/04/2025,1600.20,HSXFU1V,54 m² Appartement ∙ 1 chambre ∙ 4 personnes,Saas Fee - Valais
04/11/2024,19/04/2025,26/04/2025,1600.20,HSXFU1V,54 m² Appartement ∙ 1 chambre ∙ 4 personnes,Saas Fee - Valais
04/11/2024,14/12/2024,21/12/2024,834.97,HK9CHD5,34 m² Appartement ∙ 1 chambre ∙ 2 personnes,Saas Fee - Valais
04/11/2024,11/01/2025,18/01/2025,834.97,HK9CHD5,34 m² Appartement ∙ 1 chambre ∙ 2 personnes,Saas Fee - Valais
04/11/2024,25/01/2025,01/02/2025,1113.30,HK9CHD5,34 m² Appartement ∙ 1 chambre ∙ 2 personnes,Saas Fee - Valais
04/11/2024,08/02/2025,15/02/2025,1113.30,HK9CHD5,34 m² Appartement ∙ 1 chambre ∙ 2 personnes,Saas Fee - Valais
04/11/2024,29/03/2025,05/04/2025,919.91,HK9CHD5,34 m² Appartement ∙ 1 chambre ∙ 2 personnes,Saas Fee - Valais
04/11/2024,12/04/2025,19/04/2025,1113.30,HK9CHD5,34 m² Appartement ∙ 1 chambre ∙ 2 personnes,Saas Fee - Valais
04/11/2024,19/04/2025,26/04/2025,1113.30,HK9CHD5,34 m² Appartement ∙ 1 chambre ∙ 2 personnes,Saas Fee - Valais
04/11/2024,09/11/2024,16/11/2024,875.00,HPDN1CV,39 m² Appartement ∙ 1 chambre ∙ 2 personnes,Zermatt - Valais
04/11/2024,16/11/2024,23/11/2024,1142.00,HPDN1CV,39 m² Appartement ∙ 1 chambre ∙ 2 personnes,Zermatt - Valais
04/11/2024,23/11/2024,30/11/2024,1142.00,HPDN1CV,39 m² Appartement ∙ 1 chambre ∙ 2 personnes,Zermatt - Valais
04/11/2024,30/11/2024,07/12/2024,1187.00,HPDN1CV,39 m² Appartement ∙ 1 chambre ∙ 2 personnes,Zermatt - Valais
04/11/2024,07/12/2024,14/12/2024,1407.00,HPDN1CV,39 m² Appartement ∙ 1 chambre ∙ 2 personnes,Zermatt - Valais
04/11/2024,14/12/2024,21/12/2024,1915.00,HPDN1CV,39 m² Appartement ∙ 1 chambre ∙ 2 personnes,Zermatt - Valais
04/11/2024,21/12/2024,28/12/2024,2397.00,HPDN1CV,39 m² Appartement ∙ 1 chambre ∙ 2 personnes,Zermatt - Valais
04/11/2024,11/01/2025,18/01/2025,1915.00,HPDN1CV,39 m² Appartement ∙ 1 chambre ∙ 2 personnes,Zermatt - Valais
04/11/2024,01/02/2025,08/02/2025,1915.00,HPDN1CV,39 m² Appartement ∙ 1 chambre ∙ 2 personnes,Zermatt - Valais
04/11/2024,08/02/2025,15/02/2025,2287.00,HPDN1CV,39 m² Appartement ∙ 1 chambre ∙ 2 personnes,Zermatt - Valais
04/11/2024,15/02/2025,22/02/2025,2287.00,HPDN1CV,39 m² Appartement ∙ 1 chambre ∙ 2 personnes,Zermatt - Valais
04/11/2024,01/03/2025,08/03/2025,2100.00,HPDN1CV,39 m² Appartement ∙ 1 chambre ∙ 2 personnes,Zermatt - Valais
04/11/2024,12/04/2025,19/04/2025,1915.00,HPDN1CV,39 m² Appartement ∙ 1 chambre ∙ 2 personnes,Zermatt - Valais
04/11/2024,19/04/2025,26/04/2025,1915.00,HPDN1CV,39 m² Appartement ∙ 1 chambre ∙ 2 personnes,Zermatt - Valais
04/11/2024,26/04/2025,03/05/2025,1187.00,HPDN1CV,39 m² Appartement ∙ 1 chambre ∙ 2 personnes,Zermatt - Valais
04/11/2024,03/05/2025,10/05/2025,1187.00,HPDN1CV,39 m² Appartement ∙ 1 chambre ∙ 2 personnes,Zermatt - Valais
04/11/2024,10/05/2025,17/05/2025,1187.00,HPDN1CV,39 m² Appartement ∙ 1 chambre ∙ 2 personnes,Zermatt - Valais
04/11/2024,09/11/2024,16/11/2024,1981.99,H74ARG3,60 m² Appartement ∙ 3 chambres ∙ 6 personnes,Saas Fee - Valais
04/11/2024,23/11/2024,30/11/2024,1981.99,H74ARG3,60 m² Appartement ∙ 3 chambres ∙ 6 personnes,Saas Fee - Valais
04/11/2024,30/11/2024,07/12/2024,1981.99,H74ARG3,60 m² Appartement ∙ 3 chambres ∙ 6 personnes,Saas Fee - Valais
04/11/2024,14/12/2024,21/12/2024,1981.99,H74ARG3,60 m² Appartement ∙ 3 chambres ∙ 6 personnes,Saas Fee - Valais
04/11/2024,08/03/2025,15/03/2025,2387.77,H74ARG3,60 m² Appartement ∙ 3 chambres ∙ 6 personnes,Saas Fee - Valais
04/11/2024,12/04/2025,19/04/2025,2618.16,H74ARG3,60 m² Appartement ∙ 3 chambres ∙ 6 personnes,Saas Fee - Valais
04/11/2024,09/11/2024,16/11/2024,1275.34,H1WBP5J,100 m² Maison de vacances ∙ 3 chambres ∙ 8 personnes,Nendaz - Valais
04/11/2024,09/11/2024,16/11/2024,609.42,HG2HWVL,43 m² Appartement ∙ 1 chambre ∙ 5 personnes,Loèche-les-Bains - Valais
04/11/2024,16/11/2024,23/11/2024,609.42,HG2HWVL,43 m² Appartement ∙ 1 chambre ∙ 5 personnes,Loèche-les-Bains - Valais
04/11/2024,30/11/2024,07/12/2024,609.42,HG2HWVL,43 m² Appartement ∙ 1 chambre ∙ 5 personnes,Loèche-les-Bains - Valais
04/11/2024,07/12/2024,14/12/2024,660.38,HG2HWVL,43 m² Appartement ∙ 1 chambre ∙ 5 personnes,Loèche-les-Bains - Valais
04/11/2024,14/12/2024,21/12/2024,851.49,HG2HWVL,43 m² Appartement ∙ 1 chambre ∙ 5 personnes,Loèche-les-Bains - Valais
04/11/2024,15/03/2025,22/03/2025,609.42,HG2HWVL,43 m² Appartement ∙ 1 chambre ∙ 5 personnes,Loèche-les-Bains - Valais
04/11/2024,22/03/2025,29/03/2025,609.42,HG2HWVL,43 m² Appartement ∙ 1 chambre ∙ 5 personnes,Loèche-les-Bains - Valais
04/11/2024,09/11/2024,16/11/2024,943.00,HWRYE7N,60 m² Appartement ∙ 2 chambres ∙ 4 personnes,Verbier - Bagnes - Valais
04/11/2024,16/11/2024,23/11/2024,1244.00,HWRYE7N,60 m² Appartement ∙ 2 chambres ∙ 4 personnes,Verbier - Bagnes - Valais
04/11/2024,23/11/2024,30/11/2024,1244.00,HWRYE7N,60 m² Appartement ∙ 2 chambres ∙ 4 personnes,Verbier - Bagnes - Valais
04/11/2024,30/11/2024,07/12/2024,1244.00,HWRYE7N,60 m² Appartement ∙ 2 chambres ∙ 4 personnes,Verbier - Bagnes - Valais
04/11/2024,07/12/2024,14/12/2024,1244.00,HWRYE7N,60 m² Appartement ∙ 2 chambres ∙ 4 personnes,Verbier - Bagnes - Valais
04/11/2024,14/12/2024,21/12/2024,1244.00,HWRYE7N,60 m² Appartement ∙ 2 chambres ∙ 4 personnes,Verbier - Bagnes - Valais
04/11/2024,21/12/2024,28/12/2024,2381.00,HWRYE7N,60 m² Appartement ∙ 2 chambres ∙ 4 personnes,Verbier - Bagnes - Valais
04/11/2024,04/01/2025,11/01/2025,1456.00,HWRYE7N,60 m² Appartement ∙ 2 chambres ∙ 4 personnes,Verbier - Bagnes - Valais
04/11/2024,11/01/2025,18/01/2025,1456.00,HWRYE7N,60 m² Appartement ∙ 2 chambres ∙ 4 personnes,Verbier - Bagnes - Valais
04/11/2024,18/01/2025,25/01/2025,1456.00,HWRYE7N,60 m² Appartement ∙ 2 chambres ∙ 4 personnes,Verbier - Bagnes - Valais
04/11/2024,25/01/2025,01/02/2025,1456.00,HWRYE7N,60 m² Appartement ∙ 2 chambres ∙ 4 personnes,Verbier - Bagnes - Valais
04/11/2024,08/02/2025,15/02/2025,1775.00,HWRYE7N,60 m² Appartement ∙ 2 chambres ∙ 4 personnes,Verbier - Bagnes - Valais
04/11/2024,15/02/2025,22/02/2025,3382.00,HWRYE7N,60 m² Appartement ∙ 2 chambres ∙ 4 personnes,Verbier - Bagnes - Valais
04/11/2024,22/02/2025,01/03/2025,3382.00,HWRYE7N,60 m² Appartement ∙ 2 chambres ∙ 4 personnes,Verbier - Bagnes - Valais
04/11/2024,08/03/2025,15/03/2025,1775.00,HWRYE7N,60 m² Appartement ∙ 2 chambres ∙ 4 personnes,Verbier - Bagnes - Valais
04/11/2024,15/03/2025,22/03/2025,1244.00,HWRYE7N,60 m² Appartement ∙ 2 chambres ∙ 4 personnes,Verbier - Bagnes - Valais
04/11/2024,22/03/2025,29/03/2025,1244.00,HWRYE7N,60 m² Appartement ∙ 2 chambres ∙ 4 personnes,Verbier - Bagnes - Valais
04/11/2024,29/03/2025,05/04/2025,1244.00,HWRYE7N,60 m² Appartement ∙ 2 chambres ∙ 4 personnes,Verbier - Bagnes - Valais
04/11/2024,05/04/2025,12/04/2025,1244.00,HWRYE7N,60 m² Appartement ∙ 2 chambres ∙ 4 personnes,Verbier - Bagnes - Valais
04/11/2024,12/04/2025,19/04/2025,1456.00,HWRYE7N,60 m² Appartement ∙ 2 chambres ∙ 4 personnes,Verbier - Bagnes - Valais
04/11/2024,19/04/2025,26/04/2025,1456.00,HWRYE7N,60 m² Appartement ∙ 2 chambres ∙ 4 personnes,Verbier - Bagnes - Valais
04/11/2024,26/04/2025,03/05/2025,1244.00,HWRYE7N,60 m² Appartement ∙ 2 chambres ∙ 4 personnes,Verbier - Bagnes - Valais
04/11/2024,03/05/2025,10/05/2025,1244.00,HWRYE7N,60 m² Appartement ∙ 2 chambres ∙ 4 personnes,Verbier - Bagnes - Valais
04/11/2024,10/05/2025,17/05/2025,1244.00,HWRYE7N,60 m² Appartement ∙ 2 chambres ∙ 4 personnes,Verbier - Bagnes - Valais
04/11/2024,09/11/2024,16/11/2024,719.00,HK6EHW1,80 m² Appartement ∙ 3 chambres ∙ 6 personnes,Grächen - Valais
04/11/2024,16/11/2024,23/11/2024,936.00,HK6EHW1,80 m² Appartement ∙ 3 chambres ∙ 6 personnes,Grächen - Valais
04/11/2024,23/11/2024,30/11/2024,936.00,HK6EHW1,80 m² Appartement ∙ 3 chambres ∙ 6 personnes,Grächen - Valais
04/11/2024,30/11/2024,07/12/2024,936.00,HK6EHW1,80 m² Appartement ∙ 3 chambres ∙ 6 personnes,Grächen - Valais
04/11/2024,07/12/2024,14/12/2024,936.00,HK6EHW1,80 m² Appartement ∙ 3 chambres ∙ 6 personnes,Grächen - Valais
04/11/2024,14/12/2024,21/12/2024,1201.00,HK6EHW1,80 m² Appartement ∙ 3 chambres ∙ 6 personnes,Grächen - Valais
04/11/2024,29/03/2025,05/04/2025,936.00,HK6EHW1,80 m² Appartement ∙ 3 chambres ∙ 6 personnes,Grächen - Valais
04/11/2024,05/04/2025,12/04/2025,936.00,HK6EHW1,80 m² Appartement ∙ 3 chambres ∙ 6 personnes,Grächen - Valais
04/11/2024,12/04/2025,19/04/2025,1164.00,HK6EHW1,80 m² Appartement ∙ 3 chambres ∙ 6 personnes,Grächen - Valais
04/11/2024,19/04/2025,26/04/2025,936.00,HK6EHW1,80 m² Appartement ∙ 3 chambres ∙ 6 personnes,Grächen - Valais
04/11/2024,26/04/2025,03/05/2025,936.00,HK6EHW1,80 m² Appartement ∙ 3 chambres ∙ 6 personnes,Grächen - Valais
04/11/2024,03/05/2025,10/05/2025,936.00,HK6EHW1,80 m² Appartement ∙ 3 chambres ∙ 6 personnes,Grächen - Valais
04/11/2024,10/05/2025,17/05/2025,936.00,HK6EHW1,80 m² Appartement ∙ 3 chambres ∙ 6 personnes,Grächen - Valais
04/11/2024,09/11/2024,16/11/2024,712.61,H67BF0K,50 m² Appartement ∙ 2 chambres ∙ 4 personnes,Saas-Almagell - Valais
04/11/2024,16/11/2024,23/11/2024,712.61,H67BF0K,50 m² Appartement ∙ 2 chambres ∙ 4 personnes,Saas-Almagell - Valais
04/11/2024,23/11/2024,30/11/2024,712.61,H67BF0K,50 m² Appartement ∙ 2 chambres ∙ 4 personnes,Saas-Almagell - Valais
04/11/2024,30/11/2024,07/12/2024,712.61,H67BF0K,50 m² Appartement ∙ 2 chambres ∙ 4 personnes,Saas-Almagell - Valais
04/11/2024,07/12/2024,14/12/2024,712.61,H67BF0K,50 m² Appartement ∙ 2 chambres ∙ 4 personnes,Saas-Almagell - Valais
04/11/2024,14/12/2024,21/12/2024,712.61,H67BF0K,50 m² Appartement ∙ 2 chambres ∙ 4 personnes,Saas-Almagell - Valais
04/11/2024,04/01/2025,11/01/2025,712.61,H67BF0K,50 m² Appartement ∙ 2 chambres ∙ 4 personnes,Saas-Almagell - Valais
04/11/2024,11/01/2025,18/01/2025,712.61,H67BF0K,50 m² Appartement ∙ 2 chambres ∙ 4 personnes,Saas-Almagell - Valais
04/11/2024,18/01/2025,25/01/2025,712.61,H67BF0K,50 m² Appartement ∙ 2 chambres ∙ 4 personnes,Saas-Almagell - Valais
04/11/2024,01/03/2025,08/03/2025,1470.67,H67BF0K,50 m² Appartement ∙ 2 chambres ∙ 4 personnes,Saas-Almagell - Valais
04/11/2024,08/03/2025,15/03/2025,1015.84,H67BF0K,50 m² Appartement ∙ 2 chambres ∙ 4 personnes,Saas-Almagell - Valais
04/11/2024,15/03/2025,22/03/2025,1015.84,H67BF0K,50 m² Appartement ∙ 2 chambres ∙ 4 personnes,Saas-Almagell - Valais
04/11/2024,22/03/2025,29/03/2025,1015.84,H67BF0K,50 m² Appartement ∙ 2 chambres ∙ 4 personnes,Saas-Almagell - Valais
04/11/2024,29/03/2025,05/04/2025,1015.84,H67BF0K,50 m² Appartement ∙ 2 chambres ∙ 4 personnes,Saas-Almagell - Valais
04/11/2024,05/04/2025,12/04/2025,1015.84,H67BF0K,50 m² Appartement ∙ 2 chambres ∙ 4 personnes,Saas-Almagell - Valais
04/11/2024,12/04/2025,19/04/2025,1015.84,H67BF0K,50 m² Appartement ∙ 2 chambres ∙ 4 personnes,Saas-Almagell - Valais
04/11/2024,19/04/2025,26/04/2025,1015.84,H67BF0K,50 m² Appartement ∙ 2 chambres ∙ 4 personnes,Saas-Almagell - Valais
04/11/2024,26/04/2025,03/05/2025,712.61,H67BF0K,50 m² Appartement ∙ 2 chambres ∙ 4 personnes,Saas-Almagell - Valais
04/11/2024,03/05/2025,10/05/2025,712.61,H67BF0K,50 m² Appartement ∙ 2 chambres ∙ 4 personnes,Saas-Almagell - Valais
04/11/2024,10/05/2025,17/05/2025,712.61,H67BF0K,50 m² Appartement ∙ 2 chambres ∙ 4 personnes,Saas-Almagell - Valais
04/11/2024,09/11/2024,16/11/2024,625.00,H1KZR5P,50 m² Appartement ∙ 1 chambre ∙ 2 personnes,Crans-Montana - Valais
04/11/2024,16/11/2024,23/11/2024,625.00,H1KZR5P,50 m² Appartement ∙ 1 chambre ∙ 2 personnes,Crans-Montana - Valais
04/11/2024,07/12/2024,14/12/2024,625.00,H1KZR5P,50 m² Appartement ∙ 1 chambre ∙ 2 personnes,Crans-Montana - Valais
04/11/2024,14/12/2024,21/12/2024,625.00,H1KZR5P,50 m² Appartement ∙ 1 chambre ∙ 2 personnes,Crans-Montana - Valais
04/11/2024,21/12/2024,28/12/2024,1361.00,H1KZR5P,50 m² Appartement ∙ 1 chambre ∙ 2 personnes,Crans-Montana - Valais
04/11/2024,28/12/2024,04/01/2025,1760.00,H1KZR5P,50 m² Appartement ∙ 1 chambre ∙ 2 personnes,Crans-Montana - Valais
04/11/2024,11/01/2025,18/01/2025,769.00,H1KZR5P,50 m² Appartement ∙ 1 chambre ∙ 2 personnes,Crans-Montana - Valais
04/11/2024,18/01/2025,25/01/2025,769.00,H1KZR5P,50 m² Appartement ∙ 1 chambre ∙ 2 personnes,Crans-Montana - Valais
04/11/2024,08/02/2025,15/02/2025,1147.00,H1KZR5P,50 m² Appartement ∙ 1 chambre ∙ 2 personnes,Crans-Montana - Valais
04/11/2024,15/02/2025,22/02/2025,1361.00,H1KZR5P,50 m² Appartement ∙ 1 chambre ∙ 2 personnes,Crans-Montana - Valais
04/11/2024,22/02/2025,01/03/2025,1361.00,H1KZR5P,50 m² Appartement ∙ 1 chambre ∙ 2 personnes,Crans-Montana - Valais
04/11/2024,01/03/2025,08/03/2025,1147.00,H1KZR5P,50 m² Appartement ∙ 1 chambre ∙ 2 personnes,Crans-Montana - Valais
04/11/2024,08/03/2025,15/03/2025,625.00,H1KZR5P,50 m² Appartement ∙ 1 chambre ∙ 2 personnes,Crans-Montana - Valais
04/11/2024,15/03/2025,22/03/2025,625.00,H1KZR5P,50 m² Appartement ∙ 1 chambre ∙ 2 personnes,Crans-Montana - Valais
04/11/2024,22/03/2025,29/03/2025,625.00,H1KZR5P,50 m² Appartement ∙ 1 chambre ∙ 2 personnes,Crans-Montana - Valais
04/11/2024,09/11/2024,16/11/2024,1096.50,HZT0KPC,35 m² Appartement ∙ 1 chambre ∙ 2 personnes,Saas Fee - Valais
04/11/2024,16/11/2024,23/11/2024,1096.50,HZT0KPC,35 m² Appartement ∙ 1 chambre ∙ 2 personnes,Saas Fee - Valais
04/11/2024,23/11/2024,30/11/2024,1096.50,HZT0KPC,35 m² Appartement ∙ 1 chambre ∙ 2 personnes,Saas Fee - Valais
04/11/2024,30/11/2024,07/12/2024,1096.50,HZT0KPC,35 m² Appartement ∙ 1 chambre ∙ 2 personnes,Saas Fee - Valais
04/11/2024,07/12/2024,14/12/2024,1096.50,HZT0KPC,35 m² Appartement ∙ 1 chambre ∙ 2 personnes,Saas Fee - Valais
04/11/2024,14/12/2024,21/12/2024,1096.50,HZT0KPC,35 m² Appartement ∙ 1 chambre ∙ 2 personnes,Saas Fee - Valais
04/11/2024,21/12/2024,28/12/2024,1279.40,HZT0KPC,35 m² Appartement ∙ 1 chambre ∙ 2 personnes,Saas Fee - Valais
04/11/2024,04/01/2025,11/01/2025,1096.50,HZT0KPC,35 m² Appartement ∙ 1 chambre ∙ 2 personnes,Saas Fee - Valais
04/11/2024,11/01/2025,18/01/2025,1096.50,HZT0KPC,35 m² Appartement ∙ 1 chambre ∙ 2 personnes,Saas Fee - Valais
04/11/2024,18/01/2025,25/01/2025,1096.50,HZT0KPC,35 m² Appartement ∙ 1 chambre ∙ 2 personnes,Saas Fee - Valais
04/11/2024,25/01/2025,01/02/2025,1279.40,HZT0KPC,35 m² Appartement ∙ 1 chambre ∙ 2 personnes,Saas Fee - Valais
04/11/2024,01/02/2025,08/02/2025,1279.40,HZT0KPC,35 m² Appartement ∙ 1 chambre ∙ 2 personnes,Saas Fee - Valais
04/11/2024,08/02/2025,15/02/2025,1279.40,HZT0KPC,35 m² Appartement ∙ 1 chambre ∙ 2 personnes,Saas Fee - Valais
04/11/2024,22/03/2025,29/03/2025,1279.40,HZT0KPC,35 m² Appartement ∙ 1 chambre ∙ 2 personnes,Saas Fee - Valais
04/11/2024,29/03/2025,05/04/2025,1279.40,HZT0KPC,35 m² Appartement ∙ 1 chambre ∙ 2 personnes,Saas Fee - Valais
04/11/2024,05/04/2025,12/04/2025,1279.40,HZT0KPC,35 m² Appartement ∙ 1 chambre ∙ 2 personnes,Saas Fee - Valais
04/11/2024,12/04/2025,19/04/2025,1279.40,HZT0KPC,35 m² Appartement ∙ 1 chambre ∙ 2 personnes,Saas Fee - Valais
04/11/2024,19/04/2025,26/04/2025,1279.40,HZT0KPC,35 m² Appartement ∙ 1 chambre ∙ 2 personnes,Saas Fee - Valais
04/11/2024,09/11/2024,16/11/2024,877.07,HSX1JUR,80 m² Appartement ∙ 2 chambres ∙ 4 personnes,Saas Grund - Valais
04/11/2024,16/11/2024,23/11/2024,877.07,HSX1JUR,80 m² Appartement ∙ 2 chambres ∙ 4 personnes,Saas Grund - Valais
04/11/2024,23/11/2024,30/11/2024,877.07,HSX1JUR,80 m² Appartement ∙ 2 chambres ∙ 4 personnes,Saas Grund - Valais
04/11/2024,09/11/2024,16/11/2024,954.25,HY107TB,85 m² Appartement ∙ 3 chambres ∙ 6 personnes,Saas Grund - Valais
04/11/2024,16/11/2024,23/11/2024,954.25,HY107TB,85 m² Appartement ∙ 3 chambres ∙ 6 personnes,Saas Grund - Valais
04/11/2024,23/11/2024,30/11/2024,955.11,HY107TB,85 m² Appartement ∙ 3 chambres ∙ 6 personnes,Saas Grund - Valais
04/11/2024,30/11/2024,07/12/2024,955.11,HY107TB,85 m² Appartement ∙ 3 chambres ∙ 6 personnes,Saas Grund - Valais
04/11/2024,07/12/2024,14/12/2024,955.11,HY107TB,85 m² Appartement ∙ 3 chambres ∙ 6 personnes,Saas Grund - Valais
04/11/2024,14/12/2024,21/12/2024,1102.92,HY107TB,85 m² Appartement ∙ 3 chambres ∙ 6 personnes,Saas Grund - Valais
04/11/2024,21/12/2024,28/12/2024,1989.81,HY107TB,85 m² Appartement ∙ 3 chambres ∙ 6 personnes,Saas Grund - Valais
04/11/2024,04/01/2025,11/01/2025,1034.70,HY107TB,85 m² Appartement ∙ 3 chambres ∙ 6 personnes,Saas Grund - Valais
04/11/2024,11/01/2025,18/01/2025,1034.70,HY107TB,85 m² Appartement ∙ 3 chambres ∙ 6 personnes,Saas Grund - Valais
04/11/2024,18/01/2025,25/01/2025,1034.70,HY107TB,85 m² Appartement ∙ 3 chambres ∙ 6 personnes,Saas Grund - Valais
04/11/2024,08/02/2025,15/02/2025,2308.40,HY107TB,85 m² Appartement ∙ 3 chambres ∙ 6 personnes,Saas Grund - Valais
04/11/2024,15/03/2025,22/03/2025,1273.69,HY107TB,85 m² Appartement ∙ 3 chambres ∙ 6 personnes,Saas Grund - Valais
04/11/2024,22/03/2025,29/03/2025,1273.69,HY107TB,85 m² Appartement ∙ 3 chambres ∙ 6 personnes,Saas Grund - Valais
04/11/2024,29/03/2025,05/04/2025,1273.69,HY107TB,85 m² Appartement ∙ 3 chambres ∙ 6 personnes,Saas Grund - Valais
04/11/2024,05/04/2025,12/04/2025,1273.69,HY107TB,85 m² Appartement ∙ 3 chambres ∙ 6 personnes,Saas Grund - Valais
04/11/2024,26/04/2025,03/05/2025,1523.84,HY107TB,85 m² Appartement ∙ 3 chambres ∙ 6 personnes,Saas Grund - Valais
04/11/2024,03/05/2025,10/05/2025,1989.81,HY107TB,85 m² Appartement ∙ 3 chambres ∙ 6 personnes,Saas Grund - Valais
04/11/2024,10/05/2025,17/05/2025,1989.81,HY107TB,85 m² Appartement ∙ 3 chambres ∙ 6 personnes,Saas Grund - Valais
04/11/2024,09/11/2024,16/11/2024,669.47,HHAFTG5,45 m² Appartement ∙ 1 chambre ∙ 4 personnes,Loèche-les-Bains - Valais
04/11/2024,23/11/2024,30/11/2024,886.25,HHAFTG5,45 m² Appartement ∙ 1 chambre ∙ 4 personnes,Loèche-les-Bains - Valais
04/11/2024,30/11/2024,07/12/2024,669.47,HHAFTG5,45 m² Appartement ∙ 1 chambre ∙ 4 personnes,Loèche-les-Bains - Valais
04/11/2024,07/12/2024,14/12/2024,669.47,HHAFTG5,45 m² Appartement ∙ 1 chambre ∙ 4 personnes,Loèche-les-Bains - Valais
04/11/2024,14/12/2024,21/12/2024,1071.15,HHAFTG5,45 m² Appartement ∙ 1 chambre ∙ 4 personnes,Loèche-les-Bains - Valais
04/11/2024,21/12/2024,28/12/2024,1071.15,HHAFTG5,45 m² Appartement ∙ 1 chambre ∙ 4 personnes,Loèche-les-Bains - Valais
04/11/2024,11/01/2025,18/01/2025,669.47,HHAFTG5,45 m² Appartement ∙ 1 chambre ∙ 4 personnes,Loèche-les-Bains - Valais
04/11/2024,18/01/2025,25/01/2025,886.25,HHAFTG5,45 m² Appartement ∙ 1 chambre ∙ 4 personnes,Loèche-les-Bains - Valais
04/11/2024,25/01/2025,01/02/2025,1020.14,HHAFTG5,45 m² Appartement ∙ 1 chambre ∙ 4 personnes,Loèche-les-Bains - Valais
04/11/2024,01/02/2025,08/02/2025,1020.14,HHAFTG5,45 m² Appartement ∙ 1 chambre ∙ 4 personnes,Loèche-les-Bains - Valais
04/11/2024,15/03/2025,22/03/2025,1020.14,HHAFTG5,45 m² Appartement ∙ 1 chambre ∙ 4 personnes,Loèche-les-Bains - Valais
04/11/2024,22/03/2025,29/03/2025,1020.14,HHAFTG5,45 m² Appartement ∙ 1 chambre ∙ 4 personnes,Loèche-les-Bains - Valais
04/11/2024,29/03/2025,05/04/2025,1020.14,HHAFTG5,45 m² Appartement ∙ 1 chambre ∙ 4 personnes,Loèche-les-Bains - Valais
04/11/2024,05/04/2025,12/04/2025,1020.14,HHAFTG5,45 m² Appartement ∙ 1 chambre ∙ 4 personnes,Loèche-les-Bains - Valais
04/11/2024,12/04/2025,19/04/2025,1020.14,HHAFTG5,45 m² Appartement ∙ 1 chambre ∙ 4 personnes,Loèche-les-Bains - Valais
04/11/2024,19/04/2025,26/04/2025,1020.14,HHAFTG5,45 m² Appartement ∙ 1 chambre ∙ 4 personnes,Loèche-les-Bains - Valais
04/11/2024,10/05/2025,17/05/2025,886.25,HHAFTG5,45 m² Appartement ∙ 1 chambre ∙ 4 personnes,Loèche-les-Bains - Valais
04/11/2024,09/11/2024,16/11/2024,2054.29,HRK8M93,160 m² Maison de vacances ∙ 4 chambres ∙ 9 personnes,Riddes - Valais
04/11/2024,16/11/2024,23/11/2024,2054.29,HRK8M93,160 m² Maison de vacances ∙ 4 chambres ∙ 9 personnes,Riddes - Valais
04/11/2024,23/11/2024,30/11/2024,2054.29,HRK8M93,160 m² Maison de vacances ∙ 4 chambres ∙ 9 personnes,Riddes - Valais
04/11/2024,30/11/2024,07/12/2024,2054.29,HRK8M93,160 m² Maison de vacances ∙ 4 chambres ∙ 9 personnes,Riddes - Valais
04/11/2024,07/12/2024,14/12/2024,2054.29,HRK8M93,160 m² Maison de vacances ∙ 4 chambres ∙ 9 personnes,Riddes - Valais
04/11/2024,14/12/2024,21/12/2024,2188.46,HRK8M93,160 m² Maison de vacances ∙ 4 chambres ∙ 9 personnes,Riddes - Valais
04/11/2024,18/01/2025,25/01/2025,2086.68,HRK8M93,160 m² Maison de vacances ∙ 4 chambres ∙ 9 personnes,Riddes - Valais
04/11/2024,08/02/2025,15/02/2025,3149.20,HRK8M93,160 m² Maison de vacances ∙ 4 chambres ∙ 9 personnes,Riddes - Valais
04/11/2024,22/02/2025,01/03/2025,4367.48,HRK8M93,160 m² Maison de vacances ∙ 4 chambres ∙ 9 personnes,Riddes - Valais
04/11/2024,01/03/2025,08/03/2025,3490.01,HRK8M93,160 m² Maison de vacances ∙ 4 chambres ∙ 9 personnes,Riddes - Valais
04/11/2024,08/03/2025,15/03/2025,2422.86,HRK8M93,160 m² Maison de vacances ∙ 4 chambres ∙ 9 personnes,Riddes - Valais
04/11/2024,15/03/2025,22/03/2025,2078.97,HRK8M93,160 m² Maison de vacances ∙ 4 chambres ∙ 9 personnes,Riddes - Valais
04/11/2024,22/03/2025,29/03/2025,2072.81,HRK8M93,160 m² Maison de vacances ∙ 4 chambres ∙ 9 personnes,Riddes - Valais
04/11/2024,29/03/2025,05/04/2025,2173.03,HRK8M93,160 m² Maison de vacances ∙ 4 chambres ∙ 9 personnes,Riddes - Valais
04/11/2024,05/04/2025,12/04/2025,2080.51,HRK8M93,160 m² Maison de vacances ∙ 4 chambres ∙ 9 personnes,Riddes - Valais
04/11/2024,19/04/2025,26/04/2025,2054.30,HRK8M93,160 m² Maison de vacances ∙ 4 chambres ∙ 9 personnes,Riddes - Valais
04/11/2024,26/04/2025,03/05/2025,2054.30,HRK8M93,160 m² Maison de vacances ∙ 4 chambres ∙ 9 personnes,Riddes - Valais
04/11/2024,03/05/2025,10/05/2025,2054.30,HRK8M93,160 m² Maison de vacances ∙ 4 chambres ∙ 9 personnes,Riddes - Valais
04/11/2024,10/05/2025,17/05/2025,2054.30,HRK8M93,160 m² Maison de vacances ∙ 4 chambres ∙ 9 personnes,Riddes - Valais
04/11/2024,14/12/2024,21/12/2024,1566.56,H1DWSB7,100 m² Chalet ∙ 2 chambres ∙ 6 personnes,Chalais - Valais
04/11/2024,10/05/2025,17/05/2025,1297.71,H1DWSB7,100 m² Chalet ∙ 2 chambres ∙ 6 personnes,Chalais - Valais
04/11/2024,09/11/2024,16/11/2024,1609.78,HVE0D43,101 m² Appartement ∙ 2 chambres ∙ 5 personnes,Saas Grund - Valais
04/11/2024,16/11/2024,23/11/2024,1609.78,HVE0D43,101 m² Appartement ∙ 2 chambres ∙ 5 personnes,Saas Grund - Valais
04/11/2024,23/11/2024,30/11/2024,1609.78,HVE0D43,101 m² Appartement ∙ 2 chambres ∙ 5 personnes,Saas Grund - Valais
04/11/2024,30/11/2024,07/12/2024,1609.78,HVE0D43,101 m² Appartement ∙ 2 chambres ∙ 5 personnes,Saas Grund - Valais
04/11/2024,07/12/2024,14/12/2024,1609.78,HVE0D43,101 m² Appartement ∙ 2 chambres ∙ 5 personnes,Saas Grund - Valais
04/11/2024,14/12/2024,21/12/2024,1872.43,HVE0D43,101 m² Appartement ∙ 2 chambres ∙ 5 personnes,Saas Grund - Valais
04/11/2024,04/01/2025,11/01/2025,1872.43,HVE0D43,101 m² Appartement ∙ 2 chambres ∙ 5 personnes,Saas Grund - Valais
04/11/2024,11/01/2025,18/01/2025,1872.43,HVE0D43,101 m² Appartement ∙ 2 chambres ∙ 5 personnes,Saas Grund - Valais
04/11/2024,18/01/2025,25/01/2025,1872.43,HVE0D43,101 m² Appartement ∙ 2 chambres ∙ 5 personnes,Saas Grund - Valais
04/11/2024,08/03/2025,15/03/2025,1872.43,HVE0D43,101 m² Appartement ∙ 2 chambres ∙ 5 personnes,Saas Grund - Valais
04/11/2024,15/03/2025,22/03/2025,1872.43,HVE0D43,101 m² Appartement ∙ 2 chambres ∙ 5 personnes,Saas Grund - Valais
04/11/2024,29/03/2025,05/04/2025,1872.43,HVE0D43,101 m² Appartement ∙ 2 chambres ∙ 5 personnes,Saas Grund - Valais
04/11/2024,05/04/2025,12/04/2025,1872.43,HVE0D43,101 m² Appartement ∙ 2 chambres ∙ 5 personnes,Saas Grund - Valais
04/11/2024,12/04/2025,19/04/2025,2025.93,HVE0D43,101 m² Appartement ∙ 2 chambres ∙ 5 personnes,Saas Grund - Valais
04/11/2024,19/04/2025,26/04/2025,1753.04,HVE0D43,101 m² Appartement ∙ 2 chambres ∙ 5 personnes,Saas Grund - Valais
04/11/2024,26/04/2025,03/05/2025,1562.02,HVE0D43,101 m² Appartement ∙ 2 chambres ∙ 5 personnes,Saas Grund - Valais
04/11/2024,03/05/2025,10/05/2025,1562.02,HVE0D43,101 m² Appartement ∙ 2 chambres ∙ 5 personnes,Saas Grund - Valais
04/11/2024,10/05/2025,17/05/2025,1562.02,HVE0D43,101 m² Appartement ∙ 2 chambres ∙ 5 personnes,Saas Grund - Valais
04/11/2024,09/11/2024,16/11/2024,1671.40,HS95PC1,125 m² Chalet ∙ 4 chambres ∙ 10 personnes,Hérémence - Valais
04/11/2024,16/11/2024,23/11/2024,1671.40,HS95PC1,125 m² Chalet ∙ 4 chambres ∙ 10 personnes,Hérémence - Valais
04/11/2024,23/11/2024,30/11/2024,1671.40,HS95PC1,125 m² Chalet ∙ 4 chambres ∙ 10 personnes,Hérémence - Valais
04/11/2024,30/11/2024,07/12/2024,2046.29,HS95PC1,125 m² Chalet ∙ 4 chambres ∙ 10 personnes,Hérémence - Valais
04/11/2024,07/12/2024,14/12/2024,2194.27,HS95PC1,125 m² Chalet ∙ 4 chambres ∙ 10 personnes,Hérémence - Valais
04/11/2024,12/04/2025,19/04/2025,4611.06,HS95PC1,125 m² Chalet ∙ 4 chambres ∙ 10 personnes,Hérémence - Valais
04/11/2024,19/04/2025,26/04/2025,3841.70,HS95PC1,125 m² Chalet ∙ 4 chambres ∙ 10 personnes,Hérémence - Valais
04/11/2024,26/04/2025,03/05/2025,1543.70,HS95PC1,125 m² Chalet ∙ 4 chambres ∙ 10 personnes,Hérémence - Valais
04/11/2024,03/05/2025,10/05/2025,1543.70,HS95PC1,125 m² Chalet ∙ 4 chambres ∙ 10 personnes,Hérémence - Valais
04/11/2024,10/05/2025,17/05/2025,1543.70,HS95PC1,125 m² Chalet ∙ 4 chambres ∙ 10 personnes,Hérémence - Valais
04/11/2024,21/12/2024,28/12/2024,3865.00,HKEUX4Y,100 m² Appartement ∙ 3 chambres ∙ 6 personnes,Verbier - Bagnes - Valais
04/11/2024,22/02/2025,01/03/2025,4169.00,HKEUX4Y,100 m² Appartement ∙ 3 chambres ∙ 6 personnes,Verbier - Bagnes - Valais
04/11/2024,03/05/2025,10/05/2025,1515.00,HKEUX4Y,100 m² Appartement ∙ 3 chambres ∙ 6 personnes,Verbier - Bagnes - Valais
04/11/2024,10/05/2025,17/05/2025,1515.00,HKEUX4Y,100 m² Appartement ∙ 3 chambres ∙ 6 personnes,Verbier - Bagnes - Valais
04/11/2024,09/11/2024,16/11/2024,706.39,HGHPV18,67 m² Appartement ∙ 2 chambres ∙ 4 personnes,Vex - Valais
04/11/2024,16/11/2024,23/11/2024,706.39,HGHPV18,67 m² Appartement ∙ 2 chambres ∙ 4 personnes,Vex - Valais
04/11/2024,30/11/2024,07/12/2024,1781.21,HGS6DCU,75 m² Appartement ∙ 2 chambres ∙ 4 personnes,Saas Fee - Valais
04/11/2024,07/12/2024,14/12/2024,1781.21,HGS6DCU,75 m² Appartement ∙ 2 chambres ∙ 4 personnes,Saas Fee - Valais
04/11/2024,14/12/2024,21/12/2024,1781.21,HGS6DCU,75 m² Appartement ∙ 2 chambres ∙ 4 personnes,Saas Fee - Valais
04/11/2024,21/12/2024,28/12/2024,2974.53,HGS6DCU,75 m² Appartement ∙ 2 chambres ∙ 4 personnes,Saas Fee - Valais
04/11/2024,11/01/2025,18/01/2025,1781.21,HGS6DCU,75 m² Appartement ∙ 2 chambres ∙ 4 personnes,Saas Fee - Valais
04/11/2024,18/01/2025,25/01/2025,1781.21,HGS6DCU,75 m² Appartement ∙ 2 chambres ∙ 4 personnes,Saas Fee - Valais
04/11/2024,25/01/2025,01/02/2025,2735.87,HGS6DCU,75 m² Appartement ∙ 2 chambres ∙ 4 personnes,Saas Fee - Valais
04/11/2024,01/02/2025,08/02/2025,2735.87,HGS6DCU,75 m² Appartement ∙ 2 chambres ∙ 4 personnes,Saas Fee - Valais
04/11/2024,08/03/2025,15/03/2025,2735.87,HGS6DCU,75 m² Appartement ∙ 2 chambres ∙ 4 personnes,Saas Fee - Valais
04/11/2024,15/03/2025,22/03/2025,2338.09,HGS6DCU,75 m² Appartement ∙ 2 chambres ∙ 4 personnes,Saas Fee - Valais
04/11/2024,22/03/2025,29/03/2025,2338.09,HGS6DCU,75 m² Appartement ∙ 2 chambres ∙ 4 personnes,Saas Fee - Valais
04/11/2024,29/03/2025,05/04/2025,2338.09,HGS6DCU,75 m² Appartement ∙ 2 chambres ∙ 4 personnes,Saas Fee - Valais
04/11/2024,05/04/2025,12/04/2025,2338.09,HGS6DCU,75 m² Appartement ∙ 2 chambres ∙ 4 personnes,Saas Fee - Valais
04/11/2024,12/04/2025,19/04/2025,2339.78,HGS6DCU,75 m² Appartement ∙ 2 chambres ∙ 4 personnes,Saas Fee - Valais
04/11/2024,19/04/2025,26/04/2025,2339.78,HGS6DCU,75 m² Appartement ∙ 2 chambres ∙ 4 personnes,Saas Fee - Valais
04/11/2024,26/04/2025,03/05/2025,1265.02,HGS6DCU,75 m² Appartement ∙ 2 chambres ∙ 4 personnes,Saas Fee - Valais
04/11/2024,03/05/2025,10/05/2025,1265.02,HGS6DCU,75 m² Appartement ∙ 2 chambres ∙ 4 personnes,Saas Fee - Valais
04/11/2024,10/05/2025,17/05/2025,1265.02,HGS6DCU,75 m² Appartement ∙ 2 chambres ∙ 4 personnes,Saas Fee - Valais
04/11/2024,14/12/2024,21/12/2024,1433.01,H1UEH4D,70 m² Appartement ∙ 3 chambres ∙ 5 personnes,Saas-Almagell - Valais
04/11/2024,04/01/2025,11/01/2025,1433.01,H1UEH4D,70 m² Appartement ∙ 3 chambres ∙ 5 personnes,Saas-Almagell - Valais
04/11/2024,18/01/2025,25/01/2025,1034.95,H1UEH4D,70 m² Appartement ∙ 3 chambres ∙ 5 personnes,Saas-Almagell - Valais
04/11/2024,22/03/2025,29/03/2025,907.57,H1UEH4D,70 m² Appartement ∙ 3 chambres ∙ 5 personnes,Saas-Almagell - Valais
04/11/2024,29/03/2025,05/04/2025,907.57,H1UEH4D,70 m² Appartement ∙ 3 chambres ∙ 5 personnes,Saas-Almagell - Valais
04/11/2024,05/04/2025,12/04/2025,907.57,H1UEH4D,70 m² Appartement ∙ 3 chambres ∙ 5 personnes,Saas-Almagell - Valais
04/11/2024,19/04/2025,26/04/2025,1313.59,H1UEH4D,70 m² Appartement ∙ 3 chambres ∙ 5 personnes,Saas-Almagell - Valais
04/11/2024,09/11/2024,16/11/2024,786.07,HRKFSLD,30 m² Appartement ∙ 1 chambre ∙ 2 personnes,Saas Fee - Valais
04/11/2024,16/11/2024,23/11/2024,786.07,HRKFSLD,30 m² Appartement ∙ 1 chambre ∙ 2 personnes,Saas Fee - Valais
04/11/2024,23/11/2024,30/11/2024,786.07,HRKFSLD,30 m² Appartement ∙ 1 chambre ∙ 2 personnes,Saas Fee - Valais
04/11/2024,30/11/2024,07/12/2024,857.50,HRKFSLD,30 m² Appartement ∙ 1 chambre ∙ 2 personnes,Saas Fee - Valais
04/11/2024,07/12/2024,14/12/2024,868.87,HRKFSLD,30 m² Appartement ∙ 1 chambre ∙ 2 personnes,Saas Fee - Valais
04/11/2024,18/01/2025,25/01/2025,868.87,HRKFSLD,30 m² Appartement ∙ 1 chambre ∙ 2 personnes,Saas Fee - Valais
04/11/2024,19/04/2025,26/04/2025,943.71,HRKFSLD,30 m² Appartement ∙ 1 chambre ∙ 2 personnes,Saas Fee - Valais
04/11/2024,09/11/2024,16/11/2024,710.02,HHPJ8XG,Appartement ∙ 4 personnes,Val-d'Illiez - Valais
04/11/2024,16/11/2024,23/11/2024,710.02,HHPJ8XG,Appartement ∙ 4 personnes,Val-d'Illiez - Valais
04/11/2024,23/11/2024,30/11/2024,710.02,HHPJ8XG,Appartement ∙ 4 personnes,Val-d'Illiez - Valais
04/11/2024,30/11/2024,07/12/2024,1162.82,HHPJ8XG,Appartement ∙ 4 personnes,Val-d'Illiez - Valais
04/11/2024,07/12/2024,14/12/2024,1162.82,HHPJ8XG,Appartement ∙ 4 personnes,Val-d'Illiez - Valais
04/11/2024,14/12/2024,21/12/2024,1162.82,HHPJ8XG,Appartement ∙ 4 personnes,Val-d'Illiez - Valais
04/11/2024,04/01/2025,11/01/2025,1162.82,HHPJ8XG,Appartement ∙ 4 personnes,Val-d'Illiez - Valais
04/11/2024,11/01/2025,18/01/2025,1162.82,HHPJ8XG,Appartement ∙ 4 personnes,Val-d'Illiez - Valais
04/11/2024,18/01/2025,25/01/2025,1162.82,HHPJ8XG,Appartement ∙ 4 personnes,Val-d'Illiez - Valais
04/11/2024,08/03/2025,15/03/2025,1162.82,HHPJ8XG,Appartement ∙ 4 personnes,Val-d'Illiez - Valais
04/11/2024,15/03/2025,22/03/2025,1162.82,HHPJ8XG,Appartement ∙ 4 personnes,Val-d'Illiez - Valais
04/11/2024,22/03/2025,29/03/2025,1162.82,HHPJ8XG,Appartement ∙ 4 personnes,Val-d'Illiez - Valais
04/11/2024,29/03/2025,05/04/2025,1162.82,HHPJ8XG,Appartement ∙ 4 personnes,Val-d'Illiez - Valais
04/11/2024,05/04/2025,12/04/2025,1162.82,HHPJ8XG,Appartement ∙ 4 personnes,Val-d'Illiez - Valais
04/11/2024,12/04/2025,19/04/2025,1162.82,HHPJ8XG,Appartement ∙ 4 personnes,Val-d'Illiez - Valais
04/11/2024,19/04/2025,26/04/2025,1162.82,HHPJ8XG,Appartement ∙ 4 personnes,Val-d'Illiez - Valais
04/11/2024,26/04/2025,03/05/2025,710.02,HHPJ8XG,Appartement ∙ 4 personnes,Val-d'Illiez - Valais
04/11/2024,03/05/2025,10/05/2025,710.02,HHPJ8XG,Appartement ∙ 4 personnes,Val-d'Illiez - Valais
04/11/2024,10/05/2025,17/05/2025,710.02,HHPJ8XG,Appartement ∙ 4 personnes,Val-d'Illiez - Valais
04/11/2024,09/11/2024,16/11/2024,835.00,HNPWJ97,67 m² Appartement ∙ 2 chambres ∙ 4 personnes,Nendaz - Valais
04/11/2024,16/11/2024,23/11/2024,1076.00,HNPWJ97,67 m² Appartement ∙ 2 chambres ∙ 4 personnes,Nendaz - Valais
04/11/2024,23/11/2024,30/11/2024,1076.00,HNPWJ97,67 m² Appartement ∙ 2 chambres ∙ 4 personnes,Nendaz - Valais
04/11/2024,30/11/2024,07/12/2024,1076.00,HNPWJ97,67 m² Appartement ∙ 2 chambres ∙ 4 personnes,Nendaz - Valais
04/11/2024,07/12/2024,14/12/2024,1076.00,HNPWJ97,67 m² Appartement ∙ 2 chambres ∙ 4 personnes,Nendaz - Valais
04/11/2024,14/12/2024,21/12/2024,1076.00,HNPWJ97,67 m² Appartement ∙ 2 chambres ∙ 4 personnes,Nendaz - Valais
04/11/2024,04/01/2025,11/01/2025,1477.00,HNPWJ97,67 m² Appartement ∙ 2 chambres ∙ 4 personnes,Nendaz - Valais
04/11/2024,01/03/2025,08/03/2025,2623.00,HNPWJ97,67 m² Appartement ∙ 2 chambres ∙ 4 personnes,Nendaz - Valais
04/11/2024,12/04/2025,19/04/2025,1477.00,HNPWJ97,67 m² Appartement ∙ 2 chambres ∙ 4 personnes,Nendaz - Valais
04/11/2024,19/04/2025,26/04/2025,1477.00,HNPWJ97,67 m² Appartement ∙ 2 chambres ∙ 4 personnes,Nendaz - Valais
04/11/2024,26/04/2025,03/05/2025,1076.00,HNPWJ97,67 m² Appartement ∙ 2 chambres ∙ 4 personnes,Nendaz - Valais
04/11/2024,03/05/2025,10/05/2025,1076.00,HNPWJ97,67 m² Appartement ∙ 2 chambres ∙ 4 personnes,Nendaz - Valais
04/11/2024,10/05/2025,17/05/2025,1076.00,HNPWJ97,67 m² Appartement ∙ 2 chambres ∙ 4 personnes,Nendaz - Valais
04/11/2024,19/04/2025,26/04/2025,713.72,H49EP3J,Appartement ∙ 1 chambre ∙ 2 personnes,Vercorin - Valais
04/11/2024,26/04/2025,03/05/2025,535.55,H49EP3J,Appartement ∙ 1 chambre ∙ 2 personnes,Vercorin - Valais
04/11/2024,03/05/2025,10/05/2025,535.55,H49EP3J,Appartement ∙ 1 chambre ∙ 2 personnes,Vercorin - Valais
04/11/2024,10/05/2025,17/05/2025,555.90,H49EP3J,Appartement ∙ 1 chambre ∙ 2 personnes,Vercorin - Valais
04/11/2024,25/01/2025,01/02/2025,4195.00,HTU0EYF,230 m² Maison de vacances ∙ 6 chambres ∙ 12 personnes,Saas Fee - Valais
04/11/2024,01/02/2025,08/02/2025,4195.00,HTU0EYF,230 m² Maison de vacances ∙ 6 chambres ∙ 12 personnes,Saas Fee - Valais
04/11/2024,08/02/2025,15/02/2025,4195.00,HTU0EYF,230 m² Maison de vacances ∙ 6 chambres ∙ 12 personnes,Saas Fee - Valais
04/11/2024,08/03/2025,15/03/2025,3199.00,HTU0EYF,230 m² Maison de vacances ∙ 6 chambres ∙ 12 personnes,Saas Fee - Valais
04/11/2024,22/03/2025,29/03/2025,3199.00,HTU0EYF,230 m² Maison de vacances ∙ 6 chambres ∙ 12 personnes,Saas Fee - Valais
04/11/2024,29/03/2025,05/04/2025,3199.00,HTU0EYF,230 m² Maison de vacances ∙ 6 chambres ∙ 12 personnes,Saas Fee - Valais
04/11/2024,05/04/2025,12/04/2025,3199.00,HTU0EYF,230 m² Maison de vacances ∙ 6 chambres ∙ 12 personnes,Saas Fee - Valais
04/11/2024,12/04/2025,19/04/2025,4195.00,HTU0EYF,230 m² Maison de vacances ∙ 6 chambres ∙ 12 personnes,Saas Fee - Valais
04/11/2024,09/11/2024,16/11/2024,756.31,HLYNSD9,33 m² Appartement ∙ 1 chambre ∙ 2 personnes,Saas Fee - Valais
04/11/2024,16/11/2024,23/11/2024,756.31,HLYNSD9,33 m² Appartement ∙ 1 chambre ∙ 2 personnes,Saas Fee - Valais
04/11/2024,23/11/2024,30/11/2024,756.31,HLYNSD9,33 m² Appartement ∙ 1 chambre ∙ 2 personnes,Saas Fee - Valais
04/11/2024,30/11/2024,07/12/2024,824.55,HLYNSD9,33 m² Appartement ∙ 1 chambre ∙ 2 personnes,Saas Fee - Valais
04/11/2024,07/12/2024,14/12/2024,835.92,HLYNSD9,33 m² Appartement ∙ 1 chambre ∙ 2 personnes,Saas Fee - Valais
04/11/2024,14/12/2024,21/12/2024,907.57,HLYNSD9,33 m² Appartement ∙ 1 chambre ∙ 2 personnes,Saas Fee - Valais
04/11/2024,04/01/2025,11/01/2025,835.92,HLYNSD9,33 m² Appartement ∙ 1 chambre ∙ 2 personnes,Saas Fee - Valais
04/11/2024,18/01/2025,25/01/2025,835.92,HLYNSD9,33 m² Appartement ∙ 1 chambre ∙ 2 personnes,Saas Fee - Valais
04/11/2024,01/02/2025,08/02/2025,907.57,HLYNSD9,33 m² Appartement ∙ 1 chambre ∙ 2 personnes,Saas Fee - Valais
04/11/2024,22/02/2025,01/03/2025,907.57,HLYNSD9,33 m² Appartement ∙ 1 chambre ∙ 2 personnes,Saas Fee - Valais
04/11/2024,08/03/2025,15/03/2025,907.57,HLYNSD9,33 m² Appartement ∙ 1 chambre ∙ 2 personnes,Saas Fee - Valais
04/11/2024,15/03/2025,22/03/2025,907.57,HLYNSD9,33 m² Appartement ∙ 1 chambre ∙ 2 personnes,Saas Fee - Valais
04/11/2024,29/03/2025,05/04/2025,907.57,HLYNSD9,33 m² Appartement ∙ 1 chambre ∙ 2 personnes,Saas Fee - Valais
04/11/2024,05/04/2025,12/04/2025,907.57,HLYNSD9,33 m² Appartement ∙ 1 chambre ∙ 2 personnes,Saas Fee - Valais
04/11/2024,12/04/2025,19/04/2025,907.57,HLYNSD9,33 m² Appartement ∙ 1 chambre ∙ 2 personnes,Saas Fee - Valais
04/11/2024,18/01/2025,25/01/2025,1671.85,HS30NCV,55 m² Appartement ∙ 2 chambres ∙ 5 personnes,Saas Fee - Valais
04/11/2024,25/01/2025,01/02/2025,2149.52,HS30NCV,55 m² Appartement ∙ 2 chambres ∙ 5 personnes,Saas Fee - Valais
04/11/2024,01/02/2025,08/02/2025,2149.52,HS30NCV,55 m² Appartement ∙ 2 chambres ∙ 5 personnes,Saas Fee - Valais
04/11/2024,08/02/2025,15/02/2025,2149.52,HS30NCV,55 m² Appartement ∙ 2 chambres ∙ 5 personnes,Saas Fee - Valais
04/11/2024,05/04/2025,12/04/2025,1671.85,HS30NCV,55 m² Appartement ∙ 2 chambres ∙ 5 personnes,Saas Fee - Valais
04/11/2024,09/11/2024,16/11/2024,1165.00,HA35TEV,59 m² Appartement ∙ 2 chambres ∙ 6 personnes,Crans-Montana - Valais
04/11/2024,16/11/2024,23/11/2024,1165.00,HA35TEV,59 m² Appartement ∙ 2 chambres ∙ 6 personnes,Crans-Montana - Valais
04/11/2024,23/11/2024,30/11/2024,1165.00,HA35TEV,59 m² Appartement ∙ 2 chambres ∙ 6 personnes,Crans-Montana - Valais
04/11/2024,30/11/2024,07/12/2024,1218.00,HA35TEV,59 m² Appartement ∙ 2 chambres ∙ 6 personnes,Crans-Montana - Valais
04/11/2024,07/12/2024,14/12/2024,1218.00,HA35TEV,59 m² Appartement ∙ 2 chambres ∙ 6 personnes,Crans-Montana - Valais
04/11/2024,08/02/2025,15/02/2025,2045.00,HA35TEV,59 m² Appartement ∙ 2 chambres ∙ 6 personnes,Crans-Montana - Valais
04/11/2024,01/03/2025,08/03/2025,2045.00,HA35TEV,59 m² Appartement ∙ 2 chambres ∙ 6 personnes,Crans-Montana - Valais
04/11/2024,08/03/2025,15/03/2025,1475.00,HA35TEV,59 m² Appartement ∙ 2 chambres ∙ 6 personnes,Crans-Montana - Valais
04/11/2024,22/03/2025,29/03/2025,1475.00,HA35TEV,59 m² Appartement ∙ 2 chambres ∙ 6 personnes,Crans-Montana - Valais
04/11/2024,29/03/2025,05/04/2025,1475.00,HA35TEV,59 m² Appartement ∙ 2 chambres ∙ 6 personnes,Crans-Montana - Valais
04/11/2024,19/04/2025,26/04/2025,1475.00,HA35TEV,59 m² Appartement ∙ 2 chambres ∙ 6 personnes,Crans-Montana - Valais
04/11/2024,26/04/2025,03/05/2025,1218.00,HA35TEV,59 m² Appartement ∙ 2 chambres ∙ 6 personnes,Crans-Montana - Valais
04/11/2024,03/05/2025,10/05/2025,1218.00,HA35TEV,59 m² Appartement ∙ 2 chambres ∙ 6 personnes,Crans-Montana - Valais
04/11/2024,10/05/2025,17/05/2025,1218.00,HA35TEV,59 m² Appartement ∙ 2 chambres ∙ 6 personnes,Crans-Montana - Valais
04/11/2024,16/11/2024,23/11/2024,1025.34,HF14E3T,80 m² Maison de vacances ∙ 2 chambres ∙ 5 personnes,Nendaz - Valais
04/11/2024,23/11/2024,30/11/2024,1025.34,HF14E3T,80 m² Maison de vacances ∙ 2 chambres ∙ 5 personnes,Nendaz - Valais
04/11/2024,30/11/2024,07/12/2024,1025.34,HF14E3T,80 m² Maison de vacances ∙ 2 chambres ∙ 5 personnes,Nendaz - Valais
04/11/2024,07/12/2024,14/12/2024,1025.34,HF14E3T,80 m² Maison de vacances ∙ 2 chambres ∙ 5 personnes,Nendaz - Valais
04/11/2024,14/12/2024,21/12/2024,1025.34,HF14E3T,80 m² Maison de vacances ∙ 2 chambres ∙ 5 personnes,Nendaz - Valais
04/11/2024,21/12/2024,28/12/2024,1605.33,HF14E3T,80 m² Maison de vacances ∙ 2 chambres ∙ 5 personnes,Nendaz - Valais
04/11/2024,04/01/2025,11/01/2025,1025.34,HF14E3T,80 m² Maison de vacances ∙ 2 chambres ∙ 5 personnes,Nendaz - Valais
04/11/2024,11/01/2025,18/01/2025,1025.34,HF14E3T,80 m² Maison de vacances ∙ 2 chambres ∙ 5 personnes,Nendaz - Valais
04/11/2024,18/01/2025,25/01/2025,1025.34,HF14E3T,80 m² Maison de vacances ∙ 2 chambres ∙ 5 personnes,Nendaz - Valais
04/11/2024,25/01/2025,01/02/2025,1341.23,HF14E3T,80 m² Maison de vacances ∙ 2 chambres ∙ 5 personnes,Nendaz - Valais
04/11/2024,01/02/2025,08/02/2025,1605.33,HF14E3T,80 m² Maison de vacances ∙ 2 chambres ∙ 5 personnes,Nendaz - Valais
04/11/2024,08/02/2025,15/02/2025,1812.47,HF14E3T,80 m² Maison de vacances ∙ 2 chambres ∙ 5 personnes,Nendaz - Valais
04/11/2024,15/02/2025,22/02/2025,2066.22,HF14E3T,80 m² Maison de vacances ∙ 2 chambres ∙ 5 personnes,Nendaz - Valais
04/11/2024,22/02/2025,01/03/2025,2066.22,HF14E3T,80 m² Maison de vacances ∙ 2 chambres ∙ 5 personnes,Nendaz - Valais
04/11/2024,01/03/2025,08/03/2025,1812.47,HF14E3T,80 m² Maison de vacances ∙ 2 chambres ∙ 5 personnes,Nendaz - Valais
04/11/2024,22/03/2025,29/03/2025,1025.34,HF14E3T,80 m² Maison de vacances ∙ 2 chambres ∙ 5 personnes,Nendaz - Valais
04/11/2024,29/03/2025,05/04/2025,1025.34,HF14E3T,80 m² Maison de vacances ∙ 2 chambres ∙ 5 personnes,Nendaz - Valais
04/11/2024,05/04/2025,12/04/2025,1025.34,HF14E3T,80 m² Maison de vacances ∙ 2 chambres ∙ 5 personnes,Nendaz - Valais
04/11/2024,12/04/2025,19/04/2025,1158.95,HF14E3T,80 m² Maison de vacances ∙ 2 chambres ∙ 5 personnes,Nendaz - Valais
04/11/2024,19/04/2025,26/04/2025,1158.95,HF14E3T,80 m² Maison de vacances ∙ 2 chambres ∙ 5 personnes,Nendaz - Valais
04/11/2024,23/11/2024,30/11/2024,1041.64,HSZR5DC,Appartement ∙ 2 chambres ∙ 4 personnes,Grächen - Valais
04/11/2024,30/11/2024,07/12/2024,1041.64,HSZR5DC,Appartement ∙ 2 chambres ∙ 4 personnes,Grächen - Valais
04/11/2024,07/12/2024,14/12/2024,1041.64,HSZR5DC,Appartement ∙ 2 chambres ∙ 4 personnes,Grächen - Valais
04/11/2024,14/12/2024,21/12/2024,1041.64,HSZR5DC,Appartement ∙ 2 chambres ∙ 4 personnes,Grächen - Valais
04/11/2024,11/01/2025,18/01/2025,1041.64,HSZR5DC,Appartement ∙ 2 chambres ∙ 4 personnes,Grächen - Valais
04/11/2024,15/03/2025,22/03/2025,1041.64,HSZR5DC,Appartement ∙ 2 chambres ∙ 4 personnes,Grächen - Valais
04/11/2024,22/03/2025,29/03/2025,1041.64,HSZR5DC,Appartement ∙ 2 chambres ∙ 4 personnes,Grächen - Valais
04/11/2024,29/03/2025,05/04/2025,1041.64,HSZR5DC,Appartement ∙ 2 chambres ∙ 4 personnes,Grächen - Valais
04/11/2024,05/04/2025,12/04/2025,1041.64,HSZR5DC,Appartement ∙ 2 chambres ∙ 4 personnes,Grächen - Valais
04/11/2024,12/04/2025,19/04/2025,1041.64,HSZR5DC,Appartement ∙ 2 chambres ∙ 4 personnes,Grächen - Valais
04/11/2024,19/04/2025,26/04/2025,1041.64,HSZR5DC,Appartement ∙ 2 chambres ∙ 4 personnes,Grächen - Valais
04/11/2024,26/04/2025,03/05/2025,1041.64,HSZR5DC,Appartement ∙ 2 chambres ∙ 4 personnes,Grächen - Valais
04/11/2024,03/05/2025,10/05/2025,1041.64,HSZR5DC,Appartement ∙ 2 chambres ∙ 4 personnes,Grächen - Valais
04/11/2024,10/05/2025,17/05/2025,1041.64,HSZR5DC,Appartement ∙ 2 chambres ∙ 4 personnes,Grächen - Valais
04/11/2024,15/03/2025,22/03/2025,1546.23,HWP618G,140 m² Maison de vacances ∙ 4 chambres ∙ 8 personnes,Val-d'Illiez - Valais
04/11/2024,29/03/2025,05/04/2025,1546.23,HWP618G,140 m² Maison de vacances ∙ 4 chambres ∙ 8 personnes,Val-d'Illiez - Valais
04/11/2024,05/04/2025,12/04/2025,1546.23,HWP618G,140 m² Maison de vacances ∙ 4 chambres ∙ 8 personnes,Val-d'Illiez - Valais
04/11/2024,12/04/2025,19/04/2025,1743.01,HWP618G,140 m² Maison de vacances ∙ 4 chambres ∙ 8 personnes,Val-d'Illiez - Valais
04/11/2024,19/04/2025,26/04/2025,1546.23,HWP618G,140 m² Maison de vacances ∙ 4 chambres ∙ 8 personnes,Val-d'Illiez - Valais
04/11/2024,26/04/2025,03/05/2025,1546.23,HWP618G,140 m² Maison de vacances ∙ 4 chambres ∙ 8 personnes,Val-d'Illiez - Valais
04/11/2024,04/01/2025,11/01/2025,1092.67,HGZK4UY,75 m² Appartement ∙ 2 chambres ∙ 4 personnes,Termen - Valais
04/11/2024,11/01/2025,18/01/2025,1092.67,HGZK4UY,75 m² Appartement ∙ 2 chambres ∙ 4 personnes,Termen - Valais
04/11/2024,18/01/2025,25/01/2025,1092.67,HGZK4UY,75 m² Appartement ∙ 2 chambres ∙ 4 personnes,Termen - Valais
04/11/2024,25/01/2025,01/02/2025,1092.67,HGZK4UY,75 m² Appartement ∙ 2 chambres ∙ 4 personnes,Termen - Valais
04/11/2024,15/03/2025,22/03/2025,1092.67,HGZK4UY,75 m² Appartement ∙ 2 chambres ∙ 4 personnes,Termen - Valais
04/11/2024,22/03/2025,29/03/2025,1092.67,HGZK4UY,75 m² Appartement ∙ 2 chambres ∙ 4 personnes,Termen - Valais
04/11/2024,16/11/2024,23/11/2024,549.89,HYRT4EA,25 m² Appartement ∙ 1 chambre ∙ 2 personnes,Nendaz - Valais
04/11/2024,23/11/2024,30/11/2024,549.89,HYRT4EA,25 m² Appartement ∙ 1 chambre ∙ 2 personnes,Nendaz - Valais
04/11/2024,09/11/2024,16/11/2024,915.00,HA2MZPL,49 m² Appartement ∙ 1 chambre ∙ 4 personnes,Crans-Montana - Valais
04/11/2024,16/11/2024,23/11/2024,915.00,HA2MZPL,49 m² Appartement ∙ 1 chambre ∙ 4 personnes,Crans-Montana - Valais
04/11/2024,23/11/2024,30/11/2024,915.00,HA2MZPL,49 m² Appartement ∙ 1 chambre ∙ 4 personnes,Crans-Montana - Valais
04/11/2024,30/11/2024,07/12/2024,915.00,HA2MZPL,49 m² Appartement ∙ 1 chambre ∙ 4 personnes,Crans-Montana - Valais
04/11/2024,07/12/2024,14/12/2024,915.00,HA2MZPL,49 m² Appartement ∙ 1 chambre ∙ 4 personnes,Crans-Montana - Valais
04/11/2024,14/12/2024,21/12/2024,915.00,HA2MZPL,49 m² Appartement ∙ 1 chambre ∙ 4 personnes,Crans-Montana - Valais
04/11/2024,21/12/2024,28/12/2024,1825.00,HA2MZPL,49 m² Appartement ∙ 1 chambre ∙ 4 personnes,Crans-Montana - Valais
04/11/2024,22/02/2025,01/03/2025,1825.00,HA2MZPL,49 m² Appartement ∙ 1 chambre ∙ 4 personnes,Crans-Montana - Valais
04/11/2024,01/03/2025,08/03/2025,1825.00,HA2MZPL,49 m² Appartement ∙ 1 chambre ∙ 4 personnes,Crans-Montana - Valais
04/11/2024,05/04/2025,12/04/2025,915.00,HA2MZPL,49 m² Appartement ∙ 1 chambre ∙ 4 personnes,Crans-Montana - Valais
04/11/2024,12/04/2025,19/04/2025,1082.00,HA2MZPL,49 m² Appartement ∙ 1 chambre ∙ 4 personnes,Crans-Montana - Valais
04/11/2024,19/04/2025,26/04/2025,1082.00,HA2MZPL,49 m² Appartement ∙ 1 chambre ∙ 4 personnes,Crans-Montana - Valais
04/11/2024,26/04/2025,03/05/2025,915.00,HA2MZPL,49 m² Appartement ∙ 1 chambre ∙ 4 personnes,Crans-Montana - Valais
04/11/2024,03/05/2025,10/05/2025,915.00,HA2MZPL,49 m² Appartement ∙ 1 chambre ∙ 4 personnes,Crans-Montana - Valais
04/11/2024,10/05/2025,17/05/2025,915.00,HA2MZPL,49 m² Appartement ∙ 1 chambre ∙ 4 personnes,Crans-Montana - Valais
04/11/2024,30/11/2024,07/12/2024,1172.00,H9L15GV,190 m² Appartement ∙ 2 chambres ∙ 6 personnes,Nendaz - Valais
04/11/2024,07/12/2024,14/12/2024,1172.00,H9L15GV,190 m² Appartement ∙ 2 chambres ∙ 6 personnes,Nendaz - Valais
04/11/2024,14/12/2024,21/12/2024,1172.00,H9L15GV,190 m² Appartement ∙ 2 chambres ∙ 6 personnes,Nendaz - Valais
04/11/2024,21/12/2024,28/12/2024,2105.00,H9L15GV,190 m² Appartement ∙ 2 chambres ∙ 6 personnes,Nendaz - Valais
04/11/2024,04/01/2025,11/01/2025,1529.00,H9L15GV,190 m² Appartement ∙ 2 chambres ∙ 6 personnes,Nendaz - Valais
04/11/2024,11/01/2025,18/01/2025,1529.00,H9L15GV,190 m² Appartement ∙ 2 chambres ∙ 6 personnes,Nendaz - Valais
04/11/2024,18/01/2025,25/01/2025,1529.00,H9L15GV,190 m² Appartement ∙ 2 chambres ∙ 6 personnes,Nendaz - Valais
04/11/2024,25/01/2025,01/02/2025,1718.00,H9L15GV,190 m² Appartement ∙ 2 chambres ∙ 6 personnes,Nendaz - Valais
04/11/2024,01/02/2025,08/02/2025,2105.00,H9L15GV,190 m² Appartement ∙ 2 chambres ∙ 6 personnes,Nendaz - Valais
04/11/2024,08/02/2025,15/02/2025,2105.00,H9L15GV,190 m² Appartement ∙ 2 chambres ∙ 6 personnes,Nendaz - Valais
04/11/2024,15/02/2025,22/02/2025,2628.00,H9L15GV,190 m² Appartement ∙ 2 chambres ∙ 6 personnes,Nendaz - Valais
04/11/2024,22/02/2025,01/03/2025,2628.00,H9L15GV,190 m² Appartement ∙ 2 chambres ∙ 6 personnes,Nendaz - Valais
04/11/2024,01/03/2025,08/03/2025,2628.00,H9L15GV,190 m² Appartement ∙ 2 chambres ∙ 6 personnes,Nendaz - Valais
04/11/2024,08/03/2025,15/03/2025,1498.00,H9L15GV,190 m² Appartement ∙ 2 chambres ∙ 6 personnes,Nendaz - Valais
04/11/2024,15/03/2025,22/03/2025,1172.00,H9L15GV,190 m² Appartement ∙ 2 chambres ∙ 6 personnes,Nendaz - Valais
04/11/2024,22/03/2025,29/03/2025,1172.00,H9L15GV,190 m² Appartement ∙ 2 chambres ∙ 6 personnes,Nendaz - Valais
04/11/2024,29/03/2025,05/04/2025,1172.00,H9L15GV,190 m² Appartement ∙ 2 chambres ∙ 6 personnes,Nendaz - Valais
04/11/2024,05/04/2025,12/04/2025,1172.00,H9L15GV,190 m² Appartement ∙ 2 chambres ∙ 6 personnes,Nendaz - Valais
04/11/2024,12/04/2025,19/04/2025,1529.00,H9L15GV,190 m² Appartement ∙ 2 chambres ∙ 6 personnes,Nendaz - Valais
04/11/2024,19/04/2025,26/04/2025,1529.00,H9L15GV,190 m² Appartement ∙ 2 chambres ∙ 6 personnes,Nendaz - Valais
04/11/2024,26/04/2025,03/05/2025,1172.00,H9L15GV,190 m² Appartement ∙ 2 chambres ∙ 6 personnes,Nendaz - Valais
04/11/2024,03/05/2025,10/05/2025,1172.00,H9L15GV,190 m² Appartement ∙ 2 chambres ∙ 6 personnes,Nendaz - Valais
04/11/2024,10/05/2025,17/05/2025,1172.00,H9L15GV,190 m² Appartement ∙ 2 chambres ∙ 6 personnes,Nendaz - Valais
04/11/2024,09/11/2024,16/11/2024,1380.72,H4L07CY,100 m² Appartement ∙ 4 chambres ∙ 8 personnes,Troistorrents - Valais
04/11/2024,16/11/2024,23/11/2024,1380.72,H4L07CY,100 m² Appartement ∙ 4 chambres ∙ 8 personnes,Troistorrents - Valais
04/11/2024,23/11/2024,30/11/2024,1380.72,H4L07CY,100 m² Appartement ∙ 4 chambres ∙ 8 personnes,Troistorrents - Valais
04/11/2024,30/11/2024,07/12/2024,1380.72,H4L07CY,100 m² Appartement ∙ 4 chambres ∙ 8 personnes,Troistorrents - Valais
04/11/2024,07/12/2024,14/12/2024,1380.72,H4L07CY,100 m² Appartement ∙ 4 chambres ∙ 8 personnes,Troistorrents - Valais
04/11/2024,14/12/2024,21/12/2024,2941.54,H4L07CY,100 m² Appartement ∙ 4 chambres ∙ 8 personnes,Troistorrents - Valais
04/11/2024,04/01/2025,11/01/2025,2941.54,H4L07CY,100 m² Appartement ∙ 4 chambres ∙ 8 personnes,Troistorrents - Valais
04/11/2024,18/01/2025,25/01/2025,2123.56,H4L07CY,100 m² Appartement ∙ 4 chambres ∙ 8 personnes,Troistorrents - Valais
04/11/2024,25/01/2025,01/02/2025,2941.54,H4L07CY,100 m² Appartement ∙ 4 chambres ∙ 8 personnes,Troistorrents - Valais
04/11/2024,08/02/2025,15/02/2025,2941.54,H4L07CY,100 m² Appartement ∙ 4 chambres ∙ 8 personnes,Troistorrents - Valais
04/11/2024,22/03/2025,29/03/2025,2197.92,H4L07CY,100 m² Appartement ∙ 4 chambres ∙ 8 personnes,Troistorrents - Valais
04/11/2024,29/03/2025,05/04/2025,2197.92,H4L07CY,100 m² Appartement ∙ 4 chambres ∙ 8 personnes,Troistorrents - Valais
04/11/2024,05/04/2025,12/04/2025,1826.11,H4L07CY,100 m² Appartement ∙ 4 chambres ∙ 8 personnes,Troistorrents - Valais
04/11/2024,12/04/2025,19/04/2025,2017.33,H4L07CY,100 m² Appartement ∙ 4 chambres ∙ 8 personnes,Troistorrents - Valais
04/11/2024,04/01/2025,11/01/2025,1325.77,H8MVZ7U,45 m² Appartement ∙ 2 chambres ∙ 5 personnes,Loèche-les-Bains - Valais
04/11/2024,11/01/2025,18/01/2025,1325.77,H8MVZ7U,45 m² Appartement ∙ 2 chambres ∙ 5 personnes,Loèche-les-Bains - Valais
04/11/2024,18/01/2025,25/01/2025,1325.77,H8MVZ7U,45 m² Appartement ∙ 2 chambres ∙ 5 personnes,Loèche-les-Bains - Valais
04/11/2024,25/01/2025,01/02/2025,1325.77,H8MVZ7U,45 m² Appartement ∙ 2 chambres ∙ 5 personnes,Loèche-les-Bains - Valais
04/11/2024,08/02/2025,15/02/2025,1325.77,H8MVZ7U,45 m² Appartement ∙ 2 chambres ∙ 5 personnes,Loèche-les-Bains - Valais
04/11/2024,22/02/2025,01/03/2025,1325.77,H8MVZ7U,45 m² Appartement ∙ 2 chambres ∙ 5 personnes,Loèche-les-Bains - Valais
04/11/2024,08/03/2025,15/03/2025,1147.30,H8MVZ7U,45 m² Appartement ∙ 2 chambres ∙ 5 personnes,Loèche-les-Bains - Valais
04/11/2024,15/03/2025,22/03/2025,1147.30,H8MVZ7U,45 m² Appartement ∙ 2 chambres ∙ 5 personnes,Loèche-les-Bains - Valais
04/11/2024,22/03/2025,29/03/2025,1147.30,H8MVZ7U,45 m² Appartement ∙ 2 chambres ∙ 5 personnes,Loèche-les-Bains - Valais
04/11/2024,29/03/2025,05/04/2025,1147.30,H8MVZ7U,45 m² Appartement ∙ 2 chambres ∙ 5 personnes,Loèche-les-Bains - Valais
04/11/2024,05/04/2025,12/04/2025,968.83,H8MVZ7U,45 m² Appartement ∙ 2 chambres ∙ 5 personnes,Loèche-les-Bains - Valais
04/11/2024,12/04/2025,19/04/2025,968.83,H8MVZ7U,45 m² Appartement ∙ 2 chambres ∙ 5 personnes,Loèche-les-Bains - Valais
04/11/2024,19/04/2025,26/04/2025,968.83,H8MVZ7U,45 m² Appartement ∙ 2 chambres ∙ 5 personnes,Loèche-les-Bains - Valais
04/11/2024,09/11/2024,16/11/2024,706.44,HSMPHFR,Appartement ∙ 3 chambres ∙ 6 personnes,Grächen - Valais
04/11/2024,16/11/2024,23/11/2024,706.44,HSMPHFR,Appartement ∙ 3 chambres ∙ 6 personnes,Grächen - Valais
04/11/2024,23/11/2024,30/11/2024,706.44,HSMPHFR,Appartement ∙ 3 chambres ∙ 6 personnes,Grächen - Valais
04/11/2024,30/11/2024,07/12/2024,706.44,HSMPHFR,Appartement ∙ 3 chambres ∙ 6 personnes,Grächen - Valais
04/11/2024,07/12/2024,14/12/2024,706.44,HSMPHFR,Appartement ∙ 3 chambres ∙ 6 personnes,Grächen - Valais
04/11/2024,14/12/2024,21/12/2024,706.44,HSMPHFR,Appartement ∙ 3 chambres ∙ 6 personnes,Grächen - Valais
04/11/2024,21/12/2024,28/12/2024,1189.80,HSMPHFR,Appartement ∙ 3 chambres ∙ 6 personnes,Grächen - Valais
04/11/2024,11/01/2025,18/01/2025,966.71,HSMPHFR,Appartement ∙ 3 chambres ∙ 6 personnes,Grächen - Valais
04/11/2024,18/01/2025,25/01/2025,966.71,HSMPHFR,Appartement ∙ 3 chambres ∙ 6 personnes,Grächen - Valais
04/11/2024,25/01/2025,01/02/2025,1189.80,HSMPHFR,Appartement ∙ 3 chambres ∙ 6 personnes,Grächen - Valais
04/11/2024,22/03/2025,29/03/2025,743.62,HSMPHFR,Appartement ∙ 3 chambres ∙ 6 personnes,Grächen - Valais
04/11/2024,29/03/2025,05/04/2025,743.62,HSMPHFR,Appartement ∙ 3 chambres ∙ 6 personnes,Grächen - Valais
04/11/2024,05/04/2025,12/04/2025,743.62,HSMPHFR,Appartement ∙ 3 chambres ∙ 6 personnes,Grächen - Valais
04/11/2024,12/04/2025,19/04/2025,711.75,HSMPHFR,Appartement ∙ 3 chambres ∙ 6 personnes,Grächen - Valais
04/11/2024,19/04/2025,26/04/2025,706.44,HSMPHFR,Appartement ∙ 3 chambres ∙ 6 personnes,Grächen - Valais
04/11/2024,16/11/2024,23/11/2024,2468.37,H4TBMEV,200 m² Maison de vacances ∙ 4 chambres ∙ 12 personnes,Nendaz - Valais
04/11/2024,23/11/2024,30/11/2024,2468.37,H4TBMEV,200 m² Maison de vacances ∙ 4 chambres ∙ 12 personnes,Nendaz - Valais
04/11/2024,30/11/2024,07/12/2024,2358.33,H4TBMEV,200 m² Maison de vacances ∙ 4 chambres ∙ 12 personnes,Nendaz - Valais
04/11/2024,07/12/2024,14/12/2024,2358.33,H4TBMEV,200 m² Maison de vacances ∙ 4 chambres ∙ 12 personnes,Nendaz - Valais
04/11/2024,14/12/2024,21/12/2024,2358.33,H4TBMEV,200 m² Maison de vacances ∙ 4 chambres ∙ 12 personnes,Nendaz - Valais
04/11/2024,21/12/2024,28/12/2024,4201.22,H4TBMEV,200 m² Maison de vacances ∙ 4 chambres ∙ 12 personnes,Nendaz - Valais
04/11/2024,11/01/2025,18/01/2025,2468.37,H4TBMEV,200 m² Maison de vacances ∙ 4 chambres ∙ 12 personnes,Nendaz - Valais
04/11/2024,15/02/2025,22/02/2025,5444.99,H4TBMEV,200 m² Maison de vacances ∙ 4 chambres ∙ 12 personnes,Nendaz - Valais
04/11/2024,22/02/2025,01/03/2025,5704.94,H4TBMEV,200 m² Maison de vacances ∙ 4 chambres ∙ 12 personnes,Nendaz - Valais
04/11/2024,01/03/2025,08/03/2025,5445.00,H4TBMEV,200 m² Maison de vacances ∙ 4 chambres ∙ 12 personnes,Nendaz - Valais
04/11/2024,22/03/2025,29/03/2025,2468.37,H4TBMEV,200 m² Maison de vacances ∙ 4 chambres ∙ 12 personnes,Nendaz - Valais
04/11/2024,29/03/2025,05/04/2025,2468.37,H4TBMEV,200 m² Maison de vacances ∙ 4 chambres ∙ 12 personnes,Nendaz - Valais
04/11/2024,05/04/2025,12/04/2025,2468.37,H4TBMEV,200 m² Maison de vacances ∙ 4 chambres ∙ 12 personnes,Nendaz - Valais
04/11/2024,19/04/2025,26/04/2025,2468.37,H4TBMEV,200 m² Maison de vacances ∙ 4 chambres ∙ 12 personnes,Nendaz - Valais
04/11/2024,30/11/2024,07/12/2024,613.54,HLSPRX6,40 m² Appartement ∙ 1 chambre ∙ 2 personnes,Ayent - Valais
04/11/2024,07/12/2024,14/12/2024,613.54,HLSPRX6,40 m² Appartement ∙ 1 chambre ∙ 2 personnes,Ayent - Valais
04/11/2024,08/02/2025,15/02/2025,937.28,HLSPRX6,40 m² Appartement ∙ 1 chambre ∙ 2 personnes,Ayent - Valais
04/11/2024,15/02/2025,22/02/2025,1441.82,HLSPRX6,40 m² Appartement ∙ 1 chambre ∙ 2 personnes,Ayent - Valais
04/11/2024,22/02/2025,01/03/2025,1373.41,HLSPRX6,40 m² Appartement ∙ 1 chambre ∙ 2 personnes,Ayent - Valais
04/11/2024,01/03/2025,08/03/2025,1323.32,HLSPRX6,40 m² Appartement ∙ 1 chambre ∙ 2 personnes,Ayent - Valais
04/11/2024,08/03/2025,15/03/2025,1006.91,HLSPRX6,40 m² Appartement ∙ 1 chambre ∙ 2 personnes,Ayent - Valais
04/11/2024,15/03/2025,22/03/2025,739.37,HLSPRX6,40 m² Appartement ∙ 1 chambre ∙ 2 personnes,Ayent - Valais
04/11/2024,22/03/2025,29/03/2025,639.19,HLSPRX6,40 m² Appartement ∙ 1 chambre ∙ 2 personnes,Ayent - Valais
04/11/2024,29/03/2025,05/04/2025,1057.00,HLSPRX6,40 m² Appartement ∙ 1 chambre ∙ 2 personnes,Ayent - Valais
04/11/2024,05/04/2025,12/04/2025,787.01,HLSPRX6,40 m² Appartement ∙ 1 chambre ∙ 2 personnes,Ayent - Valais
04/11/2024,12/04/2025,19/04/2025,769.91,HLSPRX6,40 m² Appartement ∙ 1 chambre ∙ 2 personnes,Ayent - Valais
04/11/2024,19/04/2025,26/04/2025,744.26,HLSPRX6,40 m² Appartement ∙ 1 chambre ∙ 2 personnes,Ayent - Valais
04/11/2024,26/04/2025,03/05/2025,613.54,HLSPRX6,40 m² Appartement ∙ 1 chambre ∙ 2 personnes,Ayent - Valais
04/11/2024,03/05/2025,10/05/2025,613.54,HLSPRX6,40 m² Appartement ∙ 1 chambre ∙ 2 personnes,Ayent - Valais
04/11/2024,10/05/2025,17/05/2025,613.54,HLSPRX6,40 m² Appartement ∙ 1 chambre ∙ 2 personnes,Ayent - Valais
04/11/2024,25/01/2025,01/02/2025,1634.90,HFHP30N,78 m² Appartement ∙ 2 chambres ∙ 4 personnes,Termen - Valais
04/11/2024,08/03/2025,15/03/2025,1634.90,HFHP30N,78 m² Appartement ∙ 2 chambres ∙ 4 personnes,Termen - Valais
04/11/2024,04/01/2025,11/01/2025,1115.43,HBV1FSY,46 m² Appartement ∙ 2 chambres ∙ 4 personnes,Crans-Montana - Valais
04/11/2024,25/01/2025,01/02/2025,1402.25,HBV1FSY,46 m² Appartement ∙ 2 chambres ∙ 4 personnes,Crans-Montana - Valais
04/11/2024,08/02/2025,15/02/2025,1402.25,HBV1FSY,46 m² Appartement ∙ 2 chambres ∙ 4 personnes,Crans-Montana - Valais
04/11/2024,15/02/2025,22/02/2025,1880.29,HBV1FSY,46 m² Appartement ∙ 2 chambres ∙ 4 personnes,Crans-Montana - Valais
04/11/2024,30/11/2024,07/12/2024,1092.00,HHFXET9,84 m² Appartement ∙ 3 chambres ∙ 6 personnes,Grächen - Valais
04/11/2024,07/12/2024,14/12/2024,1092.00,HHFXET9,84 m² Appartement ∙ 3 chambres ∙ 6 personnes,Grächen - Valais
04/11/2024,14/12/2024,21/12/2024,1198.00,HHFXET9,84 m² Appartement ∙ 3 chambres ∙ 6 personnes,Grächen - Valais
04/11/2024,11/01/2025,18/01/2025,1198.00,HHFXET9,84 m² Appartement ∙ 3 chambres ∙ 6 personnes,Grächen - Valais
04/11/2024,18/01/2025,25/01/2025,1198.00,HHFXET9,84 m² Appartement ∙ 3 chambres ∙ 6 personnes,Grächen - Valais
04/11/2024,08/03/2025,15/03/2025,1312.00,HHFXET9,84 m² Appartement ∙ 3 chambres ∙ 6 personnes,Grächen - Valais
04/11/2024,15/03/2025,22/03/2025,1191.00,HHFXET9,84 m² Appartement ∙ 3 chambres ∙ 6 personnes,Grächen - Valais
04/11/2024,22/03/2025,29/03/2025,1191.00,HHFXET9,84 m² Appartement ∙ 3 chambres ∙ 6 personnes,Grächen - Valais
04/11/2024,29/03/2025,05/04/2025,1191.00,HHFXET9,84 m² Appartement ∙ 3 chambres ∙ 6 personnes,Grächen - Valais
04/11/2024,05/04/2025,12/04/2025,1191.00,HHFXET9,84 m² Appartement ∙ 3 chambres ∙ 6 personnes,Grächen - Valais
04/11/2024,12/04/2025,19/04/2025,1191.00,HHFXET9,84 m² Appartement ∙ 3 chambres ∙ 6 personnes,Grächen - Valais
04/11/2024,19/04/2025,26/04/2025,1191.00,HHFXET9,84 m² Appartement ∙ 3 chambres ∙ 6 personnes,Grächen - Valais
04/11/2024,09/11/2024,16/11/2024,749.00,H6EC4NX,50 m² Appartement ∙ 2 chambres ∙ 3 personnes,Verbier - Bagnes - Valais
04/11/2024,16/11/2024,23/11/2024,990.00,H6EC4NX,50 m² Appartement ∙ 2 chambres ∙ 3 personnes,Verbier - Bagnes - Valais
04/11/2024,30/11/2024,07/12/2024,990.00,H6EC4NX,50 m² Appartement ∙ 2 chambres ∙ 3 personnes,Verbier - Bagnes - Valais
04/11/2024,14/12/2024,21/12/2024,990.00,H6EC4NX,50 m² Appartement ∙ 2 chambres ∙ 3 personnes,Verbier - Bagnes - Valais
04/11/2024,05/04/2025,12/04/2025,990.00,H6EC4NX,50 m² Appartement ∙ 2 chambres ∙ 3 personnes,Verbier - Bagnes - Valais
04/11/2024,12/04/2025,19/04/2025,1256.00,H6EC4NX,50 m² Appartement ∙ 2 chambres ∙ 3 personnes,Verbier - Bagnes - Valais
04/11/2024,26/04/2025,03/05/2025,990.00,H6EC4NX,50 m² Appartement ∙ 2 chambres ∙ 3 personnes,Verbier - Bagnes - Valais
04/11/2024,03/05/2025,10/05/2025,990.00,H6EC4NX,50 m² Appartement ∙ 2 chambres ∙ 3 personnes,Verbier - Bagnes - Valais
04/11/2024,10/05/2025,17/05/2025,990.00,H6EC4NX,50 m² Appartement ∙ 2 chambres ∙ 3 personnes,Verbier - Bagnes - Valais
04/11/2024,09/11/2024,16/11/2024,627.19,HGXVF10,Appartement ∙ 2 chambres ∙ 4 personnes,Goms - Valais
04/11/2024,16/11/2024,23/11/2024,634.84,HGXVF10,Appartement ∙ 2 chambres ∙ 4 personnes,Goms - Valais
04/11/2024,23/11/2024,30/11/2024,641.53,HGXVF10,Appartement ∙ 2 chambres ∙ 4 personnes,Goms - Valais
04/11/2024,30/11/2024,07/12/2024,660.65,HGXVF10,Appartement ∙ 2 chambres ∙ 4 personnes,Goms - Valais
04/11/2024,07/12/2024,14/12/2024,721.84,HGXVF10,Appartement ∙ 2 chambres ∙ 4 personnes,Goms - Valais
04/11/2024,14/12/2024,21/12/2024,863.34,HGXVF10,Appartement ∙ 2 chambres ∙ 4 personnes,Goms - Valais
04/11/2024,21/12/2024,28/12/2024,1770.66,HGXVF10,Appartement ∙ 2 chambres ∙ 4 personnes,Goms - Valais
04/11/2024,04/01/2025,11/01/2025,1219.96,HGXVF10,Appartement ∙ 2 chambres ∙ 4 personnes,Goms - Valais
04/11/2024,11/01/2025,18/01/2025,1033.52,HGXVF10,Appartement ∙ 2 chambres ∙ 4 personnes,Goms - Valais
04/11/2024,08/02/2025,15/02/2025,1545.03,HGXVF10,Appartement ∙ 2 chambres ∙ 4 personnes,Goms - Valais
04/11/2024,15/02/2025,22/02/2025,1664.54,HGXVF10,Appartement ∙ 2 chambres ∙ 4 personnes,Goms - Valais
04/11/2024,01/03/2025,08/03/2025,1431.25,HGXVF10,Appartement ∙ 2 chambres ∙ 4 personnes,Goms - Valais
04/11/2024,08/03/2025,15/03/2025,1100.45,HGXVF10,Appartement ∙ 2 chambres ∙ 4 personnes,Goms - Valais
04/11/2024,15/03/2025,22/03/2025,1205.19,HGXVF10,Appartement ∙ 2 chambres ∙ 4 personnes,Goms - Valais
04/11/2024,22/03/2025,29/03/2025,1164.08,HGXVF10,Appartement ∙ 2 chambres ∙ 4 personnes,Goms - Valais
04/11/2024,29/03/2025,05/04/2025,1161.21,HGXVF10,Appartement ∙ 2 chambres ∙ 4 personnes,Goms - Valais
04/11/2024,05/04/2025,12/04/2025,1181.29,HGXVF10,Appartement ∙ 2 chambres ∙ 4 personnes,Goms - Valais
04/11/2024,12/04/2025,19/04/2025,1242.48,HGXVF10,Appartement ∙ 2 chambres ∙ 4 personnes,Goms - Valais
04/11/2024,19/04/2025,26/04/2025,1145.92,HGXVF10,Appartement ∙ 2 chambres ∙ 4 personnes,Goms - Valais
04/11/2024,26/04/2025,03/05/2025,1068.47,HGXVF10,Appartement ∙ 2 chambres ∙ 4 personnes,Goms - Valais
04/11/2024,03/05/2025,10/05/2025,1043.62,HGXVF10,Appartement ∙ 2 chambres ∙ 4 personnes,Goms - Valais
04/11/2024,10/05/2025,17/05/2025,1118.19,HGXVF10,Appartement ∙ 2 chambres ∙ 4 personnes,Goms - Valais
04/11/2024,09/11/2024,16/11/2024,1325.50,HZN2MB3,120 m² Appartement ∙ 3 chambres ∙ 6 personnes,Bagnes - Valais
04/11/2024,07/12/2024,14/12/2024,1332.83,HZN2MB3,120 m² Appartement ∙ 3 chambres ∙ 6 personnes,Bagnes - Valais
04/11/2024,25/01/2025,01/02/2025,1841.04,HZN2MB3,120 m² Appartement ∙ 3 chambres ∙ 6 personnes,Bagnes - Valais
04/11/2024,08/02/2025,15/02/2025,2163.56,HZN2MB3,120 m² Appartement ∙ 3 chambres ∙ 6 personnes,Bagnes - Valais
04/11/2024,05/04/2025,12/04/2025,1307.18,HZN2MB3,120 m² Appartement ∙ 3 chambres ∙ 6 personnes,Bagnes - Valais
04/11/2024,26/04/2025,03/05/2025,1112.94,HZN2MB3,120 m² Appartement ∙ 3 chambres ∙ 6 personnes,Bagnes - Valais
04/11/2024,03/05/2025,10/05/2025,1083.62,HZN2MB3,120 m² Appartement ∙ 3 chambres ∙ 6 personnes,Bagnes - Valais
04/11/2024,10/05/2025,17/05/2025,1133.71,HZN2MB3,120 m² Appartement ∙ 3 chambres ∙ 6 personnes,Bagnes - Valais
04/11/2024,09/11/2024,16/11/2024,1543.75,HZ7PEAR,Appartement ∙ 3 chambres ∙ 6 personnes,Grächen - Valais
04/11/2024,16/11/2024,23/11/2024,1543.75,HZ7PEAR,Appartement ∙ 3 chambres ∙ 6 personnes,Grächen - Valais
04/11/2024,23/11/2024,30/11/2024,1543.75,HZ7PEAR,Appartement ∙ 3 chambres ∙ 6 personnes,Grächen - Valais
04/11/2024,30/11/2024,07/12/2024,1543.75,HZ7PEAR,Appartement ∙ 3 chambres ∙ 6 personnes,Grächen - Valais
04/11/2024,07/12/2024,14/12/2024,1543.75,HZ7PEAR,Appartement ∙ 3 chambres ∙ 6 personnes,Grächen - Valais
04/11/2024,14/12/2024,21/12/2024,1660.61,HZ7PEAR,Appartement ∙ 3 chambres ∙ 6 personnes,Grächen - Valais
04/11/2024,04/01/2025,11/01/2025,2106.78,HZ7PEAR,Appartement ∙ 3 chambres ∙ 6 personnes,Grächen - Valais
04/11/2024,08/03/2025,15/03/2025,2064.29,HZ7PEAR,Appartement ∙ 3 chambres ∙ 6 personnes,Grächen - Valais
04/11/2024,15/03/2025,22/03/2025,2064.29,HZ7PEAR,Appartement ∙ 3 chambres ∙ 6 personnes,Grächen - Valais
04/11/2024,22/03/2025,29/03/2025,2064.29,HZ7PEAR,Appartement ∙ 3 chambres ∙ 6 personnes,Grächen - Valais
04/11/2024,29/03/2025,05/04/2025,2106.78,HZ7PEAR,Appartement ∙ 3 chambres ∙ 6 personnes,Grächen - Valais
04/11/2024,05/04/2025,12/04/2025,2361.73,HZ7PEAR,Appartement ∙ 3 chambres ∙ 6 personnes,Grächen - Valais
04/11/2024,12/04/2025,19/04/2025,2361.73,HZ7PEAR,Appartement ∙ 3 chambres ∙ 6 personnes,Grächen - Valais
04/11/2024,19/04/2025,26/04/2025,1777.46,HZ7PEAR,Appartement ∙ 3 chambres ∙ 6 personnes,Grächen - Valais
04/11/2024,26/04/2025,03/05/2025,1543.75,HZ7PEAR,Appartement ∙ 3 chambres ∙ 6 personnes,Grächen - Valais
04/11/2024,03/05/2025,10/05/2025,1543.75,HZ7PEAR,Appartement ∙ 3 chambres ∙ 6 personnes,Grächen - Valais
04/11/2024,10/05/2025,17/05/2025,1543.75,HZ7PEAR,Appartement ∙ 3 chambres ∙ 6 personnes,Grächen - Valais
04/11/2024,14/12/2024,21/12/2024,689.00,HWV8J47,25 m² Appartement ∙ 1 chambre ∙ 2 personnes,Orsières - Valais
04/11/2024,21/12/2024,28/12/2024,1302.00,HWV8J47,25 m² Appartement ∙ 1 chambre ∙ 2 personnes,Orsières - Valais
04/11/2024,28/12/2024,04/01/2025,1302.00,HWV8J47,25 m² Appartement ∙ 1 chambre ∙ 2 personnes,Orsières - Valais
04/11/2024,04/01/2025,11/01/2025,865.00,HWV8J47,25 m² Appartement ∙ 1 chambre ∙ 2 personnes,Orsières - Valais
04/11/2024,11/01/2025,18/01/2025,865.00,HWV8J47,25 m² Appartement ∙ 1 chambre ∙ 2 personnes,Orsières - Valais
04/11/2024,18/01/2025,25/01/2025,865.00,HWV8J47,25 m² Appartement ∙ 1 chambre ∙ 2 personnes,Orsières - Valais
04/11/2024,25/01/2025,01/02/2025,865.00,HWV8J47,25 m² Appartement ∙ 1 chambre ∙ 2 personnes,Orsières - Valais
04/11/2024,01/02/2025,08/02/2025,1267.00,HWV8J47,25 m² Appartement ∙ 1 chambre ∙ 2 personnes,Orsières - Valais
04/11/2024,08/02/2025,15/02/2025,1267.00,HWV8J47,25 m² Appartement ∙ 1 chambre ∙ 2 personnes,Orsières - Valais
04/11/2024,15/02/2025,22/02/2025,1389.00,HWV8J47,25 m² Appartement ∙ 1 chambre ∙ 2 personnes,Orsières - Valais
04/11/2024,22/02/2025,01/03/2025,1389.00,HWV8J47,25 m² Appartement ∙ 1 chambre ∙ 2 personnes,Orsières - Valais
04/11/2024,01/03/2025,08/03/2025,1389.00,HWV8J47,25 m² Appartement ∙ 1 chambre ∙ 2 personnes,Orsières - Valais
04/11/2024,08/03/2025,15/03/2025,689.00,HWV8J47,25 m² Appartement ∙ 1 chambre ∙ 2 personnes,Orsières - Valais
04/11/2024,15/03/2025,22/03/2025,689.00,HWV8J47,25 m² Appartement ∙ 1 chambre ∙ 2 personnes,Orsières - Valais
04/11/2024,22/03/2025,29/03/2025,689.00,HWV8J47,25 m² Appartement ∙ 1 chambre ∙ 2 personnes,Orsières - Valais
04/11/2024,29/03/2025,05/04/2025,689.00,HWV8J47,25 m² Appartement ∙ 1 chambre ∙ 2 personnes,Orsières - Valais
04/11/2024,05/04/2025,12/04/2025,689.00,HWV8J47,25 m² Appartement ∙ 1 chambre ∙ 2 personnes,Orsières - Valais
04/11/2024,12/04/2025,19/04/2025,865.00,HWV8J47,25 m² Appartement ∙ 1 chambre ∙ 2 personnes,Orsières - Valais
04/11/2024,19/04/2025,26/04/2025,865.00,HWV8J47,25 m² Appartement ∙ 1 chambre ∙ 2 personnes,Orsières - Valais
04/11/2024,26/04/2025,03/05/2025,689.00,HWV8J47,25 m² Appartement ∙ 1 chambre ∙ 2 personnes,Orsières - Valais
04/11/2024,03/05/2025,10/05/2025,689.00,HWV8J47,25 m² Appartement ∙ 1 chambre ∙ 2 personnes,Orsières - Valais
04/11/2024,10/05/2025,17/05/2025,689.00,HWV8J47,25 m² Appartement ∙ 1 chambre ∙ 2 personnes,Orsières - Valais
04/11/2024,14/12/2024,21/12/2024,2725.90,H86SMPU,180 m² Maison de vacances ∙ 4 chambres ∙ 8 personnes,Hérémence - Valais
04/11/2024,01/02/2025,08/02/2025,2874.62,H86SMPU,180 m² Maison de vacances ∙ 4 chambres ∙ 8 personnes,Hérémence - Valais
04/11/2024,22/02/2025,01/03/2025,4115.40,H86SMPU,180 m² Maison de vacances ∙ 4 chambres ∙ 8 personnes,Hérémence - Valais
04/11/2024,05/04/2025,12/04/2025,2800.26,H86SMPU,180 m² Maison de vacances ∙ 4 chambres ∙ 8 personnes,Hérémence - Valais
04/11/2024,12/04/2025,19/04/2025,2725.90,H86SMPU,180 m² Maison de vacances ∙ 4 chambres ∙ 8 personnes,Hérémence - Valais
04/11/2024,09/11/2024,16/11/2024,946.85,H54YGVL,110 m² Appartement ∙ 2 chambres ∙ 4 personnes,Saas Grund - Valais
04/11/2024,16/11/2024,23/11/2024,1113.94,H54YGVL,110 m² Appartement ∙ 2 chambres ∙ 4 personnes,Saas Grund - Valais
04/11/2024,23/11/2024,30/11/2024,1113.94,H54YGVL,110 m² Appartement ∙ 2 chambres ∙ 4 personnes,Saas Grund - Valais
04/11/2024,30/11/2024,07/12/2024,1113.94,H54YGVL,110 m² Appartement ∙ 2 chambres ∙ 4 personnes,Saas Grund - Valais
04/11/2024,07/12/2024,14/12/2024,1113.94,H54YGVL,110 m² Appartement ∙ 2 chambres ∙ 4 personnes,Saas Grund - Valais
04/11/2024,14/12/2024,21/12/2024,1113.94,H54YGVL,110 m² Appartement ∙ 2 chambres ∙ 4 personnes,Saas Grund - Valais
04/11/2024,08/02/2025,15/02/2025,1697.58,H54YGVL,110 m² Appartement ∙ 2 chambres ∙ 4 personnes,Saas Grund - Valais
04/11/2024,22/03/2025,29/03/2025,1697.58,H54YGVL,110 m² Appartement ∙ 2 chambres ∙ 4 personnes,Saas Grund - Valais
04/11/2024,29/03/2025,05/04/2025,1697.58,H54YGVL,110 m² Appartement ∙ 2 chambres ∙ 4 personnes,Saas Grund - Valais
04/11/2024,05/04/2025,12/04/2025,1697.58,H54YGVL,110 m² Appartement ∙ 2 chambres ∙ 4 personnes,Saas Grund - Valais
04/11/2024,12/04/2025,19/04/2025,1697.58,H54YGVL,110 m² Appartement ∙ 2 chambres ∙ 4 personnes,Saas Grund - Valais
04/11/2024,19/04/2025,26/04/2025,1697.58,H54YGVL,110 m² Appartement ∙ 2 chambres ∙ 4 personnes,Saas Grund - Valais
04/11/2024,23/11/2024,30/11/2024,901.90,H9DW52J,85 m² Appartement ∙ 2 chambres ∙ 5 personnes,Saas-Almagell - Valais
04/11/2024,30/11/2024,07/12/2024,901.90,H9DW52J,85 m² Appartement ∙ 2 chambres ∙ 5 personnes,Saas-Almagell - Valais
04/11/2024,07/12/2024,14/12/2024,901.90,H9DW52J,85 m² Appartement ∙ 2 chambres ∙ 5 personnes,Saas-Almagell - Valais
04/11/2024,14/12/2024,21/12/2024,901.90,H9DW52J,85 m² Appartement ∙ 2 chambres ∙ 5 personnes,Saas-Almagell - Valais
04/11/2024,04/01/2025,11/01/2025,941.69,H9DW52J,85 m² Appartement ∙ 2 chambres ∙ 5 personnes,Saas-Almagell - Valais
04/11/2024,11/01/2025,18/01/2025,941.69,H9DW52J,85 m² Appartement ∙ 2 chambres ∙ 5 personnes,Saas-Almagell - Valais
04/11/2024,29/03/2025,05/04/2025,901.88,H9DW52J,85 m² Appartement ∙ 2 chambres ∙ 5 personnes,Saas-Almagell - Valais
04/11/2024,05/04/2025,12/04/2025,901.88,H9DW52J,85 m² Appartement ∙ 2 chambres ∙ 5 personnes,Saas-Almagell - Valais
04/11/2024,12/04/2025,19/04/2025,829.74,H9DW52J,85 m² Appartement ∙ 2 chambres ∙ 5 personnes,Saas-Almagell - Valais
04/11/2024,19/04/2025,26/04/2025,835.43,H9DW52J,85 m² Appartement ∙ 2 chambres ∙ 5 personnes,Saas-Almagell - Valais
04/11/2024,09/11/2024,16/11/2024,594.87,HDC1GA6,85 m² Appartement ∙ 2 chambres ∙ 5 personnes,Saas Grund - Valais
04/11/2024,16/11/2024,23/11/2024,594.87,HDC1GA6,85 m² Appartement ∙ 2 chambres ∙ 5 personnes,Saas Grund - Valais
04/11/2024,23/11/2024,30/11/2024,594.87,HDC1GA6,85 m² Appartement ∙ 2 chambres ∙ 5 personnes,Saas Grund - Valais
04/11/2024,30/11/2024,07/12/2024,594.87,HDC1GA6,85 m² Appartement ∙ 2 chambres ∙ 5 personnes,Saas Grund - Valais
04/11/2024,07/12/2024,14/12/2024,594.87,HDC1GA6,85 m² Appartement ∙ 2 chambres ∙ 5 personnes,Saas Grund - Valais
04/11/2024,14/12/2024,21/12/2024,706.41,HDC1GA6,85 m² Appartement ∙ 2 chambres ∙ 5 personnes,Saas Grund - Valais
04/11/2024,04/01/2025,11/01/2025,706.41,HDC1GA6,85 m² Appartement ∙ 2 chambres ∙ 5 personnes,Saas Grund - Valais
04/11/2024,11/01/2025,18/01/2025,706.41,HDC1GA6,85 m² Appartement ∙ 2 chambres ∙ 5 personnes,Saas Grund - Valais
04/11/2024,18/01/2025,25/01/2025,706.41,HDC1GA6,85 m² Appartement ∙ 2 chambres ∙ 5 personnes,Saas Grund - Valais
04/11/2024,25/01/2025,01/02/2025,1041.03,HDC1GA6,85 m² Appartement ∙ 2 chambres ∙ 5 personnes,Saas Grund - Valais
04/11/2024,08/03/2025,15/03/2025,1375.65,HDC1GA6,85 m² Appartement ∙ 2 chambres ∙ 5 personnes,Saas Grund - Valais
04/11/2024,15/03/2025,22/03/2025,1041.03,HDC1GA6,85 m² Appartement ∙ 2 chambres ∙ 5 personnes,Saas Grund - Valais
04/11/2024,22/03/2025,29/03/2025,1041.03,HDC1GA6,85 m² Appartement ∙ 2 chambres ∙ 5 personnes,Saas Grund - Valais
04/11/2024,29/03/2025,05/04/2025,706.41,HDC1GA6,85 m² Appartement ∙ 2 chambres ∙ 5 personnes,Saas Grund - Valais
04/11/2024,05/04/2025,12/04/2025,706.41,HDC1GA6,85 m² Appartement ∙ 2 chambres ∙ 5 personnes,Saas Grund - Valais
04/11/2024,12/04/2025,19/04/2025,1041.03,HDC1GA6,85 m² Appartement ∙ 2 chambres ∙ 5 personnes,Saas Grund - Valais
04/11/2024,19/04/2025,26/04/2025,1041.03,HDC1GA6,85 m² Appartement ∙ 2 chambres ∙ 5 personnes,Saas Grund - Valais
04/11/2024,26/04/2025,03/05/2025,594.87,HDC1GA6,85 m² Appartement ∙ 2 chambres ∙ 5 personnes,Saas Grund - Valais
04/11/2024,03/05/2025,10/05/2025,594.87,HDC1GA6,85 m² Appartement ∙ 2 chambres ∙ 5 personnes,Saas Grund - Valais
04/11/2024,10/05/2025,17/05/2025,594.87,HDC1GA6,85 m² Appartement ∙ 2 chambres ∙ 5 personnes,Saas Grund - Valais
04/11/2024,09/11/2024,16/11/2024,1043.05,HRCV83P,56 m² Appartement ∙ 2 chambres ∙ 6 personnes,Saas Grund - Valais
04/11/2024,16/11/2024,23/11/2024,1043.05,HRCV83P,56 m² Appartement ∙ 2 chambres ∙ 6 personnes,Saas Grund - Valais
04/11/2024,23/11/2024,30/11/2024,1043.05,HRCV83P,56 m² Appartement ∙ 2 chambres ∙ 6 personnes,Saas Grund - Valais
04/11/2024,30/11/2024,07/12/2024,1043.05,HRCV83P,56 m² Appartement ∙ 2 chambres ∙ 6 personnes,Saas Grund - Valais
04/11/2024,07/12/2024,14/12/2024,1043.05,HRCV83P,56 m² Appartement ∙ 2 chambres ∙ 6 personnes,Saas Grund - Valais
04/11/2024,14/12/2024,21/12/2024,1043.05,HRCV83P,56 m² Appartement ∙ 2 chambres ∙ 6 personnes,Saas Grund - Valais
04/11/2024,21/12/2024,28/12/2024,1640.85,HRCV83P,56 m² Appartement ∙ 2 chambres ∙ 6 personnes,Saas Grund - Valais
04/11/2024,11/01/2025,18/01/2025,1043.05,HRCV83P,56 m² Appartement ∙ 2 chambres ∙ 6 personnes,Saas Grund - Valais
04/11/2024,22/03/2025,29/03/2025,1043.05,HRCV83P,56 m² Appartement ∙ 2 chambres ∙ 6 personnes,Saas Grund - Valais
04/11/2024,29/03/2025,05/04/2025,1043.05,HRCV83P,56 m² Appartement ∙ 2 chambres ∙ 6 personnes,Saas Grund - Valais
04/11/2024,12/04/2025,19/04/2025,1043.05,HRCV83P,56 m² Appartement ∙ 2 chambres ∙ 6 personnes,Saas Grund - Valais
04/11/2024,19/04/2025,26/04/2025,1043.05,HRCV83P,56 m² Appartement ∙ 2 chambres ∙ 6 personnes,Saas Grund - Valais
04/11/2024,26/04/2025,03/05/2025,1006.83,HRCV83P,56 m² Appartement ∙ 2 chambres ∙ 6 personnes,Saas Grund - Valais
04/11/2024,03/05/2025,10/05/2025,918.39,HRCV83P,56 m² Appartement ∙ 2 chambres ∙ 6 personnes,Saas Grund - Valais
04/11/2024,10/05/2025,17/05/2025,866.82,HRCV83P,56 m² Appartement ∙ 2 chambres ∙ 6 personnes,Saas Grund - Valais
04/11/2024,14/12/2024,21/12/2024,581.12,HXC7EAY,30 m² Studio ∙ 3 personnes,Vex - Valais
04/11/2024,04/01/2025,11/01/2025,1007.47,HXC7EAY,30 m² Studio ∙ 3 personnes,Vex - Valais
04/11/2024,11/01/2025,18/01/2025,897.52,HXC7EAY,30 m² Studio ∙ 3 personnes,Vex - Valais
04/11/2024,29/03/2025,05/04/2025,699.62,HXC7EAY,30 m² Studio ∙ 3 personnes,Vex - Valais
04/11/2024,05/04/2025,12/04/2025,841.33,HXC7EAY,30 m² Studio ∙ 3 personnes,Vex - Valais
04/11/2024,19/04/2025,26/04/2025,733.82,HXC7EAY,30 m² Studio ∙ 3 personnes,Vex - Valais
04/11/2024,26/04/2025,03/05/2025,615.33,HXC7EAY,30 m² Studio ∙ 3 personnes,Vex - Valais
04/11/2024,03/05/2025,10/05/2025,639.76,HXC7EAY,30 m² Studio ∙ 3 personnes,Vex - Valais
04/11/2024,10/05/2025,17/05/2025,644.64,HXC7EAY,30 m² Studio ∙ 3 personnes,Vex - Valais
04/11/2024,23/11/2024,30/11/2024,1352.60,HG3Y6BU,65 m² Appartement ∙ 2 chambres ∙ 4 personnes,Saas Fee - Valais
04/11/2024,14/12/2024,21/12/2024,1591.30,HG3Y6BU,65 m² Appartement ∙ 2 chambres ∙ 4 personnes,Saas Fee - Valais
04/11/2024,08/02/2025,15/02/2025,1989.12,HG3Y6BU,65 m² Appartement ∙ 2 chambres ∙ 4 personnes,Saas Fee - Valais
04/11/2024,22/03/2025,29/03/2025,1511.73,HG3Y6BU,65 m² Appartement ∙ 2 chambres ∙ 4 personnes,Saas Fee - Valais
04/11/2024,29/03/2025,05/04/2025,1511.73,HG3Y6BU,65 m² Appartement ∙ 2 chambres ∙ 4 personnes,Saas Fee - Valais
04/11/2024,05/04/2025,12/04/2025,1511.73,HG3Y6BU,65 m² Appartement ∙ 2 chambres ∙ 4 personnes,Saas Fee - Valais
04/11/2024,12/04/2025,19/04/2025,1877.90,HG3Y6BU,65 m² Appartement ∙ 2 chambres ∙ 4 personnes,Saas Fee - Valais
04/11/2024,19/04/2025,26/04/2025,1718.77,HG3Y6BU,65 m² Appartement ∙ 2 chambres ∙ 4 personnes,Saas Fee - Valais
04/11/2024,30/11/2024,07/12/2024,809.00,HK0RGPU,28 m² Appartement ∙ 1 chambre ∙ 2 personnes,Loèche-les-Bains - Valais
04/11/2024,07/12/2024,14/12/2024,809.00,HK0RGPU,28 m² Appartement ∙ 1 chambre ∙ 2 personnes,Loèche-les-Bains - Valais
04/11/2024,14/12/2024,21/12/2024,809.00,HK0RGPU,28 m² Appartement ∙ 1 chambre ∙ 2 personnes,Loèche-les-Bains - Valais
04/11/2024,21/12/2024,28/12/2024,809.00,HK0RGPU,28 m² Appartement ∙ 1 chambre ∙ 2 personnes,Loèche-les-Bains - Valais
04/11/2024,04/01/2025,11/01/2025,809.00,HK0RGPU,28 m² Appartement ∙ 1 chambre ∙ 2 personnes,Loèche-les-Bains - Valais
04/11/2024,11/01/2025,18/01/2025,809.00,HK0RGPU,28 m² Appartement ∙ 1 chambre ∙ 2 personnes,Loèche-les-Bains - Valais
04/11/2024,18/01/2025,25/01/2025,809.00,HK0RGPU,28 m² Appartement ∙ 1 chambre ∙ 2 personnes,Loèche-les-Bains - Valais
04/11/2024,25/01/2025,01/02/2025,809.00,HK0RGPU,28 m² Appartement ∙ 1 chambre ∙ 2 personnes,Loèche-les-Bains - Valais
04/11/2024,01/02/2025,08/02/2025,809.00,HK0RGPU,28 m² Appartement ∙ 1 chambre ∙ 2 personnes,Loèche-les-Bains - Valais
04/11/2024,08/02/2025,15/02/2025,809.00,HK0RGPU,28 m² Appartement ∙ 1 chambre ∙ 2 personnes,Loèche-les-Bains - Valais
04/11/2024,15/02/2025,22/02/2025,809.00,HK0RGPU,28 m² Appartement ∙ 1 chambre ∙ 2 personnes,Loèche-les-Bains - Valais
04/11/2024,22/02/2025,01/03/2025,809.00,HK0RGPU,28 m² Appartement ∙ 1 chambre ∙ 2 personnes,Loèche-les-Bains - Valais
04/11/2024,15/03/2025,22/03/2025,809.00,HK0RGPU,28 m² Appartement ∙ 1 chambre ∙ 2 personnes,Loèche-les-Bains - Valais
04/11/2024,22/03/2025,29/03/2025,809.00,HK0RGPU,28 m² Appartement ∙ 1 chambre ∙ 2 personnes,Loèche-les-Bains - Valais
04/11/2024,29/03/2025,05/04/2025,809.00,HK0RGPU,28 m² Appartement ∙ 1 chambre ∙ 2 personnes,Loèche-les-Bains - Valais
04/11/2024,05/04/2025,12/04/2025,809.00,HK0RGPU,28 m² Appartement ∙ 1 chambre ∙ 2 personnes,Loèche-les-Bains - Valais
04/11/2024,12/04/2025,19/04/2025,809.00,HK0RGPU,28 m² Appartement ∙ 1 chambre ∙ 2 personnes,Loèche-les-Bains - Valais
04/11/2024,19/04/2025,26/04/2025,809.00,HK0RGPU,28 m² Appartement ∙ 1 chambre ∙ 2 personnes,Loèche-les-Bains - Valais
04/11/2024,26/04/2025,03/05/2025,809.00,HK0RGPU,28 m² Appartement ∙ 1 chambre ∙ 2 personnes,Loèche-les-Bains - Valais
04/11/2024,03/05/2025,10/05/2025,809.00,HK0RGPU,28 m² Appartement ∙ 1 chambre ∙ 2 personnes,Loèche-les-Bains - Valais
04/11/2024,10/05/2025,17/05/2025,809.00,HK0RGPU,28 m² Appartement ∙ 1 chambre ∙ 2 personnes,Loèche-les-Bains - Valais
04/11/2024,16/11/2024,23/11/2024,1099.46,HF61A5H,115 m² Appartement ∙ 2 chambres ∙ 4 personnes,Nax - Valais
04/11/2024,23/11/2024,30/11/2024,1099.46,HF61A5H,115 m² Appartement ∙ 2 chambres ∙ 4 personnes,Nax - Valais
04/11/2024,30/11/2024,07/12/2024,1099.46,HF61A5H,115 m² Appartement ∙ 2 chambres ∙ 4 personnes,Nax - Valais
04/11/2024,07/12/2024,14/12/2024,1099.46,HF61A5H,115 m² Appartement ∙ 2 chambres ∙ 4 personnes,Nax - Valais
04/11/2024,14/12/2024,21/12/2024,1111.14,HF61A5H,115 m² Appartement ∙ 2 chambres ∙ 4 personnes,Nax - Valais
04/11/2024,11/01/2025,18/01/2025,1481.88,HF61A5H,115 m² Appartement ∙ 2 chambres ∙ 4 personnes,Nax - Valais
04/11/2024,18/01/2025,25/01/2025,1481.88,HF61A5H,115 m² Appartement ∙ 2 chambres ∙ 4 personnes,Nax - Valais
04/11/2024,25/01/2025,01/02/2025,1481.88,HF61A5H,115 m² Appartement ∙ 2 chambres ∙ 4 personnes,Nax - Valais
04/11/2024,01/02/2025,08/02/2025,1851.55,HF61A5H,115 m² Appartement ∙ 2 chambres ∙ 4 personnes,Nax - Valais
04/11/2024,08/02/2025,15/02/2025,1851.55,HF61A5H,115 m² Appartement ∙ 2 chambres ∙ 4 personnes,Nax - Valais
04/11/2024,15/02/2025,22/02/2025,2037.45,HF61A5H,115 m² Appartement ∙ 2 chambres ∙ 4 personnes,Nax - Valais
04/11/2024,22/02/2025,01/03/2025,2037.45,HF61A5H,115 m² Appartement ∙ 2 chambres ∙ 4 personnes,Nax - Valais
04/11/2024,15/03/2025,22/03/2025,1481.88,HF61A5H,115 m² Appartement ∙ 2 chambres ∙ 4 personnes,Nax - Valais
04/11/2024,22/03/2025,29/03/2025,1481.88,HF61A5H,115 m² Appartement ∙ 2 chambres ∙ 4 personnes,Nax - Valais
04/11/2024,29/03/2025,05/04/2025,1481.88,HF61A5H,115 m² Appartement ∙ 2 chambres ∙ 4 personnes,Nax - Valais
04/11/2024,05/04/2025,12/04/2025,1481.88,HF61A5H,115 m² Appartement ∙ 2 chambres ∙ 4 personnes,Nax - Valais
04/11/2024,12/04/2025,19/04/2025,1481.88,HF61A5H,115 m² Appartement ∙ 2 chambres ∙ 4 personnes,Nax - Valais
04/11/2024,19/04/2025,26/04/2025,1481.88,HF61A5H,115 m² Appartement ∙ 2 chambres ∙ 4 personnes,Nax - Valais
04/11/2024,26/04/2025,03/05/2025,1111.14,HF61A5H,115 m² Appartement ∙ 2 chambres ∙ 4 personnes,Nax - Valais
04/11/2024,03/05/2025,10/05/2025,1111.14,HF61A5H,115 m² Appartement ∙ 2 chambres ∙ 4 personnes,Nax - Valais
04/11/2024,10/05/2025,17/05/2025,1111.14,HF61A5H,115 m² Appartement ∙ 2 chambres ∙ 4 personnes,Nax - Valais
04/11/2024,16/11/2024,23/11/2024,1043.37,HFR7X43,64 m² Appartement ∙ 1 chambre ∙ 2 personnes,Loèche-les-Bains - Valais
04/11/2024,23/11/2024,30/11/2024,1043.37,HFR7X43,64 m² Appartement ∙ 1 chambre ∙ 2 personnes,Loèche-les-Bains - Valais
04/11/2024,30/11/2024,07/12/2024,1043.37,HFR7X43,64 m² Appartement ∙ 1 chambre ∙ 2 personnes,Loèche-les-Bains - Valais
04/11/2024,07/12/2024,14/12/2024,963.06,HFR7X43,64 m² Appartement ∙ 1 chambre ∙ 2 personnes,Loèche-les-Bains - Valais
04/11/2024,14/12/2024,21/12/2024,1190.60,HFR7X43,64 m² Appartement ∙ 1 chambre ∙ 2 personnes,Loèche-les-Bains - Valais
04/11/2024,21/12/2024,28/12/2024,1531.91,HFR7X43,64 m² Appartement ∙ 1 chambre ∙ 2 personnes,Loèche-les-Bains - Valais
04/11/2024,04/01/2025,11/01/2025,1190.60,HFR7X43,64 m² Appartement ∙ 1 chambre ∙ 2 personnes,Loèche-les-Bains - Valais
04/11/2024,11/01/2025,18/01/2025,1190.60,HFR7X43,64 m² Appartement ∙ 1 chambre ∙ 2 personnes,Loèche-les-Bains - Valais
04/11/2024,18/01/2025,25/01/2025,1190.60,HFR7X43,64 m² Appartement ∙ 1 chambre ∙ 2 personnes,Loèche-les-Bains - Valais
04/11/2024,15/02/2025,22/02/2025,1663.53,HFR7X43,64 m² Appartement ∙ 1 chambre ∙ 2 personnes,Loèche-les-Bains - Valais
04/11/2024,22/02/2025,01/03/2025,1663.53,HFR7X43,64 m² Appartement ∙ 1 chambre ∙ 2 personnes,Loèche-les-Bains - Valais
04/11/2024,01/03/2025,08/03/2025,1663.53,HFR7X43,64 m² Appartement ∙ 1 chambre ∙ 2 personnes,Loèche-les-Bains - Valais
04/11/2024,08/03/2025,15/03/2025,1190.60,HFR7X43,64 m² Appartement ∙ 1 chambre ∙ 2 personnes,Loèche-les-Bains - Valais
04/11/2024,15/03/2025,22/03/2025,1190.60,HFR7X43,64 m² Appartement ∙ 1 chambre ∙ 2 personnes,Loèche-les-Bains - Valais
04/11/2024,22/03/2025,29/03/2025,1190.60,HFR7X43,64 m² Appartement ∙ 1 chambre ∙ 2 personnes,Loèche-les-Bains - Valais
04/11/2024,29/03/2025,05/04/2025,1190.60,HFR7X43,64 m² Appartement ∙ 1 chambre ∙ 2 personnes,Loèche-les-Bains - Valais
04/11/2024,05/04/2025,12/04/2025,1190.60,HFR7X43,64 m² Appartement ∙ 1 chambre ∙ 2 personnes,Loèche-les-Bains - Valais
04/11/2024,12/04/2025,19/04/2025,1190.60,HFR7X43,64 m² Appartement ∙ 1 chambre ∙ 2 personnes,Loèche-les-Bains - Valais
04/11/2024,19/04/2025,26/04/2025,1190.60,HFR7X43,64 m² Appartement ∙ 1 chambre ∙ 2 personnes,Loèche-les-Bains - Valais
04/11/2024,14/12/2024,21/12/2024,1159.11,H6MU31G,70 m² Appartement ∙ 2 chambres ∙ 4 personnes,Saas-Almagell - Valais
04/11/2024,04/01/2025,11/01/2025,1185.25,H6MU31G,70 m² Appartement ∙ 2 chambres ∙ 4 personnes,Saas-Almagell - Valais
04/11/2024,11/01/2025,18/01/2025,1159.11,H6MU31G,70 m² Appartement ∙ 2 chambres ∙ 4 personnes,Saas-Almagell - Valais
04/11/2024,18/01/2025,25/01/2025,1159.11,H6MU31G,70 m² Appartement ∙ 2 chambres ∙ 4 personnes,Saas-Almagell - Valais
04/11/2024,09/11/2024,16/11/2024,1264.34,HSM06WR,62 m² Appartement ∙ 2 chambres ∙ 5 personnes,Saas Fee - Valais
04/11/2024,16/11/2024,23/11/2024,1323.61,HSM06WR,62 m² Appartement ∙ 2 chambres ∙ 5 personnes,Saas Fee - Valais
04/11/2024,23/11/2024,30/11/2024,1323.61,HSM06WR,62 m² Appartement ∙ 2 chambres ∙ 5 personnes,Saas Fee - Valais
04/11/2024,30/11/2024,07/12/2024,1395.22,HSM06WR,62 m² Appartement ∙ 2 chambres ∙ 5 personnes,Saas Fee - Valais
04/11/2024,14/12/2024,21/12/2024,1395.22,HSM06WR,62 m² Appartement ∙ 2 chambres ∙ 5 personnes,Saas Fee - Valais
04/11/2024,04/01/2025,11/01/2025,1506.61,HSM06WR,62 m² Appartement ∙ 2 chambres ∙ 5 personnes,Saas Fee - Valais
04/11/2024,11/01/2025,18/01/2025,1419.09,HSM06WR,62 m² Appartement ∙ 2 chambres ∙ 5 personnes,Saas Fee - Valais
04/11/2024,25/01/2025,01/02/2025,2469.34,HSM06WR,62 m² Appartement ∙ 2 chambres ∙ 5 personnes,Saas Fee - Valais
04/11/2024,08/03/2025,15/03/2025,1960.13,HSM06WR,62 m² Appartement ∙ 2 chambres ∙ 5 personnes,Saas Fee - Valais
04/11/2024,15/03/2025,22/03/2025,1960.13,HSM06WR,62 m² Appartement ∙ 2 chambres ∙ 5 personnes,Saas Fee - Valais
04/11/2024,22/03/2025,29/03/2025,1960.13,HSM06WR,62 m² Appartement ∙ 2 chambres ∙ 5 personnes,Saas Fee - Valais
04/11/2024,29/03/2025,05/04/2025,1960.13,HSM06WR,62 m² Appartement ∙ 2 chambres ∙ 5 personnes,Saas Fee - Valais
04/11/2024,05/04/2025,12/04/2025,1960.13,HSM06WR,62 m² Appartement ∙ 2 chambres ∙ 5 personnes,Saas Fee - Valais
04/11/2024,12/04/2025,19/04/2025,3177.47,HSM06WR,62 m² Appartement ∙ 2 chambres ∙ 5 personnes,Saas Fee - Valais
04/11/2024,19/04/2025,26/04/2025,1952.17,HSM06WR,62 m² Appartement ∙ 2 chambres ∙ 5 personnes,Saas Fee - Valais
04/11/2024,26/04/2025,03/05/2025,1365.67,HSM06WR,62 m² Appartement ∙ 2 chambres ∙ 5 personnes,Saas Fee - Valais
04/11/2024,03/05/2025,10/05/2025,1267.92,HSM06WR,62 m² Appartement ∙ 2 chambres ∙ 5 personnes,Saas Fee - Valais
04/11/2024,10/05/2025,17/05/2025,1267.92,HSM06WR,62 m² Appartement ∙ 2 chambres ∙ 5 personnes,Saas Fee - Valais
04/11/2024,09/11/2024,16/11/2024,785.61,H5BD40M,33 m² Appartement ∙ 2 personnes,Saas Grund - Valais
04/11/2024,16/11/2024,23/11/2024,785.61,H5BD40M,33 m² Appartement ∙ 2 personnes,Saas Grund - Valais
04/11/2024,23/11/2024,30/11/2024,785.61,H5BD40M,33 m² Appartement ∙ 2 personnes,Saas Grund - Valais
04/11/2024,30/11/2024,07/12/2024,785.61,H5BD40M,33 m² Appartement ∙ 2 personnes,Saas Grund - Valais
04/11/2024,22/02/2025,01/03/2025,993.02,H5BD40M,33 m² Appartement ∙ 2 personnes,Saas Grund - Valais
04/11/2024,01/03/2025,08/03/2025,993.02,H5BD40M,33 m² Appartement ∙ 2 personnes,Saas Grund - Valais
04/11/2024,22/03/2025,29/03/2025,827.52,H5BD40M,33 m² Appartement ∙ 2 personnes,Saas Grund - Valais
04/11/2024,29/03/2025,05/04/2025,827.52,H5BD40M,33 m² Appartement ∙ 2 personnes,Saas Grund - Valais
04/11/2024,05/04/2025,12/04/2025,827.52,H5BD40M,33 m² Appartement ∙ 2 personnes,Saas Grund - Valais
04/11/2024,12/04/2025,19/04/2025,827.52,H5BD40M,33 m² Appartement ∙ 2 personnes,Saas Grund - Valais
04/11/2024,19/04/2025,26/04/2025,827.52,H5BD40M,33 m² Appartement ∙ 2 personnes,Saas Grund - Valais
04/11/2024,09/11/2024,16/11/2024,1553.37,HXWAT1N,75 m² Appartement ∙ 2 chambres ∙ 6 personnes,Saas Fee - Valais
04/11/2024,16/11/2024,23/11/2024,1553.37,HXWAT1N,75 m² Appartement ∙ 2 chambres ∙ 6 personnes,Saas Fee - Valais
04/11/2024,23/11/2024,30/11/2024,1553.37,HXWAT1N,75 m² Appartement ∙ 2 chambres ∙ 6 personnes,Saas Fee - Valais
04/11/2024,01/02/2025,08/02/2025,2189.89,HXWAT1N,75 m² Appartement ∙ 2 chambres ∙ 6 personnes,Saas Fee - Valais
04/11/2024,08/03/2025,15/03/2025,2189.89,HXWAT1N,75 m² Appartement ∙ 2 chambres ∙ 6 personnes,Saas Fee - Valais
04/11/2024,15/03/2025,22/03/2025,1792.07,HXWAT1N,75 m² Appartement ∙ 2 chambres ∙ 6 personnes,Saas Fee - Valais
04/11/2024,29/03/2025,05/04/2025,1792.07,HXWAT1N,75 m² Appartement ∙ 2 chambres ∙ 6 personnes,Saas Fee - Valais
04/11/2024,23/11/2024,30/11/2024,1973.00,H4GACTZ,140 m² Appartement ∙ 3 chambres ∙ 8 personnes,Nendaz - Valais
04/11/2024,01/02/2025,08/02/2025,3974.00,H4GACTZ,140 m² Appartement ∙ 3 chambres ∙ 8 personnes,Nendaz - Valais
04/11/2024,08/03/2025,15/03/2025,3012.00,H4GACTZ,140 m² Appartement ∙ 3 chambres ∙ 8 personnes,Nendaz - Valais
04/11/2024,15/03/2025,22/03/2025,3012.00,H4GACTZ,140 m² Appartement ∙ 3 chambres ∙ 8 personnes,Nendaz - Valais
04/11/2024,22/03/2025,29/03/2025,2178.00,H4GACTZ,140 m² Appartement ∙ 3 chambres ∙ 8 personnes,Nendaz - Valais
04/11/2024,29/03/2025,05/04/2025,2178.00,H4GACTZ,140 m² Appartement ∙ 3 chambres ∙ 8 personnes,Nendaz - Valais
04/11/2024,26/04/2025,03/05/2025,2178.00,H4GACTZ,140 m² Appartement ∙ 3 chambres ∙ 8 personnes,Nendaz - Valais
04/11/2024,03/05/2025,10/05/2025,2178.00,H4GACTZ,140 m² Appartement ∙ 3 chambres ∙ 8 personnes,Nendaz - Valais
04/11/2024,10/05/2025,17/05/2025,2178.00,H4GACTZ,140 m² Appartement ∙ 3 chambres ∙ 8 personnes,Nendaz - Valais
04/11/2024,09/11/2024,16/11/2024,943.52,H35XGEP,Appartement ∙ 2 chambres ∙ 4 personnes,Grächen - Valais
04/11/2024,16/11/2024,23/11/2024,943.52,H35XGEP,Appartement ∙ 2 chambres ∙ 4 personnes,Grächen - Valais
04/11/2024,23/11/2024,30/11/2024,943.52,H35XGEP,Appartement ∙ 2 chambres ∙ 4 personnes,Grächen - Valais
04/11/2024,09/11/2024,16/11/2024,1278.98,HZLABC2,110 m² Maison de vacances ∙ 3 chambres ∙ 7 personnes,Crans-Montana - Valais
04/11/2024,16/11/2024,23/11/2024,1278.98,HZLABC2,110 m² Maison de vacances ∙ 3 chambres ∙ 7 personnes,Crans-Montana - Valais
04/11/2024,23/11/2024,30/11/2024,1278.98,HZLABC2,110 m² Maison de vacances ∙ 3 chambres ∙ 7 personnes,Crans-Montana - Valais
04/11/2024,30/11/2024,07/12/2024,2027.89,HZLABC2,110 m² Maison de vacances ∙ 3 chambres ∙ 7 personnes,Crans-Montana - Valais
04/11/2024,07/12/2024,14/12/2024,2027.89,HZLABC2,110 m² Maison de vacances ∙ 3 chambres ∙ 7 personnes,Crans-Montana - Valais
04/11/2024,14/12/2024,21/12/2024,2027.89,HZLABC2,110 m² Maison de vacances ∙ 3 chambres ∙ 7 personnes,Crans-Montana - Valais
04/11/2024,11/01/2025,18/01/2025,1663.53,HZLABC2,110 m² Maison de vacances ∙ 3 chambres ∙ 7 personnes,Crans-Montana - Valais
04/11/2024,18/01/2025,25/01/2025,1663.53,HZLABC2,110 m² Maison de vacances ∙ 3 chambres ∙ 7 personnes,Crans-Montana - Valais
04/11/2024,15/02/2025,22/02/2025,2102.25,HZLABC2,110 m² Maison de vacances ∙ 3 chambres ∙ 7 personnes,Crans-Montana - Valais
04/11/2024,15/03/2025,22/03/2025,2102.25,HZLABC2,110 m² Maison de vacances ∙ 3 chambres ∙ 7 personnes,Crans-Montana - Valais
04/11/2024,22/03/2025,29/03/2025,2102.25,HZLABC2,110 m² Maison de vacances ∙ 3 chambres ∙ 7 personnes,Crans-Montana - Valais
04/11/2024,29/03/2025,05/04/2025,2102.25,HZLABC2,110 m² Maison de vacances ∙ 3 chambres ∙ 7 personnes,Crans-Montana - Valais
04/11/2024,05/04/2025,12/04/2025,1278.98,HZLABC2,110 m² Maison de vacances ∙ 3 chambres ∙ 7 personnes,Crans-Montana - Valais
04/11/2024,12/04/2025,19/04/2025,1278.98,HZLABC2,110 m² Maison de vacances ∙ 3 chambres ∙ 7 personnes,Crans-Montana - Valais
04/11/2024,19/04/2025,26/04/2025,1278.98,HZLABC2,110 m² Maison de vacances ∙ 3 chambres ∙ 7 personnes,Crans-Montana - Valais
04/11/2024,26/04/2025,03/05/2025,1278.98,HZLABC2,110 m² Maison de vacances ∙ 3 chambres ∙ 7 personnes,Crans-Montana - Valais
04/11/2024,03/05/2025,10/05/2025,1278.98,HZLABC2,110 m² Maison de vacances ∙ 3 chambres ∙ 7 personnes,Crans-Montana - Valais
04/11/2024,10/05/2025,17/05/2025,1278.98,HZLABC2,110 m² Maison de vacances ∙ 3 chambres ∙ 7 personnes,Crans-Montana - Valais
04/11/2024,04/01/2025,11/01/2025,1037.63,H4RU0F8,75 m² Appartement ∙ 2 chambres ∙ 4 personnes,Saas-Almagell - Valais
04/11/2024,11/01/2025,18/01/2025,1037.63,H4RU0F8,75 m² Appartement ∙ 2 chambres ∙ 4 personnes,Saas-Almagell - Valais
04/11/2024,18/01/2025,25/01/2025,1037.63,H4RU0F8,75 m² Appartement ∙ 2 chambres ∙ 4 personnes,Saas-Almagell - Valais
04/11/2024,15/03/2025,22/03/2025,1037.63,H4RU0F8,75 m² Appartement ∙ 2 chambres ∙ 4 personnes,Saas-Almagell - Valais
04/11/2024,22/03/2025,29/03/2025,1037.63,H4RU0F8,75 m² Appartement ∙ 2 chambres ∙ 4 personnes,Saas-Almagell - Valais
04/11/2024,29/03/2025,05/04/2025,1037.63,H4RU0F8,75 m² Appartement ∙ 2 chambres ∙ 4 personnes,Saas-Almagell - Valais
04/11/2024,05/04/2025,12/04/2025,1037.63,H4RU0F8,75 m² Appartement ∙ 2 chambres ∙ 4 personnes,Saas-Almagell - Valais
04/11/2024,12/04/2025,19/04/2025,1037.63,H4RU0F8,75 m² Appartement ∙ 2 chambres ∙ 4 personnes,Saas-Almagell - Valais
04/11/2024,19/04/2025,26/04/2025,910.16,H4RU0F8,75 m² Appartement ∙ 2 chambres ∙ 4 personnes,Saas-Almagell - Valais
04/11/2024,26/04/2025,03/05/2025,544.61,HZDR5PA,50 m² Chalet ∙ 2 chambres ∙ 4 personnes,Filet - Valais
04/11/2024,03/05/2025,10/05/2025,544.61,HZDR5PA,50 m² Chalet ∙ 2 chambres ∙ 4 personnes,Filet - Valais
04/11/2024,10/05/2025,17/05/2025,727.83,HZDR5PA,50 m² Chalet ∙ 2 chambres ∙ 4 personnes,Filet - Valais
04/11/2024,09/11/2024,16/11/2024,1479.67,H62AUH4,50 m² Appartement ∙ 1 chambre ∙ 4 personnes,Saas Grund - Valais
04/11/2024,16/11/2024,23/11/2024,1479.67,H62AUH4,50 m² Appartement ∙ 1 chambre ∙ 4 personnes,Saas Grund - Valais
04/11/2024,23/11/2024,30/11/2024,1479.67,H62AUH4,50 m² Appartement ∙ 1 chambre ∙ 4 personnes,Saas Grund - Valais
04/11/2024,30/11/2024,07/12/2024,1479.67,H62AUH4,50 m² Appartement ∙ 1 chambre ∙ 4 personnes,Saas Grund - Valais
04/11/2024,07/12/2024,14/12/2024,1479.67,H62AUH4,50 m² Appartement ∙ 1 chambre ∙ 4 personnes,Saas Grund - Valais
04/11/2024,14/12/2024,21/12/2024,1479.67,H62AUH4,50 m² Appartement ∙ 1 chambre ∙ 4 personnes,Saas Grund - Valais
04/11/2024,23/11/2024,30/11/2024,677.00,H3S4G0C,Rosablanche D63,Rosablanche D63Nendaz - Valais
04/11/2024,30/11/2024,07/12/2024,677.00,H3S4G0C,Rosablanche D63,Rosablanche D63Nendaz - Valais
04/11/2024,07/12/2024,14/12/2024,677.00,H3S4G0C,Rosablanche D63,Rosablanche D63Nendaz - Valais
04/11/2024,14/12/2024,21/12/2024,677.00,H3S4G0C,Rosablanche D63,Rosablanche D63Nendaz - Valais
04/11/2024,21/12/2024,28/12/2024,1169.00,H3S4G0C,Rosablanche D63,Rosablanche D63Nendaz - Valais
04/11/2024,25/01/2025,01/02/2025,957.00,H3S4G0C,Rosablanche D63,Rosablanche D63Nendaz - Valais
04/11/2024,01/02/2025,08/02/2025,957.00,H3S4G0C,Rosablanche D63,Rosablanche D63Nendaz - Valais
04/11/2024,08/02/2025,15/02/2025,1169.00,H3S4G0C,Rosablanche D63,Rosablanche D63Nendaz - Valais
04/11/2024,15/03/2025,22/03/2025,790.00,H3S4G0C,Rosablanche D63,Rosablanche D63Nendaz - Valais
04/11/2024,29/03/2025,05/04/2025,790.00,H3S4G0C,Rosablanche D63,Rosablanche D63Nendaz - Valais
04/11/2024,05/04/2025,12/04/2025,790.00,H3S4G0C,Rosablanche D63,Rosablanche D63Nendaz - Valais
04/11/2024,12/04/2025,19/04/2025,790.00,H3S4G0C,Rosablanche D63,Rosablanche D63Nendaz - Valais
04/11/2024,19/04/2025,26/04/2025,790.00,H3S4G0C,Rosablanche D63,Rosablanche D63Nendaz - Valais
04/11/2024,23/11/2024,30/11/2024,1265.72,H673RSV,40 m² Studio ∙ 1 chambre ∙ 2 personnes,Saas Grund - Valais
04/11/2024,30/11/2024,07/12/2024,1265.72,H673RSV,40 m² Studio ∙ 1 chambre ∙ 2 personnes,Saas Grund - Valais
04/11/2024,07/12/2024,14/12/2024,1265.72,H673RSV,40 m² Studio ∙ 1 chambre ∙ 2 personnes,Saas Grund - Valais
04/11/2024,14/12/2024,21/12/2024,1265.72,H673RSV,40 m² Studio ∙ 1 chambre ∙ 2 personnes,Saas Grund - Valais
04/11/2024,11/01/2025,18/01/2025,1265.72,H673RSV,40 m² Studio ∙ 1 chambre ∙ 2 personnes,Saas Grund - Valais
04/11/2024,15/02/2025,22/02/2025,1265.72,H673RSV,40 m² Studio ∙ 1 chambre ∙ 2 personnes,Saas Grund - Valais
04/11/2024,15/03/2025,22/03/2025,1265.72,H673RSV,40 m² Studio ∙ 1 chambre ∙ 2 personnes,Saas Grund - Valais
04/11/2024,05/04/2025,12/04/2025,1265.72,H673RSV,40 m² Studio ∙ 1 chambre ∙ 2 personnes,Saas Grund - Valais
04/11/2024,12/04/2025,19/04/2025,1265.72,H673RSV,40 m² Studio ∙ 1 chambre ∙ 2 personnes,Saas Grund - Valais
04/11/2024,19/04/2025,26/04/2025,1265.72,H673RSV,40 m² Studio ∙ 1 chambre ∙ 2 personnes,Saas Grund - Valais
04/11/2024,14/12/2024,21/12/2024,908.93,H4PNL7M,60 m² Appartement ∙ 2 chambres ∙ 6 personnes,Saas Grund - Valais
04/11/2024,11/01/2025,18/01/2025,908.93,H4PNL7M,60 m² Appartement ∙ 2 chambres ∙ 6 personnes,Saas Grund - Valais
04/11/2024,18/01/2025,25/01/2025,908.93,H4PNL7M,60 m² Appartement ∙ 2 chambres ∙ 6 personnes,Saas Grund - Valais
04/11/2024,08/03/2025,15/03/2025,1114.47,H4PNL7M,60 m² Appartement ∙ 2 chambres ∙ 6 personnes,Saas Grund - Valais
04/11/2024,15/03/2025,22/03/2025,1114.47,H4PNL7M,60 m² Appartement ∙ 2 chambres ∙ 6 personnes,Saas Grund - Valais
04/11/2024,22/03/2025,29/03/2025,1114.47,H4PNL7M,60 m² Appartement ∙ 2 chambres ∙ 6 personnes,Saas Grund - Valais
04/11/2024,29/03/2025,05/04/2025,1114.47,H4PNL7M,60 m² Appartement ∙ 2 chambres ∙ 6 personnes,Saas Grund - Valais
04/11/2024,05/04/2025,12/04/2025,1114.47,H4PNL7M,60 m² Appartement ∙ 2 chambres ∙ 6 personnes,Saas Grund - Valais
04/11/2024,26/04/2025,03/05/2025,784.11,H4PNL7M,60 m² Appartement ∙ 2 chambres ∙ 6 personnes,Saas Grund - Valais
04/11/2024,03/05/2025,10/05/2025,784.11,H4PNL7M,60 m² Appartement ∙ 2 chambres ∙ 6 personnes,Saas Grund - Valais
04/11/2024,10/05/2025,17/05/2025,784.11,H4PNL7M,60 m² Appartement ∙ 2 chambres ∙ 6 personnes,Saas Grund - Valais
04/11/2024,09/11/2024,16/11/2024,781.77,HMJVPWF,Appartement ∙ 1 chambre ∙ 4 personnes,Grächen - Valais
04/11/2024,16/11/2024,23/11/2024,781.77,HMJVPWF,Appartement ∙ 1 chambre ∙ 4 personnes,Grächen - Valais
04/11/2024,23/11/2024,30/11/2024,781.77,HMJVPWF,Appartement ∙ 1 chambre ∙ 4 personnes,Grächen - Valais
04/11/2024,30/11/2024,07/12/2024,781.77,HMJVPWF,Appartement ∙ 1 chambre ∙ 4 personnes,Grächen - Valais
04/11/2024,07/12/2024,14/12/2024,781.77,HMJVPWF,Appartement ∙ 1 chambre ∙ 4 personnes,Grächen - Valais
04/11/2024,14/12/2024,21/12/2024,781.77,HMJVPWF,Appartement ∙ 1 chambre ∙ 4 personnes,Grächen - Valais
04/11/2024,15/03/2025,22/03/2025,819.00,HMJVPWF,Appartement ∙ 1 chambre ∙ 4 personnes,Grächen - Valais
04/11/2024,22/03/2025,29/03/2025,819.00,HMJVPWF,Appartement ∙ 1 chambre ∙ 4 personnes,Grächen - Valais
04/11/2024,29/03/2025,05/04/2025,819.00,HMJVPWF,Appartement ∙ 1 chambre ∙ 4 personnes,Grächen - Valais
04/11/2024,05/04/2025,12/04/2025,819.00,HMJVPWF,Appartement ∙ 1 chambre ∙ 4 personnes,Grächen - Valais
04/11/2024,12/04/2025,19/04/2025,819.00,HMJVPWF,Appartement ∙ 1 chambre ∙ 4 personnes,Grächen - Valais
04/11/2024,19/04/2025,26/04/2025,819.00,HMJVPWF,Appartement ∙ 1 chambre ∙ 4 personnes,Grächen - Valais
04/11/2024,26/04/2025,03/05/2025,808.36,HMJVPWF,Appartement ∙ 1 chambre ∙ 4 personnes,Grächen - Valais
04/11/2024,09/11/2024,16/11/2024,632.87,H1XJSYF,50 m² Appartement ∙ 1 chambre ∙ 3 personnes,Saas-Almagell - Valais
04/11/2024,30/11/2024,07/12/2024,632.87,H1XJSYF,50 m² Appartement ∙ 1 chambre ∙ 3 personnes,Saas-Almagell - Valais
04/11/2024,07/12/2024,14/12/2024,632.87,H1XJSYF,50 m² Appartement ∙ 1 chambre ∙ 3 personnes,Saas-Almagell - Valais
04/11/2024,14/12/2024,21/12/2024,707.32,H1XJSYF,50 m² Appartement ∙ 1 chambre ∙ 3 personnes,Saas-Almagell - Valais
04/11/2024,04/01/2025,11/01/2025,670.09,H1XJSYF,50 m² Appartement ∙ 1 chambre ∙ 3 personnes,Saas-Almagell - Valais
04/11/2024,22/02/2025,01/03/2025,781.77,H1XJSYF,50 m² Appartement ∙ 1 chambre ∙ 3 personnes,Saas-Almagell - Valais
04/11/2024,19/04/2025,26/04/2025,744.55,H1XJSYF,50 m² Appartement ∙ 1 chambre ∙ 3 personnes,Saas-Almagell - Valais
04/11/2024,26/04/2025,03/05/2025,744.55,H1XJSYF,50 m² Appartement ∙ 1 chambre ∙ 3 personnes,Saas-Almagell - Valais
04/11/2024,09/11/2024,16/11/2024,891.00,H2P90ZH,40 m² Appartement ∙ 1 chambre ∙ 2 personnes,Verbier - Bagnes - Valais
04/11/2024,16/11/2024,23/11/2024,891.00,H2P90ZH,40 m² Appartement ∙ 1 chambre ∙ 2 personnes,Verbier - Bagnes - Valais
04/11/2024,23/11/2024,30/11/2024,891.00,H2P90ZH,40 m² Appartement ∙ 1 chambre ∙ 2 personnes,Verbier - Bagnes - Valais
04/11/2024,30/11/2024,07/12/2024,891.00,H2P90ZH,40 m² Appartement ∙ 1 chambre ∙ 2 personnes,Verbier - Bagnes - Valais
04/11/2024,07/12/2024,14/12/2024,891.00,H2P90ZH,40 m² Appartement ∙ 1 chambre ∙ 2 personnes,Verbier - Bagnes - Valais
04/11/2024,14/12/2024,21/12/2024,891.00,H2P90ZH,40 m² Appartement ∙ 1 chambre ∙ 2 personnes,Verbier - Bagnes - Valais
04/11/2024,29/03/2025,05/04/2025,891.00,H2P90ZH,40 m² Appartement ∙ 1 chambre ∙ 2 personnes,Verbier - Bagnes - Valais
04/11/2024,05/04/2025,12/04/2025,891.00,H2P90ZH,40 m² Appartement ∙ 1 chambre ∙ 2 personnes,Verbier - Bagnes - Valais
04/11/2024,12/04/2025,19/04/2025,1102.00,H2P90ZH,40 m² Appartement ∙ 1 chambre ∙ 2 personnes,Verbier - Bagnes - Valais
04/11/2024,19/04/2025,26/04/2025,1102.00,H2P90ZH,40 m² Appartement ∙ 1 chambre ∙ 2 personnes,Verbier - Bagnes - Valais
04/11/2024,26/04/2025,03/05/2025,891.00,H2P90ZH,40 m² Appartement ∙ 1 chambre ∙ 2 personnes,Verbier - Bagnes - Valais
04/11/2024,03/05/2025,10/05/2025,891.00,H2P90ZH,40 m² Appartement ∙ 1 chambre ∙ 2 personnes,Verbier - Bagnes - Valais
04/11/2024,10/05/2025,17/05/2025,891.00,H2P90ZH,40 m² Appartement ∙ 1 chambre ∙ 2 personnes,Verbier - Bagnes - Valais
04/11/2024,18/01/2025,25/01/2025,1636.62,HWLY6EN,67 m² Appartement ∙ 2 chambres ∙ 4 personnes,Saas Fee - Valais
04/11/2024,25/01/2025,01/02/2025,2114.62,HWLY6EN,67 m² Appartement ∙ 2 chambres ∙ 4 personnes,Saas Fee - Valais
04/11/2024,29/03/2025,05/04/2025,1636.62,HWLY6EN,67 m² Appartement ∙ 2 chambres ∙ 4 personnes,Saas Fee - Valais
04/11/2024,05/04/2025,12/04/2025,1636.62,HWLY6EN,67 m² Appartement ∙ 2 chambres ∙ 4 personnes,Saas Fee - Valais
04/11/2024,26/04/2025,03/05/2025,1317.96,HWLY6EN,67 m² Appartement ∙ 2 chambres ∙ 4 personnes,Saas Fee - Valais
04/11/2024,03/05/2025,10/05/2025,1317.96,HWLY6EN,67 m² Appartement ∙ 2 chambres ∙ 4 personnes,Saas Fee - Valais
04/11/2024,10/05/2025,17/05/2025,1317.96,HWLY6EN,67 m² Appartement ∙ 2 chambres ∙ 4 personnes,Saas Fee - Valais
04/11/2024,09/11/2024,16/11/2024,1562.93,MM64JYL,52 m² Appartement ∙ 1 chambre ∙ 4 personnes,Saas Fee - Valais
04/11/2024,16/11/2024,23/11/2024,1562.93,MM64JYL,52 m² Appartement ∙ 1 chambre ∙ 4 personnes,Saas Fee - Valais
04/11/2024,01/02/2025,08/02/2025,2184.35,MM64JYL,52 m² Appartement ∙ 1 chambre ∙ 4 personnes,Saas Fee - Valais
04/11/2024,08/02/2025,15/02/2025,2184.35,MM64JYL,52 m² Appartement ∙ 1 chambre ∙ 4 personnes,Saas Fee - Valais
04/11/2024,08/03/2025,15/03/2025,1583.23,MM64JYL,52 m² Appartement ∙ 1 chambre ∙ 4 personnes,Saas Fee - Valais
04/11/2024,22/03/2025,29/03/2025,1434.38,MM64JYL,52 m² Appartement ∙ 1 chambre ∙ 4 personnes,Saas Fee - Valais
04/11/2024,29/03/2025,05/04/2025,1388.58,MM64JYL,52 m² Appartement ∙ 1 chambre ∙ 4 personnes,Saas Fee - Valais
04/11/2024,05/04/2025,12/04/2025,1422.93,MM64JYL,52 m² Appartement ∙ 1 chambre ∙ 4 personnes,Saas Fee - Valais
04/11/2024,12/04/2025,19/04/2025,1422.93,MM64JYL,52 m² Appartement ∙ 1 chambre ∙ 4 personnes,Saas Fee - Valais
04/11/2024,26/04/2025,03/05/2025,1274.08,MM64JYL,52 m² Appartement ∙ 1 chambre ∙ 4 personnes,Saas Fee - Valais
04/11/2024,03/05/2025,10/05/2025,1102.33,MM64JYL,52 m² Appartement ∙ 1 chambre ∙ 4 personnes,Saas Fee - Valais
04/11/2024,10/05/2025,17/05/2025,1102.33,MM64JYL,52 m² Appartement ∙ 1 chambre ∙ 4 personnes,Saas Fee - Valais
04/11/2024,09/11/2024,16/11/2024,2782.25,HVWP7AN,110 m² Appartement ∙ 4 chambres ∙ 8 personnes,Saas Fee - Valais
04/11/2024,16/11/2024,23/11/2024,2782.25,HVWP7AN,110 m² Appartement ∙ 4 chambres ∙ 8 personnes,Saas Fee - Valais
04/11/2024,23/11/2024,30/11/2024,2782.25,HVWP7AN,110 m² Appartement ∙ 4 chambres ∙ 8 personnes,Saas Fee - Valais
04/11/2024,30/11/2024,07/12/2024,2782.25,HVWP7AN,110 m² Appartement ∙ 4 chambres ∙ 8 personnes,Saas Fee - Valais
04/11/2024,07/12/2024,14/12/2024,2782.25,HVWP7AN,110 m² Appartement ∙ 4 chambres ∙ 8 personnes,Saas Fee - Valais
04/11/2024,14/12/2024,21/12/2024,2782.25,HVWP7AN,110 m² Appartement ∙ 4 chambres ∙ 8 personnes,Saas Fee - Valais
04/11/2024,04/01/2025,11/01/2025,2782.25,HVWP7AN,110 m² Appartement ∙ 4 chambres ∙ 8 personnes,Saas Fee - Valais
04/11/2024,11/01/2025,18/01/2025,2782.25,HVWP7AN,110 m² Appartement ∙ 4 chambres ∙ 8 personnes,Saas Fee - Valais
04/11/2024,18/01/2025,25/01/2025,2782.25,HVWP7AN,110 m² Appartement ∙ 4 chambres ∙ 8 personnes,Saas Fee - Valais
04/11/2024,25/01/2025,01/02/2025,2782.25,HVWP7AN,110 m² Appartement ∙ 4 chambres ∙ 8 personnes,Saas Fee - Valais
04/11/2024,08/03/2025,15/03/2025,3100.91,HVWP7AN,110 m² Appartement ∙ 4 chambres ∙ 8 personnes,Saas Fee - Valais
04/11/2024,22/03/2025,29/03/2025,3100.91,HVWP7AN,110 m² Appartement ∙ 4 chambres ∙ 8 personnes,Saas Fee - Valais
04/11/2024,29/03/2025,05/04/2025,3100.91,HVWP7AN,110 m² Appartement ∙ 4 chambres ∙ 8 personnes,Saas Fee - Valais
04/11/2024,05/04/2025,12/04/2025,3100.91,HVWP7AN,110 m² Appartement ∙ 4 chambres ∙ 8 personnes,Saas Fee - Valais
04/11/2024,09/11/2024,16/11/2024,1479.51,HDPWY52,Appartement ∙ 3 chambres ∙ 7 personnes,Randa - Valais
04/11/2024,30/11/2024,07/12/2024,1479.51,HDPWY52,Appartement ∙ 3 chambres ∙ 7 personnes,Randa - Valais
04/11/2024,07/12/2024,14/12/2024,1479.51,HDPWY52,Appartement ∙ 3 chambres ∙ 7 personnes,Randa - Valais
04/11/2024,14/12/2024,21/12/2024,1702.87,HDPWY52,Appartement ∙ 3 chambres ∙ 7 personnes,Randa - Valais
04/11/2024,08/03/2025,15/03/2025,1926.24,HDPWY52,Appartement ∙ 3 chambres ∙ 7 personnes,Randa - Valais
04/11/2024,29/03/2025,05/04/2025,1479.51,HDPWY52,Appartement ∙ 3 chambres ∙ 7 personnes,Randa - Valais
04/11/2024,05/04/2025,12/04/2025,1702.87,HDPWY52,Appartement ∙ 3 chambres ∙ 7 personnes,Randa - Valais
04/11/2024,26/04/2025,03/05/2025,1228.49,HDPWY52,Appartement ∙ 3 chambres ∙ 7 personnes,Randa - Valais
04/11/2024,03/05/2025,10/05/2025,1228.49,HDPWY52,Appartement ∙ 3 chambres ∙ 7 personnes,Randa - Valais
04/11/2024,10/05/2025,17/05/2025,1228.49,HDPWY52,Appartement ∙ 3 chambres ∙ 7 personnes,Randa - Valais
04/11/2024,09/11/2024,16/11/2024,964.24,HAXLMN6,50 m² Appartement ∙ 2 chambres ∙ 4 personnes,Vercorin - Valais
04/11/2024,16/11/2024,23/11/2024,964.24,HAXLMN6,50 m² Appartement ∙ 2 chambres ∙ 4 personnes,Vercorin - Valais
04/11/2024,23/11/2024,30/11/2024,964.24,HAXLMN6,50 m² Appartement ∙ 2 chambres ∙ 4 personnes,Vercorin - Valais
04/11/2024,05/04/2025,12/04/2025,1298.29,HAXLMN6,50 m² Appartement ∙ 2 chambres ∙ 4 personnes,Vercorin - Valais
04/11/2024,12/04/2025,19/04/2025,1347.62,HAXLMN6,50 m² Appartement ∙ 2 chambres ∙ 4 personnes,Vercorin - Valais
04/11/2024,19/04/2025,26/04/2025,1347.62,HAXLMN6,50 m² Appartement ∙ 2 chambres ∙ 4 personnes,Vercorin - Valais
04/11/2024,26/04/2025,03/05/2025,1011.51,HAXLMN6,50 m² Appartement ∙ 2 chambres ∙ 4 personnes,Vercorin - Valais
04/11/2024,03/05/2025,10/05/2025,1011.51,HAXLMN6,50 m² Appartement ∙ 2 chambres ∙ 4 personnes,Vercorin - Valais
04/11/2024,10/05/2025,17/05/2025,974.47,HAXLMN6,50 m² Appartement ∙ 2 chambres ∙ 4 personnes,Vercorin - Valais
04/11/2024,09/11/2024,16/11/2024,677.16,HYX9RDE,34 m² Appartement ∙ 1 chambre ∙ 2 personnes,Saas Grund - Valais
04/11/2024,16/11/2024,23/11/2024,677.16,HYX9RDE,34 m² Appartement ∙ 1 chambre ∙ 2 personnes,Saas Grund - Valais
04/11/2024,23/11/2024,30/11/2024,677.16,HYX9RDE,34 m² Appartement ∙ 1 chambre ∙ 2 personnes,Saas Grund - Valais
04/11/2024,30/11/2024,07/12/2024,677.16,HYX9RDE,34 m² Appartement ∙ 1 chambre ∙ 2 personnes,Saas Grund - Valais
04/11/2024,07/12/2024,14/12/2024,677.16,HYX9RDE,34 m² Appartement ∙ 1 chambre ∙ 2 personnes,Saas Grund - Valais
04/11/2024,11/01/2025,18/01/2025,677.16,HYX9RDE,34 m² Appartement ∙ 1 chambre ∙ 2 personnes,Saas Grund - Valais
04/11/2024,18/01/2025,25/01/2025,677.16,HYX9RDE,34 m² Appartement ∙ 1 chambre ∙ 2 personnes,Saas Grund - Valais
04/11/2024,08/03/2025,15/03/2025,796.66,HYX9RDE,34 m² Appartement ∙ 1 chambre ∙ 2 personnes,Saas Grund - Valais
04/11/2024,15/03/2025,22/03/2025,677.16,HYX9RDE,34 m² Appartement ∙ 1 chambre ∙ 2 personnes,Saas Grund - Valais
04/11/2024,12/04/2025,19/04/2025,677.16,HYX9RDE,34 m² Appartement ∙ 1 chambre ∙ 2 personnes,Saas Grund - Valais
04/11/2024,19/04/2025,26/04/2025,677.16,HYX9RDE,34 m² Appartement ∙ 1 chambre ∙ 2 personnes,Saas Grund - Valais
04/11/2024,26/04/2025,03/05/2025,665.78,HYX9RDE,34 m² Appartement ∙ 1 chambre ∙ 2 personnes,Saas Grund - Valais
04/11/2024,03/05/2025,10/05/2025,637.33,HYX9RDE,34 m² Appartement ∙ 1 chambre ∙ 2 personnes,Saas Grund - Valais
04/11/2024,10/05/2025,17/05/2025,637.33,HYX9RDE,34 m² Appartement ∙ 1 chambre ∙ 2 personnes,Saas Grund - Valais
04/11/2024,09/11/2024,16/11/2024,893.45,H7PCB5M,Appartement ∙ 2 chambres ∙ 4 personnes,Grächen - Valais
04/11/2024,16/11/2024,23/11/2024,893.45,H7PCB5M,Appartement ∙ 2 chambres ∙ 4 personnes,Grächen - Valais
04/11/2024,04/01/2025,11/01/2025,1152.13,H7PCB5M,Appartement ∙ 2 chambres ∙ 4 personnes,Grächen - Valais
04/11/2024,11/01/2025,18/01/2025,1003.22,H7PCB5M,Appartement ∙ 2 chambres ∙ 4 personnes,Grächen - Valais
04/11/2024,18/01/2025,25/01/2025,1003.22,H7PCB5M,Appartement ∙ 2 chambres ∙ 4 personnes,Grächen - Valais
04/11/2024,19/04/2025,26/04/2025,1003.22,H7PCB5M,Appartement ∙ 2 chambres ∙ 4 personnes,Grächen - Valais
04/11/2024,26/04/2025,03/05/2025,1003.22,H7PCB5M,Appartement ∙ 2 chambres ∙ 4 personnes,Grächen - Valais
04/11/2024,03/05/2025,10/05/2025,1003.22,H7PCB5M,Appartement ∙ 2 chambres ∙ 4 personnes,Grächen - Valais
04/11/2024,10/05/2025,17/05/2025,1003.22,H7PCB5M,Appartement ∙ 2 chambres ∙ 4 personnes,Grächen - Valais
04/11/2024,09/11/2024,16/11/2024,447.00,HS7LKC5,28 m² Appartement ∙ 1 chambre ∙ 2 personnes,Ovronnaz - Leytron - Valais
04/11/2024,16/11/2024,23/11/2024,560.00,HS7LKC5,28 m² Appartement ∙ 1 chambre ∙ 2 personnes,Ovronnaz - Leytron - Valais
04/11/2024,23/11/2024,30/11/2024,560.00,HS7LKC5,28 m² Appartement ∙ 1 chambre ∙ 2 personnes,Ovronnaz - Leytron - Valais
04/11/2024,07/12/2024,14/12/2024,560.00,HS7LKC5,28 m² Appartement ∙ 1 chambre ∙ 2 personnes,Ovronnaz - Leytron - Valais
04/11/2024,14/12/2024,21/12/2024,560.00,HS7LKC5,28 m² Appartement ∙ 1 chambre ∙ 2 personnes,Ovronnaz - Leytron - Valais
04/11/2024,21/12/2024,28/12/2024,886.00,HS7LKC5,28 m² Appartement ∙ 1 chambre ∙ 2 personnes,Ovronnaz - Leytron - Valais
04/11/2024,11/01/2025,18/01/2025,560.00,HS7LKC5,28 m² Appartement ∙ 1 chambre ∙ 2 personnes,Ovronnaz - Leytron - Valais
04/11/2024,18/01/2025,25/01/2025,560.00,HS7LKC5,28 m² Appartement ∙ 1 chambre ∙ 2 personnes,Ovronnaz - Leytron - Valais
04/11/2024,08/02/2025,15/02/2025,621.00,HS7LKC5,28 m² Appartement ∙ 1 chambre ∙ 2 personnes,Ovronnaz - Leytron - Valais
04/11/2024,15/02/2025,22/02/2025,1015.00,HS7LKC5,28 m² Appartement ∙ 1 chambre ∙ 2 personnes,Ovronnaz - Leytron - Valais
04/11/2024,22/02/2025,01/03/2025,1015.00,HS7LKC5,28 m² Appartement ∙ 1 chambre ∙ 2 personnes,Ovronnaz - Leytron - Valais
04/11/2024,15/03/2025,22/03/2025,560.00,HS7LKC5,28 m² Appartement ∙ 1 chambre ∙ 2 personnes,Ovronnaz - Leytron - Valais
04/11/2024,22/03/2025,29/03/2025,560.00,HS7LKC5,28 m² Appartement ∙ 1 chambre ∙ 2 personnes,Ovronnaz - Leytron - Valais
04/11/2024,29/03/2025,05/04/2025,560.00,HS7LKC5,28 m² Appartement ∙ 1 chambre ∙ 2 personnes,Ovronnaz - Leytron - Valais
04/11/2024,05/04/2025,12/04/2025,560.00,HS7LKC5,28 m² Appartement ∙ 1 chambre ∙ 2 personnes,Ovronnaz - Leytron - Valais
04/11/2024,12/04/2025,19/04/2025,560.00,HS7LKC5,28 m² Appartement ∙ 1 chambre ∙ 2 personnes,Ovronnaz - Leytron - Valais
04/11/2024,19/04/2025,26/04/2025,560.00,HS7LKC5,28 m² Appartement ∙ 1 chambre ∙ 2 personnes,Ovronnaz - Leytron - Valais
04/11/2024,26/04/2025,03/05/2025,560.00,HS7LKC5,28 m² Appartement ∙ 1 chambre ∙ 2 personnes,Ovronnaz - Leytron - Valais
04/11/2024,03/05/2025,10/05/2025,560.00,HS7LKC5,28 m² Appartement ∙ 1 chambre ∙ 2 personnes,Ovronnaz - Leytron - Valais
04/11/2024,10/05/2025,17/05/2025,560.00,HS7LKC5,28 m² Appartement ∙ 1 chambre ∙ 2 personnes,Ovronnaz - Leytron - Valais
04/11/2024,09/11/2024,16/11/2024,778.79,HML90U7,45 m² Appartement ∙ 1 chambre ∙ 4 personnes,Saas Fee - Valais
04/11/2024,30/11/2024,07/12/2024,1188.82,HML90U7,45 m² Appartement ∙ 1 chambre ∙ 4 personnes,Saas Fee - Valais
04/11/2024,07/12/2024,14/12/2024,1009.39,HML90U7,45 m² Appartement ∙ 1 chambre ∙ 4 personnes,Saas Fee - Valais
04/11/2024,14/12/2024,21/12/2024,1009.39,HML90U7,45 m² Appartement ∙ 1 chambre ∙ 4 personnes,Saas Fee - Valais
04/11/2024,01/02/2025,08/02/2025,2088.97,HML90U7,45 m² Appartement ∙ 1 chambre ∙ 4 personnes,Saas Fee - Valais
04/11/2024,08/02/2025,15/02/2025,2224.48,HML90U7,45 m² Appartement ∙ 1 chambre ∙ 4 personnes,Saas Fee - Valais
04/11/2024,22/02/2025,01/03/2025,2224.48,HML90U7,45 m² Appartement ∙ 1 chambre ∙ 4 personnes,Saas Fee - Valais
04/11/2024,01/03/2025,08/03/2025,2224.48,HML90U7,45 m² Appartement ∙ 1 chambre ∙ 4 personnes,Saas Fee - Valais
04/11/2024,29/03/2025,05/04/2025,1188.82,HML90U7,45 m² Appartement ∙ 1 chambre ∙ 4 personnes,Saas Fee - Valais
04/11/2024,05/04/2025,12/04/2025,1188.82,HML90U7,45 m² Appartement ∙ 1 chambre ∙ 4 personnes,Saas Fee - Valais
04/11/2024,19/04/2025,26/04/2025,2224.48,HML90U7,45 m² Appartement ∙ 1 chambre ∙ 4 personnes,Saas Fee - Valais
04/11/2024,14/12/2024,21/12/2024,1287.07,HY53NG4,61 m² Appartement ∙ 2 chambres ∙ 4 personnes,Saas Fee - Valais
04/11/2024,08/02/2025,15/02/2025,2195.26,HY53NG4,61 m² Appartement ∙ 2 chambres ∙ 4 personnes,Saas Fee - Valais
04/11/2024,22/03/2025,29/03/2025,2195.26,HY53NG4,61 m² Appartement ∙ 2 chambres ∙ 4 personnes,Saas Fee - Valais
04/11/2024,29/03/2025,05/04/2025,2195.26,HY53NG4,61 m² Appartement ∙ 2 chambres ∙ 4 personnes,Saas Fee - Valais
04/11/2024,04/01/2025,11/01/2025,3168.55,HT504LS,110 m² Appartement ∙ 2 chambres ∙ 4 personnes,Zermatt - Valais
04/11/2024,11/01/2025,18/01/2025,3168.55,HT504LS,110 m² Appartement ∙ 2 chambres ∙ 4 personnes,Zermatt - Valais
04/11/2024,18/01/2025,25/01/2025,3168.55,HT504LS,110 m² Appartement ∙ 2 chambres ∙ 4 personnes,Zermatt - Valais
04/11/2024,25/01/2025,01/02/2025,3168.04,HT504LS,110 m² Appartement ∙ 2 chambres ∙ 4 personnes,Zermatt - Valais
04/11/2024,22/02/2025,01/03/2025,3168.04,HT504LS,110 m² Appartement ∙ 2 chambres ∙ 4 personnes,Zermatt - Valais
04/11/2024,15/03/2025,22/03/2025,3168.04,HT504LS,110 m² Appartement ∙ 2 chambres ∙ 4 personnes,Zermatt - Valais
04/11/2024,22/03/2025,29/03/2025,3168.04,HT504LS,110 m² Appartement ∙ 2 chambres ∙ 4 personnes,Zermatt - Valais
04/11/2024,29/03/2025,05/04/2025,3168.04,HT504LS,110 m² Appartement ∙ 2 chambres ∙ 4 personnes,Zermatt - Valais
04/11/2024,05/04/2025,12/04/2025,3168.04,HT504LS,110 m² Appartement ∙ 2 chambres ∙ 4 personnes,Zermatt - Valais
04/11/2024,12/04/2025,19/04/2025,3168.04,HT504LS,110 m² Appartement ∙ 2 chambres ∙ 4 personnes,Zermatt - Valais
04/11/2024,09/11/2024,16/11/2024,686.00,H7NLXEP,58 m² Appartement ∙ 2 chambres ∙ 4 personnes,Crans-Montana - Valais
04/11/2024,16/11/2024,23/11/2024,852.00,H7NLXEP,58 m² Appartement ∙ 2 chambres ∙ 4 personnes,Crans-Montana - Valais
04/11/2024,23/11/2024,30/11/2024,852.00,H7NLXEP,58 m² Appartement ∙ 2 chambres ∙ 4 personnes,Crans-Montana - Valais
04/11/2024,30/11/2024,07/12/2024,852.00,H7NLXEP,58 m² Appartement ∙ 2 chambres ∙ 4 personnes,Crans-Montana - Valais
04/11/2024,07/12/2024,14/12/2024,852.00,H7NLXEP,58 m² Appartement ∙ 2 chambres ∙ 4 personnes,Crans-Montana - Valais
04/11/2024,14/12/2024,21/12/2024,852.00,H7NLXEP,58 m² Appartement ∙ 2 chambres ∙ 4 personnes,Crans-Montana - Valais
04/11/2024,21/12/2024,28/12/2024,1815.00,H7NLXEP,58 m² Appartement ∙ 2 chambres ∙ 4 personnes,Crans-Montana - Valais
04/11/2024,11/01/2025,18/01/2025,1026.00,H7NLXEP,58 m² Appartement ∙ 2 chambres ∙ 4 personnes,Crans-Montana - Valais
04/11/2024,18/01/2025,25/01/2025,1026.00,H7NLXEP,58 m² Appartement ∙ 2 chambres ∙ 4 personnes,Crans-Montana - Valais
04/11/2024,25/01/2025,01/02/2025,1094.00,H7NLXEP,58 m² Appartement ∙ 2 chambres ∙ 4 personnes,Crans-Montana - Valais
04/11/2024,01/02/2025,08/02/2025,1140.00,H7NLXEP,58 m² Appartement ∙ 2 chambres ∙ 4 personnes,Crans-Montana - Valais
04/11/2024,08/02/2025,15/02/2025,1529.00,H7NLXEP,58 m² Appartement ∙ 2 chambres ∙ 4 personnes,Crans-Montana - Valais
04/11/2024,15/02/2025,22/02/2025,1815.00,H7NLXEP,58 m² Appartement ∙ 2 chambres ∙ 4 personnes,Crans-Montana - Valais
04/11/2024,22/02/2025,01/03/2025,1815.00,H7NLXEP,58 m² Appartement ∙ 2 chambres ∙ 4 personnes,Crans-Montana - Valais
04/11/2024,01/03/2025,08/03/2025,1529.00,H7NLXEP,58 m² Appartement ∙ 2 chambres ∙ 4 personnes,Crans-Montana - Valais
04/11/2024,08/03/2025,15/03/2025,852.00,H7NLXEP,58 m² Appartement ∙ 2 chambres ∙ 4 personnes,Crans-Montana - Valais
04/11/2024,15/03/2025,22/03/2025,852.00,H7NLXEP,58 m² Appartement ∙ 2 chambres ∙ 4 personnes,Crans-Montana - Valais
04/11/2024,22/03/2025,29/03/2025,852.00,H7NLXEP,58 m² Appartement ∙ 2 chambres ∙ 4 personnes,Crans-Montana - Valais
04/11/2024,29/03/2025,05/04/2025,852.00,H7NLXEP,58 m² Appartement ∙ 2 chambres ∙ 4 personnes,Crans-Montana - Valais
04/11/2024,05/04/2025,12/04/2025,852.00,H7NLXEP,58 m² Appartement ∙ 2 chambres ∙ 4 personnes,Crans-Montana - Valais
04/11/2024,12/04/2025,19/04/2025,1026.00,H7NLXEP,58 m² Appartement ∙ 2 chambres ∙ 4 personnes,Crans-Montana - Valais
04/11/2024,19/04/2025,26/04/2025,1026.00,H7NLXEP,58 m² Appartement ∙ 2 chambres ∙ 4 personnes,Crans-Montana - Valais
04/11/2024,26/04/2025,03/05/2025,852.00,H7NLXEP,58 m² Appartement ∙ 2 chambres ∙ 4 personnes,Crans-Montana - Valais
04/11/2024,03/05/2025,10/05/2025,852.00,H7NLXEP,58 m² Appartement ∙ 2 chambres ∙ 4 personnes,Crans-Montana - Valais
04/11/2024,10/05/2025,17/05/2025,852.00,H7NLXEP,58 m² Appartement ∙ 2 chambres ∙ 4 personnes,Crans-Montana - Valais
04/11/2024,09/11/2024,16/11/2024,728.04,HT9GUE2,32 m² Appartement ∙ 1 chambre ∙ 2 personnes,Loèche-les-Bains - Valais
04/11/2024,16/11/2024,23/11/2024,781.64,HT9GUE2,32 m² Appartement ∙ 1 chambre ∙ 2 personnes,Loèche-les-Bains - Valais
04/11/2024,23/11/2024,30/11/2024,781.64,HT9GUE2,32 m² Appartement ∙ 1 chambre ∙ 2 personnes,Loèche-les-Bains - Valais
04/11/2024,30/11/2024,07/12/2024,781.64,HT9GUE2,32 m² Appartement ∙ 1 chambre ∙ 2 personnes,Loèche-les-Bains - Valais
04/11/2024,07/12/2024,14/12/2024,754.84,HT9GUE2,32 m² Appartement ∙ 1 chambre ∙ 2 personnes,Loèche-les-Bains - Valais
04/11/2024,14/12/2024,21/12/2024,754.84,HT9GUE2,32 m² Appartement ∙ 1 chambre ∙ 2 personnes,Loèche-les-Bains - Valais
04/11/2024,21/12/2024,28/12/2024,882.14,HT9GUE2,32 m² Appartement ∙ 1 chambre ∙ 2 personnes,Loèche-les-Bains - Valais
04/11/2024,04/01/2025,11/01/2025,839.71,HT9GUE2,32 m² Appartement ∙ 1 chambre ∙ 2 personnes,Loèche-les-Bains - Valais
04/11/2024,11/01/2025,18/01/2025,839.71,HT9GUE2,32 m² Appartement ∙ 1 chambre ∙ 2 personnes,Loèche-les-Bains - Valais
04/11/2024,18/01/2025,25/01/2025,839.71,HT9GUE2,32 m² Appartement ∙ 1 chambre ∙ 2 personnes,Loèche-les-Bains - Valais
04/11/2024,25/01/2025,01/02/2025,636.48,HT9GUE2,32 m² Appartement ∙ 1 chambre ∙ 2 personnes,Loèche-les-Bains - Valais
04/11/2024,01/02/2025,08/02/2025,636.48,HT9GUE2,32 m² Appartement ∙ 1 chambre ∙ 2 personnes,Loèche-les-Bains - Valais
04/11/2024,08/02/2025,15/02/2025,882.14,HT9GUE2,32 m² Appartement ∙ 1 chambre ∙ 2 personnes,Loèche-les-Bains - Valais
04/11/2024,15/02/2025,22/02/2025,882.14,HT9GUE2,32 m² Appartement ∙ 1 chambre ∙ 2 personnes,Loèche-les-Bains - Valais
04/11/2024,22/02/2025,01/03/2025,882.14,HT9GUE2,32 m² Appartement ∙ 1 chambre ∙ 2 personnes,Loèche-les-Bains - Valais
04/11/2024,01/03/2025,08/03/2025,882.14,HT9GUE2,32 m² Appartement ∙ 1 chambre ∙ 2 personnes,Loèche-les-Bains - Valais
04/11/2024,08/03/2025,15/03/2025,839.71,HT9GUE2,32 m² Appartement ∙ 1 chambre ∙ 2 personnes,Loèche-les-Bains - Valais
04/11/2024,15/03/2025,22/03/2025,839.71,HT9GUE2,32 m² Appartement ∙ 1 chambre ∙ 2 personnes,Loèche-les-Bains - Valais
04/11/2024,22/03/2025,29/03/2025,839.71,HT9GUE2,32 m² Appartement ∙ 1 chambre ∙ 2 personnes,Loèche-les-Bains - Valais
04/11/2024,29/03/2025,05/04/2025,839.71,HT9GUE2,32 m² Appartement ∙ 1 chambre ∙ 2 personnes,Loèche-les-Bains - Valais
04/11/2024,05/04/2025,12/04/2025,839.71,HT9GUE2,32 m² Appartement ∙ 1 chambre ∙ 2 personnes,Loèche-les-Bains - Valais
04/11/2024,12/04/2025,19/04/2025,839.71,HT9GUE2,32 m² Appartement ∙ 1 chambre ∙ 2 personnes,Loèche-les-Bains - Valais
04/11/2024,19/04/2025,26/04/2025,754.84,HT9GUE2,32 m² Appartement ∙ 1 chambre ∙ 2 personnes,Loèche-les-Bains - Valais
04/11/2024,26/04/2025,03/05/2025,754.84,HT9GUE2,32 m² Appartement ∙ 1 chambre ∙ 2 personnes,Loèche-les-Bains - Valais
04/11/2024,03/05/2025,10/05/2025,754.84,HT9GUE2,32 m² Appartement ∙ 1 chambre ∙ 2 personnes,Loèche-les-Bains - Valais
04/11/2024,10/05/2025,17/05/2025,754.84,HT9GUE2,32 m² Appartement ∙ 1 chambre ∙ 2 personnes,Loèche-les-Bains - Valais
04/11/2024,09/11/2024,16/11/2024,1330.00,HVFCT4B,130 m² Appartement ∙ 3 chambres ∙ 6 personnes,Fieschertal - Valais
04/11/2024,16/11/2024,23/11/2024,1330.00,HVFCT4B,130 m² Appartement ∙ 3 chambres ∙ 6 personnes,Fieschertal - Valais
04/11/2024,23/11/2024,30/11/2024,1330.00,HVFCT4B,130 m² Appartement ∙ 3 chambres ∙ 6 personnes,Fieschertal - Valais
04/11/2024,30/11/2024,07/12/2024,1400.46,HVFCT4B,130 m² Appartement ∙ 3 chambres ∙ 6 personnes,Fieschertal - Valais
04/11/2024,07/12/2024,14/12/2024,1233.27,HVFCT4B,130 m² Appartement ∙ 3 chambres ∙ 6 personnes,Fieschertal - Valais
04/11/2024,14/12/2024,21/12/2024,1680.05,HVFCT4B,130 m² Appartement ∙ 3 chambres ∙ 6 personnes,Fieschertal - Valais
04/11/2024,25/01/2025,01/02/2025,1544.81,HVFCT4B,130 m² Appartement ∙ 3 chambres ∙ 6 personnes,Fieschertal - Valais
04/11/2024,08/03/2025,15/03/2025,792.68,HVFCT4B,130 m² Appartement ∙ 3 chambres ∙ 6 personnes,Fieschertal - Valais
04/11/2024,15/03/2025,22/03/2025,792.68,HVFCT4B,130 m² Appartement ∙ 3 chambres ∙ 6 personnes,Fieschertal - Valais
04/11/2024,22/03/2025,29/03/2025,792.68,HVFCT4B,130 m² Appartement ∙ 3 chambres ∙ 6 personnes,Fieschertal - Valais
04/11/2024,29/03/2025,05/04/2025,792.68,HVFCT4B,130 m² Appartement ∙ 3 chambres ∙ 6 personnes,Fieschertal - Valais
04/11/2024,05/04/2025,12/04/2025,836.09,HVFCT4B,130 m² Appartement ∙ 3 chambres ∙ 6 personnes,Fieschertal - Valais
04/11/2024,12/04/2025,19/04/2025,987.71,HVFCT4B,130 m² Appartement ∙ 3 chambres ∙ 6 personnes,Fieschertal - Valais
04/11/2024,19/04/2025,26/04/2025,836.09,HVFCT4B,130 m² Appartement ∙ 3 chambres ∙ 6 personnes,Fieschertal - Valais
04/11/2024,26/04/2025,03/05/2025,740.14,HVFCT4B,130 m² Appartement ∙ 3 chambres ∙ 6 personnes,Fieschertal - Valais
04/11/2024,03/05/2025,10/05/2025,740.14,HVFCT4B,130 m² Appartement ∙ 3 chambres ∙ 6 personnes,Fieschertal - Valais
04/11/2024,10/05/2025,17/05/2025,740.14,HVFCT4B,130 m² Appartement ∙ 3 chambres ∙ 6 personnes,Fieschertal - Valais
04/11/2024,09/11/2024,16/11/2024,964.07,H17YXN4,68 m² Appartement ∙ 2 chambres ∙ 4 personnes,Vercorin - Valais
04/11/2024,16/11/2024,23/11/2024,964.07,H17YXN4,68 m² Appartement ∙ 2 chambres ∙ 4 personnes,Vercorin - Valais
04/11/2024,23/11/2024,30/11/2024,964.07,H17YXN4,68 m² Appartement ∙ 2 chambres ∙ 4 personnes,Vercorin - Valais
04/11/2024,30/11/2024,07/12/2024,964.07,H17YXN4,68 m² Appartement ∙ 2 chambres ∙ 4 personnes,Vercorin - Valais
04/11/2024,04/01/2025,11/01/2025,1298.08,H17YXN4,68 m² Appartement ∙ 2 chambres ∙ 4 personnes,Vercorin - Valais
04/11/2024,01/02/2025,08/02/2025,1684.52,H17YXN4,68 m² Appartement ∙ 2 chambres ∙ 4 personnes,Vercorin - Valais
04/11/2024,08/02/2025,15/02/2025,1684.52,H17YXN4,68 m² Appartement ∙ 2 chambres ∙ 4 personnes,Vercorin - Valais
04/11/2024,08/03/2025,15/03/2025,1298.08,H17YXN4,68 m² Appartement ∙ 2 chambres ∙ 4 personnes,Vercorin - Valais
04/11/2024,15/03/2025,22/03/2025,1298.08,H17YXN4,68 m² Appartement ∙ 2 chambres ∙ 4 personnes,Vercorin - Valais
04/11/2024,22/03/2025,29/03/2025,1298.08,H17YXN4,68 m² Appartement ∙ 2 chambres ∙ 4 personnes,Vercorin - Valais
04/11/2024,29/03/2025,05/04/2025,1298.08,H17YXN4,68 m² Appartement ∙ 2 chambres ∙ 4 personnes,Vercorin - Valais
04/11/2024,05/04/2025,12/04/2025,1347.40,H17YXN4,68 m² Appartement ∙ 2 chambres ∙ 4 personnes,Vercorin - Valais
04/11/2024,12/04/2025,19/04/2025,1347.40,H17YXN4,68 m² Appartement ∙ 2 chambres ∙ 4 personnes,Vercorin - Valais
04/11/2024,19/04/2025,26/04/2025,1347.40,H17YXN4,68 m² Appartement ∙ 2 chambres ∙ 4 personnes,Vercorin - Valais
04/11/2024,26/04/2025,03/05/2025,1011.35,H17YXN4,68 m² Appartement ∙ 2 chambres ∙ 4 personnes,Vercorin - Valais
04/11/2024,03/05/2025,10/05/2025,1011.35,H17YXN4,68 m² Appartement ∙ 2 chambres ∙ 4 personnes,Vercorin - Valais
04/11/2024,10/05/2025,17/05/2025,1011.35,H17YXN4,68 m² Appartement ∙ 2 chambres ∙ 4 personnes,Vercorin - Valais
04/11/2024,09/11/2024,16/11/2024,1301.14,HGT8VB5,90 m² Appartement ∙ 3 chambres ∙ 6 personnes,Saas Fee - Valais
04/11/2024,16/11/2024,23/11/2024,1301.14,HGT8VB5,90 m² Appartement ∙ 3 chambres ∙ 6 personnes,Saas Fee - Valais
04/11/2024,23/11/2024,30/11/2024,1301.14,HGT8VB5,90 m² Appartement ∙ 3 chambres ∙ 6 personnes,Saas Fee - Valais
04/11/2024,30/11/2024,07/12/2024,1699.41,HGT8VB5,90 m² Appartement ∙ 3 chambres ∙ 6 personnes,Saas Fee - Valais
04/11/2024,07/12/2024,14/12/2024,1699.41,HGT8VB5,90 m² Appartement ∙ 3 chambres ∙ 6 personnes,Saas Fee - Valais
04/11/2024,04/01/2025,11/01/2025,1767.68,HGT8VB5,90 m² Appartement ∙ 3 chambres ∙ 6 personnes,Saas Fee - Valais
04/11/2024,11/01/2025,18/01/2025,1699.41,HGT8VB5,90 m² Appartement ∙ 3 chambres ∙ 6 personnes,Saas Fee - Valais
04/11/2024,18/01/2025,25/01/2025,1699.41,HGT8VB5,90 m² Appartement ∙ 3 chambres ∙ 6 personnes,Saas Fee - Valais
04/11/2024,25/01/2025,01/02/2025,1938.37,HGT8VB5,90 m² Appartement ∙ 3 chambres ∙ 6 personnes,Saas Fee - Valais
04/11/2024,08/03/2025,15/03/2025,1661.33,HGT8VB5,90 m² Appartement ∙ 3 chambres ∙ 6 personnes,Saas Fee - Valais
04/11/2024,15/03/2025,22/03/2025,1593.06,HGT8VB5,90 m² Appartement ∙ 3 chambres ∙ 6 personnes,Saas Fee - Valais
04/11/2024,22/03/2025,29/03/2025,1593.06,HGT8VB5,90 m² Appartement ∙ 3 chambres ∙ 6 personnes,Saas Fee - Valais
04/11/2024,29/03/2025,05/04/2025,1593.06,HGT8VB5,90 m² Appartement ∙ 3 chambres ∙ 6 personnes,Saas Fee - Valais
04/11/2024,05/04/2025,12/04/2025,1593.06,HGT8VB5,90 m² Appartement ∙ 3 chambres ∙ 6 personnes,Saas Fee - Valais
04/11/2024,19/04/2025,26/04/2025,1938.37,HGT8VB5,90 m² Appartement ∙ 3 chambres ∙ 6 personnes,Saas Fee - Valais
04/11/2024,26/04/2025,03/05/2025,1483.21,HGT8VB5,90 m² Appartement ∙ 3 chambres ∙ 6 personnes,Saas Fee - Valais
04/11/2024,03/05/2025,10/05/2025,1301.14,HGT8VB5,90 m² Appartement ∙ 3 chambres ∙ 6 personnes,Saas Fee - Valais
04/11/2024,10/05/2025,17/05/2025,1301.14,HGT8VB5,90 m² Appartement ∙ 3 chambres ∙ 6 personnes,Saas Fee - Valais
04/11/2024,09/11/2024,16/11/2024,1071.97,H9ZYLWC,31 m² Appartement ∙ 1 chambre ∙ 2 personnes,Loèche-les-Bains - Valais
04/11/2024,23/11/2024,30/11/2024,1071.97,H9ZYLWC,31 m² Appartement ∙ 1 chambre ∙ 2 personnes,Loèche-les-Bains - Valais
04/11/2024,30/11/2024,07/12/2024,1071.97,H9ZYLWC,31 m² Appartement ∙ 1 chambre ∙ 2 personnes,Loèche-les-Bains - Valais
04/11/2024,07/12/2024,14/12/2024,1071.97,H9ZYLWC,31 m² Appartement ∙ 1 chambre ∙ 2 personnes,Loèche-les-Bains - Valais
04/11/2024,14/12/2024,21/12/2024,1071.97,H9ZYLWC,31 m² Appartement ∙ 1 chambre ∙ 2 personnes,Loèche-les-Bains - Valais
04/11/2024,08/02/2025,15/02/2025,1071.97,H9ZYLWC,31 m² Appartement ∙ 1 chambre ∙ 2 personnes,Loèche-les-Bains - Valais
04/11/2024,08/03/2025,15/03/2025,1071.97,H9ZYLWC,31 m² Appartement ∙ 1 chambre ∙ 2 personnes,Loèche-les-Bains - Valais
04/11/2024,15/03/2025,22/03/2025,1071.97,H9ZYLWC,31 m² Appartement ∙ 1 chambre ∙ 2 personnes,Loèche-les-Bains - Valais
04/11/2024,22/03/2025,29/03/2025,1071.97,H9ZYLWC,31 m² Appartement ∙ 1 chambre ∙ 2 personnes,Loèche-les-Bains - Valais
04/11/2024,29/03/2025,05/04/2025,1071.97,H9ZYLWC,31 m² Appartement ∙ 1 chambre ∙ 2 personnes,Loèche-les-Bains - Valais
04/11/2024,05/04/2025,12/04/2025,1071.97,H9ZYLWC,31 m² Appartement ∙ 1 chambre ∙ 2 personnes,Loèche-les-Bains - Valais
04/11/2024,12/04/2025,19/04/2025,1071.97,H9ZYLWC,31 m² Appartement ∙ 1 chambre ∙ 2 personnes,Loèche-les-Bains - Valais
04/11/2024,19/04/2025,26/04/2025,1071.97,H9ZYLWC,31 m² Appartement ∙ 1 chambre ∙ 2 personnes,Loèche-les-Bains - Valais
04/11/2024,26/04/2025,03/05/2025,1071.97,H9ZYLWC,31 m² Appartement ∙ 1 chambre ∙ 2 personnes,Loèche-les-Bains - Valais
04/11/2024,03/05/2025,10/05/2025,1071.97,H9ZYLWC,31 m² Appartement ∙ 1 chambre ∙ 2 personnes,Loèche-les-Bains - Valais
04/11/2024,10/05/2025,17/05/2025,1071.97,H9ZYLWC,31 m² Appartement ∙ 1 chambre ∙ 2 personnes,Loèche-les-Bains - Valais
04/11/2024,16/11/2024,23/11/2024,856.08,HWE5D91,80 m² Chalet ∙ 2 chambres ∙ 5 personnes,Ayent - Valais
04/11/2024,08/02/2025,15/02/2025,1660.16,HWE5D91,80 m² Chalet ∙ 2 chambres ∙ 5 personnes,Ayent - Valais
04/11/2024,08/03/2025,15/03/2025,1561.10,HWE5D91,80 m² Chalet ∙ 2 chambres ∙ 5 personnes,Ayent - Valais
04/11/2024,15/03/2025,22/03/2025,1213.78,HWE5D91,80 m² Chalet ∙ 2 chambres ∙ 5 personnes,Ayent - Valais
04/11/2024,22/03/2025,29/03/2025,1140.40,HWE5D91,80 m² Chalet ∙ 2 chambres ∙ 5 personnes,Ayent - Valais
04/11/2024,29/03/2025,05/04/2025,1747.00,HWE5D91,80 m² Chalet ∙ 2 chambres ∙ 5 personnes,Ayent - Valais
04/11/2024,05/04/2025,12/04/2025,1338.52,HWE5D91,80 m² Chalet ∙ 2 chambres ∙ 5 personnes,Ayent - Valais
04/11/2024,12/04/2025,19/04/2025,1343.41,HWE5D91,80 m² Chalet ∙ 2 chambres ∙ 5 personnes,Ayent - Valais
04/11/2024,19/04/2025,26/04/2025,1322.62,HWE5D91,80 m² Chalet ∙ 2 chambres ∙ 5 personnes,Ayent - Valais
04/11/2024,26/04/2025,03/05/2025,1129.39,HWE5D91,80 m² Chalet ∙ 2 chambres ∙ 5 personnes,Ayent - Valais
04/11/2024,25/01/2025,01/02/2025,2418.94,H3Z01EY,150 m² Maison de vacances ∙ 4 chambres ∙ 10 personnes,Salvan - Valais
04/11/2024,22/02/2025,01/03/2025,3588.98,H3Z01EY,150 m² Maison de vacances ∙ 4 chambres ∙ 10 personnes,Salvan - Valais
04/11/2024,15/03/2025,22/03/2025,1692.14,H3Z01EY,150 m² Maison de vacances ∙ 4 chambres ∙ 10 personnes,Salvan - Valais
04/11/2024,22/03/2025,29/03/2025,1633.42,H3Z01EY,150 m² Maison de vacances ∙ 4 chambres ∙ 10 personnes,Salvan - Valais
04/11/2024,29/03/2025,05/04/2025,1650.91,H3Z01EY,150 m² Maison de vacances ∙ 4 chambres ∙ 10 personnes,Salvan - Valais
04/11/2024,05/04/2025,12/04/2025,1633.42,H3Z01EY,150 m² Maison de vacances ∙ 4 chambres ∙ 10 personnes,Salvan - Valais
04/11/2024,12/04/2025,19/04/2025,1664.65,H3Z01EY,150 m² Maison de vacances ∙ 4 chambres ∙ 10 personnes,Salvan - Valais
04/11/2024,19/04/2025,26/04/2025,1997.83,H3Z01EY,150 m² Maison de vacances ∙ 4 chambres ∙ 10 personnes,Salvan - Valais
04/11/2024,26/04/2025,03/05/2025,1772.92,H3Z01EY,150 m² Maison de vacances ∙ 4 chambres ∙ 10 personnes,Salvan - Valais
04/11/2024,03/05/2025,10/05/2025,1605.47,H3Z01EY,150 m² Maison de vacances ∙ 4 chambres ∙ 10 personnes,Salvan - Valais
04/11/2024,10/05/2025,17/05/2025,1572.99,H3Z01EY,150 m² Maison de vacances ∙ 4 chambres ∙ 10 personnes,Salvan - Valais
04/11/2024,09/11/2024,16/11/2024,1296.36,HG5HX6E,45 m² Appartement ∙ 1 chambre ∙ 4 personnes,Les Agettes - Valais
04/11/2024,16/11/2024,23/11/2024,1296.36,HG5HX6E,45 m² Appartement ∙ 1 chambre ∙ 4 personnes,Les Agettes - Valais
04/11/2024,23/11/2024,30/11/2024,1296.36,HG5HX6E,45 m² Appartement ∙ 1 chambre ∙ 4 personnes,Les Agettes - Valais
04/11/2024,30/11/2024,07/12/2024,1296.36,HG5HX6E,45 m² Appartement ∙ 1 chambre ∙ 4 personnes,Les Agettes - Valais
04/11/2024,07/12/2024,14/12/2024,1296.36,HG5HX6E,45 m² Appartement ∙ 1 chambre ∙ 4 personnes,Les Agettes - Valais
04/11/2024,14/12/2024,21/12/2024,1296.36,HG5HX6E,45 m² Appartement ∙ 1 chambre ∙ 4 personnes,Les Agettes - Valais
04/11/2024,21/12/2024,28/12/2024,2349.18,HG5HX6E,45 m² Appartement ∙ 1 chambre ∙ 4 personnes,Les Agettes - Valais
04/11/2024,28/12/2024,04/01/2025,2349.18,HG5HX6E,45 m² Appartement ∙ 1 chambre ∙ 4 personnes,Les Agettes - Valais
04/11/2024,04/01/2025,11/01/2025,2349.18,HG5HX6E,45 m² Appartement ∙ 1 chambre ∙ 4 personnes,Les Agettes - Valais
04/11/2024,11/01/2025,18/01/2025,1296.36,HG5HX6E,45 m² Appartement ∙ 1 chambre ∙ 4 personnes,Les Agettes - Valais
04/11/2024,18/01/2025,25/01/2025,1296.36,HG5HX6E,45 m² Appartement ∙ 1 chambre ∙ 4 personnes,Les Agettes - Valais
04/11/2024,25/01/2025,01/02/2025,1296.36,HG5HX6E,45 m² Appartement ∙ 1 chambre ∙ 4 personnes,Les Agettes - Valais
04/11/2024,01/02/2025,08/02/2025,1296.36,HG5HX6E,45 m² Appartement ∙ 1 chambre ∙ 4 personnes,Les Agettes - Valais
04/11/2024,08/02/2025,15/02/2025,1296.36,HG5HX6E,45 m² Appartement ∙ 1 chambre ∙ 4 personnes,Les Agettes - Valais
04/11/2024,15/02/2025,22/02/2025,1296.36,HG5HX6E,45 m² Appartement ∙ 1 chambre ∙ 4 personnes,Les Agettes - Valais
04/11/2024,01/03/2025,08/03/2025,1296.36,HG5HX6E,45 m² Appartement ∙ 1 chambre ∙ 4 personnes,Les Agettes - Valais
04/11/2024,08/03/2025,15/03/2025,1296.36,HG5HX6E,45 m² Appartement ∙ 1 chambre ∙ 4 personnes,Les Agettes - Valais
04/11/2024,15/03/2025,22/03/2025,1296.36,HG5HX6E,45 m² Appartement ∙ 1 chambre ∙ 4 personnes,Les Agettes - Valais
04/11/2024,22/03/2025,29/03/2025,1073.03,HG5HX6E,45 m² Appartement ∙ 1 chambre ∙ 4 personnes,Les Agettes - Valais
04/11/2024,29/03/2025,05/04/2025,1073.03,HG5HX6E,45 m² Appartement ∙ 1 chambre ∙ 4 personnes,Les Agettes - Valais
04/11/2024,05/04/2025,12/04/2025,1073.03,HG5HX6E,45 m² Appartement ∙ 1 chambre ∙ 4 personnes,Les Agettes - Valais
04/11/2024,12/04/2025,19/04/2025,1073.03,HG5HX6E,45 m² Appartement ∙ 1 chambre ∙ 4 personnes,Les Agettes - Valais
04/11/2024,19/04/2025,26/04/2025,1296.36,HG5HX6E,45 m² Appartement ∙ 1 chambre ∙ 4 personnes,Les Agettes - Valais
04/11/2024,26/04/2025,03/05/2025,1296.36,HG5HX6E,45 m² Appartement ∙ 1 chambre ∙ 4 personnes,Les Agettes - Valais
04/11/2024,03/05/2025,10/05/2025,1296.36,HG5HX6E,45 m² Appartement ∙ 1 chambre ∙ 4 personnes,Les Agettes - Valais
04/11/2024,10/05/2025,17/05/2025,1296.36,HG5HX6E,45 m² Appartement ∙ 1 chambre ∙ 4 personnes,Les Agettes - Valais
04/11/2024,23/11/2024,30/11/2024,826.31,H9VRM0X,35 m² Appartement ∙ 1 chambre ∙ 2 personnes,Loèche-les-Bains - Valais
04/11/2024,30/11/2024,07/12/2024,826.31,H9VRM0X,35 m² Appartement ∙ 1 chambre ∙ 2 personnes,Loèche-les-Bains - Valais
04/11/2024,07/12/2024,14/12/2024,797.27,H9VRM0X,35 m² Appartement ∙ 1 chambre ∙ 2 personnes,Loèche-les-Bains - Valais
04/11/2024,14/12/2024,21/12/2024,797.27,H9VRM0X,35 m² Appartement ∙ 1 chambre ∙ 2 personnes,Loèche-les-Bains - Valais
04/11/2024,04/01/2025,11/01/2025,882.14,H9VRM0X,35 m² Appartement ∙ 1 chambre ∙ 2 personnes,Loèche-les-Bains - Valais
04/11/2024,11/01/2025,18/01/2025,882.14,H9VRM0X,35 m² Appartement ∙ 1 chambre ∙ 2 personnes,Loèche-les-Bains - Valais
04/11/2024,25/01/2025,01/02/2025,924.57,H9VRM0X,35 m² Appartement ∙ 1 chambre ∙ 2 personnes,Loèche-les-Bains - Valais
04/11/2024,01/02/2025,08/02/2025,924.57,H9VRM0X,35 m² Appartement ∙ 1 chambre ∙ 2 personnes,Loèche-les-Bains - Valais
04/11/2024,08/02/2025,15/02/2025,678.91,H9VRM0X,35 m² Appartement ∙ 1 chambre ∙ 2 personnes,Loèche-les-Bains - Valais
04/11/2024,15/02/2025,22/02/2025,678.91,H9VRM0X,35 m² Appartement ∙ 1 chambre ∙ 2 personnes,Loèche-les-Bains - Valais
04/11/2024,22/02/2025,01/03/2025,678.91,H9VRM0X,35 m² Appartement ∙ 1 chambre ∙ 2 personnes,Loèche-les-Bains - Valais
04/11/2024,08/03/2025,15/03/2025,636.48,H9VRM0X,35 m² Appartement ∙ 1 chambre ∙ 2 personnes,Loèche-les-Bains - Valais
04/11/2024,15/03/2025,22/03/2025,636.48,H9VRM0X,35 m² Appartement ∙ 1 chambre ∙ 2 personnes,Loèche-les-Bains - Valais
04/11/2024,22/03/2025,29/03/2025,636.48,H9VRM0X,35 m² Appartement ∙ 1 chambre ∙ 2 personnes,Loèche-les-Bains - Valais
04/11/2024,29/03/2025,05/04/2025,636.48,H9VRM0X,35 m² Appartement ∙ 1 chambre ∙ 2 personnes,Loèche-les-Bains - Valais
04/11/2024,05/04/2025,12/04/2025,636.48,H9VRM0X,35 m² Appartement ∙ 1 chambre ∙ 2 personnes,Loèche-les-Bains - Valais
04/11/2024,12/04/2025,19/04/2025,636.48,H9VRM0X,35 m² Appartement ∙ 1 chambre ∙ 2 personnes,Loèche-les-Bains - Valais
04/11/2024,19/04/2025,26/04/2025,551.61,H9VRM0X,35 m² Appartement ∙ 1 chambre ∙ 2 personnes,Loèche-les-Bains - Valais
04/11/2024,26/04/2025,03/05/2025,551.61,H9VRM0X,35 m² Appartement ∙ 1 chambre ∙ 2 personnes,Loèche-les-Bains - Valais
04/11/2024,03/05/2025,10/05/2025,551.61,H9VRM0X,35 m² Appartement ∙ 1 chambre ∙ 2 personnes,Loèche-les-Bains - Valais
04/11/2024,10/05/2025,17/05/2025,551.61,H9VRM0X,35 m² Appartement ∙ 1 chambre ∙ 2 personnes,Loèche-les-Bains - Valais
04/11/2024,09/11/2024,16/11/2024,1103.23,H70XMVZ,90 m² Appartement ∙ 2 chambres ∙ 4 personnes,Loèche-les-Bains - Valais
04/11/2024,16/11/2024,23/11/2024,1103.23,H70XMVZ,90 m² Appartement ∙ 2 chambres ∙ 4 personnes,Loèche-les-Bains - Valais
04/11/2024,23/11/2024,30/11/2024,1103.23,H70XMVZ,90 m² Appartement ∙ 2 chambres ∙ 4 personnes,Loèche-les-Bains - Valais
04/11/2024,30/11/2024,07/12/2024,1103.23,H70XMVZ,90 m² Appartement ∙ 2 chambres ∙ 4 personnes,Loèche-les-Bains - Valais
04/11/2024,07/12/2024,14/12/2024,987.10,H70XMVZ,90 m² Appartement ∙ 2 chambres ∙ 4 personnes,Loèche-les-Bains - Valais
04/11/2024,14/12/2024,21/12/2024,1214.90,H70XMVZ,90 m² Appartement ∙ 2 chambres ∙ 4 personnes,Loèche-les-Bains - Valais
04/11/2024,04/01/2025,11/01/2025,1214.90,H70XMVZ,90 m² Appartement ∙ 2 chambres ∙ 4 personnes,Loèche-les-Bains - Valais
04/11/2024,11/01/2025,18/01/2025,1214.90,H70XMVZ,90 m² Appartement ∙ 2 chambres ∙ 4 personnes,Loèche-les-Bains - Valais
04/11/2024,18/01/2025,25/01/2025,1214.90,H70XMVZ,90 m² Appartement ∙ 2 chambres ∙ 4 personnes,Loèche-les-Bains - Valais
04/11/2024,08/03/2025,15/03/2025,1214.90,H70XMVZ,90 m² Appartement ∙ 2 chambres ∙ 4 personnes,Loèche-les-Bains - Valais
04/11/2024,15/03/2025,22/03/2025,1214.90,H70XMVZ,90 m² Appartement ∙ 2 chambres ∙ 4 personnes,Loèche-les-Bains - Valais
04/11/2024,22/03/2025,29/03/2025,1214.90,H70XMVZ,90 m² Appartement ∙ 2 chambres ∙ 4 personnes,Loèche-les-Bains - Valais
04/11/2024,29/03/2025,05/04/2025,1516.92,H70XMVZ,90 m² Appartement ∙ 2 chambres ∙ 4 personnes,Loèche-les-Bains - Valais
04/11/2024,05/04/2025,12/04/2025,1516.92,H70XMVZ,90 m² Appartement ∙ 2 chambres ∙ 4 personnes,Loèche-les-Bains - Valais
04/11/2024,12/04/2025,19/04/2025,1516.92,H70XMVZ,90 m² Appartement ∙ 2 chambres ∙ 4 personnes,Loèche-les-Bains - Valais
04/11/2024,19/04/2025,26/04/2025,1516.92,H70XMVZ,90 m² Appartement ∙ 2 chambres ∙ 4 personnes,Loèche-les-Bains - Valais
04/11/2024,30/11/2024,07/12/2024,1133.87,HB8S2P4,36 m² Appartement ∙ 1 chambre ∙ 3 personnes,Saas Fee - Valais
04/11/2024,07/12/2024,14/12/2024,1133.87,HB8S2P4,36 m² Appartement ∙ 1 chambre ∙ 3 personnes,Saas Fee - Valais
04/11/2024,14/12/2024,21/12/2024,1027.52,HB8S2P4,36 m² Appartement ∙ 1 chambre ∙ 3 personnes,Saas Fee - Valais
04/11/2024,04/01/2025,11/01/2025,1027.52,HB8S2P4,36 m² Appartement ∙ 1 chambre ∙ 3 personnes,Saas Fee - Valais
04/11/2024,11/01/2025,18/01/2025,1027.52,HB8S2P4,36 m² Appartement ∙ 1 chambre ∙ 3 personnes,Saas Fee - Valais
04/11/2024,18/01/2025,25/01/2025,1027.52,HB8S2P4,36 m² Appartement ∙ 1 chambre ∙ 3 personnes,Saas Fee - Valais
04/11/2024,25/01/2025,01/02/2025,1139.03,HB8S2P4,36 m² Appartement ∙ 1 chambre ∙ 3 personnes,Saas Fee - Valais
04/11/2024,29/03/2025,05/04/2025,1115.14,HB8S2P4,36 m² Appartement ∙ 1 chambre ∙ 3 personnes,Saas Fee - Valais
04/11/2024,05/04/2025,12/04/2025,1115.14,HB8S2P4,36 m² Appartement ∙ 1 chambre ∙ 3 personnes,Saas Fee - Valais
04/11/2024,12/04/2025,19/04/2025,1139.03,HB8S2P4,36 m² Appartement ∙ 1 chambre ∙ 3 personnes,Saas Fee - Valais
04/11/2024,19/04/2025,26/04/2025,1139.03,HB8S2P4,36 m² Appartement ∙ 1 chambre ∙ 3 personnes,Saas Fee - Valais
04/11/2024,26/04/2025,03/05/2025,908.04,HB8S2P4,36 m² Appartement ∙ 1 chambre ∙ 3 personnes,Saas Fee - Valais
04/11/2024,23/11/2024,30/11/2024,980.65,H8WTMD3,90 m² Appartement ∙ 2 chambres ∙ 6 personnes,Saas-Almagell - Valais
04/11/2024,30/11/2024,07/12/2024,980.65,H8WTMD3,90 m² Appartement ∙ 2 chambres ∙ 6 personnes,Saas-Almagell - Valais
04/11/2024,07/12/2024,14/12/2024,980.65,H8WTMD3,90 m² Appartement ∙ 2 chambres ∙ 6 personnes,Saas-Almagell - Valais
04/11/2024,14/12/2024,21/12/2024,980.65,H8WTMD3,90 m² Appartement ∙ 2 chambres ∙ 6 personnes,Saas-Almagell - Valais
04/11/2024,11/01/2025,18/01/2025,939.73,H8WTMD3,90 m² Appartement ∙ 2 chambres ∙ 6 personnes,Saas-Almagell - Valais
04/11/2024,18/01/2025,25/01/2025,939.73,H8WTMD3,90 m² Appartement ∙ 2 chambres ∙ 6 personnes,Saas-Almagell - Valais
04/11/2024,22/03/2025,29/03/2025,980.65,H8WTMD3,90 m² Appartement ∙ 2 chambres ∙ 6 personnes,Saas-Almagell - Valais
04/11/2024,29/03/2025,05/04/2025,980.65,H8WTMD3,90 m² Appartement ∙ 2 chambres ∙ 6 personnes,Saas-Almagell - Valais
04/11/2024,05/04/2025,12/04/2025,980.65,H8WTMD3,90 m² Appartement ∙ 2 chambres ∙ 6 personnes,Saas-Almagell - Valais
04/11/2024,19/04/2025,26/04/2025,980.65,H8WTMD3,90 m² Appartement ∙ 2 chambres ∙ 6 personnes,Saas-Almagell - Valais
04/11/2024,09/11/2024,16/11/2024,1261.10,H8G34T5,60 m² Appartement ∙ 1 chambre ∙ 3 personnes,Saas Fee - Valais
04/11/2024,16/11/2024,23/11/2024,1261.10,H8G34T5,60 m² Appartement ∙ 1 chambre ∙ 3 personnes,Saas Fee - Valais
04/11/2024,23/11/2024,30/11/2024,1261.10,H8G34T5,60 m² Appartement ∙ 1 chambre ∙ 3 personnes,Saas Fee - Valais
04/11/2024,30/11/2024,07/12/2024,1444.44,H8G34T5,60 m² Appartement ∙ 1 chambre ∙ 3 personnes,Saas Fee - Valais
04/11/2024,07/12/2024,14/12/2024,1444.44,H8G34T5,60 m² Appartement ∙ 1 chambre ∙ 3 personnes,Saas Fee - Valais
04/11/2024,14/12/2024,21/12/2024,1444.44,H8G34T5,60 m² Appartement ∙ 1 chambre ∙ 3 personnes,Saas Fee - Valais
04/11/2024,12/04/2025,19/04/2025,1970.53,H8G34T5,60 m² Appartement ∙ 1 chambre ∙ 3 personnes,Saas Fee - Valais
04/11/2024,19/04/2025,26/04/2025,1770.12,H8G34T5,60 m² Appartement ∙ 1 chambre ∙ 3 personnes,Saas Fee - Valais
04/11/2024,14/12/2024,21/12/2024,896.00,HLTAS4M,3 room apartment standard,3 room apartment standardVercorin - Valais
04/11/2024,21/12/2024,28/12/2024,2025.00,HLTAS4M,3 room apartment standard,3 room apartment standardVercorin - Valais
04/11/2024,28/12/2024,04/01/2025,2995.00,HLTAS4M,3 room apartment standard,3 room apartment standardVercorin - Valais
04/11/2024,04/01/2025,11/01/2025,946.00,HLTAS4M,3 room apartment standard,3 room apartment standardVercorin - Valais
04/11/2024,11/01/2025,18/01/2025,946.00,HLTAS4M,3 room apartment standard,3 room apartment standardVercorin - Valais
04/11/2024,18/01/2025,25/01/2025,946.00,HLTAS4M,3 room apartment standard,3 room apartment standardVercorin - Valais
04/11/2024,01/02/2025,08/02/2025,2032.00,HLTAS4M,3 room apartment standard,3 room apartment standardVercorin - Valais
04/11/2024,08/02/2025,15/02/2025,2138.00,HLTAS4M,3 room apartment standard,3 room apartment standardVercorin - Valais
04/11/2024,22/02/2025,01/03/2025,2366.00,HLTAS4M,3 room apartment standard,3 room apartment standardVercorin - Valais
04/11/2024,08/03/2025,15/03/2025,1198.00,HLTAS4M,3 room apartment standard,3 room apartment standardVercorin - Valais
04/11/2024,15/03/2025,22/03/2025,1198.00,HLTAS4M,3 room apartment standard,3 room apartment standardVercorin - Valais
04/11/2024,22/03/2025,29/03/2025,1047.00,HLTAS4M,3 room apartment standard,3 room apartment standardVercorin - Valais
04/11/2024,29/03/2025,05/04/2025,1047.00,HLTAS4M,3 room apartment standard,3 room apartment standardVercorin - Valais
04/11/2024,05/04/2025,12/04/2025,1350.00,HLTAS4M,3 room apartment standard,3 room apartment standardVercorin - Valais
04/11/2024,12/04/2025,19/04/2025,1198.00,HLTAS4M,3 room apartment standard,3 room apartment standardVercorin - Valais
04/11/2024,04/01/2025,11/01/2025,1172.90,HBWN764,55 m² Appartement ∙ 1 chambre ∙ 4 personnes,Saas Fee - Valais
04/11/2024,11/01/2025,18/01/2025,1115.97,HBWN764,55 m² Appartement ∙ 1 chambre ∙ 4 personnes,Saas Fee - Valais
04/11/2024,08/02/2025,15/02/2025,1400.39,HBWN764,55 m² Appartement ∙ 1 chambre ∙ 4 personnes,Saas Fee - Valais
04/11/2024,22/03/2025,29/03/2025,1115.97,HBWN764,55 m² Appartement ∙ 1 chambre ∙ 4 personnes,Saas Fee - Valais
04/11/2024,29/03/2025,05/04/2025,1115.97,HBWN764,55 m² Appartement ∙ 1 chambre ∙ 4 personnes,Saas Fee - Valais
04/11/2024,03/05/2025,10/05/2025,1001.83,HBWN764,55 m² Appartement ∙ 1 chambre ∙ 4 personnes,Saas Fee - Valais
04/11/2024,10/05/2025,17/05/2025,1001.83,HBWN764,55 m² Appartement ∙ 1 chambre ∙ 4 personnes,Saas Fee - Valais
04/11/2024,09/11/2024,16/11/2024,1115.97,H6XH31D,60 m² Appartement ∙ 2 chambres ∙ 5 personnes,Saas Fee - Valais
04/11/2024,16/11/2024,23/11/2024,1115.97,H6XH31D,60 m² Appartement ∙ 2 chambres ∙ 5 personnes,Saas Fee - Valais
04/11/2024,23/11/2024,30/11/2024,1115.97,H6XH31D,60 m² Appartement ∙ 2 chambres ∙ 5 personnes,Saas Fee - Valais
04/11/2024,30/11/2024,07/12/2024,1115.97,H6XH31D,60 m² Appartement ∙ 2 chambres ∙ 5 personnes,Saas Fee - Valais
04/11/2024,07/12/2024,14/12/2024,1115.97,H6XH31D,60 m² Appartement ∙ 2 chambres ∙ 5 personnes,Saas Fee - Valais
04/11/2024,14/12/2024,21/12/2024,1115.97,H6XH31D,60 m² Appartement ∙ 2 chambres ∙ 5 personnes,Saas Fee - Valais
04/11/2024,11/01/2025,18/01/2025,1115.97,H6XH31D,60 m² Appartement ∙ 2 chambres ∙ 5 personnes,Saas Fee - Valais
04/11/2024,18/01/2025,25/01/2025,1115.97,H6XH31D,60 m² Appartement ∙ 2 chambres ∙ 5 personnes,Saas Fee - Valais
04/11/2024,01/02/2025,08/02/2025,2072.51,H6XH31D,60 m² Appartement ∙ 2 chambres ∙ 5 personnes,Saas Fee - Valais
04/11/2024,22/03/2025,29/03/2025,1355.10,H6XH31D,60 m² Appartement ∙ 2 chambres ∙ 5 personnes,Saas Fee - Valais
04/11/2024,29/03/2025,05/04/2025,1355.10,H6XH31D,60 m² Appartement ∙ 2 chambres ∙ 5 personnes,Saas Fee - Valais
04/11/2024,12/04/2025,19/04/2025,1753.66,H6XH31D,60 m² Appartement ∙ 2 chambres ∙ 5 personnes,Saas Fee - Valais
04/11/2024,19/04/2025,26/04/2025,1753.66,H6XH31D,60 m² Appartement ∙ 2 chambres ∙ 5 personnes,Saas Fee - Valais
04/11/2024,09/11/2024,16/11/2024,1382.00,HFCVA6T,85 m² Appartement ∙ 3 chambres ∙ 6 personnes,Zinal - Ayer - Valais
04/11/2024,16/11/2024,23/11/2024,1382.00,HFCVA6T,85 m² Appartement ∙ 3 chambres ∙ 6 personnes,Zinal - Ayer - Valais
04/11/2024,23/11/2024,30/11/2024,1382.00,HFCVA6T,85 m² Appartement ∙ 3 chambres ∙ 6 personnes,Zinal - Ayer - Valais
04/11/2024,30/11/2024,07/12/2024,1382.00,HFCVA6T,85 m² Appartement ∙ 3 chambres ∙ 6 personnes,Zinal - Ayer - Valais
04/11/2024,07/12/2024,14/12/2024,1382.00,HFCVA6T,85 m² Appartement ∙ 3 chambres ∙ 6 personnes,Zinal - Ayer - Valais
04/11/2024,04/01/2025,11/01/2025,1587.00,HFCVA6T,85 m² Appartement ∙ 3 chambres ∙ 6 personnes,Zinal - Ayer - Valais
04/11/2024,08/03/2025,15/03/2025,1731.00,HFCVA6T,85 m² Appartement ∙ 3 chambres ∙ 6 personnes,Zinal - Ayer - Valais
04/11/2024,15/03/2025,22/03/2025,1587.00,HFCVA6T,85 m² Appartement ∙ 3 chambres ∙ 6 personnes,Zinal - Ayer - Valais
04/11/2024,22/03/2025,29/03/2025,1587.00,HFCVA6T,85 m² Appartement ∙ 3 chambres ∙ 6 personnes,Zinal - Ayer - Valais
04/11/2024,29/03/2025,05/04/2025,1587.00,HFCVA6T,85 m² Appartement ∙ 3 chambres ∙ 6 personnes,Zinal - Ayer - Valais
04/11/2024,05/04/2025,12/04/2025,1382.00,HFCVA6T,85 m² Appartement ∙ 3 chambres ∙ 6 personnes,Zinal - Ayer - Valais
04/11/2024,26/04/2025,03/05/2025,1382.00,HFCVA6T,85 m² Appartement ∙ 3 chambres ∙ 6 personnes,Zinal - Ayer - Valais
04/11/2024,03/05/2025,10/05/2025,1382.00,HFCVA6T,85 m² Appartement ∙ 3 chambres ∙ 6 personnes,Zinal - Ayer - Valais
04/11/2024,10/05/2025,17/05/2025,1382.00,HFCVA6T,85 m² Appartement ∙ 3 chambres ∙ 6 personnes,Zinal - Ayer - Valais
04/11/2024,21/12/2024,28/12/2024,2310.00,HCG6R0M,100 m² Maison de vacances ∙ 3 chambres ∙ 6 personnes,Chamoson - Valais
04/11/2024,28/12/2024,04/01/2025,2762.00,HCG6R0M,100 m² Maison de vacances ∙ 3 chambres ∙ 6 personnes,Chamoson - Valais
04/11/2024,04/01/2025,11/01/2025,1248.00,HCG6R0M,100 m² Maison de vacances ∙ 3 chambres ∙ 6 personnes,Chamoson - Valais
04/11/2024,11/01/2025,18/01/2025,1248.00,HCG6R0M,100 m² Maison de vacances ∙ 3 chambres ∙ 6 personnes,Chamoson - Valais
04/11/2024,18/01/2025,25/01/2025,1248.00,HCG6R0M,100 m² Maison de vacances ∙ 3 chambres ∙ 6 personnes,Chamoson - Valais
04/11/2024,08/02/2025,15/02/2025,1764.00,HCG6R0M,100 m² Maison de vacances ∙ 3 chambres ∙ 6 personnes,Chamoson - Valais
04/11/2024,22/02/2025,01/03/2025,2636.00,HCG6R0M,100 m² Maison de vacances ∙ 3 chambres ∙ 6 personnes,Chamoson - Valais
04/11/2024,01/03/2025,08/03/2025,2636.00,HCG6R0M,100 m² Maison de vacances ∙ 3 chambres ∙ 6 personnes,Chamoson - Valais
04/11/2024,08/03/2025,15/03/2025,1248.00,HCG6R0M,100 m² Maison de vacances ∙ 3 chambres ∙ 6 personnes,Chamoson - Valais
04/11/2024,15/03/2025,22/03/2025,1248.00,HCG6R0M,100 m² Maison de vacances ∙ 3 chambres ∙ 6 personnes,Chamoson - Valais
04/11/2024,22/03/2025,29/03/2025,1248.00,HCG6R0M,100 m² Maison de vacances ∙ 3 chambres ∙ 6 personnes,Chamoson - Valais
04/11/2024,29/03/2025,05/04/2025,1248.00,HCG6R0M,100 m² Maison de vacances ∙ 3 chambres ∙ 6 personnes,Chamoson - Valais
04/11/2024,05/04/2025,12/04/2025,1248.00,HCG6R0M,100 m² Maison de vacances ∙ 3 chambres ∙ 6 personnes,Chamoson - Valais
04/11/2024,12/04/2025,19/04/2025,1248.00,HCG6R0M,100 m² Maison de vacances ∙ 3 chambres ∙ 6 personnes,Chamoson - Valais
04/11/2024,19/04/2025,26/04/2025,1248.00,HCG6R0M,100 m² Maison de vacances ∙ 3 chambres ∙ 6 personnes,Chamoson - Valais
04/11/2024,26/04/2025,03/05/2025,1248.00,HCG6R0M,100 m² Maison de vacances ∙ 3 chambres ∙ 6 personnes,Chamoson - Valais
04/11/2024,03/05/2025,10/05/2025,1248.00,HCG6R0M,100 m² Maison de vacances ∙ 3 chambres ∙ 6 personnes,Chamoson - Valais
04/11/2024,10/05/2025,17/05/2025,1248.00,HCG6R0M,100 m² Maison de vacances ∙ 3 chambres ∙ 6 personnes,Chamoson - Valais
04/11/2024,29/03/2025,05/04/2025,518.12,H8UGF3K,24 m² Appartement ∙ 1 chambre ∙ 2 personnes,Saas Fee - Valais
04/11/2024,09/11/2024,16/11/2024,661.04,H1ZDBVW,42 m² Appartement ∙ 2 chambres ∙ 6 personnes,Nendaz - Valais
04/11/2024,16/11/2024,23/11/2024,661.04,H1ZDBVW,42 m² Appartement ∙ 2 chambres ∙ 6 personnes,Nendaz - Valais
04/11/2024,23/11/2024,30/11/2024,821.48,H1ZDBVW,42 m² Appartement ∙ 2 chambres ∙ 6 personnes,Nendaz - Valais
04/11/2024,30/11/2024,07/12/2024,821.48,H1ZDBVW,42 m² Appartement ∙ 2 chambres ∙ 6 personnes,Nendaz - Valais
04/11/2024,07/12/2024,14/12/2024,821.48,H1ZDBVW,42 m² Appartement ∙ 2 chambres ∙ 6 personnes,Nendaz - Valais
04/11/2024,14/12/2024,21/12/2024,821.48,H1ZDBVW,42 m² Appartement ∙ 2 chambres ∙ 6 personnes,Nendaz - Valais
04/11/2024,21/12/2024,28/12/2024,2146.44,H1ZDBVW,42 m² Appartement ∙ 2 chambres ∙ 6 personnes,Nendaz - Valais
04/11/2024,04/01/2025,11/01/2025,821.48,H1ZDBVW,42 m² Appartement ∙ 2 chambres ∙ 6 personnes,Nendaz - Valais
04/11/2024,08/02/2025,15/02/2025,1422.48,H1ZDBVW,42 m² Appartement ∙ 2 chambres ∙ 6 personnes,Nendaz - Valais
04/11/2024,01/03/2025,08/03/2025,1918.33,H1ZDBVW,42 m² Appartement ∙ 2 chambres ∙ 6 personnes,Nendaz - Valais
04/11/2024,29/03/2025,05/04/2025,769.33,H1ZDBVW,42 m² Appartement ∙ 2 chambres ∙ 6 personnes,Nendaz - Valais
04/11/2024,26/04/2025,03/05/2025,769.33,H1ZDBVW,42 m² Appartement ∙ 2 chambres ∙ 6 personnes,Nendaz - Valais
04/11/2024,23/11/2024,30/11/2024,887.10,H721LDU,36 m² Appartement ∙ 1 chambre ∙ 4 personnes,Saas-Almagell - Valais
04/11/2024,30/11/2024,07/12/2024,887.10,H721LDU,36 m² Appartement ∙ 1 chambre ∙ 4 personnes,Saas-Almagell - Valais
04/11/2024,07/12/2024,14/12/2024,887.10,H721LDU,36 m² Appartement ∙ 1 chambre ∙ 4 personnes,Saas-Almagell - Valais
04/11/2024,14/12/2024,21/12/2024,887.10,H721LDU,36 m² Appartement ∙ 1 chambre ∙ 4 personnes,Saas-Almagell - Valais
04/11/2024,04/01/2025,11/01/2025,793.55,H721LDU,36 m² Appartement ∙ 1 chambre ∙ 4 personnes,Saas-Almagell - Valais
04/11/2024,11/01/2025,18/01/2025,793.55,H721LDU,36 m² Appartement ∙ 1 chambre ∙ 4 personnes,Saas-Almagell - Valais
04/11/2024,01/02/2025,08/02/2025,1011.99,H721LDU,36 m² Appartement ∙ 1 chambre ∙ 4 personnes,Saas-Almagell - Valais
04/11/2024,08/02/2025,15/02/2025,1011.99,H721LDU,36 m² Appartement ∙ 1 chambre ∙ 4 personnes,Saas-Almagell - Valais
04/11/2024,29/03/2025,05/04/2025,834.35,H721LDU,36 m² Appartement ∙ 1 chambre ∙ 4 personnes,Saas-Almagell - Valais
04/11/2024,05/04/2025,12/04/2025,834.35,H721LDU,36 m² Appartement ∙ 1 chambre ∙ 4 personnes,Saas-Almagell - Valais
04/11/2024,12/04/2025,19/04/2025,886.97,H721LDU,36 m² Appartement ∙ 1 chambre ∙ 4 personnes,Saas-Almagell - Valais
04/11/2024,19/04/2025,26/04/2025,863.14,H721LDU,36 m² Appartement ∙ 1 chambre ∙ 4 personnes,Saas-Almagell - Valais
04/11/2024,26/04/2025,03/05/2025,822.97,H721LDU,36 m² Appartement ∙ 1 chambre ∙ 4 personnes,Saas-Almagell - Valais
04/11/2024,09/11/2024,16/11/2024,1412.56,H83G6VX,90 m² Maison de vacances ∙ 2 chambres ∙ 4 personnes,Randa - Valais
04/11/2024,16/11/2024,23/11/2024,1412.56,H83G6VX,90 m² Maison de vacances ∙ 2 chambres ∙ 4 personnes,Randa - Valais
04/11/2024,23/11/2024,30/11/2024,1412.56,H83G6VX,90 m² Maison de vacances ∙ 2 chambres ∙ 4 personnes,Randa - Valais
04/11/2024,30/11/2024,07/12/2024,1412.56,H83G6VX,90 m² Maison de vacances ∙ 2 chambres ∙ 4 personnes,Randa - Valais
04/11/2024,07/12/2024,14/12/2024,1412.56,H83G6VX,90 m² Maison de vacances ∙ 2 chambres ∙ 4 personnes,Randa - Valais
04/11/2024,14/12/2024,21/12/2024,1412.56,H83G6VX,90 m² Maison de vacances ∙ 2 chambres ∙ 4 personnes,Randa - Valais
04/11/2024,11/01/2025,18/01/2025,1412.56,H83G6VX,90 m² Maison de vacances ∙ 2 chambres ∙ 4 personnes,Randa - Valais
04/11/2024,18/01/2025,25/01/2025,1412.56,H83G6VX,90 m² Maison de vacances ∙ 2 chambres ∙ 4 personnes,Randa - Valais
04/11/2024,25/01/2025,01/02/2025,1412.56,H83G6VX,90 m² Maison de vacances ∙ 2 chambres ∙ 4 personnes,Randa - Valais
04/11/2024,01/02/2025,08/02/2025,1412.56,H83G6VX,90 m² Maison de vacances ∙ 2 chambres ∙ 4 personnes,Randa - Valais
04/11/2024,08/02/2025,15/02/2025,1412.56,H83G6VX,90 m² Maison de vacances ∙ 2 chambres ∙ 4 personnes,Randa - Valais
04/11/2024,15/02/2025,22/02/2025,1412.56,H83G6VX,90 m² Maison de vacances ∙ 2 chambres ∙ 4 personnes,Randa - Valais
04/11/2024,22/02/2025,01/03/2025,1412.56,H83G6VX,90 m² Maison de vacances ∙ 2 chambres ∙ 4 personnes,Randa - Valais
04/11/2024,01/03/2025,08/03/2025,1412.56,H83G6VX,90 m² Maison de vacances ∙ 2 chambres ∙ 4 personnes,Randa - Valais
04/11/2024,08/03/2025,15/03/2025,1412.56,H83G6VX,90 m² Maison de vacances ∙ 2 chambres ∙ 4 personnes,Randa - Valais
04/11/2024,15/03/2025,22/03/2025,1412.56,H83G6VX,90 m² Maison de vacances ∙ 2 chambres ∙ 4 personnes,Randa - Valais
04/11/2024,22/03/2025,29/03/2025,1412.56,H83G6VX,90 m² Maison de vacances ∙ 2 chambres ∙ 4 personnes,Randa - Valais
04/11/2024,29/03/2025,05/04/2025,1412.56,H83G6VX,90 m² Maison de vacances ∙ 2 chambres ∙ 4 personnes,Randa - Valais
04/11/2024,05/04/2025,12/04/2025,1412.56,H83G6VX,90 m² Maison de vacances ∙ 2 chambres ∙ 4 personnes,Randa - Valais
04/11/2024,26/04/2025,03/05/2025,1412.56,H83G6VX,90 m² Maison de vacances ∙ 2 chambres ∙ 4 personnes,Randa - Valais
04/11/2024,03/05/2025,10/05/2025,1412.56,H83G6VX,90 m² Maison de vacances ∙ 2 chambres ∙ 4 personnes,Randa - Valais
04/11/2024,10/05/2025,17/05/2025,1412.56,H83G6VX,90 m² Maison de vacances ∙ 2 chambres ∙ 4 personnes,Randa - Valais
04/11/2024,03/05/2025,10/05/2025,2447.00,HZK0EXC,120 m² Appartement ∙ 3 chambres ∙ 6 personnes,Verbier - Bagnes - Valais
04/11/2024,10/05/2025,17/05/2025,2447.00,HZK0EXC,120 m² Appartement ∙ 3 chambres ∙ 6 personnes,Verbier - Bagnes - Valais
04/11/2024,09/11/2024,16/11/2024,757.15,HCLDA23,30 m² Appartement ∙ 1 chambre ∙ 2 personnes,Saas Fee - Valais
04/11/2024,16/11/2024,23/11/2024,757.15,HCLDA23,30 m² Appartement ∙ 1 chambre ∙ 2 personnes,Saas Fee - Valais
04/11/2024,23/11/2024,30/11/2024,757.15,HCLDA23,30 m² Appartement ∙ 1 chambre ∙ 2 personnes,Saas Fee - Valais
04/11/2024,30/11/2024,07/12/2024,825.47,HCLDA23,30 m² Appartement ∙ 1 chambre ∙ 2 personnes,Saas Fee - Valais
04/11/2024,07/12/2024,14/12/2024,836.85,HCLDA23,30 m² Appartement ∙ 1 chambre ∙ 2 personnes,Saas Fee - Valais
04/11/2024,08/03/2025,15/03/2025,908.59,HCLDA23,30 m² Appartement ∙ 1 chambre ∙ 2 personnes,Saas Fee - Valais
04/11/2024,15/03/2025,22/03/2025,908.59,HCLDA23,30 m² Appartement ∙ 1 chambre ∙ 2 personnes,Saas Fee - Valais
04/11/2024,22/03/2025,29/03/2025,908.59,HCLDA23,30 m² Appartement ∙ 1 chambre ∙ 2 personnes,Saas Fee - Valais
04/11/2024,29/03/2025,05/04/2025,908.59,HCLDA23,30 m² Appartement ∙ 1 chambre ∙ 2 personnes,Saas Fee - Valais
04/11/2024,05/04/2025,12/04/2025,908.59,HCLDA23,30 m² Appartement ∙ 1 chambre ∙ 2 personnes,Saas Fee - Valais
04/11/2024,12/04/2025,19/04/2025,908.59,HCLDA23,30 m² Appartement ∙ 1 chambre ∙ 2 personnes,Saas Fee - Valais
04/11/2024,04/01/2025,11/01/2025,1109.49,HDL370G,40 m² Appartement ∙ 1 chambre ∙ 4 personnes,Saas Fee - Valais
04/11/2024,11/01/2025,18/01/2025,1109.49,HDL370G,40 m² Appartement ∙ 1 chambre ∙ 4 personnes,Saas Fee - Valais
04/11/2024,18/01/2025,25/01/2025,1109.49,HDL370G,40 m² Appartement ∙ 1 chambre ∙ 4 personnes,Saas Fee - Valais
04/11/2024,29/03/2025,05/04/2025,1237.01,HDL370G,40 m² Appartement ∙ 1 chambre ∙ 4 personnes,Saas Fee - Valais
04/11/2024,05/04/2025,12/04/2025,1158.80,HDL370G,40 m² Appartement ∙ 1 chambre ∙ 4 personnes,Saas Fee - Valais
04/11/2024,12/04/2025,19/04/2025,1237.01,HDL370G,40 m² Appartement ∙ 1 chambre ∙ 4 personnes,Saas Fee - Valais
04/11/2024,19/04/2025,26/04/2025,1158.80,HDL370G,40 m² Appartement ∙ 1 chambre ∙ 4 personnes,Saas Fee - Valais
04/11/2024,09/11/2024,16/11/2024,707.62,HTDJ1EZ,Appartement ∙ 2 chambres ∙ 6 personnes,Grächen - Valais
04/11/2024,16/11/2024,23/11/2024,707.62,HTDJ1EZ,Appartement ∙ 2 chambres ∙ 6 personnes,Grächen - Valais
04/11/2024,23/11/2024,30/11/2024,707.62,HTDJ1EZ,Appartement ∙ 2 chambres ∙ 6 personnes,Grächen - Valais
04/11/2024,30/11/2024,07/12/2024,707.62,HTDJ1EZ,Appartement ∙ 2 chambres ∙ 6 personnes,Grächen - Valais
04/11/2024,07/12/2024,14/12/2024,707.62,HTDJ1EZ,Appartement ∙ 2 chambres ∙ 6 personnes,Grächen - Valais
04/11/2024,14/12/2024,21/12/2024,707.62,HTDJ1EZ,Appartement ∙ 2 chambres ∙ 6 personnes,Grächen - Valais
04/11/2024,21/12/2024,28/12/2024,1303.51,HTDJ1EZ,Appartement ∙ 2 chambres ∙ 6 personnes,Grächen - Valais
04/11/2024,04/01/2025,11/01/2025,1099.42,HTDJ1EZ,Appartement ∙ 2 chambres ∙ 6 personnes,Grächen - Valais
04/11/2024,11/01/2025,18/01/2025,1099.42,HTDJ1EZ,Appartement ∙ 2 chambres ∙ 6 personnes,Grächen - Valais
04/11/2024,18/01/2025,25/01/2025,1099.42,HTDJ1EZ,Appartement ∙ 2 chambres ∙ 6 personnes,Grächen - Valais
04/11/2024,01/03/2025,08/03/2025,1360.12,HTDJ1EZ,Appartement ∙ 2 chambres ∙ 6 personnes,Grächen - Valais
04/11/2024,08/03/2025,15/03/2025,1099.42,HTDJ1EZ,Appartement ∙ 2 chambres ∙ 6 personnes,Grächen - Valais
04/11/2024,15/03/2025,22/03/2025,1099.42,HTDJ1EZ,Appartement ∙ 2 chambres ∙ 6 personnes,Grächen - Valais
04/11/2024,22/03/2025,29/03/2025,1099.42,HTDJ1EZ,Appartement ∙ 2 chambres ∙ 6 personnes,Grächen - Valais
04/11/2024,29/03/2025,05/04/2025,1099.42,HTDJ1EZ,Appartement ∙ 2 chambres ∙ 6 personnes,Grächen - Valais
04/11/2024,05/04/2025,12/04/2025,1099.42,HTDJ1EZ,Appartement ∙ 2 chambres ∙ 6 personnes,Grächen - Valais
04/11/2024,12/04/2025,19/04/2025,1099.42,HTDJ1EZ,Appartement ∙ 2 chambres ∙ 6 personnes,Grächen - Valais
04/11/2024,19/04/2025,26/04/2025,1099.42,HTDJ1EZ,Appartement ∙ 2 chambres ∙ 6 personnes,Grächen - Valais
04/11/2024,26/04/2025,03/05/2025,868.51,HTDJ1EZ,Appartement ∙ 2 chambres ∙ 6 personnes,Grächen - Valais
04/11/2024,03/05/2025,10/05/2025,868.51,HTDJ1EZ,Appartement ∙ 2 chambres ∙ 6 personnes,Grächen - Valais
04/11/2024,10/05/2025,17/05/2025,811.90,HTDJ1EZ,Appartement ∙ 2 chambres ∙ 6 personnes,Grächen - Valais
04/11/2024,07/12/2024,14/12/2024,1396.58,H3MKLVZ,58 m² Appartement ∙ 2 chambres ∙ 5 personnes,Saas Fee - Valais
04/11/2024,14/12/2024,21/12/2024,1396.58,H3MKLVZ,58 m² Appartement ∙ 2 chambres ∙ 5 personnes,Saas Fee - Valais
04/11/2024,04/01/2025,11/01/2025,1396.58,H3MKLVZ,58 m² Appartement ∙ 2 chambres ∙ 5 personnes,Saas Fee - Valais
04/11/2024,18/01/2025,25/01/2025,1396.58,H3MKLVZ,58 m² Appartement ∙ 2 chambres ∙ 5 personnes,Saas Fee - Valais
04/11/2024,25/01/2025,01/02/2025,1938.54,H3MKLVZ,58 m² Appartement ∙ 2 chambres ∙ 5 personnes,Saas Fee - Valais
04/11/2024,29/03/2025,05/04/2025,1396.58,H3MKLVZ,58 m² Appartement ∙ 2 chambres ∙ 5 personnes,Saas Fee - Valais
04/11/2024,09/11/2024,16/11/2024,1084.10,HHZLRYT,56 m² Appartement ∙ 2 chambres ∙ 5 personnes,Saas Fee - Valais
04/11/2024,16/11/2024,23/11/2024,1084.10,HHZLRYT,56 m² Appartement ∙ 2 chambres ∙ 5 personnes,Saas Fee - Valais
04/11/2024,23/11/2024,30/11/2024,1084.10,HHZLRYT,56 m² Appartement ∙ 2 chambres ∙ 5 personnes,Saas Fee - Valais
04/11/2024,30/11/2024,07/12/2024,1084.10,HHZLRYT,56 m² Appartement ∙ 2 chambres ∙ 5 personnes,Saas Fee - Valais
04/11/2024,07/12/2024,14/12/2024,1084.10,HHZLRYT,56 m² Appartement ∙ 2 chambres ∙ 5 personnes,Saas Fee - Valais
04/11/2024,14/12/2024,21/12/2024,1084.10,HHZLRYT,56 m² Appartement ∙ 2 chambres ∙ 5 personnes,Saas Fee - Valais
04/11/2024,04/01/2025,11/01/2025,1123.95,HHZLRYT,56 m² Appartement ∙ 2 chambres ∙ 5 personnes,Saas Fee - Valais
04/11/2024,11/01/2025,18/01/2025,1123.95,HHZLRYT,56 m² Appartement ∙ 2 chambres ∙ 5 personnes,Saas Fee - Valais
04/11/2024,18/01/2025,25/01/2025,1123.95,HHZLRYT,56 m² Appartement ∙ 2 chambres ∙ 5 personnes,Saas Fee - Valais
04/11/2024,29/03/2025,05/04/2025,1936.89,HHZLRYT,56 m² Appartement ∙ 2 chambres ∙ 5 personnes,Saas Fee - Valais
04/11/2024,05/04/2025,12/04/2025,1936.89,HHZLRYT,56 m² Appartement ∙ 2 chambres ∙ 5 personnes,Saas Fee - Valais
04/11/2024,09/11/2024,16/11/2024,703.58,HN8E36T,Appartement ∙ 1 chambre ∙ 2 personnes,Saas Grund - Valais
04/11/2024,16/11/2024,23/11/2024,703.58,HN8E36T,Appartement ∙ 1 chambre ∙ 2 personnes,Saas Grund - Valais
04/11/2024,23/11/2024,30/11/2024,703.58,HN8E36T,Appartement ∙ 1 chambre ∙ 2 personnes,Saas Grund - Valais
04/11/2024,30/11/2024,07/12/2024,703.58,HN8E36T,Appartement ∙ 1 chambre ∙ 2 personnes,Saas Grund - Valais
04/11/2024,07/12/2024,14/12/2024,703.58,HN8E36T,Appartement ∙ 1 chambre ∙ 2 personnes,Saas Grund - Valais
04/11/2024,11/01/2025,18/01/2025,703.58,HN8E36T,Appartement ∙ 1 chambre ∙ 2 personnes,Saas Grund - Valais
04/11/2024,18/01/2025,25/01/2025,703.58,HN8E36T,Appartement ∙ 1 chambre ∙ 2 personnes,Saas Grund - Valais
04/11/2024,25/01/2025,01/02/2025,703.58,HN8E36T,Appartement ∙ 1 chambre ∙ 2 personnes,Saas Grund - Valais
04/11/2024,15/03/2025,22/03/2025,703.58,HN8E36T,Appartement ∙ 1 chambre ∙ 2 personnes,Saas Grund - Valais
04/11/2024,22/03/2025,29/03/2025,703.58,HN8E36T,Appartement ∙ 1 chambre ∙ 2 personnes,Saas Grund - Valais
04/11/2024,05/04/2025,12/04/2025,703.58,HN8E36T,Appartement ∙ 1 chambre ∙ 2 personnes,Saas Grund - Valais
04/11/2024,12/04/2025,19/04/2025,703.58,HN8E36T,Appartement ∙ 1 chambre ∙ 2 personnes,Saas Grund - Valais
04/11/2024,19/04/2025,26/04/2025,703.58,HN8E36T,Appartement ∙ 1 chambre ∙ 2 personnes,Saas Grund - Valais
04/11/2024,26/04/2025,03/05/2025,703.58,HN8E36T,Appartement ∙ 1 chambre ∙ 2 personnes,Saas Grund - Valais
04/11/2024,03/05/2025,10/05/2025,703.58,HN8E36T,Appartement ∙ 1 chambre ∙ 2 personnes,Saas Grund - Valais
04/11/2024,10/05/2025,17/05/2025,703.58,HN8E36T,Appartement ∙ 1 chambre ∙ 2 personnes,Saas Grund - Valais
04/11/2024,14/12/2024,21/12/2024,742.00,HWMJNE4,Résidence Velan,Résidence VelanVex - Valais
04/11/2024,21/12/2024,28/12/2024,919.00,HWMJNE4,Résidence Velan,Résidence VelanVex - Valais
04/11/2024,04/01/2025,11/01/2025,742.00,HWMJNE4,Résidence Velan,Résidence VelanVex - Valais
04/11/2024,11/01/2025,18/01/2025,742.00,HWMJNE4,Résidence Velan,Résidence VelanVex - Valais
04/11/2024,18/01/2025,25/01/2025,742.00,HWMJNE4,Résidence Velan,Résidence VelanVex - Valais
04/11/2024,08/02/2025,15/02/2025,742.00,HWMJNE4,Résidence Velan,Résidence VelanVex - Valais
04/11/2024,15/02/2025,22/02/2025,919.00,HWMJNE4,Résidence Velan,Résidence VelanVex - Valais
04/11/2024,22/02/2025,01/03/2025,919.00,HWMJNE4,Résidence Velan,Résidence VelanVex - Valais
04/11/2024,08/03/2025,15/03/2025,868.00,HWMJNE4,Résidence Velan,Résidence VelanVex - Valais
04/11/2024,22/03/2025,29/03/2025,742.00,HWMJNE4,Résidence Velan,Résidence VelanVex - Valais
04/11/2024,29/03/2025,05/04/2025,742.00,HWMJNE4,Résidence Velan,Résidence VelanVex - Valais
04/11/2024,05/04/2025,12/04/2025,742.00,HWMJNE4,Résidence Velan,Résidence VelanVex - Valais
04/11/2024,12/04/2025,19/04/2025,742.00,HWMJNE4,Résidence Velan,Résidence VelanVex - Valais
04/11/2024,19/04/2025,26/04/2025,742.00,HWMJNE4,Résidence Velan,Résidence VelanVex - Valais
04/11/2024,09/11/2024,16/11/2024,764.23,HYAVL02,70 m² Appartement ∙ 2 chambres ∙ 4 personnes,Bellwald - Valais
04/11/2024,23/11/2024,30/11/2024,764.23,HYAVL02,70 m² Appartement ∙ 2 chambres ∙ 4 personnes,Bellwald - Valais
04/11/2024,30/11/2024,07/12/2024,764.23,HYAVL02,70 m² Appartement ∙ 2 chambres ∙ 4 personnes,Bellwald - Valais
04/11/2024,07/12/2024,14/12/2024,764.23,HYAVL02,70 m² Appartement ∙ 2 chambres ∙ 4 personnes,Bellwald - Valais
04/11/2024,29/03/2025,05/04/2025,1785.12,HYAVL02,70 m² Appartement ∙ 2 chambres ∙ 4 personnes,Bellwald - Valais
04/11/2024,05/04/2025,12/04/2025,1020.89,HYAVL02,70 m² Appartement ∙ 2 chambres ∙ 4 personnes,Bellwald - Valais
04/11/2024,12/04/2025,19/04/2025,1020.89,HYAVL02,70 m² Appartement ∙ 2 chambres ∙ 4 personnes,Bellwald - Valais
04/11/2024,19/04/2025,26/04/2025,1020.89,HYAVL02,70 m² Appartement ∙ 2 chambres ∙ 4 personnes,Bellwald - Valais
04/11/2024,26/04/2025,03/05/2025,1020.89,HYAVL02,70 m² Appartement ∙ 2 chambres ∙ 4 personnes,Bellwald - Valais
04/11/2024,03/05/2025,10/05/2025,1020.89,HYAVL02,70 m² Appartement ∙ 2 chambres ∙ 4 personnes,Bellwald - Valais
04/11/2024,10/05/2025,17/05/2025,1020.89,HYAVL02,70 m² Appartement ∙ 2 chambres ∙ 4 personnes,Bellwald - Valais
04/11/2024,09/11/2024,16/11/2024,1231.88,HMWYB8D,70 m² Appartement ∙ 2 chambres ∙ 4 personnes,Saas Fee - Valais
04/11/2024,16/11/2024,23/11/2024,1231.88,HMWYB8D,70 m² Appartement ∙ 2 chambres ∙ 4 personnes,Saas Fee - Valais
04/11/2024,23/11/2024,30/11/2024,1231.88,HMWYB8D,70 m² Appartement ∙ 2 chambres ∙ 4 personnes,Saas Fee - Valais
04/11/2024,30/11/2024,07/12/2024,1231.88,HMWYB8D,70 m² Appartement ∙ 2 chambres ∙ 4 personnes,Saas Fee - Valais
04/11/2024,07/12/2024,14/12/2024,1231.88,HMWYB8D,70 m² Appartement ∙ 2 chambres ∙ 4 personnes,Saas Fee - Valais
04/11/2024,14/12/2024,21/12/2024,1710.08,HMWYB8D,70 m² Appartement ∙ 2 chambres ∙ 4 personnes,Saas Fee - Valais
04/11/2024,04/01/2025,11/01/2025,1710.31,HMWYB8D,70 m² Appartement ∙ 2 chambres ∙ 4 personnes,Saas Fee - Valais
04/11/2024,11/01/2025,18/01/2025,1232.04,HMWYB8D,70 m² Appartement ∙ 2 chambres ∙ 4 personnes,Saas Fee - Valais
04/11/2024,18/01/2025,25/01/2025,1232.04,HMWYB8D,70 m² Appartement ∙ 2 chambres ∙ 4 personnes,Saas Fee - Valais
04/11/2024,08/03/2025,15/03/2025,1869.73,HMWYB8D,70 m² Appartement ∙ 2 chambres ∙ 4 personnes,Saas Fee - Valais
04/11/2024,15/03/2025,22/03/2025,1710.31,HMWYB8D,70 m² Appartement ∙ 2 chambres ∙ 4 personnes,Saas Fee - Valais
04/11/2024,22/03/2025,29/03/2025,1710.31,HMWYB8D,70 m² Appartement ∙ 2 chambres ∙ 4 personnes,Saas Fee - Valais
04/11/2024,29/03/2025,05/04/2025,1710.31,HMWYB8D,70 m² Appartement ∙ 2 chambres ∙ 4 personnes,Saas Fee - Valais
04/11/2024,05/04/2025,12/04/2025,1710.31,HMWYB8D,70 m² Appartement ∙ 2 chambres ∙ 4 personnes,Saas Fee - Valais
04/11/2024,19/04/2025,26/04/2025,1869.73,HMWYB8D,70 m² Appartement ∙ 2 chambres ∙ 4 personnes,Saas Fee - Valais
04/11/2024,09/11/2024,16/11/2024,846.00,HHX5YMC,75 m² Appartement ∙ 2 chambres ∙ 5 personnes,Ovronnaz - Leytron - Valais
04/11/2024,16/11/2024,23/11/2024,1065.00,HHX5YMC,75 m² Appartement ∙ 2 chambres ∙ 5 personnes,Ovronnaz - Leytron - Valais
04/11/2024,23/11/2024,30/11/2024,1065.00,HHX5YMC,75 m² Appartement ∙ 2 chambres ∙ 5 personnes,Ovronnaz - Leytron - Valais
04/11/2024,30/11/2024,07/12/2024,1065.00,HHX5YMC,75 m² Appartement ∙ 2 chambres ∙ 5 personnes,Ovronnaz - Leytron - Valais
04/11/2024,07/12/2024,14/12/2024,1065.00,HHX5YMC,75 m² Appartement ∙ 2 chambres ∙ 5 personnes,Ovronnaz - Leytron - Valais
04/11/2024,11/01/2025,18/01/2025,1065.00,HHX5YMC,75 m² Appartement ∙ 2 chambres ∙ 5 personnes,Ovronnaz - Leytron - Valais
04/11/2024,18/01/2025,25/01/2025,1065.00,HHX5YMC,75 m² Appartement ∙ 2 chambres ∙ 5 personnes,Ovronnaz - Leytron - Valais
04/11/2024,15/03/2025,22/03/2025,1065.00,HHX5YMC,75 m² Appartement ∙ 2 chambres ∙ 5 personnes,Ovronnaz - Leytron - Valais
04/11/2024,22/03/2025,29/03/2025,1065.00,HHX5YMC,75 m² Appartement ∙ 2 chambres ∙ 5 personnes,Ovronnaz - Leytron - Valais
04/11/2024,29/03/2025,05/04/2025,1065.00,HHX5YMC,75 m² Appartement ∙ 2 chambres ∙ 5 personnes,Ovronnaz - Leytron - Valais
04/11/2024,05/04/2025,12/04/2025,1065.00,HHX5YMC,75 m² Appartement ∙ 2 chambres ∙ 5 personnes,Ovronnaz - Leytron - Valais
04/11/2024,12/04/2025,19/04/2025,1065.00,HHX5YMC,75 m² Appartement ∙ 2 chambres ∙ 5 personnes,Ovronnaz - Leytron - Valais
04/11/2024,19/04/2025,26/04/2025,1065.00,HHX5YMC,75 m² Appartement ∙ 2 chambres ∙ 5 personnes,Ovronnaz - Leytron - Valais
04/11/2024,26/04/2025,03/05/2025,1065.00,HHX5YMC,75 m² Appartement ∙ 2 chambres ∙ 5 personnes,Ovronnaz - Leytron - Valais
04/11/2024,03/05/2025,10/05/2025,1065.00,HHX5YMC,75 m² Appartement ∙ 2 chambres ∙ 5 personnes,Ovronnaz - Leytron - Valais
04/11/2024,10/05/2025,17/05/2025,1065.00,HHX5YMC,75 m² Appartement ∙ 2 chambres ∙ 5 personnes,Ovronnaz - Leytron - Valais
04/11/2024,09/11/2024,16/11/2024,1152.00,H7EH5ZU,Appartement ∙ 2 chambres ∙ 5 personnes,Bürchen - Valais
04/11/2024,16/11/2024,23/11/2024,1152.00,H7EH5ZU,Appartement ∙ 2 chambres ∙ 5 personnes,Bürchen - Valais
04/11/2024,23/11/2024,30/11/2024,1152.00,H7EH5ZU,Appartement ∙ 2 chambres ∙ 5 personnes,Bürchen - Valais
04/11/2024,30/11/2024,07/12/2024,1152.00,H7EH5ZU,Appartement ∙ 2 chambres ∙ 5 personnes,Bürchen - Valais
04/11/2024,07/12/2024,14/12/2024,1152.00,H7EH5ZU,Appartement ∙ 2 chambres ∙ 5 personnes,Bürchen - Valais
04/11/2024,14/12/2024,21/12/2024,1226.00,H7EH5ZU,Appartement ∙ 2 chambres ∙ 5 personnes,Bürchen - Valais
04/11/2024,21/12/2024,28/12/2024,1668.00,H7EH5ZU,Appartement ∙ 2 chambres ∙ 5 personnes,Bürchen - Valais
04/11/2024,04/01/2025,11/01/2025,1479.00,H7EH5ZU,Appartement ∙ 2 chambres ∙ 5 personnes,Bürchen - Valais
04/11/2024,11/01/2025,18/01/2025,1479.00,H7EH5ZU,Appartement ∙ 2 chambres ∙ 5 personnes,Bürchen - Valais
04/11/2024,18/01/2025,25/01/2025,1479.00,H7EH5ZU,Appartement ∙ 2 chambres ∙ 5 personnes,Bürchen - Valais
04/11/2024,25/01/2025,01/02/2025,1479.00,H7EH5ZU,Appartement ∙ 2 chambres ∙ 5 personnes,Bürchen - Valais
04/11/2024,01/02/2025,08/02/2025,1668.00,H7EH5ZU,Appartement ∙ 2 chambres ∙ 5 personnes,Bürchen - Valais
04/11/2024,08/02/2025,15/02/2025,1668.00,H7EH5ZU,Appartement ∙ 2 chambres ∙ 5 personnes,Bürchen - Valais
04/11/2024,22/02/2025,01/03/2025,1668.00,H7EH5ZU,Appartement ∙ 2 chambres ∙ 5 personnes,Bürchen - Valais
04/11/2024,01/03/2025,08/03/2025,1668.00,H7EH5ZU,Appartement ∙ 2 chambres ∙ 5 personnes,Bürchen - Valais
04/11/2024,08/03/2025,15/03/2025,1479.00,H7EH5ZU,Appartement ∙ 2 chambres ∙ 5 personnes,Bürchen - Valais
04/11/2024,15/03/2025,22/03/2025,1152.00,H7EH5ZU,Appartement ∙ 2 chambres ∙ 5 personnes,Bürchen - Valais
04/11/2024,22/03/2025,29/03/2025,1152.00,H7EH5ZU,Appartement ∙ 2 chambres ∙ 5 personnes,Bürchen - Valais
04/11/2024,29/03/2025,05/04/2025,1152.00,H7EH5ZU,Appartement ∙ 2 chambres ∙ 5 personnes,Bürchen - Valais
04/11/2024,05/04/2025,12/04/2025,1152.00,H7EH5ZU,Appartement ∙ 2 chambres ∙ 5 personnes,Bürchen - Valais
04/11/2024,12/04/2025,19/04/2025,1152.00,H7EH5ZU,Appartement ∙ 2 chambres ∙ 5 personnes,Bürchen - Valais
04/11/2024,19/04/2025,26/04/2025,1152.00,H7EH5ZU,Appartement ∙ 2 chambres ∙ 5 personnes,Bürchen - Valais
04/11/2024,26/04/2025,03/05/2025,1152.00,H7EH5ZU,Appartement ∙ 2 chambres ∙ 5 personnes,Bürchen - Valais
04/11/2024,03/05/2025,10/05/2025,1152.00,H7EH5ZU,Appartement ∙ 2 chambres ∙ 5 personnes,Bürchen - Valais
04/11/2024,10/05/2025,17/05/2025,1152.00,H7EH5ZU,Appartement ∙ 2 chambres ∙ 5 personnes,Bürchen - Valais
04/11/2024,05/04/2025,12/04/2025,773.70,H5PY4S7,88 m² Appartement ∙ 3 chambres ∙ 8 personnes,Vionnaz - Valais
04/11/2024,12/04/2025,19/04/2025,682.17,H5PY4S7,88 m² Appartement ∙ 3 chambres ∙ 8 personnes,Vionnaz - Valais
04/11/2024,09/11/2024,16/11/2024,929.29,HT61V72,Appartement ∙ 2 chambres ∙ 5 personnes,Grächen - Valais
04/11/2024,16/11/2024,23/11/2024,929.29,HT61V72,Appartement ∙ 2 chambres ∙ 5 personnes,Grächen - Valais
04/11/2024,23/11/2024,30/11/2024,929.29,HT61V72,Appartement ∙ 2 chambres ∙ 5 personnes,Grächen - Valais
04/11/2024,30/11/2024,07/12/2024,929.29,HT61V72,Appartement ∙ 2 chambres ∙ 5 personnes,Grächen - Valais
04/11/2024,07/12/2024,14/12/2024,929.29,HT61V72,Appartement ∙ 2 chambres ∙ 5 personnes,Grächen - Valais
04/11/2024,11/01/2025,18/01/2025,1078.28,HT61V72,Appartement ∙ 2 chambres ∙ 5 personnes,Grächen - Valais
04/11/2024,18/01/2025,25/01/2025,1078.28,HT61V72,Appartement ∙ 2 chambres ∙ 5 personnes,Grächen - Valais
04/11/2024,25/01/2025,01/02/2025,1152.78,HT61V72,Appartement ∙ 2 chambres ∙ 5 personnes,Grächen - Valais
04/11/2024,22/02/2025,01/03/2025,1152.78,HT61V72,Appartement ∙ 2 chambres ∙ 5 personnes,Grächen - Valais
04/11/2024,08/03/2025,15/03/2025,1078.28,HT61V72,Appartement ∙ 2 chambres ∙ 5 personnes,Grächen - Valais
04/11/2024,15/03/2025,22/03/2025,1078.28,HT61V72,Appartement ∙ 2 chambres ∙ 5 personnes,Grächen - Valais
04/11/2024,22/03/2025,29/03/2025,1078.28,HT61V72,Appartement ∙ 2 chambres ∙ 5 personnes,Grächen - Valais
04/11/2024,29/03/2025,05/04/2025,1078.28,HT61V72,Appartement ∙ 2 chambres ∙ 5 personnes,Grächen - Valais
04/11/2024,05/04/2025,12/04/2025,1078.28,HT61V72,Appartement ∙ 2 chambres ∙ 5 personnes,Grächen - Valais
04/11/2024,12/04/2025,19/04/2025,1078.28,HT61V72,Appartement ∙ 2 chambres ∙ 5 personnes,Grächen - Valais
04/11/2024,19/04/2025,26/04/2025,993.14,HT61V72,Appartement ∙ 2 chambres ∙ 5 personnes,Grächen - Valais
04/11/2024,26/04/2025,03/05/2025,929.29,HT61V72,Appartement ∙ 2 chambres ∙ 5 personnes,Grächen - Valais
04/11/2024,03/05/2025,10/05/2025,929.29,HT61V72,Appartement ∙ 2 chambres ∙ 5 personnes,Grächen - Valais
04/11/2024,10/05/2025,17/05/2025,929.29,HT61V72,Appartement ∙ 2 chambres ∙ 5 personnes,Grächen - Valais
04/11/2024,04/01/2025,11/01/2025,790.00,HAK352J,50 m² Appartement ∙ 1 chambre ∙ 6 personnes,Loèche-les-Bains - Valais
04/11/2024,08/03/2025,15/03/2025,790.00,HAK352J,50 m² Appartement ∙ 1 chambre ∙ 6 personnes,Loèche-les-Bains - Valais
04/11/2024,15/03/2025,22/03/2025,680.00,HAK352J,50 m² Appartement ∙ 1 chambre ∙ 6 personnes,Loèche-les-Bains - Valais
04/11/2024,22/03/2025,29/03/2025,680.00,HAK352J,50 m² Appartement ∙ 1 chambre ∙ 6 personnes,Loèche-les-Bains - Valais
04/11/2024,29/03/2025,05/04/2025,847.00,HAK352J,50 m² Appartement ∙ 1 chambre ∙ 6 personnes,Loèche-les-Bains - Valais
04/11/2024,05/04/2025,12/04/2025,847.00,HAK352J,50 m² Appartement ∙ 1 chambre ∙ 6 personnes,Loèche-les-Bains - Valais
04/11/2024,09/11/2024,16/11/2024,969.94,HMRLGHB,65 m² Appartement ∙ 2 chambres ∙ 6 personnes,Crans-Montana - Valais
11/11/2024,04/01/2025,11/01/2025,855.60,HAF0SC1,Appartement ∙ 5 personnes,Grächen - Valais
11/11/2024,11/01/2025,18/01/2025,855.60,HAF0SC1,Appartement ∙ 5 personnes,Grächen - Valais
11/11/2024,18/01/2025,25/01/2025,855.60,HAF0SC1,Appartement ∙ 5 personnes,Grächen - Valais
11/11/2024,25/01/2025,01/02/2025,1377.57,HAF0SC1,Appartement ∙ 5 personnes,Grächen - Valais
11/11/2024,01/03/2025,08/03/2025,1377.57,HAF0SC1,Appartement ∙ 5 personnes,Grächen - Valais
11/11/2024,22/03/2025,29/03/2025,930.17,HAF0SC1,Appartement ∙ 5 personnes,Grächen - Valais
11/11/2024,29/03/2025,05/04/2025,930.17,HAF0SC1,Appartement ∙ 5 personnes,Grächen - Valais
11/11/2024,05/04/2025,12/04/2025,930.17,HAF0SC1,Appartement ∙ 5 personnes,Grächen - Valais
11/11/2024,12/04/2025,19/04/2025,930.17,HAF0SC1,Appartement ∙ 5 personnes,Grächen - Valais
11/11/2024,19/04/2025,26/04/2025,930.17,HAF0SC1,Appartement ∙ 5 personnes,Grächen - Valais
11/11/2024,16/11/2024,23/11/2024,936.35,HNWYSPC,Appartement ∙ 1 chambre ∙ 4 personnes,Val-d'Illiez - Valais
11/11/2024,23/11/2024,30/11/2024,936.35,HNWYSPC,Appartement ∙ 1 chambre ∙ 4 personnes,Val-d'Illiez - Valais
11/11/2024,30/11/2024,07/12/2024,936.35,HNWYSPC,Appartement ∙ 1 chambre ∙ 4 personnes,Val-d'Illiez - Valais
11/11/2024,07/12/2024,14/12/2024,936.35,HNWYSPC,Appartement ∙ 1 chambre ∙ 4 personnes,Val-d'Illiez - Valais
11/11/2024,14/12/2024,21/12/2024,1234.62,HNWYSPC,Appartement ∙ 1 chambre ∙ 4 personnes,Val-d'Illiez - Valais
11/11/2024,04/01/2025,11/01/2025,1383.75,HNWYSPC,Appartement ∙ 1 chambre ∙ 4 personnes,Val-d'Illiez - Valais
11/11/2024,11/01/2025,18/01/2025,1383.75,HNWYSPC,Appartement ∙ 1 chambre ∙ 4 personnes,Val-d'Illiez - Valais
11/11/2024,18/01/2025,25/01/2025,1383.75,HNWYSPC,Appartement ∙ 1 chambre ∙ 4 personnes,Val-d'Illiez - Valais
11/11/2024,25/01/2025,01/02/2025,1532.88,HNWYSPC,Appartement ∙ 1 chambre ∙ 4 personnes,Val-d'Illiez - Valais
11/11/2024,01/02/2025,08/02/2025,1532.88,HNWYSPC,Appartement ∙ 1 chambre ∙ 4 personnes,Val-d'Illiez - Valais
11/11/2024,08/02/2025,15/02/2025,1532.88,HNWYSPC,Appartement ∙ 1 chambre ∙ 4 personnes,Val-d'Illiez - Valais
11/11/2024,08/03/2025,15/03/2025,1383.75,HNWYSPC,Appartement ∙ 1 chambre ∙ 4 personnes,Val-d'Illiez - Valais
11/11/2024,15/03/2025,22/03/2025,1383.75,HNWYSPC,Appartement ∙ 1 chambre ∙ 4 personnes,Val-d'Illiez - Valais
11/11/2024,22/03/2025,29/03/2025,1234.62,HNWYSPC,Appartement ∙ 1 chambre ∙ 4 personnes,Val-d'Illiez - Valais
11/11/2024,29/03/2025,05/04/2025,1234.62,HNWYSPC,Appartement ∙ 1 chambre ∙ 4 personnes,Val-d'Illiez - Valais
11/11/2024,05/04/2025,12/04/2025,1234.62,HNWYSPC,Appartement ∙ 1 chambre ∙ 4 personnes,Val-d'Illiez - Valais
11/11/2024,11/01/2025,18/01/2025,1238.56,HAK86G1,70 m² Appartement ∙ 2 chambres ∙ 4 personnes,Saas-Almagell - Valais
11/11/2024,18/01/2025,25/01/2025,1398.13,HAK86G1,70 m² Appartement ∙ 2 chambres ∙ 4 personnes,Saas-Almagell - Valais
11/11/2024,01/02/2025,08/02/2025,1477.92,HAK86G1,70 m² Appartement ∙ 2 chambres ∙ 4 personnes,Saas-Almagell - Valais
11/11/2024,22/02/2025,01/03/2025,1637.49,HAK86G1,70 m² Appartement ∙ 2 chambres ∙ 4 personnes,Saas-Almagell - Valais
11/11/2024,15/03/2025,22/03/2025,1238.56,HAK86G1,70 m² Appartement ∙ 2 chambres ∙ 4 personnes,Saas-Almagell - Valais
11/11/2024,22/03/2025,29/03/2025,1238.56,HAK86G1,70 m² Appartement ∙ 2 chambres ∙ 4 personnes,Saas-Almagell - Valais
11/11/2024,29/03/2025,05/04/2025,1238.56,HAK86G1,70 m² Appartement ∙ 2 chambres ∙ 4 personnes,Saas-Almagell - Valais
11/11/2024,05/04/2025,12/04/2025,1238.56,HAK86G1,70 m² Appartement ∙ 2 chambres ∙ 4 personnes,Saas-Almagell - Valais
11/11/2024,12/04/2025,19/04/2025,1398.13,HAK86G1,70 m² Appartement ∙ 2 chambres ∙ 4 personnes,Saas-Almagell - Valais
11/11/2024,19/04/2025,26/04/2025,1398.13,HAK86G1,70 m² Appartement ∙ 2 chambres ∙ 4 personnes,Saas-Almagell - Valais
11/11/2024,04/01/2025,11/01/2025,1472.57,HBAX3F8,38 m² Appartement ∙ 1 chambre ∙ 4 personnes,Saas Fee - Valais
11/11/2024,11/01/2025,18/01/2025,1233.21,HBAX3F8,38 m² Appartement ∙ 1 chambre ∙ 4 personnes,Saas Fee - Valais
11/11/2024,18/01/2025,25/01/2025,1164.31,HBAX3F8,38 m² Appartement ∙ 1 chambre ∙ 4 personnes,Saas Fee - Valais
11/11/2024,08/02/2025,15/02/2025,1711.93,HBAX3F8,38 m² Appartement ∙ 1 chambre ∙ 4 personnes,Saas Fee - Valais
11/11/2024,22/03/2025,29/03/2025,1472.57,HBAX3F8,38 m² Appartement ∙ 1 chambre ∙ 4 personnes,Saas Fee - Valais
11/11/2024,29/03/2025,05/04/2025,1472.57,HBAX3F8,38 m² Appartement ∙ 1 chambre ∙ 4 personnes,Saas Fee - Valais
11/11/2024,05/04/2025,12/04/2025,1472.57,HBAX3F8,38 m² Appartement ∙ 1 chambre ∙ 4 personnes,Saas Fee - Valais
11/11/2024,23/11/2024,30/11/2024,776.78,HKX0698,60 m² Appartement ∙ 2 chambres ∙ 4 personnes,Saas Grund - Valais
11/11/2024,14/12/2024,21/12/2024,1056.03,HKX0698,60 m² Appartement ∙ 2 chambres ∙ 4 personnes,Saas Grund - Valais
11/11/2024,21/12/2024,28/12/2024,1574.64,HKX0698,60 m² Appartement ∙ 2 chambres ∙ 4 personnes,Saas Grund - Valais
11/11/2024,11/01/2025,18/01/2025,1056.03,HKX0698,60 m² Appartement ∙ 2 chambres ∙ 4 personnes,Saas Grund - Valais
11/11/2024,08/02/2025,15/02/2025,1734.22,HKX0698,60 m² Appartement ∙ 2 chambres ∙ 4 personnes,Saas Grund - Valais
11/11/2024,22/02/2025,01/03/2025,1734.22,HKX0698,60 m² Appartement ∙ 2 chambres ∙ 4 personnes,Saas Grund - Valais
11/11/2024,15/03/2025,22/03/2025,1056.03,HKX0698,60 m² Appartement ∙ 2 chambres ∙ 4 personnes,Saas Grund - Valais
11/11/2024,22/03/2025,29/03/2025,1056.03,HKX0698,60 m² Appartement ∙ 2 chambres ∙ 4 personnes,Saas Grund - Valais
11/11/2024,29/03/2025,05/04/2025,1056.03,HKX0698,60 m² Appartement ∙ 2 chambres ∙ 4 personnes,Saas Grund - Valais
11/11/2024,05/04/2025,12/04/2025,1056.03,HKX0698,60 m² Appartement ∙ 2 chambres ∙ 4 personnes,Saas Grund - Valais
11/11/2024,19/04/2025,26/04/2025,1056.03,HKX0698,60 m² Appartement ∙ 2 chambres ∙ 4 personnes,Saas Grund - Valais
11/11/2024,16/11/2024,23/11/2024,1085.27,HN5MLZU,65 m² Appartement ∙ 2 chambres ∙ 5 personnes,Saas Fee - Valais
11/11/2024,23/11/2024,30/11/2024,1085.27,HN5MLZU,65 m² Appartement ∙ 2 chambres ∙ 5 personnes,Saas Fee - Valais
11/11/2024,30/11/2024,07/12/2024,1085.27,HN5MLZU,65 m² Appartement ∙ 2 chambres ∙ 5 personnes,Saas Fee - Valais
11/11/2024,07/12/2024,14/12/2024,1085.27,HN5MLZU,65 m² Appartement ∙ 2 chambres ∙ 5 personnes,Saas Fee - Valais
11/11/2024,14/12/2024,21/12/2024,1085.27,HN5MLZU,65 m² Appartement ∙ 2 chambres ∙ 5 personnes,Saas Fee - Valais
11/11/2024,04/01/2025,11/01/2025,1085.27,HN5MLZU,65 m² Appartement ∙ 2 chambres ∙ 5 personnes,Saas Fee - Valais
11/11/2024,11/01/2025,18/01/2025,1085.27,HN5MLZU,65 m² Appartement ∙ 2 chambres ∙ 5 personnes,Saas Fee - Valais
11/11/2024,18/01/2025,25/01/2025,1085.27,HN5MLZU,65 m² Appartement ∙ 2 chambres ∙ 5 personnes,Saas Fee - Valais
11/11/2024,23/11/2024,30/11/2024,708.39,HAB58NX,Appartement ∙ 2 chambres ∙ 4 personnes,Grächen - Valais
11/11/2024,30/11/2024,07/12/2024,708.39,HAB58NX,Appartement ∙ 2 chambres ∙ 4 personnes,Grächen - Valais
11/11/2024,07/12/2024,14/12/2024,708.39,HAB58NX,Appartement ∙ 2 chambres ∙ 4 personnes,Grächen - Valais
11/11/2024,14/12/2024,21/12/2024,708.39,HAB58NX,Appartement ∙ 2 chambres ∙ 4 personnes,Grächen - Valais
11/11/2024,04/01/2025,11/01/2025,894.81,HAB58NX,Appartement ∙ 2 chambres ∙ 4 personnes,Grächen - Valais
11/11/2024,11/01/2025,18/01/2025,894.81,HAB58NX,Appartement ∙ 2 chambres ∙ 4 personnes,Grächen - Valais
11/11/2024,18/01/2025,25/01/2025,894.81,HAB58NX,Appartement ∙ 2 chambres ∙ 4 personnes,Grächen - Valais
11/11/2024,22/03/2025,29/03/2025,708.39,HAB58NX,Appartement ∙ 2 chambres ∙ 4 personnes,Grächen - Valais
11/11/2024,29/03/2025,05/04/2025,708.39,HAB58NX,Appartement ∙ 2 chambres ∙ 4 personnes,Grächen - Valais
11/11/2024,05/04/2025,12/04/2025,708.39,HAB58NX,Appartement ∙ 2 chambres ∙ 4 personnes,Grächen - Valais
11/11/2024,12/04/2025,19/04/2025,708.39,HAB58NX,Appartement ∙ 2 chambres ∙ 4 personnes,Grächen - Valais
11/11/2024,19/04/2025,26/04/2025,708.39,HAB58NX,Appartement ∙ 2 chambres ∙ 4 personnes,Grächen - Valais
11/11/2024,26/04/2025,03/05/2025,708.39,HAB58NX,Appartement ∙ 2 chambres ∙ 4 personnes,Grächen - Valais
11/11/2024,16/11/2024,23/11/2024,1241.80,H0ZDPKC,85 m² Appartement ∙ 2 chambres ∙ 7 personnes,Crans-Montana - Valais
11/11/2024,23/11/2024,30/11/2024,1241.80,H0ZDPKC,85 m² Appartement ∙ 2 chambres ∙ 7 personnes,Crans-Montana - Valais
11/11/2024,30/11/2024,07/12/2024,1241.80,H0ZDPKC,85 m² Appartement ∙ 2 chambres ∙ 7 personnes,Crans-Montana - Valais
11/11/2024,07/12/2024,14/12/2024,1241.80,H0ZDPKC,85 m² Appartement ∙ 2 chambres ∙ 7 personnes,Crans-Montana - Valais
11/11/2024,14/12/2024,21/12/2024,1241.80,H0ZDPKC,85 m² Appartement ∙ 2 chambres ∙ 7 personnes,Crans-Montana - Valais
11/11/2024,04/01/2025,11/01/2025,1145.19,H0ZDPKC,85 m² Appartement ∙ 2 chambres ∙ 7 personnes,Crans-Montana - Valais
11/11/2024,11/01/2025,18/01/2025,1145.19,H0ZDPKC,85 m² Appartement ∙ 2 chambres ∙ 7 personnes,Crans-Montana - Valais
11/11/2024,08/03/2025,15/03/2025,1336.05,H0ZDPKC,85 m² Appartement ∙ 2 chambres ∙ 7 personnes,Crans-Montana - Valais
11/11/2024,15/03/2025,22/03/2025,1145.19,H0ZDPKC,85 m² Appartement ∙ 2 chambres ∙ 7 personnes,Crans-Montana - Valais
11/11/2024,22/03/2025,29/03/2025,1145.19,H0ZDPKC,85 m² Appartement ∙ 2 chambres ∙ 7 personnes,Crans-Montana - Valais
11/11/2024,29/03/2025,05/04/2025,1145.19,H0ZDPKC,85 m² Appartement ∙ 2 chambres ∙ 7 personnes,Crans-Montana - Valais
11/11/2024,05/04/2025,12/04/2025,1145.19,H0ZDPKC,85 m² Appartement ∙ 2 chambres ∙ 7 personnes,Crans-Montana - Valais
11/11/2024,12/04/2025,19/04/2025,1380.59,H0ZDPKC,85 m² Appartement ∙ 2 chambres ∙ 7 personnes,Crans-Montana - Valais
11/11/2024,19/04/2025,26/04/2025,1380.59,H0ZDPKC,85 m² Appartement ∙ 2 chambres ∙ 7 personnes,Crans-Montana - Valais
11/11/2024,26/04/2025,03/05/2025,1158.95,H0ZDPKC,85 m² Appartement ∙ 2 chambres ∙ 7 personnes,Crans-Montana - Valais
11/11/2024,23/11/2024,30/11/2024,1084.31,HE6UR7V,70 m² Appartement ∙ 1 chambre ∙ 6 personnes,Nendaz - Valais
11/11/2024,18/01/2025,25/01/2025,1733.58,HE6UR7V,70 m² Appartement ∙ 1 chambre ∙ 6 personnes,Nendaz - Valais
11/11/2024,25/01/2025,01/02/2025,2168.46,HE6UR7V,70 m² Appartement ∙ 1 chambre ∙ 6 personnes,Nendaz - Valais
11/11/2024,08/02/2025,15/02/2025,2267.69,HE6UR7V,70 m² Appartement ∙ 1 chambre ∙ 6 personnes,Nendaz - Valais
11/11/2024,15/03/2025,22/03/2025,1872.01,HE6UR7V,70 m² Appartement ∙ 1 chambre ∙ 6 personnes,Nendaz - Valais
11/11/2024,22/03/2025,29/03/2025,1404.04,HE6UR7V,70 m² Appartement ∙ 1 chambre ∙ 6 personnes,Nendaz - Valais
11/11/2024,29/03/2025,05/04/2025,1435.90,HE6UR7V,70 m² Appartement ∙ 1 chambre ∙ 6 personnes,Nendaz - Valais
11/11/2024,05/04/2025,12/04/2025,1760.53,HE6UR7V,70 m² Appartement ∙ 1 chambre ∙ 6 personnes,Nendaz - Valais
11/11/2024,26/04/2025,03/05/2025,1201.91,HE6UR7V,70 m² Appartement ∙ 1 chambre ∙ 6 personnes,Nendaz - Valais
11/11/2024,03/05/2025,10/05/2025,1208.04,HE6UR7V,70 m² Appartement ∙ 1 chambre ∙ 6 personnes,Nendaz - Valais
11/11/2024,10/05/2025,17/05/2025,1200.69,HE6UR7V,70 m² Appartement ∙ 1 chambre ∙ 6 personnes,Nendaz - Valais
11/11/2024,16/11/2024,23/11/2024,1030.09,H7PTRJ2,80 m² Appartement ∙ 2 chambres ∙ 4 personnes,Loèche-les-Bains - Valais
11/11/2024,23/11/2024,30/11/2024,1030.09,H7PTRJ2,80 m² Appartement ∙ 2 chambres ∙ 4 personnes,Loèche-les-Bains - Valais
11/11/2024,30/11/2024,07/12/2024,738.21,H7PTRJ2,80 m² Appartement ∙ 2 chambres ∙ 4 personnes,Loèche-les-Bains - Valais
11/11/2024,07/12/2024,14/12/2024,885.85,H7PTRJ2,80 m² Appartement ∙ 2 chambres ∙ 4 personnes,Loèche-les-Bains - Valais
11/11/2024,14/12/2024,21/12/2024,885.85,H7PTRJ2,80 m² Appartement ∙ 2 chambres ∙ 4 personnes,Loèche-les-Bains - Valais
11/11/2024,11/01/2025,18/01/2025,1207.98,H7PTRJ2,80 m² Appartement ∙ 2 chambres ∙ 4 personnes,Loèche-les-Bains - Valais
11/11/2024,08/02/2025,15/02/2025,1610.65,H7PTRJ2,80 m² Appartement ∙ 2 chambres ∙ 4 personnes,Loèche-les-Bains - Valais
11/11/2024,08/03/2025,15/03/2025,1207.98,H7PTRJ2,80 m² Appartement ∙ 2 chambres ∙ 4 personnes,Loèche-les-Bains - Valais
11/11/2024,15/03/2025,22/03/2025,1207.98,H7PTRJ2,80 m² Appartement ∙ 2 chambres ∙ 4 personnes,Loèche-les-Bains - Valais
11/11/2024,22/03/2025,29/03/2025,1207.98,H7PTRJ2,80 m² Appartement ∙ 2 chambres ∙ 4 personnes,Loèche-les-Bains - Valais
11/11/2024,29/03/2025,05/04/2025,1207.98,H7PTRJ2,80 m² Appartement ∙ 2 chambres ∙ 4 personnes,Loèche-les-Bains - Valais
11/11/2024,05/04/2025,12/04/2025,1207.98,H7PTRJ2,80 m² Appartement ∙ 2 chambres ∙ 4 personnes,Loèche-les-Bains - Valais
11/11/2024,19/04/2025,26/04/2025,1610.65,H7PTRJ2,80 m² Appartement ∙ 2 chambres ∙ 4 personnes,Loèche-les-Bains - Valais
11/11/2024,26/04/2025,03/05/2025,885.85,H7PTRJ2,80 m² Appartement ∙ 2 chambres ∙ 4 personnes,Loèche-les-Bains - Valais
11/11/2024,03/05/2025,10/05/2025,885.85,H7PTRJ2,80 m² Appartement ∙ 2 chambres ∙ 4 personnes,Loèche-les-Bains - Valais
11/11/2024,10/05/2025,17/05/2025,885.85,H7PTRJ2,80 m² Appartement ∙ 2 chambres ∙ 4 personnes,Loèche-les-Bains - Valais
11/11/2024,16/11/2024,23/11/2024,894.80,HRB89GP,94 m² Appartement ∙ 2 chambres ∙ 6 personnes,Loèche-les-Bains - Valais
11/11/2024,07/12/2024,14/12/2024,894.80,HRB89GP,94 m² Appartement ∙ 2 chambres ∙ 6 personnes,Loèche-les-Bains - Valais
11/11/2024,18/01/2025,25/01/2025,1450.86,HRB89GP,94 m² Appartement ∙ 2 chambres ∙ 6 personnes,Loèche-les-Bains - Valais
11/11/2024,01/02/2025,08/02/2025,2345.67,HRB89GP,94 m² Appartement ∙ 2 chambres ∙ 6 personnes,Loèche-les-Bains - Valais
11/11/2024,15/03/2025,22/03/2025,1450.86,HRB89GP,94 m² Appartement ∙ 2 chambres ∙ 6 personnes,Loèche-les-Bains - Valais
11/11/2024,22/03/2025,29/03/2025,1450.86,HRB89GP,94 m² Appartement ∙ 2 chambres ∙ 6 personnes,Loèche-les-Bains - Valais
11/11/2024,29/03/2025,05/04/2025,1450.86,HRB89GP,94 m² Appartement ∙ 2 chambres ∙ 6 personnes,Loèche-les-Bains - Valais
11/11/2024,05/04/2025,12/04/2025,1182.42,HRB89GP,94 m² Appartement ∙ 2 chambres ∙ 6 personnes,Loèche-les-Bains - Valais
11/11/2024,12/04/2025,19/04/2025,1182.42,HRB89GP,94 m² Appartement ∙ 2 chambres ∙ 6 personnes,Loèche-les-Bains - Valais
11/11/2024,19/04/2025,26/04/2025,1182.42,HRB89GP,94 m² Appartement ∙ 2 chambres ∙ 6 personnes,Loèche-les-Bains - Valais
11/11/2024,26/04/2025,03/05/2025,1182.42,HRB89GP,94 m² Appartement ∙ 2 chambres ∙ 6 personnes,Loèche-les-Bains - Valais
11/11/2024,03/05/2025,10/05/2025,1182.42,HRB89GP,94 m² Appartement ∙ 2 chambres ∙ 6 personnes,Loèche-les-Bains - Valais
11/11/2024,10/05/2025,17/05/2025,1182.42,HRB89GP,94 m² Appartement ∙ 2 chambres ∙ 6 personnes,Loèche-les-Bains - Valais
11/11/2024,16/11/2024,23/11/2024,724.37,HPJKMY9,32 m² Appartement ∙ 1 chambre ∙ 2 personnes,Saas-Almagell - Valais
11/11/2024,23/11/2024,30/11/2024,724.37,HPJKMY9,32 m² Appartement ∙ 1 chambre ∙ 2 personnes,Saas-Almagell - Valais
11/11/2024,30/11/2024,07/12/2024,756.32,HPJKMY9,32 m² Appartement ∙ 1 chambre ∙ 2 personnes,Saas-Almagell - Valais
11/11/2024,07/12/2024,14/12/2024,756.32,HPJKMY9,32 m² Appartement ∙ 1 chambre ∙ 2 personnes,Saas-Almagell - Valais
11/11/2024,14/12/2024,21/12/2024,830.89,HPJKMY9,32 m² Appartement ∙ 1 chambre ∙ 2 personnes,Saas-Almagell - Valais
11/11/2024,11/01/2025,18/01/2025,756.32,HPJKMY9,32 m² Appartement ∙ 1 chambre ∙ 2 personnes,Saas-Almagell - Valais
11/11/2024,18/01/2025,25/01/2025,764.84,HPJKMY9,32 m² Appartement ∙ 1 chambre ∙ 2 personnes,Saas-Almagell - Valais
11/11/2024,01/02/2025,08/02/2025,815.98,HPJKMY9,32 m² Appartement ∙ 1 chambre ∙ 2 personnes,Saas-Almagell - Valais
11/11/2024,08/02/2025,15/02/2025,815.98,HPJKMY9,32 m² Appartement ∙ 1 chambre ∙ 2 personnes,Saas-Almagell - Valais
11/11/2024,08/03/2025,15/03/2025,798.93,HPJKMY9,32 m² Appartement ∙ 1 chambre ∙ 2 personnes,Saas-Almagell - Valais
11/11/2024,15/03/2025,22/03/2025,798.93,HPJKMY9,32 m² Appartement ∙ 1 chambre ∙ 2 personnes,Saas-Almagell - Valais
11/11/2024,22/03/2025,29/03/2025,798.93,HPJKMY9,32 m² Appartement ∙ 1 chambre ∙ 2 personnes,Saas-Almagell - Valais
11/11/2024,29/03/2025,05/04/2025,756.32,HPJKMY9,32 m² Appartement ∙ 1 chambre ∙ 2 personnes,Saas-Almagell - Valais
11/11/2024,05/04/2025,12/04/2025,724.37,HPJKMY9,32 m² Appartement ∙ 1 chambre ∙ 2 personnes,Saas-Almagell - Valais
11/11/2024,12/04/2025,19/04/2025,724.37,HPJKMY9,32 m² Appartement ∙ 1 chambre ∙ 2 personnes,Saas-Almagell - Valais
11/11/2024,19/04/2025,26/04/2025,724.37,HPJKMY9,32 m² Appartement ∙ 1 chambre ∙ 2 personnes,Saas-Almagell - Valais
11/11/2024,26/04/2025,03/05/2025,724.37,HPJKMY9,32 m² Appartement ∙ 1 chambre ∙ 2 personnes,Saas-Almagell - Valais
11/11/2024,03/05/2025,10/05/2025,724.37,HPJKMY9,32 m² Appartement ∙ 1 chambre ∙ 2 personnes,Saas-Almagell - Valais
11/11/2024,10/05/2025,17/05/2025,724.37,HPJKMY9,32 m² Appartement ∙ 1 chambre ∙ 2 personnes,Saas-Almagell - Valais
11/11/2024,11/01/2025,18/01/2025,1514.06,HUWM1TN,60 m² Appartement ∙ 2 chambres ∙ 4 personnes,Grächen - Valais
11/11/2024,18/01/2025,25/01/2025,1514.06,HUWM1TN,60 m² Appartement ∙ 2 chambres ∙ 4 personnes,Grächen - Valais
11/11/2024,07/12/2024,14/12/2024,1790.00,HZ89AGU,98 m² Appartement ∙ 2 chambres ∙ 6 personnes,Loèche-les-Bains - Valais
11/11/2024,14/12/2024,21/12/2024,1941.00,HZ89AGU,98 m² Appartement ∙ 2 chambres ∙ 6 personnes,Loèche-les-Bains - Valais
11/11/2024,21/12/2024,28/12/2024,2624.00,HZ89AGU,98 m² Appartement ∙ 2 chambres ∙ 6 personnes,Loèche-les-Bains - Valais
11/11/2024,04/01/2025,11/01/2025,1941.00,HZ89AGU,98 m² Appartement ∙ 2 chambres ∙ 6 personnes,Loèche-les-Bains - Valais
11/11/2024,11/01/2025,18/01/2025,1941.00,HZ89AGU,98 m² Appartement ∙ 2 chambres ∙ 6 personnes,Loèche-les-Bains - Valais
11/11/2024,18/01/2025,25/01/2025,1941.00,HZ89AGU,98 m² Appartement ∙ 2 chambres ∙ 6 personnes,Loèche-les-Bains - Valais
11/11/2024,08/02/2025,15/02/2025,2396.00,HZ89AGU,98 m² Appartement ∙ 2 chambres ∙ 6 personnes,Loèche-les-Bains - Valais
11/11/2024,08/03/2025,15/03/2025,1941.00,HZ89AGU,98 m² Appartement ∙ 2 chambres ∙ 6 personnes,Loèche-les-Bains - Valais
11/11/2024,15/03/2025,22/03/2025,1941.00,HZ89AGU,98 m² Appartement ∙ 2 chambres ∙ 6 personnes,Loèche-les-Bains - Valais
11/11/2024,22/03/2025,29/03/2025,1941.00,HZ89AGU,98 m² Appartement ∙ 2 chambres ∙ 6 personnes,Loèche-les-Bains - Valais
11/11/2024,29/03/2025,05/04/2025,1941.00,HZ89AGU,98 m² Appartement ∙ 2 chambres ∙ 6 personnes,Loèche-les-Bains - Valais
11/11/2024,05/04/2025,12/04/2025,1941.00,HZ89AGU,98 m² Appartement ∙ 2 chambres ∙ 6 personnes,Loèche-les-Bains - Valais
11/11/2024,12/04/2025,19/04/2025,1941.00,HZ89AGU,98 m² Appartement ∙ 2 chambres ∙ 6 personnes,Loèche-les-Bains - Valais
11/11/2024,19/04/2025,26/04/2025,1941.00,HZ89AGU,98 m² Appartement ∙ 2 chambres ∙ 6 personnes,Loèche-les-Bains - Valais
11/11/2024,16/11/2024,23/11/2024,568.00,HR28N16,35 m² Appartement ∙ 1 chambre ∙ 4 personnes,Nendaz - Valais
11/11/2024,23/11/2024,30/11/2024,716.00,HR28N16,35 m² Appartement ∙ 1 chambre ∙ 4 personnes,Nendaz - Valais
11/11/2024,30/11/2024,07/12/2024,716.00,HR28N16,35 m² Appartement ∙ 1 chambre ∙ 4 personnes,Nendaz - Valais
11/11/2024,07/12/2024,14/12/2024,716.00,HR28N16,35 m² Appartement ∙ 1 chambre ∙ 4 personnes,Nendaz - Valais
11/11/2024,14/12/2024,21/12/2024,716.00,HR28N16,35 m² Appartement ∙ 1 chambre ∙ 4 personnes,Nendaz - Valais
11/11/2024,21/12/2024,28/12/2024,1254.00,HR28N16,35 m² Appartement ∙ 1 chambre ∙ 4 personnes,Nendaz - Valais
11/11/2024,01/02/2025,08/02/2025,1254.00,HR28N16,35 m² Appartement ∙ 1 chambre ∙ 4 personnes,Nendaz - Valais
11/11/2024,08/02/2025,15/02/2025,1254.00,HR28N16,35 m² Appartement ∙ 1 chambre ∙ 4 personnes,Nendaz - Valais
11/11/2024,15/02/2025,22/02/2025,1597.00,HR28N16,35 m² Appartement ∙ 1 chambre ∙ 4 personnes,Nendaz - Valais
11/11/2024,01/03/2025,08/03/2025,1597.00,HR28N16,35 m² Appartement ∙ 1 chambre ∙ 4 personnes,Nendaz - Valais
11/11/2024,08/03/2025,15/03/2025,948.00,HR28N16,35 m² Appartement ∙ 1 chambre ∙ 4 personnes,Nendaz - Valais
11/11/2024,22/03/2025,29/03/2025,716.00,HR28N16,35 m² Appartement ∙ 1 chambre ∙ 4 personnes,Nendaz - Valais
11/11/2024,29/03/2025,05/04/2025,716.00,HR28N16,35 m² Appartement ∙ 1 chambre ∙ 4 personnes,Nendaz - Valais
11/11/2024,05/04/2025,12/04/2025,716.00,HR28N16,35 m² Appartement ∙ 1 chambre ∙ 4 personnes,Nendaz - Valais
11/11/2024,12/04/2025,19/04/2025,948.00,HR28N16,35 m² Appartement ∙ 1 chambre ∙ 4 personnes,Nendaz - Valais
11/11/2024,19/04/2025,26/04/2025,948.00,HR28N16,35 m² Appartement ∙ 1 chambre ∙ 4 personnes,Nendaz - Valais
11/11/2024,26/04/2025,03/05/2025,716.00,HR28N16,35 m² Appartement ∙ 1 chambre ∙ 4 personnes,Nendaz - Valais
11/11/2024,03/05/2025,10/05/2025,716.00,HR28N16,35 m² Appartement ∙ 1 chambre ∙ 4 personnes,Nendaz - Valais
11/11/2024,10/05/2025,17/05/2025,716.00,HR28N16,35 m² Appartement ∙ 1 chambre ∙ 4 personnes,Nendaz - Valais
11/11/2024,16/11/2024,23/11/2024,1064.40,HHCRGWK,95 m² Maison de vacances ∙ 4 chambres ∙ 8 personnes,Val-d'Illiez - Valais
11/11/2024,23/11/2024,30/11/2024,1064.40,HHCRGWK,95 m² Maison de vacances ∙ 4 chambres ∙ 8 personnes,Val-d'Illiez - Valais
11/11/2024,30/11/2024,07/12/2024,1064.40,HHCRGWK,95 m² Maison de vacances ∙ 4 chambres ∙ 8 personnes,Val-d'Illiez - Valais
11/11/2024,07/12/2024,14/12/2024,1064.40,HHCRGWK,95 m² Maison de vacances ∙ 4 chambres ∙ 8 personnes,Val-d'Illiez - Valais
11/11/2024,14/12/2024,21/12/2024,1064.40,HHCRGWK,95 m² Maison de vacances ∙ 4 chambres ∙ 8 personnes,Val-d'Illiez - Valais
11/11/2024,11/01/2025,18/01/2025,1064.40,HHCRGWK,95 m² Maison de vacances ∙ 4 chambres ∙ 8 personnes,Val-d'Illiez - Valais
11/11/2024,18/01/2025,25/01/2025,1064.40,HHCRGWK,95 m² Maison de vacances ∙ 4 chambres ∙ 8 personnes,Val-d'Illiez - Valais
11/11/2024,25/01/2025,01/02/2025,1391.98,HHCRGWK,95 m² Maison de vacances ∙ 4 chambres ∙ 8 personnes,Val-d'Illiez - Valais
11/11/2024,01/02/2025,08/02/2025,1480.02,HHCRGWK,95 m² Maison de vacances ∙ 4 chambres ∙ 8 personnes,Val-d'Illiez - Valais
11/11/2024,08/02/2025,15/02/2025,1718.23,HHCRGWK,95 m² Maison de vacances ∙ 4 chambres ∙ 8 personnes,Val-d'Illiez - Valais
11/11/2024,15/02/2025,22/02/2025,1952.32,HHCRGWK,95 m² Maison de vacances ∙ 4 chambres ∙ 8 personnes,Val-d'Illiez - Valais
11/11/2024,22/02/2025,01/03/2025,1952.32,HHCRGWK,95 m² Maison de vacances ∙ 4 chambres ∙ 8 personnes,Val-d'Illiez - Valais
11/11/2024,01/03/2025,08/03/2025,1863.25,HHCRGWK,95 m² Maison de vacances ∙ 4 chambres ∙ 8 personnes,Val-d'Illiez - Valais
11/11/2024,08/03/2025,15/03/2025,1064.40,HHCRGWK,95 m² Maison de vacances ∙ 4 chambres ∙ 8 personnes,Val-d'Illiez - Valais
11/11/2024,15/03/2025,22/03/2025,1064.40,HHCRGWK,95 m² Maison de vacances ∙ 4 chambres ∙ 8 personnes,Val-d'Illiez - Valais
11/11/2024,22/03/2025,29/03/2025,1064.40,HHCRGWK,95 m² Maison de vacances ∙ 4 chambres ∙ 8 personnes,Val-d'Illiez - Valais
11/11/2024,29/03/2025,05/04/2025,1064.40,HHCRGWK,95 m² Maison de vacances ∙ 4 chambres ∙ 8 personnes,Val-d'Illiez - Valais
11/11/2024,05/04/2025,12/04/2025,1064.40,HHCRGWK,95 m² Maison de vacances ∙ 4 chambres ∙ 8 personnes,Val-d'Illiez - Valais
11/11/2024,12/04/2025,19/04/2025,1074.17,HHCRGWK,95 m² Maison de vacances ∙ 4 chambres ∙ 8 personnes,Val-d'Illiez - Valais
11/11/2024,19/04/2025,26/04/2025,1074.17,HHCRGWK,95 m² Maison de vacances ∙ 4 chambres ∙ 8 personnes,Val-d'Illiez - Valais
11/11/2024,16/11/2024,23/11/2024,1035.11,HNV8ETM,80 m² Appartement ∙ 2 chambres ∙ 4 personnes,Saas Grund - Valais
11/11/2024,23/11/2024,30/11/2024,1035.11,HNV8ETM,80 m² Appartement ∙ 2 chambres ∙ 4 personnes,Saas Grund - Valais
11/11/2024,30/11/2024,07/12/2024,1035.11,HNV8ETM,80 m² Appartement ∙ 2 chambres ∙ 4 personnes,Saas Grund - Valais
11/11/2024,07/12/2024,14/12/2024,1035.11,HNV8ETM,80 m² Appartement ∙ 2 chambres ∙ 4 personnes,Saas Grund - Valais
11/11/2024,14/12/2024,21/12/2024,1035.11,HNV8ETM,80 m² Appartement ∙ 2 chambres ∙ 4 personnes,Saas Grund - Valais
11/11/2024,08/02/2025,15/02/2025,1725.48,HNV8ETM,80 m² Appartement ∙ 2 chambres ∙ 4 personnes,Saas Grund - Valais
11/11/2024,22/03/2025,29/03/2025,1035.11,HNV8ETM,80 m² Appartement ∙ 2 chambres ∙ 4 personnes,Saas Grund - Valais
11/11/2024,29/03/2025,05/04/2025,1035.11,HNV8ETM,80 m² Appartement ∙ 2 chambres ∙ 4 personnes,Saas Grund - Valais
11/11/2024,05/04/2025,12/04/2025,1035.11,HNV8ETM,80 m² Appartement ∙ 2 chambres ∙ 4 personnes,Saas Grund - Valais
11/11/2024,12/04/2025,19/04/2025,1314.63,HNV8ETM,80 m² Appartement ∙ 2 chambres ∙ 4 personnes,Saas Grund - Valais
11/11/2024,19/04/2025,26/04/2025,1314.63,HNV8ETM,80 m² Appartement ∙ 2 chambres ∙ 4 personnes,Saas Grund - Valais
11/11/2024,16/11/2024,23/11/2024,650.00,HVSM2T0,54 m² Appartement ∙ 1 chambre ∙ 2 personnes,Verbier - Bagnes - Valais
11/11/2024,23/11/2024,30/11/2024,855.00,HVSM2T0,54 m² Appartement ∙ 1 chambre ∙ 2 personnes,Verbier - Bagnes - Valais
11/11/2024,29/03/2025,05/04/2025,632.71,H6XGE95,100 m² Appartement ∙ 3 chambres ∙ 6 personnes,Saas-Balen - Valais
11/11/2024,05/04/2025,12/04/2025,1007.49,H6XGE95,100 m² Appartement ∙ 3 chambres ∙ 6 personnes,Saas-Balen - Valais
11/11/2024,19/04/2025,26/04/2025,1007.49,H6XGE95,100 m² Appartement ∙ 3 chambres ∙ 6 personnes,Saas-Balen - Valais
11/11/2024,26/04/2025,03/05/2025,632.71,H6XGE95,100 m² Appartement ∙ 3 chambres ∙ 6 personnes,Saas-Balen - Valais
11/11/2024,03/05/2025,10/05/2025,632.71,H6XGE95,100 m² Appartement ∙ 3 chambres ∙ 6 personnes,Saas-Balen - Valais
11/11/2024,10/05/2025,17/05/2025,632.71,H6XGE95,100 m² Appartement ∙ 3 chambres ∙ 6 personnes,Saas-Balen - Valais
11/11/2024,14/12/2024,21/12/2024,1524.86,H0EW56Y,50 m² Appartement ∙ 1 chambre ∙ 4 personnes,Saas Fee - Valais
11/11/2024,18/01/2025,25/01/2025,1524.86,H0EW56Y,50 m² Appartement ∙ 1 chambre ∙ 4 personnes,Saas Fee - Valais
11/11/2024,25/01/2025,01/02/2025,1843.82,H0EW56Y,50 m² Appartement ∙ 1 chambre ∙ 4 personnes,Saas Fee - Valais
11/11/2024,05/04/2025,12/04/2025,1604.60,H0EW56Y,50 m² Appartement ∙ 1 chambre ∙ 4 personnes,Saas Fee - Valais
11/11/2024,07/12/2024,14/12/2024,1104.87,HD87ZJX,70 m² Appartement ∙ 2 chambres ∙ 4 personnes,Saas Fee - Valais
11/11/2024,14/12/2024,21/12/2024,1663.05,HD87ZJX,70 m² Appartement ∙ 2 chambres ∙ 4 personnes,Saas Fee - Valais
11/11/2024,15/03/2025,22/03/2025,1663.05,HD87ZJX,70 m² Appartement ∙ 2 chambres ∙ 4 personnes,Saas Fee - Valais
11/11/2024,29/03/2025,05/04/2025,1663.05,HD87ZJX,70 m² Appartement ∙ 2 chambres ∙ 4 personnes,Saas Fee - Valais
11/11/2024,05/04/2025,12/04/2025,1663.05,HD87ZJX,70 m² Appartement ∙ 2 chambres ∙ 4 personnes,Saas Fee - Valais
11/11/2024,12/04/2025,19/04/2025,1663.05,HD87ZJX,70 m² Appartement ∙ 2 chambres ∙ 4 personnes,Saas Fee - Valais
11/11/2024,19/04/2025,26/04/2025,1663.05,HD87ZJX,70 m² Appartement ∙ 2 chambres ∙ 4 personnes,Saas Fee - Valais
11/11/2024,16/11/2024,23/11/2024,786.97,HBNFMHE,29 m² Appartement ∙ 1 chambre ∙ 2 personnes,Loèche-les-Bains - Valais
11/11/2024,23/11/2024,30/11/2024,786.97,HBNFMHE,29 m² Appartement ∙ 1 chambre ∙ 2 personnes,Loèche-les-Bains - Valais
11/11/2024,30/11/2024,07/12/2024,786.97,HBNFMHE,29 m² Appartement ∙ 1 chambre ∙ 2 personnes,Loèche-les-Bains - Valais
11/11/2024,07/12/2024,14/12/2024,786.97,HBNFMHE,29 m² Appartement ∙ 1 chambre ∙ 2 personnes,Loèche-les-Bains - Valais
11/11/2024,14/12/2024,21/12/2024,786.97,HBNFMHE,29 m² Appartement ∙ 1 chambre ∙ 2 personnes,Loèche-les-Bains - Valais
11/11/2024,21/12/2024,28/12/2024,786.97,HBNFMHE,29 m² Appartement ∙ 1 chambre ∙ 2 personnes,Loèche-les-Bains - Valais
11/11/2024,01/02/2025,08/02/2025,929.63,HBNFMHE,29 m² Appartement ∙ 1 chambre ∙ 2 personnes,Loèche-les-Bains - Valais
11/11/2024,08/02/2025,15/02/2025,929.63,HBNFMHE,29 m² Appartement ∙ 1 chambre ∙ 2 personnes,Loèche-les-Bains - Valais
11/11/2024,15/02/2025,22/02/2025,929.63,HBNFMHE,29 m² Appartement ∙ 1 chambre ∙ 2 personnes,Loèche-les-Bains - Valais
11/11/2024,22/02/2025,01/03/2025,929.63,HBNFMHE,29 m² Appartement ∙ 1 chambre ∙ 2 personnes,Loèche-les-Bains - Valais
11/11/2024,01/03/2025,08/03/2025,929.63,HBNFMHE,29 m² Appartement ∙ 1 chambre ∙ 2 personnes,Loèche-les-Bains - Valais
11/11/2024,08/03/2025,15/03/2025,929.63,HBNFMHE,29 m² Appartement ∙ 1 chambre ∙ 2 personnes,Loèche-les-Bains - Valais
11/11/2024,15/03/2025,22/03/2025,929.63,HBNFMHE,29 m² Appartement ∙ 1 chambre ∙ 2 personnes,Loèche-les-Bains - Valais
11/11/2024,22/03/2025,29/03/2025,929.63,HBNFMHE,29 m² Appartement ∙ 1 chambre ∙ 2 personnes,Loèche-les-Bains - Valais
11/11/2024,29/03/2025,05/04/2025,929.63,HBNFMHE,29 m² Appartement ∙ 1 chambre ∙ 2 personnes,Loèche-les-Bains - Valais
11/11/2024,05/04/2025,12/04/2025,929.63,HBNFMHE,29 m² Appartement ∙ 1 chambre ∙ 2 personnes,Loèche-les-Bains - Valais
11/11/2024,12/04/2025,19/04/2025,929.63,HBNFMHE,29 m² Appartement ∙ 1 chambre ∙ 2 personnes,Loèche-les-Bains - Valais
11/11/2024,19/04/2025,26/04/2025,929.63,HBNFMHE,29 m² Appartement ∙ 1 chambre ∙ 2 personnes,Loèche-les-Bains - Valais
11/11/2024,26/04/2025,03/05/2025,929.63,HBNFMHE,29 m² Appartement ∙ 1 chambre ∙ 2 personnes,Loèche-les-Bains - Valais
11/11/2024,03/05/2025,10/05/2025,929.63,HBNFMHE,29 m² Appartement ∙ 1 chambre ∙ 2 personnes,Loèche-les-Bains - Valais
11/11/2024,10/05/2025,17/05/2025,929.63,HBNFMHE,29 m² Appartement ∙ 1 chambre ∙ 2 personnes,Loèche-les-Bains - Valais
11/11/2024,16/11/2024,23/11/2024,2526.00,H1UP8D7,102 m² Maison de vacances ∙ 3 chambres ∙ 6 personnes,Verbier - Bagnes - Valais
11/11/2024,23/11/2024,30/11/2024,2526.00,H1UP8D7,102 m² Maison de vacances ∙ 3 chambres ∙ 6 personnes,Verbier - Bagnes - Valais
11/11/2024,30/11/2024,07/12/2024,2526.00,H1UP8D7,102 m² Maison de vacances ∙ 3 chambres ∙ 6 personnes,Verbier - Bagnes - Valais
11/11/2024,07/12/2024,14/12/2024,2526.00,H1UP8D7,102 m² Maison de vacances ∙ 3 chambres ∙ 6 personnes,Verbier - Bagnes - Valais
11/11/2024,05/04/2025,12/04/2025,2526.00,H1UP8D7,102 m² Maison de vacances ∙ 3 chambres ∙ 6 personnes,Verbier - Bagnes - Valais
11/11/2024,14/12/2024,21/12/2024,1507.00,HF4KJ1R,120 m² Maison de vacances ∙ 4 chambres ∙ 8 personnes,Orsières - Valais
11/11/2024,11/01/2025,18/01/2025,1507.00,HF4KJ1R,120 m² Maison de vacances ∙ 4 chambres ∙ 8 personnes,Orsières - Valais
11/11/2024,18/01/2025,25/01/2025,1507.00,HF4KJ1R,120 m² Maison de vacances ∙ 4 chambres ∙ 8 personnes,Orsières - Valais
11/11/2024,08/02/2025,15/02/2025,1892.00,HF4KJ1R,120 m² Maison de vacances ∙ 4 chambres ∙ 8 personnes,Orsières - Valais
11/11/2024,22/02/2025,01/03/2025,2910.00,HF4KJ1R,120 m² Maison de vacances ∙ 4 chambres ∙ 8 personnes,Orsières - Valais
11/11/2024,01/03/2025,08/03/2025,2910.00,HF4KJ1R,120 m² Maison de vacances ∙ 4 chambres ∙ 8 personnes,Orsières - Valais
11/11/2024,08/03/2025,15/03/2025,1507.00,HF4KJ1R,120 m² Maison de vacances ∙ 4 chambres ∙ 8 personnes,Orsières - Valais
11/11/2024,15/03/2025,22/03/2025,1507.00,HF4KJ1R,120 m² Maison de vacances ∙ 4 chambres ∙ 8 personnes,Orsières - Valais
11/11/2024,22/03/2025,29/03/2025,1507.00,HF4KJ1R,120 m² Maison de vacances ∙ 4 chambres ∙ 8 personnes,Orsières - Valais
11/11/2024,29/03/2025,05/04/2025,1507.00,HF4KJ1R,120 m² Maison de vacances ∙ 4 chambres ∙ 8 personnes,Orsières - Valais
11/11/2024,05/04/2025,12/04/2025,1507.00,HF4KJ1R,120 m² Maison de vacances ∙ 4 chambres ∙ 8 personnes,Orsières - Valais
11/11/2024,12/04/2025,19/04/2025,2053.00,HF4KJ1R,120 m² Maison de vacances ∙ 4 chambres ∙ 8 personnes,Orsières - Valais
11/11/2024,19/04/2025,26/04/2025,2053.00,HF4KJ1R,120 m² Maison de vacances ∙ 4 chambres ∙ 8 personnes,Orsières - Valais
11/11/2024,26/04/2025,03/05/2025,1507.00,HF4KJ1R,120 m² Maison de vacances ∙ 4 chambres ∙ 8 personnes,Orsières - Valais
11/11/2024,03/05/2025,10/05/2025,1507.00,HF4KJ1R,120 m² Maison de vacances ∙ 4 chambres ∙ 8 personnes,Orsières - Valais
11/11/2024,10/05/2025,17/05/2025,1507.00,HF4KJ1R,120 m² Maison de vacances ∙ 4 chambres ∙ 8 personnes,Orsières - Valais
11/11/2024,16/11/2024,23/11/2024,1681.04,HLT4XN9,75 m² Maison de vacances ∙ 1 chambre ∙ 4 personnes,Evolène - Valais
11/11/2024,23/11/2024,30/11/2024,1681.04,HLT4XN9,75 m² Maison de vacances ∙ 1 chambre ∙ 4 personnes,Evolène - Valais
11/11/2024,14/12/2024,21/12/2024,1681.04,HLT4XN9,75 m² Maison de vacances ∙ 1 chambre ∙ 4 personnes,Evolène - Valais
11/11/2024,04/01/2025,11/01/2025,1681.04,HLT4XN9,75 m² Maison de vacances ∙ 1 chambre ∙ 4 personnes,Evolène - Valais
11/11/2024,18/01/2025,25/01/2025,1681.04,HLT4XN9,75 m² Maison de vacances ∙ 1 chambre ∙ 4 personnes,Evolène - Valais
11/11/2024,08/02/2025,15/02/2025,1867.35,HLT4XN9,75 m² Maison de vacances ∙ 1 chambre ∙ 4 personnes,Evolène - Valais
11/11/2024,15/02/2025,22/02/2025,1867.35,HLT4XN9,75 m² Maison de vacances ∙ 1 chambre ∙ 4 personnes,Evolène - Valais
11/11/2024,22/02/2025,01/03/2025,1681.04,HLT4XN9,75 m² Maison de vacances ∙ 1 chambre ∙ 4 personnes,Evolène - Valais
11/11/2024,01/03/2025,08/03/2025,1681.04,HLT4XN9,75 m² Maison de vacances ∙ 1 chambre ∙ 4 personnes,Evolène - Valais
11/11/2024,08/03/2025,15/03/2025,1681.04,HLT4XN9,75 m² Maison de vacances ∙ 1 chambre ∙ 4 personnes,Evolène - Valais
11/11/2024,15/03/2025,22/03/2025,1681.04,HLT4XN9,75 m² Maison de vacances ∙ 1 chambre ∙ 4 personnes,Evolène - Valais
11/11/2024,22/03/2025,29/03/2025,1681.04,HLT4XN9,75 m² Maison de vacances ∙ 1 chambre ∙ 4 personnes,Evolène - Valais
11/11/2024,29/03/2025,05/04/2025,1681.04,HLT4XN9,75 m² Maison de vacances ∙ 1 chambre ∙ 4 personnes,Evolène - Valais
11/11/2024,05/04/2025,12/04/2025,1681.04,HLT4XN9,75 m² Maison de vacances ∙ 1 chambre ∙ 4 personnes,Evolène - Valais
11/11/2024,12/04/2025,19/04/2025,1681.04,HLT4XN9,75 m² Maison de vacances ∙ 1 chambre ∙ 4 personnes,Evolène - Valais
11/11/2024,19/04/2025,26/04/2025,1681.04,HLT4XN9,75 m² Maison de vacances ∙ 1 chambre ∙ 4 personnes,Evolène - Valais
11/11/2024,26/04/2025,03/05/2025,1681.04,HLT4XN9,75 m² Maison de vacances ∙ 1 chambre ∙ 4 personnes,Evolène - Valais
11/11/2024,03/05/2025,10/05/2025,1681.04,HLT4XN9,75 m² Maison de vacances ∙ 1 chambre ∙ 4 personnes,Evolène - Valais
11/11/2024,10/05/2025,17/05/2025,1681.04,HLT4XN9,75 m² Maison de vacances ∙ 1 chambre ∙ 4 personnes,Evolène - Valais
11/11/2024,23/11/2024,30/11/2024,1467.69,H52ZFUH,68 m² Appartement ∙ 1 chambre ∙ 2 personnes,Zermatt - Valais
11/11/2024,30/11/2024,07/12/2024,2620.04,H52ZFUH,68 m² Appartement ∙ 1 chambre ∙ 2 personnes,Zermatt - Valais
11/11/2024,14/12/2024,21/12/2024,2702.02,H52ZFUH,68 m² Appartement ∙ 1 chambre ∙ 2 personnes,Zermatt - Valais
11/11/2024,11/01/2025,18/01/2025,2747.80,H52ZFUH,68 m² Appartement ∙ 1 chambre ∙ 2 personnes,Zermatt - Valais
11/11/2024,08/02/2025,15/02/2025,2970.30,H52ZFUH,68 m² Appartement ∙ 1 chambre ∙ 2 personnes,Zermatt - Valais
11/11/2024,15/02/2025,22/02/2025,2970.30,H52ZFUH,68 m² Appartement ∙ 1 chambre ∙ 2 personnes,Zermatt - Valais
11/11/2024,22/02/2025,01/03/2025,2970.30,H52ZFUH,68 m² Appartement ∙ 1 chambre ∙ 2 personnes,Zermatt - Valais
11/11/2024,01/03/2025,08/03/2025,2933.04,H52ZFUH,68 m² Appartement ∙ 1 chambre ∙ 2 personnes,Zermatt - Valais
11/11/2024,29/03/2025,05/04/2025,2709.47,H52ZFUH,68 m² Appartement ∙ 1 chambre ∙ 2 personnes,Zermatt - Valais
11/11/2024,05/04/2025,12/04/2025,2709.47,H52ZFUH,68 m² Appartement ∙ 1 chambre ∙ 2 personnes,Zermatt - Valais
11/11/2024,30/11/2024,07/12/2024,1625.15,H43LX2V,35 m² Appartement ∙ 1 chambre ∙ 3 personnes,Zermatt - Valais
11/11/2024,07/12/2024,14/12/2024,1625.15,H43LX2V,35 m² Appartement ∙ 1 chambre ∙ 3 personnes,Zermatt - Valais
11/11/2024,21/12/2024,28/12/2024,2623.00,HUEVTZX,78 m² Appartement ∙ 2 chambres ∙ 4 personnes,Verbier - Bagnes - Valais
11/11/2024,18/01/2025,25/01/2025,1561.00,HUEVTZX,78 m² Appartement ∙ 2 chambres ∙ 4 personnes,Verbier - Bagnes - Valais
11/11/2024,01/03/2025,08/03/2025,2591.00,HUEVTZX,78 m² Appartement ∙ 2 chambres ∙ 4 personnes,Verbier - Bagnes - Valais
11/11/2024,29/03/2025,05/04/2025,1349.00,HUEVTZX,78 m² Appartement ∙ 2 chambres ∙ 4 personnes,Verbier - Bagnes - Valais
11/11/2024,05/04/2025,12/04/2025,1349.00,HUEVTZX,78 m² Appartement ∙ 2 chambres ∙ 4 personnes,Verbier - Bagnes - Valais
11/11/2024,16/11/2024,23/11/2024,882.00,HXTPVU7,Aragon M88,Aragon M88Ernen - Valais
11/11/2024,23/11/2024,30/11/2024,882.00,HXTPVU7,Aragon M88,Aragon M88Ernen - Valais
11/11/2024,30/11/2024,07/12/2024,882.00,HXTPVU7,Aragon M88,Aragon M88Ernen - Valais
11/11/2024,07/12/2024,14/12/2024,882.00,HXTPVU7,Aragon M88,Aragon M88Ernen - Valais
11/11/2024,11/01/2025,18/01/2025,1034.00,HXTPVU7,Aragon M88,Aragon M88Ernen - Valais
11/11/2024,18/01/2025,25/01/2025,1034.00,HXTPVU7,Aragon M88,Aragon M88Ernen - Valais
11/11/2024,01/02/2025,08/02/2025,1451.00,HXTPVU7,Aragon M88,Aragon M88Ernen - Valais
11/11/2024,08/02/2025,15/02/2025,1451.00,HXTPVU7,Aragon M88,Aragon M88Ernen - Valais
11/11/2024,15/02/2025,22/02/2025,1451.00,HXTPVU7,Aragon M88,Aragon M88Ernen - Valais
11/11/2024,08/03/2025,15/03/2025,1034.00,HXTPVU7,Aragon M88,Aragon M88Ernen - Valais
11/11/2024,15/03/2025,22/03/2025,882.00,HXTPVU7,Aragon M88,Aragon M88Ernen - Valais
11/11/2024,22/03/2025,29/03/2025,882.00,HXTPVU7,Aragon M88,Aragon M88Ernen - Valais
11/11/2024,29/03/2025,05/04/2025,882.00,HXTPVU7,Aragon M88,Aragon M88Ernen - Valais
11/11/2024,26/04/2025,03/05/2025,882.00,HXTPVU7,Aragon M88,Aragon M88Ernen - Valais
11/11/2024,03/05/2025,10/05/2025,882.00,HXTPVU7,Aragon M88,Aragon M88Ernen - Valais
11/11/2024,10/05/2025,17/05/2025,882.00,HXTPVU7,Aragon M88,Aragon M88Ernen - Valais
11/11/2024,14/12/2024,21/12/2024,1623.66,HZ7SWE5,30 m² Appartement ∙ 1 chambre ∙ 2 personnes,Saas Fee - Valais
11/11/2024,01/02/2025,08/02/2025,1623.66,HZ7SWE5,30 m² Appartement ∙ 1 chambre ∙ 2 personnes,Saas Fee - Valais
11/11/2024,08/02/2025,15/02/2025,1623.66,HZ7SWE5,30 m² Appartement ∙ 1 chambre ∙ 2 personnes,Saas Fee - Valais
11/11/2024,01/03/2025,08/03/2025,1802.27,HZ7SWE5,30 m² Appartement ∙ 1 chambre ∙ 2 personnes,Saas Fee - Valais
11/11/2024,29/03/2025,05/04/2025,1623.66,HZ7SWE5,30 m² Appartement ∙ 1 chambre ∙ 2 personnes,Saas Fee - Valais
11/11/2024,05/04/2025,12/04/2025,1623.66,HZ7SWE5,30 m² Appartement ∙ 1 chambre ∙ 2 personnes,Saas Fee - Valais
11/11/2024,12/04/2025,19/04/2025,1891.58,HZ7SWE5,30 m² Appartement ∙ 1 chambre ∙ 2 personnes,Saas Fee - Valais
11/11/2024,19/04/2025,26/04/2025,1891.58,HZ7SWE5,30 m² Appartement ∙ 1 chambre ∙ 2 personnes,Saas Fee - Valais
11/11/2024,16/11/2024,23/11/2024,618.55,H1K67C2,60 m² Appartement ∙ 1 chambre ∙ 4 personnes,Saas Grund - Valais
11/11/2024,23/11/2024,30/11/2024,618.55,H1K67C2,60 m² Appartement ∙ 1 chambre ∙ 4 personnes,Saas Grund - Valais
11/11/2024,30/11/2024,07/12/2024,618.55,H1K67C2,60 m² Appartement ∙ 1 chambre ∙ 4 personnes,Saas Grund - Valais
11/11/2024,07/12/2024,14/12/2024,618.55,H1K67C2,60 m² Appartement ∙ 1 chambre ∙ 4 personnes,Saas Grund - Valais
11/11/2024,16/11/2024,23/11/2024,1074.00,HHMJTDS,80 m² Appartement ∙ 2 chambres ∙ 4 personnes,Zermatt - Valais
11/11/2024,21/12/2024,28/12/2024,3237.00,HHMJTDS,80 m² Appartement ∙ 2 chambres ∙ 4 personnes,Zermatt - Valais
11/11/2024,11/01/2025,18/01/2025,1549.00,HHMJTDS,80 m² Appartement ∙ 2 chambres ∙ 4 personnes,Zermatt - Valais
11/11/2024,08/02/2025,15/02/2025,3088.00,HHMJTDS,80 m² Appartement ∙ 2 chambres ∙ 4 personnes,Zermatt - Valais
11/11/2024,19/04/2025,26/04/2025,1663.00,HHMJTDS,80 m² Appartement ∙ 2 chambres ∙ 4 personnes,Zermatt - Valais
11/11/2024,26/04/2025,03/05/2025,1435.00,HHMJTDS,80 m² Appartement ∙ 2 chambres ∙ 4 personnes,Zermatt - Valais
11/11/2024,03/05/2025,10/05/2025,1435.00,HHMJTDS,80 m² Appartement ∙ 2 chambres ∙ 4 personnes,Zermatt - Valais
11/11/2024,10/05/2025,17/05/2025,1435.00,HHMJTDS,80 m² Appartement ∙ 2 chambres ∙ 4 personnes,Zermatt - Valais
11/11/2024,01/02/2025,08/02/2025,3286.50,H8X5HDS,Appartement ∙ 3 chambres ∙ 6 personnes,Zermatt - Valais
11/11/2024,22/03/2025,29/03/2025,3439.80,H8X5HDS,Appartement ∙ 3 chambres ∙ 6 personnes,Zermatt - Valais
11/11/2024,26/04/2025,03/05/2025,1651.23,H8X5HDS,Appartement ∙ 3 chambres ∙ 6 personnes,Zermatt - Valais
11/11/2024,03/05/2025,10/05/2025,1651.23,H8X5HDS,Appartement ∙ 3 chambres ∙ 6 personnes,Zermatt - Valais
11/11/2024,10/05/2025,17/05/2025,1651.23,H8X5HDS,Appartement ∙ 3 chambres ∙ 6 personnes,Zermatt - Valais
11/11/2024,16/11/2024,23/11/2024,674.12,HBE47YC,Studio ∙ 1 chambre ∙ 2 personnes,Grächen - Valais
11/11/2024,23/11/2024,30/11/2024,674.12,HBE47YC,Studio ∙ 1 chambre ∙ 2 personnes,Grächen - Valais
11/11/2024,07/12/2024,14/12/2024,823.17,HBE47YC,Studio ∙ 1 chambre ∙ 2 personnes,Grächen - Valais
11/11/2024,14/12/2024,21/12/2024,823.17,HBE47YC,Studio ∙ 1 chambre ∙ 2 personnes,Grächen - Valais
11/11/2024,04/01/2025,11/01/2025,823.17,HBE47YC,Studio ∙ 1 chambre ∙ 2 personnes,Grächen - Valais
11/11/2024,11/01/2025,18/01/2025,823.17,HBE47YC,Studio ∙ 1 chambre ∙ 2 personnes,Grächen - Valais
11/11/2024,18/01/2025,25/01/2025,823.17,HBE47YC,Studio ∙ 1 chambre ∙ 2 personnes,Grächen - Valais
11/11/2024,08/03/2025,15/03/2025,596.19,HBE47YC,Studio ∙ 1 chambre ∙ 2 personnes,Grächen - Valais
11/11/2024,29/03/2025,05/04/2025,596.19,HBE47YC,Studio ∙ 1 chambre ∙ 2 personnes,Grächen - Valais
11/11/2024,05/04/2025,12/04/2025,596.19,HBE47YC,Studio ∙ 1 chambre ∙ 2 personnes,Grächen - Valais
11/11/2024,12/04/2025,19/04/2025,596.19,HBE47YC,Studio ∙ 1 chambre ∙ 2 personnes,Grächen - Valais
11/11/2024,19/04/2025,26/04/2025,596.19,HBE47YC,Studio ∙ 1 chambre ∙ 2 personnes,Grächen - Valais
11/11/2024,04/01/2025,11/01/2025,1749.85,HUFH974,140 m² Maison de vacances ∙ 4 chambres ∙ 10 personnes,Saint-Nicolas - Valais
11/11/2024,11/01/2025,18/01/2025,1749.85,HUFH974,140 m² Maison de vacances ∙ 4 chambres ∙ 10 personnes,Saint-Nicolas - Valais
11/11/2024,18/01/2025,25/01/2025,1749.85,HUFH974,140 m² Maison de vacances ∙ 4 chambres ∙ 10 personnes,Saint-Nicolas - Valais
11/11/2024,25/01/2025,01/02/2025,1749.85,HUFH974,140 m² Maison de vacances ∙ 4 chambres ∙ 10 personnes,Saint-Nicolas - Valais
11/11/2024,15/03/2025,22/03/2025,1749.85,HUFH974,140 m² Maison de vacances ∙ 4 chambres ∙ 10 personnes,Saint-Nicolas - Valais
11/11/2024,22/03/2025,29/03/2025,1749.85,HUFH974,140 m² Maison de vacances ∙ 4 chambres ∙ 10 personnes,Saint-Nicolas - Valais
11/11/2024,29/03/2025,05/04/2025,1749.85,HUFH974,140 m² Maison de vacances ∙ 4 chambres ∙ 10 personnes,Saint-Nicolas - Valais
11/11/2024,05/04/2025,12/04/2025,1749.85,HUFH974,140 m² Maison de vacances ∙ 4 chambres ∙ 10 personnes,Saint-Nicolas - Valais
11/11/2024,12/04/2025,19/04/2025,1749.85,HUFH974,140 m² Maison de vacances ∙ 4 chambres ∙ 10 personnes,Saint-Nicolas - Valais
11/11/2024,19/04/2025,26/04/2025,1749.85,HUFH974,140 m² Maison de vacances ∙ 4 chambres ∙ 10 personnes,Saint-Nicolas - Valais
11/11/2024,26/04/2025,03/05/2025,1749.85,HUFH974,140 m² Maison de vacances ∙ 4 chambres ∙ 10 personnes,Saint-Nicolas - Valais
11/11/2024,03/05/2025,10/05/2025,1749.85,HUFH974,140 m² Maison de vacances ∙ 4 chambres ∙ 10 personnes,Saint-Nicolas - Valais
11/11/2024,10/05/2025,17/05/2025,1749.85,HUFH974,140 m² Maison de vacances ∙ 4 chambres ∙ 10 personnes,Saint-Nicolas - Valais
11/11/2024,16/11/2024,23/11/2024,743.11,HM6FZ1D,45 m² Appartement ∙ 1 chambre ∙ 4 personnes,Nax - Valais
11/11/2024,23/11/2024,30/11/2024,743.11,HM6FZ1D,45 m² Appartement ∙ 1 chambre ∙ 4 personnes,Nax - Valais
11/11/2024,30/11/2024,07/12/2024,743.11,HM6FZ1D,45 m² Appartement ∙ 1 chambre ∙ 4 personnes,Nax - Valais
11/11/2024,07/12/2024,14/12/2024,743.11,HM6FZ1D,45 m² Appartement ∙ 1 chambre ∙ 4 personnes,Nax - Valais
11/11/2024,14/12/2024,21/12/2024,750.56,HM6FZ1D,45 m² Appartement ∙ 1 chambre ∙ 4 personnes,Nax - Valais
11/11/2024,21/12/2024,28/12/2024,1250.93,HM6FZ1D,45 m² Appartement ∙ 1 chambre ∙ 4 personnes,Nax - Valais
11/11/2024,28/12/2024,04/01/2025,1375.49,HM6FZ1D,45 m² Appartement ∙ 1 chambre ∙ 4 personnes,Nax - Valais
11/11/2024,04/01/2025,11/01/2025,1000.75,HM6FZ1D,45 m² Appartement ∙ 1 chambre ∙ 4 personnes,Nax - Valais
11/11/2024,11/01/2025,18/01/2025,964.12,HM6FZ1D,45 m² Appartement ∙ 1 chambre ∙ 4 personnes,Nax - Valais
11/11/2024,18/01/2025,25/01/2025,1000.75,HM6FZ1D,45 m² Appartement ∙ 1 chambre ∙ 4 personnes,Nax - Valais
11/11/2024,25/01/2025,01/02/2025,1000.75,HM6FZ1D,45 m² Appartement ∙ 1 chambre ∙ 4 personnes,Nax - Valais
11/11/2024,01/02/2025,08/02/2025,1250.93,HM6FZ1D,45 m² Appartement ∙ 1 chambre ∙ 4 personnes,Nax - Valais
11/11/2024,08/02/2025,15/02/2025,1250.93,HM6FZ1D,45 m² Appartement ∙ 1 chambre ∙ 4 personnes,Nax - Valais
11/11/2024,15/02/2025,22/02/2025,1326.64,HM6FZ1D,45 m² Appartement ∙ 1 chambre ∙ 4 personnes,Nax - Valais
11/11/2024,22/02/2025,01/03/2025,1326.64,HM6FZ1D,45 m² Appartement ∙ 1 chambre ∙ 4 personnes,Nax - Valais
11/11/2024,01/03/2025,08/03/2025,1326.64,HM6FZ1D,45 m² Appartement ∙ 1 chambre ∙ 4 personnes,Nax - Valais
11/11/2024,08/03/2025,15/03/2025,965.20,HM6FZ1D,45 m² Appartement ∙ 1 chambre ∙ 4 personnes,Nax - Valais
11/11/2024,15/03/2025,22/03/2025,1001.88,HM6FZ1D,45 m² Appartement ∙ 1 chambre ∙ 4 personnes,Nax - Valais
11/11/2024,22/03/2025,29/03/2025,1001.88,HM6FZ1D,45 m² Appartement ∙ 1 chambre ∙ 4 personnes,Nax - Valais
11/11/2024,29/03/2025,05/04/2025,1001.88,HM6FZ1D,45 m² Appartement ∙ 1 chambre ∙ 4 personnes,Nax - Valais
11/11/2024,05/04/2025,12/04/2025,965.20,HM6FZ1D,45 m² Appartement ∙ 1 chambre ∙ 4 personnes,Nax - Valais
11/11/2024,12/04/2025,19/04/2025,965.20,HM6FZ1D,45 m² Appartement ∙ 1 chambre ∙ 4 personnes,Nax - Valais
11/11/2024,19/04/2025,26/04/2025,965.20,HM6FZ1D,45 m² Appartement ∙ 1 chambre ∙ 4 personnes,Nax - Valais
11/11/2024,26/04/2025,03/05/2025,751.41,HM6FZ1D,45 m² Appartement ∙ 1 chambre ∙ 4 personnes,Nax - Valais
11/11/2024,03/05/2025,10/05/2025,751.41,HM6FZ1D,45 m² Appartement ∙ 1 chambre ∙ 4 personnes,Nax - Valais
11/11/2024,10/05/2025,17/05/2025,751.41,HM6FZ1D,45 m² Appartement ∙ 1 chambre ∙ 4 personnes,Nax - Valais
11/11/2024,16/11/2024,23/11/2024,1485.02,HPBU79K,50 m² Appartement ∙ 1 chambre ∙ 4 personnes,Saas Fee - Valais
11/11/2024,23/11/2024,30/11/2024,1485.02,HPBU79K,50 m² Appartement ∙ 1 chambre ∙ 4 personnes,Saas Fee - Valais
11/11/2024,30/11/2024,07/12/2024,1621.87,HPBU79K,50 m² Appartement ∙ 1 chambre ∙ 4 personnes,Saas Fee - Valais
11/11/2024,07/12/2024,14/12/2024,1678.89,HPBU79K,50 m² Appartement ∙ 1 chambre ∙ 4 personnes,Saas Fee - Valais
11/11/2024,14/12/2024,21/12/2024,1884.17,HPBU79K,50 m² Appartement ∙ 1 chambre ∙ 4 personnes,Saas Fee - Valais
11/11/2024,11/01/2025,18/01/2025,1485.02,HPBU79K,50 m² Appartement ∙ 1 chambre ∙ 4 personnes,Saas Fee - Valais
11/11/2024,15/03/2025,22/03/2025,1724.51,HPBU79K,50 m² Appartement ∙ 1 chambre ∙ 4 personnes,Saas Fee - Valais
11/11/2024,22/03/2025,29/03/2025,1596.61,HPBU79K,50 m² Appartement ∙ 1 chambre ∙ 4 personnes,Saas Fee - Valais
11/11/2024,29/03/2025,05/04/2025,1596.61,HPBU79K,50 m² Appartement ∙ 1 chambre ∙ 4 personnes,Saas Fee - Valais
11/11/2024,05/04/2025,12/04/2025,1596.61,HPBU79K,50 m² Appartement ∙ 1 chambre ∙ 4 personnes,Saas Fee - Valais
11/11/2024,12/04/2025,19/04/2025,1756.27,HPBU79K,50 m² Appartement ∙ 1 chambre ∙ 4 personnes,Saas Fee - Valais
11/11/2024,19/04/2025,26/04/2025,1756.27,HPBU79K,50 m² Appartement ∙ 1 chambre ∙ 4 personnes,Saas Fee - Valais
11/11/2024,16/11/2024,23/11/2024,1218.88,HSC2JPL,Maison de vacances ∙ 3 chambres ∙ 6 personnes,Bellwald - Valais
11/11/2024,23/11/2024,30/11/2024,1218.88,HSC2JPL,Maison de vacances ∙ 3 chambres ∙ 6 personnes,Bellwald - Valais
11/11/2024,30/11/2024,07/12/2024,1218.88,HSC2JPL,Maison de vacances ∙ 3 chambres ∙ 6 personnes,Bellwald - Valais
11/11/2024,07/12/2024,14/12/2024,1218.88,HSC2JPL,Maison de vacances ∙ 3 chambres ∙ 6 personnes,Bellwald - Valais
11/11/2024,16/11/2024,23/11/2024,798.30,HBR3TY9,50 m² Appartement ∙ 1 chambre ∙ 4 personnes,Saas Grund - Valais
11/11/2024,23/11/2024,30/11/2024,798.30,HBR3TY9,50 m² Appartement ∙ 1 chambre ∙ 4 personnes,Saas Grund - Valais
11/11/2024,30/11/2024,07/12/2024,798.30,HBR3TY9,50 m² Appartement ∙ 1 chambre ∙ 4 personnes,Saas Grund - Valais
11/11/2024,07/12/2024,14/12/2024,883.57,HBR3TY9,50 m² Appartement ∙ 1 chambre ∙ 4 personnes,Saas Grund - Valais
11/11/2024,14/12/2024,21/12/2024,883.57,HBR3TY9,50 m² Appartement ∙ 1 chambre ∙ 4 personnes,Saas Grund - Valais
11/11/2024,04/01/2025,11/01/2025,883.57,HBR3TY9,50 m² Appartement ∙ 1 chambre ∙ 4 personnes,Saas Grund - Valais
11/11/2024,11/01/2025,18/01/2025,883.57,HBR3TY9,50 m² Appartement ∙ 1 chambre ∙ 4 personnes,Saas Grund - Valais
11/11/2024,22/02/2025,01/03/2025,1043.23,HBR3TY9,50 m² Appartement ∙ 1 chambre ∙ 4 personnes,Saas Grund - Valais
11/11/2024,01/03/2025,08/03/2025,1043.23,HBR3TY9,50 m² Appartement ∙ 1 chambre ∙ 4 personnes,Saas Grund - Valais
11/11/2024,22/03/2025,29/03/2025,883.57,HBR3TY9,50 m² Appartement ∙ 1 chambre ∙ 4 personnes,Saas Grund - Valais
11/11/2024,29/03/2025,05/04/2025,883.57,HBR3TY9,50 m² Appartement ∙ 1 chambre ∙ 4 personnes,Saas Grund - Valais
11/11/2024,05/04/2025,12/04/2025,883.57,HBR3TY9,50 m² Appartement ∙ 1 chambre ∙ 4 personnes,Saas Grund - Valais
11/11/2024,03/05/2025,10/05/2025,723.91,HBR3TY9,50 m² Appartement ∙ 1 chambre ∙ 4 personnes,Saas Grund - Valais
11/11/2024,10/05/2025,17/05/2025,723.91,HBR3TY9,50 m² Appartement ∙ 1 chambre ∙ 4 personnes,Saas Grund - Valais
11/11/2024,18/01/2025,25/01/2025,1315.26,H5UFHWN,52 m² Appartement ∙ 2 chambres ∙ 6 personnes,Nendaz - Valais
11/11/2024,08/02/2025,15/02/2025,2058.58,H5UFHWN,52 m² Appartement ∙ 2 chambres ∙ 6 personnes,Nendaz - Valais
11/11/2024,01/03/2025,08/03/2025,2946.94,H5UFHWN,52 m² Appartement ∙ 2 chambres ∙ 6 personnes,Nendaz - Valais
11/11/2024,15/03/2025,22/03/2025,1231.06,H5UFHWN,52 m² Appartement ∙ 2 chambres ∙ 6 personnes,Nendaz - Valais
11/11/2024,22/03/2025,29/03/2025,1231.06,H5UFHWN,52 m² Appartement ∙ 2 chambres ∙ 6 personnes,Nendaz - Valais
11/11/2024,29/03/2025,05/04/2025,1231.06,H5UFHWN,52 m² Appartement ∙ 2 chambres ∙ 6 personnes,Nendaz - Valais
11/11/2024,05/04/2025,12/04/2025,1348.94,H5UFHWN,52 m² Appartement ∙ 2 chambres ∙ 6 personnes,Nendaz - Valais
11/11/2024,12/04/2025,19/04/2025,1348.94,H5UFHWN,52 m² Appartement ∙ 2 chambres ∙ 6 personnes,Nendaz - Valais
11/11/2024,19/04/2025,26/04/2025,1231.06,H5UFHWN,52 m² Appartement ∙ 2 chambres ∙ 6 personnes,Nendaz - Valais
11/11/2024,26/04/2025,03/05/2025,1231.06,H5UFHWN,52 m² Appartement ∙ 2 chambres ∙ 6 personnes,Nendaz - Valais
11/11/2024,16/11/2024,23/11/2024,785.14,HYMHUEC,52 m² Appartement ∙ 1 chambre ∙ 2 personnes,Saas-Almagell - Valais
11/11/2024,23/11/2024,30/11/2024,785.14,HYMHUEC,52 m² Appartement ∙ 1 chambre ∙ 2 personnes,Saas-Almagell - Valais
11/11/2024,30/11/2024,07/12/2024,785.14,HYMHUEC,52 m² Appartement ∙ 1 chambre ∙ 2 personnes,Saas-Almagell - Valais
11/11/2024,07/12/2024,14/12/2024,785.14,HYMHUEC,52 m² Appartement ∙ 1 chambre ∙ 2 personnes,Saas-Almagell - Valais
11/11/2024,14/12/2024,21/12/2024,785.14,HYMHUEC,52 m² Appartement ∙ 1 chambre ∙ 2 personnes,Saas-Almagell - Valais
11/11/2024,21/12/2024,28/12/2024,785.14,HYMHUEC,52 m² Appartement ∙ 1 chambre ∙ 2 personnes,Saas-Almagell - Valais
11/11/2024,16/11/2024,23/11/2024,965.95,HXGWR3U,100 m² Appartement ∙ 3 chambres ∙ 6 personnes,Saas-Almagell - Valais
11/11/2024,07/12/2024,14/12/2024,1125.82,HXGWR3U,100 m² Appartement ∙ 3 chambres ∙ 6 personnes,Saas-Almagell - Valais
11/11/2024,14/12/2024,21/12/2024,1125.82,HXGWR3U,100 m² Appartement ∙ 3 chambres ∙ 6 personnes,Saas-Almagell - Valais
11/11/2024,11/01/2025,18/01/2025,1357.33,HXGWR3U,100 m² Appartement ∙ 3 chambres ∙ 6 personnes,Saas-Almagell - Valais
11/11/2024,03/05/2025,10/05/2025,1125.82,HXGWR3U,100 m² Appartement ∙ 3 chambres ∙ 6 personnes,Saas-Almagell - Valais
11/11/2024,10/05/2025,17/05/2025,1125.82,HXGWR3U,100 m² Appartement ∙ 3 chambres ∙ 6 personnes,Saas-Almagell - Valais
11/11/2024,30/11/2024,07/12/2024,1365.32,HDXC2ZJ,120 m² Maison de vacances ∙ 2 chambres ∙ 6 personnes,Vex - Valais
11/11/2024,07/12/2024,14/12/2024,1399.43,HDXC2ZJ,120 m² Maison de vacances ∙ 2 chambres ∙ 6 personnes,Vex - Valais
11/11/2024,14/12/2024,21/12/2024,1509.21,HDXC2ZJ,120 m² Maison de vacances ∙ 2 chambres ∙ 6 personnes,Vex - Valais
11/11/2024,21/12/2024,28/12/2024,3591.84,HDXC2ZJ,120 m² Maison de vacances ∙ 2 chambres ∙ 6 personnes,Vex - Valais
11/11/2024,04/01/2025,11/01/2025,1607.27,HDXC2ZJ,120 m² Maison de vacances ∙ 2 chambres ∙ 6 personnes,Vex - Valais
11/11/2024,18/01/2025,25/01/2025,1757.55,HDXC2ZJ,120 m² Maison de vacances ∙ 2 chambres ∙ 6 personnes,Vex - Valais
11/11/2024,25/01/2025,01/02/2025,2368.27,HDXC2ZJ,120 m² Maison de vacances ∙ 2 chambres ∙ 6 personnes,Vex - Valais
11/11/2024,08/03/2025,15/03/2025,1832.16,HDXC2ZJ,120 m² Maison de vacances ∙ 2 chambres ∙ 6 personnes,Vex - Valais
11/11/2024,15/03/2025,22/03/2025,1607.27,HDXC2ZJ,120 m² Maison de vacances ∙ 2 chambres ∙ 6 personnes,Vex - Valais
11/11/2024,22/03/2025,29/03/2025,1553.97,HDXC2ZJ,120 m² Maison de vacances ∙ 2 chambres ∙ 6 personnes,Vex - Valais
11/11/2024,29/03/2025,05/04/2025,1531.59,HDXC2ZJ,120 m² Maison de vacances ∙ 2 chambres ∙ 6 personnes,Vex - Valais
11/11/2024,12/04/2025,19/04/2025,1682.94,HDXC2ZJ,120 m² Maison de vacances ∙ 2 chambres ∙ 6 personnes,Vex - Valais
11/11/2024,19/04/2025,26/04/2025,1444.19,HDXC2ZJ,120 m² Maison de vacances ∙ 2 chambres ∙ 6 personnes,Vex - Valais
11/11/2024,16/11/2024,23/11/2024,1011.47,HGL3NF5,45 m² Appartement ∙ 1 chambre ∙ 3 personnes,Loèche-les-Bains - Valais
11/11/2024,23/11/2024,30/11/2024,1011.47,HGL3NF5,45 m² Appartement ∙ 1 chambre ∙ 3 personnes,Loèche-les-Bains - Valais
11/11/2024,30/11/2024,07/12/2024,1011.47,HGL3NF5,45 m² Appartement ∙ 1 chambre ∙ 3 personnes,Loèche-les-Bains - Valais
11/11/2024,07/12/2024,14/12/2024,1011.47,HGL3NF5,45 m² Appartement ∙ 1 chambre ∙ 3 personnes,Loèche-les-Bains - Valais
11/11/2024,14/12/2024,21/12/2024,1088.21,HGL3NF5,45 m² Appartement ∙ 1 chambre ∙ 3 personnes,Loèche-les-Bains - Valais
11/11/2024,11/01/2025,18/01/2025,1190.53,HGL3NF5,45 m² Appartement ∙ 1 chambre ∙ 3 personnes,Loèche-les-Bains - Valais
11/11/2024,18/01/2025,25/01/2025,1190.53,HGL3NF5,45 m² Appartement ∙ 1 chambre ∙ 3 personnes,Loèche-les-Bains - Valais
11/11/2024,08/02/2025,15/02/2025,1241.69,HGL3NF5,45 m² Appartement ∙ 1 chambre ∙ 3 personnes,Loèche-les-Bains - Valais
11/11/2024,15/02/2025,22/02/2025,1548.65,HGL3NF5,45 m² Appartement ∙ 1 chambre ∙ 3 personnes,Loèche-les-Bains - Valais
11/11/2024,15/03/2025,22/03/2025,984.83,HGL3NF5,45 m² Appartement ∙ 1 chambre ∙ 3 personnes,Loèche-les-Bains - Valais
11/11/2024,22/03/2025,29/03/2025,984.83,HGL3NF5,45 m² Appartement ∙ 1 chambre ∙ 3 personnes,Loèche-les-Bains - Valais
11/11/2024,29/03/2025,05/04/2025,984.83,HGL3NF5,45 m² Appartement ∙ 1 chambre ∙ 3 personnes,Loèche-les-Bains - Valais
11/11/2024,05/04/2025,12/04/2025,984.83,HGL3NF5,45 m² Appartement ∙ 1 chambre ∙ 3 personnes,Loèche-les-Bains - Valais
11/11/2024,12/04/2025,19/04/2025,984.83,HGL3NF5,45 m² Appartement ∙ 1 chambre ∙ 3 personnes,Loèche-les-Bains - Valais
11/11/2024,19/04/2025,26/04/2025,984.83,HGL3NF5,45 m² Appartement ∙ 1 chambre ∙ 3 personnes,Loèche-les-Bains - Valais
11/11/2024,26/04/2025,03/05/2025,1032.60,HJ4X05Y,33 m² Appartement ∙ 1 chambre ∙ 2 personnes,Saas Fee - Valais
11/11/2024,03/05/2025,10/05/2025,1032.60,HJ4X05Y,33 m² Appartement ∙ 1 chambre ∙ 2 personnes,Saas Fee - Valais
11/11/2024,10/05/2025,17/05/2025,1032.60,HJ4X05Y,33 m² Appartement ∙ 1 chambre ∙ 2 personnes,Saas Fee - Valais
11/11/2024,16/11/2024,23/11/2024,1075.42,H06GHFP,Appartement ∙ 2 chambres ∙ 6 personnes,Champéry - Valais
11/11/2024,23/11/2024,30/11/2024,1267.27,H06GHFP,Appartement ∙ 2 chambres ∙ 6 personnes,Champéry - Valais
11/11/2024,30/11/2024,07/12/2024,1299.24,H06GHFP,Appartement ∙ 2 chambres ∙ 6 personnes,Champéry - Valais
11/11/2024,07/12/2024,14/12/2024,1299.24,H06GHFP,Appartement ∙ 2 chambres ∙ 6 personnes,Champéry - Valais
11/11/2024,08/03/2025,15/03/2025,1896.11,H06GHFP,Appartement ∙ 2 chambres ∙ 6 personnes,Champéry - Valais
11/11/2024,15/03/2025,22/03/2025,1896.11,H06GHFP,Appartement ∙ 2 chambres ∙ 6 personnes,Champéry - Valais
11/11/2024,22/03/2025,29/03/2025,1299.24,H06GHFP,Appartement ∙ 2 chambres ∙ 6 personnes,Champéry - Valais
11/11/2024,29/03/2025,05/04/2025,1277.93,H06GHFP,Appartement ∙ 2 chambres ∙ 6 personnes,Champéry - Valais
11/11/2024,26/04/2025,03/05/2025,1075.42,H06GHFP,Appartement ∙ 2 chambres ∙ 6 personnes,Champéry - Valais
11/11/2024,03/05/2025,10/05/2025,1075.42,H06GHFP,Appartement ∙ 2 chambres ∙ 6 personnes,Champéry - Valais
11/11/2024,10/05/2025,17/05/2025,1075.42,H06GHFP,Appartement ∙ 2 chambres ∙ 6 personnes,Champéry - Valais
11/11/2024,16/11/2024,23/11/2024,1645.43,HEK3DS4,90 m² Maison de vacances ∙ 2 chambres ∙ 8 personnes,Orsières - Valais
11/11/2024,23/11/2024,30/11/2024,1311.45,HEK3DS4,90 m² Maison de vacances ∙ 2 chambres ∙ 8 personnes,Orsières - Valais
11/11/2024,30/11/2024,07/12/2024,1311.45,HEK3DS4,90 m² Maison de vacances ∙ 2 chambres ∙ 8 personnes,Orsières - Valais
11/11/2024,07/12/2024,14/12/2024,1645.43,HEK3DS4,90 m² Maison de vacances ∙ 2 chambres ∙ 8 personnes,Orsières - Valais
11/11/2024,21/12/2024,28/12/2024,3587.81,HEK3DS4,90 m² Maison de vacances ∙ 2 chambres ∙ 8 personnes,Orsières - Valais
11/11/2024,04/01/2025,11/01/2025,2028.64,HEK3DS4,90 m² Maison de vacances ∙ 2 chambres ∙ 8 personnes,Orsières - Valais
11/11/2024,11/01/2025,18/01/2025,1723.07,HEK3DS4,90 m² Maison de vacances ∙ 2 chambres ∙ 8 personnes,Orsières - Valais
11/11/2024,08/02/2025,15/02/2025,2168.06,HEK3DS4,90 m² Maison de vacances ∙ 2 chambres ∙ 8 personnes,Orsières - Valais
11/11/2024,15/02/2025,22/02/2025,3335.24,HEK3DS4,90 m² Maison de vacances ∙ 2 chambres ∙ 8 personnes,Orsières - Valais
11/11/2024,22/02/2025,01/03/2025,3008.38,HEK3DS4,90 m² Maison de vacances ∙ 2 chambres ∙ 8 personnes,Orsières - Valais
11/11/2024,01/03/2025,08/03/2025,2254.46,HEK3DS4,90 m² Maison de vacances ∙ 2 chambres ∙ 8 personnes,Orsières - Valais
11/11/2024,22/03/2025,29/03/2025,1402.87,HEK3DS4,90 m² Maison de vacances ∙ 2 chambres ∙ 8 personnes,Orsières - Valais
11/11/2024,29/03/2025,05/04/2025,1410.38,HEK3DS4,90 m² Maison de vacances ∙ 2 chambres ∙ 8 personnes,Orsières - Valais
11/11/2024,05/04/2025,12/04/2025,1899.65,HEK3DS4,90 m² Maison de vacances ∙ 2 chambres ∙ 8 personnes,Orsières - Valais
11/11/2024,26/04/2025,03/05/2025,1489.28,HEK3DS4,90 m² Maison de vacances ∙ 2 chambres ∙ 8 personnes,Orsières - Valais
11/11/2024,03/05/2025,10/05/2025,1439.19,HEK3DS4,90 m² Maison de vacances ∙ 2 chambres ∙ 8 personnes,Orsières - Valais
11/11/2024,10/05/2025,17/05/2025,1505.56,HEK3DS4,90 m² Maison de vacances ∙ 2 chambres ∙ 8 personnes,Orsières - Valais
11/11/2024,16/11/2024,23/11/2024,627.24,HVYT47P,48 m² Appartement ∙ 1 chambre ∙ 4 personnes,Saas-Balen - Valais
11/11/2024,23/11/2024,30/11/2024,627.24,HVYT47P,48 m² Appartement ∙ 1 chambre ∙ 4 personnes,Saas-Balen - Valais
11/11/2024,30/11/2024,07/12/2024,627.24,HVYT47P,48 m² Appartement ∙ 1 chambre ∙ 4 personnes,Saas-Balen - Valais
11/11/2024,07/12/2024,14/12/2024,627.24,HVYT47P,48 m² Appartement ∙ 1 chambre ∙ 4 personnes,Saas-Balen - Valais
11/11/2024,04/01/2025,11/01/2025,883.84,HVYT47P,48 m² Appartement ∙ 1 chambre ∙ 4 personnes,Saas-Balen - Valais
11/11/2024,11/01/2025,18/01/2025,878.14,HVYT47P,48 m² Appartement ∙ 1 chambre ∙ 4 personnes,Saas-Balen - Valais
11/11/2024,18/01/2025,25/01/2025,878.14,HVYT47P,48 m² Appartement ∙ 1 chambre ∙ 4 personnes,Saas-Balen - Valais
11/11/2024,25/01/2025,01/02/2025,957.97,HVYT47P,48 m² Appartement ∙ 1 chambre ∙ 4 personnes,Saas-Balen - Valais
11/11/2024,22/02/2025,01/03/2025,957.97,HVYT47P,48 m² Appartement ∙ 1 chambre ∙ 4 personnes,Saas-Balen - Valais
11/11/2024,01/03/2025,08/03/2025,957.97,HVYT47P,48 m² Appartement ∙ 1 chambre ∙ 4 personnes,Saas-Balen - Valais
11/11/2024,08/03/2025,15/03/2025,821.12,HVYT47P,48 m² Appartement ∙ 1 chambre ∙ 4 personnes,Saas-Balen - Valais
11/11/2024,15/03/2025,22/03/2025,798.31,HVYT47P,48 m² Appartement ∙ 1 chambre ∙ 4 personnes,Saas-Balen - Valais
11/11/2024,22/03/2025,29/03/2025,798.31,HVYT47P,48 m² Appartement ∙ 1 chambre ∙ 4 personnes,Saas-Balen - Valais
11/11/2024,29/03/2025,05/04/2025,798.31,HVYT47P,48 m² Appartement ∙ 1 chambre ∙ 4 personnes,Saas-Balen - Valais
11/11/2024,05/04/2025,12/04/2025,798.31,HVYT47P,48 m² Appartement ∙ 1 chambre ∙ 4 personnes,Saas-Balen - Valais
11/11/2024,16/11/2024,23/11/2024,1175.16,HHBEWXN,55 m² Appartement ∙ 1 chambre ∙ 4 personnes,Saas Fee - Valais
11/11/2024,23/11/2024,30/11/2024,1175.16,HHBEWXN,55 m² Appartement ∙ 1 chambre ∙ 4 personnes,Saas Fee - Valais
11/11/2024,30/11/2024,07/12/2024,1277.80,HHBEWXN,55 m² Appartement ∙ 1 chambre ∙ 4 personnes,Saas Fee - Valais
11/11/2024,07/12/2024,14/12/2024,1294.91,HHBEWXN,55 m² Appartement ∙ 1 chambre ∙ 4 personnes,Saas Fee - Valais
11/11/2024,14/12/2024,21/12/2024,1398.69,HHBEWXN,55 m² Appartement ∙ 1 chambre ∙ 4 personnes,Saas Fee - Valais
11/11/2024,21/12/2024,28/12/2024,2005.40,HHBEWXN,55 m² Appartement ∙ 1 chambre ∙ 4 personnes,Saas Fee - Valais
11/11/2024,18/01/2025,25/01/2025,1294.91,HHBEWXN,55 m² Appartement ∙ 1 chambre ∙ 4 personnes,Saas Fee - Valais
11/11/2024,08/03/2025,15/03/2025,1398.69,HHBEWXN,55 m² Appartement ∙ 1 chambre ∙ 4 personnes,Saas Fee - Valais
11/11/2024,15/03/2025,22/03/2025,1398.69,HHBEWXN,55 m² Appartement ∙ 1 chambre ∙ 4 personnes,Saas Fee - Valais
11/11/2024,29/03/2025,05/04/2025,1398.69,HHBEWXN,55 m² Appartement ∙ 1 chambre ∙ 4 personnes,Saas Fee - Valais
11/11/2024,05/04/2025,12/04/2025,1398.69,HHBEWXN,55 m² Appartement ∙ 1 chambre ∙ 4 personnes,Saas Fee - Valais
11/11/2024,21/12/2024,28/12/2024,1328.00,HJNTBVW,40 m² Appartement ∙ 1 chambre ∙ 3 personnes,Nendaz - Valais
11/11/2024,03/05/2025,10/05/2025,873.00,HJNTBVW,40 m² Appartement ∙ 1 chambre ∙ 3 personnes,Nendaz - Valais
11/11/2024,10/05/2025,17/05/2025,873.00,HJNTBVW,40 m² Appartement ∙ 1 chambre ∙ 3 personnes,Nendaz - Valais
11/11/2024,25/01/2025,01/02/2025,5264.12,HXH4BM6,145 m² Appartement ∙ 3 chambres ∙ 7 personnes,Zermatt - Valais
11/11/2024,01/02/2025,08/02/2025,5264.12,HXH4BM6,145 m² Appartement ∙ 3 chambres ∙ 7 personnes,Zermatt - Valais
11/11/2024,08/03/2025,15/03/2025,5264.12,HXH4BM6,145 m² Appartement ∙ 3 chambres ∙ 7 personnes,Zermatt - Valais
11/11/2024,15/03/2025,22/03/2025,5264.12,HXH4BM6,145 m² Appartement ∙ 3 chambres ∙ 7 personnes,Zermatt - Valais
11/11/2024,22/03/2025,29/03/2025,5264.12,HXH4BM6,145 m² Appartement ∙ 3 chambres ∙ 7 personnes,Zermatt - Valais
11/11/2024,29/03/2025,05/04/2025,5264.12,HXH4BM6,145 m² Appartement ∙ 3 chambres ∙ 7 personnes,Zermatt - Valais
11/11/2024,05/04/2025,12/04/2025,5264.12,HXH4BM6,145 m² Appartement ∙ 3 chambres ∙ 7 personnes,Zermatt - Valais
11/11/2024,12/04/2025,19/04/2025,5264.12,HXH4BM6,145 m² Appartement ∙ 3 chambres ∙ 7 personnes,Zermatt - Valais
11/11/2024,19/04/2025,26/04/2025,5264.12,HXH4BM6,145 m² Appartement ∙ 3 chambres ∙ 7 personnes,Zermatt - Valais
11/11/2024,26/04/2025,03/05/2025,2130.59,HXH4BM6,145 m² Appartement ∙ 3 chambres ∙ 7 personnes,Zermatt - Valais
11/11/2024,03/05/2025,10/05/2025,2130.59,HXH4BM6,145 m² Appartement ∙ 3 chambres ∙ 7 personnes,Zermatt - Valais
11/11/2024,10/05/2025,17/05/2025,2130.59,HXH4BM6,145 m² Appartement ∙ 3 chambres ∙ 7 personnes,Zermatt - Valais
11/11/2024,16/11/2024,23/11/2024,1551.49,H1N70MS,106 m² Appartement ∙ 3 chambres ∙ 7 personnes,Saas Grund - Valais
11/11/2024,23/11/2024,30/11/2024,1551.49,H1N70MS,106 m² Appartement ∙ 3 chambres ∙ 7 personnes,Saas Grund - Valais
11/11/2024,30/11/2024,07/12/2024,1551.49,H1N70MS,106 m² Appartement ∙ 3 chambres ∙ 7 personnes,Saas Grund - Valais
11/11/2024,07/12/2024,14/12/2024,1551.49,H1N70MS,106 m² Appartement ∙ 3 chambres ∙ 7 personnes,Saas Grund - Valais
11/11/2024,14/12/2024,21/12/2024,2224.36,H1N70MS,106 m² Appartement ∙ 3 chambres ∙ 7 personnes,Saas Grund - Valais
11/11/2024,04/01/2025,11/01/2025,2224.36,H1N70MS,106 m² Appartement ∙ 3 chambres ∙ 7 personnes,Saas Grund - Valais
11/11/2024,11/01/2025,18/01/2025,2224.36,H1N70MS,106 m² Appartement ∙ 3 chambres ∙ 7 personnes,Saas Grund - Valais
11/11/2024,18/01/2025,25/01/2025,2224.36,H1N70MS,106 m² Appartement ∙ 3 chambres ∙ 7 personnes,Saas Grund - Valais
11/11/2024,08/03/2025,15/03/2025,2224.36,H1N70MS,106 m² Appartement ∙ 3 chambres ∙ 7 personnes,Saas Grund - Valais
11/11/2024,15/03/2025,22/03/2025,2224.36,H1N70MS,106 m² Appartement ∙ 3 chambres ∙ 7 personnes,Saas Grund - Valais
11/11/2024,22/03/2025,29/03/2025,2224.36,H1N70MS,106 m² Appartement ∙ 3 chambres ∙ 7 personnes,Saas Grund - Valais
11/11/2024,29/03/2025,05/04/2025,2224.36,H1N70MS,106 m² Appartement ∙ 3 chambres ∙ 7 personnes,Saas Grund - Valais
11/11/2024,05/04/2025,12/04/2025,2224.36,H1N70MS,106 m² Appartement ∙ 3 chambres ∙ 7 personnes,Saas Grund - Valais
11/11/2024,12/04/2025,19/04/2025,2415.02,H1N70MS,106 m² Appartement ∙ 3 chambres ∙ 7 personnes,Saas Grund - Valais
11/11/2024,19/04/2025,26/04/2025,2192.58,H1N70MS,106 m² Appartement ∙ 3 chambres ∙ 7 personnes,Saas Grund - Valais
11/11/2024,26/04/2025,03/05/2025,1835.10,H1N70MS,106 m² Appartement ∙ 3 chambres ∙ 7 personnes,Saas Grund - Valais
11/11/2024,03/05/2025,10/05/2025,1835.10,H1N70MS,106 m² Appartement ∙ 3 chambres ∙ 7 personnes,Saas Grund - Valais
11/11/2024,10/05/2025,17/05/2025,1835.10,H1N70MS,106 m² Appartement ∙ 3 chambres ∙ 7 personnes,Saas Grund - Valais
11/11/2024,16/11/2024,23/11/2024,877.00,H34L6XP,90 m² Appartement ∙ 3 chambres ∙ 6 personnes,Riddes - Valais
11/11/2024,23/11/2024,30/11/2024,877.00,H34L6XP,90 m² Appartement ∙ 3 chambres ∙ 6 personnes,Riddes - Valais
11/11/2024,30/11/2024,07/12/2024,877.00,H34L6XP,90 m² Appartement ∙ 3 chambres ∙ 6 personnes,Riddes - Valais
11/11/2024,07/12/2024,14/12/2024,877.00,H34L6XP,90 m² Appartement ∙ 3 chambres ∙ 6 personnes,Riddes - Valais
11/11/2024,04/01/2025,11/01/2025,1302.35,H34L6XP,90 m² Appartement ∙ 3 chambres ∙ 6 personnes,Riddes - Valais
11/11/2024,08/03/2025,15/03/2025,1127.56,H34L6XP,90 m² Appartement ∙ 3 chambres ∙ 6 personnes,Riddes - Valais
11/11/2024,15/03/2025,22/03/2025,895.55,H34L6XP,90 m² Appartement ∙ 3 chambres ∙ 6 personnes,Riddes - Valais
11/11/2024,22/03/2025,29/03/2025,886.28,H34L6XP,90 m² Appartement ∙ 3 chambres ∙ 6 personnes,Riddes - Valais
11/11/2024,29/03/2025,05/04/2025,898.64,H34L6XP,90 m² Appartement ∙ 3 chambres ∙ 6 personnes,Riddes - Valais
11/11/2024,05/04/2025,12/04/2025,883.19,H34L6XP,90 m² Appartement ∙ 3 chambres ∙ 6 personnes,Riddes - Valais
11/11/2024,12/04/2025,19/04/2025,877.00,H34L6XP,90 m² Appartement ∙ 3 chambres ∙ 6 personnes,Riddes - Valais
11/11/2024,19/04/2025,26/04/2025,877.00,H34L6XP,90 m² Appartement ∙ 3 chambres ∙ 6 personnes,Riddes - Valais
11/11/2024,26/04/2025,03/05/2025,877.00,H34L6XP,90 m² Appartement ∙ 3 chambres ∙ 6 personnes,Riddes - Valais
11/11/2024,03/05/2025,10/05/2025,877.00,H34L6XP,90 m² Appartement ∙ 3 chambres ∙ 6 personnes,Riddes - Valais
11/11/2024,10/05/2025,17/05/2025,877.00,H34L6XP,90 m² Appartement ∙ 3 chambres ∙ 6 personnes,Riddes - Valais
11/11/2024,30/11/2024,07/12/2024,1284.00,HPF27RY,90 m² Appartement ∙ 3 chambres ∙ 6 personnes,Crans-Montana - Valais
11/11/2024,07/12/2024,14/12/2024,1284.00,HPF27RY,90 m² Appartement ∙ 3 chambres ∙ 6 personnes,Crans-Montana - Valais
11/11/2024,14/12/2024,21/12/2024,1284.00,HPF27RY,90 m² Appartement ∙ 3 chambres ∙ 6 personnes,Crans-Montana - Valais
11/11/2024,11/01/2025,18/01/2025,1587.00,HPF27RY,90 m² Appartement ∙ 3 chambres ∙ 6 personnes,Crans-Montana - Valais
11/11/2024,18/01/2025,25/01/2025,1587.00,HPF27RY,90 m² Appartement ∙ 3 chambres ∙ 6 personnes,Crans-Montana - Valais
11/11/2024,25/01/2025,01/02/2025,1799.00,HPF27RY,90 m² Appartement ∙ 3 chambres ∙ 6 personnes,Crans-Montana - Valais
11/11/2024,08/02/2025,15/02/2025,2375.00,HPF27RY,90 m² Appartement ∙ 3 chambres ∙ 6 personnes,Crans-Montana - Valais
11/11/2024,22/02/2025,01/03/2025,2846.00,HPF27RY,90 m² Appartement ∙ 3 chambres ∙ 6 personnes,Crans-Montana - Valais
11/11/2024,01/03/2025,08/03/2025,2375.00,HPF27RY,90 m² Appartement ∙ 3 chambres ∙ 6 personnes,Crans-Montana - Valais
11/11/2024,08/03/2025,15/03/2025,1284.00,HPF27RY,90 m² Appartement ∙ 3 chambres ∙ 6 personnes,Crans-Montana - Valais
11/11/2024,15/03/2025,22/03/2025,1284.00,HPF27RY,90 m² Appartement ∙ 3 chambres ∙ 6 personnes,Crans-Montana - Valais
11/11/2024,22/03/2025,29/03/2025,1284.00,HPF27RY,90 m² Appartement ∙ 3 chambres ∙ 6 personnes,Crans-Montana - Valais
11/11/2024,29/03/2025,05/04/2025,1284.00,HPF27RY,90 m² Appartement ∙ 3 chambres ∙ 6 personnes,Crans-Montana - Valais
11/11/2024,05/04/2025,12/04/2025,1284.00,HPF27RY,90 m² Appartement ∙ 3 chambres ∙ 6 personnes,Crans-Montana - Valais
11/11/2024,12/04/2025,19/04/2025,1587.00,HPF27RY,90 m² Appartement ∙ 3 chambres ∙ 6 personnes,Crans-Montana - Valais
11/11/2024,19/04/2025,26/04/2025,1587.00,HPF27RY,90 m² Appartement ∙ 3 chambres ∙ 6 personnes,Crans-Montana - Valais
11/11/2024,26/04/2025,03/05/2025,1284.00,HPF27RY,90 m² Appartement ∙ 3 chambres ∙ 6 personnes,Crans-Montana - Valais
11/11/2024,03/05/2025,10/05/2025,1284.00,HPF27RY,90 m² Appartement ∙ 3 chambres ∙ 6 personnes,Crans-Montana - Valais
11/11/2024,10/05/2025,17/05/2025,1284.00,HPF27RY,90 m² Appartement ∙ 3 chambres ∙ 6 personnes,Crans-Montana - Valais
11/11/2024,15/03/2025,22/03/2025,2560.85,HJRYS6G,120 m² Maison de vacances ∙ 4 chambres ∙ 10 personnes,Val-d'Illiez - Valais
11/11/2024,22/03/2025,29/03/2025,2560.85,HJRYS6G,120 m² Maison de vacances ∙ 4 chambres ∙ 10 personnes,Val-d'Illiez - Valais
11/11/2024,29/03/2025,05/04/2025,2560.85,HJRYS6G,120 m² Maison de vacances ∙ 4 chambres ∙ 10 personnes,Val-d'Illiez - Valais
11/11/2024,05/04/2025,12/04/2025,2560.85,HJRYS6G,120 m² Maison de vacances ∙ 4 chambres ∙ 10 personnes,Val-d'Illiez - Valais
11/11/2024,12/04/2025,19/04/2025,2560.85,HJRYS6G,120 m² Maison de vacances ∙ 4 chambres ∙ 10 personnes,Val-d'Illiez - Valais
11/11/2024,19/04/2025,26/04/2025,2560.85,HJRYS6G,120 m² Maison de vacances ∙ 4 chambres ∙ 10 personnes,Val-d'Illiez - Valais
11/11/2024,26/04/2025,03/05/2025,2560.85,HJRYS6G,120 m² Maison de vacances ∙ 4 chambres ∙ 10 personnes,Val-d'Illiez - Valais
11/11/2024,30/11/2024,07/12/2024,2259.27,HL7XUHF,161 m² Appartement ∙ 4 chambres ∙ 8 personnes,Saas Fee - Valais
11/11/2024,11/01/2025,18/01/2025,2453.08,HL7XUHF,161 m² Appartement ∙ 4 chambres ∙ 8 personnes,Saas Fee - Valais
11/11/2024,01/02/2025,08/02/2025,3809.78,HL7XUHF,161 m² Appartement ∙ 4 chambres ∙ 8 personnes,Saas Fee - Valais
11/11/2024,08/02/2025,15/02/2025,4687.64,HL7XUHF,161 m² Appartement ∙ 4 chambres ∙ 8 personnes,Saas Fee - Valais
11/11/2024,29/03/2025,05/04/2025,2692.50,HL7XUHF,161 m² Appartement ∙ 4 chambres ∙ 8 personnes,Saas Fee - Valais
11/11/2024,05/04/2025,12/04/2025,2692.50,HL7XUHF,161 m² Appartement ∙ 4 chambres ∙ 8 personnes,Saas Fee - Valais
11/11/2024,12/04/2025,19/04/2025,3570.36,HL7XUHF,161 m² Appartement ∙ 4 chambres ∙ 8 personnes,Saas Fee - Valais
11/11/2024,19/04/2025,26/04/2025,3570.36,HL7XUHF,161 m² Appartement ∙ 4 chambres ∙ 8 personnes,Saas Fee - Valais
11/11/2024,23/11/2024,30/11/2024,1155.00,M5U4S0R,120 m² Chalet ∙ 4 chambres ∙ 6 personnes,Martisberg - Bettmeralp - Valais
11/11/2024,30/11/2024,07/12/2024,1155.00,M5U4S0R,120 m² Chalet ∙ 4 chambres ∙ 6 personnes,Martisberg - Bettmeralp - Valais
11/11/2024,07/12/2024,14/12/2024,1155.00,M5U4S0R,120 m² Chalet ∙ 4 chambres ∙ 6 personnes,Martisberg - Bettmeralp - Valais
11/11/2024,04/01/2025,11/01/2025,1506.00,M5U4S0R,120 m² Chalet ∙ 4 chambres ∙ 6 personnes,Martisberg - Bettmeralp - Valais
11/11/2024,25/01/2025,01/02/2025,1428.00,M5U4S0R,120 m² Chalet ∙ 4 chambres ∙ 6 personnes,Martisberg - Bettmeralp - Valais
11/11/2024,01/02/2025,08/02/2025,1519.00,M5U4S0R,120 m² Chalet ∙ 4 chambres ∙ 6 personnes,Martisberg - Bettmeralp - Valais
11/11/2024,22/02/2025,01/03/2025,1519.00,M5U4S0R,120 m² Chalet ∙ 4 chambres ∙ 6 personnes,Martisberg - Bettmeralp - Valais
11/11/2024,15/03/2025,22/03/2025,1428.00,M5U4S0R,120 m² Chalet ∙ 4 chambres ∙ 6 personnes,Martisberg - Bettmeralp - Valais
11/11/2024,22/03/2025,29/03/2025,1428.00,M5U4S0R,120 m² Chalet ∙ 4 chambres ∙ 6 personnes,Martisberg - Bettmeralp - Valais
11/11/2024,05/04/2025,12/04/2025,1337.00,M5U4S0R,120 m² Chalet ∙ 4 chambres ∙ 6 personnes,Martisberg - Bettmeralp - Valais
11/11/2024,12/04/2025,19/04/2025,1415.00,M5U4S0R,120 m² Chalet ∙ 4 chambres ∙ 6 personnes,Martisberg - Bettmeralp - Valais
11/11/2024,19/04/2025,26/04/2025,1389.00,M5U4S0R,120 m² Chalet ∙ 4 chambres ∙ 6 personnes,Martisberg - Bettmeralp - Valais
11/11/2024,26/04/2025,03/05/2025,1092.00,M5U4S0R,120 m² Chalet ∙ 4 chambres ∙ 6 personnes,Martisberg - Bettmeralp - Valais
11/11/2024,03/05/2025,10/05/2025,1092.00,M5U4S0R,120 m² Chalet ∙ 4 chambres ∙ 6 personnes,Martisberg - Bettmeralp - Valais
11/11/2024,10/05/2025,17/05/2025,1092.00,M5U4S0R,120 m² Chalet ∙ 4 chambres ∙ 6 personnes,Martisberg - Bettmeralp - Valais
11/11/2024,30/11/2024,07/12/2024,883.00,HSEPH73,76 m² Appartement ∙ 2 chambres ∙ 4 personnes,Ovronnaz - Leytron - Valais
11/11/2024,07/12/2024,14/12/2024,883.00,HSEPH73,76 m² Appartement ∙ 2 chambres ∙ 4 personnes,Ovronnaz - Leytron - Valais
11/11/2024,14/12/2024,21/12/2024,883.00,HSEPH73,76 m² Appartement ∙ 2 chambres ∙ 4 personnes,Ovronnaz - Leytron - Valais
11/11/2024,04/01/2025,11/01/2025,883.00,HSEPH73,76 m² Appartement ∙ 2 chambres ∙ 4 personnes,Ovronnaz - Leytron - Valais
11/11/2024,11/01/2025,18/01/2025,883.00,HSEPH73,76 m² Appartement ∙ 2 chambres ∙ 4 personnes,Ovronnaz - Leytron - Valais
11/11/2024,18/01/2025,25/01/2025,883.00,HSEPH73,76 m² Appartement ∙ 2 chambres ∙ 4 personnes,Ovronnaz - Leytron - Valais
11/11/2024,25/01/2025,01/02/2025,883.00,HSEPH73,76 m² Appartement ∙ 2 chambres ∙ 4 personnes,Ovronnaz - Leytron - Valais
11/11/2024,01/02/2025,08/02/2025,1065.00,HSEPH73,76 m² Appartement ∙ 2 chambres ∙ 4 personnes,Ovronnaz - Leytron - Valais
11/11/2024,08/02/2025,15/02/2025,1065.00,HSEPH73,76 m² Appartement ∙ 2 chambres ∙ 4 personnes,Ovronnaz - Leytron - Valais
11/11/2024,01/03/2025,08/03/2025,1770.00,HSEPH73,76 m² Appartement ∙ 2 chambres ∙ 4 personnes,Ovronnaz - Leytron - Valais
11/11/2024,08/03/2025,15/03/2025,883.00,HSEPH73,76 m² Appartement ∙ 2 chambres ∙ 4 personnes,Ovronnaz - Leytron - Valais
11/11/2024,15/03/2025,22/03/2025,883.00,HSEPH73,76 m² Appartement ∙ 2 chambres ∙ 4 personnes,Ovronnaz - Leytron - Valais
11/11/2024,22/03/2025,29/03/2025,883.00,HSEPH73,76 m² Appartement ∙ 2 chambres ∙ 4 personnes,Ovronnaz - Leytron - Valais
11/11/2024,29/03/2025,05/04/2025,883.00,HSEPH73,76 m² Appartement ∙ 2 chambres ∙ 4 personnes,Ovronnaz - Leytron - Valais
11/11/2024,05/04/2025,12/04/2025,883.00,HSEPH73,76 m² Appartement ∙ 2 chambres ∙ 4 personnes,Ovronnaz - Leytron - Valais
11/11/2024,12/04/2025,19/04/2025,883.00,HSEPH73,76 m² Appartement ∙ 2 chambres ∙ 4 personnes,Ovronnaz - Leytron - Valais
11/11/2024,19/04/2025,26/04/2025,883.00,HSEPH73,76 m² Appartement ∙ 2 chambres ∙ 4 personnes,Ovronnaz - Leytron - Valais
11/11/2024,26/04/2025,03/05/2025,883.00,HSEPH73,76 m² Appartement ∙ 2 chambres ∙ 4 personnes,Ovronnaz - Leytron - Valais
11/11/2024,03/05/2025,10/05/2025,883.00,HSEPH73,76 m² Appartement ∙ 2 chambres ∙ 4 personnes,Ovronnaz - Leytron - Valais
11/11/2024,10/05/2025,17/05/2025,883.00,HSEPH73,76 m² Appartement ∙ 2 chambres ∙ 4 personnes,Ovronnaz - Leytron - Valais
11/11/2024,04/01/2025,11/01/2025,1077.37,HFHZXP2,40 m² Appartement ∙ 1 chambre ∙ 3 personnes,Saas Fee - Valais
11/11/2024,11/01/2025,18/01/2025,1077.37,HFHZXP2,40 m² Appartement ∙ 1 chambre ∙ 3 personnes,Saas Fee - Valais
11/11/2024,18/01/2025,25/01/2025,1077.37,HFHZXP2,40 m² Appartement ∙ 1 chambre ∙ 3 personnes,Saas Fee - Valais
11/11/2024,25/01/2025,01/02/2025,1260.93,HFHZXP2,40 m² Appartement ∙ 1 chambre ∙ 3 personnes,Saas Fee - Valais
11/11/2024,01/02/2025,08/02/2025,1260.93,HFHZXP2,40 m² Appartement ∙ 1 chambre ∙ 3 personnes,Saas Fee - Valais
11/11/2024,01/03/2025,08/03/2025,1260.93,HFHZXP2,40 m² Appartement ∙ 1 chambre ∙ 3 personnes,Saas Fee - Valais
11/11/2024,29/03/2025,05/04/2025,1260.93,HFHZXP2,40 m² Appartement ∙ 1 chambre ∙ 3 personnes,Saas Fee - Valais
11/11/2024,05/04/2025,12/04/2025,1260.93,HFHZXP2,40 m² Appartement ∙ 1 chambre ∙ 3 personnes,Saas Fee - Valais
11/11/2024,12/04/2025,19/04/2025,1260.93,HFHZXP2,40 m² Appartement ∙ 1 chambre ∙ 3 personnes,Saas Fee - Valais
11/11/2024,19/04/2025,26/04/2025,1260.93,HFHZXP2,40 m² Appartement ∙ 1 chambre ∙ 3 personnes,Saas Fee - Valais
11/11/2024,16/11/2024,23/11/2024,808.00,HDHERM3,70 m² Appartement ∙ 2 chambres ∙ 6 personnes,Veysonnaz - Valais
11/11/2024,23/11/2024,30/11/2024,996.00,HDHERM3,70 m² Appartement ∙ 2 chambres ∙ 6 personnes,Veysonnaz - Valais
11/11/2024,30/11/2024,07/12/2024,996.00,HDHERM3,70 m² Appartement ∙ 2 chambres ∙ 6 personnes,Veysonnaz - Valais
11/11/2024,07/12/2024,14/12/2024,996.00,HDHERM3,70 m² Appartement ∙ 2 chambres ∙ 6 personnes,Veysonnaz - Valais
11/11/2024,14/12/2024,21/12/2024,996.00,HDHERM3,70 m² Appartement ∙ 2 chambres ∙ 6 personnes,Veysonnaz - Valais
11/11/2024,21/12/2024,28/12/2024,1989.00,HDHERM3,70 m² Appartement ∙ 2 chambres ∙ 6 personnes,Veysonnaz - Valais
11/11/2024,04/01/2025,11/01/2025,1291.00,HDHERM3,70 m² Appartement ∙ 2 chambres ∙ 6 personnes,Veysonnaz - Valais
11/11/2024,08/02/2025,15/02/2025,1701.00,HDHERM3,70 m² Appartement ∙ 2 chambres ∙ 6 personnes,Veysonnaz - Valais
11/11/2024,05/04/2025,12/04/2025,996.00,HDHERM3,70 m² Appartement ∙ 2 chambres ∙ 6 personnes,Veysonnaz - Valais
11/11/2024,12/04/2025,19/04/2025,1291.00,HDHERM3,70 m² Appartement ∙ 2 chambres ∙ 6 personnes,Veysonnaz - Valais
11/11/2024,19/04/2025,26/04/2025,1291.00,HDHERM3,70 m² Appartement ∙ 2 chambres ∙ 6 personnes,Veysonnaz - Valais
11/11/2024,26/04/2025,03/05/2025,996.00,HDHERM3,70 m² Appartement ∙ 2 chambres ∙ 6 personnes,Veysonnaz - Valais
11/11/2024,03/05/2025,10/05/2025,996.00,HDHERM3,70 m² Appartement ∙ 2 chambres ∙ 6 personnes,Veysonnaz - Valais
11/11/2024,10/05/2025,17/05/2025,996.00,HDHERM3,70 m² Appartement ∙ 2 chambres ∙ 6 personnes,Veysonnaz - Valais
11/11/2024,23/11/2024,30/11/2024,798.05,HD1L80F,36 m² Appartement ∙ 1 chambre ∙ 2 personnes,Saas Fee - Valais
11/11/2024,30/11/2024,07/12/2024,798.05,HD1L80F,36 m² Appartement ∙ 1 chambre ∙ 2 personnes,Saas Fee - Valais
11/11/2024,07/12/2024,14/12/2024,798.05,HD1L80F,36 m² Appartement ∙ 1 chambre ∙ 2 personnes,Saas Fee - Valais
11/11/2024,14/12/2024,21/12/2024,798.05,HD1L80F,36 m² Appartement ∙ 1 chambre ∙ 2 personnes,Saas Fee - Valais
11/11/2024,04/01/2025,11/01/2025,798.05,HD1L80F,36 m² Appartement ∙ 1 chambre ∙ 2 personnes,Saas Fee - Valais
11/11/2024,11/01/2025,18/01/2025,798.05,HD1L80F,36 m² Appartement ∙ 1 chambre ∙ 2 personnes,Saas Fee - Valais
11/11/2024,18/01/2025,25/01/2025,798.05,HD1L80F,36 m² Appartement ∙ 1 chambre ∙ 2 personnes,Saas Fee - Valais
11/11/2024,25/01/2025,01/02/2025,798.05,HD1L80F,36 m² Appartement ∙ 1 chambre ∙ 2 personnes,Saas Fee - Valais
11/11/2024,01/02/2025,08/02/2025,798.05,HD1L80F,36 m² Appartement ∙ 1 chambre ∙ 2 personnes,Saas Fee - Valais
11/11/2024,08/02/2025,15/02/2025,798.05,HD1L80F,36 m² Appartement ∙ 1 chambre ∙ 2 personnes,Saas Fee - Valais
11/11/2024,01/03/2025,08/03/2025,798.05,HD1L80F,36 m² Appartement ∙ 1 chambre ∙ 2 personnes,Saas Fee - Valais
11/11/2024,15/03/2025,22/03/2025,798.05,HD1L80F,36 m² Appartement ∙ 1 chambre ∙ 2 personnes,Saas Fee - Valais
11/11/2024,22/03/2025,29/03/2025,798.05,HD1L80F,36 m² Appartement ∙ 1 chambre ∙ 2 personnes,Saas Fee - Valais
11/11/2024,29/03/2025,05/04/2025,798.05,HD1L80F,36 m² Appartement ∙ 1 chambre ∙ 2 personnes,Saas Fee - Valais
11/11/2024,05/04/2025,12/04/2025,798.05,HD1L80F,36 m² Appartement ∙ 1 chambre ∙ 2 personnes,Saas Fee - Valais
11/11/2024,12/04/2025,19/04/2025,798.05,HD1L80F,36 m² Appartement ∙ 1 chambre ∙ 2 personnes,Saas Fee - Valais
11/11/2024,19/04/2025,26/04/2025,798.05,HD1L80F,36 m² Appartement ∙ 1 chambre ∙ 2 personnes,Saas Fee - Valais
11/11/2024,26/04/2025,03/05/2025,798.05,HD1L80F,36 m² Appartement ∙ 1 chambre ∙ 2 personnes,Saas Fee - Valais
11/11/2024,03/05/2025,10/05/2025,798.05,HD1L80F,36 m² Appartement ∙ 1 chambre ∙ 2 personnes,Saas Fee - Valais
11/11/2024,10/05/2025,17/05/2025,798.05,HD1L80F,36 m² Appartement ∙ 1 chambre ∙ 2 personnes,Saas Fee - Valais
11/11/2024,16/11/2024,23/11/2024,1573.82,H3MEUNK,73 m² Appartement ∙ 2 chambres ∙ 4 personnes,Saas Fee - Valais
11/11/2024,23/11/2024,30/11/2024,1573.82,H3MEUNK,73 m² Appartement ∙ 2 chambres ∙ 4 personnes,Saas Fee - Valais
11/11/2024,30/11/2024,07/12/2024,1573.82,H3MEUNK,73 m² Appartement ∙ 2 chambres ∙ 4 personnes,Saas Fee - Valais
11/11/2024,14/12/2024,21/12/2024,1573.82,H3MEUNK,73 m² Appartement ∙ 2 chambres ∙ 4 personnes,Saas Fee - Valais
11/11/2024,08/03/2025,15/03/2025,2212.26,H3MEUNK,73 m² Appartement ∙ 2 chambres ∙ 4 personnes,Saas Fee - Valais
11/11/2024,22/03/2025,29/03/2025,2212.26,H3MEUNK,73 m² Appartement ∙ 2 chambres ∙ 4 personnes,Saas Fee - Valais
11/11/2024,29/03/2025,05/04/2025,2212.26,H3MEUNK,73 m² Appartement ∙ 2 chambres ∙ 4 personnes,Saas Fee - Valais
11/11/2024,05/04/2025,12/04/2025,2212.26,H3MEUNK,73 m² Appartement ∙ 2 chambres ∙ 4 personnes,Saas Fee - Valais
11/11/2024,16/11/2024,23/11/2024,892.00,HFMUZLG,64 m² Appartement ∙ 1 chambre ∙ 4 personnes,Verbier - Bagnes - Valais
11/11/2024,23/11/2024,30/11/2024,1188.00,HFMUZLG,64 m² Appartement ∙ 1 chambre ∙ 4 personnes,Verbier - Bagnes - Valais
11/11/2024,30/11/2024,07/12/2024,1097.00,HFMUZLG,64 m² Appartement ∙ 1 chambre ∙ 4 personnes,Verbier - Bagnes - Valais
11/11/2024,04/01/2025,11/01/2025,1522.00,HFMUZLG,64 m² Appartement ∙ 1 chambre ∙ 4 personnes,Verbier - Bagnes - Valais
11/11/2024,08/03/2025,15/03/2025,1522.00,HFMUZLG,64 m² Appartement ∙ 1 chambre ∙ 4 personnes,Verbier - Bagnes - Valais
11/11/2024,22/03/2025,29/03/2025,1097.00,HFMUZLG,64 m² Appartement ∙ 1 chambre ∙ 4 personnes,Verbier - Bagnes - Valais
11/11/2024,29/03/2025,05/04/2025,1097.00,HFMUZLG,64 m² Appartement ∙ 1 chambre ∙ 4 personnes,Verbier - Bagnes - Valais
11/11/2024,05/04/2025,12/04/2025,1097.00,HFMUZLG,64 m² Appartement ∙ 1 chambre ∙ 4 personnes,Verbier - Bagnes - Valais
11/11/2024,12/04/2025,19/04/2025,1522.00,HFMUZLG,64 m² Appartement ∙ 1 chambre ∙ 4 personnes,Verbier - Bagnes - Valais
11/11/2024,19/04/2025,26/04/2025,1522.00,HFMUZLG,64 m² Appartement ∙ 1 chambre ∙ 4 personnes,Verbier - Bagnes - Valais
11/11/2024,26/04/2025,03/05/2025,1097.00,HFMUZLG,64 m² Appartement ∙ 1 chambre ∙ 4 personnes,Verbier - Bagnes - Valais
11/11/2024,03/05/2025,10/05/2025,1097.00,HFMUZLG,64 m² Appartement ∙ 1 chambre ∙ 4 personnes,Verbier - Bagnes - Valais
11/11/2024,10/05/2025,17/05/2025,1097.00,HFMUZLG,64 m² Appartement ∙ 1 chambre ∙ 4 personnes,Verbier - Bagnes - Valais
11/11/2024,16/11/2024,23/11/2024,1993.00,HS43VP0,150 m² Maison de vacances ∙ 4 chambres ∙ 10 personnes,Zinal - Ayer - Valais
11/11/2024,23/11/2024,30/11/2024,1993.00,HS43VP0,150 m² Maison de vacances ∙ 4 chambres ∙ 10 personnes,Zinal - Ayer - Valais
11/11/2024,30/11/2024,07/12/2024,1993.00,HS43VP0,150 m² Maison de vacances ∙ 4 chambres ∙ 10 personnes,Zinal - Ayer - Valais
11/11/2024,07/12/2024,14/12/2024,1993.00,HS43VP0,150 m² Maison de vacances ∙ 4 chambres ∙ 10 personnes,Zinal - Ayer - Valais
11/11/2024,14/12/2024,21/12/2024,2297.00,HS43VP0,150 m² Maison de vacances ∙ 4 chambres ∙ 10 personnes,Zinal - Ayer - Valais
11/11/2024,04/01/2025,11/01/2025,2297.00,HS43VP0,150 m² Maison de vacances ∙ 4 chambres ∙ 10 personnes,Zinal - Ayer - Valais
11/11/2024,12/04/2025,19/04/2025,1993.00,HS43VP0,150 m² Maison de vacances ∙ 4 chambres ∙ 10 personnes,Zinal - Ayer - Valais
11/11/2024,19/04/2025,26/04/2025,1993.00,HS43VP0,150 m² Maison de vacances ∙ 4 chambres ∙ 10 personnes,Zinal - Ayer - Valais
11/11/2024,26/04/2025,03/05/2025,1993.00,HS43VP0,150 m² Maison de vacances ∙ 4 chambres ∙ 10 personnes,Zinal - Ayer - Valais
11/11/2024,03/05/2025,10/05/2025,1993.00,HS43VP0,150 m² Maison de vacances ∙ 4 chambres ∙ 10 personnes,Zinal - Ayer - Valais
11/11/2024,10/05/2025,17/05/2025,1993.00,HS43VP0,150 m² Maison de vacances ∙ 4 chambres ∙ 10 personnes,Zinal - Ayer - Valais
11/11/2024,16/11/2024,23/11/2024,1147.32,H8FMKX0,Appartement ∙ 2 chambres ∙ 6 personnes,Goms - Valais
11/11/2024,23/11/2024,30/11/2024,1154.04,H8FMKX0,Appartement ∙ 2 chambres ∙ 6 personnes,Goms - Valais
11/11/2024,08/03/2025,15/03/2025,1269.64,H8FMKX0,Appartement ∙ 2 chambres ∙ 6 personnes,Goms - Valais
11/11/2024,15/03/2025,22/03/2025,1172.79,H8FMKX0,Appartement ∙ 2 chambres ∙ 6 personnes,Goms - Valais
11/11/2024,22/03/2025,29/03/2025,1111.41,H8FMKX0,Appartement ∙ 2 chambres ∙ 6 personnes,Goms - Valais
11/11/2024,29/03/2025,05/04/2025,1132.51,H8FMKX0,Appartement ∙ 2 chambres ∙ 6 personnes,Goms - Valais
11/11/2024,05/04/2025,12/04/2025,1135.39,H8FMKX0,Appartement ∙ 2 chambres ∙ 6 personnes,Goms - Valais
11/11/2024,12/04/2025,19/04/2025,1167.03,H8FMKX0,Appartement ∙ 2 chambres ∙ 6 personnes,Goms - Valais
11/11/2024,19/04/2025,26/04/2025,1134.43,H8FMKX0,Appartement ∙ 2 chambres ∙ 6 personnes,Goms - Valais
11/11/2024,26/04/2025,03/05/2025,1035.66,H8FMKX0,Appartement ∙ 2 chambres ∙ 6 personnes,Goms - Valais
11/11/2024,03/05/2025,10/05/2025,1010.73,H8FMKX0,Appartement ∙ 2 chambres ∙ 6 personnes,Goms - Valais
11/11/2024,10/05/2025,17/05/2025,1097.99,H8FMKX0,Appartement ∙ 2 chambres ∙ 6 personnes,Goms - Valais
11/11/2024,19/04/2025,26/04/2025,2485.74,HCZ0YR1,180 m² Chalet ∙ 4 chambres ∙ 8 personnes,Nendaz - Valais
11/11/2024,03/05/2025,10/05/2025,1995.62,HCZ0YR1,180 m² Chalet ∙ 4 chambres ∙ 8 personnes,Nendaz - Valais
11/11/2024,10/05/2025,17/05/2025,1971.11,HCZ0YR1,180 m² Chalet ∙ 4 chambres ∙ 8 personnes,Nendaz - Valais
11/11/2024,16/11/2024,23/11/2024,778.00,H6K0P4T,Appartement ∙ 1 chambre ∙ 4 personnes,Riddes - Valais
11/11/2024,23/11/2024,30/11/2024,778.00,H6K0P4T,Appartement ∙ 1 chambre ∙ 4 personnes,Riddes - Valais
11/11/2024,30/11/2024,07/12/2024,778.00,H6K0P4T,Appartement ∙ 1 chambre ∙ 4 personnes,Riddes - Valais
11/11/2024,07/12/2024,14/12/2024,866.00,H6K0P4T,Appartement ∙ 1 chambre ∙ 4 personnes,Riddes - Valais
11/11/2024,14/12/2024,21/12/2024,1159.00,H6K0P4T,Appartement ∙ 1 chambre ∙ 4 personnes,Riddes - Valais
11/11/2024,11/01/2025,18/01/2025,866.00,H6K0P4T,Appartement ∙ 1 chambre ∙ 4 personnes,Riddes - Valais
11/11/2024,18/01/2025,25/01/2025,866.00,H6K0P4T,Appartement ∙ 1 chambre ∙ 4 personnes,Riddes - Valais
11/11/2024,25/01/2025,01/02/2025,1159.00,H6K0P4T,Appartement ∙ 1 chambre ∙ 4 personnes,Riddes - Valais
11/11/2024,01/03/2025,08/03/2025,1569.00,H6K0P4T,Appartement ∙ 1 chambre ∙ 4 personnes,Riddes - Valais
11/11/2024,15/03/2025,22/03/2025,1159.00,H6K0P4T,Appartement ∙ 1 chambre ∙ 4 personnes,Riddes - Valais
11/11/2024,22/03/2025,29/03/2025,983.00,H6K0P4T,Appartement ∙ 1 chambre ∙ 4 personnes,Riddes - Valais
11/11/2024,29/03/2025,05/04/2025,983.00,H6K0P4T,Appartement ∙ 1 chambre ∙ 4 personnes,Riddes - Valais
11/11/2024,05/04/2025,12/04/2025,983.00,H6K0P4T,Appartement ∙ 1 chambre ∙ 4 personnes,Riddes - Valais
11/11/2024,12/04/2025,19/04/2025,983.00,H6K0P4T,Appartement ∙ 1 chambre ∙ 4 personnes,Riddes - Valais
11/11/2024,19/04/2025,26/04/2025,983.00,H6K0P4T,Appartement ∙ 1 chambre ∙ 4 personnes,Riddes - Valais
11/11/2024,26/04/2025,03/05/2025,778.00,H6K0P4T,Appartement ∙ 1 chambre ∙ 4 personnes,Riddes - Valais
11/11/2024,03/05/2025,10/05/2025,778.00,H6K0P4T,Appartement ∙ 1 chambre ∙ 4 personnes,Riddes - Valais
11/11/2024,10/05/2025,17/05/2025,778.00,H6K0P4T,Appartement ∙ 1 chambre ∙ 4 personnes,Riddes - Valais
11/11/2024,16/11/2024,23/11/2024,983.66,HUA64X1,Appartement ∙ 5 personnes,Grächen - Valais
11/11/2024,23/11/2024,30/11/2024,983.66,HUA64X1,Appartement ∙ 5 personnes,Grächen - Valais
11/11/2024,30/11/2024,07/12/2024,983.66,HUA64X1,Appartement ∙ 5 personnes,Grächen - Valais
11/11/2024,07/12/2024,14/12/2024,983.66,HUA64X1,Appartement ∙ 5 personnes,Grächen - Valais
11/11/2024,14/12/2024,21/12/2024,983.66,HUA64X1,Appartement ∙ 5 personnes,Grächen - Valais
11/11/2024,11/01/2025,18/01/2025,983.66,HUA64X1,Appartement ∙ 5 personnes,Grächen - Valais
11/11/2024,18/01/2025,25/01/2025,983.66,HUA64X1,Appartement ∙ 5 personnes,Grächen - Valais
11/11/2024,22/02/2025,01/03/2025,1319.29,HUA64X1,Appartement ∙ 5 personnes,Grächen - Valais
11/11/2024,22/03/2025,29/03/2025,983.66,HUA64X1,Appartement ∙ 5 personnes,Grächen - Valais
11/11/2024,29/03/2025,05/04/2025,983.66,HUA64X1,Appartement ∙ 5 personnes,Grächen - Valais
11/11/2024,05/04/2025,12/04/2025,983.66,HUA64X1,Appartement ∙ 5 personnes,Grächen - Valais
11/11/2024,12/04/2025,19/04/2025,1319.29,HUA64X1,Appartement ∙ 5 personnes,Grächen - Valais
11/11/2024,19/04/2025,26/04/2025,1319.29,HUA64X1,Appartement ∙ 5 personnes,Grächen - Valais
11/11/2024,26/04/2025,03/05/2025,983.66,HUA64X1,Appartement ∙ 5 personnes,Grächen - Valais
11/11/2024,03/05/2025,10/05/2025,745.85,HUA64X1,Appartement ∙ 5 personnes,Grächen - Valais
11/11/2024,29/03/2025,05/04/2025,2023.53,HWAY03C,60 m² Appartement ∙ 1 chambre ∙ 4 personnes,Saas Fee - Valais
11/11/2024,26/04/2025,03/05/2025,1288.18,HWAY03C,60 m² Appartement ∙ 1 chambre ∙ 4 personnes,Saas Fee - Valais
11/11/2024,10/05/2025,17/05/2025,940.83,HWAY03C,60 m² Appartement ∙ 1 chambre ∙ 4 personnes,Saas Fee - Valais
11/11/2024,16/11/2024,23/11/2024,714.00,HPJFNHL,52 m² Appartement ∙ 1 chambre ∙ 4 personnes,Ovronnaz - Leytron - Valais
11/11/2024,23/11/2024,30/11/2024,714.00,HPJFNHL,52 m² Appartement ∙ 1 chambre ∙ 4 personnes,Ovronnaz - Leytron - Valais
11/11/2024,30/11/2024,07/12/2024,714.00,HPJFNHL,52 m² Appartement ∙ 1 chambre ∙ 4 personnes,Ovronnaz - Leytron - Valais
11/11/2024,07/12/2024,14/12/2024,714.00,HPJFNHL,52 m² Appartement ∙ 1 chambre ∙ 4 personnes,Ovronnaz - Leytron - Valais
11/11/2024,14/12/2024,21/12/2024,714.00,HPJFNHL,52 m² Appartement ∙ 1 chambre ∙ 4 personnes,Ovronnaz - Leytron - Valais
11/11/2024,21/12/2024,28/12/2024,1207.00,HPJFNHL,52 m² Appartement ∙ 1 chambre ∙ 4 personnes,Ovronnaz - Leytron - Valais
11/11/2024,04/01/2025,11/01/2025,714.00,HPJFNHL,52 m² Appartement ∙ 1 chambre ∙ 4 personnes,Ovronnaz - Leytron - Valais
11/11/2024,08/02/2025,15/02/2025,828.00,HPJFNHL,52 m² Appartement ∙ 1 chambre ∙ 4 personnes,Ovronnaz - Leytron - Valais
11/11/2024,15/02/2025,22/02/2025,1336.00,HPJFNHL,52 m² Appartement ∙ 1 chambre ∙ 4 personnes,Ovronnaz - Leytron - Valais
11/11/2024,22/02/2025,01/03/2025,1336.00,HPJFNHL,52 m² Appartement ∙ 1 chambre ∙ 4 personnes,Ovronnaz - Leytron - Valais
11/11/2024,01/03/2025,08/03/2025,1336.00,HPJFNHL,52 m² Appartement ∙ 1 chambre ∙ 4 personnes,Ovronnaz - Leytron - Valais
11/11/2024,15/03/2025,22/03/2025,714.00,HPJFNHL,52 m² Appartement ∙ 1 chambre ∙ 4 personnes,Ovronnaz - Leytron - Valais
11/11/2024,22/03/2025,29/03/2025,714.00,HPJFNHL,52 m² Appartement ∙ 1 chambre ∙ 4 personnes,Ovronnaz - Leytron - Valais
11/11/2024,29/03/2025,05/04/2025,714.00,HPJFNHL,52 m² Appartement ∙ 1 chambre ∙ 4 personnes,Ovronnaz - Leytron - Valais
11/11/2024,05/04/2025,12/04/2025,714.00,HPJFNHL,52 m² Appartement ∙ 1 chambre ∙ 4 personnes,Ovronnaz - Leytron - Valais
11/11/2024,12/04/2025,19/04/2025,714.00,HPJFNHL,52 m² Appartement ∙ 1 chambre ∙ 4 personnes,Ovronnaz - Leytron - Valais
11/11/2024,19/04/2025,26/04/2025,714.00,HPJFNHL,52 m² Appartement ∙ 1 chambre ∙ 4 personnes,Ovronnaz - Leytron - Valais
11/11/2024,26/04/2025,03/05/2025,714.00,HPJFNHL,52 m² Appartement ∙ 1 chambre ∙ 4 personnes,Ovronnaz - Leytron - Valais
11/11/2024,03/05/2025,10/05/2025,714.00,HPJFNHL,52 m² Appartement ∙ 1 chambre ∙ 4 personnes,Ovronnaz - Leytron - Valais
11/11/2024,21/12/2024,28/12/2024,1458.77,HGV8Z01,Edelweiss,EdelweissSaas-Balen - Valais
11/11/2024,04/01/2025,11/01/2025,547.77,HGV8Z01,Edelweiss,EdelweissSaas-Balen - Valais
11/11/2024,11/01/2025,18/01/2025,547.77,HGV8Z01,Edelweiss,EdelweissSaas-Balen - Valais
11/11/2024,18/01/2025,25/01/2025,1165.77,HGV8Z01,Edelweiss,EdelweissSaas-Balen - Valais
11/11/2024,25/01/2025,01/02/2025,1165.77,HGV8Z01,Edelweiss,EdelweissSaas-Balen - Valais
11/11/2024,01/02/2025,08/02/2025,1205.77,HGV8Z01,Edelweiss,EdelweissSaas-Balen - Valais
11/11/2024,08/02/2025,15/02/2025,1246.77,HGV8Z01,Edelweiss,EdelweissSaas-Balen - Valais
11/11/2024,15/02/2025,22/02/2025,1246.77,HGV8Z01,Edelweiss,EdelweissSaas-Balen - Valais
11/11/2024,22/02/2025,01/03/2025,1165.77,HGV8Z01,Edelweiss,EdelweissSaas-Balen - Valais
11/11/2024,01/03/2025,08/03/2025,1165.77,HGV8Z01,Edelweiss,EdelweissSaas-Balen - Valais
11/11/2024,08/03/2025,15/03/2025,669.77,HGV8Z01,Edelweiss,EdelweissSaas-Balen - Valais
11/11/2024,15/03/2025,22/03/2025,669.77,HGV8Z01,Edelweiss,EdelweissSaas-Balen - Valais
11/11/2024,22/03/2025,29/03/2025,669.77,HGV8Z01,Edelweiss,EdelweissSaas-Balen - Valais
11/11/2024,29/03/2025,05/04/2025,669.77,HGV8Z01,Edelweiss,EdelweissSaas-Balen - Valais
11/11/2024,05/04/2025,12/04/2025,669.77,HGV8Z01,Edelweiss,EdelweissSaas-Balen - Valais
11/11/2024,12/04/2025,19/04/2025,1205.77,HGV8Z01,Edelweiss,EdelweissSaas-Balen - Valais
11/11/2024,19/04/2025,26/04/2025,1205.77,HGV8Z01,Edelweiss,EdelweissSaas-Balen - Valais
11/11/2024,16/11/2024,23/11/2024,1044.00,HWYB17M,60 m² Appartement ∙ 2 chambres ∙ 4 personnes,Saas Fee - Valais
11/11/2024,23/11/2024,30/11/2024,1044.00,HWYB17M,60 m² Appartement ∙ 2 chambres ∙ 4 personnes,Saas Fee - Valais
11/11/2024,30/11/2024,07/12/2024,965.00,HWYB17M,60 m² Appartement ∙ 2 chambres ∙ 4 personnes,Saas Fee - Valais
11/11/2024,07/12/2024,14/12/2024,965.00,HWYB17M,60 m² Appartement ∙ 2 chambres ∙ 4 personnes,Saas Fee - Valais
11/11/2024,14/12/2024,21/12/2024,965.00,HWYB17M,60 m² Appartement ∙ 2 chambres ∙ 4 personnes,Saas Fee - Valais
11/11/2024,21/12/2024,28/12/2024,1686.00,HWYB17M,60 m² Appartement ∙ 2 chambres ∙ 4 personnes,Saas Fee - Valais
11/11/2024,18/01/2025,25/01/2025,965.00,HWYB17M,60 m² Appartement ∙ 2 chambres ∙ 4 personnes,Saas Fee - Valais
11/11/2024,25/01/2025,01/02/2025,1686.00,HWYB17M,60 m² Appartement ∙ 2 chambres ∙ 4 personnes,Saas Fee - Valais
11/11/2024,01/02/2025,08/02/2025,1686.00,HWYB17M,60 m² Appartement ∙ 2 chambres ∙ 4 personnes,Saas Fee - Valais
11/11/2024,08/02/2025,15/02/2025,1686.00,HWYB17M,60 m² Appartement ∙ 2 chambres ∙ 4 personnes,Saas Fee - Valais
11/11/2024,22/02/2025,01/03/2025,1686.00,HWYB17M,60 m² Appartement ∙ 2 chambres ∙ 4 personnes,Saas Fee - Valais
11/11/2024,08/03/2025,15/03/2025,1686.00,HWYB17M,60 m² Appartement ∙ 2 chambres ∙ 4 personnes,Saas Fee - Valais
11/11/2024,15/03/2025,22/03/2025,1231.00,HWYB17M,60 m² Appartement ∙ 2 chambres ∙ 4 personnes,Saas Fee - Valais
11/11/2024,22/03/2025,29/03/2025,1231.00,HWYB17M,60 m² Appartement ∙ 2 chambres ∙ 4 personnes,Saas Fee - Valais
11/11/2024,05/04/2025,12/04/2025,1435.00,HWYB17M,60 m² Appartement ∙ 2 chambres ∙ 4 personnes,Saas Fee - Valais
11/11/2024,19/04/2025,26/04/2025,1435.00,HWYB17M,60 m² Appartement ∙ 2 chambres ∙ 4 personnes,Saas Fee - Valais
11/11/2024,26/04/2025,03/05/2025,1100.00,HWYB17M,60 m² Appartement ∙ 2 chambres ∙ 4 personnes,Saas Fee - Valais
11/11/2024,03/05/2025,10/05/2025,965.00,HWYB17M,60 m² Appartement ∙ 2 chambres ∙ 4 personnes,Saas Fee - Valais
11/11/2024,10/05/2025,17/05/2025,965.00,HWYB17M,60 m² Appartement ∙ 2 chambres ∙ 4 personnes,Saas Fee - Valais
11/11/2024,30/11/2024,07/12/2024,1354.00,HK2XJM8,87 m² Maison de vacances ∙ 3 chambres ∙ 6 personnes,Crans-Montana - Valais
11/11/2024,07/12/2024,14/12/2024,1354.00,HK2XJM8,87 m² Maison de vacances ∙ 3 chambres ∙ 6 personnes,Crans-Montana - Valais
11/11/2024,14/12/2024,21/12/2024,1354.00,HK2XJM8,87 m² Maison de vacances ∙ 3 chambres ∙ 6 personnes,Crans-Montana - Valais
11/11/2024,21/12/2024,28/12/2024,2674.00,HK2XJM8,87 m² Maison de vacances ∙ 3 chambres ∙ 6 personnes,Crans-Montana - Valais
11/11/2024,04/01/2025,11/01/2025,1695.00,HK2XJM8,87 m² Maison de vacances ∙ 3 chambres ∙ 6 personnes,Crans-Montana - Valais
11/11/2024,11/01/2025,18/01/2025,1695.00,HK2XJM8,87 m² Maison de vacances ∙ 3 chambres ∙ 6 personnes,Crans-Montana - Valais
11/11/2024,18/01/2025,25/01/2025,1695.00,HK2XJM8,87 m² Maison de vacances ∙ 3 chambres ∙ 6 personnes,Crans-Montana - Valais
11/11/2024,25/01/2025,01/02/2025,1832.00,HK2XJM8,87 m² Maison de vacances ∙ 3 chambres ∙ 6 personnes,Crans-Montana - Valais
11/11/2024,01/02/2025,08/02/2025,1908.00,HK2XJM8,87 m² Maison de vacances ∙ 3 chambres ∙ 6 personnes,Crans-Montana - Valais
11/11/2024,08/02/2025,15/02/2025,2245.00,HK2XJM8,87 m² Maison de vacances ∙ 3 chambres ∙ 6 personnes,Crans-Montana - Valais
11/11/2024,01/03/2025,08/03/2025,2245.00,HK2XJM8,87 m² Maison de vacances ∙ 3 chambres ∙ 6 personnes,Crans-Montana - Valais
11/11/2024,08/03/2025,15/03/2025,1354.00,HK2XJM8,87 m² Maison de vacances ∙ 3 chambres ∙ 6 personnes,Crans-Montana - Valais
11/11/2024,15/03/2025,22/03/2025,1354.00,HK2XJM8,87 m² Maison de vacances ∙ 3 chambres ∙ 6 personnes,Crans-Montana - Valais
11/11/2024,22/03/2025,29/03/2025,1354.00,HK2XJM8,87 m² Maison de vacances ∙ 3 chambres ∙ 6 personnes,Crans-Montana - Valais
11/11/2024,29/03/2025,05/04/2025,1354.00,HK2XJM8,87 m² Maison de vacances ∙ 3 chambres ∙ 6 personnes,Crans-Montana - Valais
11/11/2024,05/04/2025,12/04/2025,1354.00,HK2XJM8,87 m² Maison de vacances ∙ 3 chambres ∙ 6 personnes,Crans-Montana - Valais
11/11/2024,12/04/2025,19/04/2025,1695.00,HK2XJM8,87 m² Maison de vacances ∙ 3 chambres ∙ 6 personnes,Crans-Montana - Valais
11/11/2024,19/04/2025,26/04/2025,1695.00,HK2XJM8,87 m² Maison de vacances ∙ 3 chambres ∙ 6 personnes,Crans-Montana - Valais
11/11/2024,26/04/2025,03/05/2025,1354.00,HK2XJM8,87 m² Maison de vacances ∙ 3 chambres ∙ 6 personnes,Crans-Montana - Valais
11/11/2024,03/05/2025,10/05/2025,1354.00,HK2XJM8,87 m² Maison de vacances ∙ 3 chambres ∙ 6 personnes,Crans-Montana - Valais
11/11/2024,10/05/2025,17/05/2025,1354.00,HK2XJM8,87 m² Maison de vacances ∙ 3 chambres ∙ 6 personnes,Crans-Montana - Valais
11/11/2024,07/12/2024,14/12/2024,1001.00,HP07GJK,Appartement ∙ 1 chambre ∙ 5 personnes,Vex - Valais
11/11/2024,14/12/2024,21/12/2024,1001.00,HP07GJK,Appartement ∙ 1 chambre ∙ 5 personnes,Vex - Valais
11/11/2024,21/12/2024,28/12/2024,1572.00,HP07GJK,Appartement ∙ 1 chambre ∙ 5 personnes,Vex - Valais
11/11/2024,04/01/2025,11/01/2025,1001.00,HP07GJK,Appartement ∙ 1 chambre ∙ 5 personnes,Vex - Valais
11/11/2024,11/01/2025,18/01/2025,1001.00,HP07GJK,Appartement ∙ 1 chambre ∙ 5 personnes,Vex - Valais
11/11/2024,18/01/2025,25/01/2025,1001.00,HP07GJK,Appartement ∙ 1 chambre ∙ 5 personnes,Vex - Valais
11/11/2024,08/02/2025,15/02/2025,1001.00,HP07GJK,Appartement ∙ 1 chambre ∙ 5 personnes,Vex - Valais
11/11/2024,22/02/2025,01/03/2025,1572.00,HP07GJK,Appartement ∙ 1 chambre ∙ 5 personnes,Vex - Valais
11/11/2024,01/03/2025,08/03/2025,1572.00,HP07GJK,Appartement ∙ 1 chambre ∙ 5 personnes,Vex - Valais
11/11/2024,08/03/2025,15/03/2025,1409.00,HP07GJK,Appartement ∙ 1 chambre ∙ 5 personnes,Vex - Valais
11/11/2024,15/03/2025,22/03/2025,1001.00,HP07GJK,Appartement ∙ 1 chambre ∙ 5 personnes,Vex - Valais
11/11/2024,22/03/2025,29/03/2025,1001.00,HP07GJK,Appartement ∙ 1 chambre ∙ 5 personnes,Vex - Valais
11/11/2024,29/03/2025,05/04/2025,1001.00,HP07GJK,Appartement ∙ 1 chambre ∙ 5 personnes,Vex - Valais
11/11/2024,05/04/2025,12/04/2025,1001.00,HP07GJK,Appartement ∙ 1 chambre ∙ 5 personnes,Vex - Valais
11/11/2024,12/04/2025,19/04/2025,1001.00,HP07GJK,Appartement ∙ 1 chambre ∙ 5 personnes,Vex - Valais
11/11/2024,19/04/2025,26/04/2025,1001.00,HP07GJK,Appartement ∙ 1 chambre ∙ 5 personnes,Vex - Valais
11/11/2024,16/11/2024,23/11/2024,1366.50,HWZJLP5,44 m² Appartement ∙ 1 chambre ∙ 3 personnes,Saas Fee - Valais
11/11/2024,23/11/2024,30/11/2024,1366.50,HWZJLP5,44 m² Appartement ∙ 1 chambre ∙ 3 personnes,Saas Fee - Valais
11/11/2024,30/11/2024,07/12/2024,1366.50,HWZJLP5,44 m² Appartement ∙ 1 chambre ∙ 3 personnes,Saas Fee - Valais
11/11/2024,07/12/2024,14/12/2024,1389.30,HWZJLP5,44 m² Appartement ∙ 1 chambre ∙ 3 personnes,Saas Fee - Valais
11/11/2024,14/12/2024,21/12/2024,1526.11,HWZJLP5,44 m² Appartement ∙ 1 chambre ∙ 3 personnes,Saas Fee - Valais
11/11/2024,04/01/2025,11/01/2025,1446.30,HWZJLP5,44 m² Appartement ∙ 1 chambre ∙ 3 personnes,Saas Fee - Valais
11/11/2024,11/01/2025,18/01/2025,1446.30,HWZJLP5,44 m² Appartement ∙ 1 chambre ∙ 3 personnes,Saas Fee - Valais
11/11/2024,01/02/2025,08/02/2025,1526.11,HWZJLP5,44 m² Appartement ∙ 1 chambre ∙ 3 personnes,Saas Fee - Valais
11/11/2024,22/02/2025,01/03/2025,1925.13,HWZJLP5,44 m² Appartement ∙ 1 chambre ∙ 3 personnes,Saas Fee - Valais
11/11/2024,01/03/2025,08/03/2025,1925.13,HWZJLP5,44 m² Appartement ∙ 1 chambre ∙ 3 personnes,Saas Fee - Valais
11/11/2024,08/03/2025,15/03/2025,1605.91,HWZJLP5,44 m² Appartement ∙ 1 chambre ∙ 3 personnes,Saas Fee - Valais
11/11/2024,15/03/2025,22/03/2025,1366.50,HWZJLP5,44 m² Appartement ∙ 1 chambre ∙ 3 personnes,Saas Fee - Valais
11/11/2024,22/03/2025,29/03/2025,1366.50,HWZJLP5,44 m² Appartement ∙ 1 chambre ∙ 3 personnes,Saas Fee - Valais
11/11/2024,29/03/2025,05/04/2025,1366.50,HWZJLP5,44 m² Appartement ∙ 1 chambre ∙ 3 personnes,Saas Fee - Valais
11/11/2024,05/04/2025,12/04/2025,1366.50,HWZJLP5,44 m² Appartement ∙ 1 chambre ∙ 3 personnes,Saas Fee - Valais
11/11/2024,16/11/2024,23/11/2024,1074.02,HCHYE8L,72 m² Appartement ∙ 2 chambres ∙ 4 personnes,Loèche-les-Bains - Valais
11/11/2024,23/11/2024,30/11/2024,1074.02,HCHYE8L,72 m² Appartement ∙ 2 chambres ∙ 4 personnes,Loèche-les-Bains - Valais
11/11/2024,30/11/2024,07/12/2024,1074.02,HCHYE8L,72 m² Appartement ∙ 2 chambres ∙ 4 personnes,Loèche-les-Bains - Valais
11/11/2024,18/01/2025,25/01/2025,1342.52,HCHYE8L,72 m² Appartement ∙ 2 chambres ∙ 4 personnes,Loèche-les-Bains - Valais
11/11/2024,25/01/2025,01/02/2025,1700.53,HCHYE8L,72 m² Appartement ∙ 2 chambres ∙ 4 personnes,Loèche-les-Bains - Valais
11/11/2024,08/02/2025,15/02/2025,1700.53,HCHYE8L,72 m² Appartement ∙ 2 chambres ∙ 4 personnes,Loèche-les-Bains - Valais
11/11/2024,08/03/2025,15/03/2025,1208.27,HCHYE8L,72 m² Appartement ∙ 2 chambres ∙ 4 personnes,Loèche-les-Bains - Valais
11/11/2024,15/03/2025,22/03/2025,1208.27,HCHYE8L,72 m² Appartement ∙ 2 chambres ∙ 4 personnes,Loèche-les-Bains - Valais
11/11/2024,22/03/2025,29/03/2025,1118.77,HCHYE8L,72 m² Appartement ∙ 2 chambres ∙ 4 personnes,Loèche-les-Bains - Valais
11/11/2024,29/03/2025,05/04/2025,1118.77,HCHYE8L,72 m² Appartement ∙ 2 chambres ∙ 4 personnes,Loèche-les-Bains - Valais
11/11/2024,05/04/2025,12/04/2025,1118.77,HCHYE8L,72 m² Appartement ∙ 2 chambres ∙ 4 personnes,Loèche-les-Bains - Valais
11/11/2024,12/04/2025,19/04/2025,1118.77,HCHYE8L,72 m² Appartement ∙ 2 chambres ∙ 4 personnes,Loèche-les-Bains - Valais
11/11/2024,19/04/2025,26/04/2025,1118.77,HCHYE8L,72 m² Appartement ∙ 2 chambres ∙ 4 personnes,Loèche-les-Bains - Valais
11/11/2024,26/04/2025,03/05/2025,984.52,HCHYE8L,72 m² Appartement ∙ 2 chambres ∙ 4 personnes,Loèche-les-Bains - Valais
11/11/2024,16/11/2024,23/11/2024,939.77,HC098BV,70 m² Appartement ∙ 2 chambres ∙ 6 personnes,Loèche-les-Bains - Valais
11/11/2024,23/11/2024,30/11/2024,939.77,HC098BV,70 m² Appartement ∙ 2 chambres ∙ 6 personnes,Loèche-les-Bains - Valais
11/11/2024,30/11/2024,07/12/2024,939.77,HC098BV,70 m² Appartement ∙ 2 chambres ∙ 6 personnes,Loèche-les-Bains - Valais
11/11/2024,07/12/2024,14/12/2024,939.77,HC098BV,70 m² Appartement ∙ 2 chambres ∙ 6 personnes,Loèche-les-Bains - Valais
11/11/2024,16/11/2024,23/11/2024,2250.00,H52ZRMX,170 m² Maison de vacances ∙ 4 chambres ∙ 8 personnes,Nendaz - Valais
11/11/2024,07/12/2024,14/12/2024,2250.00,H52ZRMX,170 m² Maison de vacances ∙ 4 chambres ∙ 8 personnes,Nendaz - Valais
11/11/2024,14/12/2024,21/12/2024,2752.04,H52ZRMX,170 m² Maison de vacances ∙ 4 chambres ∙ 8 personnes,Nendaz - Valais
11/11/2024,05/04/2025,12/04/2025,2459.07,H52ZRMX,170 m² Maison de vacances ∙ 4 chambres ∙ 8 personnes,Nendaz - Valais
11/11/2024,12/04/2025,19/04/2025,2375.20,H52ZRMX,170 m² Maison de vacances ∙ 4 chambres ∙ 8 personnes,Nendaz - Valais
11/11/2024,19/04/2025,26/04/2025,2257.52,H52ZRMX,170 m² Maison de vacances ∙ 4 chambres ∙ 8 personnes,Nendaz - Valais
11/11/2024,26/04/2025,03/05/2025,2250.00,H52ZRMX,170 m² Maison de vacances ∙ 4 chambres ∙ 8 personnes,Nendaz - Valais
11/11/2024,03/05/2025,10/05/2025,2250.00,H52ZRMX,170 m² Maison de vacances ∙ 4 chambres ∙ 8 personnes,Nendaz - Valais
11/11/2024,10/05/2025,17/05/2025,2656.26,H52ZRMX,170 m² Maison de vacances ∙ 4 chambres ∙ 8 personnes,Nendaz - Valais
11/11/2024,18/01/2025,25/01/2025,894.77,HC0LAWK,40 m² Appartement ∙ 1 chambre ∙ 4 personnes,Saas Fee - Valais
11/11/2024,25/01/2025,01/02/2025,1453.92,HC0LAWK,40 m² Appartement ∙ 1 chambre ∙ 4 personnes,Saas Fee - Valais
11/11/2024,22/03/2025,29/03/2025,1453.92,HC0LAWK,40 m² Appartement ∙ 1 chambre ∙ 4 personnes,Saas Fee - Valais
11/11/2024,29/03/2025,05/04/2025,1453.92,HC0LAWK,40 m² Appartement ∙ 1 chambre ∙ 4 personnes,Saas Fee - Valais
11/11/2024,05/04/2025,12/04/2025,1453.92,HC0LAWK,40 m² Appartement ∙ 1 chambre ∙ 4 personnes,Saas Fee - Valais
11/11/2024,19/04/2025,26/04/2025,1693.56,HC0LAWK,40 m² Appartement ∙ 1 chambre ∙ 4 personnes,Saas Fee - Valais
11/11/2024,16/11/2024,23/11/2024,1411.69,H1RPHA3,100 m² Maison de vacances ∙ 3 chambres ∙ 8 personnes,Nendaz - Valais
11/11/2024,23/11/2024,30/11/2024,1411.69,H1RPHA3,100 m² Maison de vacances ∙ 3 chambres ∙ 8 personnes,Nendaz - Valais
11/11/2024,30/11/2024,07/12/2024,1411.69,H1RPHA3,100 m² Maison de vacances ∙ 3 chambres ∙ 8 personnes,Nendaz - Valais
11/11/2024,07/12/2024,14/12/2024,1411.69,H1RPHA3,100 m² Maison de vacances ∙ 3 chambres ∙ 8 personnes,Nendaz - Valais
11/11/2024,14/12/2024,21/12/2024,1411.69,H1RPHA3,100 m² Maison de vacances ∙ 3 chambres ∙ 8 personnes,Nendaz - Valais
11/11/2024,11/01/2025,18/01/2025,1496.02,H1RPHA3,100 m² Maison de vacances ∙ 3 chambres ∙ 8 personnes,Nendaz - Valais
11/11/2024,08/02/2025,15/02/2025,2078.97,H1RPHA3,100 m² Maison de vacances ∙ 3 chambres ∙ 8 personnes,Nendaz - Valais
11/11/2024,22/03/2025,29/03/2025,1496.02,H1RPHA3,100 m² Maison de vacances ∙ 3 chambres ∙ 8 personnes,Nendaz - Valais
11/11/2024,29/03/2025,05/04/2025,1411.69,H1RPHA3,100 m² Maison de vacances ∙ 3 chambres ∙ 8 personnes,Nendaz - Valais
11/11/2024,05/04/2025,12/04/2025,1411.69,H1RPHA3,100 m² Maison de vacances ∙ 3 chambres ∙ 8 personnes,Nendaz - Valais
11/11/2024,12/04/2025,19/04/2025,1496.02,H1RPHA3,100 m² Maison de vacances ∙ 3 chambres ∙ 8 personnes,Nendaz - Valais
11/11/2024,19/04/2025,26/04/2025,1496.02,H1RPHA3,100 m² Maison de vacances ∙ 3 chambres ∙ 8 personnes,Nendaz - Valais
11/11/2024,16/11/2024,23/11/2024,887.00,HGD5UB8,72 m² Appartement ∙ 2 chambres ∙ 4 personnes,Crans-Montana - Valais
11/11/2024,23/11/2024,30/11/2024,1147.00,HGD5UB8,72 m² Appartement ∙ 2 chambres ∙ 4 personnes,Crans-Montana - Valais
11/11/2024,30/11/2024,07/12/2024,1147.00,HGD5UB8,72 m² Appartement ∙ 2 chambres ∙ 4 personnes,Crans-Montana - Valais
11/11/2024,07/12/2024,14/12/2024,1147.00,HGD5UB8,72 m² Appartement ∙ 2 chambres ∙ 4 personnes,Crans-Montana - Valais
11/11/2024,14/12/2024,21/12/2024,1147.00,HGD5UB8,72 m² Appartement ∙ 2 chambres ∙ 4 personnes,Crans-Montana - Valais
11/11/2024,21/12/2024,28/12/2024,2421.00,HGD5UB8,72 m² Appartement ∙ 2 chambres ∙ 4 personnes,Crans-Montana - Valais
11/11/2024,15/02/2025,22/02/2025,2421.00,HGD5UB8,72 m² Appartement ∙ 2 chambres ∙ 4 personnes,Crans-Montana - Valais
11/11/2024,01/03/2025,08/03/2025,2018.00,HGD5UB8,72 m² Appartement ∙ 2 chambres ∙ 4 personnes,Crans-Montana - Valais
11/11/2024,08/03/2025,15/03/2025,1147.00,HGD5UB8,72 m² Appartement ∙ 2 chambres ∙ 4 personnes,Crans-Montana - Valais
11/11/2024,22/03/2025,29/03/2025,1147.00,HGD5UB8,72 m² Appartement ∙ 2 chambres ∙ 4 personnes,Crans-Montana - Valais
11/11/2024,29/03/2025,05/04/2025,1147.00,HGD5UB8,72 m² Appartement ∙ 2 chambres ∙ 4 personnes,Crans-Montana - Valais
11/11/2024,05/04/2025,12/04/2025,1147.00,HGD5UB8,72 m² Appartement ∙ 2 chambres ∙ 4 personnes,Crans-Montana - Valais
11/11/2024,12/04/2025,19/04/2025,1405.00,HGD5UB8,72 m² Appartement ∙ 2 chambres ∙ 4 personnes,Crans-Montana - Valais
11/11/2024,19/04/2025,26/04/2025,1405.00,HGD5UB8,72 m² Appartement ∙ 2 chambres ∙ 4 personnes,Crans-Montana - Valais
11/11/2024,26/04/2025,03/05/2025,1147.00,HGD5UB8,72 m² Appartement ∙ 2 chambres ∙ 4 personnes,Crans-Montana - Valais
11/11/2024,03/05/2025,10/05/2025,1147.00,HGD5UB8,72 m² Appartement ∙ 2 chambres ∙ 4 personnes,Crans-Montana - Valais
11/11/2024,10/05/2025,17/05/2025,1147.00,HGD5UB8,72 m² Appartement ∙ 2 chambres ∙ 4 personnes,Crans-Montana - Valais
11/11/2024,14/12/2024,21/12/2024,1361.67,HSMX7NZ,Appartement ∙ 3 chambres ∙ 6 personnes,Grächen - Valais
11/11/2024,04/01/2025,11/01/2025,1361.67,HSMX7NZ,Appartement ∙ 3 chambres ∙ 6 personnes,Grächen - Valais
11/11/2024,22/03/2025,29/03/2025,1361.67,HSMX7NZ,Appartement ∙ 3 chambres ∙ 6 personnes,Grächen - Valais
11/11/2024,29/03/2025,05/04/2025,923.99,HSMX7NZ,Appartement ∙ 3 chambres ∙ 6 personnes,Grächen - Valais
11/11/2024,05/04/2025,12/04/2025,851.04,HSMX7NZ,Appartement ∙ 3 chambres ∙ 6 personnes,Grächen - Valais
11/11/2024,12/04/2025,19/04/2025,851.04,HSMX7NZ,Appartement ∙ 3 chambres ∙ 6 personnes,Grächen - Valais
11/11/2024,19/04/2025,26/04/2025,851.04,HSMX7NZ,Appartement ∙ 3 chambres ∙ 6 personnes,Grächen - Valais
11/11/2024,26/04/2025,03/05/2025,851.04,HSMX7NZ,Appartement ∙ 3 chambres ∙ 6 personnes,Grächen - Valais
11/11/2024,03/05/2025,10/05/2025,851.04,HSMX7NZ,Appartement ∙ 3 chambres ∙ 6 personnes,Grächen - Valais
11/11/2024,10/05/2025,17/05/2025,851.04,HSMX7NZ,Appartement ∙ 3 chambres ∙ 6 personnes,Grächen - Valais
11/11/2024,23/11/2024,30/11/2024,947.20,H5FZPX2,80 m² Appartement ∙ 2 chambres ∙ 4 personnes,La Lenk - Berne
11/11/2024,30/11/2024,07/12/2024,1273.28,H5FZPX2,80 m² Appartement ∙ 2 chambres ∙ 4 personnes,La Lenk - Berne
11/11/2024,07/12/2024,14/12/2024,1327.63,H5FZPX2,80 m² Appartement ∙ 2 chambres ∙ 4 personnes,La Lenk - Berne
11/11/2024,14/12/2024,21/12/2024,1327.63,H5FZPX2,80 m² Appartement ∙ 2 chambres ∙ 4 personnes,La Lenk - Berne
11/11/2024,15/03/2025,22/03/2025,1327.63,H5FZPX2,80 m² Appartement ∙ 2 chambres ∙ 4 personnes,La Lenk - Berne
11/11/2024,22/03/2025,29/03/2025,1327.63,H5FZPX2,80 m² Appartement ∙ 2 chambres ∙ 4 personnes,La Lenk - Berne
11/11/2024,29/03/2025,05/04/2025,1212.28,H5FZPX2,80 m² Appartement ∙ 2 chambres ∙ 4 personnes,La Lenk - Berne
11/11/2024,05/04/2025,12/04/2025,1125.77,H5FZPX2,80 m² Appartement ∙ 2 chambres ∙ 4 personnes,La Lenk - Berne
11/11/2024,12/04/2025,19/04/2025,1125.77,H5FZPX2,80 m² Appartement ∙ 2 chambres ∙ 4 personnes,La Lenk - Berne
11/11/2024,19/04/2025,26/04/2025,1125.77,H5FZPX2,80 m² Appartement ∙ 2 chambres ∙ 4 personnes,La Lenk - Berne
11/11/2024,26/04/2025,03/05/2025,1125.77,H5FZPX2,80 m² Appartement ∙ 2 chambres ∙ 4 personnes,La Lenk - Berne
11/11/2024,03/05/2025,10/05/2025,1125.77,H5FZPX2,80 m² Appartement ∙ 2 chambres ∙ 4 personnes,La Lenk - Berne
11/11/2024,10/05/2025,17/05/2025,1125.77,H5FZPX2,80 m² Appartement ∙ 2 chambres ∙ 4 personnes,La Lenk - Berne
11/11/2024,22/03/2025,29/03/2025,597.23,H39SJ8U,Appartement ∙ 1 chambre ∙ 4 personnes,Adelboden - Berne
11/11/2024,29/03/2025,05/04/2025,597.23,H39SJ8U,Appartement ∙ 1 chambre ∙ 4 personnes,Adelboden - Berne
11/11/2024,05/04/2025,12/04/2025,597.23,H39SJ8U,Appartement ∙ 1 chambre ∙ 4 personnes,Adelboden - Berne
11/11/2024,12/04/2025,19/04/2025,597.23,H39SJ8U,Appartement ∙ 1 chambre ∙ 4 personnes,Adelboden - Berne
11/11/2024,19/04/2025,26/04/2025,490.58,H39SJ8U,Appartement ∙ 1 chambre ∙ 4 personnes,Adelboden - Berne
11/11/2024,26/04/2025,03/05/2025,410.59,H39SJ8U,Appartement ∙ 1 chambre ∙ 4 personnes,Adelboden - Berne
11/11/2024,03/05/2025,10/05/2025,410.59,H39SJ8U,Appartement ∙ 1 chambre ∙ 4 personnes,Adelboden - Berne
11/11/2024,10/05/2025,17/05/2025,410.59,H39SJ8U,Appartement ∙ 1 chambre ∙ 4 personnes,Adelboden - Berne
11/11/2024,16/11/2024,23/11/2024,607.89,HGVPCNL,Appartement ∙ 1 chambre ∙ 5 personnes,Kandersteg - Berne
11/11/2024,23/11/2024,30/11/2024,607.89,HGVPCNL,Appartement ∙ 1 chambre ∙ 5 personnes,Kandersteg - Berne
11/11/2024,30/11/2024,07/12/2024,607.89,HGVPCNL,Appartement ∙ 1 chambre ∙ 5 personnes,Kandersteg - Berne
11/11/2024,07/12/2024,14/12/2024,607.89,HGVPCNL,Appartement ∙ 1 chambre ∙ 5 personnes,Kandersteg - Berne
11/11/2024,14/12/2024,21/12/2024,607.89,HGVPCNL,Appartement ∙ 1 chambre ∙ 5 personnes,Kandersteg - Berne
11/11/2024,04/01/2025,11/01/2025,607.89,HGVPCNL,Appartement ∙ 1 chambre ∙ 5 personnes,Kandersteg - Berne
11/11/2024,11/01/2025,18/01/2025,607.89,HGVPCNL,Appartement ∙ 1 chambre ∙ 5 personnes,Kandersteg - Berne
11/11/2024,18/01/2025,25/01/2025,607.89,HGVPCNL,Appartement ∙ 1 chambre ∙ 5 personnes,Kandersteg - Berne
11/11/2024,25/01/2025,01/02/2025,607.89,HGVPCNL,Appartement ∙ 1 chambre ∙ 5 personnes,Kandersteg - Berne
11/11/2024,01/02/2025,08/02/2025,607.89,HGVPCNL,Appartement ∙ 1 chambre ∙ 5 personnes,Kandersteg - Berne
11/11/2024,08/02/2025,15/02/2025,607.89,HGVPCNL,Appartement ∙ 1 chambre ∙ 5 personnes,Kandersteg - Berne
11/11/2024,15/02/2025,22/02/2025,607.89,HGVPCNL,Appartement ∙ 1 chambre ∙ 5 personnes,Kandersteg - Berne
11/11/2024,22/02/2025,01/03/2025,607.89,HGVPCNL,Appartement ∙ 1 chambre ∙ 5 personnes,Kandersteg - Berne
11/11/2024,01/03/2025,08/03/2025,607.89,HGVPCNL,Appartement ∙ 1 chambre ∙ 5 personnes,Kandersteg - Berne
11/11/2024,08/03/2025,15/03/2025,607.89,HGVPCNL,Appartement ∙ 1 chambre ∙ 5 personnes,Kandersteg - Berne
11/11/2024,29/03/2025,05/04/2025,475.65,HGVPCNL,Appartement ∙ 1 chambre ∙ 5 personnes,Kandersteg - Berne
11/11/2024,05/04/2025,12/04/2025,453.25,HGVPCNL,Appartement ∙ 1 chambre ∙ 5 personnes,Kandersteg - Berne
11/11/2024,12/04/2025,19/04/2025,453.25,HGVPCNL,Appartement ∙ 1 chambre ∙ 5 personnes,Kandersteg - Berne
11/11/2024,19/04/2025,26/04/2025,453.25,HGVPCNL,Appartement ∙ 1 chambre ∙ 5 personnes,Kandersteg - Berne
11/11/2024,26/04/2025,03/05/2025,453.25,HGVPCNL,Appartement ∙ 1 chambre ∙ 5 personnes,Kandersteg - Berne
11/11/2024,03/05/2025,10/05/2025,453.25,HGVPCNL,Appartement ∙ 1 chambre ∙ 5 personnes,Kandersteg - Berne
11/11/2024,10/05/2025,17/05/2025,453.25,HGVPCNL,Appartement ∙ 1 chambre ∙ 5 personnes,Kandersteg - Berne
11/11/2024,08/03/2025,15/03/2025,1076.07,HGV1TUY,Appartement ∙ 2 chambres ∙ 4 personnes,Kandersteg - Berne
11/11/2024,15/03/2025,22/03/2025,1076.07,HGV1TUY,Appartement ∙ 2 chambres ∙ 4 personnes,Kandersteg - Berne
11/11/2024,22/03/2025,29/03/2025,1076.07,HGV1TUY,Appartement ∙ 2 chambres ∙ 4 personnes,Kandersteg - Berne
11/11/2024,29/03/2025,05/04/2025,1076.07,HGV1TUY,Appartement ∙ 2 chambres ∙ 4 personnes,Kandersteg - Berne
11/11/2024,05/04/2025,12/04/2025,1076.07,HGV1TUY,Appartement ∙ 2 chambres ∙ 4 personnes,Kandersteg - Berne
11/11/2024,12/04/2025,19/04/2025,1076.07,HGV1TUY,Appartement ∙ 2 chambres ∙ 4 personnes,Kandersteg - Berne
11/11/2024,19/04/2025,26/04/2025,1076.07,HGV1TUY,Appartement ∙ 2 chambres ∙ 4 personnes,Kandersteg - Berne
11/11/2024,26/04/2025,03/05/2025,1076.07,HGV1TUY,Appartement ∙ 2 chambres ∙ 4 personnes,Kandersteg - Berne
11/11/2024,03/05/2025,10/05/2025,1076.07,HGV1TUY,Appartement ∙ 2 chambres ∙ 4 personnes,Kandersteg - Berne
11/11/2024,10/05/2025,17/05/2025,1076.07,HGV1TUY,Appartement ∙ 2 chambres ∙ 4 personnes,Kandersteg - Berne
11/11/2024,16/11/2024,23/11/2024,1993.00,HS43VP0,150 m² Maison de vacances ∙ 4 chambres ∙ 10 personnes,Zinal - Ayer - Valais
11/11/2024,23/11/2024,30/11/2024,1993.00,HS43VP0,150 m² Maison de vacances ∙ 4 chambres ∙ 10 personnes,Zinal - Ayer - Valais
11/11/2024,30/11/2024,07/12/2024,1993.00,HS43VP0,150 m² Maison de vacances ∙ 4 chambres ∙ 10 personnes,Zinal - Ayer - Valais
11/11/2024,07/12/2024,14/12/2024,1993.00,HS43VP0,150 m² Maison de vacances ∙ 4 chambres ∙ 10 personnes,Zinal - Ayer - Valais
11/11/2024,14/12/2024,21/12/2024,2297.00,HS43VP0,150 m² Maison de vacances ∙ 4 chambres ∙ 10 personnes,Zinal - Ayer - Valais
11/11/2024,04/01/2025,11/01/2025,2297.00,HS43VP0,150 m² Maison de vacances ∙ 4 chambres ∙ 10 personnes,Zinal - Ayer - Valais
11/11/2024,12/04/2025,19/04/2025,1993.00,HS43VP0,150 m² Maison de vacances ∙ 4 chambres ∙ 10 personnes,Zinal - Ayer - Valais
11/11/2024,19/04/2025,26/04/2025,1993.00,HS43VP0,150 m² Maison de vacances ∙ 4 chambres ∙ 10 personnes,Zinal - Ayer - Valais
11/11/2024,26/04/2025,03/05/2025,1993.00,HS43VP0,150 m² Maison de vacances ∙ 4 chambres ∙ 10 personnes,Zinal - Ayer - Valais
11/11/2024,03/05/2025,10/05/2025,1993.00,HS43VP0,150 m² Maison de vacances ∙ 4 chambres ∙ 10 personnes,Zinal - Ayer - Valais
11/11/2024,10/05/2025,17/05/2025,1993.00,HS43VP0,150 m² Maison de vacances ∙ 4 chambres ∙ 10 personnes,Zinal - Ayer - Valais
11/11/2024,16/11/2024,23/11/2024,469.00,H6YAT9K,28 m² Appartement ∙ 1 chambre ∙ 2 personnes,Zinal - Ayer - Valais
11/11/2024,23/11/2024,30/11/2024,568.00,H6YAT9K,28 m² Appartement ∙ 1 chambre ∙ 2 personnes,Zinal - Ayer - Valais
11/11/2024,30/11/2024,07/12/2024,568.00,H6YAT9K,28 m² Appartement ∙ 1 chambre ∙ 2 personnes,Zinal - Ayer - Valais
11/11/2024,07/12/2024,14/12/2024,568.00,H6YAT9K,28 m² Appartement ∙ 1 chambre ∙ 2 personnes,Zinal - Ayer - Valais
11/11/2024,14/12/2024,21/12/2024,689.00,H6YAT9K,28 m² Appartement ∙ 1 chambre ∙ 2 personnes,Zinal - Ayer - Valais
11/11/2024,11/01/2025,18/01/2025,689.00,H6YAT9K,28 m² Appartement ∙ 1 chambre ∙ 2 personnes,Zinal - Ayer - Valais
11/11/2024,08/02/2025,15/02/2025,825.00,H6YAT9K,28 m² Appartement ∙ 1 chambre ∙ 2 personnes,Zinal - Ayer - Valais
11/11/2024,22/02/2025,01/03/2025,1015.00,H6YAT9K,28 m² Appartement ∙ 1 chambre ∙ 2 personnes,Zinal - Ayer - Valais
11/11/2024,08/03/2025,15/03/2025,825.00,H6YAT9K,28 m² Appartement ∙ 1 chambre ∙ 2 personnes,Zinal - Ayer - Valais
11/11/2024,15/03/2025,22/03/2025,689.00,H6YAT9K,28 m² Appartement ∙ 1 chambre ∙ 2 personnes,Zinal - Ayer - Valais
11/11/2024,12/04/2025,19/04/2025,568.00,H6YAT9K,28 m² Appartement ∙ 1 chambre ∙ 2 personnes,Zinal - Ayer - Valais
11/11/2024,19/04/2025,26/04/2025,568.00,H6YAT9K,28 m² Appartement ∙ 1 chambre ∙ 2 personnes,Zinal - Ayer - Valais
11/11/2024,26/04/2025,03/05/2025,568.00,H6YAT9K,28 m² Appartement ∙ 1 chambre ∙ 2 personnes,Zinal - Ayer - Valais
11/11/2024,03/05/2025,10/05/2025,568.00,H6YAT9K,28 m² Appartement ∙ 1 chambre ∙ 2 personnes,Zinal - Ayer - Valais
11/11/2024,10/05/2025,17/05/2025,568.00,H6YAT9K,28 m² Appartement ∙ 1 chambre ∙ 2 personnes,Zinal - Ayer - Valais
11/11/2024,16/11/2024,23/11/2024,1101.66,HAW3PSD,54 m² Appartement ∙ 2 chambres ∙ 5 personnes,Zinal - Ayer - Valais
11/11/2024,23/11/2024,30/11/2024,1101.66,HAW3PSD,54 m² Appartement ∙ 2 chambres ∙ 5 personnes,Zinal - Ayer - Valais
11/11/2024,30/11/2024,07/12/2024,1101.66,HAW3PSD,54 m² Appartement ∙ 2 chambres ∙ 5 personnes,Zinal - Ayer - Valais
11/11/2024,07/12/2024,14/12/2024,1101.66,HAW3PSD,54 m² Appartement ∙ 2 chambres ∙ 5 personnes,Zinal - Ayer - Valais
11/11/2024,14/12/2024,21/12/2024,1101.66,HAW3PSD,54 m² Appartement ∙ 2 chambres ∙ 5 personnes,Zinal - Ayer - Valais
11/11/2024,11/01/2025,18/01/2025,1101.66,HAW3PSD,54 m² Appartement ∙ 2 chambres ∙ 5 personnes,Zinal - Ayer - Valais
11/11/2024,18/01/2025,25/01/2025,1101.66,HAW3PSD,54 m² Appartement ∙ 2 chambres ∙ 5 personnes,Zinal - Ayer - Valais
11/11/2024,25/01/2025,01/02/2025,1101.66,HAW3PSD,54 m² Appartement ∙ 2 chambres ∙ 5 personnes,Zinal - Ayer - Valais
11/11/2024,16/11/2024,23/11/2024,1500.00,HDZV9EN,Maison de vacances ∙ 3 chambres ∙ 6 personnes,Zinal - Ayer - Valais
11/11/2024,23/11/2024,30/11/2024,1500.00,HDZV9EN,Maison de vacances ∙ 3 chambres ∙ 6 personnes,Zinal - Ayer - Valais
11/11/2024,30/11/2024,07/12/2024,1500.00,HDZV9EN,Maison de vacances ∙ 3 chambres ∙ 6 personnes,Zinal - Ayer - Valais
11/11/2024,07/12/2024,14/12/2024,1500.00,HDZV9EN,Maison de vacances ∙ 3 chambres ∙ 6 personnes,Zinal - Ayer - Valais
11/11/2024,14/12/2024,21/12/2024,1804.00,HDZV9EN,Maison de vacances ∙ 3 chambres ∙ 6 personnes,Zinal - Ayer - Valais
11/11/2024,04/01/2025,11/01/2025,1804.00,HDZV9EN,Maison de vacances ∙ 3 chambres ∙ 6 personnes,Zinal - Ayer - Valais
11/11/2024,11/01/2025,18/01/2025,1804.00,HDZV9EN,Maison de vacances ∙ 3 chambres ∙ 6 personnes,Zinal - Ayer - Valais
11/11/2024,18/01/2025,25/01/2025,1804.00,HDZV9EN,Maison de vacances ∙ 3 chambres ∙ 6 personnes,Zinal - Ayer - Valais
11/11/2024,22/03/2025,29/03/2025,1804.00,HDZV9EN,Maison de vacances ∙ 3 chambres ∙ 6 personnes,Zinal - Ayer - Valais
11/11/2024,29/03/2025,05/04/2025,1804.00,HDZV9EN,Maison de vacances ∙ 3 chambres ∙ 6 personnes,Zinal - Ayer - Valais
11/11/2024,05/04/2025,12/04/2025,1500.00,HDZV9EN,Maison de vacances ∙ 3 chambres ∙ 6 personnes,Zinal - Ayer - Valais
11/11/2024,26/04/2025,03/05/2025,1500.00,HDZV9EN,Maison de vacances ∙ 3 chambres ∙ 6 personnes,Zinal - Ayer - Valais
11/11/2024,03/05/2025,10/05/2025,1500.00,HDZV9EN,Maison de vacances ∙ 3 chambres ∙ 6 personnes,Zinal - Ayer - Valais
11/11/2024,10/05/2025,17/05/2025,1500.00,HDZV9EN,Maison de vacances ∙ 3 chambres ∙ 6 personnes,Zinal - Ayer - Valais
11/11/2024,30/11/2024,07/12/2024,1602.00,HGB6MA1,Maison de vacances ∙ 3 chambres ∙ 6 personnes,Zinal - Ayer - Valais
11/11/2024,07/12/2024,14/12/2024,1602.00,HGB6MA1,Maison de vacances ∙ 3 chambres ∙ 6 personnes,Zinal - Ayer - Valais
11/11/2024,14/12/2024,21/12/2024,1830.00,HGB6MA1,Maison de vacances ∙ 3 chambres ∙ 6 personnes,Zinal - Ayer - Valais
11/11/2024,18/01/2025,25/01/2025,1830.00,HGB6MA1,Maison de vacances ∙ 3 chambres ∙ 6 personnes,Zinal - Ayer - Valais
11/11/2024,01/02/2025,08/02/2025,1944.00,HGB6MA1,Maison de vacances ∙ 3 chambres ∙ 6 personnes,Zinal - Ayer - Valais
11/11/2024,08/03/2025,15/03/2025,1944.00,HGB6MA1,Maison de vacances ∙ 3 chambres ∙ 6 personnes,Zinal - Ayer - Valais
11/11/2024,15/03/2025,22/03/2025,1830.00,HGB6MA1,Maison de vacances ∙ 3 chambres ∙ 6 personnes,Zinal - Ayer - Valais
11/11/2024,22/03/2025,29/03/2025,1830.00,HGB6MA1,Maison de vacances ∙ 3 chambres ∙ 6 personnes,Zinal - Ayer - Valais
11/11/2024,29/03/2025,05/04/2025,1830.00,HGB6MA1,Maison de vacances ∙ 3 chambres ∙ 6 personnes,Zinal - Ayer - Valais
11/11/2024,05/04/2025,12/04/2025,1602.00,HGB6MA1,Maison de vacances ∙ 3 chambres ∙ 6 personnes,Zinal - Ayer - Valais
11/11/2024,12/04/2025,19/04/2025,1602.00,HGB6MA1,Maison de vacances ∙ 3 chambres ∙ 6 personnes,Zinal - Ayer - Valais
11/11/2024,19/04/2025,26/04/2025,1602.00,HGB6MA1,Maison de vacances ∙ 3 chambres ∙ 6 personnes,Zinal - Ayer - Valais
11/11/2024,26/04/2025,03/05/2025,1602.00,HGB6MA1,Maison de vacances ∙ 3 chambres ∙ 6 personnes,Zinal - Ayer - Valais
11/11/2024,03/05/2025,10/05/2025,1602.00,HGB6MA1,Maison de vacances ∙ 3 chambres ∙ 6 personnes,Zinal - Ayer - Valais
11/11/2024,10/05/2025,17/05/2025,1602.00,HGB6MA1,Maison de vacances ∙ 3 chambres ∙ 6 personnes,Zinal - Ayer - Valais
11/11/2024,16/11/2024,23/11/2024,1382.00,HFCVA6T,85 m² Appartement ∙ 3 chambres ∙ 6 personnes,Zinal - Ayer - Valais
11/11/2024,23/11/2024,30/11/2024,1382.00,HFCVA6T,85 m² Appartement ∙ 3 chambres ∙ 6 personnes,Zinal - Ayer - Valais
11/11/2024,30/11/2024,07/12/2024,1382.00,HFCVA6T,85 m² Appartement ∙ 3 chambres ∙ 6 personnes,Zinal - Ayer - Valais
11/11/2024,07/12/2024,14/12/2024,1382.00,HFCVA6T,85 m² Appartement ∙ 3 chambres ∙ 6 personnes,Zinal - Ayer - Valais
11/11/2024,04/01/2025,11/01/2025,1587.00,HFCVA6T,85 m² Appartement ∙ 3 chambres ∙ 6 personnes,Zinal - Ayer - Valais
11/11/2024,08/03/2025,15/03/2025,1731.00,HFCVA6T,85 m² Appartement ∙ 3 chambres ∙ 6 personnes,Zinal - Ayer - Valais
11/11/2024,15/03/2025,22/03/2025,1587.00,HFCVA6T,85 m² Appartement ∙ 3 chambres ∙ 6 personnes,Zinal - Ayer - Valais
11/11/2024,22/03/2025,29/03/2025,1587.00,HFCVA6T,85 m² Appartement ∙ 3 chambres ∙ 6 personnes,Zinal - Ayer - Valais
11/11/2024,29/03/2025,05/04/2025,1587.00,HFCVA6T,85 m² Appartement ∙ 3 chambres ∙ 6 personnes,Zinal - Ayer - Valais
11/11/2024,05/04/2025,12/04/2025,1382.00,HFCVA6T,85 m² Appartement ∙ 3 chambres ∙ 6 personnes,Zinal - Ayer - Valais
11/11/2024,26/04/2025,03/05/2025,1382.00,HFCVA6T,85 m² Appartement ∙ 3 chambres ∙ 6 personnes,Zinal - Ayer - Valais
11/11/2024,03/05/2025,10/05/2025,1382.00,HFCVA6T,85 m² Appartement ∙ 3 chambres ∙ 6 personnes,Zinal - Ayer - Valais
11/11/2024,10/05/2025,17/05/2025,1382.00,HFCVA6T,85 m² Appartement ∙ 3 chambres ∙ 6 personnes,Zinal - Ayer - Valais
11/11/2024,14/12/2024,21/12/2024,688.00,HTJ0USD,2 room,2 roomZinal - Ayer - Valais
11/11/2024,21/12/2024,28/12/2024,1812.00,HTJ0USD,2 room,2 roomZinal - Ayer - Valais
11/11/2024,11/01/2025,18/01/2025,804.00,HTJ0USD,2 room,2 roomZinal - Ayer - Valais
11/11/2024,18/01/2025,25/01/2025,953.00,HTJ0USD,2 room,2 roomZinal - Ayer - Valais
11/11/2024,01/02/2025,08/02/2025,1509.00,HTJ0USD,2 room,2 roomZinal - Ayer - Valais
11/11/2024,08/02/2025,15/02/2025,1551.00,HTJ0USD,2 room,2 roomZinal - Ayer - Valais
11/11/2024,22/02/2025,01/03/2025,2290.00,HTJ0USD,2 room,2 roomZinal - Ayer - Valais
11/11/2024,08/03/2025,15/03/2025,1054.00,HTJ0USD,2 room,2 roomZinal - Ayer - Valais
11/11/2024,15/03/2025,22/03/2025,918.00,HTJ0USD,2 room,2 roomZinal - Ayer - Valais
11/11/2024,22/03/2025,29/03/2025,918.00,HTJ0USD,2 room,2 roomZinal - Ayer - Valais
11/11/2024,29/03/2025,05/04/2025,804.00,HTJ0USD,2 room,2 roomZinal - Ayer - Valais
11/11/2024,05/04/2025,12/04/2025,1054.00,HTJ0USD,2 room,2 roomZinal - Ayer - Valais
11/11/2024,12/04/2025,19/04/2025,918.00,HTJ0USD,2 room,2 roomZinal - Ayer - Valais
11/11/2024,16/11/2024,23/11/2024,1747.95,HXPKEVZ,74 m² Appartement ∙ 2 chambres ∙ 5 personnes,Zinal - Ayer - Valais
11/11/2024,23/11/2024,30/11/2024,1747.95,HXPKEVZ,74 m² Appartement ∙ 2 chambres ∙ 5 personnes,Zinal - Ayer - Valais
11/11/2024,14/12/2024,21/12/2024,839.00,HMB9PYE,41 m² Appartement ∙ 1 chambre ∙ 4 personnes,Zinal - Ayer - Valais
11/11/2024,21/12/2024,28/12/2024,2229.00,HMB9PYE,41 m² Appartement ∙ 1 chambre ∙ 4 personnes,Zinal - Ayer - Valais
11/11/2024,28/12/2024,04/01/2025,2999.00,HMB9PYE,41 m² Appartement ∙ 1 chambre ∙ 4 personnes,Zinal - Ayer - Valais
11/11/2024,18/01/2025,25/01/2025,1169.00,HMB9PYE,41 m² Appartement ∙ 1 chambre ∙ 4 personnes,Zinal - Ayer - Valais
11/11/2024,01/02/2025,08/02/2025,1859.00,HMB9PYE,41 m² Appartement ∙ 1 chambre ∙ 4 personnes,Zinal - Ayer - Valais
11/11/2024,08/02/2025,15/02/2025,1889.00,HMB9PYE,41 m² Appartement ∙ 1 chambre ∙ 4 personnes,Zinal - Ayer - Valais
11/11/2024,22/02/2025,01/03/2025,2999.00,HMB9PYE,41 m² Appartement ∙ 1 chambre ∙ 4 personnes,Zinal - Ayer - Valais
11/11/2024,01/03/2025,08/03/2025,2229.00,HMB9PYE,41 m² Appartement ∙ 1 chambre ∙ 4 personnes,Zinal - Ayer - Valais
11/11/2024,08/03/2025,15/03/2025,1299.00,HMB9PYE,41 m² Appartement ∙ 1 chambre ∙ 4 personnes,Zinal - Ayer - Valais
11/11/2024,22/03/2025,29/03/2025,1129.00,HMB9PYE,41 m² Appartement ∙ 1 chambre ∙ 4 personnes,Zinal - Ayer - Valais
11/11/2024,29/03/2025,05/04/2025,989.00,HMB9PYE,41 m² Appartement ∙ 1 chambre ∙ 4 personnes,Zinal - Ayer - Valais
11/11/2024,05/04/2025,12/04/2025,1299.00,HMB9PYE,41 m² Appartement ∙ 1 chambre ∙ 4 personnes,Zinal - Ayer - Valais
11/11/2024,12/04/2025,19/04/2025,1129.00,HMB9PYE,41 m² Appartement ∙ 1 chambre ∙ 4 personnes,Zinal - Ayer - Valais
11/11/2024,16/11/2024,23/11/2024,1684.84,HLT4XN9,75 m² Maison de vacances ∙ 1 chambre ∙ 4 personnes,Evolène - Valais
11/11/2024,04/01/2025,11/01/2025,1684.84,HLT4XN9,75 m² Maison de vacances ∙ 1 chambre ∙ 4 personnes,Evolène - Valais
11/11/2024,18/01/2025,25/01/2025,1684.84,HLT4XN9,75 m² Maison de vacances ∙ 1 chambre ∙ 4 personnes,Evolène - Valais
11/11/2024,08/02/2025,15/02/2025,1871.57,HLT4XN9,75 m² Maison de vacances ∙ 1 chambre ∙ 4 personnes,Evolène - Valais
11/11/2024,15/02/2025,22/02/2025,1871.57,HLT4XN9,75 m² Maison de vacances ∙ 1 chambre ∙ 4 personnes,Evolène - Valais
11/11/2024,22/02/2025,01/03/2025,1684.84,HLT4XN9,75 m² Maison de vacances ∙ 1 chambre ∙ 4 personnes,Evolène - Valais
11/11/2024,01/03/2025,08/03/2025,1684.84,HLT4XN9,75 m² Maison de vacances ∙ 1 chambre ∙ 4 personnes,Evolène - Valais
11/11/2024,08/03/2025,15/03/2025,1684.84,HLT4XN9,75 m² Maison de vacances ∙ 1 chambre ∙ 4 personnes,Evolène - Valais
11/11/2024,15/03/2025,22/03/2025,1684.84,HLT4XN9,75 m² Maison de vacances ∙ 1 chambre ∙ 4 personnes,Evolène - Valais
11/11/2024,22/03/2025,29/03/2025,1684.84,HLT4XN9,75 m² Maison de vacances ∙ 1 chambre ∙ 4 personnes,Evolène - Valais
11/11/2024,29/03/2025,05/04/2025,1684.84,HLT4XN9,75 m² Maison de vacances ∙ 1 chambre ∙ 4 personnes,Evolène - Valais
11/11/2024,05/04/2025,12/04/2025,1684.84,HLT4XN9,75 m² Maison de vacances ∙ 1 chambre ∙ 4 personnes,Evolène - Valais
11/11/2024,12/04/2025,19/04/2025,1684.84,HLT4XN9,75 m² Maison de vacances ∙ 1 chambre ∙ 4 personnes,Evolène - Valais
11/11/2024,19/04/2025,26/04/2025,1684.84,HLT4XN9,75 m² Maison de vacances ∙ 1 chambre ∙ 4 personnes,Evolène - Valais
11/11/2024,26/04/2025,03/05/2025,1684.84,HLT4XN9,75 m² Maison de vacances ∙ 1 chambre ∙ 4 personnes,Evolène - Valais
11/11/2024,03/05/2025,10/05/2025,1684.84,HLT4XN9,75 m² Maison de vacances ∙ 1 chambre ∙ 4 personnes,Evolène - Valais
11/11/2024,10/05/2025,17/05/2025,1684.84,HLT4XN9,75 m² Maison de vacances ∙ 1 chambre ∙ 4 personnes,Evolène - Valais
11/11/2024,16/11/2024,23/11/2024,890.00,HRKZ0B1,40 m² Appartement ∙ 1 chambre ∙ 4 personnes,Grimentz - Valais
11/11/2024,23/11/2024,30/11/2024,890.00,HRKZ0B1,40 m² Appartement ∙ 1 chambre ∙ 4 personnes,Grimentz - Valais
11/11/2024,30/11/2024,07/12/2024,890.00,HRKZ0B1,40 m² Appartement ∙ 1 chambre ∙ 4 personnes,Grimentz - Valais
11/11/2024,07/12/2024,14/12/2024,890.00,HRKZ0B1,40 m² Appartement ∙ 1 chambre ∙ 4 personnes,Grimentz - Valais
11/11/2024,14/12/2024,21/12/2024,1509.00,HRKZ0B1,40 m² Appartement ∙ 1 chambre ∙ 4 personnes,Grimentz - Valais
11/11/2024,08/03/2025,15/03/2025,1509.00,HRKZ0B1,40 m² Appartement ∙ 1 chambre ∙ 4 personnes,Grimentz - Valais
11/11/2024,15/03/2025,22/03/2025,1509.00,HRKZ0B1,40 m² Appartement ∙ 1 chambre ∙ 4 personnes,Grimentz - Valais
11/11/2024,22/03/2025,29/03/2025,1509.00,HRKZ0B1,40 m² Appartement ∙ 1 chambre ∙ 4 personnes,Grimentz - Valais
11/11/2024,29/03/2025,05/04/2025,1509.00,HRKZ0B1,40 m² Appartement ∙ 1 chambre ∙ 4 personnes,Grimentz - Valais
11/11/2024,05/04/2025,12/04/2025,890.00,HRKZ0B1,40 m² Appartement ∙ 1 chambre ∙ 4 personnes,Grimentz - Valais
11/11/2024,12/04/2025,19/04/2025,890.00,HRKZ0B1,40 m² Appartement ∙ 1 chambre ∙ 4 personnes,Grimentz - Valais
11/11/2024,19/04/2025,26/04/2025,890.00,HRKZ0B1,40 m² Appartement ∙ 1 chambre ∙ 4 personnes,Grimentz - Valais
11/11/2024,26/04/2025,03/05/2025,890.00,HRKZ0B1,40 m² Appartement ∙ 1 chambre ∙ 4 personnes,Grimentz - Valais
11/11/2024,03/05/2025,10/05/2025,890.00,HRKZ0B1,40 m² Appartement ∙ 1 chambre ∙ 4 personnes,Grimentz - Valais
11/11/2024,10/05/2025,17/05/2025,890.00,HRKZ0B1,40 m² Appartement ∙ 1 chambre ∙ 4 personnes,Grimentz - Valais
11/11/2024,16/11/2024,23/11/2024,1482,HWYX7N4,Maison de vacances ∙ 4 chambres ∙ 7 personnes,Ayer - Valais
11/11/2024,23/11/2024,30/11/2024,1482,HWYX7N4,Maison de vacances ∙ 4 chambres ∙ 7 personnes,Ayer - Valais
11/11/2024,30/11/2024,07/12/2024,1595,HWYX7N4,Maison de vacances ∙ 4 chambres ∙ 7 personnes,Ayer - Valais
11/11/2024,07/12/2024,14/12/2024,1595,HWYX7N4,Maison de vacances ∙ 4 chambres ∙ 7 personnes,Ayer - Valais
11/11/2024,14/12/2024,21/12/2024,1595,HWYX7N4,Maison de vacances ∙ 4 chambres ∙ 7 personnes,Ayer - Valais
11/11/2024,21/12/2024,28/12/2024,1595,HWYX7N4,Maison de vacances ∙ 4 chambres ∙ 7 personnes,Ayer - Valais
11/11/2024,04/01/2025,11/01/2025,1595,HWYX7N4,Maison de vacances ∙ 4 chambres ∙ 7 personnes,Ayer - Valais
11/11/2024,11/01/2025,18/01/2025,1595,HWYX7N4,Maison de vacances ∙ 4 chambres ∙ 7 personnes,Ayer - Valais
11/11/2024,18/01/2025,25/01/2025,1595,HWYX7N4,Maison de vacances ∙ 4 chambres ∙ 7 personnes,Ayer - Valais
11/11/2024,25/01/2025,01/02/2025,1595,HWYX7N4,Maison de vacances ∙ 4 chambres ∙ 7 personnes,Ayer - Valais
11/11/2024,01/02/2025,08/02/2025,1595,HWYX7N4,Maison de vacances ∙ 4 chambres ∙ 7 personnes,Ayer - Valais
11/11/2024,01/03/2025,08/03/2025,1483,HWYX7N4,Maison de vacances ∙ 4 chambres ∙ 7 personnes,Ayer - Valais
11/11/2024,08/03/2025,15/03/2025,1483,HWYX7N4,Maison de vacances ∙ 4 chambres ∙ 7 personnes,Ayer - Valais
11/11/2024,15/03/2025,22/03/2025,1483,HWYX7N4,Maison de vacances ∙ 4 chambres ∙ 7 personnes,Ayer - Valais
11/11/2024,22/03/2025,29/03/2025,1483,HWYX7N4,Maison de vacances ∙ 4 chambres ∙ 7 personnes,Ayer - Valais
11/11/2024,29/03/2025,05/04/2025,1483,HWYX7N4,Maison de vacances ∙ 4 chambres ∙ 7 personnes,Ayer - Valais
11/11/2024,05/04/2025,12/04/2025,1483,HWYX7N4,Maison de vacances ∙ 4 chambres ∙ 7 personnes,Ayer - Valais
11/11/2024,12/04/2025,19/04/2025,1483,HWYX7N4,Maison de vacances ∙ 4 chambres ∙ 7 personnes,Ayer - Valais
11/11/2024,19/04/2025,26/04/2025,1483,HWYX7N4,Maison de vacances ∙ 4 chambres ∙ 7 personnes,Ayer - Valais
11/11/2024,26/04/2025,03/05/2025,1334,HWYX7N4,Maison de vacances ∙ 4 chambres ∙ 7 personnes,Ayer - Valais
11/11/2024,03/05/2025,10/05/2025,1334,HWYX7N4,Maison de vacances ∙ 4 chambres ∙ 7 personnes,Ayer - Valais
11/11/2024,10/05/2025,17/05/2025,1334,HWYX7N4,Maison de vacances ∙ 4 chambres ∙ 7 personnes,Ayer - Valais
11/11/2024,16/11/2024,23/11/2024,1159.53,HMJCS2Y,80 m² Chalet ∙ 3 chambres ∙ 6 personnes,Mission - Ayer - Valais
11/11/2024,23/11/2024,30/11/2024,1159.53,HMJCS2Y,80 m² Chalet ∙ 3 chambres ∙ 6 personnes,Mission - Ayer - Valais
11/11/2024,30/11/2024,07/12/2024,1159.53,HMJCS2Y,80 m² Chalet ∙ 3 chambres ∙ 6 personnes,Mission - Ayer - Valais
11/11/2024,07/12/2024,14/12/2024,1159.53,HMJCS2Y,80 m² Chalet ∙ 3 chambres ∙ 6 personnes,Mission - Ayer - Valais
11/11/2024,14/12/2024,21/12/2024,1387.19,HMJCS2Y,80 m² Chalet ∙ 3 chambres ∙ 6 personnes,Mission - Ayer - Valais
11/11/2024,21/12/2024,28/12/2024,2921.62,HMJCS2Y,80 m² Chalet ∙ 3 chambres ∙ 6 personnes,Mission - Ayer - Valais
11/11/2024,15/02/2025,22/02/2025,2921.62,HMJCS2Y,80 m² Chalet ∙ 3 chambres ∙ 6 personnes,Mission - Ayer - Valais
11/11/2024,08/03/2025,15/03/2025,2124.43,HMJCS2Y,80 m² Chalet ∙ 3 chambres ∙ 6 personnes,Mission - Ayer - Valais
11/11/2024,15/03/2025,22/03/2025,2029.48,HMJCS2Y,80 m² Chalet ∙ 3 chambres ∙ 6 personnes,Mission - Ayer - Valais
11/11/2024,22/03/2025,29/03/2025,1731.05,HMJCS2Y,80 m² Chalet ∙ 3 chambres ∙ 6 personnes,Mission - Ayer - Valais
11/11/2024,29/03/2025,05/04/2025,1821.84,HMJCS2Y,80 m² Chalet ∙ 3 chambres ∙ 6 personnes,Mission - Ayer - Valais
11/11/2024,05/04/2025,12/04/2025,2123.39,HMJCS2Y,80 m² Chalet ∙ 3 chambres ∙ 6 personnes,Mission - Ayer - Valais
11/11/2024,12/04/2025,19/04/2025,2288.25,HMJCS2Y,80 m² Chalet ∙ 3 chambres ∙ 6 personnes,Mission - Ayer - Valais
11/11/2024,19/04/2025,26/04/2025,1639.23,HMJCS2Y,80 m² Chalet ∙ 3 chambres ∙ 6 personnes,Mission - Ayer - Valais
11/11/2024,26/04/2025,03/05/2025,1592.27,HMJCS2Y,80 m² Chalet ∙ 3 chambres ∙ 6 personnes,Mission - Ayer - Valais
11/11/2024,03/05/2025,10/05/2025,1361.68,HMJCS2Y,80 m² Chalet ∙ 3 chambres ∙ 6 personnes,Mission - Ayer - Valais
11/11/2024,10/05/2025,17/05/2025,1383.59,HMJCS2Y,80 m² Chalet ∙ 3 chambres ∙ 6 personnes,Mission - Ayer - Valais
11/11/2024,16/11/2024,23/11/2024,3778,H9EH13K,Maison de vacances ∙ 5 chambres ∙ 10 personnes,Grimentz - Valais
11/11/2024,23/11/2024,30/11/2024,3778,H9EH13K,Maison de vacances ∙ 5 chambres ∙ 10 personnes,Grimentz - Valais
11/11/2024,30/11/2024,07/12/2024,3778,H9EH13K,Maison de vacances ∙ 5 chambres ∙ 10 personnes,Grimentz - Valais
11/11/2024,07/12/2024,14/12/2024,3990,H9EH13K,Maison de vacances ∙ 5 chambres ∙ 10 personnes,Grimentz - Valais
11/11/2024,14/12/2024,21/12/2024,5267,H9EH13K,Maison de vacances ∙ 5 chambres ∙ 10 personnes,Grimentz - Valais
11/11/2024,28/12/2024,04/01/2025,8955,H9EH13K,Maison de vacances ∙ 5 chambres ∙ 10 personnes,Grimentz - Valais
11/11/2024,04/01/2025,11/01/2025,4445,H9EH13K,Maison de vacances ∙ 5 chambres ∙ 10 personnes,Grimentz - Valais
11/11/2024,22/02/2025,01/03/2025,7647,H9EH13K,Maison de vacances ∙ 5 chambres ∙ 10 personnes,Grimentz - Valais
11/11/2024,01/03/2025,08/03/2025,7647,H9EH13K,Maison de vacances ∙ 5 chambres ∙ 10 personnes,Grimentz - Valais
11/11/2024,16/11/2024,23/11/2024,1373.00,H098YCP,100 m² Maison de vacances ∙ 3 chambres ∙ 6 personnes,Grimentz - Valais
11/11/2024,23/11/2024,30/11/2024,1373.00,H098YCP,100 m² Maison de vacances ∙ 3 chambres ∙ 6 personnes,Grimentz - Valais
11/11/2024,30/11/2024,07/12/2024,1373.00,H098YCP,100 m² Maison de vacances ∙ 3 chambres ∙ 6 personnes,Grimentz - Valais
11/11/2024,07/12/2024,14/12/2024,1373.00,H098YCP,100 m² Maison de vacances ∙ 3 chambres ∙ 6 personnes,Grimentz - Valais
11/11/2024,14/12/2024,21/12/2024,1600.00,H098YCP,100 m² Maison de vacances ∙ 3 chambres ∙ 6 personnes,Grimentz - Valais
11/11/2024,04/01/2025,11/01/2025,1600.00,H098YCP,100 m² Maison de vacances ∙ 3 chambres ∙ 6 personnes,Grimentz - Valais
11/11/2024,11/01/2025,18/01/2025,1600.00,H098YCP,100 m² Maison de vacances ∙ 3 chambres ∙ 6 personnes,Grimentz - Valais
11/11/2024,18/01/2025,25/01/2025,1600.00,H098YCP,100 m² Maison de vacances ∙ 3 chambres ∙ 6 personnes,Grimentz - Valais
11/11/2024,01/02/2025,08/02/2025,1790.00,H098YCP,100 m² Maison de vacances ∙ 3 chambres ∙ 6 personnes,Grimentz - Valais
11/11/2024,15/03/2025,22/03/2025,1600.00,H098YCP,100 m² Maison de vacances ∙ 3 chambres ∙ 6 personnes,Grimentz - Valais
11/11/2024,22/03/2025,29/03/2025,1600.00,H098YCP,100 m² Maison de vacances ∙ 3 chambres ∙ 6 personnes,Grimentz - Valais
11/11/2024,29/03/2025,05/04/2025,1600.00,H098YCP,100 m² Maison de vacances ∙ 3 chambres ∙ 6 personnes,Grimentz - Valais
11/11/2024,05/04/2025,12/04/2025,1373.00,H098YCP,100 m² Maison de vacances ∙ 3 chambres ∙ 6 personnes,Grimentz - Valais
11/11/2024,19/04/2025,26/04/2025,1373.00,H098YCP,100 m² Maison de vacances ∙ 3 chambres ∙ 6 personnes,Grimentz - Valais
11/11/2024,16/11/2024,23/11/2024,1275.61,HNRH8DZ,125 m² Maison de vacances ∙ 3 chambres ∙ 6 personnes,Saint-Luc - Valais
11/11/2024,23/11/2024,30/11/2024,1275.61,HNRH8DZ,125 m² Maison de vacances ∙ 3 chambres ∙ 6 personnes,Saint-Luc - Valais
11/11/2024,14/12/2024,21/12/2024,1504.04,HNRH8DZ,125 m² Maison de vacances ∙ 3 chambres ∙ 6 personnes,Saint-Luc - Valais
11/11/2024,03/05/2025,10/05/2025,1504.04,HNRH8DZ,125 m² Maison de vacances ∙ 3 chambres ∙ 6 personnes,Saint-Luc - Valais
11/11/2024,10/05/2025,17/05/2025,1504.04,HNRH8DZ,125 m² Maison de vacances ∙ 3 chambres ∙ 6 personnes,Saint-Luc - Valais
11/11/2024,16/11/2024,23/11/2024,1065.00,HHDFCVZ,180 m² Maison de vacances ∙ 3 chambres ∙ 8 personnes,Grimentz - Valais
11/11/2024,23/11/2024,30/11/2024,1426.00,HHDFCVZ,180 m² Maison de vacances ∙ 3 chambres ∙ 8 personnes,Grimentz - Valais
11/11/2024,30/11/2024,07/12/2024,1426.00,HHDFCVZ,180 m² Maison de vacances ∙ 3 chambres ∙ 8 personnes,Grimentz - Valais
11/11/2024,29/03/2025,05/04/2025,1881.00,HHDFCVZ,180 m² Maison de vacances ∙ 3 chambres ∙ 8 personnes,Grimentz - Valais
11/11/2024,26/04/2025,03/05/2025,1426.00,HHDFCVZ,180 m² Maison de vacances ∙ 3 chambres ∙ 8 personnes,Grimentz - Valais
11/11/2024,03/05/2025,10/05/2025,1426.00,HHDFCVZ,180 m² Maison de vacances ∙ 3 chambres ∙ 8 personnes,Grimentz - Valais
11/11/2024,10/05/2025,17/05/2025,1426.00,HHDFCVZ,180 m² Maison de vacances ∙ 3 chambres ∙ 8 personnes,Grimentz - Valais
11/11/2024,16/11/2024,23/11/2024,760.95,H5KF3BZ,Studio ∙ 1 chambre ∙ 2 personnes,Saint-Luc - Valais
11/11/2024,23/11/2024,30/11/2024,760.95,H5KF3BZ,Studio ∙ 1 chambre ∙ 2 personnes,Saint-Luc - Valais
11/11/2024,30/11/2024,07/12/2024,760.95,H5KF3BZ,Studio ∙ 1 chambre ∙ 2 personnes,Saint-Luc - Valais
11/11/2024,07/12/2024,14/12/2024,760.95,H5KF3BZ,Studio ∙ 1 chambre ∙ 2 personnes,Saint-Luc - Valais
11/11/2024,14/12/2024,21/12/2024,906.64,H5KF3BZ,Studio ∙ 1 chambre ∙ 2 personnes,Saint-Luc - Valais
11/11/2024,11/01/2025,18/01/2025,1015.33,H5KF3BZ,Studio ∙ 1 chambre ∙ 2 personnes,Saint-Luc - Valais
11/11/2024,18/01/2025,25/01/2025,1109.23,H5KF3BZ,Studio ∙ 1 chambre ∙ 2 personnes,Saint-Luc - Valais
11/11/2024,25/01/2025,01/02/2025,1341.92,H5KF3BZ,Studio ∙ 1 chambre ∙ 2 personnes,Saint-Luc - Valais
11/11/2024,01/02/2025,08/02/2025,1540.18,H5KF3BZ,Studio ∙ 1 chambre ∙ 2 personnes,Saint-Luc - Valais
11/11/2024,08/02/2025,15/02/2025,1720.69,H5KF3BZ,Studio ∙ 1 chambre ∙ 2 personnes,Saint-Luc - Valais
11/11/2024,15/02/2025,22/02/2025,1748.86,H5KF3BZ,Studio ∙ 1 chambre ∙ 2 personnes,Saint-Luc - Valais
11/11/2024,22/02/2025,01/03/2025,1748.86,H5KF3BZ,Studio ∙ 1 chambre ∙ 2 personnes,Saint-Luc - Valais
11/11/2024,01/03/2025,08/03/2025,1748.86,H5KF3BZ,Studio ∙ 1 chambre ∙ 2 personnes,Saint-Luc - Valais
11/11/2024,08/03/2025,15/03/2025,1283.49,H5KF3BZ,Studio ∙ 1 chambre ∙ 2 personnes,Saint-Luc - Valais
11/11/2024,15/03/2025,22/03/2025,1266.79,H5KF3BZ,Studio ∙ 1 chambre ∙ 2 personnes,Saint-Luc - Valais
11/11/2024,22/03/2025,29/03/2025,1051.85,H5KF3BZ,Studio ∙ 1 chambre ∙ 2 personnes,Saint-Luc - Valais
11/11/2024,29/03/2025,05/04/2025,1116.54,H5KF3BZ,Studio ∙ 1 chambre ∙ 2 personnes,Saint-Luc - Valais
11/11/2024,05/04/2025,12/04/2025,1161.41,H5KF3BZ,Studio ∙ 1 chambre ∙ 2 personnes,Saint-Luc - Valais
11/11/2024,12/04/2025,19/04/2025,1263.66,H5KF3BZ,Studio ∙ 1 chambre ∙ 2 personnes,Saint-Luc - Valais
11/11/2024,19/04/2025,26/04/2025,1050.80,H5KF3BZ,Studio ∙ 1 chambre ∙ 2 personnes,Saint-Luc - Valais
11/11/2024,26/04/2025,03/05/2025,955.85,H5KF3BZ,Studio ∙ 1 chambre ∙ 2 personnes,Saint-Luc - Valais
11/11/2024,03/05/2025,10/05/2025,956.90,H5KF3BZ,Studio ∙ 1 chambre ∙ 2 personnes,Saint-Luc - Valais
11/11/2024,10/05/2025,17/05/2025,862.98,H5KF3BZ,Studio ∙ 1 chambre ∙ 2 personnes,Saint-Luc - Valais
11/11/2024,16/11/2024,23/11/2024,532.15,H9TGUXN,40 m² Appartement ∙ 1 chambre ∙ 2 personnes,Grimentz - Valais
11/11/2024,23/11/2024,30/11/2024,532.15,H9TGUXN,40 m² Appartement ∙ 1 chambre ∙ 2 personnes,Grimentz - Valais
11/11/2024,30/11/2024,07/12/2024,532.15,H9TGUXN,40 m² Appartement ∙ 1 chambre ∙ 2 personnes,Grimentz - Valais
11/11/2024,04/01/2025,11/01/2025,1460.81,H9TGUXN,40 m² Appartement ∙ 1 chambre ∙ 2 personnes,Grimentz - Valais
11/11/2024,25/01/2025,01/02/2025,976.66,H9TGUXN,40 m² Appartement ∙ 1 chambre ∙ 2 personnes,Grimentz - Valais
11/11/2024,15/03/2025,22/03/2025,877.53,H9TGUXN,40 m² Appartement ∙ 1 chambre ∙ 2 personnes,Grimentz - Valais
11/11/2024,22/03/2025,29/03/2025,765.88,H9TGUXN,40 m² Appartement ∙ 1 chambre ∙ 2 personnes,Grimentz - Valais
11/11/2024,29/03/2025,05/04/2025,794.06,H9TGUXN,40 m² Appartement ∙ 1 chambre ∙ 2 personnes,Grimentz - Valais
11/11/2024,05/04/2025,12/04/2025,853.54,H9TGUXN,40 m² Appartement ∙ 1 chambre ∙ 2 personnes,Grimentz - Valais
11/11/2024,12/04/2025,19/04/2025,859.79,H9TGUXN,40 m² Appartement ∙ 1 chambre ∙ 2 personnes,Grimentz - Valais
11/11/2024,19/04/2025,26/04/2025,716.84,H9TGUXN,40 m² Appartement ∙ 1 chambre ∙ 2 personnes,Grimentz - Valais
11/11/2024,10/05/2025,17/05/2025,583.28,H9TGUXN,40 m² Appartement ∙ 1 chambre ∙ 2 personnes,Grimentz - Valais
11/11/2024,16/11/2024,23/11/2024,2133.84,HK1XFSW,65 m² Maison de vacances ∙ 2 chambres ∙ 5 personnes,Grimentz - Valais
11/11/2024,23/11/2024,30/11/2024,2133.84,HK1XFSW,65 m² Maison de vacances ∙ 2 chambres ∙ 5 personnes,Grimentz - Valais
11/11/2024,30/11/2024,07/12/2024,2133.84,HK1XFSW,65 m² Maison de vacances ∙ 2 chambres ∙ 5 personnes,Grimentz - Valais
11/11/2024,07/12/2024,14/12/2024,2133.84,HK1XFSW,65 m² Maison de vacances ∙ 2 chambres ∙ 5 personnes,Grimentz - Valais
11/11/2024,14/12/2024,21/12/2024,2133.84,HK1XFSW,65 m² Maison de vacances ∙ 2 chambres ∙ 5 personnes,Grimentz - Valais
11/11/2024,21/12/2024,28/12/2024,2507.45,HK1XFSW,65 m² Maison de vacances ∙ 2 chambres ∙ 5 personnes,Grimentz - Valais
11/11/2024,11/01/2025,18/01/2025,2133.84,HK1XFSW,65 m² Maison de vacances ∙ 2 chambres ∙ 5 personnes,Grimentz - Valais
11/11/2024,15/03/2025,22/03/2025,2507.45,HK1XFSW,65 m² Maison de vacances ∙ 2 chambres ∙ 5 personnes,Grimentz - Valais
11/11/2024,22/03/2025,29/03/2025,2507.45,HK1XFSW,65 m² Maison de vacances ∙ 2 chambres ∙ 5 personnes,Grimentz - Valais
11/11/2024,29/03/2025,05/04/2025,2507.45,HK1XFSW,65 m² Maison de vacances ∙ 2 chambres ∙ 5 personnes,Grimentz - Valais
11/11/2024,30/11/2024,07/12/2024,2254.20,HF3GKWL,47 m² Appartement ∙ 1 chambre ∙ 2 personnes,Grimentz - Valais
11/11/2024,07/12/2024,14/12/2024,2254.20,HF3GKWL,47 m² Appartement ∙ 1 chambre ∙ 2 personnes,Grimentz - Valais
11/11/2024,14/12/2024,21/12/2024,2769.41,HF3GKWL,47 m² Appartement ∙ 1 chambre ∙ 2 personnes,Grimentz - Valais
11/11/2024,21/12/2024,28/12/2024,2769.41,HF3GKWL,47 m² Appartement ∙ 1 chambre ∙ 2 personnes,Grimentz - Valais
11/11/2024,04/01/2025,11/01/2025,2594.60,HF3GKWL,47 m² Appartement ∙ 1 chambre ∙ 2 personnes,Grimentz - Valais
11/11/2024,11/01/2025,18/01/2025,2594.60,HF3GKWL,47 m² Appartement ∙ 1 chambre ∙ 2 personnes,Grimentz - Valais
11/11/2024,08/02/2025,15/02/2025,2769.41,HF3GKWL,47 m² Appartement ∙ 1 chambre ∙ 2 personnes,Grimentz - Valais
11/11/2024,22/02/2025,01/03/2025,2769.41,HF3GKWL,47 m² Appartement ∙ 1 chambre ∙ 2 personnes,Grimentz - Valais
11/11/2024,08/02/2025,15/02/2025,14207.81,HB795XG,244 m² Chalet ∙ 5 chambres ∙ 10 personnes,Grimentz - Valais
11/11/2024,15/02/2025,22/02/2025,14207.81,HB795XG,244 m² Chalet ∙ 5 chambres ∙ 10 personnes,Grimentz - Valais
11/11/2024,22/02/2025,01/03/2025,14207.81,HB795XG,244 m² Chalet ∙ 5 chambres ∙ 10 personnes,Grimentz - Valais
11/11/2024,16/11/2024,23/11/2024,3002.86,H7RM4CV,116 m² Chalet ∙ 2 chambres ∙ 4 personnes,Grimentz - Valais
11/11/2024,23/11/2024,30/11/2024,3116.97,H7RM4CV,116 m² Chalet ∙ 2 chambres ∙ 4 personnes,Grimentz - Valais
11/11/2024,30/11/2024,07/12/2024,3002.86,H7RM4CV,116 m² Chalet ∙ 2 chambres ∙ 4 personnes,Grimentz - Valais
11/11/2024,07/12/2024,14/12/2024,3116.97,H7RM4CV,116 m² Chalet ∙ 2 chambres ∙ 4 personnes,Grimentz - Valais
11/11/2024,14/12/2024,21/12/2024,4202.97,H7RM4CV,116 m² Chalet ∙ 2 chambres ∙ 4 personnes,Grimentz - Valais
11/11/2024,04/01/2025,11/01/2025,4153.46,H7RM4CV,116 m² Chalet ∙ 2 chambres ∙ 4 personnes,Grimentz - Valais
11/11/2024,01/02/2025,08/02/2025,4153.46,H7RM4CV,116 m² Chalet ∙ 2 chambres ∙ 4 personnes,Grimentz - Valais
11/11/2024,08/02/2025,15/02/2025,5609.47,H7RM4CV,116 m² Chalet ∙ 2 chambres ∙ 4 personnes,Grimentz - Valais
11/11/2024,22/02/2025,01/03/2025,5609.47,H7RM4CV,116 m² Chalet ∙ 2 chambres ∙ 4 personnes,Grimentz - Valais
11/11/2024,01/03/2025,08/03/2025,5404.11,H7RM4CV,116 m² Chalet ∙ 2 chambres ∙ 4 personnes,Grimentz - Valais
11/11/2024,15/03/2025,22/03/2025,3984.95,H7RM4CV,116 m² Chalet ∙ 2 chambres ∙ 4 personnes,Grimentz - Valais
11/11/2024,22/03/2025,29/03/2025,3984.95,H7RM4CV,116 m² Chalet ∙ 2 chambres ∙ 4 personnes,Grimentz - Valais
11/11/2024,29/03/2025,05/04/2025,3984.95,H7RM4CV,116 m² Chalet ∙ 2 chambres ∙ 4 personnes,Grimentz - Valais
11/11/2024,05/04/2025,12/04/2025,3984.95,H7RM4CV,116 m² Chalet ∙ 2 chambres ∙ 4 personnes,Grimentz - Valais
11/11/2024,12/04/2025,19/04/2025,4136.38,H7RM4CV,116 m² Chalet ∙ 2 chambres ∙ 4 personnes,Grimentz - Valais
11/11/2024,19/04/2025,26/04/2025,4202.97,H7RM4CV,116 m² Chalet ∙ 2 chambres ∙ 4 personnes,Grimentz - Valais
11/11/2024,16/11/2024,23/11/2024,3477.97,H4RNLKH,116 m² Appartement ∙ 2 chambres ∙ 5 personnes,Grimentz - Valais
11/11/2024,23/11/2024,30/11/2024,3610.13,H4RNLKH,116 m² Appartement ∙ 2 chambres ∙ 5 personnes,Grimentz - Valais
11/11/2024,14/12/2024,21/12/2024,5022.58,H4RNLKH,116 m² Appartement ∙ 2 chambres ∙ 5 personnes,Grimentz - Valais
11/11/2024,08/02/2025,15/02/2025,6440.71,H4RNLKH,116 m² Appartement ∙ 2 chambres ∙ 5 personnes,Grimentz - Valais
11/11/2024,15/03/2025,22/03/2025,4543.36,H4RNLKH,116 m² Appartement ∙ 2 chambres ∙ 5 personnes,Grimentz - Valais
11/11/2024,30/11/2024,07/12/2024,5404.11,H41PXJD,207 m² Chalet ∙ 5 chambres ∙ 11 personnes,Grimentz - Valais
11/11/2024,07/12/2024,14/12/2024,5404.11,H41PXJD,207 m² Chalet ∙ 5 chambres ∙ 11 personnes,Grimentz - Valais
11/11/2024,14/12/2024,21/12/2024,9006.51,H41PXJD,207 m² Chalet ∙ 5 chambres ∙ 11 personnes,Grimentz - Valais
11/11/2024,21/12/2024,28/12/2024,12608.91,H41PXJD,207 m² Chalet ∙ 5 chambres ∙ 11 personnes,Grimentz - Valais
11/11/2024,15/02/2025,22/02/2025,12608.91,H41PXJD,207 m² Chalet ∙ 5 chambres ∙ 11 personnes,Grimentz - Valais
11/11/2024,22/02/2025,01/03/2025,12608.91,H41PXJD,207 m² Chalet ∙ 5 chambres ∙ 11 personnes,Grimentz - Valais
11/11/2024,12/04/2025,19/04/2025,7707.68,H41PXJD,207 m² Chalet ∙ 5 chambres ∙ 11 personnes,Grimentz - Valais
11/11/2024,19/04/2025,26/04/2025,9006.51,H41PXJD,207 m² Chalet ∙ 5 chambres ∙ 11 personnes,Grimentz - Valais
11/11/2024,16/11/2024,23/11/2024,6458.10,HXJP5AC,236 m² Appartement ∙ 5 chambres ∙ 10 personnes,Grimentz - Valais
11/11/2024,23/11/2024,30/11/2024,6221.68,HXJP5AC,236 m² Appartement ∙ 5 chambres ∙ 10 personnes,Grimentz - Valais
11/11/2024,30/11/2024,07/12/2024,6221.68,HXJP5AC,236 m² Appartement ∙ 5 chambres ∙ 10 personnes,Grimentz - Valais
11/11/2024,14/12/2024,21/12/2024,10576.84,HXJP5AC,236 m² Appartement ∙ 5 chambres ∙ 10 personnes,Grimentz - Valais
11/11/2024,08/02/2025,15/02/2025,14207.81,HXJP5AC,236 m² Appartement ∙ 5 chambres ∙ 10 personnes,Grimentz - Valais
11/11/2024,15/02/2025,22/02/2025,13687.68,HXJP5AC,236 m² Appartement ∙ 5 chambres ∙ 10 personnes,Grimentz - Valais
11/11/2024,22/02/2025,01/03/2025,13687.68,HXJP5AC,236 m² Appartement ∙ 5 chambres ∙ 10 personnes,Grimentz - Valais
11/11/2024,01/03/2025,08/03/2025,13687.68,HXJP5AC,236 m² Appartement ∙ 5 chambres ∙ 10 personnes,Grimentz - Valais
11/11/2024,08/03/2025,15/03/2025,8246.54,HXJP5AC,236 m² Appartement ∙ 5 chambres ∙ 10 personnes,Grimentz - Valais
11/11/2024,29/03/2025,05/04/2025,8246.54,HXJP5AC,236 m² Appartement ∙ 5 chambres ∙ 10 personnes,Grimentz - Valais
11/11/2024,05/04/2025,12/04/2025,8246.54,HXJP5AC,236 m² Appartement ∙ 5 chambres ∙ 10 personnes,Grimentz - Valais
11/11/2024,12/04/2025,19/04/2025,8246.54,HXJP5AC,236 m² Appartement ∙ 5 chambres ∙ 10 personnes,Grimentz - Valais
11/11/2024,19/04/2025,26/04/2025,10576.84,HXJP5AC,236 m² Appartement ∙ 5 chambres ∙ 10 personnes,Grimentz - Valais
11/11/2024,15/02/2025,22/02/2025,13065.51,H4YT38U,244 m² Appartement ∙ 4 chambres ∙ 12 personnes,Grimentz - Valais
11/11/2024,05/04/2025,12/04/2025,8289.85,H4YT38U,244 m² Appartement ∙ 4 chambres ∙ 12 personnes,Grimentz - Valais
11/11/2024,12/04/2025,19/04/2025,8289.85,H4YT38U,244 m² Appartement ∙ 4 chambres ∙ 12 personnes,Grimentz - Valais
11/11/2024,19/04/2025,26/04/2025,9687.14,H4YT38U,244 m² Appartement ∙ 4 chambres ∙ 12 personnes,Grimentz - Valais
11/11/2024,16/11/2024,23/11/2024,1193.00,H5VC3WM,180 m² Villa ∙ 1 chambre ∙ 8 personnes,Grimentz - Valais
11/11/2024,23/11/2024,30/11/2024,1598.00,H5VC3WM,180 m² Villa ∙ 1 chambre ∙ 8 personnes,Grimentz - Valais
11/11/2024,30/11/2024,07/12/2024,1598.00,H5VC3WM,180 m² Villa ∙ 1 chambre ∙ 8 personnes,Grimentz - Valais
11/11/2024,29/03/2025,05/04/2025,2107.00,H5VC3WM,180 m² Villa ∙ 1 chambre ∙ 8 personnes,Grimentz - Valais
11/11/2024,26/04/2025,03/05/2025,1598.00,H5VC3WM,180 m² Villa ∙ 1 chambre ∙ 8 personnes,Grimentz - Valais
11/11/2024,03/05/2025,10/05/2025,1598.00,H5VC3WM,180 m² Villa ∙ 1 chambre ∙ 8 personnes,Grimentz - Valais
11/11/2024,10/05/2025,17/05/2025,1598.00,H5VC3WM,180 m² Villa ∙ 1 chambre ∙ 8 personnes,Grimentz - Valais
11/11/2024,30/11/2024,07/12/2024,5795.74,H57SDUL,246 m² Appartement ∙ 4 chambres ∙ 11 personnes,Grimentz - Valais
11/11/2024,07/12/2024,14/12/2024,6015.98,H57SDUL,246 m² Appartement ∙ 4 chambres ∙ 11 personnes,Grimentz - Valais
11/11/2024,14/12/2024,21/12/2024,10026.27,H57SDUL,246 m² Appartement ∙ 4 chambres ∙ 11 personnes,Grimentz - Valais
11/11/2024,21/12/2024,28/12/2024,14036.57,H57SDUL,246 m² Appartement ∙ 4 chambres ∙ 11 personnes,Grimentz - Valais
11/11/2024,08/02/2025,15/02/2025,14036.57,H57SDUL,246 m² Appartement ∙ 4 chambres ∙ 11 personnes,Grimentz - Valais
11/11/2024,15/02/2025,22/02/2025,14036.57,H57SDUL,246 m² Appartement ∙ 4 chambres ∙ 11 personnes,Grimentz - Valais
11/11/2024,01/03/2025,08/03/2025,14036.57,H57SDUL,246 m² Appartement ∙ 4 chambres ∙ 11 personnes,Grimentz - Valais
11/11/2024,29/03/2025,05/04/2025,8265.82,H57SDUL,246 m² Appartement ∙ 4 chambres ∙ 11 personnes,Grimentz - Valais
11/11/2024,05/04/2025,12/04/2025,8265.82,H57SDUL,246 m² Appartement ∙ 4 chambres ∙ 11 personnes,Grimentz - Valais
11/11/2024,16/11/2024,23/11/2024,4262.21,HYKL9UG,126 m² Appartement ∙ 3 chambres ∙ 8 personnes,Grimentz - Valais
11/11/2024,23/11/2024,30/11/2024,4262.21,HYKL9UG,126 m² Appartement ∙ 3 chambres ∙ 8 personnes,Grimentz - Valais
11/11/2024,30/11/2024,07/12/2024,4262.21,HYKL9UG,126 m² Appartement ∙ 3 chambres ∙ 8 personnes,Grimentz - Valais
11/11/2024,07/12/2024,14/12/2024,4106.17,HYKL9UG,126 m² Appartement ∙ 3 chambres ∙ 8 personnes,Grimentz - Valais
11/11/2024,14/12/2024,21/12/2024,6457.89,HYKL9UG,126 m² Appartement ∙ 3 chambres ∙ 8 personnes,Grimentz - Valais
11/11/2024,21/12/2024,28/12/2024,8395.25,HYKL9UG,126 m² Appartement ∙ 3 chambres ∙ 8 personnes,Grimentz - Valais
11/11/2024,04/01/2025,11/01/2025,5788.62,HYKL9UG,126 m² Appartement ∙ 3 chambres ∙ 8 personnes,Grimentz - Valais
11/11/2024,11/01/2025,18/01/2025,5788.62,HYKL9UG,126 m² Appartement ∙ 3 chambres ∙ 8 personnes,Grimentz - Valais
11/11/2024,08/02/2025,15/02/2025,8395.25,HYKL9UG,126 m² Appartement ∙ 3 chambres ∙ 8 personnes,Grimentz - Valais
11/11/2024,08/03/2025,15/03/2025,5995.24,HYKL9UG,126 m² Appartement ∙ 3 chambres ∙ 8 personnes,Grimentz - Valais
11/11/2024,15/03/2025,22/03/2025,5995.24,HYKL9UG,126 m² Appartement ∙ 3 chambres ∙ 8 personnes,Grimentz - Valais
11/11/2024,22/03/2025,29/03/2025,5995.24,HYKL9UG,126 m² Appartement ∙ 3 chambres ∙ 8 personnes,Grimentz - Valais
11/11/2024,12/04/2025,19/04/2025,6223.06,HYKL9UG,126 m² Appartement ∙ 3 chambres ∙ 8 personnes,Grimentz - Valais
11/11/2024,19/04/2025,26/04/2025,6457.89,HYKL9UG,126 m² Appartement ∙ 3 chambres ∙ 8 personnes,Grimentz - Valais
11/11/2024,26/04/2025,03/05/2025,129.16,HYKL9UG,126 m² Appartement ∙ 3 chambres ∙ 8 personnes,Grimentz - Valais
