date_scrap,date_debut,date_fin,price,identifiant,typologie,nom
26/08/2024,31/08/2024,07/09/2024,382.72,HYCZGU9,75 m² Appartement ∙ 1 chambre ∙ 7 personnes,Loèche-les-Bains - Valais
26/08/2024,29/03/2025,05/04/2025,420.78,HYCZGU9,75 m² Appartement ∙ 1 chambre ∙ 7 personnes,Loèche-les-Bains - Valais
26/08/2024,05/04/2025,12/04/2025,420.78,HYCZGU9,75 m² Appartement ∙ 1 chambre ∙ 7 personnes,Loèche-les-Bains - Valais
26/08/2024,12/04/2025,19/04/2025,420.78,HYCZGU9,75 m² Appartement ∙ 1 chambre ∙ 7 personnes,Loèche-les-Bains - Valais
26/08/2024,19/04/2025,26/04/2025,420.66,HYCZGU9,75 m² Appartement ∙ 1 chambre ∙ 7 personnes,Loèche-les-Bains - Valais
26/08/2024,26/04/2025,03/05/2025,420.66,HYCZGU9,75 m² Appartement ∙ 1 chambre ∙ 7 personnes,Loèche-les-Bains - Valais
26/08/2024,03/05/2025,10/05/2025,420.78,HYCZGU9,75 m² Appartement ∙ 1 chambre ∙ 7 personnes,Loèche-les-Bains - Valais
26/08/2024,10/05/2025,17/05/2025,420.78,HYCZGU9,75 m² Appartement ∙ 1 chambre ∙ 7 personnes,Loèche-les-Bains - Valais
26/08/2024,31/08/2024,07/09/2024,838.37,HVGJZ2T,55 m² Maison de vacances ∙ 2 chambres ∙ 6 personnes,Termen - Valais
26/08/2024,28/09/2024,05/10/2024,571.95,HS0RV8M,18 m² Appartement ∙ 1 chambre ∙ 2 personnes,Saas Fee - Valais
26/08/2024,05/10/2024,12/10/2024,571.79,HS0RV8M,18 m² Appartement ∙ 1 chambre ∙ 2 personnes,Saas Fee - Valais
26/08/2024,12/10/2024,19/10/2024,472.44,HS0RV8M,18 m² Appartement ∙ 1 chambre ∙ 2 personnes,Saas Fee - Valais
26/08/2024,26/10/2024,02/11/2024,832.03,HX3MWS6,60 m² Maison de vacances ∙ 2 chambres ∙ 7 personnes,Mase - Valais
26/08/2024,02/11/2024,09/11/2024,832.03,HX3MWS6,60 m² Maison de vacances ∙ 2 chambres ∙ 7 personnes,Mase - Valais
26/08/2024,09/11/2024,16/11/2024,832.03,HX3MWS6,60 m² Maison de vacances ∙ 2 chambres ∙ 7 personnes,Mase - Valais
26/08/2024,16/11/2024,23/11/2024,832.03,HX3MWS6,60 m² Maison de vacances ∙ 2 chambres ∙ 7 personnes,Mase - Valais
26/08/2024,23/11/2024,30/11/2024,832.03,HX3MWS6,60 m² Maison de vacances ∙ 2 chambres ∙ 7 personnes,Mase - Valais
26/08/2024,30/11/2024,07/12/2024,832.03,HX3MWS6,60 m² Maison de vacances ∙ 2 chambres ∙ 7 personnes,Mase - Valais
26/08/2024,07/12/2024,14/12/2024,832.03,HX3MWS6,60 m² Maison de vacances ∙ 2 chambres ∙ 7 personnes,Mase - Valais
26/08/2024,14/12/2024,21/12/2024,832.03,HX3MWS6,60 m² Maison de vacances ∙ 2 chambres ∙ 7 personnes,Mase - Valais
26/08/2024,21/12/2024,28/12/2024,1288.75,HX3MWS6,60 m² Maison de vacances ∙ 2 chambres ∙ 7 personnes,Mase - Valais
26/08/2024,04/01/2025,11/01/2025,832.03,HX3MWS6,60 m² Maison de vacances ∙ 2 chambres ∙ 7 personnes,Mase - Valais
26/08/2024,11/01/2025,18/01/2025,832.03,HX3MWS6,60 m² Maison de vacances ∙ 2 chambres ∙ 7 personnes,Mase - Valais
26/08/2024,15/03/2025,22/03/2025,832.03,HX3MWS6,60 m² Maison de vacances ∙ 2 chambres ∙ 7 personnes,Mase - Valais
26/08/2024,22/03/2025,29/03/2025,831.80,HX3MWS6,60 m² Maison de vacances ∙ 2 chambres ∙ 7 personnes,Mase - Valais
26/08/2024,29/03/2025,05/04/2025,832.03,HX3MWS6,60 m² Maison de vacances ∙ 2 chambres ∙ 7 personnes,Mase - Valais
26/08/2024,05/04/2025,12/04/2025,832.03,HX3MWS6,60 m² Maison de vacances ∙ 2 chambres ∙ 7 personnes,Mase - Valais
26/08/2024,12/04/2025,19/04/2025,832.03,HX3MWS6,60 m² Maison de vacances ∙ 2 chambres ∙ 7 personnes,Mase - Valais
26/08/2024,19/04/2025,26/04/2025,832.03,HX3MWS6,60 m² Maison de vacances ∙ 2 chambres ∙ 7 personnes,Mase - Valais
26/08/2024,26/04/2025,03/05/2025,832.03,HX3MWS6,60 m² Maison de vacances ∙ 2 chambres ∙ 7 personnes,Mase - Valais
26/08/2024,03/05/2025,10/05/2025,832.03,HX3MWS6,60 m² Maison de vacances ∙ 2 chambres ∙ 7 personnes,Mase - Valais
26/08/2024,10/05/2025,17/05/2025,831.80,HX3MWS6,60 m² Maison de vacances ∙ 2 chambres ∙ 7 personnes,Mase - Valais
26/08/2024,31/08/2024,07/09/2024,426.06,HX0HYMV,76 m² Appartement ∙ 2 chambres ∙ 6 personnes,Eischoll - Valais
26/08/2024,14/09/2024,21/09/2024,425.93,HX0HYMV,76 m² Appartement ∙ 2 chambres ∙ 6 personnes,Eischoll - Valais
26/08/2024,28/09/2024,05/10/2024,425.93,HX0HYMV,76 m² Appartement ∙ 2 chambres ∙ 6 personnes,Eischoll - Valais
26/08/2024,05/10/2024,12/10/2024,426.06,HX0HYMV,76 m² Appartement ∙ 2 chambres ∙ 6 personnes,Eischoll - Valais
26/08/2024,12/10/2024,19/10/2024,420.78,HX0HYMV,76 m² Appartement ∙ 2 chambres ∙ 6 personnes,Eischoll - Valais
26/08/2024,26/10/2024,02/11/2024,387.88,HX0HYMV,76 m² Appartement ∙ 2 chambres ∙ 6 personnes,Eischoll - Valais
26/08/2024,02/11/2024,09/11/2024,387.88,HX0HYMV,76 m² Appartement ∙ 2 chambres ∙ 6 personnes,Eischoll - Valais
26/08/2024,09/11/2024,16/11/2024,387.88,HX0HYMV,76 m² Appartement ∙ 2 chambres ∙ 6 personnes,Eischoll - Valais
26/08/2024,16/11/2024,23/11/2024,349.83,HX0HYMV,76 m² Appartement ∙ 2 chambres ∙ 6 personnes,Eischoll - Valais
26/08/2024,23/11/2024,30/11/2024,349.83,HX0HYMV,76 m² Appartement ∙ 2 chambres ∙ 6 personnes,Eischoll - Valais
26/08/2024,30/11/2024,07/12/2024,349.94,HX0HYMV,76 m² Appartement ∙ 2 chambres ∙ 6 personnes,Eischoll - Valais
26/08/2024,07/12/2024,14/12/2024,349.83,HX0HYMV,76 m² Appartement ∙ 2 chambres ∙ 6 personnes,Eischoll - Valais
26/08/2024,14/12/2024,21/12/2024,349.94,HX0HYMV,76 m² Appartement ∙ 2 chambres ∙ 6 personnes,Eischoll - Valais
26/08/2024,04/01/2025,11/01/2025,540.08,HX0HYMV,76 m² Appartement ∙ 2 chambres ∙ 6 personnes,Eischoll - Valais
26/08/2024,11/01/2025,18/01/2025,349.94,HX0HYMV,76 m² Appartement ∙ 2 chambres ∙ 6 personnes,Eischoll - Valais
26/08/2024,18/01/2025,25/01/2025,349.94,HX0HYMV,76 m² Appartement ∙ 2 chambres ∙ 6 personnes,Eischoll - Valais
26/08/2024,15/02/2025,22/02/2025,1373.33,HX0HYMV,76 m² Appartement ∙ 2 chambres ∙ 6 personnes,Eischoll - Valais
26/08/2024,22/02/2025,01/03/2025,1166.11,HX0HYMV,76 m² Appartement ∙ 2 chambres ∙ 6 personnes,Eischoll - Valais
26/08/2024,28/09/2024,05/10/2024,724.19,H7J8G2S,65 m² Maison de vacances ∙ 2 chambres ∙ 4 personnes,Albinen - Valais
26/08/2024,19/10/2024,26/10/2024,724.19,H7J8G2S,65 m² Maison de vacances ∙ 2 chambres ∙ 4 personnes,Albinen - Valais
26/08/2024,26/10/2024,02/11/2024,723.99,H7J8G2S,65 m² Maison de vacances ∙ 2 chambres ∙ 4 personnes,Albinen - Valais
26/08/2024,02/11/2024,09/11/2024,723.99,H7J8G2S,65 m² Maison de vacances ∙ 2 chambres ∙ 4 personnes,Albinen - Valais
26/08/2024,09/11/2024,16/11/2024,724.19,H7J8G2S,65 m² Maison de vacances ∙ 2 chambres ∙ 4 personnes,Albinen - Valais
26/08/2024,16/11/2024,23/11/2024,724.19,H7J8G2S,65 m² Maison de vacances ∙ 2 chambres ∙ 4 personnes,Albinen - Valais
26/08/2024,23/11/2024,30/11/2024,724.19,H7J8G2S,65 m² Maison de vacances ∙ 2 chambres ∙ 4 personnes,Albinen - Valais
26/08/2024,30/11/2024,07/12/2024,724.19,H7J8G2S,65 m² Maison de vacances ∙ 2 chambres ∙ 4 personnes,Albinen - Valais
26/08/2024,07/12/2024,14/12/2024,724.19,H7J8G2S,65 m² Maison de vacances ∙ 2 chambres ∙ 4 personnes,Albinen - Valais
26/08/2024,14/12/2024,21/12/2024,724.19,H7J8G2S,65 m² Maison de vacances ∙ 2 chambres ∙ 4 personnes,Albinen - Valais
26/08/2024,21/12/2024,28/12/2024,833.09,H7J8G2S,65 m² Maison de vacances ∙ 2 chambres ∙ 4 personnes,Albinen - Valais
26/08/2024,04/01/2025,11/01/2025,754.85,H7J8G2S,65 m² Maison de vacances ∙ 2 chambres ∙ 4 personnes,Albinen - Valais
26/08/2024,11/01/2025,18/01/2025,754.85,H7J8G2S,65 m² Maison de vacances ∙ 2 chambres ∙ 4 personnes,Albinen - Valais
26/08/2024,18/01/2025,25/01/2025,754.64,H7J8G2S,65 m² Maison de vacances ∙ 2 chambres ∙ 4 personnes,Albinen - Valais
26/08/2024,01/02/2025,08/02/2025,754.85,H7J8G2S,65 m² Maison de vacances ∙ 2 chambres ∙ 4 personnes,Albinen - Valais
26/08/2024,08/02/2025,15/02/2025,754.85,H7J8G2S,65 m² Maison de vacances ∙ 2 chambres ∙ 4 personnes,Albinen - Valais
26/08/2024,08/03/2025,15/03/2025,754.85,H7J8G2S,65 m² Maison de vacances ∙ 2 chambres ∙ 4 personnes,Albinen - Valais
26/08/2024,15/03/2025,22/03/2025,754.85,H7J8G2S,65 m² Maison de vacances ∙ 2 chambres ∙ 4 personnes,Albinen - Valais
26/08/2024,22/03/2025,29/03/2025,754.64,H7J8G2S,65 m² Maison de vacances ∙ 2 chambres ∙ 4 personnes,Albinen - Valais
26/08/2024,29/03/2025,05/04/2025,754.85,H7J8G2S,65 m² Maison de vacances ∙ 2 chambres ∙ 4 personnes,Albinen - Valais
26/08/2024,05/04/2025,12/04/2025,754.64,H7J8G2S,65 m² Maison de vacances ∙ 2 chambres ∙ 4 personnes,Albinen - Valais
26/08/2024,26/04/2025,03/05/2025,754.64,H7J8G2S,65 m² Maison de vacances ∙ 2 chambres ∙ 4 personnes,Albinen - Valais
26/08/2024,03/05/2025,10/05/2025,754.85,H7J8G2S,65 m² Maison de vacances ∙ 2 chambres ∙ 4 personnes,Albinen - Valais
26/08/2024,10/05/2025,17/05/2025,754.85,H7J8G2S,65 m² Maison de vacances ∙ 2 chambres ∙ 4 personnes,Albinen - Valais
26/08/2024,31/08/2024,07/09/2024,1280.29,HV8HA9U,120 m² Maison de vacances ∙ 3 chambres ∙ 6 personnes,Ayent - Valais
26/08/2024,07/09/2024,14/09/2024,1279.93,HV8HA9U,120 m² Maison de vacances ∙ 3 chambres ∙ 6 personnes,Ayent - Valais
26/08/2024,21/09/2024,28/09/2024,1280.29,HV8HA9U,120 m² Maison de vacances ∙ 3 chambres ∙ 6 personnes,Ayent - Valais
26/08/2024,05/10/2024,12/10/2024,1506.54,HV8HA9U,120 m² Maison de vacances ∙ 3 chambres ∙ 6 personnes,Ayent - Valais
26/08/2024,12/10/2024,19/10/2024,1506.54,HV8HA9U,120 m² Maison de vacances ∙ 3 chambres ∙ 6 personnes,Ayent - Valais
26/08/2024,19/10/2024,26/10/2024,1506.54,HV8HA9U,120 m² Maison de vacances ∙ 3 chambres ∙ 6 personnes,Ayent - Valais
26/08/2024,26/10/2024,02/11/2024,1279.93,HV8HA9U,120 m² Maison de vacances ∙ 3 chambres ∙ 6 personnes,Ayent - Valais
26/08/2024,02/11/2024,09/11/2024,1279.93,HV8HA9U,120 m² Maison de vacances ∙ 3 chambres ∙ 6 personnes,Ayent - Valais
26/08/2024,09/11/2024,16/11/2024,1279.93,HV8HA9U,120 m² Maison de vacances ∙ 3 chambres ∙ 6 personnes,Ayent - Valais
26/08/2024,16/11/2024,23/11/2024,1280.29,HV8HA9U,120 m² Maison de vacances ∙ 3 chambres ∙ 6 personnes,Ayent - Valais
26/08/2024,23/11/2024,30/11/2024,1279.93,HV8HA9U,120 m² Maison de vacances ∙ 3 chambres ∙ 6 personnes,Ayent - Valais
26/08/2024,30/11/2024,07/12/2024,1279.93,HV8HA9U,120 m² Maison de vacances ∙ 3 chambres ∙ 6 personnes,Ayent - Valais
26/08/2024,07/12/2024,14/12/2024,1280.29,HV8HA9U,120 m² Maison de vacances ∙ 3 chambres ∙ 6 personnes,Ayent - Valais
26/08/2024,14/12/2024,21/12/2024,2246.59,HV8HA9U,120 m² Maison de vacances ∙ 3 chambres ∙ 6 personnes,Ayent - Valais
26/08/2024,21/12/2024,28/12/2024,2246.59,HV8HA9U,120 m² Maison de vacances ∙ 3 chambres ∙ 6 personnes,Ayent - Valais
26/08/2024,04/01/2025,11/01/2025,1506.54,HV8HA9U,120 m² Maison de vacances ∙ 3 chambres ∙ 6 personnes,Ayent - Valais
26/08/2024,11/01/2025,18/01/2025,1506.11,HV8HA9U,120 m² Maison de vacances ∙ 3 chambres ∙ 6 personnes,Ayent - Valais
26/08/2024,18/01/2025,25/01/2025,1506.54,HV8HA9U,120 m² Maison de vacances ∙ 3 chambres ∙ 6 personnes,Ayent - Valais
26/08/2024,25/01/2025,01/02/2025,1506.54,HV8HA9U,120 m² Maison de vacances ∙ 3 chambres ∙ 6 personnes,Ayent - Valais
26/08/2024,01/02/2025,08/02/2025,1876.56,HV8HA9U,120 m² Maison de vacances ∙ 3 chambres ∙ 6 personnes,Ayent - Valais
26/08/2024,08/02/2025,15/02/2025,1876.56,HV8HA9U,120 m² Maison de vacances ∙ 3 chambres ∙ 6 personnes,Ayent - Valais
26/08/2024,15/02/2025,22/02/2025,1876.56,HV8HA9U,120 m² Maison de vacances ∙ 3 chambres ∙ 6 personnes,Ayent - Valais
26/08/2024,22/02/2025,01/03/2025,1876.56,HV8HA9U,120 m² Maison de vacances ∙ 3 chambres ∙ 6 personnes,Ayent - Valais
26/08/2024,14/09/2024,21/09/2024,1599.12,HHPM9TV,200 m² Maison de vacances ∙ 5 chambres ∙ 12 personnes,Vex - Valais
26/08/2024,21/09/2024,28/09/2024,1599.12,HHPM9TV,200 m² Maison de vacances ∙ 5 chambres ∙ 12 personnes,Vex - Valais
26/08/2024,12/10/2024,19/10/2024,1599.57,HHPM9TV,200 m² Maison de vacances ∙ 5 chambres ∙ 12 personnes,Vex - Valais
26/08/2024,19/10/2024,26/10/2024,1599.57,HHPM9TV,200 m² Maison de vacances ∙ 5 chambres ∙ 12 personnes,Vex - Valais
26/08/2024,02/11/2024,09/11/2024,1599.57,HHPM9TV,200 m² Maison de vacances ∙ 5 chambres ∙ 12 personnes,Vex - Valais
26/08/2024,09/11/2024,16/11/2024,1599.57,HHPM9TV,200 m² Maison de vacances ∙ 5 chambres ∙ 12 personnes,Vex - Valais
26/08/2024,16/11/2024,23/11/2024,1599.57,HHPM9TV,200 m² Maison de vacances ∙ 5 chambres ∙ 12 personnes,Vex - Valais
26/08/2024,23/11/2024,30/11/2024,1599.57,HHPM9TV,200 m² Maison de vacances ∙ 5 chambres ∙ 12 personnes,Vex - Valais
26/08/2024,30/11/2024,07/12/2024,2148.27,HHPM9TV,200 m² Maison de vacances ∙ 5 chambres ∙ 12 personnes,Vex - Valais
26/08/2024,07/12/2024,14/12/2024,2233.90,HHPM9TV,200 m² Maison de vacances ∙ 5 chambres ∙ 12 personnes,Vex - Valais
26/08/2024,14/12/2024,21/12/2024,2910.52,HHPM9TV,200 m² Maison de vacances ∙ 5 chambres ∙ 12 personnes,Vex - Valais
26/08/2024,01/02/2025,08/02/2025,4555.55,HHPM9TV,200 m² Maison de vacances ∙ 5 chambres ∙ 12 personnes,Vex - Valais
26/08/2024,08/02/2025,15/02/2025,5104.25,HHPM9TV,200 m² Maison de vacances ∙ 5 chambres ∙ 12 personnes,Vex - Valais
26/08/2024,15/02/2025,22/02/2025,5866.50,HHPM9TV,200 m² Maison de vacances ∙ 5 chambres ∙ 12 personnes,Vex - Valais
26/08/2024,29/03/2025,05/04/2025,2148.27,HHPM9TV,200 m² Maison de vacances ∙ 5 chambres ∙ 12 personnes,Vex - Valais
26/08/2024,05/04/2025,12/04/2025,2406.23,HHPM9TV,200 m² Maison de vacances ∙ 5 chambres ∙ 12 personnes,Vex - Valais
26/08/2024,12/04/2025,19/04/2025,2319.54,HHPM9TV,200 m² Maison de vacances ∙ 5 chambres ∙ 12 personnes,Vex - Valais
26/08/2024,19/04/2025,26/04/2025,2148.27,HHPM9TV,200 m² Maison de vacances ∙ 5 chambres ∙ 12 personnes,Vex - Valais
26/08/2024,28/09/2024,05/10/2024,1521.34,HE6SBM1,75 m² Maison de vacances ∙ 2 chambres ∙ 4 personnes,Orsières - Valais
26/08/2024,05/10/2024,12/10/2024,1521.34,HE6SBM1,75 m² Maison de vacances ∙ 2 chambres ∙ 4 personnes,Orsières - Valais
26/08/2024,12/10/2024,19/10/2024,1521.34,HE6SBM1,75 m² Maison de vacances ∙ 2 chambres ∙ 4 personnes,Orsières - Valais
26/08/2024,19/10/2024,26/10/2024,1521.34,HE6SBM1,75 m² Maison de vacances ∙ 2 chambres ∙ 4 personnes,Orsières - Valais
26/08/2024,26/10/2024,02/11/2024,1520.90,HE6SBM1,75 m² Maison de vacances ∙ 2 chambres ∙ 4 personnes,Orsières - Valais
26/08/2024,02/11/2024,09/11/2024,1521.34,HE6SBM1,75 m² Maison de vacances ∙ 2 chambres ∙ 4 personnes,Orsières - Valais
26/08/2024,09/11/2024,16/11/2024,1521.34,HE6SBM1,75 m² Maison de vacances ∙ 2 chambres ∙ 4 personnes,Orsières - Valais
26/08/2024,16/11/2024,23/11/2024,1521.34,HE6SBM1,75 m² Maison de vacances ∙ 2 chambres ∙ 4 personnes,Orsières - Valais
26/08/2024,23/11/2024,30/11/2024,1521.34,HE6SBM1,75 m² Maison de vacances ∙ 2 chambres ∙ 4 personnes,Orsières - Valais
26/08/2024,30/11/2024,07/12/2024,1520.90,HE6SBM1,75 m² Maison de vacances ∙ 2 chambres ∙ 4 personnes,Orsières - Valais
26/08/2024,07/12/2024,14/12/2024,1520.90,HE6SBM1,75 m² Maison de vacances ∙ 2 chambres ∙ 4 personnes,Orsières - Valais
26/08/2024,14/12/2024,21/12/2024,1521.34,HE6SBM1,75 m² Maison de vacances ∙ 2 chambres ∙ 4 personnes,Orsières - Valais
26/08/2024,04/01/2025,11/01/2025,1521.34,HE6SBM1,75 m² Maison de vacances ∙ 2 chambres ∙ 4 personnes,Orsières - Valais
26/08/2024,11/01/2025,18/01/2025,1521.34,HE6SBM1,75 m² Maison de vacances ∙ 2 chambres ∙ 4 personnes,Orsières - Valais
26/08/2024,18/01/2025,25/01/2025,1521.34,HE6SBM1,75 m² Maison de vacances ∙ 2 chambres ∙ 4 personnes,Orsières - Valais
26/08/2024,25/01/2025,01/02/2025,1521.34,HE6SBM1,75 m² Maison de vacances ∙ 2 chambres ∙ 4 personnes,Orsières - Valais
26/08/2024,01/02/2025,08/02/2025,1521.34,HE6SBM1,75 m² Maison de vacances ∙ 2 chambres ∙ 4 personnes,Orsières - Valais
26/08/2024,08/02/2025,15/02/2025,1521.34,HE6SBM1,75 m² Maison de vacances ∙ 2 chambres ∙ 4 personnes,Orsières - Valais
26/08/2024,15/02/2025,22/02/2025,1521.34,HE6SBM1,75 m² Maison de vacances ∙ 2 chambres ∙ 4 personnes,Orsières - Valais
26/08/2024,22/02/2025,01/03/2025,1521.34,HE6SBM1,75 m² Maison de vacances ∙ 2 chambres ∙ 4 personnes,Orsières - Valais
26/08/2024,01/03/2025,08/03/2025,1521.34,HE6SBM1,75 m² Maison de vacances ∙ 2 chambres ∙ 4 personnes,Orsières - Valais
26/08/2024,08/03/2025,15/03/2025,1521.34,HE6SBM1,75 m² Maison de vacances ∙ 2 chambres ∙ 4 personnes,Orsières - Valais
26/08/2024,15/03/2025,22/03/2025,1521.34,HE6SBM1,75 m² Maison de vacances ∙ 2 chambres ∙ 4 personnes,Orsières - Valais
26/08/2024,22/03/2025,29/03/2025,1520.90,HE6SBM1,75 m² Maison de vacances ∙ 2 chambres ∙ 4 personnes,Orsières - Valais
26/08/2024,29/03/2025,05/04/2025,1520.90,HE6SBM1,75 m² Maison de vacances ∙ 2 chambres ∙ 4 personnes,Orsières - Valais
26/08/2024,05/04/2025,12/04/2025,1521.34,HE6SBM1,75 m² Maison de vacances ∙ 2 chambres ∙ 4 personnes,Orsières - Valais
26/08/2024,12/04/2025,19/04/2025,1521.34,HE6SBM1,75 m² Maison de vacances ∙ 2 chambres ∙ 4 personnes,Orsières - Valais
26/08/2024,19/04/2025,26/04/2025,1520.90,HE6SBM1,75 m² Maison de vacances ∙ 2 chambres ∙ 4 personnes,Orsières - Valais
26/08/2024,26/04/2025,03/05/2025,1521.34,HE6SBM1,75 m² Maison de vacances ∙ 2 chambres ∙ 4 personnes,Orsières - Valais
26/08/2024,03/05/2025,10/05/2025,1521.34,HE6SBM1,75 m² Maison de vacances ∙ 2 chambres ∙ 4 personnes,Orsières - Valais
26/08/2024,10/05/2025,17/05/2025,1521.34,HE6SBM1,75 m² Maison de vacances ∙ 2 chambres ∙ 4 personnes,Orsières - Valais
26/08/2024,19/10/2024,26/10/2024,1224.97,H4VFYWG,150 m² Maison de vacances ∙ 2 chambres ∙ 4 personnes,Visperterminen - Valais
26/08/2024,26/10/2024,02/11/2024,1225.32,H4VFYWG,150 m² Maison de vacances ∙ 2 chambres ∙ 4 personnes,Visperterminen - Valais
26/08/2024,02/11/2024,09/11/2024,1225.32,H4VFYWG,150 m² Maison de vacances ∙ 2 chambres ∙ 4 personnes,Visperterminen - Valais
26/08/2024,09/11/2024,16/11/2024,1225.32,H4VFYWG,150 m² Maison de vacances ∙ 2 chambres ∙ 4 personnes,Visperterminen - Valais
26/08/2024,16/11/2024,23/11/2024,1225.32,H4VFYWG,150 m² Maison de vacances ∙ 2 chambres ∙ 4 personnes,Visperterminen - Valais
26/08/2024,23/11/2024,30/11/2024,1224.97,H4VFYWG,150 m² Maison de vacances ∙ 2 chambres ∙ 4 personnes,Visperterminen - Valais
26/08/2024,30/11/2024,07/12/2024,1225.32,H4VFYWG,150 m² Maison de vacances ∙ 2 chambres ∙ 4 personnes,Visperterminen - Valais
26/08/2024,07/12/2024,14/12/2024,1225.32,H4VFYWG,150 m² Maison de vacances ∙ 2 chambres ∙ 4 personnes,Visperterminen - Valais
26/08/2024,14/12/2024,21/12/2024,1225.32,H4VFYWG,150 m² Maison de vacances ∙ 2 chambres ∙ 4 personnes,Visperterminen - Valais
26/08/2024,04/01/2025,11/01/2025,1447.33,H4VFYWG,150 m² Maison de vacances ∙ 2 chambres ∙ 4 personnes,Visperterminen - Valais
26/08/2024,11/01/2025,18/01/2025,1447.33,H4VFYWG,150 m² Maison de vacances ∙ 2 chambres ∙ 4 personnes,Visperterminen - Valais
26/08/2024,18/01/2025,25/01/2025,1447.33,H4VFYWG,150 m² Maison de vacances ∙ 2 chambres ∙ 4 personnes,Visperterminen - Valais
26/08/2024,25/01/2025,01/02/2025,1447.33,H4VFYWG,150 m² Maison de vacances ∙ 2 chambres ∙ 4 personnes,Visperterminen - Valais
26/08/2024,01/02/2025,08/02/2025,1446.92,H4VFYWG,150 m² Maison de vacances ∙ 2 chambres ∙ 4 personnes,Visperterminen - Valais
26/08/2024,08/02/2025,15/02/2025,1447.33,H4VFYWG,150 m² Maison de vacances ∙ 2 chambres ∙ 4 personnes,Visperterminen - Valais
26/08/2024,15/02/2025,22/02/2025,1447.33,H4VFYWG,150 m² Maison de vacances ∙ 2 chambres ∙ 4 personnes,Visperterminen - Valais
26/08/2024,22/02/2025,01/03/2025,1447.33,H4VFYWG,150 m² Maison de vacances ∙ 2 chambres ∙ 4 personnes,Visperterminen - Valais
26/08/2024,01/03/2025,08/03/2025,1447.33,H4VFYWG,150 m² Maison de vacances ∙ 2 chambres ∙ 4 personnes,Visperterminen - Valais
26/08/2024,15/03/2025,22/03/2025,1447.33,H4VFYWG,150 m² Maison de vacances ∙ 2 chambres ∙ 4 personnes,Visperterminen - Valais
26/08/2024,22/03/2025,29/03/2025,1446.92,H4VFYWG,150 m² Maison de vacances ∙ 2 chambres ∙ 4 personnes,Visperterminen - Valais
26/08/2024,29/03/2025,05/04/2025,1225.32,H4VFYWG,150 m² Maison de vacances ∙ 2 chambres ∙ 4 personnes,Visperterminen - Valais
26/08/2024,05/04/2025,12/04/2025,1225.32,H4VFYWG,150 m² Maison de vacances ∙ 2 chambres ∙ 4 personnes,Visperterminen - Valais
26/08/2024,12/04/2025,19/04/2025,1224.97,H4VFYWG,150 m² Maison de vacances ∙ 2 chambres ∙ 4 personnes,Visperterminen - Valais
26/08/2024,19/04/2025,26/04/2025,1225.32,H4VFYWG,150 m² Maison de vacances ∙ 2 chambres ∙ 4 personnes,Visperterminen - Valais
26/08/2024,26/04/2025,03/05/2025,1225.32,H4VFYWG,150 m² Maison de vacances ∙ 2 chambres ∙ 4 personnes,Visperterminen - Valais
26/08/2024,03/05/2025,10/05/2025,1225.32,H4VFYWG,150 m² Maison de vacances ∙ 2 chambres ∙ 4 personnes,Visperterminen - Valais
26/08/2024,10/05/2025,17/05/2025,1225.32,H4VFYWG,150 m² Maison de vacances ∙ 2 chambres ∙ 4 personnes,Visperterminen - Valais
26/08/2024,31/08/2024,07/09/2024,914.49,HHLCN6D,85 m² Appartement ∙ 2 chambres ∙ 4 personnes,Bürchen - Valais
26/08/2024,14/09/2024,21/09/2024,914.23,HHLCN6D,85 m² Appartement ∙ 2 chambres ∙ 4 personnes,Bürchen - Valais
26/08/2024,05/10/2024,12/10/2024,914.49,HHLCN6D,85 m² Appartement ∙ 2 chambres ∙ 4 personnes,Bürchen - Valais
26/08/2024,26/10/2024,02/11/2024,870.90,HHLCN6D,85 m² Appartement ∙ 2 chambres ∙ 4 personnes,Bürchen - Valais
26/08/2024,02/11/2024,09/11/2024,762.25,HHLCN6D,85 m² Appartement ∙ 2 chambres ∙ 4 personnes,Bürchen - Valais
26/08/2024,09/11/2024,16/11/2024,762.25,HHLCN6D,85 m² Appartement ∙ 2 chambres ∙ 4 personnes,Bürchen - Valais
26/08/2024,16/11/2024,23/11/2024,762.25,HHLCN6D,85 m² Appartement ∙ 2 chambres ∙ 4 personnes,Bürchen - Valais
26/08/2024,23/11/2024,30/11/2024,762.25,HHLCN6D,85 m² Appartement ∙ 2 chambres ∙ 4 personnes,Bürchen - Valais
26/08/2024,30/11/2024,07/12/2024,762.25,HHLCN6D,85 m² Appartement ∙ 2 chambres ∙ 4 personnes,Bürchen - Valais
26/08/2024,07/12/2024,14/12/2024,762.04,HHLCN6D,85 m² Appartement ∙ 2 chambres ∙ 4 personnes,Bürchen - Valais
26/08/2024,14/12/2024,21/12/2024,1023.39,HHLCN6D,85 m² Appartement ∙ 2 chambres ∙ 4 personnes,Bürchen - Valais
26/08/2024,18/01/2025,25/01/2025,1066.73,HHLCN6D,85 m² Appartement ∙ 2 chambres ∙ 4 personnes,Bürchen - Valais
26/08/2024,08/03/2025,15/03/2025,1066.43,HHLCN6D,85 m² Appartement ∙ 2 chambres ∙ 4 personnes,Bürchen - Valais
26/08/2024,15/03/2025,22/03/2025,1066.73,HHLCN6D,85 m² Appartement ∙ 2 chambres ∙ 4 personnes,Bürchen - Valais
26/08/2024,22/03/2025,29/03/2025,1066.73,HHLCN6D,85 m² Appartement ∙ 2 chambres ∙ 4 personnes,Bürchen - Valais
26/08/2024,30/11/2024,07/12/2024,1520.91,HZNT98Y,70 m² Appartement ∙ 2 chambres ∙ 4 personnes,Zermatt - Valais
26/08/2024,31/08/2024,07/09/2024,1239.29,HBJA29S,155 m² Maison de vacances ∙ 5 chambres ∙ 10 personnes,Riddes - Valais
26/08/2024,07/09/2024,14/09/2024,1240.12,HBJA29S,155 m² Maison de vacances ∙ 5 chambres ∙ 10 personnes,Riddes - Valais
26/08/2024,14/09/2024,21/09/2024,1240.12,HBJA29S,155 m² Maison de vacances ∙ 5 chambres ∙ 10 personnes,Riddes - Valais
26/08/2024,21/09/2024,28/09/2024,1239.29,HBJA29S,155 m² Maison de vacances ∙ 5 chambres ∙ 10 personnes,Riddes - Valais
26/08/2024,28/09/2024,05/10/2024,1239.29,HBJA29S,155 m² Maison de vacances ∙ 5 chambres ∙ 10 personnes,Riddes - Valais
26/08/2024,05/10/2024,12/10/2024,1239.29,HBJA29S,155 m² Maison de vacances ∙ 5 chambres ∙ 10 personnes,Riddes - Valais
26/08/2024,12/10/2024,19/10/2024,1239.29,HBJA29S,155 m² Maison de vacances ∙ 5 chambres ∙ 10 personnes,Riddes - Valais
26/08/2024,19/10/2024,26/10/2024,1240.12,HBJA29S,155 m² Maison de vacances ∙ 5 chambres ∙ 10 personnes,Riddes - Valais
26/08/2024,02/11/2024,09/11/2024,1239.29,HBJA29S,155 m² Maison de vacances ∙ 5 chambres ∙ 10 personnes,Riddes - Valais
26/08/2024,09/11/2024,16/11/2024,1239.29,HBJA29S,155 m² Maison de vacances ∙ 5 chambres ∙ 10 personnes,Riddes - Valais
26/08/2024,16/11/2024,23/11/2024,1239.29,HBJA29S,155 m² Maison de vacances ∙ 5 chambres ∙ 10 personnes,Riddes - Valais
26/08/2024,23/11/2024,30/11/2024,1239.29,HBJA29S,155 m² Maison de vacances ∙ 5 chambres ∙ 10 personnes,Riddes - Valais
26/08/2024,30/11/2024,07/12/2024,1459.05,HBJA29S,155 m² Maison de vacances ∙ 5 chambres ∙ 10 personnes,Riddes - Valais
26/08/2024,07/12/2024,14/12/2024,1491.80,HBJA29S,155 m² Maison de vacances ∙ 5 chambres ∙ 10 personnes,Riddes - Valais
26/08/2024,14/12/2024,21/12/2024,1587.94,HBJA29S,155 m² Maison de vacances ∙ 5 chambres ∙ 10 personnes,Riddes - Valais
26/08/2024,21/12/2024,28/12/2024,4534.41,HBJA29S,155 m² Maison de vacances ∙ 5 chambres ∙ 10 personnes,Riddes - Valais
26/08/2024,11/01/2025,18/01/2025,1664.01,HBJA29S,155 m² Maison de vacances ∙ 5 chambres ∙ 10 personnes,Riddes - Valais
26/08/2024,22/02/2025,01/03/2025,3886.91,HBJA29S,155 m² Maison de vacances ∙ 5 chambres ∙ 10 personnes,Riddes - Valais
26/08/2024,08/03/2025,15/03/2025,2082.39,HBJA29S,155 m² Maison de vacances ∙ 5 chambres ∙ 10 personnes,Riddes - Valais
26/08/2024,15/03/2025,22/03/2025,1566.81,HBJA29S,155 m² Maison de vacances ∙ 5 chambres ∙ 10 personnes,Riddes - Valais
26/08/2024,22/03/2025,29/03/2025,1512.93,HBJA29S,155 m² Maison de vacances ∙ 5 chambres ∙ 10 personnes,Riddes - Valais
26/08/2024,29/03/2025,05/04/2025,1459.05,HBJA29S,155 m² Maison de vacances ∙ 5 chambres ∙ 10 personnes,Riddes - Valais
26/08/2024,05/04/2025,12/04/2025,1739.02,HBJA29S,155 m² Maison de vacances ∙ 5 chambres ∙ 10 personnes,Riddes - Valais
26/08/2024,19/04/2025,26/04/2025,1459.05,HBJA29S,155 m² Maison de vacances ∙ 5 chambres ∙ 10 personnes,Riddes - Valais
26/08/2024,04/01/2025,11/01/2025,1456.93,HCHA128,Maison de vacances ∙ 3 chambres ∙ 6 personnes,Bagnes - Valais
26/08/2024,11/01/2025,18/01/2025,1446.37,HCHA128,Maison de vacances ∙ 3 chambres ∙ 6 personnes,Bagnes - Valais
26/08/2024,18/01/2025,25/01/2025,1446.37,HCHA128,Maison de vacances ∙ 3 chambres ∙ 6 personnes,Bagnes - Valais
26/08/2024,25/01/2025,01/02/2025,1446.37,HCHA128,Maison de vacances ∙ 3 chambres ∙ 6 personnes,Bagnes - Valais
26/08/2024,01/02/2025,08/02/2025,1520.32,HCHA128,Maison de vacances ∙ 3 chambres ∙ 6 personnes,Bagnes - Valais
26/08/2024,08/02/2025,15/02/2025,1520.32,HCHA128,Maison de vacances ∙ 3 chambres ∙ 6 personnes,Bagnes - Valais
26/08/2024,15/02/2025,22/02/2025,1520.32,HCHA128,Maison de vacances ∙ 3 chambres ∙ 6 personnes,Bagnes - Valais
26/08/2024,22/02/2025,01/03/2025,1520.32,HCHA128,Maison de vacances ∙ 3 chambres ∙ 6 personnes,Bagnes - Valais
26/08/2024,01/03/2025,08/03/2025,1520.32,HCHA128,Maison de vacances ∙ 3 chambres ∙ 6 personnes,Bagnes - Valais
26/08/2024,08/03/2025,15/03/2025,1520.32,HCHA128,Maison de vacances ∙ 3 chambres ∙ 6 personnes,Bagnes - Valais
26/08/2024,15/03/2025,22/03/2025,1520.32,HCHA128,Maison de vacances ∙ 3 chambres ∙ 6 personnes,Bagnes - Valais
26/08/2024,22/03/2025,29/03/2025,1446.37,HCHA128,Maison de vacances ∙ 3 chambres ∙ 6 personnes,Bagnes - Valais
26/08/2024,29/03/2025,05/04/2025,1446.37,HCHA128,Maison de vacances ∙ 3 chambres ∙ 6 personnes,Bagnes - Valais
26/08/2024,05/04/2025,12/04/2025,1446.37,HCHA128,Maison de vacances ∙ 3 chambres ∙ 6 personnes,Bagnes - Valais
26/08/2024,12/04/2025,19/04/2025,1446.37,HCHA128,Maison de vacances ∙ 3 chambres ∙ 6 personnes,Bagnes - Valais
26/08/2024,19/04/2025,26/04/2025,1446.37,HCHA128,Maison de vacances ∙ 3 chambres ∙ 6 personnes,Bagnes - Valais
26/08/2024,26/04/2025,03/05/2025,1371.35,HCHA128,Maison de vacances ∙ 3 chambres ∙ 6 personnes,Bagnes - Valais
26/08/2024,03/05/2025,10/05/2025,1371.35,HCHA128,Maison de vacances ∙ 3 chambres ∙ 6 personnes,Bagnes - Valais
26/08/2024,10/05/2025,17/05/2025,1371.35,HCHA128,Maison de vacances ∙ 3 chambres ∙ 6 personnes,Bagnes - Valais
26/08/2024,07/09/2024,14/09/2024,426.83,H38ATYM,68 m² Appartement ∙ 2 chambres ∙ 5 personnes,Nendaz - Valais
26/08/2024,14/09/2024,21/09/2024,426.83,H38ATYM,68 m² Appartement ∙ 2 chambres ∙ 5 personnes,Nendaz - Valais
26/08/2024,28/09/2024,05/10/2024,533.54,H38ATYM,68 m² Appartement ∙ 2 chambres ∙ 5 personnes,Nendaz - Valais
26/08/2024,05/10/2024,12/10/2024,533.54,H38ATYM,68 m² Appartement ∙ 2 chambres ∙ 5 personnes,Nendaz - Valais
26/08/2024,12/10/2024,19/10/2024,533.54,H38ATYM,68 m² Appartement ∙ 2 chambres ∙ 5 personnes,Nendaz - Valais
26/08/2024,19/10/2024,26/10/2024,533.54,H38ATYM,68 m² Appartement ∙ 2 chambres ∙ 5 personnes,Nendaz - Valais
26/08/2024,26/10/2024,02/11/2024,533.54,H38ATYM,68 m² Appartement ∙ 2 chambres ∙ 5 personnes,Nendaz - Valais
26/08/2024,02/11/2024,09/11/2024,533.54,H38ATYM,68 m² Appartement ∙ 2 chambres ∙ 5 personnes,Nendaz - Valais
26/08/2024,09/11/2024,16/11/2024,533.54,H38ATYM,68 m² Appartement ∙ 2 chambres ∙ 5 personnes,Nendaz - Valais
26/08/2024,16/11/2024,23/11/2024,533.54,H38ATYM,68 m² Appartement ∙ 2 chambres ∙ 5 personnes,Nendaz - Valais
26/08/2024,23/11/2024,30/11/2024,533.54,H38ATYM,68 m² Appartement ∙ 2 chambres ∙ 5 personnes,Nendaz - Valais
26/08/2024,30/11/2024,07/12/2024,533.54,H38ATYM,68 m² Appartement ∙ 2 chambres ∙ 5 personnes,Nendaz - Valais
26/08/2024,07/12/2024,14/12/2024,533.54,H38ATYM,68 m² Appartement ∙ 2 chambres ∙ 5 personnes,Nendaz - Valais
26/08/2024,14/12/2024,21/12/2024,761.75,H38ATYM,68 m² Appartement ∙ 2 chambres ∙ 5 personnes,Nendaz - Valais
26/08/2024,21/12/2024,28/12/2024,1295.29,H38ATYM,68 m² Appartement ∙ 2 chambres ∙ 5 personnes,Nendaz - Valais
26/08/2024,18/01/2025,25/01/2025,989.95,H38ATYM,68 m² Appartement ∙ 2 chambres ∙ 5 personnes,Nendaz - Valais
26/08/2024,25/01/2025,01/02/2025,989.95,H38ATYM,68 m² Appartement ∙ 2 chambres ∙ 5 personnes,Nendaz - Valais
26/08/2024,01/02/2025,08/02/2025,1295.29,H38ATYM,68 m² Appartement ∙ 2 chambres ∙ 5 personnes,Nendaz - Valais
26/08/2024,08/02/2025,15/02/2025,1295.29,H38ATYM,68 m² Appartement ∙ 2 chambres ∙ 5 personnes,Nendaz - Valais
26/08/2024,08/03/2025,15/03/2025,989.95,H38ATYM,68 m² Appartement ∙ 2 chambres ∙ 5 personnes,Nendaz - Valais
26/08/2024,15/03/2025,22/03/2025,989.95,H38ATYM,68 m² Appartement ∙ 2 chambres ∙ 5 personnes,Nendaz - Valais
26/08/2024,22/03/2025,29/03/2025,989.95,H38ATYM,68 m² Appartement ∙ 2 chambres ∙ 5 personnes,Nendaz - Valais
26/08/2024,29/03/2025,05/04/2025,837.82,H38ATYM,68 m² Appartement ∙ 2 chambres ∙ 5 personnes,Nendaz - Valais
26/08/2024,05/04/2025,12/04/2025,837.82,H38ATYM,68 m² Appartement ∙ 2 chambres ∙ 5 personnes,Nendaz - Valais
26/08/2024,12/04/2025,19/04/2025,837.82,H38ATYM,68 m² Appartement ∙ 2 chambres ∙ 5 personnes,Nendaz - Valais
26/08/2024,19/04/2025,26/04/2025,837.82,H38ATYM,68 m² Appartement ∙ 2 chambres ∙ 5 personnes,Nendaz - Valais
26/08/2024,26/04/2025,03/05/2025,647.64,H38ATYM,68 m² Appartement ∙ 2 chambres ∙ 5 personnes,Nendaz - Valais
26/08/2024,03/05/2025,10/05/2025,647.64,H38ATYM,68 m² Appartement ∙ 2 chambres ∙ 5 personnes,Nendaz - Valais
26/08/2024,10/05/2025,17/05/2025,647.64,H38ATYM,68 m² Appartement ∙ 2 chambres ∙ 5 personnes,Nendaz - Valais
26/08/2024,07/09/2024,14/09/2024,762.80,HWMH5F1,80 m² Maison de vacances ∙ 3 chambres ∙ 6 personnes,Ausserberg - Valais
26/08/2024,14/09/2024,21/09/2024,762.80,HWMH5F1,80 m² Maison de vacances ∙ 3 chambres ∙ 6 personnes,Ausserberg - Valais
26/08/2024,21/09/2024,28/09/2024,762.80,HWMH5F1,80 m² Maison de vacances ∙ 3 chambres ∙ 6 personnes,Ausserberg - Valais
26/08/2024,28/09/2024,05/10/2024,762.80,HWMH5F1,80 m² Maison de vacances ∙ 3 chambres ∙ 6 personnes,Ausserberg - Valais
26/08/2024,05/10/2024,12/10/2024,762.80,HWMH5F1,80 m² Maison de vacances ∙ 3 chambres ∙ 6 personnes,Ausserberg - Valais
26/08/2024,12/10/2024,19/10/2024,762.80,HWMH5F1,80 m² Maison de vacances ∙ 3 chambres ∙ 6 personnes,Ausserberg - Valais
26/08/2024,15/03/2025,22/03/2025,762.80,HWMH5F1,80 m² Maison de vacances ∙ 3 chambres ∙ 6 personnes,Ausserberg - Valais
26/08/2024,22/03/2025,29/03/2025,762.80,HWMH5F1,80 m² Maison de vacances ∙ 3 chambres ∙ 6 personnes,Ausserberg - Valais
26/08/2024,29/03/2025,05/04/2025,800.83,HWMH5F1,80 m² Maison de vacances ∙ 3 chambres ∙ 6 personnes,Ausserberg - Valais
26/08/2024,05/04/2025,12/04/2025,800.83,HWMH5F1,80 m² Maison de vacances ∙ 3 chambres ∙ 6 personnes,Ausserberg - Valais
26/08/2024,12/04/2025,19/04/2025,800.83,HWMH5F1,80 m² Maison de vacances ∙ 3 chambres ∙ 6 personnes,Ausserberg - Valais
26/08/2024,19/04/2025,26/04/2025,800.83,HWMH5F1,80 m² Maison de vacances ∙ 3 chambres ∙ 6 personnes,Ausserberg - Valais
26/08/2024,26/04/2025,03/05/2025,762.80,HWMH5F1,80 m² Maison de vacances ∙ 3 chambres ∙ 6 personnes,Ausserberg - Valais
26/08/2024,03/05/2025,10/05/2025,762.80,HWMH5F1,80 m² Maison de vacances ∙ 3 chambres ∙ 6 personnes,Ausserberg - Valais
26/08/2024,10/05/2025,17/05/2025,762.80,HWMH5F1,80 m² Maison de vacances ∙ 3 chambres ∙ 6 personnes,Ausserberg - Valais
26/08/2024,12/10/2024,19/10/2024,977.45,H6C83UK,65 m² Appartement ∙ 2 chambres ∙ 4 personnes,Sion - Valais
26/08/2024,19/10/2024,26/10/2024,1039.15,H6C83UK,65 m² Appartement ∙ 2 chambres ∙ 4 personnes,Sion - Valais
26/08/2024,26/10/2024,02/11/2024,968.77,H6C83UK,65 m² Appartement ∙ 2 chambres ∙ 4 personnes,Sion - Valais
26/08/2024,02/11/2024,09/11/2024,931.70,H6C83UK,65 m² Appartement ∙ 2 chambres ∙ 4 personnes,Sion - Valais
26/08/2024,09/11/2024,16/11/2024,832.95,H6C83UK,65 m² Appartement ∙ 2 chambres ∙ 4 personnes,Sion - Valais
26/08/2024,16/11/2024,23/11/2024,848.91,H6C83UK,65 m² Appartement ∙ 2 chambres ∙ 4 personnes,Sion - Valais
26/08/2024,23/11/2024,30/11/2024,860.07,H6C83UK,65 m² Appartement ∙ 2 chambres ∙ 4 personnes,Sion - Valais
26/08/2024,30/11/2024,07/12/2024,865.04,H6C83UK,65 m² Appartement ∙ 2 chambres ∙ 4 personnes,Sion - Valais
26/08/2024,07/12/2024,14/12/2024,883.47,H6C83UK,65 m² Appartement ∙ 2 chambres ∙ 4 personnes,Sion - Valais
26/08/2024,14/12/2024,21/12/2024,1086.15,H6C83UK,65 m² Appartement ∙ 2 chambres ∙ 4 personnes,Sion - Valais
26/08/2024,21/12/2024,28/12/2024,1719.58,H6C83UK,65 m² Appartement ∙ 2 chambres ∙ 4 personnes,Sion - Valais
26/08/2024,21/09/2024,28/09/2024,652.92,HDR9SF8,45 m² Appartement ∙ 1 chambre ∙ 2 personnes,Crans-Montana - Valais
26/08/2024,28/09/2024,05/10/2024,652.92,HDR9SF8,45 m² Appartement ∙ 1 chambre ∙ 2 personnes,Crans-Montana - Valais
26/08/2024,05/10/2024,12/10/2024,652.92,HDR9SF8,45 m² Appartement ∙ 1 chambre ∙ 2 personnes,Crans-Montana - Valais
26/08/2024,12/10/2024,19/10/2024,652.92,HDR9SF8,45 m² Appartement ∙ 1 chambre ∙ 2 personnes,Crans-Montana - Valais
26/08/2024,19/10/2024,26/10/2024,500.78,HDR9SF8,45 m² Appartement ∙ 1 chambre ∙ 2 personnes,Crans-Montana - Valais
26/08/2024,26/10/2024,02/11/2024,500.78,HDR9SF8,45 m² Appartement ∙ 1 chambre ∙ 2 personnes,Crans-Montana - Valais
26/08/2024,02/11/2024,09/11/2024,500.78,HDR9SF8,45 m² Appartement ∙ 1 chambre ∙ 2 personnes,Crans-Montana - Valais
26/08/2024,09/11/2024,16/11/2024,500.78,HDR9SF8,45 m² Appartement ∙ 1 chambre ∙ 2 personnes,Crans-Montana - Valais
26/08/2024,16/11/2024,23/11/2024,500.78,HDR9SF8,45 m² Appartement ∙ 1 chambre ∙ 2 personnes,Crans-Montana - Valais
26/08/2024,23/11/2024,30/11/2024,500.78,HDR9SF8,45 m² Appartement ∙ 1 chambre ∙ 2 personnes,Crans-Montana - Valais
26/08/2024,30/11/2024,07/12/2024,500.78,HDR9SF8,45 m² Appartement ∙ 1 chambre ∙ 2 personnes,Crans-Montana - Valais
26/08/2024,07/12/2024,14/12/2024,500.78,HDR9SF8,45 m² Appartement ∙ 1 chambre ∙ 2 personnes,Crans-Montana - Valais
26/08/2024,14/12/2024,21/12/2024,500.78,HDR9SF8,45 m² Appartement ∙ 1 chambre ∙ 2 personnes,Crans-Montana - Valais
26/08/2024,21/12/2024,28/12/2024,767.02,HDR9SF8,45 m² Appartement ∙ 1 chambre ∙ 2 personnes,Crans-Montana - Valais
26/08/2024,28/12/2024,04/01/2025,767.02,HDR9SF8,45 m² Appartement ∙ 1 chambre ∙ 2 personnes,Crans-Montana - Valais
26/08/2024,04/01/2025,11/01/2025,652.92,HDR9SF8,45 m² Appartement ∙ 1 chambre ∙ 2 personnes,Crans-Montana - Valais
26/08/2024,11/01/2025,18/01/2025,652.92,HDR9SF8,45 m² Appartement ∙ 1 chambre ∙ 2 personnes,Crans-Montana - Valais
26/08/2024,18/01/2025,25/01/2025,652.92,HDR9SF8,45 m² Appartement ∙ 1 chambre ∙ 2 personnes,Crans-Montana - Valais
26/08/2024,25/01/2025,01/02/2025,652.92,HDR9SF8,45 m² Appartement ∙ 1 chambre ∙ 2 personnes,Crans-Montana - Valais
26/08/2024,01/02/2025,08/02/2025,652.92,HDR9SF8,45 m² Appartement ∙ 1 chambre ∙ 2 personnes,Crans-Montana - Valais
26/08/2024,08/02/2025,15/02/2025,652.92,HDR9SF8,45 m² Appartement ∙ 1 chambre ∙ 2 personnes,Crans-Montana - Valais
26/08/2024,15/02/2025,22/02/2025,652.92,HDR9SF8,45 m² Appartement ∙ 1 chambre ∙ 2 personnes,Crans-Montana - Valais
26/08/2024,22/02/2025,01/03/2025,652.92,HDR9SF8,45 m² Appartement ∙ 1 chambre ∙ 2 personnes,Crans-Montana - Valais
26/08/2024,01/03/2025,08/03/2025,652.92,HDR9SF8,45 m² Appartement ∙ 1 chambre ∙ 2 personnes,Crans-Montana - Valais
26/08/2024,08/03/2025,15/03/2025,652.92,HDR9SF8,45 m² Appartement ∙ 1 chambre ∙ 2 personnes,Crans-Montana - Valais
26/08/2024,15/03/2025,22/03/2025,652.92,HDR9SF8,45 m² Appartement ∙ 1 chambre ∙ 2 personnes,Crans-Montana - Valais
26/08/2024,22/03/2025,29/03/2025,652.92,HDR9SF8,45 m² Appartement ∙ 1 chambre ∙ 2 personnes,Crans-Montana - Valais
26/08/2024,29/03/2025,05/04/2025,500.78,HDR9SF8,45 m² Appartement ∙ 1 chambre ∙ 2 personnes,Crans-Montana - Valais
26/08/2024,05/04/2025,12/04/2025,500.78,HDR9SF8,45 m² Appartement ∙ 1 chambre ∙ 2 personnes,Crans-Montana - Valais
26/08/2024,12/04/2025,19/04/2025,500.78,HDR9SF8,45 m² Appartement ∙ 1 chambre ∙ 2 personnes,Crans-Montana - Valais
26/08/2024,19/04/2025,26/04/2025,500.78,HDR9SF8,45 m² Appartement ∙ 1 chambre ∙ 2 personnes,Crans-Montana - Valais
26/08/2024,26/04/2025,03/05/2025,500.78,HDR9SF8,45 m² Appartement ∙ 1 chambre ∙ 2 personnes,Crans-Montana - Valais
26/08/2024,03/05/2025,10/05/2025,500.78,HDR9SF8,45 m² Appartement ∙ 1 chambre ∙ 2 personnes,Crans-Montana - Valais
26/08/2024,10/05/2025,17/05/2025,500.78,HDR9SF8,45 m² Appartement ∙ 1 chambre ∙ 2 personnes,Crans-Montana - Valais
26/08/2024,26/04/2025,03/05/2025,899.09,HXUSNPA,50 m² Maison de vacances ∙ 2 chambres ∙ 6 personnes,Simplon - Valais
26/08/2024,03/05/2025,10/05/2025,899.09,HXUSNPA,50 m² Maison de vacances ∙ 2 chambres ∙ 6 personnes,Simplon - Valais
26/08/2024,10/05/2025,17/05/2025,899.09,HXUSNPA,50 m² Maison de vacances ∙ 2 chambres ∙ 6 personnes,Simplon - Valais
26/08/2024,05/10/2024,12/10/2024,1413.60,HM87T15,61 m² Maison de vacances ∙ 2 chambres ∙ 4 personnes,Evolène - Valais
26/08/2024,12/10/2024,19/10/2024,1413.60,HM87T15,61 m² Maison de vacances ∙ 2 chambres ∙ 4 personnes,Evolène - Valais
26/08/2024,19/10/2024,26/10/2024,1413.60,HM87T15,61 m² Maison de vacances ∙ 2 chambres ∙ 4 personnes,Evolène - Valais
26/08/2024,26/10/2024,02/11/2024,1413.60,HM87T15,61 m² Maison de vacances ∙ 2 chambres ∙ 4 personnes,Evolène - Valais
26/08/2024,12/04/2025,19/04/2025,1088.16,HM87T15,61 m² Maison de vacances ∙ 2 chambres ∙ 4 personnes,Evolène - Valais
26/08/2024,26/04/2025,03/05/2025,1413.60,HM87T15,61 m² Maison de vacances ∙ 2 chambres ∙ 4 personnes,Evolène - Valais
26/08/2024,03/05/2025,10/05/2025,1413.60,HM87T15,61 m² Maison de vacances ∙ 2 chambres ∙ 4 personnes,Evolène - Valais
26/08/2024,10/05/2025,17/05/2025,1413.60,HM87T15,61 m² Maison de vacances ∙ 2 chambres ∙ 4 personnes,Evolène - Valais
26/08/2024,28/09/2024,05/10/2024,880.08,HNRUWBE,80 m² Maison de vacances ∙ 3 chambres ∙ 5 personnes,Orsières - Valais
26/08/2024,26/10/2024,02/11/2024,727.94,HNRUWBE,80 m² Maison de vacances ∙ 3 chambres ∙ 5 personnes,Orsières - Valais
26/08/2024,30/11/2024,07/12/2024,727.94,HNRUWBE,80 m² Maison de vacances ∙ 3 chambres ∙ 5 personnes,Orsières - Valais
26/08/2024,07/12/2024,14/12/2024,727.94,HNRUWBE,80 m² Maison de vacances ∙ 3 chambres ∙ 5 personnes,Orsières - Valais
26/08/2024,14/12/2024,21/12/2024,727.94,HNRUWBE,80 m² Maison de vacances ∙ 3 chambres ∙ 5 personnes,Orsières - Valais
26/08/2024,04/01/2025,11/01/2025,880.08,HNRUWBE,80 m² Maison de vacances ∙ 3 chambres ∙ 5 personnes,Orsières - Valais
26/08/2024,11/01/2025,18/01/2025,880.08,HNRUWBE,80 m² Maison de vacances ∙ 3 chambres ∙ 5 personnes,Orsières - Valais
26/08/2024,18/01/2025,25/01/2025,880.08,HNRUWBE,80 m² Maison de vacances ∙ 3 chambres ∙ 5 personnes,Orsières - Valais
26/08/2024,25/01/2025,01/02/2025,880.08,HNRUWBE,80 m² Maison de vacances ∙ 3 chambres ∙ 5 personnes,Orsières - Valais
26/08/2024,01/03/2025,08/03/2025,880.08,HNRUWBE,80 m² Maison de vacances ∙ 3 chambres ∙ 5 personnes,Orsières - Valais
26/08/2024,08/03/2025,15/03/2025,880.08,HNRUWBE,80 m² Maison de vacances ∙ 3 chambres ∙ 5 personnes,Orsières - Valais
26/08/2024,15/03/2025,22/03/2025,880.08,HNRUWBE,80 m² Maison de vacances ∙ 3 chambres ∙ 5 personnes,Orsières - Valais
26/08/2024,22/03/2025,29/03/2025,880.08,HNRUWBE,80 m² Maison de vacances ∙ 3 chambres ∙ 5 personnes,Orsières - Valais
26/08/2024,29/03/2025,05/04/2025,880.08,HNRUWBE,80 m² Maison de vacances ∙ 3 chambres ∙ 5 personnes,Orsières - Valais
26/08/2024,05/04/2025,12/04/2025,880.08,HNRUWBE,80 m² Maison de vacances ∙ 3 chambres ∙ 5 personnes,Orsières - Valais
26/08/2024,12/04/2025,19/04/2025,880.08,HNRUWBE,80 m² Maison de vacances ∙ 3 chambres ∙ 5 personnes,Orsières - Valais
26/08/2024,19/04/2025,26/04/2025,880.08,HNRUWBE,80 m² Maison de vacances ∙ 3 chambres ∙ 5 personnes,Orsières - Valais
26/08/2024,26/04/2025,03/05/2025,880.08,HNRUWBE,80 m² Maison de vacances ∙ 3 chambres ∙ 5 personnes,Orsières - Valais
26/08/2024,03/05/2025,10/05/2025,880.08,HNRUWBE,80 m² Maison de vacances ∙ 3 chambres ∙ 5 personnes,Orsières - Valais
26/08/2024,10/05/2025,17/05/2025,880.08,HNRUWBE,80 m² Maison de vacances ∙ 3 chambres ∙ 5 personnes,Orsières - Valais
26/08/2024,31/08/2024,07/09/2024,1034.75,H6JNGWA,125 m² Maison de vacances ∙ 3 chambres ∙ 6 personnes,Savièse - Valais
26/08/2024,07/09/2024,14/09/2024,1005.80,H6JNGWA,125 m² Maison de vacances ∙ 3 chambres ∙ 6 personnes,Savièse - Valais
26/08/2024,14/09/2024,21/09/2024,1005.80,H6JNGWA,125 m² Maison de vacances ∙ 3 chambres ∙ 6 personnes,Savièse - Valais
26/08/2024,05/10/2024,12/10/2024,1005.80,H6JNGWA,125 m² Maison de vacances ∙ 3 chambres ∙ 6 personnes,Savièse - Valais
26/08/2024,12/10/2024,19/10/2024,1005.80,H6JNGWA,125 m² Maison de vacances ∙ 3 chambres ∙ 6 personnes,Savièse - Valais
26/08/2024,19/10/2024,26/10/2024,1005.80,H6JNGWA,125 m² Maison de vacances ∙ 3 chambres ∙ 6 personnes,Savièse - Valais
26/08/2024,26/10/2024,02/11/2024,1005.80,H6JNGWA,125 m² Maison de vacances ∙ 3 chambres ∙ 6 personnes,Savièse - Valais
26/08/2024,02/11/2024,09/11/2024,1005.80,H6JNGWA,125 m² Maison de vacances ∙ 3 chambres ∙ 6 personnes,Savièse - Valais
26/08/2024,09/11/2024,16/11/2024,1005.80,H6JNGWA,125 m² Maison de vacances ∙ 3 chambres ∙ 6 personnes,Savièse - Valais
26/08/2024,16/11/2024,23/11/2024,1005.80,H6JNGWA,125 m² Maison de vacances ∙ 3 chambres ∙ 6 personnes,Savièse - Valais
26/08/2024,23/11/2024,30/11/2024,1005.80,H6JNGWA,125 m² Maison de vacances ∙ 3 chambres ∙ 6 personnes,Savièse - Valais
26/08/2024,30/11/2024,07/12/2024,1005.80,H6JNGWA,125 m² Maison de vacances ∙ 3 chambres ∙ 6 personnes,Savièse - Valais
26/08/2024,07/12/2024,14/12/2024,1005.80,H6JNGWA,125 m² Maison de vacances ∙ 3 chambres ∙ 6 personnes,Savièse - Valais
26/08/2024,14/12/2024,21/12/2024,1129.84,H6JNGWA,125 m² Maison de vacances ∙ 3 chambres ∙ 6 personnes,Savièse - Valais
26/08/2024,05/10/2024,12/10/2024,1520.32,HTJNW40,135 m² Maison de vacances ∙ 3 chambres ∙ 4 personnes,Vercorin - Valais
26/08/2024,30/11/2024,07/12/2024,1520.32,HTJNW40,135 m² Maison de vacances ∙ 3 chambres ∙ 4 personnes,Vercorin - Valais
26/08/2024,07/12/2024,14/12/2024,1520.32,HTJNW40,135 m² Maison de vacances ∙ 3 chambres ∙ 4 personnes,Vercorin - Valais
26/08/2024,14/12/2024,21/12/2024,1520.32,HTJNW40,135 m² Maison de vacances ∙ 3 chambres ∙ 4 personnes,Vercorin - Valais
26/08/2024,21/12/2024,28/12/2024,2777.57,HTJNW40,135 m² Maison de vacances ∙ 3 chambres ∙ 4 personnes,Vercorin - Valais
26/08/2024,28/12/2024,04/01/2025,2777.57,HTJNW40,135 m² Maison de vacances ∙ 3 chambres ∙ 4 personnes,Vercorin - Valais
26/08/2024,18/01/2025,25/01/2025,1520.32,HTJNW40,135 m² Maison de vacances ∙ 3 chambres ∙ 4 personnes,Vercorin - Valais
26/08/2024,15/02/2025,22/02/2025,2777.57,HTJNW40,135 m² Maison de vacances ∙ 3 chambres ∙ 4 personnes,Vercorin - Valais
26/08/2024,22/02/2025,01/03/2025,2777.57,HTJNW40,135 m² Maison de vacances ∙ 3 chambres ∙ 4 personnes,Vercorin - Valais
26/08/2024,01/03/2025,08/03/2025,2777.57,HTJNW40,135 m² Maison de vacances ∙ 3 chambres ∙ 4 personnes,Vercorin - Valais
26/08/2024,26/04/2025,03/05/2025,1520.32,HTJNW40,135 m² Maison de vacances ∙ 3 chambres ∙ 4 personnes,Vercorin - Valais
26/08/2024,03/05/2025,10/05/2025,1520.32,HTJNW40,135 m² Maison de vacances ∙ 3 chambres ∙ 4 personnes,Vercorin - Valais
26/08/2024,10/05/2025,17/05/2025,1520.32,HTJNW40,135 m² Maison de vacances ∙ 3 chambres ∙ 4 personnes,Vercorin - Valais
26/08/2024,28/09/2024,05/10/2024,495.50,HZVS437,50 m² Maison de vacances ∙ 1 chambre ∙ 4 personnes,Leuk - Valais
26/08/2024,05/10/2024,12/10/2024,495.50,HZVS437,50 m² Maison de vacances ∙ 1 chambre ∙ 4 personnes,Leuk - Valais
26/08/2024,12/10/2024,19/10/2024,495.50,HZVS437,50 m² Maison de vacances ∙ 1 chambre ∙ 4 personnes,Leuk - Valais
26/08/2024,02/11/2024,09/11/2024,495.50,HZVS437,50 m² Maison de vacances ∙ 1 chambre ∙ 4 personnes,Leuk - Valais
26/08/2024,09/11/2024,16/11/2024,495.50,HZVS437,50 m² Maison de vacances ∙ 1 chambre ∙ 4 personnes,Leuk - Valais
26/08/2024,16/11/2024,23/11/2024,495.50,HZVS437,50 m² Maison de vacances ∙ 1 chambre ∙ 4 personnes,Leuk - Valais
26/08/2024,23/11/2024,30/11/2024,495.50,HZVS437,50 m² Maison de vacances ∙ 1 chambre ∙ 4 personnes,Leuk - Valais
26/08/2024,30/11/2024,07/12/2024,495.50,HZVS437,50 m² Maison de vacances ∙ 1 chambre ∙ 4 personnes,Leuk - Valais
26/08/2024,07/12/2024,14/12/2024,495.50,HZVS437,50 m² Maison de vacances ∙ 1 chambre ∙ 4 personnes,Leuk - Valais
26/08/2024,14/12/2024,21/12/2024,495.50,HZVS437,50 m² Maison de vacances ∙ 1 chambre ∙ 4 personnes,Leuk - Valais
26/08/2024,07/09/2024,14/09/2024,761.60,MD3NMHC,90 m² Appartement ∙ 1 chambre ∙ 4 personnes,Staldenried - Valais
26/08/2024,05/10/2024,12/10/2024,761.60,MD3NMHC,90 m² Appartement ∙ 1 chambre ∙ 4 personnes,Staldenried - Valais
26/08/2024,12/10/2024,19/10/2024,761.60,MD3NMHC,90 m² Appartement ∙ 1 chambre ∙ 4 personnes,Staldenried - Valais
26/08/2024,16/11/2024,23/11/2024,761.60,MD3NMHC,90 m² Appartement ∙ 1 chambre ∙ 4 personnes,Staldenried - Valais
26/08/2024,07/12/2024,14/12/2024,761.60,MD3NMHC,90 m² Appartement ∙ 1 chambre ∙ 4 personnes,Staldenried - Valais
26/08/2024,14/12/2024,21/12/2024,761.60,MD3NMHC,90 m² Appartement ∙ 1 chambre ∙ 4 personnes,Staldenried - Valais
26/08/2024,04/01/2025,11/01/2025,761.60,MD3NMHC,90 m² Appartement ∙ 1 chambre ∙ 4 personnes,Staldenried - Valais
26/08/2024,11/01/2025,18/01/2025,761.60,MD3NMHC,90 m² Appartement ∙ 1 chambre ∙ 4 personnes,Staldenried - Valais
26/08/2024,18/01/2025,25/01/2025,761.60,MD3NMHC,90 m² Appartement ∙ 1 chambre ∙ 4 personnes,Staldenried - Valais
26/08/2024,25/01/2025,01/02/2025,761.60,MD3NMHC,90 m² Appartement ∙ 1 chambre ∙ 4 personnes,Staldenried - Valais
26/08/2024,22/02/2025,01/03/2025,761.60,MD3NMHC,90 m² Appartement ∙ 1 chambre ∙ 4 personnes,Staldenried - Valais
26/08/2024,01/03/2025,08/03/2025,761.60,MD3NMHC,90 m² Appartement ∙ 1 chambre ∙ 4 personnes,Staldenried - Valais
26/08/2024,08/03/2025,15/03/2025,761.60,MD3NMHC,90 m² Appartement ∙ 1 chambre ∙ 4 personnes,Staldenried - Valais
26/08/2024,15/03/2025,22/03/2025,761.60,MD3NMHC,90 m² Appartement ∙ 1 chambre ∙ 4 personnes,Staldenried - Valais
26/08/2024,22/03/2025,29/03/2025,761.60,MD3NMHC,90 m² Appartement ∙ 1 chambre ∙ 4 personnes,Staldenried - Valais
26/08/2024,29/03/2025,05/04/2025,761.60,MD3NMHC,90 m² Appartement ∙ 1 chambre ∙ 4 personnes,Staldenried - Valais
26/08/2024,05/04/2025,12/04/2025,761.60,MD3NMHC,90 m² Appartement ∙ 1 chambre ∙ 4 personnes,Staldenried - Valais
26/08/2024,26/04/2025,03/05/2025,761.60,MD3NMHC,90 m² Appartement ∙ 1 chambre ∙ 4 personnes,Staldenried - Valais
26/08/2024,03/05/2025,10/05/2025,761.60,MD3NMHC,90 m² Appartement ∙ 1 chambre ∙ 4 personnes,Staldenried - Valais
26/08/2024,10/05/2025,17/05/2025,761.60,MD3NMHC,90 m² Appartement ∙ 1 chambre ∙ 4 personnes,Staldenried - Valais
26/08/2024,31/08/2024,07/09/2024,665.60,H7XD6FJ,Appartement ∙ 1 chambre ∙ 4 personnes,Wiler (Lötschen) - Valais
26/08/2024,07/09/2024,14/09/2024,665.60,H7XD6FJ,Appartement ∙ 1 chambre ∙ 4 personnes,Wiler (Lötschen) - Valais
26/08/2024,14/09/2024,21/09/2024,665.60,H7XD6FJ,Appartement ∙ 1 chambre ∙ 4 personnes,Wiler (Lötschen) - Valais
26/08/2024,21/09/2024,28/09/2024,665.60,H7XD6FJ,Appartement ∙ 1 chambre ∙ 4 personnes,Wiler (Lötschen) - Valais
26/08/2024,28/09/2024,05/10/2024,665.60,H7XD6FJ,Appartement ∙ 1 chambre ∙ 4 personnes,Wiler (Lötschen) - Valais
26/08/2024,05/10/2024,12/10/2024,665.60,H7XD6FJ,Appartement ∙ 1 chambre ∙ 4 personnes,Wiler (Lötschen) - Valais
26/08/2024,12/10/2024,19/10/2024,665.60,H7XD6FJ,Appartement ∙ 1 chambre ∙ 4 personnes,Wiler (Lötschen) - Valais
26/08/2024,02/11/2024,09/11/2024,665.60,H7XD6FJ,Appartement ∙ 1 chambre ∙ 4 personnes,Wiler (Lötschen) - Valais
26/08/2024,09/11/2024,16/11/2024,665.60,H7XD6FJ,Appartement ∙ 1 chambre ∙ 4 personnes,Wiler (Lötschen) - Valais
26/08/2024,16/11/2024,23/11/2024,665.60,H7XD6FJ,Appartement ∙ 1 chambre ∙ 4 personnes,Wiler (Lötschen) - Valais
26/08/2024,23/11/2024,30/11/2024,665.60,H7XD6FJ,Appartement ∙ 1 chambre ∙ 4 personnes,Wiler (Lötschen) - Valais
26/08/2024,30/11/2024,07/12/2024,665.60,H7XD6FJ,Appartement ∙ 1 chambre ∙ 4 personnes,Wiler (Lötschen) - Valais
26/08/2024,07/12/2024,14/12/2024,665.60,H7XD6FJ,Appartement ∙ 1 chambre ∙ 4 personnes,Wiler (Lötschen) - Valais
26/08/2024,16/11/2024,23/11/2024,1145.26,H1LKGCB,50 m² Maison de vacances ∙ 2 personnes,Evolène - Valais
26/08/2024,23/11/2024,30/11/2024,1145.26,H1LKGCB,50 m² Maison de vacances ∙ 2 personnes,Evolène - Valais
26/08/2024,14/12/2024,21/12/2024,1145.26,H1LKGCB,50 m² Maison de vacances ∙ 2 personnes,Evolène - Valais
26/08/2024,28/12/2024,04/01/2025,1221.33,H1LKGCB,50 m² Maison de vacances ∙ 2 personnes,Evolène - Valais
26/08/2024,04/01/2025,11/01/2025,1145.26,H1LKGCB,50 m² Maison de vacances ∙ 2 personnes,Evolène - Valais
26/08/2024,11/01/2025,18/01/2025,1145.26,H1LKGCB,50 m² Maison de vacances ∙ 2 personnes,Evolène - Valais
26/08/2024,18/01/2025,25/01/2025,1145.26,H1LKGCB,50 m² Maison de vacances ∙ 2 personnes,Evolène - Valais
26/08/2024,15/02/2025,22/02/2025,1221.33,H1LKGCB,50 m² Maison de vacances ∙ 2 personnes,Evolène - Valais
26/08/2024,22/02/2025,01/03/2025,1145.26,H1LKGCB,50 m² Maison de vacances ∙ 2 personnes,Evolène - Valais
26/08/2024,01/03/2025,08/03/2025,1145.26,H1LKGCB,50 m² Maison de vacances ∙ 2 personnes,Evolène - Valais
26/08/2024,08/03/2025,15/03/2025,1145.26,H1LKGCB,50 m² Maison de vacances ∙ 2 personnes,Evolène - Valais
26/08/2024,15/03/2025,22/03/2025,1145.26,H1LKGCB,50 m² Maison de vacances ∙ 2 personnes,Evolène - Valais
26/08/2024,22/03/2025,29/03/2025,1145.26,H1LKGCB,50 m² Maison de vacances ∙ 2 personnes,Evolène - Valais
26/08/2024,29/03/2025,05/04/2025,1145.26,H1LKGCB,50 m² Maison de vacances ∙ 2 personnes,Evolène - Valais
26/08/2024,05/04/2025,12/04/2025,1145.26,H1LKGCB,50 m² Maison de vacances ∙ 2 personnes,Evolène - Valais
26/08/2024,12/04/2025,19/04/2025,1145.26,H1LKGCB,50 m² Maison de vacances ∙ 2 personnes,Evolène - Valais
26/08/2024,19/04/2025,26/04/2025,1145.26,H1LKGCB,50 m² Maison de vacances ∙ 2 personnes,Evolène - Valais
26/08/2024,26/04/2025,03/05/2025,1145.26,H1LKGCB,50 m² Maison de vacances ∙ 2 personnes,Evolène - Valais
26/08/2024,03/05/2025,10/05/2025,1145.26,H1LKGCB,50 m² Maison de vacances ∙ 2 personnes,Evolène - Valais
26/08/2024,10/05/2025,17/05/2025,1145.26,H1LKGCB,50 m² Maison de vacances ∙ 2 personnes,Evolène - Valais
26/08/2024,31/08/2024,07/09/2024,957.41,HJP2G5W,56 m² Appartement ∙ 2 chambres ∙ 4 personnes,Bellwald - Valais
26/08/2024,07/09/2024,14/09/2024,957.41,HJP2G5W,56 m² Appartement ∙ 2 chambres ∙ 4 personnes,Bellwald - Valais
26/08/2024,14/09/2024,21/09/2024,957.41,HJP2G5W,56 m² Appartement ∙ 2 chambres ∙ 4 personnes,Bellwald - Valais
26/08/2024,21/09/2024,28/09/2024,957.41,HJP2G5W,56 m² Appartement ∙ 2 chambres ∙ 4 personnes,Bellwald - Valais
26/08/2024,28/09/2024,05/10/2024,1031.37,HJP2G5W,56 m² Appartement ∙ 2 chambres ∙ 4 personnes,Bellwald - Valais
26/08/2024,19/10/2024,26/10/2024,978.54,HJP2G5W,56 m² Appartement ∙ 2 chambres ∙ 4 personnes,Bellwald - Valais
26/08/2024,26/10/2024,02/11/2024,957.41,HJP2G5W,56 m² Appartement ∙ 2 chambres ∙ 4 personnes,Bellwald - Valais
26/08/2024,02/11/2024,09/11/2024,957.41,HJP2G5W,56 m² Appartement ∙ 2 chambres ∙ 4 personnes,Bellwald - Valais
26/08/2024,09/11/2024,16/11/2024,957.41,HJP2G5W,56 m² Appartement ∙ 2 chambres ∙ 4 personnes,Bellwald - Valais
26/08/2024,16/11/2024,23/11/2024,957.41,HJP2G5W,56 m² Appartement ∙ 2 chambres ∙ 4 personnes,Bellwald - Valais
26/08/2024,23/11/2024,30/11/2024,957.41,HJP2G5W,56 m² Appartement ∙ 2 chambres ∙ 4 personnes,Bellwald - Valais
26/08/2024,30/11/2024,07/12/2024,957.41,HJP2G5W,56 m² Appartement ∙ 2 chambres ∙ 4 personnes,Bellwald - Valais
26/08/2024,07/12/2024,14/12/2024,957.41,HJP2G5W,56 m² Appartement ∙ 2 chambres ∙ 4 personnes,Bellwald - Valais
26/08/2024,11/01/2025,18/01/2025,1068.35,HJP2G5W,56 m² Appartement ∙ 2 chambres ∙ 4 personnes,Bellwald - Valais
26/08/2024,18/01/2025,25/01/2025,1068.35,HJP2G5W,56 m² Appartement ∙ 2 chambres ∙ 4 personnes,Bellwald - Valais
26/08/2024,08/03/2025,15/03/2025,1068.35,HJP2G5W,56 m² Appartement ∙ 2 chambres ∙ 4 personnes,Bellwald - Valais
26/08/2024,15/03/2025,22/03/2025,1068.35,HJP2G5W,56 m² Appartement ∙ 2 chambres ∙ 4 personnes,Bellwald - Valais
26/08/2024,22/03/2025,29/03/2025,1068.35,HJP2G5W,56 m² Appartement ∙ 2 chambres ∙ 4 personnes,Bellwald - Valais
26/08/2024,29/03/2025,05/04/2025,1068.35,HJP2G5W,56 m² Appartement ∙ 2 chambres ∙ 4 personnes,Bellwald - Valais
26/08/2024,05/04/2025,12/04/2025,989.11,HJP2G5W,56 m² Appartement ∙ 2 chambres ∙ 4 personnes,Bellwald - Valais
26/08/2024,12/04/2025,19/04/2025,957.41,HJP2G5W,56 m² Appartement ∙ 2 chambres ∙ 4 personnes,Bellwald - Valais
26/08/2024,19/04/2025,26/04/2025,957.41,HJP2G5W,56 m² Appartement ∙ 2 chambres ∙ 4 personnes,Bellwald - Valais
26/08/2024,26/04/2025,03/05/2025,957.41,HJP2G5W,56 m² Appartement ∙ 2 chambres ∙ 4 personnes,Bellwald - Valais
26/08/2024,03/05/2025,10/05/2025,957.41,HJP2G5W,56 m² Appartement ∙ 2 chambres ∙ 4 personnes,Bellwald - Valais
26/08/2024,10/05/2025,17/05/2025,957.41,HJP2G5W,56 m² Appartement ∙ 2 chambres ∙ 4 personnes,Bellwald - Valais
26/08/2024,31/08/2024,07/09/2024,1240.35,HMHYX7D,120 m² Appartement ∙ 2 chambres ∙ 4 personnes,Riederalp - Valais
26/08/2024,14/09/2024,21/09/2024,1240.35,HMHYX7D,120 m² Appartement ∙ 2 chambres ∙ 4 personnes,Riederalp - Valais
26/08/2024,21/09/2024,28/09/2024,1240.35,HMHYX7D,120 m² Appartement ∙ 2 chambres ∙ 4 personnes,Riederalp - Valais
26/08/2024,28/09/2024,05/10/2024,1240.35,HMHYX7D,120 m² Appartement ∙ 2 chambres ∙ 4 personnes,Riederalp - Valais
26/08/2024,05/10/2024,12/10/2024,1240.35,HMHYX7D,120 m² Appartement ∙ 2 chambres ∙ 4 personnes,Riederalp - Valais
26/08/2024,12/10/2024,19/10/2024,1240.35,HMHYX7D,120 m² Appartement ∙ 2 chambres ∙ 4 personnes,Riederalp - Valais
26/08/2024,15/03/2025,22/03/2025,2038.01,HMHYX7D,120 m² Appartement ∙ 2 chambres ∙ 4 personnes,Riederalp - Valais
26/08/2024,22/03/2025,29/03/2025,2038.01,HMHYX7D,120 m² Appartement ∙ 2 chambres ∙ 4 personnes,Riederalp - Valais
26/08/2024,29/03/2025,05/04/2025,1705.21,HMHYX7D,120 m² Appartement ∙ 2 chambres ∙ 4 personnes,Riederalp - Valais
26/08/2024,05/04/2025,12/04/2025,1705.21,HMHYX7D,120 m² Appartement ∙ 2 chambres ∙ 4 personnes,Riederalp - Valais
26/08/2024,07/09/2024,14/09/2024,1742.19,HF91CEU,81 m² Appartement ∙ 2 chambres ∙ 4 personnes,Zermatt - Valais
26/08/2024,12/10/2024,19/10/2024,1143.15,HF91CEU,81 m² Appartement ∙ 2 chambres ∙ 4 personnes,Zermatt - Valais
26/08/2024,02/11/2024,09/11/2024,1143.15,HF91CEU,81 m² Appartement ∙ 2 chambres ∙ 4 personnes,Zermatt - Valais
26/08/2024,09/11/2024,16/11/2024,1143.15,HF91CEU,81 m² Appartement ∙ 2 chambres ∙ 4 personnes,Zermatt - Valais
26/08/2024,16/11/2024,23/11/2024,1143.15,HF91CEU,81 m² Appartement ∙ 2 chambres ∙ 4 personnes,Zermatt - Valais
26/08/2024,23/11/2024,30/11/2024,1742.19,HF91CEU,81 m² Appartement ∙ 2 chambres ∙ 4 personnes,Zermatt - Valais
26/08/2024,30/11/2024,07/12/2024,1742.19,HF91CEU,81 m² Appartement ∙ 2 chambres ∙ 4 personnes,Zermatt - Valais
26/08/2024,21/12/2024,28/12/2024,2925.49,HF91CEU,81 m² Appartement ∙ 2 chambres ∙ 4 personnes,Zermatt - Valais
26/08/2024,04/01/2025,11/01/2025,2111.97,HF91CEU,81 m² Appartement ∙ 2 chambres ∙ 4 personnes,Zermatt - Valais
26/08/2024,11/01/2025,18/01/2025,2111.97,HF91CEU,81 m² Appartement ∙ 2 chambres ∙ 4 personnes,Zermatt - Valais
26/08/2024,18/01/2025,25/01/2025,2111.97,HF91CEU,81 m² Appartement ∙ 2 chambres ∙ 4 personnes,Zermatt - Valais
26/08/2024,01/02/2025,08/02/2025,2925.49,HF91CEU,81 m² Appartement ∙ 2 chambres ∙ 4 personnes,Zermatt - Valais
26/08/2024,01/03/2025,08/03/2025,2925.49,HF91CEU,81 m² Appartement ∙ 2 chambres ∙ 4 personnes,Zermatt - Valais
26/08/2024,15/03/2025,22/03/2025,2926.51,HF91CEU,81 m² Appartement ∙ 2 chambres ∙ 4 personnes,Zermatt - Valais
26/08/2024,22/03/2025,29/03/2025,2925.49,HF91CEU,81 m² Appartement ∙ 2 chambres ∙ 4 personnes,Zermatt - Valais
26/08/2024,29/03/2025,05/04/2025,2926.51,HF91CEU,81 m² Appartement ∙ 2 chambres ∙ 4 personnes,Zermatt - Valais
26/08/2024,05/04/2025,12/04/2025,2926.51,HF91CEU,81 m² Appartement ∙ 2 chambres ∙ 4 personnes,Zermatt - Valais
26/08/2024,19/04/2025,26/04/2025,2926.51,HF91CEU,81 m² Appartement ∙ 2 chambres ∙ 4 personnes,Zermatt - Valais
26/08/2024,26/04/2025,03/05/2025,1143.55,HF91CEU,81 m² Appartement ∙ 2 chambres ∙ 4 personnes,Zermatt - Valais
26/08/2024,03/05/2025,10/05/2025,1143.15,HF91CEU,81 m² Appartement ∙ 2 chambres ∙ 4 personnes,Zermatt - Valais
26/08/2024,10/05/2025,17/05/2025,1143.55,HF91CEU,81 m² Appartement ∙ 2 chambres ∙ 4 personnes,Zermatt - Valais
26/08/2024,31/08/2024,07/09/2024,613.83,HKHGUC9,33 m² Appartement ∙ 1 chambre ∙ 3 personnes,Riederalp - Valais
26/08/2024,07/09/2024,14/09/2024,505.14,HKHGUC9,33 m² Appartement ∙ 1 chambre ∙ 3 personnes,Riederalp - Valais
26/08/2024,14/09/2024,21/09/2024,504.97,HKHGUC9,33 m² Appartement ∙ 1 chambre ∙ 3 personnes,Riederalp - Valais
26/08/2024,21/09/2024,28/09/2024,504.97,HKHGUC9,33 m² Appartement ∙ 1 chambre ∙ 3 personnes,Riederalp - Valais
26/08/2024,28/09/2024,05/10/2024,922.33,HKHGUC9,33 m² Appartement ∙ 1 chambre ∙ 3 personnes,Riederalp - Valais
26/08/2024,05/10/2024,12/10/2024,922.66,HKHGUC9,33 m² Appartement ∙ 1 chambre ∙ 3 personnes,Riederalp - Valais
26/08/2024,12/10/2024,19/10/2024,922.33,HKHGUC9,33 m² Appartement ∙ 1 chambre ∙ 3 personnes,Riederalp - Valais
26/08/2024,19/10/2024,26/10/2024,922.33,HKHGUC9,33 m² Appartement ∙ 1 chambre ∙ 3 personnes,Riederalp - Valais
26/08/2024,26/10/2024,02/11/2024,713.14,HKHGUC9,33 m² Appartement ∙ 1 chambre ∙ 3 personnes,Riederalp - Valais
26/08/2024,02/11/2024,09/11/2024,628.83,HKHGUC9,33 m² Appartement ∙ 1 chambre ∙ 3 personnes,Riederalp - Valais
26/08/2024,09/11/2024,16/11/2024,628.83,HKHGUC9,33 m² Appartement ∙ 1 chambre ∙ 3 personnes,Riederalp - Valais
26/08/2024,16/11/2024,23/11/2024,628.83,HKHGUC9,33 m² Appartement ∙ 1 chambre ∙ 3 personnes,Riederalp - Valais
26/08/2024,23/11/2024,30/11/2024,628.83,HKHGUC9,33 m² Appartement ∙ 1 chambre ∙ 3 personnes,Riederalp - Valais
26/08/2024,30/11/2024,07/12/2024,830.71,HKHGUC9,33 m² Appartement ∙ 1 chambre ∙ 3 personnes,Riederalp - Valais
26/08/2024,07/12/2024,14/12/2024,830.42,HKHGUC9,33 m² Appartement ∙ 1 chambre ∙ 3 personnes,Riederalp - Valais
26/08/2024,18/01/2025,25/01/2025,1550.44,HKHGUC9,33 m² Appartement ∙ 1 chambre ∙ 3 personnes,Riederalp - Valais
26/08/2024,15/02/2025,22/02/2025,1550.44,HKHGUC9,33 m² Appartement ∙ 1 chambre ∙ 3 personnes,Riederalp - Valais
26/08/2024,22/02/2025,01/03/2025,1550.44,HKHGUC9,33 m² Appartement ∙ 1 chambre ∙ 3 personnes,Riederalp - Valais
26/08/2024,08/03/2025,15/03/2025,1550.44,HKHGUC9,33 m² Appartement ∙ 1 chambre ∙ 3 personnes,Riederalp - Valais
26/08/2024,15/03/2025,22/03/2025,1550.44,HKHGUC9,33 m² Appartement ∙ 1 chambre ∙ 3 personnes,Riederalp - Valais
26/08/2024,22/03/2025,29/03/2025,1549.90,HKHGUC9,33 m² Appartement ∙ 1 chambre ∙ 3 personnes,Riederalp - Valais
26/08/2024,29/03/2025,05/04/2025,1550.44,HKHGUC9,33 m² Appartement ∙ 1 chambre ∙ 3 personnes,Riederalp - Valais
26/08/2024,05/04/2025,12/04/2025,1550.44,HKHGUC9,33 m² Appartement ∙ 1 chambre ∙ 3 personnes,Riederalp - Valais
26/08/2024,12/04/2025,19/04/2025,1549.90,HKHGUC9,33 m² Appartement ∙ 1 chambre ∙ 3 personnes,Riederalp - Valais
26/08/2024,19/04/2025,26/04/2025,1072.36,HKHGUC9,33 m² Appartement ∙ 1 chambre ∙ 3 personnes,Riederalp - Valais
26/08/2024,07/09/2024,14/09/2024,1066.02,HG5HX6E,45 m² Appartement ∙ 1 chambre ∙ 4 personnes,Les Agettes - Valais
26/08/2024,14/09/2024,21/09/2024,1066.39,HG5HX6E,45 m² Appartement ∙ 1 chambre ∙ 4 personnes,Les Agettes - Valais
26/08/2024,12/10/2024,19/10/2024,1066.02,HG5HX6E,45 m² Appartement ∙ 1 chambre ∙ 4 personnes,Les Agettes - Valais
26/08/2024,19/10/2024,26/10/2024,1066.02,HG5HX6E,45 m² Appartement ∙ 1 chambre ∙ 4 personnes,Les Agettes - Valais
26/08/2024,26/10/2024,02/11/2024,1066.02,HG5HX6E,45 m² Appartement ∙ 1 chambre ∙ 4 personnes,Les Agettes - Valais
26/08/2024,02/11/2024,09/11/2024,1066.02,HG5HX6E,45 m² Appartement ∙ 1 chambre ∙ 4 personnes,Les Agettes - Valais
26/08/2024,09/11/2024,16/11/2024,1066.39,HG5HX6E,45 m² Appartement ∙ 1 chambre ∙ 4 personnes,Les Agettes - Valais
26/08/2024,16/11/2024,23/11/2024,1066.39,HG5HX6E,45 m² Appartement ∙ 1 chambre ∙ 4 personnes,Les Agettes - Valais
26/08/2024,23/11/2024,30/11/2024,1066.02,HG5HX6E,45 m² Appartement ∙ 1 chambre ∙ 4 personnes,Les Agettes - Valais
26/08/2024,30/11/2024,07/12/2024,1066.02,HG5HX6E,45 m² Appartement ∙ 1 chambre ∙ 4 personnes,Les Agettes - Valais
26/08/2024,07/12/2024,14/12/2024,1066.02,HG5HX6E,45 m² Appartement ∙ 1 chambre ∙ 4 personnes,Les Agettes - Valais
26/08/2024,14/12/2024,21/12/2024,1066.02,HG5HX6E,45 m² Appartement ∙ 1 chambre ∙ 4 personnes,Les Agettes - Valais
26/08/2024,21/12/2024,28/12/2024,2112.71,HG5HX6E,45 m² Appartement ∙ 1 chambre ∙ 4 personnes,Les Agettes - Valais
26/08/2024,28/12/2024,04/01/2025,2112.71,HG5HX6E,45 m² Appartement ∙ 1 chambre ∙ 4 personnes,Les Agettes - Valais
26/08/2024,04/01/2025,11/01/2025,2112.71,HG5HX6E,45 m² Appartement ∙ 1 chambre ∙ 4 personnes,Les Agettes - Valais
26/08/2024,11/01/2025,18/01/2025,1066.39,HG5HX6E,45 m² Appartement ∙ 1 chambre ∙ 4 personnes,Les Agettes - Valais
26/08/2024,18/01/2025,25/01/2025,1066.39,HG5HX6E,45 m² Appartement ∙ 1 chambre ∙ 4 personnes,Les Agettes - Valais
26/08/2024,25/01/2025,01/02/2025,1066.39,HG5HX6E,45 m² Appartement ∙ 1 chambre ∙ 4 personnes,Les Agettes - Valais
26/08/2024,01/02/2025,08/02/2025,1066.39,HG5HX6E,45 m² Appartement ∙ 1 chambre ∙ 4 personnes,Les Agettes - Valais
26/08/2024,08/02/2025,15/02/2025,1066.39,HG5HX6E,45 m² Appartement ∙ 1 chambre ∙ 4 personnes,Les Agettes - Valais
26/08/2024,15/02/2025,22/02/2025,1066.39,HG5HX6E,45 m² Appartement ∙ 1 chambre ∙ 4 personnes,Les Agettes - Valais
26/08/2024,01/03/2025,08/03/2025,1066.39,HG5HX6E,45 m² Appartement ∙ 1 chambre ∙ 4 personnes,Les Agettes - Valais
26/08/2024,08/03/2025,15/03/2025,1066.39,HG5HX6E,45 m² Appartement ∙ 1 chambre ∙ 4 personnes,Les Agettes - Valais
26/08/2024,15/03/2025,22/03/2025,1066.39,HG5HX6E,45 m² Appartement ∙ 1 chambre ∙ 4 personnes,Les Agettes - Valais
26/08/2024,22/03/2025,29/03/2025,1066.39,HG5HX6E,45 m² Appartement ∙ 1 chambre ∙ 4 personnes,Les Agettes - Valais
26/08/2024,29/03/2025,05/04/2025,1066.39,HG5HX6E,45 m² Appartement ∙ 1 chambre ∙ 4 personnes,Les Agettes - Valais
26/08/2024,05/04/2025,12/04/2025,1066.39,HG5HX6E,45 m² Appartement ∙ 1 chambre ∙ 4 personnes,Les Agettes - Valais
26/08/2024,12/04/2025,19/04/2025,1066.39,HG5HX6E,45 m² Appartement ∙ 1 chambre ∙ 4 personnes,Les Agettes - Valais
26/08/2024,19/04/2025,26/04/2025,1066.39,HG5HX6E,45 m² Appartement ∙ 1 chambre ∙ 4 personnes,Les Agettes - Valais
26/08/2024,26/04/2025,03/05/2025,1066.39,HG5HX6E,45 m² Appartement ∙ 1 chambre ∙ 4 personnes,Les Agettes - Valais
26/08/2024,03/05/2025,10/05/2025,1066.39,HG5HX6E,45 m² Appartement ∙ 1 chambre ∙ 4 personnes,Les Agettes - Valais
26/08/2024,10/05/2025,17/05/2025,1066.39,HG5HX6E,45 m² Appartement ∙ 1 chambre ∙ 4 personnes,Les Agettes - Valais
26/08/2024,31/08/2024,07/09/2024,1189.22,HTU0L2Y,51 m² Appartement ∙ 1 chambre ∙ 4 personnes,Saas Fee - Valais
26/08/2024,07/09/2024,14/09/2024,1189.22,HTU0L2Y,51 m² Appartement ∙ 1 chambre ∙ 4 personnes,Saas Fee - Valais
26/08/2024,14/09/2024,21/09/2024,1189.22,HTU0L2Y,51 m² Appartement ∙ 1 chambre ∙ 4 personnes,Saas Fee - Valais
26/08/2024,21/09/2024,28/09/2024,1189.22,HTU0L2Y,51 m² Appartement ∙ 1 chambre ∙ 4 personnes,Saas Fee - Valais
26/08/2024,30/11/2024,07/12/2024,1030.89,HTU0L2Y,51 m² Appartement ∙ 1 chambre ∙ 4 personnes,Saas Fee - Valais
26/08/2024,07/12/2024,14/12/2024,1030.89,HTU0L2Y,51 m² Appartement ∙ 1 chambre ∙ 4 personnes,Saas Fee - Valais
26/08/2024,04/01/2025,11/01/2025,1189.22,HTU0L2Y,51 m² Appartement ∙ 1 chambre ∙ 4 personnes,Saas Fee - Valais
26/08/2024,11/01/2025,18/01/2025,1189.22,HTU0L2Y,51 m² Appartement ∙ 1 chambre ∙ 4 personnes,Saas Fee - Valais
26/08/2024,18/01/2025,25/01/2025,1189.22,HTU0L2Y,51 m² Appartement ∙ 1 chambre ∙ 4 personnes,Saas Fee - Valais
26/08/2024,25/01/2025,01/02/2025,1505.86,HTU0L2Y,51 m² Appartement ∙ 1 chambre ∙ 4 personnes,Saas Fee - Valais
26/08/2024,01/02/2025,08/02/2025,1505.86,HTU0L2Y,51 m² Appartement ∙ 1 chambre ∙ 4 personnes,Saas Fee - Valais
26/08/2024,15/03/2025,22/03/2025,1189.22,HTU0L2Y,51 m² Appartement ∙ 1 chambre ∙ 4 personnes,Saas Fee - Valais
26/08/2024,22/03/2025,29/03/2025,1189.22,HTU0L2Y,51 m² Appartement ∙ 1 chambre ∙ 4 personnes,Saas Fee - Valais
26/08/2024,29/03/2025,05/04/2025,1189.22,HTU0L2Y,51 m² Appartement ∙ 1 chambre ∙ 4 personnes,Saas Fee - Valais
26/08/2024,05/04/2025,12/04/2025,1189.22,HTU0L2Y,51 m² Appartement ∙ 1 chambre ∙ 4 personnes,Saas Fee - Valais
26/08/2024,12/04/2025,19/04/2025,1505.86,HTU0L2Y,51 m² Appartement ∙ 1 chambre ∙ 4 personnes,Saas Fee - Valais
26/08/2024,19/04/2025,26/04/2025,1505.86,HTU0L2Y,51 m² Appartement ∙ 1 chambre ∙ 4 personnes,Saas Fee - Valais
26/08/2024,26/04/2025,03/05/2025,1030.89,HTU0L2Y,51 m² Appartement ∙ 1 chambre ∙ 4 personnes,Saas Fee - Valais
26/08/2024,03/05/2025,10/05/2025,1030.89,HTU0L2Y,51 m² Appartement ∙ 1 chambre ∙ 4 personnes,Saas Fee - Valais
26/08/2024,07/09/2024,14/09/2024,997.59,HY6935P,60 m² Appartement ∙ 1 chambre ∙ 4 personnes,Saas Grund - Valais
26/08/2024,14/09/2024,21/09/2024,997.59,HY6935P,60 m² Appartement ∙ 1 chambre ∙ 4 personnes,Saas Grund - Valais
26/08/2024,21/09/2024,28/09/2024,997.59,HY6935P,60 m² Appartement ∙ 1 chambre ∙ 4 personnes,Saas Grund - Valais
26/08/2024,28/09/2024,05/10/2024,997.59,HY6935P,60 m² Appartement ∙ 1 chambre ∙ 4 personnes,Saas Grund - Valais
26/08/2024,05/10/2024,12/10/2024,997.59,HY6935P,60 m² Appartement ∙ 1 chambre ∙ 4 personnes,Saas Grund - Valais
26/08/2024,25/01/2025,01/02/2025,1155.91,HY6935P,60 m² Appartement ∙ 1 chambre ∙ 4 personnes,Saas Grund - Valais
26/08/2024,01/02/2025,08/02/2025,1314.23,HY6935P,60 m² Appartement ∙ 1 chambre ∙ 4 personnes,Saas Grund - Valais
26/08/2024,08/02/2025,15/02/2025,1314.23,HY6935P,60 m² Appartement ∙ 1 chambre ∙ 4 personnes,Saas Grund - Valais
26/08/2024,22/02/2025,01/03/2025,1314.23,HY6935P,60 m² Appartement ∙ 1 chambre ∙ 4 personnes,Saas Grund - Valais
26/08/2024,08/03/2025,15/03/2025,1076.75,HY6935P,60 m² Appartement ∙ 1 chambre ∙ 4 personnes,Saas Grund - Valais
26/08/2024,12/04/2025,19/04/2025,1155.91,HY6935P,60 m² Appartement ∙ 1 chambre ∙ 4 personnes,Saas Grund - Valais
26/08/2024,19/04/2025,26/04/2025,1155.91,HY6935P,60 m² Appartement ∙ 1 chambre ∙ 4 personnes,Saas Grund - Valais
26/08/2024,28/09/2024,05/10/2024,1192.80,HZXUYW6,55 m² Appartement ∙ 1 chambre ∙ 4 personnes,Saas Fee - Valais
26/08/2024,05/10/2024,12/10/2024,1192.80,HZXUYW6,55 m² Appartement ∙ 1 chambre ∙ 4 personnes,Saas Fee - Valais
26/08/2024,12/10/2024,19/10/2024,1192.80,HZXUYW6,55 m² Appartement ∙ 1 chambre ∙ 4 personnes,Saas Fee - Valais
26/08/2024,26/10/2024,02/11/2024,994.90,HZXUYW6,55 m² Appartement ∙ 1 chambre ∙ 4 personnes,Saas Fee - Valais
26/08/2024,02/11/2024,09/11/2024,994.90,HZXUYW6,55 m² Appartement ∙ 1 chambre ∙ 4 personnes,Saas Fee - Valais
26/08/2024,09/11/2024,16/11/2024,994.90,HZXUYW6,55 m² Appartement ∙ 1 chambre ∙ 4 personnes,Saas Fee - Valais
26/08/2024,16/11/2024,23/11/2024,994.90,HZXUYW6,55 m² Appartement ∙ 1 chambre ∙ 4 personnes,Saas Fee - Valais
26/08/2024,23/11/2024,30/11/2024,994.90,HZXUYW6,55 m² Appartement ∙ 1 chambre ∙ 4 personnes,Saas Fee - Valais
26/08/2024,30/11/2024,07/12/2024,1390.70,HZXUYW6,55 m² Appartement ∙ 1 chambre ∙ 4 personnes,Saas Fee - Valais
26/08/2024,07/12/2024,14/12/2024,1390.70,HZXUYW6,55 m² Appartement ∙ 1 chambre ∙ 4 personnes,Saas Fee - Valais
26/08/2024,14/12/2024,21/12/2024,1390.70,HZXUYW6,55 m² Appartement ∙ 1 chambre ∙ 4 personnes,Saas Fee - Valais
26/08/2024,04/01/2025,11/01/2025,1390.70,HZXUYW6,55 m² Appartement ∙ 1 chambre ∙ 4 personnes,Saas Fee - Valais
26/08/2024,11/01/2025,18/01/2025,1390.70,HZXUYW6,55 m² Appartement ∙ 1 chambre ∙ 4 personnes,Saas Fee - Valais
26/08/2024,22/03/2025,29/03/2025,1390.70,HZXUYW6,55 m² Appartement ∙ 1 chambre ∙ 4 personnes,Saas Fee - Valais
26/08/2024,29/03/2025,05/04/2025,1390.70,HZXUYW6,55 m² Appartement ∙ 1 chambre ∙ 4 personnes,Saas Fee - Valais
26/08/2024,03/05/2025,10/05/2025,1390.70,HZXUYW6,55 m² Appartement ∙ 1 chambre ∙ 4 personnes,Saas Fee - Valais
26/08/2024,10/05/2025,17/05/2025,1390.70,HZXUYW6,55 m² Appartement ∙ 1 chambre ∙ 4 personnes,Saas Fee - Valais
26/08/2024,05/10/2024,12/10/2024,876.16,HJZUEP7,36 m² Appartement ∙ 1 chambre ∙ 2 personnes,Saas Fee - Valais
26/08/2024,12/10/2024,19/10/2024,876.16,HJZUEP7,36 m² Appartement ∙ 1 chambre ∙ 2 personnes,Saas Fee - Valais
26/08/2024,19/10/2024,26/10/2024,876.16,HJZUEP7,36 m² Appartement ∙ 1 chambre ∙ 2 personnes,Saas Fee - Valais
26/08/2024,26/10/2024,02/11/2024,876.16,HJZUEP7,36 m² Appartement ∙ 1 chambre ∙ 2 personnes,Saas Fee - Valais
26/08/2024,02/11/2024,09/11/2024,876.16,HJZUEP7,36 m² Appartement ∙ 1 chambre ∙ 2 personnes,Saas Fee - Valais
26/08/2024,09/11/2024,16/11/2024,876.16,HJZUEP7,36 m² Appartement ∙ 1 chambre ∙ 2 personnes,Saas Fee - Valais
26/08/2024,16/11/2024,23/11/2024,876.16,HJZUEP7,36 m² Appartement ∙ 1 chambre ∙ 2 personnes,Saas Fee - Valais
26/08/2024,23/11/2024,30/11/2024,876.16,HJZUEP7,36 m² Appartement ∙ 1 chambre ∙ 2 personnes,Saas Fee - Valais
26/08/2024,30/11/2024,07/12/2024,876.16,HJZUEP7,36 m² Appartement ∙ 1 chambre ∙ 2 personnes,Saas Fee - Valais
26/08/2024,07/12/2024,14/12/2024,876.16,HJZUEP7,36 m² Appartement ∙ 1 chambre ∙ 2 personnes,Saas Fee - Valais
26/08/2024,14/12/2024,21/12/2024,876.16,HJZUEP7,36 m² Appartement ∙ 1 chambre ∙ 2 personnes,Saas Fee - Valais
26/08/2024,04/01/2025,11/01/2025,876.16,HJZUEP7,36 m² Appartement ∙ 1 chambre ∙ 2 personnes,Saas Fee - Valais
26/08/2024,11/01/2025,18/01/2025,876.16,HJZUEP7,36 m² Appartement ∙ 1 chambre ∙ 2 personnes,Saas Fee - Valais
26/08/2024,18/01/2025,25/01/2025,876.16,HJZUEP7,36 m² Appartement ∙ 1 chambre ∙ 2 personnes,Saas Fee - Valais
26/08/2024,25/01/2025,01/02/2025,876.16,HJZUEP7,36 m² Appartement ∙ 1 chambre ∙ 2 personnes,Saas Fee - Valais
26/08/2024,01/02/2025,08/02/2025,876.16,HJZUEP7,36 m² Appartement ∙ 1 chambre ∙ 2 personnes,Saas Fee - Valais
26/08/2024,08/02/2025,15/02/2025,876.16,HJZUEP7,36 m² Appartement ∙ 1 chambre ∙ 2 personnes,Saas Fee - Valais
26/08/2024,22/02/2025,01/03/2025,876.16,HJZUEP7,36 m² Appartement ∙ 1 chambre ∙ 2 personnes,Saas Fee - Valais
26/08/2024,01/03/2025,08/03/2025,876.16,HJZUEP7,36 m² Appartement ∙ 1 chambre ∙ 2 personnes,Saas Fee - Valais
26/08/2024,15/03/2025,22/03/2025,876.16,HJZUEP7,36 m² Appartement ∙ 1 chambre ∙ 2 personnes,Saas Fee - Valais
26/08/2024,22/03/2025,29/03/2025,876.16,HJZUEP7,36 m² Appartement ∙ 1 chambre ∙ 2 personnes,Saas Fee - Valais
26/08/2024,29/03/2025,05/04/2025,876.16,HJZUEP7,36 m² Appartement ∙ 1 chambre ∙ 2 personnes,Saas Fee - Valais
26/08/2024,05/04/2025,12/04/2025,876.16,HJZUEP7,36 m² Appartement ∙ 1 chambre ∙ 2 personnes,Saas Fee - Valais
26/08/2024,12/04/2025,19/04/2025,876.16,HJZUEP7,36 m² Appartement ∙ 1 chambre ∙ 2 personnes,Saas Fee - Valais
26/08/2024,19/04/2025,26/04/2025,876.16,HJZUEP7,36 m² Appartement ∙ 1 chambre ∙ 2 personnes,Saas Fee - Valais
26/08/2024,26/04/2025,03/05/2025,876.16,HJZUEP7,36 m² Appartement ∙ 1 chambre ∙ 2 personnes,Saas Fee - Valais
26/08/2024,03/05/2025,10/05/2025,876.16,HJZUEP7,36 m² Appartement ∙ 1 chambre ∙ 2 personnes,Saas Fee - Valais
26/08/2024,10/05/2025,17/05/2025,876.16,HJZUEP7,36 m² Appartement ∙ 1 chambre ∙ 2 personnes,Saas Fee - Valais
26/08/2024,14/09/2024,21/09/2024,449.00,HJ4M9RP,47 m² Appartement ∙ 2 chambres ∙ 4 personnes,Saint-Nicolas - Valais
26/08/2024,21/09/2024,28/09/2024,449.00,HJ4M9RP,47 m² Appartement ∙ 2 chambres ∙ 4 personnes,Saint-Nicolas - Valais
26/08/2024,19/10/2024,26/10/2024,449.00,HJ4M9RP,47 m² Appartement ∙ 2 chambres ∙ 4 personnes,Saint-Nicolas - Valais
26/08/2024,26/10/2024,02/11/2024,449.00,HJ4M9RP,47 m² Appartement ∙ 2 chambres ∙ 4 personnes,Saint-Nicolas - Valais
26/08/2024,02/11/2024,09/11/2024,449.00,HJ4M9RP,47 m² Appartement ∙ 2 chambres ∙ 4 personnes,Saint-Nicolas - Valais
26/08/2024,09/11/2024,16/11/2024,449.00,HJ4M9RP,47 m² Appartement ∙ 2 chambres ∙ 4 personnes,Saint-Nicolas - Valais
26/08/2024,16/11/2024,23/11/2024,449.00,HJ4M9RP,47 m² Appartement ∙ 2 chambres ∙ 4 personnes,Saint-Nicolas - Valais
26/08/2024,23/11/2024,30/11/2024,449.00,HJ4M9RP,47 m² Appartement ∙ 2 chambres ∙ 4 personnes,Saint-Nicolas - Valais
26/08/2024,30/11/2024,07/12/2024,456.00,HJ4M9RP,47 m² Appartement ∙ 2 chambres ∙ 4 personnes,Saint-Nicolas - Valais
26/08/2024,07/12/2024,14/12/2024,456.00,HJ4M9RP,47 m² Appartement ∙ 2 chambres ∙ 4 personnes,Saint-Nicolas - Valais
26/08/2024,14/12/2024,21/12/2024,517.00,HJ4M9RP,47 m² Appartement ∙ 2 chambres ∙ 4 personnes,Saint-Nicolas - Valais
26/08/2024,04/01/2025,11/01/2025,517.00,HJ4M9RP,47 m² Appartement ∙ 2 chambres ∙ 4 personnes,Saint-Nicolas - Valais
26/08/2024,11/01/2025,18/01/2025,517.00,HJ4M9RP,47 m² Appartement ∙ 2 chambres ∙ 4 personnes,Saint-Nicolas - Valais
26/08/2024,18/01/2025,25/01/2025,517.00,HJ4M9RP,47 m² Appartement ∙ 2 chambres ∙ 4 personnes,Saint-Nicolas - Valais
26/08/2024,25/01/2025,01/02/2025,517.00,HJ4M9RP,47 m² Appartement ∙ 2 chambres ∙ 4 personnes,Saint-Nicolas - Valais
26/08/2024,01/02/2025,08/02/2025,729.00,HJ4M9RP,47 m² Appartement ∙ 2 chambres ∙ 4 personnes,Saint-Nicolas - Valais
26/08/2024,08/02/2025,15/02/2025,729.00,HJ4M9RP,47 m² Appartement ∙ 2 chambres ∙ 4 personnes,Saint-Nicolas - Valais
26/08/2024,15/02/2025,22/02/2025,729.00,HJ4M9RP,47 m² Appartement ∙ 2 chambres ∙ 4 personnes,Saint-Nicolas - Valais
26/08/2024,22/02/2025,01/03/2025,729.00,HJ4M9RP,47 m² Appartement ∙ 2 chambres ∙ 4 personnes,Saint-Nicolas - Valais
26/08/2024,01/03/2025,08/03/2025,729.00,HJ4M9RP,47 m² Appartement ∙ 2 chambres ∙ 4 personnes,Saint-Nicolas - Valais
26/08/2024,08/03/2025,15/03/2025,517.00,HJ4M9RP,47 m² Appartement ∙ 2 chambres ∙ 4 personnes,Saint-Nicolas - Valais
26/08/2024,15/03/2025,22/03/2025,456.00,HJ4M9RP,47 m² Appartement ∙ 2 chambres ∙ 4 personnes,Saint-Nicolas - Valais
26/08/2024,22/03/2025,29/03/2025,456.00,HJ4M9RP,47 m² Appartement ∙ 2 chambres ∙ 4 personnes,Saint-Nicolas - Valais
26/08/2024,29/03/2025,05/04/2025,456.00,HJ4M9RP,47 m² Appartement ∙ 2 chambres ∙ 4 personnes,Saint-Nicolas - Valais
26/08/2024,05/04/2025,12/04/2025,456.00,HJ4M9RP,47 m² Appartement ∙ 2 chambres ∙ 4 personnes,Saint-Nicolas - Valais
26/08/2024,12/04/2025,19/04/2025,517.00,HJ4M9RP,47 m² Appartement ∙ 2 chambres ∙ 4 personnes,Saint-Nicolas - Valais
26/08/2024,19/04/2025,26/04/2025,517.00,HJ4M9RP,47 m² Appartement ∙ 2 chambres ∙ 4 personnes,Saint-Nicolas - Valais
26/08/2024,26/04/2025,03/05/2025,494.00,HJ4M9RP,47 m² Appartement ∙ 2 chambres ∙ 4 personnes,Saint-Nicolas - Valais
26/08/2024,03/05/2025,10/05/2025,456.00,HJ4M9RP,47 m² Appartement ∙ 2 chambres ∙ 4 personnes,Saint-Nicolas - Valais
26/08/2024,10/05/2025,17/05/2025,456.00,HJ4M9RP,47 m² Appartement ∙ 2 chambres ∙ 4 personnes,Saint-Nicolas - Valais
26/08/2024,07/09/2024,14/09/2024,523.02,HUVDXG0,65 m² Maison de vacances ∙ 3 chambres ∙ 5 personnes,Hérémence - Valais
26/08/2024,14/09/2024,21/09/2024,523.02,HUVDXG0,65 m² Maison de vacances ∙ 3 chambres ∙ 5 personnes,Hérémence - Valais
26/08/2024,21/09/2024,28/09/2024,523.02,HUVDXG0,65 m² Maison de vacances ∙ 3 chambres ∙ 5 personnes,Hérémence - Valais
26/08/2024,28/09/2024,05/10/2024,523.02,HUVDXG0,65 m² Maison de vacances ∙ 3 chambres ∙ 5 personnes,Hérémence - Valais
26/08/2024,05/10/2024,12/10/2024,523.02,HUVDXG0,65 m² Maison de vacances ∙ 3 chambres ∙ 5 personnes,Hérémence - Valais
26/08/2024,12/10/2024,19/10/2024,523.02,HUVDXG0,65 m² Maison de vacances ∙ 3 chambres ∙ 5 personnes,Hérémence - Valais
26/08/2024,19/10/2024,26/10/2024,523.02,HUVDXG0,65 m² Maison de vacances ∙ 3 chambres ∙ 5 personnes,Hérémence - Valais
26/08/2024,26/10/2024,02/11/2024,523.02,HUVDXG0,65 m² Maison de vacances ∙ 3 chambres ∙ 5 personnes,Hérémence - Valais
26/08/2024,02/11/2024,09/11/2024,523.02,HUVDXG0,65 m² Maison de vacances ∙ 3 chambres ∙ 5 personnes,Hérémence - Valais
26/08/2024,14/09/2024,21/09/2024,369.75,H5B67TZ,Appartement ∙ 2 chambres ∙ 4 personnes,Grächen - Valais
26/08/2024,12/10/2024,19/10/2024,369.75,H5B67TZ,Appartement ∙ 2 chambres ∙ 4 personnes,Grächen - Valais
26/08/2024,19/10/2024,26/10/2024,369.75,H5B67TZ,Appartement ∙ 2 chambres ∙ 4 personnes,Grächen - Valais
26/08/2024,26/10/2024,02/11/2024,369.75,H5B67TZ,Appartement ∙ 2 chambres ∙ 4 personnes,Grächen - Valais
26/08/2024,02/11/2024,09/11/2024,369.75,H5B67TZ,Appartement ∙ 2 chambres ∙ 4 personnes,Grächen - Valais
26/08/2024,09/11/2024,16/11/2024,369.75,H5B67TZ,Appartement ∙ 2 chambres ∙ 4 personnes,Grächen - Valais
26/08/2024,16/11/2024,23/11/2024,369.75,H5B67TZ,Appartement ∙ 2 chambres ∙ 4 personnes,Grächen - Valais
26/08/2024,23/11/2024,30/11/2024,369.75,H5B67TZ,Appartement ∙ 2 chambres ∙ 4 personnes,Grächen - Valais
26/08/2024,30/11/2024,07/12/2024,369.75,H5B67TZ,Appartement ∙ 2 chambres ∙ 4 personnes,Grächen - Valais
26/08/2024,07/12/2024,14/12/2024,369.75,H5B67TZ,Appartement ∙ 2 chambres ∙ 4 personnes,Grächen - Valais
26/08/2024,14/12/2024,21/12/2024,369.75,H5B67TZ,Appartement ∙ 2 chambres ∙ 4 personnes,Grächen - Valais
26/08/2024,21/12/2024,28/12/2024,739.50,H5B67TZ,Appartement ∙ 2 chambres ∙ 4 personnes,Grächen - Valais
26/08/2024,04/01/2025,11/01/2025,517.65,H5B67TZ,Appartement ∙ 2 chambres ∙ 4 personnes,Grächen - Valais
26/08/2024,18/01/2025,25/01/2025,517.65,H5B67TZ,Appartement ∙ 2 chambres ∙ 4 personnes,Grächen - Valais
26/08/2024,15/03/2025,22/03/2025,517.65,H5B67TZ,Appartement ∙ 2 chambres ∙ 4 personnes,Grächen - Valais
26/08/2024,22/03/2025,29/03/2025,517.65,H5B67TZ,Appartement ∙ 2 chambres ∙ 4 personnes,Grächen - Valais
26/08/2024,29/03/2025,05/04/2025,517.65,H5B67TZ,Appartement ∙ 2 chambres ∙ 4 personnes,Grächen - Valais
26/08/2024,05/04/2025,12/04/2025,517.65,H5B67TZ,Appartement ∙ 2 chambres ∙ 4 personnes,Grächen - Valais
26/08/2024,29/03/2025,05/04/2025,517.65,H5B67TZ,Appartement ∙ 2 chambres ∙ 4 personnes,Grächen - Valais
26/08/2024,05/04/2025,12/04/2025,517.65,H5B67TZ,Appartement ∙ 2 chambres ∙ 4 personnes,Grächen - Valais
26/08/2024,12/04/2025,19/04/2025,739.50,H5B67TZ,Appartement ∙ 2 chambres ∙ 4 personnes,Grächen - Valais
26/08/2024,19/04/2025,26/04/2025,515.54,H5B67TZ,Appartement ∙ 2 chambres ∙ 4 personnes,Grächen - Valais
26/08/2024,26/04/2025,03/05/2025,369.75,H5B67TZ,Appartement ∙ 2 chambres ∙ 4 personnes,Grächen - Valais
26/08/2024,03/05/2025,10/05/2025,369.75,H5B67TZ,Appartement ∙ 2 chambres ∙ 4 personnes,Grächen - Valais
26/08/2024,10/05/2025,17/05/2025,369.75,H5B67TZ,Appartement ∙ 2 chambres ∙ 4 personnes,Grächen - Valais
26/08/2024,05/10/2024,12/10/2024,340.17,HVBHC07,Appartement ∙ 1 chambre ∙ 2 personnes,Termen - Valais
26/08/2024,09/11/2024,16/11/2024,488.45,H35XSYW,100 m² Chalet ∙ 2 chambres ∙ 5 personnes,Fiesch - Valais
26/08/2024,16/11/2024,23/11/2024,488.45,H35XSYW,100 m² Chalet ∙ 2 chambres ∙ 5 personnes,Fiesch - Valais
26/08/2024,23/11/2024,30/11/2024,488.45,H35XSYW,100 m² Chalet ∙ 2 chambres ∙ 5 personnes,Fiesch - Valais
26/08/2024,30/11/2024,07/12/2024,488.45,H35XSYW,100 m² Chalet ∙ 2 chambres ∙ 5 personnes,Fiesch - Valais
26/08/2024,07/12/2024,14/12/2024,488.45,H35XSYW,100 m² Chalet ∙ 2 chambres ∙ 5 personnes,Fiesch - Valais
26/08/2024,14/12/2024,21/12/2024,488.45,H35XSYW,100 m² Chalet ∙ 2 chambres ∙ 5 personnes,Fiesch - Valais
26/08/2024,04/01/2025,11/01/2025,848.49,H35XSYW,100 m² Chalet ∙ 2 chambres ∙ 5 personnes,Fiesch - Valais
26/08/2024,11/01/2025,18/01/2025,859.12,H35XSYW,100 m² Chalet ∙ 2 chambres ∙ 5 personnes,Fiesch - Valais
26/08/2024,18/01/2025,25/01/2025,859.12,H35XSYW,100 m² Chalet ∙ 2 chambres ∙ 5 personnes,Fiesch - Valais
26/08/2024,25/01/2025,01/02/2025,1028.01,H35XSYW,100 m² Chalet ∙ 2 chambres ∙ 5 personnes,Fiesch - Valais
26/08/2024,01/02/2025,08/02/2025,1028.01,H35XSYW,100 m² Chalet ∙ 2 chambres ∙ 5 personnes,Fiesch - Valais
26/08/2024,08/02/2025,15/02/2025,1028.01,H35XSYW,100 m² Chalet ∙ 2 chambres ∙ 5 personnes,Fiesch - Valais
26/08/2024,15/02/2025,22/02/2025,1322.58,H35XSYW,100 m² Chalet ∙ 2 chambres ∙ 5 personnes,Fiesch - Valais
26/08/2024,08/03/2025,15/03/2025,779.77,H35XSYW,100 m² Chalet ∙ 2 chambres ∙ 5 personnes,Fiesch - Valais
26/08/2024,15/03/2025,22/03/2025,779.77,H35XSYW,100 m² Chalet ∙ 2 chambres ∙ 5 personnes,Fiesch - Valais
26/08/2024,22/03/2025,29/03/2025,779.77,H35XSYW,100 m² Chalet ∙ 2 chambres ∙ 5 personnes,Fiesch - Valais
26/08/2024,29/03/2025,05/04/2025,779.79,H35XSYW,100 m² Chalet ∙ 2 chambres ∙ 5 personnes,Fiesch - Valais
26/08/2024,05/04/2025,12/04/2025,920.54,H35XSYW,100 m² Chalet ∙ 2 chambres ∙ 5 personnes,Fiesch - Valais
26/08/2024,12/04/2025,19/04/2025,1277.65,H35XSYW,100 m² Chalet ∙ 2 chambres ∙ 5 personnes,Fiesch - Valais
26/08/2024,19/04/2025,26/04/2025,920.54,H35XSYW,100 m² Chalet ∙ 2 chambres ∙ 5 personnes,Fiesch - Valais
26/08/2024,26/04/2025,03/05/2025,654.96,H35XSYW,100 m² Chalet ∙ 2 chambres ∙ 5 personnes,Fiesch - Valais
26/08/2024,03/05/2025,10/05/2025,654.96,H35XSYW,100 m² Chalet ∙ 2 chambres ∙ 5 personnes,Fiesch - Valais
26/08/2024,10/05/2025,17/05/2025,654.96,H35XSYW,100 m² Chalet ∙ 2 chambres ∙ 5 personnes,Fiesch - Valais
26/08/2024,19/10/2024,26/10/2024,595.53,HF31HW6,100 m² Maison de vacances ∙ 3 chambres ∙ 6 personnes,Fiesch - Valais
26/08/2024,26/10/2024,02/11/2024,595.53,HF31HW6,100 m² Maison de vacances ∙ 3 chambres ∙ 6 personnes,Fiesch - Valais
26/08/2024,02/11/2024,09/11/2024,595.53,HF31HW6,100 m² Maison de vacances ∙ 3 chambres ∙ 6 personnes,Fiesch - Valais
26/08/2024,31/08/2024,07/09/2024,870.00,HTD7SC5,90 m² Maison de vacances ∙ 3 chambres ∙ 6 personnes,Bellwald - Valais
26/08/2024,07/09/2024,14/09/2024,870.00,HTD7SC5,90 m² Maison de vacances ∙ 3 chambres ∙ 6 personnes,Bellwald - Valais
26/08/2024,14/09/2024,21/09/2024,870.00,HTD7SC5,90 m² Maison de vacances ∙ 3 chambres ∙ 6 personnes,Bellwald - Valais
26/08/2024,21/09/2024,28/09/2024,870.00,HTD7SC5,90 m² Maison de vacances ∙ 3 chambres ∙ 6 personnes,Bellwald - Valais
26/08/2024,12/10/2024,19/10/2024,870.00,HTD7SC5,90 m² Maison de vacances ∙ 3 chambres ∙ 6 personnes,Bellwald - Valais
26/08/2024,19/10/2024,26/10/2024,870.00,HTD7SC5,90 m² Maison de vacances ∙ 3 chambres ∙ 6 personnes,Bellwald - Valais
26/08/2024,26/10/2024,02/11/2024,870.00,HTD7SC5,90 m² Maison de vacances ∙ 3 chambres ∙ 6 personnes,Bellwald - Valais
26/08/2024,02/11/2024,09/11/2024,870.00,HTD7SC5,90 m² Maison de vacances ∙ 3 chambres ∙ 6 personnes,Bellwald - Valais
26/08/2024,09/11/2024,16/11/2024,870.00,HTD7SC5,90 m² Maison de vacances ∙ 3 chambres ∙ 6 personnes,Bellwald - Valais
26/08/2024,16/11/2024,23/11/2024,870.00,HTD7SC5,90 m² Maison de vacances ∙ 3 chambres ∙ 6 personnes,Bellwald - Valais
26/08/2024,23/11/2024,30/11/2024,870.00,HTD7SC5,90 m² Maison de vacances ∙ 3 chambres ∙ 6 personnes,Bellwald - Valais
26/08/2024,30/11/2024,07/12/2024,930.00,HTD7SC5,90 m² Maison de vacances ∙ 3 chambres ∙ 6 personnes,Bellwald - Valais
26/08/2024,07/12/2024,14/12/2024,930.00,HTD7SC5,90 m² Maison de vacances ∙ 3 chambres ∙ 6 personnes,Bellwald - Valais
26/08/2024,14/12/2024,21/12/2024,1660.00,HTD7SC5,90 m² Maison de vacances ∙ 3 chambres ∙ 6 personnes,Bellwald - Valais
26/08/2024,04/01/2025,11/01/2025,1065.00,HTD7SC5,90 m² Maison de vacances ∙ 3 chambres ∙ 6 personnes,Bellwald - Valais
26/08/2024,11/01/2025,18/01/2025,1065.00,HTD7SC5,90 m² Maison de vacances ∙ 3 chambres ∙ 6 personnes,Bellwald - Valais
27/08/2024,29/03/2025,05/04/2025,1065.00,HTD7SC5,90 m² Maison de vacances ∙ 3 chambres ∙ 6 personnes,Bellwald - Valais
27/08/2024,05/04/2025,12/04/2025,1065.00,HTD7SC5,90 m² Maison de vacances ∙ 3 chambres ∙ 6 personnes,Bellwald - Valais
27/08/2024,12/04/2025,19/04/2025,1065.00,HTD7SC5,90 m² Maison de vacances ∙ 3 chambres ∙ 6 personnes,Bellwald - Valais
27/08/2024,19/04/2025,26/04/2025,1065.00,HTD7SC5,90 m² Maison de vacances ∙ 3 chambres ∙ 6 personnes,Bellwald - Valais
27/08/2024,26/04/2025,03/05/2025,870.00,HTD7SC5,90 m² Maison de vacances ∙ 3 chambres ∙ 6 personnes,Bellwald - Valais
27/08/2024,03/05/2025,10/05/2025,870.00,HTD7SC5,90 m² Maison de vacances ∙ 3 chambres ∙ 6 personnes,Bellwald - Valais
27/08/2024,10/05/2025,17/05/2025,870.00,HTD7SC5,90 m² Maison de vacances ∙ 3 chambres ∙ 6 personnes,Bellwald - Valais
27/08/2024,23/11/2024,30/11/2024,746.89,HGUCSLK,75 m² Chambre privée ∙ 2 chambres ∙ 5 personnes,Reckingen-Gluringen - Valais
27/08/2024,15/03/2025,22/03/2025,746.89,HGUCSLK,75 m² Chambre privée ∙ 2 chambres ∙ 5 personnes,Reckingen-Gluringen - Valais
27/08/2024,22/03/2025,29/03/2025,746.89,HGUCSLK,75 m² Chambre privée ∙ 2 chambres ∙ 5 personnes,Reckingen-Gluringen - Valais
27/08/2024,29/03/2025,05/04/2025,746.89,HGUCSLK,75 m² Chambre privée ∙ 2 chambres ∙ 5 personnes,Reckingen-Gluringen - Valais
27/08/2024,05/04/2025,12/04/2025,746.89,HGUCSLK,75 m² Chambre privée ∙ 2 chambres ∙ 5 personnes,Reckingen-Gluringen - Valais
27/08/2024,26/04/2025,03/05/2025,746.89,HGUCSLK,75 m² Chambre privée ∙ 2 chambres ∙ 5 personnes,Reckingen-Gluringen - Valais
27/08/2024,03/05/2025,10/05/2025,746.89,HGUCSLK,75 m² Chambre privée ∙ 2 chambres ∙ 5 personnes,Reckingen-Gluringen - Valais
27/08/2024,10/05/2025,17/05/2025,746.89,HGUCSLK,75 m² Chambre privée ∙ 2 chambres ∙ 5 personnes,Reckingen-Gluringen - Valais
27/08/2024,05/10/2024,12/10/2024,752.11,H4AEDXH,85 m² Appartement ∙ 2 chambres ∙ 4 personnes,Saas Fee - Valais
27/08/2024,19/10/2024,26/10/2024,752.11,H4AEDXH,85 m² Appartement ∙ 2 chambres ∙ 4 personnes,Saas Fee - Valais
27/08/2024,26/10/2024,02/11/2024,752.11,H4AEDXH,85 m² Appartement ∙ 2 chambres ∙ 4 personnes,Saas Fee - Valais
27/08/2024,02/11/2024,09/11/2024,752.11,H4AEDXH,85 m² Appartement ∙ 2 chambres ∙ 4 personnes,Saas Fee - Valais
27/08/2024,09/11/2024,16/11/2024,752.11,H4AEDXH,85 m² Appartement ∙ 2 chambres ∙ 4 personnes,Saas Fee - Valais
27/08/2024,16/11/2024,23/11/2024,752.11,H4AEDXH,85 m² Appartement ∙ 2 chambres ∙ 4 personnes,Saas Fee - Valais
27/08/2024,23/11/2024,30/11/2024,752.11,H4AEDXH,85 m² Appartement ∙ 2 chambres ∙ 4 personnes,Saas Fee - Valais
27/08/2024,30/11/2024,07/12/2024,752.11,H4AEDXH,85 m² Appartement ∙ 2 chambres ∙ 4 personnes,Saas Fee - Valais
27/08/2024,04/01/2025,11/01/2025,842.59,H4AEDXH,85 m² Appartement ∙ 2 chambres ∙ 4 personnes,Saas Fee - Valais
27/08/2024,18/01/2025,25/01/2025,853.90,H4AEDXH,85 m² Appartement ∙ 2 chambres ∙ 4 personnes,Saas Fee - Valais
27/08/2024,08/02/2025,15/02/2025,1871.80,H4AEDXH,85 m² Appartement ∙ 2 chambres ∙ 4 personnes,Saas Fee - Valais
27/08/2024,15/03/2025,22/03/2025,1068.79,H4AEDXH,85 m² Appartement ∙ 2 chambres ∙ 4 personnes,Saas Fee - Valais
27/08/2024,29/03/2025,05/04/2025,1068.79,H4AEDXH,85 m² Appartement ∙ 2 chambres ∙ 4 personnes,Saas Fee - Valais
27/08/2024,31/08/2024,07/09/2024,815.45,HFUWBGP,53 m² Appartement ∙ 2 chambres ∙ 4 personnes,Saas Fee - Valais
27/08/2024,14/09/2024,21/09/2024,815.45,HFUWBGP,53 m² Appartement ∙ 2 chambres ∙ 4 personnes,Saas Fee - Valais
27/08/2024,28/09/2024,05/10/2024,815.45,HFUWBGP,53 m² Appartement ∙ 2 chambres ∙ 4 personnes,Saas Fee - Valais
27/08/2024,05/10/2024,12/10/2024,815.45,HFUWBGP,53 m² Appartement ∙ 2 chambres ∙ 4 personnes,Saas Fee - Valais
27/08/2024,12/10/2024,19/10/2024,815.45,HFUWBGP,53 m² Appartement ∙ 2 chambres ∙ 4 personnes,Saas Fee - Valais
27/08/2024,19/10/2024,26/10/2024,815.45,HFUWBGP,53 m² Appartement ∙ 2 chambres ∙ 4 personnes,Saas Fee - Valais
27/08/2024,26/10/2024,02/11/2024,815.45,HFUWBGP,53 m² Appartement ∙ 2 chambres ∙ 4 personnes,Saas Fee - Valais
27/08/2024,02/11/2024,09/11/2024,815.45,HFUWBGP,53 m² Appartement ∙ 2 chambres ∙ 4 personnes,Saas Fee - Valais
27/08/2024,09/11/2024,16/11/2024,815.45,HFUWBGP,53 m² Appartement ∙ 2 chambres ∙ 4 personnes,Saas Fee - Valais
27/08/2024,16/11/2024,23/11/2024,815.45,HFUWBGP,53 m² Appartement ∙ 2 chambres ∙ 4 personnes,Saas Fee - Valais
27/08/2024,23/11/2024,30/11/2024,815.45,HFUWBGP,53 m² Appartement ∙ 2 chambres ∙ 4 personnes,Saas Fee - Valais
27/08/2024,30/11/2024,07/12/2024,815.45,HFUWBGP,53 m² Appartement ∙ 2 chambres ∙ 4 personnes,Saas Fee - Valais
27/08/2024,07/12/2024,14/12/2024,815.45,HFUWBGP,53 m² Appartement ∙ 2 chambres ∙ 4 personnes,Saas Fee - Valais
27/08/2024,14/12/2024,21/12/2024,1171.71,HFUWBGP,53 m² Appartement ∙ 2 chambres ∙ 4 personnes,Saas Fee - Valais
27/08/2024,11/01/2025,18/01/2025,815.45,HFUWBGP,53 m² Appartement ∙ 2 chambres ∙ 4 personnes,Saas Fee - Valais
27/08/2024,18/01/2025,25/01/2025,815.45,HFUWBGP,53 m² Appartement ∙ 2 chambres ∙ 4 personnes,Saas Fee - Valais
27/08/2024,15/03/2025,22/03/2025,1171.71,HFUWBGP,53 m² Appartement ∙ 2 chambres ∙ 4 personnes,Saas Fee - Valais
27/08/2024,12/04/2025,19/04/2025,1607.14,HFUWBGP,53 m² Appartement ∙ 2 chambres ∙ 4 personnes,Saas Fee - Valais
27/08/2024,19/04/2025,26/04/2025,1607.14,HFUWBGP,53 m² Appartement ∙ 2 chambres ∙ 4 personnes,Saas Fee - Valais
27/08/2024,21/09/2024,28/09/2024,750.88,H04Z5G6,115 m² Maison de vacances ∙ 3 chambres ∙ 6 personnes,Val-d'Illiez - Valais
27/08/2024,28/09/2024,05/10/2024,750.88,H04Z5G6,115 m² Maison de vacances ∙ 3 chambres ∙ 6 personnes,Val-d'Illiez - Valais
27/08/2024,05/10/2024,12/10/2024,750.88,H04Z5G6,115 m² Maison de vacances ∙ 3 chambres ∙ 6 personnes,Val-d'Illiez - Valais
27/08/2024,12/10/2024,19/10/2024,750.88,H04Z5G6,115 m² Maison de vacances ∙ 3 chambres ∙ 6 personnes,Val-d'Illiez - Valais
27/08/2024,19/10/2024,26/10/2024,750.88,H04Z5G6,115 m² Maison de vacances ∙ 3 chambres ∙ 6 personnes,Val-d'Illiez - Valais
27/08/2024,26/10/2024,02/11/2024,750.88,H04Z5G6,115 m² Maison de vacances ∙ 3 chambres ∙ 6 personnes,Val-d'Illiez - Valais
27/08/2024,02/11/2024,09/11/2024,750.88,H04Z5G6,115 m² Maison de vacances ∙ 3 chambres ∙ 6 personnes,Val-d'Illiez - Valais
27/08/2024,31/08/2024,07/09/2024,601.00,H7UD1AP,Appartement ∙ 4 chambres ∙ 4 personnes,Vex - Valais
27/08/2024,07/09/2024,14/09/2024,601.00,H7UD1AP,Appartement ∙ 4 chambres ∙ 4 personnes,Vex - Valais
27/08/2024,14/09/2024,21/09/2024,601.00,H7UD1AP,Appartement ∙ 4 chambres ∙ 4 personnes,Vex - Valais
27/08/2024,21/09/2024,28/09/2024,601.00,H7UD1AP,Appartement ∙ 4 chambres ∙ 4 personnes,Vex - Valais
27/08/2024,28/09/2024,05/10/2024,601.00,H7UD1AP,Appartement ∙ 4 chambres ∙ 4 personnes,Vex - Valais
27/08/2024,05/10/2024,12/10/2024,601.00,H7UD1AP,Appartement ∙ 4 chambres ∙ 4 personnes,Vex - Valais
27/08/2024,12/10/2024,19/10/2024,601.00,H7UD1AP,Appartement ∙ 4 chambres ∙ 4 personnes,Vex - Valais
27/08/2024,19/10/2024,26/10/2024,601.00,H7UD1AP,Appartement ∙ 4 chambres ∙ 4 personnes,Vex - Valais
27/08/2024,07/12/2024,14/12/2024,888.00,H7UD1AP,Appartement ∙ 4 chambres ∙ 4 personnes,Vex - Valais
27/08/2024,14/12/2024,21/12/2024,888.00,H7UD1AP,Appartement ∙ 4 chambres ∙ 4 personnes,Vex - Valais
27/08/2024,21/12/2024,28/12/2024,1317.00,H7UD1AP,Appartement ∙ 4 chambres ∙ 4 personnes,Vex - Valais
27/08/2024,28/12/2024,04/01/2025,1317.00,H7UD1AP,Appartement ∙ 4 chambres ∙ 4 personnes,Vex - Valais
27/08/2024,04/01/2025,11/01/2025,888.00,H7UD1AP,Appartement ∙ 4 chambres ∙ 4 personnes,Vex - Valais
27/08/2024,11/01/2025,18/01/2025,888.00,H7UD1AP,Appartement ∙ 4 chambres ∙ 4 personnes,Vex - Valais
27/08/2024,18/01/2025,25/01/2025,888.00,H7UD1AP,Appartement ∙ 4 chambres ∙ 4 personnes,Vex - Valais
27/08/2024,25/01/2025,01/02/2025,888.00,H7UD1AP,Appartement ∙ 4 chambres ∙ 4 personnes,Vex - Valais
27/08/2024,01/02/2025,08/02/2025,888.00,H7UD1AP,Appartement ∙ 4 chambres ∙ 4 personnes,Vex - Valais
27/08/2024,08/02/2025,15/02/2025,888.00,H7UD1AP,Appartement ∙ 4 chambres ∙ 4 personnes,Vex - Valais
27/08/2024,15/02/2025,22/02/2025,1317.00,H7UD1AP,Appartement ∙ 4 chambres ∙ 4 personnes,Vex - Valais
27/08/2024,01/03/2025,08/03/2025,1317.00,H7UD1AP,Appartement ∙ 4 chambres ∙ 4 personnes,Vex - Valais
27/08/2024,08/03/2025,15/03/2025,1194.00,H7UD1AP,Appartement ∙ 4 chambres ∙ 4 personnes,Vex - Valais
27/08/2024,15/03/2025,22/03/2025,888.00,H7UD1AP,Appartement ∙ 4 chambres ∙ 4 personnes,Vex - Valais
27/08/2024,22/03/2025,29/03/2025,888.00,H7UD1AP,Appartement ∙ 4 chambres ∙ 4 personnes,Vex - Valais
27/08/2024,29/03/2025,05/04/2025,888.00,H7UD1AP,Appartement ∙ 4 chambres ∙ 4 personnes,Vex - Valais
27/08/2024,05/04/2025,12/04/2025,888.00,H7UD1AP,Appartement ∙ 4 chambres ∙ 4 personnes,Vex - Valais
27/08/2024,12/04/2025,19/04/2025,888.00,H7UD1AP,Appartement ∙ 4 chambres ∙ 4 personnes,Vex - Valais
27/08/2024,19/04/2025,26/04/2025,888.00,H7UD1AP,Appartement ∙ 4 chambres ∙ 4 personnes,Vex - Valais
27/08/2024,12/10/2024,19/10/2024,836.06,HSEFYH9,Appartement ∙ 2 chambres ∙ 4 personnes,Brig - Valais
27/08/2024,19/10/2024,26/10/2024,830.29,HSEFYH9,Appartement ∙ 2 chambres ∙ 4 personnes,Brig - Valais
27/08/2024,26/10/2024,02/11/2024,941.15,HSEFYH9,Appartement ∙ 2 chambres ∙ 4 personnes,Brig - Valais
27/08/2024,02/11/2024,09/11/2024,937.68,HSEFYH9,Appartement ∙ 2 chambres ∙ 4 personnes,Brig - Valais
27/08/2024,09/11/2024,16/11/2024,915.74,HSEFYH9,Appartement ∙ 2 chambres ∙ 4 personnes,Brig - Valais
27/08/2024,16/11/2024,23/11/2024,911.12,HSEFYH9,Appartement ∙ 2 chambres ∙ 4 personnes,Brig - Valais
27/08/2024,23/11/2024,30/11/2024,911.12,HSEFYH9,Appartement ∙ 2 chambres ∙ 4 personnes,Brig - Valais
27/08/2024,30/11/2024,07/12/2024,874.17,HSEFYH9,Appartement ∙ 2 chambres ∙ 4 personnes,Brig - Valais
27/08/2024,07/12/2024,14/12/2024,868.40,HSEFYH9,Appartement ∙ 2 chambres ∙ 4 personnes,Brig - Valais
27/08/2024,28/12/2024,04/01/2025,1616.69,HSEFYH9,Appartement ∙ 2 chambres ∙ 4 personnes,Brig - Valais
27/08/2024,04/01/2025,11/01/2025,1047.39,HSEFYH9,Appartement ∙ 2 chambres ∙ 4 personnes,Brig - Valais
27/08/2024,11/01/2025,18/01/2025,1024.29,HSEFYH9,Appartement ∙ 2 chambres ∙ 4 personnes,Brig - Valais
27/08/2024,18/01/2025,25/01/2025,980.41,HSEFYH9,Appartement ∙ 2 chambres ∙ 4 personnes,Brig - Valais
27/08/2024,25/01/2025,01/02/2025,1168.64,HSEFYH9,Appartement ∙ 2 chambres ∙ 4 personnes,Brig - Valais
27/08/2024,08/02/2025,15/02/2025,1267.94,HSEFYH9,Appartement ∙ 2 chambres ∙ 4 personnes,Brig - Valais
27/08/2024,15/02/2025,22/02/2025,1250.63,HSEFYH9,Appartement ∙ 2 chambres ∙ 4 personnes,Brig - Valais
27/08/2024,22/02/2025,01/03/2025,1346.48,HSEFYH9,Appartement ∙ 2 chambres ∙ 4 personnes,Brig - Valais
27/08/2024,19/10/2024,26/10/2024,628.92,HPEZV9X,Studio ∙ 1 chambre ∙ 2 personnes,Grächen - Valais
27/08/2024,14/09/2024,21/09/2024,1237.00,HAD6XE9,Appartement ∙ 1 chambre ∙ 2 personnes,Zermatt - Valais
27/08/2024,21/09/2024,28/09/2024,1237.00,HAD6XE9,Appartement ∙ 1 chambre ∙ 2 personnes,Zermatt - Valais
27/08/2024,28/09/2024,05/10/2024,1237.00,HAD6XE9,Appartement ∙ 1 chambre ∙ 2 personnes,Zermatt - Valais
27/08/2024,05/10/2024,12/10/2024,1237.00,HAD6XE9,Appartement ∙ 1 chambre ∙ 2 personnes,Zermatt - Valais
27/08/2024,12/10/2024,19/10/2024,1237.00,HAD6XE9,Appartement ∙ 1 chambre ∙ 2 personnes,Zermatt - Valais
27/08/2024,19/10/2024,26/10/2024,1237.00,HAD6XE9,Appartement ∙ 1 chambre ∙ 2 personnes,Zermatt - Valais
27/08/2024,26/10/2024,02/11/2024,1237.00,HAD6XE9,Appartement ∙ 1 chambre ∙ 2 personnes,Zermatt - Valais
27/08/2024,02/11/2024,09/11/2024,1264.00,HAD6XE9,Appartement ∙ 1 chambre ∙ 2 personnes,Zermatt - Valais
27/08/2024,09/11/2024,16/11/2024,1264.00,HAD6XE9,Appartement ∙ 1 chambre ∙ 2 personnes,Zermatt - Valais
27/08/2024,16/11/2024,23/11/2024,1264.00,HAD6XE9,Appartement ∙ 1 chambre ∙ 2 personnes,Zermatt - Valais
27/08/2024,23/11/2024,30/11/2024,1264.00,HAD6XE9,Appartement ∙ 1 chambre ∙ 2 personnes,Zermatt - Valais
27/08/2024,30/11/2024,07/12/2024,1113.00,HAD6XE9,Appartement ∙ 1 chambre ∙ 2 personnes,Zermatt - Valais
27/08/2024,07/12/2024,14/12/2024,1113.00,HAD6XE9,Appartement ∙ 1 chambre ∙ 2 personnes,Zermatt - Valais
27/08/2024,15/02/2025,22/02/2025,1757.00,HAD6XE9,Appartement ∙ 1 chambre ∙ 2 personnes,Zermatt - Valais
27/08/2024,22/02/2025,01/03/2025,1757.00,HAD6XE9,Appartement ∙ 1 chambre ∙ 2 personnes,Zermatt - Valais
27/08/2024,21/09/2024,28/09/2024,633.36,HY6BERC,55 m² Appartement ∙ 1 chambre ∙ 4 personnes,Saas Fee - Valais
27/08/2024,28/09/2024,05/10/2024,633.36,HY6BERC,55 m² Appartement ∙ 1 chambre ∙ 4 personnes,Saas Fee - Valais
27/08/2024,05/10/2024,12/10/2024,633.36,HY6BERC,55 m² Appartement ∙ 1 chambre ∙ 4 personnes,Saas Fee - Valais
27/08/2024,12/10/2024,19/10/2024,633.36,HY6BERC,55 m² Appartement ∙ 1 chambre ∙ 4 personnes,Saas Fee - Valais
27/08/2024,19/10/2024,26/10/2024,633.36,HY6BERC,55 m² Appartement ∙ 1 chambre ∙ 4 personnes,Saas Fee - Valais
27/08/2024,26/10/2024,02/11/2024,633.36,HY6BERC,55 m² Appartement ∙ 1 chambre ∙ 4 personnes,Saas Fee - Valais
27/08/2024,30/11/2024,07/12/2024,633.36,HY6BERC,55 m² Appartement ∙ 1 chambre ∙ 4 personnes,Saas Fee - Valais
27/08/2024,11/01/2025,18/01/2025,1147.96,HY6BERC,55 m² Appartement ∙ 1 chambre ∙ 4 personnes,Saas Fee - Valais
27/08/2024,22/03/2025,29/03/2025,1147.96,HY6BERC,55 m² Appartement ∙ 1 chambre ∙ 4 personnes,Saas Fee - Valais
27/08/2024,29/03/2025,05/04/2025,1147.96,HY6BERC,55 m² Appartement ∙ 1 chambre ∙ 4 personnes,Saas Fee - Valais
27/08/2024,31/08/2024,07/09/2024,1073.00,HJK4N1T,30 m² Appartement ∙ 1 chambre ∙ 3 personnes,Zermatt - Valais
27/08/2024,05/10/2024,12/10/2024,1073.00,HJK4N1T,30 m² Appartement ∙ 1 chambre ∙ 3 personnes,Zermatt - Valais
27/08/2024,12/10/2024,19/10/2024,1073.00,HJK4N1T,30 m² Appartement ∙ 1 chambre ∙ 3 personnes,Zermatt - Valais
27/08/2024,19/10/2024,26/10/2024,1073.00,HJK4N1T,30 m² Appartement ∙ 1 chambre ∙ 3 personnes,Zermatt - Valais
27/08/2024,26/10/2024,02/11/2024,1073.00,HJK4N1T,30 m² Appartement ∙ 1 chambre ∙ 3 personnes,Zermatt - Valais
27/08/2024,02/11/2024,09/11/2024,1073.00,HJK4N1T,30 m² Appartement ∙ 1 chambre ∙ 3 personnes,Zermatt - Valais
27/08/2024,09/11/2024,16/11/2024,1073.00,HJK4N1T,30 m² Appartement ∙ 1 chambre ∙ 3 personnes,Zermatt - Valais
27/08/2024,16/11/2024,23/11/2024,1073.00,HJK4N1T,30 m² Appartement ∙ 1 chambre ∙ 3 personnes,Zermatt - Valais
27/08/2024,23/11/2024,30/11/2024,1073.00,HJK4N1T,30 m² Appartement ∙ 1 chambre ∙ 3 personnes,Zermatt - Valais
27/08/2024,30/11/2024,07/12/2024,1073.00,HJK4N1T,30 m² Appartement ∙ 1 chambre ∙ 3 personnes,Zermatt - Valais
27/08/2024,07/12/2024,14/12/2024,1073.00,HJK4N1T,30 m² Appartement ∙ 1 chambre ∙ 3 personnes,Zermatt - Valais
27/08/2024,18/01/2025,25/01/2025,1156.00,HJK4N1T,30 m² Appartement ∙ 1 chambre ∙ 3 personnes,Zermatt - Valais
27/08/2024,08/03/2025,15/03/2025,1347.00,HJK4N1T,30 m² Appartement ∙ 1 chambre ∙ 3 personnes,Zermatt - Valais
27/08/2024,15/03/2025,22/03/2025,1156.00,HJK4N1T,30 m² Appartement ∙ 1 chambre ∙ 3 personnes,Zermatt - Valais
27/08/2024,05/04/2025,12/04/2025,1285.00,HJK4N1T,30 m² Appartement ∙ 1 chambre ∙ 3 personnes,Zermatt - Valais
27/08/2024,12/04/2025,19/04/2025,1285.00,HJK4N1T,30 m² Appartement ∙ 1 chambre ∙ 3 personnes,Zermatt - Valais
27/08/2024,19/04/2025,26/04/2025,1285.00,HJK4N1T,30 m² Appartement ∙ 1 chambre ∙ 3 personnes,Zermatt - Valais
27/08/2024,26/04/2025,03/05/2025,1073.00,HJK4N1T,30 m² Appartement ∙ 1 chambre ∙ 3 personnes,Zermatt - Valais
27/08/2024,03/05/2025,10/05/2025,1073.00,HJK4N1T,30 m² Appartement ∙ 1 chambre ∙ 3 personnes,Zermatt - Valais
27/08/2024,10/05/2025,17/05/2025,1073.00,HJK4N1T,30 m² Appartement ∙ 1 chambre ∙ 3 personnes,Zermatt - Valais
27/08/2024,07/09/2024,14/09/2024,883.00,HE01WV5,56 m² Appartement ∙ 2 chambres ∙ 4 personnes,Saas Grund - Valais
27/08/2024,14/09/2024,21/09/2024,883.00,HE01WV5,56 m² Appartement ∙ 2 chambres ∙ 4 personnes,Saas Grund - Valais
27/08/2024,05/10/2024,12/10/2024,883.00,HE01WV5,56 m² Appartement ∙ 2 chambres ∙ 4 personnes,Saas Grund - Valais
27/08/2024,12/10/2024,19/10/2024,883.00,HE01WV5,56 m² Appartement ∙ 2 chambres ∙ 4 personnes,Saas Grund - Valais
27/08/2024,19/10/2024,26/10/2024,883.00,HE01WV5,56 m² Appartement ∙ 2 chambres ∙ 4 personnes,Saas Grund - Valais
27/08/2024,26/10/2024,02/11/2024,883.00,HE01WV5,56 m² Appartement ∙ 2 chambres ∙ 4 personnes,Saas Grund - Valais
27/08/2024,02/11/2024,09/11/2024,883.00,HE01WV5,56 m² Appartement ∙ 2 chambres ∙ 4 personnes,Saas Grund - Valais
27/08/2024,09/11/2024,16/11/2024,883.00,HE01WV5,56 m² Appartement ∙ 2 chambres ∙ 4 personnes,Saas Grund - Valais
27/08/2024,16/11/2024,23/11/2024,883.00,HE01WV5,56 m² Appartement ∙ 2 chambres ∙ 4 personnes,Saas Grund - Valais
27/08/2024,23/11/2024,30/11/2024,883.00,HE01WV5,56 m² Appartement ∙ 2 chambres ∙ 4 personnes,Saas Grund - Valais
27/08/2024,30/11/2024,07/12/2024,883.00,HE01WV5,56 m² Appartement ∙ 2 chambres ∙ 4 personnes,Saas Grund - Valais
27/08/2024,07/12/2024,14/12/2024,883.00,HE01WV5,56 m² Appartement ∙ 2 chambres ∙ 4 personnes,Saas Grund - Valais
27/08/2024,14/12/2024,21/12/2024,883.00,HE01WV5,56 m² Appartement ∙ 2 chambres ∙ 4 personnes,Saas Grund - Valais
27/08/2024,04/01/2025,11/01/2025,883.00,HE01WV5,56 m² Appartement ∙ 2 chambres ∙ 4 personnes,Saas Grund - Valais
27/08/2024,11/01/2025,18/01/2025,883.00,HE01WV5,56 m² Appartement ∙ 2 chambres ∙ 4 personnes,Saas Grund - Valais
27/08/2024,18/01/2025,25/01/2025,883.00,HE01WV5,56 m² Appartement ∙ 2 chambres ∙ 4 personnes,Saas Grund - Valais
27/08/2024,15/03/2025,22/03/2025,883.00,HE01WV5,56 m² Appartement ∙ 2 chambres ∙ 4 personnes,Saas Grund - Valais
27/08/2024,22/03/2025,29/03/2025,883.00,HE01WV5,56 m² Appartement ∙ 2 chambres ∙ 4 personnes,Saas Grund - Valais
27/08/2024,29/03/2025,05/04/2025,883.00,HE01WV5,56 m² Appartement ∙ 2 chambres ∙ 4 personnes,Saas Grund - Valais
27/08/2024,19/04/2025,26/04/2025,883.00,HE01WV5,56 m² Appartement ∙ 2 chambres ∙ 4 personnes,Saas Grund - Valais
27/08/2024,26/04/2025,03/05/2025,883.00,HE01WV5,56 m² Appartement ∙ 2 chambres ∙ 4 personnes,Saas Grund - Valais
27/08/2024,03/05/2025,10/05/2025,883.00,HE01WV5,56 m² Appartement ∙ 2 chambres ∙ 4 personnes,Saas Grund - Valais
27/08/2024,10/05/2025,17/05/2025,883.00,HE01WV5,56 m² Appartement ∙ 2 chambres ∙ 4 personnes,Saas Grund - Valais
27/08/2024,14/09/2024,21/09/2024,235.27,HME0PUC,42 m² Appartement ∙ 2 chambres ∙ 6 personnes,Nendaz - Valais
27/08/2024,21/09/2024,28/09/2024,235.27,HME0PUC,42 m² Appartement ∙ 2 chambres ∙ 6 personnes,Nendaz - Valais
27/08/2024,28/09/2024,05/10/2024,320.82,HME0PUC,42 m² Appartement ∙ 2 chambres ∙ 6 personnes,Nendaz - Valais
27/08/2024,05/10/2024,12/10/2024,320.82,HME0PUC,42 m² Appartement ∙ 2 chambres ∙ 6 personnes,Nendaz - Valais
27/08/2024,12/10/2024,19/10/2024,320.82,HME0PUC,42 m² Appartement ∙ 2 chambres ∙ 6 personnes,Nendaz - Valais
27/08/2024,19/10/2024,26/10/2024,320.82,HME0PUC,42 m² Appartement ∙ 2 chambres ∙ 6 personnes,Nendaz - Valais
27/08/2024,26/10/2024,02/11/2024,320.82,HME0PUC,42 m² Appartement ∙ 2 chambres ∙ 6 personnes,Nendaz - Valais
27/08/2024,02/11/2024,09/11/2024,320.82,HME0PUC,42 m² Appartement ∙ 2 chambres ∙ 6 personnes,Nendaz - Valais
27/08/2024,09/11/2024,16/11/2024,320.82,HME0PUC,42 m² Appartement ∙ 2 chambres ∙ 6 personnes,Nendaz - Valais
27/08/2024,16/11/2024,23/11/2024,320.82,HME0PUC,42 m² Appartement ∙ 2 chambres ∙ 6 personnes,Nendaz - Valais
27/08/2024,23/11/2024,30/11/2024,320.82,HME0PUC,42 m² Appartement ∙ 2 chambres ∙ 6 personnes,Nendaz - Valais
27/08/2024,31/08/2024,07/09/2024,946.00,HEMBCWG,74 m² Maison de vacances ∙ 2 chambres ∙ 4 personnes,Nendaz - Valais
27/08/2024,07/09/2024,14/09/2024,1191.00,HEMBCWG,74 m² Maison de vacances ∙ 2 chambres ∙ 4 personnes,Nendaz - Valais
27/08/2024,14/09/2024,21/09/2024,1191.00,HEMBCWG,74 m² Maison de vacances ∙ 2 chambres ∙ 4 personnes,Nendaz - Valais
27/08/2024,21/09/2024,28/09/2024,1191.00,HEMBCWG,74 m² Maison de vacances ∙ 2 chambres ∙ 4 personnes,Nendaz - Valais
27/08/2024,28/09/2024,05/10/2024,1191.00,HEMBCWG,74 m² Maison de vacances ∙ 2 chambres ∙ 4 personnes,Nendaz - Valais
27/08/2024,05/10/2024,12/10/2024,1191.00,HEMBCWG,74 m² Maison de vacances ∙ 2 chambres ∙ 4 personnes,Nendaz - Valais
27/08/2024,12/10/2024,19/10/2024,1191.00,HEMBCWG,74 m² Maison de vacances ∙ 2 chambres ∙ 4 personnes,Nendaz - Valais
27/08/2024,19/10/2024,26/10/2024,1191.00,HEMBCWG,74 m² Maison de vacances ∙ 2 chambres ∙ 4 personnes,Nendaz - Valais
27/08/2024,26/10/2024,02/11/2024,1191.00,HEMBCWG,74 m² Maison de vacances ∙ 2 chambres ∙ 4 personnes,Nendaz - Valais
27/08/2024,02/11/2024,09/11/2024,1218.00,HEMBCWG,74 m² Maison de vacances ∙ 2 chambres ∙ 4 personnes,Nendaz - Valais
27/08/2024,09/11/2024,16/11/2024,1218.00,HEMBCWG,74 m² Maison de vacances ∙ 2 chambres ∙ 4 personnes,Nendaz - Valais
27/08/2024,16/11/2024,23/11/2024,1218.00,HEMBCWG,74 m² Maison de vacances ∙ 2 chambres ∙ 4 personnes,Nendaz - Valais
27/08/2024,23/11/2024,30/11/2024,1218.00,HEMBCWG,74 m² Maison de vacances ∙ 2 chambres ∙ 4 personnes,Nendaz - Valais
27/08/2024,30/11/2024,07/12/2024,1218.00,HEMBCWG,74 m² Maison de vacances ∙ 2 chambres ∙ 4 personnes,Nendaz - Valais
27/08/2024,07/12/2024,14/12/2024,1218.00,HEMBCWG,74 m² Maison de vacances ∙ 2 chambres ∙ 4 personnes,Nendaz - Valais
27/08/2024,14/12/2024,21/12/2024,1218.00,HEMBCWG,74 m² Maison de vacances ∙ 2 chambres ∙ 4 personnes,Nendaz - Valais
27/08/2024,04/01/2025,11/01/2025,1445.00,HEMBCWG,74 m² Maison de vacances ∙ 2 chambres ∙ 4 personnes,Nendaz - Valais
27/08/2024,11/01/2025,18/01/2025,1445.00,HEMBCWG,74 m² Maison de vacances ∙ 2 chambres ∙ 4 personnes,Nendaz - Valais
27/08/2024,18/01/2025,25/01/2025,1445.00,HEMBCWG,74 m² Maison de vacances ∙ 2 chambres ∙ 4 personnes,Nendaz - Valais
27/08/2024,25/01/2025,01/02/2025,1832.00,HEMBCWG,74 m² Maison de vacances ∙ 2 chambres ∙ 4 personnes,Nendaz - Valais
27/08/2024,01/02/2025,08/02/2025,1984.00,HEMBCWG,74 m² Maison de vacances ∙ 2 chambres ∙ 4 personnes,Nendaz - Valais
27/08/2024,08/02/2025,15/02/2025,2062.00,HEMBCWG,74 m² Maison de vacances ∙ 2 chambres ∙ 4 personnes,Nendaz - Valais
27/08/2024,22/02/2025,01/03/2025,2727.00,HEMBCWG,74 m² Maison de vacances ∙ 2 chambres ∙ 4 personnes,Nendaz - Valais
27/08/2024,01/03/2025,08/03/2025,2727.00,HEMBCWG,74 m² Maison de vacances ∙ 2 chambres ∙ 4 personnes,Nendaz - Valais
27/08/2024,15/03/2025,22/03/2025,1218.00,HEMBCWG,74 m² Maison de vacances ∙ 2 chambres ∙ 4 personnes,Nendaz - Valais
27/08/2024,22/03/2025,29/03/2025,1218.00,HEMBCWG,74 m² Maison de vacances ∙ 2 chambres ∙ 4 personnes,Nendaz - Valais
27/08/2024,29/03/2025,05/04/2025,1218.00,HEMBCWG,74 m² Maison de vacances ∙ 2 chambres ∙ 4 personnes,Nendaz - Valais
27/08/2024,05/04/2025,12/04/2025,1218.00,HEMBCWG,74 m² Maison de vacances ∙ 2 chambres ∙ 4 personnes,Nendaz - Valais
27/08/2024,12/04/2025,19/04/2025,1445.00,HEMBCWG,74 m² Maison de vacances ∙ 2 chambres ∙ 4 personnes,Nendaz - Valais
27/08/2024,19/04/2025,26/04/2025,1445.00,HEMBCWG,74 m² Maison de vacances ∙ 2 chambres ∙ 4 personnes,Nendaz - Valais
27/08/2024,26/04/2025,03/05/2025,1218.00,HEMBCWG,74 m² Maison de vacances ∙ 2 chambres ∙ 4 personnes,Nendaz - Valais
27/08/2024,03/05/2025,10/05/2025,1218.00,HEMBCWG,74 m² Maison de vacances ∙ 2 chambres ∙ 4 personnes,Nendaz - Valais
27/08/2024,10/05/2025,17/05/2025,1218.00,HEMBCWG,74 m² Maison de vacances ∙ 2 chambres ∙ 4 personnes,Nendaz - Valais
27/08/2024,16/11/2024,23/11/2024,847.20,HKWV9F3,90 m² Maison de vacances ∙ 3 chambres ∙ 6 personnes,Unterbäch - Valais
27/08/2024,23/11/2024,30/11/2024,847.20,HKWV9F3,90 m² Maison de vacances ∙ 3 chambres ∙ 6 personnes,Unterbäch - Valais
27/08/2024,30/11/2024,07/12/2024,847.20,HKWV9F3,90 m² Maison de vacances ∙ 3 chambres ∙ 6 personnes,Unterbäch - Valais
27/08/2024,07/12/2024,14/12/2024,847.20,HKWV9F3,90 m² Maison de vacances ∙ 3 chambres ∙ 6 personnes,Unterbäch - Valais
27/08/2024,14/12/2024,21/12/2024,847.20,HKWV9F3,90 m² Maison de vacances ∙ 3 chambres ∙ 6 personnes,Unterbäch - Valais
27/08/2024,11/01/2025,18/01/2025,869.99,HKWV9F3,90 m² Maison de vacances ∙ 3 chambres ∙ 6 personnes,Unterbäch - Valais
27/08/2024,08/03/2025,15/03/2025,1034.66,HKWV9F3,90 m² Maison de vacances ∙ 3 chambres ∙ 6 personnes,Unterbäch - Valais
27/08/2024,15/03/2025,22/03/2025,869.99,HKWV9F3,90 m² Maison de vacances ∙ 3 chambres ∙ 6 personnes,Unterbäch - Valais
27/08/2024,22/03/2025,29/03/2025,869.99,HKWV9F3,90 m² Maison de vacances ∙ 3 chambres ∙ 6 personnes,Unterbäch - Valais
27/08/2024,29/03/2025,05/04/2025,869.99,HKWV9F3,90 m² Maison de vacances ∙ 3 chambres ∙ 6 personnes,Unterbäch - Valais
27/08/2024,05/04/2025,12/04/2025,869.99,HKWV9F3,90 m² Maison de vacances ∙ 3 chambres ∙ 6 personnes,Unterbäch - Valais
27/08/2024,12/04/2025,19/04/2025,919.70,HKWV9F3,90 m² Maison de vacances ∙ 3 chambres ∙ 6 personnes,Unterbäch - Valais
27/08/2024,19/04/2025,26/04/2025,847.20,HKWV9F3,90 m² Maison de vacances ∙ 3 chambres ∙ 6 personnes,Unterbäch - Valais
27/08/2024,26/04/2025,03/05/2025,847.20,HKWV9F3,90 m² Maison de vacances ∙ 3 chambres ∙ 6 personnes,Unterbäch - Valais
27/08/2024,14/09/2024,21/09/2024,532.54,HR5P8M3,27 m² Appartement ∙ 1 chambre ∙ 2 personnes,Saas Fee - Valais
27/08/2024,02/11/2024,09/11/2024,532.54,HR5P8M3,27 m² Appartement ∙ 1 chambre ∙ 2 personnes,Saas Fee - Valais
27/08/2024,09/11/2024,16/11/2024,532.54,HR5P8M3,27 m² Appartement ∙ 1 chambre ∙ 2 personnes,Saas Fee - Valais
27/08/2024,16/11/2024,23/11/2024,532.54,HR5P8M3,27 m² Appartement ∙ 1 chambre ∙ 2 personnes,Saas Fee - Valais
27/08/2024,23/11/2024,30/11/2024,532.54,HR5P8M3,27 m² Appartement ∙ 1 chambre ∙ 2 personnes,Saas Fee - Valais
27/08/2024,30/11/2024,07/12/2024,532.54,HR5P8M3,27 m² Appartement ∙ 1 chambre ∙ 2 personnes,Saas Fee - Valais
27/08/2024,07/12/2024,14/12/2024,532.54,HR5P8M3,27 m² Appartement ∙ 1 chambre ∙ 2 personnes,Saas Fee - Valais
27/08/2024,04/01/2025,11/01/2025,532.54,HR5P8M3,27 m² Appartement ∙ 1 chambre ∙ 2 personnes,Saas Fee - Valais
27/08/2024,11/01/2025,18/01/2025,532.54,HR5P8M3,27 m² Appartement ∙ 1 chambre ∙ 2 personnes,Saas Fee - Valais
27/08/2024,01/02/2025,08/02/2025,798.81,HR5P8M3,27 m² Appartement ∙ 1 chambre ∙ 2 personnes,Saas Fee - Valais
27/08/2024,22/02/2025,01/03/2025,798.81,HR5P8M3,27 m² Appartement ∙ 1 chambre ∙ 2 personnes,Saas Fee - Valais
27/08/2024,29/03/2025,05/04/2025,606.50,HR5P8M3,27 m² Appartement ∙ 1 chambre ∙ 2 personnes,Saas Fee - Valais
27/08/2024,19/04/2025,26/04/2025,606.50,HR5P8M3,27 m² Appartement ∙ 1 chambre ∙ 2 personnes,Saas Fee - Valais
27/08/2024,05/10/2024,12/10/2024,865.16,H03P6ZB,65 m² Appartement ∙ 2 chambres ∙ 4 personnes,Sion - Valais
27/08/2024,12/10/2024,19/10/2024,927.13,H03P6ZB,65 m² Appartement ∙ 2 chambres ∙ 4 personnes,Sion - Valais
27/08/2024,19/10/2024,26/10/2024,979.38,H03P6ZB,65 m² Appartement ∙ 2 chambres ∙ 4 personnes,Sion - Valais
27/08/2024,26/10/2024,02/11/2024,917.41,H03P6ZB,65 m² Appartement ∙ 2 chambres ∙ 4 personnes,Sion - Valais
27/08/2024,02/11/2024,09/11/2024,888.25,H03P6ZB,65 m² Appartement ∙ 2 chambres ∙ 4 personnes,Sion - Valais
27/08/2024,09/11/2024,16/11/2024,783.75,H03P6ZB,65 m² Appartement ∙ 2 chambres ∙ 4 personnes,Sion - Valais
27/08/2024,16/11/2024,23/11/2024,810.48,H03P6ZB,65 m² Appartement ∙ 2 chambres ∙ 4 personnes,Sion - Valais
27/08/2024,23/11/2024,30/11/2024,821.42,H03P6ZB,65 m² Appartement ∙ 2 chambres ∙ 4 personnes,Sion - Valais
27/08/2024,30/11/2024,07/12/2024,821.42,H03P6ZB,65 m² Appartement ∙ 2 chambres ∙ 4 personnes,Sion - Valais
27/08/2024,07/12/2024,14/12/2024,839.65,H03P6ZB,65 m² Appartement ∙ 2 chambres ∙ 4 personnes,Sion - Valais
27/08/2024,14/12/2024,21/12/2024,1038.92,H03P6ZB,65 m² Appartement ∙ 2 chambres ∙ 4 personnes,Sion - Valais
27/08/2024,21/12/2024,28/12/2024,1642.84,H03P6ZB,65 m² Appartement ∙ 2 chambres ∙ 4 personnes,Sion - Valais
27/08/2024,02/11/2024,09/11/2024,751.84,HLJG2ZE,33 m² Appartement ∙ 1 chambre ∙ 2 personnes,Saas Fee - Valais
27/08/2024,09/11/2024,16/11/2024,751.84,HLJG2ZE,33 m² Appartement ∙ 1 chambre ∙ 2 personnes,Saas Fee - Valais
27/08/2024,16/11/2024,23/11/2024,751.84,HLJG2ZE,33 m² Appartement ∙ 1 chambre ∙ 2 personnes,Saas Fee - Valais
27/08/2024,23/11/2024,30/11/2024,751.84,HLJG2ZE,33 m² Appartement ∙ 1 chambre ∙ 2 personnes,Saas Fee - Valais
27/08/2024,30/11/2024,07/12/2024,819.67,HLJG2ZE,33 m² Appartement ∙ 1 chambre ∙ 2 personnes,Saas Fee - Valais
27/08/2024,07/12/2024,14/12/2024,830.98,HLJG2ZE,33 m² Appartement ∙ 1 chambre ∙ 2 personnes,Saas Fee - Valais
27/08/2024,14/12/2024,21/12/2024,902.21,HLJG2ZE,33 m² Appartement ∙ 1 chambre ∙ 2 personnes,Saas Fee - Valais
27/08/2024,21/12/2024,28/12/2024,1131.71,HLJG2ZE,33 m² Appartement ∙ 1 chambre ∙ 2 personnes,Saas Fee - Valais
27/08/2024,04/01/2025,11/01/2025,830.98,HLJG2ZE,33 m² Appartement ∙ 1 chambre ∙ 2 personnes,Saas Fee - Valais
27/08/2024,11/01/2025,18/01/2025,830.98,HLJG2ZE,33 m² Appartement ∙ 1 chambre ∙ 2 personnes,Saas Fee - Valais
27/08/2024,18/01/2025,25/01/2025,830.98,HLJG2ZE,33 m² Appartement ∙ 1 chambre ∙ 2 personnes,Saas Fee - Valais
27/08/2024,25/01/2025,01/02/2025,902.21,HLJG2ZE,33 m² Appartement ∙ 1 chambre ∙ 2 personnes,Saas Fee - Valais
27/08/2024,01/02/2025,08/02/2025,902.21,HLJG2ZE,33 m² Appartement ∙ 1 chambre ∙ 2 personnes,Saas Fee - Valais
27/08/2024,08/02/2025,15/02/2025,902.21,HLJG2ZE,33 m² Appartement ∙ 1 chambre ∙ 2 personnes,Saas Fee - Valais
27/08/2024,08/03/2025,15/03/2025,902.21,HLJG2ZE,33 m² Appartement ∙ 1 chambre ∙ 2 personnes,Saas Fee - Valais
27/08/2024,15/03/2025,22/03/2025,902.21,HLJG2ZE,33 m² Appartement ∙ 1 chambre ∙ 2 personnes,Saas Fee - Valais
27/08/2024,22/03/2025,29/03/2025,902.21,HLJG2ZE,33 m² Appartement ∙ 1 chambre ∙ 2 personnes,Saas Fee - Valais
27/08/2024,29/03/2025,05/04/2025,902.21,HLJG2ZE,33 m² Appartement ∙ 1 chambre ∙ 2 personnes,Saas Fee - Valais
27/08/2024,05/04/2025,12/04/2025,902.21,HLJG2ZE,33 m² Appartement ∙ 1 chambre ∙ 2 personnes,Saas Fee - Valais
27/08/2024,12/04/2025,19/04/2025,902.21,HLJG2ZE,33 m² Appartement ∙ 1 chambre ∙ 2 personnes,Saas Fee - Valais
27/08/2024,19/04/2025,26/04/2025,902.21,HLJG2ZE,33 m² Appartement ∙ 1 chambre ∙ 2 personnes,Saas Fee - Valais
27/08/2024,21/09/2024,28/09/2024,697.00,HN42EKX,50 m² Appartement ∙ 1 chambre ∙ 3 personnes,Crans-Montana - Valais
27/08/2024,28/09/2024,05/10/2024,697.00,HN42EKX,50 m² Appartement ∙ 1 chambre ∙ 3 personnes,Crans-Montana - Valais
27/08/2024,05/10/2024,12/10/2024,697.00,HN42EKX,50 m² Appartement ∙ 1 chambre ∙ 3 personnes,Crans-Montana - Valais
27/08/2024,12/10/2024,19/10/2024,697.00,HN42EKX,50 m² Appartement ∙ 1 chambre ∙ 3 personnes,Crans-Montana - Valais
27/08/2024,19/10/2024,26/10/2024,697.00,HN42EKX,50 m² Appartement ∙ 1 chambre ∙ 3 personnes,Crans-Montana - Valais
27/08/2024,26/10/2024,02/11/2024,697.00,HN42EKX,50 m² Appartement ∙ 1 chambre ∙ 3 personnes,Crans-Montana - Valais
27/08/2024,02/11/2024,09/11/2024,724.00,HN42EKX,50 m² Appartement ∙ 1 chambre ∙ 3 personnes,Crans-Montana - Valais
27/08/2024,09/11/2024,16/11/2024,724.00,HN42EKX,50 m² Appartement ∙ 1 chambre ∙ 3 personnes,Crans-Montana - Valais
27/08/2024,16/11/2024,23/11/2024,724.00,HN42EKX,50 m² Appartement ∙ 1 chambre ∙ 3 personnes,Crans-Montana - Valais
27/08/2024,23/11/2024,30/11/2024,724.00,HN42EKX,50 m² Appartement ∙ 1 chambre ∙ 3 personnes,Crans-Montana - Valais
27/08/2024,30/11/2024,07/12/2024,724.00,HN42EKX,50 m² Appartement ∙ 1 chambre ∙ 3 personnes,Crans-Montana - Valais
27/08/2024,07/12/2024,14/12/2024,724.00,HN42EKX,50 m² Appartement ∙ 1 chambre ∙ 3 personnes,Crans-Montana - Valais
27/08/2024,14/12/2024,21/12/2024,724.00,HN42EKX,50 m² Appartement ∙ 1 chambre ∙ 3 personnes,Crans-Montana - Valais
27/08/2024,21/12/2024,28/12/2024,1429.00,HN42EKX,50 m² Appartement ∙ 1 chambre ∙ 3 personnes,Crans-Montana - Valais
27/08/2024,01/02/2025,08/02/2025,1042.00,HN42EKX,50 m² Appartement ∙ 1 chambre ∙ 3 personnes,Crans-Montana - Valais
27/08/2024,08/02/2025,15/02/2025,1204.00,HN42EKX,50 m² Appartement ∙ 1 chambre ∙ 3 personnes,Crans-Montana - Valais
27/08/2024,22/02/2025,01/03/2025,1429.00,HN42EKX,50 m² Appartement ∙ 1 chambre ∙ 3 personnes,Crans-Montana - Valais
27/08/2024,01/03/2025,08/03/2025,1204.00,HN42EKX,50 m² Appartement ∙ 1 chambre ∙ 3 personnes,Crans-Montana - Valais
27/08/2024,22/03/2025,29/03/2025,724.00,HN42EKX,50 m² Appartement ∙ 1 chambre ∙ 3 personnes,Crans-Montana - Valais
27/08/2024,29/03/2025,05/04/2025,724.00,HN42EKX,50 m² Appartement ∙ 1 chambre ∙ 3 personnes,Crans-Montana - Valais
27/08/2024,05/04/2025,12/04/2025,724.00,HN42EKX,50 m² Appartement ∙ 1 chambre ∙ 3 personnes,Crans-Montana - Valais
27/08/2024,12/04/2025,19/04/2025,906.00,HN42EKX,50 m² Appartement ∙ 1 chambre ∙ 3 personnes,Crans-Montana - Valais
27/08/2024,19/04/2025,26/04/2025,906.00,HN42EKX,50 m² Appartement ∙ 1 chambre ∙ 3 personnes,Crans-Montana - Valais
27/08/2024,26/04/2025,03/05/2025,724.00,HN42EKX,50 m² Appartement ∙ 1 chambre ∙ 3 personnes,Crans-Montana - Valais
27/08/2024,03/05/2025,10/05/2025,724.00,HN42EKX,50 m² Appartement ∙ 1 chambre ∙ 3 personnes,Crans-Montana - Valais
27/08/2024,10/05/2025,17/05/2025,724.00,HN42EKX,50 m² Appartement ∙ 1 chambre ∙ 3 personnes,Crans-Montana - Valais
27/08/2024,16/11/2024,23/11/2024,4141.79,H30YNZ8,270 m² Maison de vacances ∙ 7 chambres ∙ 16 personnes,Riddes - Valais
27/08/2024,23/11/2024,30/11/2024,4141.79,H30YNZ8,270 m² Maison de vacances ∙ 7 chambres ∙ 16 personnes,Riddes - Valais
27/08/2024,30/11/2024,07/12/2024,4141.79,H30YNZ8,270 m² Maison de vacances ∙ 7 chambres ∙ 16 personnes,Riddes - Valais
27/08/2024,01/02/2025,08/02/2025,6834.59,H30YNZ8,270 m² Maison de vacances ∙ 7 chambres ∙ 16 personnes,Riddes - Valais
27/08/2024,22/02/2025,01/03/2025,8539.35,H30YNZ8,270 m² Maison de vacances ∙ 7 chambres ∙ 16 personnes,Riddes - Valais
27/08/2024,01/03/2025,08/03/2025,8626.34,H30YNZ8,270 m² Maison de vacances ∙ 7 chambres ∙ 16 personnes,Riddes - Valais
27/08/2024,29/03/2025,05/04/2025,4141.75,H30YNZ8,270 m² Maison de vacances ∙ 7 chambres ∙ 16 personnes,Riddes - Valais
27/08/2024,05/04/2025,12/04/2025,4257.75,H30YNZ8,270 m² Maison de vacances ∙ 7 chambres ∙ 16 personnes,Riddes - Valais
27/08/2024,19/04/2025,26/04/2025,4141.79,H30YNZ8,270 m² Maison de vacances ∙ 7 chambres ∙ 16 personnes,Riddes - Valais
27/08/2024,02/11/2024,09/11/2024,591.71,HX9T5H3,Appartement ∙ 2 chambres ∙ 6 personnes,Grächen - Valais
27/08/2024,09/11/2024,16/11/2024,591.71,HX9T5H3,Appartement ∙ 2 chambres ∙ 6 personnes,Grächen - Valais
27/08/2024,16/11/2024,23/11/2024,591.71,HX9T5H3,Appartement ∙ 2 chambres ∙ 6 personnes,Grächen - Valais
27/08/2024,23/11/2024,30/11/2024,591.71,HX9T5H3,Appartement ∙ 2 chambres ∙ 6 personnes,Grächen - Valais
27/08/2024,30/11/2024,07/12/2024,591.71,HX9T5H3,Appartement ∙ 2 chambres ∙ 6 personnes,Grächen - Valais
27/08/2024,04/01/2025,11/01/2025,961.53,HX9T5H3,Appartement ∙ 2 chambres ∙ 6 personnes,Grächen - Valais
27/08/2024,11/01/2025,18/01/2025,961.53,HX9T5H3,Appartement ∙ 2 chambres ∙ 6 personnes,Grächen - Valais
27/08/2024,18/01/2025,25/01/2025,961.53,HX9T5H3,Appartement ∙ 2 chambres ∙ 6 personnes,Grächen - Valais
27/08/2024,22/03/2025,29/03/2025,961.53,HX9T5H3,Appartement ∙ 2 chambres ∙ 6 personnes,Grächen - Valais
27/08/2024,29/03/2025,05/04/2025,961.53,HX9T5H3,Appartement ∙ 2 chambres ∙ 6 personnes,Grächen - Valais
27/08/2024,07/12/2024,14/12/2024,1218.77,H5ZLH2X,60 m² Appartement ∙ 2 chambres ∙ 5 personnes,Saas Fee - Valais
27/08/2024,14/12/2024,21/12/2024,1218.77,H5ZLH2X,60 m² Appartement ∙ 2 chambres ∙ 5 personnes,Saas Fee - Valais
27/08/2024,21/12/2024,28/12/2024,1907.30,H5ZLH2X,60 m² Appartement ∙ 2 chambres ∙ 5 personnes,Saas Fee - Valais
27/08/2024,04/01/2025,11/01/2025,1218.77,H5ZLH2X,60 m² Appartement ∙ 2 chambres ∙ 5 personnes,Saas Fee - Valais
27/08/2024,18/01/2025,25/01/2025,1218.77,H5ZLH2X,60 m² Appartement ∙ 2 chambres ∙ 5 personnes,Saas Fee - Valais
27/08/2024,25/01/2025,01/02/2025,1756.93,H5ZLH2X,60 m² Appartement ∙ 2 chambres ∙ 5 personnes,Saas Fee - Valais
27/08/2024,22/02/2025,01/03/2025,1756.93,H5ZLH2X,60 m² Appartement ∙ 2 chambres ∙ 5 personnes,Saas Fee - Valais
27/08/2024,22/03/2025,29/03/2025,1218.77,H5ZLH2X,60 m² Appartement ∙ 2 chambres ∙ 5 personnes,Saas Fee - Valais
27/08/2024,29/03/2025,05/04/2025,1218.77,H5ZLH2X,60 m² Appartement ∙ 2 chambres ∙ 5 personnes,Saas Fee - Valais
27/08/2024,19/04/2025,26/04/2025,1218.77,H5ZLH2X,60 m² Appartement ∙ 2 chambres ∙ 5 personnes,Saas Fee - Valais
27/08/2024,07/09/2024,14/09/2024,772.73,HFJZ2G5,100 m² Appartement ∙ 4 chambres ∙ 8 personnes,Nendaz - Valais
27/08/2024,14/09/2024,21/09/2024,772.73,HFJZ2G5,100 m² Appartement ∙ 4 chambres ∙ 8 personnes,Nendaz - Valais
27/08/2024,21/09/2024,28/09/2024,772.73,HFJZ2G5,100 m² Appartement ∙ 4 chambres ∙ 8 personnes,Nendaz - Valais
27/08/2024,28/09/2024,05/10/2024,772.73,HFJZ2G5,100 m² Appartement ∙ 4 chambres ∙ 8 personnes,Nendaz - Valais
27/08/2024,05/10/2024,12/10/2024,772.73,HFJZ2G5,100 m² Appartement ∙ 4 chambres ∙ 8 personnes,Nendaz - Valais
27/08/2024,12/10/2024,19/10/2024,772.73,HFJZ2G5,100 m² Appartement ∙ 4 chambres ∙ 8 personnes,Nendaz - Valais
27/08/2024,26/10/2024,02/11/2024,772.73,HFJZ2G5,100 m² Appartement ∙ 4 chambres ∙ 8 personnes,Nendaz - Valais
27/08/2024,02/11/2024,09/11/2024,772.73,HFJZ2G5,100 m² Appartement ∙ 4 chambres ∙ 8 personnes,Nendaz - Valais
27/08/2024,09/11/2024,16/11/2024,772.73,HFJZ2G5,100 m² Appartement ∙ 4 chambres ∙ 8 personnes,Nendaz - Valais
27/08/2024,16/11/2024,23/11/2024,772.73,HFJZ2G5,100 m² Appartement ∙ 4 chambres ∙ 8 personnes,Nendaz - Valais
27/08/2024,23/11/2024,30/11/2024,1474.73,HFJZ2G5,100 m² Appartement ∙ 4 chambres ∙ 8 personnes,Nendaz - Valais
27/08/2024,30/11/2024,07/12/2024,1474.73,HFJZ2G5,100 m² Appartement ∙ 4 chambres ∙ 8 personnes,Nendaz - Valais
27/08/2024,07/12/2024,14/12/2024,1474.73,HFJZ2G5,100 m² Appartement ∙ 4 chambres ∙ 8 personnes,Nendaz - Valais
27/08/2024,21/09/2024,28/09/2024,448.80,H5EHGAK,Studio ∙ 1 chambre ∙ 2 personnes,Grächen - Valais
27/08/2024,28/09/2024,05/10/2024,443.78,H5EHGAK,Studio ∙ 1 chambre ∙ 2 personnes,Grächen - Valais
27/08/2024,05/10/2024,12/10/2024,443.78,H5EHGAK,Studio ∙ 1 chambre ∙ 2 personnes,Grächen - Valais
27/08/2024,12/10/2024,19/10/2024,443.78,H5EHGAK,Studio ∙ 1 chambre ∙ 2 personnes,Grächen - Valais
27/08/2024,19/10/2024,26/10/2024,579.50,H5EHGAK,Studio ∙ 1 chambre ∙ 2 personnes,Grächen - Valais
27/08/2024,26/10/2024,02/11/2024,369.82,H5EHGAK,Studio ∙ 1 chambre ∙ 2 personnes,Grächen - Valais
27/08/2024,02/11/2024,09/11/2024,369.82,H5EHGAK,Studio ∙ 1 chambre ∙ 2 personnes,Grächen - Valais
27/08/2024,09/11/2024,16/11/2024,369.82,H5EHGAK,Studio ∙ 1 chambre ∙ 2 personnes,Grächen - Valais
27/08/2024,16/11/2024,23/11/2024,369.82,H5EHGAK,Studio ∙ 1 chambre ∙ 2 personnes,Grächen - Valais
27/08/2024,23/11/2024,30/11/2024,369.82,H5EHGAK,Studio ∙ 1 chambre ∙ 2 personnes,Grächen - Valais
27/08/2024,30/11/2024,07/12/2024,369.82,H5EHGAK,Studio ∙ 1 chambre ∙ 2 personnes,Grächen - Valais
27/08/2024,07/12/2024,14/12/2024,369.82,H5EHGAK,Studio ∙ 1 chambre ∙ 2 personnes,Grächen - Valais
27/08/2024,28/12/2024,04/01/2025,591.71,H5EHGAK,Studio ∙ 1 chambre ∙ 2 personnes,Grächen - Valais
27/08/2024,04/01/2025,11/01/2025,517.75,H5EHGAK,Studio ∙ 1 chambre ∙ 2 personnes,Grächen - Valais
27/08/2024,11/01/2025,18/01/2025,517.75,H5EHGAK,Studio ∙ 1 chambre ∙ 2 personnes,Grächen - Valais
27/08/2024,25/01/2025,01/02/2025,591.71,H5EHGAK,Studio ∙ 1 chambre ∙ 2 personnes,Grächen - Valais
27/08/2024,08/02/2025,15/02/2025,591.71,H5EHGAK,Studio ∙ 1 chambre ∙ 2 personnes,Grächen - Valais
27/08/2024,15/03/2025,22/03/2025,517.75,H5EHGAK,Studio ∙ 1 chambre ∙ 2 personnes,Grächen - Valais
27/08/2024,22/03/2025,29/03/2025,517.75,H5EHGAK,Studio ∙ 1 chambre ∙ 2 personnes,Grächen - Valais
27/08/2024,29/03/2025,05/04/2025,517.75,H5EHGAK,Studio ∙ 1 chambre ∙ 2 personnes,Grächen - Valais
27/08/2024,31/08/2024,07/09/2024,984.00,H48EFJD,100 m² Maison de vacances ∙ 6 chambres ∙ 8 personnes,Riederalp - Valais
27/08/2024,07/09/2024,14/09/2024,1441.00,H48EFJD,100 m² Maison de vacances ∙ 6 chambres ∙ 8 personnes,Riederalp - Valais
27/08/2024,14/09/2024,21/09/2024,1441.00,H48EFJD,100 m² Maison de vacances ∙ 6 chambres ∙ 8 personnes,Riederalp - Valais
27/08/2024,21/09/2024,28/09/2024,1289.00,H48EFJD,100 m² Maison de vacances ∙ 6 chambres ∙ 8 personnes,Riederalp - Valais
27/08/2024,28/09/2024,05/10/2024,1289.00,H48EFJD,100 m² Maison de vacances ∙ 6 chambres ∙ 8 personnes,Riederalp - Valais
27/08/2024,05/10/2024,12/10/2024,1289.00,H48EFJD,100 m² Maison de vacances ∙ 6 chambres ∙ 8 personnes,Riederalp - Valais
27/08/2024,12/10/2024,19/10/2024,1289.00,H48EFJD,100 m² Maison de vacances ∙ 6 chambres ∙ 8 personnes,Riederalp - Valais
27/08/2024,19/10/2024,26/10/2024,1289.00,H48EFJD,100 m² Maison de vacances ∙ 6 chambres ∙ 8 personnes,Riederalp - Valais
27/08/2024,26/10/2024,02/11/2024,1289.00,H48EFJD,100 m² Maison de vacances ∙ 6 chambres ∙ 8 personnes,Riederalp - Valais
27/08/2024,02/11/2024,09/11/2024,1289.00,H48EFJD,100 m² Maison de vacances ∙ 6 chambres ∙ 8 personnes,Riederalp - Valais
27/08/2024,09/11/2024,16/11/2024,1289.00,H48EFJD,100 m² Maison de vacances ∙ 6 chambres ∙ 8 personnes,Riederalp - Valais
27/08/2024,16/11/2024,23/11/2024,1289.00,H48EFJD,100 m² Maison de vacances ∙ 6 chambres ∙ 8 personnes,Riederalp - Valais
27/08/2024,23/11/2024,30/11/2024,1289.00,H48EFJD,100 m² Maison de vacances ∙ 6 chambres ∙ 8 personnes,Riederalp - Valais
27/08/2024,30/11/2024,07/12/2024,1289.00,H48EFJD,100 m² Maison de vacances ∙ 6 chambres ∙ 8 personnes,Riederalp - Valais
27/08/2024,07/12/2024,14/12/2024,1289.00,H48EFJD,100 m² Maison de vacances ∙ 6 chambres ∙ 8 personnes,Riederalp - Valais
27/08/2024,14/12/2024,21/12/2024,1744.00,H48EFJD,100 m² Maison de vacances ∙ 6 chambres ∙ 8 personnes,Riederalp - Valais
27/08/2024,04/01/2025,11/01/2025,1744.00,H48EFJD,100 m² Maison de vacances ∙ 6 chambres ∙ 8 personnes,Riederalp - Valais
27/08/2024,11/01/2025,18/01/2025,1744.00,H48EFJD,100 m² Maison de vacances ∙ 6 chambres ∙ 8 personnes,Riederalp - Valais
27/08/2024,08/02/2025,15/02/2025,2275.00,H48EFJD,100 m² Maison de vacances ∙ 6 chambres ∙ 8 personnes,Riederalp - Valais
27/08/2024,15/03/2025,22/03/2025,1744.00,H48EFJD,100 m² Maison de vacances ∙ 6 chambres ∙ 8 personnes,Riederalp - Valais
27/08/2024,22/03/2025,29/03/2025,1289.00,H48EFJD,100 m² Maison de vacances ∙ 6 chambres ∙ 8 personnes,Riederalp - Valais
27/08/2024,29/03/2025,05/04/2025,1289.00,H48EFJD,100 m² Maison de vacances ∙ 6 chambres ∙ 8 personnes,Riederalp - Valais
27/08/2024,05/04/2025,12/04/2025,1289.00,H48EFJD,100 m² Maison de vacances ∙ 6 chambres ∙ 8 personnes,Riederalp - Valais
27/08/2024,12/04/2025,19/04/2025,1593.00,H48EFJD,100 m² Maison de vacances ∙ 6 chambres ∙ 8 personnes,Riederalp - Valais
27/08/2024,19/04/2025,26/04/2025,1593.00,H48EFJD,100 m² Maison de vacances ∙ 6 chambres ∙ 8 personnes,Riederalp - Valais
27/08/2024,26/04/2025,03/05/2025,1289.00,H48EFJD,100 m² Maison de vacances ∙ 6 chambres ∙ 8 personnes,Riederalp - Valais
27/08/2024,03/05/2025,10/05/2025,1289.00,H48EFJD,100 m² Maison de vacances ∙ 6 chambres ∙ 8 personnes,Riederalp - Valais
27/08/2024,10/05/2025,17/05/2025,1289.00,H48EFJD,100 m² Maison de vacances ∙ 6 chambres ∙ 8 personnes,Riederalp - Valais
27/08/2024,31/08/2024,07/09/2024,680.00,HGT46WV,Flache 401,Flache 401Vex - Valais
27/08/2024,07/09/2024,14/09/2024,680.00,HGT46WV,Flache 401,Flache 401Vex - Valais
27/08/2024,14/09/2024,21/09/2024,680.00,HGT46WV,Flache 401,Flache 401Vex - Valais
27/08/2024,21/09/2024,28/09/2024,680.00,HGT46WV,Flache 401,Flache 401Vex - Valais
27/08/2024,28/09/2024,05/10/2024,680.00,HGT46WV,Flache 401,Flache 401Vex - Valais
27/08/2024,05/10/2024,12/10/2024,680.00,HGT46WV,Flache 401,Flache 401Vex - Valais
27/08/2024,12/10/2024,19/10/2024,680.00,HGT46WV,Flache 401,Flache 401Vex - Valais
27/08/2024,19/10/2024,26/10/2024,680.00,HGT46WV,Flache 401,Flache 401Vex - Valais
27/08/2024,07/12/2024,14/12/2024,1804.00,HGT46WV,Flache 401,Flache 401Vex - Valais
27/08/2024,14/12/2024,21/12/2024,1804.00,HGT46WV,Flache 401,Flache 401Vex - Valais
27/08/2024,04/01/2025,11/01/2025,1804.00,HGT46WV,Flache 401,Flache 401Vex - Valais
27/08/2024,11/01/2025,18/01/2025,1804.00,HGT46WV,Flache 401,Flache 401Vex - Valais
27/08/2024,18/01/2025,25/01/2025,1804.00,HGT46WV,Flache 401,Flache 401Vex - Valais
27/08/2024,08/03/2025,15/03/2025,2152.00,HGT46WV,Flache 401,Flache 401Vex - Valais
27/08/2024,22/03/2025,29/03/2025,1804.00,HGT46WV,Flache 401,Flache 401Vex - Valais
27/08/2024,29/03/2025,05/04/2025,1804.00,HGT46WV,Flache 401,Flache 401Vex - Valais
27/08/2024,05/04/2025,12/04/2025,1804.00,HGT46WV,Flache 401,Flache 401Vex - Valais
27/08/2024,12/04/2025,19/04/2025,1804.00,HGT46WV,Flache 401,Flache 401Vex - Valais
27/08/2024,19/04/2025,26/04/2025,1804.00,HGT46WV,Flache 401,Flache 401Vex - Valais
27/08/2024,05/10/2024,12/10/2024,702.66,HU6R5CS,Appartement ∙ 2 chambres ∙ 4 personnes,Grächen - Valais
27/08/2024,12/10/2024,19/10/2024,702.66,HU6R5CS,Appartement ∙ 2 chambres ∙ 4 personnes,Grächen - Valais
27/08/2024,19/10/2024,26/10/2024,702.66,HU6R5CS,Appartement ∙ 2 chambres ∙ 4 personnes,Grächen - Valais
27/08/2024,26/10/2024,02/11/2024,702.66,HU6R5CS,Appartement ∙ 2 chambres ∙ 4 personnes,Grächen - Valais
27/08/2024,02/11/2024,09/11/2024,702.66,HU6R5CS,Appartement ∙ 2 chambres ∙ 4 personnes,Grächen - Valais
27/08/2024,09/11/2024,16/11/2024,702.66,HU6R5CS,Appartement ∙ 2 chambres ∙ 4 personnes,Grächen - Valais
27/08/2024,16/11/2024,23/11/2024,702.66,HU6R5CS,Appartement ∙ 2 chambres ∙ 4 personnes,Grächen - Valais
27/08/2024,23/11/2024,30/11/2024,702.66,HU6R5CS,Appartement ∙ 2 chambres ∙ 4 personnes,Grächen - Valais
27/08/2024,30/11/2024,07/12/2024,702.66,HU6R5CS,Appartement ∙ 2 chambres ∙ 4 personnes,Grächen - Valais
27/08/2024,07/12/2024,14/12/2024,702.66,HU6R5CS,Appartement ∙ 2 chambres ∙ 4 personnes,Grächen - Valais
27/08/2024,14/12/2024,21/12/2024,887.56,HU6R5CS,Appartement ∙ 2 chambres ∙ 4 personnes,Grächen - Valais
27/08/2024,22/03/2025,29/03/2025,702.66,HU6R5CS,Appartement ∙ 2 chambres ∙ 4 personnes,Grächen - Valais
27/08/2024,29/03/2025,05/04/2025,702.66,HU6R5CS,Appartement ∙ 2 chambres ∙ 4 personnes,Grächen - Valais
27/08/2024,05/04/2025,12/04/2025,702.66,HU6R5CS,Appartement ∙ 2 chambres ∙ 4 personnes,Grächen - Valais
27/08/2024,12/04/2025,19/04/2025,702.66,HU6R5CS,Appartement ∙ 2 chambres ∙ 4 personnes,Grächen - Valais
27/08/2024,19/04/2025,26/04/2025,813.29,HU6R5CS,Appartement ∙ 2 chambres ∙ 4 personnes,Grächen - Valais
27/08/2024,26/04/2025,03/05/2025,702.66,HU6R5CS,Appartement ∙ 2 chambres ∙ 4 personnes,Grächen - Valais
27/08/2024,03/05/2025,10/05/2025,702.66,HU6R5CS,Appartement ∙ 2 chambres ∙ 4 personnes,Grächen - Valais
27/08/2024,10/05/2025,17/05/2025,702.66,HU6R5CS,Appartement ∙ 2 chambres ∙ 4 personnes,Grächen - Valais
27/08/2024,21/09/2024,28/09/2024,1236.56,HYGNE7W,100 m² Appartement ∙ 3 chambres ∙ 5 personnes,Grengiols - Valais
27/08/2024,12/10/2024,19/10/2024,1236.56,HYGNE7W,100 m² Appartement ∙ 3 chambres ∙ 5 personnes,Grengiols - Valais
27/08/2024,19/10/2024,26/10/2024,1236.56,HYGNE7W,100 m² Appartement ∙ 3 chambres ∙ 5 personnes,Grengiols - Valais
27/08/2024,26/10/2024,02/11/2024,1236.56,HYGNE7W,100 m² Appartement ∙ 3 chambres ∙ 5 personnes,Grengiols - Valais
27/08/2024,02/11/2024,09/11/2024,1236.56,HYGNE7W,100 m² Appartement ∙ 3 chambres ∙ 5 personnes,Grengiols - Valais
27/08/2024,09/11/2024,16/11/2024,1236.56,HYGNE7W,100 m² Appartement ∙ 3 chambres ∙ 5 personnes,Grengiols - Valais
27/08/2024,16/11/2024,23/11/2024,1236.56,HYGNE7W,100 m² Appartement ∙ 3 chambres ∙ 5 personnes,Grengiols - Valais
27/08/2024,19/04/2025,26/04/2025,1236.56,HYGNE7W,100 m² Appartement ∙ 3 chambres ∙ 5 personnes,Grengiols - Valais
27/08/2024,26/04/2025,03/05/2025,1236.56,HYGNE7W,100 m² Appartement ∙ 3 chambres ∙ 5 personnes,Grengiols - Valais
27/08/2024,03/05/2025,10/05/2025,1236.56,HYGNE7W,100 m² Appartement ∙ 3 chambres ∙ 5 personnes,Grengiols - Valais
27/08/2024,10/05/2025,17/05/2025,1236.56,HYGNE7W,100 m² Appartement ∙ 3 chambres ∙ 5 personnes,Grengiols - Valais
27/08/2024,31/08/2024,07/09/2024,440.00,HS7LKC5,28 m² Appartement ∙ 1 chambre ∙ 2 personnes,Ovronnaz - Leytron - Valais
27/08/2024,14/09/2024,21/09/2024,553.00,HS7LKC5,28 m² Appartement ∙ 1 chambre ∙ 2 personnes,Ovronnaz - Leytron - Valais
27/08/2024,21/09/2024,28/09/2024,553.00,HS7LKC5,28 m² Appartement ∙ 1 chambre ∙ 2 personnes,Ovronnaz - Leytron - Valais
27/08/2024,28/09/2024,05/10/2024,553.00,HS7LKC5,28 m² Appartement ∙ 1 chambre ∙ 2 personnes,Ovronnaz - Leytron - Valais
27/08/2024,26/10/2024,02/11/2024,553.00,HS7LKC5,28 m² Appartement ∙ 1 chambre ∙ 2 personnes,Ovronnaz - Leytron - Valais
27/08/2024,02/11/2024,09/11/2024,553.00,HS7LKC5,28 m² Appartement ∙ 1 chambre ∙ 2 personnes,Ovronnaz - Leytron - Valais
27/08/2024,09/11/2024,16/11/2024,553.00,HS7LKC5,28 m² Appartement ∙ 1 chambre ∙ 2 personnes,Ovronnaz - Leytron - Valais
27/08/2024,16/11/2024,23/11/2024,553.00,HS7LKC5,28 m² Appartement ∙ 1 chambre ∙ 2 personnes,Ovronnaz - Leytron - Valais
27/08/2024,23/11/2024,30/11/2024,553.00,HS7LKC5,28 m² Appartement ∙ 1 chambre ∙ 2 personnes,Ovronnaz - Leytron - Valais
27/08/2024,30/11/2024,07/12/2024,553.00,HS7LKC5,28 m² Appartement ∙ 1 chambre ∙ 2 personnes,Ovronnaz - Leytron - Valais
27/08/2024,07/12/2024,14/12/2024,553.00,HS7LKC5,28 m² Appartement ∙ 1 chambre ∙ 2 personnes,Ovronnaz - Leytron - Valais
27/08/2024,14/12/2024,21/12/2024,553.00,HS7LKC5,28 m² Appartement ∙ 1 chambre ∙ 2 personnes,Ovronnaz - Leytron - Valais
27/08/2024,21/12/2024,28/12/2024,879.00,HS7LKC5,28 m² Appartement ∙ 1 chambre ∙ 2 personnes,Ovronnaz - Leytron - Valais
27/08/2024,11/01/2025,18/01/2025,553.00,HS7LKC5,28 m² Appartement ∙ 1 chambre ∙ 2 personnes,Ovronnaz - Leytron - Valais
27/08/2024,18/01/2025,25/01/2025,553.00,HS7LKC5,28 m² Appartement ∙ 1 chambre ∙ 2 personnes,Ovronnaz - Leytron - Valais
27/08/2024,08/02/2025,15/02/2025,613.00,HS7LKC5,28 m² Appartement ∙ 1 chambre ∙ 2 personnes,Ovronnaz - Leytron - Valais
27/08/2024,15/02/2025,22/02/2025,1008.00,HS7LKC5,28 m² Appartement ∙ 1 chambre ∙ 2 personnes,Ovronnaz - Leytron - Valais
27/08/2024,22/02/2025,01/03/2025,1008.00,HS7LKC5,28 m² Appartement ∙ 1 chambre ∙ 2 personnes,Ovronnaz - Leytron - Valais
27/08/2024,15/03/2025,22/03/2025,553.00,HS7LKC5,28 m² Appartement ∙ 1 chambre ∙ 2 personnes,Ovronnaz - Leytron - Valais
27/08/2024,22/03/2025,29/03/2025,553.00,HS7LKC5,28 m² Appartement ∙ 1 chambre ∙ 2 personnes,Ovronnaz - Leytron - Valais
27/08/2024,29/03/2025,05/04/2025,553.00,HS7LKC5,28 m² Appartement ∙ 1 chambre ∙ 2 personnes,Ovronnaz - Leytron - Valais
27/08/2024,05/04/2025,12/04/2025,553.00,HS7LKC5,28 m² Appartement ∙ 1 chambre ∙ 2 personnes,Ovronnaz - Leytron - Valais
27/08/2024,12/04/2025,19/04/2025,553.00,HS7LKC5,28 m² Appartement ∙ 1 chambre ∙ 2 personnes,Ovronnaz - Leytron - Valais
27/08/2024,19/04/2025,26/04/2025,553.00,HS7LKC5,28 m² Appartement ∙ 1 chambre ∙ 2 personnes,Ovronnaz - Leytron - Valais
27/08/2024,26/04/2025,03/05/2025,553.00,HS7LKC5,28 m² Appartement ∙ 1 chambre ∙ 2 personnes,Ovronnaz - Leytron - Valais
27/08/2024,03/05/2025,10/05/2025,553.00,HS7LKC5,28 m² Appartement ∙ 1 chambre ∙ 2 personnes,Ovronnaz - Leytron - Valais
27/08/2024,10/05/2025,17/05/2025,553.00,HS7LKC5,28 m² Appartement ∙ 1 chambre ∙ 2 personnes,Ovronnaz - Leytron - Valais
27/08/2024,21/09/2024,28/09/2024,399.80,HYRT4EA,25 m² Appartement ∙ 1 chambre ∙ 2 personnes,Nendaz - Valais
27/08/2024,12/10/2024,19/10/2024,401.01,HYRT4EA,25 m² Appartement ∙ 1 chambre ∙ 2 personnes,Nendaz - Valais
27/08/2024,19/10/2024,26/10/2024,399.80,HYRT4EA,25 m² Appartement ∙ 1 chambre ∙ 2 personnes,Nendaz - Valais
27/08/2024,26/10/2024,02/11/2024,441.11,HYRT4EA,25 m² Appartement ∙ 1 chambre ∙ 2 personnes,Nendaz - Valais
27/08/2024,02/11/2024,09/11/2024,437.47,HYRT4EA,25 m² Appartement ∙ 1 chambre ∙ 2 personnes,Nendaz - Valais
27/08/2024,09/11/2024,16/11/2024,399.80,HYRT4EA,25 m² Appartement ∙ 1 chambre ∙ 2 personnes,Nendaz - Valais
27/08/2024,16/11/2024,23/11/2024,399.80,HYRT4EA,25 m² Appartement ∙ 1 chambre ∙ 2 personnes,Nendaz - Valais
27/08/2024,23/11/2024,30/11/2024,399.80,HYRT4EA,25 m² Appartement ∙ 1 chambre ∙ 2 personnes,Nendaz - Valais
27/08/2024,28/09/2024,05/10/2024,1314.00,HNGT0AV,73 m² Appartement ∙ 2 chambres ∙ 4 personnes,Verbier - Bagnes - Valais
27/08/2024,21/12/2024,28/12/2024,2737.00,HNGT0AV,73 m² Appartement ∙ 2 chambres ∙ 4 personnes,Verbier - Bagnes - Valais
27/08/2024,15/02/2025,22/02/2025,2964.00,HNGT0AV,73 m² Appartement ∙ 2 chambres ∙ 4 personnes,Verbier - Bagnes - Valais
27/08/2024,22/02/2025,01/03/2025,2964.00,HNGT0AV,73 m² Appartement ∙ 2 chambres ∙ 4 personnes,Verbier - Bagnes - Valais
27/08/2024,22/03/2025,29/03/2025,1341.00,HNGT0AV,73 m² Appartement ∙ 2 chambres ∙ 4 personnes,Verbier - Bagnes - Valais
27/08/2024,29/03/2025,05/04/2025,1341.00,HNGT0AV,73 m² Appartement ∙ 2 chambres ∙ 4 personnes,Verbier - Bagnes - Valais
27/08/2024,05/04/2025,12/04/2025,1341.00,HNGT0AV,73 m² Appartement ∙ 2 chambres ∙ 4 personnes,Verbier - Bagnes - Valais
27/08/2024,12/04/2025,19/04/2025,1561.00,HNGT0AV,73 m² Appartement ∙ 2 chambres ∙ 4 personnes,Verbier - Bagnes - Valais
27/08/2024,19/04/2025,26/04/2025,1561.00,HNGT0AV,73 m² Appartement ∙ 2 chambres ∙ 4 personnes,Verbier - Bagnes - Valais
27/08/2024,26/04/2025,03/05/2025,1341.00,HNGT0AV,73 m² Appartement ∙ 2 chambres ∙ 4 personnes,Verbier - Bagnes - Valais
27/08/2024,03/05/2025,10/05/2025,1341.00,HNGT0AV,73 m² Appartement ∙ 2 chambres ∙ 4 personnes,Verbier - Bagnes - Valais
27/08/2024,10/05/2025,17/05/2025,1341.00,HNGT0AV,73 m² Appartement ∙ 2 chambres ∙ 4 personnes,Verbier - Bagnes - Valais
27/08/2024,31/08/2024,07/09/2024,1343.76,HBV1FSY,46 m² Appartement ∙ 2 chambres ∙ 4 personnes,Crans-Montana - Valais
27/08/2024,21/12/2024,28/12/2024,1934.20,HBV1FSY,46 m² Appartement ∙ 2 chambres ∙ 4 personnes,Crans-Montana - Valais
27/08/2024,28/12/2024,04/01/2025,1934.20,HBV1FSY,46 m² Appartement ∙ 2 chambres ∙ 4 personnes,Crans-Montana - Valais
27/08/2024,04/01/2025,11/01/2025,1068.90,HBV1FSY,46 m² Appartement ∙ 2 chambres ∙ 4 personnes,Crans-Montana - Valais
27/08/2024,18/01/2025,25/01/2025,1068.90,HBV1FSY,46 m² Appartement ∙ 2 chambres ∙ 4 personnes,Crans-Montana - Valais
27/08/2024,25/01/2025,01/02/2025,1343.76,HBV1FSY,46 m² Appartement ∙ 2 chambres ∙ 4 personnes,Crans-Montana - Valais
27/08/2024,08/02/2025,15/02/2025,1343.76,HBV1FSY,46 m² Appartement ∙ 2 chambres ∙ 4 personnes,Crans-Montana - Valais
27/08/2024,15/02/2025,22/02/2025,1801.86,HBV1FSY,46 m² Appartement ∙ 2 chambres ∙ 4 personnes,Crans-Montana - Valais
27/08/2024,22/02/2025,01/03/2025,1801.86,HBV1FSY,46 m² Appartement ∙ 2 chambres ∙ 4 personnes,Crans-Montana - Valais
27/08/2024,31/08/2024,07/09/2024,1062.00,HTADLWM,90 m² Appartement ∙ 3 chambres ∙ 5 personnes,Loèche-les-Bains - Valais
27/08/2024,07/09/2024,14/09/2024,1062.00,HTADLWM,90 m² Appartement ∙ 3 chambres ∙ 5 personnes,Loèche-les-Bains - Valais
27/08/2024,19/10/2024,26/10/2024,1062.00,HTADLWM,90 m² Appartement ∙ 3 chambres ∙ 5 personnes,Loèche-les-Bains - Valais
27/08/2024,30/11/2024,07/12/2024,1062.00,HTADLWM,90 m² Appartement ∙ 3 chambres ∙ 5 personnes,Loèche-les-Bains - Valais
27/08/2024,07/12/2024,14/12/2024,1062.00,HTADLWM,90 m² Appartement ∙ 3 chambres ∙ 5 personnes,Loèche-les-Bains - Valais
27/08/2024,14/12/2024,21/12/2024,1062.00,HTADLWM,90 m² Appartement ∙ 3 chambres ∙ 5 personnes,Loèche-les-Bains - Valais
27/08/2024,11/01/2025,18/01/2025,1365.00,HTADLWM,90 m² Appartement ∙ 3 chambres ∙ 5 personnes,Loèche-les-Bains - Valais
27/08/2024,18/01/2025,25/01/2025,1365.00,HTADLWM,90 m² Appartement ∙ 3 chambres ∙ 5 personnes,Loèche-les-Bains - Valais
27/08/2024,08/02/2025,15/02/2025,1668.00,HTADLWM,90 m² Appartement ∙ 3 chambres ∙ 5 personnes,Loèche-les-Bains - Valais
27/08/2024,08/03/2025,15/03/2025,1365.00,HTADLWM,90 m² Appartement ∙ 3 chambres ∙ 5 personnes,Loèche-les-Bains - Valais
27/08/2024,15/03/2025,22/03/2025,1062.00,HTADLWM,90 m² Appartement ∙ 3 chambres ∙ 5 personnes,Loèche-les-Bains - Valais
27/08/2024,22/03/2025,29/03/2025,1062.00,HTADLWM,90 m² Appartement ∙ 3 chambres ∙ 5 personnes,Loèche-les-Bains - Valais
27/08/2024,29/03/2025,05/04/2025,1062.00,HTADLWM,90 m² Appartement ∙ 3 chambres ∙ 5 personnes,Loèche-les-Bains - Valais
27/08/2024,05/04/2025,12/04/2025,1062.00,HTADLWM,90 m² Appartement ∙ 3 chambres ∙ 5 personnes,Loèche-les-Bains - Valais
27/08/2024,12/04/2025,19/04/2025,1365.00,HTADLWM,90 m² Appartement ∙ 3 chambres ∙ 5 personnes,Loèche-les-Bains - Valais
27/08/2024,19/04/2025,26/04/2025,1365.00,HTADLWM,90 m² Appartement ∙ 3 chambres ∙ 5 personnes,Loèche-les-Bains - Valais
27/08/2024,31/08/2024,07/09/2024,1312.58,HD9MZS4,120 m² Appartement ∙ 3 chambres ∙ 4 personnes,Sion - Valais
27/08/2024,07/09/2024,14/09/2024,1268.72,HD9MZS4,120 m² Appartement ∙ 3 chambres ∙ 4 personnes,Sion - Valais
27/08/2024,14/09/2024,21/09/2024,1359.91,HD9MZS4,120 m² Appartement ∙ 3 chambres ∙ 4 personnes,Sion - Valais
27/08/2024,21/09/2024,28/09/2024,1365.69,HD9MZS4,120 m² Appartement ∙ 3 chambres ∙ 4 personnes,Sion - Valais
27/08/2024,05/10/2024,12/10/2024,1417.64,HD9MZS4,120 m² Appartement ∙ 3 chambres ∙ 4 personnes,Sion - Valais
27/08/2024,12/10/2024,19/10/2024,1433.80,HD9MZS4,120 m² Appartement ∙ 3 chambres ∙ 4 personnes,Sion - Valais
27/08/2024,19/10/2024,26/10/2024,1406.09,HD9MZS4,120 m² Appartement ∙ 3 chambres ∙ 4 personnes,Sion - Valais
27/08/2024,26/10/2024,02/11/2024,1505.38,HD9MZS4,120 m² Appartement ∙ 3 chambres ∙ 4 personnes,Sion - Valais
27/08/2024,02/11/2024,09/11/2024,1473.05,HD9MZS4,120 m² Appartement ∙ 3 chambres ∙ 4 personnes,Sion - Valais
27/08/2024,09/11/2024,16/11/2024,1454.58,HD9MZS4,120 m² Appartement ∙ 3 chambres ∙ 4 personnes,Sion - Valais
27/08/2024,16/11/2024,23/11/2024,1488.06,HD9MZS4,120 m² Appartement ∙ 3 chambres ∙ 4 personnes,Sion - Valais
27/08/2024,23/11/2024,30/11/2024,1505.38,HD9MZS4,120 m² Appartement ∙ 3 chambres ∙ 4 personnes,Sion - Valais
27/08/2024,30/11/2024,07/12/2024,1482.29,HD9MZS4,120 m² Appartement ∙ 3 chambres ∙ 4 personnes,Sion - Valais
27/08/2024,07/12/2024,14/12/2024,1505.38,HD9MZS4,120 m² Appartement ∙ 3 chambres ∙ 4 personnes,Sion - Valais
27/08/2024,14/12/2024,21/12/2024,1648.52,HD9MZS4,120 m² Appartement ∙ 3 chambres ∙ 4 personnes,Sion - Valais
27/08/2024,26/10/2024,02/11/2024,849.61,HVFCT4B,130 m² Appartement ∙ 3 chambres ∙ 6 personnes,Fieschertal - Valais
27/08/2024,02/11/2024,09/11/2024,948.02,HVFCT4B,130 m² Appartement ∙ 3 chambres ∙ 6 personnes,Fieschertal - Valais
27/08/2024,09/11/2024,16/11/2024,948.02,HVFCT4B,130 m² Appartement ∙ 3 chambres ∙ 6 personnes,Fieschertal - Valais
27/08/2024,16/11/2024,23/11/2024,976.93,HVFCT4B,130 m² Appartement ∙ 3 chambres ∙ 6 personnes,Fieschertal - Valais
27/08/2024,23/11/2024,30/11/2024,976.93,HVFCT4B,130 m² Appartement ∙ 3 chambres ∙ 6 personnes,Fieschertal - Valais
27/08/2024,30/11/2024,07/12/2024,976.93,HVFCT4B,130 m² Appartement ∙ 3 chambres ∙ 6 personnes,Fieschertal - Valais
27/08/2024,07/12/2024,14/12/2024,976.93,HVFCT4B,130 m² Appartement ∙ 3 chambres ∙ 6 personnes,Fieschertal - Valais
27/08/2024,14/12/2024,21/12/2024,1492.64,HVFCT4B,130 m² Appartement ∙ 3 chambres ∙ 6 personnes,Fieschertal - Valais
27/08/2024,25/01/2025,01/02/2025,1238.78,HVFCT4B,130 m² Appartement ∙ 3 chambres ∙ 6 personnes,Fieschertal - Valais
27/08/2024,01/03/2025,08/03/2025,897.36,HVFCT4B,130 m² Appartement ∙ 3 chambres ∙ 6 personnes,Fieschertal - Valais
27/08/2024,08/03/2025,15/03/2025,691.79,HVFCT4B,130 m² Appartement ∙ 3 chambres ∙ 6 personnes,Fieschertal - Valais
27/08/2024,15/03/2025,22/03/2025,691.79,HVFCT4B,130 m² Appartement ∙ 3 chambres ∙ 6 personnes,Fieschertal - Valais
27/08/2024,22/03/2025,29/03/2025,691.79,HVFCT4B,130 m² Appartement ∙ 3 chambres ∙ 6 personnes,Fieschertal - Valais
27/08/2024,29/03/2025,05/04/2025,813.17,HVFCT4B,130 m² Appartement ∙ 3 chambres ∙ 6 personnes,Fieschertal - Valais
27/08/2024,05/04/2025,12/04/2025,813.17,HVFCT4B,130 m² Appartement ∙ 3 chambres ∙ 6 personnes,Fieschertal - Valais
27/08/2024,12/04/2025,19/04/2025,962.32,HVFCT4B,130 m² Appartement ∙ 3 chambres ∙ 6 personnes,Fieschertal - Valais
27/08/2024,19/04/2025,26/04/2025,813.17,HVFCT4B,130 m² Appartement ∙ 3 chambres ∙ 6 personnes,Fieschertal - Valais
27/08/2024,26/04/2025,03/05/2025,717.15,HVFCT4B,130 m² Appartement ∙ 3 chambres ∙ 6 personnes,Fieschertal - Valais
27/08/2024,03/05/2025,10/05/2025,717.15,HVFCT4B,130 m² Appartement ∙ 3 chambres ∙ 6 personnes,Fieschertal - Valais
27/08/2024,10/05/2025,17/05/2025,717.15,HVFCT4B,130 m² Appartement ∙ 3 chambres ∙ 6 personnes,Fieschertal - Valais
27/08/2024,21/09/2024,28/09/2024,882.10,HFA0HMS,Chalet ∙ 3 chambres ∙ 6 personnes,Evolène - Valais
27/08/2024,28/09/2024,05/10/2024,921.36,HFA0HMS,Chalet ∙ 3 chambres ∙ 6 personnes,Evolène - Valais
27/08/2024,05/10/2024,12/10/2024,1012.26,HFA0HMS,Chalet ∙ 3 chambres ∙ 6 personnes,Evolène - Valais
27/08/2024,12/10/2024,19/10/2024,1054.61,HFA0HMS,Chalet ∙ 3 chambres ∙ 6 personnes,Evolène - Valais
27/08/2024,19/10/2024,26/10/2024,1125.88,HFA0HMS,Chalet ∙ 3 chambres ∙ 6 personnes,Evolène - Valais
27/08/2024,26/10/2024,02/11/2024,1152.73,HFA0HMS,Chalet ∙ 3 chambres ∙ 6 personnes,Evolène - Valais
27/08/2024,02/11/2024,09/11/2024,1027.75,HFA0HMS,Chalet ∙ 3 chambres ∙ 6 personnes,Evolène - Valais
27/08/2024,09/11/2024,16/11/2024,1053.57,HFA0HMS,Chalet ∙ 3 chambres ∙ 6 personnes,Evolène - Valais
27/08/2024,16/11/2024,23/11/2024,1053.57,HFA0HMS,Chalet ∙ 3 chambres ∙ 6 personnes,Evolène - Valais
27/08/2024,23/11/2024,30/11/2024,1156.86,HFA0HMS,Chalet ∙ 3 chambres ∙ 6 personnes,Evolène - Valais
27/08/2024,30/11/2024,07/12/2024,1176.49,HFA0HMS,Chalet ∙ 3 chambres ∙ 6 personnes,Evolène - Valais
27/08/2024,07/12/2024,14/12/2024,1232.27,HFA0HMS,Chalet ∙ 3 chambres ∙ 6 personnes,Evolène - Valais
27/08/2024,14/12/2024,21/12/2024,1701.20,HFA0HMS,Chalet ∙ 3 chambres ∙ 6 personnes,Evolène - Valais
27/08/2024,04/01/2025,11/01/2025,2530.64,HFA0HMS,Chalet ∙ 3 chambres ∙ 6 personnes,Evolène - Valais
27/08/2024,11/01/2025,18/01/2025,1668.15,HFA0HMS,Chalet ∙ 3 chambres ∙ 6 personnes,Evolène - Valais
27/08/2024,18/01/2025,25/01/2025,1832.38,HFA0HMS,Chalet ∙ 3 chambres ∙ 6 personnes,Evolène - Valais
27/08/2024,25/01/2025,01/02/2025,2323.02,HFA0HMS,Chalet ∙ 3 chambres ∙ 6 personnes,Evolène - Valais
27/08/2024,01/02/2025,08/02/2025,2497.59,HFA0HMS,Chalet ∙ 3 chambres ∙ 6 personnes,Evolène - Valais
27/08/2024,08/02/2025,15/02/2025,2515.14,HFA0HMS,Chalet ∙ 3 chambres ∙ 6 personnes,Evolène - Valais
27/08/2024,15/02/2025,22/02/2025,2530.64,HFA0HMS,Chalet ∙ 3 chambres ∙ 6 personnes,Evolène - Valais
27/08/2024,22/02/2025,01/03/2025,2530.64,HFA0HMS,Chalet ∙ 3 chambres ∙ 6 personnes,Evolène - Valais
27/08/2024,01/03/2025,08/03/2025,2530.64,HFA0HMS,Chalet ∙ 3 chambres ∙ 6 personnes,Evolène - Valais
27/08/2024,08/03/2025,15/03/2025,2075.12,HFA0HMS,Chalet ∙ 3 chambres ∙ 6 personnes,Evolène - Valais
27/08/2024,15/03/2025,22/03/2025,1837.55,HFA0HMS,Chalet ∙ 3 chambres ∙ 6 personnes,Evolène - Valais
27/08/2024,22/03/2025,29/03/2025,1774.54,HFA0HMS,Chalet ∙ 3 chambres ∙ 6 personnes,Evolène - Valais
27/08/2024,29/03/2025,05/04/2025,1963.57,HFA0HMS,Chalet ∙ 3 chambres ∙ 6 personnes,Evolène - Valais
27/08/2024,05/04/2025,12/04/2025,1985.26,HFA0HMS,Chalet ∙ 3 chambres ∙ 6 personnes,Evolène - Valais
27/08/2024,12/04/2025,19/04/2025,2269.31,HFA0HMS,Chalet ∙ 3 chambres ∙ 6 personnes,Evolène - Valais
27/08/2024,19/04/2025,26/04/2025,1720.84,HFA0HMS,Chalet ∙ 3 chambres ∙ 6 personnes,Evolène - Valais
27/08/2024,26/04/2025,03/05/2025,1485.32,HFA0HMS,Chalet ∙ 3 chambres ∙ 6 personnes,Evolène - Valais
27/08/2024,03/05/2025,10/05/2025,1587.59,HFA0HMS,Chalet ∙ 3 chambres ∙ 6 personnes,Evolène - Valais
27/08/2024,10/05/2025,17/05/2025,1475.00,HFA0HMS,Chalet ∙ 3 chambres ∙ 6 personnes,Evolène - Valais
27/08/2024,31/08/2024,07/09/2024,1025.34,H1WBP5J,100 m² Maison de vacances ∙ 3 chambres ∙ 8 personnes,Nendaz - Valais
27/08/2024,07/09/2024,14/09/2024,1025.34,H1WBP5J,100 m² Maison de vacances ∙ 3 chambres ∙ 8 personnes,Nendaz - Valais
27/08/2024,14/09/2024,21/09/2024,1025.34,H1WBP5J,100 m² Maison de vacances ∙ 3 chambres ∙ 8 personnes,Nendaz - Valais
27/08/2024,21/09/2024,28/09/2024,1025.34,H1WBP5J,100 m² Maison de vacances ∙ 3 chambres ∙ 8 personnes,Nendaz - Valais
27/08/2024,28/09/2024,05/10/2024,1025.34,H1WBP5J,100 m² Maison de vacances ∙ 3 chambres ∙ 8 personnes,Nendaz - Valais
27/08/2024,05/10/2024,12/10/2024,1025.34,H1WBP5J,100 m² Maison de vacances ∙ 3 chambres ∙ 8 personnes,Nendaz - Valais
27/08/2024,12/10/2024,19/10/2024,1025.34,H1WBP5J,100 m² Maison de vacances ∙ 3 chambres ∙ 8 personnes,Nendaz - Valais
27/08/2024,19/10/2024,26/10/2024,1025.34,H1WBP5J,100 m² Maison de vacances ∙ 3 chambres ∙ 8 personnes,Nendaz - Valais
27/08/2024,26/10/2024,02/11/2024,1025.34,H1WBP5J,100 m² Maison de vacances ∙ 3 chambres ∙ 8 personnes,Nendaz - Valais
27/08/2024,02/11/2024,09/11/2024,1025.34,H1WBP5J,100 m² Maison de vacances ∙ 3 chambres ∙ 8 personnes,Nendaz - Valais
27/08/2024,09/11/2024,16/11/2024,1025.34,H1WBP5J,100 m² Maison de vacances ∙ 3 chambres ∙ 8 personnes,Nendaz - Valais
27/08/2024,12/10/2024,19/10/2024,430.49,HVA1Z49,50 m² Appartement ∙ 1 chambre ∙ 4 personnes,Saint-Nicolas - Valais
27/08/2024,19/10/2024,26/10/2024,430.49,HVA1Z49,50 m² Appartement ∙ 1 chambre ∙ 4 personnes,Saint-Nicolas - Valais
27/08/2024,31/08/2024,07/09/2024,702.69,HAN1CW9,Appartement ∙ 2 chambres ∙ 4 personnes,Grächen - Valais
27/08/2024,14/09/2024,21/09/2024,702.69,HAN1CW9,Appartement ∙ 2 chambres ∙ 4 personnes,Grächen - Valais
27/08/2024,21/09/2024,28/09/2024,702.69,HAN1CW9,Appartement ∙ 2 chambres ∙ 4 personnes,Grächen - Valais
27/08/2024,05/10/2024,12/10/2024,702.69,HAN1CW9,Appartement ∙ 2 chambres ∙ 4 personnes,Grächen - Valais
27/08/2024,12/10/2024,19/10/2024,702.69,HAN1CW9,Appartement ∙ 2 chambres ∙ 4 personnes,Grächen - Valais
27/08/2024,19/10/2024,26/10/2024,678.44,HAN1CW9,Appartement ∙ 2 chambres ∙ 4 personnes,Grächen - Valais
27/08/2024,26/10/2024,02/11/2024,443.81,HAN1CW9,Appartement ∙ 2 chambres ∙ 4 personnes,Grächen - Valais
27/08/2024,02/11/2024,09/11/2024,443.81,HAN1CW9,Appartement ∙ 2 chambres ∙ 4 personnes,Grächen - Valais
27/08/2024,09/11/2024,16/11/2024,443.81,HAN1CW9,Appartement ∙ 2 chambres ∙ 4 personnes,Grächen - Valais
27/08/2024,16/11/2024,23/11/2024,443.81,HAN1CW9,Appartement ∙ 2 chambres ∙ 4 personnes,Grächen - Valais
27/08/2024,23/11/2024,30/11/2024,443.81,HAN1CW9,Appartement ∙ 2 chambres ∙ 4 personnes,Grächen - Valais
27/08/2024,30/11/2024,07/12/2024,443.81,HAN1CW9,Appartement ∙ 2 chambres ∙ 4 personnes,Grächen - Valais
27/08/2024,07/12/2024,14/12/2024,702.69,HAN1CW9,Appartement ∙ 2 chambres ∙ 4 personnes,Grächen - Valais
27/08/2024,14/12/2024,21/12/2024,1035.55,HAN1CW9,Appartement ∙ 2 chambres ∙ 4 personnes,Grächen - Valais
27/08/2024,04/01/2025,11/01/2025,1035.55,HAN1CW9,Appartement ∙ 2 chambres ∙ 4 personnes,Grächen - Valais
27/08/2024,11/01/2025,18/01/2025,1035.55,HAN1CW9,Appartement ∙ 2 chambres ∙ 4 personnes,Grächen - Valais
27/08/2024,18/01/2025,25/01/2025,1035.55,HAN1CW9,Appartement ∙ 2 chambres ∙ 4 personnes,Grächen - Valais
27/08/2024,25/01/2025,01/02/2025,1257.45,HAN1CW9,Appartement ∙ 2 chambres ∙ 4 personnes,Grächen - Valais
27/08/2024,08/03/2025,15/03/2025,1035.55,HAN1CW9,Appartement ∙ 2 chambres ∙ 4 personnes,Grächen - Valais
27/08/2024,15/03/2025,22/03/2025,1035.55,HAN1CW9,Appartement ∙ 2 chambres ∙ 4 personnes,Grächen - Valais
27/08/2024,22/03/2025,29/03/2025,1035.55,HAN1CW9,Appartement ∙ 2 chambres ∙ 4 personnes,Grächen - Valais
27/08/2024,29/03/2025,05/04/2025,702.69,HAN1CW9,Appartement ∙ 2 chambres ∙ 4 personnes,Grächen - Valais
27/08/2024,05/04/2025,12/04/2025,702.69,HAN1CW9,Appartement ∙ 2 chambres ∙ 4 personnes,Grächen - Valais
27/08/2024,12/04/2025,19/04/2025,702.69,HAN1CW9,Appartement ∙ 2 chambres ∙ 4 personnes,Grächen - Valais
27/08/2024,19/04/2025,26/04/2025,682.46,HAN1CW9,Appartement ∙ 2 chambres ∙ 4 personnes,Grächen - Valais
27/08/2024,26/04/2025,03/05/2025,443.81,HAN1CW9,Appartement ∙ 2 chambres ∙ 4 personnes,Grächen - Valais
27/08/2024,03/05/2025,10/05/2025,443.81,HAN1CW9,Appartement ∙ 2 chambres ∙ 4 personnes,Grächen - Valais
27/08/2024,10/05/2025,17/05/2025,443.81,HAN1CW9,Appartement ∙ 2 chambres ∙ 4 personnes,Grächen - Valais
27/08/2024,31/08/2024,07/09/2024,1283.21,HPBW47F,120 m² Maison de vacances ∙ 4 chambres ∙ 8 personnes,Hérémence - Valais
27/08/2024,07/09/2024,14/09/2024,1283.21,HPBW47F,120 m² Maison de vacances ∙ 4 chambres ∙ 8 personnes,Hérémence - Valais
27/08/2024,14/09/2024,21/09/2024,1283.21,HPBW47F,120 m² Maison de vacances ∙ 4 chambres ∙ 8 personnes,Hérémence - Valais
27/08/2024,21/09/2024,28/09/2024,1283.21,HPBW47F,120 m² Maison de vacances ∙ 4 chambres ∙ 8 personnes,Hérémence - Valais
27/08/2024,28/09/2024,05/10/2024,1283.21,HPBW47F,120 m² Maison de vacances ∙ 4 chambres ∙ 8 personnes,Hérémence - Valais
27/08/2024,05/10/2024,12/10/2024,1283.21,HPBW47F,120 m² Maison de vacances ∙ 4 chambres ∙ 8 personnes,Hérémence - Valais
27/08/2024,12/10/2024,19/10/2024,1283.21,HPBW47F,120 m² Maison de vacances ∙ 4 chambres ∙ 8 personnes,Hérémence - Valais
27/08/2024,19/10/2024,26/10/2024,1283.21,HPBW47F,120 m² Maison de vacances ∙ 4 chambres ∙ 8 personnes,Hérémence - Valais
27/08/2024,26/10/2024,02/11/2024,1283.21,HPBW47F,120 m² Maison de vacances ∙ 4 chambres ∙ 8 personnes,Hérémence - Valais
27/08/2024,02/11/2024,09/11/2024,1283.21,HPBW47F,120 m² Maison de vacances ∙ 4 chambres ∙ 8 personnes,Hérémence - Valais
27/08/2024,12/10/2024,19/10/2024,562.16,H65G7HL,95 m² Appartement ∙ 3 chambres ∙ 5 personnes,Saas Grund - Valais
27/08/2024,19/10/2024,26/10/2024,562.16,H65G7HL,95 m² Appartement ∙ 3 chambres ∙ 5 personnes,Saas Grund - Valais
27/08/2024,11/01/2025,18/01/2025,621.33,H65G7HL,95 m² Appartement ∙ 3 chambres ∙ 5 personnes,Saas Grund - Valais
27/08/2024,26/10/2024,02/11/2024,704.00,H7YC4JN,68 m² Appartement ∙ 1 chambre ∙ 3 personnes,Crans-Montana - Valais
27/08/2024,02/11/2024,09/11/2024,731.00,H7YC4JN,68 m² Appartement ∙ 1 chambre ∙ 3 personnes,Crans-Montana - Valais
27/08/2024,09/11/2024,16/11/2024,731.00,H7YC4JN,68 m² Appartement ∙ 1 chambre ∙ 3 personnes,Crans-Montana - Valais
27/08/2024,16/11/2024,23/11/2024,731.00,H7YC4JN,68 m² Appartement ∙ 1 chambre ∙ 3 personnes,Crans-Montana - Valais
27/08/2024,23/11/2024,30/11/2024,731.00,H7YC4JN,68 m² Appartement ∙ 1 chambre ∙ 3 personnes,Crans-Montana - Valais
27/08/2024,30/11/2024,07/12/2024,731.00,H7YC4JN,68 m² Appartement ∙ 1 chambre ∙ 3 personnes,Crans-Montana - Valais
27/08/2024,07/12/2024,14/12/2024,731.00,H7YC4JN,68 m² Appartement ∙ 1 chambre ∙ 3 personnes,Crans-Montana - Valais
27/08/2024,14/12/2024,21/12/2024,731.00,H7YC4JN,68 m² Appartement ∙ 1 chambre ∙ 3 personnes,Crans-Montana - Valais
27/08/2024,21/12/2024,28/12/2024,1490.00,H7YC4JN,68 m² Appartement ∙ 1 chambre ∙ 3 personnes,Crans-Montana - Valais
27/08/2024,11/01/2025,18/01/2025,898.00,H7YC4JN,68 m² Appartement ∙ 1 chambre ∙ 3 personnes,Crans-Montana - Valais
27/08/2024,08/02/2025,15/02/2025,1258.00,H7YC4JN,68 m² Appartement ∙ 1 chambre ∙ 3 personnes,Crans-Montana - Valais
27/08/2024,15/02/2025,22/02/2025,1490.00,H7YC4JN,68 m² Appartement ∙ 1 chambre ∙ 3 personnes,Crans-Montana - Valais
27/08/2024,22/02/2025,01/03/2025,1490.00,H7YC4JN,68 m² Appartement ∙ 1 chambre ∙ 3 personnes,Crans-Montana - Valais
27/08/2024,01/03/2025,08/03/2025,1258.00,H7YC4JN,68 m² Appartement ∙ 1 chambre ∙ 3 personnes,Crans-Montana - Valais
27/08/2024,22/03/2025,29/03/2025,731.00,H7YC4JN,68 m² Appartement ∙ 1 chambre ∙ 3 personnes,Crans-Montana - Valais
27/08/2024,29/03/2025,05/04/2025,731.00,H7YC4JN,68 m² Appartement ∙ 1 chambre ∙ 3 personnes,Crans-Montana - Valais
27/08/2024,05/04/2025,12/04/2025,731.00,H7YC4JN,68 m² Appartement ∙ 1 chambre ∙ 3 personnes,Crans-Montana - Valais
27/08/2024,12/04/2025,19/04/2025,898.00,H7YC4JN,68 m² Appartement ∙ 1 chambre ∙ 3 personnes,Crans-Montana - Valais
27/08/2024,19/04/2025,26/04/2025,898.00,H7YC4JN,68 m² Appartement ∙ 1 chambre ∙ 3 personnes,Crans-Montana - Valais
27/08/2024,26/04/2025,03/05/2025,731.00,H7YC4JN,68 m² Appartement ∙ 1 chambre ∙ 3 personnes,Crans-Montana - Valais
27/08/2024,03/05/2025,10/05/2025,731.00,H7YC4JN,68 m² Appartement ∙ 1 chambre ∙ 3 personnes,Crans-Montana - Valais
27/08/2024,10/05/2025,17/05/2025,731.00,H7YC4JN,68 m² Appartement ∙ 1 chambre ∙ 3 personnes,Crans-Montana - Valais
27/08/2024,21/09/2024,28/09/2024,760.00,H8TWHYK,54 m² Appartement ∙ 1 chambre ∙ 2 personnes,Crans-Montana - Valais
27/08/2024,28/09/2024,05/10/2024,817.00,H8TWHYK,54 m² Appartement ∙ 1 chambre ∙ 2 personnes,Crans-Montana - Valais
27/08/2024,05/10/2024,12/10/2024,817.00,H8TWHYK,54 m² Appartement ∙ 1 chambre ∙ 2 personnes,Crans-Montana - Valais
27/08/2024,12/10/2024,19/10/2024,817.00,H8TWHYK,54 m² Appartement ∙ 1 chambre ∙ 2 personnes,Crans-Montana - Valais
27/08/2024,19/10/2024,26/10/2024,817.00,H8TWHYK,54 m² Appartement ∙ 1 chambre ∙ 2 personnes,Crans-Montana - Valais
27/08/2024,26/10/2024,02/11/2024,817.00,H8TWHYK,54 m² Appartement ∙ 1 chambre ∙ 2 personnes,Crans-Montana - Valais
27/08/2024,02/11/2024,09/11/2024,844.00,H8TWHYK,54 m² Appartement ∙ 1 chambre ∙ 2 personnes,Crans-Montana - Valais
27/08/2024,09/11/2024,16/11/2024,844.00,H8TWHYK,54 m² Appartement ∙ 1 chambre ∙ 2 personnes,Crans-Montana - Valais
27/08/2024,16/11/2024,23/11/2024,844.00,H8TWHYK,54 m² Appartement ∙ 1 chambre ∙ 2 personnes,Crans-Montana - Valais
27/08/2024,23/11/2024,30/11/2024,844.00,H8TWHYK,54 m² Appartement ∙ 1 chambre ∙ 2 personnes,Crans-Montana - Valais
27/08/2024,30/11/2024,07/12/2024,844.00,H8TWHYK,54 m² Appartement ∙ 1 chambre ∙ 2 personnes,Crans-Montana - Valais
27/08/2024,07/12/2024,14/12/2024,844.00,H8TWHYK,54 m² Appartement ∙ 1 chambre ∙ 2 personnes,Crans-Montana - Valais
27/08/2024,14/12/2024,21/12/2024,844.00,H8TWHYK,54 m² Appartement ∙ 1 chambre ∙ 2 personnes,Crans-Montana - Valais
27/08/2024,21/12/2024,28/12/2024,1496.00,H8TWHYK,54 m² Appartement ∙ 1 chambre ∙ 2 personnes,Crans-Montana - Valais
27/08/2024,28/12/2024,04/01/2025,1906.00,H8TWHYK,54 m² Appartement ∙ 1 chambre ∙ 2 personnes,Crans-Montana - Valais
27/08/2024,04/01/2025,11/01/2025,1026.00,H8TWHYK,54 m² Appartement ∙ 1 chambre ∙ 2 personnes,Crans-Montana - Valais
27/08/2024,11/01/2025,18/01/2025,1026.00,H8TWHYK,54 m² Appartement ∙ 1 chambre ∙ 2 personnes,Crans-Montana - Valais
27/08/2024,18/01/2025,25/01/2025,1026.00,H8TWHYK,54 m² Appartement ∙ 1 chambre ∙ 2 personnes,Crans-Montana - Valais
27/08/2024,25/01/2025,01/02/2025,1079.00,H8TWHYK,54 m² Appartement ∙ 1 chambre ∙ 2 personnes,Crans-Montana - Valais
27/08/2024,01/02/2025,08/02/2025,1140.00,H8TWHYK,54 m² Appartement ∙ 1 chambre ∙ 2 personnes,Crans-Montana - Valais
27/08/2024,08/02/2025,15/02/2025,1496.00,H8TWHYK,54 m² Appartement ∙ 1 chambre ∙ 2 personnes,Crans-Montana - Valais
27/08/2024,15/02/2025,22/02/2025,1496.00,H8TWHYK,54 m² Appartement ∙ 1 chambre ∙ 2 personnes,Crans-Montana - Valais
27/08/2024,22/02/2025,01/03/2025,1496.00,H8TWHYK,54 m² Appartement ∙ 1 chambre ∙ 2 personnes,Crans-Montana - Valais
27/08/2024,01/03/2025,08/03/2025,1496.00,H8TWHYK,54 m² Appartement ∙ 1 chambre ∙ 2 personnes,Crans-Montana - Valais
27/08/2024,08/03/2025,15/03/2025,844.00,H8TWHYK,54 m² Appartement ∙ 1 chambre ∙ 2 personnes,Crans-Montana - Valais
27/08/2024,15/03/2025,22/03/2025,844.00,H8TWHYK,54 m² Appartement ∙ 1 chambre ∙ 2 personnes,Crans-Montana - Valais
27/08/2024,22/03/2025,29/03/2025,844.00,H8TWHYK,54 m² Appartement ∙ 1 chambre ∙ 2 personnes,Crans-Montana - Valais
27/08/2024,29/03/2025,05/04/2025,844.00,H8TWHYK,54 m² Appartement ∙ 1 chambre ∙ 2 personnes,Crans-Montana - Valais
27/08/2024,05/04/2025,12/04/2025,844.00,H8TWHYK,54 m² Appartement ∙ 1 chambre ∙ 2 personnes,Crans-Montana - Valais
27/08/2024,12/04/2025,19/04/2025,1026.00,H8TWHYK,54 m² Appartement ∙ 1 chambre ∙ 2 personnes,Crans-Montana - Valais
27/08/2024,19/04/2025,26/04/2025,1026.00,H8TWHYK,54 m² Appartement ∙ 1 chambre ∙ 2 personnes,Crans-Montana - Valais
27/08/2024,26/04/2025,03/05/2025,844.00,H8TWHYK,54 m² Appartement ∙ 1 chambre ∙ 2 personnes,Crans-Montana - Valais
27/08/2024,03/05/2025,10/05/2025,844.00,H8TWHYK,54 m² Appartement ∙ 1 chambre ∙ 2 personnes,Crans-Montana - Valais
27/08/2024,10/05/2025,17/05/2025,844.00,H8TWHYK,54 m² Appartement ∙ 1 chambre ∙ 2 personnes,Crans-Montana - Valais
27/08/2024,31/08/2024,07/09/2024,688.29,HT45J2R,60 m² Appartement ∙ 1 chambre ∙ 4 personnes,Chalais - Valais
27/08/2024,07/09/2024,14/09/2024,688.29,HT45J2R,60 m² Appartement ∙ 1 chambre ∙ 4 personnes,Chalais - Valais
27/08/2024,14/09/2024,21/09/2024,688.29,HT45J2R,60 m² Appartement ∙ 1 chambre ∙ 4 personnes,Chalais - Valais
27/08/2024,21/09/2024,28/09/2024,688.29,HT45J2R,60 m² Appartement ∙ 1 chambre ∙ 4 personnes,Chalais - Valais
27/08/2024,28/09/2024,05/10/2024,688.29,HT45J2R,60 m² Appartement ∙ 1 chambre ∙ 4 personnes,Chalais - Valais
27/08/2024,05/10/2024,12/10/2024,688.29,HT45J2R,60 m² Appartement ∙ 1 chambre ∙ 4 personnes,Chalais - Valais
27/08/2024,12/10/2024,19/10/2024,688.29,HT45J2R,60 m² Appartement ∙ 1 chambre ∙ 4 personnes,Chalais - Valais
27/08/2024,19/10/2024,26/10/2024,688.29,HT45J2R,60 m² Appartement ∙ 1 chambre ∙ 4 personnes,Chalais - Valais
27/08/2024,26/10/2024,02/11/2024,688.29,HT45J2R,60 m² Appartement ∙ 1 chambre ∙ 4 personnes,Chalais - Valais
27/08/2024,02/11/2024,09/11/2024,688.29,HT45J2R,60 m² Appartement ∙ 1 chambre ∙ 4 personnes,Chalais - Valais
27/08/2024,09/11/2024,16/11/2024,688.29,HT45J2R,60 m² Appartement ∙ 1 chambre ∙ 4 personnes,Chalais - Valais
27/08/2024,16/11/2024,23/11/2024,688.29,HT45J2R,60 m² Appartement ∙ 1 chambre ∙ 4 personnes,Chalais - Valais
27/08/2024,23/11/2024,30/11/2024,688.29,HT45J2R,60 m² Appartement ∙ 1 chambre ∙ 4 personnes,Chalais - Valais
27/08/2024,30/11/2024,07/12/2024,688.29,HT45J2R,60 m² Appartement ∙ 1 chambre ∙ 4 personnes,Chalais - Valais
27/08/2024,07/12/2024,14/12/2024,688.29,HT45J2R,60 m² Appartement ∙ 1 chambre ∙ 4 personnes,Chalais - Valais
27/08/2024,14/12/2024,21/12/2024,828.40,HT45J2R,60 m² Appartement ∙ 1 chambre ∙ 4 personnes,Chalais - Valais
27/08/2024,11/01/2025,18/01/2025,825.30,HT45J2R,60 m² Appartement ∙ 1 chambre ∙ 4 personnes,Chalais - Valais
27/08/2024,18/01/2025,25/01/2025,884.17,HT45J2R,60 m² Appartement ∙ 1 chambre ∙ 4 personnes,Chalais - Valais
27/08/2024,25/01/2025,01/02/2025,1009.16,HT45J2R,60 m² Appartement ∙ 1 chambre ∙ 4 personnes,Chalais - Valais
27/08/2024,01/02/2025,08/02/2025,1154.79,HT45J2R,60 m² Appartement ∙ 1 chambre ∙ 4 personnes,Chalais - Valais
27/08/2024,08/02/2025,15/02/2025,1431.62,HT45J2R,60 m² Appartement ∙ 1 chambre ∙ 4 personnes,Chalais - Valais
27/08/2024,15/03/2025,22/03/2025,978.17,HT45J2R,60 m² Appartement ∙ 1 chambre ∙ 4 personnes,Chalais - Valais
27/08/2024,22/03/2025,29/03/2025,857.31,HT45J2R,60 m² Appartement ∙ 1 chambre ∙ 4 personnes,Chalais - Valais
27/08/2024,29/03/2025,05/04/2025,985.40,HT45J2R,60 m² Appartement ∙ 1 chambre ∙ 4 personnes,Chalais - Valais
27/08/2024,05/04/2025,12/04/2025,925.49,HT45J2R,60 m² Appartement ∙ 1 chambre ∙ 4 personnes,Chalais - Valais
27/08/2024,12/04/2025,19/04/2025,1047.37,HT45J2R,60 m² Appartement ∙ 1 chambre ∙ 4 personnes,Chalais - Valais
27/08/2024,19/04/2025,26/04/2025,990.56,HT45J2R,60 m² Appartement ∙ 1 chambre ∙ 4 personnes,Chalais - Valais
27/08/2024,26/04/2025,03/05/2025,886.24,HT45J2R,60 m² Appartement ∙ 1 chambre ∙ 4 personnes,Chalais - Valais
27/08/2024,03/05/2025,10/05/2025,849.05,HT45J2R,60 m² Appartement ∙ 1 chambre ∙ 4 personnes,Chalais - Valais
27/08/2024,10/05/2025,17/05/2025,840.79,HT45J2R,60 m² Appartement ∙ 1 chambre ∙ 4 personnes,Chalais - Valais
27/08/2024,14/09/2024,21/09/2024,1068.25,HL4S5AZ,190 m² Maison de vacances ∙ 4 chambres ∙ 12 personnes,Vex - Valais
27/08/2024,12/10/2024,19/10/2024,1068.25,HL4S5AZ,190 m² Maison de vacances ∙ 4 chambres ∙ 12 personnes,Vex - Valais
27/08/2024,19/10/2024,26/10/2024,1068.25,HL4S5AZ,190 m² Maison de vacances ∙ 4 chambres ∙ 12 personnes,Vex - Valais
27/08/2024,26/10/2024,02/11/2024,1068.25,HL4S5AZ,190 m² Maison de vacances ∙ 4 chambres ∙ 12 personnes,Vex - Valais
27/08/2024,02/11/2024,09/11/2024,1068.25,HL4S5AZ,190 m² Maison de vacances ∙ 4 chambres ∙ 12 personnes,Vex - Valais
27/08/2024,09/11/2024,16/11/2024,1480.29,HL4S5AZ,190 m² Maison de vacances ∙ 4 chambres ∙ 12 personnes,Vex - Valais
27/08/2024,31/08/2024,07/09/2024,841.48,HPEYTHD,180 m² Chalet ∙ 2 chambres ∙ 4 personnes,Chalais - Valais
27/08/2024,21/09/2024,28/09/2024,841.48,HPEYTHD,180 m² Chalet ∙ 2 chambres ∙ 4 personnes,Chalais - Valais
27/08/2024,28/09/2024,05/10/2024,853.26,HPEYTHD,180 m² Chalet ∙ 2 chambres ∙ 4 personnes,Chalais - Valais
27/08/2024,05/10/2024,12/10/2024,893.47,HPEYTHD,180 m² Chalet ∙ 2 chambres ∙ 4 personnes,Chalais - Valais
27/08/2024,12/10/2024,19/10/2024,897.75,HPEYTHD,180 m² Chalet ∙ 2 chambres ∙ 4 personnes,Chalais - Valais
27/08/2024,19/10/2024,26/10/2024,925.65,HPEYTHD,180 m² Chalet ∙ 2 chambres ∙ 4 personnes,Chalais - Valais
27/08/2024,26/10/2024,02/11/2024,898.78,HPEYTHD,180 m² Chalet ∙ 2 chambres ∙ 4 personnes,Chalais - Valais
27/08/2024,02/11/2024,09/11/2024,882.25,HPEYTHD,180 m² Chalet ∙ 2 chambres ∙ 4 personnes,Chalais - Valais
27/08/2024,09/11/2024,16/11/2024,859.53,HPEYTHD,180 m² Chalet ∙ 2 chambres ∙ 4 personnes,Chalais - Valais
27/08/2024,16/11/2024,23/11/2024,863.52,HPEYTHD,180 m² Chalet ∙ 2 chambres ∙ 4 personnes,Chalais - Valais
27/08/2024,23/11/2024,30/11/2024,887.42,HPEYTHD,180 m² Chalet ∙ 2 chambres ∙ 4 personnes,Chalais - Valais
27/08/2024,30/11/2024,07/12/2024,985.41,HPEYTHD,180 m² Chalet ∙ 2 chambres ∙ 4 personnes,Chalais - Valais
27/08/2024,04/01/2025,11/01/2025,2603.37,HPEYTHD,180 m² Chalet ∙ 2 chambres ∙ 4 personnes,Chalais - Valais
27/08/2024,11/01/2025,18/01/2025,1310.99,HPEYTHD,180 m² Chalet ∙ 2 chambres ∙ 4 personnes,Chalais - Valais
27/08/2024,18/01/2025,25/01/2025,1412.23,HPEYTHD,180 m² Chalet ∙ 2 chambres ∙ 4 personnes,Chalais - Valais
27/08/2024,25/01/2025,01/02/2025,1590.95,HPEYTHD,180 m² Chalet ∙ 2 chambres ∙ 4 personnes,Chalais - Valais
27/08/2024,01/02/2025,08/02/2025,1751.08,HPEYTHD,180 m² Chalet ∙ 2 chambres ∙ 4 personnes,Chalais - Valais
27/08/2024,08/02/2025,15/02/2025,2451.51,HPEYTHD,180 m² Chalet ∙ 2 chambres ∙ 4 personnes,Chalais - Valais
27/08/2024,15/02/2025,22/02/2025,2602.94,HPEYTHD,180 m² Chalet ∙ 2 chambres ∙ 4 personnes,Chalais - Valais
27/08/2024,22/02/2025,01/03/2025,2603.37,HPEYTHD,180 m² Chalet ∙ 2 chambres ∙ 4 personnes,Chalais - Valais
27/08/2024,01/03/2025,08/03/2025,2603.37,HPEYTHD,180 m² Chalet ∙ 2 chambres ∙ 4 personnes,Chalais - Valais
27/08/2024,08/03/2025,15/03/2025,1536.97,HPEYTHD,180 m² Chalet ∙ 2 chambres ∙ 4 personnes,Chalais - Valais
27/08/2024,15/03/2025,22/03/2025,1386.16,HPEYTHD,180 m² Chalet ∙ 2 chambres ∙ 4 personnes,Chalais - Valais
27/08/2024,22/03/2025,29/03/2025,1279.99,HPEYTHD,180 m² Chalet ∙ 2 chambres ∙ 4 personnes,Chalais - Valais
27/08/2024,29/03/2025,05/04/2025,1364.71,HPEYTHD,180 m² Chalet ∙ 2 chambres ∙ 4 personnes,Chalais - Valais
27/08/2024,05/04/2025,12/04/2025,1328.54,HPEYTHD,180 m² Chalet ∙ 2 chambres ∙ 4 personnes,Chalais - Valais
27/08/2024,12/04/2025,19/04/2025,1527.68,HPEYTHD,180 m² Chalet ∙ 2 chambres ∙ 4 personnes,Chalais - Valais
27/08/2024,19/04/2025,26/04/2025,1451.25,HPEYTHD,180 m² Chalet ∙ 2 chambres ∙ 4 personnes,Chalais - Valais
27/08/2024,26/04/2025,03/05/2025,1343.01,HPEYTHD,180 m² Chalet ∙ 2 chambres ∙ 4 personnes,Chalais - Valais
27/08/2024,03/05/2025,10/05/2025,1287.22,HPEYTHD,180 m² Chalet ∙ 2 chambres ∙ 4 personnes,Chalais - Valais
27/08/2024,10/05/2025,17/05/2025,1306.64,HPEYTHD,180 m² Chalet ∙ 2 chambres ∙ 4 personnes,Chalais - Valais
27/08/2024,14/09/2024,21/09/2024,702.69,HNPZVDE,Studio ∙ 2 personnes,Grächen - Valais
27/08/2024,21/09/2024,28/09/2024,702.82,HNPZVDE,Studio ∙ 2 personnes,Grächen - Valais
27/08/2024,28/09/2024,05/10/2024,702.82,HNPZVDE,Studio ∙ 2 personnes,Grächen - Valais
27/08/2024,05/10/2024,12/10/2024,702.69,HNPZVDE,Studio ∙ 2 personnes,Grächen - Valais
27/08/2024,12/10/2024,19/10/2024,702.69,HNPZVDE,Studio ∙ 2 personnes,Grächen - Valais
27/08/2024,19/10/2024,26/10/2024,702.82,HNPZVDE,Studio ∙ 2 personnes,Grächen - Valais
27/08/2024,26/10/2024,02/11/2024,702.82,HNPZVDE,Studio ∙ 2 personnes,Grächen - Valais
27/08/2024,02/11/2024,09/11/2024,702.82,HNPZVDE,Studio ∙ 2 personnes,Grächen - Valais
27/08/2024,09/11/2024,16/11/2024,702.82,HNPZVDE,Studio ∙ 2 personnes,Grächen - Valais
27/08/2024,16/11/2024,23/11/2024,702.82,HNPZVDE,Studio ∙ 2 personnes,Grächen - Valais
27/08/2024,23/11/2024,30/11/2024,702.82,HNPZVDE,Studio ∙ 2 personnes,Grächen - Valais
27/08/2024,30/11/2024,07/12/2024,1004.66,HNPZVDE,Studio ∙ 2 personnes,Grächen - Valais
27/08/2024,07/12/2024,14/12/2024,813.79,HNPZVDE,Studio ∙ 2 personnes,Grächen - Valais
27/08/2024,14/12/2024,21/12/2024,813.79,HNPZVDE,Studio ∙ 2 personnes,Grächen - Valais
27/08/2024,04/01/2025,11/01/2025,813.79,HNPZVDE,Studio ∙ 2 personnes,Grächen - Valais
27/08/2024,11/01/2025,18/01/2025,813.79,HNPZVDE,Studio ∙ 2 personnes,Grächen - Valais
27/08/2024,18/01/2025,25/01/2025,813.79,HNPZVDE,Studio ∙ 2 personnes,Grächen - Valais
27/08/2024,25/01/2025,01/02/2025,813.79,HNPZVDE,Studio ∙ 2 personnes,Grächen - Valais
27/08/2024,08/02/2025,15/02/2025,813.79,HNPZVDE,Studio ∙ 2 personnes,Grächen - Valais
27/08/2024,08/03/2025,15/03/2025,813.79,HNPZVDE,Studio ∙ 2 personnes,Grächen - Valais
27/08/2024,15/03/2025,22/03/2025,813.79,HNPZVDE,Studio ∙ 2 personnes,Grächen - Valais
27/08/2024,22/03/2025,29/03/2025,813.79,HNPZVDE,Studio ∙ 2 personnes,Grächen - Valais
27/08/2024,29/03/2025,05/04/2025,813.79,HNPZVDE,Studio ∙ 2 personnes,Grächen - Valais
27/08/2024,05/04/2025,12/04/2025,813.79,HNPZVDE,Studio ∙ 2 personnes,Grächen - Valais
27/08/2024,12/04/2025,19/04/2025,813.79,HNPZVDE,Studio ∙ 2 personnes,Grächen - Valais
27/08/2024,19/04/2025,26/04/2025,813.79,HNPZVDE,Studio ∙ 2 personnes,Grächen - Valais
27/08/2024,02/11/2024,09/11/2024,617.44,HU7K5J3,26 m² Appartement ∙ 1 chambre ∙ 2 personnes,Saas Fee - Valais
27/08/2024,09/11/2024,16/11/2024,617.44,HU7K5J3,26 m² Appartement ∙ 1 chambre ∙ 2 personnes,Saas Fee - Valais
27/08/2024,16/11/2024,23/11/2024,617.44,HU7K5J3,26 m² Appartement ∙ 1 chambre ∙ 2 personnes,Saas Fee - Valais
27/08/2024,23/11/2024,30/11/2024,617.44,HU7K5J3,26 m² Appartement ∙ 1 chambre ∙ 2 personnes,Saas Fee - Valais
27/08/2024,30/11/2024,07/12/2024,617.44,HU7K5J3,26 m² Appartement ∙ 1 chambre ∙ 2 personnes,Saas Fee - Valais
27/08/2024,07/12/2024,14/12/2024,617.44,HU7K5J3,26 m² Appartement ∙ 1 chambre ∙ 2 personnes,Saas Fee - Valais
27/08/2024,01/02/2025,08/02/2025,989.48,HU7K5J3,26 m² Appartement ∙ 1 chambre ∙ 2 personnes,Saas Fee - Valais
27/08/2024,08/02/2025,15/02/2025,989.48,HU7K5J3,26 m² Appartement ∙ 1 chambre ∙ 2 personnes,Saas Fee - Valais
27/08/2024,22/02/2025,01/03/2025,989.48,HU7K5J3,26 m² Appartement ∙ 1 chambre ∙ 2 personnes,Saas Fee - Valais
27/08/2024,29/03/2025,05/04/2025,870.75,HU7K5J3,26 m² Appartement ∙ 1 chambre ∙ 2 personnes,Saas Fee - Valais
27/08/2024,31/08/2024,07/09/2024,910.33,H6S8A0X,65 m² Appartement ∙ 2 chambres ∙ 5 personnes,Saas Grund - Valais
27/08/2024,07/09/2024,14/09/2024,910.33,H6S8A0X,65 m² Appartement ∙ 2 chambres ∙ 5 personnes,Saas Grund - Valais
27/08/2024,14/09/2024,21/09/2024,831.17,H6S8A0X,65 m² Appartement ∙ 2 chambres ∙ 5 personnes,Saas Grund - Valais
27/08/2024,05/10/2024,12/10/2024,831.17,H6S8A0X,65 m² Appartement ∙ 2 chambres ∙ 5 personnes,Saas Grund - Valais
27/08/2024,12/10/2024,19/10/2024,831.17,H6S8A0X,65 m² Appartement ∙ 2 chambres ∙ 5 personnes,Saas Grund - Valais
27/08/2024,19/10/2024,26/10/2024,831.17,H6S8A0X,65 m² Appartement ∙ 2 chambres ∙ 5 personnes,Saas Grund - Valais
27/08/2024,26/10/2024,02/11/2024,831.17,H6S8A0X,65 m² Appartement ∙ 2 chambres ∙ 5 personnes,Saas Grund - Valais
27/08/2024,02/11/2024,09/11/2024,831.17,H6S8A0X,65 m² Appartement ∙ 2 chambres ∙ 5 personnes,Saas Grund - Valais
27/08/2024,09/11/2024,16/11/2024,831.17,H6S8A0X,65 m² Appartement ∙ 2 chambres ∙ 5 personnes,Saas Grund - Valais
27/08/2024,16/11/2024,23/11/2024,831.17,H6S8A0X,65 m² Appartement ∙ 2 chambres ∙ 5 personnes,Saas Grund - Valais
27/08/2024,23/11/2024,30/11/2024,831.17,H6S8A0X,65 m² Appartement ∙ 2 chambres ∙ 5 personnes,Saas Grund - Valais
27/08/2024,30/11/2024,07/12/2024,831.17,H6S8A0X,65 m² Appartement ∙ 2 chambres ∙ 5 personnes,Saas Grund - Valais
27/08/2024,07/12/2024,14/12/2024,831.17,H6S8A0X,65 m² Appartement ∙ 2 chambres ∙ 5 personnes,Saas Grund - Valais
27/08/2024,11/01/2025,18/01/2025,910.33,H6S8A0X,65 m² Appartement ∙ 2 chambres ∙ 5 personnes,Saas Grund - Valais
27/08/2024,18/01/2025,25/01/2025,910.33,H6S8A0X,65 m² Appartement ∙ 2 chambres ∙ 5 personnes,Saas Grund - Valais
27/08/2024,25/01/2025,01/02/2025,1068.65,H6S8A0X,65 m² Appartement ∙ 2 chambres ∙ 5 personnes,Saas Grund - Valais
27/08/2024,08/02/2025,15/02/2025,1068.65,H6S8A0X,65 m² Appartement ∙ 2 chambres ∙ 5 personnes,Saas Grund - Valais
27/08/2024,08/03/2025,15/03/2025,1068.65,H6S8A0X,65 m² Appartement ∙ 2 chambres ∙ 5 personnes,Saas Grund - Valais
27/08/2024,15/03/2025,22/03/2025,910.33,H6S8A0X,65 m² Appartement ∙ 2 chambres ∙ 5 personnes,Saas Grund - Valais
27/08/2024,22/03/2025,29/03/2025,910.33,H6S8A0X,65 m² Appartement ∙ 2 chambres ∙ 5 personnes,Saas Grund - Valais
27/08/2024,29/03/2025,05/04/2025,910.33,H6S8A0X,65 m² Appartement ∙ 2 chambres ∙ 5 personnes,Saas Grund - Valais
27/08/2024,05/04/2025,12/04/2025,910.33,H6S8A0X,65 m² Appartement ∙ 2 chambres ∙ 5 personnes,Saas Grund - Valais
27/08/2024,12/04/2025,19/04/2025,910.33,H6S8A0X,65 m² Appartement ∙ 2 chambres ∙ 5 personnes,Saas Grund - Valais
27/08/2024,19/04/2025,26/04/2025,910.33,H6S8A0X,65 m² Appartement ∙ 2 chambres ∙ 5 personnes,Saas Grund - Valais
27/08/2024,26/04/2025,03/05/2025,831.17,H6S8A0X,65 m² Appartement ∙ 2 chambres ∙ 5 personnes,Saas Grund - Valais
27/08/2024,03/05/2025,10/05/2025,831.17,H6S8A0X,65 m² Appartement ∙ 2 chambres ∙ 5 personnes,Saas Grund - Valais
27/08/2024,10/05/2025,17/05/2025,831.17,H6S8A0X,65 m² Appartement ∙ 2 chambres ∙ 5 personnes,Saas Grund - Valais
27/08/2024,30/11/2024,07/12/2024,1908.69,H2Y4501,Appartement ∙ 2 chambres ∙ 4 personnes,Zermatt - Valais
27/08/2024,07/12/2024,14/12/2024,1908.69,H2Y4501,Appartement ∙ 2 chambres ∙ 4 personnes,Zermatt - Valais
27/08/2024,14/12/2024,21/12/2024,1908.69,H2Y4501,Appartement ∙ 2 chambres ∙ 4 personnes,Zermatt - Valais
27/08/2024,26/04/2025,03/05/2025,1353.84,H2Y4501,Appartement ∙ 2 chambres ∙ 4 personnes,Zermatt - Valais
27/08/2024,03/05/2025,10/05/2025,1353.84,H2Y4501,Appartement ∙ 2 chambres ∙ 4 personnes,Zermatt - Valais
27/08/2024,10/05/2025,17/05/2025,1353.84,H2Y4501,Appartement ∙ 2 chambres ∙ 4 personnes,Zermatt - Valais
27/08/2024,12/10/2024,19/10/2024,538.28,HPLH86U,28 m² Appartement ∙ 1 chambre ∙ 3 personnes,Saas Fee - Valais
27/08/2024,19/10/2024,26/10/2024,538.28,HPLH86U,28 m² Appartement ∙ 1 chambre ∙ 3 personnes,Saas Fee - Valais
27/08/2024,26/10/2024,02/11/2024,538.28,HPLH86U,28 m² Appartement ∙ 1 chambre ∙ 3 personnes,Saas Fee - Valais
27/08/2024,02/11/2024,09/11/2024,538.28,HPLH86U,28 m² Appartement ∙ 1 chambre ∙ 3 personnes,Saas Fee - Valais
27/08/2024,09/11/2024,16/11/2024,538.28,HPLH86U,28 m² Appartement ∙ 1 chambre ∙ 3 personnes,Saas Fee - Valais
27/08/2024,16/11/2024,23/11/2024,538.28,HPLH86U,28 m² Appartement ∙ 1 chambre ∙ 3 personnes,Saas Fee - Valais
27/08/2024,23/11/2024,30/11/2024,538.28,HPLH86U,28 m² Appartement ∙ 1 chambre ∙ 3 personnes,Saas Fee - Valais
27/08/2024,30/11/2024,07/12/2024,538.28,HPLH86U,28 m² Appartement ∙ 1 chambre ∙ 3 personnes,Saas Fee - Valais
27/08/2024,07/12/2024,14/12/2024,538.28,HPLH86U,28 m² Appartement ∙ 1 chambre ∙ 3 personnes,Saas Fee - Valais
27/08/2024,14/12/2024,21/12/2024,736.18,HPLH86U,28 m² Appartement ∙ 1 chambre ∙ 3 personnes,Saas Fee - Valais
27/08/2024,11/01/2025,18/01/2025,577.86,HPLH86U,28 m² Appartement ∙ 1 chambre ∙ 3 personnes,Saas Fee - Valais
27/08/2024,18/01/2025,25/01/2025,577.86,HPLH86U,28 m² Appartement ∙ 1 chambre ∙ 3 personnes,Saas Fee - Valais
27/08/2024,22/03/2025,29/03/2025,736.18,HPLH86U,28 m² Appartement ∙ 1 chambre ∙ 3 personnes,Saas Fee - Valais
27/08/2024,19/04/2025,26/04/2025,815.34,HPLH86U,28 m² Appartement ∙ 1 chambre ∙ 3 personnes,Saas Fee - Valais
27/08/2024,21/09/2024,28/09/2024,949.00,HP52N6L,78 m² Appartement ∙ 2 chambres ∙ 4 personnes,Crans-Montana - Valais
27/08/2024,28/09/2024,05/10/2024,949.00,HP52N6L,78 m² Appartement ∙ 2 chambres ∙ 4 personnes,Crans-Montana - Valais
27/08/2024,05/10/2024,12/10/2024,949.00,HP52N6L,78 m² Appartement ∙ 2 chambres ∙ 4 personnes,Crans-Montana - Valais
27/08/2024,12/10/2024,19/10/2024,949.00,HP52N6L,78 m² Appartement ∙ 2 chambres ∙ 4 personnes,Crans-Montana - Valais
27/08/2024,19/10/2024,26/10/2024,949.00,HP52N6L,78 m² Appartement ∙ 2 chambres ∙ 4 personnes,Crans-Montana - Valais
27/08/2024,26/10/2024,02/11/2024,949.00,HP52N6L,78 m² Appartement ∙ 2 chambres ∙ 4 personnes,Crans-Montana - Valais
27/08/2024,02/11/2024,09/11/2024,976.00,HP52N6L,78 m² Appartement ∙ 2 chambres ∙ 4 personnes,Crans-Montana - Valais
27/08/2024,09/11/2024,16/11/2024,976.00,HP52N6L,78 m² Appartement ∙ 2 chambres ∙ 4 personnes,Crans-Montana - Valais
27/08/2024,16/11/2024,23/11/2024,976.00,HP52N6L,78 m² Appartement ∙ 2 chambres ∙ 4 personnes,Crans-Montana - Valais
27/08/2024,23/11/2024,30/11/2024,976.00,HP52N6L,78 m² Appartement ∙ 2 chambres ∙ 4 personnes,Crans-Montana - Valais
27/08/2024,30/11/2024,07/12/2024,976.00,HP52N6L,78 m² Appartement ∙ 2 chambres ∙ 4 personnes,Crans-Montana - Valais
27/08/2024,07/12/2024,14/12/2024,976.00,HP52N6L,78 m² Appartement ∙ 2 chambres ∙ 4 personnes,Crans-Montana - Valais
27/08/2024,14/12/2024,21/12/2024,976.00,HP52N6L,78 m² Appartement ∙ 2 chambres ∙ 4 personnes,Crans-Montana - Valais
27/08/2024,21/12/2024,28/12/2024,2151.00,HP52N6L,78 m² Appartement ∙ 2 chambres ∙ 4 personnes,Crans-Montana - Valais
27/08/2024,18/01/2025,25/01/2025,1211.00,HP52N6L,78 m² Appartement ∙ 2 chambres ∙ 4 personnes,Crans-Montana - Valais
27/08/2024,08/02/2025,15/02/2025,1802.00,HP52N6L,78 m² Appartement ∙ 2 chambres ∙ 4 personnes,Crans-Montana - Valais
27/08/2024,15/02/2025,22/02/2025,2151.00,HP52N6L,78 m² Appartement ∙ 2 chambres ∙ 4 personnes,Crans-Montana - Valais
27/08/2024,01/03/2025,08/03/2025,1802.00,HP52N6L,78 m² Appartement ∙ 2 chambres ∙ 4 personnes,Crans-Montana - Valais
27/08/2024,15/03/2025,22/03/2025,976.00,HP52N6L,78 m² Appartement ∙ 2 chambres ∙ 4 personnes,Crans-Montana - Valais
27/08/2024,22/03/2025,29/03/2025,976.00,HP52N6L,78 m² Appartement ∙ 2 chambres ∙ 4 personnes,Crans-Montana - Valais
27/08/2024,29/03/2025,05/04/2025,976.00,HP52N6L,78 m² Appartement ∙ 2 chambres ∙ 4 personnes,Crans-Montana - Valais
27/08/2024,05/04/2025,12/04/2025,976.00,HP52N6L,78 m² Appartement ∙ 2 chambres ∙ 4 personnes,Crans-Montana - Valais
27/08/2024,12/04/2025,19/04/2025,1211.00,HP52N6L,78 m² Appartement ∙ 2 chambres ∙ 4 personnes,Crans-Montana - Valais
27/08/2024,19/04/2025,26/04/2025,1211.00,HP52N6L,78 m² Appartement ∙ 2 chambres ∙ 4 personnes,Crans-Montana - Valais
27/08/2024,26/04/2025,03/05/2025,976.00,HP52N6L,78 m² Appartement ∙ 2 chambres ∙ 4 personnes,Crans-Montana - Valais
27/08/2024,03/05/2025,10/05/2025,976.00,HP52N6L,78 m² Appartement ∙ 2 chambres ∙ 4 personnes,Crans-Montana - Valais
27/08/2024,10/05/2025,17/05/2025,976.00,HP52N6L,78 m² Appartement ∙ 2 chambres ∙ 4 personnes,Crans-Montana - Valais
27/08/2024,05/10/2024,12/10/2024,517.86,H8SU6G7,29 m² Appartement ∙ 1 chambre ∙ 2 personnes,Termen - Valais
27/08/2024,02/11/2024,09/11/2024,517.86,H8SU6G7,29 m² Appartement ∙ 1 chambre ∙ 2 personnes,Termen - Valais
27/08/2024,09/11/2024,16/11/2024,517.86,H8SU6G7,29 m² Appartement ∙ 1 chambre ∙ 2 personnes,Termen - Valais
27/08/2024,16/11/2024,23/11/2024,517.86,H8SU6G7,29 m² Appartement ∙ 1 chambre ∙ 2 personnes,Termen - Valais
27/08/2024,23/11/2024,30/11/2024,517.86,H8SU6G7,29 m² Appartement ∙ 1 chambre ∙ 2 personnes,Termen - Valais
27/08/2024,30/11/2024,07/12/2024,517.86,H8SU6G7,29 m² Appartement ∙ 1 chambre ∙ 2 personnes,Termen - Valais
27/08/2024,07/12/2024,14/12/2024,517.86,H8SU6G7,29 m² Appartement ∙ 1 chambre ∙ 2 personnes,Termen - Valais
27/08/2024,14/12/2024,21/12/2024,517.86,H8SU6G7,29 m² Appartement ∙ 1 chambre ∙ 2 personnes,Termen - Valais
27/08/2024,21/12/2024,28/12/2024,517.86,H8SU6G7,29 m² Appartement ∙ 1 chambre ∙ 2 personnes,Termen - Valais
27/08/2024,28/12/2024,04/01/2025,517.86,H8SU6G7,29 m² Appartement ∙ 1 chambre ∙ 2 personnes,Termen - Valais
27/08/2024,04/01/2025,11/01/2025,517.86,H8SU6G7,29 m² Appartement ∙ 1 chambre ∙ 2 personnes,Termen - Valais
27/08/2024,11/01/2025,18/01/2025,517.86,H8SU6G7,29 m² Appartement ∙ 1 chambre ∙ 2 personnes,Termen - Valais
27/08/2024,18/01/2025,25/01/2025,517.86,H8SU6G7,29 m² Appartement ∙ 1 chambre ∙ 2 personnes,Termen - Valais
27/08/2024,25/01/2025,01/02/2025,517.86,H8SU6G7,29 m² Appartement ∙ 1 chambre ∙ 2 personnes,Termen - Valais
27/08/2024,01/02/2025,08/02/2025,517.86,H8SU6G7,29 m² Appartement ∙ 1 chambre ∙ 2 personnes,Termen - Valais
27/08/2024,08/02/2025,15/02/2025,517.86,H8SU6G7,29 m² Appartement ∙ 1 chambre ∙ 2 personnes,Termen - Valais
27/08/2024,15/02/2025,22/02/2025,517.86,H8SU6G7,29 m² Appartement ∙ 1 chambre ∙ 2 personnes,Termen - Valais
27/08/2024,22/02/2025,01/03/2025,517.86,H8SU6G7,29 m² Appartement ∙ 1 chambre ∙ 2 personnes,Termen - Valais
27/08/2024,01/03/2025,08/03/2025,517.86,H8SU6G7,29 m² Appartement ∙ 1 chambre ∙ 2 personnes,Termen - Valais
27/08/2024,08/03/2025,15/03/2025,517.86,H8SU6G7,29 m² Appartement ∙ 1 chambre ∙ 2 personnes,Termen - Valais
27/08/2024,15/03/2025,22/03/2025,517.86,H8SU6G7,29 m² Appartement ∙ 1 chambre ∙ 2 personnes,Termen - Valais
27/08/2024,22/03/2025,29/03/2025,517.86,H8SU6G7,29 m² Appartement ∙ 1 chambre ∙ 2 personnes,Termen - Valais
27/08/2024,29/03/2025,05/04/2025,517.86,H8SU6G7,29 m² Appartement ∙ 1 chambre ∙ 2 personnes,Termen - Valais
27/08/2024,05/04/2025,12/04/2025,517.86,H8SU6G7,29 m² Appartement ∙ 1 chambre ∙ 2 personnes,Termen - Valais
27/08/2024,03/05/2025,10/05/2025,517.86,H8SU6G7,29 m² Appartement ∙ 1 chambre ∙ 2 personnes,Termen - Valais
27/08/2024,10/05/2025,17/05/2025,517.86,H8SU6G7,29 m² Appartement ∙ 1 chambre ∙ 2 personnes,Termen - Valais
27/08/2024,21/09/2024,28/09/2024,379.97,HJRMZN3,40 m² Appartement ∙ 1 chambre ∙ 3 personnes,Saas-Balen - Valais
27/08/2024,19/10/2024,26/10/2024,379.97,HJRMZN3,40 m² Appartement ∙ 1 chambre ∙ 3 personnes,Saas-Balen - Valais
27/08/2024,26/10/2024,02/11/2024,379.97,HJRMZN3,40 m² Appartement ∙ 1 chambre ∙ 3 personnes,Saas-Balen - Valais
27/08/2024,02/11/2024,09/11/2024,379.97,HJRMZN3,40 m² Appartement ∙ 1 chambre ∙ 3 personnes,Saas-Balen - Valais
27/08/2024,09/11/2024,16/11/2024,379.97,HJRMZN3,40 m² Appartement ∙ 1 chambre ∙ 3 personnes,Saas-Balen - Valais
27/08/2024,16/11/2024,23/11/2024,379.97,HJRMZN3,40 m² Appartement ∙ 1 chambre ∙ 3 personnes,Saas-Balen - Valais
27/08/2024,23/11/2024,30/11/2024,379.97,HJRMZN3,40 m² Appartement ∙ 1 chambre ∙ 3 personnes,Saas-Balen - Valais
27/08/2024,30/11/2024,07/12/2024,379.97,HJRMZN3,40 m² Appartement ∙ 1 chambre ∙ 3 personnes,Saas-Balen - Valais
27/08/2024,01/03/2025,08/03/2025,419.55,HJRMZN3,40 m² Appartement ∙ 1 chambre ∙ 3 personnes,Saas-Balen - Valais
27/08/2024,29/03/2025,05/04/2025,379.97,HJRMZN3,40 m² Appartement ∙ 1 chambre ∙ 3 personnes,Saas-Balen - Valais
27/08/2024,05/04/2025,12/04/2025,379.97,HJRMZN3,40 m² Appartement ∙ 1 chambre ∙ 3 personnes,Saas-Balen - Valais
27/08/2024,02/11/2024,09/11/2024,949.91,HHZLRYT,56 m² Appartement ∙ 2 chambres ∙ 5 personnes,Saas Fee - Valais
27/08/2024,09/11/2024,16/11/2024,949.91,HHZLRYT,56 m² Appartement ∙ 2 chambres ∙ 5 personnes,Saas Fee - Valais
27/08/2024,16/11/2024,23/11/2024,949.91,HHZLRYT,56 m² Appartement ∙ 2 chambres ∙ 5 personnes,Saas Fee - Valais
27/08/2024,23/11/2024,30/11/2024,949.91,HHZLRYT,56 m² Appartement ∙ 2 chambres ∙ 5 personnes,Saas Fee - Valais
27/08/2024,30/11/2024,07/12/2024,949.91,HHZLRYT,56 m² Appartement ∙ 2 chambres ∙ 5 personnes,Saas Fee - Valais
27/08/2024,07/12/2024,14/12/2024,949.91,HHZLRYT,56 m² Appartement ∙ 2 chambres ∙ 5 personnes,Saas Fee - Valais
27/08/2024,14/12/2024,21/12/2024,949.91,HHZLRYT,56 m² Appartement ∙ 2 chambres ∙ 5 personnes,Saas Fee - Valais
27/08/2024,21/12/2024,28/12/2024,1796.91,HHZLRYT,56 m² Appartement ∙ 2 chambres ∙ 5 personnes,Saas Fee - Valais
27/08/2024,04/01/2025,11/01/2025,989.49,HHZLRYT,56 m² Appartement ∙ 2 chambres ∙ 5 personnes,Saas Fee - Valais
27/08/2024,11/01/2025,18/01/2025,989.49,HHZLRYT,56 m² Appartement ∙ 2 chambres ∙ 5 personnes,Saas Fee - Valais
27/08/2024,18/01/2025,25/01/2025,989.49,HHZLRYT,56 m² Appartement ∙ 2 chambres ∙ 5 personnes,Saas Fee - Valais
27/08/2024,29/03/2025,05/04/2025,1796.91,HHZLRYT,56 m² Appartement ∙ 2 chambres ∙ 5 personnes,Saas Fee - Valais
27/08/2024,05/04/2025,12/04/2025,1796.91,HHZLRYT,56 m² Appartement ∙ 2 chambres ∙ 5 personnes,Saas Fee - Valais
27/08/2024,14/09/2024,21/09/2024,1072.72,H13DKFX,Appartement ∙ 1 chambre ∙ 4 personnes,Zermatt - Valais
27/08/2024,21/09/2024,28/09/2024,1072.72,H13DKFX,Appartement ∙ 1 chambre ∙ 4 personnes,Zermatt - Valais
27/08/2024,28/09/2024,05/10/2024,1072.72,H13DKFX,Appartement ∙ 1 chambre ∙ 4 personnes,Zermatt - Valais
27/08/2024,05/10/2024,12/10/2024,1072.72,H13DKFX,Appartement ∙ 1 chambre ∙ 4 personnes,Zermatt - Valais
27/08/2024,12/10/2024,19/10/2024,1072.72,H13DKFX,Appartement ∙ 1 chambre ∙ 4 personnes,Zermatt - Valais
27/08/2024,19/10/2024,26/10/2024,1072.72,H13DKFX,Appartement ∙ 1 chambre ∙ 4 personnes,Zermatt - Valais
27/08/2024,26/10/2024,02/11/2024,1072.72,H13DKFX,Appartement ∙ 1 chambre ∙ 4 personnes,Zermatt - Valais
27/08/2024,02/11/2024,09/11/2024,1072.72,H13DKFX,Appartement ∙ 1 chambre ∙ 4 personnes,Zermatt - Valais
27/08/2024,09/11/2024,16/11/2024,1072.72,H13DKFX,Appartement ∙ 1 chambre ∙ 4 personnes,Zermatt - Valais
27/08/2024,30/11/2024,07/12/2024,1072.72,H13DKFX,Appartement ∙ 1 chambre ∙ 4 personnes,Zermatt - Valais
27/08/2024,04/01/2025,11/01/2025,1072.72,H13DKFX,Appartement ∙ 1 chambre ∙ 4 personnes,Zermatt - Valais
27/08/2024,25/01/2025,01/02/2025,1072.72,H13DKFX,Appartement ∙ 1 chambre ∙ 4 personnes,Zermatt - Valais
27/08/2024,22/03/2025,29/03/2025,1072.72,H13DKFX,Appartement ∙ 1 chambre ∙ 4 personnes,Zermatt - Valais
27/08/2024,29/03/2025,05/04/2025,1072.72,H13DKFX,Appartement ∙ 1 chambre ∙ 4 personnes,Zermatt - Valais
27/08/2024,05/04/2025,12/04/2025,1072.72,H13DKFX,Appartement ∙ 1 chambre ∙ 4 personnes,Zermatt - Valais
27/08/2024,26/04/2025,03/05/2025,1072.72,H13DKFX,Appartement ∙ 1 chambre ∙ 4 personnes,Zermatt - Valais
27/08/2024,03/05/2025,10/05/2025,1072.72,H13DKFX,Appartement ∙ 1 chambre ∙ 4 personnes,Zermatt - Valais
27/08/2024,10/05/2025,17/05/2025,1072.72,H13DKFX,Appartement ∙ 1 chambre ∙ 4 personnes,Zermatt - Valais
27/08/2024,31/08/2024,07/09/2024,742.00,HFVT2WB,46 m² Appartement ∙ 1 chambre ∙ 3 personnes,Crans-Montana - Valais
27/08/2024,21/09/2024,28/09/2024,627.00,HFVT2WB,46 m² Appartement ∙ 1 chambre ∙ 3 personnes,Crans-Montana - Valais
27/08/2024,28/09/2024,05/10/2024,666.00,HFVT2WB,46 m² Appartement ∙ 1 chambre ∙ 3 personnes,Crans-Montana - Valais
27/08/2024,05/10/2024,12/10/2024,666.00,HFVT2WB,46 m² Appartement ∙ 1 chambre ∙ 3 personnes,Crans-Montana - Valais
27/08/2024,12/10/2024,19/10/2024,666.00,HFVT2WB,46 m² Appartement ∙ 1 chambre ∙ 3 personnes,Crans-Montana - Valais
27/08/2024,19/10/2024,26/10/2024,666.00,HFVT2WB,46 m² Appartement ∙ 1 chambre ∙ 3 personnes,Crans-Montana - Valais
27/08/2024,26/10/2024,02/11/2024,666.00,HFVT2WB,46 m² Appartement ∙ 1 chambre ∙ 3 personnes,Crans-Montana - Valais
27/08/2024,02/11/2024,09/11/2024,693.00,HFVT2WB,46 m² Appartement ∙ 1 chambre ∙ 3 personnes,Crans-Montana - Valais
27/08/2024,09/11/2024,16/11/2024,693.00,HFVT2WB,46 m² Appartement ∙ 1 chambre ∙ 3 personnes,Crans-Montana - Valais
27/08/2024,16/11/2024,23/11/2024,693.00,HFVT2WB,46 m² Appartement ∙ 1 chambre ∙ 3 personnes,Crans-Montana - Valais
27/08/2024,23/11/2024,30/11/2024,693.00,HFVT2WB,46 m² Appartement ∙ 1 chambre ∙ 3 personnes,Crans-Montana - Valais
27/08/2024,30/11/2024,07/12/2024,693.00,HFVT2WB,46 m² Appartement ∙ 1 chambre ∙ 3 personnes,Crans-Montana - Valais
27/08/2024,07/12/2024,14/12/2024,693.00,HFVT2WB,46 m² Appartement ∙ 1 chambre ∙ 3 personnes,Crans-Montana - Valais
27/08/2024,14/12/2024,21/12/2024,693.00,HFVT2WB,46 m² Appartement ∙ 1 chambre ∙ 3 personnes,Crans-Montana - Valais
27/08/2024,21/12/2024,28/12/2024,1467.00,HFVT2WB,46 m² Appartement ∙ 1 chambre ∙ 3 personnes,Crans-Montana - Valais
27/08/2024,04/01/2025,11/01/2025,875.00,HFVT2WB,46 m² Appartement ∙ 1 chambre ∙ 3 personnes,Crans-Montana - Valais
27/08/2024,11/01/2025,18/01/2025,875.00,HFVT2WB,46 m² Appartement ∙ 1 chambre ∙ 3 personnes,Crans-Montana - Valais
27/08/2024,18/01/2025,25/01/2025,875.00,HFVT2WB,46 m² Appartement ∙ 1 chambre ∙ 3 personnes,Crans-Montana - Valais
27/08/2024,25/01/2025,01/02/2025,951.00,HFVT2WB,46 m² Appartement ∙ 1 chambre ∙ 3 personnes,Crans-Montana - Valais
27/08/2024,08/02/2025,15/02/2025,1239.00,HFVT2WB,46 m² Appartement ∙ 1 chambre ∙ 3 personnes,Crans-Montana - Valais
27/08/2024,15/02/2025,22/02/2025,1467.00,HFVT2WB,46 m² Appartement ∙ 1 chambre ∙ 3 personnes,Crans-Montana - Valais
27/08/2024,22/03/2025,29/03/2025,693.00,HFVT2WB,46 m² Appartement ∙ 1 chambre ∙ 3 personnes,Crans-Montana - Valais
27/08/2024,29/03/2025,05/04/2025,693.00,HFVT2WB,46 m² Appartement ∙ 1 chambre ∙ 3 personnes,Crans-Montana - Valais
27/08/2024,05/04/2025,12/04/2025,693.00,HFVT2WB,46 m² Appartement ∙ 1 chambre ∙ 3 personnes,Crans-Montana - Valais
27/08/2024,12/04/2025,19/04/2025,875.00,HFVT2WB,46 m² Appartement ∙ 1 chambre ∙ 3 personnes,Crans-Montana - Valais
27/08/2024,19/04/2025,26/04/2025,875.00,HFVT2WB,46 m² Appartement ∙ 1 chambre ∙ 3 personnes,Crans-Montana - Valais
27/08/2024,26/04/2025,03/05/2025,693.00,HFVT2WB,46 m² Appartement ∙ 1 chambre ∙ 3 personnes,Crans-Montana - Valais
27/08/2024,03/05/2025,10/05/2025,693.00,HFVT2WB,46 m² Appartement ∙ 1 chambre ∙ 3 personnes,Crans-Montana - Valais
27/08/2024,10/05/2025,17/05/2025,693.00,HFVT2WB,46 m² Appartement ∙ 1 chambre ∙ 3 personnes,Crans-Montana - Valais
27/08/2024,28/09/2024,05/10/2024,828.58,HSMX7NZ,Appartement ∙ 3 chambres ∙ 6 personnes,Grächen - Valais
27/08/2024,05/10/2024,12/10/2024,828.58,HSMX7NZ,Appartement ∙ 3 chambres ∙ 6 personnes,Grächen - Valais
27/08/2024,12/10/2024,19/10/2024,828.58,HSMX7NZ,Appartement ∙ 3 chambres ∙ 6 personnes,Grächen - Valais
27/08/2024,19/10/2024,26/10/2024,828.58,HSMX7NZ,Appartement ∙ 3 chambres ∙ 6 personnes,Grächen - Valais
27/08/2024,14/12/2024,21/12/2024,1349.40,HSMX7NZ,Appartement ∙ 3 chambres ∙ 6 personnes,Grächen - Valais
27/08/2024,04/01/2025,11/01/2025,1349.40,HSMX7NZ,Appartement ∙ 3 chambres ∙ 6 personnes,Grächen - Valais
27/08/2024,25/01/2025,01/02/2025,1518.08,HSMX7NZ,Appartement ∙ 3 chambres ∙ 6 personnes,Grächen - Valais
27/08/2024,22/03/2025,29/03/2025,1349.40,HSMX7NZ,Appartement ∙ 3 chambres ∙ 6 personnes,Grächen - Valais
27/08/2024,29/03/2025,05/04/2025,1349.40,HSMX7NZ,Appartement ∙ 3 chambres ∙ 6 personnes,Grächen - Valais
27/08/2024,05/04/2025,12/04/2025,1349.40,HSMX7NZ,Appartement ∙ 3 chambres ∙ 6 personnes,Grächen - Valais
27/08/2024,12/04/2025,19/04/2025,1349.40,HSMX7NZ,Appartement ∙ 3 chambres ∙ 6 personnes,Grächen - Valais
27/08/2024,07/09/2024,14/09/2024,1724.46,HGZMTW8,350 m² Maison de vacances ∙ 10 chambres ∙ 28 personnes,Nendaz - Valais
27/08/2024,19/10/2024,26/10/2024,1724.46,HGZMTW8,350 m² Maison de vacances ∙ 10 chambres ∙ 28 personnes,Nendaz - Valais
27/08/2024,26/10/2024,02/11/2024,1724.46,HGZMTW8,350 m² Maison de vacances ∙ 10 chambres ∙ 28 personnes,Nendaz - Valais
27/08/2024,02/11/2024,09/11/2024,1724.46,HGZMTW8,350 m² Maison de vacances ∙ 10 chambres ∙ 28 personnes,Nendaz - Valais
27/08/2024,09/11/2024,16/11/2024,1724.46,HGZMTW8,350 m² Maison de vacances ∙ 10 chambres ∙ 28 personnes,Nendaz - Valais
27/08/2024,31/08/2024,07/09/2024,1012.89,H6MU31G,70 m² Appartement ∙ 2 chambres ∙ 4 personnes,Saas-Almagell - Valais
27/08/2024,21/09/2024,28/09/2024,1004.98,H6MU31G,70 m² Appartement ∙ 2 chambres ∙ 4 personnes,Saas-Almagell - Valais
27/08/2024,12/10/2024,19/10/2024,949.59,H6MU31G,70 m² Appartement ∙ 2 chambres ∙ 4 personnes,Saas-Almagell - Valais
27/08/2024,14/12/2024,21/12/2024,1068.29,H6MU31G,70 m² Appartement ∙ 2 chambres ∙ 4 personnes,Saas-Almagell - Valais
27/08/2024,04/01/2025,11/01/2025,1094.29,H6MU31G,70 m² Appartement ∙ 2 chambres ∙ 4 personnes,Saas-Almagell - Valais
27/08/2024,11/01/2025,18/01/2025,1068.29,H6MU31G,70 m² Appartement ∙ 2 chambres ∙ 4 personnes,Saas-Almagell - Valais
27/08/2024,08/03/2025,15/03/2025,1094.29,H6MU31G,70 m² Appartement ∙ 2 chambres ∙ 4 personnes,Saas-Almagell - Valais
27/08/2024,15/03/2025,22/03/2025,1068.29,H6MU31G,70 m² Appartement ∙ 2 chambres ∙ 4 personnes,Saas-Almagell - Valais
27/08/2024,22/03/2025,29/03/2025,1068.29,H6MU31G,70 m² Appartement ∙ 2 chambres ∙ 4 personnes,Saas-Almagell - Valais
27/08/2024,29/03/2025,05/04/2025,1068.29,H6MU31G,70 m² Appartement ∙ 2 chambres ∙ 4 personnes,Saas-Almagell - Valais
27/08/2024,05/04/2025,12/04/2025,1068.29,H6MU31G,70 m² Appartement ∙ 2 chambres ∙ 4 personnes,Saas-Almagell - Valais
27/08/2024,12/04/2025,19/04/2025,1170.03,H6MU31G,70 m² Appartement ∙ 2 chambres ∙ 4 personnes,Saas-Almagell - Valais
27/08/2024,19/04/2025,26/04/2025,1186.98,H6MU31G,70 m² Appartement ∙ 2 chambres ∙ 4 personnes,Saas-Almagell - Valais
27/08/2024,26/04/2025,03/05/2025,965.41,H6MU31G,70 m² Appartement ∙ 2 chambres ∙ 4 personnes,Saas-Almagell - Valais
27/08/2024,03/05/2025,10/05/2025,965.41,H6MU31G,70 m² Appartement ∙ 2 chambres ∙ 4 personnes,Saas-Almagell - Valais
27/08/2024,10/05/2025,17/05/2025,965.41,H6MU31G,70 m² Appartement ∙ 2 chambres ∙ 4 personnes,Saas-Almagell - Valais
27/08/2024,28/09/2024,05/10/2024,593.49,HB2S1LM,30 m² Studio ∙ 1 chambre ∙ 2 personnes,Saas Fee - Valais
27/08/2024,12/10/2024,19/10/2024,593.49,HB2S1LM,30 m² Studio ∙ 1 chambre ∙ 2 personnes,Saas Fee - Valais
27/08/2024,26/10/2024,02/11/2024,587.84,HB2S1LM,30 m² Studio ∙ 1 chambre ∙ 2 personnes,Saas Fee - Valais
27/08/2024,30/11/2024,07/12/2024,553.93,HB2S1LM,30 m² Studio ∙ 1 chambre ∙ 2 personnes,Saas Fee - Valais
27/08/2024,07/12/2024,14/12/2024,553.93,HB2S1LM,30 m² Studio ∙ 1 chambre ∙ 2 personnes,Saas Fee - Valais
27/08/2024,08/02/2025,15/02/2025,672.62,HB2S1LM,30 m² Studio ∙ 1 chambre ∙ 2 personnes,Saas Fee - Valais
27/08/2024,15/02/2025,22/02/2025,672.62,HB2S1LM,30 m² Studio ∙ 1 chambre ∙ 2 personnes,Saas Fee - Valais
27/08/2024,01/03/2025,08/03/2025,672.62,HB2S1LM,30 m² Studio ∙ 1 chambre ∙ 2 personnes,Saas Fee - Valais
27/08/2024,08/03/2025,15/03/2025,672.62,HB2S1LM,30 m² Studio ∙ 1 chambre ∙ 2 personnes,Saas Fee - Valais
27/08/2024,15/03/2025,22/03/2025,593.49,HB2S1LM,30 m² Studio ∙ 1 chambre ∙ 2 personnes,Saas Fee - Valais
27/08/2024,22/03/2025,29/03/2025,593.49,HB2S1LM,30 m² Studio ∙ 1 chambre ∙ 2 personnes,Saas Fee - Valais
27/08/2024,29/03/2025,05/04/2025,593.49,HB2S1LM,30 m² Studio ∙ 1 chambre ∙ 2 personnes,Saas Fee - Valais
27/08/2024,12/04/2025,19/04/2025,672.62,HB2S1LM,30 m² Studio ∙ 1 chambre ∙ 2 personnes,Saas Fee - Valais
27/08/2024,19/04/2025,26/04/2025,672.62,HB2S1LM,30 m² Studio ∙ 1 chambre ∙ 2 personnes,Saas Fee - Valais
27/08/2024,31/08/2024,07/09/2024,1069.00,HGBACRP,60 m² Appartement ∙ 1 chambre ∙ 4 personnes,Crans-Montana - Valais
27/08/2024,02/11/2024,09/11/2024,780.00,HGBACRP,60 m² Appartement ∙ 1 chambre ∙ 4 personnes,Crans-Montana - Valais
27/08/2024,09/11/2024,16/11/2024,780.00,HGBACRP,60 m² Appartement ∙ 1 chambre ∙ 4 personnes,Crans-Montana - Valais
27/08/2024,16/11/2024,23/11/2024,780.00,HGBACRP,60 m² Appartement ∙ 1 chambre ∙ 4 personnes,Crans-Montana - Valais
27/08/2024,23/11/2024,30/11/2024,780.00,HGBACRP,60 m² Appartement ∙ 1 chambre ∙ 4 personnes,Crans-Montana - Valais
27/08/2024,30/11/2024,07/12/2024,810.00,HGBACRP,60 m² Appartement ∙ 1 chambre ∙ 4 personnes,Crans-Montana - Valais
27/08/2024,07/12/2024,14/12/2024,810.00,HGBACRP,60 m² Appartement ∙ 1 chambre ∙ 4 personnes,Crans-Montana - Valais
27/08/2024,01/02/2025,08/02/2025,1152.00,HGBACRP,60 m² Appartement ∙ 1 chambre ∙ 4 personnes,Crans-Montana - Valais
27/08/2024,08/02/2025,15/02/2025,1407.00,HGBACRP,60 m² Appartement ∙ 1 chambre ∙ 4 personnes,Crans-Montana - Valais
27/08/2024,22/02/2025,01/03/2025,1667.00,HGBACRP,60 m² Appartement ∙ 1 chambre ∙ 4 personnes,Crans-Montana - Valais
27/08/2024,01/03/2025,08/03/2025,1407.00,HGBACRP,60 m² Appartement ∙ 1 chambre ∙ 4 personnes,Crans-Montana - Valais
27/08/2024,08/03/2025,15/03/2025,932.00,HGBACRP,60 m² Appartement ∙ 1 chambre ∙ 4 personnes,Crans-Montana - Valais
27/08/2024,15/03/2025,22/03/2025,932.00,HGBACRP,60 m² Appartement ∙ 1 chambre ∙ 4 personnes,Crans-Montana - Valais
27/08/2024,22/03/2025,29/03/2025,932.00,HGBACRP,60 m² Appartement ∙ 1 chambre ∙ 4 personnes,Crans-Montana - Valais
27/08/2024,29/03/2025,05/04/2025,932.00,HGBACRP,60 m² Appartement ∙ 1 chambre ∙ 4 personnes,Crans-Montana - Valais
27/08/2024,05/04/2025,12/04/2025,932.00,HGBACRP,60 m² Appartement ∙ 1 chambre ∙ 4 personnes,Crans-Montana - Valais
27/08/2024,12/04/2025,19/04/2025,985.00,HGBACRP,60 m² Appartement ∙ 1 chambre ∙ 4 personnes,Crans-Montana - Valais
27/08/2024,19/04/2025,26/04/2025,985.00,HGBACRP,60 m² Appartement ∙ 1 chambre ∙ 4 personnes,Crans-Montana - Valais
27/08/2024,26/04/2025,03/05/2025,810.00,HGBACRP,60 m² Appartement ∙ 1 chambre ∙ 4 personnes,Crans-Montana - Valais
27/08/2024,03/05/2025,10/05/2025,810.00,HGBACRP,60 m² Appartement ∙ 1 chambre ∙ 4 personnes,Crans-Montana - Valais
27/08/2024,10/05/2025,17/05/2025,810.00,HGBACRP,60 m² Appartement ∙ 1 chambre ∙ 4 personnes,Crans-Montana - Valais
27/08/2024,31/08/2024,07/09/2024,783.41,HADGLPJ,69 m² Appartement ∙ 2 chambres ∙ 6 personnes,Saas Grund - Valais
27/08/2024,07/09/2024,14/09/2024,783.41,HADGLPJ,69 m² Appartement ∙ 2 chambres ∙ 6 personnes,Saas Grund - Valais
27/08/2024,14/09/2024,21/09/2024,783.41,HADGLPJ,69 m² Appartement ∙ 2 chambres ∙ 6 personnes,Saas Grund - Valais
27/08/2024,12/10/2024,19/10/2024,603.33,HADGLPJ,69 m² Appartement ∙ 2 chambres ∙ 6 personnes,Saas Grund - Valais
27/08/2024,19/10/2024,26/10/2024,603.33,HADGLPJ,69 m² Appartement ∙ 2 chambres ∙ 6 personnes,Saas Grund - Valais
27/08/2024,26/10/2024,02/11/2024,603.33,HADGLPJ,69 m² Appartement ∙ 2 chambres ∙ 6 personnes,Saas Grund - Valais
27/08/2024,02/11/2024,09/11/2024,603.33,HADGLPJ,69 m² Appartement ∙ 2 chambres ∙ 6 personnes,Saas Grund - Valais
27/08/2024,09/11/2024,16/11/2024,603.33,HADGLPJ,69 m² Appartement ∙ 2 chambres ∙ 6 personnes,Saas Grund - Valais
27/08/2024,16/11/2024,23/11/2024,603.33,HADGLPJ,69 m² Appartement ∙ 2 chambres ∙ 6 personnes,Saas Grund - Valais
27/08/2024,23/11/2024,30/11/2024,603.33,HADGLPJ,69 m² Appartement ∙ 2 chambres ∙ 6 personnes,Saas Grund - Valais
27/08/2024,31/08/2024,07/09/2024,643.00,HNYDL38,3 room South balcony,3 room South balconyZinal - Ayer - Valais
27/08/2024,28/09/2024,05/10/2024,719.00,HNYDL38,3 room South balcony,3 room South balconyZinal - Ayer - Valais
27/08/2024,05/10/2024,12/10/2024,1029.00,HNYDL38,3 room South balcony,3 room South balconyZinal - Ayer - Valais
27/08/2024,12/10/2024,19/10/2024,1029.00,HNYDL38,3 room South balcony,3 room South balconyZinal - Ayer - Valais
27/08/2024,19/10/2024,26/10/2024,719.00,HNYDL38,3 room South balcony,3 room South balconyZinal - Ayer - Valais
27/08/2024,14/12/2024,21/12/2024,1236.00,HNYDL38,3 room South balcony,3 room South balconyZinal - Ayer - Valais
27/08/2024,21/12/2024,28/12/2024,2798.00,HNYDL38,3 room South balcony,3 room South balconyZinal - Ayer - Valais
27/08/2024,04/01/2025,11/01/2025,1418.00,HNYDL38,3 room South balcony,3 room South balconyZinal - Ayer - Valais
27/08/2024,18/01/2025,25/01/2025,1630.00,HNYDL38,3 room South balcony,3 room South balconyZinal - Ayer - Valais
27/08/2024,25/01/2025,01/02/2025,1630.00,HNYDL38,3 room South balcony,3 room South balconyZinal - Ayer - Valais
27/08/2024,08/02/2025,15/02/2025,2798.00,HNYDL38,3 room South balcony,3 room South balconyZinal - Ayer - Valais
27/08/2024,15/02/2025,22/02/2025,3541.00,HNYDL38,3 room South balcony,3 room South balconyZinal - Ayer - Valais
27/08/2024,22/02/2025,01/03/2025,3541.00,HNYDL38,3 room South balcony,3 room South balconyZinal - Ayer - Valais
27/08/2024,08/03/2025,15/03/2025,1630.00,HNYDL38,3 room South balcony,3 room South balconyZinal - Ayer - Valais
27/08/2024,15/03/2025,22/03/2025,1418.00,HNYDL38,3 room South balcony,3 room South balconyZinal - Ayer - Valais
27/08/2024,22/03/2025,29/03/2025,1418.00,HNYDL38,3 room South balcony,3 room South balconyZinal - Ayer - Valais
27/08/2024,29/03/2025,05/04/2025,1236.00,HNYDL38,3 room South balcony,3 room South balconyZinal - Ayer - Valais
27/08/2024,05/04/2025,12/04/2025,1630.00,HNYDL38,3 room South balcony,3 room South balconyZinal - Ayer - Valais
27/08/2024,12/04/2025,19/04/2025,1418.00,HNYDL38,3 room South balcony,3 room South balconyZinal - Ayer - Valais
27/08/2024,14/09/2024,21/09/2024,739.55,H7W52U4,Appartement ∙ 3 chambres ∙ 4 personnes,Brig - Valais
27/08/2024,07/12/2024,14/12/2024,739.55,H7W52U4,Appartement ∙ 3 chambres ∙ 4 personnes,Brig - Valais
27/08/2024,14/12/2024,21/12/2024,739.55,H7W52U4,Appartement ∙ 3 chambres ∙ 4 personnes,Brig - Valais
27/08/2024,21/12/2024,28/12/2024,961.42,H7W52U4,Appartement ∙ 3 chambres ∙ 4 personnes,Brig - Valais
27/08/2024,04/01/2025,11/01/2025,961.42,H7W52U4,Appartement ∙ 3 chambres ∙ 4 personnes,Brig - Valais
27/08/2024,11/01/2025,18/01/2025,961.42,H7W52U4,Appartement ∙ 3 chambres ∙ 4 personnes,Brig - Valais
27/08/2024,18/01/2025,25/01/2025,961.42,H7W52U4,Appartement ∙ 3 chambres ∙ 4 personnes,Brig - Valais
27/08/2024,25/01/2025,01/02/2025,961.42,H7W52U4,Appartement ∙ 3 chambres ∙ 4 personnes,Brig - Valais
27/08/2024,01/02/2025,08/02/2025,961.42,H7W52U4,Appartement ∙ 3 chambres ∙ 4 personnes,Brig - Valais
27/08/2024,08/02/2025,15/02/2025,961.42,H7W52U4,Appartement ∙ 3 chambres ∙ 4 personnes,Brig - Valais
27/08/2024,15/02/2025,22/02/2025,961.42,H7W52U4,Appartement ∙ 3 chambres ∙ 4 personnes,Brig - Valais
27/08/2024,22/02/2025,01/03/2025,961.42,H7W52U4,Appartement ∙ 3 chambres ∙ 4 personnes,Brig - Valais
27/08/2024,01/03/2025,08/03/2025,961.42,H7W52U4,Appartement ∙ 3 chambres ∙ 4 personnes,Brig - Valais
27/08/2024,08/03/2025,15/03/2025,961.42,H7W52U4,Appartement ∙ 3 chambres ∙ 4 personnes,Brig - Valais
27/08/2024,15/03/2025,22/03/2025,961.42,H7W52U4,Appartement ∙ 3 chambres ∙ 4 personnes,Brig - Valais
27/08/2024,22/03/2025,29/03/2025,961.42,H7W52U4,Appartement ∙ 3 chambres ∙ 4 personnes,Brig - Valais
27/08/2024,18/01/2025,25/01/2025,1028.72,HXLZ3UN,60 m² Appartement ∙ 3 chambres ∙ 4 personnes,Saas-Almagell - Valais
27/08/2024,22/03/2025,29/03/2025,902.11,HXLZ3UN,60 m² Appartement ∙ 3 chambres ∙ 4 personnes,Saas-Almagell - Valais
27/08/2024,29/03/2025,05/04/2025,902.11,HXLZ3UN,60 m² Appartement ∙ 3 chambres ∙ 4 personnes,Saas-Almagell - Valais
27/08/2024,05/04/2025,12/04/2025,902.11,HXLZ3UN,60 m² Appartement ∙ 3 chambres ∙ 4 personnes,Saas-Almagell - Valais
27/08/2024,19/04/2025,26/04/2025,1305.68,HXLZ3UN,60 m² Appartement ∙ 3 chambres ∙ 4 personnes,Saas-Almagell - Valais
27/08/2024,16/11/2024,23/11/2024,1361.92,HZFJLE0,135 m² Maison de vacances ∙ 6 chambres ∙ 12 personnes,Crans-Montana - Valais
27/08/2024,23/11/2024,30/11/2024,1361.92,HZFJLE0,135 m² Maison de vacances ∙ 6 chambres ∙ 12 personnes,Crans-Montana - Valais
27/08/2024,30/11/2024,07/12/2024,1361.92,HZFJLE0,135 m² Maison de vacances ∙ 6 chambres ∙ 12 personnes,Crans-Montana - Valais
27/08/2024,07/12/2024,14/12/2024,1361.92,HZFJLE0,135 m² Maison de vacances ∙ 6 chambres ∙ 12 personnes,Crans-Montana - Valais
27/08/2024,14/12/2024,21/12/2024,1361.92,HZFJLE0,135 m² Maison de vacances ∙ 6 chambres ∙ 12 personnes,Crans-Montana - Valais
27/08/2024,04/01/2025,11/01/2025,1361.92,HZFJLE0,135 m² Maison de vacances ∙ 6 chambres ∙ 12 personnes,Crans-Montana - Valais
27/08/2024,11/01/2025,18/01/2025,1361.92,HZFJLE0,135 m² Maison de vacances ∙ 6 chambres ∙ 12 personnes,Crans-Montana - Valais
27/08/2024,18/01/2025,25/01/2025,1361.92,HZFJLE0,135 m² Maison de vacances ∙ 6 chambres ∙ 12 personnes,Crans-Montana - Valais
27/08/2024,01/02/2025,08/02/2025,2246.41,HZFJLE0,135 m² Maison de vacances ∙ 6 chambres ∙ 12 personnes,Crans-Montana - Valais
27/08/2024,08/02/2025,15/02/2025,2691.76,HZFJLE0,135 m² Maison de vacances ∙ 6 chambres ∙ 12 personnes,Crans-Montana - Valais
27/08/2024,15/02/2025,22/02/2025,3137.11,HZFJLE0,135 m² Maison de vacances ∙ 6 chambres ∙ 12 personnes,Crans-Montana - Valais
27/08/2024,01/03/2025,08/03/2025,2246.41,HZFJLE0,135 m² Maison de vacances ∙ 6 chambres ∙ 12 personnes,Crans-Montana - Valais
27/08/2024,08/03/2025,15/03/2025,1633.27,HZFJLE0,135 m² Maison de vacances ∙ 6 chambres ∙ 12 personnes,Crans-Montana - Valais
27/08/2024,15/03/2025,22/03/2025,1361.92,HZFJLE0,135 m² Maison de vacances ∙ 6 chambres ∙ 12 personnes,Crans-Montana - Valais
27/08/2024,22/03/2025,29/03/2025,1361.92,HZFJLE0,135 m² Maison de vacances ∙ 6 chambres ∙ 12 personnes,Crans-Montana - Valais
27/08/2024,29/03/2025,05/04/2025,1361.92,HZFJLE0,135 m² Maison de vacances ∙ 6 chambres ∙ 12 personnes,Crans-Montana - Valais
27/08/2024,05/04/2025,12/04/2025,1361.92,HZFJLE0,135 m² Maison de vacances ∙ 6 chambres ∙ 12 personnes,Crans-Montana - Valais
27/08/2024,12/04/2025,19/04/2025,1541.10,HZFJLE0,135 m² Maison de vacances ∙ 6 chambres ∙ 12 personnes,Crans-Montana - Valais
27/08/2024,19/04/2025,26/04/2025,1361.92,HZFJLE0,135 m² Maison de vacances ∙ 6 chambres ∙ 12 personnes,Crans-Montana - Valais
27/08/2024,26/04/2025,03/05/2025,1361.92,HZFJLE0,135 m² Maison de vacances ∙ 6 chambres ∙ 12 personnes,Crans-Montana - Valais
27/08/2024,07/09/2024,14/09/2024,1192.00,H5KU6PS,Maison de vacances ∙ 2 chambres ∙ 6 personnes,Nendaz - Valais
27/08/2024,05/10/2024,12/10/2024,1192.00,H5KU6PS,Maison de vacances ∙ 2 chambres ∙ 6 personnes,Nendaz - Valais
27/08/2024,12/10/2024,19/10/2024,1192.00,H5KU6PS,Maison de vacances ∙ 2 chambres ∙ 6 personnes,Nendaz - Valais
27/08/2024,19/10/2024,26/10/2024,1192.00,H5KU6PS,Maison de vacances ∙ 2 chambres ∙ 6 personnes,Nendaz - Valais
27/08/2024,26/10/2024,02/11/2024,1192.00,H5KU6PS,Maison de vacances ∙ 2 chambres ∙ 6 personnes,Nendaz - Valais
27/08/2024,02/11/2024,09/11/2024,1219.00,H5KU6PS,Maison de vacances ∙ 2 chambres ∙ 6 personnes,Nendaz - Valais
27/08/2024,09/11/2024,16/11/2024,1219.00,H5KU6PS,Maison de vacances ∙ 2 chambres ∙ 6 personnes,Nendaz - Valais
27/08/2024,16/11/2024,23/11/2024,1219.00,H5KU6PS,Maison de vacances ∙ 2 chambres ∙ 6 personnes,Nendaz - Valais
27/08/2024,23/11/2024,30/11/2024,1219.00,H5KU6PS,Maison de vacances ∙ 2 chambres ∙ 6 personnes,Nendaz - Valais
27/08/2024,30/11/2024,07/12/2024,1219.00,H5KU6PS,Maison de vacances ∙ 2 chambres ∙ 6 personnes,Nendaz - Valais
27/08/2024,07/12/2024,14/12/2024,1219.00,H5KU6PS,Maison de vacances ∙ 2 chambres ∙ 6 personnes,Nendaz - Valais
27/08/2024,04/01/2025,11/01/2025,1548.00,H5KU6PS,Maison de vacances ∙ 2 chambres ∙ 6 personnes,Nendaz - Valais
27/08/2024,11/01/2025,18/01/2025,1548.00,H5KU6PS,Maison de vacances ∙ 2 chambres ∙ 6 personnes,Nendaz - Valais
27/08/2024,18/01/2025,25/01/2025,1548.00,H5KU6PS,Maison de vacances ∙ 2 chambres ∙ 6 personnes,Nendaz - Valais
27/08/2024,25/01/2025,01/02/2025,1713.00,H5KU6PS,Maison de vacances ∙ 2 chambres ∙ 6 personnes,Nendaz - Valais
27/08/2024,01/02/2025,08/02/2025,1932.00,H5KU6PS,Maison de vacances ∙ 2 chambres ∙ 6 personnes,Nendaz - Valais
27/08/2024,08/02/2025,15/02/2025,1932.00,H5KU6PS,Maison de vacances ∙ 2 chambres ∙ 6 personnes,Nendaz - Valais
27/08/2024,15/02/2025,22/02/2025,2371.00,H5KU6PS,Maison de vacances ∙ 2 chambres ∙ 6 personnes,Nendaz - Valais
27/08/2024,22/02/2025,01/03/2025,2371.00,H5KU6PS,Maison de vacances ∙ 2 chambres ∙ 6 personnes,Nendaz - Valais
27/08/2024,01/03/2025,08/03/2025,2371.00,H5KU6PS,Maison de vacances ∙ 2 chambres ∙ 6 personnes,Nendaz - Valais
27/08/2024,08/03/2025,15/03/2025,1548.00,H5KU6PS,Maison de vacances ∙ 2 chambres ∙ 6 personnes,Nendaz - Valais
27/08/2024,15/03/2025,22/03/2025,1219.00,H5KU6PS,Maison de vacances ∙ 2 chambres ∙ 6 personnes,Nendaz - Valais
27/08/2024,22/03/2025,29/03/2025,1219.00,H5KU6PS,Maison de vacances ∙ 2 chambres ∙ 6 personnes,Nendaz - Valais
27/08/2024,29/03/2025,05/04/2025,1219.00,H5KU6PS,Maison de vacances ∙ 2 chambres ∙ 6 personnes,Nendaz - Valais
27/08/2024,05/04/2025,12/04/2025,1219.00,H5KU6PS,Maison de vacances ∙ 2 chambres ∙ 6 personnes,Nendaz - Valais
27/08/2024,12/04/2025,19/04/2025,1548.00,H5KU6PS,Maison de vacances ∙ 2 chambres ∙ 6 personnes,Nendaz - Valais
27/08/2024,19/04/2025,26/04/2025,1548.00,H5KU6PS,Maison de vacances ∙ 2 chambres ∙ 6 personnes,Nendaz - Valais
27/08/2024,26/04/2025,03/05/2025,1301.00,H5KU6PS,Maison de vacances ∙ 2 chambres ∙ 6 personnes,Nendaz - Valais
27/08/2024,03/05/2025,10/05/2025,1301.00,H5KU6PS,Maison de vacances ∙ 2 chambres ∙ 6 personnes,Nendaz - Valais
27/08/2024,10/05/2025,17/05/2025,1301.00,H5KU6PS,Maison de vacances ∙ 2 chambres ∙ 6 personnes,Nendaz - Valais
27/08/2024,31/08/2024,07/09/2024,758.78,HH2TV8B,65 m² Appartement ∙ 2 chambres ∙ 5 personnes,Loèche-les-Bains - Valais
27/08/2024,07/09/2024,14/09/2024,758.78,HH2TV8B,65 m² Appartement ∙ 2 chambres ∙ 5 personnes,Loèche-les-Bains - Valais
27/08/2024,14/09/2024,21/09/2024,758.78,HH2TV8B,65 m² Appartement ∙ 2 chambres ∙ 5 personnes,Loèche-les-Bains - Valais
27/08/2024,19/10/2024,26/10/2024,718.84,HH2TV8B,65 m² Appartement ∙ 2 chambres ∙ 5 personnes,Loèche-les-Bains - Valais
27/08/2024,09/11/2024,16/11/2024,638.97,HH2TV8B,65 m² Appartement ∙ 2 chambres ∙ 5 personnes,Loèche-les-Bains - Valais
27/08/2024,07/12/2024,14/12/2024,638.97,HH2TV8B,65 m² Appartement ∙ 2 chambres ∙ 5 personnes,Loèche-les-Bains - Valais
27/08/2024,14/12/2024,21/12/2024,718.84,HH2TV8B,65 m² Appartement ∙ 2 chambres ∙ 5 personnes,Loèche-les-Bains - Valais
27/08/2024,15/03/2025,22/03/2025,878.59,HH2TV8B,65 m² Appartement ∙ 2 chambres ∙ 5 personnes,Loèche-les-Bains - Valais
27/08/2024,22/03/2025,29/03/2025,878.59,HH2TV8B,65 m² Appartement ∙ 2 chambres ∙ 5 personnes,Loèche-les-Bains - Valais
27/08/2024,29/03/2025,05/04/2025,878.59,HH2TV8B,65 m² Appartement ∙ 2 chambres ∙ 5 personnes,Loèche-les-Bains - Valais
27/08/2024,05/04/2025,12/04/2025,878.59,HH2TV8B,65 m² Appartement ∙ 2 chambres ∙ 5 personnes,Loèche-les-Bains - Valais
27/08/2024,12/04/2025,19/04/2025,878.59,HH2TV8B,65 m² Appartement ∙ 2 chambres ∙ 5 personnes,Loèche-les-Bains - Valais
27/08/2024,19/04/2025,26/04/2025,878.59,HH2TV8B,65 m² Appartement ∙ 2 chambres ∙ 5 personnes,Loèche-les-Bains - Valais
27/08/2024,26/04/2025,03/05/2025,638.97,HH2TV8B,65 m² Appartement ∙ 2 chambres ∙ 5 personnes,Loèche-les-Bains - Valais
27/08/2024,03/05/2025,10/05/2025,638.97,HH2TV8B,65 m² Appartement ∙ 2 chambres ∙ 5 personnes,Loèche-les-Bains - Valais
27/08/2024,10/05/2025,17/05/2025,638.97,HH2TV8B,65 m² Appartement ∙ 2 chambres ∙ 5 personnes,Loèche-les-Bains - Valais
27/08/2024,21/09/2024,28/09/2024,754.35,HH5LJKF,80 m² Appartement ∙ 2 chambres ∙ 6 personnes,Saas Grund - Valais
27/08/2024,28/09/2024,05/10/2024,754.35,HH5LJKF,80 m² Appartement ∙ 2 chambres ∙ 6 personnes,Saas Grund - Valais
27/08/2024,05/10/2024,12/10/2024,754.35,HH5LJKF,80 m² Appartement ∙ 2 chambres ∙ 6 personnes,Saas Grund - Valais
27/08/2024,12/10/2024,19/10/2024,754.35,HH5LJKF,80 m² Appartement ∙ 2 chambres ∙ 6 personnes,Saas Grund - Valais
27/08/2024,19/10/2024,26/10/2024,754.35,HH5LJKF,80 m² Appartement ∙ 2 chambres ∙ 6 personnes,Saas Grund - Valais
27/08/2024,26/10/2024,02/11/2024,613.83,HH5LJKF,80 m² Appartement ∙ 2 chambres ∙ 6 personnes,Saas Grund - Valais
27/08/2024,02/11/2024,09/11/2024,613.83,HH5LJKF,80 m² Appartement ∙ 2 chambres ∙ 6 personnes,Saas Grund - Valais
27/08/2024,09/11/2024,16/11/2024,613.83,HH5LJKF,80 m² Appartement ∙ 2 chambres ∙ 6 personnes,Saas Grund - Valais
27/08/2024,16/11/2024,23/11/2024,613.83,HH5LJKF,80 m² Appartement ∙ 2 chambres ∙ 6 personnes,Saas Grund - Valais
27/08/2024,23/11/2024,30/11/2024,613.83,HH5LJKF,80 m² Appartement ∙ 2 chambres ∙ 6 personnes,Saas Grund - Valais
27/08/2024,30/11/2024,07/12/2024,613.83,HH5LJKF,80 m² Appartement ∙ 2 chambres ∙ 6 personnes,Saas Grund - Valais
27/08/2024,07/12/2024,14/12/2024,613.83,HH5LJKF,80 m² Appartement ∙ 2 chambres ∙ 6 personnes,Saas Grund - Valais
27/08/2024,31/08/2024,07/09/2024,957.77,H43B2NW,62 m² Appartement ∙ 2 chambres ∙ 5 personnes,Vercorin - Valais
27/08/2024,07/09/2024,14/09/2024,957.77,H43B2NW,62 m² Appartement ∙ 2 chambres ∙ 5 personnes,Vercorin - Valais
27/08/2024,21/09/2024,28/09/2024,957.77,H43B2NW,62 m² Appartement ∙ 2 chambres ∙ 5 personnes,Vercorin - Valais
27/08/2024,28/09/2024,05/10/2024,957.77,H43B2NW,62 m² Appartement ∙ 2 chambres ∙ 5 personnes,Vercorin - Valais
27/08/2024,05/10/2024,12/10/2024,957.77,H43B2NW,62 m² Appartement ∙ 2 chambres ∙ 5 personnes,Vercorin - Valais
27/08/2024,12/10/2024,19/10/2024,957.77,H43B2NW,62 m² Appartement ∙ 2 chambres ∙ 5 personnes,Vercorin - Valais
27/08/2024,19/10/2024,26/10/2024,957.77,H43B2NW,62 m² Appartement ∙ 2 chambres ∙ 5 personnes,Vercorin - Valais
27/08/2024,26/10/2024,02/11/2024,957.77,H43B2NW,62 m² Appartement ∙ 2 chambres ∙ 5 personnes,Vercorin - Valais
27/08/2024,02/11/2024,09/11/2024,957.77,H43B2NW,62 m² Appartement ∙ 2 chambres ∙ 5 personnes,Vercorin - Valais
27/08/2024,09/11/2024,16/11/2024,957.77,H43B2NW,62 m² Appartement ∙ 2 chambres ∙ 5 personnes,Vercorin - Valais
27/08/2024,16/11/2024,23/11/2024,957.77,H43B2NW,62 m² Appartement ∙ 2 chambres ∙ 5 personnes,Vercorin - Valais
27/08/2024,23/11/2024,30/11/2024,957.77,H43B2NW,62 m² Appartement ∙ 2 chambres ∙ 5 personnes,Vercorin - Valais
27/08/2024,30/11/2024,07/12/2024,957.77,H43B2NW,62 m² Appartement ∙ 2 chambres ∙ 5 personnes,Vercorin - Valais
27/08/2024,07/12/2024,14/12/2024,957.77,H43B2NW,62 m² Appartement ∙ 2 chambres ∙ 5 personnes,Vercorin - Valais
27/08/2024,14/12/2024,21/12/2024,967.95,H43B2NW,62 m² Appartement ∙ 2 chambres ∙ 5 personnes,Vercorin - Valais
27/08/2024,21/12/2024,28/12/2024,1612.24,H43B2NW,62 m² Appartement ∙ 2 chambres ∙ 5 personnes,Vercorin - Valais
27/08/2024,04/01/2025,11/01/2025,1289.59,H43B2NW,62 m² Appartement ∙ 2 chambres ∙ 5 personnes,Vercorin - Valais
27/08/2024,11/01/2025,18/01/2025,1289.59,H43B2NW,62 m² Appartement ∙ 2 chambres ∙ 5 personnes,Vercorin - Valais
27/08/2024,08/02/2025,15/02/2025,1612.24,H43B2NW,62 m² Appartement ∙ 2 chambres ∙ 5 personnes,Vercorin - Valais
27/08/2024,08/03/2025,15/03/2025,1289.59,H43B2NW,62 m² Appartement ∙ 2 chambres ∙ 5 personnes,Vercorin - Valais
27/08/2024,15/03/2025,22/03/2025,1291.35,H43B2NW,62 m² Appartement ∙ 2 chambres ∙ 5 personnes,Vercorin - Valais
27/08/2024,22/03/2025,29/03/2025,1291.35,H43B2NW,62 m² Appartement ∙ 2 chambres ∙ 5 personnes,Vercorin - Valais
27/08/2024,29/03/2025,05/04/2025,1291.35,H43B2NW,62 m² Appartement ∙ 2 chambres ∙ 5 personnes,Vercorin - Valais
27/08/2024,05/04/2025,12/04/2025,1291.35,H43B2NW,62 m² Appartement ∙ 2 chambres ∙ 5 personnes,Vercorin - Valais
27/08/2024,12/04/2025,19/04/2025,1291.35,H43B2NW,62 m² Appartement ∙ 2 chambres ∙ 5 personnes,Vercorin - Valais
27/08/2024,19/04/2025,26/04/2025,1291.35,H43B2NW,62 m² Appartement ∙ 2 chambres ∙ 5 personnes,Vercorin - Valais
27/08/2024,31/08/2024,07/09/2024,689.11,H8EDZXF,Appartement ∙ 2 chambres ∙ 4 personnes,Chalais - Valais
27/08/2024,07/09/2024,14/09/2024,689.11,H8EDZXF,Appartement ∙ 2 chambres ∙ 4 personnes,Chalais - Valais
27/08/2024,14/09/2024,21/09/2024,689.11,H8EDZXF,Appartement ∙ 2 chambres ∙ 4 personnes,Chalais - Valais
27/08/2024,21/09/2024,28/09/2024,689.11,H8EDZXF,Appartement ∙ 2 chambres ∙ 4 personnes,Chalais - Valais
27/08/2024,28/09/2024,05/10/2024,689.11,H8EDZXF,Appartement ∙ 2 chambres ∙ 4 personnes,Chalais - Valais
27/08/2024,05/10/2024,12/10/2024,692.14,H8EDZXF,Appartement ∙ 2 chambres ∙ 4 personnes,Chalais - Valais
27/08/2024,12/10/2024,19/10/2024,691.03,H8EDZXF,Appartement ∙ 2 chambres ∙ 4 personnes,Chalais - Valais
27/08/2024,19/10/2024,26/10/2024,702.26,H8EDZXF,Appartement ∙ 2 chambres ∙ 4 personnes,Chalais - Valais
27/08/2024,26/10/2024,02/11/2024,698.34,H8EDZXF,Appartement ∙ 2 chambres ∙ 4 personnes,Chalais - Valais
27/08/2024,02/11/2024,09/11/2024,689.11,H8EDZXF,Appartement ∙ 2 chambres ∙ 4 personnes,Chalais - Valais
27/08/2024,09/11/2024,16/11/2024,689.11,H8EDZXF,Appartement ∙ 2 chambres ∙ 4 personnes,Chalais - Valais
27/08/2024,16/11/2024,23/11/2024,689.11,H8EDZXF,Appartement ∙ 2 chambres ∙ 4 personnes,Chalais - Valais
27/08/2024,23/11/2024,30/11/2024,689.11,H8EDZXF,Appartement ∙ 2 chambres ∙ 4 personnes,Chalais - Valais
27/08/2024,30/11/2024,07/12/2024,728.11,H8EDZXF,Appartement ∙ 2 chambres ∙ 4 personnes,Chalais - Valais
27/08/2024,07/12/2024,14/12/2024,754.93,H8EDZXF,Appartement ∙ 2 chambres ∙ 4 personnes,Chalais - Valais
27/08/2024,26/04/2025,03/05/2025,974.16,H8EDZXF,Appartement ∙ 2 chambres ∙ 4 personnes,Chalais - Valais
27/08/2024,03/05/2025,10/05/2025,940.04,H8EDZXF,Appartement ∙ 2 chambres ∙ 4 personnes,Chalais - Valais
27/08/2024,10/05/2025,17/05/2025,959.69,H8EDZXF,Appartement ∙ 2 chambres ∙ 4 personnes,Chalais - Valais
27/08/2024,21/09/2024,28/09/2024,883.00,HL5612T,85 m² Appartement ∙ 3 chambres ∙ 5 personnes,Grächen - Valais
27/08/2024,28/09/2024,05/10/2024,883.00,HL5612T,85 m² Appartement ∙ 3 chambres ∙ 5 personnes,Grächen - Valais
27/08/2024,05/10/2024,12/10/2024,883.00,HL5612T,85 m² Appartement ∙ 3 chambres ∙ 5 personnes,Grächen - Valais
27/08/2024,26/10/2024,02/11/2024,883.00,HL5612T,85 m² Appartement ∙ 3 chambres ∙ 5 personnes,Grächen - Valais
27/08/2024,02/11/2024,09/11/2024,883.00,HL5612T,85 m² Appartement ∙ 3 chambres ∙ 5 personnes,Grächen - Valais
27/08/2024,09/11/2024,16/11/2024,883.00,HL5612T,85 m² Appartement ∙ 3 chambres ∙ 5 personnes,Grächen - Valais
27/08/2024,16/11/2024,23/11/2024,883.00,HL5612T,85 m² Appartement ∙ 3 chambres ∙ 5 personnes,Grächen - Valais
27/08/2024,23/11/2024,30/11/2024,883.00,HL5612T,85 m² Appartement ∙ 3 chambres ∙ 5 personnes,Grächen - Valais
27/08/2024,30/11/2024,07/12/2024,883.00,HL5612T,85 m² Appartement ∙ 3 chambres ∙ 5 personnes,Grächen - Valais
27/08/2024,07/12/2024,14/12/2024,883.00,HL5612T,85 m² Appartement ∙ 3 chambres ∙ 5 personnes,Grächen - Valais
27/08/2024,11/01/2025,18/01/2025,883.00,HL5612T,85 m² Appartement ∙ 3 chambres ∙ 5 personnes,Grächen - Valais
27/08/2024,18/01/2025,25/01/2025,883.00,HL5612T,85 m² Appartement ∙ 3 chambres ∙ 5 personnes,Grächen - Valais
27/08/2024,07/12/2024,14/12/2024,728.00,H0JWS4N,36 m² Appartement ∙ 2 chambres ∙ 3 personnes,Ovronnaz - Leytron - Valais
27/08/2024,14/12/2024,21/12/2024,728.00,H0JWS4N,36 m² Appartement ∙ 2 chambres ∙ 3 personnes,Ovronnaz - Leytron - Valais
27/08/2024,21/12/2024,28/12/2024,1213.00,H0JWS4N,36 m² Appartement ∙ 2 chambres ∙ 3 personnes,Ovronnaz - Leytron - Valais
27/08/2024,04/01/2025,11/01/2025,728.00,H0JWS4N,36 m² Appartement ∙ 2 chambres ∙ 3 personnes,Ovronnaz - Leytron - Valais
27/08/2024,11/01/2025,18/01/2025,728.00,H0JWS4N,36 m² Appartement ∙ 2 chambres ∙ 3 personnes,Ovronnaz - Leytron - Valais
27/08/2024,18/01/2025,25/01/2025,728.00,H0JWS4N,36 m² Appartement ∙ 2 chambres ∙ 3 personnes,Ovronnaz - Leytron - Valais
27/08/2024,25/01/2025,01/02/2025,728.00,H0JWS4N,36 m² Appartement ∙ 2 chambres ∙ 3 personnes,Ovronnaz - Leytron - Valais
27/08/2024,01/02/2025,08/02/2025,849.00,H0JWS4N,36 m² Appartement ∙ 2 chambres ∙ 3 personnes,Ovronnaz - Leytron - Valais
27/08/2024,08/02/2025,15/02/2025,849.00,H0JWS4N,36 m² Appartement ∙ 2 chambres ∙ 3 personnes,Ovronnaz - Leytron - Valais
27/08/2024,15/02/2025,22/02/2025,1274.00,H0JWS4N,36 m² Appartement ∙ 2 chambres ∙ 3 personnes,Ovronnaz - Leytron - Valais
27/08/2024,22/02/2025,01/03/2025,1153.00,H0JWS4N,36 m² Appartement ∙ 2 chambres ∙ 3 personnes,Ovronnaz - Leytron - Valais
27/08/2024,01/03/2025,08/03/2025,1153.00,H0JWS4N,36 m² Appartement ∙ 2 chambres ∙ 3 personnes,Ovronnaz - Leytron - Valais
27/08/2024,08/03/2025,15/03/2025,683.00,H0JWS4N,36 m² Appartement ∙ 2 chambres ∙ 3 personnes,Ovronnaz - Leytron - Valais
27/08/2024,15/03/2025,22/03/2025,683.00,H0JWS4N,36 m² Appartement ∙ 2 chambres ∙ 3 personnes,Ovronnaz - Leytron - Valais
27/08/2024,22/03/2025,29/03/2025,683.00,H0JWS4N,36 m² Appartement ∙ 2 chambres ∙ 3 personnes,Ovronnaz - Leytron - Valais
27/08/2024,29/03/2025,05/04/2025,683.00,H0JWS4N,36 m² Appartement ∙ 2 chambres ∙ 3 personnes,Ovronnaz - Leytron - Valais
27/08/2024,05/04/2025,12/04/2025,683.00,H0JWS4N,36 m² Appartement ∙ 2 chambres ∙ 3 personnes,Ovronnaz - Leytron - Valais
27/08/2024,12/04/2025,19/04/2025,683.00,H0JWS4N,36 m² Appartement ∙ 2 chambres ∙ 3 personnes,Ovronnaz - Leytron - Valais
27/08/2024,19/04/2025,26/04/2025,683.00,H0JWS4N,36 m² Appartement ∙ 2 chambres ∙ 3 personnes,Ovronnaz - Leytron - Valais
27/08/2024,26/04/2025,03/05/2025,683.00,H0JWS4N,36 m² Appartement ∙ 2 chambres ∙ 3 personnes,Ovronnaz - Leytron - Valais
27/08/2024,03/05/2025,10/05/2025,683.00,H0JWS4N,36 m² Appartement ∙ 2 chambres ∙ 3 personnes,Ovronnaz - Leytron - Valais
27/08/2024,10/05/2025,17/05/2025,683.00,H0JWS4N,36 m² Appartement ∙ 2 chambres ∙ 3 personnes,Ovronnaz - Leytron - Valais
27/08/2024,31/08/2024,07/09/2024,1444.71,HD8XJGW,103 m² Appartement ∙ 5 chambres ∙ 12 personnes,Nendaz - Valais
27/08/2024,07/09/2024,14/09/2024,1444.71,HD8XJGW,103 m² Appartement ∙ 5 chambres ∙ 12 personnes,Nendaz - Valais
27/08/2024,14/09/2024,21/09/2024,1444.71,HD8XJGW,103 m² Appartement ∙ 5 chambres ∙ 12 personnes,Nendaz - Valais
27/08/2024,21/09/2024,28/09/2024,1444.71,HD8XJGW,103 m² Appartement ∙ 5 chambres ∙ 12 personnes,Nendaz - Valais
27/08/2024,28/09/2024,05/10/2024,1444.71,HD8XJGW,103 m² Appartement ∙ 5 chambres ∙ 12 personnes,Nendaz - Valais
27/08/2024,05/10/2024,12/10/2024,1444.71,HD8XJGW,103 m² Appartement ∙ 5 chambres ∙ 12 personnes,Nendaz - Valais
27/08/2024,12/10/2024,19/10/2024,1444.71,HD8XJGW,103 m² Appartement ∙ 5 chambres ∙ 12 personnes,Nendaz - Valais
27/08/2024,19/10/2024,26/10/2024,1444.71,HD8XJGW,103 m² Appartement ∙ 5 chambres ∙ 12 personnes,Nendaz - Valais
27/08/2024,26/10/2024,02/11/2024,1444.71,HD8XJGW,103 m² Appartement ∙ 5 chambres ∙ 12 personnes,Nendaz - Valais
27/08/2024,02/11/2024,09/11/2024,1444.71,HD8XJGW,103 m² Appartement ∙ 5 chambres ∙ 12 personnes,Nendaz - Valais
27/08/2024,09/11/2024,16/11/2024,1444.71,HD8XJGW,103 m² Appartement ∙ 5 chambres ∙ 12 personnes,Nendaz - Valais
27/08/2024,16/11/2024,23/11/2024,1444.71,HD8XJGW,103 m² Appartement ∙ 5 chambres ∙ 12 personnes,Nendaz - Valais
27/08/2024,23/11/2024,30/11/2024,1708.15,HD8XJGW,103 m² Appartement ∙ 5 chambres ∙ 12 personnes,Nendaz - Valais
27/08/2024,30/11/2024,07/12/2024,1708.15,HD8XJGW,103 m² Appartement ∙ 5 chambres ∙ 12 personnes,Nendaz - Valais
27/08/2024,11/01/2025,18/01/2025,1708.15,HD8XJGW,103 m² Appartement ∙ 5 chambres ∙ 12 personnes,Nendaz - Valais
27/08/2024,01/03/2025,08/03/2025,5228.08,HD8XJGW,103 m² Appartement ∙ 5 chambres ∙ 12 personnes,Nendaz - Valais
27/08/2024,08/03/2025,15/03/2025,5228.08,HD8XJGW,103 m² Appartement ∙ 5 chambres ∙ 12 personnes,Nendaz - Valais
27/08/2024,22/03/2025,29/03/2025,1708.15,HD8XJGW,103 m² Appartement ∙ 5 chambres ∙ 12 personnes,Nendaz - Valais
27/08/2024,29/03/2025,05/04/2025,1708.15,HD8XJGW,103 m² Appartement ∙ 5 chambres ∙ 12 personnes,Nendaz - Valais
27/08/2024,05/04/2025,12/04/2025,3069.34,HD8XJGW,103 m² Appartement ∙ 5 chambres ∙ 12 personnes,Nendaz - Valais
27/08/2024,26/04/2025,03/05/2025,1708.15,HD8XJGW,103 m² Appartement ∙ 5 chambres ∙ 12 personnes,Nendaz - Valais
27/08/2024,14/09/2024,21/09/2024,1330.89,HB9UD5J,95 m² Maison de vacances ∙ 3 chambres ∙ 6 personnes,Ernen - Valais
27/08/2024,21/09/2024,28/09/2024,1330.89,HB9UD5J,95 m² Maison de vacances ∙ 3 chambres ∙ 6 personnes,Ernen - Valais
27/08/2024,12/10/2024,19/10/2024,1330.89,HB9UD5J,95 m² Maison de vacances ∙ 3 chambres ∙ 6 personnes,Ernen - Valais
27/08/2024,19/10/2024,26/10/2024,1330.89,HB9UD5J,95 m² Maison de vacances ∙ 3 chambres ∙ 6 personnes,Ernen - Valais
27/08/2024,26/10/2024,02/11/2024,1330.89,HB9UD5J,95 m² Maison de vacances ∙ 3 chambres ∙ 6 personnes,Ernen - Valais
27/08/2024,02/11/2024,09/11/2024,1330.89,HB9UD5J,95 m² Maison de vacances ∙ 3 chambres ∙ 6 personnes,Ernen - Valais
27/08/2024,21/09/2024,28/09/2024,557.00,H3L0XF4,30 m² Appartement ∙ 1 chambre ∙ 2 personnes,Täsch - Valais
27/08/2024,12/10/2024,19/10/2024,557.00,H3L0XF4,30 m² Appartement ∙ 1 chambre ∙ 2 personnes,Täsch - Valais
27/08/2024,19/10/2024,26/10/2024,557.00,H3L0XF4,30 m² Appartement ∙ 1 chambre ∙ 2 personnes,Täsch - Valais
27/08/2024,26/10/2024,02/11/2024,557.00,H3L0XF4,30 m² Appartement ∙ 1 chambre ∙ 2 personnes,Täsch - Valais
27/08/2024,09/11/2024,16/11/2024,584.00,H3L0XF4,30 m² Appartement ∙ 1 chambre ∙ 2 personnes,Täsch - Valais
27/08/2024,16/11/2024,23/11/2024,584.00,H3L0XF4,30 m² Appartement ∙ 1 chambre ∙ 2 personnes,Täsch - Valais
27/08/2024,23/11/2024,30/11/2024,584.00,H3L0XF4,30 m² Appartement ∙ 1 chambre ∙ 2 personnes,Täsch - Valais
27/08/2024,30/11/2024,07/12/2024,584.00,H3L0XF4,30 m² Appartement ∙ 1 chambre ∙ 2 personnes,Täsch - Valais
27/08/2024,07/12/2024,14/12/2024,584.00,H3L0XF4,30 m² Appartement ∙ 1 chambre ∙ 2 personnes,Täsch - Valais
27/08/2024,04/01/2025,11/01/2025,705.00,H3L0XF4,30 m² Appartement ∙ 1 chambre ∙ 2 personnes,Täsch - Valais
27/08/2024,11/01/2025,18/01/2025,705.00,H3L0XF4,30 m² Appartement ∙ 1 chambre ∙ 2 personnes,Täsch - Valais
27/08/2024,18/01/2025,25/01/2025,705.00,H3L0XF4,30 m² Appartement ∙ 1 chambre ∙ 2 personnes,Täsch - Valais
27/08/2024,25/01/2025,01/02/2025,705.00,H3L0XF4,30 m² Appartement ∙ 1 chambre ∙ 2 personnes,Täsch - Valais
27/08/2024,01/02/2025,08/02/2025,728.00,H3L0XF4,30 m² Appartement ∙ 1 chambre ∙ 2 personnes,Täsch - Valais
27/08/2024,08/02/2025,15/02/2025,811.00,H3L0XF4,30 m² Appartement ∙ 1 chambre ∙ 2 personnes,Täsch - Valais
27/08/2024,15/02/2025,22/02/2025,811.00,H3L0XF4,30 m² Appartement ∙ 1 chambre ∙ 2 personnes,Täsch - Valais
27/08/2024,22/02/2025,01/03/2025,811.00,H3L0XF4,30 m² Appartement ∙ 1 chambre ∙ 2 personnes,Täsch - Valais
27/08/2024,08/03/2025,15/03/2025,787.00,H3L0XF4,30 m² Appartement ∙ 1 chambre ∙ 2 personnes,Täsch - Valais
27/08/2024,15/03/2025,22/03/2025,705.00,H3L0XF4,30 m² Appartement ∙ 1 chambre ∙ 2 personnes,Täsch - Valais
27/08/2024,22/03/2025,29/03/2025,705.00,H3L0XF4,30 m² Appartement ∙ 1 chambre ∙ 2 personnes,Täsch - Valais
27/08/2024,29/03/2025,05/04/2025,728.00,H3L0XF4,30 m² Appartement ∙ 1 chambre ∙ 2 personnes,Täsch - Valais
27/08/2024,05/04/2025,12/04/2025,728.00,H3L0XF4,30 m² Appartement ∙ 1 chambre ∙ 2 personnes,Täsch - Valais
27/08/2024,12/04/2025,19/04/2025,728.00,H3L0XF4,30 m² Appartement ∙ 1 chambre ∙ 2 personnes,Täsch - Valais
27/08/2024,19/04/2025,26/04/2025,728.00,H3L0XF4,30 m² Appartement ∙ 1 chambre ∙ 2 personnes,Täsch - Valais
27/08/2024,26/04/2025,03/05/2025,584.00,H3L0XF4,30 m² Appartement ∙ 1 chambre ∙ 2 personnes,Täsch - Valais
27/08/2024,03/05/2025,10/05/2025,584.00,H3L0XF4,30 m² Appartement ∙ 1 chambre ∙ 2 personnes,Täsch - Valais
27/08/2024,10/05/2025,17/05/2025,584.00,H3L0XF4,30 m² Appartement ∙ 1 chambre ∙ 2 personnes,Täsch - Valais
27/08/2024,28/09/2024,05/10/2024,518.40,H3WTLV1,Appartement ∙ 1 chambre ∙ 3 personnes,Grächen - Valais
27/08/2024,05/10/2024,12/10/2024,518.40,H3WTLV1,Appartement ∙ 1 chambre ∙ 3 personnes,Grächen - Valais
27/08/2024,12/10/2024,19/10/2024,518.40,H3WTLV1,Appartement ∙ 1 chambre ∙ 3 personnes,Grächen - Valais
27/08/2024,19/10/2024,26/10/2024,518.40,H3WTLV1,Appartement ∙ 1 chambre ∙ 3 personnes,Grächen - Valais
27/08/2024,26/10/2024,02/11/2024,518.40,H3WTLV1,Appartement ∙ 1 chambre ∙ 3 personnes,Grächen - Valais
27/08/2024,02/11/2024,09/11/2024,518.40,H3WTLV1,Appartement ∙ 1 chambre ∙ 3 personnes,Grächen - Valais
27/08/2024,09/11/2024,16/11/2024,518.40,H3WTLV1,Appartement ∙ 1 chambre ∙ 3 personnes,Grächen - Valais
27/08/2024,16/11/2024,23/11/2024,518.40,H3WTLV1,Appartement ∙ 1 chambre ∙ 3 personnes,Grächen - Valais
27/08/2024,23/11/2024,30/11/2024,518.40,H3WTLV1,Appartement ∙ 1 chambre ∙ 3 personnes,Grächen - Valais
27/08/2024,30/11/2024,07/12/2024,518.40,H3WTLV1,Appartement ∙ 1 chambre ∙ 3 personnes,Grächen - Valais
27/08/2024,07/12/2024,14/12/2024,518.40,H3WTLV1,Appartement ∙ 1 chambre ∙ 3 personnes,Grächen - Valais
27/08/2024,14/09/2024,21/09/2024,998.43,HDXK2LB,43 m² Appartement ∙ 2 chambres ∙ 4 personnes,Saas Fee - Valais
27/08/2024,21/09/2024,28/09/2024,998.43,HDXK2LB,43 m² Appartement ∙ 2 chambres ∙ 4 personnes,Saas Fee - Valais
27/08/2024,28/09/2024,05/10/2024,998.43,HDXK2LB,43 m² Appartement ∙ 2 chambres ∙ 4 personnes,Saas Fee - Valais
27/08/2024,05/10/2024,12/10/2024,998.43,HDXK2LB,43 m² Appartement ∙ 2 chambres ∙ 4 personnes,Saas Fee - Valais
27/08/2024,12/10/2024,19/10/2024,998.43,HDXK2LB,43 m² Appartement ∙ 2 chambres ∙ 4 personnes,Saas Fee - Valais
27/08/2024,19/10/2024,26/10/2024,998.43,HDXK2LB,43 m² Appartement ∙ 2 chambres ∙ 4 personnes,Saas Fee - Valais
27/08/2024,30/11/2024,07/12/2024,1079.93,HDXK2LB,43 m² Appartement ∙ 2 chambres ∙ 4 personnes,Saas Fee - Valais
27/08/2024,07/12/2024,14/12/2024,1061.82,HDXK2LB,43 m² Appartement ∙ 2 chambres ∙ 4 personnes,Saas Fee - Valais
27/08/2024,14/12/2024,21/12/2024,1188.60,HDXK2LB,43 m² Appartement ∙ 2 chambres ∙ 4 personnes,Saas Fee - Valais
27/08/2024,04/01/2025,11/01/2025,1061.82,HDXK2LB,43 m² Appartement ∙ 2 chambres ∙ 4 personnes,Saas Fee - Valais
27/08/2024,11/01/2025,18/01/2025,1061.82,HDXK2LB,43 m² Appartement ∙ 2 chambres ∙ 4 personnes,Saas Fee - Valais
27/08/2024,18/01/2025,25/01/2025,1061.82,HDXK2LB,43 m² Appartement ∙ 2 chambres ∙ 4 personnes,Saas Fee - Valais
27/08/2024,22/03/2025,29/03/2025,1188.60,HDXK2LB,43 m² Appartement ∙ 2 chambres ∙ 4 personnes,Saas Fee - Valais
27/08/2024,29/03/2025,05/04/2025,1188.60,HDXK2LB,43 m² Appartement ∙ 2 chambres ∙ 4 personnes,Saas Fee - Valais
27/08/2024,05/04/2025,12/04/2025,1188.60,HDXK2LB,43 m² Appartement ∙ 2 chambres ∙ 4 personnes,Saas Fee - Valais
27/08/2024,12/04/2025,19/04/2025,1188.60,HDXK2LB,43 m² Appartement ∙ 2 chambres ∙ 4 personnes,Saas Fee - Valais
27/08/2024,19/04/2025,26/04/2025,1188.60,HDXK2LB,43 m² Appartement ∙ 2 chambres ∙ 4 personnes,Saas Fee - Valais
27/08/2024,21/09/2024,28/09/2024,604.00,H1KZR5P,50 m² Appartement ∙ 1 chambre ∙ 2 personnes,Crans-Montana - Valais
27/08/2024,19/10/2024,26/10/2024,604.00,H1KZR5P,50 m² Appartement ∙ 1 chambre ∙ 2 personnes,Crans-Montana - Valais
27/08/2024,26/10/2024,02/11/2024,604.00,H1KZR5P,50 m² Appartement ∙ 1 chambre ∙ 2 personnes,Crans-Montana - Valais
27/08/2024,02/11/2024,09/11/2024,632.00,H1KZR5P,50 m² Appartement ∙ 1 chambre ∙ 2 personnes,Crans-Montana - Valais
27/08/2024,09/11/2024,16/11/2024,632.00,H1KZR5P,50 m² Appartement ∙ 1 chambre ∙ 2 personnes,Crans-Montana - Valais
27/08/2024,16/11/2024,23/11/2024,632.00,H1KZR5P,50 m² Appartement ∙ 1 chambre ∙ 2 personnes,Crans-Montana - Valais
27/08/2024,23/11/2024,30/11/2024,632.00,H1KZR5P,50 m² Appartement ∙ 1 chambre ∙ 2 personnes,Crans-Montana - Valais
27/08/2024,30/11/2024,07/12/2024,632.00,H1KZR5P,50 m² Appartement ∙ 1 chambre ∙ 2 personnes,Crans-Montana - Valais
27/08/2024,07/12/2024,14/12/2024,632.00,H1KZR5P,50 m² Appartement ∙ 1 chambre ∙ 2 personnes,Crans-Montana - Valais
27/08/2024,14/12/2024,21/12/2024,632.00,H1KZR5P,50 m² Appartement ∙ 1 chambre ∙ 2 personnes,Crans-Montana - Valais
27/08/2024,21/12/2024,28/12/2024,1367.00,H1KZR5P,50 m² Appartement ∙ 1 chambre ∙ 2 personnes,Crans-Montana - Valais
27/08/2024,28/12/2024,04/01/2025,1767.00,H1KZR5P,50 m² Appartement ∙ 1 chambre ∙ 2 personnes,Crans-Montana - Valais
27/08/2024,25/01/2025,01/02/2025,836.00,H1KZR5P,50 m² Appartement ∙ 1 chambre ∙ 2 personnes,Crans-Montana - Valais
27/08/2024,01/02/2025,08/02/2025,867.00,H1KZR5P,50 m² Appartement ∙ 1 chambre ∙ 2 personnes,Crans-Montana - Valais
27/08/2024,08/02/2025,15/02/2025,1153.00,H1KZR5P,50 m² Appartement ∙ 1 chambre ∙ 2 personnes,Crans-Montana - Valais
27/08/2024,15/02/2025,22/02/2025,1367.00,H1KZR5P,50 m² Appartement ∙ 1 chambre ∙ 2 personnes,Crans-Montana - Valais
27/08/2024,22/02/2025,01/03/2025,1367.00,H1KZR5P,50 m² Appartement ∙ 1 chambre ∙ 2 personnes,Crans-Montana - Valais
27/08/2024,01/03/2025,08/03/2025,1153.00,H1KZR5P,50 m² Appartement ∙ 1 chambre ∙ 2 personnes,Crans-Montana - Valais
27/08/2024,08/03/2025,15/03/2025,632.00,H1KZR5P,50 m² Appartement ∙ 1 chambre ∙ 2 personnes,Crans-Montana - Valais
27/08/2024,15/03/2025,22/03/2025,632.00,H1KZR5P,50 m² Appartement ∙ 1 chambre ∙ 2 personnes,Crans-Montana - Valais
27/08/2024,22/03/2025,29/03/2025,632.00,H1KZR5P,50 m² Appartement ∙ 1 chambre ∙ 2 personnes,Crans-Montana - Valais
27/08/2024,30/11/2024,07/12/2024,939.00,HHBMGD8,58 m² Appartement ∙ 2 chambres ∙ 5 personnes,Nendaz - Valais
27/08/2024,07/12/2024,14/12/2024,939.00,HHBMGD8,58 m² Appartement ∙ 2 chambres ∙ 5 personnes,Nendaz - Valais
27/08/2024,14/12/2024,21/12/2024,939.00,HHBMGD8,58 m² Appartement ∙ 2 chambres ∙ 5 personnes,Nendaz - Valais
27/08/2024,21/12/2024,28/12/2024,2081.00,HHBMGD8,58 m² Appartement ∙ 2 chambres ∙ 5 personnes,Nendaz - Valais
27/08/2024,04/01/2025,11/01/2025,1387.00,HHBMGD8,58 m² Appartement ∙ 2 chambres ∙ 5 personnes,Nendaz - Valais
27/08/2024,11/01/2025,18/01/2025,1387.00,HHBMGD8,58 m² Appartement ∙ 2 chambres ∙ 5 personnes,Nendaz - Valais
27/08/2024,18/01/2025,25/01/2025,1387.00,HHBMGD8,58 m² Appartement ∙ 2 chambres ∙ 5 personnes,Nendaz - Valais
27/08/2024,25/01/2025,01/02/2025,1493.00,HHBMGD8,58 m² Appartement ∙ 2 chambres ∙ 5 personnes,Nendaz - Valais
27/08/2024,01/02/2025,08/02/2025,1773.00,HHBMGD8,58 m² Appartement ∙ 2 chambres ∙ 5 personnes,Nendaz - Valais
27/08/2024,08/02/2025,15/02/2025,1773.00,HHBMGD8,58 m² Appartement ∙ 2 chambres ∙ 5 personnes,Nendaz - Valais
27/08/2024,22/02/2025,01/03/2025,2213.00,HHBMGD8,58 m² Appartement ∙ 2 chambres ∙ 5 personnes,Nendaz - Valais
27/08/2024,01/03/2025,08/03/2025,2213.00,HHBMGD8,58 m² Appartement ∙ 2 chambres ∙ 5 personnes,Nendaz - Valais
27/08/2024,15/03/2025,22/03/2025,939.00,HHBMGD8,58 m² Appartement ∙ 2 chambres ∙ 5 personnes,Nendaz - Valais
27/08/2024,22/03/2025,29/03/2025,939.00,HHBMGD8,58 m² Appartement ∙ 2 chambres ∙ 5 personnes,Nendaz - Valais
27/08/2024,29/03/2025,05/04/2025,939.00,HHBMGD8,58 m² Appartement ∙ 2 chambres ∙ 5 personnes,Nendaz - Valais
27/08/2024,05/04/2025,12/04/2025,939.00,HHBMGD8,58 m² Appartement ∙ 2 chambres ∙ 5 personnes,Nendaz - Valais
27/08/2024,12/04/2025,19/04/2025,1387.00,HHBMGD8,58 m² Appartement ∙ 2 chambres ∙ 5 personnes,Nendaz - Valais
27/08/2024,05/10/2024,12/10/2024,847.88,H0NFMBG,63 m² Appartement ∙ 1 chambre ∙ 4 personnes,Saas Fee - Valais
27/08/2024,12/10/2024,19/10/2024,847.88,H0NFMBG,63 m² Appartement ∙ 1 chambre ∙ 4 personnes,Saas Fee - Valais
27/08/2024,19/10/2024,26/10/2024,847.88,H0NFMBG,63 m² Appartement ∙ 1 chambre ∙ 4 personnes,Saas Fee - Valais
27/08/2024,14/12/2024,21/12/2024,1038.05,H0NFMBG,63 m² Appartement ∙ 1 chambre ∙ 4 personnes,Saas Fee - Valais
27/08/2024,11/01/2025,18/01/2025,958.81,H0NFMBG,63 m² Appartement ∙ 1 chambre ∙ 4 personnes,Saas Fee - Valais
27/08/2024,18/01/2025,25/01/2025,1038.05,H0NFMBG,63 m² Appartement ∙ 1 chambre ∙ 4 personnes,Saas Fee - Valais
27/08/2024,25/01/2025,01/02/2025,1109.36,H0NFMBG,63 m² Appartement ∙ 1 chambre ∙ 4 personnes,Saas Fee - Valais
27/08/2024,29/03/2025,05/04/2025,1038.05,H0NFMBG,63 m² Appartement ∙ 1 chambre ∙ 4 personnes,Saas Fee - Valais
27/08/2024,31/08/2024,07/09/2024,613.46,H5KF3BZ,Studio ∙ 1 chambre ∙ 2 personnes,Saint-Luc - Valais
27/08/2024,07/09/2024,14/09/2024,613.46,H5KF3BZ,Studio ∙ 1 chambre ∙ 2 personnes,Saint-Luc - Valais
27/08/2024,14/09/2024,21/09/2024,613.46,H5KF3BZ,Studio ∙ 1 chambre ∙ 2 personnes,Saint-Luc - Valais
27/08/2024,21/09/2024,28/09/2024,613.46,H5KF3BZ,Studio ∙ 1 chambre ∙ 2 personnes,Saint-Luc - Valais
27/08/2024,28/09/2024,05/10/2024,613.46,H5KF3BZ,Studio ∙ 1 chambre ∙ 2 personnes,Saint-Luc - Valais
27/08/2024,05/10/2024,12/10/2024,613.46,H5KF3BZ,Studio ∙ 1 chambre ∙ 2 personnes,Saint-Luc - Valais
27/08/2024,12/10/2024,19/10/2024,613.46,H5KF3BZ,Studio ∙ 1 chambre ∙ 2 personnes,Saint-Luc - Valais
27/08/2024,19/10/2024,26/10/2024,613.46,H5KF3BZ,Studio ∙ 1 chambre ∙ 2 personnes,Saint-Luc - Valais
27/08/2024,26/10/2024,02/11/2024,613.46,H5KF3BZ,Studio ∙ 1 chambre ∙ 2 personnes,Saint-Luc - Valais
27/08/2024,02/11/2024,09/11/2024,613.46,H5KF3BZ,Studio ∙ 1 chambre ∙ 2 personnes,Saint-Luc - Valais
27/08/2024,09/11/2024,16/11/2024,613.46,H5KF3BZ,Studio ∙ 1 chambre ∙ 2 personnes,Saint-Luc - Valais
27/08/2024,16/11/2024,23/11/2024,613.46,H5KF3BZ,Studio ∙ 1 chambre ∙ 2 personnes,Saint-Luc - Valais
27/08/2024,23/11/2024,30/11/2024,613.46,H5KF3BZ,Studio ∙ 1 chambre ∙ 2 personnes,Saint-Luc - Valais
27/08/2024,30/11/2024,07/12/2024,630.00,H5KF3BZ,Studio ∙ 1 chambre ∙ 2 personnes,Saint-Luc - Valais
27/08/2024,07/12/2024,14/12/2024,643.78,H5KF3BZ,Studio ∙ 1 chambre ∙ 2 personnes,Saint-Luc - Valais
27/08/2024,14/12/2024,21/12/2024,904.87,H5KF3BZ,Studio ∙ 1 chambre ∙ 2 personnes,Saint-Luc - Valais
27/08/2024,21/12/2024,28/12/2024,1592.58,H5KF3BZ,Studio ∙ 1 chambre ∙ 2 personnes,Saint-Luc - Valais
27/08/2024,28/12/2024,04/01/2025,1592.58,H5KF3BZ,Studio ∙ 1 chambre ∙ 2 personnes,Saint-Luc - Valais
27/08/2024,04/01/2025,11/01/2025,1592.58,H5KF3BZ,Studio ∙ 1 chambre ∙ 2 personnes,Saint-Luc - Valais
27/08/2024,11/01/2025,18/01/2025,928.66,H5KF3BZ,Studio ∙ 1 chambre ∙ 2 personnes,Saint-Luc - Valais
27/08/2024,18/01/2025,25/01/2025,1010.36,H5KF3BZ,Studio ∙ 1 chambre ∙ 2 personnes,Saint-Luc - Valais
27/08/2024,25/01/2025,01/02/2025,1226.50,H5KF3BZ,Studio ∙ 1 chambre ∙ 2 personnes,Saint-Luc - Valais
27/08/2024,01/02/2025,08/02/2025,1522.26,H5KF3BZ,Studio ∙ 1 chambre ∙ 2 personnes,Saint-Luc - Valais
27/08/2024,08/02/2025,15/02/2025,1579.13,H5KF3BZ,Studio ∙ 1 chambre ∙ 2 personnes,Saint-Luc - Valais
27/08/2024,15/02/2025,22/02/2025,1592.58,H5KF3BZ,Studio ∙ 1 chambre ∙ 2 personnes,Saint-Luc - Valais
27/08/2024,22/02/2025,01/03/2025,1592.58,H5KF3BZ,Studio ∙ 1 chambre ∙ 2 personnes,Saint-Luc - Valais
27/08/2024,01/03/2025,08/03/2025,1592.58,H5KF3BZ,Studio ∙ 1 chambre ∙ 2 personnes,Saint-Luc - Valais
27/08/2024,08/03/2025,15/03/2025,1195.47,H5KF3BZ,Studio ∙ 1 chambre ∙ 2 personnes,Saint-Luc - Valais
27/08/2024,15/03/2025,22/03/2025,1213.05,H5KF3BZ,Studio ∙ 1 chambre ∙ 2 personnes,Saint-Luc - Valais
27/08/2024,22/03/2025,29/03/2025,1011.39,H5KF3BZ,Studio ∙ 1 chambre ∙ 2 personnes,Saint-Luc - Valais
27/08/2024,29/03/2025,05/04/2025,1096.19,H5KF3BZ,Studio ∙ 1 chambre ∙ 2 personnes,Saint-Luc - Valais
27/08/2024,05/04/2025,12/04/2025,1091.02,H5KF3BZ,Studio ∙ 1 chambre ∙ 2 personnes,Saint-Luc - Valais
27/08/2024,12/04/2025,19/04/2025,1221.32,H5KF3BZ,Studio ∙ 1 chambre ∙ 2 personnes,Saint-Luc - Valais
27/08/2024,19/04/2025,26/04/2025,1028.97,H5KF3BZ,Studio ∙ 1 chambre ∙ 2 personnes,Saint-Luc - Valais
27/08/2024,26/04/2025,03/05/2025,898.67,H5KF3BZ,Studio ∙ 1 chambre ∙ 2 personnes,Saint-Luc - Valais
27/08/2024,03/05/2025,10/05/2025,835.58,H5KF3BZ,Studio ∙ 1 chambre ∙ 2 personnes,Saint-Luc - Valais
27/08/2024,10/05/2025,17/05/2025,808.69,H5KF3BZ,Studio ∙ 1 chambre ∙ 2 personnes,Saint-Luc - Valais
27/08/2024,21/09/2024,28/09/2024,390.37,HU3H6R4,45 m² Maison de vacances ∙ 2 chambres ∙ 6 personnes,Saas-Balen - Valais
27/08/2024,12/10/2024,19/10/2024,433.75,HU3H6R4,45 m² Maison de vacances ∙ 2 chambres ∙ 6 personnes,Saas-Balen - Valais
27/08/2024,19/10/2024,26/10/2024,433.75,HU3H6R4,45 m² Maison de vacances ∙ 2 chambres ∙ 6 personnes,Saas-Balen - Valais
27/08/2024,14/12/2024,21/12/2024,433.75,HU3H6R4,45 m² Maison de vacances ∙ 2 chambres ∙ 6 personnes,Saas-Balen - Valais
27/08/2024,21/12/2024,28/12/2024,1171.98,HU3H6R4,45 m² Maison de vacances ∙ 2 chambres ∙ 6 personnes,Saas-Balen - Valais
27/08/2024,28/12/2024,04/01/2025,1479.20,HU3H6R4,45 m² Maison de vacances ∙ 2 chambres ∙ 6 personnes,Saas-Balen - Valais
27/08/2024,04/01/2025,11/01/2025,443.76,HU3H6R4,45 m² Maison de vacances ∙ 2 chambres ∙ 6 personnes,Saas-Balen - Valais
27/08/2024,11/01/2025,18/01/2025,443.76,HU3H6R4,45 m² Maison de vacances ∙ 2 chambres ∙ 6 personnes,Saas-Balen - Valais
27/08/2024,25/01/2025,01/02/2025,443.76,HU3H6R4,45 m² Maison de vacances ∙ 2 chambres ∙ 6 personnes,Saas-Balen - Valais
27/08/2024,01/02/2025,08/02/2025,750.98,HU3H6R4,45 m² Maison de vacances ∙ 2 chambres ∙ 6 personnes,Saas-Balen - Valais
27/08/2024,08/02/2025,15/02/2025,750.98,HU3H6R4,45 m² Maison de vacances ∙ 2 chambres ∙ 6 personnes,Saas-Balen - Valais
27/08/2024,15/02/2025,22/02/2025,1171.98,HU3H6R4,45 m² Maison de vacances ∙ 2 chambres ∙ 6 personnes,Saas-Balen - Valais
27/08/2024,22/02/2025,01/03/2025,1171.98,HU3H6R4,45 m² Maison de vacances ∙ 2 chambres ∙ 6 personnes,Saas-Balen - Valais
27/08/2024,01/03/2025,08/03/2025,1228.87,HU3H6R4,45 m² Maison de vacances ∙ 2 chambres ∙ 6 personnes,Saas-Balen - Valais
27/08/2024,08/03/2025,15/03/2025,750.98,HU3H6R4,45 m² Maison de vacances ∙ 2 chambres ∙ 6 personnes,Saas-Balen - Valais
27/08/2024,15/03/2025,22/03/2025,443.76,HU3H6R4,45 m² Maison de vacances ∙ 2 chambres ∙ 6 personnes,Saas-Balen - Valais
27/08/2024,22/03/2025,29/03/2025,443.76,HU3H6R4,45 m² Maison de vacances ∙ 2 chambres ∙ 6 personnes,Saas-Balen - Valais
27/08/2024,29/03/2025,05/04/2025,443.76,HU3H6R4,45 m² Maison de vacances ∙ 2 chambres ∙ 6 personnes,Saas-Balen - Valais
27/08/2024,05/04/2025,12/04/2025,443.76,HU3H6R4,45 m² Maison de vacances ∙ 2 chambres ∙ 6 personnes,Saas-Balen - Valais
27/08/2024,12/04/2025,19/04/2025,443.76,HU3H6R4,45 m² Maison de vacances ∙ 2 chambres ∙ 6 personnes,Saas-Balen - Valais
27/08/2024,19/04/2025,26/04/2025,443.76,HU3H6R4,45 m² Maison de vacances ∙ 2 chambres ∙ 6 personnes,Saas-Balen - Valais
27/08/2024,21/09/2024,28/09/2024,2021.00,HRB94VZ,120 m² Appartement ∙ 3 chambres ∙ 6 personnes,Zermatt - Valais
27/08/2024,28/09/2024,05/10/2024,2021.00,HRB94VZ,120 m² Appartement ∙ 3 chambres ∙ 6 personnes,Zermatt - Valais
27/08/2024,05/10/2024,12/10/2024,2021.00,HRB94VZ,120 m² Appartement ∙ 3 chambres ∙ 6 personnes,Zermatt - Valais
27/08/2024,26/10/2024,02/11/2024,2021.00,HRB94VZ,120 m² Appartement ∙ 3 chambres ∙ 6 personnes,Zermatt - Valais
27/08/2024,02/11/2024,09/11/2024,2049.00,HRB94VZ,120 m² Appartement ∙ 3 chambres ∙ 6 personnes,Zermatt - Valais
27/08/2024,16/11/2024,23/11/2024,2049.00,HRB94VZ,120 m² Appartement ∙ 3 chambres ∙ 6 personnes,Zermatt - Valais
27/08/2024,23/11/2024,30/11/2024,2049.00,HRB94VZ,120 m² Appartement ∙ 3 chambres ∙ 6 personnes,Zermatt - Valais
27/08/2024,30/11/2024,07/12/2024,2049.00,HRB94VZ,120 m² Appartement ∙ 3 chambres ∙ 6 personnes,Zermatt - Valais
27/08/2024,08/02/2025,15/02/2025,4066.00,HRB94VZ,120 m² Appartement ∙ 3 chambres ∙ 6 personnes,Zermatt - Valais
27/08/2024,07/09/2024,14/09/2024,679.78,HYW16MT,80 m² Appartement ∙ 3 chambres ∙ 6 personnes,Saas-Almagell - Valais
27/08/2024,14/09/2024,21/09/2024,679.78,HYW16MT,80 m² Appartement ∙ 3 chambres ∙ 6 personnes,Saas-Almagell - Valais
27/08/2024,21/09/2024,28/09/2024,679.78,HYW16MT,80 m² Appartement ∙ 3 chambres ∙ 6 personnes,Saas-Almagell - Valais
27/08/2024,28/09/2024,05/10/2024,679.78,HYW16MT,80 m² Appartement ∙ 3 chambres ∙ 6 personnes,Saas-Almagell - Valais
27/08/2024,05/10/2024,12/10/2024,679.78,HYW16MT,80 m² Appartement ∙ 3 chambres ∙ 6 personnes,Saas-Almagell - Valais
27/08/2024,12/10/2024,19/10/2024,679.78,HYW16MT,80 m² Appartement ∙ 3 chambres ∙ 6 personnes,Saas-Almagell - Valais
27/08/2024,19/10/2024,26/10/2024,679.78,HYW16MT,80 m² Appartement ∙ 3 chambres ∙ 6 personnes,Saas-Almagell - Valais
27/08/2024,26/10/2024,02/11/2024,679.78,HYW16MT,80 m² Appartement ∙ 3 chambres ∙ 6 personnes,Saas-Almagell - Valais
27/08/2024,02/11/2024,09/11/2024,679.78,HYW16MT,80 m² Appartement ∙ 3 chambres ∙ 6 personnes,Saas-Almagell - Valais
27/08/2024,09/11/2024,16/11/2024,679.78,HYW16MT,80 m² Appartement ∙ 3 chambres ∙ 6 personnes,Saas-Almagell - Valais
27/08/2024,16/11/2024,23/11/2024,679.78,HYW16MT,80 m² Appartement ∙ 3 chambres ∙ 6 personnes,Saas-Almagell - Valais
27/08/2024,23/11/2024,30/11/2024,679.78,HYW16MT,80 m² Appartement ∙ 3 chambres ∙ 6 personnes,Saas-Almagell - Valais
27/08/2024,30/11/2024,07/12/2024,679.78,HYW16MT,80 m² Appartement ∙ 3 chambres ∙ 6 personnes,Saas-Almagell - Valais
27/08/2024,07/12/2024,14/12/2024,679.78,HYW16MT,80 m² Appartement ∙ 3 chambres ∙ 6 personnes,Saas-Almagell - Valais
27/08/2024,14/12/2024,21/12/2024,679.78,HYW16MT,80 m² Appartement ∙ 3 chambres ∙ 6 personnes,Saas-Almagell - Valais
27/08/2024,11/01/2025,18/01/2025,679.78,HYW16MT,80 m² Appartement ∙ 3 chambres ∙ 6 personnes,Saas-Almagell - Valais
27/08/2024,18/01/2025,25/01/2025,679.78,HYW16MT,80 m² Appartement ∙ 3 chambres ∙ 6 personnes,Saas-Almagell - Valais
27/08/2024,01/02/2025,08/02/2025,1132.97,HYW16MT,80 m² Appartement ∙ 3 chambres ∙ 6 personnes,Saas-Almagell - Valais
27/08/2024,08/02/2025,15/02/2025,1132.97,HYW16MT,80 m² Appartement ∙ 3 chambres ∙ 6 personnes,Saas-Almagell - Valais
27/08/2024,22/03/2025,29/03/2025,1132.97,HYW16MT,80 m² Appartement ∙ 3 chambres ∙ 6 personnes,Saas-Almagell - Valais
27/08/2024,29/03/2025,05/04/2025,1132.97,HYW16MT,80 m² Appartement ∙ 3 chambres ∙ 6 personnes,Saas-Almagell - Valais
27/08/2024,26/04/2025,03/05/2025,679.78,HYW16MT,80 m² Appartement ∙ 3 chambres ∙ 6 personnes,Saas-Almagell - Valais
27/08/2024,03/05/2025,10/05/2025,679.78,HYW16MT,80 m² Appartement ∙ 3 chambres ∙ 6 personnes,Saas-Almagell - Valais
27/08/2024,10/05/2025,17/05/2025,679.78,HYW16MT,80 m² Appartement ∙ 3 chambres ∙ 6 personnes,Saas-Almagell - Valais
27/08/2024,07/09/2024,14/09/2024,770.00,H14WEXC,30 m² Appartement ∙ 1 chambre ∙ 2 personnes,Verbier - Bagnes - Valais
27/08/2024,14/09/2024,21/09/2024,770.00,H14WEXC,30 m² Appartement ∙ 1 chambre ∙ 2 personnes,Verbier - Bagnes - Valais
27/08/2024,21/09/2024,28/09/2024,770.00,H14WEXC,30 m² Appartement ∙ 1 chambre ∙ 2 personnes,Verbier - Bagnes - Valais
27/08/2024,28/09/2024,05/10/2024,770.00,H14WEXC,30 m² Appartement ∙ 1 chambre ∙ 2 personnes,Verbier - Bagnes - Valais
27/08/2024,05/10/2024,12/10/2024,770.00,H14WEXC,30 m² Appartement ∙ 1 chambre ∙ 2 personnes,Verbier - Bagnes - Valais
27/08/2024,12/10/2024,19/10/2024,770.00,H14WEXC,30 m² Appartement ∙ 1 chambre ∙ 2 personnes,Verbier - Bagnes - Valais
27/08/2024,19/10/2024,26/10/2024,770.00,H14WEXC,30 m² Appartement ∙ 1 chambre ∙ 2 personnes,Verbier - Bagnes - Valais
27/08/2024,26/10/2024,02/11/2024,770.00,H14WEXC,30 m² Appartement ∙ 1 chambre ∙ 2 personnes,Verbier - Bagnes - Valais
27/08/2024,02/11/2024,09/11/2024,797.00,H14WEXC,30 m² Appartement ∙ 1 chambre ∙ 2 personnes,Verbier - Bagnes - Valais
27/08/2024,09/11/2024,16/11/2024,797.00,H14WEXC,30 m² Appartement ∙ 1 chambre ∙ 2 personnes,Verbier - Bagnes - Valais
27/08/2024,16/11/2024,23/11/2024,797.00,H14WEXC,30 m² Appartement ∙ 1 chambre ∙ 2 personnes,Verbier - Bagnes - Valais
27/08/2024,23/11/2024,30/11/2024,797.00,H14WEXC,30 m² Appartement ∙ 1 chambre ∙ 2 personnes,Verbier - Bagnes - Valais
27/08/2024,30/11/2024,07/12/2024,797.00,H14WEXC,30 m² Appartement ∙ 1 chambre ∙ 2 personnes,Verbier - Bagnes - Valais
27/08/2024,07/12/2024,14/12/2024,797.00,H14WEXC,30 m² Appartement ∙ 1 chambre ∙ 2 personnes,Verbier - Bagnes - Valais
27/08/2024,14/12/2024,21/12/2024,797.00,H14WEXC,30 m² Appartement ∙ 1 chambre ∙ 2 personnes,Verbier - Bagnes - Valais
27/08/2024,21/12/2024,28/12/2024,1275.00,H14WEXC,30 m² Appartement ∙ 1 chambre ∙ 2 personnes,Verbier - Bagnes - Valais
27/08/2024,15/02/2025,22/02/2025,1442.00,H14WEXC,30 m² Appartement ∙ 1 chambre ∙ 2 personnes,Verbier - Bagnes - Valais
27/08/2024,22/02/2025,01/03/2025,1442.00,H14WEXC,30 m² Appartement ∙ 1 chambre ∙ 2 personnes,Verbier - Bagnes - Valais
27/08/2024,01/03/2025,08/03/2025,1322.00,H14WEXC,30 m² Appartement ∙ 1 chambre ∙ 2 personnes,Verbier - Bagnes - Valais
27/08/2024,08/03/2025,15/03/2025,1101.00,H14WEXC,30 m² Appartement ∙ 1 chambre ∙ 2 personnes,Verbier - Bagnes - Valais
27/08/2024,29/03/2025,05/04/2025,797.00,H14WEXC,30 m² Appartement ∙ 1 chambre ∙ 2 personnes,Verbier - Bagnes - Valais
27/08/2024,05/04/2025,12/04/2025,797.00,H14WEXC,30 m² Appartement ∙ 1 chambre ∙ 2 personnes,Verbier - Bagnes - Valais
27/08/2024,12/04/2025,19/04/2025,949.00,H14WEXC,30 m² Appartement ∙ 1 chambre ∙ 2 personnes,Verbier - Bagnes - Valais
27/08/2024,19/04/2025,26/04/2025,949.00,H14WEXC,30 m² Appartement ∙ 1 chambre ∙ 2 personnes,Verbier - Bagnes - Valais
27/08/2024,26/04/2025,03/05/2025,797.00,H14WEXC,30 m² Appartement ∙ 1 chambre ∙ 2 personnes,Verbier - Bagnes - Valais
27/08/2024,03/05/2025,10/05/2025,797.00,H14WEXC,30 m² Appartement ∙ 1 chambre ∙ 2 personnes,Verbier - Bagnes - Valais
27/08/2024,10/05/2025,17/05/2025,797.00,H14WEXC,30 m² Appartement ∙ 1 chambre ∙ 2 personnes,Verbier - Bagnes - Valais
27/08/2024,31/08/2024,07/09/2024,2535.49,H9EGFK3,110 m² Appartement ∙ 4 chambres ∙ 8 personnes,Saas Fee - Valais
27/08/2024,07/09/2024,14/09/2024,2535.49,H9EGFK3,110 m² Appartement ∙ 4 chambres ∙ 8 personnes,Saas Fee - Valais
27/08/2024,14/09/2024,21/09/2024,2535.49,H9EGFK3,110 m² Appartement ∙ 4 chambres ∙ 8 personnes,Saas Fee - Valais
27/08/2024,21/09/2024,28/09/2024,2535.49,H9EGFK3,110 m² Appartement ∙ 4 chambres ∙ 8 personnes,Saas Fee - Valais
27/08/2024,28/09/2024,05/10/2024,2535.49,H9EGFK3,110 m² Appartement ∙ 4 chambres ∙ 8 personnes,Saas Fee - Valais
27/08/2024,05/10/2024,12/10/2024,2535.49,H9EGFK3,110 m² Appartement ∙ 4 chambres ∙ 8 personnes,Saas Fee - Valais
27/08/2024,12/10/2024,19/10/2024,2535.49,H9EGFK3,110 m² Appartement ∙ 4 chambres ∙ 8 personnes,Saas Fee - Valais
27/08/2024,19/10/2024,26/10/2024,2535.49,H9EGFK3,110 m² Appartement ∙ 4 chambres ∙ 8 personnes,Saas Fee - Valais
27/08/2024,26/10/2024,02/11/2024,2535.49,H9EGFK3,110 m² Appartement ∙ 4 chambres ∙ 8 personnes,Saas Fee - Valais
27/08/2024,02/11/2024,09/11/2024,2535.49,H9EGFK3,110 m² Appartement ∙ 4 chambres ∙ 8 personnes,Saas Fee - Valais
27/08/2024,09/11/2024,16/11/2024,2535.49,H9EGFK3,110 m² Appartement ∙ 4 chambres ∙ 8 personnes,Saas Fee - Valais
27/08/2024,16/11/2024,23/11/2024,2535.49,H9EGFK3,110 m² Appartement ∙ 4 chambres ∙ 8 personnes,Saas Fee - Valais
27/08/2024,23/11/2024,30/11/2024,2535.49,H9EGFK3,110 m² Appartement ∙ 4 chambres ∙ 8 personnes,Saas Fee - Valais
27/08/2024,30/11/2024,07/12/2024,2535.49,H9EGFK3,110 m² Appartement ∙ 4 chambres ∙ 8 personnes,Saas Fee - Valais
27/08/2024,07/12/2024,14/12/2024,2535.49,H9EGFK3,110 m² Appartement ∙ 4 chambres ∙ 8 personnes,Saas Fee - Valais
27/08/2024,14/12/2024,21/12/2024,2535.49,H9EGFK3,110 m² Appartement ∙ 4 chambres ∙ 8 personnes,Saas Fee - Valais
27/08/2024,04/01/2025,11/01/2025,2535.49,H9EGFK3,110 m² Appartement ∙ 4 chambres ∙ 8 personnes,Saas Fee - Valais
27/08/2024,11/01/2025,18/01/2025,2535.49,H9EGFK3,110 m² Appartement ∙ 4 chambres ∙ 8 personnes,Saas Fee - Valais
27/08/2024,18/01/2025,25/01/2025,2535.49,H9EGFK3,110 m² Appartement ∙ 4 chambres ∙ 8 personnes,Saas Fee - Valais
27/08/2024,25/01/2025,01/02/2025,2535.49,H9EGFK3,110 m² Appartement ∙ 4 chambres ∙ 8 personnes,Saas Fee - Valais
27/08/2024,08/03/2025,15/03/2025,2852.43,H9EGFK3,110 m² Appartement ∙ 4 chambres ∙ 8 personnes,Saas Fee - Valais
27/08/2024,22/03/2025,29/03/2025,2852.43,H9EGFK3,110 m² Appartement ∙ 4 chambres ∙ 8 personnes,Saas Fee - Valais
27/08/2024,29/03/2025,05/04/2025,2852.43,H9EGFK3,110 m² Appartement ∙ 4 chambres ∙ 8 personnes,Saas Fee - Valais
27/08/2024,05/04/2025,12/04/2025,2852.43,H9EGFK3,110 m² Appartement ∙ 4 chambres ∙ 8 personnes,Saas Fee - Valais
27/08/2024,14/09/2024,21/09/2024,783.45,HWPGH61,30 m² Appartement ∙ 1 chambre ∙ 3 personnes,Sion - Valais
27/08/2024,26/10/2024,02/11/2024,690.99,HWPGH61,30 m² Appartement ∙ 1 chambre ∙ 3 personnes,Sion - Valais
27/08/2024,02/11/2024,09/11/2024,659.36,HWPGH61,30 m² Appartement ∙ 1 chambre ∙ 3 personnes,Sion - Valais
27/08/2024,16/11/2024,23/11/2024,580.29,HWPGH61,30 m² Appartement ∙ 1 chambre ∙ 3 personnes,Sion - Valais
27/08/2024,23/11/2024,30/11/2024,614.35,HWPGH61,30 m² Appartement ∙ 1 chambre ∙ 3 personnes,Sion - Valais
27/08/2024,30/11/2024,07/12/2024,609.48,HWPGH61,30 m² Appartement ∙ 1 chambre ∙ 3 personnes,Sion - Valais
27/08/2024,07/12/2024,14/12/2024,624.08,HWPGH61,30 m² Appartement ∙ 1 chambre ∙ 3 personnes,Sion - Valais
27/08/2024,14/12/2024,21/12/2024,779.80,HWPGH61,30 m² Appartement ∙ 1 chambre ∙ 3 personnes,Sion - Valais
27/08/2024,21/12/2024,28/12/2024,1156.93,HWPGH61,30 m² Appartement ∙ 1 chambre ∙ 3 personnes,Sion - Valais
27/08/2024,28/12/2024,04/01/2025,1384.42,HWPGH61,30 m² Appartement ∙ 1 chambre ∙ 3 personnes,Sion - Valais
27/08/2024,25/01/2025,01/02/2025,766.42,HWPGH61,30 m² Appartement ∙ 1 chambre ∙ 3 personnes,Sion - Valais
27/08/2024,01/02/2025,08/02/2025,912.40,HWPGH61,30 m² Appartement ∙ 1 chambre ∙ 3 personnes,Sion - Valais
27/08/2024,08/02/2025,15/02/2025,905.11,HWPGH61,30 m² Appartement ∙ 1 chambre ∙ 3 personnes,Sion - Valais
27/08/2024,15/02/2025,22/02/2025,927.00,HWPGH61,30 m² Appartement ∙ 1 chambre ∙ 3 personnes,Sion - Valais
27/08/2024,22/02/2025,01/03/2025,822.38,HWPGH61,30 m² Appartement ∙ 1 chambre ∙ 3 personnes,Sion - Valais
27/08/2024,01/03/2025,08/03/2025,790.75,HWPGH61,30 m² Appartement ∙ 1 chambre ∙ 3 personnes,Sion - Valais
27/08/2024,08/03/2025,15/03/2025,650.85,HWPGH61,30 m² Appartement ∙ 1 chambre ∙ 3 personnes,Sion - Valais
27/08/2024,15/03/2025,22/03/2025,616.78,HWPGH61,30 m² Appartement ∙ 1 chambre ∙ 3 personnes,Sion - Valais
27/08/2024,22/03/2025,29/03/2025,545.01,HWPGH61,30 m² Appartement ∙ 1 chambre ∙ 3 personnes,Sion - Valais
27/08/2024,29/03/2025,05/04/2025,605.84,HWPGH61,30 m² Appartement ∙ 1 chambre ∙ 3 personnes,Sion - Valais
27/08/2024,05/04/2025,12/04/2025,694.64,HWPGH61,30 m² Appartement ∙ 1 chambre ∙ 3 personnes,Sion - Valais
27/08/2024,12/04/2025,19/04/2025,763.99,HWPGH61,30 m² Appartement ∙ 1 chambre ∙ 3 personnes,Sion - Valais
27/08/2024,19/04/2025,26/04/2025,783.45,HWPGH61,30 m² Appartement ∙ 1 chambre ∙ 3 personnes,Sion - Valais
27/08/2024,26/04/2025,03/05/2025,695.86,HWPGH61,30 m² Appartement ∙ 1 chambre ∙ 3 personnes,Sion - Valais
27/08/2024,03/05/2025,10/05/2025,740.87,HWPGH61,30 m² Appartement ∙ 1 chambre ∙ 3 personnes,Sion - Valais
27/08/2024,10/05/2025,17/05/2025,766.42,HWPGH61,30 m² Appartement ∙ 1 chambre ∙ 3 personnes,Sion - Valais
27/08/2024,14/09/2024,21/09/2024,370.25,HGLRCTU,Appartement ∙ 2 chambres ∙ 4 personnes,Grächen - Valais
27/08/2024,28/09/2024,05/10/2024,370.25,HGLRCTU,Appartement ∙ 2 chambres ∙ 4 personnes,Grächen - Valais
27/08/2024,05/10/2024,12/10/2024,370.25,HGLRCTU,Appartement ∙ 2 chambres ∙ 4 personnes,Grächen - Valais
27/08/2024,12/10/2024,19/10/2024,370.25,HGLRCTU,Appartement ∙ 2 chambres ∙ 4 personnes,Grächen - Valais
27/08/2024,19/10/2024,26/10/2024,370.25,HGLRCTU,Appartement ∙ 2 chambres ∙ 4 personnes,Grächen - Valais
27/08/2024,26/10/2024,02/11/2024,370.25,HGLRCTU,Appartement ∙ 2 chambres ∙ 4 personnes,Grächen - Valais
27/08/2024,02/11/2024,09/11/2024,370.25,HGLRCTU,Appartement ∙ 2 chambres ∙ 4 personnes,Grächen - Valais
27/08/2024,09/11/2024,16/11/2024,370.25,HGLRCTU,Appartement ∙ 2 chambres ∙ 4 personnes,Grächen - Valais
27/08/2024,16/11/2024,23/11/2024,370.25,HGLRCTU,Appartement ∙ 2 chambres ∙ 4 personnes,Grächen - Valais
27/08/2024,23/11/2024,30/11/2024,370.25,HGLRCTU,Appartement ∙ 2 chambres ∙ 4 personnes,Grächen - Valais
27/08/2024,30/11/2024,07/12/2024,370.25,HGLRCTU,Appartement ∙ 2 chambres ∙ 4 personnes,Grächen - Valais
27/08/2024,07/12/2024,14/12/2024,370.25,HGLRCTU,Appartement ∙ 2 chambres ∙ 4 personnes,Grächen - Valais
27/08/2024,11/01/2025,18/01/2025,518.35,HGLRCTU,Appartement ∙ 2 chambres ∙ 4 personnes,Grächen - Valais
27/08/2024,18/01/2025,25/01/2025,518.35,HGLRCTU,Appartement ∙ 2 chambres ∙ 4 personnes,Grächen - Valais
27/08/2024,08/03/2025,15/03/2025,518.35,HGLRCTU,Appartement ∙ 2 chambres ∙ 4 personnes,Grächen - Valais
27/08/2024,15/03/2025,22/03/2025,518.35,HGLRCTU,Appartement ∙ 2 chambres ∙ 4 personnes,Grächen - Valais
27/08/2024,22/03/2025,29/03/2025,518.35,HGLRCTU,Appartement ∙ 2 chambres ∙ 4 personnes,Grächen - Valais
27/08/2024,29/03/2025,05/04/2025,518.35,HGLRCTU,Appartement ∙ 2 chambres ∙ 4 personnes,Grächen - Valais
27/08/2024,05/04/2025,12/04/2025,518.35,HGLRCTU,Appartement ∙ 2 chambres ∙ 4 personnes,Grächen - Valais
27/08/2024,12/04/2025,19/04/2025,740.50,HGLRCTU,Appartement ∙ 2 chambres ∙ 4 personnes,Grächen - Valais
27/08/2024,19/04/2025,26/04/2025,516.24,HGLRCTU,Appartement ∙ 2 chambres ∙ 4 personnes,Grächen - Valais
27/08/2024,26/04/2025,03/05/2025,370.25,HGLRCTU,Appartement ∙ 2 chambres ∙ 4 personnes,Grächen - Valais
27/08/2024,03/05/2025,10/05/2025,370.25,HGLRCTU,Appartement ∙ 2 chambres ∙ 4 personnes,Grächen - Valais
27/08/2024,10/05/2025,17/05/2025,370.25,HGLRCTU,Appartement ∙ 2 chambres ∙ 4 personnes,Grächen - Valais
27/08/2024,14/09/2024,21/09/2024,683.00,HR28N16,35 m² Appartement ∙ 1 chambre ∙ 4 personnes,Nendaz - Valais
27/08/2024,21/09/2024,28/09/2024,683.00,HR28N16,35 m² Appartement ∙ 1 chambre ∙ 4 personnes,Nendaz - Valais
27/08/2024,28/09/2024,05/10/2024,683.00,HR28N16,35 m² Appartement ∙ 1 chambre ∙ 4 personnes,Nendaz - Valais
27/08/2024,05/10/2024,12/10/2024,683.00,HR28N16,35 m² Appartement ∙ 1 chambre ∙ 4 personnes,Nendaz - Valais
27/08/2024,12/10/2024,19/10/2024,683.00,HR28N16,35 m² Appartement ∙ 1 chambre ∙ 4 personnes,Nendaz - Valais
27/08/2024,19/10/2024,26/10/2024,683.00,HR28N16,35 m² Appartement ∙ 1 chambre ∙ 4 personnes,Nendaz - Valais
27/08/2024,26/10/2024,02/11/2024,683.00,HR28N16,35 m² Appartement ∙ 1 chambre ∙ 4 personnes,Nendaz - Valais
27/08/2024,02/11/2024,09/11/2024,710.00,HR28N16,35 m² Appartement ∙ 1 chambre ∙ 4 personnes,Nendaz - Valais
27/08/2024,09/11/2024,16/11/2024,710.00,HR28N16,35 m² Appartement ∙ 1 chambre ∙ 4 personnes,Nendaz - Valais
27/08/2024,16/11/2024,23/11/2024,710.00,HR28N16,35 m² Appartement ∙ 1 chambre ∙ 4 personnes,Nendaz - Valais
27/08/2024,23/11/2024,30/11/2024,710.00,HR28N16,35 m² Appartement ∙ 1 chambre ∙ 4 personnes,Nendaz - Valais
27/08/2024,30/11/2024,07/12/2024,710.00,HR28N16,35 m² Appartement ∙ 1 chambre ∙ 4 personnes,Nendaz - Valais
27/08/2024,07/12/2024,14/12/2024,710.00,HR28N16,35 m² Appartement ∙ 1 chambre ∙ 4 personnes,Nendaz - Valais
27/08/2024,14/12/2024,21/12/2024,710.00,HR28N16,35 m² Appartement ∙ 1 chambre ∙ 4 personnes,Nendaz - Valais
27/08/2024,21/12/2024,28/12/2024,1248.00,HR28N16,35 m² Appartement ∙ 1 chambre ∙ 4 personnes,Nendaz - Valais
27/08/2024,04/01/2025,11/01/2025,942.00,HR28N16,35 m² Appartement ∙ 1 chambre ∙ 4 personnes,Nendaz - Valais
27/08/2024,18/01/2025,25/01/2025,942.00,HR28N16,35 m² Appartement ∙ 1 chambre ∙ 4 personnes,Nendaz - Valais
27/08/2024,25/01/2025,01/02/2025,1028.00,HR28N16,35 m² Appartement ∙ 1 chambre ∙ 4 personnes,Nendaz - Valais
27/08/2024,01/02/2025,08/02/2025,1248.00,HR28N16,35 m² Appartement ∙ 1 chambre ∙ 4 personnes,Nendaz - Valais
27/08/2024,08/02/2025,15/02/2025,1248.00,HR28N16,35 m² Appartement ∙ 1 chambre ∙ 4 personnes,Nendaz - Valais
27/08/2024,15/02/2025,22/02/2025,1590.00,HR28N16,35 m² Appartement ∙ 1 chambre ∙ 4 personnes,Nendaz - Valais
27/08/2024,22/02/2025,01/03/2025,1590.00,HR28N16,35 m² Appartement ∙ 1 chambre ∙ 4 personnes,Nendaz - Valais
27/08/2024,01/03/2025,08/03/2025,1590.00,HR28N16,35 m² Appartement ∙ 1 chambre ∙ 4 personnes,Nendaz - Valais
27/08/2024,08/03/2025,15/03/2025,942.00,HR28N16,35 m² Appartement ∙ 1 chambre ∙ 4 personnes,Nendaz - Valais
27/08/2024,15/03/2025,22/03/2025,710.00,HR28N16,35 m² Appartement ∙ 1 chambre ∙ 4 personnes,Nendaz - Valais
27/08/2024,22/03/2025,29/03/2025,710.00,HR28N16,35 m² Appartement ∙ 1 chambre ∙ 4 personnes,Nendaz - Valais
27/08/2024,29/03/2025,05/04/2025,710.00,HR28N16,35 m² Appartement ∙ 1 chambre ∙ 4 personnes,Nendaz - Valais
27/08/2024,05/04/2025,12/04/2025,710.00,HR28N16,35 m² Appartement ∙ 1 chambre ∙ 4 personnes,Nendaz - Valais
27/08/2024,12/04/2025,19/04/2025,942.00,HR28N16,35 m² Appartement ∙ 1 chambre ∙ 4 personnes,Nendaz - Valais
27/08/2024,19/04/2025,26/04/2025,942.00,HR28N16,35 m² Appartement ∙ 1 chambre ∙ 4 personnes,Nendaz - Valais
27/08/2024,26/04/2025,03/05/2025,710.00,HR28N16,35 m² Appartement ∙ 1 chambre ∙ 4 personnes,Nendaz - Valais
27/08/2024,03/05/2025,10/05/2025,710.00,HR28N16,35 m² Appartement ∙ 1 chambre ∙ 4 personnes,Nendaz - Valais
27/08/2024,10/05/2025,17/05/2025,710.00,HR28N16,35 m² Appartement ∙ 1 chambre ∙ 4 personnes,Nendaz - Valais
27/08/2024,31/08/2024,07/09/2024,1054.00,HDR51X6,63 m² Appartement ∙ 1 chambre ∙ 2 personnes,Loèche-les-Bains - Valais
27/08/2024,07/09/2024,14/09/2024,1054.00,HDR51X6,63 m² Appartement ∙ 1 chambre ∙ 2 personnes,Loèche-les-Bains - Valais
27/08/2024,14/09/2024,21/09/2024,1054.00,HDR51X6,63 m² Appartement ∙ 1 chambre ∙ 2 personnes,Loèche-les-Bains - Valais
27/08/2024,21/09/2024,28/09/2024,897.00,HDR51X6,63 m² Appartement ∙ 1 chambre ∙ 2 personnes,Loèche-les-Bains - Valais
27/08/2024,28/09/2024,05/10/2024,897.00,HDR51X6,63 m² Appartement ∙ 1 chambre ∙ 2 personnes,Loèche-les-Bains - Valais
27/08/2024,05/10/2024,12/10/2024,897.00,HDR51X6,63 m² Appartement ∙ 1 chambre ∙ 2 personnes,Loèche-les-Bains - Valais
27/08/2024,12/10/2024,19/10/2024,897.00,HDR51X6,63 m² Appartement ∙ 1 chambre ∙ 2 personnes,Loèche-les-Bains - Valais
27/08/2024,19/10/2024,26/10/2024,897.00,HDR51X6,63 m² Appartement ∙ 1 chambre ∙ 2 personnes,Loèche-les-Bains - Valais
27/08/2024,26/10/2024,02/11/2024,897.00,HDR51X6,63 m² Appartement ∙ 1 chambre ∙ 2 personnes,Loèche-les-Bains - Valais
27/08/2024,02/11/2024,09/11/2024,897.00,HDR51X6,63 m² Appartement ∙ 1 chambre ∙ 2 personnes,Loèche-les-Bains - Valais
27/08/2024,09/11/2024,16/11/2024,897.00,HDR51X6,63 m² Appartement ∙ 1 chambre ∙ 2 personnes,Loèche-les-Bains - Valais
27/08/2024,16/11/2024,23/11/2024,897.00,HDR51X6,63 m² Appartement ∙ 1 chambre ∙ 2 personnes,Loèche-les-Bains - Valais
27/08/2024,30/11/2024,07/12/2024,897.00,HDR51X6,63 m² Appartement ∙ 1 chambre ∙ 2 personnes,Loèche-les-Bains - Valais
27/08/2024,07/12/2024,14/12/2024,897.00,HDR51X6,63 m² Appartement ∙ 1 chambre ∙ 2 personnes,Loèche-les-Bains - Valais
27/08/2024,14/12/2024,21/12/2024,1054.00,HDR51X6,63 m² Appartement ∙ 1 chambre ∙ 2 personnes,Loèche-les-Bains - Valais
27/08/2024,04/01/2025,11/01/2025,1054.00,HDR51X6,63 m² Appartement ∙ 1 chambre ∙ 2 personnes,Loèche-les-Bains - Valais
27/08/2024,11/01/2025,18/01/2025,1054.00,HDR51X6,63 m² Appartement ∙ 1 chambre ∙ 2 personnes,Loèche-les-Bains - Valais
27/08/2024,18/01/2025,25/01/2025,1054.00,HDR51X6,63 m² Appartement ∙ 1 chambre ∙ 2 personnes,Loèche-les-Bains - Valais
27/08/2024,25/01/2025,01/02/2025,1054.00,HDR51X6,63 m² Appartement ∙ 1 chambre ∙ 2 personnes,Loèche-les-Bains - Valais
27/08/2024,01/02/2025,08/02/2025,1212.00,HDR51X6,63 m² Appartement ∙ 1 chambre ∙ 2 personnes,Loèche-les-Bains - Valais
27/08/2024,01/03/2025,08/03/2025,1212.00,HDR51X6,63 m² Appartement ∙ 1 chambre ∙ 2 personnes,Loèche-les-Bains - Valais
27/08/2024,08/03/2025,15/03/2025,1107.00,HDR51X6,63 m² Appartement ∙ 1 chambre ∙ 2 personnes,Loèche-les-Bains - Valais
27/08/2024,15/03/2025,22/03/2025,1054.00,HDR51X6,63 m² Appartement ∙ 1 chambre ∙ 2 personnes,Loèche-les-Bains - Valais
27/08/2024,22/03/2025,29/03/2025,897.00,HDR51X6,63 m² Appartement ∙ 1 chambre ∙ 2 personnes,Loèche-les-Bains - Valais
27/08/2024,29/03/2025,05/04/2025,897.00,HDR51X6,63 m² Appartement ∙ 1 chambre ∙ 2 personnes,Loèche-les-Bains - Valais
27/08/2024,05/04/2025,12/04/2025,897.00,HDR51X6,63 m² Appartement ∙ 1 chambre ∙ 2 personnes,Loèche-les-Bains - Valais
27/08/2024,12/04/2025,19/04/2025,1054.00,HDR51X6,63 m² Appartement ∙ 1 chambre ∙ 2 personnes,Loèche-les-Bains - Valais
27/08/2024,19/04/2025,26/04/2025,1054.00,HDR51X6,63 m² Appartement ∙ 1 chambre ∙ 2 personnes,Loèche-les-Bains - Valais
27/08/2024,26/04/2025,03/05/2025,897.00,HDR51X6,63 m² Appartement ∙ 1 chambre ∙ 2 personnes,Loèche-les-Bains - Valais
27/08/2024,03/05/2025,10/05/2025,897.00,HDR51X6,63 m² Appartement ∙ 1 chambre ∙ 2 personnes,Loèche-les-Bains - Valais
27/08/2024,10/05/2025,17/05/2025,897.00,HDR51X6,63 m² Appartement ∙ 1 chambre ∙ 2 personnes,Loèche-les-Bains - Valais
27/08/2024,28/09/2024,05/10/2024,666.45,H21C3BJ,45 m² Appartement ∙ 1 chambre ∙ 4 personnes,Loèche-les-Bains - Valais
27/08/2024,19/10/2024,26/10/2024,666.45,H21C3BJ,45 m² Appartement ∙ 1 chambre ∙ 4 personnes,Loèche-les-Bains - Valais
27/08/2024,26/10/2024,02/11/2024,622.02,H21C3BJ,45 m² Appartement ∙ 1 chambre ∙ 4 personnes,Loèche-les-Bains - Valais
27/08/2024,02/11/2024,09/11/2024,622.02,H21C3BJ,45 m² Appartement ∙ 1 chambre ∙ 4 personnes,Loèche-les-Bains - Valais
27/08/2024,09/11/2024,16/11/2024,622.02,H21C3BJ,45 m² Appartement ∙ 1 chambre ∙ 4 personnes,Loèche-les-Bains - Valais
27/08/2024,16/11/2024,23/11/2024,622.02,H21C3BJ,45 m² Appartement ∙ 1 chambre ∙ 4 personnes,Loèche-les-Bains - Valais
27/08/2024,23/11/2024,30/11/2024,622.02,H21C3BJ,45 m² Appartement ∙ 1 chambre ∙ 4 personnes,Loèche-les-Bains - Valais
27/08/2024,30/11/2024,07/12/2024,622.02,H21C3BJ,45 m² Appartement ∙ 1 chambre ∙ 4 personnes,Loèche-les-Bains - Valais
27/08/2024,07/12/2024,14/12/2024,622.02,H21C3BJ,45 m² Appartement ∙ 1 chambre ∙ 4 personnes,Loèche-les-Bains - Valais
27/08/2024,14/12/2024,21/12/2024,622.02,H21C3BJ,45 m² Appartement ∙ 1 chambre ∙ 4 personnes,Loèche-les-Bains - Valais
27/08/2024,04/01/2025,11/01/2025,666.45,H21C3BJ,45 m² Appartement ∙ 1 chambre ∙ 4 personnes,Loèche-les-Bains - Valais
27/08/2024,11/01/2025,18/01/2025,666.45,H21C3BJ,45 m² Appartement ∙ 1 chambre ∙ 4 personnes,Loèche-les-Bains - Valais
27/08/2024,18/01/2025,25/01/2025,666.45,H21C3BJ,45 m² Appartement ∙ 1 chambre ∙ 4 personnes,Loèche-les-Bains - Valais
27/08/2024,25/01/2025,01/02/2025,666.45,H21C3BJ,45 m² Appartement ∙ 1 chambre ∙ 4 personnes,Loèche-les-Bains - Valais
27/08/2024,01/02/2025,08/02/2025,666.45,H21C3BJ,45 m² Appartement ∙ 1 chambre ∙ 4 personnes,Loèche-les-Bains - Valais
27/08/2024,08/03/2025,15/03/2025,666.45,H21C3BJ,45 m² Appartement ∙ 1 chambre ∙ 4 personnes,Loèche-les-Bains - Valais
27/08/2024,15/03/2025,22/03/2025,666.45,H21C3BJ,45 m² Appartement ∙ 1 chambre ∙ 4 personnes,Loèche-les-Bains - Valais
27/08/2024,22/03/2025,29/03/2025,666.45,H21C3BJ,45 m² Appartement ∙ 1 chambre ∙ 4 personnes,Loèche-les-Bains - Valais
27/08/2024,29/03/2025,05/04/2025,666.45,H21C3BJ,45 m² Appartement ∙ 1 chambre ∙ 4 personnes,Loèche-les-Bains - Valais
27/08/2024,05/04/2025,12/04/2025,666.45,H21C3BJ,45 m² Appartement ∙ 1 chambre ∙ 4 personnes,Loèche-les-Bains - Valais
27/08/2024,12/04/2025,19/04/2025,666.45,H21C3BJ,45 m² Appartement ∙ 1 chambre ∙ 4 personnes,Loèche-les-Bains - Valais
27/08/2024,19/04/2025,26/04/2025,666.45,H21C3BJ,45 m² Appartement ∙ 1 chambre ∙ 4 personnes,Loèche-les-Bains - Valais
27/08/2024,26/04/2025,03/05/2025,622.02,H21C3BJ,45 m² Appartement ∙ 1 chambre ∙ 4 personnes,Loèche-les-Bains - Valais
27/08/2024,03/05/2025,10/05/2025,622.02,H21C3BJ,45 m² Appartement ∙ 1 chambre ∙ 4 personnes,Loèche-les-Bains - Valais
27/08/2024,10/05/2025,17/05/2025,622.02,H21C3BJ,45 m² Appartement ∙ 1 chambre ∙ 4 personnes,Loèche-les-Bains - Valais
27/08/2024,31/08/2024,07/09/2024,1426.21,HGT8VB5,90 m² Appartement ∙ 3 chambres ∙ 6 personnes,Saas Fee - Valais
27/08/2024,28/09/2024,05/10/2024,1426.21,HGT8VB5,90 m² Appartement ∙ 3 chambres ∙ 6 personnes,Saas Fee - Valais
27/08/2024,05/10/2024,12/10/2024,1426.21,HGT8VB5,90 m² Appartement ∙ 3 chambres ∙ 6 personnes,Saas Fee - Valais
27/08/2024,12/10/2024,19/10/2024,1426.21,HGT8VB5,90 m² Appartement ∙ 3 chambres ∙ 6 personnes,Saas Fee - Valais
27/08/2024,19/10/2024,26/10/2024,1256.42,HGT8VB5,90 m² Appartement ∙ 3 chambres ∙ 6 personnes,Saas Fee - Valais
27/08/2024,26/10/2024,02/11/2024,1188.51,HGT8VB5,90 m² Appartement ∙ 3 chambres ∙ 6 personnes,Saas Fee - Valais
27/08/2024,02/11/2024,09/11/2024,1188.51,HGT8VB5,90 m² Appartement ∙ 3 chambres ∙ 6 personnes,Saas Fee - Valais
27/08/2024,09/11/2024,16/11/2024,1188.51,HGT8VB5,90 m² Appartement ∙ 3 chambres ∙ 6 personnes,Saas Fee - Valais
27/08/2024,16/11/2024,23/11/2024,1188.51,HGT8VB5,90 m² Appartement ∙ 3 chambres ∙ 6 personnes,Saas Fee - Valais
27/08/2024,23/11/2024,30/11/2024,1188.51,HGT8VB5,90 m² Appartement ∙ 3 chambres ∙ 6 personnes,Saas Fee - Valais
27/08/2024,30/11/2024,07/12/2024,1584.68,HGT8VB5,90 m² Appartement ∙ 3 chambres ∙ 6 personnes,Saas Fee - Valais
27/08/2024,07/12/2024,14/12/2024,1584.68,HGT8VB5,90 m² Appartement ∙ 3 chambres ∙ 6 personnes,Saas Fee - Valais
27/08/2024,14/12/2024,21/12/2024,1584.68,HGT8VB5,90 m² Appartement ∙ 3 chambres ∙ 6 personnes,Saas Fee - Valais
27/08/2024,04/01/2025,11/01/2025,1652.59,HGT8VB5,90 m² Appartement ∙ 3 chambres ∙ 6 personnes,Saas Fee - Valais
27/08/2024,11/01/2025,18/01/2025,1584.68,HGT8VB5,90 m² Appartement ∙ 3 chambres ∙ 6 personnes,Saas Fee - Valais
27/08/2024,18/01/2025,25/01/2025,1584.68,HGT8VB5,90 m² Appartement ∙ 3 chambres ∙ 6 personnes,Saas Fee - Valais
27/08/2024,25/01/2025,01/02/2025,1822.38,HGT8VB5,90 m² Appartement ∙ 3 chambres ∙ 6 personnes,Saas Fee - Valais
27/08/2024,08/03/2025,15/03/2025,1652.59,HGT8VB5,90 m² Appartement ∙ 3 chambres ∙ 6 personnes,Saas Fee - Valais
27/08/2024,15/03/2025,22/03/2025,1584.68,HGT8VB5,90 m² Appartement ∙ 3 chambres ∙ 6 personnes,Saas Fee - Valais
27/08/2024,22/03/2025,29/03/2025,1584.68,HGT8VB5,90 m² Appartement ∙ 3 chambres ∙ 6 personnes,Saas Fee - Valais
27/08/2024,29/03/2025,05/04/2025,1584.68,HGT8VB5,90 m² Appartement ∙ 3 chambres ∙ 6 personnes,Saas Fee - Valais
27/08/2024,05/04/2025,12/04/2025,1584.68,HGT8VB5,90 m² Appartement ∙ 3 chambres ∙ 6 personnes,Saas Fee - Valais
27/08/2024,12/04/2025,19/04/2025,1822.38,HGT8VB5,90 m² Appartement ∙ 3 chambres ∙ 6 personnes,Saas Fee - Valais
27/08/2024,19/04/2025,26/04/2025,1822.38,HGT8VB5,90 m² Appartement ∙ 3 chambres ∙ 6 personnes,Saas Fee - Valais
27/08/2024,26/04/2025,03/05/2025,1369.62,HGT8VB5,90 m² Appartement ∙ 3 chambres ∙ 6 personnes,Saas Fee - Valais
27/08/2024,03/05/2025,10/05/2025,1188.51,HGT8VB5,90 m² Appartement ∙ 3 chambres ∙ 6 personnes,Saas Fee - Valais
27/08/2024,10/05/2025,17/05/2025,1188.51,HGT8VB5,90 m² Appartement ∙ 3 chambres ∙ 6 personnes,Saas Fee - Valais
27/08/2024,07/09/2024,14/09/2024,842.41,H7A092C,106 m² Appartement ∙ 2 chambres ∙ 6 personnes,Loèche-les-Bains - Valais
27/08/2024,14/09/2024,21/09/2024,842.41,H7A092C,106 m² Appartement ∙ 2 chambres ∙ 6 personnes,Loèche-les-Bains - Valais
27/08/2024,21/09/2024,28/09/2024,850.62,H7A092C,106 m² Appartement ∙ 2 chambres ∙ 6 personnes,Loèche-les-Bains - Valais
27/08/2024,28/09/2024,05/10/2024,921.42,H7A092C,106 m² Appartement ∙ 2 chambres ∙ 6 personnes,Loèche-les-Bains - Valais
27/08/2024,05/10/2024,12/10/2024,952.37,H7A092C,106 m² Appartement ∙ 2 chambres ∙ 6 personnes,Loèche-les-Bains - Valais
27/08/2024,12/10/2024,19/10/2024,1010.28,H7A092C,106 m² Appartement ∙ 2 chambres ∙ 6 personnes,Loèche-les-Bains - Valais
27/08/2024,19/10/2024,26/10/2024,1073.35,H7A092C,106 m² Appartement ∙ 2 chambres ∙ 6 personnes,Loèche-les-Bains - Valais
27/08/2024,26/10/2024,02/11/2024,912.05,H7A092C,106 m² Appartement ∙ 2 chambres ∙ 6 personnes,Loèche-les-Bains - Valais
27/08/2024,02/11/2024,09/11/2024,860.89,H7A092C,106 m² Appartement ∙ 2 chambres ∙ 6 personnes,Loèche-les-Bains - Valais
27/08/2024,09/11/2024,16/11/2024,849.99,H7A092C,106 m² Appartement ∙ 2 chambres ∙ 6 personnes,Loèche-les-Bains - Valais
27/08/2024,16/11/2024,23/11/2024,859.85,H7A092C,106 m² Appartement ∙ 2 chambres ∙ 6 personnes,Loèche-les-Bains - Valais
27/08/2024,23/11/2024,30/11/2024,858.27,H7A092C,106 m² Appartement ∙ 2 chambres ∙ 6 personnes,Loèche-les-Bains - Valais
27/08/2024,30/11/2024,07/12/2024,898.12,H7A092C,106 m² Appartement ∙ 2 chambres ∙ 6 personnes,Loèche-les-Bains - Valais
27/08/2024,07/12/2024,14/12/2024,1028.89,H7A092C,106 m² Appartement ∙ 2 chambres ∙ 6 personnes,Loèche-les-Bains - Valais
27/08/2024,14/12/2024,21/12/2024,1394.95,H7A092C,106 m² Appartement ∙ 2 chambres ∙ 6 personnes,Loèche-les-Bains - Valais
27/08/2024,21/12/2024,28/12/2024,2807.48,H7A092C,106 m² Appartement ∙ 2 chambres ∙ 6 personnes,Loèche-les-Bains - Valais
27/08/2024,04/01/2025,11/01/2025,2895.38,H7A092C,106 m² Appartement ∙ 2 chambres ∙ 6 personnes,Loèche-les-Bains - Valais
27/08/2024,11/01/2025,18/01/2025,1416.67,H7A092C,106 m² Appartement ∙ 2 chambres ∙ 6 personnes,Loèche-les-Bains - Valais
27/08/2024,18/01/2025,25/01/2025,1503.52,H7A092C,106 m² Appartement ∙ 2 chambres ∙ 6 personnes,Loèche-les-Bains - Valais
27/08/2024,25/01/2025,01/02/2025,1943.00,H7A092C,106 m² Appartement ∙ 2 chambres ∙ 6 personnes,Loèche-les-Bains - Valais
27/08/2024,08/02/2025,15/02/2025,2771.29,H7A092C,106 m² Appartement ∙ 2 chambres ∙ 6 personnes,Loèche-les-Bains - Valais
27/08/2024,22/02/2025,01/03/2025,2895.38,H7A092C,106 m² Appartement ∙ 2 chambres ∙ 6 personnes,Loèche-les-Bains - Valais
27/08/2024,01/03/2025,08/03/2025,2895.38,H7A092C,106 m² Appartement ∙ 2 chambres ∙ 6 personnes,Loèche-les-Bains - Valais
27/08/2024,08/03/2025,15/03/2025,1590.39,H7A092C,106 m² Appartement ∙ 2 chambres ∙ 6 personnes,Loèche-les-Bains - Valais
27/08/2024,15/03/2025,22/03/2025,1385.64,H7A092C,106 m² Appartement ∙ 2 chambres ∙ 6 personnes,Loèche-les-Bains - Valais
27/08/2024,22/03/2025,29/03/2025,1419.77,H7A092C,106 m² Appartement ∙ 2 chambres ∙ 6 personnes,Loèche-les-Bains - Valais
27/08/2024,29/03/2025,05/04/2025,1304.98,H7A092C,106 m² Appartement ∙ 2 chambres ∙ 6 personnes,Loèche-les-Bains - Valais
27/08/2024,05/04/2025,12/04/2025,1196.41,H7A092C,106 m² Appartement ∙ 2 chambres ∙ 6 personnes,Loèche-les-Bains - Valais
27/08/2024,12/04/2025,19/04/2025,1318.43,H7A092C,106 m² Appartement ∙ 2 chambres ∙ 6 personnes,Loèche-les-Bains - Valais
27/08/2024,19/04/2025,26/04/2025,1234.68,H7A092C,106 m² Appartement ∙ 2 chambres ∙ 6 personnes,Loèche-les-Bains - Valais
27/08/2024,26/04/2025,03/05/2025,1019.59,H7A092C,106 m² Appartement ∙ 2 chambres ∙ 6 personnes,Loèche-les-Bains - Valais
27/08/2024,03/05/2025,10/05/2025,1164.35,H7A092C,106 m² Appartement ∙ 2 chambres ∙ 6 personnes,Loèche-les-Bains - Valais
27/08/2024,10/05/2025,17/05/2025,1066.12,H7A092C,106 m² Appartement ∙ 2 chambres ∙ 6 personnes,Loèche-les-Bains - Valais
27/08/2024,12/10/2024,19/10/2024,1182.00,HVEWR6N,72 m² Appartement ∙ 2 chambres ∙ 6 personnes,Crans-Montana - Valais
27/08/2024,19/10/2024,26/10/2024,1182.00,HVEWR6N,72 m² Appartement ∙ 2 chambres ∙ 6 personnes,Crans-Montana - Valais
27/08/2024,26/10/2024,02/11/2024,1182.00,HVEWR6N,72 m² Appartement ∙ 2 chambres ∙ 6 personnes,Crans-Montana - Valais
27/08/2024,02/11/2024,09/11/2024,1209.00,HVEWR6N,72 m² Appartement ∙ 2 chambres ∙ 6 personnes,Crans-Montana - Valais
27/08/2024,09/11/2024,16/11/2024,1209.00,HVEWR6N,72 m² Appartement ∙ 2 chambres ∙ 6 personnes,Crans-Montana - Valais
27/08/2024,16/11/2024,23/11/2024,1209.00,HVEWR6N,72 m² Appartement ∙ 2 chambres ∙ 6 personnes,Crans-Montana - Valais
27/08/2024,23/11/2024,30/11/2024,1209.00,HVEWR6N,72 m² Appartement ∙ 2 chambres ∙ 6 personnes,Crans-Montana - Valais
27/08/2024,30/11/2024,07/12/2024,1209.00,HVEWR6N,72 m² Appartement ∙ 2 chambres ∙ 6 personnes,Crans-Montana - Valais
27/08/2024,07/12/2024,14/12/2024,1209.00,HVEWR6N,72 m² Appartement ∙ 2 chambres ∙ 6 personnes,Crans-Montana - Valais
27/08/2024,14/12/2024,21/12/2024,1209.00,HVEWR6N,72 m² Appartement ∙ 2 chambres ∙ 6 personnes,Crans-Montana - Valais
27/08/2024,21/12/2024,28/12/2024,2824.00,HVEWR6N,72 m² Appartement ∙ 2 chambres ∙ 6 personnes,Crans-Montana - Valais
27/08/2024,08/02/2025,15/02/2025,2359.00,HVEWR6N,72 m² Appartement ∙ 2 chambres ∙ 6 personnes,Crans-Montana - Valais
27/08/2024,01/03/2025,08/03/2025,2359.00,HVEWR6N,72 m² Appartement ∙ 2 chambres ∙ 6 personnes,Crans-Montana - Valais
27/08/2024,22/03/2025,29/03/2025,1209.00,HVEWR6N,72 m² Appartement ∙ 2 chambres ∙ 6 personnes,Crans-Montana - Valais
27/08/2024,29/03/2025,05/04/2025,1209.00,HVEWR6N,72 m² Appartement ∙ 2 chambres ∙ 6 personnes,Crans-Montana - Valais
27/08/2024,05/04/2025,12/04/2025,1209.00,HVEWR6N,72 m² Appartement ∙ 2 chambres ∙ 6 personnes,Crans-Montana - Valais
27/08/2024,12/04/2025,19/04/2025,1490.00,HVEWR6N,72 m² Appartement ∙ 2 chambres ∙ 6 personnes,Crans-Montana - Valais
27/08/2024,19/04/2025,26/04/2025,1490.00,HVEWR6N,72 m² Appartement ∙ 2 chambres ∙ 6 personnes,Crans-Montana - Valais
27/08/2024,26/04/2025,03/05/2025,1209.00,HVEWR6N,72 m² Appartement ∙ 2 chambres ∙ 6 personnes,Crans-Montana - Valais
27/08/2024,03/05/2025,10/05/2025,1209.00,HVEWR6N,72 m² Appartement ∙ 2 chambres ∙ 6 personnes,Crans-Montana - Valais
27/08/2024,10/05/2025,17/05/2025,1209.00,HVEWR6N,72 m² Appartement ∙ 2 chambres ∙ 6 personnes,Crans-Montana - Valais
27/08/2024,31/08/2024,07/09/2024,910.00,HVK1TUJ,61 m² Appartement ∙ 1 chambre ∙ 5 personnes,Crans-Montana - Valais
27/08/2024,21/09/2024,28/09/2024,773.00,HVK1TUJ,61 m² Appartement ∙ 1 chambre ∙ 5 personnes,Crans-Montana - Valais
27/08/2024,28/09/2024,05/10/2024,773.00,HVK1TUJ,61 m² Appartement ∙ 1 chambre ∙ 5 personnes,Crans-Montana - Valais
27/08/2024,05/10/2024,12/10/2024,773.00,HVK1TUJ,61 m² Appartement ∙ 1 chambre ∙ 5 personnes,Crans-Montana - Valais
27/08/2024,12/10/2024,19/10/2024,773.00,HVK1TUJ,61 m² Appartement ∙ 1 chambre ∙ 5 personnes,Crans-Montana - Valais
27/08/2024,19/10/2024,26/10/2024,773.00,HVK1TUJ,61 m² Appartement ∙ 1 chambre ∙ 5 personnes,Crans-Montana - Valais
27/08/2024,26/10/2024,02/11/2024,773.00,HVK1TUJ,61 m² Appartement ∙ 1 chambre ∙ 5 personnes,Crans-Montana - Valais
27/08/2024,02/11/2024,09/11/2024,801.00,HVK1TUJ,61 m² Appartement ∙ 1 chambre ∙ 5 personnes,Crans-Montana - Valais
27/08/2024,09/11/2024,16/11/2024,801.00,HVK1TUJ,61 m² Appartement ∙ 1 chambre ∙ 5 personnes,Crans-Montana - Valais
27/08/2024,16/11/2024,23/11/2024,801.00,HVK1TUJ,61 m² Appartement ∙ 1 chambre ∙ 5 personnes,Crans-Montana - Valais
27/08/2024,23/11/2024,30/11/2024,801.00,HVK1TUJ,61 m² Appartement ∙ 1 chambre ∙ 5 personnes,Crans-Montana - Valais
27/08/2024,30/11/2024,07/12/2024,801.00,HVK1TUJ,61 m² Appartement ∙ 1 chambre ∙ 5 personnes,Crans-Montana - Valais
27/08/2024,07/12/2024,14/12/2024,801.00,HVK1TUJ,61 m² Appartement ∙ 1 chambre ∙ 5 personnes,Crans-Montana - Valais
27/08/2024,14/12/2024,21/12/2024,801.00,HVK1TUJ,61 m² Appartement ∙ 1 chambre ∙ 5 personnes,Crans-Montana - Valais
27/08/2024,21/12/2024,28/12/2024,1582.00,HVK1TUJ,61 m² Appartement ∙ 1 chambre ∙ 5 personnes,Crans-Montana - Valais
27/08/2024,28/12/2024,04/01/2025,1777.00,HVK1TUJ,61 m² Appartement ∙ 1 chambre ∙ 5 personnes,Crans-Montana - Valais
27/08/2024,04/01/2025,11/01/2025,937.00,HVK1TUJ,61 m² Appartement ∙ 1 chambre ∙ 5 personnes,Crans-Montana - Valais
27/08/2024,11/01/2025,18/01/2025,937.00,HVK1TUJ,61 m² Appartement ∙ 1 chambre ∙ 5 personnes,Crans-Montana - Valais
27/08/2024,18/01/2025,25/01/2025,937.00,HVK1TUJ,61 m² Appartement ∙ 1 chambre ∙ 5 personnes,Crans-Montana - Valais
27/08/2024,25/01/2025,01/02/2025,1051.00,HVK1TUJ,61 m² Appartement ∙ 1 chambre ∙ 5 personnes,Crans-Montana - Valais
27/08/2024,08/02/2025,15/02/2025,1341.00,HVK1TUJ,61 m² Appartement ∙ 1 chambre ∙ 5 personnes,Crans-Montana - Valais
27/08/2024,15/02/2025,22/02/2025,1582.00,HVK1TUJ,61 m² Appartement ∙ 1 chambre ∙ 5 personnes,Crans-Montana - Valais
27/08/2024,22/02/2025,01/03/2025,1582.00,HVK1TUJ,61 m² Appartement ∙ 1 chambre ∙ 5 personnes,Crans-Montana - Valais
27/08/2024,01/03/2025,08/03/2025,1341.00,HVK1TUJ,61 m² Appartement ∙ 1 chambre ∙ 5 personnes,Crans-Montana - Valais
27/08/2024,08/03/2025,15/03/2025,801.00,HVK1TUJ,61 m² Appartement ∙ 1 chambre ∙ 5 personnes,Crans-Montana - Valais
27/08/2024,15/03/2025,22/03/2025,801.00,HVK1TUJ,61 m² Appartement ∙ 1 chambre ∙ 5 personnes,Crans-Montana - Valais
27/08/2024,22/03/2025,29/03/2025,801.00,HVK1TUJ,61 m² Appartement ∙ 1 chambre ∙ 5 personnes,Crans-Montana - Valais
27/08/2024,29/03/2025,05/04/2025,801.00,HVK1TUJ,61 m² Appartement ∙ 1 chambre ∙ 5 personnes,Crans-Montana - Valais
27/08/2024,05/04/2025,12/04/2025,801.00,HVK1TUJ,61 m² Appartement ∙ 1 chambre ∙ 5 personnes,Crans-Montana - Valais
27/08/2024,12/04/2025,19/04/2025,937.00,HVK1TUJ,61 m² Appartement ∙ 1 chambre ∙ 5 personnes,Crans-Montana - Valais
27/08/2024,19/04/2025,26/04/2025,937.00,HVK1TUJ,61 m² Appartement ∙ 1 chambre ∙ 5 personnes,Crans-Montana - Valais
27/08/2024,26/04/2025,03/05/2025,801.00,HVK1TUJ,61 m² Appartement ∙ 1 chambre ∙ 5 personnes,Crans-Montana - Valais
27/08/2024,03/05/2025,10/05/2025,801.00,HVK1TUJ,61 m² Appartement ∙ 1 chambre ∙ 5 personnes,Crans-Montana - Valais
27/08/2024,10/05/2025,17/05/2025,801.00,HVK1TUJ,61 m² Appartement ∙ 1 chambre ∙ 5 personnes,Crans-Montana - Valais
27/08/2024,31/08/2024,07/09/2024,1118.00,HW5CFTV,85 m² Appartement ∙ 2 chambres ∙ 4 personnes,Crans-Montana - Valais
27/08/2024,07/09/2024,14/09/2024,1197.00,HW5CFTV,85 m² Appartement ∙ 2 chambres ∙ 4 personnes,Crans-Montana - Valais
27/08/2024,14/09/2024,21/09/2024,869.00,HW5CFTV,85 m² Appartement ∙ 2 chambres ∙ 4 personnes,Crans-Montana - Valais
27/08/2024,21/09/2024,28/09/2024,869.00,HW5CFTV,85 m² Appartement ∙ 2 chambres ∙ 4 personnes,Crans-Montana - Valais
27/08/2024,28/09/2024,05/10/2024,1051.00,HW5CFTV,85 m² Appartement ∙ 2 chambres ∙ 4 personnes,Crans-Montana - Valais
27/08/2024,05/10/2024,12/10/2024,1051.00,HW5CFTV,85 m² Appartement ∙ 2 chambres ∙ 4 personnes,Crans-Montana - Valais
27/08/2024,12/10/2024,19/10/2024,1051.00,HW5CFTV,85 m² Appartement ∙ 2 chambres ∙ 4 personnes,Crans-Montana - Valais
27/08/2024,19/10/2024,26/10/2024,1051.00,HW5CFTV,85 m² Appartement ∙ 2 chambres ∙ 4 personnes,Crans-Montana - Valais
27/08/2024,26/10/2024,02/11/2024,1051.00,HW5CFTV,85 m² Appartement ∙ 2 chambres ∙ 4 personnes,Crans-Montana - Valais
27/08/2024,02/11/2024,09/11/2024,1078.00,HW5CFTV,85 m² Appartement ∙ 2 chambres ∙ 4 personnes,Crans-Montana - Valais
27/08/2024,09/11/2024,16/11/2024,1078.00,HW5CFTV,85 m² Appartement ∙ 2 chambres ∙ 4 personnes,Crans-Montana - Valais
27/08/2024,16/11/2024,23/11/2024,1078.00,HW5CFTV,85 m² Appartement ∙ 2 chambres ∙ 4 personnes,Crans-Montana - Valais
27/08/2024,23/11/2024,30/11/2024,1078.00,HW5CFTV,85 m² Appartement ∙ 2 chambres ∙ 4 personnes,Crans-Montana - Valais
27/08/2024,30/11/2024,07/12/2024,1078.00,HW5CFTV,85 m² Appartement ∙ 2 chambres ∙ 4 personnes,Crans-Montana - Valais
27/08/2024,07/12/2024,14/12/2024,1078.00,HW5CFTV,85 m² Appartement ∙ 2 chambres ∙ 4 personnes,Crans-Montana - Valais
27/08/2024,14/12/2024,21/12/2024,1078.00,HW5CFTV,85 m² Appartement ∙ 2 chambres ∙ 4 personnes,Crans-Montana - Valais
27/08/2024,21/12/2024,28/12/2024,2344.00,HW5CFTV,85 m² Appartement ∙ 2 chambres ∙ 4 personnes,Crans-Montana - Valais
27/08/2024,28/12/2024,04/01/2025,2560.00,HW5CFTV,85 m² Appartement ∙ 2 chambres ∙ 4 personnes,Crans-Montana - Valais
27/08/2024,04/01/2025,11/01/2025,1343.00,HW5CFTV,85 m² Appartement ∙ 2 chambres ∙ 4 personnes,Crans-Montana - Valais
27/08/2024,11/01/2025,18/01/2025,1343.00,HW5CFTV,85 m² Appartement ∙ 2 chambres ∙ 4 personnes,Crans-Montana - Valais
27/08/2024,18/01/2025,25/01/2025,1343.00,HW5CFTV,85 m² Appartement ∙ 2 chambres ∙ 4 personnes,Crans-Montana - Valais
27/08/2024,25/01/2025,01/02/2025,1450.00,HW5CFTV,85 m² Appartement ∙ 2 chambres ∙ 4 personnes,Crans-Montana - Valais
27/08/2024,08/02/2025,15/02/2025,1955.00,HW5CFTV,85 m² Appartement ∙ 2 chambres ∙ 4 personnes,Crans-Montana - Valais
27/08/2024,15/02/2025,22/02/2025,2344.00,HW5CFTV,85 m² Appartement ∙ 2 chambres ∙ 4 personnes,Crans-Montana - Valais
27/08/2024,22/02/2025,01/03/2025,2344.00,HW5CFTV,85 m² Appartement ∙ 2 chambres ∙ 4 personnes,Crans-Montana - Valais
27/08/2024,01/03/2025,08/03/2025,1955.00,HW5CFTV,85 m² Appartement ∙ 2 chambres ∙ 4 personnes,Crans-Montana - Valais
27/08/2024,08/03/2025,15/03/2025,1078.00,HW5CFTV,85 m² Appartement ∙ 2 chambres ∙ 4 personnes,Crans-Montana - Valais
27/08/2024,15/03/2025,22/03/2025,1078.00,HW5CFTV,85 m² Appartement ∙ 2 chambres ∙ 4 personnes,Crans-Montana - Valais
27/08/2024,22/03/2025,29/03/2025,1078.00,HW5CFTV,85 m² Appartement ∙ 2 chambres ∙ 4 personnes,Crans-Montana - Valais
27/08/2024,29/03/2025,05/04/2025,1078.00,HW5CFTV,85 m² Appartement ∙ 2 chambres ∙ 4 personnes,Crans-Montana - Valais
27/08/2024,05/04/2025,12/04/2025,1078.00,HW5CFTV,85 m² Appartement ∙ 2 chambres ∙ 4 personnes,Crans-Montana - Valais
27/08/2024,12/04/2025,19/04/2025,1343.00,HW5CFTV,85 m² Appartement ∙ 2 chambres ∙ 4 personnes,Crans-Montana - Valais
27/08/2024,19/04/2025,26/04/2025,1343.00,HW5CFTV,85 m² Appartement ∙ 2 chambres ∙ 4 personnes,Crans-Montana - Valais
27/08/2024,26/04/2025,03/05/2025,1078.00,HW5CFTV,85 m² Appartement ∙ 2 chambres ∙ 4 personnes,Crans-Montana - Valais
27/08/2024,03/05/2025,10/05/2025,1078.00,HW5CFTV,85 m² Appartement ∙ 2 chambres ∙ 4 personnes,Crans-Montana - Valais
27/08/2024,10/05/2025,17/05/2025,1078.00,HW5CFTV,85 m² Appartement ∙ 2 chambres ∙ 4 personnes,Crans-Montana - Valais
27/08/2024,14/09/2024,21/09/2024,1025.00,H62Y1GJ,Aragon F130,Aragon F130Ernen - Valais
27/08/2024,21/09/2024,28/09/2024,1025.00,H62Y1GJ,Aragon F130,Aragon F130Ernen - Valais
27/08/2024,28/09/2024,05/10/2024,1025.00,H62Y1GJ,Aragon F130,Aragon F130Ernen - Valais
27/08/2024,05/10/2024,12/10/2024,1025.00,H62Y1GJ,Aragon F130,Aragon F130Ernen - Valais
27/08/2024,19/10/2024,26/10/2024,1025.00,H62Y1GJ,Aragon F130,Aragon F130Ernen - Valais
27/08/2024,26/10/2024,02/11/2024,1025.00,H62Y1GJ,Aragon F130,Aragon F130Ernen - Valais
27/08/2024,02/11/2024,09/11/2024,1025.00,H62Y1GJ,Aragon F130,Aragon F130Ernen - Valais
27/08/2024,09/11/2024,16/11/2024,1025.00,H62Y1GJ,Aragon F130,Aragon F130Ernen - Valais
27/08/2024,16/11/2024,23/11/2024,1025.00,H62Y1GJ,Aragon F130,Aragon F130Ernen - Valais
27/08/2024,23/11/2024,30/11/2024,1025.00,H62Y1GJ,Aragon F130,Aragon F130Ernen - Valais
27/08/2024,30/11/2024,07/12/2024,1025.00,H62Y1GJ,Aragon F130,Aragon F130Ernen - Valais
27/08/2024,07/12/2024,14/12/2024,1025.00,H62Y1GJ,Aragon F130,Aragon F130Ernen - Valais
27/08/2024,14/12/2024,21/12/2024,1177.00,H62Y1GJ,Aragon F130,Aragon F130Ernen - Valais
27/08/2024,04/01/2025,11/01/2025,1404.00,H62Y1GJ,Aragon F130,Aragon F130Ernen - Valais
27/08/2024,11/01/2025,18/01/2025,1404.00,H62Y1GJ,Aragon F130,Aragon F130Ernen - Valais
27/08/2024,18/01/2025,25/01/2025,1404.00,H62Y1GJ,Aragon F130,Aragon F130Ernen - Valais
27/08/2024,25/01/2025,01/02/2025,1404.00,H62Y1GJ,Aragon F130,Aragon F130Ernen - Valais
27/08/2024,01/02/2025,08/02/2025,1707.00,H62Y1GJ,Aragon F130,Aragon F130Ernen - Valais
27/08/2024,08/02/2025,15/02/2025,1707.00,H62Y1GJ,Aragon F130,Aragon F130Ernen - Valais
27/08/2024,22/02/2025,01/03/2025,1707.00,H62Y1GJ,Aragon F130,Aragon F130Ernen - Valais
27/08/2024,01/03/2025,08/03/2025,1556.00,H62Y1GJ,Aragon F130,Aragon F130Ernen - Valais
27/08/2024,08/03/2025,15/03/2025,1404.00,H62Y1GJ,Aragon F130,Aragon F130Ernen - Valais
27/08/2024,15/03/2025,22/03/2025,1025.00,H62Y1GJ,Aragon F130,Aragon F130Ernen - Valais
27/08/2024,22/03/2025,29/03/2025,1025.00,H62Y1GJ,Aragon F130,Aragon F130Ernen - Valais
27/08/2024,29/03/2025,05/04/2025,1025.00,H62Y1GJ,Aragon F130,Aragon F130Ernen - Valais
27/08/2024,05/04/2025,12/04/2025,1025.00,H62Y1GJ,Aragon F130,Aragon F130Ernen - Valais
27/08/2024,12/04/2025,19/04/2025,1177.00,H62Y1GJ,Aragon F130,Aragon F130Ernen - Valais
27/08/2024,19/04/2025,26/04/2025,1177.00,H62Y1GJ,Aragon F130,Aragon F130Ernen - Valais
27/08/2024,26/04/2025,03/05/2025,1025.00,H62Y1GJ,Aragon F130,Aragon F130Ernen - Valais
27/08/2024,03/05/2025,10/05/2025,1025.00,H62Y1GJ,Aragon F130,Aragon F130Ernen - Valais
27/08/2024,10/05/2025,17/05/2025,1025.00,H62Y1GJ,Aragon F130,Aragon F130Ernen - Valais
27/08/2024,14/09/2024,21/09/2024,740.51,HVYTWC5,Appartement ∙ 1 chambre ∙ 4 personnes,Grächen - Valais
27/08/2024,28/09/2024,05/10/2024,814.56,HVYTWC5,Appartement ∙ 1 chambre ∙ 4 personnes,Grächen - Valais
27/08/2024,12/10/2024,19/10/2024,814.56,HVYTWC5,Appartement ∙ 1 chambre ∙ 4 personnes,Grächen - Valais
27/08/2024,09/11/2024,16/11/2024,888.61,HVYTWC5,Appartement ∙ 1 chambre ∙ 4 personnes,Grächen - Valais
27/08/2024,07/12/2024,14/12/2024,888.61,HVYTWC5,Appartement ∙ 1 chambre ∙ 4 personnes,Grächen - Valais
27/08/2024,14/12/2024,21/12/2024,962.66,HVYTWC5,Appartement ∙ 1 chambre ∙ 4 personnes,Grächen - Valais
27/08/2024,04/01/2025,11/01/2025,888.61,HVYTWC5,Appartement ∙ 1 chambre ∙ 4 personnes,Grächen - Valais
27/08/2024,18/01/2025,25/01/2025,888.61,HVYTWC5,Appartement ∙ 1 chambre ∙ 4 personnes,Grächen - Valais
27/08/2024,08/03/2025,15/03/2025,1036.71,HVYTWC5,Appartement ∙ 1 chambre ∙ 4 personnes,Grächen - Valais
27/08/2024,05/04/2025,12/04/2025,740.51,HVYTWC5,Appartement ∙ 1 chambre ∙ 4 personnes,Grächen - Valais
27/08/2024,19/04/2025,26/04/2025,952.50,HVYTWC5,Appartement ∙ 1 chambre ∙ 4 personnes,Grächen - Valais
27/08/2024,26/04/2025,03/05/2025,740.51,HVYTWC5,Appartement ∙ 1 chambre ∙ 4 personnes,Grächen - Valais
27/08/2024,31/08/2024,07/09/2024,934.37,H7U8JPD,80 m² Appartement ∙ 2 chambres ∙ 5 personnes,Bürchen - Valais
27/08/2024,21/09/2024,28/09/2024,934.37,H7U8JPD,80 m² Appartement ∙ 2 chambres ∙ 5 personnes,Bürchen - Valais
27/08/2024,28/09/2024,05/10/2024,934.37,H7U8JPD,80 m² Appartement ∙ 2 chambres ∙ 5 personnes,Bürchen - Valais
27/08/2024,05/10/2024,12/10/2024,934.37,H7U8JPD,80 m² Appartement ∙ 2 chambres ∙ 5 personnes,Bürchen - Valais
27/08/2024,09/11/2024,16/11/2024,934.37,H7U8JPD,80 m² Appartement ∙ 2 chambres ∙ 5 personnes,Bürchen - Valais
27/08/2024,16/11/2024,23/11/2024,934.37,H7U8JPD,80 m² Appartement ∙ 2 chambres ∙ 5 personnes,Bürchen - Valais
27/08/2024,23/11/2024,30/11/2024,934.37,H7U8JPD,80 m² Appartement ∙ 2 chambres ∙ 5 personnes,Bürchen - Valais
27/08/2024,30/11/2024,07/12/2024,934.37,H7U8JPD,80 m² Appartement ∙ 2 chambres ∙ 5 personnes,Bürchen - Valais
27/08/2024,07/12/2024,14/12/2024,934.37,H7U8JPD,80 m² Appartement ∙ 2 chambres ∙ 5 personnes,Bürchen - Valais
27/08/2024,04/01/2025,11/01/2025,1027.81,H7U8JPD,80 m² Appartement ∙ 2 chambres ∙ 5 personnes,Bürchen - Valais
27/08/2024,11/01/2025,18/01/2025,1027.81,H7U8JPD,80 m² Appartement ∙ 2 chambres ∙ 5 personnes,Bürchen - Valais
27/08/2024,18/01/2025,25/01/2025,1027.81,H7U8JPD,80 m² Appartement ∙ 2 chambres ∙ 5 personnes,Bürchen - Valais
27/08/2024,25/01/2025,01/02/2025,1121.24,H7U8JPD,80 m² Appartement ∙ 2 chambres ∙ 5 personnes,Bürchen - Valais
27/08/2024,08/03/2025,15/03/2025,1122.51,H7U8JPD,80 m² Appartement ∙ 2 chambres ∙ 5 personnes,Bürchen - Valais
27/08/2024,15/03/2025,22/03/2025,935.42,H7U8JPD,80 m² Appartement ∙ 2 chambres ∙ 5 personnes,Bürchen - Valais
27/08/2024,22/03/2025,29/03/2025,935.42,H7U8JPD,80 m² Appartement ∙ 2 chambres ∙ 5 personnes,Bürchen - Valais
27/08/2024,29/03/2025,05/04/2025,935.42,H7U8JPD,80 m² Appartement ∙ 2 chambres ∙ 5 personnes,Bürchen - Valais
27/08/2024,05/04/2025,12/04/2025,935.42,H7U8JPD,80 m² Appartement ∙ 2 chambres ∙ 5 personnes,Bürchen - Valais
27/08/2024,12/04/2025,19/04/2025,935.42,H7U8JPD,80 m² Appartement ∙ 2 chambres ∙ 5 personnes,Bürchen - Valais
27/08/2024,19/04/2025,26/04/2025,935.42,H7U8JPD,80 m² Appartement ∙ 2 chambres ∙ 5 personnes,Bürchen - Valais
27/08/2024,26/04/2025,03/05/2025,935.42,H7U8JPD,80 m² Appartement ∙ 2 chambres ∙ 5 personnes,Bürchen - Valais
27/08/2024,03/05/2025,10/05/2025,935.42,H7U8JPD,80 m² Appartement ∙ 2 chambres ∙ 5 personnes,Bürchen - Valais
27/08/2024,10/05/2025,17/05/2025,935.42,H7U8JPD,80 m² Appartement ∙ 2 chambres ∙ 5 personnes,Bürchen - Valais
27/08/2024,31/08/2024,07/09/2024,1031.21,H9GTXB8,56 m² Appartement ∙ 2 chambres ∙ 4 personnes,Saas Fee - Valais
27/08/2024,07/09/2024,14/09/2024,1031.21,H9GTXB8,56 m² Appartement ∙ 2 chambres ∙ 4 personnes,Saas Fee - Valais
27/08/2024,14/09/2024,21/09/2024,1031.21,H9GTXB8,56 m² Appartement ∙ 2 chambres ∙ 4 personnes,Saas Fee - Valais
27/08/2024,21/09/2024,28/09/2024,1031.21,H9GTXB8,56 m² Appartement ∙ 2 chambres ∙ 4 personnes,Saas Fee - Valais
27/08/2024,28/09/2024,05/10/2024,1031.21,H9GTXB8,56 m² Appartement ∙ 2 chambres ∙ 4 personnes,Saas Fee - Valais
27/08/2024,05/10/2024,12/10/2024,1031.21,H9GTXB8,56 m² Appartement ∙ 2 chambres ∙ 4 personnes,Saas Fee - Valais
27/08/2024,12/10/2024,19/10/2024,1031.21,H9GTXB8,56 m² Appartement ∙ 2 chambres ∙ 4 personnes,Saas Fee - Valais
27/08/2024,19/10/2024,26/10/2024,1031.21,H9GTXB8,56 m² Appartement ∙ 2 chambres ∙ 4 personnes,Saas Fee - Valais
27/08/2024,26/10/2024,02/11/2024,1019.87,H9GTXB8,56 m² Appartement ∙ 2 chambres ∙ 4 personnes,Saas Fee - Valais
27/08/2024,02/11/2024,09/11/2024,951.88,H9GTXB8,56 m² Appartement ∙ 2 chambres ∙ 4 personnes,Saas Fee - Valais
27/08/2024,09/11/2024,16/11/2024,951.88,H9GTXB8,56 m² Appartement ∙ 2 chambres ∙ 4 personnes,Saas Fee - Valais
27/08/2024,16/11/2024,23/11/2024,951.88,H9GTXB8,56 m² Appartement ∙ 2 chambres ∙ 4 personnes,Saas Fee - Valais
27/08/2024,23/11/2024,30/11/2024,951.88,H9GTXB8,56 m² Appartement ∙ 2 chambres ∙ 4 personnes,Saas Fee - Valais
27/08/2024,30/11/2024,07/12/2024,951.88,H9GTXB8,56 m² Appartement ∙ 2 chambres ∙ 4 personnes,Saas Fee - Valais
27/08/2024,07/12/2024,14/12/2024,951.88,H9GTXB8,56 m² Appartement ∙ 2 chambres ∙ 4 personnes,Saas Fee - Valais
27/08/2024,14/12/2024,21/12/2024,951.88,H9GTXB8,56 m² Appartement ∙ 2 chambres ∙ 4 personnes,Saas Fee - Valais
27/08/2024,11/01/2025,18/01/2025,951.88,H9GTXB8,56 m² Appartement ∙ 2 chambres ∙ 4 personnes,Saas Fee - Valais
27/08/2024,08/02/2025,15/02/2025,1427.82,H9GTXB8,56 m² Appartement ∙ 2 chambres ∙ 4 personnes,Saas Fee - Valais
27/08/2024,08/03/2025,15/03/2025,1427.82,H9GTXB8,56 m² Appartement ∙ 2 chambres ∙ 4 personnes,Saas Fee - Valais
27/08/2024,31/08/2024,07/09/2024,808.06,H2ZMB9L,Appartement ∙ 2 chambres ∙ 4 personnes,Grächen - Valais
27/08/2024,14/09/2024,21/09/2024,808.06,H2ZMB9L,Appartement ∙ 2 chambres ∙ 4 personnes,Grächen - Valais
27/08/2024,21/09/2024,28/09/2024,808.06,H2ZMB9L,Appartement ∙ 2 chambres ∙ 4 personnes,Grächen - Valais
27/08/2024,28/09/2024,05/10/2024,808.06,H2ZMB9L,Appartement ∙ 2 chambres ∙ 4 personnes,Grächen - Valais
27/08/2024,05/10/2024,12/10/2024,808.06,H2ZMB9L,Appartement ∙ 2 chambres ∙ 4 personnes,Grächen - Valais
27/08/2024,12/10/2024,19/10/2024,808.06,H2ZMB9L,Appartement ∙ 2 chambres ∙ 4 personnes,Grächen - Valais
27/08/2024,19/10/2024,26/10/2024,808.06,H2ZMB9L,Appartement ∙ 2 chambres ∙ 4 personnes,Grächen - Valais
27/08/2024,26/10/2024,02/11/2024,808.06,H2ZMB9L,Appartement ∙ 2 chambres ∙ 4 personnes,Grächen - Valais
27/08/2024,02/11/2024,09/11/2024,808.06,H2ZMB9L,Appartement ∙ 2 chambres ∙ 4 personnes,Grächen - Valais
27/08/2024,09/11/2024,16/11/2024,808.06,H2ZMB9L,Appartement ∙ 2 chambres ∙ 4 personnes,Grächen - Valais
27/08/2024,16/11/2024,23/11/2024,808.06,H2ZMB9L,Appartement ∙ 2 chambres ∙ 4 personnes,Grächen - Valais
27/08/2024,23/11/2024,30/11/2024,808.06,H2ZMB9L,Appartement ∙ 2 chambres ∙ 4 personnes,Grächen - Valais
27/08/2024,30/11/2024,07/12/2024,808.06,H2ZMB9L,Appartement ∙ 2 chambres ∙ 4 personnes,Grächen - Valais
27/08/2024,07/12/2024,14/12/2024,808.06,H2ZMB9L,Appartement ∙ 2 chambres ∙ 4 personnes,Grächen - Valais
27/08/2024,14/12/2024,21/12/2024,925.35,H2ZMB9L,Appartement ∙ 2 chambres ∙ 4 personnes,Grächen - Valais
27/08/2024,21/12/2024,28/12/2024,1445.62,H2ZMB9L,Appartement ∙ 2 chambres ∙ 4 personnes,Grächen - Valais
27/08/2024,25/01/2025,01/02/2025,1074.95,H2ZMB9L,Appartement ∙ 2 chambres ∙ 4 personnes,Grächen - Valais
27/08/2024,08/02/2025,15/02/2025,1445.62,H2ZMB9L,Appartement ∙ 2 chambres ∙ 4 personnes,Grächen - Valais
27/08/2024,15/02/2025,22/02/2025,1445.62,H2ZMB9L,Appartement ∙ 2 chambres ∙ 4 personnes,Grächen - Valais
27/08/2024,08/03/2025,15/03/2025,1445.62,H2ZMB9L,Appartement ∙ 2 chambres ∙ 4 personnes,Grächen - Valais
27/08/2024,22/03/2025,29/03/2025,926.68,H2ZMB9L,Appartement ∙ 2 chambres ∙ 4 personnes,Grächen - Valais
27/08/2024,29/03/2025,05/04/2025,926.68,H2ZMB9L,Appartement ∙ 2 chambres ∙ 4 personnes,Grächen - Valais
27/08/2024,12/04/2025,19/04/2025,926.68,H2ZMB9L,Appartement ∙ 2 chambres ∙ 4 personnes,Grächen - Valais
27/08/2024,19/04/2025,26/04/2025,972.96,H2ZMB9L,Appartement ∙ 2 chambres ∙ 4 personnes,Grächen - Valais
27/08/2024,26/04/2025,03/05/2025,808.06,H2ZMB9L,Appartement ∙ 2 chambres ∙ 4 personnes,Grächen - Valais
27/08/2024,03/05/2025,10/05/2025,808.06,H2ZMB9L,Appartement ∙ 2 chambres ∙ 4 personnes,Grächen - Valais
27/08/2024,10/05/2025,17/05/2025,808.06,H2ZMB9L,Appartement ∙ 2 chambres ∙ 4 personnes,Grächen - Valais
27/08/2024,14/09/2024,21/09/2024,829.68,H68ZN3C,88 m² Appartement ∙ 3 chambres ∙ 6 personnes,Verbier - Bagnes - Valais
27/08/2024,21/09/2024,28/09/2024,829.68,H68ZN3C,88 m² Appartement ∙ 3 chambres ∙ 6 personnes,Verbier - Bagnes - Valais
27/08/2024,28/09/2024,05/10/2024,829.68,H68ZN3C,88 m² Appartement ∙ 3 chambres ∙ 6 personnes,Verbier - Bagnes - Valais
27/08/2024,05/10/2024,12/10/2024,829.68,H68ZN3C,88 m² Appartement ∙ 3 chambres ∙ 6 personnes,Verbier - Bagnes - Valais
27/08/2024,12/10/2024,19/10/2024,829.68,H68ZN3C,88 m² Appartement ∙ 3 chambres ∙ 6 personnes,Verbier - Bagnes - Valais
27/08/2024,19/10/2024,26/10/2024,829.68,H68ZN3C,88 m² Appartement ∙ 3 chambres ∙ 6 personnes,Verbier - Bagnes - Valais
27/08/2024,26/10/2024,02/11/2024,829.68,H68ZN3C,88 m² Appartement ∙ 3 chambres ∙ 6 personnes,Verbier - Bagnes - Valais
27/08/2024,02/11/2024,09/11/2024,829.68,H68ZN3C,88 m² Appartement ∙ 3 chambres ∙ 6 personnes,Verbier - Bagnes - Valais
27/08/2024,09/11/2024,16/11/2024,829.68,H68ZN3C,88 m² Appartement ∙ 3 chambres ∙ 6 personnes,Verbier - Bagnes - Valais
27/08/2024,16/11/2024,23/11/2024,829.68,H68ZN3C,88 m² Appartement ∙ 3 chambres ∙ 6 personnes,Verbier - Bagnes - Valais
27/08/2024,23/11/2024,30/11/2024,829.68,H68ZN3C,88 m² Appartement ∙ 3 chambres ∙ 6 personnes,Verbier - Bagnes - Valais
27/08/2024,31/08/2024,07/09/2024,1037.88,HMDXU1S,Appartement ∙ 5 chambres ∙ 8 personnes,Grächen - Valais
27/08/2024,07/09/2024,14/09/2024,1037.88,HMDXU1S,Appartement ∙ 5 chambres ∙ 8 personnes,Grächen - Valais
27/08/2024,14/09/2024,21/09/2024,1334.42,HMDXU1S,Appartement ∙ 5 chambres ∙ 8 personnes,Grächen - Valais
27/08/2024,21/09/2024,28/09/2024,1334.42,HMDXU1S,Appartement ∙ 5 chambres ∙ 8 personnes,Grächen - Valais
27/08/2024,28/09/2024,05/10/2024,1334.42,HMDXU1S,Appartement ∙ 5 chambres ∙ 8 personnes,Grächen - Valais
27/08/2024,19/10/2024,26/10/2024,1037.88,HMDXU1S,Appartement ∙ 5 chambres ∙ 8 personnes,Grächen - Valais
27/08/2024,26/10/2024,02/11/2024,1037.88,HMDXU1S,Appartement ∙ 5 chambres ∙ 8 personnes,Grächen - Valais
27/08/2024,02/11/2024,09/11/2024,1037.88,HMDXU1S,Appartement ∙ 5 chambres ∙ 8 personnes,Grächen - Valais
27/08/2024,09/11/2024,16/11/2024,1037.88,HMDXU1S,Appartement ∙ 5 chambres ∙ 8 personnes,Grächen - Valais
27/08/2024,16/11/2024,23/11/2024,1037.88,HMDXU1S,Appartement ∙ 5 chambres ∙ 8 personnes,Grächen - Valais
27/08/2024,23/11/2024,30/11/2024,1037.88,HMDXU1S,Appartement ∙ 5 chambres ∙ 8 personnes,Grächen - Valais
27/08/2024,30/11/2024,07/12/2024,1037.88,HMDXU1S,Appartement ∙ 5 chambres ∙ 8 personnes,Grächen - Valais
27/08/2024,07/12/2024,14/12/2024,1037.88,HMDXU1S,Appartement ∙ 5 chambres ∙ 8 personnes,Grächen - Valais
27/08/2024,14/12/2024,21/12/2024,2001.63,HMDXU1S,Appartement ∙ 5 chambres ∙ 8 personnes,Grächen - Valais
27/08/2024,04/01/2025,11/01/2025,1816.29,HMDXU1S,Appartement ∙ 5 chambres ∙ 8 personnes,Grächen - Valais
27/08/2024,15/02/2025,22/02/2025,2001.63,HMDXU1S,Appartement ∙ 5 chambres ∙ 8 personnes,Grächen - Valais
27/08/2024,15/03/2025,22/03/2025,1816.29,HMDXU1S,Appartement ∙ 5 chambres ∙ 8 personnes,Grächen - Valais
27/08/2024,22/03/2025,29/03/2025,1816.29,HMDXU1S,Appartement ∙ 5 chambres ∙ 8 personnes,Grächen - Valais
27/08/2024,29/03/2025,05/04/2025,1816.29,HMDXU1S,Appartement ∙ 5 chambres ∙ 8 personnes,Grächen - Valais
27/08/2024,05/04/2025,12/04/2025,1816.29,HMDXU1S,Appartement ∙ 5 chambres ∙ 8 personnes,Grächen - Valais
27/08/2024,12/04/2025,19/04/2025,1816.29,HMDXU1S,Appartement ∙ 5 chambres ∙ 8 personnes,Grächen - Valais
27/08/2024,26/04/2025,03/05/2025,1186.15,HMDXU1S,Appartement ∙ 5 chambres ∙ 8 personnes,Grächen - Valais
27/08/2024,03/05/2025,10/05/2025,1186.15,HMDXU1S,Appartement ∙ 5 chambres ∙ 8 personnes,Grächen - Valais
27/08/2024,10/05/2025,17/05/2025,1186.15,HMDXU1S,Appartement ∙ 5 chambres ∙ 8 personnes,Grächen - Valais
27/08/2024,07/09/2024,14/09/2024,667.21,HYAT54V,43 m² Appartement ∙ 1 chambre ∙ 2 personnes,Loèche-les-Bains - Valais
27/08/2024,14/09/2024,21/09/2024,667.21,HYAT54V,43 m² Appartement ∙ 1 chambre ∙ 2 personnes,Loèche-les-Bains - Valais
27/08/2024,21/09/2024,28/09/2024,667.21,HYAT54V,43 m² Appartement ∙ 1 chambre ∙ 2 personnes,Loèche-les-Bains - Valais
27/08/2024,28/09/2024,05/10/2024,667.21,HYAT54V,43 m² Appartement ∙ 1 chambre ∙ 2 personnes,Loèche-les-Bains - Valais
27/08/2024,05/10/2024,12/10/2024,667.21,HYAT54V,43 m² Appartement ∙ 1 chambre ∙ 2 personnes,Loèche-les-Bains - Valais
27/08/2024,12/10/2024,19/10/2024,667.21,HYAT54V,43 m² Appartement ∙ 1 chambre ∙ 2 personnes,Loèche-les-Bains - Valais
27/08/2024,19/10/2024,26/10/2024,667.21,HYAT54V,43 m² Appartement ∙ 1 chambre ∙ 2 personnes,Loèche-les-Bains - Valais
27/08/2024,26/10/2024,02/11/2024,622.73,HYAT54V,43 m² Appartement ∙ 1 chambre ∙ 2 personnes,Loèche-les-Bains - Valais
27/08/2024,02/11/2024,09/11/2024,622.73,HYAT54V,43 m² Appartement ∙ 1 chambre ∙ 2 personnes,Loèche-les-Bains - Valais
27/08/2024,09/11/2024,16/11/2024,622.73,HYAT54V,43 m² Appartement ∙ 1 chambre ∙ 2 personnes,Loèche-les-Bains - Valais
27/08/2024,16/11/2024,23/11/2024,622.73,HYAT54V,43 m² Appartement ∙ 1 chambre ∙ 2 personnes,Loèche-les-Bains - Valais
27/08/2024,23/11/2024,30/11/2024,622.73,HYAT54V,43 m² Appartement ∙ 1 chambre ∙ 2 personnes,Loèche-les-Bains - Valais
27/08/2024,30/11/2024,07/12/2024,622.73,HYAT54V,43 m² Appartement ∙ 1 chambre ∙ 2 personnes,Loèche-les-Bains - Valais
27/08/2024,07/12/2024,14/12/2024,622.73,HYAT54V,43 m² Appartement ∙ 1 chambre ∙ 2 personnes,Loèche-les-Bains - Valais
27/08/2024,14/12/2024,21/12/2024,622.73,HYAT54V,43 m² Appartement ∙ 1 chambre ∙ 2 personnes,Loèche-les-Bains - Valais
27/08/2024,29/03/2025,05/04/2025,667.21,HYAT54V,43 m² Appartement ∙ 1 chambre ∙ 2 personnes,Loèche-les-Bains - Valais
27/08/2024,05/04/2025,12/04/2025,667.21,HYAT54V,43 m² Appartement ∙ 1 chambre ∙ 2 personnes,Loèche-les-Bains - Valais
27/08/2024,12/04/2025,19/04/2025,667.21,HYAT54V,43 m² Appartement ∙ 1 chambre ∙ 2 personnes,Loèche-les-Bains - Valais
27/08/2024,19/04/2025,26/04/2025,667.21,HYAT54V,43 m² Appartement ∙ 1 chambre ∙ 2 personnes,Loèche-les-Bains - Valais
27/08/2024,26/04/2025,03/05/2025,622.73,HYAT54V,43 m² Appartement ∙ 1 chambre ∙ 2 personnes,Loèche-les-Bains - Valais
27/08/2024,03/05/2025,10/05/2025,622.73,HYAT54V,43 m² Appartement ∙ 1 chambre ∙ 2 personnes,Loèche-les-Bains - Valais
27/08/2024,10/05/2025,17/05/2025,622.73,HYAT54V,43 m² Appartement ∙ 1 chambre ∙ 2 personnes,Loèche-les-Bains - Valais
27/08/2024,31/08/2024,07/09/2024,622.73,HB29WDL,29 m² Appartement ∙ 1 chambre ∙ 2 personnes,Loèche-les-Bains - Valais
27/08/2024,07/09/2024,14/09/2024,622.73,HB29WDL,29 m² Appartement ∙ 1 chambre ∙ 2 personnes,Loèche-les-Bains - Valais
27/08/2024,28/09/2024,05/10/2024,622.73,HB29WDL,29 m² Appartement ∙ 1 chambre ∙ 2 personnes,Loèche-les-Bains - Valais
27/08/2024,05/10/2024,12/10/2024,622.73,HB29WDL,29 m² Appartement ∙ 1 chambre ∙ 2 personnes,Loèche-les-Bains - Valais
27/08/2024,12/10/2024,19/10/2024,622.73,HB29WDL,29 m² Appartement ∙ 1 chambre ∙ 2 personnes,Loèche-les-Bains - Valais
27/08/2024,19/10/2024,26/10/2024,622.73,HB29WDL,29 m² Appartement ∙ 1 chambre ∙ 2 personnes,Loèche-les-Bains - Valais
27/08/2024,26/10/2024,02/11/2024,533.77,HB29WDL,29 m² Appartement ∙ 1 chambre ∙ 2 personnes,Loèche-les-Bains - Valais
27/08/2024,02/11/2024,09/11/2024,533.77,HB29WDL,29 m² Appartement ∙ 1 chambre ∙ 2 personnes,Loèche-les-Bains - Valais
27/08/2024,09/11/2024,16/11/2024,533.77,HB29WDL,29 m² Appartement ∙ 1 chambre ∙ 2 personnes,Loèche-les-Bains - Valais
27/08/2024,16/11/2024,23/11/2024,533.77,HB29WDL,29 m² Appartement ∙ 1 chambre ∙ 2 personnes,Loèche-les-Bains - Valais
27/08/2024,23/11/2024,30/11/2024,533.77,HB29WDL,29 m² Appartement ∙ 1 chambre ∙ 2 personnes,Loèche-les-Bains - Valais
27/08/2024,30/11/2024,07/12/2024,533.77,HB29WDL,29 m² Appartement ∙ 1 chambre ∙ 2 personnes,Loèche-les-Bains - Valais
27/08/2024,07/12/2024,14/12/2024,533.77,HB29WDL,29 m² Appartement ∙ 1 chambre ∙ 2 personnes,Loèche-les-Bains - Valais
27/08/2024,14/12/2024,21/12/2024,533.77,HB29WDL,29 m² Appartement ∙ 1 chambre ∙ 2 personnes,Loèche-les-Bains - Valais
27/08/2024,21/12/2024,28/12/2024,827.34,HB29WDL,29 m² Appartement ∙ 1 chambre ∙ 2 personnes,Loèche-les-Bains - Valais
27/08/2024,28/12/2024,04/01/2025,827.34,HB29WDL,29 m² Appartement ∙ 1 chambre ∙ 2 personnes,Loèche-les-Bains - Valais
27/08/2024,04/01/2025,11/01/2025,622.73,HB29WDL,29 m² Appartement ∙ 1 chambre ∙ 2 personnes,Loèche-les-Bains - Valais
27/08/2024,11/01/2025,18/01/2025,622.73,HB29WDL,29 m² Appartement ∙ 1 chambre ∙ 2 personnes,Loèche-les-Bains - Valais
27/08/2024,18/01/2025,25/01/2025,622.73,HB29WDL,29 m² Appartement ∙ 1 chambre ∙ 2 personnes,Loèche-les-Bains - Valais
27/08/2024,01/02/2025,08/02/2025,827.34,HB29WDL,29 m² Appartement ∙ 1 chambre ∙ 2 personnes,Loèche-les-Bains - Valais
27/08/2024,01/03/2025,08/03/2025,827.34,HB29WDL,29 m² Appartement ∙ 1 chambre ∙ 2 personnes,Loèche-les-Bains - Valais
27/08/2024,08/03/2025,15/03/2025,622.73,HB29WDL,29 m² Appartement ∙ 1 chambre ∙ 2 personnes,Loèche-les-Bains - Valais
27/08/2024,15/03/2025,22/03/2025,622.73,HB29WDL,29 m² Appartement ∙ 1 chambre ∙ 2 personnes,Loèche-les-Bains - Valais
27/08/2024,22/03/2025,29/03/2025,622.73,HB29WDL,29 m² Appartement ∙ 1 chambre ∙ 2 personnes,Loèche-les-Bains - Valais
27/08/2024,29/03/2025,05/04/2025,622.73,HB29WDL,29 m² Appartement ∙ 1 chambre ∙ 2 personnes,Loèche-les-Bains - Valais
27/08/2024,05/04/2025,12/04/2025,622.73,HB29WDL,29 m² Appartement ∙ 1 chambre ∙ 2 personnes,Loèche-les-Bains - Valais
27/08/2024,12/04/2025,19/04/2025,622.73,HB29WDL,29 m² Appartement ∙ 1 chambre ∙ 2 personnes,Loèche-les-Bains - Valais
27/08/2024,19/04/2025,26/04/2025,622.73,HB29WDL,29 m² Appartement ∙ 1 chambre ∙ 2 personnes,Loèche-les-Bains - Valais
27/08/2024,26/04/2025,03/05/2025,533.77,HB29WDL,29 m² Appartement ∙ 1 chambre ∙ 2 personnes,Loèche-les-Bains - Valais
27/08/2024,31/08/2024,07/09/2024,737.71,HDSFJBK,53 m² Appartement ∙ 2 chambres ∙ 4 personnes,Saas Fee - Valais
27/08/2024,07/09/2024,14/09/2024,737.71,HDSFJBK,53 m² Appartement ∙ 2 chambres ∙ 4 personnes,Saas Fee - Valais
27/08/2024,14/09/2024,21/09/2024,737.71,HDSFJBK,53 m² Appartement ∙ 2 chambres ∙ 4 personnes,Saas Fee - Valais
27/08/2024,28/09/2024,05/10/2024,737.71,HDSFJBK,53 m² Appartement ∙ 2 chambres ∙ 4 personnes,Saas Fee - Valais
27/08/2024,02/11/2024,09/11/2024,737.71,HDSFJBK,53 m² Appartement ∙ 2 chambres ∙ 4 personnes,Saas Fee - Valais
27/08/2024,09/11/2024,16/11/2024,737.71,HDSFJBK,53 m² Appartement ∙ 2 chambres ∙ 4 personnes,Saas Fee - Valais
27/08/2024,16/11/2024,23/11/2024,737.71,HDSFJBK,53 m² Appartement ∙ 2 chambres ∙ 4 personnes,Saas Fee - Valais
27/08/2024,23/11/2024,30/11/2024,737.71,HDSFJBK,53 m² Appartement ∙ 2 chambres ∙ 4 personnes,Saas Fee - Valais
27/08/2024,30/11/2024,07/12/2024,737.71,HDSFJBK,53 m² Appartement ∙ 2 chambres ∙ 4 personnes,Saas Fee - Valais
27/08/2024,07/12/2024,14/12/2024,737.71,HDSFJBK,53 m² Appartement ∙ 2 chambres ∙ 4 personnes,Saas Fee - Valais
27/08/2024,14/12/2024,21/12/2024,1213.65,HDSFJBK,53 m² Appartement ∙ 2 chambres ∙ 4 personnes,Saas Fee - Valais
27/08/2024,04/01/2025,11/01/2025,1213.65,HDSFJBK,53 m² Appartement ∙ 2 chambres ∙ 4 personnes,Saas Fee - Valais
27/08/2024,11/01/2025,18/01/2025,737.71,HDSFJBK,53 m² Appartement ∙ 2 chambres ∙ 4 personnes,Saas Fee - Valais
27/08/2024,25/01/2025,01/02/2025,1729.26,HDSFJBK,53 m² Appartement ∙ 2 chambres ∙ 4 personnes,Saas Fee - Valais
27/08/2024,08/02/2025,15/02/2025,2006.89,HDSFJBK,53 m² Appartement ∙ 2 chambres ∙ 4 personnes,Saas Fee - Valais
27/08/2024,22/02/2025,01/03/2025,2006.89,HDSFJBK,53 m² Appartement ∙ 2 chambres ∙ 4 personnes,Saas Fee - Valais
27/08/2024,29/03/2025,05/04/2025,1213.65,HDSFJBK,53 m² Appartement ∙ 2 chambres ∙ 4 personnes,Saas Fee - Valais
27/08/2024,05/04/2025,12/04/2025,1213.65,HDSFJBK,53 m² Appartement ∙ 2 chambres ∙ 4 personnes,Saas Fee - Valais
27/08/2024,12/04/2025,19/04/2025,1729.26,HDSFJBK,53 m² Appartement ∙ 2 chambres ∙ 4 personnes,Saas Fee - Valais
27/08/2024,19/04/2025,26/04/2025,1729.26,HDSFJBK,53 m² Appartement ∙ 2 chambres ∙ 4 personnes,Saas Fee - Valais
27/08/2024,07/09/2024,14/09/2024,1486.00,HDZV9EN,Maison de vacances ∙ 3 chambres ∙ 6 personnes,Zinal - Ayer - Valais
27/08/2024,14/09/2024,21/09/2024,1486.00,HDZV9EN,Maison de vacances ∙ 3 chambres ∙ 6 personnes,Zinal - Ayer - Valais
27/08/2024,21/09/2024,28/09/2024,1486.00,HDZV9EN,Maison de vacances ∙ 3 chambres ∙ 6 personnes,Zinal - Ayer - Valais
27/08/2024,28/09/2024,05/10/2024,1486.00,HDZV9EN,Maison de vacances ∙ 3 chambres ∙ 6 personnes,Zinal - Ayer - Valais
27/08/2024,05/10/2024,12/10/2024,1486.00,HDZV9EN,Maison de vacances ∙ 3 chambres ∙ 6 personnes,Zinal - Ayer - Valais
27/08/2024,26/10/2024,02/11/2024,1486.00,HDZV9EN,Maison de vacances ∙ 3 chambres ∙ 6 personnes,Zinal - Ayer - Valais
27/08/2024,02/11/2024,09/11/2024,1486.00,HDZV9EN,Maison de vacances ∙ 3 chambres ∙ 6 personnes,Zinal - Ayer - Valais
27/08/2024,09/11/2024,16/11/2024,1486.00,HDZV9EN,Maison de vacances ∙ 3 chambres ∙ 6 personnes,Zinal - Ayer - Valais
27/08/2024,16/11/2024,23/11/2024,1486.00,HDZV9EN,Maison de vacances ∙ 3 chambres ∙ 6 personnes,Zinal - Ayer - Valais
27/08/2024,23/11/2024,30/11/2024,1486.00,HDZV9EN,Maison de vacances ∙ 3 chambres ∙ 6 personnes,Zinal - Ayer - Valais
27/08/2024,30/11/2024,07/12/2024,1486.00,HDZV9EN,Maison de vacances ∙ 3 chambres ∙ 6 personnes,Zinal - Ayer - Valais
27/08/2024,07/12/2024,14/12/2024,1486.00,HDZV9EN,Maison de vacances ∙ 3 chambres ∙ 6 personnes,Zinal - Ayer - Valais
27/08/2024,14/12/2024,21/12/2024,1790.00,HDZV9EN,Maison de vacances ∙ 3 chambres ∙ 6 personnes,Zinal - Ayer - Valais
27/08/2024,21/12/2024,28/12/2024,1941.00,HDZV9EN,Maison de vacances ∙ 3 chambres ∙ 6 personnes,Zinal - Ayer - Valais
27/08/2024,04/01/2025,11/01/2025,1790.00,HDZV9EN,Maison de vacances ∙ 3 chambres ∙ 6 personnes,Zinal - Ayer - Valais
27/08/2024,11/01/2025,18/01/2025,1790.00,HDZV9EN,Maison de vacances ∙ 3 chambres ∙ 6 personnes,Zinal - Ayer - Valais
27/08/2024,18/01/2025,25/01/2025,1790.00,HDZV9EN,Maison de vacances ∙ 3 chambres ∙ 6 personnes,Zinal - Ayer - Valais
27/08/2024,25/01/2025,01/02/2025,1790.00,HDZV9EN,Maison de vacances ∙ 3 chambres ∙ 6 personnes,Zinal - Ayer - Valais
27/08/2024,08/03/2025,15/03/2025,1828.00,HDZV9EN,Maison de vacances ∙ 3 chambres ∙ 6 personnes,Zinal - Ayer - Valais
27/08/2024,15/03/2025,22/03/2025,1790.00,HDZV9EN,Maison de vacances ∙ 3 chambres ∙ 6 personnes,Zinal - Ayer - Valais
27/08/2024,22/03/2025,29/03/2025,1790.00,HDZV9EN,Maison de vacances ∙ 3 chambres ∙ 6 personnes,Zinal - Ayer - Valais
27/08/2024,29/03/2025,05/04/2025,1790.00,HDZV9EN,Maison de vacances ∙ 3 chambres ∙ 6 personnes,Zinal - Ayer - Valais
27/08/2024,05/04/2025,12/04/2025,1486.00,HDZV9EN,Maison de vacances ∙ 3 chambres ∙ 6 personnes,Zinal - Ayer - Valais
27/08/2024,26/04/2025,03/05/2025,1486.00,HDZV9EN,Maison de vacances ∙ 3 chambres ∙ 6 personnes,Zinal - Ayer - Valais
27/08/2024,03/05/2025,10/05/2025,1486.00,HDZV9EN,Maison de vacances ∙ 3 chambres ∙ 6 personnes,Zinal - Ayer - Valais
27/08/2024,10/05/2025,17/05/2025,1486.00,HDZV9EN,Maison de vacances ∙ 3 chambres ∙ 6 personnes,Zinal - Ayer - Valais
27/08/2024,31/08/2024,07/09/2024,498.00,HN06CEJ,35 m² Appartement ∙ 1 chambre ∙ 4 personnes,Ovronnaz - Leytron - Valais
27/08/2024,07/09/2024,14/09/2024,611.00,HN06CEJ,35 m² Appartement ∙ 1 chambre ∙ 4 personnes,Ovronnaz - Leytron - Valais
27/08/2024,14/09/2024,21/09/2024,611.00,HN06CEJ,35 m² Appartement ∙ 1 chambre ∙ 4 personnes,Ovronnaz - Leytron - Valais
27/08/2024,21/09/2024,28/09/2024,611.00,HN06CEJ,35 m² Appartement ∙ 1 chambre ∙ 4 personnes,Ovronnaz - Leytron - Valais
27/08/2024,28/09/2024,05/10/2024,611.00,HN06CEJ,35 m² Appartement ∙ 1 chambre ∙ 4 personnes,Ovronnaz - Leytron - Valais
27/08/2024,05/10/2024,12/10/2024,611.00,HN06CEJ,35 m² Appartement ∙ 1 chambre ∙ 4 personnes,Ovronnaz - Leytron - Valais
27/08/2024,12/10/2024,19/10/2024,611.00,HN06CEJ,35 m² Appartement ∙ 1 chambre ∙ 4 personnes,Ovronnaz - Leytron - Valais
27/08/2024,19/10/2024,26/10/2024,611.00,HN06CEJ,35 m² Appartement ∙ 1 chambre ∙ 4 personnes,Ovronnaz - Leytron - Valais
27/08/2024,26/10/2024,02/11/2024,611.00,HN06CEJ,35 m² Appartement ∙ 1 chambre ∙ 4 personnes,Ovronnaz - Leytron - Valais
27/08/2024,02/11/2024,09/11/2024,611.00,HN06CEJ,35 m² Appartement ∙ 1 chambre ∙ 4 personnes,Ovronnaz - Leytron - Valais
27/08/2024,09/11/2024,16/11/2024,611.00,HN06CEJ,35 m² Appartement ∙ 1 chambre ∙ 4 personnes,Ovronnaz - Leytron - Valais
27/08/2024,16/11/2024,23/11/2024,611.00,HN06CEJ,35 m² Appartement ∙ 1 chambre ∙ 4 personnes,Ovronnaz - Leytron - Valais
27/08/2024,23/11/2024,30/11/2024,611.00,HN06CEJ,35 m² Appartement ∙ 1 chambre ∙ 4 personnes,Ovronnaz - Leytron - Valais
27/08/2024,30/11/2024,07/12/2024,611.00,HN06CEJ,35 m² Appartement ∙ 1 chambre ∙ 4 personnes,Ovronnaz - Leytron - Valais
27/08/2024,07/12/2024,14/12/2024,611.00,HN06CEJ,35 m² Appartement ∙ 1 chambre ∙ 4 personnes,Ovronnaz - Leytron - Valais
27/08/2024,14/12/2024,21/12/2024,611.00,HN06CEJ,35 m² Appartement ∙ 1 chambre ∙ 4 personnes,Ovronnaz - Leytron - Valais
27/08/2024,28/12/2024,04/01/2025,1125.00,HN06CEJ,35 m² Appartement ∙ 1 chambre ∙ 4 personnes,Ovronnaz - Leytron - Valais
27/08/2024,04/01/2025,11/01/2025,611.00,HN06CEJ,35 m² Appartement ∙ 1 chambre ∙ 4 personnes,Ovronnaz - Leytron - Valais
27/08/2024,11/01/2025,18/01/2025,611.00,HN06CEJ,35 m² Appartement ∙ 1 chambre ∙ 4 personnes,Ovronnaz - Leytron - Valais
27/08/2024,18/01/2025,25/01/2025,611.00,HN06CEJ,35 m² Appartement ∙ 1 chambre ∙ 4 personnes,Ovronnaz - Leytron - Valais
27/08/2024,25/01/2025,01/02/2025,611.00,HN06CEJ,35 m² Appartement ∙ 1 chambre ∙ 4 personnes,Ovronnaz - Leytron - Valais
27/08/2024,01/02/2025,08/02/2025,672.00,HN06CEJ,35 m² Appartement ∙ 1 chambre ∙ 4 personnes,Ovronnaz - Leytron - Valais
27/08/2024,08/02/2025,15/02/2025,672.00,HN06CEJ,35 m² Appartement ∙ 1 chambre ∙ 4 personnes,Ovronnaz - Leytron - Valais
27/08/2024,22/02/2025,01/03/2025,1074.00,HN06CEJ,35 m² Appartement ∙ 1 chambre ∙ 4 personnes,Ovronnaz - Leytron - Valais
27/08/2024,01/03/2025,08/03/2025,1074.00,HN06CEJ,35 m² Appartement ∙ 1 chambre ∙ 4 personnes,Ovronnaz - Leytron - Valais
27/08/2024,08/03/2025,15/03/2025,611.00,HN06CEJ,35 m² Appartement ∙ 1 chambre ∙ 4 personnes,Ovronnaz - Leytron - Valais
27/08/2024,15/03/2025,22/03/2025,611.00,HN06CEJ,35 m² Appartement ∙ 1 chambre ∙ 4 personnes,Ovronnaz - Leytron - Valais
27/08/2024,22/03/2025,29/03/2025,611.00,HN06CEJ,35 m² Appartement ∙ 1 chambre ∙ 4 personnes,Ovronnaz - Leytron - Valais
27/08/2024,29/03/2025,05/04/2025,611.00,HN06CEJ,35 m² Appartement ∙ 1 chambre ∙ 4 personnes,Ovronnaz - Leytron - Valais
27/08/2024,05/04/2025,12/04/2025,611.00,HN06CEJ,35 m² Appartement ∙ 1 chambre ∙ 4 personnes,Ovronnaz - Leytron - Valais
27/08/2024,12/04/2025,19/04/2025,611.00,HN06CEJ,35 m² Appartement ∙ 1 chambre ∙ 4 personnes,Ovronnaz - Leytron - Valais
27/08/2024,19/04/2025,26/04/2025,611.00,HN06CEJ,35 m² Appartement ∙ 1 chambre ∙ 4 personnes,Ovronnaz - Leytron - Valais
27/08/2024,26/04/2025,03/05/2025,611.00,HN06CEJ,35 m² Appartement ∙ 1 chambre ∙ 4 personnes,Ovronnaz - Leytron - Valais
27/08/2024,03/05/2025,10/05/2025,611.00,HN06CEJ,35 m² Appartement ∙ 1 chambre ∙ 4 personnes,Ovronnaz - Leytron - Valais
27/08/2024,10/05/2025,17/05/2025,611.00,HN06CEJ,35 m² Appartement ∙ 1 chambre ∙ 4 personnes,Ovronnaz - Leytron - Valais
27/08/2024,14/09/2024,21/09/2024,1179.00,HYFC7ZX,100 m² Appartement ∙ 3 chambres ∙ 6 personnes,Crans-Montana - Valais
27/08/2024,21/09/2024,28/09/2024,1179.00,HYFC7ZX,100 m² Appartement ∙ 3 chambres ∙ 6 personnes,Crans-Montana - Valais
27/08/2024,28/09/2024,05/10/2024,1179.00,HYFC7ZX,100 m² Appartement ∙ 3 chambres ∙ 6 personnes,Crans-Montana - Valais
27/08/2024,05/10/2024,12/10/2024,1179.00,HYFC7ZX,100 m² Appartement ∙ 3 chambres ∙ 6 personnes,Crans-Montana - Valais
27/08/2024,12/10/2024,19/10/2024,1179.00,HYFC7ZX,100 m² Appartement ∙ 3 chambres ∙ 6 personnes,Crans-Montana - Valais
27/08/2024,19/10/2024,26/10/2024,1179.00,HYFC7ZX,100 m² Appartement ∙ 3 chambres ∙ 6 personnes,Crans-Montana - Valais
27/08/2024,26/10/2024,02/11/2024,1179.00,HYFC7ZX,100 m² Appartement ∙ 3 chambres ∙ 6 personnes,Crans-Montana - Valais
27/08/2024,02/11/2024,09/11/2024,1206.00,HYFC7ZX,100 m² Appartement ∙ 3 chambres ∙ 6 personnes,Crans-Montana - Valais
27/08/2024,09/11/2024,16/11/2024,1206.00,HYFC7ZX,100 m² Appartement ∙ 3 chambres ∙ 6 personnes,Crans-Montana - Valais
27/08/2024,16/11/2024,23/11/2024,1206.00,HYFC7ZX,100 m² Appartement ∙ 3 chambres ∙ 6 personnes,Crans-Montana - Valais
27/08/2024,23/11/2024,30/11/2024,1206.00,HYFC7ZX,100 m² Appartement ∙ 3 chambres ∙ 6 personnes,Crans-Montana - Valais
27/08/2024,30/11/2024,07/12/2024,1206.00,HYFC7ZX,100 m² Appartement ∙ 3 chambres ∙ 6 personnes,Crans-Montana - Valais
27/08/2024,07/12/2024,14/12/2024,1206.00,HYFC7ZX,100 m² Appartement ∙ 3 chambres ∙ 6 personnes,Crans-Montana - Valais
27/08/2024,04/01/2025,11/01/2025,1532.00,HYFC7ZX,100 m² Appartement ∙ 3 chambres ∙ 6 personnes,Crans-Montana - Valais
27/08/2024,11/01/2025,18/01/2025,1532.00,HYFC7ZX,100 m² Appartement ∙ 3 chambres ∙ 6 personnes,Crans-Montana - Valais
27/08/2024,18/01/2025,25/01/2025,1532.00,HYFC7ZX,100 m² Appartement ∙ 3 chambres ∙ 6 personnes,Crans-Montana - Valais
27/08/2024,25/01/2025,01/02/2025,1608.00,HYFC7ZX,100 m² Appartement ∙ 3 chambres ∙ 6 personnes,Crans-Montana - Valais
27/08/2024,08/02/2025,15/02/2025,2205.00,HYFC7ZX,100 m² Appartement ∙ 3 chambres ∙ 6 personnes,Crans-Montana - Valais
27/08/2024,15/02/2025,22/02/2025,2631.00,HYFC7ZX,100 m² Appartement ∙ 3 chambres ∙ 6 personnes,Crans-Montana - Valais
27/08/2024,22/02/2025,01/03/2025,2631.00,HYFC7ZX,100 m² Appartement ∙ 3 chambres ∙ 6 personnes,Crans-Montana - Valais
27/08/2024,01/03/2025,08/03/2025,2205.00,HYFC7ZX,100 m² Appartement ∙ 3 chambres ∙ 6 personnes,Crans-Montana - Valais
27/08/2024,15/03/2025,22/03/2025,1206.00,HYFC7ZX,100 m² Appartement ∙ 3 chambres ∙ 6 personnes,Crans-Montana - Valais
27/08/2024,22/03/2025,29/03/2025,1206.00,HYFC7ZX,100 m² Appartement ∙ 3 chambres ∙ 6 personnes,Crans-Montana - Valais
27/08/2024,29/03/2025,05/04/2025,1206.00,HYFC7ZX,100 m² Appartement ∙ 3 chambres ∙ 6 personnes,Crans-Montana - Valais
27/08/2024,05/04/2025,12/04/2025,1206.00,HYFC7ZX,100 m² Appartement ∙ 3 chambres ∙ 6 personnes,Crans-Montana - Valais
27/08/2024,12/04/2025,19/04/2025,1532.00,HYFC7ZX,100 m² Appartement ∙ 3 chambres ∙ 6 personnes,Crans-Montana - Valais
27/08/2024,19/04/2025,26/04/2025,1532.00,HYFC7ZX,100 m² Appartement ∙ 3 chambres ∙ 6 personnes,Crans-Montana - Valais
27/08/2024,26/04/2025,03/05/2025,1206.00,HYFC7ZX,100 m² Appartement ∙ 3 chambres ∙ 6 personnes,Crans-Montana - Valais
27/08/2024,03/05/2025,10/05/2025,1206.00,HYFC7ZX,100 m² Appartement ∙ 3 chambres ∙ 6 personnes,Crans-Montana - Valais
27/08/2024,10/05/2025,17/05/2025,1206.00,HYFC7ZX,100 m² Appartement ∙ 3 chambres ∙ 6 personnes,Crans-Montana - Valais
27/08/2024,21/09/2024,28/09/2024,1126.00,HWRYE7N,Appartement ∙ 2 chambres ∙ 4 personnes,Verbier - Bagnes - Valais
27/08/2024,28/09/2024,05/10/2024,1217.00,HWRYE7N,Appartement ∙ 2 chambres ∙ 4 personnes,Verbier - Bagnes - Valais
27/08/2024,05/10/2024,12/10/2024,1217.00,HWRYE7N,Appartement ∙ 2 chambres ∙ 4 personnes,Verbier - Bagnes - Valais
27/08/2024,12/10/2024,19/10/2024,1217.00,HWRYE7N,Appartement ∙ 2 chambres ∙ 4 personnes,Verbier - Bagnes - Valais
27/08/2024,19/10/2024,26/10/2024,1217.00,HWRYE7N,Appartement ∙ 2 chambres ∙ 4 personnes,Verbier - Bagnes - Valais
27/08/2024,26/10/2024,02/11/2024,1217.00,HWRYE7N,Appartement ∙ 2 chambres ∙ 4 personnes,Verbier - Bagnes - Valais
27/08/2024,02/11/2024,09/11/2024,1244.00,HWRYE7N,Appartement ∙ 2 chambres ∙ 4 personnes,Verbier - Bagnes - Valais
27/08/2024,09/11/2024,16/11/2024,1244.00,HWRYE7N,Appartement ∙ 2 chambres ∙ 4 personnes,Verbier - Bagnes - Valais
27/08/2024,16/11/2024,23/11/2024,1244.00,HWRYE7N,Appartement ∙ 2 chambres ∙ 4 personnes,Verbier - Bagnes - Valais
27/08/2024,23/11/2024,30/11/2024,1244.00,HWRYE7N,Appartement ∙ 2 chambres ∙ 4 personnes,Verbier - Bagnes - Valais
27/08/2024,30/11/2024,07/12/2024,1244.00,HWRYE7N,Appartement ∙ 2 chambres ∙ 4 personnes,Verbier - Bagnes - Valais
27/08/2024,07/12/2024,14/12/2024,1244.00,HWRYE7N,Appartement ∙ 2 chambres ∙ 4 personnes,Verbier - Bagnes - Valais
27/08/2024,14/12/2024,21/12/2024,1244.00,HWRYE7N,Appartement ∙ 2 chambres ∙ 4 personnes,Verbier - Bagnes - Valais
27/08/2024,21/12/2024,28/12/2024,2381.00,HWRYE7N,Appartement ∙ 2 chambres ∙ 4 personnes,Verbier - Bagnes - Valais
27/08/2024,28/12/2024,04/01/2025,3545.00,HWRYE7N,Appartement ∙ 2 chambres ∙ 4 personnes,Verbier - Bagnes - Valais
27/08/2024,04/01/2025,11/01/2025,1456.00,HWRYE7N,Appartement ∙ 2 chambres ∙ 4 personnes,Verbier - Bagnes - Valais
27/08/2024,11/01/2025,18/01/2025,1456.00,HWRYE7N,Appartement ∙ 2 chambres ∙ 4 personnes,Verbier - Bagnes - Valais
27/08/2024,18/01/2025,25/01/2025,1456.00,HWRYE7N,Appartement ∙ 2 chambres ∙ 4 personnes,Verbier - Bagnes - Valais
27/08/2024,25/01/2025,01/02/2025,1456.00,HWRYE7N,Appartement ∙ 2 chambres ∙ 4 personnes,Verbier - Bagnes - Valais
27/08/2024,08/02/2025,15/02/2025,1775.00,HWRYE7N,Appartement ∙ 2 chambres ∙ 4 personnes,Verbier - Bagnes - Valais
27/08/2024,15/02/2025,22/02/2025,3382.00,HWRYE7N,Appartement ∙ 2 chambres ∙ 4 personnes,Verbier - Bagnes - Valais
27/08/2024,22/02/2025,01/03/2025,3382.00,HWRYE7N,Appartement ∙ 2 chambres ∙ 4 personnes,Verbier - Bagnes - Valais
27/08/2024,08/03/2025,15/03/2025,1775.00,HWRYE7N,Appartement ∙ 2 chambres ∙ 4 personnes,Verbier - Bagnes - Valais
27/08/2024,15/03/2025,22/03/2025,1244.00,HWRYE7N,Appartement ∙ 2 chambres ∙ 4 personnes,Verbier - Bagnes - Valais
27/08/2024,22/03/2025,29/03/2025,1244.00,HWRYE7N,Appartement ∙ 2 chambres ∙ 4 personnes,Verbier - Bagnes - Valais
27/08/2024,29/03/2025,05/04/2025,1244.00,HWRYE7N,Appartement ∙ 2 chambres ∙ 4 personnes,Verbier - Bagnes - Valais
27/08/2024,05/04/2025,12/04/2025,1244.00,HWRYE7N,Appartement ∙ 2 chambres ∙ 4 personnes,Verbier - Bagnes - Valais
27/08/2024,12/04/2025,19/04/2025,1456.00,HWRYE7N,Appartement ∙ 2 chambres ∙ 4 personnes,Verbier - Bagnes - Valais
27/08/2024,19/04/2025,26/04/2025,1456.00,HWRYE7N,Appartement ∙ 2 chambres ∙ 4 personnes,Verbier - Bagnes - Valais
27/08/2024,26/04/2025,03/05/2025,1244.00,HWRYE7N,Appartement ∙ 2 chambres ∙ 4 personnes,Verbier - Bagnes - Valais
27/08/2024,03/05/2025,10/05/2025,1244.00,HWRYE7N,Appartement ∙ 2 chambres ∙ 4 personnes,Verbier - Bagnes - Valais
27/08/2024,10/05/2025,17/05/2025,1244.00,HWRYE7N,Appartement ∙ 2 chambres ∙ 4 personnes,Verbier - Bagnes - Valais
27/08/2024,31/08/2024,07/09/2024,761.40,HYAVL02,70 m² Appartement ∙ 2 chambres ∙ 4 personnes,Bellwald - Valais
27/08/2024,21/09/2024,28/09/2024,761.40,HYAVL02,70 m² Appartement ∙ 2 chambres ∙ 4 personnes,Bellwald - Valais
27/08/2024,12/10/2024,19/10/2024,761.40,HYAVL02,70 m² Appartement ∙ 2 chambres ∙ 4 personnes,Bellwald - Valais
27/08/2024,19/10/2024,26/10/2024,761.40,HYAVL02,70 m² Appartement ∙ 2 chambres ∙ 4 personnes,Bellwald - Valais
27/08/2024,26/10/2024,02/11/2024,761.40,HYAVL02,70 m² Appartement ∙ 2 chambres ∙ 4 personnes,Bellwald - Valais
27/08/2024,02/11/2024,09/11/2024,761.40,HYAVL02,70 m² Appartement ∙ 2 chambres ∙ 4 personnes,Bellwald - Valais
27/08/2024,09/11/2024,16/11/2024,761.40,HYAVL02,70 m² Appartement ∙ 2 chambres ∙ 4 personnes,Bellwald - Valais
27/08/2024,16/11/2024,23/11/2024,761.40,HYAVL02,70 m² Appartement ∙ 2 chambres ∙ 4 personnes,Bellwald - Valais
27/08/2024,23/11/2024,30/11/2024,761.40,HYAVL02,70 m² Appartement ∙ 2 chambres ∙ 4 personnes,Bellwald - Valais
27/08/2024,30/11/2024,07/12/2024,761.40,HYAVL02,70 m² Appartement ∙ 2 chambres ∙ 4 personnes,Bellwald - Valais
27/08/2024,07/12/2024,14/12/2024,761.40,HYAVL02,70 m² Appartement ∙ 2 chambres ∙ 4 personnes,Bellwald - Valais
27/08/2024,29/03/2025,05/04/2025,1522.80,HYAVL02,70 m² Appartement ∙ 2 chambres ∙ 4 personnes,Bellwald - Valais
27/08/2024,05/04/2025,12/04/2025,761.40,HYAVL02,70 m² Appartement ∙ 2 chambres ∙ 4 personnes,Bellwald - Valais
27/08/2024,12/04/2025,19/04/2025,761.40,HYAVL02,70 m² Appartement ∙ 2 chambres ∙ 4 personnes,Bellwald - Valais
27/08/2024,19/04/2025,26/04/2025,761.40,HYAVL02,70 m² Appartement ∙ 2 chambres ∙ 4 personnes,Bellwald - Valais
27/08/2024,26/04/2025,03/05/2025,761.40,HYAVL02,70 m² Appartement ∙ 2 chambres ∙ 4 personnes,Bellwald - Valais
27/08/2024,03/05/2025,10/05/2025,761.40,HYAVL02,70 m² Appartement ∙ 2 chambres ∙ 4 personnes,Bellwald - Valais
27/08/2024,10/05/2025,17/05/2025,761.40,HYAVL02,70 m² Appartement ∙ 2 chambres ∙ 4 personnes,Bellwald - Valais
27/08/2024,31/08/2024,07/09/2024,587.53,HRMX8C4,45 m² Appartement ∙ 1 chambre ∙ 4 personnes,Nendaz - Valais
27/08/2024,07/09/2024,14/09/2024,587.53,HRMX8C4,45 m² Appartement ∙ 1 chambre ∙ 4 personnes,Nendaz - Valais
27/08/2024,14/09/2024,21/09/2024,587.53,HRMX8C4,45 m² Appartement ∙ 1 chambre ∙ 4 personnes,Nendaz - Valais
27/08/2024,21/09/2024,28/09/2024,587.53,HRMX8C4,45 m² Appartement ∙ 1 chambre ∙ 4 personnes,Nendaz - Valais
27/08/2024,28/09/2024,05/10/2024,587.53,HRMX8C4,45 m² Appartement ∙ 1 chambre ∙ 4 personnes,Nendaz - Valais
27/08/2024,05/10/2024,12/10/2024,587.53,HRMX8C4,45 m² Appartement ∙ 1 chambre ∙ 4 personnes,Nendaz - Valais
27/08/2024,12/10/2024,19/10/2024,587.53,HRMX8C4,45 m² Appartement ∙ 1 chambre ∙ 4 personnes,Nendaz - Valais
27/08/2024,19/10/2024,26/10/2024,587.53,HRMX8C4,45 m² Appartement ∙ 1 chambre ∙ 4 personnes,Nendaz - Valais
27/08/2024,26/10/2024,02/11/2024,587.53,HRMX8C4,45 m² Appartement ∙ 1 chambre ∙ 4 personnes,Nendaz - Valais
27/08/2024,02/11/2024,09/11/2024,587.53,HRMX8C4,45 m² Appartement ∙ 1 chambre ∙ 4 personnes,Nendaz - Valais
27/08/2024,09/11/2024,16/11/2024,587.53,HRMX8C4,45 m² Appartement ∙ 1 chambre ∙ 4 personnes,Nendaz - Valais
27/08/2024,16/11/2024,23/11/2024,587.53,HRMX8C4,45 m² Appartement ∙ 1 chambre ∙ 4 personnes,Nendaz - Valais
27/08/2024,23/11/2024,30/11/2024,913.27,HRMX8C4,45 m² Appartement ∙ 1 chambre ∙ 4 personnes,Nendaz - Valais
27/08/2024,30/11/2024,07/12/2024,913.27,HRMX8C4,45 m² Appartement ∙ 1 chambre ∙ 4 personnes,Nendaz - Valais
27/08/2024,07/12/2024,14/12/2024,913.27,HRMX8C4,45 m² Appartement ∙ 1 chambre ∙ 4 personnes,Nendaz - Valais
27/08/2024,28/12/2024,04/01/2025,2320.56,HRMX8C4,45 m² Appartement ∙ 1 chambre ∙ 4 personnes,Nendaz - Valais
27/08/2024,18/01/2025,25/01/2025,934.52,HRMX8C4,45 m² Appartement ∙ 1 chambre ∙ 4 personnes,Nendaz - Valais
27/08/2024,08/02/2025,15/02/2025,1557.53,HRMX8C4,45 m² Appartement ∙ 1 chambre ∙ 4 personnes,Nendaz - Valais
27/08/2024,15/02/2025,22/02/2025,1557.53,HRMX8C4,45 m² Appartement ∙ 1 chambre ∙ 4 personnes,Nendaz - Valais
27/08/2024,22/02/2025,01/03/2025,2320.56,HRMX8C4,45 m² Appartement ∙ 1 chambre ∙ 4 personnes,Nendaz - Valais
27/08/2024,01/03/2025,08/03/2025,2320.56,HRMX8C4,45 m² Appartement ∙ 1 chambre ∙ 4 personnes,Nendaz - Valais
27/08/2024,08/03/2025,15/03/2025,2320.56,HRMX8C4,45 m² Appartement ∙ 1 chambre ∙ 4 personnes,Nendaz - Valais
27/08/2024,15/03/2025,22/03/2025,913.27,HRMX8C4,45 m² Appartement ∙ 1 chambre ∙ 4 personnes,Nendaz - Valais
27/08/2024,22/03/2025,29/03/2025,913.27,HRMX8C4,45 m² Appartement ∙ 1 chambre ∙ 4 personnes,Nendaz - Valais
27/08/2024,29/03/2025,05/04/2025,913.27,HRMX8C4,45 m² Appartement ∙ 1 chambre ∙ 4 personnes,Nendaz - Valais
27/08/2024,05/04/2025,12/04/2025,934.52,HRMX8C4,45 m² Appartement ∙ 1 chambre ∙ 4 personnes,Nendaz - Valais
27/08/2024,12/04/2025,19/04/2025,934.52,HRMX8C4,45 m² Appartement ∙ 1 chambre ∙ 4 personnes,Nendaz - Valais
27/08/2024,19/04/2025,26/04/2025,913.27,HRMX8C4,45 m² Appartement ∙ 1 chambre ∙ 4 personnes,Nendaz - Valais
27/08/2024,07/09/2024,14/09/2024,578.84,H9VHB86,25 m² Appartement ∙ 1 chambre ∙ 2 personnes,Saas Fee - Valais
27/08/2024,14/09/2024,21/09/2024,578.84,H9VHB86,25 m² Appartement ∙ 1 chambre ∙ 2 personnes,Saas Fee - Valais
27/08/2024,21/09/2024,28/09/2024,578.84,H9VHB86,25 m² Appartement ∙ 1 chambre ∙ 2 personnes,Saas Fee - Valais
27/08/2024,09/11/2024,16/11/2024,578.84,H9VHB86,25 m² Appartement ∙ 1 chambre ∙ 2 personnes,Saas Fee - Valais
27/08/2024,16/11/2024,23/11/2024,578.84,H9VHB86,25 m² Appartement ∙ 1 chambre ∙ 2 personnes,Saas Fee - Valais
27/08/2024,23/11/2024,30/11/2024,578.84,H9VHB86,25 m² Appartement ∙ 1 chambre ∙ 2 personnes,Saas Fee - Valais
27/08/2024,30/11/2024,07/12/2024,578.84,H9VHB86,25 m² Appartement ∙ 1 chambre ∙ 2 personnes,Saas Fee - Valais
27/08/2024,07/12/2024,14/12/2024,578.84,H9VHB86,25 m² Appartement ∙ 1 chambre ∙ 2 personnes,Saas Fee - Valais
27/08/2024,14/12/2024,21/12/2024,682.74,H9VHB86,25 m² Appartement ∙ 1 chambre ∙ 2 personnes,Saas Fee - Valais
27/08/2024,04/01/2025,11/01/2025,593.68,H9VHB86,25 m² Appartement ∙ 1 chambre ∙ 2 personnes,Saas Fee - Valais
27/08/2024,25/01/2025,01/02/2025,920.21,H9VHB86,25 m² Appartement ∙ 1 chambre ∙ 2 personnes,Saas Fee - Valais
27/08/2024,01/02/2025,08/02/2025,920.21,H9VHB86,25 m² Appartement ∙ 1 chambre ∙ 2 personnes,Saas Fee - Valais
27/08/2024,08/02/2025,15/02/2025,920.21,H9VHB86,25 m² Appartement ∙ 1 chambre ∙ 2 personnes,Saas Fee - Valais
27/08/2024,22/03/2025,29/03/2025,697.58,H9VHB86,25 m² Appartement ∙ 1 chambre ∙ 2 personnes,Saas Fee - Valais
27/08/2024,29/03/2025,05/04/2025,697.58,H9VHB86,25 m² Appartement ∙ 1 chambre ∙ 2 personnes,Saas Fee - Valais
27/08/2024,05/04/2025,12/04/2025,920.21,H9VHB86,25 m² Appartement ∙ 1 chambre ∙ 2 personnes,Saas Fee - Valais
27/08/2024,12/04/2025,19/04/2025,920.21,H9VHB86,25 m² Appartement ∙ 1 chambre ∙ 2 personnes,Saas Fee - Valais
27/08/2024,19/04/2025,26/04/2025,697.58,H9VHB86,25 m² Appartement ∙ 1 chambre ∙ 2 personnes,Saas Fee - Valais
27/08/2024,14/09/2024,21/09/2024,1422.00,HNWGZ9V,Tasman 15/R,Tasman 15/RPort-Valais - Valais
27/08/2024,21/09/2024,28/09/2024,1422.00,HNWGZ9V,Tasman 15/R,Tasman 15/RPort-Valais - Valais
27/08/2024,05/10/2024,12/10/2024,1544.00,HNWGZ9V,Tasman 15/R,Tasman 15/RPort-Valais - Valais
27/08/2024,12/10/2024,19/10/2024,1544.00,HNWGZ9V,Tasman 15/R,Tasman 15/RPort-Valais - Valais
27/08/2024,19/10/2024,26/10/2024,1240.00,HNWGZ9V,Tasman 15/R,Tasman 15/RPort-Valais - Valais
27/08/2024,26/10/2024,02/11/2024,1240.00,HNWGZ9V,Tasman 15/R,Tasman 15/RPort-Valais - Valais
27/08/2024,02/11/2024,09/11/2024,1268.00,HNWGZ9V,Tasman 15/R,Tasman 15/RPort-Valais - Valais
27/08/2024,09/11/2024,16/11/2024,1268.00,HNWGZ9V,Tasman 15/R,Tasman 15/RPort-Valais - Valais
27/08/2024,16/11/2024,23/11/2024,1268.00,HNWGZ9V,Tasman 15/R,Tasman 15/RPort-Valais - Valais
27/08/2024,23/11/2024,30/11/2024,1268.00,HNWGZ9V,Tasman 15/R,Tasman 15/RPort-Valais - Valais
27/08/2024,30/11/2024,07/12/2024,1268.00,HNWGZ9V,Tasman 15/R,Tasman 15/RPort-Valais - Valais
27/08/2024,07/12/2024,14/12/2024,1268.00,HNWGZ9V,Tasman 15/R,Tasman 15/RPort-Valais - Valais
27/08/2024,14/12/2024,21/12/2024,1268.00,HNWGZ9V,Tasman 15/R,Tasman 15/RPort-Valais - Valais
27/08/2024,21/12/2024,28/12/2024,1450.00,HNWGZ9V,Tasman 15/R,Tasman 15/RPort-Valais - Valais
27/08/2024,28/12/2024,04/01/2025,1571.00,HNWGZ9V,Tasman 15/R,Tasman 15/RPort-Valais - Valais
27/08/2024,04/01/2025,11/01/2025,1268.00,HNWGZ9V,Tasman 15/R,Tasman 15/RPort-Valais - Valais
27/08/2024,11/01/2025,18/01/2025,1268.00,HNWGZ9V,Tasman 15/R,Tasman 15/RPort-Valais - Valais
27/08/2024,18/01/2025,25/01/2025,1268.00,HNWGZ9V,Tasman 15/R,Tasman 15/RPort-Valais - Valais
27/08/2024,25/01/2025,01/02/2025,1268.00,HNWGZ9V,Tasman 15/R,Tasman 15/RPort-Valais - Valais
27/08/2024,01/02/2025,08/02/2025,1268.00,HNWGZ9V,Tasman 15/R,Tasman 15/RPort-Valais - Valais
27/08/2024,08/02/2025,15/02/2025,1268.00,HNWGZ9V,Tasman 15/R,Tasman 15/RPort-Valais - Valais
27/08/2024,15/02/2025,22/02/2025,1268.00,HNWGZ9V,Tasman 15/R,Tasman 15/RPort-Valais - Valais
27/08/2024,22/02/2025,01/03/2025,1268.00,HNWGZ9V,Tasman 15/R,Tasman 15/RPort-Valais - Valais
27/08/2024,01/03/2025,08/03/2025,1268.00,HNWGZ9V,Tasman 15/R,Tasman 15/RPort-Valais - Valais
27/08/2024,08/03/2025,15/03/2025,1268.00,HNWGZ9V,Tasman 15/R,Tasman 15/RPort-Valais - Valais
27/08/2024,15/03/2025,22/03/2025,1268.00,HNWGZ9V,Tasman 15/R,Tasman 15/RPort-Valais - Valais
27/08/2024,22/03/2025,29/03/2025,1268.00,HNWGZ9V,Tasman 15/R,Tasman 15/RPort-Valais - Valais
27/08/2024,29/03/2025,05/04/2025,1268.00,HNWGZ9V,Tasman 15/R,Tasman 15/RPort-Valais - Valais
27/08/2024,05/04/2025,12/04/2025,1268.00,HNWGZ9V,Tasman 15/R,Tasman 15/RPort-Valais - Valais
27/08/2024,12/04/2025,19/04/2025,1450.00,HNWGZ9V,Tasman 15/R,Tasman 15/RPort-Valais - Valais
27/08/2024,19/04/2025,26/04/2025,1450.00,HNWGZ9V,Tasman 15/R,Tasman 15/RPort-Valais - Valais
27/08/2024,26/04/2025,03/05/2025,1268.00,HNWGZ9V,Tasman 15/R,Tasman 15/RPort-Valais - Valais
27/08/2024,03/05/2025,10/05/2025,1268.00,HNWGZ9V,Tasman 15/R,Tasman 15/RPort-Valais - Valais
27/08/2024,10/05/2025,17/05/2025,1268.00,HNWGZ9V,Tasman 15/R,Tasman 15/RPort-Valais - Valais
27/08/2024,14/09/2024,21/09/2024,593.69,HH54DZ3,Appartement ∙ 2 chambres ∙ 4 personnes,Grächen - Valais
27/08/2024,21/09/2024,28/09/2024,845.57,HH54DZ3,Appartement ∙ 2 chambres ∙ 4 personnes,Grächen - Valais
27/08/2024,28/09/2024,05/10/2024,667.90,HH54DZ3,Appartement ∙ 2 chambres ∙ 4 personnes,Grächen - Valais
27/08/2024,05/10/2024,12/10/2024,667.90,HH54DZ3,Appartement ∙ 2 chambres ∙ 4 personnes,Grächen - Valais
27/08/2024,12/10/2024,19/10/2024,667.90,HH54DZ3,Appartement ∙ 2 chambres ∙ 4 personnes,Grächen - Valais
27/08/2024,19/10/2024,26/10/2024,885.86,HH54DZ3,Appartement ∙ 2 chambres ∙ 4 personnes,Grächen - Valais
27/08/2024,26/10/2024,02/11/2024,593.69,HH54DZ3,Appartement ∙ 2 chambres ∙ 4 personnes,Grächen - Valais
27/08/2024,02/11/2024,09/11/2024,593.69,HH54DZ3,Appartement ∙ 2 chambres ∙ 4 personnes,Grächen - Valais
27/08/2024,09/11/2024,16/11/2024,593.69,HH54DZ3,Appartement ∙ 2 chambres ∙ 4 personnes,Grächen - Valais
27/08/2024,16/11/2024,23/11/2024,593.69,HH54DZ3,Appartement ∙ 2 chambres ∙ 4 personnes,Grächen - Valais
27/08/2024,23/11/2024,30/11/2024,593.69,HH54DZ3,Appartement ∙ 2 chambres ∙ 4 personnes,Grächen - Valais
27/08/2024,30/11/2024,07/12/2024,593.69,HH54DZ3,Appartement ∙ 2 chambres ∙ 4 personnes,Grächen - Valais
27/08/2024,07/12/2024,14/12/2024,593.69,HH54DZ3,Appartement ∙ 2 chambres ∙ 4 personnes,Grächen - Valais
27/08/2024,14/12/2024,21/12/2024,964.74,HH54DZ3,Appartement ∙ 2 chambres ∙ 4 personnes,Grächen - Valais
27/08/2024,11/01/2025,18/01/2025,964.74,HH54DZ3,Appartement ∙ 2 chambres ∙ 4 personnes,Grächen - Valais
27/08/2024,01/03/2025,08/03/2025,1335.79,HH54DZ3,Appartement ∙ 2 chambres ∙ 4 personnes,Grächen - Valais
27/08/2024,29/03/2025,05/04/2025,964.74,HH54DZ3,Appartement ∙ 2 chambres ∙ 4 personnes,Grächen - Valais
27/08/2024,31/08/2024,07/09/2024,1536.00,HK2XJM8,87 m² Maison de vacances ∙ 3 chambres ∙ 6 personnes,Crans-Montana - Valais
27/08/2024,28/09/2024,05/10/2024,1325.00,HK2XJM8,87 m² Maison de vacances ∙ 3 chambres ∙ 6 personnes,Crans-Montana - Valais
27/08/2024,12/10/2024,19/10/2024,1325.00,HK2XJM8,87 m² Maison de vacances ∙ 3 chambres ∙ 6 personnes,Crans-Montana - Valais
27/08/2024,19/10/2024,26/10/2024,1325.00,HK2XJM8,87 m² Maison de vacances ∙ 3 chambres ∙ 6 personnes,Crans-Montana - Valais
27/08/2024,26/10/2024,02/11/2024,1325.00,HK2XJM8,87 m² Maison de vacances ∙ 3 chambres ∙ 6 personnes,Crans-Montana - Valais
27/08/2024,02/11/2024,09/11/2024,1352.00,HK2XJM8,87 m² Maison de vacances ∙ 3 chambres ∙ 6 personnes,Crans-Montana - Valais
27/08/2024,09/11/2024,16/11/2024,1352.00,HK2XJM8,87 m² Maison de vacances ∙ 3 chambres ∙ 6 personnes,Crans-Montana - Valais
27/08/2024,16/11/2024,23/11/2024,1352.00,HK2XJM8,87 m² Maison de vacances ∙ 3 chambres ∙ 6 personnes,Crans-Montana - Valais
27/08/2024,23/11/2024,30/11/2024,1352.00,HK2XJM8,87 m² Maison de vacances ∙ 3 chambres ∙ 6 personnes,Crans-Montana - Valais
27/08/2024,30/11/2024,07/12/2024,1352.00,HK2XJM8,87 m² Maison de vacances ∙ 3 chambres ∙ 6 personnes,Crans-Montana - Valais
27/08/2024,07/12/2024,14/12/2024,1352.00,HK2XJM8,87 m² Maison de vacances ∙ 3 chambres ∙ 6 personnes,Crans-Montana - Valais
27/08/2024,14/12/2024,21/12/2024,1352.00,HK2XJM8,87 m² Maison de vacances ∙ 3 chambres ∙ 6 personnes,Crans-Montana - Valais
27/08/2024,21/12/2024,28/12/2024,2671.00,HK2XJM8,87 m² Maison de vacances ∙ 3 chambres ∙ 6 personnes,Crans-Montana - Valais
27/08/2024,28/12/2024,04/01/2025,3173.00,HK2XJM8,87 m² Maison de vacances ∙ 3 chambres ∙ 6 personnes,Crans-Montana - Valais
27/08/2024,04/01/2025,11/01/2025,1693.00,HK2XJM8,87 m² Maison de vacances ∙ 3 chambres ∙ 6 personnes,Crans-Montana - Valais
27/08/2024,11/01/2025,18/01/2025,1693.00,HK2XJM8,87 m² Maison de vacances ∙ 3 chambres ∙ 6 personnes,Crans-Montana - Valais
27/08/2024,18/01/2025,25/01/2025,1693.00,HK2XJM8,87 m² Maison de vacances ∙ 3 chambres ∙ 6 personnes,Crans-Montana - Valais
27/08/2024,25/01/2025,01/02/2025,1830.00,HK2XJM8,87 m² Maison de vacances ∙ 3 chambres ∙ 6 personnes,Crans-Montana - Valais
27/08/2024,01/02/2025,08/02/2025,1906.00,HK2XJM8,87 m² Maison de vacances ∙ 3 chambres ∙ 6 personnes,Crans-Montana - Valais
27/08/2024,08/02/2025,15/02/2025,2242.00,HK2XJM8,87 m² Maison de vacances ∙ 3 chambres ∙ 6 personnes,Crans-Montana - Valais
27/08/2024,01/03/2025,08/03/2025,2242.00,HK2XJM8,87 m² Maison de vacances ∙ 3 chambres ∙ 6 personnes,Crans-Montana - Valais
27/08/2024,08/03/2025,15/03/2025,1352.00,HK2XJM8,87 m² Maison de vacances ∙ 3 chambres ∙ 6 personnes,Crans-Montana - Valais
27/08/2024,15/03/2025,22/03/2025,1352.00,HK2XJM8,87 m² Maison de vacances ∙ 3 chambres ∙ 6 personnes,Crans-Montana - Valais
27/08/2024,22/03/2025,29/03/2025,1352.00,HK2XJM8,87 m² Maison de vacances ∙ 3 chambres ∙ 6 personnes,Crans-Montana - Valais
27/08/2024,29/03/2025,05/04/2025,1352.00,HK2XJM8,87 m² Maison de vacances ∙ 3 chambres ∙ 6 personnes,Crans-Montana - Valais
27/08/2024,05/04/2025,12/04/2025,1352.00,HK2XJM8,87 m² Maison de vacances ∙ 3 chambres ∙ 6 personnes,Crans-Montana - Valais
27/08/2024,12/04/2025,19/04/2025,1693.00,HK2XJM8,87 m² Maison de vacances ∙ 3 chambres ∙ 6 personnes,Crans-Montana - Valais
27/08/2024,19/04/2025,26/04/2025,1693.00,HK2XJM8,87 m² Maison de vacances ∙ 3 chambres ∙ 6 personnes,Crans-Montana - Valais
27/08/2024,26/04/2025,03/05/2025,1352.00,HK2XJM8,87 m² Maison de vacances ∙ 3 chambres ∙ 6 personnes,Crans-Montana - Valais
27/08/2024,03/05/2025,10/05/2025,1352.00,HK2XJM8,87 m² Maison de vacances ∙ 3 chambres ∙ 6 personnes,Crans-Montana - Valais
27/08/2024,10/05/2025,17/05/2025,1352.00,HK2XJM8,87 m² Maison de vacances ∙ 3 chambres ∙ 6 personnes,Crans-Montana - Valais
27/08/2024,12/10/2024,19/10/2024,514.52,HZN0DJK,50 m² Appartement ∙ 1 chambre ∙ 4 personnes,Mörel - Valais
27/08/2024,19/10/2024,26/10/2024,514.52,HZN0DJK,50 m² Appartement ∙ 1 chambre ∙ 4 personnes,Mörel - Valais
27/08/2024,26/10/2024,02/11/2024,514.19,HZN0DJK,50 m² Appartement ∙ 1 chambre ∙ 4 personnes,Mörel - Valais
27/08/2024,02/11/2024,09/11/2024,571.78,HZN0DJK,50 m² Appartement ∙ 1 chambre ∙ 4 personnes,Mörel - Valais
27/08/2024,09/11/2024,16/11/2024,572.11,HZN0DJK,50 m² Appartement ∙ 1 chambre ∙ 4 personnes,Mörel - Valais
27/08/2024,16/11/2024,23/11/2024,571.78,HZN0DJK,50 m² Appartement ∙ 1 chambre ∙ 4 personnes,Mörel - Valais
27/08/2024,23/11/2024,30/11/2024,572.11,HZN0DJK,50 m² Appartement ∙ 1 chambre ∙ 4 personnes,Mörel - Valais
27/08/2024,30/11/2024,07/12/2024,702.14,HZN0DJK,50 m² Appartement ∙ 1 chambre ∙ 4 personnes,Mörel - Valais
27/08/2024,07/12/2024,14/12/2024,701.81,HZN0DJK,50 m² Appartement ∙ 1 chambre ∙ 4 personnes,Mörel - Valais
27/08/2024,14/12/2024,21/12/2024,701.81,HZN0DJK,50 m² Appartement ∙ 1 chambre ∙ 4 personnes,Mörel - Valais
27/08/2024,04/01/2025,11/01/2025,780.92,HZN0DJK,50 m² Appartement ∙ 1 chambre ∙ 4 personnes,Mörel - Valais
27/08/2024,11/01/2025,18/01/2025,769.05,HZN0DJK,50 m² Appartement ∙ 1 chambre ∙ 4 personnes,Mörel - Valais
27/08/2024,18/01/2025,25/01/2025,769.05,HZN0DJK,50 m² Appartement ∙ 1 chambre ∙ 4 personnes,Mörel - Valais
27/08/2024,15/03/2025,22/03/2025,634.90,HZN0DJK,50 m² Appartement ∙ 1 chambre ∙ 4 personnes,Mörel - Valais
27/08/2024,22/03/2025,29/03/2025,634.90,HZN0DJK,50 m² Appartement ∙ 1 chambre ∙ 4 personnes,Mörel - Valais
27/08/2024,29/03/2025,05/04/2025,634.90,HZN0DJK,50 m² Appartement ∙ 1 chambre ∙ 4 personnes,Mörel - Valais
27/08/2024,05/04/2025,12/04/2025,634.90,HZN0DJK,50 m² Appartement ∙ 1 chambre ∙ 4 personnes,Mörel - Valais
27/08/2024,12/04/2025,19/04/2025,675.14,HZN0DJK,50 m² Appartement ∙ 1 chambre ∙ 4 personnes,Mörel - Valais
27/08/2024,19/04/2025,26/04/2025,578.61,HZN0DJK,50 m² Appartement ∙ 1 chambre ∙ 4 personnes,Mörel - Valais
27/08/2024,26/04/2025,03/05/2025,540.07,HZN0DJK,50 m² Appartement ∙ 1 chambre ∙ 4 personnes,Mörel - Valais
27/08/2024,03/05/2025,10/05/2025,540.07,HZN0DJK,50 m² Appartement ∙ 1 chambre ∙ 4 personnes,Mörel - Valais
27/08/2024,10/05/2025,17/05/2025,540.07,HZN0DJK,50 m² Appartement ∙ 1 chambre ∙ 4 personnes,Mörel - Valais
27/08/2024,16/11/2024,23/11/2024,1216.95,HYZX3CL,150 m² Maison de vacances ∙ 5 chambres ∙ 10 personnes,Nendaz - Valais
27/08/2024,23/11/2024,30/11/2024,1216.95,HYZX3CL,150 m² Maison de vacances ∙ 5 chambres ∙ 10 personnes,Nendaz - Valais
27/08/2024,30/11/2024,07/12/2024,1216.95,HYZX3CL,150 m² Maison de vacances ∙ 5 chambres ∙ 10 personnes,Nendaz - Valais
27/08/2024,07/12/2024,14/12/2024,1216.95,HYZX3CL,150 m² Maison de vacances ∙ 5 chambres ∙ 10 personnes,Nendaz - Valais
27/08/2024,14/12/2024,21/12/2024,1216.95,HYZX3CL,150 m² Maison de vacances ∙ 5 chambres ∙ 10 personnes,Nendaz - Valais
27/08/2024,21/12/2024,28/12/2024,2318.93,HYZX3CL,150 m² Maison de vacances ∙ 5 chambres ∙ 10 personnes,Nendaz - Valais
27/08/2024,11/01/2025,18/01/2025,1252.16,HYZX3CL,150 m² Maison de vacances ∙ 5 chambres ∙ 10 personnes,Nendaz - Valais
27/08/2024,25/01/2025,01/02/2025,1651.94,HYZX3CL,150 m² Maison de vacances ∙ 5 chambres ∙ 10 personnes,Nendaz - Valais
27/08/2024,01/02/2025,08/02/2025,1786.58,HYZX3CL,150 m² Maison de vacances ∙ 5 chambres ∙ 10 personnes,Nendaz - Valais
27/08/2024,08/02/2025,15/02/2025,2143.90,HYZX3CL,150 m² Maison de vacances ∙ 5 chambres ∙ 10 personnes,Nendaz - Valais
27/08/2024,15/02/2025,22/02/2025,2671.07,HYZX3CL,150 m² Maison de vacances ∙ 5 chambres ∙ 10 personnes,Nendaz - Valais
27/08/2024,22/02/2025,01/03/2025,2671.07,HYZX3CL,150 m² Maison de vacances ∙ 5 chambres ∙ 10 personnes,Nendaz - Valais
27/08/2024,08/03/2025,15/03/2025,1517.30,HYZX3CL,150 m² Maison de vacances ∙ 5 chambres ∙ 10 personnes,Nendaz - Valais
27/08/2024,29/03/2025,05/04/2025,1216.95,HYZX3CL,150 m² Maison de vacances ∙ 5 chambres ∙ 10 personnes,Nendaz - Valais
27/08/2024,05/04/2025,12/04/2025,1216.95,HYZX3CL,150 m² Maison de vacances ∙ 5 chambres ∙ 10 personnes,Nendaz - Valais
27/08/2024,12/04/2025,19/04/2025,1517.30,HYZX3CL,150 m² Maison de vacances ∙ 5 chambres ∙ 10 personnes,Nendaz - Valais
27/08/2024,26/04/2025,03/05/2025,1220.05,HYZX3CL,150 m² Maison de vacances ∙ 5 chambres ∙ 10 personnes,Nendaz - Valais
27/08/2024,14/09/2024,21/09/2024,944.00,HALTY8V,51 m² Appartement ∙ 2 chambres ∙ 4 personnes,Grächen - Valais
27/08/2024,21/09/2024,28/09/2024,837.00,HALTY8V,51 m² Appartement ∙ 2 chambres ∙ 4 personnes,Grächen - Valais
27/08/2024,28/09/2024,05/10/2024,837.00,HALTY8V,51 m² Appartement ∙ 2 chambres ∙ 4 personnes,Grächen - Valais
27/08/2024,05/10/2024,12/10/2024,837.00,HALTY8V,51 m² Appartement ∙ 2 chambres ∙ 4 personnes,Grächen - Valais
27/08/2024,12/10/2024,19/10/2024,837.00,HALTY8V,51 m² Appartement ∙ 2 chambres ∙ 4 personnes,Grächen - Valais
27/08/2024,19/10/2024,26/10/2024,837.00,HALTY8V,51 m² Appartement ∙ 2 chambres ∙ 4 personnes,Grächen - Valais
27/08/2024,26/10/2024,02/11/2024,837.00,HALTY8V,51 m² Appartement ∙ 2 chambres ∙ 4 personnes,Grächen - Valais
27/08/2024,02/11/2024,09/11/2024,837.00,HALTY8V,51 m² Appartement ∙ 2 chambres ∙ 4 personnes,Grächen - Valais
27/08/2024,09/11/2024,16/11/2024,837.00,HALTY8V,51 m² Appartement ∙ 2 chambres ∙ 4 personnes,Grächen - Valais
27/08/2024,16/11/2024,23/11/2024,837.00,HALTY8V,51 m² Appartement ∙ 2 chambres ∙ 4 personnes,Grächen - Valais
27/08/2024,23/11/2024,30/11/2024,837.00,HALTY8V,51 m² Appartement ∙ 2 chambres ∙ 4 personnes,Grächen - Valais
27/08/2024,26/04/2025,03/05/2025,944.00,HALTY8V,51 m² Appartement ∙ 2 chambres ∙ 4 personnes,Grächen - Valais
27/08/2024,03/05/2025,10/05/2025,944.00,HALTY8V,51 m² Appartement ∙ 2 chambres ∙ 4 personnes,Grächen - Valais
27/08/2024,10/05/2025,17/05/2025,944.00,HALTY8V,51 m² Appartement ∙ 2 chambres ∙ 4 personnes,Grächen - Valais
27/08/2024,05/10/2024,12/10/2024,562.00,H6YAT9K,28 m² Appartement ∙ 1 chambre ∙ 2 personnes,Zinal - Ayer - Valais
27/08/2024,12/10/2024,19/10/2024,562.00,H6YAT9K,28 m² Appartement ∙ 1 chambre ∙ 2 personnes,Zinal - Ayer - Valais
27/08/2024,19/10/2024,26/10/2024,562.00,H6YAT9K,28 m² Appartement ∙ 1 chambre ∙ 2 personnes,Zinal - Ayer - Valais
27/08/2024,26/10/2024,02/11/2024,562.00,H6YAT9K,28 m² Appartement ∙ 1 chambre ∙ 2 personnes,Zinal - Ayer - Valais
27/08/2024,02/11/2024,09/11/2024,562.00,H6YAT9K,28 m² Appartement ∙ 1 chambre ∙ 2 personnes,Zinal - Ayer - Valais
27/08/2024,09/11/2024,16/11/2024,562.00,H6YAT9K,28 m² Appartement ∙ 1 chambre ∙ 2 personnes,Zinal - Ayer - Valais
27/08/2024,16/11/2024,23/11/2024,562.00,H6YAT9K,28 m² Appartement ∙ 1 chambre ∙ 2 personnes,Zinal - Ayer - Valais
27/08/2024,23/11/2024,30/11/2024,562.00,H6YAT9K,28 m² Appartement ∙ 1 chambre ∙ 2 personnes,Zinal - Ayer - Valais
27/08/2024,30/11/2024,07/12/2024,562.00,H6YAT9K,28 m² Appartement ∙ 1 chambre ∙ 2 personnes,Zinal - Ayer - Valais
27/08/2024,07/12/2024,14/12/2024,562.00,H6YAT9K,28 m² Appartement ∙ 1 chambre ∙ 2 personnes,Zinal - Ayer - Valais
27/08/2024,14/12/2024,21/12/2024,684.00,H6YAT9K,28 m² Appartement ∙ 1 chambre ∙ 2 personnes,Zinal - Ayer - Valais
27/08/2024,21/12/2024,28/12/2024,881.00,H6YAT9K,28 m² Appartement ∙ 1 chambre ∙ 2 personnes,Zinal - Ayer - Valais
27/08/2024,01/02/2025,08/02/2025,820.00,H6YAT9K,28 m² Appartement ∙ 1 chambre ∙ 2 personnes,Zinal - Ayer - Valais
27/08/2024,08/02/2025,15/02/2025,820.00,H6YAT9K,28 m² Appartement ∙ 1 chambre ∙ 2 personnes,Zinal - Ayer - Valais
27/08/2024,22/02/2025,01/03/2025,1010.00,H6YAT9K,28 m² Appartement ∙ 1 chambre ∙ 2 personnes,Zinal - Ayer - Valais
27/08/2024,08/03/2025,15/03/2025,820.00,H6YAT9K,28 m² Appartement ∙ 1 chambre ∙ 2 personnes,Zinal - Ayer - Valais
27/08/2024,15/03/2025,22/03/2025,684.00,H6YAT9K,28 m² Appartement ∙ 1 chambre ∙ 2 personnes,Zinal - Ayer - Valais
27/08/2024,22/03/2025,29/03/2025,684.00,H6YAT9K,28 m² Appartement ∙ 1 chambre ∙ 2 personnes,Zinal - Ayer - Valais
27/08/2024,05/04/2025,12/04/2025,562.00,H6YAT9K,28 m² Appartement ∙ 1 chambre ∙ 2 personnes,Zinal - Ayer - Valais
27/08/2024,12/04/2025,19/04/2025,562.00,H6YAT9K,28 m² Appartement ∙ 1 chambre ∙ 2 personnes,Zinal - Ayer - Valais
27/08/2024,19/04/2025,26/04/2025,562.00,H6YAT9K,28 m² Appartement ∙ 1 chambre ∙ 2 personnes,Zinal - Ayer - Valais
27/08/2024,26/04/2025,03/05/2025,562.00,H6YAT9K,28 m² Appartement ∙ 1 chambre ∙ 2 personnes,Zinal - Ayer - Valais
27/08/2024,03/05/2025,10/05/2025,562.00,H6YAT9K,28 m² Appartement ∙ 1 chambre ∙ 2 personnes,Zinal - Ayer - Valais
27/08/2024,10/05/2025,17/05/2025,562.00,H6YAT9K,28 m² Appartement ∙ 1 chambre ∙ 2 personnes,Zinal - Ayer - Valais
27/08/2024,31/08/2024,07/09/2024,1207.00,HKX8DEM,150 m² Maison de vacances ∙ 4 chambres ∙ 8 personnes,Ovronnaz - Leytron - Valais
27/08/2024,07/09/2024,14/09/2024,1522.00,HKX8DEM,150 m² Maison de vacances ∙ 4 chambres ∙ 8 personnes,Ovronnaz - Leytron - Valais
27/08/2024,14/09/2024,21/09/2024,1522.00,HKX8DEM,150 m² Maison de vacances ∙ 4 chambres ∙ 8 personnes,Ovronnaz - Leytron - Valais
27/08/2024,21/09/2024,28/09/2024,1522.00,HKX8DEM,150 m² Maison de vacances ∙ 4 chambres ∙ 8 personnes,Ovronnaz - Leytron - Valais
27/08/2024,28/09/2024,05/10/2024,1522.00,HKX8DEM,150 m² Maison de vacances ∙ 4 chambres ∙ 8 personnes,Ovronnaz - Leytron - Valais
27/08/2024,05/10/2024,12/10/2024,1522.00,HKX8DEM,150 m² Maison de vacances ∙ 4 chambres ∙ 8 personnes,Ovronnaz - Leytron - Valais
27/08/2024,12/10/2024,19/10/2024,1522.00,HKX8DEM,150 m² Maison de vacances ∙ 4 chambres ∙ 8 personnes,Ovronnaz - Leytron - Valais
27/08/2024,19/10/2024,26/10/2024,1522.00,HKX8DEM,150 m² Maison de vacances ∙ 4 chambres ∙ 8 personnes,Ovronnaz - Leytron - Valais
27/08/2024,26/10/2024,02/11/2024,1522.00,HKX8DEM,150 m² Maison de vacances ∙ 4 chambres ∙ 8 personnes,Ovronnaz - Leytron - Valais
27/08/2024,02/11/2024,09/11/2024,1522.00,HKX8DEM,150 m² Maison de vacances ∙ 4 chambres ∙ 8 personnes,Ovronnaz - Leytron - Valais
27/08/2024,09/11/2024,16/11/2024,1522.00,HKX8DEM,150 m² Maison de vacances ∙ 4 chambres ∙ 8 personnes,Ovronnaz - Leytron - Valais
27/08/2024,16/11/2024,23/11/2024,1522.00,HKX8DEM,150 m² Maison de vacances ∙ 4 chambres ∙ 8 personnes,Ovronnaz - Leytron - Valais
27/08/2024,07/12/2024,14/12/2024,1522.00,HKX8DEM,150 m² Maison de vacances ∙ 4 chambres ∙ 8 personnes,Ovronnaz - Leytron - Valais
27/08/2024,21/12/2024,28/12/2024,2940.00,HKX8DEM,150 m² Maison de vacances ∙ 4 chambres ∙ 8 personnes,Ovronnaz - Leytron - Valais
27/08/2024,04/01/2025,11/01/2025,1522.00,HKX8DEM,150 m² Maison de vacances ∙ 4 chambres ∙ 8 personnes,Ovronnaz - Leytron - Valais
27/08/2024,11/01/2025,18/01/2025,1522.00,HKX8DEM,150 m² Maison de vacances ∙ 4 chambres ∙ 8 personnes,Ovronnaz - Leytron - Valais
27/08/2024,18/01/2025,25/01/2025,1522.00,HKX8DEM,150 m² Maison de vacances ∙ 4 chambres ∙ 8 personnes,Ovronnaz - Leytron - Valais
27/08/2024,01/03/2025,08/03/2025,3357.00,HKX8DEM,150 m² Maison de vacances ∙ 4 chambres ∙ 8 personnes,Ovronnaz - Leytron - Valais
27/08/2024,08/03/2025,15/03/2025,1522.00,HKX8DEM,150 m² Maison de vacances ∙ 4 chambres ∙ 8 personnes,Ovronnaz - Leytron - Valais
27/08/2024,15/03/2025,22/03/2025,1522.00,HKX8DEM,150 m² Maison de vacances ∙ 4 chambres ∙ 8 personnes,Ovronnaz - Leytron - Valais
27/08/2024,22/03/2025,29/03/2025,1522.00,HKX8DEM,150 m² Maison de vacances ∙ 4 chambres ∙ 8 personnes,Ovronnaz - Leytron - Valais
27/08/2024,29/03/2025,05/04/2025,1522.00,HKX8DEM,150 m² Maison de vacances ∙ 4 chambres ∙ 8 personnes,Ovronnaz - Leytron - Valais
27/08/2024,05/04/2025,12/04/2025,1522.00,HKX8DEM,150 m² Maison de vacances ∙ 4 chambres ∙ 8 personnes,Ovronnaz - Leytron - Valais
27/08/2024,12/04/2025,19/04/2025,1522.00,HKX8DEM,150 m² Maison de vacances ∙ 4 chambres ∙ 8 personnes,Ovronnaz - Leytron - Valais
27/08/2024,19/04/2025,26/04/2025,1522.00,HKX8DEM,150 m² Maison de vacances ∙ 4 chambres ∙ 8 personnes,Ovronnaz - Leytron - Valais
27/08/2024,26/04/2025,03/05/2025,1522.00,HKX8DEM,150 m² Maison de vacances ∙ 4 chambres ∙ 8 personnes,Ovronnaz - Leytron - Valais
27/08/2024,03/05/2025,10/05/2025,1522.00,HKX8DEM,150 m² Maison de vacances ∙ 4 chambres ∙ 8 personnes,Ovronnaz - Leytron - Valais
27/08/2024,10/05/2025,17/05/2025,1522.00,HKX8DEM,150 m² Maison de vacances ∙ 4 chambres ∙ 8 personnes,Ovronnaz - Leytron - Valais
27/08/2024,21/09/2024,28/09/2024,686.00,HHG2154,35 m² Appartement ∙ 1 chambre ∙ 4 personnes,Crans-Montana - Valais
27/08/2024,28/09/2024,05/10/2024,686.00,HHG2154,35 m² Appartement ∙ 1 chambre ∙ 4 personnes,Crans-Montana - Valais
27/08/2024,05/10/2024,12/10/2024,686.00,HHG2154,35 m² Appartement ∙ 1 chambre ∙ 4 personnes,Crans-Montana - Valais
27/08/2024,12/10/2024,19/10/2024,686.00,HHG2154,35 m² Appartement ∙ 1 chambre ∙ 4 personnes,Crans-Montana - Valais
27/08/2024,19/10/2024,26/10/2024,686.00,HHG2154,35 m² Appartement ∙ 1 chambre ∙ 4 personnes,Crans-Montana - Valais
27/08/2024,26/10/2024,02/11/2024,686.00,HHG2154,35 m² Appartement ∙ 1 chambre ∙ 4 personnes,Crans-Montana - Valais
27/08/2024,02/11/2024,09/11/2024,713.00,HHG2154,35 m² Appartement ∙ 1 chambre ∙ 4 personnes,Crans-Montana - Valais
27/08/2024,09/11/2024,16/11/2024,713.00,HHG2154,35 m² Appartement ∙ 1 chambre ∙ 4 personnes,Crans-Montana - Valais
27/08/2024,16/11/2024,23/11/2024,713.00,HHG2154,35 m² Appartement ∙ 1 chambre ∙ 4 personnes,Crans-Montana - Valais
27/08/2024,23/11/2024,30/11/2024,713.00,HHG2154,35 m² Appartement ∙ 1 chambre ∙ 4 personnes,Crans-Montana - Valais
27/08/2024,30/11/2024,07/12/2024,736.00,HHG2154,35 m² Appartement ∙ 1 chambre ∙ 4 personnes,Crans-Montana - Valais
27/08/2024,07/12/2024,14/12/2024,736.00,HHG2154,35 m² Appartement ∙ 1 chambre ∙ 4 personnes,Crans-Montana - Valais
27/08/2024,14/12/2024,21/12/2024,736.00,HHG2154,35 m² Appartement ∙ 1 chambre ∙ 4 personnes,Crans-Montana - Valais
27/08/2024,21/12/2024,28/12/2024,1464.00,HHG2154,35 m² Appartement ∙ 1 chambre ∙ 4 personnes,Crans-Montana - Valais
27/08/2024,28/12/2024,04/01/2025,1637.00,HHG2154,35 m² Appartement ∙ 1 chambre ∙ 4 personnes,Crans-Montana - Valais
27/08/2024,08/02/2025,15/02/2025,1235.00,HHG2154,35 m² Appartement ∙ 1 chambre ∙ 4 personnes,Crans-Montana - Valais
27/08/2024,22/02/2025,01/03/2025,1464.00,HHG2154,35 m² Appartement ∙ 1 chambre ∙ 4 personnes,Crans-Montana - Valais
27/08/2024,01/03/2025,08/03/2025,1235.00,HHG2154,35 m² Appartement ∙ 1 chambre ∙ 4 personnes,Crans-Montana - Valais
27/08/2024,08/03/2025,15/03/2025,736.00,HHG2154,35 m² Appartement ∙ 1 chambre ∙ 4 personnes,Crans-Montana - Valais
27/08/2024,15/03/2025,22/03/2025,736.00,HHG2154,35 m² Appartement ∙ 1 chambre ∙ 4 personnes,Crans-Montana - Valais
27/08/2024,22/03/2025,29/03/2025,736.00,HHG2154,35 m² Appartement ∙ 1 chambre ∙ 4 personnes,Crans-Montana - Valais
27/08/2024,29/03/2025,05/04/2025,736.00,HHG2154,35 m² Appartement ∙ 1 chambre ∙ 4 personnes,Crans-Montana - Valais
27/08/2024,05/04/2025,12/04/2025,736.00,HHG2154,35 m² Appartement ∙ 1 chambre ∙ 4 personnes,Crans-Montana - Valais
27/08/2024,12/04/2025,19/04/2025,842.00,HHG2154,35 m² Appartement ∙ 1 chambre ∙ 4 personnes,Crans-Montana - Valais
27/08/2024,19/04/2025,26/04/2025,842.00,HHG2154,35 m² Appartement ∙ 1 chambre ∙ 4 personnes,Crans-Montana - Valais
27/08/2024,26/04/2025,03/05/2025,736.00,HHG2154,35 m² Appartement ∙ 1 chambre ∙ 4 personnes,Crans-Montana - Valais
27/08/2024,03/05/2025,10/05/2025,736.00,HHG2154,35 m² Appartement ∙ 1 chambre ∙ 4 personnes,Crans-Montana - Valais
27/08/2024,10/05/2025,17/05/2025,736.00,HHG2154,35 m² Appartement ∙ 1 chambre ∙ 4 personnes,Crans-Montana - Valais
27/08/2024,02/11/2024,09/11/2024,1151.25,H1D05PR,75 m² Appartement ∙ 2 chambres ∙ 6 personnes,Sion - Valais
27/08/2024,09/11/2024,16/11/2024,1162.84,H1D05PR,75 m² Appartement ∙ 2 chambres ∙ 6 personnes,Sion - Valais
27/08/2024,16/11/2024,23/11/2024,1168.63,H1D05PR,75 m² Appartement ∙ 2 chambres ∙ 6 personnes,Sion - Valais
27/08/2024,23/11/2024,30/11/2024,1179.05,H1D05PR,75 m² Appartement ∙ 2 chambres ∙ 6 personnes,Sion - Valais
27/08/2024,30/11/2024,07/12/2024,1158.21,H1D05PR,75 m² Appartement ∙ 2 chambres ∙ 6 personnes,Sion - Valais
27/08/2024,07/12/2024,14/12/2024,1158.21,H1D05PR,75 m² Appartement ∙ 2 chambres ∙ 6 personnes,Sion - Valais
27/08/2024,14/12/2024,21/12/2024,1287.93,H1D05PR,75 m² Appartement ∙ 2 chambres ∙ 6 personnes,Sion - Valais
27/08/2024,21/12/2024,28/12/2024,1621.49,H1D05PR,75 m² Appartement ∙ 2 chambres ∙ 6 personnes,Sion - Valais
27/08/2024,28/12/2024,04/01/2025,1621.49,H1D05PR,75 m² Appartement ∙ 2 chambres ∙ 6 personnes,Sion - Valais
27/08/2024,04/01/2025,11/01/2025,1497.56,H1D05PR,75 m² Appartement ∙ 2 chambres ∙ 6 personnes,Sion - Valais
27/08/2024,11/01/2025,18/01/2025,1365.53,H1D05PR,75 m² Appartement ∙ 2 chambres ∙ 6 personnes,Sion - Valais
27/08/2024,18/01/2025,25/01/2025,1430.39,H1D05PR,75 m² Appartement ∙ 2 chambres ∙ 6 personnes,Sion - Valais
27/08/2024,25/01/2025,01/02/2025,1593.70,H1D05PR,75 m² Appartement ∙ 2 chambres ∙ 6 personnes,Sion - Valais
27/08/2024,01/02/2025,08/02/2025,1586.74,H1D05PR,75 m² Appartement ∙ 2 chambres ∙ 6 personnes,Sion - Valais
27/08/2024,08/02/2025,15/02/2025,1621.49,H1D05PR,75 m² Appartement ∙ 2 chambres ∙ 6 personnes,Sion - Valais
27/08/2024,15/02/2025,22/02/2025,1621.49,H1D05PR,75 m² Appartement ∙ 2 chambres ∙ 6 personnes,Sion - Valais
27/08/2024,22/02/2025,01/03/2025,1621.49,H1D05PR,75 m² Appartement ∙ 2 chambres ∙ 6 personnes,Sion - Valais
27/08/2024,31/08/2024,07/09/2024,1485.47,HS6FTEN,180 m² Chalet ∙ 5 chambres ∙ 10 personnes,Crans-Montana - Valais
27/08/2024,14/09/2024,21/09/2024,1333.72,HS6FTEN,180 m² Chalet ∙ 5 chambres ∙ 10 personnes,Crans-Montana - Valais
27/08/2024,21/09/2024,28/09/2024,1334.28,HS6FTEN,180 m² Chalet ∙ 5 chambres ∙ 10 personnes,Crans-Montana - Valais
27/08/2024,28/09/2024,05/10/2024,1038.95,HS6FTEN,180 m² Chalet ∙ 5 chambres ∙ 10 personnes,Crans-Montana - Valais
27/08/2024,05/10/2024,12/10/2024,1038.95,HS6FTEN,180 m² Chalet ∙ 5 chambres ∙ 10 personnes,Crans-Montana - Valais
27/08/2024,19/10/2024,26/10/2024,1038.95,HS6FTEN,180 m² Chalet ∙ 5 chambres ∙ 10 personnes,Crans-Montana - Valais
27/08/2024,02/11/2024,09/11/2024,1178.55,HS6FTEN,180 m² Chalet ∙ 5 chambres ∙ 10 personnes,Crans-Montana - Valais
27/08/2024,09/11/2024,16/11/2024,1178.55,HS6FTEN,180 m² Chalet ∙ 5 chambres ∙ 10 personnes,Crans-Montana - Valais
27/08/2024,16/11/2024,23/11/2024,1178.55,HS6FTEN,180 m² Chalet ∙ 5 chambres ∙ 10 personnes,Crans-Montana - Valais
27/08/2024,05/04/2025,12/04/2025,1887.44,HS6FTEN,180 m² Chalet ∙ 5 chambres ∙ 10 personnes,Crans-Montana - Valais
27/08/2024,22/03/2025,29/03/2025,2045.51,HLRTSZ4,180 m² Maison de vacances ∙ 4 chambres ∙ 10 personnes,Val-d'Illiez - Valais
27/08/2024,29/03/2025,05/04/2025,2045.51,HLRTSZ4,180 m² Maison de vacances ∙ 4 chambres ∙ 10 personnes,Val-d'Illiez - Valais
27/08/2024,30/11/2024,07/12/2024,805.00,HK0RGPU,28 m² Appartement ∙ 1 chambre ∙ 2 personnes,Loèche-les-Bains - Valais
27/08/2024,07/12/2024,14/12/2024,805.00,HK0RGPU,28 m² Appartement ∙ 1 chambre ∙ 2 personnes,Loèche-les-Bains - Valais
27/08/2024,14/12/2024,21/12/2024,805.00,HK0RGPU,28 m² Appartement ∙ 1 chambre ∙ 2 personnes,Loèche-les-Bains - Valais
27/08/2024,21/12/2024,28/12/2024,805.00,HK0RGPU,28 m² Appartement ∙ 1 chambre ∙ 2 personnes,Loèche-les-Bains - Valais
27/08/2024,04/01/2025,11/01/2025,805.00,HK0RGPU,28 m² Appartement ∙ 1 chambre ∙ 2 personnes,Loèche-les-Bains - Valais
27/08/2024,11/01/2025,18/01/2025,805.00,HK0RGPU,28 m² Appartement ∙ 1 chambre ∙ 2 personnes,Loèche-les-Bains - Valais
27/08/2024,18/01/2025,25/01/2025,805.00,HK0RGPU,28 m² Appartement ∙ 1 chambre ∙ 2 personnes,Loèche-les-Bains - Valais
27/08/2024,25/01/2025,01/02/2025,805.00,HK0RGPU,28 m² Appartement ∙ 1 chambre ∙ 2 personnes,Loèche-les-Bains - Valais
27/08/2024,01/02/2025,08/02/2025,805.00,HK0RGPU,28 m² Appartement ∙ 1 chambre ∙ 2 personnes,Loèche-les-Bains - Valais
27/08/2024,08/02/2025,15/02/2025,805.00,HK0RGPU,28 m² Appartement ∙ 1 chambre ∙ 2 personnes,Loèche-les-Bains - Valais
27/08/2024,15/02/2025,22/02/2025,805.00,HK0RGPU,28 m² Appartement ∙ 1 chambre ∙ 2 personnes,Loèche-les-Bains - Valais
27/08/2024,22/02/2025,01/03/2025,805.00,HK0RGPU,28 m² Appartement ∙ 1 chambre ∙ 2 personnes,Loèche-les-Bains - Valais
27/08/2024,01/03/2025,08/03/2025,805.00,HK0RGPU,28 m² Appartement ∙ 1 chambre ∙ 2 personnes,Loèche-les-Bains - Valais
27/08/2024,08/03/2025,15/03/2025,805.00,HK0RGPU,28 m² Appartement ∙ 1 chambre ∙ 2 personnes,Loèche-les-Bains - Valais
27/08/2024,22/03/2025,29/03/2025,805.00,HK0RGPU,28 m² Appartement ∙ 1 chambre ∙ 2 personnes,Loèche-les-Bains - Valais
27/08/2024,05/04/2025,12/04/2025,805.00,HK0RGPU,28 m² Appartement ∙ 1 chambre ∙ 2 personnes,Loèche-les-Bains - Valais
27/08/2024,12/04/2025,19/04/2025,805.00,HK0RGPU,28 m² Appartement ∙ 1 chambre ∙ 2 personnes,Loèche-les-Bains - Valais
27/08/2024,19/04/2025,26/04/2025,805.00,HK0RGPU,28 m² Appartement ∙ 1 chambre ∙ 2 personnes,Loèche-les-Bains - Valais
27/08/2024,26/04/2025,03/05/2025,805.00,HK0RGPU,28 m² Appartement ∙ 1 chambre ∙ 2 personnes,Loèche-les-Bains - Valais
27/08/2024,03/05/2025,10/05/2025,805.00,HK0RGPU,28 m² Appartement ∙ 1 chambre ∙ 2 personnes,Loèche-les-Bains - Valais
27/08/2024,10/05/2025,17/05/2025,805.00,HK0RGPU,28 m² Appartement ∙ 1 chambre ∙ 2 personnes,Loèche-les-Bains - Valais
27/08/2024,31/08/2024,07/09/2024,1844.06,HKG1BWV,220 m² Maison de vacances ∙ 5 chambres ∙ 10 personnes,Riddes - Valais
27/08/2024,26/10/2024,02/11/2024,2089.01,HKG1BWV,220 m² Maison de vacances ∙ 5 chambres ∙ 10 personnes,Riddes - Valais
27/08/2024,02/11/2024,09/11/2024,1990.41,HKG1BWV,220 m² Maison de vacances ∙ 5 chambres ∙ 10 personnes,Riddes - Valais
27/08/2024,09/11/2024,16/11/2024,1844.06,HKG1BWV,220 m² Maison de vacances ∙ 5 chambres ∙ 10 personnes,Riddes - Valais
27/08/2024,16/11/2024,23/11/2024,1844.06,HKG1BWV,220 m² Maison de vacances ∙ 5 chambres ∙ 10 personnes,Riddes - Valais
27/08/2024,23/11/2024,30/11/2024,1844.06,HKG1BWV,220 m² Maison de vacances ∙ 5 chambres ∙ 10 personnes,Riddes - Valais
27/08/2024,30/11/2024,07/12/2024,1844.06,HKG1BWV,220 m² Maison de vacances ∙ 5 chambres ∙ 10 personnes,Riddes - Valais
27/08/2024,07/12/2024,14/12/2024,1904.14,HKG1BWV,220 m² Maison de vacances ∙ 5 chambres ∙ 10 personnes,Riddes - Valais
27/08/2024,14/12/2024,21/12/2024,2771.49,HKG1BWV,220 m² Maison de vacances ∙ 5 chambres ∙ 10 personnes,Riddes - Valais
27/08/2024,04/01/2025,11/01/2025,4262.76,HKG1BWV,220 m² Maison de vacances ∙ 5 chambres ∙ 10 personnes,Riddes - Valais
27/08/2024,15/02/2025,22/02/2025,6072.93,HKG1BWV,220 m² Maison de vacances ∙ 5 chambres ∙ 10 personnes,Riddes - Valais
27/08/2024,22/02/2025,01/03/2025,5367.35,HKG1BWV,220 m² Maison de vacances ∙ 5 chambres ∙ 10 personnes,Riddes - Valais
27/08/2024,15/03/2025,22/03/2025,3125.82,HKG1BWV,220 m² Maison de vacances ∙ 5 chambres ∙ 10 personnes,Riddes - Valais
27/08/2024,22/03/2025,29/03/2025,3039.54,HKG1BWV,220 m² Maison de vacances ∙ 5 chambres ∙ 10 personnes,Riddes - Valais
27/08/2024,29/03/2025,05/04/2025,3167.42,HKG1BWV,220 m² Maison de vacances ∙ 5 chambres ∙ 10 personnes,Riddes - Valais
27/08/2024,05/04/2025,12/04/2025,3021.05,HKG1BWV,220 m² Maison de vacances ∙ 5 chambres ∙ 10 personnes,Riddes - Valais
27/08/2024,12/04/2025,19/04/2025,2859.29,HKG1BWV,220 m² Maison de vacances ∙ 5 chambres ∙ 10 personnes,Riddes - Valais
27/08/2024,19/04/2025,26/04/2025,2206.10,HKG1BWV,220 m² Maison de vacances ∙ 5 chambres ∙ 10 personnes,Riddes - Valais
27/08/2024,26/04/2025,03/05/2025,2164.50,HKG1BWV,220 m² Maison de vacances ∙ 5 chambres ∙ 10 personnes,Riddes - Valais
27/08/2024,03/05/2025,10/05/2025,2199.93,HKG1BWV,220 m² Maison de vacances ∙ 5 chambres ∙ 10 personnes,Riddes - Valais
27/08/2024,10/05/2025,17/05/2025,2155.26,HKG1BWV,220 m² Maison de vacances ∙ 5 chambres ∙ 10 personnes,Riddes - Valais
27/08/2024,31/08/2024,07/09/2024,609.98,H6XGE95,100 m² Appartement ∙ 3 chambres ∙ 6 personnes,Saas-Balen - Valais
27/08/2024,21/09/2024,28/09/2024,556.59,H6XGE95,100 m² Appartement ∙ 3 chambres ∙ 6 personnes,Saas-Balen - Valais
27/08/2024,28/09/2024,05/10/2024,556.59,H6XGE95,100 m² Appartement ∙ 3 chambres ∙ 6 personnes,Saas-Balen - Valais
27/08/2024,12/10/2024,19/10/2024,556.59,H6XGE95,100 m² Appartement ∙ 3 chambres ∙ 6 personnes,Saas-Balen - Valais
27/08/2024,19/10/2024,26/10/2024,556.59,H6XGE95,100 m² Appartement ∙ 3 chambres ∙ 6 personnes,Saas-Balen - Valais
27/08/2024,22/03/2025,29/03/2025,556.59,H6XGE95,100 m² Appartement ∙ 3 chambres ∙ 6 personnes,Saas-Balen - Valais
27/08/2024,29/03/2025,05/04/2025,556.59,H6XGE95,100 m² Appartement ∙ 3 chambres ∙ 6 personnes,Saas-Balen - Valais
27/08/2024,05/04/2025,12/04/2025,930.30,H6XGE95,100 m² Appartement ∙ 3 chambres ∙ 6 personnes,Saas-Balen - Valais
27/08/2024,19/04/2025,26/04/2025,930.30,H6XGE95,100 m² Appartement ∙ 3 chambres ∙ 6 personnes,Saas-Balen - Valais
27/08/2024,26/04/2025,03/05/2025,556.59,H6XGE95,100 m² Appartement ∙ 3 chambres ∙ 6 personnes,Saas-Balen - Valais
27/08/2024,03/05/2025,10/05/2025,556.59,H6XGE95,100 m² Appartement ∙ 3 chambres ∙ 6 personnes,Saas-Balen - Valais
27/08/2024,10/05/2025,17/05/2025,556.59,H6XGE95,100 m² Appartement ∙ 3 chambres ∙ 6 personnes,Saas-Balen - Valais
27/08/2024,12/10/2024,19/10/2024,636.10,HC0B2NM,37 m² Appartement ∙ 1 chambre ∙ 2 personnes,Saas Grund - Valais
27/08/2024,19/10/2024,26/10/2024,636.10,HC0B2NM,37 m² Appartement ∙ 1 chambre ∙ 2 personnes,Saas Grund - Valais
27/08/2024,26/10/2024,02/11/2024,636.10,HC0B2NM,37 m² Appartement ∙ 1 chambre ∙ 2 personnes,Saas Grund - Valais
27/08/2024,02/11/2024,09/11/2024,636.10,HC0B2NM,37 m² Appartement ∙ 1 chambre ∙ 2 personnes,Saas Grund - Valais
27/08/2024,09/11/2024,16/11/2024,636.10,HC0B2NM,37 m² Appartement ∙ 1 chambre ∙ 2 personnes,Saas Grund - Valais
27/08/2024,16/11/2024,23/11/2024,636.10,HC0B2NM,37 m² Appartement ∙ 1 chambre ∙ 2 personnes,Saas Grund - Valais
27/08/2024,23/11/2024,30/11/2024,636.10,HC0B2NM,37 m² Appartement ∙ 1 chambre ∙ 2 personnes,Saas Grund - Valais
27/08/2024,30/11/2024,07/12/2024,636.10,HC0B2NM,37 m² Appartement ∙ 1 chambre ∙ 2 personnes,Saas Grund - Valais
27/08/2024,07/12/2024,14/12/2024,636.10,HC0B2NM,37 m² Appartement ∙ 1 chambre ∙ 2 personnes,Saas Grund - Valais
27/08/2024,04/01/2025,11/01/2025,636.10,HC0B2NM,37 m² Appartement ∙ 1 chambre ∙ 2 personnes,Saas Grund - Valais
27/08/2024,11/01/2025,18/01/2025,636.10,HC0B2NM,37 m² Appartement ∙ 1 chambre ∙ 2 personnes,Saas Grund - Valais
27/08/2024,22/03/2025,29/03/2025,636.10,HC0B2NM,37 m² Appartement ∙ 1 chambre ∙ 2 personnes,Saas Grund - Valais
27/08/2024,29/03/2025,05/04/2025,636.10,HC0B2NM,37 m² Appartement ∙ 1 chambre ∙ 2 personnes,Saas Grund - Valais
27/08/2024,05/04/2025,12/04/2025,636.10,HC0B2NM,37 m² Appartement ∙ 1 chambre ∙ 2 personnes,Saas Grund - Valais
27/08/2024,16/11/2024,23/11/2024,1216.95,HJ0X4RN,150 m² Maison de vacances ∙ 4 chambres ∙ 10 personnes,Nendaz - Valais
27/08/2024,23/11/2024,30/11/2024,1216.95,HJ0X4RN,150 m² Maison de vacances ∙ 4 chambres ∙ 10 personnes,Nendaz - Valais
27/08/2024,30/11/2024,07/12/2024,1216.95,HJ0X4RN,150 m² Maison de vacances ∙ 4 chambres ∙ 10 personnes,Nendaz - Valais
27/08/2024,07/12/2024,14/12/2024,1216.95,HJ0X4RN,150 m² Maison de vacances ∙ 4 chambres ∙ 10 personnes,Nendaz - Valais
27/08/2024,14/12/2024,21/12/2024,1216.95,HJ0X4RN,150 m² Maison de vacances ∙ 4 chambres ∙ 10 personnes,Nendaz - Valais
27/08/2024,21/12/2024,28/12/2024,2894.78,HJ0X4RN,150 m² Maison de vacances ∙ 4 chambres ∙ 10 personnes,Nendaz - Valais
27/08/2024,04/01/2025,11/01/2025,1781.40,HJ0X4RN,150 m² Maison de vacances ∙ 4 chambres ∙ 10 personnes,Nendaz - Valais
27/08/2024,18/01/2025,25/01/2025,2225.72,HJ0X4RN,150 m² Maison de vacances ∙ 4 chambres ∙ 10 personnes,Nendaz - Valais
27/08/2024,08/03/2025,15/03/2025,1811.44,HJ0X4RN,150 m² Maison de vacances ∙ 4 chambres ∙ 10 personnes,Nendaz - Valais
27/08/2024,15/03/2025,22/03/2025,1604.30,HJ0X4RN,150 m² Maison de vacances ∙ 4 chambres ∙ 10 personnes,Nendaz - Valais
27/08/2024,22/03/2025,29/03/2025,1517.30,HJ0X4RN,150 m² Maison de vacances ∙ 4 chambres ∙ 10 personnes,Nendaz - Valais
27/08/2024,29/03/2025,05/04/2025,1253.20,HJ0X4RN,150 m² Maison de vacances ∙ 4 chambres ∙ 10 personnes,Nendaz - Valais
27/08/2024,05/04/2025,12/04/2025,1253.20,HJ0X4RN,150 m² Maison de vacances ∙ 4 chambres ∙ 10 personnes,Nendaz - Valais
27/08/2024,19/04/2025,26/04/2025,1521.44,HJ0X4RN,150 m² Maison de vacances ∙ 4 chambres ∙ 10 personnes,Nendaz - Valais
27/08/2024,26/04/2025,03/05/2025,1216.95,HJ0X4RN,150 m² Maison de vacances ∙ 4 chambres ∙ 10 personnes,Nendaz - Valais
27/08/2024,31/08/2024,07/09/2024,612.25,HG8HETR,25 m² Appartement ∙ 1 chambre ∙ 2 personnes,Saas Fee - Valais
27/08/2024,07/09/2024,14/09/2024,612.25,HG8HETR,25 m² Appartement ∙ 1 chambre ∙ 2 personnes,Saas Fee - Valais
27/08/2024,21/09/2024,28/09/2024,612.25,HG8HETR,25 m² Appartement ∙ 1 chambre ∙ 2 personnes,Saas Fee - Valais
27/08/2024,28/09/2024,05/10/2024,612.25,HG8HETR,25 m² Appartement ∙ 1 chambre ∙ 2 personnes,Saas Fee - Valais
27/08/2024,05/10/2024,12/10/2024,612.25,HG8HETR,25 m² Appartement ∙ 1 chambre ∙ 2 personnes,Saas Fee - Valais
27/08/2024,31/08/2024,07/09/2024,835.00,H2A7SNF,80 m² Appartement ∙ 2 chambres ∙ 4 personnes,Ovronnaz - Leytron - Valais
27/08/2024,21/09/2024,28/09/2024,1054.00,H2A7SNF,80 m² Appartement ∙ 2 chambres ∙ 4 personnes,Ovronnaz - Leytron - Valais
27/08/2024,28/09/2024,05/10/2024,1054.00,H2A7SNF,80 m² Appartement ∙ 2 chambres ∙ 4 personnes,Ovronnaz - Leytron - Valais
27/08/2024,05/10/2024,12/10/2024,1054.00,H2A7SNF,80 m² Appartement ∙ 2 chambres ∙ 4 personnes,Ovronnaz - Leytron - Valais
27/08/2024,12/10/2024,19/10/2024,1054.00,H2A7SNF,80 m² Appartement ∙ 2 chambres ∙ 4 personnes,Ovronnaz - Leytron - Valais
27/08/2024,09/11/2024,16/11/2024,1054.00,H2A7SNF,80 m² Appartement ∙ 2 chambres ∙ 4 personnes,Ovronnaz - Leytron - Valais
27/08/2024,16/11/2024,23/11/2024,1054.00,H2A7SNF,80 m² Appartement ∙ 2 chambres ∙ 4 personnes,Ovronnaz - Leytron - Valais
27/08/2024,23/11/2024,30/11/2024,1054.00,H2A7SNF,80 m² Appartement ∙ 2 chambres ∙ 4 personnes,Ovronnaz - Leytron - Valais
27/08/2024,30/11/2024,07/12/2024,1054.00,H2A7SNF,80 m² Appartement ∙ 2 chambres ∙ 4 personnes,Ovronnaz - Leytron - Valais
27/08/2024,07/12/2024,14/12/2024,1054.00,H2A7SNF,80 m² Appartement ∙ 2 chambres ∙ 4 personnes,Ovronnaz - Leytron - Valais
27/08/2024,14/12/2024,21/12/2024,1054.00,H2A7SNF,80 m² Appartement ∙ 2 chambres ∙ 4 personnes,Ovronnaz - Leytron - Valais
27/08/2024,21/12/2024,28/12/2024,1934.00,H2A7SNF,80 m² Appartement ∙ 2 chambres ∙ 4 personnes,Ovronnaz - Leytron - Valais
27/08/2024,04/01/2025,11/01/2025,1054.00,H2A7SNF,80 m² Appartement ∙ 2 chambres ∙ 4 personnes,Ovronnaz - Leytron - Valais
27/08/2024,18/01/2025,25/01/2025,1054.00,H2A7SNF,80 m² Appartement ∙ 2 chambres ∙ 4 personnes,Ovronnaz - Leytron - Valais
27/08/2024,25/01/2025,01/02/2025,1054.00,H2A7SNF,80 m² Appartement ∙ 2 chambres ∙ 4 personnes,Ovronnaz - Leytron - Valais
27/08/2024,22/02/2025,01/03/2025,2222.00,H2A7SNF,80 m² Appartement ∙ 2 chambres ∙ 4 personnes,Ovronnaz - Leytron - Valais
27/08/2024,01/03/2025,08/03/2025,2222.00,H2A7SNF,80 m² Appartement ∙ 2 chambres ∙ 4 personnes,Ovronnaz - Leytron - Valais
27/08/2024,05/04/2025,12/04/2025,1054.00,H2A7SNF,80 m² Appartement ∙ 2 chambres ∙ 4 personnes,Ovronnaz - Leytron - Valais
27/08/2024,12/04/2025,19/04/2025,1054.00,H2A7SNF,80 m² Appartement ∙ 2 chambres ∙ 4 personnes,Ovronnaz - Leytron - Valais
27/08/2024,19/04/2025,26/04/2025,1054.00,H2A7SNF,80 m² Appartement ∙ 2 chambres ∙ 4 personnes,Ovronnaz - Leytron - Valais
27/08/2024,26/04/2025,03/05/2025,1054.00,H2A7SNF,80 m² Appartement ∙ 2 chambres ∙ 4 personnes,Ovronnaz - Leytron - Valais
27/08/2024,03/05/2025,10/05/2025,1054.00,H2A7SNF,80 m² Appartement ∙ 2 chambres ∙ 4 personnes,Ovronnaz - Leytron - Valais
27/08/2024,10/05/2025,17/05/2025,1054.00,H2A7SNF,80 m² Appartement ∙ 2 chambres ∙ 4 personnes,Ovronnaz - Leytron - Valais
27/08/2024,14/09/2024,21/09/2024,535.00,H9UX4L7,Rosablanche D52,Rosablanche D52Nendaz - Valais
27/08/2024,23/11/2024,30/11/2024,562.00,H9UX4L7,Rosablanche D52,Rosablanche D52Nendaz - Valais
27/08/2024,30/11/2024,07/12/2024,562.00,H9UX4L7,Rosablanche D52,Rosablanche D52Nendaz - Valais
27/08/2024,07/12/2024,14/12/2024,562.00,H9UX4L7,Rosablanche D52,Rosablanche D52Nendaz - Valais
27/08/2024,14/12/2024,21/12/2024,562.00,H9UX4L7,Rosablanche D52,Rosablanche D52Nendaz - Valais
27/08/2024,21/12/2024,28/12/2024,1017.00,H9UX4L7,Rosablanche D52,Rosablanche D52Nendaz - Valais
27/08/2024,04/01/2025,11/01/2025,646.00,H9UX4L7,Rosablanche D52,Rosablanche D52Nendaz - Valais
27/08/2024,25/01/2025,01/02/2025,843.00,H9UX4L7,Rosablanche D52,Rosablanche D52Nendaz - Valais
27/08/2024,01/02/2025,08/02/2025,843.00,H9UX4L7,Rosablanche D52,Rosablanche D52Nendaz - Valais
27/08/2024,08/02/2025,15/02/2025,941.00,H9UX4L7,Rosablanche D52,Rosablanche D52Nendaz - Valais
27/08/2024,15/02/2025,22/02/2025,1101.00,H9UX4L7,Rosablanche D52,Rosablanche D52Nendaz - Valais
27/08/2024,15/03/2025,22/03/2025,646.00,H9UX4L7,Rosablanche D52,Rosablanche D52Nendaz - Valais
27/08/2024,22/03/2025,29/03/2025,646.00,H9UX4L7,Rosablanche D52,Rosablanche D52Nendaz - Valais
27/08/2024,29/03/2025,05/04/2025,646.00,H9UX4L7,Rosablanche D52,Rosablanche D52Nendaz - Valais
27/08/2024,05/04/2025,12/04/2025,646.00,H9UX4L7,Rosablanche D52,Rosablanche D52Nendaz - Valais
27/08/2024,12/04/2025,19/04/2025,646.00,H9UX4L7,Rosablanche D52,Rosablanche D52Nendaz - Valais
27/08/2024,19/04/2025,26/04/2025,646.00,H9UX4L7,Rosablanche D52,Rosablanche D52Nendaz - Valais
27/08/2024,31/08/2024,07/09/2024,572.00,HVZ679L,48 m² Appartement ∙ 1 chambre ∙ 4 personnes,Ovronnaz - Leytron - Valais
27/08/2024,07/09/2024,14/09/2024,704.00,HVZ679L,48 m² Appartement ∙ 1 chambre ∙ 4 personnes,Ovronnaz - Leytron - Valais
27/08/2024,14/09/2024,21/09/2024,704.00,HVZ679L,48 m² Appartement ∙ 1 chambre ∙ 4 personnes,Ovronnaz - Leytron - Valais
27/08/2024,21/09/2024,28/09/2024,704.00,HVZ679L,48 m² Appartement ∙ 1 chambre ∙ 4 personnes,Ovronnaz - Leytron - Valais
27/08/2024,28/09/2024,05/10/2024,704.00,HVZ679L,48 m² Appartement ∙ 1 chambre ∙ 4 personnes,Ovronnaz - Leytron - Valais
27/08/2024,05/10/2024,12/10/2024,704.00,HVZ679L,48 m² Appartement ∙ 1 chambre ∙ 4 personnes,Ovronnaz - Leytron - Valais
27/08/2024,12/10/2024,19/10/2024,704.00,HVZ679L,48 m² Appartement ∙ 1 chambre ∙ 4 personnes,Ovronnaz - Leytron - Valais
27/08/2024,19/10/2024,26/10/2024,704.00,HVZ679L,48 m² Appartement ∙ 1 chambre ∙ 4 personnes,Ovronnaz - Leytron - Valais
27/08/2024,26/10/2024,02/11/2024,704.00,HVZ679L,48 m² Appartement ∙ 1 chambre ∙ 4 personnes,Ovronnaz - Leytron - Valais
27/08/2024,02/11/2024,09/11/2024,704.00,HVZ679L,48 m² Appartement ∙ 1 chambre ∙ 4 personnes,Ovronnaz - Leytron - Valais
27/08/2024,09/11/2024,16/11/2024,704.00,HVZ679L,48 m² Appartement ∙ 1 chambre ∙ 4 personnes,Ovronnaz - Leytron - Valais
27/08/2024,16/11/2024,23/11/2024,704.00,HVZ679L,48 m² Appartement ∙ 1 chambre ∙ 4 personnes,Ovronnaz - Leytron - Valais
27/08/2024,23/11/2024,30/11/2024,704.00,HVZ679L,48 m² Appartement ∙ 1 chambre ∙ 4 personnes,Ovronnaz - Leytron - Valais
27/08/2024,30/11/2024,07/12/2024,704.00,HVZ679L,48 m² Appartement ∙ 1 chambre ∙ 4 personnes,Ovronnaz - Leytron - Valais
27/08/2024,07/12/2024,14/12/2024,704.00,HVZ679L,48 m² Appartement ∙ 1 chambre ∙ 4 personnes,Ovronnaz - Leytron - Valais
27/08/2024,14/12/2024,21/12/2024,704.00,HVZ679L,48 m² Appartement ∙ 1 chambre ∙ 4 personnes,Ovronnaz - Leytron - Valais
27/08/2024,18/01/2025,25/01/2025,704.00,HVZ679L,48 m² Appartement ∙ 1 chambre ∙ 4 personnes,Ovronnaz - Leytron - Valais
27/08/2024,25/01/2025,01/02/2025,704.00,HVZ679L,48 m² Appartement ∙ 1 chambre ∙ 4 personnes,Ovronnaz - Leytron - Valais
27/08/2024,01/02/2025,08/02/2025,765.00,HVZ679L,48 m² Appartement ∙ 1 chambre ∙ 4 personnes,Ovronnaz - Leytron - Valais
27/08/2024,08/02/2025,15/02/2025,765.00,HVZ679L,48 m² Appartement ∙ 1 chambre ∙ 4 personnes,Ovronnaz - Leytron - Valais
27/08/2024,15/02/2025,22/02/2025,1197.00,HVZ679L,48 m² Appartement ∙ 1 chambre ∙ 4 personnes,Ovronnaz - Leytron - Valais
27/08/2024,22/02/2025,01/03/2025,1197.00,HVZ679L,48 m² Appartement ∙ 1 chambre ∙ 4 personnes,Ovronnaz - Leytron - Valais
27/08/2024,01/03/2025,08/03/2025,1197.00,HVZ679L,48 m² Appartement ∙ 1 chambre ∙ 4 personnes,Ovronnaz - Leytron - Valais
27/08/2024,08/03/2025,15/03/2025,704.00,HVZ679L,48 m² Appartement ∙ 1 chambre ∙ 4 personnes,Ovronnaz - Leytron - Valais
27/08/2024,15/03/2025,22/03/2025,704.00,HVZ679L,48 m² Appartement ∙ 1 chambre ∙ 4 personnes,Ovronnaz - Leytron - Valais
27/08/2024,22/03/2025,29/03/2025,704.00,HVZ679L,48 m² Appartement ∙ 1 chambre ∙ 4 personnes,Ovronnaz - Leytron - Valais
27/08/2024,29/03/2025,05/04/2025,704.00,HVZ679L,48 m² Appartement ∙ 1 chambre ∙ 4 personnes,Ovronnaz - Leytron - Valais
27/08/2024,05/04/2025,12/04/2025,704.00,HVZ679L,48 m² Appartement ∙ 1 chambre ∙ 4 personnes,Ovronnaz - Leytron - Valais
27/08/2024,12/04/2025,19/04/2025,704.00,HVZ679L,48 m² Appartement ∙ 1 chambre ∙ 4 personnes,Ovronnaz - Leytron - Valais
27/08/2024,19/04/2025,26/04/2025,704.00,HVZ679L,48 m² Appartement ∙ 1 chambre ∙ 4 personnes,Ovronnaz - Leytron - Valais
27/08/2024,26/04/2025,03/05/2025,704.00,HVZ679L,48 m² Appartement ∙ 1 chambre ∙ 4 personnes,Ovronnaz - Leytron - Valais
27/08/2024,03/05/2025,10/05/2025,704.00,HVZ679L,48 m² Appartement ∙ 1 chambre ∙ 4 personnes,Ovronnaz - Leytron - Valais
27/08/2024,10/05/2025,17/05/2025,704.00,HVZ679L,48 m² Appartement ∙ 1 chambre ∙ 4 personnes,Ovronnaz - Leytron - Valais
27/08/2024,21/09/2024,28/09/2024,708.00,H1F27BJ,77 m² Appartement ∙ 2 chambres ∙ 4 personnes,Crans-Montana - Valais
27/08/2024,28/09/2024,05/10/2024,839.00,H1F27BJ,77 m² Appartement ∙ 2 chambres ∙ 4 personnes,Crans-Montana - Valais
27/08/2024,05/10/2024,12/10/2024,839.00,H1F27BJ,77 m² Appartement ∙ 2 chambres ∙ 4 personnes,Crans-Montana - Valais
27/08/2024,12/10/2024,19/10/2024,839.00,H1F27BJ,77 m² Appartement ∙ 2 chambres ∙ 4 personnes,Crans-Montana - Valais
27/08/2024,19/10/2024,26/10/2024,839.00,H1F27BJ,77 m² Appartement ∙ 2 chambres ∙ 4 personnes,Crans-Montana - Valais
27/08/2024,26/10/2024,02/11/2024,839.00,H1F27BJ,77 m² Appartement ∙ 2 chambres ∙ 4 personnes,Crans-Montana - Valais
27/08/2024,02/11/2024,09/11/2024,866.00,H1F27BJ,77 m² Appartement ∙ 2 chambres ∙ 4 personnes,Crans-Montana - Valais
27/08/2024,09/11/2024,16/11/2024,866.00,H1F27BJ,77 m² Appartement ∙ 2 chambres ∙ 4 personnes,Crans-Montana - Valais
27/08/2024,16/11/2024,23/11/2024,866.00,H1F27BJ,77 m² Appartement ∙ 2 chambres ∙ 4 personnes,Crans-Montana - Valais
27/08/2024,23/11/2024,30/11/2024,866.00,H1F27BJ,77 m² Appartement ∙ 2 chambres ∙ 4 personnes,Crans-Montana - Valais
27/08/2024,30/11/2024,07/12/2024,866.00,H1F27BJ,77 m² Appartement ∙ 2 chambres ∙ 4 personnes,Crans-Montana - Valais
27/08/2024,07/12/2024,14/12/2024,866.00,H1F27BJ,77 m² Appartement ∙ 2 chambres ∙ 4 personnes,Crans-Montana - Valais
27/08/2024,14/12/2024,21/12/2024,866.00,H1F27BJ,77 m² Appartement ∙ 2 chambres ∙ 4 personnes,Crans-Montana - Valais
27/08/2024,21/12/2024,28/12/2024,1821.00,H1F27BJ,77 m² Appartement ∙ 2 chambres ∙ 4 personnes,Crans-Montana - Valais
27/08/2024,04/01/2025,11/01/2025,1048.00,H1F27BJ,77 m² Appartement ∙ 2 chambres ∙ 4 personnes,Crans-Montana - Valais
27/08/2024,08/02/2025,15/02/2025,1532.00,H1F27BJ,77 m² Appartement ∙ 2 chambres ∙ 4 personnes,Crans-Montana - Valais
27/08/2024,15/02/2025,22/02/2025,1821.00,H1F27BJ,77 m² Appartement ∙ 2 chambres ∙ 4 personnes,Crans-Montana - Valais
27/08/2024,22/02/2025,01/03/2025,1821.00,H1F27BJ,77 m² Appartement ∙ 2 chambres ∙ 4 personnes,Crans-Montana - Valais
27/08/2024,01/03/2025,08/03/2025,1532.00,H1F27BJ,77 m² Appartement ∙ 2 chambres ∙ 4 personnes,Crans-Montana - Valais
27/08/2024,29/03/2025,05/04/2025,866.00,H1F27BJ,77 m² Appartement ∙ 2 chambres ∙ 4 personnes,Crans-Montana - Valais
27/08/2024,05/04/2025,12/04/2025,866.00,H1F27BJ,77 m² Appartement ∙ 2 chambres ∙ 4 personnes,Crans-Montana - Valais
27/08/2024,12/04/2025,19/04/2025,1048.00,H1F27BJ,77 m² Appartement ∙ 2 chambres ∙ 4 personnes,Crans-Montana - Valais
27/08/2024,19/04/2025,26/04/2025,1048.00,H1F27BJ,77 m² Appartement ∙ 2 chambres ∙ 4 personnes,Crans-Montana - Valais
27/08/2024,26/04/2025,03/05/2025,866.00,H1F27BJ,77 m² Appartement ∙ 2 chambres ∙ 4 personnes,Crans-Montana - Valais
27/08/2024,31/08/2024,07/09/2024,1560.00,HWS069K,200 m² Appartement ∙ 6 chambres ∙ 10 personnes,Bürchen - Valais
27/08/2024,07/09/2024,14/09/2024,1560.00,HWS069K,200 m² Appartement ∙ 6 chambres ∙ 10 personnes,Bürchen - Valais
27/08/2024,14/09/2024,21/09/2024,1560.00,HWS069K,200 m² Appartement ∙ 6 chambres ∙ 10 personnes,Bürchen - Valais
27/08/2024,12/10/2024,19/10/2024,1544.00,HWS069K,200 m² Appartement ∙ 6 chambres ∙ 10 personnes,Bürchen - Valais
27/08/2024,19/10/2024,26/10/2024,1544.00,HWS069K,200 m² Appartement ∙ 6 chambres ∙ 10 personnes,Bürchen - Valais
27/08/2024,26/10/2024,02/11/2024,1544.00,HWS069K,200 m² Appartement ∙ 6 chambres ∙ 10 personnes,Bürchen - Valais
27/08/2024,02/11/2024,09/11/2024,1544.00,HWS069K,200 m² Appartement ∙ 6 chambres ∙ 10 personnes,Bürchen - Valais
27/08/2024,09/11/2024,16/11/2024,1544.00,HWS069K,200 m² Appartement ∙ 6 chambres ∙ 10 personnes,Bürchen - Valais
27/08/2024,16/11/2024,23/11/2024,1544.00,HWS069K,200 m² Appartement ∙ 6 chambres ∙ 10 personnes,Bürchen - Valais
27/08/2024,23/11/2024,30/11/2024,1544.00,HWS069K,200 m² Appartement ∙ 6 chambres ∙ 10 personnes,Bürchen - Valais
27/08/2024,30/11/2024,07/12/2024,1544.00,HWS069K,200 m² Appartement ∙ 6 chambres ∙ 10 personnes,Bürchen - Valais
27/08/2024,07/12/2024,14/12/2024,1544.00,HWS069K,200 m² Appartement ∙ 6 chambres ∙ 10 personnes,Bürchen - Valais
27/08/2024,14/12/2024,21/12/2024,1706.00,HWS069K,200 m² Appartement ∙ 6 chambres ∙ 10 personnes,Bürchen - Valais
27/08/2024,04/01/2025,11/01/2025,2297.00,HWS069K,200 m² Appartement ∙ 6 chambres ∙ 10 personnes,Bürchen - Valais
27/08/2024,22/02/2025,01/03/2025,2670.00,HWS069K,200 m² Appartement ∙ 6 chambres ∙ 10 personnes,Bürchen - Valais
27/08/2024,08/03/2025,15/03/2025,2297.00,HWS069K,200 m² Appartement ∙ 6 chambres ∙ 10 personnes,Bürchen - Valais
27/08/2024,15/03/2025,22/03/2025,1706.00,HWS069K,200 m² Appartement ∙ 6 chambres ∙ 10 personnes,Bürchen - Valais
27/08/2024,22/03/2025,29/03/2025,1544.00,HWS069K,200 m² Appartement ∙ 6 chambres ∙ 10 personnes,Bürchen - Valais
27/08/2024,29/03/2025,05/04/2025,1544.00,HWS069K,200 m² Appartement ∙ 6 chambres ∙ 10 personnes,Bürchen - Valais
27/08/2024,05/04/2025,12/04/2025,1544.00,HWS069K,200 m² Appartement ∙ 6 chambres ∙ 10 personnes,Bürchen - Valais
27/08/2024,12/04/2025,19/04/2025,1706.00,HWS069K,200 m² Appartement ∙ 6 chambres ∙ 10 personnes,Bürchen - Valais
27/08/2024,19/04/2025,26/04/2025,1706.00,HWS069K,200 m² Appartement ∙ 6 chambres ∙ 10 personnes,Bürchen - Valais
27/08/2024,26/04/2025,03/05/2025,1544.00,HWS069K,200 m² Appartement ∙ 6 chambres ∙ 10 personnes,Bürchen - Valais
27/08/2024,03/05/2025,10/05/2025,1544.00,HWS069K,200 m² Appartement ∙ 6 chambres ∙ 10 personnes,Bürchen - Valais
27/08/2024,10/05/2025,17/05/2025,1544.00,HWS069K,200 m² Appartement ∙ 6 chambres ∙ 10 personnes,Bürchen - Valais
27/08/2024,31/08/2024,07/09/2024,2275.00,HJ9EFD3,150 m² Maison de vacances ∙ 4 chambres ∙ 8 personnes,Vex - Valais
27/08/2024,07/09/2024,14/09/2024,2275.00,HJ9EFD3,150 m² Maison de vacances ∙ 4 chambres ∙ 8 personnes,Vex - Valais
27/08/2024,14/09/2024,21/09/2024,2275.00,HJ9EFD3,150 m² Maison de vacances ∙ 4 chambres ∙ 8 personnes,Vex - Valais
27/08/2024,21/09/2024,28/09/2024,2275.00,HJ9EFD3,150 m² Maison de vacances ∙ 4 chambres ∙ 8 personnes,Vex - Valais
27/08/2024,28/09/2024,05/10/2024,2275.00,HJ9EFD3,150 m² Maison de vacances ∙ 4 chambres ∙ 8 personnes,Vex - Valais
27/08/2024,05/10/2024,12/10/2024,2275.00,HJ9EFD3,150 m² Maison de vacances ∙ 4 chambres ∙ 8 personnes,Vex - Valais
27/08/2024,12/10/2024,19/10/2024,2275.00,HJ9EFD3,150 m² Maison de vacances ∙ 4 chambres ∙ 8 personnes,Vex - Valais
27/08/2024,19/10/2024,26/10/2024,2275.00,HJ9EFD3,150 m² Maison de vacances ∙ 4 chambres ∙ 8 personnes,Vex - Valais
27/08/2024,26/10/2024,02/11/2024,2275.00,HJ9EFD3,150 m² Maison de vacances ∙ 4 chambres ∙ 8 personnes,Vex - Valais
27/08/2024,02/11/2024,09/11/2024,2275.00,HJ9EFD3,150 m² Maison de vacances ∙ 4 chambres ∙ 8 personnes,Vex - Valais
27/08/2024,09/11/2024,16/11/2024,2275.00,HJ9EFD3,150 m² Maison de vacances ∙ 4 chambres ∙ 8 personnes,Vex - Valais
27/08/2024,16/11/2024,23/11/2024,2275.00,HJ9EFD3,150 m² Maison de vacances ∙ 4 chambres ∙ 8 personnes,Vex - Valais
27/08/2024,23/11/2024,30/11/2024,2275.00,HJ9EFD3,150 m² Maison de vacances ∙ 4 chambres ∙ 8 personnes,Vex - Valais
27/08/2024,05/04/2025,12/04/2025,2275.00,HJ9EFD3,150 m² Maison de vacances ∙ 4 chambres ∙ 8 personnes,Vex - Valais
27/08/2024,12/04/2025,19/04/2025,2275.00,HJ9EFD3,150 m² Maison de vacances ∙ 4 chambres ∙ 8 personnes,Vex - Valais
27/08/2024,19/04/2025,26/04/2025,2275.00,HJ9EFD3,150 m² Maison de vacances ∙ 4 chambres ∙ 8 personnes,Vex - Valais
27/08/2024,26/04/2025,03/05/2025,2275.00,HJ9EFD3,150 m² Maison de vacances ∙ 4 chambres ∙ 8 personnes,Vex - Valais
27/08/2024,03/05/2025,10/05/2025,2275.00,HJ9EFD3,150 m² Maison de vacances ∙ 4 chambres ∙ 8 personnes,Vex - Valais
27/08/2024,10/05/2025,17/05/2025,2275.00,HJ9EFD3,150 m² Maison de vacances ∙ 4 chambres ∙ 8 personnes,Vex - Valais
28/08/2024,19/10/2024,26/10/2024,584.29,HD3NRX2,Appartement ∙ 2 personnes,Grächen - Valais
28/08/2024,26/10/2024,02/11/2024,584.29,HD3NRX2,Appartement ∙ 2 personnes,Grächen - Valais
28/08/2024,02/11/2024,09/11/2024,584.29,HD3NRX2,Appartement ∙ 2 personnes,Grächen - Valais
28/08/2024,09/11/2024,16/11/2024,584.29,HD3NRX2,Appartement ∙ 2 personnes,Grächen - Valais
28/08/2024,16/11/2024,23/11/2024,584.29,HD3NRX2,Appartement ∙ 2 personnes,Grächen - Valais
28/08/2024,23/11/2024,30/11/2024,584.29,HD3NRX2,Appartement ∙ 2 personnes,Grächen - Valais
28/08/2024,30/11/2024,07/12/2024,584.29,HD3NRX2,Appartement ∙ 2 personnes,Grächen - Valais
28/08/2024,04/01/2025,11/01/2025,733.02,HD3NRX2,Appartement ∙ 2 personnes,Grächen - Valais
28/08/2024,29/03/2025,05/04/2025,658.65,HD3NRX2,Appartement ∙ 2 personnes,Grächen - Valais
28/08/2024,05/04/2025,12/04/2025,658.65,HD3NRX2,Appartement ∙ 2 personnes,Grächen - Valais
28/08/2024,12/04/2025,19/04/2025,658.65,HD3NRX2,Appartement ∙ 2 personnes,Grächen - Valais
28/08/2024,19/04/2025,26/04/2025,658.65,HD3NRX2,Appartement ∙ 2 personnes,Grächen - Valais
28/08/2024,26/04/2025,03/05/2025,584.29,HD3NRX2,Appartement ∙ 2 personnes,Grächen - Valais
28/08/2024,03/05/2025,10/05/2025,584.29,HD3NRX2,Appartement ∙ 2 personnes,Grächen - Valais
28/08/2024,10/05/2025,17/05/2025,584.29,HD3NRX2,Appartement ∙ 2 personnes,Grächen - Valais
28/08/2024,25/01/2025,01/02/2025,1344.34,HUBVNYP,80 m² Maison de vacances ∙ 3 chambres ∙ 6 personnes,Val-d'Illiez - Valais
28/08/2024,01/02/2025,08/02/2025,1605.33,HUBVNYP,80 m² Maison de vacances ∙ 3 chambres ∙ 6 personnes,Val-d'Illiez - Valais
28/08/2024,08/02/2025,15/02/2025,1783.48,HUBVNYP,80 m² Maison de vacances ∙ 3 chambres ∙ 6 personnes,Val-d'Illiez - Valais
28/08/2024,16/11/2024,23/11/2024,624.66,HT758VZ,55 m² Appartement ∙ 1 chambre ∙ 4 personnes,Loèche-les-Bains - Valais
28/08/2024,23/11/2024,30/11/2024,624.66,HT758VZ,55 m² Appartement ∙ 1 chambre ∙ 4 personnes,Loèche-les-Bains - Valais
28/08/2024,30/11/2024,07/12/2024,624.66,HT758VZ,55 m² Appartement ∙ 1 chambre ∙ 4 personnes,Loèche-les-Bains - Valais
28/08/2024,07/12/2024,14/12/2024,624.66,HT758VZ,55 m² Appartement ∙ 1 chambre ∙ 4 personnes,Loèche-les-Bains - Valais
28/08/2024,29/03/2025,05/04/2025,534.00,HZ2V0M4,32 m² Appartement ∙ 1 chambre ∙ 2 personnes,Crans-Montana - Valais
28/08/2024,05/04/2025,12/04/2025,534.00,HZ2V0M4,32 m² Appartement ∙ 1 chambre ∙ 2 personnes,Crans-Montana - Valais
28/08/2024,12/04/2025,19/04/2025,648.00,HZ2V0M4,32 m² Appartement ∙ 1 chambre ∙ 2 personnes,Crans-Montana - Valais
28/08/2024,19/04/2025,26/04/2025,648.00,HZ2V0M4,32 m² Appartement ∙ 1 chambre ∙ 2 personnes,Crans-Montana - Valais
28/08/2024,26/04/2025,03/05/2025,534.00,HZ2V0M4,32 m² Appartement ∙ 1 chambre ∙ 2 personnes,Crans-Montana - Valais
28/08/2024,03/05/2025,10/05/2025,534.00,HZ2V0M4,32 m² Appartement ∙ 1 chambre ∙ 2 personnes,Crans-Montana - Valais
28/08/2024,10/05/2025,17/05/2025,534.00,HZ2V0M4,32 m² Appartement ∙ 1 chambre ∙ 2 personnes,Crans-Montana - Valais
28/08/2024,31/08/2024,07/09/2024,1236.56,H83G6VX,90 m² Maison de vacances ∙ 2 chambres ∙ 4 personnes,Randa - Valais
28/08/2024,07/09/2024,14/09/2024,1236.56,H83G6VX,90 m² Maison de vacances ∙ 2 chambres ∙ 4 personnes,Randa - Valais
28/08/2024,05/10/2024,12/10/2024,1236.56,H83G6VX,90 m² Maison de vacances ∙ 2 chambres ∙ 4 personnes,Randa - Valais
28/08/2024,12/10/2024,19/10/2024,1236.56,H83G6VX,90 m² Maison de vacances ∙ 2 chambres ∙ 4 personnes,Randa - Valais
28/08/2024,19/10/2024,26/10/2024,1236.56,H83G6VX,90 m² Maison de vacances ∙ 2 chambres ∙ 4 personnes,Randa - Valais
28/08/2024,26/10/2024,02/11/2024,1236.56,H83G6VX,90 m² Maison de vacances ∙ 2 chambres ∙ 4 personnes,Randa - Valais
28/08/2024,02/11/2024,09/11/2024,1236.56,H83G6VX,90 m² Maison de vacances ∙ 2 chambres ∙ 4 personnes,Randa - Valais
28/08/2024,09/11/2024,16/11/2024,1236.56,H83G6VX,90 m² Maison de vacances ∙ 2 chambres ∙ 4 personnes,Randa - Valais
28/08/2024,16/11/2024,23/11/2024,1236.56,H83G6VX,90 m² Maison de vacances ∙ 2 chambres ∙ 4 personnes,Randa - Valais
28/08/2024,23/11/2024,30/11/2024,1236.56,H83G6VX,90 m² Maison de vacances ∙ 2 chambres ∙ 4 personnes,Randa - Valais
28/08/2024,30/11/2024,07/12/2024,1236.56,H83G6VX,90 m² Maison de vacances ∙ 2 chambres ∙ 4 personnes,Randa - Valais
28/08/2024,07/12/2024,14/12/2024,1236.56,H83G6VX,90 m² Maison de vacances ∙ 2 chambres ∙ 4 personnes,Randa - Valais
28/08/2024,14/12/2024,21/12/2024,1236.56,H83G6VX,90 m² Maison de vacances ∙ 2 chambres ∙ 4 personnes,Randa - Valais
28/08/2024,11/01/2025,18/01/2025,1236.56,H83G6VX,90 m² Maison de vacances ∙ 2 chambres ∙ 4 personnes,Randa - Valais
28/08/2024,18/01/2025,25/01/2025,1236.56,H83G6VX,90 m² Maison de vacances ∙ 2 chambres ∙ 4 personnes,Randa - Valais
28/08/2024,25/01/2025,01/02/2025,1236.56,H83G6VX,90 m² Maison de vacances ∙ 2 chambres ∙ 4 personnes,Randa - Valais
28/08/2024,01/02/2025,08/02/2025,1236.56,H83G6VX,90 m² Maison de vacances ∙ 2 chambres ∙ 4 personnes,Randa - Valais
28/08/2024,01/03/2025,08/03/2025,1236.56,H83G6VX,90 m² Maison de vacances ∙ 2 chambres ∙ 4 personnes,Randa - Valais
28/08/2024,08/03/2025,15/03/2025,1236.56,H83G6VX,90 m² Maison de vacances ∙ 2 chambres ∙ 4 personnes,Randa - Valais
28/08/2024,15/03/2025,22/03/2025,1236.56,H83G6VX,90 m² Maison de vacances ∙ 2 chambres ∙ 4 personnes,Randa - Valais
28/08/2024,22/03/2025,29/03/2025,1236.56,H83G6VX,90 m² Maison de vacances ∙ 2 chambres ∙ 4 personnes,Randa - Valais
28/08/2024,29/03/2025,05/04/2025,1236.56,H83G6VX,90 m² Maison de vacances ∙ 2 chambres ∙ 4 personnes,Randa - Valais
28/08/2024,05/04/2025,12/04/2025,1236.56,H83G6VX,90 m² Maison de vacances ∙ 2 chambres ∙ 4 personnes,Randa - Valais
28/08/2024,12/04/2025,19/04/2025,1236.56,H83G6VX,90 m² Maison de vacances ∙ 2 chambres ∙ 4 personnes,Randa - Valais
28/08/2024,19/04/2025,26/04/2025,1236.56,H83G6VX,90 m² Maison de vacances ∙ 2 chambres ∙ 4 personnes,Randa - Valais
28/08/2024,26/04/2025,03/05/2025,1236.56,H83G6VX,90 m² Maison de vacances ∙ 2 chambres ∙ 4 personnes,Randa - Valais
28/08/2024,03/05/2025,10/05/2025,1236.56,H83G6VX,90 m² Maison de vacances ∙ 2 chambres ∙ 4 personnes,Randa - Valais
28/08/2024,10/05/2025,17/05/2025,1236.56,H83G6VX,90 m² Maison de vacances ∙ 2 chambres ∙ 4 personnes,Randa - Valais
28/08/2024,05/10/2024,12/10/2024,1233.00,HCG6R0M,100 m² Maison de vacances ∙ 3 chambres ∙ 6 personnes,Chamoson - Valais
28/08/2024,12/10/2024,19/10/2024,1233.00,HCG6R0M,100 m² Maison de vacances ∙ 3 chambres ∙ 6 personnes,Chamoson - Valais
28/08/2024,02/11/2024,09/11/2024,1233.00,HCG6R0M,100 m² Maison de vacances ∙ 3 chambres ∙ 6 personnes,Chamoson - Valais
28/08/2024,09/11/2024,16/11/2024,1233.00,HCG6R0M,100 m² Maison de vacances ∙ 3 chambres ∙ 6 personnes,Chamoson - Valais
28/08/2024,16/11/2024,23/11/2024,1233.00,HCG6R0M,100 m² Maison de vacances ∙ 3 chambres ∙ 6 personnes,Chamoson - Valais
28/08/2024,23/11/2024,30/11/2024,1233.00,HCG6R0M,100 m² Maison de vacances ∙ 3 chambres ∙ 6 personnes,Chamoson - Valais
28/08/2024,30/11/2024,07/12/2024,1233.00,HCG6R0M,100 m² Maison de vacances ∙ 3 chambres ∙ 6 personnes,Chamoson - Valais
28/08/2024,07/12/2024,14/12/2024,1233.00,HCG6R0M,100 m² Maison de vacances ∙ 3 chambres ∙ 6 personnes,Chamoson - Valais
28/08/2024,14/12/2024,21/12/2024,1233.00,HCG6R0M,100 m² Maison de vacances ∙ 3 chambres ∙ 6 personnes,Chamoson - Valais
28/08/2024,21/12/2024,28/12/2024,2295.00,HCG6R0M,100 m² Maison de vacances ∙ 3 chambres ∙ 6 personnes,Chamoson - Valais
28/08/2024,28/12/2024,04/01/2025,2747.00,HCG6R0M,100 m² Maison de vacances ∙ 3 chambres ∙ 6 personnes,Chamoson - Valais
28/08/2024,04/01/2025,11/01/2025,1233.00,HCG6R0M,100 m² Maison de vacances ∙ 3 chambres ∙ 6 personnes,Chamoson - Valais
28/08/2024,11/01/2025,18/01/2025,1233.00,HCG6R0M,100 m² Maison de vacances ∙ 3 chambres ∙ 6 personnes,Chamoson - Valais
28/08/2024,18/01/2025,25/01/2025,1233.00,HCG6R0M,100 m² Maison de vacances ∙ 3 chambres ∙ 6 personnes,Chamoson - Valais
28/08/2024,25/01/2025,01/02/2025,1233.00,HCG6R0M,100 m² Maison de vacances ∙ 3 chambres ∙ 6 personnes,Chamoson - Valais
28/08/2024,01/02/2025,08/02/2025,1749.00,HCG6R0M,100 m² Maison de vacances ∙ 3 chambres ∙ 6 personnes,Chamoson - Valais
28/08/2024,08/02/2025,15/02/2025,1749.00,HCG6R0M,100 m² Maison de vacances ∙ 3 chambres ∙ 6 personnes,Chamoson - Valais
28/08/2024,15/02/2025,22/02/2025,2621.00,HCG6R0M,100 m² Maison de vacances ∙ 3 chambres ∙ 6 personnes,Chamoson - Valais
28/08/2024,22/02/2025,01/03/2025,2621.00,HCG6R0M,100 m² Maison de vacances ∙ 3 chambres ∙ 6 personnes,Chamoson - Valais
28/08/2024,01/03/2025,08/03/2025,2621.00,HCG6R0M,100 m² Maison de vacances ∙ 3 chambres ∙ 6 personnes,Chamoson - Valais
28/08/2024,08/03/2025,15/03/2025,1233.00,HCG6R0M,100 m² Maison de vacances ∙ 3 chambres ∙ 6 personnes,Chamoson - Valais
28/08/2024,15/03/2025,22/03/2025,1233.00,HCG6R0M,100 m² Maison de vacances ∙ 3 chambres ∙ 6 personnes,Chamoson - Valais
28/08/2024,22/03/2025,29/03/2025,1233.00,HCG6R0M,100 m² Maison de vacances ∙ 3 chambres ∙ 6 personnes,Chamoson - Valais
28/08/2024,29/03/2025,05/04/2025,1233.00,HCG6R0M,100 m² Maison de vacances ∙ 3 chambres ∙ 6 personnes,Chamoson - Valais
28/08/2024,05/04/2025,12/04/2025,1233.00,HCG6R0M,100 m² Maison de vacances ∙ 3 chambres ∙ 6 personnes,Chamoson - Valais
28/08/2024,12/04/2025,19/04/2025,1233.00,HCG6R0M,100 m² Maison de vacances ∙ 3 chambres ∙ 6 personnes,Chamoson - Valais
28/08/2024,19/04/2025,26/04/2025,1233.00,HCG6R0M,100 m² Maison de vacances ∙ 3 chambres ∙ 6 personnes,Chamoson - Valais
28/08/2024,26/04/2025,03/05/2025,1233.00,HCG6R0M,100 m² Maison de vacances ∙ 3 chambres ∙ 6 personnes,Chamoson - Valais
28/08/2024,03/05/2025,10/05/2025,1233.00,HCG6R0M,100 m² Maison de vacances ∙ 3 chambres ∙ 6 personnes,Chamoson - Valais
28/08/2024,10/05/2025,17/05/2025,1233.00,HCG6R0M,100 m² Maison de vacances ∙ 3 chambres ∙ 6 personnes,Chamoson - Valais
28/08/2024,21/09/2024,28/09/2024,880.00,HX8TA3D,73 m² Appartement ∙ 2 chambres ∙ 4 personnes,Ernen - Valais
28/08/2024,28/09/2024,05/10/2024,1062.00,HX8TA3D,73 m² Appartement ∙ 2 chambres ∙ 4 personnes,Ernen - Valais
28/08/2024,12/10/2024,19/10/2024,1062.00,HX8TA3D,73 m² Appartement ∙ 2 chambres ∙ 4 personnes,Ernen - Valais
28/08/2024,19/10/2024,26/10/2024,1062.00,HX8TA3D,73 m² Appartement ∙ 2 chambres ∙ 4 personnes,Ernen - Valais
28/08/2024,26/10/2024,02/11/2024,1062.00,HX8TA3D,73 m² Appartement ∙ 2 chambres ∙ 4 personnes,Ernen - Valais
28/08/2024,02/11/2024,09/11/2024,1062.00,HX8TA3D,73 m² Appartement ∙ 2 chambres ∙ 4 personnes,Ernen - Valais
28/08/2024,09/11/2024,16/11/2024,1062.00,HX8TA3D,73 m² Appartement ∙ 2 chambres ∙ 4 personnes,Ernen - Valais
28/08/2024,16/11/2024,23/11/2024,1062.00,HX8TA3D,73 m² Appartement ∙ 2 chambres ∙ 4 personnes,Ernen - Valais
28/08/2024,23/11/2024,30/11/2024,1062.00,HX8TA3D,73 m² Appartement ∙ 2 chambres ∙ 4 personnes,Ernen - Valais
28/08/2024,30/11/2024,07/12/2024,1062.00,HX8TA3D,73 m² Appartement ∙ 2 chambres ∙ 4 personnes,Ernen - Valais
28/08/2024,07/12/2024,14/12/2024,1062.00,HX8TA3D,73 m² Appartement ∙ 2 chambres ∙ 4 personnes,Ernen - Valais
28/08/2024,14/12/2024,21/12/2024,1365.00,HX8TA3D,73 m² Appartement ∙ 2 chambres ∙ 4 personnes,Ernen - Valais
28/08/2024,04/01/2025,11/01/2025,944.00,H57MHP9,75 m² Appartement ∙ 2 chambres ∙ 4 personnes,Grächen - Valais
28/08/2024,04/01/2025,11/01/2025,944.00,H57MHP9,75 m² Appartement ∙ 2 chambres ∙ 4 personnes,Grächen - Valais
28/08/2024,15/03/2025,22/03/2025,716.00,H57MHP9,75 m² Appartement ∙ 2 chambres ∙ 4 personnes,Grächen - Valais
28/08/2024,22/03/2025,29/03/2025,716.00,H57MHP9,75 m² Appartement ∙ 2 chambres ∙ 4 personnes,Grächen - Valais
28/08/2024,29/03/2025,05/04/2025,716.00,H57MHP9,75 m² Appartement ∙ 2 chambres ∙ 4 personnes,Grächen - Valais
28/08/2024,05/04/2025,12/04/2025,716.00,H57MHP9,75 m² Appartement ∙ 2 chambres ∙ 4 personnes,Grächen - Valais
28/08/2024,21/09/2024,28/09/2024,1014.00,HFX972D,70 m² Appartement ∙ 3 chambres ∙ 6 personnes,Bürchen - Valais
28/08/2024,28/09/2024,05/10/2024,1196.00,HFX972D,70 m² Appartement ∙ 3 chambres ∙ 6 personnes,Bürchen - Valais
28/08/2024,05/10/2024,12/10/2024,1196.00,HFX972D,70 m² Appartement ∙ 3 chambres ∙ 6 personnes,Bürchen - Valais
28/08/2024,12/10/2024,19/10/2024,1196.00,HFX972D,70 m² Appartement ∙ 3 chambres ∙ 6 personnes,Bürchen - Valais
28/08/2024,19/10/2024,26/10/2024,1196.00,HFX972D,70 m² Appartement ∙ 3 chambres ∙ 6 personnes,Bürchen - Valais
28/08/2024,26/10/2024,02/11/2024,1196.00,HFX972D,70 m² Appartement ∙ 3 chambres ∙ 6 personnes,Bürchen - Valais
28/08/2024,02/11/2024,09/11/2024,1196.00,HFX972D,70 m² Appartement ∙ 3 chambres ∙ 6 personnes,Bürchen - Valais
28/08/2024,09/11/2024,16/11/2024,1196.00,HFX972D,70 m² Appartement ∙ 3 chambres ∙ 6 personnes,Bürchen - Valais
28/08/2024,16/11/2024,23/11/2024,1196.00,HFX972D,70 m² Appartement ∙ 3 chambres ∙ 6 personnes,Bürchen - Valais
28/08/2024,23/11/2024,30/11/2024,1196.00,HFX972D,70 m² Appartement ∙ 3 chambres ∙ 6 personnes,Bürchen - Valais
28/08/2024,30/11/2024,07/12/2024,1196.00,HFX972D,70 m² Appartement ∙ 3 chambres ∙ 6 personnes,Bürchen - Valais
28/08/2024,07/12/2024,14/12/2024,1196.00,HFX972D,70 m² Appartement ∙ 3 chambres ∙ 6 personnes,Bürchen - Valais
28/08/2024,14/12/2024,21/12/2024,1310.00,HFX972D,70 m² Appartement ∙ 3 chambres ∙ 6 personnes,Bürchen - Valais
28/08/2024,21/12/2024,28/12/2024,2125.00,HFX972D,70 m² Appartement ∙ 3 chambres ∙ 6 personnes,Bürchen - Valais
28/08/2024,04/01/2025,11/01/2025,1871.00,HFX972D,70 m² Appartement ∙ 3 chambres ∙ 6 personnes,Bürchen - Valais
28/08/2024,11/01/2025,18/01/2025,1871.00,HFX972D,70 m² Appartement ∙ 3 chambres ∙ 6 personnes,Bürchen - Valais
28/08/2024,18/01/2025,25/01/2025,1871.00,HFX972D,70 m² Appartement ∙ 3 chambres ∙ 6 personnes,Bürchen - Valais
28/08/2024,25/01/2025,01/02/2025,1871.00,HFX972D,70 m² Appartement ∙ 3 chambres ∙ 6 personnes,Bürchen - Valais
28/08/2024,01/02/2025,08/02/2025,2125.00,HFX972D,70 m² Appartement ∙ 3 chambres ∙ 6 personnes,Bürchen - Valais
28/08/2024,08/02/2025,15/02/2025,2125.00,HFX972D,70 m² Appartement ∙ 3 chambres ∙ 6 personnes,Bürchen - Valais
28/08/2024,15/02/2025,22/02/2025,2125.00,HFX972D,70 m² Appartement ∙ 3 chambres ∙ 6 personnes,Bürchen - Valais
28/08/2024,01/03/2025,08/03/2025,2125.00,HFX972D,70 m² Appartement ∙ 3 chambres ∙ 6 personnes,Bürchen - Valais
28/08/2024,08/03/2025,15/03/2025,1871.00,HFX972D,70 m² Appartement ∙ 3 chambres ∙ 6 personnes,Bürchen - Valais
28/08/2024,15/03/2025,22/03/2025,1310.00,HFX972D,70 m² Appartement ∙ 3 chambres ∙ 6 personnes,Bürchen - Valais
28/08/2024,22/03/2025,29/03/2025,1196.00,HFX972D,70 m² Appartement ∙ 3 chambres ∙ 6 personnes,Bürchen - Valais
28/08/2024,29/03/2025,05/04/2025,1196.00,HFX972D,70 m² Appartement ∙ 3 chambres ∙ 6 personnes,Bürchen - Valais
28/08/2024,05/04/2025,12/04/2025,1196.00,HFX972D,70 m² Appartement ∙ 3 chambres ∙ 6 personnes,Bürchen - Valais
28/08/2024,12/04/2025,19/04/2025,1310.00,HFX972D,70 m² Appartement ∙ 3 chambres ∙ 6 personnes,Bürchen - Valais
28/08/2024,19/04/2025,26/04/2025,1310.00,HFX972D,70 m² Appartement ∙ 3 chambres ∙ 6 personnes,Bürchen - Valais
28/08/2024,26/04/2025,03/05/2025,1196.00,HFX972D,70 m² Appartement ∙ 3 chambres ∙ 6 personnes,Bürchen - Valais
28/08/2024,03/05/2025,10/05/2025,1196.00,HFX972D,70 m² Appartement ∙ 3 chambres ∙ 6 personnes,Bürchen - Valais
28/08/2024,10/05/2025,17/05/2025,1196.00,HFX972D,70 m² Appartement ∙ 3 chambres ∙ 6 personnes,Bürchen - Valais
28/08/2024,21/09/2024,28/09/2024,829.23,HK20F4T,60 m² Appartement ∙ 1 chambre ∙ 4 personnes,Sion - Valais
28/08/2024,28/09/2024,05/10/2024,845.49,HK20F4T,60 m² Appartement ∙ 1 chambre ∙ 4 personnes,Sion - Valais
28/08/2024,05/10/2024,12/10/2024,829.23,HK20F4T,60 m² Appartement ∙ 1 chambre ∙ 4 personnes,Sion - Valais
28/08/2024,12/10/2024,19/10/2024,840.85,HK20F4T,60 m² Appartement ∙ 1 chambre ∙ 4 personnes,Sion - Valais
28/08/2024,19/10/2024,26/10/2024,832.71,HK20F4T,60 m² Appartement ∙ 1 chambre ∙ 4 personnes,Sion - Valais
28/08/2024,26/10/2024,02/11/2024,875.68,HK20F4T,60 m² Appartement ∙ 1 chambre ∙ 4 personnes,Sion - Valais
28/08/2024,02/11/2024,09/11/2024,847.81,HK20F4T,60 m² Appartement ∙ 1 chambre ∙ 4 personnes,Sion - Valais
28/08/2024,09/11/2024,16/11/2024,850.14,HK20F4T,60 m² Appartement ∙ 1 chambre ∙ 4 personnes,Sion - Valais
28/08/2024,16/11/2024,23/11/2024,847.81,HK20F4T,60 m² Appartement ∙ 1 chambre ∙ 4 personnes,Sion - Valais
28/08/2024,23/11/2024,30/11/2024,854.78,HK20F4T,60 m² Appartement ∙ 1 chambre ∙ 4 personnes,Sion - Valais
28/08/2024,30/11/2024,07/12/2024,848.98,HK20F4T,60 m² Appartement ∙ 1 chambre ∙ 4 personnes,Sion - Valais
28/08/2024,07/12/2024,14/12/2024,852.47,HK20F4T,60 m² Appartement ∙ 1 chambre ∙ 4 personnes,Sion - Valais
28/08/2024,14/12/2024,21/12/2024,948.85,HK20F4T,60 m² Appartement ∙ 1 chambre ∙ 4 personnes,Sion - Valais
28/08/2024,04/01/2025,11/01/2025,1155.58,HK20F4T,60 m² Appartement ∙ 1 chambre ∙ 4 personnes,Sion - Valais
28/08/2024,11/01/2025,18/01/2025,1003.44,HK20F4T,60 m² Appartement ∙ 1 chambre ∙ 4 personnes,Sion - Valais
28/08/2024,18/01/2025,25/01/2025,1190.42,HK20F4T,60 m² Appartement ∙ 1 chambre ∙ 4 personnes,Sion - Valais
28/08/2024,25/01/2025,01/02/2025,1354.18,HK20F4T,60 m² Appartement ∙ 1 chambre ∙ 4 personnes,Sion - Valais
28/08/2024,01/02/2025,08/02/2025,1233.40,HK20F4T,60 m² Appartement ∙ 1 chambre ∙ 4 personnes,Sion - Valais
28/08/2024,08/02/2025,15/02/2025,1591.09,HK20F4T,60 m² Appartement ∙ 1 chambre ∙ 4 personnes,Sion - Valais
28/08/2024,15/02/2025,22/02/2025,1431.99,HK20F4T,60 m² Appartement ∙ 1 chambre ∙ 4 personnes,Sion - Valais
28/08/2024,22/02/2025,01/03/2025,1412.25,HK20F4T,60 m² Appartement ∙ 1 chambre ∙ 4 personnes,Sion - Valais
28/08/2024,31/08/2024,07/09/2024,1205.00,HA3V81W,110 m² Maison de vacances ∙ 4 chambres ∙ 8 personnes,Ovronnaz - Leytron - Valais
28/08/2024,07/09/2024,14/09/2024,1205.00,HA3V81W,110 m² Maison de vacances ∙ 4 chambres ∙ 8 personnes,Ovronnaz - Leytron - Valais
28/08/2024,14/09/2024,21/09/2024,1506.00,HA3V81W,110 m² Maison de vacances ∙ 4 chambres ∙ 8 personnes,Ovronnaz - Leytron - Valais
28/08/2024,21/09/2024,28/09/2024,1506.00,HA3V81W,110 m² Maison de vacances ∙ 4 chambres ∙ 8 personnes,Ovronnaz - Leytron - Valais
28/08/2024,28/09/2024,05/10/2024,1506.00,HA3V81W,110 m² Maison de vacances ∙ 4 chambres ∙ 8 personnes,Ovronnaz - Leytron - Valais
28/08/2024,19/10/2024,26/10/2024,1506.00,HA3V81W,110 m² Maison de vacances ∙ 4 chambres ∙ 8 personnes,Ovronnaz - Leytron - Valais
28/08/2024,26/10/2024,02/11/2024,1506.00,HA3V81W,110 m² Maison de vacances ∙ 4 chambres ∙ 8 personnes,Ovronnaz - Leytron - Valais
28/08/2024,02/11/2024,09/11/2024,1506.00,HA3V81W,110 m² Maison de vacances ∙ 4 chambres ∙ 8 personnes,Ovronnaz - Leytron - Valais
28/08/2024,09/11/2024,16/11/2024,1506.00,HA3V81W,110 m² Maison de vacances ∙ 4 chambres ∙ 8 personnes,Ovronnaz - Leytron - Valais
28/08/2024,16/11/2024,23/11/2024,1506.00,HA3V81W,110 m² Maison de vacances ∙ 4 chambres ∙ 8 personnes,Ovronnaz - Leytron - Valais
28/08/2024,23/11/2024,30/11/2024,1506.00,HA3V81W,110 m² Maison de vacances ∙ 4 chambres ∙ 8 personnes,Ovronnaz - Leytron - Valais
28/08/2024,21/09/2024,28/09/2024,625.58,HB569R0,32 m² Appartement ∙ 1 chambre ∙ 4 personnes,Veysonnaz - Valais
28/08/2024,28/09/2024,05/10/2024,625.58,HB569R0,32 m² Appartement ∙ 1 chambre ∙ 4 personnes,Veysonnaz - Valais
28/08/2024,05/10/2024,12/10/2024,625.58,HB569R0,32 m² Appartement ∙ 1 chambre ∙ 4 personnes,Veysonnaz - Valais
28/08/2024,12/10/2024,19/10/2024,625.58,HB569R0,32 m² Appartement ∙ 1 chambre ∙ 4 personnes,Veysonnaz - Valais
28/08/2024,19/10/2024,26/10/2024,625.58,HB569R0,32 m² Appartement ∙ 1 chambre ∙ 4 personnes,Veysonnaz - Valais
28/08/2024,26/10/2024,02/11/2024,625.58,HB569R0,32 m² Appartement ∙ 1 chambre ∙ 4 personnes,Veysonnaz - Valais
28/08/2024,02/11/2024,09/11/2024,625.58,HB569R0,32 m² Appartement ∙ 1 chambre ∙ 4 personnes,Veysonnaz - Valais
28/08/2024,09/11/2024,16/11/2024,625.58,HB569R0,32 m² Appartement ∙ 1 chambre ∙ 4 personnes,Veysonnaz - Valais
28/08/2024,16/11/2024,23/11/2024,625.58,HB569R0,32 m² Appartement ∙ 1 chambre ∙ 4 personnes,Veysonnaz - Valais
28/08/2024,23/11/2024,30/11/2024,1157.14,HB569R0,32 m² Appartement ∙ 1 chambre ∙ 4 personnes,Veysonnaz - Valais
28/08/2024,30/11/2024,07/12/2024,1157.14,HB569R0,32 m² Appartement ∙ 1 chambre ∙ 4 personnes,Veysonnaz - Valais
28/08/2024,07/12/2024,14/12/2024,1157.14,HB569R0,32 m² Appartement ∙ 1 chambre ∙ 4 personnes,Veysonnaz - Valais
28/08/2024,14/12/2024,21/12/2024,1157.14,HB569R0,32 m² Appartement ∙ 1 chambre ∙ 4 personnes,Veysonnaz - Valais
28/08/2024,04/01/2025,11/01/2025,1157.14,HB569R0,32 m² Appartement ∙ 1 chambre ∙ 4 personnes,Veysonnaz - Valais
28/08/2024,11/01/2025,18/01/2025,1157.14,HB569R0,32 m² Appartement ∙ 1 chambre ∙ 4 personnes,Veysonnaz - Valais
28/08/2024,18/01/2025,25/01/2025,1199.74,HB569R0,32 m² Appartement ∙ 1 chambre ∙ 4 personnes,Veysonnaz - Valais
28/08/2024,08/02/2025,15/02/2025,1561.79,HB569R0,32 m² Appartement ∙ 1 chambre ∙ 4 personnes,Veysonnaz - Valais
28/08/2024,22/02/2025,01/03/2025,2326.91,HB569R0,32 m² Appartement ∙ 1 chambre ∙ 4 personnes,Veysonnaz - Valais
28/08/2024,01/03/2025,08/03/2025,2326.91,HB569R0,32 m² Appartement ∙ 1 chambre ∙ 4 personnes,Veysonnaz - Valais
28/08/2024,08/03/2025,15/03/2025,2326.91,HB569R0,32 m² Appartement ∙ 1 chambre ∙ 4 personnes,Veysonnaz - Valais
28/08/2024,15/03/2025,22/03/2025,1157.14,HB569R0,32 m² Appartement ∙ 1 chambre ∙ 4 personnes,Veysonnaz - Valais
28/08/2024,22/03/2025,29/03/2025,1157.14,HB569R0,32 m² Appartement ∙ 1 chambre ∙ 4 personnes,Veysonnaz - Valais
28/08/2024,29/03/2025,05/04/2025,1157.14,HB569R0,32 m² Appartement ∙ 1 chambre ∙ 4 personnes,Veysonnaz - Valais
28/08/2024,05/04/2025,12/04/2025,1199.74,HB569R0,32 m² Appartement ∙ 1 chambre ∙ 4 personnes,Veysonnaz - Valais
28/08/2024,12/04/2025,19/04/2025,1199.74,HB569R0,32 m² Appartement ∙ 1 chambre ∙ 4 personnes,Veysonnaz - Valais
28/08/2024,19/04/2025,26/04/2025,1157.14,HB569R0,32 m² Appartement ∙ 1 chambre ∙ 4 personnes,Veysonnaz - Valais
28/08/2024,31/08/2024,07/09/2024,875.85,HF7GWP8,80 m² Appartement ∙ 2 chambres ∙ 4 personnes,Saas-Almagell - Valais
28/08/2024,07/09/2024,14/09/2024,875.85,HF7GWP8,80 m² Appartement ∙ 2 chambres ∙ 4 personnes,Saas-Almagell - Valais
28/08/2024,14/09/2024,21/09/2024,875.85,HF7GWP8,80 m² Appartement ∙ 2 chambres ∙ 4 personnes,Saas-Almagell - Valais
28/08/2024,21/09/2024,28/09/2024,875.85,HF7GWP8,80 m² Appartement ∙ 2 chambres ∙ 4 personnes,Saas-Almagell - Valais
28/08/2024,28/09/2024,05/10/2024,875.85,HF7GWP8,80 m² Appartement ∙ 2 chambres ∙ 4 personnes,Saas-Almagell - Valais
28/08/2024,05/10/2024,12/10/2024,875.85,HF7GWP8,80 m² Appartement ∙ 2 chambres ∙ 4 personnes,Saas-Almagell - Valais
28/08/2024,12/10/2024,19/10/2024,875.85,HF7GWP8,80 m² Appartement ∙ 2 chambres ∙ 4 personnes,Saas-Almagell - Valais
28/08/2024,19/10/2024,26/10/2024,875.85,HF7GWP8,80 m² Appartement ∙ 2 chambres ∙ 4 personnes,Saas-Almagell - Valais
28/08/2024,07/12/2024,14/12/2024,875.85,HF7GWP8,80 m² Appartement ∙ 2 chambres ∙ 4 personnes,Saas-Almagell - Valais
28/08/2024,14/12/2024,21/12/2024,875.85,HF7GWP8,80 m² Appartement ∙ 2 chambres ∙ 4 personnes,Saas-Almagell - Valais
28/08/2024,11/01/2025,18/01/2025,875.85,HF7GWP8,80 m² Appartement ∙ 2 chambres ∙ 4 personnes,Saas-Almagell - Valais
28/08/2024,18/01/2025,25/01/2025,875.85,HF7GWP8,80 m² Appartement ∙ 2 chambres ∙ 4 personnes,Saas-Almagell - Valais
28/08/2024,15/03/2025,22/03/2025,875.85,HF7GWP8,80 m² Appartement ∙ 2 chambres ∙ 4 personnes,Saas-Almagell - Valais
28/08/2024,22/03/2025,29/03/2025,875.85,HF7GWP8,80 m² Appartement ∙ 2 chambres ∙ 4 personnes,Saas-Almagell - Valais
28/08/2024,29/03/2025,05/04/2025,875.85,HF7GWP8,80 m² Appartement ∙ 2 chambres ∙ 4 personnes,Saas-Almagell - Valais
28/08/2024,05/04/2025,12/04/2025,875.69,HF7GWP8,80 m² Appartement ∙ 2 chambres ∙ 4 personnes,Saas-Almagell - Valais
28/08/2024,12/04/2025,19/04/2025,875.69,HF7GWP8,80 m² Appartement ∙ 2 chambres ∙ 4 personnes,Saas-Almagell - Valais
28/08/2024,19/04/2025,26/04/2025,875.69,HF7GWP8,80 m² Appartement ∙ 2 chambres ∙ 4 personnes,Saas-Almagell - Valais
28/08/2024,31/08/2024,07/09/2024,1590.00,HGB6MA1,Maison de vacances ∙ 3 chambres ∙ 6 personnes,Zinal - Ayer - Valais
28/08/2024,07/09/2024,14/09/2024,1590.00,HGB6MA1,Maison de vacances ∙ 3 chambres ∙ 6 personnes,Zinal - Ayer - Valais
28/08/2024,14/09/2024,21/09/2024,1590.00,HGB6MA1,Maison de vacances ∙ 3 chambres ∙ 6 personnes,Zinal - Ayer - Valais
28/08/2024,21/09/2024,28/09/2024,1590.00,HGB6MA1,Maison de vacances ∙ 3 chambres ∙ 6 personnes,Zinal - Ayer - Valais
28/08/2024,28/09/2024,05/10/2024,1590.00,HGB6MA1,Maison de vacances ∙ 3 chambres ∙ 6 personnes,Zinal - Ayer - Valais
28/08/2024,05/10/2024,12/10/2024,1590.00,HGB6MA1,Maison de vacances ∙ 3 chambres ∙ 6 personnes,Zinal - Ayer - Valais
28/08/2024,12/10/2024,19/10/2024,1590.00,HGB6MA1,Maison de vacances ∙ 3 chambres ∙ 6 personnes,Zinal - Ayer - Valais
28/08/2024,19/10/2024,26/10/2024,1590.00,HGB6MA1,Maison de vacances ∙ 3 chambres ∙ 6 personnes,Zinal - Ayer - Valais
28/08/2024,26/10/2024,02/11/2024,1590.00,HGB6MA1,Maison de vacances ∙ 3 chambres ∙ 6 personnes,Zinal - Ayer - Valais
28/08/2024,02/11/2024,09/11/2024,1590.00,HGB6MA1,Maison de vacances ∙ 3 chambres ∙ 6 personnes,Zinal - Ayer - Valais
28/08/2024,09/11/2024,16/11/2024,1590.00,HGB6MA1,Maison de vacances ∙ 3 chambres ∙ 6 personnes,Zinal - Ayer - Valais
28/08/2024,30/11/2024,07/12/2024,1590.00,HGB6MA1,Maison de vacances ∙ 3 chambres ∙ 6 personnes,Zinal - Ayer - Valais
28/08/2024,07/12/2024,14/12/2024,1590.00,HGB6MA1,Maison de vacances ∙ 3 chambres ∙ 6 personnes,Zinal - Ayer - Valais
28/08/2024,14/12/2024,21/12/2024,1818.00,HGB6MA1,Maison de vacances ∙ 3 chambres ∙ 6 personnes,Zinal - Ayer - Valais
28/08/2024,11/01/2025,18/01/2025,1818.00,HGB6MA1,Maison de vacances ∙ 3 chambres ∙ 6 personnes,Zinal - Ayer - Valais
28/08/2024,18/01/2025,25/01/2025,1818.00,HGB6MA1,Maison de vacances ∙ 3 chambres ∙ 6 personnes,Zinal - Ayer - Valais
28/08/2024,25/01/2025,01/02/2025,1818.00,HGB6MA1,Maison de vacances ∙ 3 chambres ∙ 6 personnes,Zinal - Ayer - Valais
28/08/2024,01/02/2025,08/02/2025,1932.00,HGB6MA1,Maison de vacances ∙ 3 chambres ∙ 6 personnes,Zinal - Ayer - Valais
28/08/2024,15/03/2025,22/03/2025,1818.00,HGB6MA1,Maison de vacances ∙ 3 chambres ∙ 6 personnes,Zinal - Ayer - Valais
28/08/2024,22/03/2025,29/03/2025,1818.00,HGB6MA1,Maison de vacances ∙ 3 chambres ∙ 6 personnes,Zinal - Ayer - Valais
28/08/2024,29/03/2025,05/04/2025,1818.00,HGB6MA1,Maison de vacances ∙ 3 chambres ∙ 6 personnes,Zinal - Ayer - Valais
28/08/2024,05/04/2025,12/04/2025,1590.00,HGB6MA1,Maison de vacances ∙ 3 chambres ∙ 6 personnes,Zinal - Ayer - Valais
28/08/2024,12/04/2025,19/04/2025,1590.00,HGB6MA1,Maison de vacances ∙ 3 chambres ∙ 6 personnes,Zinal - Ayer - Valais
28/08/2024,19/04/2025,26/04/2025,1590.00,HGB6MA1,Maison de vacances ∙ 3 chambres ∙ 6 personnes,Zinal - Ayer - Valais
28/08/2024,26/04/2025,03/05/2025,1590.00,HGB6MA1,Maison de vacances ∙ 3 chambres ∙ 6 personnes,Zinal - Ayer - Valais
28/08/2024,03/05/2025,10/05/2025,1590.00,HGB6MA1,Maison de vacances ∙ 3 chambres ∙ 6 personnes,Zinal - Ayer - Valais
28/08/2024,10/05/2025,17/05/2025,1590.00,HGB6MA1,Maison de vacances ∙ 3 chambres ∙ 6 personnes,Zinal - Ayer - Valais
28/08/2024,07/09/2024,14/09/2024,1167.28,HSGTM26,80 m² Chalet ∙ 3 chambres ∙ 7 personnes,Bagnes - Valais
28/08/2024,14/09/2024,21/09/2024,1184.40,HSGTM26,80 m² Chalet ∙ 3 chambres ∙ 7 personnes,Bagnes - Valais
28/08/2024,21/09/2024,28/09/2024,1151.39,HSGTM26,80 m² Chalet ∙ 3 chambres ∙ 7 personnes,Bagnes - Valais
28/08/2024,28/09/2024,05/10/2024,1189.29,HSGTM26,80 m² Chalet ∙ 3 chambres ∙ 7 personnes,Bagnes - Valais
28/08/2024,05/10/2024,12/10/2024,1219.84,HSGTM26,80 m² Chalet ∙ 3 chambres ∙ 7 personnes,Bagnes - Valais
28/08/2024,26/10/2024,02/11/2024,1250.40,HSGTM26,80 m² Chalet ∙ 3 chambres ∙ 7 personnes,Bagnes - Valais
28/08/2024,02/11/2024,09/11/2024,1201.73,HSGTM26,80 m² Chalet ∙ 3 chambres ∙ 7 personnes,Bagnes - Valais
28/08/2024,09/11/2024,16/11/2024,1112.28,HSGTM26,80 m² Chalet ∙ 3 chambres ∙ 7 personnes,Bagnes - Valais
28/08/2024,16/11/2024,23/11/2024,1112.28,HSGTM26,80 m² Chalet ∙ 3 chambres ∙ 7 personnes,Bagnes - Valais
28/08/2024,23/11/2024,30/11/2024,1112.28,HSGTM26,80 m² Chalet ∙ 3 chambres ∙ 7 personnes,Bagnes - Valais
28/08/2024,30/11/2024,07/12/2024,1112.28,HSGTM26,80 m² Chalet ∙ 3 chambres ∙ 7 personnes,Bagnes - Valais
28/08/2024,07/12/2024,14/12/2024,1112.49,HSGTM26,80 m² Chalet ∙ 3 chambres ∙ 7 personnes,Bagnes - Valais
28/08/2024,14/12/2024,21/12/2024,1218.62,HSGTM26,80 m² Chalet ∙ 3 chambres ∙ 7 personnes,Bagnes - Valais
28/08/2024,08/02/2025,15/02/2025,2021.66,HSGTM26,80 m² Chalet ∙ 3 chambres ∙ 7 personnes,Bagnes - Valais
28/08/2024,15/02/2025,22/02/2025,2575.36,HSGTM26,80 m² Chalet ∙ 3 chambres ∙ 7 personnes,Bagnes - Valais
28/08/2024,01/03/2025,08/03/2025,1659.87,HSGTM26,80 m² Chalet ∙ 3 chambres ∙ 7 personnes,Bagnes - Valais
28/08/2024,08/03/2025,15/03/2025,1343.54,HSGTM26,80 m² Chalet ∙ 3 chambres ∙ 7 personnes,Bagnes - Valais
28/08/2024,15/03/2025,22/03/2025,1321.29,HSGTM26,80 m² Chalet ∙ 3 chambres ∙ 7 personnes,Bagnes - Valais
28/08/2024,22/03/2025,29/03/2025,1320.07,HSGTM26,80 m² Chalet ∙ 3 chambres ∙ 7 personnes,Bagnes - Valais
28/08/2024,29/03/2025,05/04/2025,1337.43,HSGTM26,80 m² Chalet ∙ 3 chambres ∙ 7 personnes,Bagnes - Valais
28/08/2024,05/04/2025,12/04/2025,1403.19,HSGTM26,80 m² Chalet ∙ 3 chambres ∙ 7 personnes,Bagnes - Valais
28/08/2024,12/04/2025,19/04/2025,1658.64,HSGTM26,80 m² Chalet ∙ 3 chambres ∙ 7 personnes,Bagnes - Valais
28/08/2024,19/04/2025,26/04/2025,1558.70,HSGTM26,80 m² Chalet ∙ 3 chambres ∙ 7 personnes,Bagnes - Valais
28/08/2024,26/04/2025,03/05/2025,1272.40,HSGTM26,80 m² Chalet ∙ 3 chambres ∙ 7 personnes,Bagnes - Valais
28/08/2024,03/05/2025,10/05/2025,1251.62,HSGTM26,80 m² Chalet ∙ 3 chambres ∙ 7 personnes,Bagnes - Valais
28/08/2024,10/05/2025,17/05/2025,1288.53,HSGTM26,80 m² Chalet ∙ 3 chambres ∙ 7 personnes,Bagnes - Valais
28/08/2024,31/08/2024,07/09/2024,1608.08,HBWJD7L,90 m² Appartement ∙ 4 chambres ∙ 8 personnes,Saas Fee - Valais
28/08/2024,07/09/2024,14/09/2024,1552.36,HBWJD7L,90 m² Appartement ∙ 4 chambres ∙ 8 personnes,Saas Fee - Valais
28/08/2024,14/09/2024,21/09/2024,1552.36,HBWJD7L,90 m² Appartement ∙ 4 chambres ∙ 8 personnes,Saas Fee - Valais
28/08/2024,21/09/2024,28/09/2024,1552.36,HBWJD7L,90 m² Appartement ∙ 4 chambres ∙ 8 personnes,Saas Fee - Valais
28/08/2024,19/10/2024,26/10/2024,1552.36,HBWJD7L,90 m² Appartement ∙ 4 chambres ∙ 8 personnes,Saas Fee - Valais
28/08/2024,26/10/2024,02/11/2024,1552.36,HBWJD7L,90 m² Appartement ∙ 4 chambres ∙ 8 personnes,Saas Fee - Valais
28/08/2024,02/11/2024,09/11/2024,1552.36,HBWJD7L,90 m² Appartement ∙ 4 chambres ∙ 8 personnes,Saas Fee - Valais
28/08/2024,09/11/2024,16/11/2024,1552.36,HBWJD7L,90 m² Appartement ∙ 4 chambres ∙ 8 personnes,Saas Fee - Valais
28/08/2024,16/11/2024,23/11/2024,1552.36,HBWJD7L,90 m² Appartement ∙ 4 chambres ∙ 8 personnes,Saas Fee - Valais
28/08/2024,23/11/2024,30/11/2024,1552.36,HBWJD7L,90 m² Appartement ∙ 4 chambres ∙ 8 personnes,Saas Fee - Valais
28/08/2024,30/11/2024,07/12/2024,1886.71,HBWJD7L,90 m² Appartement ∙ 4 chambres ∙ 8 personnes,Saas Fee - Valais
28/08/2024,07/12/2024,14/12/2024,1942.44,HBWJD7L,90 m² Appartement ∙ 4 chambres ∙ 8 personnes,Saas Fee - Valais
28/08/2024,18/01/2025,25/01/2025,1942.44,HBWJD7L,90 m² Appartement ∙ 4 chambres ∙ 8 personnes,Saas Fee - Valais
28/08/2024,25/01/2025,01/02/2025,2501.97,HBWJD7L,90 m² Appartement ∙ 4 chambres ∙ 8 personnes,Saas Fee - Valais
28/08/2024,01/03/2025,08/03/2025,3853.03,HBWJD7L,90 m² Appartement ∙ 4 chambres ∙ 8 personnes,Saas Fee - Valais
28/08/2024,08/03/2025,15/03/2025,2774.91,HBWJD7L,90 m² Appartement ∙ 4 chambres ∙ 8 personnes,Saas Fee - Valais
28/08/2024,15/03/2025,22/03/2025,2595.22,HBWJD7L,90 m² Appartement ∙ 4 chambres ∙ 8 personnes,Saas Fee - Valais
28/08/2024,22/03/2025,29/03/2025,2595.70,HBWJD7L,90 m² Appartement ∙ 4 chambres ∙ 8 personnes,Saas Fee - Valais
28/08/2024,29/03/2025,05/04/2025,2595.70,HBWJD7L,90 m² Appartement ∙ 4 chambres ∙ 8 personnes,Saas Fee - Valais
28/08/2024,05/04/2025,12/04/2025,2595.22,HBWJD7L,90 m² Appartement ∙ 4 chambres ∙ 8 personnes,Saas Fee - Valais
28/08/2024,12/04/2025,19/04/2025,2595.22,HBWJD7L,90 m² Appartement ∙ 4 chambres ∙ 8 personnes,Saas Fee - Valais
28/08/2024,05/10/2024,12/10/2024,704.00,HRUH9A2,52 m² Appartement ∙ 1 chambre ∙ 4 personnes,Ovronnaz - Leytron - Valais
28/08/2024,12/10/2024,19/10/2024,704.00,HRUH9A2,52 m² Appartement ∙ 1 chambre ∙ 4 personnes,Ovronnaz - Leytron - Valais
28/08/2024,19/10/2024,26/10/2024,704.00,HRUH9A2,52 m² Appartement ∙ 1 chambre ∙ 4 personnes,Ovronnaz - Leytron - Valais
28/08/2024,26/10/2024,02/11/2024,704.00,HRUH9A2,52 m² Appartement ∙ 1 chambre ∙ 4 personnes,Ovronnaz - Leytron - Valais
28/08/2024,02/11/2024,09/11/2024,704.00,HRUH9A2,52 m² Appartement ∙ 1 chambre ∙ 4 personnes,Ovronnaz - Leytron - Valais
28/08/2024,09/11/2024,16/11/2024,704.00,HRUH9A2,52 m² Appartement ∙ 1 chambre ∙ 4 personnes,Ovronnaz - Leytron - Valais
28/08/2024,16/11/2024,23/11/2024,704.00,HRUH9A2,52 m² Appartement ∙ 1 chambre ∙ 4 personnes,Ovronnaz - Leytron - Valais
28/08/2024,23/11/2024,30/11/2024,704.00,HRUH9A2,52 m² Appartement ∙ 1 chambre ∙ 4 personnes,Ovronnaz - Leytron - Valais
28/08/2024,30/11/2024,07/12/2024,704.00,HRUH9A2,52 m² Appartement ∙ 1 chambre ∙ 4 personnes,Ovronnaz - Leytron - Valais
28/08/2024,07/12/2024,14/12/2024,704.00,HRUH9A2,52 m² Appartement ∙ 1 chambre ∙ 4 personnes,Ovronnaz - Leytron - Valais
28/08/2024,14/12/2024,21/12/2024,704.00,HRUH9A2,52 m² Appartement ∙ 1 chambre ∙ 4 personnes,Ovronnaz - Leytron - Valais
28/08/2024,21/12/2024,28/12/2024,1197.00,HRUH9A2,52 m² Appartement ∙ 1 chambre ∙ 4 personnes,Ovronnaz - Leytron - Valais
28/08/2024,28/12/2024,04/01/2025,1390.00,HRUH9A2,52 m² Appartement ∙ 1 chambre ∙ 4 personnes,Ovronnaz - Leytron - Valais
28/08/2024,04/01/2025,11/01/2025,704.00,HRUH9A2,52 m² Appartement ∙ 1 chambre ∙ 4 personnes,Ovronnaz - Leytron - Valais
28/08/2024,11/01/2025,18/01/2025,704.00,HRUH9A2,52 m² Appartement ∙ 1 chambre ∙ 4 personnes,Ovronnaz - Leytron - Valais
28/08/2024,18/01/2025,25/01/2025,704.00,HRUH9A2,52 m² Appartement ∙ 1 chambre ∙ 4 personnes,Ovronnaz - Leytron - Valais
28/08/2024,25/01/2025,01/02/2025,704.00,HRUH9A2,52 m² Appartement ∙ 1 chambre ∙ 4 personnes,Ovronnaz - Leytron - Valais
28/08/2024,01/02/2025,08/02/2025,818.00,HRUH9A2,52 m² Appartement ∙ 1 chambre ∙ 4 personnes,Ovronnaz - Leytron - Valais
28/08/2024,08/02/2025,15/02/2025,818.00,HRUH9A2,52 m² Appartement ∙ 1 chambre ∙ 4 personnes,Ovronnaz - Leytron - Valais
28/08/2024,15/02/2025,22/02/2025,1326.00,HRUH9A2,52 m² Appartement ∙ 1 chambre ∙ 4 personnes,Ovronnaz - Leytron - Valais
28/08/2024,22/02/2025,01/03/2025,1326.00,HRUH9A2,52 m² Appartement ∙ 1 chambre ∙ 4 personnes,Ovronnaz - Leytron - Valais
28/08/2024,01/03/2025,08/03/2025,1326.00,HRUH9A2,52 m² Appartement ∙ 1 chambre ∙ 4 personnes,Ovronnaz - Leytron - Valais
28/08/2024,08/03/2025,15/03/2025,704.00,HRUH9A2,52 m² Appartement ∙ 1 chambre ∙ 4 personnes,Ovronnaz - Leytron - Valais
28/08/2024,15/03/2025,22/03/2025,704.00,HRUH9A2,52 m² Appartement ∙ 1 chambre ∙ 4 personnes,Ovronnaz - Leytron - Valais
28/08/2024,22/03/2025,29/03/2025,704.00,HRUH9A2,52 m² Appartement ∙ 1 chambre ∙ 4 personnes,Ovronnaz - Leytron - Valais
28/08/2024,29/03/2025,05/04/2025,704.00,HRUH9A2,52 m² Appartement ∙ 1 chambre ∙ 4 personnes,Ovronnaz - Leytron - Valais
28/08/2024,05/04/2025,12/04/2025,704.00,HRUH9A2,52 m² Appartement ∙ 1 chambre ∙ 4 personnes,Ovronnaz - Leytron - Valais
28/08/2024,12/04/2025,19/04/2025,704.00,HRUH9A2,52 m² Appartement ∙ 1 chambre ∙ 4 personnes,Ovronnaz - Leytron - Valais
28/08/2024,19/04/2025,26/04/2025,704.00,HRUH9A2,52 m² Appartement ∙ 1 chambre ∙ 4 personnes,Ovronnaz - Leytron - Valais
28/08/2024,26/04/2025,03/05/2025,704.00,HRUH9A2,52 m² Appartement ∙ 1 chambre ∙ 4 personnes,Ovronnaz - Leytron - Valais
28/08/2024,03/05/2025,10/05/2025,704.00,HRUH9A2,52 m² Appartement ∙ 1 chambre ∙ 4 personnes,Ovronnaz - Leytron - Valais
28/08/2024,10/05/2025,17/05/2025,704.00,HRUH9A2,52 m² Appartement ∙ 1 chambre ∙ 4 personnes,Ovronnaz - Leytron - Valais
28/08/2024,31/08/2024,07/09/2024,607.25,HA9NDEU,60 m² Appartement ∙ 2 chambres ∙ 4 personnes,Nendaz - Valais
28/08/2024,07/09/2024,14/09/2024,607.25,HA9NDEU,60 m² Appartement ∙ 2 chambres ∙ 4 personnes,Nendaz - Valais
28/08/2024,14/09/2024,21/09/2024,607.25,HA9NDEU,60 m² Appartement ∙ 2 chambres ∙ 4 personnes,Nendaz - Valais
28/08/2024,21/09/2024,28/09/2024,607.25,HA9NDEU,60 m² Appartement ∙ 2 chambres ∙ 4 personnes,Nendaz - Valais
28/08/2024,28/09/2024,05/10/2024,607.25,HA9NDEU,60 m² Appartement ∙ 2 chambres ∙ 4 personnes,Nendaz - Valais
28/08/2024,05/10/2024,12/10/2024,607.25,HA9NDEU,60 m² Appartement ∙ 2 chambres ∙ 4 personnes,Nendaz - Valais
28/08/2024,12/10/2024,19/10/2024,607.25,HA9NDEU,60 m² Appartement ∙ 2 chambres ∙ 4 personnes,Nendaz - Valais
28/08/2024,19/10/2024,26/10/2024,607.25,HA9NDEU,60 m² Appartement ∙ 2 chambres ∙ 4 personnes,Nendaz - Valais
28/08/2024,26/10/2024,02/11/2024,607.25,HA9NDEU,60 m² Appartement ∙ 2 chambres ∙ 4 personnes,Nendaz - Valais
28/08/2024,02/11/2024,09/11/2024,607.25,HA9NDEU,60 m² Appartement ∙ 2 chambres ∙ 4 personnes,Nendaz - Valais
28/08/2024,09/11/2024,16/11/2024,607.25,HA9NDEU,60 m² Appartement ∙ 2 chambres ∙ 4 personnes,Nendaz - Valais
28/08/2024,16/11/2024,23/11/2024,607.25,HA9NDEU,60 m² Appartement ∙ 2 chambres ∙ 4 personnes,Nendaz - Valais
28/08/2024,23/11/2024,30/11/2024,1029.18,HA9NDEU,60 m² Appartement ∙ 2 chambres ∙ 4 personnes,Nendaz - Valais
28/08/2024,30/11/2024,07/12/2024,1029.18,HA9NDEU,60 m² Appartement ∙ 2 chambres ∙ 4 personnes,Nendaz - Valais
28/08/2024,07/12/2024,14/12/2024,1029.18,HA9NDEU,60 m² Appartement ∙ 2 chambres ∙ 4 personnes,Nendaz - Valais
28/08/2024,14/12/2024,21/12/2024,1029.18,HA9NDEU,60 m² Appartement ∙ 2 chambres ∙ 4 personnes,Nendaz - Valais
28/08/2024,21/12/2024,28/12/2024,1227.91,HA9NDEU,60 m² Appartement ∙ 2 chambres ∙ 4 personnes,Nendaz - Valais
28/08/2024,11/01/2025,18/01/2025,1029.18,HA9NDEU,60 m² Appartement ∙ 2 chambres ∙ 4 personnes,Nendaz - Valais
28/08/2024,18/01/2025,25/01/2025,1078.87,HA9NDEU,60 m² Appartement ∙ 2 chambres ∙ 4 personnes,Nendaz - Valais
28/08/2024,08/02/2025,15/02/2025,1227.91,HA9NDEU,60 m² Appartement ∙ 2 chambres ∙ 4 personnes,Nendaz - Valais
28/08/2024,15/02/2025,22/02/2025,1227.91,HA9NDEU,60 m² Appartement ∙ 2 chambres ∙ 4 personnes,Nendaz - Valais
28/08/2024,22/02/2025,01/03/2025,1624.60,HA9NDEU,60 m² Appartement ∙ 2 chambres ∙ 4 personnes,Nendaz - Valais
28/08/2024,01/03/2025,08/03/2025,1624.60,HA9NDEU,60 m² Appartement ∙ 2 chambres ∙ 4 personnes,Nendaz - Valais
28/08/2024,08/03/2025,15/03/2025,1624.60,HA9NDEU,60 m² Appartement ∙ 2 chambres ∙ 4 personnes,Nendaz - Valais
28/08/2024,15/03/2025,22/03/2025,1029.18,HA9NDEU,60 m² Appartement ∙ 2 chambres ∙ 4 personnes,Nendaz - Valais
28/08/2024,22/03/2025,29/03/2025,1029.18,HA9NDEU,60 m² Appartement ∙ 2 chambres ∙ 4 personnes,Nendaz - Valais
28/08/2024,29/03/2025,05/04/2025,1029.18,HA9NDEU,60 m² Appartement ∙ 2 chambres ∙ 4 personnes,Nendaz - Valais
28/08/2024,05/04/2025,12/04/2025,1078.87,HA9NDEU,60 m² Appartement ∙ 2 chambres ∙ 4 personnes,Nendaz - Valais
28/08/2024,12/04/2025,19/04/2025,1078.87,HA9NDEU,60 m² Appartement ∙ 2 chambres ∙ 4 personnes,Nendaz - Valais
28/08/2024,19/04/2025,26/04/2025,1029.18,HA9NDEU,60 m² Appartement ∙ 2 chambres ∙ 4 personnes,Nendaz - Valais
28/08/2024,31/08/2024,07/09/2024,884.93,H5CXLH7,80 m² Chalet ∙ 3 chambres ∙ 5 personnes,Ayent - Valais
28/08/2024,07/09/2024,14/09/2024,821.37,H5CXLH7,80 m² Chalet ∙ 3 chambres ∙ 5 personnes,Ayent - Valais
28/08/2024,12/10/2024,19/10/2024,684.48,H5CXLH7,80 m² Chalet ∙ 3 chambres ∙ 5 personnes,Ayent - Valais
28/08/2024,19/10/2024,26/10/2024,684.48,H5CXLH7,80 m² Chalet ∙ 3 chambres ∙ 5 personnes,Ayent - Valais
28/08/2024,26/10/2024,02/11/2024,684.48,H5CXLH7,80 m² Chalet ∙ 3 chambres ∙ 5 personnes,Ayent - Valais
28/08/2024,02/11/2024,09/11/2024,684.48,H5CXLH7,80 m² Chalet ∙ 3 chambres ∙ 5 personnes,Ayent - Valais
28/08/2024,09/11/2024,16/11/2024,684.48,H5CXLH7,80 m² Chalet ∙ 3 chambres ∙ 5 personnes,Ayent - Valais
28/08/2024,16/11/2024,23/11/2024,684.48,H5CXLH7,80 m² Chalet ∙ 3 chambres ∙ 5 personnes,Ayent - Valais
28/08/2024,23/11/2024,30/11/2024,684.48,H5CXLH7,80 m² Chalet ∙ 3 chambres ∙ 5 personnes,Ayent - Valais
28/08/2024,30/11/2024,07/12/2024,684.48,H5CXLH7,80 m² Chalet ∙ 3 chambres ∙ 5 personnes,Ayent - Valais
28/08/2024,07/12/2024,14/12/2024,684.48,H5CXLH7,80 m² Chalet ∙ 3 chambres ∙ 5 personnes,Ayent - Valais
28/08/2024,14/12/2024,21/12/2024,773.71,H5CXLH7,80 m² Chalet ∙ 3 chambres ∙ 5 personnes,Ayent - Valais
28/08/2024,04/01/2025,11/01/2025,1157.50,H5CXLH7,80 m² Chalet ∙ 3 chambres ∙ 5 personnes,Ayent - Valais
28/08/2024,11/01/2025,18/01/2025,856.82,H5CXLH7,80 m² Chalet ∙ 3 chambres ∙ 5 personnes,Ayent - Valais
28/08/2024,18/01/2025,25/01/2025,854.38,H5CXLH7,80 m² Chalet ∙ 3 chambres ∙ 5 personnes,Ayent - Valais
28/08/2024,25/01/2025,01/02/2025,915.49,H5CXLH7,80 m² Chalet ∙ 3 chambres ∙ 5 personnes,Ayent - Valais
28/08/2024,08/02/2025,15/02/2025,1346.96,H5CXLH7,80 m² Chalet ∙ 3 chambres ∙ 5 personnes,Ayent - Valais
28/08/2024,22/02/2025,01/03/2025,1845.65,H5CXLH7,80 m² Chalet ∙ 3 chambres ∙ 5 personnes,Ayent - Valais
28/08/2024,01/03/2025,08/03/2025,1481.41,H5CXLH7,80 m² Chalet ∙ 3 chambres ∙ 5 personnes,Ayent - Valais
28/08/2024,08/03/2025,15/03/2025,1091.50,H5CXLH7,80 m² Chalet ∙ 3 chambres ∙ 5 personnes,Ayent - Valais
28/08/2024,15/03/2025,22/03/2025,854.38,H5CXLH7,80 m² Chalet ∙ 3 chambres ∙ 5 personnes,Ayent - Valais
28/08/2024,22/03/2025,29/03/2025,774.93,H5CXLH7,80 m² Chalet ∙ 3 chambres ∙ 5 personnes,Ayent - Valais
28/08/2024,29/03/2025,05/04/2025,1395.85,H5CXLH7,80 m² Chalet ∙ 3 chambres ∙ 5 personnes,Ayent - Valais
28/08/2024,05/04/2025,12/04/2025,963.16,H5CXLH7,80 m² Chalet ∙ 3 chambres ∙ 5 personnes,Ayent - Valais
28/08/2024,12/04/2025,19/04/2025,950.94,H5CXLH7,80 m² Chalet ∙ 3 chambres ∙ 5 personnes,Ayent - Valais
28/08/2024,19/04/2025,26/04/2025,931.38,H5CXLH7,80 m² Chalet ∙ 3 chambres ∙ 5 personnes,Ayent - Valais
28/08/2024,26/04/2025,03/05/2025,752.93,H5CXLH7,80 m² Chalet ∙ 3 chambres ∙ 5 personnes,Ayent - Valais
28/08/2024,03/05/2025,10/05/2025,752.93,H5CXLH7,80 m² Chalet ∙ 3 chambres ∙ 5 personnes,Ayent - Valais
28/08/2024,10/05/2025,17/05/2025,752.93,H5CXLH7,80 m² Chalet ∙ 3 chambres ∙ 5 personnes,Ayent - Valais
28/08/2024,31/08/2024,07/09/2024,786.00,HVZFSYB,80 m² Appartement ∙ 3 chambres ∙ 6 personnes,Nendaz - Valais
28/08/2024,28/09/2024,05/10/2024,974.00,HVZFSYB,80 m² Appartement ∙ 3 chambres ∙ 6 personnes,Nendaz - Valais
28/08/2024,05/10/2024,12/10/2024,974.00,HVZFSYB,80 m² Appartement ∙ 3 chambres ∙ 6 personnes,Nendaz - Valais
28/08/2024,12/10/2024,19/10/2024,974.00,HVZFSYB,80 m² Appartement ∙ 3 chambres ∙ 6 personnes,Nendaz - Valais
28/08/2024,19/10/2024,26/10/2024,974.00,HVZFSYB,80 m² Appartement ∙ 3 chambres ∙ 6 personnes,Nendaz - Valais
28/08/2024,26/10/2024,02/11/2024,974.00,HVZFSYB,80 m² Appartement ∙ 3 chambres ∙ 6 personnes,Nendaz - Valais
28/08/2024,02/11/2024,09/11/2024,1001.00,HVZFSYB,80 m² Appartement ∙ 3 chambres ∙ 6 personnes,Nendaz - Valais
28/08/2024,09/11/2024,16/11/2024,1001.00,HVZFSYB,80 m² Appartement ∙ 3 chambres ∙ 6 personnes,Nendaz - Valais
28/08/2024,16/11/2024,23/11/2024,1001.00,HVZFSYB,80 m² Appartement ∙ 3 chambres ∙ 6 personnes,Nendaz - Valais
28/08/2024,23/11/2024,30/11/2024,1001.00,HVZFSYB,80 m² Appartement ∙ 3 chambres ∙ 6 personnes,Nendaz - Valais
28/08/2024,30/11/2024,07/12/2024,1122.00,HVZFSYB,80 m² Appartement ∙ 3 chambres ∙ 6 personnes,Nendaz - Valais
28/08/2024,07/12/2024,14/12/2024,1122.00,HVZFSYB,80 m² Appartement ∙ 3 chambres ∙ 6 personnes,Nendaz - Valais
28/08/2024,14/12/2024,21/12/2024,1122.00,HVZFSYB,80 m² Appartement ∙ 3 chambres ∙ 6 personnes,Nendaz - Valais
28/08/2024,21/12/2024,28/12/2024,2575.00,HVZFSYB,80 m² Appartement ∙ 3 chambres ∙ 6 personnes,Nendaz - Valais
28/08/2024,04/01/2025,11/01/2025,1418.00,HVZFSYB,80 m² Appartement ∙ 3 chambres ∙ 6 personnes,Nendaz - Valais
28/08/2024,11/01/2025,18/01/2025,1418.00,HVZFSYB,80 m² Appartement ∙ 3 chambres ∙ 6 personnes,Nendaz - Valais
28/08/2024,01/02/2025,08/02/2025,2184.00,HVZFSYB,80 m² Appartement ∙ 3 chambres ∙ 6 personnes,Nendaz - Valais
28/08/2024,08/02/2025,15/02/2025,2184.00,HVZFSYB,80 m² Appartement ∙ 3 chambres ∙ 6 personnes,Nendaz - Valais
28/08/2024,15/03/2025,22/03/2025,1122.00,HVZFSYB,80 m² Appartement ∙ 3 chambres ∙ 6 personnes,Nendaz - Valais
28/08/2024,22/03/2025,29/03/2025,1122.00,HVZFSYB,80 m² Appartement ∙ 3 chambres ∙ 6 personnes,Nendaz - Valais
28/08/2024,29/03/2025,05/04/2025,1122.00,HVZFSYB,80 m² Appartement ∙ 3 chambres ∙ 6 personnes,Nendaz - Valais
28/08/2024,05/04/2025,12/04/2025,1122.00,HVZFSYB,80 m² Appartement ∙ 3 chambres ∙ 6 personnes,Nendaz - Valais
28/08/2024,12/04/2025,19/04/2025,1418.00,HVZFSYB,80 m² Appartement ∙ 3 chambres ∙ 6 personnes,Nendaz - Valais
28/08/2024,19/04/2025,26/04/2025,1418.00,HVZFSYB,80 m² Appartement ∙ 3 chambres ∙ 6 personnes,Nendaz - Valais
28/08/2024,26/04/2025,03/05/2025,1122.00,HVZFSYB,80 m² Appartement ∙ 3 chambres ∙ 6 personnes,Nendaz - Valais
28/08/2024,03/05/2025,10/05/2025,1122.00,HVZFSYB,80 m² Appartement ∙ 3 chambres ∙ 6 personnes,Nendaz - Valais
28/08/2024,10/05/2025,17/05/2025,1122.00,HVZFSYB,80 m² Appartement ∙ 3 chambres ∙ 6 personnes,Nendaz - Valais
28/08/2024,31/08/2024,07/09/2024,767.65,H549CJN,30 m² Appartement ∙ 1 chambre ∙ 2 personnes,Saas Fee - Valais
28/08/2024,07/09/2024,14/09/2024,756.28,H549CJN,30 m² Appartement ∙ 1 chambre ∙ 2 personnes,Saas Fee - Valais
28/08/2024,14/09/2024,21/09/2024,756.28,H549CJN,30 m² Appartement ∙ 1 chambre ∙ 2 personnes,Saas Fee - Valais
28/08/2024,21/09/2024,28/09/2024,756.28,H549CJN,30 m² Appartement ∙ 1 chambre ∙ 2 personnes,Saas Fee - Valais
28/08/2024,28/09/2024,05/10/2024,756.28,H549CJN,30 m² Appartement ∙ 1 chambre ∙ 2 personnes,Saas Fee - Valais
28/08/2024,05/10/2024,12/10/2024,756.28,H549CJN,30 m² Appartement ∙ 1 chambre ∙ 2 personnes,Saas Fee - Valais
28/08/2024,12/10/2024,19/10/2024,756.28,H549CJN,30 m² Appartement ∙ 1 chambre ∙ 2 personnes,Saas Fee - Valais
28/08/2024,19/10/2024,26/10/2024,756.28,H549CJN,30 m² Appartement ∙ 1 chambre ∙ 2 personnes,Saas Fee - Valais
28/08/2024,26/10/2024,02/11/2024,756.28,H549CJN,30 m² Appartement ∙ 1 chambre ∙ 2 personnes,Saas Fee - Valais
28/08/2024,02/11/2024,09/11/2024,756.28,H549CJN,30 m² Appartement ∙ 1 chambre ∙ 2 personnes,Saas Fee - Valais
28/08/2024,09/11/2024,16/11/2024,756.28,H549CJN,30 m² Appartement ∙ 1 chambre ∙ 2 personnes,Saas Fee - Valais
28/08/2024,16/11/2024,23/11/2024,756.28,H549CJN,30 m² Appartement ∙ 1 chambre ∙ 2 personnes,Saas Fee - Valais
28/08/2024,23/11/2024,30/11/2024,756.28,H549CJN,30 m² Appartement ∙ 1 chambre ∙ 2 personnes,Saas Fee - Valais
28/08/2024,30/11/2024,07/12/2024,824.51,H549CJN,30 m² Appartement ∙ 1 chambre ∙ 2 personnes,Saas Fee - Valais
28/08/2024,07/12/2024,14/12/2024,835.88,H549CJN,30 m² Appartement ∙ 1 chambre ∙ 2 personnes,Saas Fee - Valais
28/08/2024,14/12/2024,21/12/2024,907.53,H549CJN,30 m² Appartement ∙ 1 chambre ∙ 2 personnes,Saas Fee - Valais
28/08/2024,21/12/2024,28/12/2024,1138.40,H549CJN,30 m² Appartement ∙ 1 chambre ∙ 2 personnes,Saas Fee - Valais
28/08/2024,04/01/2025,11/01/2025,835.88,H549CJN,30 m² Appartement ∙ 1 chambre ∙ 2 personnes,Saas Fee - Valais
28/08/2024,11/01/2025,18/01/2025,835.88,H549CJN,30 m² Appartement ∙ 1 chambre ∙ 2 personnes,Saas Fee - Valais
28/08/2024,18/01/2025,25/01/2025,835.88,H549CJN,30 m² Appartement ∙ 1 chambre ∙ 2 personnes,Saas Fee - Valais
28/08/2024,25/01/2025,01/02/2025,907.53,H549CJN,30 m² Appartement ∙ 1 chambre ∙ 2 personnes,Saas Fee - Valais
28/08/2024,01/02/2025,08/02/2025,907.53,H549CJN,30 m² Appartement ∙ 1 chambre ∙ 2 personnes,Saas Fee - Valais
28/08/2024,08/02/2025,15/02/2025,907.53,H549CJN,30 m² Appartement ∙ 1 chambre ∙ 2 personnes,Saas Fee - Valais
28/08/2024,22/02/2025,01/03/2025,907.53,H549CJN,30 m² Appartement ∙ 1 chambre ∙ 2 personnes,Saas Fee - Valais
28/08/2024,01/03/2025,08/03/2025,907.53,H549CJN,30 m² Appartement ∙ 1 chambre ∙ 2 personnes,Saas Fee - Valais
28/08/2024,08/03/2025,15/03/2025,907.53,H549CJN,30 m² Appartement ∙ 1 chambre ∙ 2 personnes,Saas Fee - Valais
28/08/2024,15/03/2025,22/03/2025,907.53,H549CJN,30 m² Appartement ∙ 1 chambre ∙ 2 personnes,Saas Fee - Valais
28/08/2024,22/03/2025,29/03/2025,907.53,H549CJN,30 m² Appartement ∙ 1 chambre ∙ 2 personnes,Saas Fee - Valais
28/08/2024,29/03/2025,05/04/2025,907.53,H549CJN,30 m² Appartement ∙ 1 chambre ∙ 2 personnes,Saas Fee - Valais
28/08/2024,05/04/2025,12/04/2025,907.53,H549CJN,30 m² Appartement ∙ 1 chambre ∙ 2 personnes,Saas Fee - Valais
28/08/2024,12/04/2025,19/04/2025,907.53,H549CJN,30 m² Appartement ∙ 1 chambre ∙ 2 personnes,Saas Fee - Valais
28/08/2024,19/04/2025,26/04/2025,907.53,H549CJN,30 m² Appartement ∙ 1 chambre ∙ 2 personnes,Saas Fee - Valais
28/08/2024,07/09/2024,14/09/2024,983.00,HP9E1VU,60 m² Appartement ∙ 2 chambres ∙ 4 personnes,Verbier - Bagnes - Valais
28/08/2024,14/09/2024,21/09/2024,1315.00,HP9E1VU,60 m² Appartement ∙ 2 chambres ∙ 4 personnes,Verbier - Bagnes - Valais
28/08/2024,21/09/2024,28/09/2024,1315.00,HP9E1VU,60 m² Appartement ∙ 2 chambres ∙ 4 personnes,Verbier - Bagnes - Valais
28/08/2024,28/09/2024,05/10/2024,1315.00,HP9E1VU,60 m² Appartement ∙ 2 chambres ∙ 4 personnes,Verbier - Bagnes - Valais
28/08/2024,05/10/2024,12/10/2024,1315.00,HP9E1VU,60 m² Appartement ∙ 2 chambres ∙ 4 personnes,Verbier - Bagnes - Valais
28/08/2024,12/10/2024,19/10/2024,1315.00,HP9E1VU,60 m² Appartement ∙ 2 chambres ∙ 4 personnes,Verbier - Bagnes - Valais
28/08/2024,19/10/2024,26/10/2024,1315.00,HP9E1VU,60 m² Appartement ∙ 2 chambres ∙ 4 personnes,Verbier - Bagnes - Valais
28/08/2024,26/10/2024,02/11/2024,1315.00,HP9E1VU,60 m² Appartement ∙ 2 chambres ∙ 4 personnes,Verbier - Bagnes - Valais
28/08/2024,02/11/2024,09/11/2024,1342.00,HP9E1VU,60 m² Appartement ∙ 2 chambres ∙ 4 personnes,Verbier - Bagnes - Valais
28/08/2024,09/11/2024,16/11/2024,1342.00,HP9E1VU,60 m² Appartement ∙ 2 chambres ∙ 4 personnes,Verbier - Bagnes - Valais
28/08/2024,16/11/2024,23/11/2024,1342.00,HP9E1VU,60 m² Appartement ∙ 2 chambres ∙ 4 personnes,Verbier - Bagnes - Valais
28/08/2024,23/11/2024,30/11/2024,1342.00,HP9E1VU,60 m² Appartement ∙ 2 chambres ∙ 4 personnes,Verbier - Bagnes - Valais
28/08/2024,30/11/2024,07/12/2024,1342.00,HP9E1VU,60 m² Appartement ∙ 2 chambres ∙ 4 personnes,Verbier - Bagnes - Valais
28/08/2024,14/12/2024,21/12/2024,1342.00,HP9E1VU,60 m² Appartement ∙ 2 chambres ∙ 4 personnes,Verbier - Bagnes - Valais
28/08/2024,29/03/2025,05/04/2025,1342.00,HP9E1VU,60 m² Appartement ∙ 2 chambres ∙ 4 personnes,Verbier - Bagnes - Valais
28/08/2024,12/04/2025,19/04/2025,1562.00,HP9E1VU,60 m² Appartement ∙ 2 chambres ∙ 4 personnes,Verbier - Bagnes - Valais
28/08/2024,19/04/2025,26/04/2025,1562.00,HP9E1VU,60 m² Appartement ∙ 2 chambres ∙ 4 personnes,Verbier - Bagnes - Valais
28/08/2024,26/04/2025,03/05/2025,1342.00,HP9E1VU,60 m² Appartement ∙ 2 chambres ∙ 4 personnes,Verbier - Bagnes - Valais
28/08/2024,03/05/2025,10/05/2025,1342.00,HP9E1VU,60 m² Appartement ∙ 2 chambres ∙ 4 personnes,Verbier - Bagnes - Valais
28/08/2024,10/05/2025,17/05/2025,1342.00,HP9E1VU,60 m² Appartement ∙ 2 chambres ∙ 4 personnes,Verbier - Bagnes - Valais
28/08/2024,21/09/2024,28/09/2024,529.00,HV1DZLJ,26 m² Appartement ∙ 1 chambre ∙ 2 personnes,Crans-Montana - Valais
28/08/2024,28/09/2024,05/10/2024,529.00,HV1DZLJ,26 m² Appartement ∙ 1 chambre ∙ 2 personnes,Crans-Montana - Valais
28/08/2024,05/10/2024,12/10/2024,529.00,HV1DZLJ,26 m² Appartement ∙ 1 chambre ∙ 2 personnes,Crans-Montana - Valais
28/08/2024,12/10/2024,19/10/2024,529.00,HV1DZLJ,26 m² Appartement ∙ 1 chambre ∙ 2 personnes,Crans-Montana - Valais
28/08/2024,19/10/2024,26/10/2024,529.00,HV1DZLJ,26 m² Appartement ∙ 1 chambre ∙ 2 personnes,Crans-Montana - Valais
28/08/2024,26/10/2024,02/11/2024,529.00,HV1DZLJ,26 m² Appartement ∙ 1 chambre ∙ 2 personnes,Crans-Montana - Valais
28/08/2024,02/11/2024,09/11/2024,556.00,HV1DZLJ,26 m² Appartement ∙ 1 chambre ∙ 2 personnes,Crans-Montana - Valais
28/08/2024,09/11/2024,16/11/2024,556.00,HV1DZLJ,26 m² Appartement ∙ 1 chambre ∙ 2 personnes,Crans-Montana - Valais
28/08/2024,16/11/2024,23/11/2024,556.00,HV1DZLJ,26 m² Appartement ∙ 1 chambre ∙ 2 personnes,Crans-Montana - Valais
28/08/2024,23/11/2024,30/11/2024,556.00,HV1DZLJ,26 m² Appartement ∙ 1 chambre ∙ 2 personnes,Crans-Montana - Valais
28/08/2024,30/11/2024,07/12/2024,556.00,HV1DZLJ,26 m² Appartement ∙ 1 chambre ∙ 2 personnes,Crans-Montana - Valais
28/08/2024,07/12/2024,14/12/2024,556.00,HV1DZLJ,26 m² Appartement ∙ 1 chambre ∙ 2 personnes,Crans-Montana - Valais
28/08/2024,05/04/2025,12/04/2025,556.00,HV1DZLJ,26 m² Appartement ∙ 1 chambre ∙ 2 personnes,Crans-Montana - Valais
28/08/2024,12/04/2025,19/04/2025,677.00,HV1DZLJ,26 m² Appartement ∙ 1 chambre ∙ 2 personnes,Crans-Montana - Valais
28/08/2024,19/04/2025,26/04/2025,677.00,HV1DZLJ,26 m² Appartement ∙ 1 chambre ∙ 2 personnes,Crans-Montana - Valais
28/08/2024,26/04/2025,03/05/2025,556.00,HV1DZLJ,26 m² Appartement ∙ 1 chambre ∙ 2 personnes,Crans-Montana - Valais
28/08/2024,03/05/2025,10/05/2025,556.00,HV1DZLJ,26 m² Appartement ∙ 1 chambre ∙ 2 personnes,Crans-Montana - Valais
28/08/2024,10/05/2025,17/05/2025,556.00,HV1DZLJ,26 m² Appartement ∙ 1 chambre ∙ 2 personnes,Crans-Montana - Valais
28/08/2024,31/08/2024,07/09/2024,636.86,H1KJPU5,32 m² Studio ∙ 1 chambre ∙ 2 personnes,Saas-Almagell - Valais
28/08/2024,07/09/2024,14/09/2024,636.86,H1KJPU5,32 m² Studio ∙ 1 chambre ∙ 2 personnes,Saas-Almagell - Valais
28/08/2024,14/09/2024,21/09/2024,636.86,H1KJPU5,32 m² Studio ∙ 1 chambre ∙ 2 personnes,Saas-Almagell - Valais
28/08/2024,21/09/2024,28/09/2024,636.86,H1KJPU5,32 m² Studio ∙ 1 chambre ∙ 2 personnes,Saas-Almagell - Valais
28/08/2024,28/09/2024,05/10/2024,636.86,H1KJPU5,32 m² Studio ∙ 1 chambre ∙ 2 personnes,Saas-Almagell - Valais
28/08/2024,05/10/2024,12/10/2024,636.86,H1KJPU5,32 m² Studio ∙ 1 chambre ∙ 2 personnes,Saas-Almagell - Valais
28/08/2024,12/10/2024,19/10/2024,636.86,H1KJPU5,32 m² Studio ∙ 1 chambre ∙ 2 personnes,Saas-Almagell - Valais
28/08/2024,04/01/2025,11/01/2025,636.86,H1KJPU5,32 m² Studio ∙ 1 chambre ∙ 2 personnes,Saas-Almagell - Valais
28/08/2024,11/01/2025,18/01/2025,557.25,H1KJPU5,32 m² Studio ∙ 1 chambre ∙ 2 personnes,Saas-Almagell - Valais
28/08/2024,18/01/2025,25/01/2025,597.06,H1KJPU5,32 m² Studio ∙ 1 chambre ∙ 2 personnes,Saas-Almagell - Valais
28/08/2024,01/02/2025,08/02/2025,676.66,H1KJPU5,32 m² Studio ∙ 1 chambre ∙ 2 personnes,Saas-Almagell - Valais
28/08/2024,08/02/2025,15/02/2025,676.66,H1KJPU5,32 m² Studio ∙ 1 chambre ∙ 2 personnes,Saas-Almagell - Valais
28/08/2024,15/02/2025,22/02/2025,676.66,H1KJPU5,32 m² Studio ∙ 1 chambre ∙ 2 personnes,Saas-Almagell - Valais
28/08/2024,22/02/2025,01/03/2025,676.66,H1KJPU5,32 m² Studio ∙ 1 chambre ∙ 2 personnes,Saas-Almagell - Valais
28/08/2024,01/03/2025,08/03/2025,676.66,H1KJPU5,32 m² Studio ∙ 1 chambre ∙ 2 personnes,Saas-Almagell - Valais
28/08/2024,08/03/2025,15/03/2025,636.86,H1KJPU5,32 m² Studio ∙ 1 chambre ∙ 2 personnes,Saas-Almagell - Valais
28/08/2024,15/03/2025,22/03/2025,597.06,H1KJPU5,32 m² Studio ∙ 1 chambre ∙ 2 personnes,Saas-Almagell - Valais
28/08/2024,22/03/2025,29/03/2025,597.06,H1KJPU5,32 m² Studio ∙ 1 chambre ∙ 2 personnes,Saas-Almagell - Valais
28/08/2024,29/03/2025,05/04/2025,597.06,H1KJPU5,32 m² Studio ∙ 1 chambre ∙ 2 personnes,Saas-Almagell - Valais
28/08/2024,05/04/2025,12/04/2025,597.06,H1KJPU5,32 m² Studio ∙ 1 chambre ∙ 2 personnes,Saas-Almagell - Valais
28/08/2024,12/04/2025,19/04/2025,636.86,H1KJPU5,32 m² Studio ∙ 1 chambre ∙ 2 personnes,Saas-Almagell - Valais
28/08/2024,07/09/2024,14/09/2024,704.41,HT052AG,82 m² Appartement ∙ 2 chambres ∙ 6 personnes,Nendaz - Valais
28/08/2024,14/09/2024,21/09/2024,704.41,HT052AG,82 m² Appartement ∙ 2 chambres ∙ 6 personnes,Nendaz - Valais
28/08/2024,21/09/2024,28/09/2024,704.41,HT052AG,82 m² Appartement ∙ 2 chambres ∙ 6 personnes,Nendaz - Valais
28/08/2024,28/09/2024,05/10/2024,704.41,HT052AG,82 m² Appartement ∙ 2 chambres ∙ 6 personnes,Nendaz - Valais
28/08/2024,05/10/2024,12/10/2024,704.41,HT052AG,82 m² Appartement ∙ 2 chambres ∙ 6 personnes,Nendaz - Valais
28/08/2024,12/10/2024,19/10/2024,704.41,HT052AG,82 m² Appartement ∙ 2 chambres ∙ 6 personnes,Nendaz - Valais
28/08/2024,19/10/2024,26/10/2024,704.41,HT052AG,82 m² Appartement ∙ 2 chambres ∙ 6 personnes,Nendaz - Valais
28/08/2024,26/10/2024,02/11/2024,704.41,HT052AG,82 m² Appartement ∙ 2 chambres ∙ 6 personnes,Nendaz - Valais
28/08/2024,02/11/2024,09/11/2024,704.41,HT052AG,82 m² Appartement ∙ 2 chambres ∙ 6 personnes,Nendaz - Valais
28/08/2024,09/11/2024,16/11/2024,704.41,HT052AG,82 m² Appartement ∙ 2 chambres ∙ 6 personnes,Nendaz - Valais
28/08/2024,16/11/2024,23/11/2024,704.41,HT052AG,82 m² Appartement ∙ 2 chambres ∙ 6 personnes,Nendaz - Valais
28/08/2024,23/11/2024,30/11/2024,1313.09,HT052AG,82 m² Appartement ∙ 2 chambres ∙ 6 personnes,Nendaz - Valais
28/08/2024,21/12/2024,28/12/2024,1958.99,HT052AG,82 m² Appartement ∙ 2 chambres ∙ 6 personnes,Nendaz - Valais
28/08/2024,28/12/2024,04/01/2025,2397.47,HT052AG,82 m² Appartement ∙ 2 chambres ∙ 6 personnes,Nendaz - Valais
28/08/2024,04/01/2025,11/01/2025,1313.09,HT052AG,82 m² Appartement ∙ 2 chambres ∙ 6 personnes,Nendaz - Valais
28/08/2024,11/01/2025,18/01/2025,1313.09,HT052AG,82 m² Appartement ∙ 2 chambres ∙ 6 personnes,Nendaz - Valais
28/08/2024,18/01/2025,25/01/2025,1341.48,HT052AG,82 m² Appartement ∙ 2 chambres ∙ 6 personnes,Nendaz - Valais
28/08/2024,08/02/2025,15/02/2025,1958.99,HT052AG,82 m² Appartement ∙ 2 chambres ∙ 6 personnes,Nendaz - Valais
28/08/2024,22/02/2025,01/03/2025,2397.47,HT052AG,82 m² Appartement ∙ 2 chambres ∙ 6 personnes,Nendaz - Valais
28/08/2024,01/03/2025,08/03/2025,2397.47,HT052AG,82 m² Appartement ∙ 2 chambres ∙ 6 personnes,Nendaz - Valais
28/08/2024,08/03/2025,15/03/2025,2397.47,HT052AG,82 m² Appartement ∙ 2 chambres ∙ 6 personnes,Nendaz - Valais
28/08/2024,15/03/2025,22/03/2025,1313.09,HT052AG,82 m² Appartement ∙ 2 chambres ∙ 6 personnes,Nendaz - Valais
28/08/2024,22/03/2025,29/03/2025,1313.09,HT052AG,82 m² Appartement ∙ 2 chambres ∙ 6 personnes,Nendaz - Valais
28/08/2024,29/03/2025,05/04/2025,1313.09,HT052AG,82 m² Appartement ∙ 2 chambres ∙ 6 personnes,Nendaz - Valais
28/08/2024,05/04/2025,12/04/2025,1341.48,HT052AG,82 m² Appartement ∙ 2 chambres ∙ 6 personnes,Nendaz - Valais
28/08/2024,12/04/2025,19/04/2025,1341.48,HT052AG,82 m² Appartement ∙ 2 chambres ∙ 6 personnes,Nendaz - Valais
28/08/2024,19/04/2025,26/04/2025,1313.09,HT052AG,82 m² Appartement ∙ 2 chambres ∙ 6 personnes,Nendaz - Valais
28/08/2024,19/10/2024,26/10/2024,692.30,HTG1EZJ,55 m² Appartement ∙ 1 chambre ∙ 4 personnes,Les Agettes - Valais
28/08/2024,26/10/2024,02/11/2024,745.30,HTG1EZJ,55 m² Appartement ∙ 1 chambre ∙ 4 personnes,Les Agettes - Valais
28/08/2024,02/11/2024,09/11/2024,692.30,HTG1EZJ,55 m² Appartement ∙ 1 chambre ∙ 4 personnes,Les Agettes - Valais
28/08/2024,09/11/2024,16/11/2024,692.30,HTG1EZJ,55 m² Appartement ∙ 1 chambre ∙ 4 personnes,Les Agettes - Valais
28/08/2024,16/11/2024,23/11/2024,699.36,HTG1EZJ,55 m² Appartement ∙ 1 chambre ∙ 4 personnes,Les Agettes - Valais
28/08/2024,23/11/2024,30/11/2024,694.24,HTG1EZJ,55 m² Appartement ∙ 1 chambre ∙ 4 personnes,Les Agettes - Valais
28/08/2024,30/11/2024,07/12/2024,694.31,HTG1EZJ,55 m² Appartement ∙ 1 chambre ∙ 4 personnes,Les Agettes - Valais
28/08/2024,07/12/2024,14/12/2024,744.93,HTG1EZJ,55 m² Appartement ∙ 1 chambre ∙ 4 personnes,Les Agettes - Valais
28/08/2024,28/12/2024,04/01/2025,2181.78,HTG1EZJ,55 m² Appartement ∙ 1 chambre ∙ 4 personnes,Les Agettes - Valais
28/08/2024,04/01/2025,11/01/2025,2059.18,HTG1EZJ,55 m² Appartement ∙ 1 chambre ∙ 4 personnes,Les Agettes - Valais
28/08/2024,11/01/2025,18/01/2025,928.81,HTG1EZJ,55 m² Appartement ∙ 1 chambre ∙ 4 personnes,Les Agettes - Valais
28/08/2024,18/01/2025,25/01/2025,921.54,HTG1EZJ,55 m² Appartement ∙ 1 chambre ∙ 4 personnes,Les Agettes - Valais
28/08/2024,25/01/2025,01/02/2025,1372.45,HTG1EZJ,55 m² Appartement ∙ 1 chambre ∙ 4 personnes,Les Agettes - Valais
28/08/2024,01/02/2025,08/02/2025,1233.22,HTG1EZJ,55 m² Appartement ∙ 1 chambre ∙ 4 personnes,Les Agettes - Valais
28/08/2024,08/02/2025,15/02/2025,2181.78,HTG1EZJ,55 m² Appartement ∙ 1 chambre ∙ 4 personnes,Les Agettes - Valais
28/08/2024,15/02/2025,22/02/2025,1957.37,HTG1EZJ,55 m² Appartement ∙ 1 chambre ∙ 4 personnes,Les Agettes - Valais
28/08/2024,22/02/2025,01/03/2025,2012.44,HTG1EZJ,55 m² Appartement ∙ 1 chambre ∙ 4 personnes,Les Agettes - Valais
28/08/2024,01/03/2025,08/03/2025,1773.48,HTG1EZJ,55 m² Appartement ∙ 1 chambre ∙ 4 personnes,Les Agettes - Valais
28/08/2024,08/03/2025,15/03/2025,1567.77,HTG1EZJ,55 m² Appartement ∙ 1 chambre ∙ 4 personnes,Les Agettes - Valais
28/08/2024,15/03/2025,22/03/2025,879.98,HTG1EZJ,55 m² Appartement ∙ 1 chambre ∙ 4 personnes,Les Agettes - Valais
28/08/2024,22/03/2025,29/03/2025,805.18,HTG1EZJ,55 m² Appartement ∙ 1 chambre ∙ 4 personnes,Les Agettes - Valais
28/08/2024,29/03/2025,05/04/2025,856.09,HTG1EZJ,55 m² Appartement ∙ 1 chambre ∙ 4 personnes,Les Agettes - Valais
28/08/2024,05/04/2025,12/04/2025,855.05,HTG1EZJ,55 m² Appartement ∙ 1 chambre ∙ 4 personnes,Les Agettes - Valais
28/08/2024,12/04/2025,19/04/2025,947.52,HTG1EZJ,55 m² Appartement ∙ 1 chambre ∙ 4 personnes,Les Agettes - Valais
28/08/2024,19/04/2025,26/04/2025,869.60,HTG1EZJ,55 m² Appartement ∙ 1 chambre ∙ 4 personnes,Les Agettes - Valais
28/08/2024,26/04/2025,03/05/2025,830.11,HTG1EZJ,55 m² Appartement ∙ 1 chambre ∙ 4 personnes,Les Agettes - Valais
28/08/2024,03/05/2025,10/05/2025,815.57,HTG1EZJ,55 m² Appartement ∙ 1 chambre ∙ 4 personnes,Les Agettes - Valais
28/08/2024,10/05/2025,17/05/2025,817.65,HTG1EZJ,55 m² Appartement ∙ 1 chambre ∙ 4 personnes,Les Agettes - Valais
28/08/2024,31/08/2024,07/09/2024,787.15,H9L7N6Z,150 m² Appartement ∙ 3 chambres ∙ 7 personnes,Salvan - Valais
28/08/2024,07/09/2024,14/09/2024,829.93,H9L7N6Z,150 m² Appartement ∙ 3 chambres ∙ 7 personnes,Salvan - Valais
28/08/2024,14/09/2024,21/09/2024,855.60,H9L7N6Z,150 m² Appartement ∙ 3 chambres ∙ 7 personnes,Salvan - Valais
28/08/2024,28/09/2024,05/10/2024,790.82,H9L7N6Z,150 m² Appartement ∙ 3 chambres ∙ 7 personnes,Salvan - Valais
28/08/2024,05/10/2024,12/10/2024,801.82,H9L7N6Z,150 m² Appartement ∙ 3 chambres ∙ 7 personnes,Salvan - Valais
28/08/2024,12/10/2024,19/10/2024,826.27,H9L7N6Z,150 m² Appartement ∙ 3 chambres ∙ 7 personnes,Salvan - Valais
28/08/2024,19/10/2024,26/10/2024,828.71,H9L7N6Z,150 m² Appartement ∙ 3 chambres ∙ 7 personnes,Salvan - Valais
28/08/2024,26/10/2024,02/11/2024,905.71,H9L7N6Z,150 m² Appartement ∙ 3 chambres ∙ 7 personnes,Salvan - Valais
28/08/2024,02/11/2024,09/11/2024,872.71,H9L7N6Z,150 m² Appartement ∙ 3 chambres ∙ 7 personnes,Salvan - Valais
28/08/2024,09/11/2024,16/11/2024,794.49,H9L7N6Z,150 m² Appartement ∙ 3 chambres ∙ 7 personnes,Salvan - Valais
28/08/2024,16/11/2024,23/11/2024,789.60,H9L7N6Z,150 m² Appartement ∙ 3 chambres ∙ 7 personnes,Salvan - Valais
28/08/2024,23/11/2024,30/11/2024,787.15,H9L7N6Z,150 m² Appartement ∙ 3 chambres ∙ 7 personnes,Salvan - Valais
28/08/2024,30/11/2024,07/12/2024,788.37,H9L7N6Z,150 m² Appartement ∙ 3 chambres ∙ 7 personnes,Salvan - Valais
28/08/2024,07/12/2024,14/12/2024,798.15,H9L7N6Z,150 m² Appartement ∙ 3 chambres ∙ 7 personnes,Salvan - Valais
28/08/2024,14/12/2024,21/12/2024,987.61,H9L7N6Z,150 m² Appartement ∙ 3 chambres ∙ 7 personnes,Salvan - Valais
28/08/2024,21/12/2024,28/12/2024,1808.98,H9L7N6Z,150 m² Appartement ∙ 3 chambres ∙ 7 personnes,Salvan - Valais
28/08/2024,28/12/2024,04/01/2025,2574.14,H9L7N6Z,150 m² Appartement ∙ 3 chambres ∙ 7 personnes,Salvan - Valais
28/08/2024,04/01/2025,11/01/2025,1586.53,H9L7N6Z,150 m² Appartement ∙ 3 chambres ∙ 7 personnes,Salvan - Valais
28/08/2024,11/01/2025,18/01/2025,1252.84,H9L7N6Z,150 m² Appartement ∙ 3 chambres ∙ 7 personnes,Salvan - Valais
28/08/2024,18/01/2025,25/01/2025,1223.51,H9L7N6Z,150 m² Appartement ∙ 3 chambres ∙ 7 personnes,Salvan - Valais
28/08/2024,25/01/2025,01/02/2025,1195.40,H9L7N6Z,150 m² Appartement ∙ 3 chambres ∙ 7 personnes,Salvan - Valais
28/08/2024,01/02/2025,08/02/2025,1310.29,H9L7N6Z,150 m² Appartement ∙ 3 chambres ∙ 7 personnes,Salvan - Valais
28/08/2024,08/02/2025,15/02/2025,1516.86,H9L7N6Z,150 m² Appartement ∙ 3 chambres ∙ 7 personnes,Salvan - Valais
28/08/2024,15/02/2025,22/02/2025,2244.12,H9L7N6Z,150 m² Appartement ∙ 3 chambres ∙ 7 personnes,Salvan - Valais
28/08/2024,22/02/2025,01/03/2025,2046.11,H9L7N6Z,150 m² Appartement ∙ 3 chambres ∙ 7 personnes,Salvan - Valais
28/08/2024,01/03/2025,08/03/2025,1508.30,H9L7N6Z,150 m² Appartement ∙ 3 chambres ∙ 7 personnes,Salvan - Valais
28/08/2024,08/03/2025,15/03/2025,1219.84,H9L7N6Z,150 m² Appartement ∙ 3 chambres ∙ 7 personnes,Salvan - Valais
28/08/2024,15/03/2025,22/03/2025,1142.84,H9L7N6Z,150 m² Appartement ∙ 3 chambres ∙ 7 personnes,Salvan - Valais
28/08/2024,22/03/2025,29/03/2025,1091.50,H9L7N6Z,150 m² Appartement ∙ 3 chambres ∙ 7 personnes,Salvan - Valais
28/08/2024,29/03/2025,05/04/2025,1076.83,H9L7N6Z,150 m² Appartement ∙ 3 chambres ∙ 7 personnes,Salvan - Valais
28/08/2024,05/04/2025,12/04/2025,1068.28,H9L7N6Z,150 m² Appartement ∙ 3 chambres ∙ 7 personnes,Salvan - Valais
28/08/2024,12/04/2025,19/04/2025,1086.61,H9L7N6Z,150 m² Appartement ∙ 3 chambres ∙ 7 personnes,Salvan - Valais
28/08/2024,19/04/2025,26/04/2025,1059.72,H9L7N6Z,150 m² Appartement ∙ 3 chambres ∙ 7 personnes,Salvan - Valais
28/08/2024,26/04/2025,03/05/2025,944.83,H9L7N6Z,150 m² Appartement ∙ 3 chambres ∙ 7 personnes,Salvan - Valais
28/08/2024,03/05/2025,10/05/2025,866.60,H9L7N6Z,150 m² Appartement ∙ 3 chambres ∙ 7 personnes,Salvan - Valais
28/08/2024,10/05/2025,17/05/2025,871.49,H9L7N6Z,150 m² Appartement ∙ 3 chambres ∙ 7 personnes,Salvan - Valais
28/08/2024,31/08/2024,07/09/2024,736.95,HVS97NB,82 m² Appartement ∙ 3 chambres ∙ 5 personnes,Saas-Balen - Valais
28/08/2024,28/09/2024,05/10/2024,796.08,HVS97NB,82 m² Appartement ∙ 3 chambres ∙ 5 personnes,Saas-Balen - Valais
28/08/2024,19/10/2024,26/10/2024,875.69,HVS97NB,82 m² Appartement ∙ 3 chambres ∙ 5 personnes,Saas-Balen - Valais
28/08/2024,26/10/2024,02/11/2024,875.69,HVS97NB,82 m² Appartement ∙ 3 chambres ∙ 5 personnes,Saas-Balen - Valais
28/08/2024,02/11/2024,09/11/2024,875.69,HVS97NB,82 m² Appartement ∙ 3 chambres ∙ 5 personnes,Saas-Balen - Valais
28/08/2024,09/11/2024,16/11/2024,875.82,HVS97NB,82 m² Appartement ∙ 3 chambres ∙ 5 personnes,Saas-Balen - Valais
28/08/2024,16/11/2024,23/11/2024,875.69,HVS97NB,82 m² Appartement ∙ 3 chambres ∙ 5 personnes,Saas-Balen - Valais
28/08/2024,23/11/2024,30/11/2024,875.69,HVS97NB,82 m² Appartement ∙ 3 chambres ∙ 5 personnes,Saas-Balen - Valais
28/08/2024,30/11/2024,07/12/2024,875.69,HVS97NB,82 m² Appartement ∙ 3 chambres ∙ 5 personnes,Saas-Balen - Valais
28/08/2024,07/12/2024,14/12/2024,875.69,HVS97NB,82 m² Appartement ∙ 3 chambres ∙ 5 personnes,Saas-Balen - Valais
28/08/2024,14/12/2024,21/12/2024,930.28,HVS97NB,82 m² Appartement ∙ 3 chambres ∙ 5 personnes,Saas-Balen - Valais
28/08/2024,21/12/2024,28/12/2024,1234.11,HVS97NB,82 m² Appartement ∙ 3 chambres ∙ 5 personnes,Saas-Balen - Valais
28/08/2024,04/01/2025,11/01/2025,858.63,HVS97NB,82 m² Appartement ∙ 3 chambres ∙ 5 personnes,Saas-Balen - Valais
28/08/2024,11/01/2025,18/01/2025,796.08,HVS97NB,82 m² Appartement ∙ 3 chambres ∙ 5 personnes,Saas-Balen - Valais
28/08/2024,18/01/2025,25/01/2025,796.08,HVS97NB,82 m² Appartement ∙ 3 chambres ∙ 5 personnes,Saas-Balen - Valais
28/08/2024,15/03/2025,22/03/2025,915.63,HVS97NB,82 m² Appartement ∙ 3 chambres ∙ 5 personnes,Saas-Balen - Valais
28/08/2024,22/03/2025,29/03/2025,915.50,HVS97NB,82 m² Appartement ∙ 3 chambres ∙ 5 personnes,Saas-Balen - Valais
28/08/2024,29/03/2025,05/04/2025,915.50,HVS97NB,82 m² Appartement ∙ 3 chambres ∙ 5 personnes,Saas-Balen - Valais
28/08/2024,05/04/2025,12/04/2025,915.50,HVS97NB,82 m² Appartement ∙ 3 chambres ∙ 5 personnes,Saas-Balen - Valais
28/08/2024,12/04/2025,19/04/2025,955.30,HVS97NB,82 m² Appartement ∙ 3 chambres ∙ 5 personnes,Saas-Balen - Valais
28/08/2024,19/04/2025,26/04/2025,955.44,HVS97NB,82 m² Appartement ∙ 3 chambres ∙ 5 personnes,Saas-Balen - Valais
28/08/2024,31/08/2024,07/09/2024,520.80,HWZBNXD,Appartement ∙ 2 chambres ∙ 6 personnes,Grächen - Valais
28/08/2024,07/09/2024,14/09/2024,520.80,HWZBNXD,Appartement ∙ 2 chambres ∙ 6 personnes,Grächen - Valais
28/08/2024,21/09/2024,28/09/2024,520.88,HWZBNXD,Appartement ∙ 2 chambres ∙ 6 personnes,Grächen - Valais
28/08/2024,28/09/2024,05/10/2024,520.80,HWZBNXD,Appartement ∙ 2 chambres ∙ 6 personnes,Grächen - Valais
28/08/2024,05/10/2024,12/10/2024,520.80,HWZBNXD,Appartement ∙ 2 chambres ∙ 6 personnes,Grächen - Valais
28/08/2024,12/10/2024,19/10/2024,520.80,HWZBNXD,Appartement ∙ 2 chambres ∙ 6 personnes,Grächen - Valais
28/08/2024,19/10/2024,26/10/2024,520.80,HWZBNXD,Appartement ∙ 2 chambres ∙ 6 personnes,Grächen - Valais
28/08/2024,26/10/2024,02/11/2024,372.00,HWZBNXD,Appartement ∙ 2 chambres ∙ 6 personnes,Grächen - Valais
28/08/2024,02/11/2024,09/11/2024,372.00,HWZBNXD,Appartement ∙ 2 chambres ∙ 6 personnes,Grächen - Valais
28/08/2024,09/11/2024,16/11/2024,372.00,HWZBNXD,Appartement ∙ 2 chambres ∙ 6 personnes,Grächen - Valais
28/08/2024,16/11/2024,23/11/2024,372.06,HWZBNXD,Appartement ∙ 2 chambres ∙ 6 personnes,Grächen - Valais
28/08/2024,23/11/2024,30/11/2024,372.06,HWZBNXD,Appartement ∙ 2 chambres ∙ 6 personnes,Grächen - Valais
28/08/2024,30/11/2024,07/12/2024,372.00,HWZBNXD,Appartement ∙ 2 chambres ∙ 6 personnes,Grächen - Valais
28/08/2024,07/12/2024,14/12/2024,372.00,HWZBNXD,Appartement ∙ 2 chambres ∙ 6 personnes,Grächen - Valais
28/08/2024,04/01/2025,11/01/2025,744.00,HWZBNXD,Appartement ∙ 2 chambres ∙ 6 personnes,Grächen - Valais
28/08/2024,11/01/2025,18/01/2025,744.00,HWZBNXD,Appartement ∙ 2 chambres ∙ 6 personnes,Grächen - Valais
28/08/2024,18/01/2025,25/01/2025,744.00,HWZBNXD,Appartement ∙ 2 chambres ∙ 6 personnes,Grächen - Valais
28/08/2024,01/03/2025,08/03/2025,1041.60,HWZBNXD,Appartement ∙ 2 chambres ∙ 6 personnes,Grächen - Valais
28/08/2024,08/03/2025,15/03/2025,1041.76,HWZBNXD,Appartement ∙ 2 chambres ∙ 6 personnes,Grächen - Valais
28/08/2024,15/03/2025,22/03/2025,744.12,HWZBNXD,Appartement ∙ 2 chambres ∙ 6 personnes,Grächen - Valais
28/08/2024,22/03/2025,29/03/2025,744.12,HWZBNXD,Appartement ∙ 2 chambres ∙ 6 personnes,Grächen - Valais
28/08/2024,29/03/2025,05/04/2025,744.00,HWZBNXD,Appartement ∙ 2 chambres ∙ 6 personnes,Grächen - Valais
28/08/2024,05/04/2025,12/04/2025,744.00,HWZBNXD,Appartement ∙ 2 chambres ∙ 6 personnes,Grächen - Valais
28/08/2024,12/04/2025,19/04/2025,744.00,HWZBNXD,Appartement ∙ 2 chambres ∙ 6 personnes,Grächen - Valais
28/08/2024,19/04/2025,26/04/2025,744.00,HWZBNXD,Appartement ∙ 2 chambres ∙ 6 personnes,Grächen - Valais
28/08/2024,26/04/2025,03/05/2025,372.00,HWZBNXD,Appartement ∙ 2 chambres ∙ 6 personnes,Grächen - Valais
28/08/2024,03/05/2025,10/05/2025,372.00,HWZBNXD,Appartement ∙ 2 chambres ∙ 6 personnes,Grächen - Valais
28/08/2024,10/05/2025,17/05/2025,372.00,HWZBNXD,Appartement ∙ 2 chambres ∙ 6 personnes,Grächen - Valais
28/08/2024,31/08/2024,07/09/2024,883.28,HJWM7ZG,160 m² Appartement ∙ 4 chambres ∙ 10 personnes,Nendaz - Valais
28/08/2024,07/09/2024,14/09/2024,883.41,HJWM7ZG,160 m² Appartement ∙ 4 chambres ∙ 10 personnes,Nendaz - Valais
28/08/2024,14/09/2024,21/09/2024,883.28,HJWM7ZG,160 m² Appartement ∙ 4 chambres ∙ 10 personnes,Nendaz - Valais
28/08/2024,21/09/2024,28/09/2024,883.41,HJWM7ZG,160 m² Appartement ∙ 4 chambres ∙ 10 personnes,Nendaz - Valais
28/08/2024,28/09/2024,05/10/2024,883.28,HJWM7ZG,160 m² Appartement ∙ 4 chambres ∙ 10 personnes,Nendaz - Valais
28/08/2024,05/10/2024,12/10/2024,883.41,HJWM7ZG,160 m² Appartement ∙ 4 chambres ∙ 10 personnes,Nendaz - Valais
28/08/2024,12/10/2024,19/10/2024,883.28,HJWM7ZG,160 m² Appartement ∙ 4 chambres ∙ 10 personnes,Nendaz - Valais
28/08/2024,19/10/2024,26/10/2024,883.41,HJWM7ZG,160 m² Appartement ∙ 4 chambres ∙ 10 personnes,Nendaz - Valais
28/08/2024,21/12/2024,28/12/2024,3825.48,HJWM7ZG,160 m² Appartement ∙ 4 chambres ∙ 10 personnes,Nendaz - Valais
28/08/2024,28/12/2024,04/01/2025,5245.25,HJWM7ZG,160 m² Appartement ∙ 4 chambres ∙ 10 personnes,Nendaz - Valais
28/08/2024,04/01/2025,11/01/2025,2247.62,HJWM7ZG,160 m² Appartement ∙ 4 chambres ∙ 10 personnes,Nendaz - Valais
28/08/2024,11/01/2025,18/01/2025,2247.96,HJWM7ZG,160 m² Appartement ∙ 4 chambres ∙ 10 personnes,Nendaz - Valais
28/08/2024,18/01/2025,25/01/2025,2618.29,HJWM7ZG,160 m² Appartement ∙ 4 chambres ∙ 10 personnes,Nendaz - Valais
28/08/2024,25/01/2025,01/02/2025,2618.29,HJWM7ZG,160 m² Appartement ∙ 4 chambres ∙ 10 personnes,Nendaz - Valais
28/08/2024,08/02/2025,15/02/2025,3824.91,HJWM7ZG,160 m² Appartement ∙ 4 chambres ∙ 10 personnes,Nendaz - Valais
28/08/2024,15/02/2025,22/02/2025,3824.91,HJWM7ZG,160 m² Appartement ∙ 4 chambres ∙ 10 personnes,Nendaz - Valais
28/08/2024,22/02/2025,01/03/2025,5244.46,HJWM7ZG,160 m² Appartement ∙ 4 chambres ∙ 10 personnes,Nendaz - Valais
28/08/2024,01/03/2025,08/03/2025,5244.46,HJWM7ZG,160 m² Appartement ∙ 4 chambres ∙ 10 personnes,Nendaz - Valais
28/08/2024,08/03/2025,15/03/2025,5244.46,HJWM7ZG,160 m² Appartement ∙ 4 chambres ∙ 10 personnes,Nendaz - Valais
28/08/2024,15/03/2025,22/03/2025,2247.96,HJWM7ZG,160 m² Appartement ∙ 4 chambres ∙ 10 personnes,Nendaz - Valais
28/08/2024,22/03/2025,29/03/2025,2247.62,HJWM7ZG,160 m² Appartement ∙ 4 chambres ∙ 10 personnes,Nendaz - Valais
28/08/2024,29/03/2025,05/04/2025,2247.62,HJWM7ZG,160 m² Appartement ∙ 4 chambres ∙ 10 personnes,Nendaz - Valais
28/08/2024,05/04/2025,12/04/2025,2618.29,HJWM7ZG,160 m² Appartement ∙ 4 chambres ∙ 10 personnes,Nendaz - Valais
28/08/2024,12/04/2025,19/04/2025,2618.29,HJWM7ZG,160 m² Appartement ∙ 4 chambres ∙ 10 personnes,Nendaz - Valais
28/08/2024,26/10/2024,02/11/2024,1190.58,HZ7PEAR,Appartement ∙ 3 chambres ∙ 6 personnes,Grächen - Valais
28/08/2024,02/11/2024,09/11/2024,1190.41,HZ7PEAR,Appartement ∙ 3 chambres ∙ 6 personnes,Grächen - Valais
28/08/2024,09/11/2024,16/11/2024,1190.58,HZ7PEAR,Appartement ∙ 3 chambres ∙ 6 personnes,Grächen - Valais
28/08/2024,16/11/2024,23/11/2024,1190.41,HZ7PEAR,Appartement ∙ 3 chambres ∙ 6 personnes,Grächen - Valais
28/08/2024,23/11/2024,30/11/2024,1190.41,HZ7PEAR,Appartement ∙ 3 chambres ∙ 6 personnes,Grächen - Valais
28/08/2024,30/11/2024,07/12/2024,1190.58,HZ7PEAR,Appartement ∙ 3 chambres ∙ 6 personnes,Grächen - Valais
28/08/2024,07/12/2024,14/12/2024,1190.41,HZ7PEAR,Appartement ∙ 3 chambres ∙ 6 personnes,Grächen - Valais
28/08/2024,14/12/2024,21/12/2024,1357.91,HZ7PEAR,Appartement ∙ 3 chambres ∙ 6 personnes,Grächen - Valais
28/08/2024,04/01/2025,11/01/2025,2057.57,HZ7PEAR,Appartement ∙ 3 chambres ∙ 6 personnes,Grächen - Valais
28/08/2024,11/01/2025,18/01/2025,1711.45,HZ7PEAR,Appartement ∙ 3 chambres ∙ 6 personnes,Grächen - Valais
28/08/2024,18/01/2025,25/01/2025,1804.31,HZ7PEAR,Appartement ∙ 3 chambres ∙ 6 personnes,Grächen - Valais
28/08/2024,08/03/2025,15/03/2025,1711.21,HZ7PEAR,Appartement ∙ 3 chambres ∙ 6 personnes,Grächen - Valais
28/08/2024,15/03/2025,22/03/2025,1711.45,HZ7PEAR,Appartement ∙ 3 chambres ∙ 6 personnes,Grächen - Valais
28/08/2024,22/03/2025,29/03/2025,1711.45,HZ7PEAR,Appartement ∙ 3 chambres ∙ 6 personnes,Grächen - Valais
28/08/2024,29/03/2025,05/04/2025,1804.57,HZ7PEAR,Appartement ∙ 3 chambres ∙ 6 personnes,Grächen - Valais
28/08/2024,05/04/2025,12/04/2025,2008.81,HZ7PEAR,Appartement ∙ 3 chambres ∙ 6 personnes,Grächen - Valais
28/08/2024,12/04/2025,19/04/2025,2008.81,HZ7PEAR,Appartement ∙ 3 chambres ∙ 6 personnes,Grächen - Valais
28/08/2024,19/04/2025,26/04/2025,1677.19,HZ7PEAR,Appartement ∙ 3 chambres ∙ 6 personnes,Grächen - Valais
28/08/2024,31/08/2024,07/09/2024,864.00,HY2NP36,160 m² Appartement ∙ 8 chambres ∙ 16 personnes,Champéry - Valais
28/08/2024,07/09/2024,14/09/2024,864.00,HY2NP36,160 m² Appartement ∙ 8 chambres ∙ 16 personnes,Champéry - Valais
28/08/2024,14/09/2024,21/09/2024,943.00,HY2NP36,160 m² Appartement ∙ 8 chambres ∙ 16 personnes,Champéry - Valais
28/08/2024,28/09/2024,05/10/2024,1191.00,HY2NP36,160 m² Appartement ∙ 8 chambres ∙ 16 personnes,Champéry - Valais
28/08/2024,05/10/2024,12/10/2024,1191.00,HY2NP36,160 m² Appartement ∙ 8 chambres ∙ 16 personnes,Champéry - Valais
28/08/2024,12/10/2024,19/10/2024,1191.00,HY2NP36,160 m² Appartement ∙ 8 chambres ∙ 16 personnes,Champéry - Valais
28/08/2024,19/10/2024,26/10/2024,1191.00,HY2NP36,160 m² Appartement ∙ 8 chambres ∙ 16 personnes,Champéry - Valais
28/08/2024,26/10/2024,02/11/2024,1191.00,HY2NP36,160 m² Appartement ∙ 8 chambres ∙ 16 personnes,Champéry - Valais
28/08/2024,02/11/2024,09/11/2024,1191.00,HY2NP36,160 m² Appartement ∙ 8 chambres ∙ 16 personnes,Champéry - Valais
28/08/2024,09/11/2024,16/11/2024,1191.00,HY2NP36,160 m² Appartement ∙ 8 chambres ∙ 16 personnes,Champéry - Valais
28/08/2024,16/11/2024,23/11/2024,1191.00,HY2NP36,160 m² Appartement ∙ 8 chambres ∙ 16 personnes,Champéry - Valais
28/08/2024,23/11/2024,30/11/2024,1191.00,HY2NP36,160 m² Appartement ∙ 8 chambres ∙ 16 personnes,Champéry - Valais
28/08/2024,30/11/2024,07/12/2024,1233.00,HY2NP36,160 m² Appartement ∙ 8 chambres ∙ 16 personnes,Champéry - Valais
28/08/2024,07/12/2024,14/12/2024,1233.00,HY2NP36,160 m² Appartement ∙ 8 chambres ∙ 16 personnes,Champéry - Valais
28/08/2024,14/12/2024,21/12/2024,1491.00,HY2NP36,160 m² Appartement ∙ 8 chambres ∙ 16 personnes,Champéry - Valais
28/08/2024,04/01/2025,11/01/2025,1362.00,HY2NP36,160 m² Appartement ∙ 8 chambres ∙ 16 personnes,Champéry - Valais
28/08/2024,11/01/2025,18/01/2025,1362.00,HY2NP36,160 m² Appartement ∙ 8 chambres ∙ 16 personnes,Champéry - Valais
28/08/2024,18/01/2025,25/01/2025,1362.00,HY2NP36,160 m² Appartement ∙ 8 chambres ∙ 16 personnes,Champéry - Valais
28/08/2024,25/01/2025,01/02/2025,1362.00,HY2NP36,160 m² Appartement ∙ 8 chambres ∙ 16 personnes,Champéry - Valais
28/08/2024,01/02/2025,08/02/2025,1877.00,HY2NP36,160 m² Appartement ∙ 8 chambres ∙ 16 personnes,Champéry - Valais
28/08/2024,08/02/2025,15/02/2025,1877.00,HY2NP36,160 m² Appartement ∙ 8 chambres ∙ 16 personnes,Champéry - Valais
28/08/2024,22/02/2025,01/03/2025,2909.00,HY2NP36,160 m² Appartement ∙ 8 chambres ∙ 16 personnes,Champéry - Valais
28/08/2024,15/03/2025,22/03/2025,1491.00,HY2NP36,160 m² Appartement ∙ 8 chambres ∙ 16 personnes,Champéry - Valais
28/08/2024,22/03/2025,29/03/2025,1491.00,HY2NP36,160 m² Appartement ∙ 8 chambres ∙ 16 personnes,Champéry - Valais
28/08/2024,29/03/2025,05/04/2025,1491.00,HY2NP36,160 m² Appartement ∙ 8 chambres ∙ 16 personnes,Champéry - Valais
28/08/2024,05/04/2025,12/04/2025,1233.00,HY2NP36,160 m² Appartement ∙ 8 chambres ∙ 16 personnes,Champéry - Valais
28/08/2024,12/04/2025,19/04/2025,1233.00,HY2NP36,160 m² Appartement ∙ 8 chambres ∙ 16 personnes,Champéry - Valais
28/08/2024,26/04/2025,03/05/2025,1191.00,HY2NP36,160 m² Appartement ∙ 8 chambres ∙ 16 personnes,Champéry - Valais
28/08/2024,03/05/2025,10/05/2025,1191.00,HY2NP36,160 m² Appartement ∙ 8 chambres ∙ 16 personnes,Champéry - Valais
28/08/2024,10/05/2025,17/05/2025,1191.00,HY2NP36,160 m² Appartement ∙ 8 chambres ∙ 16 personnes,Champéry - Valais
28/08/2024,07/09/2024,14/09/2024,875.69,HFHZXP2,40 m² Appartement ∙ 1 chambre ∙ 3 personnes,Saas Fee - Valais
28/08/2024,14/09/2024,21/09/2024,875.82,HFHZXP2,40 m² Appartement ∙ 1 chambre ∙ 3 personnes,Saas Fee - Valais
28/08/2024,21/09/2024,28/09/2024,875.82,HFHZXP2,40 m² Appartement ∙ 1 chambre ∙ 3 personnes,Saas Fee - Valais
28/08/2024,04/01/2025,11/01/2025,1074.87,HFHZXP2,40 m² Appartement ∙ 1 chambre ∙ 3 personnes,Saas Fee - Valais
28/08/2024,11/01/2025,18/01/2025,1074.87,HFHZXP2,40 m² Appartement ∙ 1 chambre ∙ 3 personnes,Saas Fee - Valais
28/08/2024,18/01/2025,25/01/2025,1074.87,HFHZXP2,40 m² Appartement ∙ 1 chambre ∙ 3 personnes,Saas Fee - Valais
28/08/2024,25/01/2025,01/02/2025,1257.99,HFHZXP2,40 m² Appartement ∙ 1 chambre ∙ 3 personnes,Saas Fee - Valais
28/08/2024,01/02/2025,08/02/2025,1257.99,HFHZXP2,40 m² Appartement ∙ 1 chambre ∙ 3 personnes,Saas Fee - Valais
28/08/2024,08/02/2025,15/02/2025,1257.99,HFHZXP2,40 m² Appartement ∙ 1 chambre ∙ 3 personnes,Saas Fee - Valais
28/08/2024,08/03/2025,15/03/2025,1257.99,HFHZXP2,40 m² Appartement ∙ 1 chambre ∙ 3 personnes,Saas Fee - Valais
28/08/2024,15/03/2025,22/03/2025,1257.99,HFHZXP2,40 m² Appartement ∙ 1 chambre ∙ 3 personnes,Saas Fee - Valais
28/08/2024,22/03/2025,29/03/2025,1257.99,HFHZXP2,40 m² Appartement ∙ 1 chambre ∙ 3 personnes,Saas Fee - Valais
28/08/2024,29/03/2025,05/04/2025,1257.99,HFHZXP2,40 m² Appartement ∙ 1 chambre ∙ 3 personnes,Saas Fee - Valais
28/08/2024,05/04/2025,12/04/2025,1257.99,HFHZXP2,40 m² Appartement ∙ 1 chambre ∙ 3 personnes,Saas Fee - Valais
28/08/2024,12/04/2025,19/04/2025,1257.99,HFHZXP2,40 m² Appartement ∙ 1 chambre ∙ 3 personnes,Saas Fee - Valais
28/08/2024,19/04/2025,26/04/2025,1257.99,HFHZXP2,40 m² Appartement ∙ 1 chambre ∙ 3 personnes,Saas Fee - Valais
28/08/2024,31/08/2024,07/09/2024,1011.05,HNWJS10,73 m² Chalet ∙ 4 chambres ∙ 5 personnes,Evolène - Valais
28/08/2024,07/09/2024,14/09/2024,949.25,HNWJS10,73 m² Chalet ∙ 4 chambres ∙ 5 personnes,Evolène - Valais
28/08/2024,14/09/2024,21/09/2024,1023.52,HNWJS10,73 m² Chalet ∙ 4 chambres ∙ 5 personnes,Evolène - Valais
28/08/2024,05/10/2024,12/10/2024,1130.54,HNWJS10,73 m² Chalet ∙ 4 chambres ∙ 5 personnes,Evolène - Valais
28/08/2024,12/10/2024,19/10/2024,1177.31,HNWJS10,73 m² Chalet ∙ 4 chambres ∙ 5 personnes,Evolène - Valais
28/08/2024,19/10/2024,26/10/2024,1204.32,HNWJS10,73 m² Chalet ∙ 4 chambres ∙ 5 personnes,Evolène - Valais
28/08/2024,26/10/2024,02/11/2024,1359.15,HNWJS10,73 m² Chalet ∙ 4 chambres ∙ 5 personnes,Evolène - Valais
28/08/2024,02/11/2024,09/11/2024,1221.98,HNWJS10,73 m² Chalet ∙ 4 chambres ∙ 5 personnes,Evolène - Valais
28/08/2024,09/11/2024,16/11/2024,1218.87,HNWJS10,73 m² Chalet ∙ 4 chambres ∙ 5 personnes,Evolène - Valais
28/08/2024,16/11/2024,23/11/2024,1268.75,HNWJS10,73 m² Chalet ∙ 4 chambres ∙ 5 personnes,Evolène - Valais
28/08/2024,23/11/2024,30/11/2024,1298.88,HNWJS10,73 m² Chalet ∙ 4 chambres ∙ 5 personnes,Evolène - Valais
28/08/2024,30/11/2024,07/12/2024,1387.20,HNWJS10,73 m² Chalet ∙ 4 chambres ∙ 5 personnes,Evolène - Valais
28/08/2024,07/12/2024,14/12/2024,1330.05,HNWJS10,73 m² Chalet ∙ 4 chambres ∙ 5 personnes,Evolène - Valais
28/08/2024,14/12/2024,21/12/2024,1809.08,HNWJS10,73 m² Chalet ∙ 4 chambres ∙ 5 personnes,Evolène - Valais
28/08/2024,21/12/2024,28/12/2024,3636.85,HNWJS10,73 m² Chalet ∙ 4 chambres ∙ 5 personnes,Evolène - Valais
28/08/2024,28/12/2024,04/01/2025,3636.85,HNWJS10,73 m² Chalet ∙ 4 chambres ∙ 5 personnes,Evolène - Valais
28/08/2024,04/01/2025,11/01/2025,3591.13,HNWJS10,73 m² Chalet ∙ 4 chambres ∙ 5 personnes,Evolène - Valais
28/08/2024,11/01/2025,18/01/2025,1616.84,HNWJS10,73 m² Chalet ∙ 4 chambres ∙ 5 personnes,Evolène - Valais
28/08/2024,18/01/2025,25/01/2025,1745.69,HNWJS10,73 m² Chalet ∙ 4 chambres ∙ 5 personnes,Evolène - Valais
28/08/2024,25/01/2025,01/02/2025,2051.18,HNWJS10,73 m² Chalet ∙ 4 chambres ∙ 5 personnes,Evolène - Valais
28/08/2024,01/02/2025,08/02/2025,2591.51,HNWJS10,73 m² Chalet ∙ 4 chambres ∙ 5 personnes,Evolène - Valais
28/08/2024,08/02/2025,15/02/2025,3498.65,HNWJS10,73 m² Chalet ∙ 4 chambres ∙ 5 personnes,Evolène - Valais
28/08/2024,15/02/2025,22/02/2025,3636.85,HNWJS10,73 m² Chalet ∙ 4 chambres ∙ 5 personnes,Evolène - Valais
28/08/2024,22/02/2025,01/03/2025,3636.85,HNWJS10,73 m² Chalet ∙ 4 chambres ∙ 5 personnes,Evolène - Valais
28/08/2024,01/03/2025,08/03/2025,3636.85,HNWJS10,73 m² Chalet ∙ 4 chambres ∙ 5 personnes,Evolène - Valais
28/08/2024,08/03/2025,15/03/2025,1972.22,HNWJS10,73 m² Chalet ∙ 4 chambres ∙ 5 personnes,Evolène - Valais
28/08/2024,15/03/2025,22/03/2025,1492.15,HNWJS10,73 m² Chalet ∙ 4 chambres ∙ 5 personnes,Evolène - Valais
28/08/2024,22/03/2025,29/03/2025,1666.72,HNWJS10,73 m² Chalet ∙ 4 chambres ∙ 5 personnes,Evolène - Valais
28/08/2024,29/03/2025,05/04/2025,1696.86,HNWJS10,73 m² Chalet ∙ 4 chambres ∙ 5 personnes,Evolène - Valais
28/08/2024,05/04/2025,12/04/2025,1737.38,HNWJS10,73 m² Chalet ∙ 4 chambres ∙ 5 personnes,Evolène - Valais
28/08/2024,12/04/2025,19/04/2025,2928.19,HNWJS10,73 m² Chalet ∙ 4 chambres ∙ 5 personnes,Evolène - Valais
28/08/2024,19/04/2025,26/04/2025,1589.83,HNWJS10,73 m² Chalet ∙ 4 chambres ∙ 5 personnes,Evolène - Valais
28/08/2024,26/04/2025,03/05/2025,1487.99,HNWJS10,73 m² Chalet ∙ 4 chambres ∙ 5 personnes,Evolène - Valais
28/08/2024,03/05/2025,10/05/2025,1604.37,HNWJS10,73 m² Chalet ∙ 4 chambres ∙ 5 personnes,Evolène - Valais
28/08/2024,10/05/2025,17/05/2025,1579.43,HNWJS10,73 m² Chalet ∙ 4 chambres ∙ 5 personnes,Evolène - Valais
28/08/2024,31/08/2024,07/09/2024,1082.80,HLMTPKU,160 m² Chalet ∙ 4 chambres ∙ 8 personnes,Riddes - Valais
28/08/2024,14/09/2024,21/09/2024,919.16,HLMTPKU,160 m² Chalet ∙ 4 chambres ∙ 8 personnes,Riddes - Valais
28/08/2024,19/10/2024,26/10/2024,968.72,HLMTPKU,160 m² Chalet ∙ 4 chambres ∙ 8 personnes,Riddes - Valais
28/08/2024,02/11/2024,09/11/2024,1082.80,HLMTPKU,160 m² Chalet ∙ 4 chambres ∙ 8 personnes,Riddes - Valais
28/08/2024,09/11/2024,16/11/2024,1082.80,HLMTPKU,160 m² Chalet ∙ 4 chambres ∙ 8 personnes,Riddes - Valais
28/08/2024,16/11/2024,23/11/2024,1082.80,HLMTPKU,160 m² Chalet ∙ 4 chambres ∙ 8 personnes,Riddes - Valais
28/08/2024,23/11/2024,30/11/2024,1082.80,HLMTPKU,160 m² Chalet ∙ 4 chambres ∙ 8 personnes,Riddes - Valais
28/08/2024,30/11/2024,07/12/2024,1590.03,HLMTPKU,160 m² Chalet ∙ 4 chambres ∙ 8 personnes,Riddes - Valais
28/08/2024,07/12/2024,14/12/2024,1590.03,HLMTPKU,160 m² Chalet ∙ 4 chambres ∙ 8 personnes,Riddes - Valais
28/08/2024,14/12/2024,21/12/2024,1590.03,HLMTPKU,160 m² Chalet ∙ 4 chambres ∙ 8 personnes,Riddes - Valais
28/08/2024,15/02/2025,22/02/2025,3741.43,HLMTPKU,160 m² Chalet ∙ 4 chambres ∙ 8 personnes,Riddes - Valais
28/08/2024,15/03/2025,22/03/2025,2192.57,HLMTPKU,160 m² Chalet ∙ 4 chambres ∙ 8 personnes,Riddes - Valais
28/08/2024,22/03/2025,29/03/2025,2192.57,HLMTPKU,160 m² Chalet ∙ 4 chambres ∙ 8 personnes,Riddes - Valais
28/08/2024,29/03/2025,05/04/2025,2192.57,HLMTPKU,160 m² Chalet ∙ 4 chambres ∙ 8 personnes,Riddes - Valais
28/08/2024,05/04/2025,12/04/2025,2192.57,HLMTPKU,160 m² Chalet ∙ 4 chambres ∙ 8 personnes,Riddes - Valais
28/08/2024,12/04/2025,19/04/2025,3169.18,HLMTPKU,160 m² Chalet ∙ 4 chambres ∙ 8 personnes,Riddes - Valais
28/08/2024,19/04/2025,26/04/2025,2192.57,HLMTPKU,160 m² Chalet ∙ 4 chambres ∙ 8 personnes,Riddes - Valais
28/08/2024,03/05/2025,10/05/2025,1127.76,HLMTPKU,160 m² Chalet ∙ 4 chambres ∙ 8 personnes,Riddes - Valais
28/08/2024,10/05/2025,17/05/2025,1127.76,HLMTPKU,160 m² Chalet ∙ 4 chambres ∙ 8 personnes,Riddes - Valais
28/08/2024,21/09/2024,28/09/2024,2098.00,HY0RSTM,140 m² Appartement ∙ 3 chambres ∙ 6 personnes,Grächen - Valais
28/08/2024,28/09/2024,05/10/2024,1719.00,HY0RSTM,140 m² Appartement ∙ 3 chambres ∙ 6 personnes,Grächen - Valais
28/08/2024,12/10/2024,19/10/2024,1719.00,HY0RSTM,140 m² Appartement ∙ 3 chambres ∙ 6 personnes,Grächen - Valais
28/08/2024,19/10/2024,26/10/2024,1719.00,HY0RSTM,140 m² Appartement ∙ 3 chambres ∙ 6 personnes,Grächen - Valais
28/08/2024,26/10/2024,02/11/2024,1719.00,HY0RSTM,140 m² Appartement ∙ 3 chambres ∙ 6 personnes,Grächen - Valais
28/08/2024,02/11/2024,09/11/2024,1719.00,HY0RSTM,140 m² Appartement ∙ 3 chambres ∙ 6 personnes,Grächen - Valais
28/08/2024,09/11/2024,16/11/2024,1719.00,HY0RSTM,140 m² Appartement ∙ 3 chambres ∙ 6 personnes,Grächen - Valais
28/08/2024,16/11/2024,23/11/2024,1719.00,HY0RSTM,140 m² Appartement ∙ 3 chambres ∙ 6 personnes,Grächen - Valais
28/08/2024,23/11/2024,30/11/2024,1719.00,HY0RSTM,140 m² Appartement ∙ 3 chambres ∙ 6 personnes,Grächen - Valais
28/08/2024,14/09/2024,21/09/2024,676.77,HYMHUEC,52 m² Appartement ∙ 1 chambre ∙ 2 personnes,Saas-Almagell - Valais
28/08/2024,21/09/2024,28/09/2024,676.77,HYMHUEC,52 m² Appartement ∙ 1 chambre ∙ 2 personnes,Saas-Almagell - Valais
28/08/2024,28/09/2024,05/10/2024,676.77,HYMHUEC,52 m² Appartement ∙ 1 chambre ∙ 2 personnes,Saas-Almagell - Valais
28/08/2024,05/10/2024,12/10/2024,676.77,HYMHUEC,52 m² Appartement ∙ 1 chambre ∙ 2 personnes,Saas-Almagell - Valais
28/08/2024,12/10/2024,19/10/2024,676.77,HYMHUEC,52 m² Appartement ∙ 1 chambre ∙ 2 personnes,Saas-Almagell - Valais
28/08/2024,19/10/2024,26/10/2024,676.77,HYMHUEC,52 m² Appartement ∙ 1 chambre ∙ 2 personnes,Saas-Almagell - Valais
28/08/2024,26/10/2024,02/11/2024,676.77,HYMHUEC,52 m² Appartement ∙ 1 chambre ∙ 2 personnes,Saas-Almagell - Valais
28/08/2024,02/11/2024,09/11/2024,676.77,HYMHUEC,52 m² Appartement ∙ 1 chambre ∙ 2 personnes,Saas-Almagell - Valais
28/08/2024,09/11/2024,16/11/2024,676.77,HYMHUEC,52 m² Appartement ∙ 1 chambre ∙ 2 personnes,Saas-Almagell - Valais
28/08/2024,16/11/2024,23/11/2024,676.77,HYMHUEC,52 m² Appartement ∙ 1 chambre ∙ 2 personnes,Saas-Almagell - Valais
28/08/2024,23/11/2024,30/11/2024,676.77,HYMHUEC,52 m² Appartement ∙ 1 chambre ∙ 2 personnes,Saas-Almagell - Valais
28/08/2024,30/11/2024,07/12/2024,676.77,HYMHUEC,52 m² Appartement ∙ 1 chambre ∙ 2 personnes,Saas-Almagell - Valais
28/08/2024,07/12/2024,14/12/2024,676.77,HYMHUEC,52 m² Appartement ∙ 1 chambre ∙ 2 personnes,Saas-Almagell - Valais
28/08/2024,14/12/2024,21/12/2024,676.77,HYMHUEC,52 m² Appartement ∙ 1 chambre ∙ 2 personnes,Saas-Almagell - Valais
28/08/2024,21/12/2024,28/12/2024,676.77,HYMHUEC,52 m² Appartement ∙ 1 chambre ∙ 2 personnes,Saas-Almagell - Valais
28/08/2024,11/01/2025,18/01/2025,520.88,HXVW94F,Appartement ∙ 1 chambre ∙ 4 personnes,Grächen - Valais
28/08/2024,07/09/2024,14/09/2024,446.47,HG2HWVL,43 m² Appartement ∙ 1 chambre ∙ 5 personnes,Loèche-les-Bains - Valais
28/08/2024,28/09/2024,05/10/2024,446.47,HG2HWVL,43 m² Appartement ∙ 1 chambre ∙ 5 personnes,Loèche-les-Bains - Valais
28/08/2024,09/11/2024,16/11/2024,446.47,HG2HWVL,43 m² Appartement ∙ 1 chambre ∙ 5 personnes,Loèche-les-Bains - Valais
28/08/2024,16/11/2024,23/11/2024,446.47,HG2HWVL,43 m² Appartement ∙ 1 chambre ∙ 5 personnes,Loèche-les-Bains - Valais
28/08/2024,23/11/2024,30/11/2024,446.47,HG2HWVL,43 m² Appartement ∙ 1 chambre ∙ 5 personnes,Loèche-les-Bains - Valais
28/08/2024,30/11/2024,07/12/2024,446.47,HG2HWVL,43 m² Appartement ∙ 1 chambre ∙ 5 personnes,Loèche-les-Bains - Valais
28/08/2024,07/12/2024,14/12/2024,497.50,HG2HWVL,43 m² Appartement ∙ 1 chambre ∙ 5 personnes,Loèche-les-Bains - Valais
28/08/2024,14/12/2024,21/12/2024,688.84,HG2HWVL,43 m² Appartement ∙ 1 chambre ∙ 5 personnes,Loèche-les-Bains - Valais
28/08/2024,18/01/2025,25/01/2025,714.35,HG2HWVL,43 m² Appartement ∙ 1 chambre ∙ 5 personnes,Loèche-les-Bains - Valais
28/08/2024,25/01/2025,01/02/2025,714.35,HG2HWVL,43 m² Appartement ∙ 1 chambre ∙ 5 personnes,Loèche-les-Bains - Valais
28/08/2024,15/03/2025,22/03/2025,446.47,HG2HWVL,43 m² Appartement ∙ 1 chambre ∙ 5 personnes,Loèche-les-Bains - Valais
28/08/2024,22/03/2025,29/03/2025,446.47,HG2HWVL,43 m² Appartement ∙ 1 chambre ∙ 5 personnes,Loèche-les-Bains - Valais
28/08/2024,31/08/2024,07/09/2024,446.46,HBE47YC,Studio ∙ 1 chambre ∙ 2 personnes,Grächen - Valais
28/08/2024,07/09/2024,14/09/2024,446.46,HBE47YC,Studio ∙ 1 chambre ∙ 2 personnes,Grächen - Valais
28/08/2024,14/09/2024,21/09/2024,446.46,HBE47YC,Studio ∙ 1 chambre ∙ 2 personnes,Grächen - Valais
28/08/2024,21/09/2024,28/09/2024,446.46,HBE47YC,Studio ∙ 1 chambre ∙ 2 personnes,Grächen - Valais
28/08/2024,28/09/2024,05/10/2024,446.46,HBE47YC,Studio ∙ 1 chambre ∙ 2 personnes,Grächen - Valais
28/08/2024,05/10/2024,12/10/2024,446.46,HBE47YC,Studio ∙ 1 chambre ∙ 2 personnes,Grächen - Valais
28/08/2024,12/10/2024,19/10/2024,446.46,HBE47YC,Studio ∙ 1 chambre ∙ 2 personnes,Grächen - Valais
28/08/2024,19/10/2024,26/10/2024,446.46,HBE47YC,Studio ∙ 1 chambre ∙ 2 personnes,Grächen - Valais
28/08/2024,26/10/2024,02/11/2024,446.46,HBE47YC,Studio ∙ 1 chambre ∙ 2 personnes,Grächen - Valais
28/08/2024,02/11/2024,09/11/2024,446.46,HBE47YC,Studio ∙ 1 chambre ∙ 2 personnes,Grächen - Valais
28/08/2024,09/11/2024,16/11/2024,446.46,HBE47YC,Studio ∙ 1 chambre ∙ 2 personnes,Grächen - Valais
28/08/2024,16/11/2024,23/11/2024,446.46,HBE47YC,Studio ∙ 1 chambre ∙ 2 personnes,Grächen - Valais
28/08/2024,23/11/2024,30/11/2024,446.46,HBE47YC,Studio ∙ 1 chambre ∙ 2 personnes,Grächen - Valais
28/08/2024,07/12/2024,14/12/2024,595.28,HBE47YC,Studio ∙ 1 chambre ∙ 2 personnes,Grächen - Valais
28/08/2024,14/12/2024,21/12/2024,595.28,HBE47YC,Studio ∙ 1 chambre ∙ 2 personnes,Grächen - Valais
28/08/2024,04/01/2025,11/01/2025,595.28,HBE47YC,Studio ∙ 1 chambre ∙ 2 personnes,Grächen - Valais
28/08/2024,11/01/2025,18/01/2025,595.28,HBE47YC,Studio ∙ 1 chambre ∙ 2 personnes,Grächen - Valais
28/08/2024,18/01/2025,25/01/2025,595.28,HBE47YC,Studio ∙ 1 chambre ∙ 2 personnes,Grächen - Valais
28/08/2024,01/02/2025,08/02/2025,595.28,HBE47YC,Studio ∙ 1 chambre ∙ 2 personnes,Grächen - Valais
28/08/2024,08/03/2025,15/03/2025,595.28,HBE47YC,Studio ∙ 1 chambre ∙ 2 personnes,Grächen - Valais
28/08/2024,29/03/2025,05/04/2025,595.28,HBE47YC,Studio ∙ 1 chambre ∙ 2 personnes,Grächen - Valais
28/08/2024,05/04/2025,12/04/2025,595.28,HBE47YC,Studio ∙ 1 chambre ∙ 2 personnes,Grächen - Valais
28/08/2024,12/04/2025,19/04/2025,595.28,HBE47YC,Studio ∙ 1 chambre ∙ 2 personnes,Grächen - Valais
28/08/2024,19/04/2025,26/04/2025,595.28,HBE47YC,Studio ∙ 1 chambre ∙ 2 personnes,Grächen - Valais
28/08/2024,28/09/2024,05/10/2024,1363.16,HZEFUP0,155 m² Maison de vacances ∙ 4 chambres ∙ 8 personnes,Riddes - Valais
28/08/2024,05/10/2024,12/10/2024,1363.16,HZEFUP0,155 m² Maison de vacances ∙ 4 chambres ∙ 8 personnes,Riddes - Valais
28/08/2024,12/10/2024,19/10/2024,1363.16,HZEFUP0,155 m² Maison de vacances ∙ 4 chambres ∙ 8 personnes,Riddes - Valais
28/08/2024,09/11/2024,16/11/2024,2148.66,HZEFUP0,155 m² Maison de vacances ∙ 4 chambres ∙ 8 personnes,Riddes - Valais
28/08/2024,16/11/2024,23/11/2024,2148.66,HZEFUP0,155 m² Maison de vacances ∙ 4 chambres ∙ 8 personnes,Riddes - Valais
28/08/2024,30/11/2024,07/12/2024,2180.41,HZEFUP0,155 m² Maison de vacances ∙ 4 chambres ∙ 8 personnes,Riddes - Valais
28/08/2024,07/12/2024,14/12/2024,2180.41,HZEFUP0,155 m² Maison de vacances ∙ 4 chambres ∙ 8 personnes,Riddes - Valais
28/08/2024,14/12/2024,21/12/2024,2405.77,HZEFUP0,155 m² Maison de vacances ∙ 4 chambres ∙ 8 personnes,Riddes - Valais
28/08/2024,25/01/2025,01/02/2025,2791.67,HZEFUP0,155 m² Maison de vacances ∙ 4 chambres ∙ 8 personnes,Riddes - Valais
28/08/2024,01/02/2025,08/02/2025,2791.67,HZEFUP0,155 m² Maison de vacances ∙ 4 chambres ∙ 8 personnes,Riddes - Valais
28/08/2024,15/02/2025,22/02/2025,3293.12,HZEFUP0,155 m² Maison de vacances ∙ 4 chambres ∙ 8 personnes,Riddes - Valais
28/08/2024,22/03/2025,29/03/2025,1960.25,HZEFUP0,155 m² Maison de vacances ∙ 4 chambres ∙ 8 personnes,Riddes - Valais
28/08/2024,29/03/2025,05/04/2025,1960.25,HZEFUP0,155 m² Maison de vacances ∙ 4 chambres ∙ 8 personnes,Riddes - Valais
28/08/2024,05/04/2025,12/04/2025,1960.25,HZEFUP0,155 m² Maison de vacances ∙ 4 chambres ∙ 8 personnes,Riddes - Valais
28/08/2024,12/04/2025,19/04/2025,2750.75,HZEFUP0,155 m² Maison de vacances ∙ 4 chambres ∙ 8 personnes,Riddes - Valais
28/08/2024,19/04/2025,26/04/2025,1931.78,HZEFUP0,155 m² Maison de vacances ∙ 4 chambres ∙ 8 personnes,Riddes - Valais
28/08/2024,26/04/2025,03/05/2025,1368.86,HZEFUP0,155 m² Maison de vacances ∙ 4 chambres ∙ 8 personnes,Riddes - Valais
28/08/2024,03/05/2025,10/05/2025,1368.86,HZEFUP0,155 m² Maison de vacances ∙ 4 chambres ∙ 8 personnes,Riddes - Valais
28/08/2024,10/05/2025,17/05/2025,1368.86,HZEFUP0,155 m² Maison de vacances ∙ 4 chambres ∙ 8 personnes,Riddes - Valais
28/08/2024,14/09/2024,21/09/2024,1049.20,HFHP30N,78 m² Appartement ∙ 2 chambres ∙ 4 personnes,Termen - Valais
28/08/2024,21/09/2024,28/09/2024,1049.20,HFHP30N,78 m² Appartement ∙ 2 chambres ∙ 4 personnes,Termen - Valais
28/08/2024,25/01/2025,01/02/2025,1465.90,HFHP30N,78 m² Appartement ∙ 2 chambres ∙ 4 personnes,Termen - Valais
28/08/2024,22/03/2025,29/03/2025,1465.90,HFHP30N,78 m² Appartement ∙ 2 chambres ∙ 4 personnes,Termen - Valais
28/08/2024,31/08/2024,07/09/2024,1107.42,HF7XE0W,200 m² Chalet ∙ 4 chambres ∙ 10 personnes,Clèbes (Nendaz) - Nendaz - Valais
28/08/2024,07/09/2024,14/09/2024,1107.42,HF7XE0W,200 m² Chalet ∙ 4 chambres ∙ 10 personnes,Clèbes (Nendaz) - Nendaz - Valais
28/08/2024,14/09/2024,21/09/2024,1107.42,HF7XE0W,200 m² Chalet ∙ 4 chambres ∙ 10 personnes,Clèbes (Nendaz) - Nendaz - Valais
28/08/2024,21/09/2024,28/09/2024,1107.42,HF7XE0W,200 m² Chalet ∙ 4 chambres ∙ 10 personnes,Clèbes (Nendaz) - Nendaz - Valais
28/08/2024,02/11/2024,09/11/2024,1107.42,HF7XE0W,200 m² Chalet ∙ 4 chambres ∙ 10 personnes,Clèbes (Nendaz) - Nendaz - Valais
28/08/2024,09/11/2024,16/11/2024,1107.42,HF7XE0W,200 m² Chalet ∙ 4 chambres ∙ 10 personnes,Clèbes (Nendaz) - Nendaz - Valais
28/08/2024,16/11/2024,23/11/2024,1107.42,HF7XE0W,200 m² Chalet ∙ 4 chambres ∙ 10 personnes,Clèbes (Nendaz) - Nendaz - Valais
28/08/2024,23/11/2024,30/11/2024,1313.29,HF7XE0W,200 m² Chalet ∙ 4 chambres ∙ 10 personnes,Clèbes (Nendaz) - Nendaz - Valais
28/08/2024,30/11/2024,07/12/2024,1313.29,HF7XE0W,200 m² Chalet ∙ 4 chambres ∙ 10 personnes,Clèbes (Nendaz) - Nendaz - Valais
28/08/2024,07/12/2024,14/12/2024,1313.29,HF7XE0W,200 m² Chalet ∙ 4 chambres ∙ 10 personnes,Clèbes (Nendaz) - Nendaz - Valais
28/08/2024,14/12/2024,21/12/2024,1313.29,HF7XE0W,200 m² Chalet ∙ 4 chambres ∙ 10 personnes,Clèbes (Nendaz) - Nendaz - Valais
28/08/2024,21/12/2024,28/12/2024,1632.73,HF7XE0W,200 m² Chalet ∙ 4 chambres ∙ 10 personnes,Clèbes (Nendaz) - Nendaz - Valais
28/08/2024,04/01/2025,11/01/2025,1313.29,HF7XE0W,200 m² Chalet ∙ 4 chambres ∙ 10 personnes,Clèbes (Nendaz) - Nendaz - Valais
28/08/2024,11/01/2025,18/01/2025,1313.29,HF7XE0W,200 m² Chalet ∙ 4 chambres ∙ 10 personnes,Clèbes (Nendaz) - Nendaz - Valais
28/08/2024,18/01/2025,25/01/2025,1384.27,HF7XE0W,200 m² Chalet ∙ 4 chambres ∙ 10 personnes,Clèbes (Nendaz) - Nendaz - Valais
28/08/2024,08/02/2025,15/02/2025,1632.73,HF7XE0W,200 m² Chalet ∙ 4 chambres ∙ 10 personnes,Clèbes (Nendaz) - Nendaz - Valais
28/08/2024,22/02/2025,01/03/2025,2602.91,HF7XE0W,200 m² Chalet ∙ 4 chambres ∙ 10 personnes,Clèbes (Nendaz) - Nendaz - Valais
28/08/2024,01/03/2025,08/03/2025,2602.91,HF7XE0W,200 m² Chalet ∙ 4 chambres ∙ 10 personnes,Clèbes (Nendaz) - Nendaz - Valais
28/08/2024,08/03/2025,15/03/2025,2602.91,HF7XE0W,200 m² Chalet ∙ 4 chambres ∙ 10 personnes,Clèbes (Nendaz) - Nendaz - Valais
28/08/2024,15/03/2025,22/03/2025,1313.29,HF7XE0W,200 m² Chalet ∙ 4 chambres ∙ 10 personnes,Clèbes (Nendaz) - Nendaz - Valais
28/08/2024,05/04/2025,12/04/2025,1384.27,HF7XE0W,200 m² Chalet ∙ 4 chambres ∙ 10 personnes,Clèbes (Nendaz) - Nendaz - Valais
28/08/2024,12/04/2025,19/04/2025,1384.27,HF7XE0W,200 m² Chalet ∙ 4 chambres ∙ 10 personnes,Clèbes (Nendaz) - Nendaz - Valais
28/08/2024,19/04/2025,26/04/2025,1313.29,HF7XE0W,200 m² Chalet ∙ 4 chambres ∙ 10 personnes,Clèbes (Nendaz) - Nendaz - Valais
28/08/2024,14/09/2024,21/09/2024,1763.00,H38XSWR,70 m² Maison de vacances ∙ 2 chambres ∙ 4 personnes,Nendaz - Valais
28/08/2024,21/09/2024,28/09/2024,1763.00,H38XSWR,70 m² Maison de vacances ∙ 2 chambres ∙ 4 personnes,Nendaz - Valais
28/08/2024,28/09/2024,05/10/2024,1763.00,H38XSWR,70 m² Maison de vacances ∙ 2 chambres ∙ 4 personnes,Nendaz - Valais
28/08/2024,05/10/2024,12/10/2024,1763.00,H38XSWR,70 m² Maison de vacances ∙ 2 chambres ∙ 4 personnes,Nendaz - Valais
28/08/2024,02/11/2024,09/11/2024,1763.00,H38XSWR,70 m² Maison de vacances ∙ 2 chambres ∙ 4 personnes,Nendaz - Valais
28/08/2024,09/11/2024,16/11/2024,1763.00,H38XSWR,70 m² Maison de vacances ∙ 2 chambres ∙ 4 personnes,Nendaz - Valais
28/08/2024,16/11/2024,23/11/2024,1763.00,H38XSWR,70 m² Maison de vacances ∙ 2 chambres ∙ 4 personnes,Nendaz - Valais
28/08/2024,07/09/2024,14/09/2024,651.84,H7VWRLU,36 m² Appartement ∙ 1 chambre ∙ 2 personnes,Loèche-les-Bains - Valais
28/08/2024,14/09/2024,21/09/2024,651.84,H7VWRLU,36 m² Appartement ∙ 1 chambre ∙ 2 personnes,Loèche-les-Bains - Valais
28/08/2024,26/10/2024,02/11/2024,576.10,H7VWRLU,36 m² Appartement ∙ 1 chambre ∙ 2 personnes,Loèche-les-Bains - Valais
28/08/2024,02/11/2024,09/11/2024,563.33,H7VWRLU,36 m² Appartement ∙ 1 chambre ∙ 2 personnes,Loèche-les-Bains - Valais
28/08/2024,09/11/2024,16/11/2024,562.54,H7VWRLU,36 m² Appartement ∙ 1 chambre ∙ 2 personnes,Loèche-les-Bains - Valais
28/08/2024,16/11/2024,23/11/2024,562.54,H7VWRLU,36 m² Appartement ∙ 1 chambre ∙ 2 personnes,Loèche-les-Bains - Valais
28/08/2024,23/11/2024,30/11/2024,562.54,H7VWRLU,36 m² Appartement ∙ 1 chambre ∙ 2 personnes,Loèche-les-Bains - Valais
28/08/2024,30/11/2024,07/12/2024,562.54,H7VWRLU,36 m² Appartement ∙ 1 chambre ∙ 2 personnes,Loèche-les-Bains - Valais
28/08/2024,07/12/2024,14/12/2024,563.33,H7VWRLU,36 m² Appartement ∙ 1 chambre ∙ 2 personnes,Loèche-les-Bains - Valais
28/08/2024,14/12/2024,21/12/2024,715.62,H7VWRLU,36 m² Appartement ∙ 1 chambre ∙ 2 personnes,Loèche-les-Bains - Valais
28/08/2024,21/12/2024,28/12/2024,741.13,H7VWRLU,36 m² Appartement ∙ 1 chambre ∙ 2 personnes,Loèche-les-Bains - Valais
28/08/2024,16/11/2024,23/11/2024,1158.97,HG863DP,140 m² Maison de vacances ∙ 4 chambres ∙ 8 personnes,Troistorrents - Valais
28/08/2024,23/11/2024,30/11/2024,1158.97,HG863DP,140 m² Maison de vacances ∙ 4 chambres ∙ 8 personnes,Troistorrents - Valais
28/08/2024,30/11/2024,07/12/2024,1158.97,HG863DP,140 m² Maison de vacances ∙ 4 chambres ∙ 8 personnes,Troistorrents - Valais
28/08/2024,07/12/2024,14/12/2024,1158.97,HG863DP,140 m² Maison de vacances ∙ 4 chambres ∙ 8 personnes,Troistorrents - Valais
28/08/2024,14/12/2024,21/12/2024,1158.97,HG863DP,140 m² Maison de vacances ∙ 4 chambres ∙ 8 personnes,Troistorrents - Valais
28/08/2024,21/12/2024,28/12/2024,2318.90,HG863DP,140 m² Maison de vacances ∙ 4 chambres ∙ 8 personnes,Troistorrents - Valais
28/08/2024,04/01/2025,11/01/2025,1158.97,HG863DP,140 m² Maison de vacances ∙ 4 chambres ∙ 8 personnes,Troistorrents - Valais
28/08/2024,11/01/2025,18/01/2025,1158.97,HG863DP,140 m² Maison de vacances ∙ 4 chambres ∙ 8 personnes,Troistorrents - Valais
28/08/2024,18/01/2025,25/01/2025,1158.97,HG863DP,140 m² Maison de vacances ∙ 4 chambres ∙ 8 personnes,Troistorrents - Valais
28/08/2024,25/01/2025,01/02/2025,1621.91,HG863DP,140 m² Maison de vacances ∙ 4 chambres ∙ 8 personnes,Troistorrents - Valais
28/08/2024,01/02/2025,08/02/2025,2318.90,HG863DP,140 m² Maison de vacances ∙ 4 chambres ∙ 8 personnes,Troistorrents - Valais
28/08/2024,08/02/2025,15/02/2025,2546.82,HG863DP,140 m² Maison de vacances ∙ 4 chambres ∙ 8 personnes,Troistorrents - Valais
28/08/2024,15/02/2025,22/02/2025,3029.43,HG863DP,140 m² Maison de vacances ∙ 4 chambres ∙ 8 personnes,Troistorrents - Valais
28/08/2024,22/02/2025,01/03/2025,3029.43,HG863DP,140 m² Maison de vacances ∙ 4 chambres ∙ 8 personnes,Troistorrents - Valais
28/08/2024,01/03/2025,08/03/2025,2896.89,HG863DP,140 m² Maison de vacances ∙ 4 chambres ∙ 8 personnes,Troistorrents - Valais
28/08/2024,08/03/2025,15/03/2025,1651.91,HG863DP,140 m² Maison de vacances ∙ 4 chambres ∙ 8 personnes,Troistorrents - Valais
28/08/2024,15/03/2025,22/03/2025,1158.97,HG863DP,140 m² Maison de vacances ∙ 4 chambres ∙ 8 personnes,Troistorrents - Valais
28/08/2024,22/03/2025,29/03/2025,1158.97,HG863DP,140 m² Maison de vacances ∙ 4 chambres ∙ 8 personnes,Troistorrents - Valais
28/08/2024,29/03/2025,05/04/2025,1158.97,HG863DP,140 m² Maison de vacances ∙ 4 chambres ∙ 8 personnes,Troistorrents - Valais
28/08/2024,05/04/2025,12/04/2025,1158.97,HG863DP,140 m² Maison de vacances ∙ 4 chambres ∙ 8 personnes,Troistorrents - Valais
28/08/2024,12/04/2025,19/04/2025,1158.97,HG863DP,140 m² Maison de vacances ∙ 4 chambres ∙ 8 personnes,Troistorrents - Valais
28/08/2024,19/04/2025,26/04/2025,1158.97,HG863DP,140 m² Maison de vacances ∙ 4 chambres ∙ 8 personnes,Troistorrents - Valais
28/08/2024,26/04/2025,03/05/2025,1158.97,HG863DP,140 m² Maison de vacances ∙ 4 chambres ∙ 8 personnes,Troistorrents - Valais
28/08/2024,31/08/2024,07/09/2024,501.34,HPTDM2E,58 m² Appartement ∙ 1 chambre ∙ 4 personnes,Vercorin - Valais
28/08/2024,07/09/2024,14/09/2024,501.34,HPTDM2E,58 m² Appartement ∙ 1 chambre ∙ 4 personnes,Vercorin - Valais
28/08/2024,14/09/2024,21/09/2024,502.04,HPTDM2E,58 m² Appartement ∙ 1 chambre ∙ 4 personnes,Vercorin - Valais
28/08/2024,21/09/2024,28/09/2024,501.34,HPTDM2E,58 m² Appartement ∙ 1 chambre ∙ 4 personnes,Vercorin - Valais
28/08/2024,28/09/2024,05/10/2024,512.27,HPTDM2E,58 m² Appartement ∙ 1 chambre ∙ 4 personnes,Vercorin - Valais
28/08/2024,05/10/2024,12/10/2024,530.67,HPTDM2E,58 m² Appartement ∙ 1 chambre ∙ 4 personnes,Vercorin - Valais
28/08/2024,12/10/2024,19/10/2024,545.53,HPTDM2E,58 m² Appartement ∙ 1 chambre ∙ 4 personnes,Vercorin - Valais
28/08/2024,19/10/2024,26/10/2024,563.97,HPTDM2E,58 m² Appartement ∙ 1 chambre ∙ 4 personnes,Vercorin - Valais
28/08/2024,26/10/2024,02/11/2024,539.29,HPTDM2E,58 m² Appartement ∙ 1 chambre ∙ 4 personnes,Vercorin - Valais
28/08/2024,02/11/2024,09/11/2024,518.51,HPTDM2E,58 m² Appartement ∙ 1 chambre ∙ 4 personnes,Vercorin - Valais
28/08/2024,09/11/2024,16/11/2024,516.95,HPTDM2E,58 m² Appartement ∙ 1 chambre ∙ 4 personnes,Vercorin - Valais
28/08/2024,16/11/2024,23/11/2024,520.59,HPTDM2E,58 m² Appartement ∙ 1 chambre ∙ 4 personnes,Vercorin - Valais
28/08/2024,23/11/2024,30/11/2024,532.02,HPTDM2E,58 m² Appartement ∙ 1 chambre ∙ 4 personnes,Vercorin - Valais
28/08/2024,30/11/2024,07/12/2024,593.32,HPTDM2E,58 m² Appartement ∙ 1 chambre ∙ 4 personnes,Vercorin - Valais
28/08/2024,07/12/2024,14/12/2024,617.04,HPTDM2E,58 m² Appartement ∙ 1 chambre ∙ 4 personnes,Vercorin - Valais
28/08/2024,14/12/2024,21/12/2024,762.69,HPTDM2E,58 m² Appartement ∙ 1 chambre ∙ 4 personnes,Vercorin - Valais
28/08/2024,04/01/2025,11/01/2025,1163.79,HPTDM2E,58 m² Appartement ∙ 1 chambre ∙ 4 personnes,Vercorin - Valais
28/08/2024,11/01/2025,18/01/2025,801.14,HPTDM2E,58 m² Appartement ∙ 1 chambre ∙ 4 personnes,Vercorin - Valais
28/08/2024,18/01/2025,25/01/2025,873.89,HPTDM2E,58 m² Appartement ∙ 1 chambre ∙ 4 personnes,Vercorin - Valais
28/08/2024,25/01/2025,01/02/2025,999.62,HPTDM2E,58 m² Appartement ∙ 1 chambre ∙ 4 personnes,Vercorin - Valais
28/08/2024,01/02/2025,08/02/2025,1124.31,HPTDM2E,58 m² Appartement ∙ 1 chambre ∙ 4 personnes,Vercorin - Valais
28/08/2024,08/02/2025,15/02/2025,1165.41,HPTDM2E,58 m² Appartement ∙ 1 chambre ∙ 4 personnes,Vercorin - Valais
28/08/2024,08/03/2025,15/03/2025,954.93,HPTDM2E,58 m² Appartement ∙ 1 chambre ∙ 4 personnes,Vercorin - Valais
28/08/2024,15/03/2025,22/03/2025,968.74,HPTDM2E,58 m² Appartement ∙ 1 chambre ∙ 4 personnes,Vercorin - Valais
28/08/2024,22/03/2025,29/03/2025,855.18,HPTDM2E,58 m² Appartement ∙ 1 chambre ∙ 4 personnes,Vercorin - Valais
28/08/2024,29/03/2025,05/04/2025,983.32,HPTDM2E,58 m² Appartement ∙ 1 chambre ∙ 4 personnes,Vercorin - Valais
28/08/2024,05/04/2025,12/04/2025,925.04,HPTDM2E,58 m² Appartement ∙ 1 chambre ∙ 4 personnes,Vercorin - Valais
28/08/2024,12/04/2025,19/04/2025,1031.83,HPTDM2E,58 m² Appartement ∙ 1 chambre ∙ 4 personnes,Vercorin - Valais
28/08/2024,19/04/2025,26/04/2025,970.83,HPTDM2E,58 m² Appartement ∙ 1 chambre ∙ 4 personnes,Vercorin - Valais
28/08/2024,26/04/2025,03/05/2025,891.55,HPTDM2E,58 m² Appartement ∙ 1 chambre ∙ 4 personnes,Vercorin - Valais
28/08/2024,03/05/2025,10/05/2025,848.95,HPTDM2E,58 m² Appartement ∙ 1 chambre ∙ 4 personnes,Vercorin - Valais
28/08/2024,10/05/2025,17/05/2025,841.80,HPTDM2E,58 m² Appartement ∙ 1 chambre ∙ 4 personnes,Vercorin - Valais
28/08/2024,14/09/2024,21/09/2024,447.09,H6ABED5,Appartement ∙ 1 chambre ∙ 4 personnes,Grächen - Valais
28/08/2024,21/09/2024,28/09/2024,492.49,H6ABED5,Appartement ∙ 1 chambre ∙ 4 personnes,Grächen - Valais
28/08/2024,28/09/2024,05/10/2024,520.87,H6ABED5,Appartement ∙ 1 chambre ∙ 4 personnes,Grächen - Valais
28/08/2024,05/10/2024,12/10/2024,520.87,H6ABED5,Appartement ∙ 1 chambre ∙ 4 personnes,Grächen - Valais
28/08/2024,12/10/2024,19/10/2024,520.87,H6ABED5,Appartement ∙ 1 chambre ∙ 4 personnes,Grächen - Valais
28/08/2024,19/10/2024,26/10/2024,669.59,H6ABED5,Appartement ∙ 1 chambre ∙ 4 personnes,Grächen - Valais
28/08/2024,26/10/2024,02/11/2024,446.46,H6ABED5,Appartement ∙ 1 chambre ∙ 4 personnes,Grächen - Valais
28/08/2024,02/11/2024,09/11/2024,447.09,H6ABED5,Appartement ∙ 1 chambre ∙ 4 personnes,Grächen - Valais
28/08/2024,09/11/2024,16/11/2024,446.46,H6ABED5,Appartement ∙ 1 chambre ∙ 4 personnes,Grächen - Valais
28/08/2024,16/11/2024,23/11/2024,446.46,H6ABED5,Appartement ∙ 1 chambre ∙ 4 personnes,Grächen - Valais
28/08/2024,23/11/2024,30/11/2024,446.46,H6ABED5,Appartement ∙ 1 chambre ∙ 4 personnes,Grächen - Valais
28/08/2024,30/11/2024,07/12/2024,446.46,H6ABED5,Appartement ∙ 1 chambre ∙ 4 personnes,Grächen - Valais
28/08/2024,07/12/2024,14/12/2024,446.46,H6ABED5,Appartement ∙ 1 chambre ∙ 4 personnes,Grächen - Valais
28/08/2024,14/12/2024,21/12/2024,595.28,H6ABED5,Appartement ∙ 1 chambre ∙ 4 personnes,Grächen - Valais
28/08/2024,21/12/2024,28/12/2024,669.70,H6ABED5,Appartement ∙ 1 chambre ∙ 4 personnes,Grächen - Valais
28/08/2024,04/01/2025,11/01/2025,595.28,H6ABED5,Appartement ∙ 1 chambre ∙ 4 personnes,Grächen - Valais
28/08/2024,11/01/2025,18/01/2025,596.11,H6ABED5,Appartement ∙ 1 chambre ∙ 4 personnes,Grächen - Valais
28/08/2024,25/01/2025,01/02/2025,670.63,H6ABED5,Appartement ∙ 1 chambre ∙ 4 personnes,Grächen - Valais
28/08/2024,08/02/2025,15/02/2025,669.70,H6ABED5,Appartement ∙ 1 chambre ∙ 4 personnes,Grächen - Valais
28/08/2024,15/02/2025,22/02/2025,669.70,H6ABED5,Appartement ∙ 1 chambre ∙ 4 personnes,Grächen - Valais
28/08/2024,01/03/2025,08/03/2025,669.70,H6ABED5,Appartement ∙ 1 chambre ∙ 4 personnes,Grächen - Valais
28/08/2024,07/09/2024,14/09/2024,1320.00,H4W2SGJ,90 m² Maison de vacances ∙ 3 chambres ∙ 6 personnes,Chamoson - Valais
28/08/2024,14/09/2024,21/09/2024,1320.00,H4W2SGJ,90 m² Maison de vacances ∙ 3 chambres ∙ 6 personnes,Chamoson - Valais
28/08/2024,21/09/2024,28/09/2024,1320.00,H4W2SGJ,90 m² Maison de vacances ∙ 3 chambres ∙ 6 personnes,Chamoson - Valais
28/08/2024,28/09/2024,05/10/2024,1411.00,H4W2SGJ,90 m² Maison de vacances ∙ 3 chambres ∙ 6 personnes,Chamoson - Valais
28/08/2024,05/10/2024,12/10/2024,1411.00,H4W2SGJ,90 m² Maison de vacances ∙ 3 chambres ∙ 6 personnes,Chamoson - Valais
28/08/2024,12/10/2024,19/10/2024,1411.00,H4W2SGJ,90 m² Maison de vacances ∙ 3 chambres ∙ 6 personnes,Chamoson - Valais
28/08/2024,19/10/2024,26/10/2024,1411.00,H4W2SGJ,90 m² Maison de vacances ∙ 3 chambres ∙ 6 personnes,Chamoson - Valais
28/08/2024,26/10/2024,02/11/2024,1411.00,H4W2SGJ,90 m² Maison de vacances ∙ 3 chambres ∙ 6 personnes,Chamoson - Valais
28/08/2024,02/11/2024,09/11/2024,1411.00,H4W2SGJ,90 m² Maison de vacances ∙ 3 chambres ∙ 6 personnes,Chamoson - Valais
28/08/2024,09/11/2024,16/11/2024,1411.00,H4W2SGJ,90 m² Maison de vacances ∙ 3 chambres ∙ 6 personnes,Chamoson - Valais
28/08/2024,16/11/2024,23/11/2024,1411.00,H4W2SGJ,90 m² Maison de vacances ∙ 3 chambres ∙ 6 personnes,Chamoson - Valais
28/08/2024,23/11/2024,30/11/2024,1411.00,H4W2SGJ,90 m² Maison de vacances ∙ 3 chambres ∙ 6 personnes,Chamoson - Valais
28/08/2024,30/11/2024,07/12/2024,1411.00,H4W2SGJ,90 m² Maison de vacances ∙ 3 chambres ∙ 6 personnes,Chamoson - Valais
28/08/2024,07/12/2024,14/12/2024,1411.00,H4W2SGJ,90 m² Maison de vacances ∙ 3 chambres ∙ 6 personnes,Chamoson - Valais
28/08/2024,14/12/2024,21/12/2024,1411.00,H4W2SGJ,90 m² Maison de vacances ∙ 3 chambres ∙ 6 personnes,Chamoson - Valais
28/08/2024,21/12/2024,28/12/2024,2412.00,H4W2SGJ,90 m² Maison de vacances ∙ 3 chambres ∙ 6 personnes,Chamoson - Valais
28/08/2024,04/01/2025,11/01/2025,1411.00,H4W2SGJ,90 m² Maison de vacances ∙ 3 chambres ∙ 6 personnes,Chamoson - Valais
28/08/2024,11/01/2025,18/01/2025,1411.00,H4W2SGJ,90 m² Maison de vacances ∙ 3 chambres ∙ 6 personnes,Chamoson - Valais
28/08/2024,18/01/2025,25/01/2025,1411.00,H4W2SGJ,90 m² Maison de vacances ∙ 3 chambres ∙ 6 personnes,Chamoson - Valais
28/08/2024,25/01/2025,01/02/2025,1411.00,H4W2SGJ,90 m² Maison de vacances ∙ 3 chambres ∙ 6 personnes,Chamoson - Valais
28/08/2024,01/02/2025,08/02/2025,2055.00,H4W2SGJ,90 m² Maison de vacances ∙ 3 chambres ∙ 6 personnes,Chamoson - Valais
28/08/2024,08/02/2025,15/02/2025,2055.00,H4W2SGJ,90 m² Maison de vacances ∙ 3 chambres ∙ 6 personnes,Chamoson - Valais
28/08/2024,15/02/2025,22/02/2025,2609.00,H4W2SGJ,90 m² Maison de vacances ∙ 3 chambres ∙ 6 personnes,Chamoson - Valais
28/08/2024,01/03/2025,08/03/2025,2609.00,H4W2SGJ,90 m² Maison de vacances ∙ 3 chambres ∙ 6 personnes,Chamoson - Valais
28/08/2024,08/03/2025,15/03/2025,1411.00,H4W2SGJ,90 m² Maison de vacances ∙ 3 chambres ∙ 6 personnes,Chamoson - Valais
28/08/2024,15/03/2025,22/03/2025,1411.00,H4W2SGJ,90 m² Maison de vacances ∙ 3 chambres ∙ 6 personnes,Chamoson - Valais
28/08/2024,22/03/2025,29/03/2025,1411.00,H4W2SGJ,90 m² Maison de vacances ∙ 3 chambres ∙ 6 personnes,Chamoson - Valais
28/08/2024,29/03/2025,05/04/2025,1411.00,H4W2SGJ,90 m² Maison de vacances ∙ 3 chambres ∙ 6 personnes,Chamoson - Valais
28/08/2024,05/04/2025,12/04/2025,1411.00,H4W2SGJ,90 m² Maison de vacances ∙ 3 chambres ∙ 6 personnes,Chamoson - Valais
28/08/2024,26/04/2025,03/05/2025,1411.00,H4W2SGJ,90 m² Maison de vacances ∙ 3 chambres ∙ 6 personnes,Chamoson - Valais
28/08/2024,03/05/2025,10/05/2025,1411.00,H4W2SGJ,90 m² Maison de vacances ∙ 3 chambres ∙ 6 personnes,Chamoson - Valais
28/08/2024,10/05/2025,17/05/2025,1411.00,H4W2SGJ,90 m² Maison de vacances ∙ 3 chambres ∙ 6 personnes,Chamoson - Valais
28/08/2024,21/09/2024,28/09/2024,931.43,HWY7SLT,72 m² Appartement ∙ 2 chambres ∙ 4 personnes,Ried-Brig - Valais
28/08/2024,28/09/2024,05/10/2024,930.14,HWY7SLT,72 m² Appartement ∙ 2 chambres ∙ 4 personnes,Ried-Brig - Valais
28/08/2024,05/10/2024,12/10/2024,930.14,HWY7SLT,72 m² Appartement ∙ 2 chambres ∙ 4 personnes,Ried-Brig - Valais
28/08/2024,12/10/2024,19/10/2024,930.14,HWY7SLT,72 m² Appartement ∙ 2 chambres ∙ 4 personnes,Ried-Brig - Valais
28/08/2024,19/10/2024,26/10/2024,931.43,HWY7SLT,72 m² Appartement ∙ 2 chambres ∙ 4 personnes,Ried-Brig - Valais
28/08/2024,26/10/2024,02/11/2024,931.43,HWY7SLT,72 m² Appartement ∙ 2 chambres ∙ 4 personnes,Ried-Brig - Valais
28/08/2024,02/11/2024,09/11/2024,931.43,HWY7SLT,72 m² Appartement ∙ 2 chambres ∙ 4 personnes,Ried-Brig - Valais
28/08/2024,09/11/2024,16/11/2024,931.43,HWY7SLT,72 m² Appartement ∙ 2 chambres ∙ 4 personnes,Ried-Brig - Valais
28/08/2024,16/11/2024,23/11/2024,930.14,HWY7SLT,72 m² Appartement ∙ 2 chambres ∙ 4 personnes,Ried-Brig - Valais
28/08/2024,23/11/2024,30/11/2024,931.43,HWY7SLT,72 m² Appartement ∙ 2 chambres ∙ 4 personnes,Ried-Brig - Valais
28/08/2024,30/11/2024,07/12/2024,931.43,HWY7SLT,72 m² Appartement ∙ 2 chambres ∙ 4 personnes,Ried-Brig - Valais
28/08/2024,07/12/2024,14/12/2024,930.14,HWY7SLT,72 m² Appartement ∙ 2 chambres ∙ 4 personnes,Ried-Brig - Valais
28/08/2024,14/12/2024,21/12/2024,931.43,HWY7SLT,72 m² Appartement ∙ 2 chambres ∙ 4 personnes,Ried-Brig - Valais
28/08/2024,04/01/2025,11/01/2025,931.43,HWY7SLT,72 m² Appartement ∙ 2 chambres ∙ 4 personnes,Ried-Brig - Valais
28/08/2024,11/01/2025,18/01/2025,931.43,HWY7SLT,72 m² Appartement ∙ 2 chambres ∙ 4 personnes,Ried-Brig - Valais
28/08/2024,18/01/2025,25/01/2025,930.14,HWY7SLT,72 m² Appartement ∙ 2 chambres ∙ 4 personnes,Ried-Brig - Valais
28/08/2024,25/01/2025,01/02/2025,931.43,HWY7SLT,72 m² Appartement ∙ 2 chambres ∙ 4 personnes,Ried-Brig - Valais
28/08/2024,01/02/2025,08/02/2025,931.43,HWY7SLT,72 m² Appartement ∙ 2 chambres ∙ 4 personnes,Ried-Brig - Valais
28/08/2024,08/02/2025,15/02/2025,930.14,HWY7SLT,72 m² Appartement ∙ 2 chambres ∙ 4 personnes,Ried-Brig - Valais
28/08/2024,08/03/2025,15/03/2025,931.43,HWY7SLT,72 m² Appartement ∙ 2 chambres ∙ 4 personnes,Ried-Brig - Valais
28/08/2024,15/03/2025,22/03/2025,931.43,HWY7SLT,72 m² Appartement ∙ 2 chambres ∙ 4 personnes,Ried-Brig - Valais
28/08/2024,22/03/2025,29/03/2025,930.14,HWY7SLT,72 m² Appartement ∙ 2 chambres ∙ 4 personnes,Ried-Brig - Valais
28/08/2024,29/03/2025,05/04/2025,931.43,HWY7SLT,72 m² Appartement ∙ 2 chambres ∙ 4 personnes,Ried-Brig - Valais
28/08/2024,05/04/2025,12/04/2025,931.43,HWY7SLT,72 m² Appartement ∙ 2 chambres ∙ 4 personnes,Ried-Brig - Valais
28/08/2024,12/04/2025,19/04/2025,930.14,HWY7SLT,72 m² Appartement ∙ 2 chambres ∙ 4 personnes,Ried-Brig - Valais
28/08/2024,19/04/2025,26/04/2025,930.14,HWY7SLT,72 m² Appartement ∙ 2 chambres ∙ 4 personnes,Ried-Brig - Valais
28/08/2024,07/09/2024,14/09/2024,546.00,HS8FWZ5,40 m² Appartement ∙ 1 chambre ∙ 4 personnes,Ovronnaz - Leytron - Valais
28/08/2024,14/09/2024,21/09/2024,575.00,HS8FWZ5,40 m² Appartement ∙ 1 chambre ∙ 4 personnes,Ovronnaz - Leytron - Valais
28/08/2024,26/10/2024,02/11/2024,666.00,HS8FWZ5,40 m² Appartement ∙ 1 chambre ∙ 4 personnes,Ovronnaz - Leytron - Valais
28/08/2024,02/11/2024,09/11/2024,666.00,HS8FWZ5,40 m² Appartement ∙ 1 chambre ∙ 4 personnes,Ovronnaz - Leytron - Valais
28/08/2024,09/11/2024,16/11/2024,666.00,HS8FWZ5,40 m² Appartement ∙ 1 chambre ∙ 4 personnes,Ovronnaz - Leytron - Valais
28/08/2024,16/11/2024,23/11/2024,666.00,HS8FWZ5,40 m² Appartement ∙ 1 chambre ∙ 4 personnes,Ovronnaz - Leytron - Valais
28/08/2024,23/11/2024,30/11/2024,666.00,HS8FWZ5,40 m² Appartement ∙ 1 chambre ∙ 4 personnes,Ovronnaz - Leytron - Valais
28/08/2024,30/11/2024,07/12/2024,666.00,HS8FWZ5,40 m² Appartement ∙ 1 chambre ∙ 4 personnes,Ovronnaz - Leytron - Valais
28/08/2024,07/12/2024,14/12/2024,666.00,HS8FWZ5,40 m² Appartement ∙ 1 chambre ∙ 4 personnes,Ovronnaz - Leytron - Valais
28/08/2024,14/12/2024,21/12/2024,666.00,HS8FWZ5,40 m² Appartement ∙ 1 chambre ∙ 4 personnes,Ovronnaz - Leytron - Valais
28/08/2024,21/12/2024,28/12/2024,1083.00,HS8FWZ5,40 m² Appartement ∙ 1 chambre ∙ 4 personnes,Ovronnaz - Leytron - Valais
28/08/2024,28/12/2024,04/01/2025,1278.00,HS8FWZ5,40 m² Appartement ∙ 1 chambre ∙ 4 personnes,Ovronnaz - Leytron - Valais
28/08/2024,04/01/2025,11/01/2025,666.00,HS8FWZ5,40 m² Appartement ∙ 1 chambre ∙ 4 personnes,Ovronnaz - Leytron - Valais
28/08/2024,11/01/2025,18/01/2025,666.00,HS8FWZ5,40 m² Appartement ∙ 1 chambre ∙ 4 personnes,Ovronnaz - Leytron - Valais
28/08/2024,25/01/2025,01/02/2025,666.00,HS8FWZ5,40 m² Appartement ∙ 1 chambre ∙ 4 personnes,Ovronnaz - Leytron - Valais
28/08/2024,15/02/2025,22/02/2025,1220.00,HS8FWZ5,40 m² Appartement ∙ 1 chambre ∙ 4 personnes,Ovronnaz - Leytron - Valais
28/08/2024,22/02/2025,01/03/2025,1220.00,HS8FWZ5,40 m² Appartement ∙ 1 chambre ∙ 4 personnes,Ovronnaz - Leytron - Valais
28/08/2024,29/03/2025,05/04/2025,666.00,HS8FWZ5,40 m² Appartement ∙ 1 chambre ∙ 4 personnes,Ovronnaz - Leytron - Valais
28/08/2024,05/04/2025,12/04/2025,666.00,HS8FWZ5,40 m² Appartement ∙ 1 chambre ∙ 4 personnes,Ovronnaz - Leytron - Valais
28/08/2024,12/04/2025,19/04/2025,666.00,HS8FWZ5,40 m² Appartement ∙ 1 chambre ∙ 4 personnes,Ovronnaz - Leytron - Valais
28/08/2024,19/04/2025,26/04/2025,666.00,HS8FWZ5,40 m² Appartement ∙ 1 chambre ∙ 4 personnes,Ovronnaz - Leytron - Valais
28/08/2024,26/04/2025,03/05/2025,666.00,HS8FWZ5,40 m² Appartement ∙ 1 chambre ∙ 4 personnes,Ovronnaz - Leytron - Valais
28/08/2024,03/05/2025,10/05/2025,666.00,HS8FWZ5,40 m² Appartement ∙ 1 chambre ∙ 4 personnes,Ovronnaz - Leytron - Valais
28/08/2024,10/05/2025,17/05/2025,666.00,HS8FWZ5,40 m² Appartement ∙ 1 chambre ∙ 4 personnes,Ovronnaz - Leytron - Valais
28/08/2024,31/08/2024,07/09/2024,780.39,HW2VD0M,65 m² Appartement ∙ 3 chambres ∙ 6 personnes,Ernen - Valais
28/08/2024,07/09/2024,14/09/2024,779.31,HW2VD0M,65 m² Appartement ∙ 3 chambres ∙ 6 personnes,Ernen - Valais
28/08/2024,14/09/2024,21/09/2024,780.39,HW2VD0M,65 m² Appartement ∙ 3 chambres ∙ 6 personnes,Ernen - Valais
28/08/2024,21/09/2024,28/09/2024,780.39,HW2VD0M,65 m² Appartement ∙ 3 chambres ∙ 6 personnes,Ernen - Valais
28/08/2024,28/09/2024,05/10/2024,779.31,HW2VD0M,65 m² Appartement ∙ 3 chambres ∙ 6 personnes,Ernen - Valais
28/08/2024,19/10/2024,26/10/2024,893.22,HW2VD0M,65 m² Appartement ∙ 3 chambres ∙ 6 personnes,Ernen - Valais
28/08/2024,26/10/2024,02/11/2024,893.22,HW2VD0M,65 m² Appartement ∙ 3 chambres ∙ 6 personnes,Ernen - Valais
28/08/2024,02/11/2024,09/11/2024,893.22,HW2VD0M,65 m² Appartement ∙ 3 chambres ∙ 6 personnes,Ernen - Valais
28/08/2024,09/11/2024,16/11/2024,891.98,HW2VD0M,65 m² Appartement ∙ 3 chambres ∙ 6 personnes,Ernen - Valais
28/08/2024,16/11/2024,23/11/2024,893.22,HW2VD0M,65 m² Appartement ∙ 3 chambres ∙ 6 personnes,Ernen - Valais
28/08/2024,23/11/2024,30/11/2024,891.98,HW2VD0M,65 m² Appartement ∙ 3 chambres ∙ 6 personnes,Ernen - Valais
28/08/2024,30/11/2024,07/12/2024,893.22,HW2VD0M,65 m² Appartement ∙ 3 chambres ∙ 6 personnes,Ernen - Valais
28/08/2024,07/12/2024,14/12/2024,891.98,HW2VD0M,65 m² Appartement ∙ 3 chambres ∙ 6 personnes,Ernen - Valais
28/08/2024,14/12/2024,21/12/2024,918.80,HW2VD0M,65 m² Appartement ∙ 3 chambres ∙ 6 personnes,Ernen - Valais
28/08/2024,21/12/2024,28/12/2024,1079.76,HW2VD0M,65 m² Appartement ∙ 3 chambres ∙ 6 personnes,Ernen - Valais
28/08/2024,04/01/2025,11/01/2025,1015.37,HW2VD0M,65 m² Appartement ∙ 3 chambres ∙ 6 personnes,Ernen - Valais
28/08/2024,11/01/2025,18/01/2025,854.42,HW2VD0M,65 m² Appartement ∙ 3 chambres ∙ 6 personnes,Ernen - Valais
28/08/2024,15/02/2025,22/02/2025,1081.26,HW2VD0M,65 m² Appartement ∙ 3 chambres ∙ 6 personnes,Ernen - Valais
28/08/2024,22/02/2025,01/03/2025,1081.26,HW2VD0M,65 m² Appartement ∙ 3 chambres ∙ 6 personnes,Ernen - Valais
28/08/2024,08/03/2025,15/03/2025,1026.11,HW2VD0M,65 m² Appartement ∙ 3 chambres ∙ 6 personnes,Ernen - Valais
28/08/2024,15/03/2025,22/03/2025,893.22,HW2VD0M,65 m² Appartement ∙ 3 chambres ∙ 6 personnes,Ernen - Valais
28/08/2024,22/03/2025,29/03/2025,891.98,HW2VD0M,65 m² Appartement ∙ 3 chambres ∙ 6 personnes,Ernen - Valais
28/08/2024,29/03/2025,05/04/2025,891.98,HW2VD0M,65 m² Appartement ∙ 3 chambres ∙ 6 personnes,Ernen - Valais
28/08/2024,05/04/2025,12/04/2025,891.98,HW2VD0M,65 m² Appartement ∙ 3 chambres ∙ 6 personnes,Ernen - Valais
28/08/2024,12/04/2025,19/04/2025,893.22,HW2VD0M,65 m² Appartement ∙ 3 chambres ∙ 6 personnes,Ernen - Valais
28/08/2024,19/04/2025,26/04/2025,893.22,HW2VD0M,65 m² Appartement ∙ 3 chambres ∙ 6 personnes,Ernen - Valais
28/08/2024,26/04/2025,03/05/2025,893.22,HW2VD0M,65 m² Appartement ∙ 3 chambres ∙ 6 personnes,Ernen - Valais
28/08/2024,03/05/2025,10/05/2025,893.22,HW2VD0M,65 m² Appartement ∙ 3 chambres ∙ 6 personnes,Ernen - Valais
28/08/2024,10/05/2025,17/05/2025,859.78,HW2VD0M,65 m² Appartement ∙ 3 chambres ∙ 6 personnes,Ernen - Valais
28/08/2024,28/09/2024,05/10/2024,781.32,H2Z5U7H,Appartement ∙ 1 chambre ∙ 4 personnes,Grächen - Valais
28/08/2024,05/10/2024,12/10/2024,781.32,H2Z5U7H,Appartement ∙ 1 chambre ∙ 4 personnes,Grächen - Valais
28/08/2024,12/10/2024,19/10/2024,782.41,H2Z5U7H,Appartement ∙ 1 chambre ∙ 4 personnes,Grächen - Valais
28/08/2024,19/10/2024,26/10/2024,781.32,H2Z5U7H,Appartement ∙ 1 chambre ∙ 4 personnes,Grächen - Valais
28/08/2024,26/10/2024,02/11/2024,782.41,H2Z5U7H,Appartement ∙ 1 chambre ∙ 4 personnes,Grächen - Valais
28/08/2024,02/11/2024,09/11/2024,782.41,H2Z5U7H,Appartement ∙ 1 chambre ∙ 4 personnes,Grächen - Valais
28/08/2024,09/11/2024,16/11/2024,781.32,H2Z5U7H,Appartement ∙ 1 chambre ∙ 4 personnes,Grächen - Valais
28/08/2024,16/11/2024,23/11/2024,782.41,H2Z5U7H,Appartement ∙ 1 chambre ∙ 4 personnes,Grächen - Valais
28/08/2024,23/11/2024,30/11/2024,781.32,H2Z5U7H,Appartement ∙ 1 chambre ∙ 4 personnes,Grächen - Valais
28/08/2024,30/11/2024,07/12/2024,782.41,H2Z5U7H,Appartement ∙ 1 chambre ∙ 4 personnes,Grächen - Valais
28/08/2024,07/12/2024,14/12/2024,782.41,H2Z5U7H,Appartement ∙ 1 chambre ∙ 4 personnes,Grächen - Valais
28/08/2024,29/03/2025,05/04/2025,819.66,H2Z5U7H,Appartement ∙ 1 chambre ∙ 4 personnes,Grächen - Valais
28/08/2024,05/04/2025,12/04/2025,819.66,H2Z5U7H,Appartement ∙ 1 chambre ∙ 4 personnes,Grächen - Valais
28/08/2024,12/04/2025,19/04/2025,819.66,H2Z5U7H,Appartement ∙ 1 chambre ∙ 4 personnes,Grächen - Valais
28/08/2024,19/04/2025,26/04/2025,818.53,H2Z5U7H,Appartement ∙ 1 chambre ∙ 4 personnes,Grächen - Valais
28/08/2024,21/09/2024,28/09/2024,931.43,HTE71XA,Appartement ∙ 2 chambres ∙ 4 personnes,Grächen - Valais
28/08/2024,28/09/2024,05/10/2024,931.43,HTE71XA,Appartement ∙ 2 chambres ∙ 4 personnes,Grächen - Valais
28/08/2024,12/10/2024,19/10/2024,931.43,HTE71XA,Appartement ∙ 2 chambres ∙ 4 personnes,Grächen - Valais
28/08/2024,19/10/2024,26/10/2024,930.14,HTE71XA,Appartement ∙ 2 chambres ∙ 4 personnes,Grächen - Valais
28/08/2024,26/10/2024,02/11/2024,931.43,HTE71XA,Appartement ∙ 2 chambres ∙ 4 personnes,Grächen - Valais
28/08/2024,02/11/2024,09/11/2024,856.91,HTE71XA,Appartement ∙ 2 chambres ∙ 4 personnes,Grächen - Valais
28/08/2024,09/11/2024,16/11/2024,856.91,HTE71XA,Appartement ∙ 2 chambres ∙ 4 personnes,Grächen - Valais
28/08/2024,16/11/2024,23/11/2024,855.73,HTE71XA,Appartement ∙ 2 chambres ∙ 4 personnes,Grächen - Valais
28/08/2024,23/11/2024,30/11/2024,855.73,HTE71XA,Appartement ∙ 2 chambres ∙ 4 personnes,Grächen - Valais
28/08/2024,30/11/2024,07/12/2024,855.73,HTE71XA,Appartement ∙ 2 chambres ∙ 4 personnes,Grächen - Valais
28/08/2024,07/12/2024,14/12/2024,856.91,HTE71XA,Appartement ∙ 2 chambres ∙ 4 personnes,Grächen - Valais
28/08/2024,14/12/2024,21/12/2024,968.68,HTE71XA,Appartement ∙ 2 chambres ∙ 4 personnes,Grächen - Valais
28/08/2024,04/01/2025,11/01/2025,1413.81,HTE71XA,Appartement ∙ 2 chambres ∙ 4 personnes,Grächen - Valais
28/08/2024,11/01/2025,18/01/2025,1415.77,HTE71XA,Appartement ∙ 2 chambres ∙ 4 personnes,Grächen - Valais
28/08/2024,18/01/2025,25/01/2025,1415.77,HTE71XA,Appartement ∙ 2 chambres ∙ 4 personnes,Grächen - Valais
28/08/2024,08/02/2025,15/02/2025,1564.80,HTE71XA,Appartement ∙ 2 chambres ∙ 4 personnes,Grächen - Valais
28/08/2024,15/03/2025,22/03/2025,1453.03,HTE71XA,Appartement ∙ 2 chambres ∙ 4 personnes,Grächen - Valais
28/08/2024,22/03/2025,29/03/2025,1453.03,HTE71XA,Appartement ∙ 2 chambres ∙ 4 personnes,Grächen - Valais
28/08/2024,29/03/2025,05/04/2025,1266.74,HTE71XA,Appartement ∙ 2 chambres ∙ 4 personnes,Grächen - Valais
28/08/2024,05/04/2025,12/04/2025,1266.74,HTE71XA,Appartement ∙ 2 chambres ∙ 4 personnes,Grächen - Valais
28/08/2024,12/04/2025,19/04/2025,1266.74,HTE71XA,Appartement ∙ 2 chambres ∙ 4 personnes,Grächen - Valais
28/08/2024,19/04/2025,26/04/2025,1204.53,HTE71XA,Appartement ∙ 2 chambres ∙ 4 personnes,Grächen - Valais
28/08/2024,26/04/2025,03/05/2025,894.17,HTE71XA,Appartement ∙ 2 chambres ∙ 4 personnes,Grächen - Valais
28/08/2024,03/05/2025,10/05/2025,894.17,HTE71XA,Appartement ∙ 2 chambres ∙ 4 personnes,Grächen - Valais
28/08/2024,10/05/2025,17/05/2025,894.17,HTE71XA,Appartement ∙ 2 chambres ∙ 4 personnes,Grächen - Valais
28/08/2024,12/10/2024,19/10/2024,1231.72,HNK07DE,62 m² Appartement ∙ 2 chambres ∙ 5 personnes,Bellwald - Valais
28/08/2024,19/10/2024,26/10/2024,1231.72,HNK07DE,62 m² Appartement ∙ 2 chambres ∙ 5 personnes,Bellwald - Valais
28/08/2024,26/10/2024,02/11/2024,1231.72,HNK07DE,62 m² Appartement ∙ 2 chambres ∙ 5 personnes,Bellwald - Valais
28/08/2024,02/11/2024,09/11/2024,1231.72,HNK07DE,62 m² Appartement ∙ 2 chambres ∙ 5 personnes,Bellwald - Valais
28/08/2024,09/11/2024,16/11/2024,1231.72,HNK07DE,62 m² Appartement ∙ 2 chambres ∙ 5 personnes,Bellwald - Valais
28/08/2024,16/11/2024,23/11/2024,1231.72,HNK07DE,62 m² Appartement ∙ 2 chambres ∙ 5 personnes,Bellwald - Valais
28/08/2024,23/11/2024,30/11/2024,1231.72,HNK07DE,62 m² Appartement ∙ 2 chambres ∙ 5 personnes,Bellwald - Valais
28/08/2024,30/11/2024,07/12/2024,1231.72,HNK07DE,62 m² Appartement ∙ 2 chambres ∙ 5 personnes,Bellwald - Valais
28/08/2024,18/01/2025,25/01/2025,1401.61,HNK07DE,62 m² Appartement ∙ 2 chambres ∙ 5 personnes,Bellwald - Valais
28/08/2024,15/03/2025,22/03/2025,1401.61,HNK07DE,62 m² Appartement ∙ 2 chambres ∙ 5 personnes,Bellwald - Valais
28/08/2024,22/03/2025,29/03/2025,1401.61,HNK07DE,62 m² Appartement ∙ 2 chambres ∙ 5 personnes,Bellwald - Valais
28/08/2024,29/03/2025,05/04/2025,1401.61,HNK07DE,62 m² Appartement ∙ 2 chambres ∙ 5 personnes,Bellwald - Valais
28/08/2024,05/04/2025,12/04/2025,1401.61,HNK07DE,62 m² Appartement ∙ 2 chambres ∙ 5 personnes,Bellwald - Valais
28/08/2024,12/04/2025,19/04/2025,1401.61,HNK07DE,62 m² Appartement ∙ 2 chambres ∙ 5 personnes,Bellwald - Valais
28/08/2024,19/04/2025,26/04/2025,1401.61,HNK07DE,62 m² Appartement ∙ 2 chambres ∙ 5 personnes,Bellwald - Valais
28/08/2024,26/04/2025,03/05/2025,1401.61,HNK07DE,62 m² Appartement ∙ 2 chambres ∙ 5 personnes,Bellwald - Valais
28/08/2024,03/05/2025,10/05/2025,1401.61,HNK07DE,62 m² Appartement ∙ 2 chambres ∙ 5 personnes,Bellwald - Valais
28/08/2024,10/05/2025,17/05/2025,1401.61,HNK07DE,62 m² Appartement ∙ 2 chambres ∙ 5 personnes,Bellwald - Valais
28/08/2024,26/10/2024,02/11/2024,924.00,HRB0GYJ,49 m² Appartement ∙ 1 chambre ∙ 2 personnes,Crans-Montana - Valais
28/08/2024,02/11/2024,09/11/2024,951.00,HRB0GYJ,49 m² Appartement ∙ 1 chambre ∙ 2 personnes,Crans-Montana - Valais
28/08/2024,09/11/2024,16/11/2024,951.00,HRB0GYJ,49 m² Appartement ∙ 1 chambre ∙ 2 personnes,Crans-Montana - Valais
28/08/2024,16/11/2024,23/11/2024,951.00,HRB0GYJ,49 m² Appartement ∙ 1 chambre ∙ 2 personnes,Crans-Montana - Valais
28/08/2024,23/11/2024,30/11/2024,951.00,HRB0GYJ,49 m² Appartement ∙ 1 chambre ∙ 2 personnes,Crans-Montana - Valais
28/08/2024,30/11/2024,07/12/2024,951.00,HRB0GYJ,49 m² Appartement ∙ 1 chambre ∙ 2 personnes,Crans-Montana - Valais
28/08/2024,07/12/2024,14/12/2024,951.00,HRB0GYJ,49 m² Appartement ∙ 1 chambre ∙ 2 personnes,Crans-Montana - Valais
28/08/2024,21/12/2024,28/12/2024,1854.00,HRB0GYJ,49 m² Appartement ∙ 1 chambre ∙ 2 personnes,Crans-Montana - Valais
28/08/2024,04/01/2025,11/01/2025,1156.00,HRB0GYJ,49 m² Appartement ∙ 1 chambre ∙ 2 personnes,Crans-Montana - Valais
28/08/2024,08/02/2025,15/02/2025,1543.00,HRB0GYJ,49 m² Appartement ∙ 1 chambre ∙ 2 personnes,Crans-Montana - Valais
28/08/2024,15/02/2025,22/02/2025,1854.00,HRB0GYJ,49 m² Appartement ∙ 1 chambre ∙ 2 personnes,Crans-Montana - Valais
28/08/2024,05/04/2025,12/04/2025,951.00,HRB0GYJ,49 m² Appartement ∙ 1 chambre ∙ 2 personnes,Crans-Montana - Valais
28/08/2024,12/04/2025,19/04/2025,1156.00,HRB0GYJ,49 m² Appartement ∙ 1 chambre ∙ 2 personnes,Crans-Montana - Valais
28/08/2024,19/04/2025,26/04/2025,1156.00,HRB0GYJ,49 m² Appartement ∙ 1 chambre ∙ 2 personnes,Crans-Montana - Valais
28/08/2024,26/04/2025,03/05/2025,951.00,HRB0GYJ,49 m² Appartement ∙ 1 chambre ∙ 2 personnes,Crans-Montana - Valais
28/08/2024,03/05/2025,10/05/2025,951.00,HRB0GYJ,49 m² Appartement ∙ 1 chambre ∙ 2 personnes,Crans-Montana - Valais
28/08/2024,10/05/2025,17/05/2025,951.00,HRB0GYJ,49 m² Appartement ∙ 1 chambre ∙ 2 personnes,Crans-Montana - Valais
28/08/2024,07/09/2024,14/09/2024,797.30,H9DW52J,85 m² Appartement ∙ 2 chambres ∙ 5 personnes,Saas-Almagell - Valais
28/08/2024,14/09/2024,21/09/2024,797.30,H9DW52J,85 m² Appartement ∙ 2 chambres ∙ 5 personnes,Saas-Almagell - Valais
28/08/2024,21/09/2024,28/09/2024,797.30,H9DW52J,85 m² Appartement ∙ 2 chambres ∙ 5 personnes,Saas-Almagell - Valais
28/08/2024,28/09/2024,05/10/2024,797.30,H9DW52J,85 m² Appartement ∙ 2 chambres ∙ 5 personnes,Saas-Almagell - Valais
28/08/2024,05/10/2024,12/10/2024,797.30,H9DW52J,85 m² Appartement ∙ 2 chambres ∙ 5 personnes,Saas-Almagell - Valais
28/08/2024,12/10/2024,19/10/2024,797.30,H9DW52J,85 m² Appartement ∙ 2 chambres ∙ 5 personnes,Saas-Almagell - Valais
28/08/2024,19/10/2024,26/10/2024,797.30,H9DW52J,85 m² Appartement ∙ 2 chambres ∙ 5 personnes,Saas-Almagell - Valais
28/08/2024,26/10/2024,02/11/2024,797.30,H9DW52J,85 m² Appartement ∙ 2 chambres ∙ 5 personnes,Saas-Almagell - Valais
28/08/2024,02/11/2024,09/11/2024,797.30,H9DW52J,85 m² Appartement ∙ 2 chambres ∙ 5 personnes,Saas-Almagell - Valais
28/08/2024,23/11/2024,30/11/2024,797.30,H9DW52J,85 m² Appartement ∙ 2 chambres ∙ 5 personnes,Saas-Almagell - Valais
28/08/2024,30/11/2024,07/12/2024,797.30,H9DW52J,85 m² Appartement ∙ 2 chambres ∙ 5 personnes,Saas-Almagell - Valais
28/08/2024,07/12/2024,14/12/2024,797.30,H9DW52J,85 m² Appartement ∙ 2 chambres ∙ 5 personnes,Saas-Almagell - Valais
28/08/2024,14/12/2024,21/12/2024,797.30,H9DW52J,85 m² Appartement ∙ 2 chambres ∙ 5 personnes,Saas-Almagell - Valais
28/08/2024,04/01/2025,11/01/2025,837.17,H9DW52J,85 m² Appartement ∙ 2 chambres ∙ 5 personnes,Saas-Almagell - Valais
28/08/2024,11/01/2025,18/01/2025,837.17,H9DW52J,85 m² Appartement ∙ 2 chambres ∙ 5 personnes,Saas-Almagell - Valais
28/08/2024,29/03/2025,05/04/2025,797.30,H9DW52J,85 m² Appartement ∙ 2 chambres ∙ 5 personnes,Saas-Almagell - Valais
28/08/2024,05/04/2025,12/04/2025,797.30,H9DW52J,85 m² Appartement ∙ 2 chambres ∙ 5 personnes,Saas-Almagell - Valais
28/08/2024,12/04/2025,19/04/2025,831.47,H9DW52J,85 m² Appartement ∙ 2 chambres ∙ 5 personnes,Saas-Almagell - Valais
28/08/2024,19/04/2025,26/04/2025,837.17,H9DW52J,85 m² Appartement ∙ 2 chambres ∙ 5 personnes,Saas-Almagell - Valais
28/08/2024,21/09/2024,28/09/2024,1092.00,M5U4S0R,120 m² Chalet ∙ 4 chambres ∙ 6 personnes,Martisberg - Bettmeralp - Valais
28/08/2024,28/09/2024,05/10/2024,1092.00,M5U4S0R,120 m² Chalet ∙ 4 chambres ∙ 6 personnes,Martisberg - Bettmeralp - Valais
28/08/2024,19/10/2024,26/10/2024,1092.00,M5U4S0R,120 m² Chalet ∙ 4 chambres ∙ 6 personnes,Martisberg - Bettmeralp - Valais
28/08/2024,26/10/2024,02/11/2024,1092.00,M5U4S0R,120 m² Chalet ∙ 4 chambres ∙ 6 personnes,Martisberg - Bettmeralp - Valais
28/08/2024,02/11/2024,09/11/2024,1092.00,M5U4S0R,120 m² Chalet ∙ 4 chambres ∙ 6 personnes,Martisberg - Bettmeralp - Valais
28/08/2024,09/11/2024,16/11/2024,1092.00,M5U4S0R,120 m² Chalet ∙ 4 chambres ∙ 6 personnes,Martisberg - Bettmeralp - Valais
28/08/2024,16/11/2024,23/11/2024,1092.00,M5U4S0R,120 m² Chalet ∙ 4 chambres ∙ 6 personnes,Martisberg - Bettmeralp - Valais
28/08/2024,23/11/2024,30/11/2024,1092.00,M5U4S0R,120 m² Chalet ∙ 4 chambres ∙ 6 personnes,Martisberg - Bettmeralp - Valais
28/08/2024,30/11/2024,07/12/2024,1248.00,M5U4S0R,120 m² Chalet ∙ 4 chambres ∙ 6 personnes,Martisberg - Bettmeralp - Valais
28/08/2024,07/12/2024,14/12/2024,1274.00,M5U4S0R,120 m² Chalet ∙ 4 chambres ∙ 6 personnes,Martisberg - Bettmeralp - Valais
28/08/2024,04/01/2025,11/01/2025,975.00,M5U4S0R,120 m² Chalet ∙ 4 chambres ∙ 6 personnes,Martisberg - Bettmeralp - Valais
28/08/2024,25/01/2025,01/02/2025,910.00,M5U4S0R,120 m² Chalet ∙ 4 chambres ∙ 6 personnes,Martisberg - Bettmeralp - Valais
28/08/2024,01/02/2025,08/02/2025,910.00,M5U4S0R,120 m² Chalet ∙ 4 chambres ∙ 6 personnes,Martisberg - Bettmeralp - Valais
28/08/2024,08/02/2025,15/02/2025,910.00,M5U4S0R,120 m² Chalet ∙ 4 chambres ∙ 6 personnes,Martisberg - Bettmeralp - Valais
28/08/2024,15/02/2025,22/02/2025,910.00,M5U4S0R,120 m² Chalet ∙ 4 chambres ∙ 6 personnes,Martisberg - Bettmeralp - Valais
28/08/2024,22/02/2025,01/03/2025,910.00,M5U4S0R,120 m² Chalet ∙ 4 chambres ∙ 6 personnes,Martisberg - Bettmeralp - Valais
28/08/2024,08/03/2025,15/03/2025,1183.00,M5U4S0R,120 m² Chalet ∙ 4 chambres ∙ 6 personnes,Martisberg - Bettmeralp - Valais
28/08/2024,15/03/2025,22/03/2025,1183.00,M5U4S0R,120 m² Chalet ∙ 4 chambres ∙ 6 personnes,Martisberg - Bettmeralp - Valais
28/08/2024,22/03/2025,29/03/2025,1183.00,M5U4S0R,120 m² Chalet ∙ 4 chambres ∙ 6 personnes,Martisberg - Bettmeralp - Valais
28/08/2024,05/04/2025,12/04/2025,910.00,M5U4S0R,120 m² Chalet ∙ 4 chambres ∙ 6 personnes,Martisberg - Bettmeralp - Valais
28/08/2024,12/04/2025,19/04/2025,1144.00,M5U4S0R,120 m² Chalet ∙ 4 chambres ∙ 6 personnes,Martisberg - Bettmeralp - Valais
28/08/2024,19/04/2025,26/04/2025,1066.00,M5U4S0R,120 m² Chalet ∙ 4 chambres ∙ 6 personnes,Martisberg - Bettmeralp - Valais
28/08/2024,26/04/2025,03/05/2025,910.00,M5U4S0R,120 m² Chalet ∙ 4 chambres ∙ 6 personnes,Martisberg - Bettmeralp - Valais
28/08/2024,03/05/2025,10/05/2025,910.00,M5U4S0R,120 m² Chalet ∙ 4 chambres ∙ 6 personnes,Martisberg - Bettmeralp - Valais
28/08/2024,10/05/2025,17/05/2025,910.00,M5U4S0R,120 m² Chalet ∙ 4 chambres ∙ 6 personnes,Martisberg - Bettmeralp - Valais
28/08/2024,02/11/2024,09/11/2024,805.00,HXST4ZV,50 m² Appartement ∙ 1 chambre ∙ 4 personnes,Ovronnaz - Leytron - Valais
28/08/2024,09/11/2024,16/11/2024,805.00,HXST4ZV,50 m² Appartement ∙ 1 chambre ∙ 4 personnes,Ovronnaz - Leytron - Valais
28/08/2024,16/11/2024,23/11/2024,805.00,HXST4ZV,50 m² Appartement ∙ 1 chambre ∙ 4 personnes,Ovronnaz - Leytron - Valais
28/08/2024,23/11/2024,30/11/2024,805.00,HXST4ZV,50 m² Appartement ∙ 1 chambre ∙ 4 personnes,Ovronnaz - Leytron - Valais
28/08/2024,30/11/2024,07/12/2024,805.00,HXST4ZV,50 m² Appartement ∙ 1 chambre ∙ 4 personnes,Ovronnaz - Leytron - Valais
28/08/2024,07/12/2024,14/12/2024,805.00,HXST4ZV,50 m² Appartement ∙ 1 chambre ∙ 4 personnes,Ovronnaz - Leytron - Valais
28/08/2024,14/12/2024,21/12/2024,805.00,HXST4ZV,50 m² Appartement ∙ 1 chambre ∙ 4 personnes,Ovronnaz - Leytron - Valais
28/08/2024,21/12/2024,28/12/2024,1237.00,HXST4ZV,50 m² Appartement ∙ 1 chambre ∙ 4 personnes,Ovronnaz - Leytron - Valais
28/08/2024,28/12/2024,04/01/2025,1432.00,HXST4ZV,50 m² Appartement ∙ 1 chambre ∙ 4 personnes,Ovronnaz - Leytron - Valais
28/08/2024,04/01/2025,11/01/2025,805.00,HXST4ZV,50 m² Appartement ∙ 1 chambre ∙ 4 personnes,Ovronnaz - Leytron - Valais
28/08/2024,11/01/2025,18/01/2025,805.00,HXST4ZV,50 m² Appartement ∙ 1 chambre ∙ 4 personnes,Ovronnaz - Leytron - Valais
28/08/2024,18/01/2025,25/01/2025,805.00,HXST4ZV,50 m² Appartement ∙ 1 chambre ∙ 4 personnes,Ovronnaz - Leytron - Valais
28/08/2024,25/01/2025,01/02/2025,805.00,HXST4ZV,50 m² Appartement ∙ 1 chambre ∙ 4 personnes,Ovronnaz - Leytron - Valais
28/08/2024,01/02/2025,08/02/2025,858.00,HXST4ZV,50 m² Appartement ∙ 1 chambre ∙ 4 personnes,Ovronnaz - Leytron - Valais
28/08/2024,08/02/2025,15/02/2025,858.00,HXST4ZV,50 m² Appartement ∙ 1 chambre ∙ 4 personnes,Ovronnaz - Leytron - Valais
28/08/2024,15/02/2025,22/02/2025,1366.00,HXST4ZV,50 m² Appartement ∙ 1 chambre ∙ 4 personnes,Ovronnaz - Leytron - Valais
28/08/2024,22/02/2025,01/03/2025,1366.00,HXST4ZV,50 m² Appartement ∙ 1 chambre ∙ 4 personnes,Ovronnaz - Leytron - Valais
28/08/2024,01/03/2025,08/03/2025,1366.00,HXST4ZV,50 m² Appartement ∙ 1 chambre ∙ 4 personnes,Ovronnaz - Leytron - Valais
28/08/2024,08/03/2025,15/03/2025,805.00,HXST4ZV,50 m² Appartement ∙ 1 chambre ∙ 4 personnes,Ovronnaz - Leytron - Valais
28/08/2024,15/03/2025,22/03/2025,805.00,HXST4ZV,50 m² Appartement ∙ 1 chambre ∙ 4 personnes,Ovronnaz - Leytron - Valais
28/08/2024,22/03/2025,29/03/2025,805.00,HXST4ZV,50 m² Appartement ∙ 1 chambre ∙ 4 personnes,Ovronnaz - Leytron - Valais
28/08/2024,29/03/2025,05/04/2025,805.00,HXST4ZV,50 m² Appartement ∙ 1 chambre ∙ 4 personnes,Ovronnaz - Leytron - Valais
28/08/2024,05/04/2025,12/04/2025,805.00,HXST4ZV,50 m² Appartement ∙ 1 chambre ∙ 4 personnes,Ovronnaz - Leytron - Valais
28/08/2024,31/08/2024,07/09/2024,765.41,HX7ZFN6,25 m² Appartement ∙ 1 chambre ∙ 2 personnes,Saas Fee - Valais
28/08/2024,21/09/2024,28/09/2024,765.41,HX7ZFN6,25 m² Appartement ∙ 1 chambre ∙ 2 personnes,Saas Fee - Valais
28/08/2024,12/10/2024,19/10/2024,765.41,HX7ZFN6,25 m² Appartement ∙ 1 chambre ∙ 2 personnes,Saas Fee - Valais
28/08/2024,19/10/2024,26/10/2024,765.41,HX7ZFN6,25 m² Appartement ∙ 1 chambre ∙ 2 personnes,Saas Fee - Valais
28/08/2024,26/10/2024,02/11/2024,765.41,HX7ZFN6,25 m² Appartement ∙ 1 chambre ∙ 2 personnes,Saas Fee - Valais
28/08/2024,02/11/2024,09/11/2024,765.41,HX7ZFN6,25 m² Appartement ∙ 1 chambre ∙ 2 personnes,Saas Fee - Valais
28/08/2024,09/11/2024,16/11/2024,765.41,HX7ZFN6,25 m² Appartement ∙ 1 chambre ∙ 2 personnes,Saas Fee - Valais
28/08/2024,16/11/2024,23/11/2024,765.41,HX7ZFN6,25 m² Appartement ∙ 1 chambre ∙ 2 personnes,Saas Fee - Valais
28/08/2024,23/11/2024,30/11/2024,765.41,HX7ZFN6,25 m² Appartement ∙ 1 chambre ∙ 2 personnes,Saas Fee - Valais
28/08/2024,30/11/2024,07/12/2024,765.41,HX7ZFN6,25 m² Appartement ∙ 1 chambre ∙ 2 personnes,Saas Fee - Valais
28/08/2024,07/12/2024,14/12/2024,765.41,HX7ZFN6,25 m² Appartement ∙ 1 chambre ∙ 2 personnes,Saas Fee - Valais
28/08/2024,14/12/2024,21/12/2024,765.41,HX7ZFN6,25 m² Appartement ∙ 1 chambre ∙ 2 personnes,Saas Fee - Valais
28/08/2024,21/12/2024,28/12/2024,1084.33,HX7ZFN6,25 m² Appartement ∙ 1 chambre ∙ 2 personnes,Saas Fee - Valais
28/08/2024,04/01/2025,11/01/2025,765.41,HX7ZFN6,25 m² Appartement ∙ 1 chambre ∙ 2 personnes,Saas Fee - Valais
28/08/2024,01/02/2025,08/02/2025,1084.33,HX7ZFN6,25 m² Appartement ∙ 1 chambre ∙ 2 personnes,Saas Fee - Valais
28/08/2024,08/02/2025,15/02/2025,1084.33,HX7ZFN6,25 m² Appartement ∙ 1 chambre ∙ 2 personnes,Saas Fee - Valais
28/08/2024,15/02/2025,22/02/2025,1084.33,HX7ZFN6,25 m² Appartement ∙ 1 chambre ∙ 2 personnes,Saas Fee - Valais
28/08/2024,29/03/2025,05/04/2025,1084.33,HX7ZFN6,25 m² Appartement ∙ 1 chambre ∙ 2 personnes,Saas Fee - Valais
28/08/2024,05/04/2025,12/04/2025,1084.33,HX7ZFN6,25 m² Appartement ∙ 1 chambre ∙ 2 personnes,Saas Fee - Valais
28/08/2024,12/04/2025,19/04/2025,1084.33,HX7ZFN6,25 m² Appartement ∙ 1 chambre ∙ 2 personnes,Saas Fee - Valais
28/08/2024,19/04/2025,26/04/2025,1084.33,HX7ZFN6,25 m² Appartement ∙ 1 chambre ∙ 2 personnes,Saas Fee - Valais
28/08/2024,07/09/2024,14/09/2024,1754.07,HL7XUHF,161 m² Appartement ∙ 4 chambres ∙ 8 personnes,Saas Fee - Valais
28/08/2024,14/09/2024,21/09/2024,1754.07,HL7XUHF,161 m² Appartement ∙ 4 chambres ∙ 8 personnes,Saas Fee - Valais
28/08/2024,05/10/2024,12/10/2024,1754.07,HL7XUHF,161 m² Appartement ∙ 4 chambres ∙ 8 personnes,Saas Fee - Valais
28/08/2024,12/10/2024,19/10/2024,1754.07,HL7XUHF,161 m² Appartement ∙ 4 chambres ∙ 8 personnes,Saas Fee - Valais
28/08/2024,19/10/2024,26/10/2024,1754.07,HL7XUHF,161 m² Appartement ∙ 4 chambres ∙ 8 personnes,Saas Fee - Valais
28/08/2024,09/11/2024,16/11/2024,1754.07,HL7XUHF,161 m² Appartement ∙ 4 chambres ∙ 8 personnes,Saas Fee - Valais
28/08/2024,16/11/2024,23/11/2024,1754.07,HL7XUHF,161 m² Appartement ∙ 4 chambres ∙ 8 personnes,Saas Fee - Valais
28/08/2024,23/11/2024,30/11/2024,1754.07,HL7XUHF,161 m² Appartement ∙ 4 chambres ∙ 8 personnes,Saas Fee - Valais
28/08/2024,30/11/2024,07/12/2024,1959.09,HL7XUHF,161 m² Appartement ∙ 4 chambres ∙ 8 personnes,Saas Fee - Valais
28/08/2024,07/12/2024,14/12/2024,2016.04,HL7XUHF,161 m² Appartement ∙ 4 chambres ∙ 8 personnes,Saas Fee - Valais
28/08/2024,14/12/2024,21/12/2024,2152.72,HL7XUHF,161 m² Appartement ∙ 4 chambres ∙ 8 personnes,Saas Fee - Valais
28/08/2024,04/01/2025,11/01/2025,2152.72,HL7XUHF,161 m² Appartement ∙ 4 chambres ∙ 8 personnes,Saas Fee - Valais
28/08/2024,11/01/2025,18/01/2025,2152.72,HL7XUHF,161 m² Appartement ∙ 4 chambres ∙ 8 personnes,Saas Fee - Valais
28/08/2024,14/09/2024,21/09/2024,720.00,HZBKT4X,35 m² Appartement ∙ 1 chambre ∙ 2 personnes,Verbier - Bagnes - Valais
28/08/2024,21/09/2024,28/09/2024,720.00,HZBKT4X,35 m² Appartement ∙ 1 chambre ∙ 2 personnes,Verbier - Bagnes - Valais
28/08/2024,28/09/2024,05/10/2024,720.00,HZBKT4X,35 m² Appartement ∙ 1 chambre ∙ 2 personnes,Verbier - Bagnes - Valais
28/08/2024,05/10/2024,12/10/2024,720.00,HZBKT4X,35 m² Appartement ∙ 1 chambre ∙ 2 personnes,Verbier - Bagnes - Valais
28/08/2024,12/10/2024,19/10/2024,720.00,HZBKT4X,35 m² Appartement ∙ 1 chambre ∙ 2 personnes,Verbier - Bagnes - Valais
28/08/2024,19/10/2024,26/10/2024,720.00,HZBKT4X,35 m² Appartement ∙ 1 chambre ∙ 2 personnes,Verbier - Bagnes - Valais
28/08/2024,26/10/2024,02/11/2024,720.00,HZBKT4X,35 m² Appartement ∙ 1 chambre ∙ 2 personnes,Verbier - Bagnes - Valais
28/08/2024,02/11/2024,09/11/2024,748.00,HZBKT4X,35 m² Appartement ∙ 1 chambre ∙ 2 personnes,Verbier - Bagnes - Valais
28/08/2024,09/11/2024,16/11/2024,748.00,HZBKT4X,35 m² Appartement ∙ 1 chambre ∙ 2 personnes,Verbier - Bagnes - Valais
28/08/2024,16/11/2024,23/11/2024,748.00,HZBKT4X,35 m² Appartement ∙ 1 chambre ∙ 2 personnes,Verbier - Bagnes - Valais
28/08/2024,23/11/2024,30/11/2024,748.00,HZBKT4X,35 m² Appartement ∙ 1 chambre ∙ 2 personnes,Verbier - Bagnes - Valais
28/08/2024,26/04/2025,03/05/2025,748.00,HZBKT4X,35 m² Appartement ∙ 1 chambre ∙ 2 personnes,Verbier - Bagnes - Valais
28/08/2024,03/05/2025,10/05/2025,748.00,HZBKT4X,35 m² Appartement ∙ 1 chambre ∙ 2 personnes,Verbier - Bagnes - Valais
28/08/2024,10/05/2025,17/05/2025,748.00,HZBKT4X,35 m² Appartement ∙ 1 chambre ∙ 2 personnes,Verbier - Bagnes - Valais
28/08/2024,07/09/2024,14/09/2024,757.45,HBHG2JV,44 m² Chalet ∙ 2 chambres ∙ 6 personnes,Saas-Balen - Valais
28/08/2024,14/09/2024,21/09/2024,757.68,HBHG2JV,44 m² Chalet ∙ 2 chambres ∙ 6 personnes,Saas-Balen - Valais
28/08/2024,21/09/2024,28/09/2024,842.48,HBHG2JV,44 m² Chalet ∙ 2 chambres ∙ 6 personnes,Saas-Balen - Valais
28/08/2024,28/09/2024,05/10/2024,927.73,HBHG2JV,44 m² Chalet ∙ 2 chambres ∙ 6 personnes,Saas-Balen - Valais
28/08/2024,05/10/2024,12/10/2024,927.73,HBHG2JV,44 m² Chalet ∙ 2 chambres ∙ 6 personnes,Saas-Balen - Valais
28/08/2024,12/10/2024,19/10/2024,927.50,HBHG2JV,44 m² Chalet ∙ 2 chambres ∙ 6 personnes,Saas-Balen - Valais
28/08/2024,19/10/2024,26/10/2024,927.73,HBHG2JV,44 m² Chalet ∙ 2 chambres ∙ 6 personnes,Saas-Balen - Valais
28/08/2024,04/01/2025,11/01/2025,666.08,HBHG2JV,44 m² Chalet ∙ 2 chambres ∙ 6 personnes,Saas-Balen - Valais
28/08/2024,11/01/2025,18/01/2025,666.08,HBHG2JV,44 m² Chalet ∙ 2 chambres ∙ 6 personnes,Saas-Balen - Valais
28/08/2024,18/01/2025,25/01/2025,666.08,HBHG2JV,44 m² Chalet ∙ 2 chambres ∙ 6 personnes,Saas-Balen - Valais
28/08/2024,25/01/2025,01/02/2025,844.25,HBHG2JV,44 m² Chalet ∙ 2 chambres ∙ 6 personnes,Saas-Balen - Valais
28/08/2024,01/02/2025,08/02/2025,715.03,HBHG2JV,44 m² Chalet ∙ 2 chambres ∙ 6 personnes,Saas-Balen - Valais
28/08/2024,08/02/2025,15/02/2025,715.03,HBHG2JV,44 m² Chalet ∙ 2 chambres ∙ 6 personnes,Saas-Balen - Valais
28/08/2024,15/02/2025,22/02/2025,1260.50,HBHG2JV,44 m² Chalet ∙ 2 chambres ∙ 6 personnes,Saas-Balen - Valais
28/08/2024,22/02/2025,01/03/2025,1485.11,HBHG2JV,44 m² Chalet ∙ 2 chambres ∙ 6 personnes,Saas-Balen - Valais
28/08/2024,01/03/2025,08/03/2025,715.03,HBHG2JV,44 m² Chalet ∙ 2 chambres ∙ 6 personnes,Saas-Balen - Valais
28/08/2024,08/03/2025,15/03/2025,707.90,HBHG2JV,44 m² Chalet ∙ 2 chambres ∙ 6 personnes,Saas-Balen - Valais
28/08/2024,15/03/2025,22/03/2025,707.67,HBHG2JV,44 m² Chalet ∙ 2 chambres ∙ 6 personnes,Saas-Balen - Valais
28/08/2024,22/03/2025,29/03/2025,666.08,HBHG2JV,44 m² Chalet ∙ 2 chambres ∙ 6 personnes,Saas-Balen - Valais
28/08/2024,29/03/2025,05/04/2025,786.48,HBHG2JV,44 m² Chalet ∙ 2 chambres ∙ 6 personnes,Saas-Balen - Valais
28/08/2024,05/04/2025,12/04/2025,786.48,HBHG2JV,44 m² Chalet ∙ 2 chambres ∙ 6 personnes,Saas-Balen - Valais
28/08/2024,12/04/2025,19/04/2025,844.25,HBHG2JV,44 m² Chalet ∙ 2 chambres ∙ 6 personnes,Saas-Balen - Valais
28/08/2024,19/04/2025,26/04/2025,844.02,HBHG2JV,44 m² Chalet ∙ 2 chambres ∙ 6 personnes,Saas-Balen - Valais
28/08/2024,26/04/2025,03/05/2025,979.83,HBHG2JV,44 m² Chalet ∙ 2 chambres ∙ 6 personnes,Saas-Balen - Valais
28/08/2024,03/05/2025,10/05/2025,979.60,HBHG2JV,44 m² Chalet ∙ 2 chambres ∙ 6 personnes,Saas-Balen - Valais
28/08/2024,10/05/2025,17/05/2025,894.23,HBHG2JV,44 m² Chalet ∙ 2 chambres ∙ 6 personnes,Saas-Balen - Valais
28/08/2024,19/10/2024,26/10/2024,718.34,HSB90EZ,33 m² Studio ∙ 2 personnes,Saas Grund - Valais
28/08/2024,09/11/2024,16/11/2024,758.25,HSB90EZ,33 m² Studio ∙ 2 personnes,Saas Grund - Valais
28/08/2024,16/11/2024,23/11/2024,758.25,HSB90EZ,33 m² Studio ∙ 2 personnes,Saas Grund - Valais
28/08/2024,23/11/2024,30/11/2024,758.25,HSB90EZ,33 m² Studio ∙ 2 personnes,Saas Grund - Valais
28/08/2024,30/11/2024,07/12/2024,758.25,HSB90EZ,33 m² Studio ∙ 2 personnes,Saas Grund - Valais
28/08/2024,26/10/2024,02/11/2024,819.84,H9TNWL2,60 m² Appartement ∙ 1 chambre ∙ 4 personnes,Sion - Valais
28/08/2024,02/11/2024,09/11/2024,796.56,H9TNWL2,60 m² Appartement ∙ 1 chambre ∙ 4 personnes,Sion - Valais
28/08/2024,23/11/2024,30/11/2024,729.16,H9TNWL2,60 m² Appartement ∙ 1 chambre ∙ 4 personnes,Sion - Valais
28/08/2024,07/12/2024,14/12/2024,734.06,H9TNWL2,60 m² Appartement ∙ 1 chambre ∙ 4 personnes,Sion - Valais
28/08/2024,14/12/2024,21/12/2024,928.91,H9TNWL2,60 m² Appartement ∙ 1 chambre ∙ 4 personnes,Sion - Valais
28/08/2024,21/12/2024,28/12/2024,1362.73,H9TNWL2,60 m² Appartement ∙ 1 chambre ∙ 4 personnes,Sion - Valais
28/08/2024,11/01/2025,18/01/2025,626.22,H9TNWL2,60 m² Appartement ∙ 1 chambre ∙ 4 personnes,Sion - Valais
28/08/2024,18/01/2025,25/01/2025,660.53,H9TNWL2,60 m² Appartement ∙ 1 chambre ∙ 4 personnes,Sion - Valais
28/08/2024,25/01/2025,01/02/2025,904.40,H9TNWL2,60 m² Appartement ∙ 1 chambre ∙ 4 personnes,Sion - Valais
28/08/2024,01/02/2025,08/02/2025,1088.22,H9TNWL2,60 m² Appartement ∙ 1 chambre ∙ 4 personnes,Sion - Valais
28/08/2024,08/02/2025,15/02/2025,1074.74,H9TNWL2,60 m² Appartement ∙ 1 chambre ∙ 4 personnes,Sion - Valais
28/08/2024,22/02/2025,01/03/2025,973.03,H9TNWL2,60 m² Appartement ∙ 1 chambre ∙ 4 personnes,Sion - Valais
28/08/2024,08/03/2025,15/03/2025,758.57,H9TNWL2,60 m² Appartement ∙ 1 chambre ∙ 4 personnes,Sion - Valais
28/08/2024,15/03/2025,22/03/2025,719.35,H9TNWL2,60 m² Appartement ∙ 1 chambre ∙ 4 personnes,Sion - Valais
28/08/2024,22/03/2025,29/03/2025,664.21,H9TNWL2,60 m² Appartement ∙ 1 chambre ∙ 4 personnes,Sion - Valais
28/08/2024,29/03/2025,05/04/2025,721.80,H9TNWL2,60 m² Appartement ∙ 1 chambre ∙ 4 personnes,Sion - Valais
28/08/2024,05/04/2025,12/04/2025,827.19,H9TNWL2,60 m² Appartement ∙ 1 chambre ∙ 4 personnes,Sion - Valais
28/08/2024,12/04/2025,19/04/2025,906.85,H9TNWL2,60 m² Appartement ∙ 1 chambre ∙ 4 personnes,Sion - Valais
28/08/2024,19/04/2025,26/04/2025,930.13,H9TNWL2,60 m² Appartement ∙ 1 chambre ∙ 4 personnes,Sion - Valais
28/08/2024,26/04/2025,03/05/2025,829.65,H9TNWL2,60 m² Appartement ∙ 1 chambre ∙ 4 personnes,Sion - Valais
28/08/2024,03/05/2025,10/05/2025,882.34,H9TNWL2,60 m² Appartement ∙ 1 chambre ∙ 4 personnes,Sion - Valais
28/08/2024,10/05/2025,17/05/2025,906.85,H9TNWL2,60 m² Appartement ∙ 1 chambre ∙ 4 personnes,Sion - Valais
28/08/2024,14/09/2024,21/09/2024,2540.87,HGU3RPD,Appartement ∙ 3 chambres ∙ 6 personnes,Champéry - Valais
28/08/2024,21/09/2024,28/09/2024,2540.87,HGU3RPD,Appartement ∙ 3 chambres ∙ 6 personnes,Champéry - Valais
28/08/2024,05/10/2024,12/10/2024,2540.87,HGU3RPD,Appartement ∙ 3 chambres ∙ 6 personnes,Champéry - Valais
28/08/2024,12/10/2024,19/10/2024,2540.87,HGU3RPD,Appartement ∙ 3 chambres ∙ 6 personnes,Champéry - Valais
28/08/2024,19/10/2024,26/10/2024,2540.87,HGU3RPD,Appartement ∙ 3 chambres ∙ 6 personnes,Champéry - Valais
28/08/2024,26/10/2024,02/11/2024,2540.87,HGU3RPD,Appartement ∙ 3 chambres ∙ 6 personnes,Champéry - Valais
28/08/2024,02/11/2024,09/11/2024,2540.87,HGU3RPD,Appartement ∙ 3 chambres ∙ 6 personnes,Champéry - Valais
28/08/2024,09/11/2024,16/11/2024,2540.87,HGU3RPD,Appartement ∙ 3 chambres ∙ 6 personnes,Champéry - Valais
28/08/2024,16/11/2024,23/11/2024,2540.87,HGU3RPD,Appartement ∙ 3 chambres ∙ 6 personnes,Champéry - Valais
28/08/2024,23/11/2024,30/11/2024,2540.87,HGU3RPD,Appartement ∙ 3 chambres ∙ 6 personnes,Champéry - Valais
28/08/2024,30/11/2024,07/12/2024,2540.87,HGU3RPD,Appartement ∙ 3 chambres ∙ 6 personnes,Champéry - Valais
28/08/2024,07/12/2024,14/12/2024,2540.87,HGU3RPD,Appartement ∙ 3 chambres ∙ 6 personnes,Champéry - Valais
28/08/2024,01/02/2025,08/02/2025,3834.42,HGU3RPD,Appartement ∙ 3 chambres ∙ 6 personnes,Champéry - Valais
28/08/2024,08/02/2025,15/02/2025,3952.48,HGU3RPD,Appartement ∙ 3 chambres ∙ 6 personnes,Champéry - Valais
28/08/2024,22/03/2025,29/03/2025,2540.87,HGU3RPD,Appartement ∙ 3 chambres ∙ 6 personnes,Champéry - Valais
28/08/2024,29/03/2025,05/04/2025,2540.87,HGU3RPD,Appartement ∙ 3 chambres ∙ 6 personnes,Champéry - Valais
28/08/2024,05/04/2025,12/04/2025,2540.87,HGU3RPD,Appartement ∙ 3 chambres ∙ 6 personnes,Champéry - Valais
28/08/2024,12/04/2025,19/04/2025,2540.87,HGU3RPD,Appartement ∙ 3 chambres ∙ 6 personnes,Champéry - Valais
28/08/2024,19/04/2025,26/04/2025,2540.87,HGU3RPD,Appartement ∙ 3 chambres ∙ 6 personnes,Champéry - Valais
28/08/2024,21/09/2024,28/09/2024,814.00,HX9PV0U,30 m² Appartement ∙ 1 chambre ∙ 2 personnes,Verbier - Bagnes - Valais
28/08/2024,28/09/2024,05/10/2024,881.00,HX9PV0U,30 m² Appartement ∙ 1 chambre ∙ 2 personnes,Verbier - Bagnes - Valais
28/08/2024,05/10/2024,12/10/2024,881.00,HX9PV0U,30 m² Appartement ∙ 1 chambre ∙ 2 personnes,Verbier - Bagnes - Valais
28/08/2024,12/10/2024,19/10/2024,881.00,HX9PV0U,30 m² Appartement ∙ 1 chambre ∙ 2 personnes,Verbier - Bagnes - Valais
28/08/2024,19/10/2024,26/10/2024,881.00,HX9PV0U,30 m² Appartement ∙ 1 chambre ∙ 2 personnes,Verbier - Bagnes - Valais
28/08/2024,26/10/2024,02/11/2024,881.00,HX9PV0U,30 m² Appartement ∙ 1 chambre ∙ 2 personnes,Verbier - Bagnes - Valais
28/08/2024,02/11/2024,09/11/2024,908.00,HX9PV0U,30 m² Appartement ∙ 1 chambre ∙ 2 personnes,Verbier - Bagnes - Valais
28/08/2024,09/11/2024,16/11/2024,908.00,HX9PV0U,30 m² Appartement ∙ 1 chambre ∙ 2 personnes,Verbier - Bagnes - Valais
28/08/2024,16/11/2024,23/11/2024,908.00,HX9PV0U,30 m² Appartement ∙ 1 chambre ∙ 2 personnes,Verbier - Bagnes - Valais
28/08/2024,23/11/2024,30/11/2024,908.00,HX9PV0U,30 m² Appartement ∙ 1 chambre ∙ 2 personnes,Verbier - Bagnes - Valais
28/08/2024,04/01/2025,11/01/2025,1067.00,HX9PV0U,30 m² Appartement ∙ 1 chambre ∙ 2 personnes,Verbier - Bagnes - Valais
28/08/2024,22/02/2025,01/03/2025,1879.00,HX9PV0U,30 m² Appartement ∙ 1 chambre ∙ 2 personnes,Verbier - Bagnes - Valais
28/08/2024,29/03/2025,05/04/2025,908.00,HX9PV0U,30 m² Appartement ∙ 1 chambre ∙ 2 personnes,Verbier - Bagnes - Valais
28/08/2024,05/04/2025,12/04/2025,908.00,HX9PV0U,30 m² Appartement ∙ 1 chambre ∙ 2 personnes,Verbier - Bagnes - Valais
28/08/2024,12/04/2025,19/04/2025,1067.00,HX9PV0U,30 m² Appartement ∙ 1 chambre ∙ 2 personnes,Verbier - Bagnes - Valais
28/08/2024,19/04/2025,26/04/2025,1067.00,HX9PV0U,30 m² Appartement ∙ 1 chambre ∙ 2 personnes,Verbier - Bagnes - Valais
28/08/2024,26/04/2025,03/05/2025,908.00,HX9PV0U,30 m² Appartement ∙ 1 chambre ∙ 2 personnes,Verbier - Bagnes - Valais
28/08/2024,03/05/2025,10/05/2025,908.00,HX9PV0U,30 m² Appartement ∙ 1 chambre ∙ 2 personnes,Verbier - Bagnes - Valais
28/08/2024,10/05/2025,17/05/2025,908.00,HX9PV0U,30 m² Appartement ∙ 1 chambre ∙ 2 personnes,Verbier - Bagnes - Valais
28/08/2024,02/11/2024,09/11/2024,833.00,HRZCMWX,60 m² Appartement ∙ 1 chambre ∙ 4 personnes,Ovronnaz - Leytron - Valais
28/08/2024,09/11/2024,16/11/2024,833.00,HRZCMWX,60 m² Appartement ∙ 1 chambre ∙ 4 personnes,Ovronnaz - Leytron - Valais
28/08/2024,16/11/2024,23/11/2024,833.00,HRZCMWX,60 m² Appartement ∙ 1 chambre ∙ 4 personnes,Ovronnaz - Leytron - Valais
28/08/2024,23/11/2024,30/11/2024,833.00,HRZCMWX,60 m² Appartement ∙ 1 chambre ∙ 4 personnes,Ovronnaz - Leytron - Valais
28/08/2024,30/11/2024,07/12/2024,833.00,HRZCMWX,60 m² Appartement ∙ 1 chambre ∙ 4 personnes,Ovronnaz - Leytron - Valais
28/08/2024,07/12/2024,14/12/2024,833.00,HRZCMWX,60 m² Appartement ∙ 1 chambre ∙ 4 personnes,Ovronnaz - Leytron - Valais
28/08/2024,14/12/2024,21/12/2024,833.00,HRZCMWX,60 m² Appartement ∙ 1 chambre ∙ 4 personnes,Ovronnaz - Leytron - Valais
28/08/2024,21/12/2024,28/12/2024,1265.00,HRZCMWX,60 m² Appartement ∙ 1 chambre ∙ 4 personnes,Ovronnaz - Leytron - Valais
28/08/2024,28/12/2024,04/01/2025,1477.00,HRZCMWX,60 m² Appartement ∙ 1 chambre ∙ 4 personnes,Ovronnaz - Leytron - Valais
28/08/2024,04/01/2025,11/01/2025,833.00,HRZCMWX,60 m² Appartement ∙ 1 chambre ∙ 4 personnes,Ovronnaz - Leytron - Valais
28/08/2024,01/03/2025,08/03/2025,1409.00,HRZCMWX,60 m² Appartement ∙ 1 chambre ∙ 4 personnes,Ovronnaz - Leytron - Valais
28/08/2024,08/03/2025,15/03/2025,833.00,HRZCMWX,60 m² Appartement ∙ 1 chambre ∙ 4 personnes,Ovronnaz - Leytron - Valais
28/08/2024,15/03/2025,22/03/2025,833.00,HRZCMWX,60 m² Appartement ∙ 1 chambre ∙ 4 personnes,Ovronnaz - Leytron - Valais
28/08/2024,22/03/2025,29/03/2025,833.00,HRZCMWX,60 m² Appartement ∙ 1 chambre ∙ 4 personnes,Ovronnaz - Leytron - Valais
28/08/2024,14/09/2024,21/09/2024,866.99,HW8S7ZH,125 m² Appartement ∙ 2 chambres ∙ 6 personnes,Veysonnaz - Valais
28/08/2024,21/09/2024,28/09/2024,866.99,HW8S7ZH,125 m² Appartement ∙ 2 chambres ∙ 6 personnes,Veysonnaz - Valais
28/08/2024,28/09/2024,05/10/2024,866.99,HW8S7ZH,125 m² Appartement ∙ 2 chambres ∙ 6 personnes,Veysonnaz - Valais
28/08/2024,05/10/2024,12/10/2024,866.99,HW8S7ZH,125 m² Appartement ∙ 2 chambres ∙ 6 personnes,Veysonnaz - Valais
28/08/2024,12/10/2024,19/10/2024,866.99,HW8S7ZH,125 m² Appartement ∙ 2 chambres ∙ 6 personnes,Veysonnaz - Valais
28/08/2024,19/10/2024,26/10/2024,866.99,HW8S7ZH,125 m² Appartement ∙ 2 chambres ∙ 6 personnes,Veysonnaz - Valais
28/08/2024,26/10/2024,02/11/2024,866.99,HW8S7ZH,125 m² Appartement ∙ 2 chambres ∙ 6 personnes,Veysonnaz - Valais
28/08/2024,02/11/2024,09/11/2024,866.99,HW8S7ZH,125 m² Appartement ∙ 2 chambres ∙ 6 personnes,Veysonnaz - Valais
28/08/2024,09/11/2024,16/11/2024,866.99,HW8S7ZH,125 m² Appartement ∙ 2 chambres ∙ 6 personnes,Veysonnaz - Valais
28/08/2024,16/11/2024,23/11/2024,866.99,HW8S7ZH,125 m² Appartement ∙ 2 chambres ∙ 6 personnes,Veysonnaz - Valais
28/08/2024,23/11/2024,30/11/2024,1679.44,HW8S7ZH,125 m² Appartement ∙ 2 chambres ∙ 6 personnes,Veysonnaz - Valais
28/08/2024,30/11/2024,07/12/2024,1679.44,HW8S7ZH,125 m² Appartement ∙ 2 chambres ∙ 6 personnes,Veysonnaz - Valais
28/08/2024,07/12/2024,14/12/2024,1679.44,HW8S7ZH,125 m² Appartement ∙ 2 chambres ∙ 6 personnes,Veysonnaz - Valais
28/08/2024,14/12/2024,21/12/2024,1679.44,HW8S7ZH,125 m² Appartement ∙ 2 chambres ∙ 6 personnes,Veysonnaz - Valais
28/08/2024,21/12/2024,28/12/2024,2533.39,HW8S7ZH,125 m² Appartement ∙ 2 chambres ∙ 6 personnes,Veysonnaz - Valais
28/08/2024,28/12/2024,04/01/2025,3795.34,HW8S7ZH,125 m² Appartement ∙ 2 chambres ∙ 6 personnes,Veysonnaz - Valais
28/08/2024,08/02/2025,15/02/2025,2533.39,HW8S7ZH,125 m² Appartement ∙ 2 chambres ∙ 6 personnes,Veysonnaz - Valais
28/08/2024,15/02/2025,22/02/2025,2533.39,HW8S7ZH,125 m² Appartement ∙ 2 chambres ∙ 6 personnes,Veysonnaz - Valais
28/08/2024,22/02/2025,01/03/2025,3795.34,HW8S7ZH,125 m² Appartement ∙ 2 chambres ∙ 6 personnes,Veysonnaz - Valais
28/08/2024,01/03/2025,08/03/2025,3795.34,HW8S7ZH,125 m² Appartement ∙ 2 chambres ∙ 6 personnes,Veysonnaz - Valais
28/08/2024,08/03/2025,15/03/2025,3795.34,HW8S7ZH,125 m² Appartement ∙ 2 chambres ∙ 6 personnes,Veysonnaz - Valais
28/08/2024,15/03/2025,22/03/2025,1679.44,HW8S7ZH,125 m² Appartement ∙ 2 chambres ∙ 6 personnes,Veysonnaz - Valais
28/08/2024,22/03/2025,29/03/2025,1679.44,HW8S7ZH,125 m² Appartement ∙ 2 chambres ∙ 6 personnes,Veysonnaz - Valais
28/08/2024,29/03/2025,05/04/2025,1679.44,HW8S7ZH,125 m² Appartement ∙ 2 chambres ∙ 6 personnes,Veysonnaz - Valais
28/08/2024,05/04/2025,12/04/2025,1828.88,HW8S7ZH,125 m² Appartement ∙ 2 chambres ∙ 6 personnes,Veysonnaz - Valais
28/08/2024,12/04/2025,19/04/2025,1828.88,HW8S7ZH,125 m² Appartement ∙ 2 chambres ∙ 6 personnes,Veysonnaz - Valais
28/08/2024,19/04/2025,26/04/2025,1679.44,HW8S7ZH,125 m² Appartement ∙ 2 chambres ∙ 6 personnes,Veysonnaz - Valais
28/08/2024,07/09/2024,14/09/2024,1202.65,HZDLK7H,74 m² Appartement ∙ 2 chambres ∙ 6 personnes,Zinal - Ayer - Valais
28/08/2024,12/10/2024,19/10/2024,1202.65,HZDLK7H,74 m² Appartement ∙ 2 chambres ∙ 6 personnes,Zinal - Ayer - Valais
28/08/2024,19/10/2024,26/10/2024,1202.65,HZDLK7H,74 m² Appartement ∙ 2 chambres ∙ 6 personnes,Zinal - Ayer - Valais
28/08/2024,26/10/2024,02/11/2024,1202.65,HZDLK7H,74 m² Appartement ∙ 2 chambres ∙ 6 personnes,Zinal - Ayer - Valais
28/08/2024,02/11/2024,09/11/2024,1202.65,HZDLK7H,74 m² Appartement ∙ 2 chambres ∙ 6 personnes,Zinal - Ayer - Valais
28/08/2024,09/11/2024,16/11/2024,1202.65,HZDLK7H,74 m² Appartement ∙ 2 chambres ∙ 6 personnes,Zinal - Ayer - Valais
28/08/2024,16/11/2024,23/11/2024,1202.65,HZDLK7H,74 m² Appartement ∙ 2 chambres ∙ 6 personnes,Zinal - Ayer - Valais
28/08/2024,04/01/2025,11/01/2025,2191.81,HZDLK7H,74 m² Appartement ∙ 2 chambres ∙ 6 personnes,Zinal - Ayer - Valais
28/08/2024,11/01/2025,18/01/2025,2191.81,HZDLK7H,74 m² Appartement ∙ 2 chambres ∙ 6 personnes,Zinal - Ayer - Valais
28/08/2024,25/01/2025,01/02/2025,2206.04,HZDLK7H,74 m² Appartement ∙ 2 chambres ∙ 6 personnes,Zinal - Ayer - Valais
28/08/2024,22/02/2025,01/03/2025,4127.43,HZDLK7H,74 m² Appartement ∙ 2 chambres ∙ 6 personnes,Zinal - Ayer - Valais
28/08/2024,08/03/2025,15/03/2025,4127.43,HZDLK7H,74 m² Appartement ∙ 2 chambres ∙ 6 personnes,Zinal - Ayer - Valais
28/08/2024,15/03/2025,22/03/2025,2191.81,HZDLK7H,74 m² Appartement ∙ 2 chambres ∙ 6 personnes,Zinal - Ayer - Valais
28/08/2024,22/03/2025,29/03/2025,2191.81,HZDLK7H,74 m² Appartement ∙ 2 chambres ∙ 6 personnes,Zinal - Ayer - Valais
28/08/2024,29/03/2025,05/04/2025,2191.81,HZDLK7H,74 m² Appartement ∙ 2 chambres ∙ 6 personnes,Zinal - Ayer - Valais
28/08/2024,12/04/2025,19/04/2025,2206.04,HZDLK7H,74 m² Appartement ∙ 2 chambres ∙ 6 personnes,Zinal - Ayer - Valais
28/08/2024,19/04/2025,26/04/2025,2191.81,HZDLK7H,74 m² Appartement ∙ 2 chambres ∙ 6 personnes,Zinal - Ayer - Valais
28/08/2024,14/12/2024,21/12/2024,803.25,HMHW8DV,34 m² Appartement ∙ 1 chambre ∙ 4 personnes,Zinal - Ayer - Valais
28/08/2024,21/12/2024,28/12/2024,1811.25,HMHW8DV,34 m² Appartement ∙ 1 chambre ∙ 4 personnes,Zinal - Ayer - Valais
28/08/2024,04/01/2025,11/01/2025,916.65,HMHW8DV,34 m² Appartement ∙ 1 chambre ∙ 4 personnes,Zinal - Ayer - Valais
28/08/2024,18/01/2025,25/01/2025,1053.15,HMHW8DV,34 m² Appartement ∙ 1 chambre ∙ 4 personnes,Zinal - Ayer - Valais
28/08/2024,25/01/2025,01/02/2025,1053.15,HMHW8DV,34 m² Appartement ∙ 1 chambre ∙ 4 personnes,Zinal - Ayer - Valais
28/08/2024,08/02/2025,15/02/2025,1811.25,HMHW8DV,34 m² Appartement ∙ 1 chambre ∙ 4 personnes,Zinal - Ayer - Valais
28/08/2024,22/02/2025,01/03/2025,2287.95,HMHW8DV,34 m² Appartement ∙ 1 chambre ∙ 4 personnes,Zinal - Ayer - Valais
28/08/2024,08/03/2025,15/03/2025,1053.15,HMHW8DV,34 m² Appartement ∙ 1 chambre ∙ 4 personnes,Zinal - Ayer - Valais
28/08/2024,15/03/2025,22/03/2025,916.65,HMHW8DV,34 m² Appartement ∙ 1 chambre ∙ 4 personnes,Zinal - Ayer - Valais
28/08/2024,22/03/2025,29/03/2025,916.65,HMHW8DV,34 m² Appartement ∙ 1 chambre ∙ 4 personnes,Zinal - Ayer - Valais
28/08/2024,29/03/2025,05/04/2025,803.25,HMHW8DV,34 m² Appartement ∙ 1 chambre ∙ 4 personnes,Zinal - Ayer - Valais
28/08/2024,05/04/2025,12/04/2025,1053.15,HMHW8DV,34 m² Appartement ∙ 1 chambre ∙ 4 personnes,Zinal - Ayer - Valais
28/08/2024,12/04/2025,19/04/2025,916.65,HMHW8DV,34 m² Appartement ∙ 1 chambre ∙ 4 personnes,Zinal - Ayer - Valais
28/08/2024,31/08/2024,07/09/2024,924.97,HAW3PSD,54 m² Appartement ∙ 2 chambres ∙ 5 personnes,Zinal - Ayer - Valais
28/08/2024,07/09/2024,14/09/2024,924.97,HAW3PSD,54 m² Appartement ∙ 2 chambres ∙ 5 personnes,Zinal - Ayer - Valais
28/08/2024,14/09/2024,21/09/2024,924.97,HAW3PSD,54 m² Appartement ∙ 2 chambres ∙ 5 personnes,Zinal - Ayer - Valais
28/08/2024,21/09/2024,28/09/2024,924.97,HAW3PSD,54 m² Appartement ∙ 2 chambres ∙ 5 personnes,Zinal - Ayer - Valais
28/08/2024,28/09/2024,05/10/2024,924.97,HAW3PSD,54 m² Appartement ∙ 2 chambres ∙ 5 personnes,Zinal - Ayer - Valais
28/08/2024,05/10/2024,12/10/2024,924.97,HAW3PSD,54 m² Appartement ∙ 2 chambres ∙ 5 personnes,Zinal - Ayer - Valais
28/08/2024,12/10/2024,19/10/2024,924.97,HAW3PSD,54 m² Appartement ∙ 2 chambres ∙ 5 personnes,Zinal - Ayer - Valais
28/08/2024,19/10/2024,26/10/2024,924.97,HAW3PSD,54 m² Appartement ∙ 2 chambres ∙ 5 personnes,Zinal - Ayer - Valais
28/08/2024,26/10/2024,02/11/2024,924.97,HAW3PSD,54 m² Appartement ∙ 2 chambres ∙ 5 personnes,Zinal - Ayer - Valais
28/08/2024,02/11/2024,09/11/2024,924.97,HAW3PSD,54 m² Appartement ∙ 2 chambres ∙ 5 personnes,Zinal - Ayer - Valais
28/08/2024,09/11/2024,16/11/2024,924.97,HAW3PSD,54 m² Appartement ∙ 2 chambres ∙ 5 personnes,Zinal - Ayer - Valais
28/08/2024,16/11/2024,23/11/2024,924.97,HAW3PSD,54 m² Appartement ∙ 2 chambres ∙ 5 personnes,Zinal - Ayer - Valais
28/08/2024,23/11/2024,30/11/2024,924.97,HAW3PSD,54 m² Appartement ∙ 2 chambres ∙ 5 personnes,Zinal - Ayer - Valais
28/08/2024,30/11/2024,07/12/2024,924.97,HAW3PSD,54 m² Appartement ∙ 2 chambres ∙ 5 personnes,Zinal - Ayer - Valais
28/08/2024,07/12/2024,14/12/2024,924.97,HAW3PSD,54 m² Appartement ∙ 2 chambres ∙ 5 personnes,Zinal - Ayer - Valais
28/08/2024,14/12/2024,21/12/2024,924.97,HAW3PSD,54 m² Appartement ∙ 2 chambres ∙ 5 personnes,Zinal - Ayer - Valais
28/08/2024,21/12/2024,28/12/2024,924.97,HAW3PSD,54 m² Appartement ∙ 2 chambres ∙ 5 personnes,Zinal - Ayer - Valais
28/08/2024,11/01/2025,18/01/2025,924.97,HAW3PSD,54 m² Appartement ∙ 2 chambres ∙ 5 personnes,Zinal - Ayer - Valais
28/08/2024,18/01/2025,25/01/2025,924.97,HAW3PSD,54 m² Appartement ∙ 2 chambres ∙ 5 personnes,Zinal - Ayer - Valais
28/08/2024,25/01/2025,01/02/2025,924.97,HAW3PSD,54 m² Appartement ∙ 2 chambres ∙ 5 personnes,Zinal - Ayer - Valais
28/08/2024,15/03/2025,22/03/2025,924.97,HAW3PSD,54 m² Appartement ∙ 2 chambres ∙ 5 personnes,Zinal - Ayer - Valais
28/08/2024,22/03/2025,29/03/2025,924.97,HAW3PSD,54 m² Appartement ∙ 2 chambres ∙ 5 personnes,Zinal - Ayer - Valais
28/08/2024,31/08/2024,07/09/2024,432,HTJ0USD,2 room,2 roomZinal - Ayer - Valais
28/08/2024,07/09/2024,14/09/2024,422.00,HTJ0USD,2 room,2 roomZinal - Ayer - Valais
28/08/2024,14/09/2024,21/09/2024,473.00,HTJ0USD,2 room,2 roomZinal - Ayer - Valais
28/08/2024,21/09/2024,28/09/2024,473.00,HTJ0USD,2 room,2 roomZinal - Ayer - Valais
28/08/2024,28/09/2024,05/10/2024,473.00,HTJ0USD,2 room,2 roomZinal - Ayer - Valais
28/08/2024,05/10/2024,12/10/2024,679.00,HTJ0USD,2 room,2 roomZinal - Ayer - Valais
28/08/2024,12/10/2024,19/10/2024,679.00,HTJ0USD,2 room,2 roomZinal - Ayer - Valais
28/08/2024,19/10/2024,26/10/2024,473.00,HTJ0USD,2 room,2 roomZinal - Ayer - Valais
28/08/2024,14/12/2024,21/12/2024,804.00,HTJ0USD,2 room,2 roomZinal - Ayer - Valais
28/08/2024,21/12/2024,28/12/2024,1812.00,HTJ0USD,2 room,2 roomZinal - Ayer - Valais
28/08/2024,04/01/2025,11/01/2025,918.00,HTJ0USD,2 room,2 roomZinal - Ayer - Valais
28/08/2024,18/01/2025,25/01/2025,1054.00,HTJ0USD,2 room,2 roomZinal - Ayer - Valais
28/08/2024,25/01/2025,01/02/2025,1054.00,HTJ0USD,2 room,2 roomZinal - Ayer - Valais
28/08/2024,08/02/2025,15/02/2025,1812.00,HTJ0USD,2 room,2 roomZinal - Ayer - Valais
28/08/2024,22/02/2025,01/03/2025,2290.00,HTJ0USD,2 room,2 roomZinal - Ayer - Valais
28/08/2024,08/03/2025,15/03/2025,1054.00,HTJ0USD,2 room,2 roomZinal - Ayer - Valais
28/08/2024,15/03/2025,22/03/2025,918.00,HTJ0USD,2 room,2 roomZinal - Ayer - Valais
28/08/2024,22/03/2025,29/03/2025,918.00,HTJ0USD,2 room,2 roomZinal - Ayer - Valais
28/08/2024,29/03/2025,05/04/2025,804.00,HTJ0USD,2 room,2 roomZinal - Ayer - Valais
28/08/2024,05/04/2025,12/04/2025,1054.00,HTJ0USD,2 room,2 roomZinal - Ayer - Valais
28/08/2024,12/04/2025,19/04/2025,918.00,HTJ0USD,2 room,2 roomZinal - Ayer - Valais
28/08/2024,31/08/2024,07/09/2024,1533.44,HXPKEVZ,74 m² Appartement ∙ 2 chambres ∙ 5 personnes,Zinal - Ayer - Valais
28/08/2024,07/09/2024,14/09/2024,1533.44,HXPKEVZ,74 m² Appartement ∙ 2 chambres ∙ 5 personnes,Zinal - Ayer - Valais
28/08/2024,14/09/2024,21/09/2024,1533.44,HXPKEVZ,74 m² Appartement ∙ 2 chambres ∙ 5 personnes,Zinal - Ayer - Valais
28/08/2024,21/09/2024,28/09/2024,1533.44,HXPKEVZ,74 m² Appartement ∙ 2 chambres ∙ 5 personnes,Zinal - Ayer - Valais
28/08/2024,28/09/2024,05/10/2024,1533.44,HXPKEVZ,74 m² Appartement ∙ 2 chambres ∙ 5 personnes,Zinal - Ayer - Valais
28/08/2024,05/10/2024,12/10/2024,1533.44,HXPKEVZ,74 m² Appartement ∙ 2 chambres ∙ 5 personnes,Zinal - Ayer - Valais
28/08/2024,12/10/2024,19/10/2024,1533.44,HXPKEVZ,74 m² Appartement ∙ 2 chambres ∙ 5 personnes,Zinal - Ayer - Valais
28/08/2024,19/10/2024,26/10/2024,1533.44,HXPKEVZ,74 m² Appartement ∙ 2 chambres ∙ 5 personnes,Zinal - Ayer - Valais
28/08/2024,26/10/2024,02/11/2024,1533.44,HXPKEVZ,74 m² Appartement ∙ 2 chambres ∙ 5 personnes,Zinal - Ayer - Valais
28/08/2024,02/11/2024,09/11/2024,1533.44,HXPKEVZ,74 m² Appartement ∙ 2 chambres ∙ 5 personnes,Zinal - Ayer - Valais
28/08/2024,09/11/2024,16/11/2024,1533.44,HXPKEVZ,74 m² Appartement ∙ 2 chambres ∙ 5 personnes,Zinal - Ayer - Valais
28/08/2024,16/11/2024,23/11/2024,1533.44,HXPKEVZ,74 m² Appartement ∙ 2 chambres ∙ 5 personnes,Zinal - Ayer - Valais
28/08/2024,23/11/2024,30/11/2024,1533.44,HXPKEVZ,74 m² Appartement ∙ 2 chambres ∙ 5 personnes,Zinal - Ayer - Valais
28/08/2024,31/08/2024,07/09/2024,1590.00,HGB6MA1,Maison de vacances ∙ 3 chambres ∙ 6 personnes,Zinal - Ayer - Valais
28/08/2024,07/09/2024,14/09/2024,1590.00,HGB6MA1,Maison de vacances ∙ 3 chambres ∙ 6 personnes,Zinal - Ayer - Valais
28/08/2024,14/09/2024,21/09/2024,1590.00,HGB6MA1,Maison de vacances ∙ 3 chambres ∙ 6 personnes,Zinal - Ayer - Valais
28/08/2024,21/09/2024,28/09/2024,1590.00,HGB6MA1,Maison de vacances ∙ 3 chambres ∙ 6 personnes,Zinal - Ayer - Valais
28/08/2024,28/09/2024,05/10/2024,1590.00,HGB6MA1,Maison de vacances ∙ 3 chambres ∙ 6 personnes,Zinal - Ayer - Valais
28/08/2024,05/10/2024,12/10/2024,1590.00,HGB6MA1,Maison de vacances ∙ 3 chambres ∙ 6 personnes,Zinal - Ayer - Valais
28/08/2024,12/10/2024,19/10/2024,1590.00,HGB6MA1,Maison de vacances ∙ 3 chambres ∙ 6 personnes,Zinal - Ayer - Valais
28/08/2024,19/10/2024,26/10/2024,1590.00,HGB6MA1,Maison de vacances ∙ 3 chambres ∙ 6 personnes,Zinal - Ayer - Valais
28/08/2024,26/10/2024,02/11/2024,1590.00,HGB6MA1,Maison de vacances ∙ 3 chambres ∙ 6 personnes,Zinal - Ayer - Valais
28/08/2024,02/11/2024,09/11/2024,1590.00,HGB6MA1,Maison de vacances ∙ 3 chambres ∙ 6 personnes,Zinal - Ayer - Valais
28/08/2024,09/11/2024,16/11/2024,1590.00,HGB6MA1,Maison de vacances ∙ 3 chambres ∙ 6 personnes,Zinal - Ayer - Valais
28/08/2024,30/11/2024,07/12/2024,1590.00,HGB6MA1,Maison de vacances ∙ 3 chambres ∙ 6 personnes,Zinal - Ayer - Valais
28/08/2024,07/12/2024,14/12/2024,1590.00,HGB6MA1,Maison de vacances ∙ 3 chambres ∙ 6 personnes,Zinal - Ayer - Valais
28/08/2024,14/12/2024,21/12/2024,1818.00,HGB6MA1,Maison de vacances ∙ 3 chambres ∙ 6 personnes,Zinal - Ayer - Valais
28/08/2024,11/01/2025,18/01/2025,1818.00,HGB6MA1,Maison de vacances ∙ 3 chambres ∙ 6 personnes,Zinal - Ayer - Valais
28/08/2024,18/01/2025,25/01/2025,1818.00,HGB6MA1,Maison de vacances ∙ 3 chambres ∙ 6 personnes,Zinal - Ayer - Valais
28/08/2024,25/01/2025,01/02/2025,1818.00,HGB6MA1,Maison de vacances ∙ 3 chambres ∙ 6 personnes,Zinal - Ayer - Valais
28/08/2024,01/02/2025,08/02/2025,1932.00,HGB6MA1,Maison de vacances ∙ 3 chambres ∙ 6 personnes,Zinal - Ayer - Valais
28/08/2024,15/03/2025,22/03/2025,1818.00,HGB6MA1,Maison de vacances ∙ 3 chambres ∙ 6 personnes,Zinal - Ayer - Valais
28/08/2024,22/03/2025,29/03/2025,1818.00,HGB6MA1,Maison de vacances ∙ 3 chambres ∙ 6 personnes,Zinal - Ayer - Valais
28/08/2024,29/03/2025,05/04/2025,1818.00,HGB6MA1,Maison de vacances ∙ 3 chambres ∙ 6 personnes,Zinal - Ayer - Valais
28/08/2024,05/04/2025,12/04/2025,1590.00,HGB6MA1,Maison de vacances ∙ 3 chambres ∙ 6 personnes,Zinal - Ayer - Valais
28/08/2024,12/04/2025,19/04/2025,1590.00,HGB6MA1,Maison de vacances ∙ 3 chambres ∙ 6 personnes,Zinal - Ayer - Valais
28/08/2024,19/04/2025,26/04/2025,1590.00,HGB6MA1,Maison de vacances ∙ 3 chambres ∙ 6 personnes,Zinal - Ayer - Valais
28/08/2024,26/04/2025,03/05/2025,1590.00,HGB6MA1,Maison de vacances ∙ 3 chambres ∙ 6 personnes,Zinal - Ayer - Valais
28/08/2024,03/05/2025,10/05/2025,1590.00,HGB6MA1,Maison de vacances ∙ 3 chambres ∙ 6 personnes,Zinal - Ayer - Valais
28/08/2024,10/05/2025,17/05/2025,1590.00,HGB6MA1,Maison de vacances ∙ 3 chambres ∙ 6 personnes,Zinal - Ayer - Valais
28/08/2024,07/09/2024,14/09/2024,1486.00,HDZV9EN,Maison de vacances ∙ 3 chambres ∙ 6 personnes,Zinal - Ayer - Valais
28/08/2024,14/09/2024,21/09/2024,1486.00,HDZV9EN,Maison de vacances ∙ 3 chambres ∙ 6 personnes,Zinal - Ayer - Valais
28/08/2024,21/09/2024,28/09/2024,1486.00,HDZV9EN,Maison de vacances ∙ 3 chambres ∙ 6 personnes,Zinal - Ayer - Valais
28/08/2024,28/09/2024,05/10/2024,1486.00,HDZV9EN,Maison de vacances ∙ 3 chambres ∙ 6 personnes,Zinal - Ayer - Valais
28/08/2024,05/10/2024,12/10/2024,1486.00,HDZV9EN,Maison de vacances ∙ 3 chambres ∙ 6 personnes,Zinal - Ayer - Valais
28/08/2024,26/10/2024,02/11/2024,1486.00,HDZV9EN,Maison de vacances ∙ 3 chambres ∙ 6 personnes,Zinal - Ayer - Valais
28/08/2024,02/11/2024,09/11/2024,1486.00,HDZV9EN,Maison de vacances ∙ 3 chambres ∙ 6 personnes,Zinal - Ayer - Valais
28/08/2024,09/11/2024,16/11/2024,1486.00,HDZV9EN,Maison de vacances ∙ 3 chambres ∙ 6 personnes,Zinal - Ayer - Valais
28/08/2024,16/11/2024,23/11/2024,1486.00,HDZV9EN,Maison de vacances ∙ 3 chambres ∙ 6 personnes,Zinal - Ayer - Valais
28/08/2024,23/11/2024,30/11/2024,1486.00,HDZV9EN,Maison de vacances ∙ 3 chambres ∙ 6 personnes,Zinal - Ayer - Valais
28/08/2024,30/11/2024,07/12/2024,1486.00,HDZV9EN,Maison de vacances ∙ 3 chambres ∙ 6 personnes,Zinal - Ayer - Valais
28/08/2024,07/12/2024,14/12/2024,1486.00,HDZV9EN,Maison de vacances ∙ 3 chambres ∙ 6 personnes,Zinal - Ayer - Valais
28/08/2024,14/12/2024,21/12/2024,1790.00,HDZV9EN,Maison de vacances ∙ 3 chambres ∙ 6 personnes,Zinal - Ayer - Valais
28/08/2024,21/12/2024,28/12/2024,1941.00,HDZV9EN,Maison de vacances ∙ 3 chambres ∙ 6 personnes,Zinal - Ayer - Valais
28/08/2024,04/01/2025,11/01/2025,1790.00,HDZV9EN,Maison de vacances ∙ 3 chambres ∙ 6 personnes,Zinal - Ayer - Valais
28/08/2024,11/01/2025,18/01/2025,1790.00,HDZV9EN,Maison de vacances ∙ 3 chambres ∙ 6 personnes,Zinal - Ayer - Valais
28/08/2024,18/01/2025,25/01/2025,1790.00,HDZV9EN,Maison de vacances ∙ 3 chambres ∙ 6 personnes,Zinal - Ayer - Valais
28/08/2024,25/01/2025,01/02/2025,1790.00,HDZV9EN,Maison de vacances ∙ 3 chambres ∙ 6 personnes,Zinal - Ayer - Valais
28/08/2024,08/03/2025,15/03/2025,1828.00,HDZV9EN,Maison de vacances ∙ 3 chambres ∙ 6 personnes,Zinal - Ayer - Valais
28/08/2024,15/03/2025,22/03/2025,1790.00,HDZV9EN,Maison de vacances ∙ 3 chambres ∙ 6 personnes,Zinal - Ayer - Valais
28/08/2024,22/03/2025,29/03/2025,1790.00,HDZV9EN,Maison de vacances ∙ 3 chambres ∙ 6 personnes,Zinal - Ayer - Valais
28/08/2024,29/03/2025,05/04/2025,1790.00,HDZV9EN,Maison de vacances ∙ 3 chambres ∙ 6 personnes,Zinal - Ayer - Valais
28/08/2024,05/04/2025,12/04/2025,1486.00,HDZV9EN,Maison de vacances ∙ 3 chambres ∙ 6 personnes,Zinal - Ayer - Valais
28/08/2024,26/04/2025,03/05/2025,1486.00,HDZV9EN,Maison de vacances ∙ 3 chambres ∙ 6 personnes,Zinal - Ayer - Valais
28/08/2024,03/05/2025,10/05/2025,1486.00,HDZV9EN,Maison de vacances ∙ 3 chambres ∙ 6 personnes,Zinal - Ayer - Valais
28/08/2024,10/05/2025,17/05/2025,1486.00,HDZV9EN,Maison de vacances ∙ 3 chambres ∙ 6 personnes,Zinal - Ayer - Valais
28/08/2024,14/09/2024,21/09/2024,1368.00,HFCVA6T,85 m² Appartement ∙ 3 chambres ∙ 6 personnes,Zinal - Ayer - Valais
28/08/2024,21/09/2024,28/09/2024,1368.00,HFCVA6T,85 m² Appartement ∙ 3 chambres ∙ 6 personnes,Zinal - Ayer - Valais
28/08/2024,28/09/2024,05/10/2024,1368.00,HFCVA6T,85 m² Appartement ∙ 3 chambres ∙ 6 personnes,Zinal - Ayer - Valais
28/08/2024,05/10/2024,12/10/2024,1368.00,HFCVA6T,85 m² Appartement ∙ 3 chambres ∙ 6 personnes,Zinal - Ayer - Valais
28/08/2024,12/10/2024,19/10/2024,1368.00,HFCVA6T,85 m² Appartement ∙ 3 chambres ∙ 6 personnes,Zinal - Ayer - Valais
28/08/2024,19/10/2024,26/10/2024,1368.00,HFCVA6T,85 m² Appartement ∙ 3 chambres ∙ 6 personnes,Zinal - Ayer - Valais
28/08/2024,26/10/2024,02/11/2024,1368.00,HFCVA6T,85 m² Appartement ∙ 3 chambres ∙ 6 personnes,Zinal - Ayer - Valais
28/08/2024,02/11/2024,09/11/2024,1368.00,HFCVA6T,85 m² Appartement ∙ 3 chambres ∙ 6 personnes,Zinal - Ayer - Valais
28/08/2024,09/11/2024,16/11/2024,1368.00,HFCVA6T,85 m² Appartement ∙ 3 chambres ∙ 6 personnes,Zinal - Ayer - Valais
28/08/2024,16/11/2024,23/11/2024,1368.00,HFCVA6T,85 m² Appartement ∙ 3 chambres ∙ 6 personnes,Zinal - Ayer - Valais
28/08/2024,23/11/2024,30/11/2024,1368.00,HFCVA6T,85 m² Appartement ∙ 3 chambres ∙ 6 personnes,Zinal - Ayer - Valais
28/08/2024,30/11/2024,07/12/2024,1368.00,HFCVA6T,85 m² Appartement ∙ 3 chambres ∙ 6 personnes,Zinal - Ayer - Valais
28/08/2024,07/12/2024,14/12/2024,1368.00,HFCVA6T,85 m² Appartement ∙ 3 chambres ∙ 6 personnes,Zinal - Ayer - Valais
28/08/2024,21/12/2024,28/12/2024,1891.00,HFCVA6T,85 m² Appartement ∙ 3 chambres ∙ 6 personnes,Zinal - Ayer - Valais
28/08/2024,04/01/2025,11/01/2025,1573.00,HFCVA6T,85 m² Appartement ∙ 3 chambres ∙ 6 personnes,Zinal - Ayer - Valais
28/08/2024,25/01/2025,01/02/2025,1573.00,HFCVA6T,85 m² Appartement ∙ 3 chambres ∙ 6 personnes,Zinal - Ayer - Valais
28/08/2024,08/03/2025,15/03/2025,1717.00,HFCVA6T,85 m² Appartement ∙ 3 chambres ∙ 6 personnes,Zinal - Ayer - Valais
28/08/2024,15/03/2025,22/03/2025,1573.00,HFCVA6T,85 m² Appartement ∙ 3 chambres ∙ 6 personnes,Zinal - Ayer - Valais
28/08/2024,22/03/2025,29/03/2025,1573.00,HFCVA6T,85 m² Appartement ∙ 3 chambres ∙ 6 personnes,Zinal - Ayer - Valais
28/08/2024,29/03/2025,05/04/2025,1573.00,HFCVA6T,85 m² Appartement ∙ 3 chambres ∙ 6 personnes,Zinal - Ayer - Valais
28/08/2024,05/04/2025,12/04/2025,1368.00,HFCVA6T,85 m² Appartement ∙ 3 chambres ∙ 6 personnes,Zinal - Ayer - Valais
28/08/2024,26/04/2025,03/05/2025,1368.00,HFCVA6T,85 m² Appartement ∙ 3 chambres ∙ 6 personnes,Zinal - Ayer - Valais
28/08/2024,03/05/2025,10/05/2025,1368.00,HFCVA6T,85 m² Appartement ∙ 3 chambres ∙ 6 personnes,Zinal - Ayer - Valais
28/08/2024,10/05/2025,17/05/2025,1368.00,HFCVA6T,85 m² Appartement ∙ 3 chambres ∙ 6 personnes,Zinal - Ayer - Valais
28/08/2024,05/10/2024,12/10/2024,562.00,H6YAT9K,28 m² Appartement ∙ 1 chambre ∙ 2 personnes,Zinal - Ayer - Valais
28/08/2024,12/10/2024,19/10/2024,562.00,H6YAT9K,28 m² Appartement ∙ 1 chambre ∙ 2 personnes,Zinal - Ayer - Valais
28/08/2024,19/10/2024,26/10/2024,562.00,H6YAT9K,28 m² Appartement ∙ 1 chambre ∙ 2 personnes,Zinal - Ayer - Valais
28/08/2024,26/10/2024,02/11/2024,562.00,H6YAT9K,28 m² Appartement ∙ 1 chambre ∙ 2 personnes,Zinal - Ayer - Valais
28/08/2024,02/11/2024,09/11/2024,562.00,H6YAT9K,28 m² Appartement ∙ 1 chambre ∙ 2 personnes,Zinal - Ayer - Valais
28/08/2024,09/11/2024,16/11/2024,562.00,H6YAT9K,28 m² Appartement ∙ 1 chambre ∙ 2 personnes,Zinal - Ayer - Valais
28/08/2024,16/11/2024,23/11/2024,562.00,H6YAT9K,28 m² Appartement ∙ 1 chambre ∙ 2 personnes,Zinal - Ayer - Valais
28/08/2024,23/11/2024,30/11/2024,562.00,H6YAT9K,28 m² Appartement ∙ 1 chambre ∙ 2 personnes,Zinal - Ayer - Valais
28/08/2024,30/11/2024,07/12/2024,562.00,H6YAT9K,28 m² Appartement ∙ 1 chambre ∙ 2 personnes,Zinal - Ayer - Valais
28/08/2024,07/12/2024,14/12/2024,562.00,H6YAT9K,28 m² Appartement ∙ 1 chambre ∙ 2 personnes,Zinal - Ayer - Valais
28/08/2024,14/12/2024,21/12/2024,684.00,H6YAT9K,28 m² Appartement ∙ 1 chambre ∙ 2 personnes,Zinal - Ayer - Valais
28/08/2024,21/12/2024,28/12/2024,881.00,H6YAT9K,28 m² Appartement ∙ 1 chambre ∙ 2 personnes,Zinal - Ayer - Valais
28/08/2024,01/02/2025,08/02/2025,820.00,H6YAT9K,28 m² Appartement ∙ 1 chambre ∙ 2 personnes,Zinal - Ayer - Valais
28/08/2024,08/02/2025,15/02/2025,820.00,H6YAT9K,28 m² Appartement ∙ 1 chambre ∙ 2 personnes,Zinal - Ayer - Valais
28/08/2024,22/02/2025,01/03/2025,1010.00,H6YAT9K,28 m² Appartement ∙ 1 chambre ∙ 2 personnes,Zinal - Ayer - Valais
28/08/2024,08/03/2025,15/03/2025,820.00,H6YAT9K,28 m² Appartement ∙ 1 chambre ∙ 2 personnes,Zinal - Ayer - Valais
28/08/2024,15/03/2025,22/03/2025,684.00,H6YAT9K,28 m² Appartement ∙ 1 chambre ∙ 2 personnes,Zinal - Ayer - Valais
28/08/2024,22/03/2025,29/03/2025,684.00,H6YAT9K,28 m² Appartement ∙ 1 chambre ∙ 2 personnes,Zinal - Ayer - Valais
28/08/2024,05/04/2025,12/04/2025,562.00,H6YAT9K,28 m² Appartement ∙ 1 chambre ∙ 2 personnes,Zinal - Ayer - Valais
28/08/2024,12/04/2025,19/04/2025,562.00,H6YAT9K,28 m² Appartement ∙ 1 chambre ∙ 2 personnes,Zinal - Ayer - Valais
28/08/2024,19/04/2025,26/04/2025,562.00,H6YAT9K,28 m² Appartement ∙ 1 chambre ∙ 2 personnes,Zinal - Ayer - Valais
28/08/2024,26/04/2025,03/05/2025,562.00,H6YAT9K,28 m² Appartement ∙ 1 chambre ∙ 2 personnes,Zinal - Ayer - Valais
28/08/2024,03/05/2025,10/05/2025,562.00,H6YAT9K,28 m² Appartement ∙ 1 chambre ∙ 2 personnes,Zinal - Ayer - Valais
28/08/2024,10/05/2025,17/05/2025,562.00,H6YAT9K,28 m² Appartement ∙ 1 chambre ∙ 2 personnes,Zinal - Ayer - Valais
28/08/2024,31/08/2024,07/09/2024,1358.30,H3WN8KM,72 m² Appartement ∙ 2 chambres ∙ 6 personnes,Zinal - Ayer - Valais
28/08/2024,07/09/2024,14/09/2024,1358.30,H3WN8KM,72 m² Appartement ∙ 2 chambres ∙ 6 personnes,Zinal - Ayer - Valais
28/08/2024,14/09/2024,21/09/2024,1358.30,H3WN8KM,72 m² Appartement ∙ 2 chambres ∙ 6 personnes,Zinal - Ayer - Valais
28/08/2024,21/09/2024,28/09/2024,1358.30,H3WN8KM,72 m² Appartement ∙ 2 chambres ∙ 6 personnes,Zinal - Ayer - Valais
28/08/2024,28/09/2024,05/10/2024,1358.30,H3WN8KM,72 m² Appartement ∙ 2 chambres ∙ 6 personnes,Zinal - Ayer - Valais
28/08/2024,05/10/2024,12/10/2024,1358.30,H3WN8KM,72 m² Appartement ∙ 2 chambres ∙ 6 personnes,Zinal - Ayer - Valais
28/08/2024,12/10/2024,19/10/2024,1358.30,H3WN8KM,72 m² Appartement ∙ 2 chambres ∙ 6 personnes,Zinal - Ayer - Valais
28/08/2024,19/10/2024,26/10/2024,1358.30,H3WN8KM,72 m² Appartement ∙ 2 chambres ∙ 6 personnes,Zinal - Ayer - Valais
28/08/2024,26/10/2024,02/11/2024,1358.30,H3WN8KM,72 m² Appartement ∙ 2 chambres ∙ 6 personnes,Zinal - Ayer - Valais
28/08/2024,02/11/2024,09/11/2024,1358.30,H3WN8KM,72 m² Appartement ∙ 2 chambres ∙ 6 personnes,Zinal - Ayer - Valais
28/08/2024,23/11/2024,30/11/2024,1561.84,H3WN8KM,72 m² Appartement ∙ 2 chambres ∙ 6 personnes,Zinal - Ayer - Valais
28/08/2024,30/11/2024,07/12/2024,1537.44,H3WN8KM,72 m² Appartement ∙ 2 chambres ∙ 6 personnes,Zinal - Ayer - Valais
28/08/2024,07/12/2024,14/12/2024,1537.44,H3WN8KM,72 m² Appartement ∙ 2 chambres ∙ 6 personnes,Zinal - Ayer - Valais
28/08/2024,04/01/2025,11/01/2025,1537.44,H3WN8KM,72 m² Appartement ∙ 2 chambres ∙ 6 personnes,Zinal - Ayer - Valais
28/08/2024,11/01/2025,18/01/2025,1537.44,H3WN8KM,72 m² Appartement ∙ 2 chambres ∙ 6 personnes,Zinal - Ayer - Valais
28/08/2024,08/02/2025,15/02/2025,2355.98,H3WN8KM,72 m² Appartement ∙ 2 chambres ∙ 6 personnes,Zinal - Ayer - Valais
28/08/2024,22/02/2025,01/03/2025,4278.57,H3WN8KM,72 m² Appartement ∙ 2 chambres ∙ 6 personnes,Zinal - Ayer - Valais
28/08/2024,01/03/2025,08/03/2025,4278.57,H3WN8KM,72 m² Appartement ∙ 2 chambres ∙ 6 personnes,Zinal - Ayer - Valais
28/08/2024,08/03/2025,15/03/2025,4278.57,H3WN8KM,72 m² Appartement ∙ 2 chambres ∙ 6 personnes,Zinal - Ayer - Valais
28/08/2024,15/03/2025,22/03/2025,1537.44,H3WN8KM,72 m² Appartement ∙ 2 chambres ∙ 6 personnes,Zinal - Ayer - Valais
28/08/2024,22/03/2025,29/03/2025,1537.44,H3WN8KM,72 m² Appartement ∙ 2 chambres ∙ 6 personnes,Zinal - Ayer - Valais
28/08/2024,29/03/2025,05/04/2025,1537.44,H3WN8KM,72 m² Appartement ∙ 2 chambres ∙ 6 personnes,Zinal - Ayer - Valais
28/08/2024,05/04/2025,12/04/2025,1679.80,H3WN8KM,72 m² Appartement ∙ 2 chambres ∙ 6 personnes,Zinal - Ayer - Valais
28/08/2024,12/04/2025,19/04/2025,1679.80,H3WN8KM,72 m² Appartement ∙ 2 chambres ∙ 6 personnes,Zinal - Ayer - Valais
28/08/2024,19/04/2025,26/04/2025,1537.44,H3WN8KM,72 m² Appartement ∙ 2 chambres ∙ 6 personnes,Zinal - Ayer - Valais
28/08/2024,31/08/2024,07/09/2024,1030.18,HGLV9FA,56 m² Appartement ∙ 2 chambres ∙ 6 personnes,Zinal - Ayer - Valais
28/08/2024,07/09/2024,14/09/2024,1030.18,HGLV9FA,56 m² Appartement ∙ 2 chambres ∙ 6 personnes,Zinal - Ayer - Valais
28/08/2024,14/09/2024,21/09/2024,1030.18,HGLV9FA,56 m² Appartement ∙ 2 chambres ∙ 6 personnes,Zinal - Ayer - Valais
28/08/2024,21/09/2024,28/09/2024,1030.18,HGLV9FA,56 m² Appartement ∙ 2 chambres ∙ 6 personnes,Zinal - Ayer - Valais
28/08/2024,28/09/2024,05/10/2024,1030.18,HGLV9FA,56 m² Appartement ∙ 2 chambres ∙ 6 personnes,Zinal - Ayer - Valais
28/08/2024,05/10/2024,12/10/2024,1030.18,HGLV9FA,56 m² Appartement ∙ 2 chambres ∙ 6 personnes,Zinal - Ayer - Valais
28/08/2024,12/10/2024,19/10/2024,1030.18,HGLV9FA,56 m² Appartement ∙ 2 chambres ∙ 6 personnes,Zinal - Ayer - Valais
28/08/2024,19/10/2024,26/10/2024,1030.18,HGLV9FA,56 m² Appartement ∙ 2 chambres ∙ 6 personnes,Zinal - Ayer - Valais
28/08/2024,26/10/2024,02/11/2024,1030.18,HGLV9FA,56 m² Appartement ∙ 2 chambres ∙ 6 personnes,Zinal - Ayer - Valais
28/08/2024,02/11/2024,09/11/2024,1030.18,HGLV9FA,56 m² Appartement ∙ 2 chambres ∙ 6 personnes,Zinal - Ayer - Valais
28/08/2024,09/11/2024,16/11/2024,1030.18,HGLV9FA,56 m² Appartement ∙ 2 chambres ∙ 6 personnes,Zinal - Ayer - Valais
28/08/2024,16/11/2024,23/11/2024,1030.18,HGLV9FA,56 m² Appartement ∙ 2 chambres ∙ 6 personnes,Zinal - Ayer - Valais
28/08/2024,23/11/2024,30/11/2024,1193.07,HGLV9FA,56 m² Appartement ∙ 2 chambres ∙ 6 personnes,Zinal - Ayer - Valais
28/08/2024,30/11/2024,07/12/2024,1174.43,HGLV9FA,56 m² Appartement ∙ 2 chambres ∙ 6 personnes,Zinal - Ayer - Valais
28/08/2024,07/12/2024,14/12/2024,1174.43,HGLV9FA,56 m² Appartement ∙ 2 chambres ∙ 6 personnes,Zinal - Ayer - Valais
28/08/2024,14/12/2024,21/12/2024,1174.43,HGLV9FA,56 m² Appartement ∙ 2 chambres ∙ 6 personnes,Zinal - Ayer - Valais
28/08/2024,04/01/2025,11/01/2025,1174.43,HGLV9FA,56 m² Appartement ∙ 2 chambres ∙ 6 personnes,Zinal - Ayer - Valais
28/08/2024,08/02/2025,15/02/2025,1978.74,HGLV9FA,56 m² Appartement ∙ 2 chambres ∙ 6 personnes,Zinal - Ayer - Valais
28/08/2024,22/02/2025,01/03/2025,3859.41,HGLV9FA,56 m² Appartement ∙ 2 chambres ∙ 6 personnes,Zinal - Ayer - Valais
28/08/2024,01/03/2025,08/03/2025,3859.41,HGLV9FA,56 m² Appartement ∙ 2 chambres ∙ 6 personnes,Zinal - Ayer - Valais
28/08/2024,08/03/2025,15/03/2025,3859.41,HGLV9FA,56 m² Appartement ∙ 2 chambres ∙ 6 personnes,Zinal - Ayer - Valais
28/08/2024,15/03/2025,22/03/2025,1174.43,HGLV9FA,56 m² Appartement ∙ 2 chambres ∙ 6 personnes,Zinal - Ayer - Valais
28/08/2024,22/03/2025,29/03/2025,1174.43,HGLV9FA,56 m² Appartement ∙ 2 chambres ∙ 6 personnes,Zinal - Ayer - Valais
28/08/2024,29/03/2025,05/04/2025,1174.43,HGLV9FA,56 m² Appartement ∙ 2 chambres ∙ 6 personnes,Zinal - Ayer - Valais
28/08/2024,05/04/2025,12/04/2025,1309.67,HGLV9FA,56 m² Appartement ∙ 2 chambres ∙ 6 personnes,Zinal - Ayer - Valais
28/08/2024,12/04/2025,19/04/2025,1309.67,HGLV9FA,56 m² Appartement ∙ 2 chambres ∙ 6 personnes,Zinal - Ayer - Valais
28/08/2024,19/04/2025,26/04/2025,1174.43,HGLV9FA,56 m² Appartement ∙ 2 chambres ∙ 6 personnes,Zinal - Ayer - Valais
28/08/2024,31/08/2024,07/09/2024,1976.00,HS43VP0,150 m² Maison de vacances ∙ 4 chambres ∙ 10 personnes,Zinal - Ayer - Valais
28/08/2024,07/09/2024,14/09/2024,1976.00,HS43VP0,150 m² Maison de vacances ∙ 4 chambres ∙ 10 personnes,Zinal - Ayer - Valais
28/08/2024,14/09/2024,21/09/2024,1976.00,HS43VP0,150 m² Maison de vacances ∙ 4 chambres ∙ 10 personnes,Zinal - Ayer - Valais
28/08/2024,21/09/2024,28/09/2024,1976.00,HS43VP0,150 m² Maison de vacances ∙ 4 chambres ∙ 10 personnes,Zinal - Ayer - Valais
28/08/2024,28/09/2024,05/10/2024,1976.00,HS43VP0,150 m² Maison de vacances ∙ 4 chambres ∙ 10 personnes,Zinal - Ayer - Valais
28/08/2024,05/10/2024,12/10/2024,1976.00,HS43VP0,150 m² Maison de vacances ∙ 4 chambres ∙ 10 personnes,Zinal - Ayer - Valais
28/08/2024,12/10/2024,19/10/2024,1976.00,HS43VP0,150 m² Maison de vacances ∙ 4 chambres ∙ 10 personnes,Zinal - Ayer - Valais
28/08/2024,19/10/2024,26/10/2024,1976.00,HS43VP0,150 m² Maison de vacances ∙ 4 chambres ∙ 10 personnes,Zinal - Ayer - Valais
28/08/2024,26/10/2024,02/11/2024,1976.00,HS43VP0,150 m² Maison de vacances ∙ 4 chambres ∙ 10 personnes,Zinal - Ayer - Valais
28/08/2024,02/11/2024,09/11/2024,1976.00,HS43VP0,150 m² Maison de vacances ∙ 4 chambres ∙ 10 personnes,Zinal - Ayer - Valais
28/08/2024,09/11/2024,16/11/2024,1976.00,HS43VP0,150 m² Maison de vacances ∙ 4 chambres ∙ 10 personnes,Zinal - Ayer - Valais
28/08/2024,16/11/2024,23/11/2024,1976.00,HS43VP0,150 m² Maison de vacances ∙ 4 chambres ∙ 10 personnes,Zinal - Ayer - Valais
28/08/2024,23/11/2024,30/11/2024,1976.00,HS43VP0,150 m² Maison de vacances ∙ 4 chambres ∙ 10 personnes,Zinal - Ayer - Valais
28/08/2024,30/11/2024,07/12/2024,1976.00,HS43VP0,150 m² Maison de vacances ∙ 4 chambres ∙ 10 personnes,Zinal - Ayer - Valais
28/08/2024,07/12/2024,14/12/2024,1976.00,HS43VP0,150 m² Maison de vacances ∙ 4 chambres ∙ 10 personnes,Zinal - Ayer - Valais
28/08/2024,14/12/2024,21/12/2024,2279.00,HS43VP0,150 m² Maison de vacances ∙ 4 chambres ∙ 10 personnes,Zinal - Ayer - Valais
28/08/2024,04/01/2025,11/01/2025,2279.00,HS43VP0,150 m² Maison de vacances ∙ 4 chambres ∙ 10 personnes,Zinal - Ayer - Valais
28/08/2024,05/04/2025,12/04/2025,1976.00,HS43VP0,150 m² Maison de vacances ∙ 4 chambres ∙ 10 personnes,Zinal - Ayer - Valais
28/08/2024,12/04/2025,19/04/2025,1976.00,HS43VP0,150 m² Maison de vacances ∙ 4 chambres ∙ 10 personnes,Zinal - Ayer - Valais
28/08/2024,19/04/2025,26/04/2025,1976.00,HS43VP0,150 m² Maison de vacances ∙ 4 chambres ∙ 10 personnes,Zinal - Ayer - Valais
28/08/2024,26/04/2025,03/05/2025,1976.00,HS43VP0,150 m² Maison de vacances ∙ 4 chambres ∙ 10 personnes,Zinal - Ayer - Valais
28/08/2024,03/05/2025,10/05/2025,1976.00,HS43VP0,150 m² Maison de vacances ∙ 4 chambres ∙ 10 personnes,Zinal - Ayer - Valais
28/08/2024,10/05/2025,17/05/2025,1976.00,HS43VP0,150 m² Maison de vacances ∙ 4 chambres ∙ 10 personnes,Zinal - Ayer - Valais
28/08/2024,14/12/2024,21/12/2024,954.45,HMB9PYE,41 m² Appartement ∙ 1 chambre ∙ 4 personnes,Zinal - Ayer - Valais
28/08/2024,21/12/2024,28/12/2024,2159.85,HMB9PYE,41 m² Appartement ∙ 1 chambre ∙ 4 personnes,Zinal - Ayer - Valais
28/08/2024,28/12/2024,04/01/2025,2735.25,HMB9PYE,41 m² Appartement ∙ 1 chambre ∙ 4 personnes,Zinal - Ayer - Valais
28/08/2024,04/01/2025,11/01/2025,1090.95,HMB9PYE,41 m² Appartement ∙ 1 chambre ∙ 4 personnes,Zinal - Ayer - Valais
28/08/2024,11/01/2025,18/01/2025,954.45,HMB9PYE,41 m² Appartement ∙ 1 chambre ∙ 4 personnes,Zinal - Ayer - Valais
28/08/2024,18/01/2025,25/01/2025,1257.90,HMB9PYE,41 m² Appartement ∙ 1 chambre ∙ 4 personnes,Zinal - Ayer - Valais
28/08/2024,25/01/2025,01/02/2025,1257.90,HMB9PYE,41 m² Appartement ∙ 1 chambre ∙ 4 personnes,Zinal - Ayer - Valais
28/08/2024,08/02/2025,15/02/2025,2159.85,HMB9PYE,41 m² Appartement ∙ 1 chambre ∙ 4 personnes,Zinal - Ayer - Valais
28/08/2024,15/02/2025,22/02/2025,2735.25,HMB9PYE,41 m² Appartement ∙ 1 chambre ∙ 4 personnes,Zinal - Ayer - Valais
28/08/2024,22/02/2025,01/03/2025,2735.25,HMB9PYE,41 m² Appartement ∙ 1 chambre ∙ 4 personnes,Zinal - Ayer - Valais
28/08/2024,08/03/2025,15/03/2025,1257.90,HMB9PYE,41 m² Appartement ∙ 1 chambre ∙ 4 personnes,Zinal - Ayer - Valais
28/08/2024,15/03/2025,22/03/2025,1090.95,HMB9PYE,41 m² Appartement ∙ 1 chambre ∙ 4 personnes,Zinal - Ayer - Valais
28/08/2024,22/03/2025,29/03/2025,1090.95,HMB9PYE,41 m² Appartement ∙ 1 chambre ∙ 4 personnes,Zinal - Ayer - Valais
28/08/2024,29/03/2025,05/04/2025,954.45,HMB9PYE,41 m² Appartement ∙ 1 chambre ∙ 4 personnes,Zinal - Ayer - Valais
28/08/2024,05/04/2025,12/04/2025,1257.90,HMB9PYE,41 m² Appartement ∙ 1 chambre ∙ 4 personnes,Zinal - Ayer - Valais
28/08/2024,12/04/2025,19/04/2025,1090.95,HMB9PYE,41 m² Appartement ∙ 1 chambre ∙ 4 personnes,Zinal - Ayer - Valais
28/08/2024,14/12/2024,21/12/2024,1121.40,HHW649T,57 m² Appartement ∙ 2 chambres ∙ 6 personnes,Zinal - Ayer - Valais
28/08/2024,21/12/2024,28/12/2024,2530.50,HHW649T,57 m² Appartement ∙ 2 chambres ∙ 6 personnes,Zinal - Ayer - Valais
28/08/2024,18/01/2025,25/01/2025,1477.35,HHW649T,57 m² Appartement ∙ 2 chambres ∙ 6 personnes,Zinal - Ayer - Valais
28/08/2024,08/02/2025,15/02/2025,2530.50,HHW649T,57 m² Appartement ∙ 2 chambres ∙ 6 personnes,Zinal - Ayer - Valais
28/08/2024,08/03/2025,15/03/2025,1477.35,HHW649T,57 m² Appartement ∙ 2 chambres ∙ 6 personnes,Zinal - Ayer - Valais
28/08/2024,22/03/2025,29/03/2025,1281.00,HHW649T,57 m² Appartement ∙ 2 chambres ∙ 6 personnes,Zinal - Ayer - Valais
28/08/2024,29/03/2025,05/04/2025,1121.40,HHW649T,57 m² Appartement ∙ 2 chambres ∙ 6 personnes,Zinal - Ayer - Valais
28/08/2024,05/04/2025,12/04/2025,1477.35,HHW649T,57 m² Appartement ∙ 2 chambres ∙ 6 personnes,Zinal - Ayer - Valais
28/08/2024,12/04/2025,19/04/2025,1281.00,HHW649T,57 m² Appartement ∙ 2 chambres ∙ 6 personnes,Zinal - Ayer - Valais
28/08/2024,07/09/2024,14/09/2024,502.00,HPXV46D,34 m² Maison de vacances ∙ 1 chambre ∙ 4 personnes,Zinal - Ayer - Valais
28/08/2024,14/09/2024,21/09/2024,530.00,HPXV46D,34 m² Maison de vacances ∙ 1 chambre ∙ 4 personnes,Zinal - Ayer - Valais
28/08/2024,21/09/2024,28/09/2024,530.00,HPXV46D,34 m² Maison de vacances ∙ 1 chambre ∙ 4 personnes,Zinal - Ayer - Valais
28/08/2024,28/09/2024,05/10/2024,530.00,HPXV46D,34 m² Maison de vacances ∙ 1 chambre ∙ 4 personnes,Zinal - Ayer - Valais
28/08/2024,05/10/2024,12/10/2024,761.00,HPXV46D,34 m² Maison de vacances ∙ 1 chambre ∙ 4 personnes,Zinal - Ayer - Valais
28/08/2024,12/10/2024,19/10/2024,761.00,HPXV46D,34 m² Maison de vacances ∙ 1 chambre ∙ 4 personnes,Zinal - Ayer - Valais
28/08/2024,19/10/2024,26/10/2024,530.00,HPXV46D,34 m² Maison de vacances ∙ 1 chambre ∙ 4 personnes,Zinal - Ayer - Valais
28/08/2024,14/12/2024,21/12/2024,901.00,HPXV46D,34 m² Maison de vacances ∙ 1 chambre ∙ 4 personnes,Zinal - Ayer - Valais
28/08/2024,21/12/2024,28/12/2024,2030.00,HPXV46D,34 m² Maison de vacances ∙ 1 chambre ∙ 4 personnes,Zinal - Ayer - Valais
28/08/2024,04/01/2025,11/01/2025,1029.00,HPXV46D,34 m² Maison de vacances ∙ 1 chambre ∙ 4 personnes,Zinal - Ayer - Valais
28/08/2024,18/01/2025,25/01/2025,1181.00,HPXV46D,34 m² Maison de vacances ∙ 1 chambre ∙ 4 personnes,Zinal - Ayer - Valais
28/08/2024,25/01/2025,01/02/2025,1181.00,HPXV46D,34 m² Maison de vacances ∙ 1 chambre ∙ 4 personnes,Zinal - Ayer - Valais
28/08/2024,08/02/2025,15/02/2025,2030.00,HPXV46D,34 m² Maison de vacances ∙ 1 chambre ∙ 4 personnes,Zinal - Ayer - Valais
28/08/2024,22/02/2025,01/03/2025,2565.00,HPXV46D,34 m² Maison de vacances ∙ 1 chambre ∙ 4 personnes,Zinal - Ayer - Valais
28/08/2024,08/03/2025,15/03/2025,1181.00,HPXV46D,34 m² Maison de vacances ∙ 1 chambre ∙ 4 personnes,Zinal - Ayer - Valais
28/08/2024,15/03/2025,22/03/2025,1029.00,HPXV46D,34 m² Maison de vacances ∙ 1 chambre ∙ 4 personnes,Zinal - Ayer - Valais
28/08/2024,22/03/2025,29/03/2025,1029.00,HPXV46D,34 m² Maison de vacances ∙ 1 chambre ∙ 4 personnes,Zinal - Ayer - Valais
28/08/2024,29/03/2025,05/04/2025,901.00,HPXV46D,34 m² Maison de vacances ∙ 1 chambre ∙ 4 personnes,Zinal - Ayer - Valais
28/08/2024,05/04/2025,12/04/2025,1181.00,HPXV46D,34 m² Maison de vacances ∙ 1 chambre ∙ 4 personnes,Zinal - Ayer - Valais
28/08/2024,12/04/2025,19/04/2025,1029.00,HPXV46D,34 m² Maison de vacances ∙ 1 chambre ∙ 4 personnes,Zinal - Ayer - Valais
28/08/2024,05/10/2024,12/10/2024,630.00,HPKN8VZ,28 m² Maison de vacances ∙ 1 chambre ∙ 2 personnes,Zinal - Ayer - Valais
28/08/2024,12/10/2024,19/10/2024,630.00,HPKN8VZ,28 m² Maison de vacances ∙ 1 chambre ∙ 2 personnes,Zinal - Ayer - Valais
28/08/2024,19/10/2024,26/10/2024,630.00,HPKN8VZ,28 m² Maison de vacances ∙ 1 chambre ∙ 2 personnes,Zinal - Ayer - Valais
28/08/2024,26/10/2024,02/11/2024,630.00,HPKN8VZ,28 m² Maison de vacances ∙ 1 chambre ∙ 2 personnes,Zinal - Ayer - Valais
28/08/2024,02/11/2024,09/11/2024,630.00,HPKN8VZ,28 m² Maison de vacances ∙ 1 chambre ∙ 2 personnes,Zinal - Ayer - Valais
28/08/2024,09/11/2024,16/11/2024,630.00,HPKN8VZ,28 m² Maison de vacances ∙ 1 chambre ∙ 2 personnes,Zinal - Ayer - Valais
28/08/2024,16/11/2024,23/11/2024,630.00,HPKN8VZ,28 m² Maison de vacances ∙ 1 chambre ∙ 2 personnes,Zinal - Ayer - Valais
28/08/2024,23/11/2024,30/11/2024,630.00,HPKN8VZ,28 m² Maison de vacances ∙ 1 chambre ∙ 2 personnes,Zinal - Ayer - Valais
28/08/2024,30/11/2024,07/12/2024,630.00,HPKN8VZ,28 m² Maison de vacances ∙ 1 chambre ∙ 2 personnes,Zinal - Ayer - Valais
28/08/2024,07/12/2024,14/12/2024,630.00,HPKN8VZ,28 m² Maison de vacances ∙ 1 chambre ∙ 2 personnes,Zinal - Ayer - Valais
28/08/2024,14/12/2024,21/12/2024,767.00,HPKN8VZ,28 m² Maison de vacances ∙ 1 chambre ∙ 2 personnes,Zinal - Ayer - Valais
28/08/2024,21/12/2024,28/12/2024,987.00,HPKN8VZ,28 m² Maison de vacances ∙ 1 chambre ∙ 2 personnes,Zinal - Ayer - Valais
28/08/2024,01/02/2025,08/02/2025,919.00,HPKN8VZ,28 m² Maison de vacances ∙ 1 chambre ∙ 2 personnes,Zinal - Ayer - Valais
28/08/2024,08/02/2025,15/02/2025,919.00,HPKN8VZ,28 m² Maison de vacances ∙ 1 chambre ∙ 2 personnes,Zinal - Ayer - Valais
28/08/2024,22/02/2025,01/03/2025,1132.00,HPKN8VZ,28 m² Maison de vacances ∙ 1 chambre ∙ 2 personnes,Zinal - Ayer - Valais
28/08/2024,08/03/2025,15/03/2025,919.00,HPKN8VZ,28 m² Maison de vacances ∙ 1 chambre ∙ 2 personnes,Zinal - Ayer - Valais
28/08/2024,15/03/2025,22/03/2025,767.00,HPKN8VZ,28 m² Maison de vacances ∙ 1 chambre ∙ 2 personnes,Zinal - Ayer - Valais
28/08/2024,22/03/2025,29/03/2025,767.00,HPKN8VZ,28 m² Maison de vacances ∙ 1 chambre ∙ 2 personnes,Zinal - Ayer - Valais
28/08/2024,05/04/2025,12/04/2025,630.00,HPKN8VZ,28 m² Maison de vacances ∙ 1 chambre ∙ 2 personnes,Zinal - Ayer - Valais
28/08/2024,12/04/2025,19/04/2025,630.00,HPKN8VZ,28 m² Maison de vacances ∙ 1 chambre ∙ 2 personnes,Zinal - Ayer - Valais
28/08/2024,19/04/2025,26/04/2025,630.00,HPKN8VZ,28 m² Maison de vacances ∙ 1 chambre ∙ 2 personnes,Zinal - Ayer - Valais
28/08/2024,26/04/2025,03/05/2025,630.00,HPKN8VZ,28 m² Maison de vacances ∙ 1 chambre ∙ 2 personnes,Zinal - Ayer - Valais
28/08/2024,03/05/2025,10/05/2025,630.00,HPKN8VZ,28 m² Maison de vacances ∙ 1 chambre ∙ 2 personnes,Zinal - Ayer - Valais
28/08/2024,10/05/2025,17/05/2025,630.00,HPKN8VZ,28 m² Maison de vacances ∙ 1 chambre ∙ 2 personnes,Zinal - Ayer - Valais
28/08/2024,07/09/2024,14/09/2024,1665.00,HJV2ZK9,Villa ∙ 3 chambres ∙ 6 personnes,Zinal - Ayer - Valais
28/08/2024,14/09/2024,21/09/2024,1665.00,HJV2ZK9,Villa ∙ 3 chambres ∙ 6 personnes,Zinal - Ayer - Valais
28/08/2024,21/09/2024,28/09/2024,1665.00,HJV2ZK9,Villa ∙ 3 chambres ∙ 6 personnes,Zinal - Ayer - Valais
28/08/2024,28/09/2024,05/10/2024,1665.00,HJV2ZK9,Villa ∙ 3 chambres ∙ 6 personnes,Zinal - Ayer - Valais
28/08/2024,05/10/2024,12/10/2024,1665.00,HJV2ZK9,Villa ∙ 3 chambres ∙ 6 personnes,Zinal - Ayer - Valais
28/08/2024,26/10/2024,02/11/2024,1665.00,HJV2ZK9,Villa ∙ 3 chambres ∙ 6 personnes,Zinal - Ayer - Valais
28/08/2024,02/11/2024,09/11/2024,1665.00,HJV2ZK9,Villa ∙ 3 chambres ∙ 6 personnes,Zinal - Ayer - Valais
28/08/2024,09/11/2024,16/11/2024,1665.00,HJV2ZK9,Villa ∙ 3 chambres ∙ 6 personnes,Zinal - Ayer - Valais
28/08/2024,16/11/2024,23/11/2024,1665.00,HJV2ZK9,Villa ∙ 3 chambres ∙ 6 personnes,Zinal - Ayer - Valais
28/08/2024,23/11/2024,30/11/2024,1665.00,HJV2ZK9,Villa ∙ 3 chambres ∙ 6 personnes,Zinal - Ayer - Valais
28/08/2024,30/11/2024,07/12/2024,1665.00,HJV2ZK9,Villa ∙ 3 chambres ∙ 6 personnes,Zinal - Ayer - Valais
28/08/2024,07/12/2024,14/12/2024,1665.00,HJV2ZK9,Villa ∙ 3 chambres ∙ 6 personnes,Zinal - Ayer - Valais
28/08/2024,14/12/2024,21/12/2024,2005.00,HJV2ZK9,Villa ∙ 3 chambres ∙ 6 personnes,Zinal - Ayer - Valais
28/08/2024,21/12/2024,28/12/2024,2174.00,HJV2ZK9,Villa ∙ 3 chambres ∙ 6 personnes,Zinal - Ayer - Valais
28/08/2024,04/01/2025,11/01/2025,2005.00,HJV2ZK9,Villa ∙ 3 chambres ∙ 6 personnes,Zinal - Ayer - Valais
28/08/2024,11/01/2025,18/01/2025,2005.00,HJV2ZK9,Villa ∙ 3 chambres ∙ 6 personnes,Zinal - Ayer - Valais
28/08/2024,18/01/2025,25/01/2025,2005.00,HJV2ZK9,Villa ∙ 3 chambres ∙ 6 personnes,Zinal - Ayer - Valais
28/08/2024,25/01/2025,01/02/2025,2005.00,HJV2ZK9,Villa ∙ 3 chambres ∙ 6 personnes,Zinal - Ayer - Valais
28/08/2024,08/03/2025,15/03/2025,2048.00,HJV2ZK9,Villa ∙ 3 chambres ∙ 6 personnes,Zinal - Ayer - Valais
28/08/2024,15/03/2025,22/03/2025,2005.00,HJV2ZK9,Villa ∙ 3 chambres ∙ 6 personnes,Zinal - Ayer - Valais
28/08/2024,22/03/2025,29/03/2025,2005.00,HJV2ZK9,Villa ∙ 3 chambres ∙ 6 personnes,Zinal - Ayer - Valais
28/08/2024,29/03/2025,05/04/2025,2005.00,HJV2ZK9,Villa ∙ 3 chambres ∙ 6 personnes,Zinal - Ayer - Valais
28/08/2024,05/04/2025,12/04/2025,1665.00,HJV2ZK9,Villa ∙ 3 chambres ∙ 6 personnes,Zinal - Ayer - Valais
28/08/2024,26/04/2025,03/05/2025,1665.00,HJV2ZK9,Villa ∙ 3 chambres ∙ 6 personnes,Zinal - Ayer - Valais
28/08/2024,03/05/2025,10/05/2025,1665.00,HJV2ZK9,Villa ∙ 3 chambres ∙ 6 personnes,Zinal - Ayer - Valais
28/08/2024,10/05/2025,17/05/2025,1665.00,HJV2ZK9,Villa ∙ 3 chambres ∙ 6 personnes,Zinal - Ayer - Valais
28/08/2024,21/09/2024,28/09/2024,638.00,HJSXPGV,34 m² Maison de vacances ∙ 1 chambre ∙ 4 personnes,Zinal - Ayer - Valais
28/08/2024,28/09/2024,05/10/2024,638.00,HJSXPGV,34 m² Maison de vacances ∙ 1 chambre ∙ 4 personnes,Zinal - Ayer - Valais
28/08/2024,05/10/2024,12/10/2024,899.00,HJSXPGV,34 m² Maison de vacances ∙ 1 chambre ∙ 4 personnes,Zinal - Ayer - Valais
28/08/2024,12/10/2024,19/10/2024,899.00,HJSXPGV,34 m² Maison de vacances ∙ 1 chambre ∙ 4 personnes,Zinal - Ayer - Valais
28/08/2024,19/10/2024,26/10/2024,638.00,HJSXPGV,34 m² Maison de vacances ∙ 1 chambre ∙ 4 personnes,Zinal - Ayer - Valais
28/08/2024,14/12/2024,21/12/2024,1071.00,HJSXPGV,34 m² Maison de vacances ∙ 1 chambre ∙ 4 personnes,Zinal - Ayer - Valais
28/08/2024,21/12/2024,28/12/2024,2421.00,HJSXPGV,34 m² Maison de vacances ∙ 1 chambre ∙ 4 personnes,Zinal - Ayer - Valais
28/08/2024,28/12/2024,04/01/2025,3527.00,HJSXPGV,34 m² Maison de vacances ∙ 1 chambre ∙ 4 personnes,Zinal - Ayer - Valais
28/08/2024,04/01/2025,11/01/2025,1224.00,HJSXPGV,34 m² Maison de vacances ∙ 1 chambre ∙ 4 personnes,Zinal - Ayer - Valais
28/08/2024,11/01/2025,18/01/2025,1071.00,HJSXPGV,34 m² Maison de vacances ∙ 1 chambre ∙ 4 personnes,Zinal - Ayer - Valais
28/08/2024,18/01/2025,25/01/2025,1411.00,HJSXPGV,34 m² Maison de vacances ∙ 1 chambre ∙ 4 personnes,Zinal - Ayer - Valais
28/08/2024,25/01/2025,01/02/2025,1411.00,HJSXPGV,34 m² Maison de vacances ∙ 1 chambre ∙ 4 personnes,Zinal - Ayer - Valais
28/08/2024,08/02/2025,15/02/2025,2421.00,HJSXPGV,34 m² Maison de vacances ∙ 1 chambre ∙ 4 personnes,Zinal - Ayer - Valais
28/08/2024,15/02/2025,22/02/2025,3067.00,HJSXPGV,34 m² Maison de vacances ∙ 1 chambre ∙ 4 personnes,Zinal - Ayer - Valais
28/08/2024,22/02/2025,01/03/2025,3067.00,HJSXPGV,34 m² Maison de vacances ∙ 1 chambre ∙ 4 personnes,Zinal - Ayer - Valais
28/08/2024,08/03/2025,15/03/2025,1411.00,HJSXPGV,34 m² Maison de vacances ∙ 1 chambre ∙ 4 personnes,Zinal - Ayer - Valais
28/08/2024,15/03/2025,22/03/2025,1224.00,HJSXPGV,34 m² Maison de vacances ∙ 1 chambre ∙ 4 personnes,Zinal - Ayer - Valais
28/08/2024,22/03/2025,29/03/2025,1224.00,HJSXPGV,34 m² Maison de vacances ∙ 1 chambre ∙ 4 personnes,Zinal - Ayer - Valais
28/08/2024,29/03/2025,05/04/2025,1071.00,HJSXPGV,34 m² Maison de vacances ∙ 1 chambre ∙ 4 personnes,Zinal - Ayer - Valais
28/08/2024,05/04/2025,12/04/2025,1411.00,HJSXPGV,34 m² Maison de vacances ∙ 1 chambre ∙ 4 personnes,Zinal - Ayer - Valais
28/08/2024,12/04/2025,19/04/2025,1224.00,HJSXPGV,34 m² Maison de vacances ∙ 1 chambre ∙ 4 personnes,Zinal - Ayer - Valais
28/08/2024,31/08/2024,07/09/2024,1781.00,H6EW24U,Villa ∙ 1 chambre ∙ 6 personnes,Zinal - Ayer - Valais
28/08/2024,07/09/2024,14/09/2024,1781.00,H6EW24U,Villa ∙ 1 chambre ∙ 6 personnes,Zinal - Ayer - Valais
28/08/2024,14/09/2024,21/09/2024,1781.00,H6EW24U,Villa ∙ 1 chambre ∙ 6 personnes,Zinal - Ayer - Valais
28/08/2024,21/09/2024,28/09/2024,1781.00,H6EW24U,Villa ∙ 1 chambre ∙ 6 personnes,Zinal - Ayer - Valais
28/08/2024,28/09/2024,05/10/2024,1781.00,H6EW24U,Villa ∙ 1 chambre ∙ 6 personnes,Zinal - Ayer - Valais
28/08/2024,05/10/2024,12/10/2024,1781.00,H6EW24U,Villa ∙ 1 chambre ∙ 6 personnes,Zinal - Ayer - Valais
28/08/2024,12/10/2024,19/10/2024,1781.00,H6EW24U,Villa ∙ 1 chambre ∙ 6 personnes,Zinal - Ayer - Valais
28/08/2024,19/10/2024,26/10/2024,1781.00,H6EW24U,Villa ∙ 1 chambre ∙ 6 personnes,Zinal - Ayer - Valais
28/08/2024,26/10/2024,02/11/2024,1781.00,H6EW24U,Villa ∙ 1 chambre ∙ 6 personnes,Zinal - Ayer - Valais
28/08/2024,02/11/2024,09/11/2024,1781.00,H6EW24U,Villa ∙ 1 chambre ∙ 6 personnes,Zinal - Ayer - Valais
28/08/2024,09/11/2024,16/11/2024,1781.00,H6EW24U,Villa ∙ 1 chambre ∙ 6 personnes,Zinal - Ayer - Valais
28/08/2024,30/11/2024,07/12/2024,1781.00,H6EW24U,Villa ∙ 1 chambre ∙ 6 personnes,Zinal - Ayer - Valais
28/08/2024,07/12/2024,14/12/2024,1781.00,H6EW24U,Villa ∙ 1 chambre ∙ 6 personnes,Zinal - Ayer - Valais
28/08/2024,14/12/2024,21/12/2024,2037.00,H6EW24U,Villa ∙ 1 chambre ∙ 6 personnes,Zinal - Ayer - Valais
28/08/2024,11/01/2025,18/01/2025,2037.00,H6EW24U,Villa ∙ 1 chambre ∙ 6 personnes,Zinal - Ayer - Valais
28/08/2024,18/01/2025,25/01/2025,2037.00,H6EW24U,Villa ∙ 1 chambre ∙ 6 personnes,Zinal - Ayer - Valais
28/08/2024,25/01/2025,01/02/2025,2037.00,H6EW24U,Villa ∙ 1 chambre ∙ 6 personnes,Zinal - Ayer - Valais
28/08/2024,01/02/2025,08/02/2025,2164.00,H6EW24U,Villa ∙ 1 chambre ∙ 6 personnes,Zinal - Ayer - Valais
28/08/2024,15/03/2025,22/03/2025,2037.00,H6EW24U,Villa ∙ 1 chambre ∙ 6 personnes,Zinal - Ayer - Valais
28/08/2024,22/03/2025,29/03/2025,2037.00,H6EW24U,Villa ∙ 1 chambre ∙ 6 personnes,Zinal - Ayer - Valais
28/08/2024,29/03/2025,05/04/2025,2037.00,H6EW24U,Villa ∙ 1 chambre ∙ 6 personnes,Zinal - Ayer - Valais
28/08/2024,05/04/2025,12/04/2025,1781.00,H6EW24U,Villa ∙ 1 chambre ∙ 6 personnes,Zinal - Ayer - Valais
28/08/2024,12/04/2025,19/04/2025,1781.00,H6EW24U,Villa ∙ 1 chambre ∙ 6 personnes,Zinal - Ayer - Valais
28/08/2024,19/04/2025,26/04/2025,1781.00,H6EW24U,Villa ∙ 1 chambre ∙ 6 personnes,Zinal - Ayer - Valais
28/08/2024,26/04/2025,03/05/2025,1781.00,H6EW24U,Villa ∙ 1 chambre ∙ 6 personnes,Zinal - Ayer - Valais
28/08/2024,03/05/2025,10/05/2025,1781.00,H6EW24U,Villa ∙ 1 chambre ∙ 6 personnes,Zinal - Ayer - Valais
28/08/2024,10/05/2025,17/05/2025,1781.00,H6EW24U,Villa ∙ 1 chambre ∙ 6 personnes,Zinal - Ayer - Valais
28/08/2024,28/09/2024,05/10/2024,807.00,HMWPBN5,54 m² Maison de vacances ∙ 2 chambres ∙ 6 personnes,Zinal - Ayer - Valais
28/08/2024,05/10/2024,12/10/2024,1152.00,HMWPBN5,54 m² Maison de vacances ∙ 2 chambres ∙ 6 personnes,Zinal - Ayer - Valais
28/08/2024,12/10/2024,19/10/2024,1152.00,HMWPBN5,54 m² Maison de vacances ∙ 2 chambres ∙ 6 personnes,Zinal - Ayer - Valais
28/08/2024,19/10/2024,26/10/2024,807.00,HMWPBN5,54 m² Maison de vacances ∙ 2 chambres ∙ 6 personnes,Zinal - Ayer - Valais
28/08/2024,14/12/2024,21/12/2024,1385.00,HMWPBN5,54 m² Maison de vacances ∙ 2 chambres ∙ 6 personnes,Zinal - Ayer - Valais
28/08/2024,21/12/2024,28/12/2024,3134.00,HMWPBN5,54 m² Maison de vacances ∙ 2 chambres ∙ 6 personnes,Zinal - Ayer - Valais
28/08/2024,04/01/2025,11/01/2025,1589.00,HMWPBN5,54 m² Maison de vacances ∙ 2 chambres ∙ 6 personnes,Zinal - Ayer - Valais
28/08/2024,18/01/2025,25/01/2025,1826.00,HMWPBN5,54 m² Maison de vacances ∙ 2 chambres ∙ 6 personnes,Zinal - Ayer - Valais
28/08/2024,25/01/2025,01/02/2025,1826.00,HMWPBN5,54 m² Maison de vacances ∙ 2 chambres ∙ 6 personnes,Zinal - Ayer - Valais
28/08/2024,08/02/2025,15/02/2025,3134.00,HMWPBN5,54 m² Maison de vacances ∙ 2 chambres ∙ 6 personnes,Zinal - Ayer - Valais
28/08/2024,15/02/2025,22/02/2025,3966.00,HMWPBN5,54 m² Maison de vacances ∙ 2 chambres ∙ 6 personnes,Zinal - Ayer - Valais
28/08/2024,22/02/2025,01/03/2025,3966.00,HMWPBN5,54 m² Maison de vacances ∙ 2 chambres ∙ 6 personnes,Zinal - Ayer - Valais
28/08/2024,08/03/2025,15/03/2025,1826.00,HMWPBN5,54 m² Maison de vacances ∙ 2 chambres ∙ 6 personnes,Zinal - Ayer - Valais
28/08/2024,15/03/2025,22/03/2025,1589.00,HMWPBN5,54 m² Maison de vacances ∙ 2 chambres ∙ 6 personnes,Zinal - Ayer - Valais
28/08/2024,22/03/2025,29/03/2025,1589.00,HMWPBN5,54 m² Maison de vacances ∙ 2 chambres ∙ 6 personnes,Zinal - Ayer - Valais
28/08/2024,29/03/2025,05/04/2025,1385.00,HMWPBN5,54 m² Maison de vacances ∙ 2 chambres ∙ 6 personnes,Zinal - Ayer - Valais
28/08/2024,05/04/2025,12/04/2025,1826.00,HMWPBN5,54 m² Maison de vacances ∙ 2 chambres ∙ 6 personnes,Zinal - Ayer - Valais
28/08/2024,12/04/2025,19/04/2025,1589.00,HMWPBN5,54 m² Maison de vacances ∙ 2 chambres ∙ 6 personnes,Zinal - Ayer - Valais
28/08/2024,14/09/2024,21/09/2024,1533.00,H5B9ET1,85 m² Appartement ∙ 1 chambre ∙ 6 personnes,Zinal - Ayer - Valais
28/08/2024,21/09/2024,28/09/2024,1533.00,H5B9ET1,85 m² Appartement ∙ 1 chambre ∙ 6 personnes,Zinal - Ayer - Valais
28/08/2024,28/09/2024,05/10/2024,1533.00,H5B9ET1,85 m² Appartement ∙ 1 chambre ∙ 6 personnes,Zinal - Ayer - Valais
28/08/2024,05/10/2024,12/10/2024,1533.00,H5B9ET1,85 m² Appartement ∙ 1 chambre ∙ 6 personnes,Zinal - Ayer - Valais
28/08/2024,12/10/2024,19/10/2024,1533.00,H5B9ET1,85 m² Appartement ∙ 1 chambre ∙ 6 personnes,Zinal - Ayer - Valais
28/08/2024,19/10/2024,26/10/2024,1533.00,H5B9ET1,85 m² Appartement ∙ 1 chambre ∙ 6 personnes,Zinal - Ayer - Valais
28/08/2024,26/10/2024,02/11/2024,1533.00,H5B9ET1,85 m² Appartement ∙ 1 chambre ∙ 6 personnes,Zinal - Ayer - Valais
28/08/2024,02/11/2024,09/11/2024,1533.00,H5B9ET1,85 m² Appartement ∙ 1 chambre ∙ 6 personnes,Zinal - Ayer - Valais
28/08/2024,09/11/2024,16/11/2024,1533.00,H5B9ET1,85 m² Appartement ∙ 1 chambre ∙ 6 personnes,Zinal - Ayer - Valais
28/08/2024,16/11/2024,23/11/2024,1533.00,H5B9ET1,85 m² Appartement ∙ 1 chambre ∙ 6 personnes,Zinal - Ayer - Valais
28/08/2024,23/11/2024,30/11/2024,1533.00,H5B9ET1,85 m² Appartement ∙ 1 chambre ∙ 6 personnes,Zinal - Ayer - Valais
28/08/2024,30/11/2024,07/12/2024,1533.00,H5B9ET1,85 m² Appartement ∙ 1 chambre ∙ 6 personnes,Zinal - Ayer - Valais
28/08/2024,07/12/2024,14/12/2024,1533.00,H5B9ET1,85 m² Appartement ∙ 1 chambre ∙ 6 personnes,Zinal - Ayer - Valais
28/08/2024,21/12/2024,28/12/2024,2118.00,H5B9ET1,85 m² Appartement ∙ 1 chambre ∙ 6 personnes,Zinal - Ayer - Valais
28/08/2024,04/01/2025,11/01/2025,1762.00,H5B9ET1,85 m² Appartement ∙ 1 chambre ∙ 6 personnes,Zinal - Ayer - Valais
28/08/2024,25/01/2025,01/02/2025,1762.00,H5B9ET1,85 m² Appartement ∙ 1 chambre ∙ 6 personnes,Zinal - Ayer - Valais
28/08/2024,08/03/2025,15/03/2025,1924.00,H5B9ET1,85 m² Appartement ∙ 1 chambre ∙ 6 personnes,Zinal - Ayer - Valais
28/08/2024,15/03/2025,22/03/2025,1762.00,H5B9ET1,85 m² Appartement ∙ 1 chambre ∙ 6 personnes,Zinal - Ayer - Valais
28/08/2024,22/03/2025,29/03/2025,1762.00,H5B9ET1,85 m² Appartement ∙ 1 chambre ∙ 6 personnes,Zinal - Ayer - Valais
28/08/2024,29/03/2025,05/04/2025,1762.00,H5B9ET1,85 m² Appartement ∙ 1 chambre ∙ 6 personnes,Zinal - Ayer - Valais
28/08/2024,05/04/2025,12/04/2025,1533.00,H5B9ET1,85 m² Appartement ∙ 1 chambre ∙ 6 personnes,Zinal - Ayer - Valais
28/08/2024,26/04/2025,03/05/2025,1533.00,H5B9ET1,85 m² Appartement ∙ 1 chambre ∙ 6 personnes,Zinal - Ayer - Valais
28/08/2024,03/05/2025,10/05/2025,1533.00,H5B9ET1,85 m² Appartement ∙ 1 chambre ∙ 6 personnes,Zinal - Ayer - Valais
28/08/2024,10/05/2025,17/05/2025,1533.00,H5B9ET1,85 m² Appartement ∙ 1 chambre ∙ 6 personnes,Zinal - Ayer - Valais
28/08/2024,07/09/2024,14/09/2024,844.00,HNBD1US,52 m² Maison de vacances ∙ 2 chambres ∙ 6 personnes,Zinal - Ayer - Valais
28/08/2024,14/09/2024,21/09/2024,891.00,HNBD1US,52 m² Maison de vacances ∙ 2 chambres ∙ 6 personnes,Zinal - Ayer - Valais
28/08/2024,21/09/2024,28/09/2024,891.00,HNBD1US,52 m² Maison de vacances ∙ 2 chambres ∙ 6 personnes,Zinal - Ayer - Valais
28/08/2024,28/09/2024,05/10/2024,891.00,HNBD1US,52 m² Maison de vacances ∙ 2 chambres ∙ 6 personnes,Zinal - Ayer - Valais
28/08/2024,05/10/2024,12/10/2024,1267.00,HNBD1US,52 m² Maison de vacances ∙ 2 chambres ∙ 6 personnes,Zinal - Ayer - Valais
28/08/2024,12/10/2024,19/10/2024,1267.00,HNBD1US,52 m² Maison de vacances ∙ 2 chambres ∙ 6 personnes,Zinal - Ayer - Valais
28/08/2024,19/10/2024,26/10/2024,891.00,HNBD1US,52 m² Maison de vacances ∙ 2 chambres ∙ 6 personnes,Zinal - Ayer - Valais
28/08/2024,14/12/2024,21/12/2024,1529.00,HNBD1US,52 m² Maison de vacances ∙ 2 chambres ∙ 6 personnes,Zinal - Ayer - Valais
28/08/2024,21/12/2024,28/12/2024,3440.00,HNBD1US,52 m² Maison de vacances ∙ 2 chambres ∙ 6 personnes,Zinal - Ayer - Valais
28/08/2024,28/12/2024,04/01/2025,5011.00,HNBD1US,52 m² Maison de vacances ∙ 2 chambres ∙ 6 personnes,Zinal - Ayer - Valais
28/08/2024,04/01/2025,11/01/2025,1742.00,HNBD1US,52 m² Maison de vacances ∙ 2 chambres ∙ 6 personnes,Zinal - Ayer - Valais
28/08/2024,11/01/2025,18/01/2025,1529.00,HNBD1US,52 m² Maison de vacances ∙ 2 chambres ∙ 6 personnes,Zinal - Ayer - Valais
28/08/2024,18/01/2025,25/01/2025,2005.00,HNBD1US,52 m² Maison de vacances ∙ 2 chambres ∙ 6 personnes,Zinal - Ayer - Valais
28/08/2024,01/02/2025,08/02/2025,2880.00,HNBD1US,52 m² Maison de vacances ∙ 2 chambres ∙ 6 personnes,Zinal - Ayer - Valais
28/08/2024,08/02/2025,15/02/2025,3440.00,HNBD1US,52 m² Maison de vacances ∙ 2 chambres ∙ 6 personnes,Zinal - Ayer - Valais
28/08/2024,15/02/2025,22/02/2025,4357.00,HNBD1US,52 m² Maison de vacances ∙ 2 chambres ∙ 6 personnes,Zinal - Ayer - Valais
28/08/2024,22/02/2025,01/03/2025,4357.00,HNBD1US,52 m² Maison de vacances ∙ 2 chambres ∙ 6 personnes,Zinal - Ayer - Valais
28/08/2024,08/03/2025,15/03/2025,2005.00,HNBD1US,52 m² Maison de vacances ∙ 2 chambres ∙ 6 personnes,Zinal - Ayer - Valais
28/08/2024,15/03/2025,22/03/2025,1742.00,HNBD1US,52 m² Maison de vacances ∙ 2 chambres ∙ 6 personnes,Zinal - Ayer - Valais
28/08/2024,22/03/2025,29/03/2025,1742.00,HNBD1US,52 m² Maison de vacances ∙ 2 chambres ∙ 6 personnes,Zinal - Ayer - Valais
28/08/2024,29/03/2025,05/04/2025,1529.00,HNBD1US,52 m² Maison de vacances ∙ 2 chambres ∙ 6 personnes,Zinal - Ayer - Valais
28/08/2024,05/04/2025,12/04/2025,2005.00,HNBD1US,52 m² Maison de vacances ∙ 2 chambres ∙ 6 personnes,Zinal - Ayer - Valais
28/08/2024,12/04/2025,19/04/2025,1742.00,HNBD1US,52 m² Maison de vacances ∙ 2 chambres ∙ 6 personnes,Zinal - Ayer - Valais
28/08/2024,31/08/2024,07/09/2024,2214.00,HUDBMSA,150 m² Villa ∙ 4 chambres ∙ 10 personnes,Zinal - Ayer - Valais
28/08/2024,07/09/2024,14/09/2024,2214.00,HUDBMSA,150 m² Villa ∙ 4 chambres ∙ 10 personnes,Zinal - Ayer - Valais
28/08/2024,14/09/2024,21/09/2024,2214.00,HUDBMSA,150 m² Villa ∙ 4 chambres ∙ 10 personnes,Zinal - Ayer - Valais
28/08/2024,21/09/2024,28/09/2024,2214.00,HUDBMSA,150 m² Villa ∙ 4 chambres ∙ 10 personnes,Zinal - Ayer - Valais
28/08/2024,28/09/2024,05/10/2024,2214.00,HUDBMSA,150 m² Villa ∙ 4 chambres ∙ 10 personnes,Zinal - Ayer - Valais
28/08/2024,05/10/2024,12/10/2024,2214.00,HUDBMSA,150 m² Villa ∙ 4 chambres ∙ 10 personnes,Zinal - Ayer - Valais
28/08/2024,12/10/2024,19/10/2024,2214.00,HUDBMSA,150 m² Villa ∙ 4 chambres ∙ 10 personnes,Zinal - Ayer - Valais
28/08/2024,19/10/2024,26/10/2024,2214.00,HUDBMSA,150 m² Villa ∙ 4 chambres ∙ 10 personnes,Zinal - Ayer - Valais
28/08/2024,26/10/2024,02/11/2024,2214.00,HUDBMSA,150 m² Villa ∙ 4 chambres ∙ 10 personnes,Zinal - Ayer - Valais
28/08/2024,02/11/2024,09/11/2024,2214.00,HUDBMSA,150 m² Villa ∙ 4 chambres ∙ 10 personnes,Zinal - Ayer - Valais
28/08/2024,09/11/2024,16/11/2024,2214.00,HUDBMSA,150 m² Villa ∙ 4 chambres ∙ 10 personnes,Zinal - Ayer - Valais
28/08/2024,16/11/2024,23/11/2024,2214.00,HUDBMSA,150 m² Villa ∙ 4 chambres ∙ 10 personnes,Zinal - Ayer - Valais
28/08/2024,23/11/2024,30/11/2024,2214.00,HUDBMSA,150 m² Villa ∙ 4 chambres ∙ 10 personnes,Zinal - Ayer - Valais
28/08/2024,30/11/2024,07/12/2024,2214.00,HUDBMSA,150 m² Villa ∙ 4 chambres ∙ 10 personnes,Zinal - Ayer - Valais
28/08/2024,07/12/2024,14/12/2024,2214.00,HUDBMSA,150 m² Villa ∙ 4 chambres ∙ 10 personnes,Zinal - Ayer - Valais
28/08/2024,14/12/2024,21/12/2024,2553.00,HUDBMSA,150 m² Villa ∙ 4 chambres ∙ 10 personnes,Zinal - Ayer - Valais
28/08/2024,04/01/2025,11/01/2025,2553.00,HUDBMSA,150 m² Villa ∙ 4 chambres ∙ 10 personnes,Zinal - Ayer - Valais
28/08/2024,05/04/2025,12/04/2025,2214.00,HUDBMSA,150 m² Villa ∙ 4 chambres ∙ 10 personnes,Zinal - Ayer - Valais
28/08/2024,12/04/2025,19/04/2025,2214.00,HUDBMSA,150 m² Villa ∙ 4 chambres ∙ 10 personnes,Zinal - Ayer - Valais
28/08/2024,19/04/2025,26/04/2025,2214.00,HUDBMSA,150 m² Villa ∙ 4 chambres ∙ 10 personnes,Zinal - Ayer - Valais
28/08/2024,26/04/2025,03/05/2025,2214.00,HUDBMSA,150 m² Villa ∙ 4 chambres ∙ 10 personnes,Zinal - Ayer - Valais
28/08/2024,03/05/2025,10/05/2025,2214.00,HUDBMSA,150 m² Villa ∙ 4 chambres ∙ 10 personnes,Zinal - Ayer - Valais
28/08/2024,10/05/2025,17/05/2025,2214.00,HUDBMSA,150 m² Villa ∙ 4 chambres ∙ 10 personnes,Zinal - Ayer - Valais
28/08/2024,07/09/2024,14/09/2024,692.00,H6UMWRH,54 m² Maison de vacances ∙ 1 chambre ∙ 6 personnes,Zinal - Ayer - Valais
28/08/2024,14/09/2024,21/09/2024,730.00,H6UMWRH,54 m² Maison de vacances ∙ 1 chambre ∙ 6 personnes,Zinal - Ayer - Valais
28/08/2024,21/09/2024,28/09/2024,730.00,H6UMWRH,54 m² Maison de vacances ∙ 1 chambre ∙ 6 personnes,Zinal - Ayer - Valais
28/08/2024,28/09/2024,05/10/2024,730.00,H6UMWRH,54 m² Maison de vacances ∙ 1 chambre ∙ 6 personnes,Zinal - Ayer - Valais
28/08/2024,05/10/2024,12/10/2024,1036.00,H6UMWRH,54 m² Maison de vacances ∙ 1 chambre ∙ 6 personnes,Zinal - Ayer - Valais
28/08/2024,12/10/2024,19/10/2024,1036.00,H6UMWRH,54 m² Maison de vacances ∙ 1 chambre ∙ 6 personnes,Zinal - Ayer - Valais
28/08/2024,19/10/2024,26/10/2024,730.00,H6UMWRH,54 m² Maison de vacances ∙ 1 chambre ∙ 6 personnes,Zinal - Ayer - Valais
28/08/2024,14/12/2024,21/12/2024,1257.00,H6UMWRH,54 m² Maison de vacances ∙ 1 chambre ∙ 6 personnes,Zinal - Ayer - Valais
28/08/2024,21/12/2024,28/12/2024,2837.00,H6UMWRH,54 m² Maison de vacances ∙ 1 chambre ∙ 6 personnes,Zinal - Ayer - Valais
28/08/2024,18/01/2025,25/01/2025,1657.00,H6UMWRH,54 m² Maison de vacances ∙ 1 chambre ∙ 6 personnes,Zinal - Ayer - Valais
28/08/2024,08/03/2025,15/03/2025,1657.00,H6UMWRH,54 m² Maison de vacances ∙ 1 chambre ∙ 6 personnes,Zinal - Ayer - Valais
28/08/2024,22/03/2025,29/03/2025,1436.00,H6UMWRH,54 m² Maison de vacances ∙ 1 chambre ∙ 6 personnes,Zinal - Ayer - Valais
28/08/2024,29/03/2025,05/04/2025,1257.00,H6UMWRH,54 m² Maison de vacances ∙ 1 chambre ∙ 6 personnes,Zinal - Ayer - Valais
28/08/2024,05/04/2025,12/04/2025,1657.00,H6UMWRH,54 m² Maison de vacances ∙ 1 chambre ∙ 6 personnes,Zinal - Ayer - Valais
28/08/2024,12/04/2025,19/04/2025,1436.00,H6UMWRH,54 m² Maison de vacances ∙ 1 chambre ∙ 6 personnes,Zinal - Ayer - Valais
28/08/2024,31/08/2024,07/09/2024,1608.37,H34UG7X,Appartement ∙ 4 chambres ∙ 8 personnes,Grimentz - Valais
28/08/2024,07/09/2024,14/09/2024,1608.37,H34UG7X,Appartement ∙ 4 chambres ∙ 8 personnes,Grimentz - Valais
28/08/2024,14/09/2024,21/09/2024,1608.37,H34UG7X,Appartement ∙ 4 chambres ∙ 8 personnes,Grimentz - Valais
28/08/2024,21/09/2024,28/09/2024,1608.37,H34UG7X,Appartement ∙ 4 chambres ∙ 8 personnes,Grimentz - Valais
28/08/2024,28/09/2024,05/10/2024,1608.37,H34UG7X,Appartement ∙ 4 chambres ∙ 8 personnes,Grimentz - Valais
28/08/2024,05/10/2024,12/10/2024,1608.37,H34UG7X,Appartement ∙ 4 chambres ∙ 8 personnes,Grimentz - Valais
28/08/2024,12/10/2024,19/10/2024,1608.37,H34UG7X,Appartement ∙ 4 chambres ∙ 8 personnes,Grimentz - Valais
28/08/2024,19/10/2024,26/10/2024,1608.37,H34UG7X,Appartement ∙ 4 chambres ∙ 8 personnes,Grimentz - Valais
28/08/2024,26/10/2024,02/11/2024,1608.37,H34UG7X,Appartement ∙ 4 chambres ∙ 8 personnes,Grimentz - Valais
28/08/2024,02/11/2024,09/11/2024,1608.37,H34UG7X,Appartement ∙ 4 chambres ∙ 8 personnes,Grimentz - Valais
28/08/2024,09/11/2024,16/11/2024,1608.37,H34UG7X,Appartement ∙ 4 chambres ∙ 8 personnes,Grimentz - Valais
28/08/2024,16/11/2024,23/11/2024,1608.37,H34UG7X,Appartement ∙ 4 chambres ∙ 8 personnes,Grimentz - Valais
28/08/2024,23/11/2024,30/11/2024,1608.37,H34UG7X,Appartement ∙ 4 chambres ∙ 8 personnes,Grimentz - Valais
28/08/2024,30/11/2024,07/12/2024,1608.37,H34UG7X,Appartement ∙ 4 chambres ∙ 8 personnes,Grimentz - Valais
28/08/2024,07/12/2024,14/12/2024,1651.01,H34UG7X,Appartement ∙ 4 chambres ∙ 8 personnes,Grimentz - Valais
28/08/2024,02/11/2024,09/11/2024,1682.98,HLT4XN9,75 m² Maison de vacances ∙ 1 chambre ∙ 4 personnes,Evolène - Valais
28/08/2024,09/11/2024,16/11/2024,1682.98,HLT4XN9,75 m² Maison de vacances ∙ 1 chambre ∙ 4 personnes,Evolène - Valais
28/08/2024,16/11/2024,23/11/2024,1682.98,HLT4XN9,75 m² Maison de vacances ∙ 1 chambre ∙ 4 personnes,Evolène - Valais
28/08/2024,23/11/2024,30/11/2024,1682.98,HLT4XN9,75 m² Maison de vacances ∙ 1 chambre ∙ 4 personnes,Evolène - Valais
28/08/2024,30/11/2024,07/12/2024,1682.98,HLT4XN9,75 m² Maison de vacances ∙ 1 chambre ∙ 4 personnes,Evolène - Valais
28/08/2024,07/12/2024,14/12/2024,1682.98,HLT4XN9,75 m² Maison de vacances ∙ 1 chambre ∙ 4 personnes,Evolène - Valais
28/08/2024,14/12/2024,21/12/2024,1682.98,HLT4XN9,75 m² Maison de vacances ∙ 1 chambre ∙ 4 personnes,Evolène - Valais
28/08/2024,04/01/2025,11/01/2025,1682.98,HLT4XN9,75 m² Maison de vacances ∙ 1 chambre ∙ 4 personnes,Evolène - Valais
28/08/2024,11/01/2025,18/01/2025,1682.98,HLT4XN9,75 m² Maison de vacances ∙ 1 chambre ∙ 4 personnes,Evolène - Valais
28/08/2024,18/01/2025,25/01/2025,1682.98,HLT4XN9,75 m² Maison de vacances ∙ 1 chambre ∙ 4 personnes,Evolène - Valais
28/08/2024,08/02/2025,15/02/2025,1868.89,HLT4XN9,75 m² Maison de vacances ∙ 1 chambre ∙ 4 personnes,Evolène - Valais
28/08/2024,15/02/2025,22/02/2025,1868.89,HLT4XN9,75 m² Maison de vacances ∙ 1 chambre ∙ 4 personnes,Evolène - Valais
28/08/2024,22/02/2025,01/03/2025,1682.43,HLT4XN9,75 m² Maison de vacances ∙ 1 chambre ∙ 4 personnes,Evolène - Valais
28/08/2024,01/03/2025,08/03/2025,1682.98,HLT4XN9,75 m² Maison de vacances ∙ 1 chambre ∙ 4 personnes,Evolène - Valais
28/08/2024,08/03/2025,15/03/2025,1682.98,HLT4XN9,75 m² Maison de vacances ∙ 1 chambre ∙ 4 personnes,Evolène - Valais
28/08/2024,15/03/2025,22/03/2025,1682.43,HLT4XN9,75 m² Maison de vacances ∙ 1 chambre ∙ 4 personnes,Evolène - Valais
28/08/2024,22/03/2025,29/03/2025,1682.43,HLT4XN9,75 m² Maison de vacances ∙ 1 chambre ∙ 4 personnes,Evolène - Valais
28/08/2024,29/03/2025,05/04/2025,1682.43,HLT4XN9,75 m² Maison de vacances ∙ 1 chambre ∙ 4 personnes,Evolène - Valais
28/08/2024,05/04/2025,12/04/2025,1682.98,HLT4XN9,75 m² Maison de vacances ∙ 1 chambre ∙ 4 personnes,Evolène - Valais
28/08/2024,12/04/2025,19/04/2025,1682.98,HLT4XN9,75 m² Maison de vacances ∙ 1 chambre ∙ 4 personnes,Evolène - Valais
28/08/2024,19/04/2025,26/04/2025,1682.43,HLT4XN9,75 m² Maison de vacances ∙ 1 chambre ∙ 4 personnes,Evolène - Valais
28/08/2024,26/04/2025,03/05/2025,1682.43,HLT4XN9,75 m² Maison de vacances ∙ 1 chambre ∙ 4 personnes,Evolène - Valais
28/08/2024,03/05/2025,10/05/2025,1682.98,HLT4XN9,75 m² Maison de vacances ∙ 1 chambre ∙ 4 personnes,Evolène - Valais
28/08/2024,10/05/2025,17/05/2025,1682.43,HLT4XN9,75 m² Maison de vacances ∙ 1 chambre ∙ 4 personnes,Evolène - Valais
28/08/2024,07/09/2024,14/09/2024,2279.12,HPZW5VL,90 m² Maison de vacances ∙ 3 chambres ∙ 8 personnes,Evolène - Valais
28/08/2024,14/09/2024,21/09/2024,2279.86,HPZW5VL,90 m² Maison de vacances ∙ 3 chambres ∙ 8 personnes,Evolène - Valais
28/08/2024,07/09/2024,14/09/2024,3771,H9EH13K,Maison de vacances ∙ 5 chambres ∙ 10 personnes,Grimentz - Valais
28/08/2024,14/09/2024,21/09/2024,3771,H9EH13K,Maison de vacances ∙ 5 chambres ∙ 10 personnes,Grimentz - Valais
28/08/2024,21/09/2024,28/09/2024,3771,H9EH13K,Maison de vacances ∙ 5 chambres ∙ 10 personnes,Grimentz - Valais
28/08/2024,28/09/2024,05/10/2024,3771,H9EH13K,Maison de vacances ∙ 5 chambres ∙ 10 personnes,Grimentz - Valais
28/08/2024,05/10/2024,12/10/2024,3771,H9EH13K,Maison de vacances ∙ 5 chambres ∙ 10 personnes,Grimentz - Valais
28/08/2024,12/10/2024,19/10/2024,3771,H9EH13K,Maison de vacances ∙ 5 chambres ∙ 10 personnes,Grimentz - Valais
28/08/2024,19/10/2024,26/10/2024,3771,H9EH13K,Maison de vacances ∙ 5 chambres ∙ 10 personnes,Grimentz - Valais
28/08/2024,26/10/2024,02/11/2024,3771,H9EH13K,Maison de vacances ∙ 5 chambres ∙ 10 personnes,Grimentz - Valais
28/08/2024,02/11/2024,09/11/2024,3771,H9EH13K,Maison de vacances ∙ 5 chambres ∙ 10 personnes,Grimentz - Valais
28/08/2024,09/11/2024,16/11/2024,3771,H9EH13K,Maison de vacances ∙ 5 chambres ∙ 10 personnes,Grimentz - Valais
28/08/2024,16/11/2024,23/11/2024,3771,H9EH13K,Maison de vacances ∙ 5 chambres ∙ 10 personnes,Grimentz - Valais
28/08/2024,23/11/2024,30/11/2024,3771,H9EH13K,Maison de vacances ∙ 5 chambres ∙ 10 personnes,Grimentz - Valais
28/08/2024,30/11/2024,07/12/2024,3771,H9EH13K,Maison de vacances ∙ 5 chambres ∙ 10 personnes,Grimentz - Valais
28/08/2024,07/12/2024,14/12/2024,3983,H9EH13K,Maison de vacances ∙ 5 chambres ∙ 10 personnes,Grimentz - Valais
28/08/2024,14/12/2024,21/12/2024,5257,H9EH13K,Maison de vacances ∙ 5 chambres ∙ 10 personnes,Grimentz - Valais
28/08/2024,21/12/2024,28/12/2024,8454,H9EH13K,Maison de vacances ∙ 5 chambres ∙ 10 personnes,Grimentz - Valais
28/08/2024,28/12/2024,04/01/2025,8939,H9EH13K,Maison de vacances ∙ 5 chambres ∙ 10 personnes,Grimentz - Valais
28/08/2024,04/01/2025,11/01/2025,4437,H9EH13K,Maison de vacances ∙ 5 chambres ∙ 10 personnes,Grimentz - Valais
28/08/2024,07/09/2024,14/09/2024,3776,H9EH13K,Maison de vacances ∙ 5 chambres ∙ 10 personnes,Grimentz - Valais
28/08/2024,14/09/2024,21/09/2024,3776,H9EH13K,Maison de vacances ∙ 5 chambres ∙ 10 personnes,Grimentz - Valais
28/08/2024,21/09/2024,28/09/2024,3776,H9EH13K,Maison de vacances ∙ 5 chambres ∙ 10 personnes,Grimentz - Valais
28/08/2024,28/09/2024,05/10/2024,3776,H9EH13K,Maison de vacances ∙ 5 chambres ∙ 10 personnes,Grimentz - Valais
28/08/2024,05/10/2024,12/10/2024,3776,H9EH13K,Maison de vacances ∙ 5 chambres ∙ 10 personnes,Grimentz - Valais
28/08/2024,12/10/2024,19/10/2024,3776,H9EH13K,Maison de vacances ∙ 5 chambres ∙ 10 personnes,Grimentz - Valais
28/08/2024,19/10/2024,26/10/2024,3776,H9EH13K,Maison de vacances ∙ 5 chambres ∙ 10 personnes,Grimentz - Valais
28/08/2024,26/10/2024,02/11/2024,3776,H9EH13K,Maison de vacances ∙ 5 chambres ∙ 10 personnes,Grimentz - Valais
28/08/2024,02/11/2024,09/11/2024,3776,H9EH13K,Maison de vacances ∙ 5 chambres ∙ 10 personnes,Grimentz - Valais
28/08/2024,09/11/2024,16/11/2024,3776,H9EH13K,Maison de vacances ∙ 5 chambres ∙ 10 personnes,Grimentz - Valais
28/08/2024,23/11/2024,30/11/2024,3776,H9EH13K,Maison de vacances ∙ 5 chambres ∙ 10 personnes,Grimentz - Valais
28/08/2024,30/11/2024,07/12/2024,3776,H9EH13K,Maison de vacances ∙ 5 chambres ∙ 10 personnes,Grimentz - Valais
28/08/2024,07/12/2024,14/12/2024,3989,H9EH13K,Maison de vacances ∙ 5 chambres ∙ 10 personnes,Grimentz - Valais
28/08/2024,14/12/2024,21/12/2024,5265,H9EH13K,Maison de vacances ∙ 5 chambres ∙ 10 personnes,Grimentz - Valais
28/08/2024,21/12/2024,28/12/2024,8466,H9EH13K,Maison de vacances ∙ 5 chambres ∙ 10 personnes,Grimentz - Valais
28/08/2024,28/12/2024,04/01/2025,8951,H9EH13K,Maison de vacances ∙ 5 chambres ∙ 10 personnes,Grimentz - Valais
28/08/2024,04/01/2025,11/01/2025,4443,H9EH13K,Maison de vacances ∙ 5 chambres ∙ 10 personnes,Grimentz - Valais
28/08/2024,14/09/2024,21/09/2024,3776,H9EH13K,Maison de vacances ∙ 5 chambres ∙ 10 personnes,Grimentz - Valais
28/08/2024,21/09/2024,28/09/2024,3776,H9EH13K,Maison de vacances ∙ 5 chambres ∙ 10 personnes,Grimentz - Valais
28/08/2024,31/08/2024,07/09/2024,531.92,H9TGUXN,40 m² Appartement ∙ 1 chambre ∙ 2 personnes,Grimentz - Valais
28/08/2024,07/09/2024,14/09/2024,531.92,H9TGUXN,40 m² Appartement ∙ 1 chambre ∙ 2 personnes,Grimentz - Valais
28/08/2024,14/09/2024,21/09/2024,531.92,H9TGUXN,40 m² Appartement ∙ 1 chambre ∙ 2 personnes,Grimentz - Valais
28/08/2024,21/09/2024,28/09/2024,531.92,H9TGUXN,40 m² Appartement ∙ 1 chambre ∙ 2 personnes,Grimentz - Valais
28/08/2024,28/09/2024,05/10/2024,531.92,H9TGUXN,40 m² Appartement ∙ 1 chambre ∙ 2 personnes,Grimentz - Valais
28/08/2024,05/10/2024,12/10/2024,531.92,H9TGUXN,40 m² Appartement ∙ 1 chambre ∙ 2 personnes,Grimentz - Valais
28/08/2024,12/10/2024,19/10/2024,531.92,H9TGUXN,40 m² Appartement ∙ 1 chambre ∙ 2 personnes,Grimentz - Valais
28/08/2024,19/10/2024,26/10/2024,531.92,H9TGUXN,40 m² Appartement ∙ 1 chambre ∙ 2 personnes,Grimentz - Valais
28/08/2024,26/10/2024,02/11/2024,531.92,H9TGUXN,40 m² Appartement ∙ 1 chambre ∙ 2 personnes,Grimentz - Valais
28/08/2024,02/11/2024,09/11/2024,531.92,H9TGUXN,40 m² Appartement ∙ 1 chambre ∙ 2 personnes,Grimentz - Valais
28/08/2024,09/11/2024,16/11/2024,531.92,H9TGUXN,40 m² Appartement ∙ 1 chambre ∙ 2 personnes,Grimentz - Valais
28/08/2024,16/11/2024,23/11/2024,531.92,H9TGUXN,40 m² Appartement ∙ 1 chambre ∙ 2 personnes,Grimentz - Valais
28/08/2024,23/11/2024,30/11/2024,531.92,H9TGUXN,40 m² Appartement ∙ 1 chambre ∙ 2 personnes,Grimentz - Valais
28/08/2024,30/11/2024,07/12/2024,536.11,H9TGUXN,40 m² Appartement ∙ 1 chambre ∙ 2 personnes,Grimentz - Valais
28/08/2024,07/12/2024,14/12/2024,545.49,H9TGUXN,40 m² Appartement ∙ 1 chambre ∙ 2 personnes,Grimentz - Valais
28/08/2024,14/12/2024,21/12/2024,718.63,H9TGUXN,40 m² Appartement ∙ 1 chambre ∙ 2 personnes,Grimentz - Valais
28/08/2024,04/01/2025,11/01/2025,1460.20,H9TGUXN,40 m² Appartement ∙ 1 chambre ∙ 2 personnes,Grimentz - Valais
28/08/2024,25/01/2025,01/02/2025,972.08,H9TGUXN,40 m² Appartement ∙ 1 chambre ∙ 2 personnes,Grimentz - Valais
28/08/2024,01/02/2025,08/02/2025,1260.99,H9TGUXN,40 m² Appartement ∙ 1 chambre ∙ 2 personnes,Grimentz - Valais
28/08/2024,15/02/2025,22/02/2025,1460.20,H9TGUXN,40 m² Appartement ∙ 1 chambre ∙ 2 personnes,Grimentz - Valais
28/08/2024,22/02/2025,01/03/2025,1460.20,H9TGUXN,40 m² Appartement ∙ 1 chambre ∙ 2 personnes,Grimentz - Valais
28/08/2024,01/03/2025,08/03/2025,1460.20,H9TGUXN,40 m² Appartement ∙ 1 chambre ∙ 2 personnes,Grimentz - Valais
28/08/2024,15/03/2025,22/03/2025,930.36,H9TGUXN,40 m² Appartement ∙ 1 chambre ∙ 2 personnes,Grimentz - Valais
28/08/2024,22/03/2025,29/03/2025,811.46,H9TGUXN,40 m² Appartement ∙ 1 chambre ∙ 2 personnes,Grimentz - Valais
28/08/2024,29/03/2025,05/04/2025,881.34,H9TGUXN,40 m² Appartement ∙ 1 chambre ∙ 2 personnes,Grimentz - Valais
28/08/2024,05/04/2025,12/04/2025,917.84,H9TGUXN,40 m² Appartement ∙ 1 chambre ∙ 2 personnes,Grimentz - Valais
28/08/2024,12/04/2025,19/04/2025,926.18,H9TGUXN,40 m² Appartement ∙ 1 chambre ∙ 2 personnes,Grimentz - Valais
28/08/2024,19/04/2025,26/04/2025,790.59,H9TGUXN,40 m² Appartement ∙ 1 chambre ∙ 2 personnes,Grimentz - Valais
28/08/2024,26/04/2025,03/05/2025,717.58,H9TGUXN,40 m² Appartement ∙ 1 chambre ∙ 2 personnes,Grimentz - Valais
28/08/2024,03/05/2025,10/05/2025,656.05,H9TGUXN,40 m² Appartement ∙ 1 chambre ∙ 2 personnes,Grimentz - Valais
28/08/2024,10/05/2025,17/05/2025,645.61,H9TGUXN,40 m² Appartement ∙ 1 chambre ∙ 2 personnes,Grimentz - Valais
28/08/2024,21/09/2024,28/09/2024,1483,HWYX7N4,Maison de vacances ∙ 4 chambres ∙ 7 personnes,Ayer - Valais
28/08/2024,28/09/2024,05/10/2024,1483,HWYX7N4,Maison de vacances ∙ 4 chambres ∙ 7 personnes,Ayer - Valais
28/08/2024,05/10/2024,12/10/2024,1483,HWYX7N4,Maison de vacances ∙ 4 chambres ∙ 7 personnes,Ayer - Valais
28/08/2024,12/10/2024,19/10/2024,1483,HWYX7N4,Maison de vacances ∙ 4 chambres ∙ 7 personnes,Ayer - Valais
28/08/2024,19/10/2024,26/10/2024,1483,HWYX7N4,Maison de vacances ∙ 4 chambres ∙ 7 personnes,Ayer - Valais
28/08/2024,26/10/2024,02/11/2024,1483,HWYX7N4,Maison de vacances ∙ 4 chambres ∙ 7 personnes,Ayer - Valais
28/08/2024,02/11/2024,09/11/2024,1483,HWYX7N4,Maison de vacances ∙ 4 chambres ∙ 7 personnes,Ayer - Valais
28/08/2024,09/11/2024,16/11/2024,1483,HWYX7N4,Maison de vacances ∙ 4 chambres ∙ 7 personnes,Ayer - Valais
28/08/2024,16/11/2024,23/11/2024,1483,HWYX7N4,Maison de vacances ∙ 4 chambres ∙ 7 personnes,Ayer - Valais
28/08/2024,23/11/2024,30/11/2024,1483,HWYX7N4,Maison de vacances ∙ 4 chambres ∙ 7 personnes,Ayer - Valais
28/08/2024,30/11/2024,07/12/2024,1595,HWYX7N4,Maison de vacances ∙ 4 chambres ∙ 7 personnes,Ayer - Valais
28/08/2024,07/12/2024,14/12/2024,1595,HWYX7N4,Maison de vacances ∙ 4 chambres ∙ 7 personnes,Ayer - Valais
28/08/2024,14/12/2024,21/12/2024,1595,HWYX7N4,Maison de vacances ∙ 4 chambres ∙ 7 personnes,Ayer - Valais
28/08/2024,21/12/2024,28/12/2024,1595,HWYX7N4,Maison de vacances ∙ 4 chambres ∙ 7 personnes,Ayer - Valais
28/08/2024,04/01/2025,11/01/2025,1595,HWYX7N4,Maison de vacances ∙ 4 chambres ∙ 7 personnes,Ayer - Valais
28/08/2024,11/01/2025,18/01/2025,1595,HWYX7N4,Maison de vacances ∙ 4 chambres ∙ 7 personnes,Ayer - Valais
28/08/2024,18/01/2025,25/01/2025,1595,HWYX7N4,Maison de vacances ∙ 4 chambres ∙ 7 personnes,Ayer - Valais
28/08/2024,25/01/2025,01/02/2025,1595,HWYX7N4,Maison de vacances ∙ 4 chambres ∙ 7 personnes,Ayer - Valais
28/08/2024,01/02/2025,08/02/2025,1595,HWYX7N4,Maison de vacances ∙ 4 chambres ∙ 7 personnes,Ayer - Valais
28/08/2024,15/02/2025,22/02/2025,1595,HWYX7N4,Maison de vacances ∙ 4 chambres ∙ 7 personnes,Ayer - Valais
28/08/2024,01/03/2025,08/03/2025,1483,HWYX7N4,Maison de vacances ∙ 4 chambres ∙ 7 personnes,Ayer - Valais
28/08/2024,08/03/2025,15/03/2025,1483,HWYX7N4,Maison de vacances ∙ 4 chambres ∙ 7 personnes,Ayer - Valais
28/08/2024,15/03/2025,22/03/2025,1483,HWYX7N4,Maison de vacances ∙ 4 chambres ∙ 7 personnes,Ayer - Valais
28/08/2024,22/03/2025,29/03/2025,1483,HWYX7N4,Maison de vacances ∙ 4 chambres ∙ 7 personnes,Ayer - Valais
28/08/2024,29/03/2025,05/04/2025,1483,HWYX7N4,Maison de vacances ∙ 4 chambres ∙ 7 personnes,Ayer - Valais
28/08/2024,05/04/2025,12/04/2025,1483,HWYX7N4,Maison de vacances ∙ 4 chambres ∙ 7 personnes,Ayer - Valais
28/08/2024,12/04/2025,19/04/2025,1483,HWYX7N4,Maison de vacances ∙ 4 chambres ∙ 7 personnes,Ayer - Valais
28/08/2024,19/04/2025,26/04/2025,1483,HWYX7N4,Maison de vacances ∙ 4 chambres ∙ 7 personnes,Ayer - Valais
28/08/2024,26/04/2025,03/05/2025,1334,HWYX7N4,Maison de vacances ∙ 4 chambres ∙ 7 personnes,Ayer - Valais
28/08/2024,03/05/2025,10/05/2025,1334,HWYX7N4,Maison de vacances ∙ 4 chambres ∙ 7 personnes,Ayer - Valais
28/08/2024,10/05/2025,17/05/2025,1334,HWYX7N4,Maison de vacances ∙ 4 chambres ∙ 7 personnes,Ayer - Valais
28/08/2024,31/08/2024,07/09/2024,1159.04,HMJCS2Y,80 m² Chalet ∙ 3 chambres ∙ 6 personnes,Mission - Ayer - Valais
28/08/2024,07/09/2024,14/09/2024,1159.04,HMJCS2Y,80 m² Chalet ∙ 3 chambres ∙ 6 personnes,Mission - Ayer - Valais
28/08/2024,14/09/2024,21/09/2024,1159.04,HMJCS2Y,80 m² Chalet ∙ 3 chambres ∙ 6 personnes,Mission - Ayer - Valais
28/08/2024,21/09/2024,28/09/2024,1159.04,HMJCS2Y,80 m² Chalet ∙ 3 chambres ∙ 6 personnes,Mission - Ayer - Valais
28/08/2024,28/09/2024,05/10/2024,1159.04,HMJCS2Y,80 m² Chalet ∙ 3 chambres ∙ 6 personnes,Mission - Ayer - Valais
28/08/2024,05/10/2024,12/10/2024,1159.04,HMJCS2Y,80 m² Chalet ∙ 3 chambres ∙ 6 personnes,Mission - Ayer - Valais
28/08/2024,12/10/2024,19/10/2024,1159.04,HMJCS2Y,80 m² Chalet ∙ 3 chambres ∙ 6 personnes,Mission - Ayer - Valais
28/08/2024,19/10/2024,26/10/2024,1159.04,HMJCS2Y,80 m² Chalet ∙ 3 chambres ∙ 6 personnes,Mission - Ayer - Valais
28/08/2024,26/10/2024,02/11/2024,1159.04,HMJCS2Y,80 m² Chalet ∙ 3 chambres ∙ 6 personnes,Mission - Ayer - Valais
28/08/2024,02/11/2024,09/11/2024,1159.04,HMJCS2Y,80 m² Chalet ∙ 3 chambres ∙ 6 personnes,Mission - Ayer - Valais
28/08/2024,09/11/2024,16/11/2024,1159.04,HMJCS2Y,80 m² Chalet ∙ 3 chambres ∙ 6 personnes,Mission - Ayer - Valais
28/08/2024,16/11/2024,23/11/2024,1159.04,HMJCS2Y,80 m² Chalet ∙ 3 chambres ∙ 6 personnes,Mission - Ayer - Valais
28/08/2024,23/11/2024,30/11/2024,1159.04,HMJCS2Y,80 m² Chalet ∙ 3 chambres ∙ 6 personnes,Mission - Ayer - Valais
28/08/2024,30/11/2024,07/12/2024,1173.64,HMJCS2Y,80 m² Chalet ∙ 3 chambres ∙ 6 personnes,Mission - Ayer - Valais
28/08/2024,07/12/2024,14/12/2024,1210.34,HMJCS2Y,80 m² Chalet ∙ 3 chambres ∙ 6 personnes,Mission - Ayer - Valais
28/08/2024,14/12/2024,21/12/2024,1687.57,HMJCS2Y,80 m² Chalet ∙ 3 chambres ∙ 6 personnes,Mission - Ayer - Valais
28/08/2024,21/12/2024,28/12/2024,2920.39,HMJCS2Y,80 m² Chalet ∙ 3 chambres ∙ 6 personnes,Mission - Ayer - Valais
28/08/2024,08/02/2025,15/02/2025,2871.37,HMJCS2Y,80 m² Chalet ∙ 3 chambres ∙ 6 personnes,Mission - Ayer - Valais
28/08/2024,15/02/2025,22/02/2025,2920.39,HMJCS2Y,80 m² Chalet ∙ 3 chambres ∙ 6 personnes,Mission - Ayer - Valais
28/08/2024,22/02/2025,01/03/2025,2920.39,HMJCS2Y,80 m² Chalet ∙ 3 chambres ∙ 6 personnes,Mission - Ayer - Valais
28/08/2024,01/03/2025,08/03/2025,2920.39,HMJCS2Y,80 m² Chalet ∙ 3 chambres ∙ 6 personnes,Mission - Ayer - Valais
28/08/2024,08/03/2025,15/03/2025,2188.21,HMJCS2Y,80 m² Chalet ∙ 3 chambres ∙ 6 personnes,Mission - Ayer - Valais
28/08/2024,15/03/2025,22/03/2025,2048.45,HMJCS2Y,80 m² Chalet ∙ 3 chambres ∙ 6 personnes,Mission - Ayer - Valais
28/08/2024,22/03/2025,29/03/2025,1898.25,HMJCS2Y,80 m² Chalet ∙ 3 chambres ∙ 6 personnes,Mission - Ayer - Valais
28/08/2024,29/03/2025,05/04/2025,1998.38,HMJCS2Y,80 m² Chalet ∙ 3 chambres ∙ 6 personnes,Mission - Ayer - Valais
28/08/2024,05/04/2025,12/04/2025,2441.66,HMJCS2Y,80 m² Chalet ∙ 3 chambres ∙ 6 personnes,Mission - Ayer - Valais
28/08/2024,12/04/2025,19/04/2025,2228.89,HMJCS2Y,80 m² Chalet ∙ 3 chambres ∙ 6 personnes,Mission - Ayer - Valais
28/08/2024,19/04/2025,26/04/2025,1734.50,HMJCS2Y,80 m² Chalet ∙ 3 chambres ∙ 6 personnes,Mission - Ayer - Valais
28/08/2024,26/04/2025,03/05/2025,1533.20,HMJCS2Y,80 m² Chalet ∙ 3 chambres ∙ 6 personnes,Mission - Ayer - Valais
28/08/2024,03/05/2025,10/05/2025,1425.77,HMJCS2Y,80 m² Chalet ∙ 3 chambres ∙ 6 personnes,Mission - Ayer - Valais
28/08/2024,10/05/2025,17/05/2025,1583.26,HMJCS2Y,80 m² Chalet ∙ 3 chambres ∙ 6 personnes,Mission - Ayer - Valais
28/08/2024,07/09/2024,14/09/2024,1311.35,HNRH8DZ,125 m² Maison de vacances ∙ 3 chambres ∙ 6 personnes,Saint-Luc - Valais
28/08/2024,19/10/2024,26/10/2024,1083.01,HNRH8DZ,125 m² Maison de vacances ∙ 3 chambres ∙ 6 personnes,Saint-Luc - Valais
28/08/2024,26/10/2024,02/11/2024,1083.01,HNRH8DZ,125 m² Maison de vacances ∙ 3 chambres ∙ 6 personnes,Saint-Luc - Valais
28/08/2024,02/11/2024,09/11/2024,1083.01,HNRH8DZ,125 m² Maison de vacances ∙ 3 chambres ∙ 6 personnes,Saint-Luc - Valais
28/08/2024,09/11/2024,16/11/2024,1083.01,HNRH8DZ,125 m² Maison de vacances ∙ 3 chambres ∙ 6 personnes,Saint-Luc - Valais
28/08/2024,16/11/2024,23/11/2024,1083.01,HNRH8DZ,125 m² Maison de vacances ∙ 3 chambres ∙ 6 personnes,Saint-Luc - Valais
28/08/2024,23/11/2024,30/11/2024,1083.01,HNRH8DZ,125 m² Maison de vacances ∙ 3 chambres ∙ 6 personnes,Saint-Luc - Valais
28/08/2024,30/11/2024,07/12/2024,1083.01,HNRH8DZ,125 m² Maison de vacances ∙ 3 chambres ∙ 6 personnes,Saint-Luc - Valais
28/08/2024,07/12/2024,14/12/2024,1083.01,HNRH8DZ,125 m² Maison de vacances ∙ 3 chambres ∙ 6 personnes,Saint-Luc - Valais
28/08/2024,14/12/2024,21/12/2024,1327.36,HNRH8DZ,125 m² Maison de vacances ∙ 3 chambres ∙ 6 personnes,Saint-Luc - Valais
28/08/2024,21/12/2024,28/12/2024,2767.82,HNRH8DZ,125 m² Maison de vacances ∙ 3 chambres ∙ 6 personnes,Saint-Luc - Valais
28/08/2024,31/08/2024,07/09/2024,2058.26,HK1XFSW,65 m² Maison de vacances ∙ 2 chambres ∙ 5 personnes,Grimentz - Valais
28/08/2024,07/09/2024,14/09/2024,2058.26,HK1XFSW,65 m² Maison de vacances ∙ 2 chambres ∙ 5 personnes,Grimentz - Valais
28/08/2024,14/09/2024,21/09/2024,2058.26,HK1XFSW,65 m² Maison de vacances ∙ 2 chambres ∙ 5 personnes,Grimentz - Valais
28/08/2024,21/09/2024,28/09/2024,2058.26,HK1XFSW,65 m² Maison de vacances ∙ 2 chambres ∙ 5 personnes,Grimentz - Valais
28/08/2024,28/09/2024,05/10/2024,2122.28,HK1XFSW,65 m² Maison de vacances ∙ 2 chambres ∙ 5 personnes,Grimentz - Valais
28/08/2024,05/10/2024,12/10/2024,2132.95,HK1XFSW,65 m² Maison de vacances ∙ 2 chambres ∙ 5 personnes,Grimentz - Valais
28/08/2024,12/10/2024,19/10/2024,2132.95,HK1XFSW,65 m² Maison de vacances ∙ 2 chambres ∙ 5 personnes,Grimentz - Valais
28/08/2024,19/10/2024,26/10/2024,2132.95,HK1XFSW,65 m² Maison de vacances ∙ 2 chambres ∙ 5 personnes,Grimentz - Valais
28/08/2024,26/10/2024,02/11/2024,2132.95,HK1XFSW,65 m² Maison de vacances ∙ 2 chambres ∙ 5 personnes,Grimentz - Valais
28/08/2024,02/11/2024,09/11/2024,2132.95,HK1XFSW,65 m² Maison de vacances ∙ 2 chambres ∙ 5 personnes,Grimentz - Valais
28/08/2024,09/11/2024,16/11/2024,2132.95,HK1XFSW,65 m² Maison de vacances ∙ 2 chambres ∙ 5 personnes,Grimentz - Valais
28/08/2024,16/11/2024,23/11/2024,2132.95,HK1XFSW,65 m² Maison de vacances ∙ 2 chambres ∙ 5 personnes,Grimentz - Valais
28/08/2024,23/11/2024,30/11/2024,2132.95,HK1XFSW,65 m² Maison de vacances ∙ 2 chambres ∙ 5 personnes,Grimentz - Valais
28/08/2024,30/11/2024,07/12/2024,2132.95,HK1XFSW,65 m² Maison de vacances ∙ 2 chambres ∙ 5 personnes,Grimentz - Valais
28/08/2024,07/12/2024,14/12/2024,2132.95,HK1XFSW,65 m² Maison de vacances ∙ 2 chambres ∙ 5 personnes,Grimentz - Valais
28/08/2024,14/12/2024,21/12/2024,2132.95,HK1XFSW,65 m² Maison de vacances ∙ 2 chambres ∙ 5 personnes,Grimentz - Valais
28/08/2024,21/12/2024,28/12/2024,2506.40,HK1XFSW,65 m² Maison de vacances ∙ 2 chambres ∙ 5 personnes,Grimentz - Valais
28/08/2024,04/01/2025,11/01/2025,2132.95,HK1XFSW,65 m² Maison de vacances ∙ 2 chambres ∙ 5 personnes,Grimentz - Valais
28/08/2024,11/01/2025,18/01/2025,2132.95,HK1XFSW,65 m² Maison de vacances ∙ 2 chambres ∙ 5 personnes,Grimentz - Valais
28/08/2024,18/01/2025,25/01/2025,2132.95,HK1XFSW,65 m² Maison de vacances ∙ 2 chambres ∙ 5 personnes,Grimentz - Valais
28/08/2024,25/01/2025,01/02/2025,2132.95,HK1XFSW,65 m² Maison de vacances ∙ 2 chambres ∙ 5 personnes,Grimentz - Valais
28/08/2024,15/03/2025,22/03/2025,2506.40,HK1XFSW,65 m² Maison de vacances ∙ 2 chambres ∙ 5 personnes,Grimentz - Valais
28/08/2024,22/03/2025,29/03/2025,2506.40,HK1XFSW,65 m² Maison de vacances ∙ 2 chambres ∙ 5 personnes,Grimentz - Valais
28/08/2024,29/03/2025,05/04/2025,2506.40,HK1XFSW,65 m² Maison de vacances ∙ 2 chambres ∙ 5 personnes,Grimentz - Valais
28/08/2024,05/04/2025,12/04/2025,2506.40,HK1XFSW,65 m² Maison de vacances ∙ 2 chambres ∙ 5 personnes,Grimentz - Valais
28/08/2024,31/08/2024,07/09/2024,881.00,HRKZ0B1,40 m² Appartement ∙ 1 chambre ∙ 4 personnes,Grimentz - Valais
28/08/2024,07/09/2024,14/09/2024,881.00,HRKZ0B1,40 m² Appartement ∙ 1 chambre ∙ 4 personnes,Grimentz - Valais
28/08/2024,14/09/2024,21/09/2024,881.00,HRKZ0B1,40 m² Appartement ∙ 1 chambre ∙ 4 personnes,Grimentz - Valais
28/08/2024,21/09/2024,28/09/2024,881.00,HRKZ0B1,40 m² Appartement ∙ 1 chambre ∙ 4 personnes,Grimentz - Valais
28/08/2024,28/09/2024,05/10/2024,881.00,HRKZ0B1,40 m² Appartement ∙ 1 chambre ∙ 4 personnes,Grimentz - Valais
28/08/2024,05/10/2024,12/10/2024,881.00,HRKZ0B1,40 m² Appartement ∙ 1 chambre ∙ 4 personnes,Grimentz - Valais
28/08/2024,12/10/2024,19/10/2024,881.00,HRKZ0B1,40 m² Appartement ∙ 1 chambre ∙ 4 personnes,Grimentz - Valais
28/08/2024,19/10/2024,26/10/2024,881.00,HRKZ0B1,40 m² Appartement ∙ 1 chambre ∙ 4 personnes,Grimentz - Valais
28/08/2024,26/10/2024,02/11/2024,881.00,HRKZ0B1,40 m² Appartement ∙ 1 chambre ∙ 4 personnes,Grimentz - Valais
28/08/2024,02/11/2024,09/11/2024,881.00,HRKZ0B1,40 m² Appartement ∙ 1 chambre ∙ 4 personnes,Grimentz - Valais
28/08/2024,09/11/2024,16/11/2024,881.00,HRKZ0B1,40 m² Appartement ∙ 1 chambre ∙ 4 personnes,Grimentz - Valais
28/08/2024,16/11/2024,23/11/2024,881.00,HRKZ0B1,40 m² Appartement ∙ 1 chambre ∙ 4 personnes,Grimentz - Valais
28/08/2024,23/11/2024,30/11/2024,881.00,HRKZ0B1,40 m² Appartement ∙ 1 chambre ∙ 4 personnes,Grimentz - Valais
28/08/2024,30/11/2024,07/12/2024,881.00,HRKZ0B1,40 m² Appartement ∙ 1 chambre ∙ 4 personnes,Grimentz - Valais
28/08/2024,07/12/2024,14/12/2024,881.00,HRKZ0B1,40 m² Appartement ∙ 1 chambre ∙ 4 personnes,Grimentz - Valais
28/08/2024,14/12/2024,21/12/2024,1499.00,HRKZ0B1,40 m² Appartement ∙ 1 chambre ∙ 4 personnes,Grimentz - Valais
28/08/2024,04/01/2025,11/01/2025,1499.00,HRKZ0B1,40 m² Appartement ∙ 1 chambre ∙ 4 personnes,Grimentz - Valais
28/08/2024,11/01/2025,18/01/2025,1499.00,HRKZ0B1,40 m² Appartement ∙ 1 chambre ∙ 4 personnes,Grimentz - Valais
28/08/2024,18/01/2025,25/01/2025,1499.00,HRKZ0B1,40 m² Appartement ∙ 1 chambre ∙ 4 personnes,Grimentz - Valais
28/08/2024,08/03/2025,15/03/2025,1499.00,HRKZ0B1,40 m² Appartement ∙ 1 chambre ∙ 4 personnes,Grimentz - Valais
28/08/2024,15/03/2025,22/03/2025,1499.00,HRKZ0B1,40 m² Appartement ∙ 1 chambre ∙ 4 personnes,Grimentz - Valais
28/08/2024,22/03/2025,29/03/2025,1499.00,HRKZ0B1,40 m² Appartement ∙ 1 chambre ∙ 4 personnes,Grimentz - Valais
28/08/2024,29/03/2025,05/04/2025,1499.00,HRKZ0B1,40 m² Appartement ∙ 1 chambre ∙ 4 personnes,Grimentz - Valais
28/08/2024,05/04/2025,12/04/2025,881.00,HRKZ0B1,40 m² Appartement ∙ 1 chambre ∙ 4 personnes,Grimentz - Valais
28/08/2024,12/04/2025,19/04/2025,881.00,HRKZ0B1,40 m² Appartement ∙ 1 chambre ∙ 4 personnes,Grimentz - Valais
28/08/2024,19/04/2025,26/04/2025,881.00,HRKZ0B1,40 m² Appartement ∙ 1 chambre ∙ 4 personnes,Grimentz - Valais
28/08/2024,26/04/2025,03/05/2025,881.00,HRKZ0B1,40 m² Appartement ∙ 1 chambre ∙ 4 personnes,Grimentz - Valais
28/08/2024,03/05/2025,10/05/2025,881.00,HRKZ0B1,40 m² Appartement ∙ 1 chambre ∙ 4 personnes,Grimentz - Valais
28/08/2024,10/05/2025,17/05/2025,881.00,HRKZ0B1,40 m² Appartement ∙ 1 chambre ∙ 4 personnes,Grimentz - Valais
28/08/2024,21/09/2024,28/09/2024,1346.00,H098YCP,100 m² Maison de vacances ∙ 3 chambres ∙ 6 personnes,Grimentz - Valais
28/08/2024,19/10/2024,26/10/2024,1346.00,H098YCP,100 m² Maison de vacances ∙ 3 chambres ∙ 6 personnes,Grimentz - Valais
28/08/2024,26/10/2024,02/11/2024,1346.00,H098YCP,100 m² Maison de vacances ∙ 3 chambres ∙ 6 personnes,Grimentz - Valais
28/08/2024,02/11/2024,09/11/2024,1346.00,H098YCP,100 m² Maison de vacances ∙ 3 chambres ∙ 6 personnes,Grimentz - Valais
28/08/2024,09/11/2024,16/11/2024,1346.00,H098YCP,100 m² Maison de vacances ∙ 3 chambres ∙ 6 personnes,Grimentz - Valais
28/08/2024,16/11/2024,23/11/2024,1346.00,H098YCP,100 m² Maison de vacances ∙ 3 chambres ∙ 6 personnes,Grimentz - Valais
28/08/2024,23/11/2024,30/11/2024,1346.00,H098YCP,100 m² Maison de vacances ∙ 3 chambres ∙ 6 personnes,Grimentz - Valais
28/08/2024,30/11/2024,07/12/2024,1346.00,H098YCP,100 m² Maison de vacances ∙ 3 chambres ∙ 6 personnes,Grimentz - Valais
28/08/2024,07/12/2024,14/12/2024,1346.00,H098YCP,100 m² Maison de vacances ∙ 3 chambres ∙ 6 personnes,Grimentz - Valais
28/08/2024,14/12/2024,21/12/2024,1573.00,H098YCP,100 m² Maison de vacances ∙ 3 chambres ∙ 6 personnes,Grimentz - Valais
28/08/2024,04/01/2025,11/01/2025,1573.00,H098YCP,100 m² Maison de vacances ∙ 3 chambres ∙ 6 personnes,Grimentz - Valais
28/08/2024,11/01/2025,18/01/2025,1573.00,H098YCP,100 m² Maison de vacances ∙ 3 chambres ∙ 6 personnes,Grimentz - Valais
28/08/2024,18/01/2025,25/01/2025,1573.00,H098YCP,100 m² Maison de vacances ∙ 3 chambres ∙ 6 personnes,Grimentz - Valais
28/08/2024,15/03/2025,22/03/2025,1573.00,H098YCP,100 m² Maison de vacances ∙ 3 chambres ∙ 6 personnes,Grimentz - Valais
28/08/2024,22/03/2025,29/03/2025,1573.00,H098YCP,100 m² Maison de vacances ∙ 3 chambres ∙ 6 personnes,Grimentz - Valais
28/08/2024,29/03/2025,05/04/2025,1573.00,H098YCP,100 m² Maison de vacances ∙ 3 chambres ∙ 6 personnes,Grimentz - Valais
28/08/2024,05/04/2025,12/04/2025,1346.00,H098YCP,100 m² Maison de vacances ∙ 3 chambres ∙ 6 personnes,Grimentz - Valais
28/08/2024,19/04/2025,26/04/2025,1346.00,H098YCP,100 m² Maison de vacances ∙ 3 chambres ∙ 6 personnes,Grimentz - Valais
28/08/2024,31/08/2024,07/09/2024,618.72,H5KF3BZ,Studio ∙ 1 chambre ∙ 2 personnes,Saint-Luc - Valais
28/08/2024,07/09/2024,14/09/2024,618.97,H5KF3BZ,Studio ∙ 1 chambre ∙ 2 personnes,Saint-Luc - Valais
28/08/2024,14/09/2024,21/09/2024,618.97,H5KF3BZ,Studio ∙ 1 chambre ∙ 2 personnes,Saint-Luc - Valais
28/08/2024,21/09/2024,28/09/2024,618.72,H5KF3BZ,Studio ∙ 1 chambre ∙ 2 personnes,Saint-Luc - Valais
28/08/2024,28/09/2024,05/10/2024,618.97,H5KF3BZ,Studio ∙ 1 chambre ∙ 2 personnes,Saint-Luc - Valais
28/08/2024,05/10/2024,12/10/2024,618.97,H5KF3BZ,Studio ∙ 1 chambre ∙ 2 personnes,Saint-Luc - Valais
28/08/2024,12/10/2024,19/10/2024,618.97,H5KF3BZ,Studio ∙ 1 chambre ∙ 2 personnes,Saint-Luc - Valais
28/08/2024,19/10/2024,26/10/2024,618.97,H5KF3BZ,Studio ∙ 1 chambre ∙ 2 personnes,Saint-Luc - Valais
28/08/2024,26/10/2024,02/11/2024,618.97,H5KF3BZ,Studio ∙ 1 chambre ∙ 2 personnes,Saint-Luc - Valais
28/08/2024,02/11/2024,09/11/2024,618.72,H5KF3BZ,Studio ∙ 1 chambre ∙ 2 personnes,Saint-Luc - Valais
28/08/2024,09/11/2024,16/11/2024,618.97,H5KF3BZ,Studio ∙ 1 chambre ∙ 2 personnes,Saint-Luc - Valais
28/08/2024,16/11/2024,23/11/2024,618.97,H5KF3BZ,Studio ∙ 1 chambre ∙ 2 personnes,Saint-Luc - Valais
28/08/2024,23/11/2024,30/11/2024,618.72,H5KF3BZ,Studio ∙ 1 chambre ∙ 2 personnes,Saint-Luc - Valais
28/08/2024,30/11/2024,07/12/2024,632.54,H5KF3BZ,Studio ∙ 1 chambre ∙ 2 personnes,Saint-Luc - Valais
28/08/2024,07/12/2024,14/12/2024,650.61,H5KF3BZ,Studio ∙ 1 chambre ∙ 2 personnes,Saint-Luc - Valais
28/08/2024,14/12/2024,21/12/2024,903.62,H5KF3BZ,Studio ∙ 1 chambre ∙ 2 personnes,Saint-Luc - Valais
28/08/2024,21/12/2024,28/12/2024,1606.88,H5KF3BZ,Studio ∙ 1 chambre ∙ 2 personnes,Saint-Luc - Valais
28/08/2024,28/12/2024,04/01/2025,1606.88,H5KF3BZ,Studio ∙ 1 chambre ∙ 2 personnes,Saint-Luc - Valais
28/08/2024,04/01/2025,11/01/2025,1606.88,H5KF3BZ,Studio ∙ 1 chambre ∙ 2 personnes,Saint-Luc - Valais
28/08/2024,11/01/2025,18/01/2025,926.57,H5KF3BZ,Studio ∙ 1 chambre ∙ 2 personnes,Saint-Luc - Valais
28/08/2024,18/01/2025,25/01/2025,1008.99,H5KF3BZ,Studio ∙ 1 chambre ∙ 2 personnes,Saint-Luc - Valais
28/08/2024,25/01/2025,01/02/2025,1239.60,H5KF3BZ,Studio ∙ 1 chambre ∙ 2 personnes,Saint-Luc - Valais
28/08/2024,01/02/2025,08/02/2025,1552.62,H5KF3BZ,Studio ∙ 1 chambre ∙ 2 personnes,Saint-Luc - Valais
28/08/2024,08/02/2025,15/02/2025,1595.41,H5KF3BZ,Studio ∙ 1 chambre ∙ 2 personnes,Saint-Luc - Valais
28/08/2024,15/02/2025,22/02/2025,1606.88,H5KF3BZ,Studio ∙ 1 chambre ∙ 2 personnes,Saint-Luc - Valais
28/08/2024,22/02/2025,01/03/2025,1606.88,H5KF3BZ,Studio ∙ 1 chambre ∙ 2 personnes,Saint-Luc - Valais
28/08/2024,01/03/2025,08/03/2025,1606.88,H5KF3BZ,Studio ∙ 1 chambre ∙ 2 personnes,Saint-Luc - Valais
28/08/2024,08/03/2025,15/03/2025,1198.90,H5KF3BZ,Studio ∙ 1 chambre ∙ 2 personnes,Saint-Luc - Valais
28/08/2024,15/03/2025,22/03/2025,1210.38,H5KF3BZ,Studio ∙ 1 chambre ∙ 2 personnes,Saint-Luc - Valais
28/08/2024,22/03/2025,29/03/2025,1024.64,H5KF3BZ,Studio ∙ 1 chambre ∙ 2 personnes,Saint-Luc - Valais
28/08/2024,29/03/2025,05/04/2025,1108.12,H5KF3BZ,Studio ∙ 1 chambre ∙ 2 personnes,Saint-Luc - Valais
28/08/2024,05/04/2025,12/04/2025,1118.56,H5KF3BZ,Studio ∙ 1 chambre ∙ 2 personnes,Saint-Luc - Valais
28/08/2024,12/04/2025,19/04/2025,1203.08,H5KF3BZ,Studio ∙ 1 chambre ∙ 2 personnes,Saint-Luc - Valais
28/08/2024,19/04/2025,26/04/2025,1031.96,H5KF3BZ,Studio ∙ 1 chambre ∙ 2 personnes,Saint-Luc - Valais
28/08/2024,26/04/2025,03/05/2025,881.70,H5KF3BZ,Studio ∙ 1 chambre ∙ 2 personnes,Saint-Luc - Valais
28/08/2024,03/05/2025,10/05/2025,837.87,H5KF3BZ,Studio ∙ 1 chambre ∙ 2 personnes,Saint-Luc - Valais
28/08/2024,10/05/2025,17/05/2025,814.92,H5KF3BZ,Studio ∙ 1 chambre ∙ 2 personnes,Saint-Luc - Valais
28/08/2024,07/09/2024,14/09/2024,1932.30,HF3GKWL,47 m² Appartement ∙ 1 chambre ∙ 2 personnes,Grimentz - Valais
28/08/2024,14/09/2024,21/09/2024,1932.30,HF3GKWL,47 m² Appartement ∙ 1 chambre ∙ 2 personnes,Grimentz - Valais
28/08/2024,21/09/2024,28/09/2024,1932.30,HF3GKWL,47 m² Appartement ∙ 1 chambre ∙ 2 personnes,Grimentz - Valais
28/08/2024,28/09/2024,05/10/2024,1932.30,HF3GKWL,47 m² Appartement ∙ 1 chambre ∙ 2 personnes,Grimentz - Valais
28/08/2024,05/10/2024,12/10/2024,1932.30,HF3GKWL,47 m² Appartement ∙ 1 chambre ∙ 2 personnes,Grimentz - Valais
28/08/2024,12/10/2024,19/10/2024,1932.30,HF3GKWL,47 m² Appartement ∙ 1 chambre ∙ 2 personnes,Grimentz - Valais
28/08/2024,19/10/2024,26/10/2024,1932.30,HF3GKWL,47 m² Appartement ∙ 1 chambre ∙ 2 personnes,Grimentz - Valais
28/08/2024,26/10/2024,02/11/2024,1932.30,HF3GKWL,47 m² Appartement ∙ 1 chambre ∙ 2 personnes,Grimentz - Valais
28/08/2024,02/11/2024,09/11/2024,2254.19,HF3GKWL,47 m² Appartement ∙ 1 chambre ∙ 2 personnes,Grimentz - Valais
28/08/2024,09/11/2024,16/11/2024,2254.19,HF3GKWL,47 m² Appartement ∙ 1 chambre ∙ 2 personnes,Grimentz - Valais
28/08/2024,16/11/2024,23/11/2024,2254.19,HF3GKWL,47 m² Appartement ∙ 1 chambre ∙ 2 personnes,Grimentz - Valais
28/08/2024,23/11/2024,30/11/2024,2254.19,HF3GKWL,47 m² Appartement ∙ 1 chambre ∙ 2 personnes,Grimentz - Valais
28/08/2024,30/11/2024,07/12/2024,2254.19,HF3GKWL,47 m² Appartement ∙ 1 chambre ∙ 2 personnes,Grimentz - Valais
28/08/2024,07/12/2024,14/12/2024,2254.19,HF3GKWL,47 m² Appartement ∙ 1 chambre ∙ 2 personnes,Grimentz - Valais
28/08/2024,14/12/2024,21/12/2024,2769.40,HF3GKWL,47 m² Appartement ∙ 1 chambre ∙ 2 personnes,Grimentz - Valais
28/08/2024,21/12/2024,28/12/2024,2769.40,HF3GKWL,47 m² Appartement ∙ 1 chambre ∙ 2 personnes,Grimentz - Valais
28/08/2024,04/01/2025,11/01/2025,2594.58,HF3GKWL,47 m² Appartement ∙ 1 chambre ∙ 2 personnes,Grimentz - Valais
28/08/2024,11/01/2025,18/01/2025,2594.58,HF3GKWL,47 m² Appartement ∙ 1 chambre ∙ 2 personnes,Grimentz - Valais
28/08/2024,08/02/2025,15/02/2025,2769.40,HF3GKWL,47 m² Appartement ∙ 1 chambre ∙ 2 personnes,Grimentz - Valais
28/08/2024,15/02/2025,22/02/2025,2769.40,HF3GKWL,47 m² Appartement ∙ 1 chambre ∙ 2 personnes,Grimentz - Valais
28/08/2024,22/02/2025,01/03/2025,2769.40,HF3GKWL,47 m² Appartement ∙ 1 chambre ∙ 2 personnes,Grimentz - Valais
28/08/2024,01/03/2025,08/03/2025,2769.40,HF3GKWL,47 m² Appartement ∙ 1 chambre ∙ 2 personnes,Grimentz - Valais
28/08/2024,08/03/2025,15/03/2025,2412.56,HF3GKWL,47 m² Appartement ∙ 1 chambre ∙ 2 personnes,Grimentz - Valais
28/08/2024,22/03/2025,29/03/2025,2412.56,HF3GKWL,47 m² Appartement ∙ 1 chambre ∙ 2 personnes,Grimentz - Valais
28/08/2024,29/03/2025,05/04/2025,2412.56,HF3GKWL,47 m² Appartement ∙ 1 chambre ∙ 2 personnes,Grimentz - Valais
28/08/2024,05/04/2025,12/04/2025,2412.56,HF3GKWL,47 m² Appartement ∙ 1 chambre ∙ 2 personnes,Grimentz - Valais
28/08/2024,12/04/2025,19/04/2025,2412.56,HF3GKWL,47 m² Appartement ∙ 1 chambre ∙ 2 personnes,Grimentz - Valais
28/08/2024,19/04/2025,26/04/2025,2769.40,HF3GKWL,47 m² Appartement ∙ 1 chambre ∙ 2 personnes,Grimentz - Valais
28/08/2024,07/09/2024,14/09/2024,2390.96,H2YBTCH,113 m² Chalet ∙ 2 chambres ∙ 5 personnes,Grimentz - Valais
28/08/2024,14/09/2024,21/09/2024,2390.96,H2YBTCH,113 m² Chalet ∙ 2 chambres ∙ 5 personnes,Grimentz - Valais
28/08/2024,21/09/2024,28/09/2024,2390.96,H2YBTCH,113 m² Chalet ∙ 2 chambres ∙ 5 personnes,Grimentz - Valais
28/08/2024,28/09/2024,05/10/2024,2390.96,H2YBTCH,113 m² Chalet ∙ 2 chambres ∙ 5 personnes,Grimentz - Valais
28/08/2024,05/10/2024,12/10/2024,2390.96,H2YBTCH,113 m² Chalet ∙ 2 chambres ∙ 5 personnes,Grimentz - Valais
28/08/2024,12/10/2024,19/10/2024,2390.96,H2YBTCH,113 m² Chalet ∙ 2 chambres ∙ 5 personnes,Grimentz - Valais
28/08/2024,19/10/2024,26/10/2024,2390.96,H2YBTCH,113 m² Chalet ∙ 2 chambres ∙ 5 personnes,Grimentz - Valais
28/08/2024,26/10/2024,02/11/2024,2390.96,H2YBTCH,113 m² Chalet ∙ 2 chambres ∙ 5 personnes,Grimentz - Valais
28/08/2024,02/11/2024,09/11/2024,3242.44,H2YBTCH,113 m² Chalet ∙ 2 chambres ∙ 5 personnes,Grimentz - Valais
28/08/2024,09/11/2024,16/11/2024,3242.44,H2YBTCH,113 m² Chalet ∙ 2 chambres ∙ 5 personnes,Grimentz - Valais
28/08/2024,16/11/2024,23/11/2024,3242.44,H2YBTCH,113 m² Chalet ∙ 2 chambres ∙ 5 personnes,Grimentz - Valais
28/08/2024,23/11/2024,30/11/2024,3242.44,H2YBTCH,113 m² Chalet ∙ 2 chambres ∙ 5 personnes,Grimentz - Valais
28/08/2024,30/11/2024,07/12/2024,3242.44,H2YBTCH,113 m² Chalet ∙ 2 chambres ∙ 5 personnes,Grimentz - Valais
28/08/2024,07/12/2024,14/12/2024,3242.44,H2YBTCH,113 m² Chalet ∙ 2 chambres ∙ 5 personnes,Grimentz - Valais
28/08/2024,14/12/2024,21/12/2024,4683.20,H2YBTCH,113 m² Chalet ∙ 2 chambres ∙ 5 personnes,Grimentz - Valais
28/08/2024,21/12/2024,28/12/2024,6004.65,H2YBTCH,113 m² Chalet ∙ 2 chambres ∙ 5 personnes,Grimentz - Valais
28/08/2024,04/01/2025,11/01/2025,4143.30,H2YBTCH,113 m² Chalet ∙ 2 chambres ∙ 5 personnes,Grimentz - Valais
28/08/2024,08/02/2025,15/02/2025,6004.65,H2YBTCH,113 m² Chalet ∙ 2 chambres ∙ 5 personnes,Grimentz - Valais
28/08/2024,29/03/2025,05/04/2025,4235.86,H2YBTCH,113 m² Chalet ∙ 2 chambres ∙ 5 personnes,Grimentz - Valais
28/08/2024,05/04/2025,12/04/2025,4235.86,H2YBTCH,113 m² Chalet ∙ 2 chambres ∙ 5 personnes,Grimentz - Valais
28/08/2024,12/04/2025,19/04/2025,4235.86,H2YBTCH,113 m² Chalet ∙ 2 chambres ∙ 5 personnes,Grimentz - Valais
28/08/2024,19/04/2025,26/04/2025,4683.20,H2YBTCH,113 m² Chalet ∙ 2 chambres ∙ 5 personnes,Grimentz - Valais
28/08/2024,05/10/2024,12/10/2024,5226.17,HB795XG,244 m² Chalet ∙ 5 chambres ∙ 10 personnes,Grimentz - Valais
28/08/2024,12/10/2024,19/10/2024,5226.17,HB795XG,244 m² Chalet ∙ 5 chambres ∙ 10 personnes,Grimentz - Valais
28/08/2024,19/10/2024,26/10/2024,5226.17,HB795XG,244 m² Chalet ∙ 5 chambres ∙ 10 personnes,Grimentz - Valais
28/08/2024,26/10/2024,02/11/2024,5226.17,HB795XG,244 m² Chalet ∙ 5 chambres ∙ 10 personnes,Grimentz - Valais
28/08/2024,02/11/2024,09/11/2024,6221.64,HB795XG,244 m² Chalet ∙ 5 chambres ∙ 10 personnes,Grimentz - Valais
28/08/2024,09/11/2024,16/11/2024,6221.64,HB795XG,244 m² Chalet ∙ 5 chambres ∙ 10 personnes,Grimentz - Valais
28/08/2024,16/11/2024,23/11/2024,6221.64,HB795XG,244 m² Chalet ∙ 5 chambres ∙ 10 personnes,Grimentz - Valais
28/08/2024,23/11/2024,30/11/2024,6221.64,HB795XG,244 m² Chalet ∙ 5 chambres ∙ 10 personnes,Grimentz - Valais
28/08/2024,08/02/2025,15/02/2025,13687.61,HB795XG,244 m² Chalet ∙ 5 chambres ∙ 10 personnes,Grimentz - Valais
28/08/2024,15/02/2025,22/02/2025,13687.61,HB795XG,244 m² Chalet ∙ 5 chambres ∙ 10 personnes,Grimentz - Valais
28/08/2024,22/02/2025,01/03/2025,13687.61,HB795XG,244 m² Chalet ∙ 5 chambres ∙ 10 personnes,Grimentz - Valais
28/08/2024,21/09/2024,28/09/2024,2564.75,H4RNLKH,116 m² Appartement ∙ 2 chambres ∙ 5 personnes,Grimentz - Valais
28/08/2024,28/09/2024,05/10/2024,2564.75,H4RNLKH,116 m² Appartement ∙ 2 chambres ∙ 5 personnes,Grimentz - Valais
28/08/2024,19/10/2024,26/10/2024,2564.75,H4RNLKH,116 m² Appartement ∙ 2 chambres ∙ 5 personnes,Grimentz - Valais
28/08/2024,26/10/2024,02/11/2024,2564.75,H4RNLKH,116 m² Appartement ∙ 2 chambres ∙ 5 personnes,Grimentz - Valais
28/08/2024,02/11/2024,09/11/2024,3477.95,H4RNLKH,116 m² Appartement ∙ 2 chambres ∙ 5 personnes,Grimentz - Valais
28/08/2024,09/11/2024,16/11/2024,3477.95,H4RNLKH,116 m² Appartement ∙ 2 chambres ∙ 5 personnes,Grimentz - Valais
28/08/2024,16/11/2024,23/11/2024,3477.95,H4RNLKH,116 m² Appartement ∙ 2 chambres ∙ 5 personnes,Grimentz - Valais
28/08/2024,23/11/2024,30/11/2024,3477.95,H4RNLKH,116 m² Appartement ∙ 2 chambres ∙ 5 personnes,Grimentz - Valais
28/08/2024,14/12/2024,21/12/2024,5022.56,H4RNLKH,116 m² Appartement ∙ 2 chambres ∙ 5 personnes,Grimentz - Valais
28/08/2024,21/12/2024,28/12/2024,6440.69,H4RNLKH,116 m² Appartement ∙ 2 chambres ∙ 5 personnes,Grimentz - Valais
28/08/2024,08/02/2025,15/02/2025,6440.69,H4RNLKH,116 m² Appartement ∙ 2 chambres ∙ 5 personnes,Grimentz - Valais
28/08/2024,15/03/2025,22/03/2025,4543.33,H4RNLKH,116 m² Appartement ∙ 2 chambres ∙ 5 personnes,Grimentz - Valais
28/08/2024,05/04/2025,12/04/2025,4543.33,H4RNLKH,116 m² Appartement ∙ 2 chambres ∙ 5 personnes,Grimentz - Valais
28/08/2024,12/04/2025,19/04/2025,4543.33,H4RNLKH,116 m² Appartement ∙ 2 chambres ∙ 5 personnes,Grimentz - Valais
28/08/2024,19/04/2025,26/04/2025,5022.56,H4RNLKH,116 m² Appartement ∙ 2 chambres ∙ 5 personnes,Grimentz - Valais
28/08/2024,31/08/2024,07/09/2024,3190.00,HYKL9UG,126 m² Appartement ∙ 3 chambres ∙ 8 personnes,Grimentz - Valais
28/08/2024,07/09/2024,14/09/2024,3190.00,HYKL9UG,126 m² Appartement ∙ 3 chambres ∙ 8 personnes,Grimentz - Valais
28/08/2024,14/09/2024,21/09/2024,3190.00,HYKL9UG,126 m² Appartement ∙ 3 chambres ∙ 8 personnes,Grimentz - Valais
28/08/2024,21/09/2024,28/09/2024,3190.00,HYKL9UG,126 m² Appartement ∙ 3 chambres ∙ 8 personnes,Grimentz - Valais
28/08/2024,28/09/2024,05/10/2024,3190.00,HYKL9UG,126 m² Appartement ∙ 3 chambres ∙ 8 personnes,Grimentz - Valais
28/08/2024,05/10/2024,12/10/2024,3190.00,HYKL9UG,126 m² Appartement ∙ 3 chambres ∙ 8 personnes,Grimentz - Valais
28/08/2024,12/10/2024,19/10/2024,3190.00,HYKL9UG,126 m² Appartement ∙ 3 chambres ∙ 8 personnes,Grimentz - Valais
28/08/2024,19/10/2024,26/10/2024,3190.00,HYKL9UG,126 m² Appartement ∙ 3 chambres ∙ 8 personnes,Grimentz - Valais
28/08/2024,26/10/2024,02/11/2024,3190.00,HYKL9UG,126 m² Appartement ∙ 3 chambres ∙ 8 personnes,Grimentz - Valais
28/08/2024,02/11/2024,09/11/2024,4106.28,HYKL9UG,126 m² Appartement ∙ 3 chambres ∙ 8 personnes,Grimentz - Valais
28/08/2024,09/11/2024,16/11/2024,4106.28,HYKL9UG,126 m² Appartement ∙ 3 chambres ∙ 8 personnes,Grimentz - Valais
28/08/2024,16/11/2024,23/11/2024,4106.28,HYKL9UG,126 m² Appartement ∙ 3 chambres ∙ 8 personnes,Grimentz - Valais
28/08/2024,23/11/2024,30/11/2024,4106.28,HYKL9UG,126 m² Appartement ∙ 3 chambres ∙ 8 personnes,Grimentz - Valais
28/08/2024,30/11/2024,07/12/2024,4106.28,HYKL9UG,126 m² Appartement ∙ 3 chambres ∙ 8 personnes,Grimentz - Valais
28/08/2024,07/12/2024,14/12/2024,4106.28,HYKL9UG,126 m² Appartement ∙ 3 chambres ∙ 8 personnes,Grimentz - Valais
28/08/2024,14/12/2024,21/12/2024,6221.64,HYKL9UG,126 m² Appartement ∙ 3 chambres ∙ 8 personnes,Grimentz - Valais
28/08/2024,21/12/2024,28/12/2024,8086.17,HYKL9UG,126 m² Appartement ∙ 3 chambres ∙ 8 personnes,Grimentz - Valais
28/08/2024,28/12/2024,04/01/2025,8086.17,HYKL9UG,126 m² Appartement ∙ 3 chambres ∙ 8 personnes,Grimentz - Valais
28/08/2024,01/02/2025,08/02/2025,5575.50,HYKL9UG,126 m² Appartement ∙ 3 chambres ∙ 8 personnes,Grimentz - Valais
28/08/2024,08/02/2025,15/02/2025,8086.17,HYKL9UG,126 m² Appartement ∙ 3 chambres ∙ 8 personnes,Grimentz - Valais
28/08/2024,08/03/2025,15/03/2025,5993.95,HYKL9UG,126 m² Appartement ∙ 3 chambres ∙ 8 personnes,Grimentz - Valais
28/08/2024,15/03/2025,22/03/2025,5995.39,HYKL9UG,126 m² Appartement ∙ 3 chambres ∙ 8 personnes,Grimentz - Valais
28/08/2024,22/03/2025,29/03/2025,5993.95,HYKL9UG,126 m² Appartement ∙ 3 chambres ∙ 8 personnes,Grimentz - Valais
28/08/2024,29/03/2025,05/04/2025,5993.95,HYKL9UG,126 m² Appartement ∙ 3 chambres ∙ 8 personnes,Grimentz - Valais
28/08/2024,05/04/2025,12/04/2025,5995.39,HYKL9UG,126 m² Appartement ∙ 3 chambres ∙ 8 personnes,Grimentz - Valais
28/08/2024,12/04/2025,19/04/2025,5993.95,HYKL9UG,126 m² Appartement ∙ 3 chambres ∙ 8 personnes,Grimentz - Valais
28/08/2024,19/04/2025,26/04/2025,6220.14,HYKL9UG,126 m² Appartement ∙ 3 chambres ∙ 8 personnes,Grimentz - Valais
28/08/2024,26/04/2025,03/05/2025,124.43,HYKL9UG,126 m² Appartement ∙ 3 chambres ∙ 8 personnes,Grimentz - Valais
28/08/2024,05/10/2024,12/10/2024,5139.57,H57SDUL,246 m² Appartement ∙ 4 chambres ∙ 11 personnes,Grimentz - Valais
28/08/2024,12/10/2024,19/10/2024,5139.57,H57SDUL,246 m² Appartement ∙ 4 chambres ∙ 11 personnes,Grimentz - Valais
28/08/2024,19/10/2024,26/10/2024,5139.57,H57SDUL,246 m² Appartement ∙ 4 chambres ∙ 11 personnes,Grimentz - Valais
28/08/2024,26/10/2024,02/11/2024,5139.57,H57SDUL,246 m² Appartement ∙ 4 chambres ∙ 11 personnes,Grimentz - Valais
28/08/2024,02/11/2024,09/11/2024,5795.89,H57SDUL,246 m² Appartement ∙ 4 chambres ∙ 11 personnes,Grimentz - Valais
28/08/2024,09/11/2024,16/11/2024,5794.49,H57SDUL,246 m² Appartement ∙ 4 chambres ∙ 11 personnes,Grimentz - Valais
28/08/2024,16/11/2024,23/11/2024,5794.49,H57SDUL,246 m² Appartement ∙ 4 chambres ∙ 11 personnes,Grimentz - Valais
28/08/2024,23/11/2024,30/11/2024,5794.49,H57SDUL,246 m² Appartement ∙ 4 chambres ∙ 11 personnes,Grimentz - Valais
28/08/2024,30/11/2024,07/12/2024,5794.49,H57SDUL,246 m² Appartement ∙ 4 chambres ∙ 11 personnes,Grimentz - Valais
28/08/2024,07/12/2024,14/12/2024,5794.49,H57SDUL,246 m² Appartement ∙ 4 chambres ∙ 11 personnes,Grimentz - Valais
28/08/2024,14/12/2024,21/12/2024,9657.14,H57SDUL,246 m² Appartement ∙ 4 chambres ∙ 11 personnes,Grimentz - Valais
28/08/2024,21/12/2024,28/12/2024,13519.79,H57SDUL,246 m² Appartement ∙ 4 chambres ∙ 11 personnes,Grimentz - Valais
28/08/2024,08/02/2025,15/02/2025,13519.79,H57SDUL,246 m² Appartement ∙ 4 chambres ∙ 11 personnes,Grimentz - Valais
28/08/2024,15/02/2025,22/02/2025,13519.79,H57SDUL,246 m² Appartement ∙ 4 chambres ∙ 11 personnes,Grimentz - Valais
28/08/2024,01/03/2025,08/03/2025,13519.79,H57SDUL,246 m² Appartement ∙ 4 chambres ∙ 11 personnes,Grimentz - Valais
28/08/2024,29/03/2025,05/04/2025,8264.04,H57SDUL,246 m² Appartement ∙ 4 chambres ∙ 11 personnes,Grimentz - Valais
28/08/2024,05/04/2025,12/04/2025,8264.04,H57SDUL,246 m² Appartement ∙ 4 chambres ∙ 11 personnes,Grimentz - Valais
28/08/2024,07/09/2024,14/09/2024,2390.96,HPASMER,114 m² Chalet ∙ 2 chambres ∙ 6 personnes,Grimentz - Valais
28/08/2024,14/09/2024,21/09/2024,2390.38,HPASMER,114 m² Chalet ∙ 2 chambres ∙ 6 personnes,Grimentz - Valais
28/08/2024,21/09/2024,28/09/2024,2390.38,HPASMER,114 m² Chalet ∙ 2 chambres ∙ 6 personnes,Grimentz - Valais
28/08/2024,28/09/2024,05/10/2024,2390.38,HPASMER,114 m² Chalet ∙ 2 chambres ∙ 6 personnes,Grimentz - Valais
28/08/2024,05/10/2024,12/10/2024,2390.38,HPASMER,114 m² Chalet ∙ 2 chambres ∙ 6 personnes,Grimentz - Valais
28/08/2024,12/10/2024,19/10/2024,2390.38,HPASMER,114 m² Chalet ∙ 2 chambres ∙ 6 personnes,Grimentz - Valais
28/08/2024,19/10/2024,26/10/2024,2390.38,HPASMER,114 m² Chalet ∙ 2 chambres ∙ 6 personnes,Grimentz - Valais
28/08/2024,26/10/2024,02/11/2024,2390.38,HPASMER,114 m² Chalet ∙ 2 chambres ∙ 6 personnes,Grimentz - Valais
28/08/2024,02/11/2024,09/11/2024,3241.66,HPASMER,114 m² Chalet ∙ 2 chambres ∙ 6 personnes,Grimentz - Valais
28/08/2024,09/11/2024,16/11/2024,3241.66,HPASMER,114 m² Chalet ∙ 2 chambres ∙ 6 personnes,Grimentz - Valais
28/08/2024,16/11/2024,23/11/2024,3241.66,HPASMER,114 m² Chalet ∙ 2 chambres ∙ 6 personnes,Grimentz - Valais
28/08/2024,23/11/2024,30/11/2024,3241.66,HPASMER,114 m² Chalet ∙ 2 chambres ∙ 6 personnes,Grimentz - Valais
28/08/2024,30/11/2024,07/12/2024,3241.66,HPASMER,114 m² Chalet ∙ 2 chambres ∙ 6 personnes,Grimentz - Valais
28/08/2024,07/12/2024,14/12/2024,3241.66,HPASMER,114 m² Chalet ∙ 2 chambres ∙ 6 personnes,Grimentz - Valais
28/08/2024,14/12/2024,21/12/2024,4682.06,HPASMER,114 m² Chalet ∙ 2 chambres ∙ 6 personnes,Grimentz - Valais
28/08/2024,21/12/2024,28/12/2024,6003.20,HPASMER,114 m² Chalet ∙ 2 chambres ∙ 6 personnes,Grimentz - Valais
28/08/2024,28/12/2024,04/01/2025,6003.20,HPASMER,114 m² Chalet ∙ 2 chambres ∙ 6 personnes,Grimentz - Valais
28/08/2024,04/01/2025,11/01/2025,4142.30,HPASMER,114 m² Chalet ∙ 2 chambres ∙ 6 personnes,Grimentz - Valais
28/08/2024,25/01/2025,01/02/2025,4142.30,HPASMER,114 m² Chalet ∙ 2 chambres ∙ 6 personnes,Grimentz - Valais
28/08/2024,22/02/2025,01/03/2025,6003.20,HPASMER,114 m² Chalet ∙ 2 chambres ∙ 6 personnes,Grimentz - Valais
28/08/2024,01/03/2025,08/03/2025,6003.20,HPASMER,114 m² Chalet ∙ 2 chambres ∙ 6 personnes,Grimentz - Valais
28/08/2024,08/03/2025,15/03/2025,4234.83,HPASMER,114 m² Chalet ∙ 2 chambres ∙ 6 personnes,Grimentz - Valais
28/08/2024,22/03/2025,29/03/2025,4234.83,HPASMER,114 m² Chalet ∙ 2 chambres ∙ 6 personnes,Grimentz - Valais
28/08/2024,29/03/2025,05/04/2025,4234.83,HPASMER,114 m² Chalet ∙ 2 chambres ∙ 6 personnes,Grimentz - Valais
28/08/2024,05/04/2025,12/04/2025,4234.83,HPASMER,114 m² Chalet ∙ 2 chambres ∙ 6 personnes,Grimentz - Valais
28/08/2024,12/04/2025,19/04/2025,4234.83,HPASMER,114 m² Chalet ∙ 2 chambres ∙ 6 personnes,Grimentz - Valais
28/08/2024,19/04/2025,26/04/2025,4682.06,HPASMER,114 m² Chalet ∙ 2 chambres ∙ 6 personnes,Grimentz - Valais
28/08/2024,07/09/2024,14/09/2024,2446.93,H74MP03,107 m² Appartement ∙ 2 chambres ∙ 5 personnes,Grimentz - Valais
28/08/2024,14/09/2024,21/09/2024,2446.93,H74MP03,107 m² Appartement ∙ 2 chambres ∙ 5 personnes,Grimentz - Valais
28/08/2024,21/09/2024,28/09/2024,2446.93,H74MP03,107 m² Appartement ∙ 2 chambres ∙ 5 personnes,Grimentz - Valais
28/08/2024,28/09/2024,05/10/2024,2446.93,H74MP03,107 m² Appartement ∙ 2 chambres ∙ 5 personnes,Grimentz - Valais
28/08/2024,05/10/2024,12/10/2024,2446.93,H74MP03,107 m² Appartement ∙ 2 chambres ∙ 5 personnes,Grimentz - Valais
28/08/2024,12/10/2024,19/10/2024,2446.93,H74MP03,107 m² Appartement ∙ 2 chambres ∙ 5 personnes,Grimentz - Valais
28/08/2024,19/10/2024,26/10/2024,2446.93,H74MP03,107 m² Appartement ∙ 2 chambres ∙ 5 personnes,Grimentz - Valais
28/08/2024,26/10/2024,02/11/2024,2446.93,H74MP03,107 m² Appartement ∙ 2 chambres ∙ 5 personnes,Grimentz - Valais
28/08/2024,02/11/2024,09/11/2024,3219.05,H74MP03,107 m² Appartement ∙ 2 chambres ∙ 5 personnes,Grimentz - Valais
28/08/2024,09/11/2024,16/11/2024,3219.05,H74MP03,107 m² Appartement ∙ 2 chambres ∙ 5 personnes,Grimentz - Valais
28/08/2024,16/11/2024,23/11/2024,3219.05,H74MP03,107 m² Appartement ∙ 2 chambres ∙ 5 personnes,Grimentz - Valais
28/08/2024,23/11/2024,30/11/2024,3219.05,H74MP03,107 m² Appartement ∙ 2 chambres ∙ 5 personnes,Grimentz - Valais
28/08/2024,30/11/2024,07/12/2024,3219.05,H74MP03,107 m² Appartement ∙ 2 chambres ∙ 5 personnes,Grimentz - Valais
28/08/2024,07/12/2024,14/12/2024,3219.05,H74MP03,107 m² Appartement ∙ 2 chambres ∙ 5 personnes,Grimentz - Valais
28/08/2024,14/12/2024,21/12/2024,4507.29,H74MP03,107 m² Appartement ∙ 2 chambres ∙ 5 personnes,Grimentz - Valais
28/08/2024,21/12/2024,28/12/2024,5794.49,H74MP03,107 m² Appartement ∙ 2 chambres ∙ 5 personnes,Grimentz - Valais
28/08/2024,04/01/2025,11/01/2025,4290.35,H74MP03,107 m² Appartement ∙ 2 chambres ∙ 5 personnes,Grimentz - Valais
28/08/2024,11/01/2025,18/01/2025,4290.35,H74MP03,107 m² Appartement ∙ 2 chambres ∙ 5 personnes,Grimentz - Valais
28/08/2024,18/01/2025,25/01/2025,4290.35,H74MP03,107 m² Appartement ∙ 2 chambres ∙ 5 personnes,Grimentz - Valais
28/08/2024,25/01/2025,01/02/2025,4290.35,H74MP03,107 m² Appartement ∙ 2 chambres ∙ 5 personnes,Grimentz - Valais
28/08/2024,01/02/2025,08/02/2025,4290.35,H74MP03,107 m² Appartement ∙ 2 chambres ∙ 5 personnes,Grimentz - Valais
28/08/2024,08/02/2025,15/02/2025,5794.49,H74MP03,107 m² Appartement ∙ 2 chambres ∙ 5 personnes,Grimentz - Valais
28/08/2024,22/03/2025,29/03/2025,4272.87,H74MP03,107 m² Appartement ∙ 2 chambres ∙ 5 personnes,Grimentz - Valais
28/08/2024,29/03/2025,05/04/2025,4272.87,H74MP03,107 m² Appartement ∙ 2 chambres ∙ 5 personnes,Grimentz - Valais
28/08/2024,05/04/2025,12/04/2025,4272.87,H74MP03,107 m² Appartement ∙ 2 chambres ∙ 5 personnes,Grimentz - Valais
28/08/2024,12/04/2025,19/04/2025,4272.87,H74MP03,107 m² Appartement ∙ 2 chambres ∙ 5 personnes,Grimentz - Valais
28/08/2024,19/04/2025,26/04/2025,4507.29,H74MP03,107 m² Appartement ∙ 2 chambres ∙ 5 personnes,Grimentz - Valais
28/08/2024,21/09/2024,28/09/2024,2476.74,H9ECB2X,105 m² Appartement ∙ 2 chambres ∙ 5 personnes,Grimentz - Valais
28/08/2024,28/09/2024,05/10/2024,2476.74,H9ECB2X,105 m² Appartement ∙ 2 chambres ∙ 5 personnes,Grimentz - Valais
28/08/2024,05/10/2024,12/10/2024,2476.74,H9ECB2X,105 m² Appartement ∙ 2 chambres ∙ 5 personnes,Grimentz - Valais
28/08/2024,12/10/2024,19/10/2024,2476.74,H9ECB2X,105 m² Appartement ∙ 2 chambres ∙ 5 personnes,Grimentz - Valais
28/08/2024,19/10/2024,26/10/2024,2476.74,H9ECB2X,105 m² Appartement ∙ 2 chambres ∙ 5 personnes,Grimentz - Valais
28/08/2024,02/11/2024,09/11/2024,3358.87,H9ECB2X,105 m² Appartement ∙ 2 chambres ∙ 5 personnes,Grimentz - Valais
28/08/2024,30/11/2024,07/12/2024,3358.87,H9ECB2X,105 m² Appartement ∙ 2 chambres ∙ 5 personnes,Grimentz - Valais
28/08/2024,07/12/2024,14/12/2024,3358.87,H9ECB2X,105 m² Appartement ∙ 2 chambres ∙ 5 personnes,Grimentz - Valais
28/08/2024,14/12/2024,21/12/2024,4851.70,H9ECB2X,105 m² Appartement ∙ 2 chambres ∙ 5 personnes,Grimentz - Valais
28/08/2024,21/12/2024,28/12/2024,6220.14,H9ECB2X,105 m² Appartement ∙ 2 chambres ∙ 5 personnes,Grimentz - Valais
28/08/2024,04/01/2025,11/01/2025,4292.41,H9ECB2X,105 m² Appartement ∙ 2 chambres ∙ 5 personnes,Grimentz - Valais
28/08/2024,11/01/2025,18/01/2025,4292.41,H9ECB2X,105 m² Appartement ∙ 2 chambres ∙ 5 personnes,Grimentz - Valais
28/08/2024,18/01/2025,25/01/2025,4292.41,H9ECB2X,105 m² Appartement ∙ 2 chambres ∙ 5 personnes,Grimentz - Valais
28/08/2024,25/01/2025,01/02/2025,4292.41,H9ECB2X,105 m² Appartement ∙ 2 chambres ∙ 5 personnes,Grimentz - Valais
28/08/2024,01/02/2025,08/02/2025,4292.41,H9ECB2X,105 m² Appartement ∙ 2 chambres ∙ 5 personnes,Grimentz - Valais
28/08/2024,08/02/2025,15/02/2025,6220.14,H9ECB2X,105 m² Appartement ∙ 2 chambres ∙ 5 personnes,Grimentz - Valais
28/08/2024,22/02/2025,01/03/2025,6220.14,H9ECB2X,105 m² Appartement ∙ 2 chambres ∙ 5 personnes,Grimentz - Valais
28/08/2024,01/03/2025,08/03/2025,6220.14,H9ECB2X,105 m² Appartement ∙ 2 chambres ∙ 5 personnes,Grimentz - Valais
28/08/2024,08/03/2025,15/03/2025,4388.02,H9ECB2X,105 m² Appartement ∙ 2 chambres ∙ 5 personnes,Grimentz - Valais
28/08/2024,15/03/2025,22/03/2025,4388.02,H9ECB2X,105 m² Appartement ∙ 2 chambres ∙ 5 personnes,Grimentz - Valais
28/08/2024,22/03/2025,29/03/2025,4388.02,H9ECB2X,105 m² Appartement ∙ 2 chambres ∙ 5 personnes,Grimentz - Valais
28/08/2024,29/03/2025,05/04/2025,4388.02,H9ECB2X,105 m² Appartement ∙ 2 chambres ∙ 5 personnes,Grimentz - Valais
28/08/2024,05/04/2025,12/04/2025,4388.02,H9ECB2X,105 m² Appartement ∙ 2 chambres ∙ 5 personnes,Grimentz - Valais
28/08/2024,12/04/2025,19/04/2025,4388.02,H9ECB2X,105 m² Appartement ∙ 2 chambres ∙ 5 personnes,Grimentz - Valais
28/08/2024,19/04/2025,26/04/2025,4851.70,H9ECB2X,105 m² Appartement ∙ 2 chambres ∙ 5 personnes,Grimentz - Valais
28/08/2024,07/09/2024,14/09/2024,4791.04,H41PXJD,207 m² Chalet ∙ 5 chambres ∙ 11 personnes,Grimentz - Valais
28/08/2024,28/09/2024,05/10/2024,4791.04,H41PXJD,207 m² Chalet ∙ 5 chambres ∙ 11 personnes,Grimentz - Valais
28/08/2024,05/10/2024,12/10/2024,4791.04,H41PXJD,207 m² Chalet ∙ 5 chambres ∙ 11 personnes,Grimentz - Valais
28/08/2024,12/10/2024,19/10/2024,4791.04,H41PXJD,207 m² Chalet ∙ 5 chambres ∙ 11 personnes,Grimentz - Valais
28/08/2024,19/10/2024,26/10/2024,4791.04,H41PXJD,207 m² Chalet ∙ 5 chambres ∙ 11 personnes,Grimentz - Valais
28/08/2024,26/10/2024,02/11/2024,4791.04,H41PXJD,207 m² Chalet ∙ 5 chambres ∙ 11 personnes,Grimentz - Valais
28/08/2024,02/11/2024,09/11/2024,5402.77,H41PXJD,207 m² Chalet ∙ 5 chambres ∙ 11 personnes,Grimentz - Valais
28/08/2024,09/11/2024,16/11/2024,5402.77,H41PXJD,207 m² Chalet ∙ 5 chambres ∙ 11 personnes,Grimentz - Valais
28/08/2024,16/11/2024,23/11/2024,5402.77,H41PXJD,207 m² Chalet ∙ 5 chambres ∙ 11 personnes,Grimentz - Valais
28/08/2024,23/11/2024,30/11/2024,5402.77,H41PXJD,207 m² Chalet ∙ 5 chambres ∙ 11 personnes,Grimentz - Valais
28/08/2024,30/11/2024,07/12/2024,5402.77,H41PXJD,207 m² Chalet ∙ 5 chambres ∙ 11 personnes,Grimentz - Valais
28/08/2024,07/12/2024,14/12/2024,5402.77,H41PXJD,207 m² Chalet ∙ 5 chambres ∙ 11 personnes,Grimentz - Valais
28/08/2024,14/12/2024,21/12/2024,9004.29,H41PXJD,207 m² Chalet ∙ 5 chambres ∙ 11 personnes,Grimentz - Valais
28/08/2024,15/02/2025,22/02/2025,12605.79,H41PXJD,207 m² Chalet ∙ 5 chambres ∙ 11 personnes,Grimentz - Valais
28/08/2024,22/02/2025,01/03/2025,12605.79,H41PXJD,207 m² Chalet ∙ 5 chambres ∙ 11 personnes,Grimentz - Valais
28/08/2024,29/03/2025,05/04/2025,7705.77,H41PXJD,207 m² Chalet ∙ 5 chambres ∙ 11 personnes,Grimentz - Valais
28/08/2024,05/04/2025,12/04/2025,7705.77,H41PXJD,207 m² Chalet ∙ 5 chambres ∙ 11 personnes,Grimentz - Valais
28/08/2024,12/04/2025,19/04/2025,7705.77,H41PXJD,207 m² Chalet ∙ 5 chambres ∙ 11 personnes,Grimentz - Valais
28/08/2024,19/04/2025,26/04/2025,9004.29,H41PXJD,207 m² Chalet ∙ 5 chambres ∙ 11 personnes,Grimentz - Valais
28/08/2024,21/09/2024,28/09/2024,5224.91,HXJP5AC,236 m² Appartement ∙ 5 chambres ∙ 10 personnes,Grimentz - Valais
28/08/2024,28/09/2024,05/10/2024,5224.91,HXJP5AC,236 m² Appartement ∙ 5 chambres ∙ 10 personnes,Grimentz - Valais
28/08/2024,05/10/2024,12/10/2024,5224.91,HXJP5AC,236 m² Appartement ∙ 5 chambres ∙ 10 personnes,Grimentz - Valais
28/08/2024,12/10/2024,19/10/2024,5224.91,HXJP5AC,236 m² Appartement ∙ 5 chambres ∙ 10 personnes,Grimentz - Valais
28/08/2024,19/10/2024,26/10/2024,5224.91,HXJP5AC,236 m² Appartement ∙ 5 chambres ∙ 10 personnes,Grimentz - Valais
28/08/2024,09/11/2024,16/11/2024,6220.14,HXJP5AC,236 m² Appartement ∙ 5 chambres ∙ 10 personnes,Grimentz - Valais
28/08/2024,16/11/2024,23/11/2024,6220.14,HXJP5AC,236 m² Appartement ∙ 5 chambres ∙ 10 personnes,Grimentz - Valais
28/08/2024,23/11/2024,30/11/2024,6220.14,HXJP5AC,236 m² Appartement ∙ 5 chambres ∙ 10 personnes,Grimentz - Valais
28/08/2024,30/11/2024,07/12/2024,6220.14,HXJP5AC,236 m² Appartement ∙ 5 chambres ∙ 10 personnes,Grimentz - Valais
28/08/2024,07/12/2024,14/12/2024,6220.14,HXJP5AC,236 m² Appartement ∙ 5 chambres ∙ 10 personnes,Grimentz - Valais
28/08/2024,14/12/2024,21/12/2024,10574.23,HXJP5AC,236 m² Appartement ∙ 5 chambres ∙ 10 personnes,Grimentz - Valais
28/08/2024,08/02/2025,15/02/2025,13684.30,HXJP5AC,236 m² Appartement ∙ 5 chambres ∙ 10 personnes,Grimentz - Valais
28/08/2024,15/02/2025,22/02/2025,13684.30,HXJP5AC,236 m² Appartement ∙ 5 chambres ∙ 10 personnes,Grimentz - Valais
28/08/2024,22/02/2025,01/03/2025,13684.30,HXJP5AC,236 m² Appartement ∙ 5 chambres ∙ 10 personnes,Grimentz - Valais
28/08/2024,01/03/2025,08/03/2025,13684.30,HXJP5AC,236 m² Appartement ∙ 5 chambres ∙ 10 personnes,Grimentz - Valais
28/08/2024,08/03/2025,15/03/2025,8244.51,HXJP5AC,236 m² Appartement ∙ 5 chambres ∙ 10 personnes,Grimentz - Valais
28/08/2024,15/03/2025,22/03/2025,8244.51,HXJP5AC,236 m² Appartement ∙ 5 chambres ∙ 10 personnes,Grimentz - Valais
28/08/2024,22/03/2025,29/03/2025,8244.51,HXJP5AC,236 m² Appartement ∙ 5 chambres ∙ 10 personnes,Grimentz - Valais
28/08/2024,29/03/2025,05/04/2025,8244.51,HXJP5AC,236 m² Appartement ∙ 5 chambres ∙ 10 personnes,Grimentz - Valais
28/08/2024,05/04/2025,12/04/2025,8244.51,HXJP5AC,236 m² Appartement ∙ 5 chambres ∙ 10 personnes,Grimentz - Valais
28/08/2024,12/04/2025,19/04/2025,8244.51,HXJP5AC,236 m² Appartement ∙ 5 chambres ∙ 10 personnes,Grimentz - Valais
28/08/2024,19/04/2025,26/04/2025,10574.23,HXJP5AC,236 m² Appartement ∙ 5 chambres ∙ 10 personnes,Grimentz - Valais
28/08/2024,31/08/2024,07/09/2024,4964.80,H4YT38U,244 m² Appartement ∙ 4 chambres ∙ 12 personnes,Grimentz - Valais
28/08/2024,07/09/2024,14/09/2024,4964.80,H4YT38U,244 m² Appartement ∙ 4 chambres ∙ 12 personnes,Grimentz - Valais
28/08/2024,14/09/2024,21/09/2024,4964.80,H4YT38U,244 m² Appartement ∙ 4 chambres ∙ 12 personnes,Grimentz - Valais
28/08/2024,26/10/2024,02/11/2024,4964.80,H4YT38U,244 m² Appartement ∙ 4 chambres ∙ 12 personnes,Grimentz - Valais
28/08/2024,02/11/2024,09/11/2024,5598.12,H4YT38U,244 m² Appartement ∙ 4 chambres ∙ 12 personnes,Grimentz - Valais
28/08/2024,09/11/2024,16/11/2024,5598.12,H4YT38U,244 m² Appartement ∙ 4 chambres ∙ 12 personnes,Grimentz - Valais
28/08/2024,16/11/2024,23/11/2024,5598.12,H4YT38U,244 m² Appartement ∙ 4 chambres ∙ 12 personnes,Grimentz - Valais
28/08/2024,23/11/2024,30/11/2024,5598.12,H4YT38U,244 m² Appartement ∙ 4 chambres ∙ 12 personnes,Grimentz - Valais
28/08/2024,30/11/2024,07/12/2024,5598.12,H4YT38U,244 m² Appartement ∙ 4 chambres ∙ 12 personnes,Grimentz - Valais
28/08/2024,07/12/2024,14/12/2024,5598.12,H4YT38U,244 m² Appartement ∙ 4 chambres ∙ 12 personnes,Grimentz - Valais
28/08/2024,14/12/2024,21/12/2024,9330.20,H4YT38U,244 m² Appartement ∙ 4 chambres ∙ 12 personnes,Grimentz - Valais
28/08/2024,21/12/2024,28/12/2024,13062.28,H4YT38U,244 m² Appartement ∙ 4 chambres ∙ 12 personnes,Grimentz - Valais
28/08/2024,25/01/2025,01/02/2025,7153.68,H4YT38U,244 m² Appartement ∙ 4 chambres ∙ 12 personnes,Grimentz - Valais
28/08/2024,15/02/2025,22/02/2025,13062.28,H4YT38U,244 m² Appartement ∙ 4 chambres ∙ 12 personnes,Grimentz - Valais
28/08/2024,22/02/2025,01/03/2025,13062.28,H4YT38U,244 m² Appartement ∙ 4 chambres ∙ 12 personnes,Grimentz - Valais
28/08/2024,01/03/2025,08/03/2025,13062.28,H4YT38U,244 m² Appartement ∙ 4 chambres ∙ 12 personnes,Grimentz - Valais
28/08/2024,22/03/2025,29/03/2025,7984.40,H4YT38U,244 m² Appartement ∙ 4 chambres ∙ 12 personnes,Grimentz - Valais
28/08/2024,29/03/2025,05/04/2025,7984.40,H4YT38U,244 m² Appartement ∙ 4 chambres ∙ 12 personnes,Grimentz - Valais
28/08/2024,05/04/2025,12/04/2025,7984.40,H4YT38U,244 m² Appartement ∙ 4 chambres ∙ 12 personnes,Grimentz - Valais
28/08/2024,12/04/2025,19/04/2025,7984.40,H4YT38U,244 m² Appartement ∙ 4 chambres ∙ 12 personnes,Grimentz - Valais
28/08/2024,19/04/2025,26/04/2025,9330.20,H4YT38U,244 m² Appartement ∙ 4 chambres ∙ 12 personnes,Grimentz - Valais
