date_scrap,date_debut,date_fin,price,identifiant,typologie,nom
15/04/2024,20/04/2024,27/04/2024,741.98,H8DJP0L,150 m² Maison de vacances ∙ 5 chambres ∙ 10 personnes,Nendaz - Valais
15/04/2024,18/05/2024,25/05/2024,741.98,H8DJP0L,150 m² Maison de vacances ∙ 5 chambres ∙ 10 personnes,Nendaz - Valais
15/04/2024,29/06/2024,06/07/2024,799.92,H8DJP0L,150 m² Maison de vacances ∙ 5 chambres ∙ 10 personnes,Nendaz - Valais
15/04/2024,17/08/2024,24/08/2024,799.92,H8DJP0L,150 m² Maison de vacances ∙ 5 chambres ∙ 10 personnes,Nendaz - Valais
15/04/2024,24/08/2024,31/08/2024,768.91,H8DJP0L,150 m² Maison de vacances ∙ 5 chambres ∙ 10 personnes,Nendaz - Valais
15/04/2024,07/09/2024,14/09/2024,741.98,H8DJP0L,150 m² Maison de vacances ∙ 5 chambres ∙ 10 personnes,Nendaz - Valais
15/04/2024,14/09/2024,21/09/2024,741.98,H8DJP0L,150 m² Maison de vacances ∙ 5 chambres ∙ 10 personnes,Nendaz - Valais
15/04/2024,28/09/2024,05/10/2024,741.98,H8DJP0L,150 m² Maison de vacances ∙ 5 chambres ∙ 10 personnes,Nendaz - Valais
15/04/2024,12/10/2024,19/10/2024,741.98,H8DJP0L,150 m² Maison de vacances ∙ 5 chambres ∙ 10 personnes,Nendaz - Valais
15/04/2024,19/10/2024,26/10/2024,741.98,H8DJP0L,150 m² Maison de vacances ∙ 5 chambres ∙ 10 personnes,Nendaz - Valais
15/04/2024,26/10/2024,02/11/2024,741.98,H8DJP0L,150 m² Maison de vacances ∙ 5 chambres ∙ 10 personnes,Nendaz - Valais
15/04/2024,27/04/2024,04/05/2024,391.59,HX0HYMV,76 m² Appartement ∙ 2 chambres ∙ 6 personnes,Eischoll - Valais
15/04/2024,11/05/2024,18/05/2024,376.17,HX0HYMV,76 m² Appartement ∙ 2 chambres ∙ 6 personnes,Eischoll - Valais
15/04/2024,25/05/2024,01/06/2024,376.17,HX0HYMV,76 m² Appartement ∙ 2 chambres ∙ 6 personnes,Eischoll - Valais
15/04/2024,01/06/2024,08/06/2024,376.17,HX0HYMV,76 m² Appartement ∙ 2 chambres ∙ 6 personnes,Eischoll - Valais
15/04/2024,08/06/2024,15/06/2024,396.73,HX0HYMV,76 m² Appartement ∙ 2 chambres ∙ 6 personnes,Eischoll - Valais
15/04/2024,03/08/2024,10/08/2024,487.17,HX0HYMV,76 m² Appartement ∙ 2 chambres ∙ 6 personnes,Eischoll - Valais
15/04/2024,31/08/2024,07/09/2024,413.17,HX0HYMV,76 m² Appartement ∙ 2 chambres ∙ 6 personnes,Eischoll - Valais
15/04/2024,14/09/2024,21/09/2024,413.17,HX0HYMV,76 m² Appartement ∙ 2 chambres ∙ 6 personnes,Eischoll - Valais
15/04/2024,28/09/2024,05/10/2024,413.17,HX0HYMV,76 m² Appartement ∙ 2 chambres ∙ 6 personnes,Eischoll - Valais
15/04/2024,05/10/2024,12/10/2024,413.17,HX0HYMV,76 m² Appartement ∙ 2 chambres ∙ 6 personnes,Eischoll - Valais
15/04/2024,12/10/2024,19/10/2024,387.48,HX0HYMV,76 m² Appartement ∙ 2 chambres ∙ 6 personnes,Eischoll - Valais
15/04/2024,26/10/2024,02/11/2024,357.16,HX0HYMV,76 m² Appartement ∙ 2 chambres ∙ 6 personnes,Eischoll - Valais
15/04/2024,20/04/2024,27/04/2024,704.04,H7J8G2S,65 m² Maison de vacances ∙ 2 chambres ∙ 4 personnes,Albinen - Valais
15/04/2024,08/06/2024,15/06/2024,704.04,H7J8G2S,65 m² Maison de vacances ∙ 2 chambres ∙ 4 personnes,Albinen - Valais
15/04/2024,13/07/2024,20/07/2024,704.04,H7J8G2S,65 m² Maison de vacances ∙ 2 chambres ∙ 4 personnes,Albinen - Valais
15/04/2024,20/07/2024,27/07/2024,704.04,H7J8G2S,65 m² Maison de vacances ∙ 2 chambres ∙ 4 personnes,Albinen - Valais
15/04/2024,14/09/2024,21/09/2024,704.04,H7J8G2S,65 m² Maison de vacances ∙ 2 chambres ∙ 4 personnes,Albinen - Valais
15/04/2024,05/10/2024,12/10/2024,704.04,H7J8G2S,65 m² Maison de vacances ∙ 2 chambres ∙ 4 personnes,Albinen - Valais
15/04/2024,19/10/2024,26/10/2024,704.04,H7J8G2S,65 m² Maison de vacances ∙ 2 chambres ∙ 4 personnes,Albinen - Valais
15/04/2024,26/10/2024,02/11/2024,704.04,H7J8G2S,65 m² Maison de vacances ∙ 2 chambres ∙ 4 personnes,Albinen - Valais
15/04/2024,20/04/2024,27/04/2024,515.43,H9W8RTF,95 m² Maison de vacances ∙ 4 chambres ∙ 8 personnes,Val-d'Illiez - Valais
15/04/2024,01/06/2024,08/06/2024,515.43,H9W8RTF,95 m² Maison de vacances ∙ 4 chambres ∙ 8 personnes,Val-d'Illiez - Valais
15/04/2024,08/06/2024,15/06/2024,515.43,H9W8RTF,95 m² Maison de vacances ∙ 4 chambres ∙ 8 personnes,Val-d'Illiez - Valais
15/04/2024,10/08/2024,17/08/2024,880.01,H9W8RTF,95 m² Maison de vacances ∙ 4 chambres ∙ 8 personnes,Val-d'Illiez - Valais
15/04/2024,21/09/2024,28/09/2024,515.43,H9W8RTF,95 m² Maison de vacances ∙ 4 chambres ∙ 8 personnes,Val-d'Illiez - Valais
15/04/2024,28/09/2024,05/10/2024,515.43,H9W8RTF,95 m² Maison de vacances ∙ 4 chambres ∙ 8 personnes,Val-d'Illiez - Valais
15/04/2024,05/10/2024,12/10/2024,515.43,H9W8RTF,95 m² Maison de vacances ∙ 4 chambres ∙ 8 personnes,Val-d'Illiez - Valais
15/04/2024,19/10/2024,26/10/2024,515.43,H9W8RTF,95 m² Maison de vacances ∙ 4 chambres ∙ 8 personnes,Val-d'Illiez - Valais
15/04/2024,26/10/2024,02/11/2024,515.43,H9W8RTF,95 m² Maison de vacances ∙ 4 chambres ∙ 8 personnes,Val-d'Illiez - Valais
15/04/2024,20/04/2024,27/04/2024,668.04,HUYEGA6,120 m² Maison de vacances ∙ 3 chambres ∙ 8 personnes,Nendaz - Valais
15/04/2024,18/05/2024,25/05/2024,668.04,HUYEGA6,120 m² Maison de vacances ∙ 3 chambres ∙ 8 personnes,Nendaz - Valais
15/04/2024,25/05/2024,01/06/2024,668.04,HUYEGA6,120 m² Maison de vacances ∙ 3 chambres ∙ 8 personnes,Nendaz - Valais
15/04/2024,01/06/2024,08/06/2024,668.04,HUYEGA6,120 m² Maison de vacances ∙ 3 chambres ∙ 8 personnes,Nendaz - Valais
15/04/2024,08/06/2024,15/06/2024,668.04,HUYEGA6,120 m² Maison de vacances ∙ 3 chambres ∙ 8 personnes,Nendaz - Valais
15/04/2024,15/06/2024,22/06/2024,668.04,HUYEGA6,120 m² Maison de vacances ∙ 3 chambres ∙ 8 personnes,Nendaz - Valais
15/04/2024,22/06/2024,29/06/2024,668.04,HUYEGA6,120 m² Maison de vacances ∙ 3 chambres ∙ 8 personnes,Nendaz - Valais
15/04/2024,29/06/2024,06/07/2024,781.99,HUYEGA6,120 m² Maison de vacances ∙ 3 chambres ∙ 8 personnes,Nendaz - Valais
15/04/2024,06/07/2024,13/07/2024,804.78,HUYEGA6,120 m² Maison de vacances ∙ 3 chambres ∙ 8 personnes,Nendaz - Valais
15/04/2024,17/08/2024,24/08/2024,781.99,HUYEGA6,120 m² Maison de vacances ∙ 3 chambres ∙ 8 personnes,Nendaz - Valais
15/04/2024,24/08/2024,31/08/2024,668.04,HUYEGA6,120 m² Maison de vacances ∙ 3 chambres ∙ 8 personnes,Nendaz - Valais
15/04/2024,31/08/2024,07/09/2024,668.04,HUYEGA6,120 m² Maison de vacances ∙ 3 chambres ∙ 8 personnes,Nendaz - Valais
15/04/2024,14/09/2024,21/09/2024,668.04,HUYEGA6,120 m² Maison de vacances ∙ 3 chambres ∙ 8 personnes,Nendaz - Valais
15/04/2024,21/09/2024,28/09/2024,668.04,HUYEGA6,120 m² Maison de vacances ∙ 3 chambres ∙ 8 personnes,Nendaz - Valais
15/04/2024,28/09/2024,05/10/2024,668.04,HUYEGA6,120 m² Maison de vacances ∙ 3 chambres ∙ 8 personnes,Nendaz - Valais
15/04/2024,05/10/2024,12/10/2024,668.04,HUYEGA6,120 m² Maison de vacances ∙ 3 chambres ∙ 8 personnes,Nendaz - Valais
15/04/2024,12/10/2024,19/10/2024,668.04,HUYEGA6,120 m² Maison de vacances ∙ 3 chambres ∙ 8 personnes,Nendaz - Valais
15/04/2024,19/10/2024,26/10/2024,668.04,HUYEGA6,120 m² Maison de vacances ∙ 3 chambres ∙ 8 personnes,Nendaz - Valais
15/04/2024,26/10/2024,02/11/2024,668.04,HUYEGA6,120 m² Maison de vacances ∙ 3 chambres ∙ 8 personnes,Nendaz - Valais
15/04/2024,20/04/2024,27/04/2024,754.99,H5X9U4H,90 m² Maison de vacances ∙ 3 chambres ∙ 6 personnes,Vex - Valais
15/04/2024,27/04/2024,04/05/2024,754.99,H5X9U4H,90 m² Maison de vacances ∙ 3 chambres ∙ 6 personnes,Vex - Valais
15/04/2024,04/05/2024,11/05/2024,754.99,H5X9U4H,90 m² Maison de vacances ∙ 3 chambres ∙ 6 personnes,Vex - Valais
15/04/2024,25/05/2024,01/06/2024,754.99,H5X9U4H,90 m² Maison de vacances ∙ 3 chambres ∙ 6 personnes,Vex - Valais
15/04/2024,01/06/2024,08/06/2024,754.99,H5X9U4H,90 m² Maison de vacances ∙ 3 chambres ∙ 6 personnes,Vex - Valais
15/04/2024,22/06/2024,29/06/2024,754.99,H5X9U4H,90 m² Maison de vacances ∙ 3 chambres ∙ 6 personnes,Vex - Valais
15/04/2024,03/08/2024,10/08/2024,919.69,H5X9U4H,90 m² Maison de vacances ∙ 3 chambres ∙ 6 personnes,Vex - Valais
15/04/2024,25/05/2024,01/06/2024,815.04,HVGJZ2T,55 m² Maison de vacances ∙ 2 chambres ∙ 6 personnes,Termen - Valais
15/04/2024,01/06/2024,08/06/2024,815.04,HVGJZ2T,55 m² Maison de vacances ∙ 2 chambres ∙ 6 personnes,Termen - Valais
15/04/2024,08/06/2024,15/06/2024,815.04,HVGJZ2T,55 m² Maison de vacances ∙ 2 chambres ∙ 6 personnes,Termen - Valais
15/04/2024,15/06/2024,22/06/2024,815.04,HVGJZ2T,55 m² Maison de vacances ∙ 2 chambres ∙ 6 personnes,Termen - Valais
15/04/2024,07/09/2024,14/09/2024,867.46,HVGJZ2T,55 m² Maison de vacances ∙ 2 chambres ∙ 6 personnes,Termen - Valais
15/04/2024,28/09/2024,05/10/2024,867.46,HVGJZ2T,55 m² Maison de vacances ∙ 2 chambres ∙ 6 personnes,Termen - Valais
15/04/2024,15/06/2024,22/06/2024,1283.71,HMHYX7D,120 m² Appartement ∙ 2 chambres ∙ 4 personnes,Riederalp - Valais
15/04/2024,22/06/2024,29/06/2024,1283.71,HMHYX7D,120 m² Appartement ∙ 2 chambres ∙ 4 personnes,Riederalp - Valais
15/04/2024,29/06/2024,06/07/2024,1283.71,HMHYX7D,120 m² Appartement ∙ 2 chambres ∙ 4 personnes,Riederalp - Valais
15/04/2024,27/07/2024,03/08/2024,1283.71,HMHYX7D,120 m² Appartement ∙ 2 chambres ∙ 4 personnes,Riederalp - Valais
15/04/2024,17/08/2024,24/08/2024,1283.71,HMHYX7D,120 m² Appartement ∙ 2 chambres ∙ 4 personnes,Riederalp - Valais
15/04/2024,24/08/2024,31/08/2024,1283.71,HMHYX7D,120 m² Appartement ∙ 2 chambres ∙ 4 personnes,Riederalp - Valais
15/04/2024,31/08/2024,07/09/2024,1283.71,HMHYX7D,120 m² Appartement ∙ 2 chambres ∙ 4 personnes,Riederalp - Valais
15/04/2024,07/09/2024,14/09/2024,1283.71,HMHYX7D,120 m² Appartement ∙ 2 chambres ∙ 4 personnes,Riederalp - Valais
15/04/2024,14/09/2024,21/09/2024,1283.71,HMHYX7D,120 m² Appartement ∙ 2 chambres ∙ 4 personnes,Riederalp - Valais
15/04/2024,21/09/2024,28/09/2024,1283.71,HMHYX7D,120 m² Appartement ∙ 2 chambres ∙ 4 personnes,Riederalp - Valais
15/04/2024,05/10/2024,12/10/2024,1283.71,HMHYX7D,120 m² Appartement ∙ 2 chambres ∙ 4 personnes,Riederalp - Valais
15/04/2024,12/10/2024,19/10/2024,1283.71,HMHYX7D,120 m² Appartement ∙ 2 chambres ∙ 4 personnes,Riederalp - Valais
15/04/2024,20/04/2024,27/04/2024,1321.74,HV8HA9U,120 m² Maison de vacances ∙ 3 chambres ∙ 6 personnes,Ayent - Valais
15/04/2024,27/04/2024,04/05/2024,1321.74,HV8HA9U,120 m² Maison de vacances ∙ 3 chambres ∙ 6 personnes,Ayent - Valais
15/04/2024,04/05/2024,11/05/2024,2343.38,HV8HA9U,120 m² Maison de vacances ∙ 3 chambres ∙ 6 personnes,Ayent - Valais
15/04/2024,11/05/2024,18/05/2024,2343.38,HV8HA9U,120 m² Maison de vacances ∙ 3 chambres ∙ 6 personnes,Ayent - Valais
15/04/2024,18/05/2024,25/05/2024,2343.38,HV8HA9U,120 m² Maison de vacances ∙ 3 chambres ∙ 6 personnes,Ayent - Valais
15/04/2024,25/05/2024,01/06/2024,1321.74,HV8HA9U,120 m² Maison de vacances ∙ 3 chambres ∙ 6 personnes,Ayent - Valais
15/04/2024,01/06/2024,08/06/2024,1321.74,HV8HA9U,120 m² Maison de vacances ∙ 3 chambres ∙ 6 personnes,Ayent - Valais
15/04/2024,15/06/2024,22/06/2024,1564.31,HV8HA9U,120 m² Maison de vacances ∙ 3 chambres ∙ 6 personnes,Ayent - Valais
15/04/2024,10/08/2024,17/08/2024,1464.61,HV8HA9U,120 m² Maison de vacances ∙ 3 chambres ∙ 6 personnes,Ayent - Valais
15/04/2024,17/08/2024,24/08/2024,1244.66,HV8HA9U,120 m² Maison de vacances ∙ 3 chambres ∙ 6 personnes,Ayent - Valais
15/04/2024,24/08/2024,31/08/2024,1244.66,HV8HA9U,120 m² Maison de vacances ∙ 3 chambres ∙ 6 personnes,Ayent - Valais
15/04/2024,31/08/2024,07/09/2024,1244.66,HV8HA9U,120 m² Maison de vacances ∙ 3 chambres ∙ 6 personnes,Ayent - Valais
15/04/2024,07/09/2024,14/09/2024,1244.66,HV8HA9U,120 m² Maison de vacances ∙ 3 chambres ∙ 6 personnes,Ayent - Valais
15/04/2024,14/09/2024,21/09/2024,1244.66,HV8HA9U,120 m² Maison de vacances ∙ 3 chambres ∙ 6 personnes,Ayent - Valais
15/04/2024,21/09/2024,28/09/2024,1244.66,HV8HA9U,120 m² Maison de vacances ∙ 3 chambres ∙ 6 personnes,Ayent - Valais
15/04/2024,28/09/2024,05/10/2024,1244.66,HV8HA9U,120 m² Maison de vacances ∙ 3 chambres ∙ 6 personnes,Ayent - Valais
15/04/2024,05/10/2024,12/10/2024,1464.61,HV8HA9U,120 m² Maison de vacances ∙ 3 chambres ∙ 6 personnes,Ayent - Valais
15/04/2024,12/10/2024,19/10/2024,1464.61,HV8HA9U,120 m² Maison de vacances ∙ 3 chambres ∙ 6 personnes,Ayent - Valais
15/04/2024,19/10/2024,26/10/2024,1464.61,HV8HA9U,120 m² Maison de vacances ∙ 3 chambres ∙ 6 personnes,Ayent - Valais
15/04/2024,26/10/2024,02/11/2024,1244.66,HV8HA9U,120 m² Maison de vacances ∙ 3 chambres ∙ 6 personnes,Ayent - Valais
15/04/2024,18/05/2024,25/05/2024,406.00,HG2TU8L,30 m² Village vacances ∙ 1 chambre ∙ 4 personnes,Saas-Balen - Valais
15/04/2024,25/05/2024,01/06/2024,406.00,HG2TU8L,30 m² Village vacances ∙ 1 chambre ∙ 4 personnes,Saas-Balen - Valais
15/04/2024,01/06/2024,08/06/2024,406.00,HG2TU8L,30 m² Village vacances ∙ 1 chambre ∙ 4 personnes,Saas-Balen - Valais
15/04/2024,08/06/2024,15/06/2024,406.00,HG2TU8L,30 m² Village vacances ∙ 1 chambre ∙ 4 personnes,Saas-Balen - Valais
15/04/2024,29/06/2024,06/07/2024,406.00,HG2TU8L,30 m² Village vacances ∙ 1 chambre ∙ 4 personnes,Saas-Balen - Valais
15/04/2024,06/07/2024,13/07/2024,565.00,HG2TU8L,30 m² Village vacances ∙ 1 chambre ∙ 4 personnes,Saas-Balen - Valais
15/04/2024,03/08/2024,10/08/2024,565.00,HG2TU8L,30 m² Village vacances ∙ 1 chambre ∙ 4 personnes,Saas-Balen - Valais
15/04/2024,10/08/2024,17/08/2024,565.00,HG2TU8L,30 m² Village vacances ∙ 1 chambre ∙ 4 personnes,Saas-Balen - Valais
15/04/2024,17/08/2024,24/08/2024,406.00,HG2TU8L,30 m² Village vacances ∙ 1 chambre ∙ 4 personnes,Saas-Balen - Valais
15/04/2024,24/08/2024,31/08/2024,406.00,HG2TU8L,30 m² Village vacances ∙ 1 chambre ∙ 4 personnes,Saas-Balen - Valais
15/04/2024,31/08/2024,07/09/2024,406.00,HG2TU8L,30 m² Village vacances ∙ 1 chambre ∙ 4 personnes,Saas-Balen - Valais
15/04/2024,07/09/2024,14/09/2024,406.00,HG2TU8L,30 m² Village vacances ∙ 1 chambre ∙ 4 personnes,Saas-Balen - Valais
15/04/2024,14/09/2024,21/09/2024,406.00,HG2TU8L,30 m² Village vacances ∙ 1 chambre ∙ 4 personnes,Saas-Balen - Valais
15/04/2024,21/09/2024,28/09/2024,406.00,HG2TU8L,30 m² Village vacances ∙ 1 chambre ∙ 4 personnes,Saas-Balen - Valais
15/04/2024,28/09/2024,05/10/2024,406.00,HG2TU8L,30 m² Village vacances ∙ 1 chambre ∙ 4 personnes,Saas-Balen - Valais
15/04/2024,05/10/2024,12/10/2024,406.00,HG2TU8L,30 m² Village vacances ∙ 1 chambre ∙ 4 personnes,Saas-Balen - Valais
15/04/2024,12/10/2024,19/10/2024,406.00,HG2TU8L,30 m² Village vacances ∙ 1 chambre ∙ 4 personnes,Saas-Balen - Valais
15/04/2024,19/10/2024,26/10/2024,406.00,HG2TU8L,30 m² Village vacances ∙ 1 chambre ∙ 4 personnes,Saas-Balen - Valais
15/04/2024,20/04/2024,27/04/2024,538.02,HUVDXG0,65 m² Maison de vacances ∙ 3 chambres ∙ 5 personnes,Hérémence - Valais
15/04/2024,27/04/2024,04/05/2024,538.02,HUVDXG0,65 m² Maison de vacances ∙ 3 chambres ∙ 5 personnes,Hérémence - Valais
15/04/2024,04/05/2024,11/05/2024,538.02,HUVDXG0,65 m² Maison de vacances ∙ 3 chambres ∙ 5 personnes,Hérémence - Valais
15/04/2024,11/05/2024,18/05/2024,538.02,HUVDXG0,65 m² Maison de vacances ∙ 3 chambres ∙ 5 personnes,Hérémence - Valais
15/04/2024,01/06/2024,08/06/2024,538.02,HUVDXG0,65 m² Maison de vacances ∙ 3 chambres ∙ 5 personnes,Hérémence - Valais
15/04/2024,08/06/2024,15/06/2024,538.02,HUVDXG0,65 m² Maison de vacances ∙ 3 chambres ∙ 5 personnes,Hérémence - Valais
15/04/2024,15/06/2024,22/06/2024,538.02,HUVDXG0,65 m² Maison de vacances ∙ 3 chambres ∙ 5 personnes,Hérémence - Valais
15/04/2024,22/06/2024,29/06/2024,538.02,HUVDXG0,65 m² Maison de vacances ∙ 3 chambres ∙ 5 personnes,Hérémence - Valais
15/04/2024,29/06/2024,06/07/2024,624.03,HUVDXG0,65 m² Maison de vacances ∙ 3 chambres ∙ 5 personnes,Hérémence - Valais
15/04/2024,20/07/2024,27/07/2024,624.03,HUVDXG0,65 m² Maison de vacances ∙ 3 chambres ∙ 5 personnes,Hérémence - Valais
15/04/2024,07/09/2024,14/09/2024,538.02,HUVDXG0,65 m² Maison de vacances ∙ 3 chambres ∙ 5 personnes,Hérémence - Valais
15/04/2024,14/09/2024,21/09/2024,538.02,HUVDXG0,65 m² Maison de vacances ∙ 3 chambres ∙ 5 personnes,Hérémence - Valais
15/04/2024,21/09/2024,28/09/2024,538.02,HUVDXG0,65 m² Maison de vacances ∙ 3 chambres ∙ 5 personnes,Hérémence - Valais
15/04/2024,28/09/2024,05/10/2024,538.02,HUVDXG0,65 m² Maison de vacances ∙ 3 chambres ∙ 5 personnes,Hérémence - Valais
15/04/2024,05/10/2024,12/10/2024,538.02,HUVDXG0,65 m² Maison de vacances ∙ 3 chambres ∙ 5 personnes,Hérémence - Valais
15/04/2024,12/10/2024,19/10/2024,538.02,HUVDXG0,65 m² Maison de vacances ∙ 3 chambres ∙ 5 personnes,Hérémence - Valais
15/04/2024,19/10/2024,26/10/2024,538.02,HUVDXG0,65 m² Maison de vacances ∙ 3 chambres ∙ 5 personnes,Hérémence - Valais
15/04/2024,26/10/2024,02/11/2024,538.02,HUVDXG0,65 m² Maison de vacances ∙ 3 chambres ∙ 5 personnes,Hérémence - Valais
15/04/2024,27/04/2024,04/05/2024,784.31,HKWT71S,50 m² Appartement ∙ 1 chambre ∙ 4 personnes,Täsch - Valais
15/04/2024,04/05/2024,11/05/2024,784.31,HKWT71S,50 m² Appartement ∙ 1 chambre ∙ 4 personnes,Täsch - Valais
15/04/2024,11/05/2024,18/05/2024,784.31,HKWT71S,50 m² Appartement ∙ 1 chambre ∙ 4 personnes,Täsch - Valais
15/04/2024,18/05/2024,25/05/2024,784.31,HKWT71S,50 m² Appartement ∙ 1 chambre ∙ 4 personnes,Täsch - Valais
15/04/2024,25/05/2024,01/06/2024,784.31,HKWT71S,50 m² Appartement ∙ 1 chambre ∙ 4 personnes,Täsch - Valais
15/04/2024,01/06/2024,08/06/2024,784.31,HKWT71S,50 m² Appartement ∙ 1 chambre ∙ 4 personnes,Täsch - Valais
15/04/2024,08/06/2024,15/06/2024,784.31,HKWT71S,50 m² Appartement ∙ 1 chambre ∙ 4 personnes,Täsch - Valais
15/04/2024,15/06/2024,22/06/2024,784.31,HKWT71S,50 m² Appartement ∙ 1 chambre ∙ 4 personnes,Täsch - Valais
15/04/2024,22/06/2024,29/06/2024,784.31,HKWT71S,50 m² Appartement ∙ 1 chambre ∙ 4 personnes,Täsch - Valais
15/04/2024,27/07/2024,03/08/2024,784.31,HKWT71S,50 m² Appartement ∙ 1 chambre ∙ 4 personnes,Täsch - Valais
15/04/2024,03/08/2024,10/08/2024,784.31,HKWT71S,50 m² Appartement ∙ 1 chambre ∙ 4 personnes,Täsch - Valais
15/04/2024,10/08/2024,17/08/2024,784.31,HKWT71S,50 m² Appartement ∙ 1 chambre ∙ 4 personnes,Täsch - Valais
15/04/2024,17/08/2024,24/08/2024,784.31,HKWT71S,50 m² Appartement ∙ 1 chambre ∙ 4 personnes,Täsch - Valais
15/04/2024,24/08/2024,31/08/2024,784.31,HKWT71S,50 m² Appartement ∙ 1 chambre ∙ 4 personnes,Täsch - Valais
15/04/2024,31/08/2024,07/09/2024,784.31,HKWT71S,50 m² Appartement ∙ 1 chambre ∙ 4 personnes,Täsch - Valais
15/04/2024,07/09/2024,14/09/2024,784.31,HKWT71S,50 m² Appartement ∙ 1 chambre ∙ 4 personnes,Täsch - Valais
15/04/2024,14/09/2024,21/09/2024,741.14,HKWT71S,50 m² Appartement ∙ 1 chambre ∙ 4 personnes,Täsch - Valais
15/04/2024,21/09/2024,28/09/2024,741.14,HKWT71S,50 m² Appartement ∙ 1 chambre ∙ 4 personnes,Täsch - Valais
15/04/2024,28/09/2024,05/10/2024,741.14,HKWT71S,50 m² Appartement ∙ 1 chambre ∙ 4 personnes,Täsch - Valais
15/04/2024,05/10/2024,12/10/2024,741.14,HKWT71S,50 m² Appartement ∙ 1 chambre ∙ 4 personnes,Täsch - Valais
15/04/2024,12/10/2024,19/10/2024,741.14,HKWT71S,50 m² Appartement ∙ 1 chambre ∙ 4 personnes,Täsch - Valais
15/04/2024,19/10/2024,26/10/2024,741.14,HKWT71S,50 m² Appartement ∙ 1 chambre ∙ 4 personnes,Täsch - Valais
15/04/2024,26/10/2024,02/11/2024,741.14,HKWT71S,50 m² Appartement ∙ 1 chambre ∙ 4 personnes,Täsch - Valais
15/04/2024,13/07/2024,20/07/2024,1188.29,H1LKGCB,50 m² Maison de vacances ∙ 2 personnes,Evolène - Valais
15/04/2024,20/07/2024,27/07/2024,1188.29,H1LKGCB,50 m² Maison de vacances ∙ 2 personnes,Evolène - Valais
15/04/2024,10/08/2024,17/08/2024,1188.29,H1LKGCB,50 m² Maison de vacances ∙ 2 personnes,Evolène - Valais
15/04/2024,18/05/2024,25/05/2024,459.48,HTJ0USD,34 m² Village vacances ∙ 1 chambre ∙ 4 personnes,Zinal - Ayer - Valais
15/04/2024,25/05/2024,01/06/2024,459.48,HTJ0USD,34 m² Village vacances ∙ 1 chambre ∙ 4 personnes,Zinal - Ayer - Valais
15/04/2024,01/06/2024,08/06/2024,459.48,HTJ0USD,34 m² Village vacances ∙ 1 chambre ∙ 4 personnes,Zinal - Ayer - Valais
15/04/2024,08/06/2024,15/06/2024,459.48,HTJ0USD,34 m² Village vacances ∙ 1 chambre ∙ 4 personnes,Zinal - Ayer - Valais
15/04/2024,15/06/2024,22/06/2024,598.26,HTJ0USD,34 m² Village vacances ∙ 1 chambre ∙ 4 personnes,Zinal - Ayer - Valais
15/04/2024,22/06/2024,29/06/2024,598.26,HTJ0USD,34 m² Village vacances ∙ 1 chambre ∙ 4 personnes,Zinal - Ayer - Valais
15/04/2024,29/06/2024,06/07/2024,743.19,HTJ0USD,34 m² Village vacances ∙ 1 chambre ∙ 4 personnes,Zinal - Ayer - Valais
15/04/2024,06/07/2024,13/07/2024,1122.50,HTJ0USD,34 m² Village vacances ∙ 1 chambre ∙ 4 personnes,Zinal - Ayer - Valais
15/04/2024,13/07/2024,20/07/2024,1241.74,HTJ0USD,34 m² Village vacances ∙ 1 chambre ∙ 4 personnes,Zinal - Ayer - Valais
15/04/2024,20/07/2024,27/07/2024,1241.74,HTJ0USD,34 m² Village vacances ∙ 1 chambre ∙ 4 personnes,Zinal - Ayer - Valais
15/04/2024,27/07/2024,03/08/2024,1122.50,HTJ0USD,34 m² Village vacances ∙ 1 chambre ∙ 4 personnes,Zinal - Ayer - Valais
15/04/2024,17/08/2024,24/08/2024,741.14,HTJ0USD,34 m² Village vacances ∙ 1 chambre ∙ 4 personnes,Zinal - Ayer - Valais
15/04/2024,24/08/2024,31/08/2024,516.02,HTJ0USD,34 m² Village vacances ∙ 1 chambre ∙ 4 personnes,Zinal - Ayer - Valais
15/04/2024,31/08/2024,07/09/2024,516.02,HTJ0USD,34 m² Village vacances ∙ 1 chambre ∙ 4 personnes,Zinal - Ayer - Valais
15/04/2024,07/09/2024,14/09/2024,516.02,HTJ0USD,34 m² Village vacances ∙ 1 chambre ∙ 4 personnes,Zinal - Ayer - Valais
15/04/2024,14/09/2024,21/09/2024,516.02,HTJ0USD,34 m² Village vacances ∙ 1 chambre ∙ 4 personnes,Zinal - Ayer - Valais
15/04/2024,21/09/2024,28/09/2024,516.02,HTJ0USD,34 m² Village vacances ∙ 1 chambre ∙ 4 personnes,Zinal - Ayer - Valais
15/04/2024,28/09/2024,05/10/2024,516.02,HTJ0USD,34 m² Village vacances ∙ 1 chambre ∙ 4 personnes,Zinal - Ayer - Valais
15/04/2024,05/10/2024,12/10/2024,741.14,HTJ0USD,34 m² Village vacances ∙ 1 chambre ∙ 4 personnes,Zinal - Ayer - Valais
15/04/2024,12/10/2024,19/10/2024,741.14,HTJ0USD,34 m² Village vacances ∙ 1 chambre ∙ 4 personnes,Zinal - Ayer - Valais
15/04/2024,19/10/2024,26/10/2024,516.02,HTJ0USD,34 m² Village vacances ∙ 1 chambre ∙ 4 personnes,Zinal - Ayer - Valais
15/04/2024,20/04/2024,27/04/2024,1113.24,HUBDXHJ,60 m² Appartement ∙ 3 chambres ∙ 6 personnes,Grimentz - Valais
15/04/2024,27/04/2024,04/05/2024,1113.24,HUBDXHJ,60 m² Appartement ∙ 3 chambres ∙ 6 personnes,Grimentz - Valais
15/04/2024,04/05/2024,11/05/2024,1113.24,HUBDXHJ,60 m² Appartement ∙ 3 chambres ∙ 6 personnes,Grimentz - Valais
15/04/2024,11/05/2024,18/05/2024,1113.24,HUBDXHJ,60 m² Appartement ∙ 3 chambres ∙ 6 personnes,Grimentz - Valais
15/04/2024,18/05/2024,25/05/2024,1113.24,HUBDXHJ,60 m² Appartement ∙ 3 chambres ∙ 6 personnes,Grimentz - Valais
15/04/2024,25/05/2024,01/06/2024,1113.24,HUBDXHJ,60 m² Appartement ∙ 3 chambres ∙ 6 personnes,Grimentz - Valais
15/04/2024,01/06/2024,08/06/2024,1113.24,HUBDXHJ,60 m² Appartement ∙ 3 chambres ∙ 6 personnes,Grimentz - Valais
15/04/2024,08/06/2024,15/06/2024,1113.24,HUBDXHJ,60 m² Appartement ∙ 3 chambres ∙ 6 personnes,Grimentz - Valais
15/04/2024,15/06/2024,22/06/2024,1113.24,HUBDXHJ,60 m² Appartement ∙ 3 chambres ∙ 6 personnes,Grimentz - Valais
15/04/2024,22/06/2024,29/06/2024,985.78,HUBDXHJ,60 m² Appartement ∙ 3 chambres ∙ 6 personnes,Grimentz - Valais
15/04/2024,29/06/2024,06/07/2024,837.76,HUBDXHJ,60 m² Appartement ∙ 3 chambres ∙ 6 personnes,Grimentz - Valais
15/04/2024,06/07/2024,13/07/2024,816.17,HUBDXHJ,60 m² Appartement ∙ 3 chambres ∙ 6 personnes,Grimentz - Valais
15/04/2024,13/07/2024,20/07/2024,816.17,HUBDXHJ,60 m² Appartement ∙ 3 chambres ∙ 6 personnes,Grimentz - Valais
15/04/2024,20/07/2024,27/07/2024,816.17,HUBDXHJ,60 m² Appartement ∙ 3 chambres ∙ 6 personnes,Grimentz - Valais
15/04/2024,27/07/2024,03/08/2024,816.17,HUBDXHJ,60 m² Appartement ∙ 3 chambres ∙ 6 personnes,Grimentz - Valais
15/04/2024,03/08/2024,10/08/2024,816.17,HUBDXHJ,60 m² Appartement ∙ 3 chambres ∙ 6 personnes,Grimentz - Valais
15/04/2024,10/08/2024,17/08/2024,816.17,HUBDXHJ,60 m² Appartement ∙ 3 chambres ∙ 6 personnes,Grimentz - Valais
15/04/2024,17/08/2024,24/08/2024,816.17,HUBDXHJ,60 m² Appartement ∙ 3 chambres ∙ 6 personnes,Grimentz - Valais
15/04/2024,24/08/2024,31/08/2024,816.17,HUBDXHJ,60 m² Appartement ∙ 3 chambres ∙ 6 personnes,Grimentz - Valais
15/04/2024,31/08/2024,07/09/2024,816.17,HUBDXHJ,60 m² Appartement ∙ 3 chambres ∙ 6 personnes,Grimentz - Valais
15/04/2024,07/09/2024,14/09/2024,816.17,HUBDXHJ,60 m² Appartement ∙ 3 chambres ∙ 6 personnes,Grimentz - Valais
15/04/2024,14/09/2024,21/09/2024,879.90,HUBDXHJ,60 m² Appartement ∙ 3 chambres ∙ 6 personnes,Grimentz - Valais
15/04/2024,21/09/2024,28/09/2024,890.18,HUBDXHJ,60 m² Appartement ∙ 3 chambres ∙ 6 personnes,Grimentz - Valais
15/04/2024,28/09/2024,05/10/2024,890.18,HUBDXHJ,60 m² Appartement ∙ 3 chambres ∙ 6 personnes,Grimentz - Valais
15/04/2024,05/10/2024,12/10/2024,890.18,HUBDXHJ,60 m² Appartement ∙ 3 chambres ∙ 6 personnes,Grimentz - Valais
15/04/2024,12/10/2024,19/10/2024,890.18,HUBDXHJ,60 m² Appartement ∙ 3 chambres ∙ 6 personnes,Grimentz - Valais
15/04/2024,19/10/2024,26/10/2024,890.18,HUBDXHJ,60 m² Appartement ∙ 3 chambres ∙ 6 personnes,Grimentz - Valais
15/04/2024,26/10/2024,02/11/2024,890.18,HUBDXHJ,60 m² Appartement ∙ 3 chambres ∙ 6 personnes,Grimentz - Valais
15/04/2024,20/04/2024,27/04/2024,1024.29,H2AEHWT,200 m² Maison de vacances ∙ 4 chambres ∙ 8 personnes,Nendaz - Valais
15/04/2024,27/04/2024,04/05/2024,1024.29,H2AEHWT,200 m² Maison de vacances ∙ 4 chambres ∙ 8 personnes,Nendaz - Valais
15/04/2024,04/05/2024,11/05/2024,1024.29,H2AEHWT,200 m² Maison de vacances ∙ 4 chambres ∙ 8 personnes,Nendaz - Valais
15/04/2024,11/05/2024,18/05/2024,1024.29,H2AEHWT,200 m² Maison de vacances ∙ 4 chambres ∙ 8 personnes,Nendaz - Valais
15/04/2024,18/05/2024,25/05/2024,1024.29,H2AEHWT,200 m² Maison de vacances ∙ 4 chambres ∙ 8 personnes,Nendaz - Valais
15/04/2024,08/06/2024,15/06/2024,1024.29,H2AEHWT,200 m² Maison de vacances ∙ 4 chambres ∙ 8 personnes,Nendaz - Valais
15/04/2024,15/06/2024,22/06/2024,1024.29,H2AEHWT,200 m² Maison de vacances ∙ 4 chambres ∙ 8 personnes,Nendaz - Valais
15/04/2024,22/06/2024,29/06/2024,1024.29,H2AEHWT,200 m² Maison de vacances ∙ 4 chambres ∙ 8 personnes,Nendaz - Valais
15/04/2024,29/06/2024,06/07/2024,1150.68,H2AEHWT,200 m² Maison de vacances ∙ 4 chambres ∙ 8 personnes,Nendaz - Valais
15/04/2024,06/07/2024,13/07/2024,1150.68,H2AEHWT,200 m² Maison de vacances ∙ 4 chambres ∙ 8 personnes,Nendaz - Valais
15/04/2024,13/07/2024,20/07/2024,1651.95,H2AEHWT,200 m² Maison de vacances ∙ 4 chambres ∙ 8 personnes,Nendaz - Valais
15/04/2024,27/07/2024,03/08/2024,1651.95,H2AEHWT,200 m² Maison de vacances ∙ 4 chambres ∙ 8 personnes,Nendaz - Valais
15/04/2024,17/08/2024,24/08/2024,1150.68,H2AEHWT,200 m² Maison de vacances ∙ 4 chambres ∙ 8 personnes,Nendaz - Valais
15/04/2024,24/08/2024,31/08/2024,1065.76,H2AEHWT,200 m² Maison de vacances ∙ 4 chambres ∙ 8 personnes,Nendaz - Valais
15/04/2024,07/09/2024,14/09/2024,1065.76,H2AEHWT,200 m² Maison de vacances ∙ 4 chambres ∙ 8 personnes,Nendaz - Valais
15/04/2024,21/09/2024,28/09/2024,1051.25,H2AEHWT,200 m² Maison de vacances ∙ 4 chambres ∙ 8 personnes,Nendaz - Valais
15/04/2024,28/09/2024,05/10/2024,1051.25,H2AEHWT,200 m² Maison de vacances ∙ 4 chambres ∙ 8 personnes,Nendaz - Valais
15/04/2024,19/10/2024,26/10/2024,1051.25,H2AEHWT,200 m² Maison de vacances ∙ 4 chambres ∙ 8 personnes,Nendaz - Valais
15/04/2024,26/10/2024,02/11/2024,1024.29,H2AEHWT,200 m² Maison de vacances ∙ 4 chambres ∙ 8 personnes,Nendaz - Valais
15/04/2024,20/04/2024,27/04/2024,620.37,HC0XUDE,70 m² Appartement ∙ 2 chambres ∙ 6 personnes,Bürchen - Valais
15/04/2024,27/04/2024,04/05/2024,620.37,HC0XUDE,70 m² Appartement ∙ 2 chambres ∙ 6 personnes,Bürchen - Valais
15/04/2024,04/05/2024,11/05/2024,620.37,HC0XUDE,70 m² Appartement ∙ 2 chambres ∙ 6 personnes,Bürchen - Valais
15/04/2024,08/06/2024,15/06/2024,620.37,HC0XUDE,70 m² Appartement ∙ 2 chambres ∙ 6 personnes,Bürchen - Valais
15/04/2024,06/07/2024,13/07/2024,797.49,HC0XUDE,70 m² Appartement ∙ 2 chambres ∙ 6 personnes,Bürchen - Valais
15/04/2024,13/07/2024,20/07/2024,868.93,HC0XUDE,70 m² Appartement ∙ 2 chambres ∙ 6 personnes,Bürchen - Valais
15/04/2024,10/08/2024,17/08/2024,868.93,HC0XUDE,70 m² Appartement ∙ 2 chambres ∙ 6 personnes,Bürchen - Valais
15/04/2024,17/08/2024,24/08/2024,797.49,HC0XUDE,70 m² Appartement ∙ 2 chambres ∙ 6 personnes,Bürchen - Valais
15/04/2024,24/08/2024,31/08/2024,620.37,HC0XUDE,70 m² Appartement ∙ 2 chambres ∙ 6 personnes,Bürchen - Valais
15/04/2024,31/08/2024,07/09/2024,620.37,HC0XUDE,70 m² Appartement ∙ 2 chambres ∙ 6 personnes,Bürchen - Valais
15/04/2024,07/09/2024,14/09/2024,620.37,HC0XUDE,70 m² Appartement ∙ 2 chambres ∙ 6 personnes,Bürchen - Valais
15/04/2024,14/09/2024,21/09/2024,620.37,HC0XUDE,70 m² Appartement ∙ 2 chambres ∙ 6 personnes,Bürchen - Valais
15/04/2024,21/09/2024,28/09/2024,620.37,HC0XUDE,70 m² Appartement ∙ 2 chambres ∙ 6 personnes,Bürchen - Valais
15/04/2024,28/09/2024,05/10/2024,620.37,HC0XUDE,70 m² Appartement ∙ 2 chambres ∙ 6 personnes,Bürchen - Valais
15/04/2024,05/10/2024,12/10/2024,620.37,HC0XUDE,70 m² Appartement ∙ 2 chambres ∙ 6 personnes,Bürchen - Valais
15/04/2024,26/10/2024,02/11/2024,620.37,HC0XUDE,70 m² Appartement ∙ 2 chambres ∙ 6 personnes,Bürchen - Valais
15/04/2024,20/04/2024,27/04/2024,595.17,HUXM4G0,75 m² Appartement ∙ 2 chambres ∙ 4 personnes,Orsières - Valais
15/04/2024,25/05/2024,01/06/2024,776.09,HUXM4G0,75 m² Appartement ∙ 2 chambres ∙ 4 personnes,Orsières - Valais
15/04/2024,21/09/2024,28/09/2024,776.09,HUXM4G0,75 m² Appartement ∙ 2 chambres ∙ 4 personnes,Orsières - Valais
15/04/2024,19/10/2024,26/10/2024,776.09,HUXM4G0,75 m² Appartement ∙ 2 chambres ∙ 4 personnes,Orsières - Valais
15/04/2024,04/05/2024,11/05/2024,1117.36,HNRH8DZ,125 m² Maison de vacances ∙ 3 chambres ∙ 6 personnes,Saint-Luc - Valais
15/04/2024,11/05/2024,18/05/2024,1117.36,HNRH8DZ,125 m² Maison de vacances ∙ 3 chambres ∙ 6 personnes,Saint-Luc - Valais
15/04/2024,01/06/2024,08/06/2024,1117.36,HNRH8DZ,125 m² Maison de vacances ∙ 3 chambres ∙ 6 personnes,Saint-Luc - Valais
15/04/2024,08/06/2024,15/06/2024,1117.36,HNRH8DZ,125 m² Maison de vacances ∙ 3 chambres ∙ 6 personnes,Saint-Luc - Valais
15/04/2024,17/08/2024,24/08/2024,1551.14,HNRH8DZ,125 m² Maison de vacances ∙ 3 chambres ∙ 6 personnes,Saint-Luc - Valais
15/04/2024,24/08/2024,31/08/2024,1551.14,HNRH8DZ,125 m² Maison de vacances ∙ 3 chambres ∙ 6 personnes,Saint-Luc - Valais
15/04/2024,31/08/2024,07/09/2024,1551.14,HNRH8DZ,125 m² Maison de vacances ∙ 3 chambres ∙ 6 personnes,Saint-Luc - Valais
15/04/2024,07/09/2024,14/09/2024,1551.14,HNRH8DZ,125 m² Maison de vacances ∙ 3 chambres ∙ 6 personnes,Saint-Luc - Valais
15/04/2024,14/09/2024,21/09/2024,1551.14,HNRH8DZ,125 m² Maison de vacances ∙ 3 chambres ∙ 6 personnes,Saint-Luc - Valais
15/04/2024,21/09/2024,28/09/2024,1551.14,HNRH8DZ,125 m² Maison de vacances ∙ 3 chambres ∙ 6 personnes,Saint-Luc - Valais
15/04/2024,28/09/2024,05/10/2024,1117.36,HNRH8DZ,125 m² Maison de vacances ∙ 3 chambres ∙ 6 personnes,Saint-Luc - Valais
15/04/2024,05/10/2024,12/10/2024,1117.36,HNRH8DZ,125 m² Maison de vacances ∙ 3 chambres ∙ 6 personnes,Saint-Luc - Valais
15/04/2024,12/10/2024,19/10/2024,1117.36,HNRH8DZ,125 m² Maison de vacances ∙ 3 chambres ∙ 6 personnes,Saint-Luc - Valais
15/04/2024,19/10/2024,26/10/2024,1117.36,HNRH8DZ,125 m² Maison de vacances ∙ 3 chambres ∙ 6 personnes,Saint-Luc - Valais
15/04/2024,26/10/2024,02/11/2024,1117.36,HNRH8DZ,125 m² Maison de vacances ∙ 3 chambres ∙ 6 personnes,Saint-Luc - Valais
15/04/2024,18/05/2024,25/05/2024,409.11,HYCZGU9,75 m² Appartement ∙ 1 chambre ∙ 7 personnes,Loèche-les-Bains - Valais
15/04/2024,25/05/2024,01/06/2024,409.11,HYCZGU9,75 m² Appartement ∙ 1 chambre ∙ 7 personnes,Loèche-les-Bains - Valais
15/04/2024,01/06/2024,08/06/2024,409.11,HYCZGU9,75 m² Appartement ∙ 1 chambre ∙ 7 personnes,Loèche-les-Bains - Valais
15/04/2024,08/06/2024,15/06/2024,409.11,HYCZGU9,75 m² Appartement ∙ 1 chambre ∙ 7 personnes,Loèche-les-Bains - Valais
15/04/2024,29/06/2024,06/07/2024,483.12,HYCZGU9,75 m² Appartement ∙ 1 chambre ∙ 7 personnes,Loèche-les-Bains - Valais
15/04/2024,06/07/2024,13/07/2024,483.12,HYCZGU9,75 m² Appartement ∙ 1 chambre ∙ 7 personnes,Loèche-les-Bains - Valais
15/04/2024,20/07/2024,27/07/2024,483.12,HYCZGU9,75 m² Appartement ∙ 1 chambre ∙ 7 personnes,Loèche-les-Bains - Valais
15/04/2024,27/07/2024,03/08/2024,483.12,HYCZGU9,75 m² Appartement ∙ 1 chambre ∙ 7 personnes,Loèche-les-Bains - Valais
15/04/2024,10/08/2024,17/08/2024,372.11,HYCZGU9,75 m² Appartement ∙ 1 chambre ∙ 7 personnes,Loèche-les-Bains - Valais
15/04/2024,17/08/2024,24/08/2024,372.11,HYCZGU9,75 m² Appartement ∙ 1 chambre ∙ 7 personnes,Loèche-les-Bains - Valais
15/04/2024,24/08/2024,31/08/2024,372.11,HYCZGU9,75 m² Appartement ∙ 1 chambre ∙ 7 personnes,Loèche-les-Bains - Valais
15/04/2024,31/08/2024,07/09/2024,372.11,HYCZGU9,75 m² Appartement ∙ 1 chambre ∙ 7 personnes,Loèche-les-Bains - Valais
15/04/2024,14/09/2024,21/09/2024,372.11,HYCZGU9,75 m² Appartement ∙ 1 chambre ∙ 7 personnes,Loèche-les-Bains - Valais
15/04/2024,21/09/2024,28/09/2024,446.12,HYCZGU9,75 m² Appartement ∙ 1 chambre ∙ 7 personnes,Loèche-les-Bains - Valais
15/04/2024,28/09/2024,05/10/2024,446.12,HYCZGU9,75 m² Appartement ∙ 1 chambre ∙ 7 personnes,Loèche-les-Bains - Valais
15/04/2024,05/10/2024,12/10/2024,446.12,HYCZGU9,75 m² Appartement ∙ 1 chambre ∙ 7 personnes,Loèche-les-Bains - Valais
15/04/2024,12/10/2024,19/10/2024,372.11,HYCZGU9,75 m² Appartement ∙ 1 chambre ∙ 7 personnes,Loèche-les-Bains - Valais
15/04/2024,19/10/2024,26/10/2024,372.11,HYCZGU9,75 m² Appartement ∙ 1 chambre ∙ 7 personnes,Loèche-les-Bains - Valais
15/04/2024,26/10/2024,02/11/2024,372.11,HYCZGU9,75 m² Appartement ∙ 1 chambre ∙ 7 personnes,Loèche-les-Bains - Valais
15/04/2024,20/04/2024,27/04/2024,819.26,HNRUWBE,80 m² Maison de vacances ∙ 3 chambres ∙ 5 personnes,Orsières - Valais
15/04/2024,24/08/2024,31/08/2024,893.27,HNRUWBE,80 m² Maison de vacances ∙ 3 chambres ∙ 5 personnes,Orsières - Valais
15/04/2024,20/04/2024,27/04/2024,651.24,HG1DUS5,100 m² Maison de vacances ∙ 3 chambres ∙ 6 personnes,Riddes - Valais
15/04/2024,27/04/2024,04/05/2024,651.24,HG1DUS5,100 m² Maison de vacances ∙ 3 chambres ∙ 6 personnes,Riddes - Valais
15/04/2024,04/05/2024,11/05/2024,651.24,HG1DUS5,100 m² Maison de vacances ∙ 3 chambres ∙ 6 personnes,Riddes - Valais
15/04/2024,11/05/2024,18/05/2024,651.24,HG1DUS5,100 m² Maison de vacances ∙ 3 chambres ∙ 6 personnes,Riddes - Valais
15/04/2024,01/06/2024,08/06/2024,651.24,HG1DUS5,100 m² Maison de vacances ∙ 3 chambres ∙ 6 personnes,Riddes - Valais
15/04/2024,15/06/2024,22/06/2024,651.24,HG1DUS5,100 m² Maison de vacances ∙ 3 chambres ∙ 6 personnes,Riddes - Valais
15/04/2024,31/08/2024,07/09/2024,651.24,HG1DUS5,100 m² Maison de vacances ∙ 3 chambres ∙ 6 personnes,Riddes - Valais
15/04/2024,07/09/2024,14/09/2024,651.24,HG1DUS5,100 m² Maison de vacances ∙ 3 chambres ∙ 6 personnes,Riddes - Valais
15/04/2024,14/09/2024,21/09/2024,651.24,HG1DUS5,100 m² Maison de vacances ∙ 3 chambres ∙ 6 personnes,Riddes - Valais
15/04/2024,21/09/2024,28/09/2024,651.24,HG1DUS5,100 m² Maison de vacances ∙ 3 chambres ∙ 6 personnes,Riddes - Valais
15/04/2024,28/09/2024,05/10/2024,651.24,HG1DUS5,100 m² Maison de vacances ∙ 3 chambres ∙ 6 personnes,Riddes - Valais
15/04/2024,05/10/2024,12/10/2024,651.24,HG1DUS5,100 m² Maison de vacances ∙ 3 chambres ∙ 6 personnes,Riddes - Valais
15/04/2024,12/10/2024,19/10/2024,651.24,HG1DUS5,100 m² Maison de vacances ∙ 3 chambres ∙ 6 personnes,Riddes - Valais
15/04/2024,26/10/2024,02/11/2024,651.24,HG1DUS5,100 m² Maison de vacances ∙ 3 chambres ∙ 6 personnes,Riddes - Valais
15/04/2024,25/05/2024,01/06/2024,344.36,HHU46XN,37 m² Village vacances ∙ 1 chambre ∙ 4 personnes,Vercorin - Valais
15/04/2024,01/06/2024,08/06/2024,344.36,HHU46XN,37 m² Village vacances ∙ 1 chambre ∙ 4 personnes,Vercorin - Valais
15/04/2024,08/06/2024,15/06/2024,344.36,HHU46XN,37 m² Village vacances ∙ 1 chambre ∙ 4 personnes,Vercorin - Valais
15/04/2024,22/06/2024,29/06/2024,507.80,HHU46XN,37 m² Village vacances ∙ 1 chambre ∙ 4 personnes,Vercorin - Valais
15/04/2024,29/06/2024,06/07/2024,671.24,HHU46XN,37 m² Village vacances ∙ 1 chambre ∙ 4 personnes,Vercorin - Valais
15/04/2024,06/07/2024,13/07/2024,1062.88,HHU46XN,37 m² Village vacances ∙ 1 chambre ∙ 4 personnes,Vercorin - Valais
15/04/2024,13/07/2024,20/07/2024,1204.73,HHU46XN,37 m² Village vacances ∙ 1 chambre ∙ 4 personnes,Vercorin - Valais
15/04/2024,20/07/2024,27/07/2024,1204.73,HHU46XN,37 m² Village vacances ∙ 1 chambre ∙ 4 personnes,Vercorin - Valais
15/04/2024,27/07/2024,03/08/2024,1062.88,HHU46XN,37 m² Village vacances ∙ 1 chambre ∙ 4 personnes,Vercorin - Valais
15/04/2024,03/08/2024,10/08/2024,1062.88,HHU46XN,37 m² Village vacances ∙ 1 chambre ∙ 4 personnes,Vercorin - Valais
15/04/2024,10/08/2024,17/08/2024,830.57,HHU46XN,37 m² Village vacances ∙ 1 chambre ∙ 4 personnes,Vercorin - Valais
15/04/2024,17/08/2024,24/08/2024,629.09,HHU46XN,37 m² Village vacances ∙ 1 chambre ∙ 4 personnes,Vercorin - Valais
15/04/2024,24/08/2024,31/08/2024,426.59,HHU46XN,37 m² Village vacances ∙ 1 chambre ∙ 4 personnes,Vercorin - Valais
15/04/2024,31/08/2024,07/09/2024,426.59,HHU46XN,37 m² Village vacances ∙ 1 chambre ∙ 4 personnes,Vercorin - Valais
15/04/2024,07/09/2024,14/09/2024,426.59,HHU46XN,37 m² Village vacances ∙ 1 chambre ∙ 4 personnes,Vercorin - Valais
15/04/2024,14/09/2024,21/09/2024,426.59,HHU46XN,37 m² Village vacances ∙ 1 chambre ∙ 4 personnes,Vercorin - Valais
15/04/2024,21/09/2024,28/09/2024,629.09,HHU46XN,37 m² Village vacances ∙ 1 chambre ∙ 4 personnes,Vercorin - Valais
15/04/2024,28/09/2024,05/10/2024,426.59,HHU46XN,37 m² Village vacances ∙ 1 chambre ∙ 4 personnes,Vercorin - Valais
15/04/2024,05/10/2024,12/10/2024,629.09,HHU46XN,37 m² Village vacances ∙ 1 chambre ∙ 4 personnes,Vercorin - Valais
15/04/2024,12/10/2024,19/10/2024,426.59,HHU46XN,37 m² Village vacances ∙ 1 chambre ∙ 4 personnes,Vercorin - Valais
15/04/2024,19/10/2024,26/10/2024,426.59,HHU46XN,37 m² Village vacances ∙ 1 chambre ∙ 4 personnes,Vercorin - Valais
15/04/2024,20/04/2024,27/04/2024,1218.09,HGUAHV0,Maison de vacances ∙ 2 chambres ∙ 4 personnes,Bellwald - Valais
15/04/2024,25/05/2024,01/06/2024,1218.09,HGUAHV0,Maison de vacances ∙ 2 chambres ∙ 4 personnes,Bellwald - Valais
15/04/2024,21/09/2024,28/09/2024,1607.68,HGUAHV0,Maison de vacances ∙ 2 chambres ∙ 4 personnes,Bellwald - Valais
15/04/2024,26/10/2024,02/11/2024,1218.09,HGUAHV0,Maison de vacances ∙ 2 chambres ∙ 4 personnes,Bellwald - Valais
15/04/2024,18/05/2024,25/05/2024,1167.10,H37G89Y,72 m² Appartement ∙ 2 chambres ∙ 4 personnes,Zermatt - Valais
15/04/2024,25/05/2024,01/06/2024,1167.10,H37G89Y,72 m² Appartement ∙ 2 chambres ∙ 4 personnes,Zermatt - Valais
15/04/2024,21/09/2024,28/09/2024,1529.97,H37G89Y,72 m² Appartement ∙ 2 chambres ∙ 4 personnes,Zermatt - Valais
15/04/2024,28/09/2024,05/10/2024,1167.10,H37G89Y,72 m² Appartement ∙ 2 chambres ∙ 4 personnes,Zermatt - Valais
15/04/2024,05/10/2024,12/10/2024,1167.10,H37G89Y,72 m² Appartement ∙ 2 chambres ∙ 4 personnes,Zermatt - Valais
15/04/2024,22/06/2024,29/06/2024,994.94,HED1MK2,50 m² Appartement ∙ 1 chambre ∙ 4 personnes,Saas Fee - Valais
15/04/2024,20/07/2024,27/07/2024,929.15,HED1MK2,50 m² Appartement ∙ 1 chambre ∙ 4 personnes,Saas Fee - Valais
15/04/2024,28/09/2024,05/10/2024,813.66,HED1MK2,50 m² Appartement ∙ 1 chambre ∙ 4 personnes,Saas Fee - Valais
15/04/2024,26/10/2024,02/11/2024,863.15,HED1MK2,50 m² Appartement ∙ 1 chambre ∙ 4 personnes,Saas Fee - Valais
15/04/2024,27/04/2024,04/05/2024,1269.45,HM87T15,61 m² Maison de vacances ∙ 2 chambres ∙ 4 personnes,Evolène - Valais
15/04/2024,04/05/2024,11/05/2024,1269.45,HM87T15,61 m² Maison de vacances ∙ 2 chambres ∙ 4 personnes,Evolène - Valais
15/04/2024,11/05/2024,18/05/2024,1269.45,HM87T15,61 m² Maison de vacances ∙ 2 chambres ∙ 4 personnes,Evolène - Valais
15/04/2024,05/10/2024,12/10/2024,1346.54,HM87T15,61 m² Maison de vacances ∙ 2 chambres ∙ 4 personnes,Evolène - Valais
15/04/2024,12/10/2024,19/10/2024,1346.54,HM87T15,61 m² Maison de vacances ∙ 2 chambres ∙ 4 personnes,Evolène - Valais
15/04/2024,19/10/2024,26/10/2024,1346.54,HM87T15,61 m² Maison de vacances ∙ 2 chambres ∙ 4 personnes,Evolène - Valais
15/04/2024,26/10/2024,02/11/2024,1346.54,HM87T15,61 m² Maison de vacances ∙ 2 chambres ∙ 4 personnes,Evolène - Valais
15/04/2024,27/04/2024,04/05/2024,556.11,HEB86WH,50 m² Maison de vacances ∙ 3 chambres ∙ 6 personnes,Leuk - Valais
15/04/2024,04/05/2024,11/05/2024,556.11,HEB86WH,50 m² Maison de vacances ∙ 3 chambres ∙ 6 personnes,Leuk - Valais
15/04/2024,08/06/2024,15/06/2024,556.11,HEB86WH,50 m² Maison de vacances ∙ 3 chambres ∙ 6 personnes,Leuk - Valais
15/04/2024,17/08/2024,24/08/2024,519.10,HEB86WH,50 m² Maison de vacances ∙ 3 chambres ∙ 6 personnes,Leuk - Valais
15/04/2024,24/08/2024,31/08/2024,519.10,HEB86WH,50 m² Maison de vacances ∙ 3 chambres ∙ 6 personnes,Leuk - Valais
15/04/2024,05/10/2024,12/10/2024,519.10,HEB86WH,50 m² Maison de vacances ∙ 3 chambres ∙ 6 personnes,Leuk - Valais
15/04/2024,20/04/2024,27/04/2024,667.13,HESHT9D,35 m² Appartement ∙ 3 personnes,Grächen - Valais
15/04/2024,27/04/2024,04/05/2024,667.13,HESHT9D,35 m² Appartement ∙ 3 personnes,Grächen - Valais
15/04/2024,04/05/2024,11/05/2024,667.13,HESHT9D,35 m² Appartement ∙ 3 personnes,Grächen - Valais
15/04/2024,11/05/2024,18/05/2024,667.13,HESHT9D,35 m² Appartement ∙ 3 personnes,Grächen - Valais
15/04/2024,18/05/2024,25/05/2024,667.13,HESHT9D,35 m² Appartement ∙ 3 personnes,Grächen - Valais
15/04/2024,25/05/2024,01/06/2024,519.10,HESHT9D,35 m² Appartement ∙ 3 personnes,Grächen - Valais
15/04/2024,01/06/2024,08/06/2024,519.10,HESHT9D,35 m² Appartement ∙ 3 personnes,Grächen - Valais
15/04/2024,08/06/2024,15/06/2024,519.13,HESHT9D,35 m² Appartement ∙ 3 personnes,Grächen - Valais
15/04/2024,15/06/2024,22/06/2024,519.13,HESHT9D,35 m² Appartement ∙ 3 personnes,Grächen - Valais
15/04/2024,22/06/2024,29/06/2024,519.13,HESHT9D,35 m² Appartement ∙ 3 personnes,Grächen - Valais
15/04/2024,29/06/2024,06/07/2024,519.13,HESHT9D,35 m² Appartement ∙ 3 personnes,Grächen - Valais
15/04/2024,06/07/2024,13/07/2024,519.13,HESHT9D,35 m² Appartement ∙ 3 personnes,Grächen - Valais
15/04/2024,03/08/2024,10/08/2024,519.13,HESHT9D,35 m² Appartement ∙ 3 personnes,Grächen - Valais
15/04/2024,10/08/2024,17/08/2024,556.14,HESHT9D,35 m² Appartement ∙ 3 personnes,Grächen - Valais
15/04/2024,17/08/2024,24/08/2024,556.14,HESHT9D,35 m² Appartement ∙ 3 personnes,Grächen - Valais
15/04/2024,24/08/2024,31/08/2024,556.14,HESHT9D,35 m² Appartement ∙ 3 personnes,Grächen - Valais
15/04/2024,31/08/2024,07/09/2024,556.14,HESHT9D,35 m² Appartement ∙ 3 personnes,Grächen - Valais
15/04/2024,07/09/2024,14/09/2024,556.14,HESHT9D,35 m² Appartement ∙ 3 personnes,Grächen - Valais
15/04/2024,14/09/2024,21/09/2024,556.14,HESHT9D,35 m² Appartement ∙ 3 personnes,Grächen - Valais
15/04/2024,21/09/2024,28/09/2024,556.14,HESHT9D,35 m² Appartement ∙ 3 personnes,Grächen - Valais
15/04/2024,28/09/2024,05/10/2024,556.14,HESHT9D,35 m² Appartement ∙ 3 personnes,Grächen - Valais
15/04/2024,05/10/2024,12/10/2024,556.14,HESHT9D,35 m² Appartement ∙ 3 personnes,Grächen - Valais
15/04/2024,12/10/2024,19/10/2024,556.14,HESHT9D,35 m² Appartement ∙ 3 personnes,Grächen - Valais
15/04/2024,19/10/2024,26/10/2024,556.14,HESHT9D,35 m² Appartement ∙ 3 personnes,Grächen - Valais
15/04/2024,26/10/2024,02/11/2024,556.14,HESHT9D,35 m² Appartement ∙ 3 personnes,Grächen - Valais
15/04/2024,20/04/2024,27/04/2024,933.42,HXUSNPA,50 m² Maison de vacances ∙ 2 chambres ∙ 6 personnes,Simplon - Valais
15/04/2024,27/04/2024,04/05/2024,933.42,HXUSNPA,50 m² Maison de vacances ∙ 2 chambres ∙ 6 personnes,Simplon - Valais
15/04/2024,11/05/2024,18/05/2024,933.42,HXUSNPA,50 m² Maison de vacances ∙ 2 chambres ∙ 6 personnes,Simplon - Valais
15/04/2024,18/05/2024,25/05/2024,933.42,HXUSNPA,50 m² Maison de vacances ∙ 2 chambres ∙ 6 personnes,Simplon - Valais
15/04/2024,01/06/2024,08/06/2024,933.42,HXUSNPA,50 m² Maison de vacances ∙ 2 chambres ∙ 6 personnes,Simplon - Valais
15/04/2024,29/06/2024,06/07/2024,933.42,HXUSNPA,50 m² Maison de vacances ∙ 2 chambres ∙ 6 personnes,Simplon - Valais
15/04/2024,06/07/2024,13/07/2024,933.42,HXUSNPA,50 m² Maison de vacances ∙ 2 chambres ∙ 6 personnes,Simplon - Valais
15/04/2024,22/06/2024,29/06/2024,1107.13,HB92GWK,Maison de vacances ∙ 4 chambres ∙ 8 personnes,Wiler (Lötschen) - Valais
15/04/2024,29/06/2024,06/07/2024,1179.09,HB92GWK,Maison de vacances ∙ 4 chambres ∙ 8 personnes,Wiler (Lötschen) - Valais
15/04/2024,20/07/2024,27/07/2024,1107.13,HB92GWK,Maison de vacances ∙ 4 chambres ∙ 8 personnes,Wiler (Lötschen) - Valais
15/04/2024,27/07/2024,03/08/2024,1107.13,HB92GWK,Maison de vacances ∙ 4 chambres ∙ 8 personnes,Wiler (Lötschen) - Valais
15/04/2024,17/08/2024,24/08/2024,1179.09,HB92GWK,Maison de vacances ∙ 4 chambres ∙ 8 personnes,Wiler (Lötschen) - Valais
15/04/2024,24/08/2024,31/08/2024,1179.09,HB92GWK,Maison de vacances ∙ 4 chambres ∙ 8 personnes,Wiler (Lötschen) - Valais
15/04/2024,31/08/2024,07/09/2024,1107.13,HB92GWK,Maison de vacances ∙ 4 chambres ∙ 8 personnes,Wiler (Lötschen) - Valais
15/04/2024,04/05/2024,11/05/2024,814.17,HFJGW15,Appartement ∙ 2 chambres ∙ 5 personnes,Riederalp - Valais
15/04/2024,11/05/2024,18/05/2024,814.17,HFJGW15,Appartement ∙ 2 chambres ∙ 5 personnes,Riederalp - Valais
15/04/2024,18/05/2024,25/05/2024,814.17,HFJGW15,Appartement ∙ 2 chambres ∙ 5 personnes,Riederalp - Valais
15/04/2024,25/05/2024,01/06/2024,814.17,HFJGW15,Appartement ∙ 2 chambres ∙ 5 personnes,Riederalp - Valais
15/04/2024,01/06/2024,08/06/2024,814.17,HFJGW15,Appartement ∙ 2 chambres ∙ 5 personnes,Riederalp - Valais
15/04/2024,08/06/2024,15/06/2024,814.17,HFJGW15,Appartement ∙ 2 chambres ∙ 5 personnes,Riederalp - Valais
15/04/2024,15/06/2024,22/06/2024,814.17,HFJGW15,Appartement ∙ 2 chambres ∙ 5 personnes,Riederalp - Valais
15/04/2024,22/06/2024,29/06/2024,814.17,HFJGW15,Appartement ∙ 2 chambres ∙ 5 personnes,Riederalp - Valais
15/04/2024,29/06/2024,06/07/2024,1006.40,HFJGW15,Appartement ∙ 2 chambres ∙ 5 personnes,Riederalp - Valais
15/04/2024,27/07/2024,03/08/2024,1006.40,HFJGW15,Appartement ∙ 2 chambres ∙ 5 personnes,Riederalp - Valais
15/04/2024,17/08/2024,24/08/2024,1006.40,HFJGW15,Appartement ∙ 2 chambres ∙ 5 personnes,Riederalp - Valais
15/04/2024,24/08/2024,31/08/2024,1006.40,HFJGW15,Appartement ∙ 2 chambres ∙ 5 personnes,Riederalp - Valais
15/04/2024,31/08/2024,07/09/2024,840.89,HFJGW15,Appartement ∙ 2 chambres ∙ 5 personnes,Riederalp - Valais
15/04/2024,07/09/2024,14/09/2024,814.17,HFJGW15,Appartement ∙ 2 chambres ∙ 5 personnes,Riederalp - Valais
15/04/2024,14/09/2024,21/09/2024,814.17,HFJGW15,Appartement ∙ 2 chambres ∙ 5 personnes,Riederalp - Valais
15/04/2024,04/05/2024,11/05/2024,814.32,HFJGW15,Appartement ∙ 2 chambres ∙ 5 personnes,Riederalp - Valais
15/04/2024,11/05/2024,18/05/2024,814.32,HFJGW15,Appartement ∙ 2 chambres ∙ 5 personnes,Riederalp - Valais
15/04/2024,18/05/2024,25/05/2024,814.32,HFJGW15,Appartement ∙ 2 chambres ∙ 5 personnes,Riederalp - Valais
15/04/2024,25/05/2024,01/06/2024,814.32,HFJGW15,Appartement ∙ 2 chambres ∙ 5 personnes,Riederalp - Valais
15/04/2024,01/06/2024,08/06/2024,814.32,HFJGW15,Appartement ∙ 2 chambres ∙ 5 personnes,Riederalp - Valais
15/04/2024,08/06/2024,15/06/2024,814.32,HFJGW15,Appartement ∙ 2 chambres ∙ 5 personnes,Riederalp - Valais
15/04/2024,15/06/2024,22/06/2024,814.32,HFJGW15,Appartement ∙ 2 chambres ∙ 5 personnes,Riederalp - Valais
15/04/2024,22/06/2024,29/06/2024,814.32,HFJGW15,Appartement ∙ 2 chambres ∙ 5 personnes,Riederalp - Valais
15/04/2024,29/06/2024,06/07/2024,1006.59,HFJGW15,Appartement ∙ 2 chambres ∙ 5 personnes,Riederalp - Valais
15/04/2024,27/07/2024,03/08/2024,1006.59,HFJGW15,Appartement ∙ 2 chambres ∙ 5 personnes,Riederalp - Valais
15/04/2024,17/08/2024,24/08/2024,1006.59,HFJGW15,Appartement ∙ 2 chambres ∙ 5 personnes,Riederalp - Valais
15/04/2024,24/08/2024,31/08/2024,1006.59,HFJGW15,Appartement ∙ 2 chambres ∙ 5 personnes,Riederalp - Valais
15/04/2024,31/08/2024,07/09/2024,841.06,HFJGW15,Appartement ∙ 2 chambres ∙ 5 personnes,Riederalp - Valais
15/04/2024,07/09/2024,14/09/2024,814.32,HFJGW15,Appartement ∙ 2 chambres ∙ 5 personnes,Riederalp - Valais
15/04/2024,14/09/2024,21/09/2024,814.32,HFJGW15,Appartement ∙ 2 chambres ∙ 5 personnes,Riederalp - Valais
15/04/2024,19/10/2024,26/10/2024,814.32,HFJGW15,Appartement ∙ 2 chambres ∙ 5 personnes,Riederalp - Valais
15/04/2024,26/10/2024,02/11/2024,814.32,HFJGW15,Appartement ∙ 2 chambres ∙ 5 personnes,Riederalp - Valais
15/04/2024,01/06/2024,08/06/2024,455.99,H13W0ZB,65 m² Appartement ∙ 2 chambres ∙ 6 personnes,Saas Fee - Valais
15/04/2024,08/06/2024,15/06/2024,455.99,H13W0ZB,65 m² Appartement ∙ 2 chambres ∙ 6 personnes,Saas Fee - Valais
15/04/2024,15/06/2024,22/06/2024,455.99,H13W0ZB,65 m² Appartement ∙ 2 chambres ∙ 6 personnes,Saas Fee - Valais
15/04/2024,22/06/2024,29/06/2024,589.45,H13W0ZB,65 m² Appartement ∙ 2 chambres ∙ 6 personnes,Saas Fee - Valais
15/04/2024,29/06/2024,06/07/2024,589.45,H13W0ZB,65 m² Appartement ∙ 2 chambres ∙ 6 personnes,Saas Fee - Valais
15/04/2024,13/07/2024,20/07/2024,734.04,H13W0ZB,65 m² Appartement ∙ 2 chambres ∙ 6 personnes,Saas Fee - Valais
15/04/2024,27/07/2024,03/08/2024,734.04,H13W0ZB,65 m² Appartement ∙ 2 chambres ∙ 6 personnes,Saas Fee - Valais
15/04/2024,14/09/2024,21/09/2024,455.99,H13W0ZB,65 m² Appartement ∙ 2 chambres ∙ 6 personnes,Saas Fee - Valais
15/04/2024,28/09/2024,05/10/2024,455.99,H13W0ZB,65 m² Appartement ∙ 2 chambres ∙ 6 personnes,Saas Fee - Valais
15/04/2024,05/10/2024,12/10/2024,455.99,H13W0ZB,65 m² Appartement ∙ 2 chambres ∙ 6 personnes,Saas Fee - Valais
15/04/2024,12/10/2024,19/10/2024,455.99,H13W0ZB,65 m² Appartement ∙ 2 chambres ∙ 6 personnes,Saas Fee - Valais
15/04/2024,19/10/2024,26/10/2024,455.99,H13W0ZB,65 m² Appartement ∙ 2 chambres ∙ 6 personnes,Saas Fee - Valais
15/04/2024,21/09/2024,28/09/2024,1082.35,HHC6TXJ,52 m² Appartement ∙ 1 chambre ∙ 3 personnes,Saas Fee - Valais
15/04/2024,28/09/2024,05/10/2024,1082.35,HHC6TXJ,52 m² Appartement ∙ 1 chambre ∙ 3 personnes,Saas Fee - Valais
15/04/2024,05/10/2024,12/10/2024,1082.35,HHC6TXJ,52 m² Appartement ∙ 1 chambre ∙ 3 personnes,Saas Fee - Valais
15/04/2024,12/10/2024,19/10/2024,1082.35,HHC6TXJ,52 m² Appartement ∙ 1 chambre ∙ 3 personnes,Saas Fee - Valais
15/04/2024,19/10/2024,26/10/2024,1082.35,HHC6TXJ,52 m² Appartement ∙ 1 chambre ∙ 3 personnes,Saas Fee - Valais
15/04/2024,26/10/2024,02/11/2024,1082.35,HHC6TXJ,52 m² Appartement ∙ 1 chambre ∙ 3 personnes,Saas Fee - Valais
15/04/2024,04/05/2024,11/05/2024,1680.06,HPEG8RS,120 m² Maison de vacances ∙ 3 chambres ∙ 6 personnes,Finhaut - Valais
15/04/2024,11/05/2024,18/05/2024,1680.06,HPEG8RS,120 m² Maison de vacances ∙ 3 chambres ∙ 6 personnes,Finhaut - Valais
15/04/2024,18/05/2024,25/05/2024,1680.06,HPEG8RS,120 m² Maison de vacances ∙ 3 chambres ∙ 6 personnes,Finhaut - Valais
15/04/2024,25/05/2024,01/06/2024,1680.06,HPEG8RS,120 m² Maison de vacances ∙ 3 chambres ∙ 6 personnes,Finhaut - Valais
15/04/2024,01/06/2024,08/06/2024,1680.06,HPEG8RS,120 m² Maison de vacances ∙ 3 chambres ∙ 6 personnes,Finhaut - Valais
15/04/2024,08/06/2024,15/06/2024,1680.06,HPEG8RS,120 m² Maison de vacances ∙ 3 chambres ∙ 6 personnes,Finhaut - Valais
15/04/2024,15/06/2024,22/06/2024,1680.06,HPEG8RS,120 m² Maison de vacances ∙ 3 chambres ∙ 6 personnes,Finhaut - Valais
15/04/2024,22/06/2024,29/06/2024,1680.06,HPEG8RS,120 m² Maison de vacances ∙ 3 chambres ∙ 6 personnes,Finhaut - Valais
15/04/2024,29/06/2024,06/07/2024,1752.03,HPEG8RS,120 m² Maison de vacances ∙ 3 chambres ∙ 6 personnes,Finhaut - Valais
15/04/2024,06/07/2024,13/07/2024,1752.03,HPEG8RS,120 m² Maison de vacances ∙ 3 chambres ∙ 6 personnes,Finhaut - Valais
15/04/2024,13/07/2024,20/07/2024,1752.03,HPEG8RS,120 m² Maison de vacances ∙ 3 chambres ∙ 6 personnes,Finhaut - Valais
15/04/2024,20/07/2024,27/07/2024,1752.03,HPEG8RS,120 m² Maison de vacances ∙ 3 chambres ∙ 6 personnes,Finhaut - Valais
15/04/2024,17/08/2024,24/08/2024,1752.03,HPEG8RS,120 m² Maison de vacances ∙ 3 chambres ∙ 6 personnes,Finhaut - Valais
15/04/2024,24/08/2024,31/08/2024,1752.03,HPEG8RS,120 m² Maison de vacances ∙ 3 chambres ∙ 6 personnes,Finhaut - Valais
15/04/2024,31/08/2024,07/09/2024,1680.06,HPEG8RS,120 m² Maison de vacances ∙ 3 chambres ∙ 6 personnes,Finhaut - Valais
15/04/2024,07/09/2024,14/09/2024,1680.06,HPEG8RS,120 m² Maison de vacances ∙ 3 chambres ∙ 6 personnes,Finhaut - Valais
15/04/2024,14/09/2024,21/09/2024,1680.06,HPEG8RS,120 m² Maison de vacances ∙ 3 chambres ∙ 6 personnes,Finhaut - Valais
15/04/2024,21/09/2024,28/09/2024,1680.06,HPEG8RS,120 m² Maison de vacances ∙ 3 chambres ∙ 6 personnes,Finhaut - Valais
15/04/2024,28/09/2024,05/10/2024,1680.06,HPEG8RS,120 m² Maison de vacances ∙ 3 chambres ∙ 6 personnes,Finhaut - Valais
15/04/2024,05/10/2024,12/10/2024,1680.06,HPEG8RS,120 m² Maison de vacances ∙ 3 chambres ∙ 6 personnes,Finhaut - Valais
15/04/2024,12/10/2024,19/10/2024,1680.06,HPEG8RS,120 m² Maison de vacances ∙ 3 chambres ∙ 6 personnes,Finhaut - Valais
15/04/2024,19/10/2024,26/10/2024,1680.06,HPEG8RS,120 m² Maison de vacances ∙ 3 chambres ∙ 6 personnes,Finhaut - Valais
15/04/2024,26/10/2024,02/11/2024,1680.06,HPEG8RS,120 m² Maison de vacances ∙ 3 chambres ∙ 6 personnes,Finhaut - Valais
15/04/2024,27/04/2024,04/05/2024,504.84,HXVAR9U,30 m² Appartement ∙ 1 chambre ∙ 2 personnes,Täsch - Valais
15/04/2024,15/06/2024,22/06/2024,504.84,HXVAR9U,30 m² Appartement ∙ 1 chambre ∙ 2 personnes,Täsch - Valais
15/04/2024,21/09/2024,28/09/2024,504.81,HXVAR9U,30 m² Appartement ∙ 1 chambre ∙ 2 personnes,Täsch - Valais
15/04/2024,28/09/2024,05/10/2024,504.81,HXVAR9U,30 m² Appartement ∙ 1 chambre ∙ 2 personnes,Täsch - Valais
15/04/2024,19/10/2024,26/10/2024,504.81,HXVAR9U,30 m² Appartement ∙ 1 chambre ∙ 2 personnes,Täsch - Valais
15/04/2024,26/10/2024,02/11/2024,504.81,HXVAR9U,30 m² Appartement ∙ 1 chambre ∙ 2 personnes,Täsch - Valais
15/04/2024,25/05/2024,01/06/2024,472.94,HJ4M9RP,47 m² Appartement ∙ 2 chambres ∙ 4 personnes,Saint-Nicolas - Valais
15/04/2024,01/06/2024,08/06/2024,472.98,HJ4M9RP,47 m² Appartement ∙ 2 chambres ∙ 4 personnes,Saint-Nicolas - Valais
15/04/2024,08/06/2024,15/06/2024,473.49,HJ4M9RP,47 m² Appartement ∙ 2 chambres ∙ 4 personnes,Saint-Nicolas - Valais
15/04/2024,29/06/2024,06/07/2024,473.49,HJ4M9RP,47 m² Appartement ∙ 2 chambres ∙ 4 personnes,Saint-Nicolas - Valais
15/04/2024,24/08/2024,31/08/2024,473.49,HJ4M9RP,47 m² Appartement ∙ 2 chambres ∙ 4 personnes,Saint-Nicolas - Valais
15/04/2024,14/09/2024,21/09/2024,443.64,HJ4M9RP,47 m² Appartement ∙ 2 chambres ∙ 4 personnes,Saint-Nicolas - Valais
15/04/2024,21/09/2024,28/09/2024,443.64,HJ4M9RP,47 m² Appartement ∙ 2 chambres ∙ 4 personnes,Saint-Nicolas - Valais
15/04/2024,28/09/2024,05/10/2024,443.64,HJ4M9RP,47 m² Appartement ∙ 2 chambres ∙ 4 personnes,Saint-Nicolas - Valais
15/04/2024,05/10/2024,12/10/2024,443.64,HJ4M9RP,47 m² Appartement ∙ 2 chambres ∙ 4 personnes,Saint-Nicolas - Valais
15/04/2024,12/10/2024,19/10/2024,443.64,HJ4M9RP,47 m² Appartement ∙ 2 chambres ∙ 4 personnes,Saint-Nicolas - Valais
15/04/2024,19/10/2024,26/10/2024,443.64,HJ4M9RP,47 m² Appartement ∙ 2 chambres ∙ 4 personnes,Saint-Nicolas - Valais
15/04/2024,26/10/2024,02/11/2024,443.64,HJ4M9RP,47 m² Appartement ∙ 2 chambres ∙ 4 personnes,Saint-Nicolas - Valais
15/04/2024,20/04/2024,27/04/2024,636.12,HDR9SF8,45 m² Appartement ∙ 1 chambre ∙ 2 personnes,Crans-Montana - Valais
15/04/2024,27/04/2024,04/05/2024,636.12,HDR9SF8,45 m² Appartement ∙ 1 chambre ∙ 2 personnes,Crans-Montana - Valais
15/04/2024,04/05/2024,11/05/2024,636.12,HDR9SF8,45 m² Appartement ∙ 1 chambre ∙ 2 personnes,Crans-Montana - Valais
15/04/2024,11/05/2024,18/05/2024,636.12,HDR9SF8,45 m² Appartement ∙ 1 chambre ∙ 2 personnes,Crans-Montana - Valais
15/04/2024,18/05/2024,25/05/2024,636.12,HDR9SF8,45 m² Appartement ∙ 1 chambre ∙ 2 personnes,Crans-Montana - Valais
15/04/2024,25/05/2024,01/06/2024,636.12,HDR9SF8,45 m² Appartement ∙ 1 chambre ∙ 2 personnes,Crans-Montana - Valais
15/04/2024,01/06/2024,08/06/2024,636.12,HDR9SF8,45 m² Appartement ∙ 1 chambre ∙ 2 personnes,Crans-Montana - Valais
15/04/2024,08/06/2024,15/06/2024,636.12,HDR9SF8,45 m² Appartement ∙ 1 chambre ∙ 2 personnes,Crans-Montana - Valais
15/04/2024,15/06/2024,22/06/2024,636.12,HDR9SF8,45 m² Appartement ∙ 1 chambre ∙ 2 personnes,Crans-Montana - Valais
15/04/2024,22/06/2024,29/06/2024,688.62,HDR9SF8,45 m² Appartement ∙ 1 chambre ∙ 2 personnes,Crans-Montana - Valais
15/04/2024,29/06/2024,06/07/2024,688.62,HDR9SF8,45 m² Appartement ∙ 1 chambre ∙ 2 personnes,Crans-Montana - Valais
15/04/2024,06/07/2024,13/07/2024,688.62,HDR9SF8,45 m² Appartement ∙ 1 chambre ∙ 2 personnes,Crans-Montana - Valais
15/04/2024,13/07/2024,20/07/2024,688.62,HDR9SF8,45 m² Appartement ∙ 1 chambre ∙ 2 personnes,Crans-Montana - Valais
15/04/2024,20/07/2024,27/07/2024,688.62,HDR9SF8,45 m² Appartement ∙ 1 chambre ∙ 2 personnes,Crans-Montana - Valais
15/04/2024,27/07/2024,03/08/2024,688.62,HDR9SF8,45 m² Appartement ∙ 1 chambre ∙ 2 personnes,Crans-Montana - Valais
15/04/2024,03/08/2024,10/08/2024,688.62,HDR9SF8,45 m² Appartement ∙ 1 chambre ∙ 2 personnes,Crans-Montana - Valais
15/04/2024,10/08/2024,17/08/2024,688.62,HDR9SF8,45 m² Appartement ∙ 1 chambre ∙ 2 personnes,Crans-Montana - Valais
15/04/2024,17/08/2024,24/08/2024,688.62,HDR9SF8,45 m² Appartement ∙ 1 chambre ∙ 2 personnes,Crans-Montana - Valais
15/04/2024,24/08/2024,31/08/2024,688.62,HDR9SF8,45 m² Appartement ∙ 1 chambre ∙ 2 personnes,Crans-Montana - Valais
15/04/2024,31/08/2024,07/09/2024,688.62,HDR9SF8,45 m² Appartement ∙ 1 chambre ∙ 2 personnes,Crans-Montana - Valais
15/04/2024,07/09/2024,14/09/2024,688.62,HDR9SF8,45 m² Appartement ∙ 1 chambre ∙ 2 personnes,Crans-Montana - Valais
15/04/2024,14/09/2024,21/09/2024,688.62,HDR9SF8,45 m² Appartement ∙ 1 chambre ∙ 2 personnes,Crans-Montana - Valais
15/04/2024,21/09/2024,28/09/2024,688.62,HDR9SF8,45 m² Appartement ∙ 1 chambre ∙ 2 personnes,Crans-Montana - Valais
15/04/2024,28/09/2024,05/10/2024,688.62,HDR9SF8,45 m² Appartement ∙ 1 chambre ∙ 2 personnes,Crans-Montana - Valais
15/04/2024,05/10/2024,12/10/2024,688.62,HDR9SF8,45 m² Appartement ∙ 1 chambre ∙ 2 personnes,Crans-Montana - Valais
15/04/2024,12/10/2024,19/10/2024,688.62,HDR9SF8,45 m² Appartement ∙ 1 chambre ∙ 2 personnes,Crans-Montana - Valais
15/04/2024,19/10/2024,26/10/2024,688.62,HDR9SF8,45 m² Appartement ∙ 1 chambre ∙ 2 personnes,Crans-Montana - Valais
15/04/2024,26/10/2024,02/11/2024,688.62,HDR9SF8,45 m² Appartement ∙ 1 chambre ∙ 2 personnes,Crans-Montana - Valais
15/04/2024,29/06/2024,06/07/2024,1876.46,H9SVRJN,102 m² Appartement ∙ 3 chambres ∙ 6 personnes,Saas Fee - Valais
15/04/2024,06/07/2024,13/07/2024,1968.06,H9SVRJN,102 m² Appartement ∙ 3 chambres ∙ 6 personnes,Saas Fee - Valais
15/04/2024,13/07/2024,20/07/2024,1747.79,H9SVRJN,102 m² Appartement ∙ 3 chambres ∙ 6 personnes,Saas Fee - Valais
15/04/2024,07/09/2024,14/09/2024,1824.88,H9SVRJN,102 m² Appartement ∙ 3 chambres ∙ 6 personnes,Saas Fee - Valais
15/04/2024,14/09/2024,21/09/2024,1824.88,H9SVRJN,102 m² Appartement ∙ 3 chambres ∙ 6 personnes,Saas Fee - Valais
15/04/2024,21/09/2024,28/09/2024,1824.88,H9SVRJN,102 m² Appartement ∙ 3 chambres ∙ 6 personnes,Saas Fee - Valais
15/04/2024,28/09/2024,05/10/2024,1824.88,H9SVRJN,102 m² Appartement ∙ 3 chambres ∙ 6 personnes,Saas Fee - Valais
15/04/2024,05/10/2024,12/10/2024,1824.88,H9SVRJN,102 m² Appartement ∙ 3 chambres ∙ 6 personnes,Saas Fee - Valais
15/04/2024,12/10/2024,19/10/2024,1824.88,H9SVRJN,102 m² Appartement ∙ 3 chambres ∙ 6 personnes,Saas Fee - Valais
15/04/2024,19/10/2024,26/10/2024,1824.88,H9SVRJN,102 m² Appartement ∙ 3 chambres ∙ 6 personnes,Saas Fee - Valais
15/04/2024,08/06/2024,15/06/2024,925.15,HXKLTCD,70 m² Appartement ∙ 4 chambres ∙ 6 personnes,Saas Fee - Valais
15/04/2024,15/06/2024,22/06/2024,925.15,HXKLTCD,70 m² Appartement ∙ 4 chambres ∙ 6 personnes,Saas Fee - Valais
15/04/2024,22/06/2024,29/06/2024,925.15,HXKLTCD,70 m² Appartement ∙ 4 chambres ∙ 6 personnes,Saas Fee - Valais
15/04/2024,29/06/2024,06/07/2024,925.15,HXKLTCD,70 m² Appartement ∙ 4 chambres ∙ 6 personnes,Saas Fee - Valais
15/04/2024,06/07/2024,13/07/2024,1156.44,HXKLTCD,70 m² Appartement ∙ 4 chambres ∙ 6 personnes,Saas Fee - Valais
15/04/2024,13/07/2024,20/07/2024,1156.44,HXKLTCD,70 m² Appartement ∙ 4 chambres ∙ 6 personnes,Saas Fee - Valais
15/04/2024,03/08/2024,10/08/2024,1156.44,HXKLTCD,70 m² Appartement ∙ 4 chambres ∙ 6 personnes,Saas Fee - Valais
15/04/2024,10/08/2024,17/08/2024,1156.44,HXKLTCD,70 m² Appartement ∙ 4 chambres ∙ 6 personnes,Saas Fee - Valais
15/04/2024,17/08/2024,24/08/2024,1156.44,HXKLTCD,70 m² Appartement ∙ 4 chambres ∙ 6 personnes,Saas Fee - Valais
15/04/2024,24/08/2024,31/08/2024,1156.44,HXKLTCD,70 m² Appartement ∙ 4 chambres ∙ 6 personnes,Saas Fee - Valais
15/04/2024,31/08/2024,07/09/2024,1002.25,HXKLTCD,70 m² Appartement ∙ 4 chambres ∙ 6 personnes,Saas Fee - Valais
15/04/2024,07/09/2024,14/09/2024,1002.25,HXKLTCD,70 m² Appartement ∙ 4 chambres ∙ 6 personnes,Saas Fee - Valais
15/04/2024,14/09/2024,21/09/2024,1002.25,HXKLTCD,70 m² Appartement ∙ 4 chambres ∙ 6 personnes,Saas Fee - Valais
15/04/2024,21/09/2024,28/09/2024,1002.25,HXKLTCD,70 m² Appartement ∙ 4 chambres ∙ 6 personnes,Saas Fee - Valais
15/04/2024,28/09/2024,05/10/2024,1002.25,HXKLTCD,70 m² Appartement ∙ 4 chambres ∙ 6 personnes,Saas Fee - Valais
15/04/2024,05/10/2024,12/10/2024,1002.25,HXKLTCD,70 m² Appartement ∙ 4 chambres ∙ 6 personnes,Saas Fee - Valais
15/04/2024,12/10/2024,19/10/2024,1002.25,HXKLTCD,70 m² Appartement ∙ 4 chambres ∙ 6 personnes,Saas Fee - Valais
15/04/2024,19/10/2024,26/10/2024,1002.25,HXKLTCD,70 m² Appartement ∙ 4 chambres ∙ 6 personnes,Saas Fee - Valais
15/04/2024,26/10/2024,02/11/2024,1002.25,HXKLTCD,70 m² Appartement ∙ 4 chambres ∙ 6 personnes,Saas Fee - Valais
15/04/2024,20/04/2024,27/04/2024,1390.09,HH0L6JU,100 m² Appartement ∙ 3 chambres ∙ 8 personnes,Saas-Almagell - Valais
15/04/2024,27/04/2024,04/05/2024,1390.09,HH0L6JU,100 m² Appartement ∙ 3 chambres ∙ 8 personnes,Saas-Almagell - Valais
15/04/2024,04/05/2024,11/05/2024,1390.09,HH0L6JU,100 m² Appartement ∙ 3 chambres ∙ 8 personnes,Saas-Almagell - Valais
15/04/2024,11/05/2024,18/05/2024,1390.09,HH0L6JU,100 m² Appartement ∙ 3 chambres ∙ 8 personnes,Saas-Almagell - Valais
15/04/2024,18/05/2024,25/05/2024,1390.09,HH0L6JU,100 m² Appartement ∙ 3 chambres ∙ 8 personnes,Saas-Almagell - Valais
15/04/2024,25/05/2024,01/06/2024,1390.09,HH0L6JU,100 m² Appartement ∙ 3 chambres ∙ 8 personnes,Saas-Almagell - Valais
15/04/2024,01/06/2024,08/06/2024,1467.19,HH0L6JU,100 m² Appartement ∙ 3 chambres ∙ 8 personnes,Saas-Almagell - Valais
15/04/2024,08/06/2024,15/06/2024,1467.19,HH0L6JU,100 m² Appartement ∙ 3 chambres ∙ 8 personnes,Saas-Almagell - Valais
15/04/2024,15/06/2024,22/06/2024,1467.19,HH0L6JU,100 m² Appartement ∙ 3 chambres ∙ 8 personnes,Saas-Almagell - Valais
15/04/2024,22/06/2024,29/06/2024,1467.19,HH0L6JU,100 m² Appartement ∙ 3 chambres ∙ 8 personnes,Saas-Almagell - Valais
15/04/2024,29/06/2024,06/07/2024,1467.19,HH0L6JU,100 m² Appartement ∙ 3 chambres ∙ 8 personnes,Saas-Almagell - Valais
15/04/2024,06/07/2024,13/07/2024,1467.19,HH0L6JU,100 m² Appartement ∙ 3 chambres ∙ 8 personnes,Saas-Almagell - Valais
15/04/2024,13/07/2024,20/07/2024,1467.19,HH0L6JU,100 m² Appartement ∙ 3 chambres ∙ 8 personnes,Saas-Almagell - Valais
15/04/2024,20/07/2024,27/07/2024,1467.19,HH0L6JU,100 m² Appartement ∙ 3 chambres ∙ 8 personnes,Saas-Almagell - Valais
15/04/2024,27/07/2024,03/08/2024,1467.19,HH0L6JU,100 m² Appartement ∙ 3 chambres ∙ 8 personnes,Saas-Almagell - Valais
15/04/2024,03/08/2024,10/08/2024,1467.19,HH0L6JU,100 m² Appartement ∙ 3 chambres ∙ 8 personnes,Saas-Almagell - Valais
15/04/2024,10/08/2024,17/08/2024,1467.19,HH0L6JU,100 m² Appartement ∙ 3 chambres ∙ 8 personnes,Saas-Almagell - Valais
15/04/2024,17/08/2024,24/08/2024,1467.19,HH0L6JU,100 m² Appartement ∙ 3 chambres ∙ 8 personnes,Saas-Almagell - Valais
15/04/2024,24/08/2024,31/08/2024,1467.19,HH0L6JU,100 m² Appartement ∙ 3 chambres ∙ 8 personnes,Saas-Almagell - Valais
15/04/2024,31/08/2024,07/09/2024,1467.19,HH0L6JU,100 m² Appartement ∙ 3 chambres ∙ 8 personnes,Saas-Almagell - Valais
15/04/2024,07/09/2024,14/09/2024,1467.19,HH0L6JU,100 m² Appartement ∙ 3 chambres ∙ 8 personnes,Saas-Almagell - Valais
15/04/2024,14/09/2024,21/09/2024,1467.19,HH0L6JU,100 m² Appartement ∙ 3 chambres ∙ 8 personnes,Saas-Almagell - Valais
15/04/2024,21/09/2024,28/09/2024,1467.19,HH0L6JU,100 m² Appartement ∙ 3 chambres ∙ 8 personnes,Saas-Almagell - Valais
15/04/2024,28/09/2024,05/10/2024,1467.19,HH0L6JU,100 m² Appartement ∙ 3 chambres ∙ 8 personnes,Saas-Almagell - Valais
15/04/2024,05/10/2024,12/10/2024,1467.19,HH0L6JU,100 m² Appartement ∙ 3 chambres ∙ 8 personnes,Saas-Almagell - Valais
15/04/2024,12/10/2024,19/10/2024,1467.19,HH0L6JU,100 m² Appartement ∙ 3 chambres ∙ 8 personnes,Saas-Almagell - Valais
15/04/2024,19/10/2024,26/10/2024,1401.11,HH0L6JU,100 m² Appartement ∙ 3 chambres ∙ 8 personnes,Saas-Almagell - Valais
15/04/2024,26/10/2024,02/11/2024,1390.09,HH0L6JU,100 m² Appartement ∙ 3 chambres ∙ 8 personnes,Saas-Almagell - Valais
15/04/2024,20/04/2024,27/04/2024,2124.36,HRD3VSH,109 m² Appartement ∙ 3 chambres ∙ 6 personnes,Saas Fee - Valais
15/04/2024,27/04/2024,04/05/2024,1978.98,HRD3VSH,109 m² Appartement ∙ 3 chambres ∙ 6 personnes,Saas Fee - Valais
15/04/2024,04/05/2024,11/05/2024,1978.98,HRD3VSH,109 m² Appartement ∙ 3 chambres ∙ 6 personnes,Saas Fee - Valais
15/04/2024,11/05/2024,18/05/2024,1978.98,HRD3VSH,109 m² Appartement ∙ 3 chambres ∙ 6 personnes,Saas Fee - Valais
15/04/2024,18/05/2024,25/05/2024,1978.98,HRD3VSH,109 m² Appartement ∙ 3 chambres ∙ 6 personnes,Saas Fee - Valais
15/04/2024,25/05/2024,01/06/2024,1978.98,HRD3VSH,109 m² Appartement ∙ 3 chambres ∙ 6 personnes,Saas Fee - Valais
15/04/2024,01/06/2024,08/06/2024,1978.98,HRD3VSH,109 m² Appartement ∙ 3 chambres ∙ 6 personnes,Saas Fee - Valais
15/04/2024,08/06/2024,15/06/2024,1978.98,HRD3VSH,109 m² Appartement ∙ 3 chambres ∙ 6 personnes,Saas Fee - Valais
15/04/2024,15/06/2024,22/06/2024,1978.98,HRD3VSH,109 m² Appartement ∙ 3 chambres ∙ 6 personnes,Saas Fee - Valais
15/04/2024,22/06/2024,29/06/2024,1978.98,HRD3VSH,109 m² Appartement ∙ 3 chambres ∙ 6 personnes,Saas Fee - Valais
15/04/2024,29/06/2024,06/07/2024,1978.98,HRD3VSH,109 m² Appartement ∙ 3 chambres ∙ 6 personnes,Saas Fee - Valais
15/04/2024,13/07/2024,20/07/2024,2472.42,HRD3VSH,109 m² Appartement ∙ 3 chambres ∙ 6 personnes,Saas Fee - Valais
15/04/2024,27/07/2024,03/08/2024,2472.42,HRD3VSH,109 m² Appartement ∙ 3 chambres ∙ 6 personnes,Saas Fee - Valais
15/04/2024,17/08/2024,24/08/2024,2472.42,HRD3VSH,109 m² Appartement ∙ 3 chambres ∙ 6 personnes,Saas Fee - Valais
15/04/2024,24/08/2024,31/08/2024,2472.42,HRD3VSH,109 m² Appartement ∙ 3 chambres ∙ 6 personnes,Saas Fee - Valais
15/04/2024,31/08/2024,07/09/2024,2045.06,HRD3VSH,109 m² Appartement ∙ 3 chambres ∙ 6 personnes,Saas Fee - Valais
15/04/2024,07/09/2024,14/09/2024,1978.98,HRD3VSH,109 m² Appartement ∙ 3 chambres ∙ 6 personnes,Saas Fee - Valais
15/04/2024,14/09/2024,21/09/2024,1978.98,HRD3VSH,109 m² Appartement ∙ 3 chambres ∙ 6 personnes,Saas Fee - Valais
15/04/2024,21/09/2024,28/09/2024,1978.98,HRD3VSH,109 m² Appartement ∙ 3 chambres ∙ 6 personnes,Saas Fee - Valais
15/04/2024,28/09/2024,05/10/2024,1978.98,HRD3VSH,109 m² Appartement ∙ 3 chambres ∙ 6 personnes,Saas Fee - Valais
15/04/2024,05/10/2024,12/10/2024,1978.98,HRD3VSH,109 m² Appartement ∙ 3 chambres ∙ 6 personnes,Saas Fee - Valais
15/04/2024,12/10/2024,19/10/2024,1978.98,HRD3VSH,109 m² Appartement ∙ 3 chambres ∙ 6 personnes,Saas Fee - Valais
15/04/2024,19/10/2024,26/10/2024,1978.98,HRD3VSH,109 m² Appartement ∙ 3 chambres ∙ 6 personnes,Saas Fee - Valais
15/04/2024,26/10/2024,02/11/2024,1978.98,HRD3VSH,109 m² Appartement ∙ 3 chambres ∙ 6 personnes,Saas Fee - Valais
15/04/2024,27/04/2024,04/05/2024,1114.34,HUYECRS,85 m² Appartement ∙ 2 chambres ∙ 6 personnes,Saas Fee - Valais
15/04/2024,04/05/2024,11/05/2024,1063.09,HUYECRS,85 m² Appartement ∙ 2 chambres ∙ 6 personnes,Saas Fee - Valais
15/04/2024,11/05/2024,18/05/2024,1063.09,HUYECRS,85 m² Appartement ∙ 2 chambres ∙ 6 personnes,Saas Fee - Valais
15/04/2024,18/05/2024,25/05/2024,1063.09,HUYECRS,85 m² Appartement ∙ 2 chambres ∙ 6 personnes,Saas Fee - Valais
15/04/2024,25/05/2024,01/06/2024,1063.09,HUYECRS,85 m² Appartement ∙ 2 chambres ∙ 6 personnes,Saas Fee - Valais
15/04/2024,07/09/2024,14/09/2024,1147.38,HUYECRS,85 m² Appartement ∙ 2 chambres ∙ 6 personnes,Saas Fee - Valais
15/04/2024,05/10/2024,12/10/2024,1147.38,HUYECRS,85 m² Appartement ∙ 2 chambres ∙ 6 personnes,Saas Fee - Valais
15/04/2024,12/10/2024,19/10/2024,1147.38,HUYECRS,85 m² Appartement ∙ 2 chambres ∙ 6 personnes,Saas Fee - Valais
15/04/2024,19/10/2024,26/10/2024,1147.38,HUYECRS,85 m² Appartement ∙ 2 chambres ∙ 6 personnes,Saas Fee - Valais
15/04/2024,26/10/2024,02/11/2024,1147.38,HUYECRS,85 m² Appartement ∙ 2 chambres ∙ 6 personnes,Saas Fee - Valais
15/04/2024,27/04/2024,04/05/2024,1088.89,H4YMVXK,100 m² Maison de vacances ∙ 2 chambres ∙ 6 personnes,Chalais - Valais
15/04/2024,18/05/2024,25/05/2024,1088.89,H4YMVXK,100 m² Maison de vacances ∙ 2 chambres ∙ 6 personnes,Chalais - Valais
15/04/2024,08/06/2024,15/06/2024,1088.89,H4YMVXK,100 m² Maison de vacances ∙ 2 chambres ∙ 6 personnes,Chalais - Valais
15/04/2024,15/06/2024,22/06/2024,1088.89,H4YMVXK,100 m² Maison de vacances ∙ 2 chambres ∙ 6 personnes,Chalais - Valais
15/04/2024,13/07/2024,20/07/2024,1837.86,H4YMVXK,100 m² Maison de vacances ∙ 2 chambres ∙ 6 personnes,Chalais - Valais
15/04/2024,20/07/2024,27/07/2024,2030.80,H4YMVXK,100 m² Maison de vacances ∙ 2 chambres ∙ 6 personnes,Chalais - Valais
15/04/2024,27/07/2024,03/08/2024,2038.05,H4YMVXK,100 m² Maison de vacances ∙ 2 chambres ∙ 6 personnes,Chalais - Valais
15/04/2024,17/08/2024,24/08/2024,1826.97,H4YMVXK,100 m² Maison de vacances ∙ 2 chambres ∙ 6 personnes,Chalais - Valais
15/04/2024,24/08/2024,31/08/2024,1529.45,H4YMVXK,100 m² Maison de vacances ∙ 2 chambres ∙ 6 personnes,Chalais - Valais
15/04/2024,31/08/2024,07/09/2024,1415.76,H4YMVXK,100 m² Maison de vacances ∙ 2 chambres ∙ 6 personnes,Chalais - Valais
15/04/2024,21/09/2024,28/09/2024,1027.23,H4YMVXK,100 m² Maison de vacances ∙ 2 chambres ∙ 6 personnes,Chalais - Valais
15/04/2024,28/09/2024,05/10/2024,1011.69,H4YMVXK,100 m² Maison de vacances ∙ 2 chambres ∙ 6 personnes,Chalais - Valais
15/04/2024,05/10/2024,12/10/2024,1011.69,H4YMVXK,100 m² Maison de vacances ∙ 2 chambres ∙ 6 personnes,Chalais - Valais
15/04/2024,12/10/2024,19/10/2024,1032.07,H4YMVXK,100 m² Maison de vacances ∙ 2 chambres ∙ 6 personnes,Chalais - Valais
15/04/2024,19/10/2024,26/10/2024,1127.44,H4YMVXK,100 m² Maison de vacances ∙ 2 chambres ∙ 6 personnes,Chalais - Valais
15/04/2024,26/10/2024,02/11/2024,1149.21,H4YMVXK,100 m² Maison de vacances ∙ 2 chambres ∙ 6 personnes,Chalais - Valais
15/04/2024,20/04/2024,27/04/2024,2345.82,HS0C51E,85 m² Appartement ∙ 2 chambres ∙ 4 personnes,Zermatt - Valais
15/04/2024,27/04/2024,04/05/2024,1625.30,HS0C51E,85 m² Appartement ∙ 2 chambres ∙ 4 personnes,Zermatt - Valais
15/04/2024,04/05/2024,11/05/2024,1625.30,HS0C51E,85 m² Appartement ∙ 2 chambres ∙ 4 personnes,Zermatt - Valais
15/04/2024,11/05/2024,18/05/2024,1625.30,HS0C51E,85 m² Appartement ∙ 2 chambres ∙ 4 personnes,Zermatt - Valais
15/04/2024,18/05/2024,25/05/2024,1625.30,HS0C51E,85 m² Appartement ∙ 2 chambres ∙ 4 personnes,Zermatt - Valais
15/04/2024,25/05/2024,01/06/2024,1625.30,HS0C51E,85 m² Appartement ∙ 2 chambres ∙ 4 personnes,Zermatt - Valais
15/04/2024,01/06/2024,08/06/2024,1625.30,HS0C51E,85 m² Appartement ∙ 2 chambres ∙ 4 personnes,Zermatt - Valais
15/04/2024,08/06/2024,15/06/2024,1625.30,HS0C51E,85 m² Appartement ∙ 2 chambres ∙ 4 personnes,Zermatt - Valais
15/04/2024,15/06/2024,22/06/2024,1625.30,HS0C51E,85 m² Appartement ∙ 2 chambres ∙ 4 personnes,Zermatt - Valais
15/04/2024,22/06/2024,29/06/2024,1625.30,HS0C51E,85 m² Appartement ∙ 2 chambres ∙ 4 personnes,Zermatt - Valais
15/04/2024,29/06/2024,06/07/2024,1625.30,HS0C51E,85 m² Appartement ∙ 2 chambres ∙ 4 personnes,Zermatt - Valais
15/04/2024,06/07/2024,13/07/2024,1625.30,HS0C51E,85 m² Appartement ∙ 2 chambres ∙ 4 personnes,Zermatt - Valais
15/04/2024,13/07/2024,20/07/2024,1625.30,HS0C51E,85 m² Appartement ∙ 2 chambres ∙ 4 personnes,Zermatt - Valais
15/04/2024,17/08/2024,24/08/2024,1753.97,HS0C51E,85 m² Appartement ∙ 2 chambres ∙ 4 personnes,Zermatt - Valais
15/04/2024,24/08/2024,31/08/2024,1753.97,HS0C51E,85 m² Appartement ∙ 2 chambres ∙ 4 personnes,Zermatt - Valais
15/04/2024,31/08/2024,07/09/2024,1753.97,HS0C51E,85 m² Appartement ∙ 2 chambres ∙ 4 personnes,Zermatt - Valais
15/04/2024,07/09/2024,14/09/2024,1753.97,HS0C51E,85 m² Appartement ∙ 2 chambres ∙ 4 personnes,Zermatt - Valais
15/04/2024,14/09/2024,21/09/2024,1753.97,HS0C51E,85 m² Appartement ∙ 2 chambres ∙ 4 personnes,Zermatt - Valais
15/04/2024,21/09/2024,28/09/2024,1753.97,HS0C51E,85 m² Appartement ∙ 2 chambres ∙ 4 personnes,Zermatt - Valais
15/04/2024,28/09/2024,05/10/2024,1753.97,HS0C51E,85 m² Appartement ∙ 2 chambres ∙ 4 personnes,Zermatt - Valais
15/04/2024,05/10/2024,12/10/2024,1753.97,HS0C51E,85 m² Appartement ∙ 2 chambres ∙ 4 personnes,Zermatt - Valais
15/04/2024,12/10/2024,19/10/2024,1753.97,HS0C51E,85 m² Appartement ∙ 2 chambres ∙ 4 personnes,Zermatt - Valais
15/04/2024,19/10/2024,26/10/2024,1753.97,HS0C51E,85 m² Appartement ∙ 2 chambres ∙ 4 personnes,Zermatt - Valais
15/04/2024,26/10/2024,02/11/2024,1753.97,HS0C51E,85 m² Appartement ∙ 2 chambres ∙ 4 personnes,Zermatt - Valais
15/04/2024,22/06/2024,29/06/2024,433.01,HY89VXF,18 m² Village vacances ∙ 1 chambre ∙ 2 personnes,Nendaz - Valais
15/04/2024,29/06/2024,06/07/2024,433.01,HY89VXF,18 m² Village vacances ∙ 1 chambre ∙ 2 personnes,Nendaz - Valais
15/04/2024,06/07/2024,13/07/2024,433.01,HY89VXF,18 m² Village vacances ∙ 1 chambre ∙ 2 personnes,Nendaz - Valais
15/04/2024,13/07/2024,20/07/2024,433.01,HY89VXF,18 m² Village vacances ∙ 1 chambre ∙ 2 personnes,Nendaz - Valais
15/04/2024,20/07/2024,27/07/2024,492.80,HY89VXF,18 m² Village vacances ∙ 1 chambre ∙ 2 personnes,Nendaz - Valais
15/04/2024,27/07/2024,03/08/2024,492.80,HY89VXF,18 m² Village vacances ∙ 1 chambre ∙ 2 personnes,Nendaz - Valais
15/04/2024,03/08/2024,10/08/2024,492.80,HY89VXF,18 m² Village vacances ∙ 1 chambre ∙ 2 personnes,Nendaz - Valais
15/04/2024,10/08/2024,17/08/2024,492.80,HY89VXF,18 m² Village vacances ∙ 1 chambre ∙ 2 personnes,Nendaz - Valais
15/04/2024,17/08/2024,24/08/2024,433.01,HY89VXF,18 m² Village vacances ∙ 1 chambre ∙ 2 personnes,Nendaz - Valais
15/04/2024,24/08/2024,31/08/2024,433.01,HY89VXF,18 m² Village vacances ∙ 1 chambre ∙ 2 personnes,Nendaz - Valais
15/04/2024,31/08/2024,07/09/2024,433.01,HY89VXF,18 m² Village vacances ∙ 1 chambre ∙ 2 personnes,Nendaz - Valais
15/04/2024,07/09/2024,14/09/2024,433.01,HY89VXF,18 m² Village vacances ∙ 1 chambre ∙ 2 personnes,Nendaz - Valais
15/04/2024,20/04/2024,27/04/2024,1184.59,HFX972D,70 m² Appartement ∙ 3 chambres ∙ 6 personnes,Bürchen - Valais
15/04/2024,27/04/2024,04/05/2024,1184.59,HFX972D,70 m² Appartement ∙ 3 chambres ∙ 6 personnes,Bürchen - Valais
15/04/2024,04/05/2024,11/05/2024,1184.59,HFX972D,70 m² Appartement ∙ 3 chambres ∙ 6 personnes,Bürchen - Valais
15/04/2024,11/05/2024,18/05/2024,1184.59,HFX972D,70 m² Appartement ∙ 3 chambres ∙ 6 personnes,Bürchen - Valais
15/04/2024,18/05/2024,25/05/2024,1184.59,HFX972D,70 m² Appartement ∙ 3 chambres ∙ 6 personnes,Bürchen - Valais
15/04/2024,25/05/2024,01/06/2024,1184.59,HFX972D,70 m² Appartement ∙ 3 chambres ∙ 6 personnes,Bürchen - Valais
15/04/2024,01/06/2024,08/06/2024,1184.59,HFX972D,70 m² Appartement ∙ 3 chambres ∙ 6 personnes,Bürchen - Valais
15/04/2024,08/06/2024,15/06/2024,1184.59,HFX972D,70 m² Appartement ∙ 3 chambres ∙ 6 personnes,Bürchen - Valais
15/04/2024,15/06/2024,22/06/2024,1184.59,HFX972D,70 m² Appartement ∙ 3 chambres ∙ 6 personnes,Bürchen - Valais
15/04/2024,22/06/2024,29/06/2024,1184.59,HFX972D,70 m² Appartement ∙ 3 chambres ∙ 6 personnes,Bürchen - Valais
15/04/2024,29/06/2024,06/07/2024,1184.59,HFX972D,70 m² Appartement ∙ 3 chambres ∙ 6 personnes,Bürchen - Valais
15/04/2024,06/07/2024,13/07/2024,1528.93,HFX972D,70 m² Appartement ∙ 3 chambres ∙ 6 personnes,Bürchen - Valais
15/04/2024,13/07/2024,20/07/2024,1528.93,HFX972D,70 m² Appartement ∙ 3 chambres ∙ 6 personnes,Bürchen - Valais
15/04/2024,20/07/2024,27/07/2024,1528.93,HFX972D,70 m² Appartement ∙ 3 chambres ∙ 6 personnes,Bürchen - Valais
15/04/2024,17/08/2024,24/08/2024,1528.93,HFX972D,70 m² Appartement ∙ 3 chambres ∙ 6 personnes,Bürchen - Valais
15/04/2024,07/09/2024,14/09/2024,1296.96,HFX972D,70 m² Appartement ∙ 3 chambres ∙ 6 personnes,Bürchen - Valais
15/04/2024,14/09/2024,21/09/2024,1296.96,HFX972D,70 m² Appartement ∙ 3 chambres ∙ 6 personnes,Bürchen - Valais
15/04/2024,21/09/2024,28/09/2024,1184.59,HFX972D,70 m² Appartement ∙ 3 chambres ∙ 6 personnes,Bürchen - Valais
15/04/2024,28/09/2024,05/10/2024,1184.59,HFX972D,70 m² Appartement ∙ 3 chambres ∙ 6 personnes,Bürchen - Valais
15/04/2024,05/10/2024,12/10/2024,1184.59,HFX972D,70 m² Appartement ∙ 3 chambres ∙ 6 personnes,Bürchen - Valais
15/04/2024,12/10/2024,19/10/2024,1184.59,HFX972D,70 m² Appartement ∙ 3 chambres ∙ 6 personnes,Bürchen - Valais
15/04/2024,19/10/2024,26/10/2024,1184.59,HFX972D,70 m² Appartement ∙ 3 chambres ∙ 6 personnes,Bürchen - Valais
15/04/2024,26/10/2024,02/11/2024,1184.59,HFX972D,70 m² Appartement ∙ 3 chambres ∙ 6 personnes,Bürchen - Valais
15/04/2024,20/04/2024,27/04/2024,899.01,HSRKLJM,91 m² Maison de vacances ∙ 2 chambres ∙ 4 personnes,Nendaz - Valais
15/04/2024,27/04/2024,04/05/2024,1149.53,HSRKLJM,91 m² Maison de vacances ∙ 2 chambres ∙ 4 personnes,Nendaz - Valais
15/04/2024,04/05/2024,11/05/2024,1149.53,HSRKLJM,91 m² Maison de vacances ∙ 2 chambres ∙ 4 personnes,Nendaz - Valais
15/04/2024,11/05/2024,18/05/2024,1149.53,HSRKLJM,91 m² Maison de vacances ∙ 2 chambres ∙ 4 personnes,Nendaz - Valais
15/04/2024,18/05/2024,25/05/2024,1149.53,HSRKLJM,91 m² Maison de vacances ∙ 2 chambres ∙ 4 personnes,Nendaz - Valais
15/04/2024,25/05/2024,01/06/2024,1149.53,HSRKLJM,91 m² Maison de vacances ∙ 2 chambres ∙ 4 personnes,Nendaz - Valais
15/04/2024,01/06/2024,08/06/2024,1149.53,HSRKLJM,91 m² Maison de vacances ∙ 2 chambres ∙ 4 personnes,Nendaz - Valais
15/04/2024,08/06/2024,15/06/2024,1149.53,HSRKLJM,91 m² Maison de vacances ∙ 2 chambres ∙ 4 personnes,Nendaz - Valais
15/04/2024,29/06/2024,06/07/2024,1476.35,HSRKLJM,91 m² Maison de vacances ∙ 2 chambres ∙ 4 personnes,Nendaz - Valais
15/04/2024,06/07/2024,13/07/2024,1476.35,HSRKLJM,91 m² Maison de vacances ∙ 2 chambres ∙ 4 personnes,Nendaz - Valais
15/04/2024,13/07/2024,20/07/2024,1600.07,HSRKLJM,91 m² Maison de vacances ∙ 2 chambres ∙ 4 personnes,Nendaz - Valais
15/04/2024,20/07/2024,27/07/2024,1600.07,HSRKLJM,91 m² Maison de vacances ∙ 2 chambres ∙ 4 personnes,Nendaz - Valais
15/04/2024,03/08/2024,10/08/2024,1600.07,HSRKLJM,91 m² Maison de vacances ∙ 2 chambres ∙ 4 personnes,Nendaz - Valais
15/04/2024,10/08/2024,17/08/2024,1404.18,HSRKLJM,91 m² Maison de vacances ∙ 2 chambres ∙ 4 personnes,Nendaz - Valais
15/04/2024,17/08/2024,24/08/2024,1404.18,HSRKLJM,91 m² Maison de vacances ∙ 2 chambres ∙ 4 personnes,Nendaz - Valais
15/04/2024,24/08/2024,31/08/2024,1149.53,HSRKLJM,91 m² Maison de vacances ∙ 2 chambres ∙ 4 personnes,Nendaz - Valais
15/04/2024,31/08/2024,07/09/2024,1149.53,HSRKLJM,91 m² Maison de vacances ∙ 2 chambres ∙ 4 personnes,Nendaz - Valais
15/04/2024,07/09/2024,14/09/2024,1149.53,HSRKLJM,91 m² Maison de vacances ∙ 2 chambres ∙ 4 personnes,Nendaz - Valais
15/04/2024,14/09/2024,21/09/2024,1149.53,HSRKLJM,91 m² Maison de vacances ∙ 2 chambres ∙ 4 personnes,Nendaz - Valais
15/04/2024,21/09/2024,28/09/2024,1149.53,HSRKLJM,91 m² Maison de vacances ∙ 2 chambres ∙ 4 personnes,Nendaz - Valais
15/04/2024,28/09/2024,05/10/2024,1149.53,HSRKLJM,91 m² Maison de vacances ∙ 2 chambres ∙ 4 personnes,Nendaz - Valais
15/04/2024,05/10/2024,12/10/2024,1149.53,HSRKLJM,91 m² Maison de vacances ∙ 2 chambres ∙ 4 personnes,Nendaz - Valais
15/04/2024,12/10/2024,19/10/2024,1149.53,HSRKLJM,91 m² Maison de vacances ∙ 2 chambres ∙ 4 personnes,Nendaz - Valais
15/04/2024,19/10/2024,26/10/2024,1149.53,HSRKLJM,91 m² Maison de vacances ∙ 2 chambres ∙ 4 personnes,Nendaz - Valais
15/04/2024,26/10/2024,02/11/2024,1149.53,HSRKLJM,91 m² Maison de vacances ∙ 2 chambres ∙ 4 personnes,Nendaz - Valais
15/04/2024,11/05/2024,18/05/2024,902.10,HWY7SLT,72 m² Appartement ∙ 2 chambres ∙ 4 personnes,Ried-Brig - Valais
15/04/2024,18/05/2024,25/05/2024,902.10,HWY7SLT,72 m² Appartement ∙ 2 chambres ∙ 4 personnes,Ried-Brig - Valais
15/04/2024,01/06/2024,08/06/2024,902.10,HWY7SLT,72 m² Appartement ∙ 2 chambres ∙ 4 personnes,Ried-Brig - Valais
15/04/2024,08/06/2024,15/06/2024,902.10,HWY7SLT,72 m² Appartement ∙ 2 chambres ∙ 4 personnes,Ried-Brig - Valais
15/04/2024,15/06/2024,22/06/2024,902.10,HWY7SLT,72 m² Appartement ∙ 2 chambres ∙ 4 personnes,Ried-Brig - Valais
15/04/2024,29/06/2024,06/07/2024,902.10,HWY7SLT,72 m² Appartement ∙ 2 chambres ∙ 4 personnes,Ried-Brig - Valais
15/04/2024,24/08/2024,31/08/2024,902.10,HWY7SLT,72 m² Appartement ∙ 2 chambres ∙ 4 personnes,Ried-Brig - Valais
15/04/2024,31/08/2024,07/09/2024,902.10,HWY7SLT,72 m² Appartement ∙ 2 chambres ∙ 4 personnes,Ried-Brig - Valais
15/04/2024,21/09/2024,28/09/2024,902.10,HWY7SLT,72 m² Appartement ∙ 2 chambres ∙ 4 personnes,Ried-Brig - Valais
15/04/2024,28/09/2024,05/10/2024,902.10,HWY7SLT,72 m² Appartement ∙ 2 chambres ∙ 4 personnes,Ried-Brig - Valais
15/04/2024,05/10/2024,12/10/2024,902.10,HWY7SLT,72 m² Appartement ∙ 2 chambres ∙ 4 personnes,Ried-Brig - Valais
15/04/2024,12/10/2024,19/10/2024,902.10,HWY7SLT,72 m² Appartement ∙ 2 chambres ∙ 4 personnes,Ried-Brig - Valais
15/04/2024,19/10/2024,26/10/2024,902.10,HWY7SLT,72 m² Appartement ∙ 2 chambres ∙ 4 personnes,Ried-Brig - Valais
15/04/2024,26/10/2024,02/11/2024,902.10,HWY7SLT,72 m² Appartement ∙ 2 chambres ∙ 4 personnes,Ried-Brig - Valais
15/04/2024,20/04/2024,27/04/2024,545.59,HADSR75,36 m² Appartement ∙ 1 chambre ∙ 2 personnes,Loèche-les-Bains - Valais
15/04/2024,27/04/2024,04/05/2024,545.59,HADSR75,36 m² Appartement ∙ 1 chambre ∙ 2 personnes,Loèche-les-Bains - Valais
15/04/2024,04/05/2024,11/05/2024,545.59,HADSR75,36 m² Appartement ∙ 1 chambre ∙ 2 personnes,Loèche-les-Bains - Valais
15/04/2024,11/05/2024,18/05/2024,545.59,HADSR75,36 m² Appartement ∙ 1 chambre ∙ 2 personnes,Loèche-les-Bains - Valais
15/04/2024,18/05/2024,25/05/2024,545.59,HADSR75,36 m² Appartement ∙ 1 chambre ∙ 2 personnes,Loèche-les-Bains - Valais
15/04/2024,25/05/2024,01/06/2024,545.59,HADSR75,36 m² Appartement ∙ 1 chambre ∙ 2 personnes,Loèche-les-Bains - Valais
15/04/2024,01/06/2024,08/06/2024,545.59,HADSR75,36 m² Appartement ∙ 1 chambre ∙ 2 personnes,Loèche-les-Bains - Valais
15/04/2024,08/06/2024,15/06/2024,545.59,HADSR75,36 m² Appartement ∙ 1 chambre ∙ 2 personnes,Loèche-les-Bains - Valais
15/04/2024,20/07/2024,27/07/2024,632.19,HADSR75,36 m² Appartement ∙ 1 chambre ∙ 2 personnes,Loèche-les-Bains - Valais
15/04/2024,27/07/2024,03/08/2024,632.19,HADSR75,36 m² Appartement ∙ 1 chambre ∙ 2 personnes,Loèche-les-Bains - Valais
15/04/2024,03/08/2024,10/08/2024,632.19,HADSR75,36 m² Appartement ∙ 1 chambre ∙ 2 personnes,Loèche-les-Bains - Valais
15/04/2024,10/08/2024,17/08/2024,632.19,HADSR75,36 m² Appartement ∙ 1 chambre ∙ 2 personnes,Loèche-les-Bains - Valais
15/04/2024,17/08/2024,24/08/2024,632.19,HADSR75,36 m² Appartement ∙ 1 chambre ∙ 2 personnes,Loèche-les-Bains - Valais
15/04/2024,24/08/2024,31/08/2024,632.19,HADSR75,36 m² Appartement ∙ 1 chambre ∙ 2 personnes,Loèche-les-Bains - Valais
15/04/2024,31/08/2024,07/09/2024,632.19,HADSR75,36 m² Appartement ∙ 1 chambre ∙ 2 personnes,Loèche-les-Bains - Valais
15/04/2024,07/09/2024,14/09/2024,632.19,HADSR75,36 m² Appartement ∙ 1 chambre ∙ 2 personnes,Loèche-les-Bains - Valais
15/04/2024,14/09/2024,21/09/2024,632.19,HADSR75,36 m² Appartement ∙ 1 chambre ∙ 2 personnes,Loèche-les-Bains - Valais
15/04/2024,21/09/2024,28/09/2024,632.19,HADSR75,36 m² Appartement ∙ 1 chambre ∙ 2 personnes,Loèche-les-Bains - Valais
15/04/2024,28/09/2024,05/10/2024,632.19,HADSR75,36 m² Appartement ∙ 1 chambre ∙ 2 personnes,Loèche-les-Bains - Valais
15/04/2024,05/10/2024,12/10/2024,632.19,HADSR75,36 m² Appartement ∙ 1 chambre ∙ 2 personnes,Loèche-les-Bains - Valais
15/04/2024,12/10/2024,19/10/2024,632.19,HADSR75,36 m² Appartement ∙ 1 chambre ∙ 2 personnes,Loèche-les-Bains - Valais
15/04/2024,19/10/2024,26/10/2024,632.19,HADSR75,36 m² Appartement ∙ 1 chambre ∙ 2 personnes,Loèche-les-Bains - Valais
15/04/2024,26/10/2024,02/11/2024,557.96,HADSR75,36 m² Appartement ∙ 1 chambre ∙ 2 personnes,Loèche-les-Bains - Valais
15/04/2024,25/05/2024,01/06/2024,649.51,HL718G4,Appartement ∙ 2 chambres ∙ 5 personnes,Grächen - Valais
15/04/2024,01/06/2024,08/06/2024,649.51,HL718G4,Appartement ∙ 2 chambres ∙ 5 personnes,Grächen - Valais
15/04/2024,08/06/2024,15/06/2024,649.51,HL718G4,Appartement ∙ 2 chambres ∙ 5 personnes,Grächen - Valais
15/04/2024,15/06/2024,22/06/2024,649.51,HL718G4,Appartement ∙ 2 chambres ∙ 5 personnes,Grächen - Valais
15/04/2024,22/06/2024,29/06/2024,649.51,HL718G4,Appartement ∙ 2 chambres ∙ 5 personnes,Grächen - Valais
15/04/2024,29/06/2024,06/07/2024,967.05,HL718G4,Appartement ∙ 2 chambres ∙ 5 personnes,Grächen - Valais
15/04/2024,06/07/2024,13/07/2024,793.85,HL718G4,Appartement ∙ 2 chambres ∙ 5 personnes,Grächen - Valais
15/04/2024,13/07/2024,20/07/2024,793.85,HL718G4,Appartement ∙ 2 chambres ∙ 5 personnes,Grächen - Valais
15/04/2024,20/07/2024,27/07/2024,793.85,HL718G4,Appartement ∙ 2 chambres ∙ 5 personnes,Grächen - Valais
15/04/2024,10/08/2024,17/08/2024,793.85,HL718G4,Appartement ∙ 2 chambres ∙ 5 personnes,Grächen - Valais
15/04/2024,17/08/2024,24/08/2024,793.85,HL718G4,Appartement ∙ 2 chambres ∙ 5 personnes,Grächen - Valais
15/04/2024,24/08/2024,31/08/2024,793.85,HL718G4,Appartement ∙ 2 chambres ∙ 5 personnes,Grächen - Valais
15/04/2024,31/08/2024,07/09/2024,649.51,HL718G4,Appartement ∙ 2 chambres ∙ 5 personnes,Grächen - Valais
15/04/2024,07/09/2024,14/09/2024,649.51,HL718G4,Appartement ∙ 2 chambres ∙ 5 personnes,Grächen - Valais
15/04/2024,14/09/2024,21/09/2024,649.51,HL718G4,Appartement ∙ 2 chambres ∙ 5 personnes,Grächen - Valais
15/04/2024,21/09/2024,28/09/2024,649.51,HL718G4,Appartement ∙ 2 chambres ∙ 5 personnes,Grächen - Valais
15/04/2024,28/09/2024,05/10/2024,649.51,HL718G4,Appartement ∙ 2 chambres ∙ 5 personnes,Grächen - Valais
15/04/2024,05/10/2024,12/10/2024,649.51,HL718G4,Appartement ∙ 2 chambres ∙ 5 personnes,Grächen - Valais
15/04/2024,25/05/2024,01/06/2024,1343.36,HRGBW4E,70 m² Appartement ∙ 1 chambre ∙ 4 personnes,Zermatt - Valais
15/04/2024,01/06/2024,08/06/2024,1343.36,HRGBW4E,70 m² Appartement ∙ 1 chambre ∙ 4 personnes,Zermatt - Valais
15/04/2024,08/06/2024,15/06/2024,1343.36,HRGBW4E,70 m² Appartement ∙ 1 chambre ∙ 4 personnes,Zermatt - Valais
15/04/2024,14/09/2024,21/09/2024,1343.36,HRGBW4E,70 m² Appartement ∙ 1 chambre ∙ 4 personnes,Zermatt - Valais
15/04/2024,21/09/2024,28/09/2024,1343.36,HRGBW4E,70 m² Appartement ∙ 1 chambre ∙ 4 personnes,Zermatt - Valais
15/04/2024,28/09/2024,05/10/2024,1343.36,HRGBW4E,70 m² Appartement ∙ 1 chambre ∙ 4 personnes,Zermatt - Valais
15/04/2024,05/10/2024,12/10/2024,1343.36,HRGBW4E,70 m² Appartement ∙ 1 chambre ∙ 4 personnes,Zermatt - Valais
15/04/2024,12/10/2024,19/10/2024,1343.36,HRGBW4E,70 m² Appartement ∙ 1 chambre ∙ 4 personnes,Zermatt - Valais
15/04/2024,19/10/2024,26/10/2024,1343.36,HRGBW4E,70 m² Appartement ∙ 1 chambre ∙ 4 personnes,Zermatt - Valais
15/04/2024,26/10/2024,02/11/2024,1343.36,HRGBW4E,70 m² Appartement ∙ 1 chambre ∙ 4 personnes,Zermatt - Valais
15/04/2024,20/07/2024,27/07/2024,1003.85,HXHG1RF,58 m² Appartement ∙ 2 chambres ∙ 4 personnes,Saas Grund - Valais
15/04/2024,31/08/2024,07/09/2024,926.63,HXHG1RF,58 m² Appartement ∙ 2 chambres ∙ 4 personnes,Saas Grund - Valais
15/04/2024,07/09/2024,14/09/2024,926.63,HXHG1RF,58 m² Appartement ∙ 2 chambres ∙ 4 personnes,Saas Grund - Valais
15/04/2024,14/09/2024,21/09/2024,926.63,HXHG1RF,58 m² Appartement ∙ 2 chambres ∙ 4 personnes,Saas Grund - Valais
15/04/2024,21/09/2024,28/09/2024,926.63,HXHG1RF,58 m² Appartement ∙ 2 chambres ∙ 4 personnes,Saas Grund - Valais
15/04/2024,28/09/2024,05/10/2024,926.63,HXHG1RF,58 m² Appartement ∙ 2 chambres ∙ 4 personnes,Saas Grund - Valais
15/04/2024,05/10/2024,12/10/2024,926.63,HXHG1RF,58 m² Appartement ∙ 2 chambres ∙ 4 personnes,Saas Grund - Valais
15/04/2024,12/10/2024,19/10/2024,926.63,HXHG1RF,58 m² Appartement ∙ 2 chambres ∙ 4 personnes,Saas Grund - Valais
15/04/2024,20/07/2024,27/07/2024,849.41,HVYT47P,48 m² Appartement ∙ 1 chambre ∙ 4 personnes,Saas-Balen - Valais
15/04/2024,01/06/2024,08/06/2024,1137.29,HZU3VP8,51 m² Appartement ∙ 1 chambre ∙ 2 personnes,Saas Fee - Valais
15/04/2024,08/06/2024,15/06/2024,1137.29,HZU3VP8,51 m² Appartement ∙ 1 chambre ∙ 2 personnes,Saas Fee - Valais
15/04/2024,15/06/2024,22/06/2024,1137.29,HZU3VP8,51 m² Appartement ∙ 1 chambre ∙ 2 personnes,Saas Fee - Valais
15/04/2024,22/06/2024,29/06/2024,1137.29,HZU3VP8,51 m² Appartement ∙ 1 chambre ∙ 2 personnes,Saas Fee - Valais
15/04/2024,29/06/2024,06/07/2024,1137.29,HZU3VP8,51 m² Appartement ∙ 1 chambre ∙ 2 personnes,Saas Fee - Valais
15/04/2024,06/07/2024,13/07/2024,1297.29,HZU3VP8,51 m² Appartement ∙ 1 chambre ∙ 2 personnes,Saas Fee - Valais
15/04/2024,13/07/2024,20/07/2024,1297.29,HZU3VP8,51 m² Appartement ∙ 1 chambre ∙ 2 personnes,Saas Fee - Valais
15/04/2024,20/07/2024,27/07/2024,1297.29,HZU3VP8,51 m² Appartement ∙ 1 chambre ∙ 2 personnes,Saas Fee - Valais
15/04/2024,27/07/2024,03/08/2024,1297.29,HZU3VP8,51 m² Appartement ∙ 1 chambre ∙ 2 personnes,Saas Fee - Valais
15/04/2024,24/08/2024,31/08/2024,1137.29,HZU3VP8,51 m² Appartement ∙ 1 chambre ∙ 2 personnes,Saas Fee - Valais
15/04/2024,31/08/2024,07/09/2024,1137.29,HZU3VP8,51 m² Appartement ∙ 1 chambre ∙ 2 personnes,Saas Fee - Valais
15/04/2024,07/09/2024,14/09/2024,1137.29,HZU3VP8,51 m² Appartement ∙ 1 chambre ∙ 2 personnes,Saas Fee - Valais
15/04/2024,14/09/2024,21/09/2024,1137.29,HZU3VP8,51 m² Appartement ∙ 1 chambre ∙ 2 personnes,Saas Fee - Valais
15/04/2024,21/09/2024,28/09/2024,1037.83,HZU3VP8,51 m² Appartement ∙ 1 chambre ∙ 2 personnes,Saas Fee - Valais
15/04/2024,28/09/2024,05/10/2024,1037.83,HZU3VP8,51 m² Appartement ∙ 1 chambre ∙ 2 personnes,Saas Fee - Valais
15/04/2024,05/10/2024,12/10/2024,1037.83,HZU3VP8,51 m² Appartement ∙ 1 chambre ∙ 2 personnes,Saas Fee - Valais
15/04/2024,20/04/2024,27/04/2024,1003.85,HTB573H,65 m² Appartement ∙ 2 chambres ∙ 4 personnes,Saas-Almagell - Valais
15/04/2024,27/04/2024,04/05/2024,888.02,HTB573H,65 m² Appartement ∙ 2 chambres ∙ 4 personnes,Saas-Almagell - Valais
15/04/2024,04/05/2024,11/05/2024,888.02,HTB573H,65 m² Appartement ∙ 2 chambres ∙ 4 personnes,Saas-Almagell - Valais
15/04/2024,11/05/2024,18/05/2024,888.02,HTB573H,65 m² Appartement ∙ 2 chambres ∙ 4 personnes,Saas-Almagell - Valais
15/04/2024,18/05/2024,25/05/2024,888.02,HTB573H,65 m² Appartement ∙ 2 chambres ∙ 4 personnes,Saas-Almagell - Valais
15/04/2024,25/05/2024,01/06/2024,888.02,HTB573H,65 m² Appartement ∙ 2 chambres ∙ 4 personnes,Saas-Almagell - Valais
15/04/2024,01/06/2024,08/06/2024,926.63,HTB573H,65 m² Appartement ∙ 2 chambres ∙ 4 personnes,Saas-Almagell - Valais
15/04/2024,22/06/2024,29/06/2024,926.63,HTB573H,65 m² Appartement ∙ 2 chambres ∙ 4 personnes,Saas-Almagell - Valais
15/04/2024,29/06/2024,06/07/2024,980.69,HTB573H,65 m² Appartement ∙ 2 chambres ∙ 4 personnes,Saas-Almagell - Valais
15/04/2024,27/07/2024,03/08/2024,980.69,HTB573H,65 m² Appartement ∙ 2 chambres ∙ 4 personnes,Saas-Almagell - Valais
15/04/2024,17/08/2024,24/08/2024,980.69,HTB573H,65 m² Appartement ∙ 2 chambres ∙ 4 personnes,Saas-Almagell - Valais
15/04/2024,31/08/2024,07/09/2024,926.63,HTB573H,65 m² Appartement ∙ 2 chambres ∙ 4 personnes,Saas-Almagell - Valais
15/04/2024,21/09/2024,28/09/2024,926.63,HTB573H,65 m² Appartement ∙ 2 chambres ∙ 4 personnes,Saas-Almagell - Valais
15/04/2024,12/10/2024,19/10/2024,864.86,HTB573H,65 m² Appartement ∙ 2 chambres ∙ 4 personnes,Saas-Almagell - Valais
15/04/2024,19/10/2024,26/10/2024,864.86,HTB573H,65 m² Appartement ∙ 2 chambres ∙ 4 personnes,Saas-Almagell - Valais
15/04/2024,26/10/2024,02/11/2024,864.86,HTB573H,65 m² Appartement ∙ 2 chambres ∙ 4 personnes,Saas-Almagell - Valais
15/04/2024,20/04/2024,27/04/2024,793.85,H06GHFP,Appartement ∙ 2 chambres ∙ 6 personnes,Champéry - Valais
15/04/2024,27/04/2024,04/05/2024,793.85,H06GHFP,Appartement ∙ 2 chambres ∙ 6 personnes,Champéry - Valais
15/04/2024,04/05/2024,11/05/2024,793.85,H06GHFP,Appartement ∙ 2 chambres ∙ 6 personnes,Champéry - Valais
15/04/2024,11/05/2024,18/05/2024,793.85,H06GHFP,Appartement ∙ 2 chambres ∙ 6 personnes,Champéry - Valais
15/04/2024,18/05/2024,25/05/2024,793.85,H06GHFP,Appartement ∙ 2 chambres ∙ 6 personnes,Champéry - Valais
15/04/2024,25/05/2024,01/06/2024,938.19,H06GHFP,Appartement ∙ 2 chambres ∙ 6 personnes,Champéry - Valais
15/04/2024,01/06/2024,08/06/2024,938.19,H06GHFP,Appartement ∙ 2 chambres ∙ 6 personnes,Champéry - Valais
15/04/2024,08/06/2024,15/06/2024,938.19,H06GHFP,Appartement ∙ 2 chambres ∙ 6 personnes,Champéry - Valais
15/04/2024,15/06/2024,22/06/2024,938.19,H06GHFP,Appartement ∙ 2 chambres ∙ 6 personnes,Champéry - Valais
15/04/2024,22/06/2024,29/06/2024,938.19,H06GHFP,Appartement ∙ 2 chambres ∙ 6 personnes,Champéry - Valais
15/04/2024,13/07/2024,20/07/2024,1226.86,H06GHFP,Appartement ∙ 2 chambres ∙ 6 personnes,Champéry - Valais
15/04/2024,17/08/2024,24/08/2024,1226.86,H06GHFP,Appartement ∙ 2 chambres ∙ 6 personnes,Champéry - Valais
15/04/2024,24/08/2024,31/08/2024,938.19,H06GHFP,Appartement ∙ 2 chambres ∙ 6 personnes,Champéry - Valais
15/04/2024,31/08/2024,07/09/2024,938.19,H06GHFP,Appartement ∙ 2 chambres ∙ 6 personnes,Champéry - Valais
15/04/2024,07/09/2024,14/09/2024,938.19,H06GHFP,Appartement ∙ 2 chambres ∙ 6 personnes,Champéry - Valais
15/04/2024,14/09/2024,21/09/2024,938.19,H06GHFP,Appartement ∙ 2 chambres ∙ 6 personnes,Champéry - Valais
15/04/2024,21/09/2024,28/09/2024,938.19,H06GHFP,Appartement ∙ 2 chambres ∙ 6 personnes,Champéry - Valais
15/04/2024,28/09/2024,05/10/2024,793.85,H06GHFP,Appartement ∙ 2 chambres ∙ 6 personnes,Champéry - Valais
15/04/2024,05/10/2024,12/10/2024,793.85,H06GHFP,Appartement ∙ 2 chambres ∙ 6 personnes,Champéry - Valais
15/04/2024,12/10/2024,19/10/2024,793.85,H06GHFP,Appartement ∙ 2 chambres ∙ 6 personnes,Champéry - Valais
15/04/2024,19/10/2024,26/10/2024,793.85,H06GHFP,Appartement ∙ 2 chambres ∙ 6 personnes,Champéry - Valais
15/04/2024,26/10/2024,02/11/2024,793.85,H06GHFP,Appartement ∙ 2 chambres ∙ 6 personnes,Champéry - Valais
15/04/2024,20/04/2024,27/04/2024,983.16,HS6FTEN,180 m² Chalet ∙ 5 chambres ∙ 10 personnes,Crans-Montana - Valais
15/04/2024,27/04/2024,04/05/2024,983.16,HS6FTEN,180 m² Chalet ∙ 5 chambres ∙ 10 personnes,Crans-Montana - Valais
15/04/2024,04/05/2024,11/05/2024,981.69,HS6FTEN,180 m² Chalet ∙ 5 chambres ∙ 10 personnes,Crans-Montana - Valais
15/04/2024,11/05/2024,18/05/2024,981.69,HS6FTEN,180 m² Chalet ∙ 5 chambres ∙ 10 personnes,Crans-Montana - Valais
15/04/2024,18/05/2024,25/05/2024,1247.29,HS6FTEN,180 m² Chalet ∙ 5 chambres ∙ 10 personnes,Crans-Montana - Valais
15/04/2024,25/05/2024,01/06/2024,1247.29,HS6FTEN,180 m² Chalet ∙ 5 chambres ∙ 10 personnes,Crans-Montana - Valais
15/04/2024,01/06/2024,08/06/2024,1268.72,HS6FTEN,180 m² Chalet ∙ 5 chambres ∙ 10 personnes,Crans-Montana - Valais
15/04/2024,08/06/2024,15/06/2024,1268.72,HS6FTEN,180 m² Chalet ∙ 5 chambres ∙ 10 personnes,Crans-Montana - Valais
15/04/2024,15/06/2024,22/06/2024,1268.72,HS6FTEN,180 m² Chalet ∙ 5 chambres ∙ 10 personnes,Crans-Montana - Valais
15/04/2024,22/06/2024,29/06/2024,1268.72,HS6FTEN,180 m² Chalet ∙ 5 chambres ∙ 10 personnes,Crans-Montana - Valais
15/04/2024,13/07/2024,20/07/2024,1372.10,HS6FTEN,180 m² Chalet ∙ 5 chambres ∙ 10 personnes,Crans-Montana - Valais
15/04/2024,24/08/2024,31/08/2024,1372.10,HS6FTEN,180 m² Chalet ∙ 5 chambres ∙ 10 personnes,Crans-Montana - Valais
15/04/2024,31/08/2024,07/09/2024,1477.57,HS6FTEN,180 m² Chalet ∙ 5 chambres ∙ 10 personnes,Crans-Montana - Valais
15/04/2024,07/09/2024,14/09/2024,1408.29,HS6FTEN,180 m² Chalet ∙ 5 chambres ∙ 10 personnes,Crans-Montana - Valais
15/04/2024,14/09/2024,21/09/2024,1408.29,HS6FTEN,180 m² Chalet ∙ 5 chambres ∙ 10 personnes,Crans-Montana - Valais
15/04/2024,21/09/2024,28/09/2024,1408.29,HS6FTEN,180 m² Chalet ∙ 5 chambres ∙ 10 personnes,Crans-Montana - Valais
15/04/2024,28/09/2024,05/10/2024,1096.47,HS6FTEN,180 m² Chalet ∙ 5 chambres ∙ 10 personnes,Crans-Montana - Valais
15/04/2024,05/10/2024,12/10/2024,1043.41,HS6FTEN,180 m² Chalet ∙ 5 chambres ∙ 10 personnes,Crans-Montana - Valais
15/04/2024,12/10/2024,19/10/2024,1043.41,HS6FTEN,180 m² Chalet ∙ 5 chambres ∙ 10 personnes,Crans-Montana - Valais
15/04/2024,19/10/2024,26/10/2024,1043.41,HS6FTEN,180 m² Chalet ∙ 5 chambres ∙ 10 personnes,Crans-Montana - Valais
15/04/2024,20/04/2024,27/04/2024,1896.99,HHFDV4Y,210 m² Maison de vacances ∙ 6 chambres ∙ 14 personnes,Riddes - Valais
15/04/2024,27/04/2024,04/05/2024,1896.99,HHFDV4Y,210 m² Maison de vacances ∙ 6 chambres ∙ 14 personnes,Riddes - Valais
15/04/2024,04/05/2024,11/05/2024,1896.99,HHFDV4Y,210 m² Maison de vacances ∙ 6 chambres ∙ 14 personnes,Riddes - Valais
15/04/2024,11/05/2024,18/05/2024,1896.99,HHFDV4Y,210 m² Maison de vacances ∙ 6 chambres ∙ 14 personnes,Riddes - Valais
15/04/2024,18/05/2024,25/05/2024,1896.99,HHFDV4Y,210 m² Maison de vacances ∙ 6 chambres ∙ 14 personnes,Riddes - Valais
15/04/2024,25/05/2024,01/06/2024,1896.99,HHFDV4Y,210 m² Maison de vacances ∙ 6 chambres ∙ 14 personnes,Riddes - Valais
15/04/2024,01/06/2024,08/06/2024,1896.99,HHFDV4Y,210 m² Maison de vacances ∙ 6 chambres ∙ 14 personnes,Riddes - Valais
15/04/2024,08/06/2024,15/06/2024,1896.99,HHFDV4Y,210 m² Maison de vacances ∙ 6 chambres ∙ 14 personnes,Riddes - Valais
15/04/2024,15/06/2024,22/06/2024,1896.99,HHFDV4Y,210 m² Maison de vacances ∙ 6 chambres ∙ 14 personnes,Riddes - Valais
15/04/2024,22/06/2024,29/06/2024,1896.99,HHFDV4Y,210 m² Maison de vacances ∙ 6 chambres ∙ 14 personnes,Riddes - Valais
15/04/2024,29/06/2024,06/07/2024,1896.99,HHFDV4Y,210 m² Maison de vacances ∙ 6 chambres ∙ 14 personnes,Riddes - Valais
15/04/2024,13/07/2024,20/07/2024,2357.83,HHFDV4Y,210 m² Maison de vacances ∙ 6 chambres ∙ 14 personnes,Riddes - Valais
15/04/2024,20/07/2024,27/07/2024,2357.83,HHFDV4Y,210 m² Maison de vacances ∙ 6 chambres ∙ 14 personnes,Riddes - Valais
15/04/2024,03/08/2024,10/08/2024,2357.83,HHFDV4Y,210 m² Maison de vacances ∙ 6 chambres ∙ 14 personnes,Riddes - Valais
15/04/2024,10/08/2024,17/08/2024,2357.83,HHFDV4Y,210 m² Maison de vacances ∙ 6 chambres ∙ 14 personnes,Riddes - Valais
15/04/2024,17/08/2024,24/08/2024,2357.83,HHFDV4Y,210 m² Maison de vacances ∙ 6 chambres ∙ 14 personnes,Riddes - Valais
15/04/2024,24/08/2024,31/08/2024,2357.83,HHFDV4Y,210 m² Maison de vacances ∙ 6 chambres ∙ 14 personnes,Riddes - Valais
15/04/2024,31/08/2024,07/09/2024,1896.99,HHFDV4Y,210 m² Maison de vacances ∙ 6 chambres ∙ 14 personnes,Riddes - Valais
15/04/2024,07/09/2024,14/09/2024,1896.99,HHFDV4Y,210 m² Maison de vacances ∙ 6 chambres ∙ 14 personnes,Riddes - Valais
15/04/2024,14/09/2024,21/09/2024,1896.99,HHFDV4Y,210 m² Maison de vacances ∙ 6 chambres ∙ 14 personnes,Riddes - Valais
15/04/2024,21/09/2024,28/09/2024,1896.99,HHFDV4Y,210 m² Maison de vacances ∙ 6 chambres ∙ 14 personnes,Riddes - Valais
15/04/2024,28/09/2024,05/10/2024,1896.99,HHFDV4Y,210 m² Maison de vacances ∙ 6 chambres ∙ 14 personnes,Riddes - Valais
15/04/2024,05/10/2024,12/10/2024,1896.99,HHFDV4Y,210 m² Maison de vacances ∙ 6 chambres ∙ 14 personnes,Riddes - Valais
15/04/2024,12/10/2024,19/10/2024,1896.99,HHFDV4Y,210 m² Maison de vacances ∙ 6 chambres ∙ 14 personnes,Riddes - Valais
15/04/2024,19/10/2024,26/10/2024,1896.99,HHFDV4Y,210 m² Maison de vacances ∙ 6 chambres ∙ 14 personnes,Riddes - Valais
15/04/2024,20/04/2024,27/04/2024,1082.52,HAW1BLK,Appartement ∙ 2 chambres ∙ 4 personnes,Grächen - Valais
15/04/2024,27/04/2024,04/05/2024,1082.52,HAW1BLK,Appartement ∙ 2 chambres ∙ 4 personnes,Grächen - Valais
15/04/2024,04/05/2024,11/05/2024,1082.52,HAW1BLK,Appartement ∙ 2 chambres ∙ 4 personnes,Grächen - Valais
15/04/2024,11/05/2024,18/05/2024,1082.52,HAW1BLK,Appartement ∙ 2 chambres ∙ 4 personnes,Grächen - Valais
15/04/2024,18/05/2024,25/05/2024,1082.52,HAW1BLK,Appartement ∙ 2 chambres ∙ 4 personnes,Grächen - Valais
15/04/2024,25/05/2024,01/06/2024,1082.52,HAW1BLK,Appartement ∙ 2 chambres ∙ 4 personnes,Grächen - Valais
15/04/2024,01/06/2024,08/06/2024,1082.52,HAW1BLK,Appartement ∙ 2 chambres ∙ 4 personnes,Grächen - Valais
15/04/2024,08/06/2024,15/06/2024,1082.52,HAW1BLK,Appartement ∙ 2 chambres ∙ 4 personnes,Grächen - Valais
15/04/2024,15/06/2024,22/06/2024,1082.52,HAW1BLK,Appartement ∙ 2 chambres ∙ 4 personnes,Grächen - Valais
15/04/2024,22/06/2024,29/06/2024,1082.52,HAW1BLK,Appartement ∙ 2 chambres ∙ 4 personnes,Grächen - Valais
15/04/2024,29/06/2024,06/07/2024,1082.52,HAW1BLK,Appartement ∙ 2 chambres ∙ 4 personnes,Grächen - Valais
15/04/2024,06/07/2024,13/07/2024,1082.52,HAW1BLK,Appartement ∙ 2 chambres ∙ 4 personnes,Grächen - Valais
15/04/2024,13/07/2024,20/07/2024,1082.52,HAW1BLK,Appartement ∙ 2 chambres ∙ 4 personnes,Grächen - Valais
15/04/2024,27/07/2024,03/08/2024,1082.52,HAW1BLK,Appartement ∙ 2 chambres ∙ 4 personnes,Grächen - Valais
15/04/2024,03/08/2024,10/08/2024,1082.52,HAW1BLK,Appartement ∙ 2 chambres ∙ 4 personnes,Grächen - Valais
15/04/2024,31/08/2024,07/09/2024,1082.52,HAW1BLK,Appartement ∙ 2 chambres ∙ 4 personnes,Grächen - Valais
15/04/2024,07/09/2024,14/09/2024,1082.52,HAW1BLK,Appartement ∙ 2 chambres ∙ 4 personnes,Grächen - Valais
15/04/2024,14/09/2024,21/09/2024,1082.52,HAW1BLK,Appartement ∙ 2 chambres ∙ 4 personnes,Grächen - Valais
15/04/2024,21/09/2024,28/09/2024,1082.52,HAW1BLK,Appartement ∙ 2 chambres ∙ 4 personnes,Grächen - Valais
15/04/2024,28/09/2024,05/10/2024,1082.52,HAW1BLK,Appartement ∙ 2 chambres ∙ 4 personnes,Grächen - Valais
15/04/2024,05/10/2024,12/10/2024,1082.52,HAW1BLK,Appartement ∙ 2 chambres ∙ 4 personnes,Grächen - Valais
15/04/2024,12/10/2024,19/10/2024,1082.52,HAW1BLK,Appartement ∙ 2 chambres ∙ 4 personnes,Grächen - Valais
15/04/2024,19/10/2024,26/10/2024,1082.52,HAW1BLK,Appartement ∙ 2 chambres ∙ 4 personnes,Grächen - Valais
15/04/2024,26/10/2024,02/11/2024,1082.52,HAW1BLK,Appartement ∙ 2 chambres ∙ 4 personnes,Grächen - Valais
15/04/2024,20/04/2024,27/04/2024,534.19,HZDR5PA,50 m² Chalet ∙ 2 chambres ∙ 4 personnes,Filet - Valais
15/04/2024,11/05/2024,18/05/2024,567.38,HZDR5PA,50 m² Chalet ∙ 2 chambres ∙ 4 personnes,Filet - Valais
15/04/2024,18/05/2024,25/05/2024,567.38,HZDR5PA,50 m² Chalet ∙ 2 chambres ∙ 4 personnes,Filet - Valais
15/04/2024,25/05/2024,01/06/2024,567.38,HZDR5PA,50 m² Chalet ∙ 2 chambres ∙ 4 personnes,Filet - Valais
15/04/2024,01/06/2024,08/06/2024,572.68,HZDR5PA,50 m² Chalet ∙ 2 chambres ∙ 4 personnes,Filet - Valais
15/04/2024,08/06/2024,15/06/2024,572.68,HZDR5PA,50 m² Chalet ∙ 2 chambres ∙ 4 personnes,Filet - Valais
15/04/2024,15/06/2024,22/06/2024,572.68,HZDR5PA,50 m² Chalet ∙ 2 chambres ∙ 4 personnes,Filet - Valais
15/04/2024,22/06/2024,29/06/2024,571.41,HZDR5PA,50 m² Chalet ∙ 2 chambres ∙ 4 personnes,Filet - Valais
15/04/2024,29/06/2024,06/07/2024,587.68,HZDR5PA,50 m² Chalet ∙ 2 chambres ∙ 4 personnes,Filet - Valais
15/04/2024,06/07/2024,13/07/2024,696.90,HZDR5PA,50 m² Chalet ∙ 2 chambres ∙ 4 personnes,Filet - Valais
15/04/2024,17/08/2024,24/08/2024,692.01,HZDR5PA,50 m² Chalet ∙ 2 chambres ∙ 4 personnes,Filet - Valais
15/04/2024,24/08/2024,31/08/2024,562.60,HZDR5PA,50 m² Chalet ∙ 2 chambres ∙ 4 personnes,Filet - Valais
15/04/2024,31/08/2024,07/09/2024,608.31,HZDR5PA,50 m² Chalet ∙ 2 chambres ∙ 4 personnes,Filet - Valais
15/04/2024,07/09/2024,14/09/2024,608.31,HZDR5PA,50 m² Chalet ∙ 2 chambres ∙ 4 personnes,Filet - Valais
15/04/2024,14/09/2024,21/09/2024,608.31,HZDR5PA,50 m² Chalet ∙ 2 chambres ∙ 4 personnes,Filet - Valais
15/04/2024,21/09/2024,28/09/2024,608.31,HZDR5PA,50 m² Chalet ∙ 2 chambres ∙ 4 personnes,Filet - Valais
15/04/2024,28/09/2024,05/10/2024,608.31,HZDR5PA,50 m² Chalet ∙ 2 chambres ∙ 4 personnes,Filet - Valais
15/04/2024,05/10/2024,12/10/2024,576.97,HZDR5PA,50 m² Chalet ∙ 2 chambres ∙ 4 personnes,Filet - Valais
15/04/2024,12/10/2024,19/10/2024,576.97,HZDR5PA,50 m² Chalet ∙ 2 chambres ∙ 4 personnes,Filet - Valais
15/04/2024,19/10/2024,26/10/2024,576.97,HZDR5PA,50 m² Chalet ∙ 2 chambres ∙ 4 personnes,Filet - Valais
15/04/2024,20/04/2024,27/04/2024,653.90,HS95PC1,125 m² Chalet ∙ 4 chambres ∙ 10 personnes,Hérémence - Valais
15/04/2024,01/06/2024,08/06/2024,828.65,HS95PC1,125 m² Chalet ∙ 4 chambres ∙ 10 personnes,Hérémence - Valais
15/04/2024,08/06/2024,15/06/2024,828.65,HS95PC1,125 m² Chalet ∙ 4 chambres ∙ 10 personnes,Hérémence - Valais
15/04/2024,15/06/2024,22/06/2024,828.65,HS95PC1,125 m² Chalet ∙ 4 chambres ∙ 10 personnes,Hérémence - Valais
15/04/2024,22/06/2024,29/06/2024,828.65,HS95PC1,125 m² Chalet ∙ 4 chambres ∙ 10 personnes,Hérémence - Valais
15/04/2024,29/06/2024,06/07/2024,828.65,HS95PC1,125 m² Chalet ∙ 4 chambres ∙ 10 personnes,Hérémence - Valais
15/04/2024,24/08/2024,31/08/2024,828.65,HS95PC1,125 m² Chalet ∙ 4 chambres ∙ 10 personnes,Hérémence - Valais
15/04/2024,31/08/2024,07/09/2024,828.65,HS95PC1,125 m² Chalet ∙ 4 chambres ∙ 10 personnes,Hérémence - Valais
15/04/2024,07/09/2024,14/09/2024,828.65,HS95PC1,125 m² Chalet ∙ 4 chambres ∙ 10 personnes,Hérémence - Valais
15/04/2024,14/09/2024,21/09/2024,885.21,HS95PC1,125 m² Chalet ∙ 4 chambres ∙ 10 personnes,Hérémence - Valais
15/04/2024,21/09/2024,28/09/2024,885.21,HS95PC1,125 m² Chalet ∙ 4 chambres ∙ 10 personnes,Hérémence - Valais
15/04/2024,12/10/2024,19/10/2024,940.87,HS95PC1,125 m² Chalet ∙ 4 chambres ∙ 10 personnes,Hérémence - Valais
15/04/2024,19/10/2024,26/10/2024,940.87,HS95PC1,125 m² Chalet ∙ 4 chambres ∙ 10 personnes,Hérémence - Valais
15/04/2024,26/10/2024,02/11/2024,1371.85,HS95PC1,125 m² Chalet ∙ 4 chambres ∙ 10 personnes,Hérémence - Valais
15/04/2024,20/04/2024,27/04/2024,1684.61,HT136AM,120 m² Maison de vacances ∙ 4 chambres ∙ 8 personnes,Veysonnaz - Valais
15/04/2024,27/04/2024,04/05/2024,1684.61,HT136AM,120 m² Maison de vacances ∙ 4 chambres ∙ 8 personnes,Veysonnaz - Valais
15/04/2024,04/05/2024,11/05/2024,1684.61,HT136AM,120 m² Maison de vacances ∙ 4 chambres ∙ 8 personnes,Veysonnaz - Valais
15/04/2024,11/05/2024,18/05/2024,1684.61,HT136AM,120 m² Maison de vacances ∙ 4 chambres ∙ 8 personnes,Veysonnaz - Valais
15/04/2024,18/05/2024,25/05/2024,1684.61,HT136AM,120 m² Maison de vacances ∙ 4 chambres ∙ 8 personnes,Veysonnaz - Valais
15/04/2024,25/05/2024,01/06/2024,1684.61,HT136AM,120 m² Maison de vacances ∙ 4 chambres ∙ 8 personnes,Veysonnaz - Valais
15/04/2024,01/06/2024,08/06/2024,1684.61,HT136AM,120 m² Maison de vacances ∙ 4 chambres ∙ 8 personnes,Veysonnaz - Valais
15/04/2024,08/06/2024,15/06/2024,1846.47,HT136AM,120 m² Maison de vacances ∙ 4 chambres ∙ 8 personnes,Veysonnaz - Valais
15/04/2024,15/06/2024,22/06/2024,1846.47,HT136AM,120 m² Maison de vacances ∙ 4 chambres ∙ 8 personnes,Veysonnaz - Valais
15/04/2024,22/06/2024,29/06/2024,1846.47,HT136AM,120 m² Maison de vacances ∙ 4 chambres ∙ 8 personnes,Veysonnaz - Valais
15/04/2024,29/06/2024,06/07/2024,1846.47,HT136AM,120 m² Maison de vacances ∙ 4 chambres ∙ 8 personnes,Veysonnaz - Valais
15/04/2024,06/07/2024,13/07/2024,1846.47,HT136AM,120 m² Maison de vacances ∙ 4 chambres ∙ 8 personnes,Veysonnaz - Valais
15/04/2024,03/08/2024,10/08/2024,2044.42,HT136AM,120 m² Maison de vacances ∙ 4 chambres ∙ 8 personnes,Veysonnaz - Valais
15/04/2024,24/08/2024,31/08/2024,1684.61,HT136AM,120 m² Maison de vacances ∙ 4 chambres ∙ 8 personnes,Veysonnaz - Valais
15/04/2024,31/08/2024,07/09/2024,1684.61,HT136AM,120 m² Maison de vacances ∙ 4 chambres ∙ 8 personnes,Veysonnaz - Valais
15/04/2024,07/09/2024,14/09/2024,1684.61,HT136AM,120 m² Maison de vacances ∙ 4 chambres ∙ 8 personnes,Veysonnaz - Valais
15/04/2024,14/09/2024,21/09/2024,1684.61,HT136AM,120 m² Maison de vacances ∙ 4 chambres ∙ 8 personnes,Veysonnaz - Valais
15/04/2024,21/09/2024,28/09/2024,1684.61,HT136AM,120 m² Maison de vacances ∙ 4 chambres ∙ 8 personnes,Veysonnaz - Valais
15/04/2024,28/09/2024,05/10/2024,1684.61,HT136AM,120 m² Maison de vacances ∙ 4 chambres ∙ 8 personnes,Veysonnaz - Valais
15/04/2024,05/10/2024,12/10/2024,1684.61,HT136AM,120 m² Maison de vacances ∙ 4 chambres ∙ 8 personnes,Veysonnaz - Valais
15/04/2024,12/10/2024,19/10/2024,1684.61,HT136AM,120 m² Maison de vacances ∙ 4 chambres ∙ 8 personnes,Veysonnaz - Valais
15/04/2024,19/10/2024,26/10/2024,1684.61,HT136AM,120 m² Maison de vacances ∙ 4 chambres ∙ 8 personnes,Veysonnaz - Valais
15/04/2024,26/10/2024,02/11/2024,1684.61,HT136AM,120 m² Maison de vacances ∙ 4 chambres ∙ 8 personnes,Veysonnaz - Valais
15/04/2024,20/04/2024,27/04/2024,2001.12,HZUPCYE,Appartement ∙ 2 chambres ∙ 4 personnes,Saas Fee - Valais
15/04/2024,27/04/2024,04/05/2024,1855.75,HZUPCYE,Appartement ∙ 2 chambres ∙ 4 personnes,Saas Fee - Valais
15/04/2024,04/05/2024,11/05/2024,1855.75,HZUPCYE,Appartement ∙ 2 chambres ∙ 4 personnes,Saas Fee - Valais
15/04/2024,11/05/2024,18/05/2024,1855.75,HZUPCYE,Appartement ∙ 2 chambres ∙ 4 personnes,Saas Fee - Valais
15/04/2024,18/05/2024,25/05/2024,1855.75,HZUPCYE,Appartement ∙ 2 chambres ∙ 4 personnes,Saas Fee - Valais
15/04/2024,25/05/2024,01/06/2024,1855.75,HZUPCYE,Appartement ∙ 2 chambres ∙ 4 personnes,Saas Fee - Valais
15/04/2024,01/06/2024,08/06/2024,1855.75,HZUPCYE,Appartement ∙ 2 chambres ∙ 4 personnes,Saas Fee - Valais
15/04/2024,08/06/2024,15/06/2024,1855.75,HZUPCYE,Appartement ∙ 2 chambres ∙ 4 personnes,Saas Fee - Valais
15/04/2024,06/07/2024,13/07/2024,1855.75,HZUPCYE,Appartement ∙ 2 chambres ∙ 4 personnes,Saas Fee - Valais
15/04/2024,13/07/2024,20/07/2024,2319.69,HZUPCYE,Appartement ∙ 2 chambres ∙ 4 personnes,Saas Fee - Valais
15/04/2024,20/07/2024,27/07/2024,2319.69,HZUPCYE,Appartement ∙ 2 chambres ∙ 4 personnes,Saas Fee - Valais
15/04/2024,17/08/2024,24/08/2024,2319.69,HZUPCYE,Appartement ∙ 2 chambres ∙ 4 personnes,Saas Fee - Valais
15/04/2024,24/08/2024,31/08/2024,2319.69,HZUPCYE,Appartement ∙ 2 chambres ∙ 4 personnes,Saas Fee - Valais
15/04/2024,31/08/2024,07/09/2024,1921.73,HZUPCYE,Appartement ∙ 2 chambres ∙ 4 personnes,Saas Fee - Valais
15/04/2024,07/09/2024,14/09/2024,1855.75,HZUPCYE,Appartement ∙ 2 chambres ∙ 4 personnes,Saas Fee - Valais
15/04/2024,14/09/2024,21/09/2024,1855.75,HZUPCYE,Appartement ∙ 2 chambres ∙ 4 personnes,Saas Fee - Valais
15/04/2024,21/09/2024,28/09/2024,1855.75,HZUPCYE,Appartement ∙ 2 chambres ∙ 4 personnes,Saas Fee - Valais
15/04/2024,28/09/2024,05/10/2024,1855.75,HZUPCYE,Appartement ∙ 2 chambres ∙ 4 personnes,Saas Fee - Valais
15/04/2024,05/10/2024,12/10/2024,1855.75,HZUPCYE,Appartement ∙ 2 chambres ∙ 4 personnes,Saas Fee - Valais
15/04/2024,12/10/2024,19/10/2024,1855.75,HZUPCYE,Appartement ∙ 2 chambres ∙ 4 personnes,Saas Fee - Valais
15/04/2024,19/10/2024,26/10/2024,1855.75,HZUPCYE,Appartement ∙ 2 chambres ∙ 4 personnes,Saas Fee - Valais
15/04/2024,26/10/2024,02/11/2024,1855.75,HZUPCYE,Appartement ∙ 2 chambres ∙ 4 personnes,Saas Fee - Valais
15/04/2024,25/05/2024,01/06/2024,1331.03,HS2DWU1,62 m² Appartement ∙ 2 chambres ∙ 5 personnes,Saas Fee - Valais
15/04/2024,01/06/2024,08/06/2024,1331.03,HS2DWU1,62 m² Appartement ∙ 2 chambres ∙ 5 personnes,Saas Fee - Valais
15/04/2024,29/06/2024,06/07/2024,1608.54,HS2DWU1,62 m² Appartement ∙ 2 chambres ∙ 5 personnes,Saas Fee - Valais
15/04/2024,06/07/2024,13/07/2024,1608.54,HS2DWU1,62 m² Appartement ∙ 2 chambres ∙ 5 personnes,Saas Fee - Valais
15/04/2024,27/07/2024,03/08/2024,1508.54,HS2DWU1,62 m² Appartement ∙ 2 chambres ∙ 5 personnes,Saas Fee - Valais
15/04/2024,03/08/2024,10/08/2024,1508.54,HS2DWU1,62 m² Appartement ∙ 2 chambres ∙ 5 personnes,Saas Fee - Valais
15/04/2024,10/08/2024,17/08/2024,1508.54,HS2DWU1,62 m² Appartement ∙ 2 chambres ∙ 5 personnes,Saas Fee - Valais
15/04/2024,17/08/2024,24/08/2024,1423.60,HS2DWU1,62 m² Appartement ∙ 2 chambres ∙ 5 personnes,Saas Fee - Valais
15/04/2024,24/08/2024,31/08/2024,1423.60,HS2DWU1,62 m² Appartement ∙ 2 chambres ∙ 5 personnes,Saas Fee - Valais
15/04/2024,31/08/2024,07/09/2024,1284.60,HS2DWU1,62 m² Appartement ∙ 2 chambres ∙ 5 personnes,Saas Fee - Valais
15/04/2024,07/09/2024,14/09/2024,1284.60,HS2DWU1,62 m² Appartement ∙ 2 chambres ∙ 5 personnes,Saas Fee - Valais
15/04/2024,14/09/2024,21/09/2024,1284.60,HS2DWU1,62 m² Appartement ∙ 2 chambres ∙ 5 personnes,Saas Fee - Valais
15/04/2024,21/09/2024,28/09/2024,1284.60,HS2DWU1,62 m² Appartement ∙ 2 chambres ∙ 5 personnes,Saas Fee - Valais
15/04/2024,05/10/2024,12/10/2024,1284.60,HS2DWU1,62 m² Appartement ∙ 2 chambres ∙ 5 personnes,Saas Fee - Valais
15/04/2024,12/10/2024,19/10/2024,1284.60,HS2DWU1,62 m² Appartement ∙ 2 chambres ∙ 5 personnes,Saas Fee - Valais
15/04/2024,19/10/2024,26/10/2024,1284.60,HS2DWU1,62 m² Appartement ∙ 2 chambres ∙ 5 personnes,Saas Fee - Valais
15/04/2024,26/10/2024,02/11/2024,1284.60,HS2DWU1,62 m² Appartement ∙ 2 chambres ∙ 5 personnes,Saas Fee - Valais
15/04/2024,20/04/2024,27/04/2024,1423.77,HW0X9Z6,90 m² Maison de vacances ∙ 3 chambres ∙ 6 personnes,Veysonnaz - Valais
15/04/2024,27/04/2024,04/05/2024,1423.77,HW0X9Z6,90 m² Maison de vacances ∙ 3 chambres ∙ 6 personnes,Veysonnaz - Valais
15/04/2024,04/05/2024,11/05/2024,1423.77,HW0X9Z6,90 m² Maison de vacances ∙ 3 chambres ∙ 6 personnes,Veysonnaz - Valais
15/04/2024,11/05/2024,18/05/2024,1423.77,HW0X9Z6,90 m² Maison de vacances ∙ 3 chambres ∙ 6 personnes,Veysonnaz - Valais
15/04/2024,18/05/2024,25/05/2024,1423.77,HW0X9Z6,90 m² Maison de vacances ∙ 3 chambres ∙ 6 personnes,Veysonnaz - Valais
15/04/2024,25/05/2024,01/06/2024,1423.77,HW0X9Z6,90 m² Maison de vacances ∙ 3 chambres ∙ 6 personnes,Veysonnaz - Valais
15/04/2024,01/06/2024,08/06/2024,1423.77,HW0X9Z6,90 m² Maison de vacances ∙ 3 chambres ∙ 6 personnes,Veysonnaz - Valais
15/04/2024,08/06/2024,15/06/2024,1423.77,HW0X9Z6,90 m² Maison de vacances ∙ 3 chambres ∙ 6 personnes,Veysonnaz - Valais
15/04/2024,15/06/2024,22/06/2024,1423.77,HW0X9Z6,90 m² Maison de vacances ∙ 3 chambres ∙ 6 personnes,Veysonnaz - Valais
15/04/2024,22/06/2024,29/06/2024,1423.77,HW0X9Z6,90 m² Maison de vacances ∙ 3 chambres ∙ 6 personnes,Veysonnaz - Valais
15/04/2024,29/06/2024,06/07/2024,1423.77,HW0X9Z6,90 m² Maison de vacances ∙ 3 chambres ∙ 6 personnes,Veysonnaz - Valais
15/04/2024,06/07/2024,13/07/2024,1724.81,HW0X9Z6,90 m² Maison de vacances ∙ 3 chambres ∙ 6 personnes,Veysonnaz - Valais
15/04/2024,13/07/2024,20/07/2024,1724.81,HW0X9Z6,90 m² Maison de vacances ∙ 3 chambres ∙ 6 personnes,Veysonnaz - Valais
15/04/2024,20/07/2024,27/07/2024,1724.81,HW0X9Z6,90 m² Maison de vacances ∙ 3 chambres ∙ 6 personnes,Veysonnaz - Valais
15/04/2024,27/07/2024,03/08/2024,1724.81,HW0X9Z6,90 m² Maison de vacances ∙ 3 chambres ∙ 6 personnes,Veysonnaz - Valais
15/04/2024,03/08/2024,10/08/2024,1724.81,HW0X9Z6,90 m² Maison de vacances ∙ 3 chambres ∙ 6 personnes,Veysonnaz - Valais
15/04/2024,10/08/2024,17/08/2024,1724.81,HW0X9Z6,90 m² Maison de vacances ∙ 3 chambres ∙ 6 personnes,Veysonnaz - Valais
15/04/2024,17/08/2024,24/08/2024,1724.81,HW0X9Z6,90 m² Maison de vacances ∙ 3 chambres ∙ 6 personnes,Veysonnaz - Valais
15/04/2024,24/08/2024,31/08/2024,1423.77,HW0X9Z6,90 m² Maison de vacances ∙ 3 chambres ∙ 6 personnes,Veysonnaz - Valais
15/04/2024,31/08/2024,07/09/2024,1423.77,HW0X9Z6,90 m² Maison de vacances ∙ 3 chambres ∙ 6 personnes,Veysonnaz - Valais
15/04/2024,07/09/2024,14/09/2024,1423.77,HW0X9Z6,90 m² Maison de vacances ∙ 3 chambres ∙ 6 personnes,Veysonnaz - Valais
15/04/2024,28/09/2024,05/10/2024,1423.77,HW0X9Z6,90 m² Maison de vacances ∙ 3 chambres ∙ 6 personnes,Veysonnaz - Valais
15/04/2024,19/10/2024,26/10/2024,1423.77,HW0X9Z6,90 m² Maison de vacances ∙ 3 chambres ∙ 6 personnes,Veysonnaz - Valais
15/04/2024,20/04/2024,27/04/2024,800.03,H62Y1GJ,100 m² Village vacances ∙ 3 chambres ∙ 6 personnes,Ernen - Valais
15/04/2024,27/04/2024,04/05/2024,1014.48,H62Y1GJ,100 m² Village vacances ∙ 3 chambres ∙ 6 personnes,Ernen - Valais
15/04/2024,04/05/2024,11/05/2024,1014.48,H62Y1GJ,100 m² Village vacances ∙ 3 chambres ∙ 6 personnes,Ernen - Valais
15/04/2024,11/05/2024,18/05/2024,1014.48,H62Y1GJ,100 m² Village vacances ∙ 3 chambres ∙ 6 personnes,Ernen - Valais
15/04/2024,18/05/2024,25/05/2024,1014.48,H62Y1GJ,100 m² Village vacances ∙ 3 chambres ∙ 6 personnes,Ernen - Valais
15/04/2024,25/05/2024,01/06/2024,1014.48,H62Y1GJ,100 m² Village vacances ∙ 3 chambres ∙ 6 personnes,Ernen - Valais
15/04/2024,15/06/2024,22/06/2024,1014.48,H62Y1GJ,100 m² Village vacances ∙ 3 chambres ∙ 6 personnes,Ernen - Valais
15/04/2024,22/06/2024,29/06/2024,1014.48,H62Y1GJ,100 m² Village vacances ∙ 3 chambres ∙ 6 personnes,Ernen - Valais
15/04/2024,10/08/2024,17/08/2024,1390.02,H62Y1GJ,100 m² Village vacances ∙ 3 chambres ∙ 6 personnes,Ernen - Valais
15/04/2024,24/08/2024,31/08/2024,1314.75,H62Y1GJ,100 m² Village vacances ∙ 3 chambres ∙ 6 personnes,Ernen - Valais
15/04/2024,14/09/2024,21/09/2024,1014.67,H62Y1GJ,100 m² Village vacances ∙ 3 chambres ∙ 6 personnes,Ernen - Valais
15/04/2024,21/09/2024,28/09/2024,1014.67,H62Y1GJ,100 m² Village vacances ∙ 3 chambres ∙ 6 personnes,Ernen - Valais
15/04/2024,28/09/2024,05/10/2024,1014.67,H62Y1GJ,100 m² Village vacances ∙ 3 chambres ∙ 6 personnes,Ernen - Valais
15/04/2024,05/10/2024,12/10/2024,1014.67,H62Y1GJ,100 m² Village vacances ∙ 3 chambres ∙ 6 personnes,Ernen - Valais
15/04/2024,19/10/2024,26/10/2024,1014.67,H62Y1GJ,100 m² Village vacances ∙ 3 chambres ∙ 6 personnes,Ernen - Valais
15/04/2024,26/10/2024,02/11/2024,1014.67,H62Y1GJ,100 m² Village vacances ∙ 3 chambres ∙ 6 personnes,Ernen - Valais
15/04/2024,01/06/2024,08/06/2024,1329.18,H4MFTLD,Appartement ∙ 2 chambres ∙ 6 personnes,Saas Fee - Valais
15/04/2024,08/06/2024,15/06/2024,1329.18,H4MFTLD,Appartement ∙ 2 chambres ∙ 6 personnes,Saas Fee - Valais
15/04/2024,15/06/2024,22/06/2024,1329.18,H4MFTLD,Appartement ∙ 2 chambres ∙ 6 personnes,Saas Fee - Valais
15/04/2024,22/06/2024,29/06/2024,1329.18,H4MFTLD,Appartement ∙ 2 chambres ∙ 6 personnes,Saas Fee - Valais
15/04/2024,29/06/2024,06/07/2024,1329.18,H4MFTLD,Appartement ∙ 2 chambres ∙ 6 personnes,Saas Fee - Valais
15/04/2024,06/07/2024,13/07/2024,1445.71,H4MFTLD,Appartement ∙ 2 chambres ∙ 6 personnes,Saas Fee - Valais
15/04/2024,13/07/2024,20/07/2024,1445.71,H4MFTLD,Appartement ∙ 2 chambres ∙ 6 personnes,Saas Fee - Valais
15/04/2024,03/08/2024,10/08/2024,1638.54,H4MFTLD,Appartement ∙ 2 chambres ∙ 6 personnes,Saas Fee - Valais
15/04/2024,31/08/2024,07/09/2024,1329.18,H4MFTLD,Appartement ∙ 2 chambres ∙ 6 personnes,Saas Fee - Valais
15/04/2024,07/09/2024,14/09/2024,1329.18,H4MFTLD,Appartement ∙ 2 chambres ∙ 6 personnes,Saas Fee - Valais
15/04/2024,14/09/2024,21/09/2024,1329.18,H4MFTLD,Appartement ∙ 2 chambres ∙ 6 personnes,Saas Fee - Valais
15/04/2024,21/09/2024,28/09/2024,1329.18,H4MFTLD,Appartement ∙ 2 chambres ∙ 6 personnes,Saas Fee - Valais
15/04/2024,28/09/2024,05/10/2024,1329.18,H4MFTLD,Appartement ∙ 2 chambres ∙ 6 personnes,Saas Fee - Valais
15/04/2024,05/10/2024,12/10/2024,1329.18,H4MFTLD,Appartement ∙ 2 chambres ∙ 6 personnes,Saas Fee - Valais
15/04/2024,12/10/2024,19/10/2024,1329.18,H4MFTLD,Appartement ∙ 2 chambres ∙ 6 personnes,Saas Fee - Valais
15/04/2024,19/10/2024,26/10/2024,1329.18,H4MFTLD,Appartement ∙ 2 chambres ∙ 6 personnes,Saas Fee - Valais
15/04/2024,26/10/2024,02/11/2024,1329.18,H4MFTLD,Appartement ∙ 2 chambres ∙ 6 personnes,Saas Fee - Valais
15/04/2024,20/04/2024,27/04/2024,1235.76,HM5NPTV,107 m² Appartement ∙ 3 chambres ∙ 6 personnes,Saas Fee - Valais
15/04/2024,27/04/2024,04/05/2024,1180.59,HM5NPTV,107 m² Appartement ∙ 3 chambres ∙ 6 personnes,Saas Fee - Valais
15/04/2024,04/05/2024,11/05/2024,1158.52,HM5NPTV,107 m² Appartement ∙ 3 chambres ∙ 6 personnes,Saas Fee - Valais
15/04/2024,11/05/2024,18/05/2024,1158.52,HM5NPTV,107 m² Appartement ∙ 3 chambres ∙ 6 personnes,Saas Fee - Valais
15/04/2024,18/05/2024,25/05/2024,1158.52,HM5NPTV,107 m² Appartement ∙ 3 chambres ∙ 6 personnes,Saas Fee - Valais
15/04/2024,25/05/2024,01/06/2024,1158.52,HM5NPTV,107 m² Appartement ∙ 3 chambres ∙ 6 personnes,Saas Fee - Valais
15/04/2024,01/06/2024,08/06/2024,1158.52,HM5NPTV,107 m² Appartement ∙ 3 chambres ∙ 6 personnes,Saas Fee - Valais
15/04/2024,08/06/2024,15/06/2024,1158.52,HM5NPTV,107 m² Appartement ∙ 3 chambres ∙ 6 personnes,Saas Fee - Valais
15/04/2024,15/06/2024,22/06/2024,1158.52,HM5NPTV,107 m² Appartement ∙ 3 chambres ∙ 6 personnes,Saas Fee - Valais
15/04/2024,22/06/2024,29/06/2024,1158.52,HM5NPTV,107 m² Appartement ∙ 3 chambres ∙ 6 personnes,Saas Fee - Valais
15/04/2024,29/06/2024,06/07/2024,1158.52,HM5NPTV,107 m² Appartement ∙ 3 chambres ∙ 6 personnes,Saas Fee - Valais
15/04/2024,06/07/2024,13/07/2024,1158.52,HM5NPTV,107 m² Appartement ∙ 3 chambres ∙ 6 personnes,Saas Fee - Valais
15/04/2024,10/08/2024,17/08/2024,1158.52,HM5NPTV,107 m² Appartement ∙ 3 chambres ∙ 6 personnes,Saas Fee - Valais
15/04/2024,31/08/2024,07/09/2024,1158.52,HM5NPTV,107 m² Appartement ∙ 3 chambres ∙ 6 personnes,Saas Fee - Valais
15/04/2024,07/09/2024,14/09/2024,1158.52,HM5NPTV,107 m² Appartement ∙ 3 chambres ∙ 6 personnes,Saas Fee - Valais
15/04/2024,14/09/2024,21/09/2024,1158.52,HM5NPTV,107 m² Appartement ∙ 3 chambres ∙ 6 personnes,Saas Fee - Valais
15/04/2024,21/09/2024,28/09/2024,1158.52,HM5NPTV,107 m² Appartement ∙ 3 chambres ∙ 6 personnes,Saas Fee - Valais
15/04/2024,12/10/2024,19/10/2024,1158.52,HM5NPTV,107 m² Appartement ∙ 3 chambres ∙ 6 personnes,Saas Fee - Valais
15/04/2024,19/10/2024,26/10/2024,1158.52,HM5NPTV,107 m² Appartement ∙ 3 chambres ∙ 6 personnes,Saas Fee - Valais
15/04/2024,26/10/2024,02/11/2024,1169.56,HM5NPTV,107 m² Appartement ∙ 3 chambres ∙ 6 personnes,Saas Fee - Valais
15/04/2024,04/05/2024,11/05/2024,556.09,HU7K5J3,26 m² Appartement ∙ 1 chambre ∙ 2 personnes,Saas Fee - Valais
15/04/2024,11/05/2024,18/05/2024,556.09,HU7K5J3,26 m² Appartement ∙ 1 chambre ∙ 2 personnes,Saas Fee - Valais
15/04/2024,18/05/2024,25/05/2024,556.09,HU7K5J3,26 m² Appartement ∙ 1 chambre ∙ 2 personnes,Saas Fee - Valais
15/04/2024,25/05/2024,01/06/2024,556.09,HU7K5J3,26 m² Appartement ∙ 1 chambre ∙ 2 personnes,Saas Fee - Valais
15/04/2024,01/06/2024,08/06/2024,556.09,HU7K5J3,26 m² Appartement ∙ 1 chambre ∙ 2 personnes,Saas Fee - Valais
15/04/2024,08/06/2024,15/06/2024,556.09,HU7K5J3,26 m² Appartement ∙ 1 chambre ∙ 2 personnes,Saas Fee - Valais
15/04/2024,15/06/2024,22/06/2024,556.09,HU7K5J3,26 m² Appartement ∙ 1 chambre ∙ 2 personnes,Saas Fee - Valais
15/04/2024,22/06/2024,29/06/2024,556.09,HU7K5J3,26 m² Appartement ∙ 1 chambre ∙ 2 personnes,Saas Fee - Valais
15/04/2024,29/06/2024,06/07/2024,556.09,HU7K5J3,26 m² Appartement ∙ 1 chambre ∙ 2 personnes,Saas Fee - Valais
15/04/2024,06/07/2024,13/07/2024,656.49,HU7K5J3,26 m² Appartement ∙ 1 chambre ∙ 2 personnes,Saas Fee - Valais
15/04/2024,13/07/2024,20/07/2024,656.49,HU7K5J3,26 m² Appartement ∙ 1 chambre ∙ 2 personnes,Saas Fee - Valais
15/04/2024,20/07/2024,27/07/2024,656.49,HU7K5J3,26 m² Appartement ∙ 1 chambre ∙ 2 personnes,Saas Fee - Valais
15/04/2024,27/07/2024,03/08/2024,656.49,HU7K5J3,26 m² Appartement ∙ 1 chambre ∙ 2 personnes,Saas Fee - Valais
15/04/2024,10/08/2024,17/08/2024,602.43,HU7K5J3,26 m² Appartement ∙ 1 chambre ∙ 2 personnes,Saas Fee - Valais
15/04/2024,17/08/2024,24/08/2024,602.43,HU7K5J3,26 m² Appartement ∙ 1 chambre ∙ 2 personnes,Saas Fee - Valais
15/04/2024,24/08/2024,31/08/2024,602.43,HU7K5J3,26 m² Appartement ∙ 1 chambre ∙ 2 personnes,Saas Fee - Valais
15/04/2024,31/08/2024,07/09/2024,602.43,HU7K5J3,26 m² Appartement ∙ 1 chambre ∙ 2 personnes,Saas Fee - Valais
15/04/2024,07/09/2024,14/09/2024,602.43,HU7K5J3,26 m² Appartement ∙ 1 chambre ∙ 2 personnes,Saas Fee - Valais
15/04/2024,14/09/2024,21/09/2024,602.43,HU7K5J3,26 m² Appartement ∙ 1 chambre ∙ 2 personnes,Saas Fee - Valais
15/04/2024,21/09/2024,28/09/2024,602.43,HU7K5J3,26 m² Appartement ∙ 1 chambre ∙ 2 personnes,Saas Fee - Valais
15/04/2024,28/09/2024,05/10/2024,602.43,HU7K5J3,26 m² Appartement ∙ 1 chambre ∙ 2 personnes,Saas Fee - Valais
15/04/2024,05/10/2024,12/10/2024,602.43,HU7K5J3,26 m² Appartement ∙ 1 chambre ∙ 2 personnes,Saas Fee - Valais
15/04/2024,12/10/2024,19/10/2024,602.43,HU7K5J3,26 m² Appartement ∙ 1 chambre ∙ 2 personnes,Saas Fee - Valais
15/04/2024,19/10/2024,26/10/2024,602.43,HU7K5J3,26 m² Appartement ∙ 1 chambre ∙ 2 personnes,Saas Fee - Valais
15/04/2024,26/10/2024,02/11/2024,602.43,HU7K5J3,26 m² Appartement ∙ 1 chambre ∙ 2 personnes,Saas Fee - Valais
15/04/2024,01/06/2024,08/06/2024,2046.88,H86SMPU,180 m² Maison de vacances ∙ 4 chambres ∙ 8 personnes,Hérémence - Valais
15/04/2024,08/06/2024,15/06/2024,2046.88,H86SMPU,180 m² Maison de vacances ∙ 4 chambres ∙ 8 personnes,Hérémence - Valais
15/04/2024,15/06/2024,22/06/2024,2046.88,H86SMPU,180 m² Maison de vacances ∙ 4 chambres ∙ 8 personnes,Hérémence - Valais
15/04/2024,22/06/2024,29/06/2024,2046.88,H86SMPU,180 m² Maison de vacances ∙ 4 chambres ∙ 8 personnes,Hérémence - Valais
15/04/2024,29/06/2024,06/07/2024,2046.88,H86SMPU,180 m² Maison de vacances ∙ 4 chambres ∙ 8 personnes,Hérémence - Valais
15/04/2024,06/07/2024,13/07/2024,2046.88,H86SMPU,180 m² Maison de vacances ∙ 4 chambres ∙ 8 personnes,Hérémence - Valais
15/04/2024,13/07/2024,20/07/2024,2046.88,H86SMPU,180 m² Maison de vacances ∙ 4 chambres ∙ 8 personnes,Hérémence - Valais
15/04/2024,20/07/2024,27/07/2024,2046.88,H86SMPU,180 m² Maison de vacances ∙ 4 chambres ∙ 8 personnes,Hérémence - Valais
15/04/2024,03/08/2024,10/08/2024,1015.71,H86SMPU,180 m² Maison de vacances ∙ 4 chambres ∙ 8 personnes,Hérémence - Valais
15/04/2024,10/08/2024,17/08/2024,2046.88,H86SMPU,180 m² Maison de vacances ∙ 4 chambres ∙ 8 personnes,Hérémence - Valais
15/04/2024,17/08/2024,24/08/2024,2046.88,H86SMPU,180 m² Maison de vacances ∙ 4 chambres ∙ 8 personnes,Hérémence - Valais
15/04/2024,24/08/2024,31/08/2024,2046.88,H86SMPU,180 m² Maison de vacances ∙ 4 chambres ∙ 8 personnes,Hérémence - Valais
15/04/2024,31/08/2024,07/09/2024,2046.88,H86SMPU,180 m² Maison de vacances ∙ 4 chambres ∙ 8 personnes,Hérémence - Valais
15/04/2024,07/09/2024,14/09/2024,2046.88,H86SMPU,180 m² Maison de vacances ∙ 4 chambres ∙ 8 personnes,Hérémence - Valais
15/04/2024,14/09/2024,21/09/2024,2046.88,H86SMPU,180 m² Maison de vacances ∙ 4 chambres ∙ 8 personnes,Hérémence - Valais
15/04/2024,21/09/2024,28/09/2024,2046.88,H86SMPU,180 m² Maison de vacances ∙ 4 chambres ∙ 8 personnes,Hérémence - Valais
15/04/2024,27/04/2024,04/05/2024,849.58,H02YPDN,60 m² Appartement ∙ 1 chambre ∙ 4 personnes,Saas Fee - Valais
15/04/2024,18/05/2024,25/05/2024,849.58,H02YPDN,60 m² Appartement ∙ 1 chambre ∙ 4 personnes,Saas Fee - Valais
15/04/2024,25/05/2024,01/06/2024,849.58,H02YPDN,60 m² Appartement ∙ 1 chambre ∙ 4 personnes,Saas Fee - Valais
15/04/2024,01/06/2024,08/06/2024,849.58,H02YPDN,60 m² Appartement ∙ 1 chambre ∙ 4 personnes,Saas Fee - Valais
15/04/2024,10/08/2024,17/08/2024,1004.05,H02YPDN,60 m² Appartement ∙ 1 chambre ∙ 4 personnes,Saas Fee - Valais
15/04/2024,20/04/2024,27/04/2024,733.74,HWB46H1,50 m² Appartement ∙ 1 chambre ∙ 4 personnes,Saas Fee - Valais
15/04/2024,01/06/2024,08/06/2024,733.74,HWB46H1,50 m² Appartement ∙ 1 chambre ∙ 4 personnes,Saas Fee - Valais
15/04/2024,08/06/2024,15/06/2024,733.74,HWB46H1,50 m² Appartement ∙ 1 chambre ∙ 4 personnes,Saas Fee - Valais
15/04/2024,28/09/2024,05/10/2024,733.74,HWB46H1,50 m² Appartement ∙ 1 chambre ∙ 4 personnes,Saas Fee - Valais
15/04/2024,05/10/2024,12/10/2024,733.74,HWB46H1,50 m² Appartement ∙ 1 chambre ∙ 4 personnes,Saas Fee - Valais
15/04/2024,12/10/2024,19/10/2024,733.74,HWB46H1,50 m² Appartement ∙ 1 chambre ∙ 4 personnes,Saas Fee - Valais
15/04/2024,19/10/2024,26/10/2024,733.74,HWB46H1,50 m² Appartement ∙ 1 chambre ∙ 4 personnes,Saas Fee - Valais
15/04/2024,26/10/2024,02/11/2024,783.39,HWB46H1,50 m² Appartement ∙ 1 chambre ∙ 4 personnes,Saas Fee - Valais
15/04/2024,22/06/2024,29/06/2024,502.03,HEYWASV,38 m² Appartement ∙ 1 chambre ∙ 2 personnes,Saas Fee - Valais
15/04/2024,29/06/2024,06/07/2024,502.03,HEYWASV,38 m² Appartement ∙ 1 chambre ∙ 2 personnes,Saas Fee - Valais
15/04/2024,06/07/2024,13/07/2024,502.03,HEYWASV,38 m² Appartement ∙ 1 chambre ∙ 2 personnes,Saas Fee - Valais
15/04/2024,03/08/2024,10/08/2024,502.03,HEYWASV,38 m² Appartement ∙ 1 chambre ∙ 2 personnes,Saas Fee - Valais
15/04/2024,17/08/2024,24/08/2024,463.41,HEYWASV,38 m² Appartement ∙ 1 chambre ∙ 2 personnes,Saas Fee - Valais
15/04/2024,24/08/2024,31/08/2024,463.41,HEYWASV,38 m² Appartement ∙ 1 chambre ∙ 2 personnes,Saas Fee - Valais
15/04/2024,31/08/2024,07/09/2024,463.41,HEYWASV,38 m² Appartement ∙ 1 chambre ∙ 2 personnes,Saas Fee - Valais
15/04/2024,07/09/2024,14/09/2024,463.41,HEYWASV,38 m² Appartement ∙ 1 chambre ∙ 2 personnes,Saas Fee - Valais
15/04/2024,14/09/2024,21/09/2024,463.41,HEYWASV,38 m² Appartement ∙ 1 chambre ∙ 2 personnes,Saas Fee - Valais
15/04/2024,21/09/2024,28/09/2024,463.41,HEYWASV,38 m² Appartement ∙ 1 chambre ∙ 2 personnes,Saas Fee - Valais
15/04/2024,22/06/2024,29/06/2024,577.46,H9M3SWN,25 m² Appartement ∙ 1 chambre ∙ 2 personnes,Saas Fee - Valais
15/04/2024,21/09/2024,28/09/2024,678.51,H9M3SWN,25 m² Appartement ∙ 1 chambre ∙ 2 personnes,Saas Fee - Valais
15/04/2024,28/09/2024,05/10/2024,678.51,H9M3SWN,25 m² Appartement ∙ 1 chambre ∙ 2 personnes,Saas Fee - Valais
15/04/2024,20/04/2024,27/04/2024,388.15,H3ZFHGR,65 m² Appartement ∙ 2 chambres ∙ 4 personnes,Fieschertal - Valais
15/04/2024,27/04/2024,04/05/2024,412.87,H3ZFHGR,65 m² Appartement ∙ 2 chambres ∙ 4 personnes,Fieschertal - Valais
15/04/2024,04/05/2024,11/05/2024,428.31,H3ZFHGR,65 m² Appartement ∙ 2 chambres ∙ 4 personnes,Fieschertal - Valais
15/04/2024,11/05/2024,18/05/2024,428.31,H3ZFHGR,65 m² Appartement ∙ 2 chambres ∙ 4 personnes,Fieschertal - Valais
15/04/2024,18/05/2024,25/05/2024,428.31,H3ZFHGR,65 m² Appartement ∙ 2 chambres ∙ 4 personnes,Fieschertal - Valais
15/04/2024,25/05/2024,01/06/2024,428.31,H3ZFHGR,65 m² Appartement ∙ 2 chambres ∙ 4 personnes,Fieschertal - Valais
15/04/2024,01/06/2024,08/06/2024,432.29,H3ZFHGR,65 m² Appartement ∙ 2 chambres ∙ 4 personnes,Fieschertal - Valais
15/04/2024,08/06/2024,15/06/2024,550.71,H3ZFHGR,65 m² Appartement ∙ 2 chambres ∙ 4 personnes,Fieschertal - Valais
15/04/2024,29/06/2024,06/07/2024,700.04,H3ZFHGR,65 m² Appartement ∙ 2 chambres ∙ 4 personnes,Fieschertal - Valais
15/04/2024,06/07/2024,13/07/2024,700.04,H3ZFHGR,65 m² Appartement ∙ 2 chambres ∙ 4 personnes,Fieschertal - Valais
15/04/2024,13/07/2024,20/07/2024,700.04,H3ZFHGR,65 m² Appartement ∙ 2 chambres ∙ 4 personnes,Fieschertal - Valais
15/04/2024,10/08/2024,17/08/2024,700.04,H3ZFHGR,65 m² Appartement ∙ 2 chambres ∙ 4 personnes,Fieschertal - Valais
15/04/2024,17/08/2024,24/08/2024,700.04,H3ZFHGR,65 m² Appartement ∙ 2 chambres ∙ 4 personnes,Fieschertal - Valais
15/04/2024,24/08/2024,31/08/2024,589.12,H3ZFHGR,65 m² Appartement ∙ 2 chambres ∙ 4 personnes,Fieschertal - Valais
15/04/2024,31/08/2024,07/09/2024,589.12,H3ZFHGR,65 m² Appartement ∙ 2 chambres ∙ 4 personnes,Fieschertal - Valais
15/04/2024,07/09/2024,14/09/2024,550.71,H3ZFHGR,65 m² Appartement ∙ 2 chambres ∙ 4 personnes,Fieschertal - Valais
15/04/2024,14/09/2024,21/09/2024,550.71,H3ZFHGR,65 m² Appartement ∙ 2 chambres ∙ 4 personnes,Fieschertal - Valais
15/04/2024,21/09/2024,28/09/2024,550.71,H3ZFHGR,65 m² Appartement ∙ 2 chambres ∙ 4 personnes,Fieschertal - Valais
15/04/2024,28/09/2024,05/10/2024,550.71,H3ZFHGR,65 m² Appartement ∙ 2 chambres ∙ 4 personnes,Fieschertal - Valais
15/04/2024,05/10/2024,12/10/2024,550.71,H3ZFHGR,65 m² Appartement ∙ 2 chambres ∙ 4 personnes,Fieschertal - Valais
15/04/2024,12/10/2024,19/10/2024,550.71,H3ZFHGR,65 m² Appartement ∙ 2 chambres ∙ 4 personnes,Fieschertal - Valais
15/04/2024,19/10/2024,26/10/2024,550.71,H3ZFHGR,65 m² Appartement ∙ 2 chambres ∙ 4 personnes,Fieschertal - Valais
15/04/2024,26/10/2024,02/11/2024,595.69,H3ZFHGR,65 m² Appartement ∙ 2 chambres ∙ 4 personnes,Fieschertal - Valais
15/04/2024,01/06/2024,08/06/2024,926.82,HE2KU09,70 m² Appartement ∙ 2 chambres ∙ 4 personnes,Saas-Almagell - Valais
15/04/2024,08/06/2024,15/06/2024,926.82,HE2KU09,70 m² Appartement ∙ 2 chambres ∙ 4 personnes,Saas-Almagell - Valais
15/04/2024,15/06/2024,22/06/2024,926.82,HE2KU09,70 m² Appartement ∙ 2 chambres ∙ 4 personnes,Saas-Almagell - Valais
15/04/2024,06/07/2024,13/07/2024,1081.28,HE2KU09,70 m² Appartement ∙ 2 chambres ∙ 4 personnes,Saas-Almagell - Valais
15/04/2024,27/07/2024,03/08/2024,1081.28,HE2KU09,70 m² Appartement ∙ 2 chambres ∙ 4 personnes,Saas-Almagell - Valais
15/04/2024,10/08/2024,17/08/2024,1081.28,HE2KU09,70 m² Appartement ∙ 2 chambres ∙ 4 personnes,Saas-Almagell - Valais
15/04/2024,24/08/2024,31/08/2024,1081.28,HE2KU09,70 m² Appartement ∙ 2 chambres ∙ 4 personnes,Saas-Almagell - Valais
15/04/2024,31/08/2024,07/09/2024,1004.05,HE2KU09,70 m² Appartement ∙ 2 chambres ∙ 4 personnes,Saas-Almagell - Valais
15/04/2024,07/09/2024,14/09/2024,1004.05,HE2KU09,70 m² Appartement ∙ 2 chambres ∙ 4 personnes,Saas-Almagell - Valais
15/04/2024,14/09/2024,21/09/2024,1004.05,HE2KU09,70 m² Appartement ∙ 2 chambres ∙ 4 personnes,Saas-Almagell - Valais
15/04/2024,21/09/2024,28/09/2024,1004.05,HE2KU09,70 m² Appartement ∙ 2 chambres ∙ 4 personnes,Saas-Almagell - Valais
15/04/2024,28/09/2024,05/10/2024,1004.05,HE2KU09,70 m² Appartement ∙ 2 chambres ∙ 4 personnes,Saas-Almagell - Valais
15/04/2024,05/10/2024,12/10/2024,1004.05,HE2KU09,70 m² Appartement ∙ 2 chambres ∙ 4 personnes,Saas-Almagell - Valais
15/04/2024,12/10/2024,19/10/2024,1004.05,HE2KU09,70 m² Appartement ∙ 2 chambres ∙ 4 personnes,Saas-Almagell - Valais
15/04/2024,20/04/2024,27/04/2024,719.00,H3E481G,46 m² Appartement ∙ 1 chambre ∙ 4 personnes,Hérémence - Valais
15/04/2024,27/04/2024,04/05/2024,719.00,H3E481G,46 m² Appartement ∙ 1 chambre ∙ 4 personnes,Hérémence - Valais
15/04/2024,08/06/2024,15/06/2024,849.58,HYA7E0V,70 m² Appartement ∙ 2 chambres ∙ 5 personnes,Saas Fee - Valais
15/04/2024,15/06/2024,22/06/2024,849.58,HYA7E0V,70 m² Appartement ∙ 2 chambres ∙ 5 personnes,Saas Fee - Valais
15/04/2024,22/06/2024,29/06/2024,849.58,HYA7E0V,70 m² Appartement ∙ 2 chambres ∙ 5 personnes,Saas Fee - Valais
15/04/2024,29/06/2024,06/07/2024,849.58,HYA7E0V,70 m² Appartement ∙ 2 chambres ∙ 5 personnes,Saas Fee - Valais
15/04/2024,06/07/2024,13/07/2024,1081.29,HYA7E0V,70 m² Appartement ∙ 2 chambres ∙ 5 personnes,Saas Fee - Valais
15/04/2024,13/07/2024,20/07/2024,1081.29,HYA7E0V,70 m² Appartement ∙ 2 chambres ∙ 5 personnes,Saas Fee - Valais
15/04/2024,20/07/2024,27/07/2024,1081.29,HYA7E0V,70 m² Appartement ∙ 2 chambres ∙ 5 personnes,Saas Fee - Valais
15/04/2024,03/08/2024,10/08/2024,1081.29,HYA7E0V,70 m² Appartement ∙ 2 chambres ∙ 5 personnes,Saas Fee - Valais
15/04/2024,10/08/2024,17/08/2024,1081.29,HYA7E0V,70 m² Appartement ∙ 2 chambres ∙ 5 personnes,Saas Fee - Valais
15/04/2024,17/08/2024,24/08/2024,1081.29,HYA7E0V,70 m² Appartement ∙ 2 chambres ∙ 5 personnes,Saas Fee - Valais
15/04/2024,24/08/2024,31/08/2024,1081.29,HYA7E0V,70 m² Appartement ∙ 2 chambres ∙ 5 personnes,Saas Fee - Valais
15/04/2024,31/08/2024,07/09/2024,1809.50,HYA7E0V,70 m² Appartement ∙ 2 chambres ∙ 5 personnes,Saas Fee - Valais
15/04/2024,07/09/2024,14/09/2024,1930.87,HYA7E0V,70 m² Appartement ∙ 2 chambres ∙ 5 personnes,Saas Fee - Valais
15/04/2024,14/09/2024,21/09/2024,1930.87,HYA7E0V,70 m² Appartement ∙ 2 chambres ∙ 5 personnes,Saas Fee - Valais
15/04/2024,21/09/2024,28/09/2024,1930.87,HYA7E0V,70 m² Appartement ∙ 2 chambres ∙ 5 personnes,Saas Fee - Valais
15/04/2024,28/09/2024,05/10/2024,1930.87,HYA7E0V,70 m² Appartement ∙ 2 chambres ∙ 5 personnes,Saas Fee - Valais
15/04/2024,05/10/2024,12/10/2024,1930.87,HYA7E0V,70 m² Appartement ∙ 2 chambres ∙ 5 personnes,Saas Fee - Valais
15/04/2024,12/10/2024,19/10/2024,1930.87,HYA7E0V,70 m² Appartement ∙ 2 chambres ∙ 5 personnes,Saas Fee - Valais
15/04/2024,19/10/2024,26/10/2024,1930.87,HYA7E0V,70 m² Appartement ∙ 2 chambres ∙ 5 personnes,Saas Fee - Valais
15/04/2024,26/10/2024,02/11/2024,1776.40,HYA7E0V,70 m² Appartement ∙ 2 chambres ∙ 5 personnes,Saas Fee - Valais
15/04/2024,01/06/2024,08/06/2024,1243.75,H85XKUD,52 m² Appartement ∙ 1 chambre ∙ 4 personnes,Saas Fee - Valais
15/04/2024,08/06/2024,15/06/2024,1243.75,H85XKUD,52 m² Appartement ∙ 1 chambre ∙ 4 personnes,Saas Fee - Valais
15/04/2024,15/06/2024,22/06/2024,1243.75,H85XKUD,52 m² Appartement ∙ 1 chambre ∙ 4 personnes,Saas Fee - Valais
15/04/2024,29/06/2024,06/07/2024,1243.75,H85XKUD,52 m² Appartement ∙ 1 chambre ∙ 4 personnes,Saas Fee - Valais
15/04/2024,06/07/2024,13/07/2024,1498.14,H85XKUD,52 m² Appartement ∙ 1 chambre ∙ 4 personnes,Saas Fee - Valais
15/04/2024,13/07/2024,20/07/2024,1536.75,H85XKUD,52 m² Appartement ∙ 1 chambre ∙ 4 personnes,Saas Fee - Valais
15/04/2024,07/09/2024,14/09/2024,1282.37,H85XKUD,52 m² Appartement ∙ 1 chambre ∙ 4 personnes,Saas Fee - Valais
15/04/2024,14/09/2024,21/09/2024,1282.37,H85XKUD,52 m² Appartement ∙ 1 chambre ∙ 4 personnes,Saas Fee - Valais
15/04/2024,21/09/2024,28/09/2024,1282.37,H85XKUD,52 m² Appartement ∙ 1 chambre ∙ 4 personnes,Saas Fee - Valais
15/04/2024,28/09/2024,05/10/2024,1282.37,H85XKUD,52 m² Appartement ∙ 1 chambre ∙ 4 personnes,Saas Fee - Valais
15/04/2024,05/10/2024,12/10/2024,1282.37,H85XKUD,52 m² Appartement ∙ 1 chambre ∙ 4 personnes,Saas Fee - Valais
15/04/2024,12/10/2024,19/10/2024,1282.37,H85XKUD,52 m² Appartement ∙ 1 chambre ∙ 4 personnes,Saas Fee - Valais
15/04/2024,19/10/2024,26/10/2024,1282.37,H85XKUD,52 m² Appartement ∙ 1 chambre ∙ 4 personnes,Saas Fee - Valais
15/04/2024,26/10/2024,02/11/2024,1282.37,H85XKUD,52 m² Appartement ∙ 1 chambre ∙ 4 personnes,Saas Fee - Valais
15/04/2024,20/04/2024,27/04/2024,2539.78,HA61XPG,184 m² Maison de vacances ∙ 4 chambres ∙ 9 personnes,Nendaz - Valais
15/04/2024,27/04/2024,04/05/2024,2539.78,HA61XPG,184 m² Maison de vacances ∙ 4 chambres ∙ 9 personnes,Nendaz - Valais
15/04/2024,04/05/2024,11/05/2024,2539.78,HA61XPG,184 m² Maison de vacances ∙ 4 chambres ∙ 9 personnes,Nendaz - Valais
15/04/2024,11/05/2024,18/05/2024,2539.78,HA61XPG,184 m² Maison de vacances ∙ 4 chambres ∙ 9 personnes,Nendaz - Valais
15/04/2024,18/05/2024,25/05/2024,2539.78,HA61XPG,184 m² Maison de vacances ∙ 4 chambres ∙ 9 personnes,Nendaz - Valais
15/04/2024,25/05/2024,01/06/2024,2539.78,HA61XPG,184 m² Maison de vacances ∙ 4 chambres ∙ 9 personnes,Nendaz - Valais
15/04/2024,01/06/2024,08/06/2024,2539.78,HA61XPG,184 m² Maison de vacances ∙ 4 chambres ∙ 9 personnes,Nendaz - Valais
15/04/2024,08/06/2024,15/06/2024,2539.78,HA61XPG,184 m² Maison de vacances ∙ 4 chambres ∙ 9 personnes,Nendaz - Valais
15/04/2024,15/06/2024,22/06/2024,2539.78,HA61XPG,184 m² Maison de vacances ∙ 4 chambres ∙ 9 personnes,Nendaz - Valais
15/04/2024,22/06/2024,29/06/2024,2539.78,HA61XPG,184 m² Maison de vacances ∙ 4 chambres ∙ 9 personnes,Nendaz - Valais
15/04/2024,29/06/2024,06/07/2024,3318.32,HA61XPG,184 m² Maison de vacances ∙ 4 chambres ∙ 9 personnes,Nendaz - Valais
15/04/2024,24/08/2024,31/08/2024,2539.78,HA61XPG,184 m² Maison de vacances ∙ 4 chambres ∙ 9 personnes,Nendaz - Valais
15/04/2024,31/08/2024,07/09/2024,2539.78,HA61XPG,184 m² Maison de vacances ∙ 4 chambres ∙ 9 personnes,Nendaz - Valais
15/04/2024,07/09/2024,14/09/2024,2539.78,HA61XPG,184 m² Maison de vacances ∙ 4 chambres ∙ 9 personnes,Nendaz - Valais
15/04/2024,14/09/2024,21/09/2024,2539.78,HA61XPG,184 m² Maison de vacances ∙ 4 chambres ∙ 9 personnes,Nendaz - Valais
15/04/2024,21/09/2024,28/09/2024,2539.78,HA61XPG,184 m² Maison de vacances ∙ 4 chambres ∙ 9 personnes,Nendaz - Valais
15/04/2024,28/09/2024,05/10/2024,2539.78,HA61XPG,184 m² Maison de vacances ∙ 4 chambres ∙ 9 personnes,Nendaz - Valais
15/04/2024,05/10/2024,12/10/2024,2539.78,HA61XPG,184 m² Maison de vacances ∙ 4 chambres ∙ 9 personnes,Nendaz - Valais
15/04/2024,12/10/2024,19/10/2024,2539.78,HA61XPG,184 m² Maison de vacances ∙ 4 chambres ∙ 9 personnes,Nendaz - Valais
15/04/2024,19/10/2024,26/10/2024,2539.78,HA61XPG,184 m² Maison de vacances ∙ 4 chambres ∙ 9 personnes,Nendaz - Valais
15/04/2024,26/10/2024,02/11/2024,2539.78,HA61XPG,184 m² Maison de vacances ∙ 4 chambres ∙ 9 personnes,Nendaz - Valais
15/04/2024,20/04/2024,27/04/2024,613.55,HGPJ475,Appartement ∙ 1 chambre ∙ 4 personnes,Grächen - Valais
15/04/2024,27/04/2024,04/05/2024,613.55,HGPJ475,Appartement ∙ 1 chambre ∙ 4 personnes,Grächen - Valais
15/04/2024,18/05/2024,25/05/2024,613.55,HGPJ475,Appartement ∙ 1 chambre ∙ 4 personnes,Grächen - Valais
15/04/2024,25/05/2024,01/06/2024,613.55,HGPJ475,Appartement ∙ 1 chambre ∙ 4 personnes,Grächen - Valais
15/04/2024,01/06/2024,08/06/2024,613.55,HGPJ475,Appartement ∙ 1 chambre ∙ 4 personnes,Grächen - Valais
15/04/2024,08/06/2024,15/06/2024,613.55,HGPJ475,Appartement ∙ 1 chambre ∙ 4 personnes,Grächen - Valais
15/04/2024,15/06/2024,22/06/2024,613.55,HGPJ475,Appartement ∙ 1 chambre ∙ 4 personnes,Grächen - Valais
15/04/2024,22/06/2024,29/06/2024,613.55,HGPJ475,Appartement ∙ 1 chambre ∙ 4 personnes,Grächen - Valais
15/04/2024,29/06/2024,06/07/2024,613.55,HGPJ475,Appartement ∙ 1 chambre ∙ 4 personnes,Grächen - Valais
15/04/2024,06/07/2024,13/07/2024,685.73,HGPJ475,Appartement ∙ 1 chambre ∙ 4 personnes,Grächen - Valais
15/04/2024,13/07/2024,20/07/2024,685.73,HGPJ475,Appartement ∙ 1 chambre ∙ 4 personnes,Grächen - Valais
15/04/2024,20/07/2024,27/07/2024,685.73,HGPJ475,Appartement ∙ 1 chambre ∙ 4 personnes,Grächen - Valais
15/04/2024,27/07/2024,03/08/2024,685.73,HGPJ475,Appartement ∙ 1 chambre ∙ 4 personnes,Grächen - Valais
15/04/2024,03/08/2024,10/08/2024,685.73,HGPJ475,Appartement ∙ 1 chambre ∙ 4 personnes,Grächen - Valais
15/04/2024,10/08/2024,17/08/2024,685.73,HGPJ475,Appartement ∙ 1 chambre ∙ 4 personnes,Grächen - Valais
15/04/2024,24/08/2024,31/08/2024,613.55,HGPJ475,Appartement ∙ 1 chambre ∙ 4 personnes,Grächen - Valais
15/04/2024,31/08/2024,07/09/2024,613.55,HGPJ475,Appartement ∙ 1 chambre ∙ 4 personnes,Grächen - Valais
15/04/2024,07/09/2024,14/09/2024,613.55,HGPJ475,Appartement ∙ 1 chambre ∙ 4 personnes,Grächen - Valais
15/04/2024,14/09/2024,21/09/2024,613.55,HGPJ475,Appartement ∙ 1 chambre ∙ 4 personnes,Grächen - Valais
15/04/2024,21/09/2024,28/09/2024,613.55,HGPJ475,Appartement ∙ 1 chambre ∙ 4 personnes,Grächen - Valais
15/04/2024,28/09/2024,05/10/2024,613.55,HGPJ475,Appartement ∙ 1 chambre ∙ 4 personnes,Grächen - Valais
15/04/2024,05/10/2024,12/10/2024,613.55,HGPJ475,Appartement ∙ 1 chambre ∙ 4 personnes,Grächen - Valais
15/04/2024,12/10/2024,19/10/2024,613.55,HGPJ475,Appartement ∙ 1 chambre ∙ 4 personnes,Grächen - Valais
15/04/2024,19/10/2024,26/10/2024,613.55,HGPJ475,Appartement ∙ 1 chambre ∙ 4 personnes,Grächen - Valais
15/04/2024,26/10/2024,02/11/2024,613.55,HGPJ475,Appartement ∙ 1 chambre ∙ 4 personnes,Grächen - Valais
15/04/2024,20/04/2024,27/04/2024,984.77,HM5DVSU,120 m² Appartement ∙ 3 chambres ∙ 8 personnes,Nendaz - Valais
15/04/2024,27/04/2024,04/05/2024,1222.97,HM5DVSU,120 m² Appartement ∙ 3 chambres ∙ 8 personnes,Nendaz - Valais
15/04/2024,04/05/2024,11/05/2024,1222.97,HM5DVSU,120 m² Appartement ∙ 3 chambres ∙ 8 personnes,Nendaz - Valais
15/04/2024,11/05/2024,18/05/2024,1222.97,HM5DVSU,120 m² Appartement ∙ 3 chambres ∙ 8 personnes,Nendaz - Valais
15/04/2024,18/05/2024,25/05/2024,1222.97,HM5DVSU,120 m² Appartement ∙ 3 chambres ∙ 8 personnes,Nendaz - Valais
15/04/2024,25/05/2024,01/06/2024,1222.97,HM5DVSU,120 m² Appartement ∙ 3 chambres ∙ 8 personnes,Nendaz - Valais
15/04/2024,15/06/2024,22/06/2024,1222.97,HM5DVSU,120 m² Appartement ∙ 3 chambres ∙ 8 personnes,Nendaz - Valais
15/04/2024,22/06/2024,29/06/2024,1222.97,HM5DVSU,120 m² Appartement ∙ 3 chambres ∙ 8 personnes,Nendaz - Valais
15/04/2024,29/06/2024,06/07/2024,1222.97,HM5DVSU,120 m² Appartement ∙ 3 chambres ∙ 8 personnes,Nendaz - Valais
15/04/2024,06/07/2024,13/07/2024,1222.97,HM5DVSU,120 m² Appartement ∙ 3 chambres ∙ 8 personnes,Nendaz - Valais
15/04/2024,13/07/2024,20/07/2024,1523.04,HM5DVSU,120 m² Appartement ∙ 3 chambres ∙ 8 personnes,Nendaz - Valais
15/04/2024,03/08/2024,10/08/2024,1523.04,HM5DVSU,120 m² Appartement ∙ 3 chambres ∙ 8 personnes,Nendaz - Valais
15/04/2024,31/08/2024,07/09/2024,1222.97,HM5DVSU,120 m² Appartement ∙ 3 chambres ∙ 8 personnes,Nendaz - Valais
15/04/2024,07/09/2024,14/09/2024,1222.97,HM5DVSU,120 m² Appartement ∙ 3 chambres ∙ 8 personnes,Nendaz - Valais
15/04/2024,14/09/2024,21/09/2024,1222.97,HM5DVSU,120 m² Appartement ∙ 3 chambres ∙ 8 personnes,Nendaz - Valais
15/04/2024,21/09/2024,28/09/2024,1222.97,HM5DVSU,120 m² Appartement ∙ 3 chambres ∙ 8 personnes,Nendaz - Valais
15/04/2024,28/09/2024,05/10/2024,1222.97,HM5DVSU,120 m² Appartement ∙ 3 chambres ∙ 8 personnes,Nendaz - Valais
15/04/2024,05/10/2024,12/10/2024,1222.97,HM5DVSU,120 m² Appartement ∙ 3 chambres ∙ 8 personnes,Nendaz - Valais
15/04/2024,12/10/2024,19/10/2024,1222.97,HM5DVSU,120 m² Appartement ∙ 3 chambres ∙ 8 personnes,Nendaz - Valais
15/04/2024,19/10/2024,26/10/2024,1222.97,HM5DVSU,120 m² Appartement ∙ 3 chambres ∙ 8 personnes,Nendaz - Valais
15/04/2024,26/10/2024,02/11/2024,1222.97,HM5DVSU,120 m² Appartement ∙ 3 chambres ∙ 8 personnes,Nendaz - Valais
15/04/2024,18/05/2024,25/05/2024,1232.25,H9Y0FD4,94 m² Appartement ∙ 2 chambres ∙ 6 personnes,Loèche-les-Bains - Valais
15/04/2024,25/05/2024,01/06/2024,1232.25,H9Y0FD4,94 m² Appartement ∙ 2 chambres ∙ 6 personnes,Loèche-les-Bains - Valais
15/04/2024,01/06/2024,08/06/2024,1232.25,H9Y0FD4,94 m² Appartement ∙ 2 chambres ∙ 6 personnes,Loèche-les-Bains - Valais
15/04/2024,08/06/2024,15/06/2024,1232.25,H9Y0FD4,94 m² Appartement ∙ 2 chambres ∙ 6 personnes,Loèche-les-Bains - Valais
15/04/2024,15/06/2024,22/06/2024,1232.25,H9Y0FD4,94 m² Appartement ∙ 2 chambres ∙ 6 personnes,Loèche-les-Bains - Valais
15/04/2024,22/06/2024,29/06/2024,1232.25,H9Y0FD4,94 m² Appartement ∙ 2 chambres ∙ 6 personnes,Loèche-les-Bains - Valais
15/04/2024,29/06/2024,06/07/2024,1232.25,H9Y0FD4,94 m² Appartement ∙ 2 chambres ∙ 6 personnes,Loèche-les-Bains - Valais
15/04/2024,06/07/2024,13/07/2024,1382.80,H9Y0FD4,94 m² Appartement ∙ 2 chambres ∙ 6 personnes,Loèche-les-Bains - Valais
15/04/2024,27/07/2024,03/08/2024,1382.80,H9Y0FD4,94 m² Appartement ∙ 2 chambres ∙ 6 personnes,Loèche-les-Bains - Valais
15/04/2024,03/08/2024,10/08/2024,1382.80,H9Y0FD4,94 m² Appartement ∙ 2 chambres ∙ 6 personnes,Loèche-les-Bains - Valais
15/04/2024,10/08/2024,17/08/2024,1382.80,H9Y0FD4,94 m² Appartement ∙ 2 chambres ∙ 6 personnes,Loèche-les-Bains - Valais
15/04/2024,17/08/2024,24/08/2024,1232.25,H9Y0FD4,94 m² Appartement ∙ 2 chambres ∙ 6 personnes,Loèche-les-Bains - Valais
15/04/2024,24/08/2024,31/08/2024,1232.25,H9Y0FD4,94 m² Appartement ∙ 2 chambres ∙ 6 personnes,Loèche-les-Bains - Valais
15/04/2024,31/08/2024,07/09/2024,1232.25,H9Y0FD4,94 m² Appartement ∙ 2 chambres ∙ 6 personnes,Loèche-les-Bains - Valais
15/04/2024,07/09/2024,14/09/2024,1232.25,H9Y0FD4,94 m² Appartement ∙ 2 chambres ∙ 6 personnes,Loèche-les-Bains - Valais
15/04/2024,14/09/2024,21/09/2024,1232.25,H9Y0FD4,94 m² Appartement ∙ 2 chambres ∙ 6 personnes,Loèche-les-Bains - Valais
15/04/2024,21/09/2024,28/09/2024,1232.25,H9Y0FD4,94 m² Appartement ∙ 2 chambres ∙ 6 personnes,Loèche-les-Bains - Valais
15/04/2024,28/09/2024,05/10/2024,1232.25,H9Y0FD4,94 m² Appartement ∙ 2 chambres ∙ 6 personnes,Loèche-les-Bains - Valais
15/04/2024,05/10/2024,12/10/2024,1232.25,H9Y0FD4,94 m² Appartement ∙ 2 chambres ∙ 6 personnes,Loèche-les-Bains - Valais
15/04/2024,12/10/2024,19/10/2024,1232.25,H9Y0FD4,94 m² Appartement ∙ 2 chambres ∙ 6 personnes,Loèche-les-Bains - Valais
15/04/2024,19/10/2024,26/10/2024,1232.25,H9Y0FD4,94 m² Appartement ∙ 2 chambres ∙ 6 personnes,Loèche-les-Bains - Valais
15/04/2024,27/04/2024,04/05/2024,477.43,H0CLKHW,30 m² Appartement ∙ 1 chambre ∙ 2 personnes,Nendaz - Valais
15/04/2024,04/05/2024,11/05/2024,477.43,H0CLKHW,30 m² Appartement ∙ 1 chambre ∙ 2 personnes,Nendaz - Valais
15/04/2024,11/05/2024,18/05/2024,477.43,H0CLKHW,30 m² Appartement ∙ 1 chambre ∙ 2 personnes,Nendaz - Valais
15/04/2024,18/05/2024,25/05/2024,477.43,H0CLKHW,30 m² Appartement ∙ 1 chambre ∙ 2 personnes,Nendaz - Valais
15/04/2024,25/05/2024,01/06/2024,477.43,H0CLKHW,30 m² Appartement ∙ 1 chambre ∙ 2 personnes,Nendaz - Valais
15/04/2024,01/06/2024,08/06/2024,477.43,H0CLKHW,30 m² Appartement ∙ 1 chambre ∙ 2 personnes,Nendaz - Valais
15/04/2024,08/06/2024,15/06/2024,477.43,H0CLKHW,30 m² Appartement ∙ 1 chambre ∙ 2 personnes,Nendaz - Valais
15/04/2024,15/06/2024,22/06/2024,477.43,H0CLKHW,30 m² Appartement ∙ 1 chambre ∙ 2 personnes,Nendaz - Valais
15/04/2024,22/06/2024,29/06/2024,477.43,H0CLKHW,30 m² Appartement ∙ 1 chambre ∙ 2 personnes,Nendaz - Valais
15/04/2024,29/06/2024,06/07/2024,477.43,H0CLKHW,30 m² Appartement ∙ 1 chambre ∙ 2 personnes,Nendaz - Valais
15/04/2024,06/07/2024,13/07/2024,477.43,H0CLKHW,30 m² Appartement ∙ 1 chambre ∙ 2 personnes,Nendaz - Valais
15/04/2024,13/07/2024,20/07/2024,597.05,H0CLKHW,30 m² Appartement ∙ 1 chambre ∙ 2 personnes,Nendaz - Valais
15/04/2024,03/08/2024,10/08/2024,597.05,H0CLKHW,30 m² Appartement ∙ 1 chambre ∙ 2 personnes,Nendaz - Valais
15/04/2024,10/08/2024,17/08/2024,597.05,H0CLKHW,30 m² Appartement ∙ 1 chambre ∙ 2 personnes,Nendaz - Valais
15/04/2024,17/08/2024,24/08/2024,477.43,H0CLKHW,30 m² Appartement ∙ 1 chambre ∙ 2 personnes,Nendaz - Valais
15/04/2024,24/08/2024,31/08/2024,477.43,H0CLKHW,30 m² Appartement ∙ 1 chambre ∙ 2 personnes,Nendaz - Valais
15/04/2024,31/08/2024,07/09/2024,477.43,H0CLKHW,30 m² Appartement ∙ 1 chambre ∙ 2 personnes,Nendaz - Valais
15/04/2024,07/09/2024,14/09/2024,477.43,H0CLKHW,30 m² Appartement ∙ 1 chambre ∙ 2 personnes,Nendaz - Valais
15/04/2024,14/09/2024,21/09/2024,477.43,H0CLKHW,30 m² Appartement ∙ 1 chambre ∙ 2 personnes,Nendaz - Valais
15/04/2024,21/09/2024,28/09/2024,477.43,H0CLKHW,30 m² Appartement ∙ 1 chambre ∙ 2 personnes,Nendaz - Valais
15/04/2024,28/09/2024,05/10/2024,477.43,H0CLKHW,30 m² Appartement ∙ 1 chambre ∙ 2 personnes,Nendaz - Valais
15/04/2024,05/10/2024,12/10/2024,477.43,H0CLKHW,30 m² Appartement ∙ 1 chambre ∙ 2 personnes,Nendaz - Valais
15/04/2024,12/10/2024,19/10/2024,477.43,H0CLKHW,30 m² Appartement ∙ 1 chambre ∙ 2 personnes,Nendaz - Valais
15/04/2024,19/10/2024,26/10/2024,477.43,H0CLKHW,30 m² Appartement ∙ 1 chambre ∙ 2 personnes,Nendaz - Valais
15/04/2024,26/10/2024,02/11/2024,477.43,H0CLKHW,30 m² Appartement ∙ 1 chambre ∙ 2 personnes,Nendaz - Valais
15/04/2024,20/04/2024,27/04/2024,1254.94,HZVLUTB,140 m² Maison de vacances ∙ 3 chambres ∙ 8 personnes,Orsières - Valais
15/04/2024,27/04/2024,04/05/2024,1254.94,HZVLUTB,140 m² Maison de vacances ∙ 3 chambres ∙ 8 personnes,Orsières - Valais
15/04/2024,08/06/2024,15/06/2024,1254.94,HZVLUTB,140 m² Maison de vacances ∙ 3 chambres ∙ 8 personnes,Orsières - Valais
15/04/2024,15/06/2024,22/06/2024,1254.94,HZVLUTB,140 m² Maison de vacances ∙ 3 chambres ∙ 8 personnes,Orsières - Valais
15/04/2024,22/06/2024,29/06/2024,1254.94,HZVLUTB,140 m² Maison de vacances ∙ 3 chambres ∙ 8 personnes,Orsières - Valais
15/04/2024,27/07/2024,03/08/2024,2958.44,HZVLUTB,140 m² Maison de vacances ∙ 3 chambres ∙ 8 personnes,Orsières - Valais
15/04/2024,03/08/2024,10/08/2024,2958.44,HZVLUTB,140 m² Maison de vacances ∙ 3 chambres ∙ 8 personnes,Orsières - Valais
15/04/2024,31/08/2024,07/09/2024,1479.73,HZVLUTB,140 m² Maison de vacances ∙ 3 chambres ∙ 8 personnes,Orsières - Valais
15/04/2024,12/10/2024,19/10/2024,1479.73,HZVLUTB,140 m² Maison de vacances ∙ 3 chambres ∙ 8 personnes,Orsières - Valais
15/04/2024,19/10/2024,26/10/2024,1479.73,HZVLUTB,140 m² Maison de vacances ∙ 3 chambres ∙ 8 personnes,Orsières - Valais
15/04/2024,20/04/2024,27/04/2024,1896.33,HDHNXTK,210 m² Maison de vacances ∙ 4 chambres ∙ 8 personnes,Nendaz - Valais
15/04/2024,27/04/2024,04/05/2024,2489.25,HDHNXTK,210 m² Maison de vacances ∙ 4 chambres ∙ 8 personnes,Nendaz - Valais
15/04/2024,04/05/2024,11/05/2024,2489.25,HDHNXTK,210 m² Maison de vacances ∙ 4 chambres ∙ 8 personnes,Nendaz - Valais
15/04/2024,11/05/2024,18/05/2024,2489.25,HDHNXTK,210 m² Maison de vacances ∙ 4 chambres ∙ 8 personnes,Nendaz - Valais
15/04/2024,18/05/2024,25/05/2024,2489.25,HDHNXTK,210 m² Maison de vacances ∙ 4 chambres ∙ 8 personnes,Nendaz - Valais
15/04/2024,25/05/2024,01/06/2024,2489.25,HDHNXTK,210 m² Maison de vacances ∙ 4 chambres ∙ 8 personnes,Nendaz - Valais
15/04/2024,01/06/2024,08/06/2024,2489.25,HDHNXTK,210 m² Maison de vacances ∙ 4 chambres ∙ 8 personnes,Nendaz - Valais
15/04/2024,22/06/2024,29/06/2024,2489.25,HDHNXTK,210 m² Maison de vacances ∙ 4 chambres ∙ 8 personnes,Nendaz - Valais
15/04/2024,07/09/2024,14/09/2024,2489.25,HDHNXTK,210 m² Maison de vacances ∙ 4 chambres ∙ 8 personnes,Nendaz - Valais
15/04/2024,21/09/2024,28/09/2024,2489.25,HDHNXTK,210 m² Maison de vacances ∙ 4 chambres ∙ 8 personnes,Nendaz - Valais
15/04/2024,28/09/2024,05/10/2024,2489.25,HDHNXTK,210 m² Maison de vacances ∙ 4 chambres ∙ 8 personnes,Nendaz - Valais
15/04/2024,05/10/2024,12/10/2024,2489.25,HDHNXTK,210 m² Maison de vacances ∙ 4 chambres ∙ 8 personnes,Nendaz - Valais
15/04/2024,12/10/2024,19/10/2024,2489.25,HDHNXTK,210 m² Maison de vacances ∙ 4 chambres ∙ 8 personnes,Nendaz - Valais
15/04/2024,08/06/2024,15/06/2024,896.09,HPBMC67,Appartement ∙ 2 chambres ∙ 4 personnes,Saas-Balen - Valais
15/04/2024,15/06/2024,22/06/2024,896.09,HPBMC67,Appartement ∙ 2 chambres ∙ 4 personnes,Saas-Balen - Valais
15/04/2024,22/06/2024,29/06/2024,896.09,HPBMC67,Appartement ∙ 2 chambres ∙ 4 personnes,Saas-Balen - Valais
15/04/2024,07/09/2024,14/09/2024,896.09,HPBMC67,Appartement ∙ 2 chambres ∙ 4 personnes,Saas-Balen - Valais
15/04/2024,14/09/2024,21/09/2024,896.09,HPBMC67,Appartement ∙ 2 chambres ∙ 4 personnes,Saas-Balen - Valais
15/04/2024,19/10/2024,26/10/2024,818.75,HPBMC67,Appartement ∙ 2 chambres ∙ 4 personnes,Saas-Balen - Valais
15/04/2024,26/10/2024,02/11/2024,818.75,HPBMC67,Appartement ∙ 2 chambres ∙ 4 personnes,Saas-Balen - Valais
15/04/2024,22/06/2024,29/06/2024,873.40,HMESCKT,Appartement ∙ 1 chambre ∙ 4 personnes,Fiesch - Valais
15/04/2024,29/06/2024,06/07/2024,873.40,HMESCKT,Appartement ∙ 1 chambre ∙ 4 personnes,Fiesch - Valais
15/04/2024,06/07/2024,13/07/2024,1098.20,HMESCKT,Appartement ∙ 1 chambre ∙ 4 personnes,Fiesch - Valais
15/04/2024,13/07/2024,20/07/2024,1098.20,HMESCKT,Appartement ∙ 1 chambre ∙ 4 personnes,Fiesch - Valais
15/04/2024,07/09/2024,14/09/2024,928.06,HMESCKT,Appartement ∙ 1 chambre ∙ 4 personnes,Fiesch - Valais
15/04/2024,14/09/2024,21/09/2024,873.40,HMESCKT,Appartement ∙ 1 chambre ∙ 4 personnes,Fiesch - Valais
15/04/2024,21/09/2024,28/09/2024,873.40,HMESCKT,Appartement ∙ 1 chambre ∙ 4 personnes,Fiesch - Valais
15/04/2024,28/09/2024,05/10/2024,873.40,HMESCKT,Appartement ∙ 1 chambre ∙ 4 personnes,Fiesch - Valais
15/04/2024,05/10/2024,12/10/2024,873.40,HMESCKT,Appartement ∙ 1 chambre ∙ 4 personnes,Fiesch - Valais
15/04/2024,12/10/2024,19/10/2024,873.40,HMESCKT,Appartement ∙ 1 chambre ∙ 4 personnes,Fiesch - Valais
15/04/2024,18/05/2024,25/05/2024,630.05,HDX7ABC,54 m² Village vacances ∙ 2 chambres ∙ 6 personnes,Zinal - Ayer - Valais
15/04/2024,25/05/2024,01/06/2024,630.05,HDX7ABC,54 m² Village vacances ∙ 2 chambres ∙ 6 personnes,Zinal - Ayer - Valais
15/04/2024,01/06/2024,08/06/2024,630.05,HDX7ABC,54 m² Village vacances ∙ 2 chambres ∙ 6 personnes,Zinal - Ayer - Valais
15/04/2024,08/06/2024,15/06/2024,630.05,HDX7ABC,54 m² Village vacances ∙ 2 chambres ∙ 6 personnes,Zinal - Ayer - Valais
15/04/2024,15/06/2024,22/06/2024,818.75,HDX7ABC,54 m² Village vacances ∙ 2 chambres ∙ 6 personnes,Zinal - Ayer - Valais
15/04/2024,22/06/2024,29/06/2024,818.75,HDX7ABC,54 m² Village vacances ∙ 2 chambres ∙ 6 personnes,Zinal - Ayer - Valais
15/04/2024,29/06/2024,06/07/2024,1031.17,HDX7ABC,54 m² Village vacances ∙ 2 chambres ∙ 6 personnes,Zinal - Ayer - Valais
15/04/2024,06/07/2024,13/07/2024,1561.20,HDX7ABC,54 m² Village vacances ∙ 2 chambres ∙ 6 personnes,Zinal - Ayer - Valais
15/04/2024,13/07/2024,20/07/2024,1734.43,HDX7ABC,54 m² Village vacances ∙ 2 chambres ∙ 6 personnes,Zinal - Ayer - Valais
15/04/2024,20/07/2024,27/07/2024,1734.43,HDX7ABC,54 m² Village vacances ∙ 2 chambres ∙ 6 personnes,Zinal - Ayer - Valais
15/04/2024,27/07/2024,03/08/2024,1561.20,HDX7ABC,54 m² Village vacances ∙ 2 chambres ∙ 6 personnes,Zinal - Ayer - Valais
15/04/2024,17/08/2024,24/08/2024,1013.64,HDX7ABC,54 m² Village vacances ∙ 2 chambres ∙ 6 personnes,Zinal - Ayer - Valais
15/04/2024,24/08/2024,31/08/2024,713.57,HDX7ABC,54 m² Village vacances ∙ 2 chambres ∙ 6 personnes,Zinal - Ayer - Valais
15/04/2024,31/08/2024,07/09/2024,713.57,HDX7ABC,54 m² Village vacances ∙ 2 chambres ∙ 6 personnes,Zinal - Ayer - Valais
15/04/2024,07/09/2024,14/09/2024,713.57,HDX7ABC,54 m² Village vacances ∙ 2 chambres ∙ 6 personnes,Zinal - Ayer - Valais
15/04/2024,14/09/2024,21/09/2024,713.57,HDX7ABC,54 m² Village vacances ∙ 2 chambres ∙ 6 personnes,Zinal - Ayer - Valais
15/04/2024,21/09/2024,28/09/2024,713.57,HDX7ABC,54 m² Village vacances ∙ 2 chambres ∙ 6 personnes,Zinal - Ayer - Valais
15/04/2024,28/09/2024,05/10/2024,713.57,HDX7ABC,54 m² Village vacances ∙ 2 chambres ∙ 6 personnes,Zinal - Ayer - Valais
15/04/2024,05/10/2024,12/10/2024,1013.64,HDX7ABC,54 m² Village vacances ∙ 2 chambres ∙ 6 personnes,Zinal - Ayer - Valais
15/04/2024,12/10/2024,19/10/2024,1013.64,HDX7ABC,54 m² Village vacances ∙ 2 chambres ∙ 6 personnes,Zinal - Ayer - Valais
15/04/2024,19/10/2024,26/10/2024,713.57,HDX7ABC,54 m² Village vacances ∙ 2 chambres ∙ 6 personnes,Zinal - Ayer - Valais
15/04/2024,01/06/2024,08/06/2024,794.01,HEDXUAC,Appartement ∙ 3 chambres ∙ 8 personnes,Grächen - Valais
15/04/2024,24/08/2024,31/08/2024,794.25,HEDXUAC,Appartement ∙ 3 chambres ∙ 8 personnes,Grächen - Valais
15/04/2024,31/08/2024,07/09/2024,629.88,HWPGH61,30 m² Appartement ∙ 1 chambre ∙ 3 personnes,Sion - Valais
15/04/2024,21/09/2024,28/09/2024,561.08,HWPGH61,30 m² Appartement ∙ 1 chambre ∙ 3 personnes,Sion - Valais
15/04/2024,28/09/2024,05/10/2024,548.04,HWPGH61,30 m² Appartement ∙ 1 chambre ∙ 3 personnes,Sion - Valais
15/04/2024,05/10/2024,12/10/2024,538.55,HWPGH61,30 m² Appartement ∙ 1 chambre ∙ 3 personnes,Sion - Valais
15/04/2024,12/10/2024,19/10/2024,553.97,HWPGH61,30 m² Appartement ∙ 1 chambre ∙ 3 personnes,Sion - Valais
15/04/2024,19/10/2024,26/10/2024,549.22,HWPGH61,30 m² Appartement ∙ 1 chambre ∙ 3 personnes,Sion - Valais
15/04/2024,20/04/2024,27/04/2024,677.69,H0MGVJD,55 m² Appartement ∙ 1 chambre ∙ 4 personnes,Nendaz - Valais
15/04/2024,27/04/2024,04/05/2024,677.69,H0MGVJD,55 m² Appartement ∙ 1 chambre ∙ 4 personnes,Nendaz - Valais
15/04/2024,04/05/2024,11/05/2024,677.69,H0MGVJD,55 m² Appartement ∙ 1 chambre ∙ 4 personnes,Nendaz - Valais
15/04/2024,11/05/2024,18/05/2024,677.69,H0MGVJD,55 m² Appartement ∙ 1 chambre ∙ 4 personnes,Nendaz - Valais
15/04/2024,18/05/2024,25/05/2024,677.69,H0MGVJD,55 m² Appartement ∙ 1 chambre ∙ 4 personnes,Nendaz - Valais
15/04/2024,25/05/2024,01/06/2024,677.69,H0MGVJD,55 m² Appartement ∙ 1 chambre ∙ 4 personnes,Nendaz - Valais
15/04/2024,01/06/2024,08/06/2024,677.69,H0MGVJD,55 m² Appartement ∙ 1 chambre ∙ 4 personnes,Nendaz - Valais
15/04/2024,08/06/2024,15/06/2024,677.69,H0MGVJD,55 m² Appartement ∙ 1 chambre ∙ 4 personnes,Nendaz - Valais
15/04/2024,15/06/2024,22/06/2024,677.69,H0MGVJD,55 m² Appartement ∙ 1 chambre ∙ 4 personnes,Nendaz - Valais
15/04/2024,27/07/2024,03/08/2024,926.28,H0MGVJD,55 m² Appartement ∙ 1 chambre ∙ 4 personnes,Nendaz - Valais
15/04/2024,24/08/2024,31/08/2024,677.69,H0MGVJD,55 m² Appartement ∙ 1 chambre ∙ 4 personnes,Nendaz - Valais
15/04/2024,31/08/2024,07/09/2024,677.69,H0MGVJD,55 m² Appartement ∙ 1 chambre ∙ 4 personnes,Nendaz - Valais
15/04/2024,07/09/2024,14/09/2024,677.69,H0MGVJD,55 m² Appartement ∙ 1 chambre ∙ 4 personnes,Nendaz - Valais
15/04/2024,14/09/2024,21/09/2024,677.69,H0MGVJD,55 m² Appartement ∙ 1 chambre ∙ 4 personnes,Nendaz - Valais
15/04/2024,21/09/2024,28/09/2024,677.69,H0MGVJD,55 m² Appartement ∙ 1 chambre ∙ 4 personnes,Nendaz - Valais
15/04/2024,28/09/2024,05/10/2024,677.69,H0MGVJD,55 m² Appartement ∙ 1 chambre ∙ 4 personnes,Nendaz - Valais
15/04/2024,05/10/2024,12/10/2024,677.69,H0MGVJD,55 m² Appartement ∙ 1 chambre ∙ 4 personnes,Nendaz - Valais
15/04/2024,12/10/2024,19/10/2024,677.69,H0MGVJD,55 m² Appartement ∙ 1 chambre ∙ 4 personnes,Nendaz - Valais
15/04/2024,19/10/2024,26/10/2024,677.69,H0MGVJD,55 m² Appartement ∙ 1 chambre ∙ 4 personnes,Nendaz - Valais
15/04/2024,26/10/2024,02/11/2024,677.69,H0MGVJD,55 m² Appartement ∙ 1 chambre ∙ 4 personnes,Nendaz - Valais
15/04/2024,20/04/2024,27/04/2024,1027.37,HWYB17M,60 m² Appartement ∙ 2 chambres ∙ 4 personnes,Saas Fee - Valais
15/04/2024,11/05/2024,18/05/2024,1027.37,HWYB17M,60 m² Appartement ∙ 2 chambres ∙ 4 personnes,Saas Fee - Valais
15/04/2024,18/05/2024,25/05/2024,1027.37,HWYB17M,60 m² Appartement ∙ 2 chambres ∙ 4 personnes,Saas Fee - Valais
15/04/2024,25/05/2024,01/06/2024,1027.37,HWYB17M,60 m² Appartement ∙ 2 chambres ∙ 4 personnes,Saas Fee - Valais
15/04/2024,01/06/2024,08/06/2024,1027.37,HWYB17M,60 m² Appartement ∙ 2 chambres ∙ 4 personnes,Saas Fee - Valais
15/04/2024,08/06/2024,15/06/2024,1027.37,HWYB17M,60 m² Appartement ∙ 2 chambres ∙ 4 personnes,Saas Fee - Valais
15/04/2024,29/06/2024,06/07/2024,1162.49,HWYB17M,60 m² Appartement ∙ 2 chambres ∙ 4 personnes,Saas Fee - Valais
15/04/2024,31/08/2024,07/09/2024,1162.49,HWYB17M,60 m² Appartement ∙ 2 chambres ∙ 4 personnes,Saas Fee - Valais
15/04/2024,07/09/2024,14/09/2024,1162.49,HWYB17M,60 m² Appartement ∙ 2 chambres ∙ 4 personnes,Saas Fee - Valais
15/04/2024,14/09/2024,21/09/2024,1162.49,HWYB17M,60 m² Appartement ∙ 2 chambres ∙ 4 personnes,Saas Fee - Valais
15/04/2024,21/09/2024,28/09/2024,1162.49,HWYB17M,60 m² Appartement ∙ 2 chambres ∙ 4 personnes,Saas Fee - Valais
15/04/2024,28/09/2024,05/10/2024,1162.49,HWYB17M,60 m² Appartement ∙ 2 chambres ∙ 4 personnes,Saas Fee - Valais
15/04/2024,05/10/2024,12/10/2024,1027.37,HWYB17M,60 m² Appartement ∙ 2 chambres ∙ 4 personnes,Saas Fee - Valais
15/04/2024,12/10/2024,19/10/2024,1027.37,HWYB17M,60 m² Appartement ∙ 2 chambres ∙ 4 personnes,Saas Fee - Valais
15/04/2024,19/10/2024,26/10/2024,1027.37,HWYB17M,60 m² Appartement ∙ 2 chambres ∙ 4 personnes,Saas Fee - Valais
15/04/2024,26/10/2024,02/11/2024,1027.37,HWYB17M,60 m² Appartement ∙ 2 chambres ∙ 4 personnes,Saas Fee - Valais
15/04/2024,20/04/2024,27/04/2024,681.82,HRHMKU3,Appartement ∙ 1 chambre ∙ 4 personnes,Ovronnaz - Leytron - Valais
15/04/2024,27/04/2024,04/05/2024,681.82,HRHMKU3,Appartement ∙ 1 chambre ∙ 4 personnes,Ovronnaz - Leytron - Valais
15/04/2024,04/05/2024,11/05/2024,681.82,HRHMKU3,Appartement ∙ 1 chambre ∙ 4 personnes,Ovronnaz - Leytron - Valais
15/04/2024,11/05/2024,18/05/2024,681.82,HRHMKU3,Appartement ∙ 1 chambre ∙ 4 personnes,Ovronnaz - Leytron - Valais
15/04/2024,18/05/2024,25/05/2024,811.78,HRHMKU3,Appartement ∙ 1 chambre ∙ 4 personnes,Ovronnaz - Leytron - Valais
15/04/2024,25/05/2024,01/06/2024,811.78,HRHMKU3,Appartement ∙ 1 chambre ∙ 4 personnes,Ovronnaz - Leytron - Valais
15/04/2024,01/06/2024,08/06/2024,811.78,HRHMKU3,Appartement ∙ 1 chambre ∙ 4 personnes,Ovronnaz - Leytron - Valais
15/04/2024,08/06/2024,15/06/2024,811.78,HRHMKU3,Appartement ∙ 1 chambre ∙ 4 personnes,Ovronnaz - Leytron - Valais
15/04/2024,15/06/2024,22/06/2024,811.78,HRHMKU3,Appartement ∙ 1 chambre ∙ 4 personnes,Ovronnaz - Leytron - Valais
15/04/2024,22/06/2024,29/06/2024,811.78,HRHMKU3,Appartement ∙ 1 chambre ∙ 4 personnes,Ovronnaz - Leytron - Valais
15/04/2024,29/06/2024,06/07/2024,811.78,HRHMKU3,Appartement ∙ 1 chambre ∙ 4 personnes,Ovronnaz - Leytron - Valais
15/04/2024,06/07/2024,13/07/2024,811.78,HRHMKU3,Appartement ∙ 1 chambre ∙ 4 personnes,Ovronnaz - Leytron - Valais
15/04/2024,13/07/2024,20/07/2024,932.47,HRHMKU3,Appartement ∙ 1 chambre ∙ 4 personnes,Ovronnaz - Leytron - Valais
15/04/2024,20/07/2024,27/07/2024,932.47,HRHMKU3,Appartement ∙ 1 chambre ∙ 4 personnes,Ovronnaz - Leytron - Valais
15/04/2024,27/07/2024,03/08/2024,932.47,HRHMKU3,Appartement ∙ 1 chambre ∙ 4 personnes,Ovronnaz - Leytron - Valais
15/04/2024,03/08/2024,10/08/2024,932.47,HRHMKU3,Appartement ∙ 1 chambre ∙ 4 personnes,Ovronnaz - Leytron - Valais
15/04/2024,10/08/2024,17/08/2024,932.47,HRHMKU3,Appartement ∙ 1 chambre ∙ 4 personnes,Ovronnaz - Leytron - Valais
15/04/2024,31/08/2024,07/09/2024,811.78,HRHMKU3,Appartement ∙ 1 chambre ∙ 4 personnes,Ovronnaz - Leytron - Valais
15/04/2024,07/09/2024,14/09/2024,811.78,HRHMKU3,Appartement ∙ 1 chambre ∙ 4 personnes,Ovronnaz - Leytron - Valais
15/04/2024,14/09/2024,21/09/2024,811.78,HRHMKU3,Appartement ∙ 1 chambre ∙ 4 personnes,Ovronnaz - Leytron - Valais
15/04/2024,21/09/2024,28/09/2024,811.78,HRHMKU3,Appartement ∙ 1 chambre ∙ 4 personnes,Ovronnaz - Leytron - Valais
15/04/2024,28/09/2024,05/10/2024,811.78,HRHMKU3,Appartement ∙ 1 chambre ∙ 4 personnes,Ovronnaz - Leytron - Valais
15/04/2024,05/10/2024,12/10/2024,811.78,HRHMKU3,Appartement ∙ 1 chambre ∙ 4 personnes,Ovronnaz - Leytron - Valais
15/04/2024,12/10/2024,19/10/2024,811.78,HRHMKU3,Appartement ∙ 1 chambre ∙ 4 personnes,Ovronnaz - Leytron - Valais
15/04/2024,19/10/2024,26/10/2024,811.78,HRHMKU3,Appartement ∙ 1 chambre ∙ 4 personnes,Ovronnaz - Leytron - Valais
15/04/2024,26/10/2024,02/11/2024,811.78,HRHMKU3,Appartement ∙ 1 chambre ∙ 4 personnes,Ovronnaz - Leytron - Valais
15/04/2024,11/05/2024,18/05/2024,1376.01,HHDFCVZ,180 m² Maison de vacances ∙ 3 chambres ∙ 8 personnes,Grimentz - Valais
15/04/2024,18/05/2024,25/05/2024,1376.01,HHDFCVZ,180 m² Maison de vacances ∙ 3 chambres ∙ 8 personnes,Grimentz - Valais
15/04/2024,25/05/2024,01/06/2024,1376.01,HHDFCVZ,180 m² Maison de vacances ∙ 3 chambres ∙ 8 personnes,Grimentz - Valais
15/04/2024,01/06/2024,08/06/2024,1376.01,HHDFCVZ,180 m² Maison de vacances ∙ 3 chambres ∙ 8 personnes,Grimentz - Valais
15/04/2024,08/06/2024,15/06/2024,1376.01,HHDFCVZ,180 m² Maison de vacances ∙ 3 chambres ∙ 8 personnes,Grimentz - Valais
15/04/2024,15/06/2024,22/06/2024,1376.01,HHDFCVZ,180 m² Maison de vacances ∙ 3 chambres ∙ 8 personnes,Grimentz - Valais
15/04/2024,22/06/2024,29/06/2024,1376.01,HHDFCVZ,180 m² Maison de vacances ∙ 3 chambres ∙ 8 personnes,Grimentz - Valais
15/04/2024,29/06/2024,06/07/2024,1376.01,HHDFCVZ,180 m² Maison de vacances ∙ 3 chambres ∙ 8 personnes,Grimentz - Valais
15/04/2024,06/07/2024,13/07/2024,1376.01,HHDFCVZ,180 m² Maison de vacances ∙ 3 chambres ∙ 8 personnes,Grimentz - Valais
15/04/2024,13/07/2024,20/07/2024,1826.77,HHDFCVZ,180 m² Maison de vacances ∙ 3 chambres ∙ 8 personnes,Grimentz - Valais
15/04/2024,20/07/2024,27/07/2024,2262.06,HHDFCVZ,180 m² Maison de vacances ∙ 3 chambres ∙ 8 personnes,Grimentz - Valais
15/04/2024,27/07/2024,03/08/2024,2262.06,HHDFCVZ,180 m² Maison de vacances ∙ 3 chambres ∙ 8 personnes,Grimentz - Valais
15/04/2024,17/08/2024,24/08/2024,1376.01,HHDFCVZ,180 m² Maison de vacances ∙ 3 chambres ∙ 8 personnes,Grimentz - Valais
15/04/2024,31/08/2024,07/09/2024,1376.01,HHDFCVZ,180 m² Maison de vacances ∙ 3 chambres ∙ 8 personnes,Grimentz - Valais
15/04/2024,07/09/2024,14/09/2024,1376.01,HHDFCVZ,180 m² Maison de vacances ∙ 3 chambres ∙ 8 personnes,Grimentz - Valais
15/04/2024,14/09/2024,21/09/2024,1376.01,HHDFCVZ,180 m² Maison de vacances ∙ 3 chambres ∙ 8 personnes,Grimentz - Valais
15/04/2024,21/09/2024,28/09/2024,1376.01,HHDFCVZ,180 m² Maison de vacances ∙ 3 chambres ∙ 8 personnes,Grimentz - Valais
15/04/2024,28/09/2024,05/10/2024,1376.01,HHDFCVZ,180 m² Maison de vacances ∙ 3 chambres ∙ 8 personnes,Grimentz - Valais
15/04/2024,05/10/2024,12/10/2024,1376.01,HHDFCVZ,180 m² Maison de vacances ∙ 3 chambres ∙ 8 personnes,Grimentz - Valais
15/04/2024,12/10/2024,19/10/2024,1376.01,HHDFCVZ,180 m² Maison de vacances ∙ 3 chambres ∙ 8 personnes,Grimentz - Valais
15/04/2024,19/10/2024,26/10/2024,1376.01,HHDFCVZ,180 m² Maison de vacances ∙ 3 chambres ∙ 8 personnes,Grimentz - Valais
15/04/2024,26/10/2024,02/11/2024,1376.01,HHDFCVZ,180 m² Maison de vacances ∙ 3 chambres ∙ 8 personnes,Grimentz - Valais
15/04/2024,01/06/2024,08/06/2024,718.51,HDSFJBK,53 m² Appartement ∙ 2 chambres ∙ 4 personnes,Saas Fee - Valais
15/04/2024,08/06/2024,15/06/2024,718.51,HDSFJBK,53 m² Appartement ∙ 2 chambres ∙ 4 personnes,Saas Fee - Valais
15/04/2024,06/07/2024,13/07/2024,911.65,HDSFJBK,53 m² Appartement ∙ 2 chambres ∙ 4 personnes,Saas Fee - Valais
15/04/2024,27/07/2024,03/08/2024,911.65,HDSFJBK,53 m² Appartement ∙ 2 chambres ∙ 4 personnes,Saas Fee - Valais
15/04/2024,03/08/2024,10/08/2024,911.65,HDSFJBK,53 m² Appartement ∙ 2 chambres ∙ 4 personnes,Saas Fee - Valais
15/04/2024,10/08/2024,17/08/2024,911.65,HDSFJBK,53 m² Appartement ∙ 2 chambres ∙ 4 personnes,Saas Fee - Valais
15/04/2024,07/09/2024,14/09/2024,718.51,HDSFJBK,53 m² Appartement ∙ 2 chambres ∙ 4 personnes,Saas Fee - Valais
15/04/2024,14/09/2024,21/09/2024,718.51,HDSFJBK,53 m² Appartement ∙ 2 chambres ∙ 4 personnes,Saas Fee - Valais
15/04/2024,21/09/2024,28/09/2024,718.51,HDSFJBK,53 m² Appartement ∙ 2 chambres ∙ 4 personnes,Saas Fee - Valais
15/04/2024,28/09/2024,05/10/2024,718.51,HDSFJBK,53 m² Appartement ∙ 2 chambres ∙ 4 personnes,Saas Fee - Valais
15/04/2024,05/10/2024,12/10/2024,718.51,HDSFJBK,53 m² Appartement ∙ 2 chambres ∙ 4 personnes,Saas Fee - Valais
15/04/2024,12/10/2024,19/10/2024,718.51,HDSFJBK,53 m² Appartement ∙ 2 chambres ∙ 4 personnes,Saas Fee - Valais
15/04/2024,19/10/2024,26/10/2024,718.51,HDSFJBK,53 m² Appartement ∙ 2 chambres ∙ 4 personnes,Saas Fee - Valais
15/04/2024,26/10/2024,02/11/2024,718.51,HDSFJBK,53 m² Appartement ∙ 2 chambres ∙ 4 personnes,Saas Fee - Valais
15/04/2024,27/07/2024,03/08/2024,1254.35,HSB3MWZ,58 m² Appartement ∙ 2 chambres ∙ 4 personnes,Saas Fee - Valais
15/04/2024,03/08/2024,10/08/2024,1254.35,HSB3MWZ,58 m² Appartement ∙ 2 chambres ∙ 4 personnes,Saas Fee - Valais
15/04/2024,24/08/2024,31/08/2024,1254.35,HSB3MWZ,58 m² Appartement ∙ 2 chambres ∙ 4 personnes,Saas Fee - Valais
15/04/2024,07/09/2024,14/09/2024,1254.35,HSB3MWZ,58 m² Appartement ∙ 2 chambres ∙ 4 personnes,Saas Fee - Valais
15/04/2024,28/09/2024,05/10/2024,1254.35,HSB3MWZ,58 m² Appartement ∙ 2 chambres ∙ 4 personnes,Saas Fee - Valais
15/04/2024,05/10/2024,12/10/2024,1254.35,HSB3MWZ,58 m² Appartement ∙ 2 chambres ∙ 4 personnes,Saas Fee - Valais
15/04/2024,12/10/2024,19/10/2024,1254.35,HSB3MWZ,58 m² Appartement ∙ 2 chambres ∙ 4 personnes,Saas Fee - Valais
15/04/2024,19/10/2024,26/10/2024,1061.20,HSB3MWZ,58 m² Appartement ∙ 2 chambres ∙ 4 personnes,Saas Fee - Valais
15/04/2024,26/10/2024,02/11/2024,1061.20,HSB3MWZ,58 m² Appartement ∙ 2 chambres ∙ 4 personnes,Saas Fee - Valais
15/04/2024,20/04/2024,27/04/2024,1437.18,HGKNA73,100 m² Appartement ∙ 3 chambres ∙ 6 personnes,Saas-Almagell - Valais
15/04/2024,27/04/2024,04/05/2024,1437.18,HGKNA73,100 m² Appartement ∙ 3 chambres ∙ 6 personnes,Saas-Almagell - Valais
15/04/2024,04/05/2024,11/05/2024,1437.18,HGKNA73,100 m² Appartement ∙ 3 chambres ∙ 6 personnes,Saas-Almagell - Valais
15/04/2024,11/05/2024,18/05/2024,1437.18,HGKNA73,100 m² Appartement ∙ 3 chambres ∙ 6 personnes,Saas-Almagell - Valais
15/04/2024,18/05/2024,25/05/2024,1537.23,HGKNA73,100 m² Appartement ∙ 3 chambres ∙ 6 personnes,Saas-Almagell - Valais
15/04/2024,25/05/2024,01/06/2024,1537.23,HGKNA73,100 m² Appartement ∙ 3 chambres ∙ 6 personnes,Saas-Almagell - Valais
15/04/2024,01/06/2024,08/06/2024,1537.23,HGKNA73,100 m² Appartement ∙ 3 chambres ∙ 6 personnes,Saas-Almagell - Valais
15/04/2024,08/06/2024,15/06/2024,1537.23,HGKNA73,100 m² Appartement ∙ 3 chambres ∙ 6 personnes,Saas-Almagell - Valais
15/04/2024,15/06/2024,22/06/2024,1537.23,HGKNA73,100 m² Appartement ∙ 3 chambres ∙ 6 personnes,Saas-Almagell - Valais
15/04/2024,22/06/2024,29/06/2024,1537.23,HGKNA73,100 m² Appartement ∙ 3 chambres ∙ 6 personnes,Saas-Almagell - Valais
15/04/2024,29/06/2024,06/07/2024,1537.23,HGKNA73,100 m² Appartement ∙ 3 chambres ∙ 6 personnes,Saas-Almagell - Valais
15/04/2024,06/07/2024,13/07/2024,1537.23,HGKNA73,100 m² Appartement ∙ 3 chambres ∙ 6 personnes,Saas-Almagell - Valais
15/04/2024,07/09/2024,14/09/2024,1537.23,HGKNA73,100 m² Appartement ∙ 3 chambres ∙ 6 personnes,Saas-Almagell - Valais
15/04/2024,14/09/2024,21/09/2024,1537.23,HGKNA73,100 m² Appartement ∙ 3 chambres ∙ 6 personnes,Saas-Almagell - Valais
15/04/2024,21/09/2024,28/09/2024,1537.23,HGKNA73,100 m² Appartement ∙ 3 chambres ∙ 6 personnes,Saas-Almagell - Valais
15/04/2024,28/09/2024,05/10/2024,1537.23,HGKNA73,100 m² Appartement ∙ 3 chambres ∙ 6 personnes,Saas-Almagell - Valais
15/04/2024,05/10/2024,12/10/2024,1537.23,HGKNA73,100 m² Appartement ∙ 3 chambres ∙ 6 personnes,Saas-Almagell - Valais
15/04/2024,12/10/2024,19/10/2024,1537.23,HGKNA73,100 m² Appartement ∙ 3 chambres ∙ 6 personnes,Saas-Almagell - Valais
15/04/2024,19/10/2024,26/10/2024,1537.23,HGKNA73,100 m² Appartement ∙ 3 chambres ∙ 6 personnes,Saas-Almagell - Valais
15/04/2024,26/10/2024,02/11/2024,1537.23,HGKNA73,100 m² Appartement ∙ 3 chambres ∙ 6 personnes,Saas-Almagell - Valais
15/04/2024,20/04/2024,27/04/2024,547.72,H6JK0UW,50 m² Appartement ∙ 1 chambre ∙ 4 personnes,Veysonnaz - Valais
15/04/2024,27/04/2024,04/05/2024,678.72,H6JK0UW,50 m² Appartement ∙ 1 chambre ∙ 4 personnes,Veysonnaz - Valais
15/04/2024,04/05/2024,11/05/2024,678.72,H6JK0UW,50 m² Appartement ∙ 1 chambre ∙ 4 personnes,Veysonnaz - Valais
15/04/2024,11/05/2024,18/05/2024,678.72,H6JK0UW,50 m² Appartement ∙ 1 chambre ∙ 4 personnes,Veysonnaz - Valais
15/04/2024,18/05/2024,25/05/2024,678.72,H6JK0UW,50 m² Appartement ∙ 1 chambre ∙ 4 personnes,Veysonnaz - Valais
15/04/2024,25/05/2024,01/06/2024,678.72,H6JK0UW,50 m² Appartement ∙ 1 chambre ∙ 4 personnes,Veysonnaz - Valais
15/04/2024,01/06/2024,08/06/2024,678.72,H6JK0UW,50 m² Appartement ∙ 1 chambre ∙ 4 personnes,Veysonnaz - Valais
15/04/2024,08/06/2024,15/06/2024,678.72,H6JK0UW,50 m² Appartement ∙ 1 chambre ∙ 4 personnes,Veysonnaz - Valais
15/04/2024,15/06/2024,22/06/2024,678.72,H6JK0UW,50 m² Appartement ∙ 1 chambre ∙ 4 personnes,Veysonnaz - Valais
15/04/2024,20/07/2024,27/07/2024,852.01,H6JK0UW,50 m² Appartement ∙ 1 chambre ∙ 4 personnes,Veysonnaz - Valais
15/04/2024,17/08/2024,24/08/2024,678.72,H6JK0UW,50 m² Appartement ∙ 1 chambre ∙ 4 personnes,Veysonnaz - Valais
15/04/2024,24/08/2024,31/08/2024,678.72,H6JK0UW,50 m² Appartement ∙ 1 chambre ∙ 4 personnes,Veysonnaz - Valais
15/04/2024,21/09/2024,28/09/2024,678.72,H6JK0UW,50 m² Appartement ∙ 1 chambre ∙ 4 personnes,Veysonnaz - Valais
15/04/2024,28/09/2024,05/10/2024,678.72,H6JK0UW,50 m² Appartement ∙ 1 chambre ∙ 4 personnes,Veysonnaz - Valais
15/04/2024,05/10/2024,12/10/2024,678.72,H6JK0UW,50 m² Appartement ∙ 1 chambre ∙ 4 personnes,Veysonnaz - Valais
15/04/2024,12/10/2024,19/10/2024,678.72,H6JK0UW,50 m² Appartement ∙ 1 chambre ∙ 4 personnes,Veysonnaz - Valais
15/04/2024,19/10/2024,26/10/2024,678.72,H6JK0UW,50 m² Appartement ∙ 1 chambre ∙ 4 personnes,Veysonnaz - Valais
15/04/2024,26/10/2024,02/11/2024,678.72,H6JK0UW,50 m² Appartement ∙ 1 chambre ∙ 4 personnes,Veysonnaz - Valais
15/04/2024,29/06/2024,06/07/2024,2124.62,HLPYEX7,80 m² Appartement ∙ 2 chambres ∙ 5 personnes,Saas Fee - Valais
15/04/2024,06/07/2024,13/07/2024,2124.62,HLPYEX7,80 m² Appartement ∙ 2 chambres ∙ 5 personnes,Saas Fee - Valais
15/04/2024,24/08/2024,31/08/2024,2124.62,HLPYEX7,80 m² Appartement ∙ 2 chambres ∙ 5 personnes,Saas Fee - Valais
15/04/2024,14/09/2024,21/09/2024,1869.66,HLPYEX7,80 m² Appartement ∙ 2 chambres ∙ 5 personnes,Saas Fee - Valais
15/04/2024,21/09/2024,28/09/2024,1869.66,HLPYEX7,80 m² Appartement ∙ 2 chambres ∙ 5 personnes,Saas Fee - Valais
15/04/2024,28/09/2024,05/10/2024,1869.66,HLPYEX7,80 m² Appartement ∙ 2 chambres ∙ 5 personnes,Saas Fee - Valais
15/04/2024,05/10/2024,12/10/2024,1869.66,HLPYEX7,80 m² Appartement ∙ 2 chambres ∙ 5 personnes,Saas Fee - Valais
15/04/2024,12/10/2024,19/10/2024,1869.66,HLPYEX7,80 m² Appartement ∙ 2 chambres ∙ 5 personnes,Saas Fee - Valais
15/04/2024,19/10/2024,26/10/2024,1869.66,HLPYEX7,80 m² Appartement ∙ 2 chambres ∙ 5 personnes,Saas Fee - Valais
15/04/2024,26/10/2024,02/11/2024,1869.66,HLPYEX7,80 m² Appartement ∙ 2 chambres ∙ 5 personnes,Saas Fee - Valais
15/04/2024,27/04/2024,04/05/2024,511.62,HA5TYC2,28 m² Appartement ∙ 1 chambre ∙ 2 personnes,Ovronnaz - Leytron - Valais
15/04/2024,04/05/2024,11/05/2024,511.62,HA5TYC2,28 m² Appartement ∙ 1 chambre ∙ 2 personnes,Ovronnaz - Leytron - Valais
15/04/2024,11/05/2024,18/05/2024,511.62,HA5TYC2,28 m² Appartement ∙ 1 chambre ∙ 2 personnes,Ovronnaz - Leytron - Valais
15/04/2024,18/05/2024,25/05/2024,610.64,HA5TYC2,28 m² Appartement ∙ 1 chambre ∙ 2 personnes,Ovronnaz - Leytron - Valais
15/04/2024,25/05/2024,01/06/2024,610.64,HA5TYC2,28 m² Appartement ∙ 1 chambre ∙ 2 personnes,Ovronnaz - Leytron - Valais
15/04/2024,01/06/2024,08/06/2024,610.64,HA5TYC2,28 m² Appartement ∙ 1 chambre ∙ 2 personnes,Ovronnaz - Leytron - Valais
15/04/2024,08/06/2024,15/06/2024,610.64,HA5TYC2,28 m² Appartement ∙ 1 chambre ∙ 2 personnes,Ovronnaz - Leytron - Valais
15/04/2024,15/06/2024,22/06/2024,610.64,HA5TYC2,28 m² Appartement ∙ 1 chambre ∙ 2 personnes,Ovronnaz - Leytron - Valais
15/04/2024,22/06/2024,29/06/2024,610.64,HA5TYC2,28 m² Appartement ∙ 1 chambre ∙ 2 personnes,Ovronnaz - Leytron - Valais
15/04/2024,29/06/2024,06/07/2024,610.64,HA5TYC2,28 m² Appartement ∙ 1 chambre ∙ 2 personnes,Ovronnaz - Leytron - Valais
15/04/2024,20/07/2024,27/07/2024,670.47,HA5TYC2,28 m² Appartement ∙ 1 chambre ∙ 2 personnes,Ovronnaz - Leytron - Valais
15/04/2024,27/07/2024,03/08/2024,670.47,HA5TYC2,28 m² Appartement ∙ 1 chambre ∙ 2 personnes,Ovronnaz - Leytron - Valais
15/04/2024,03/08/2024,10/08/2024,670.47,HA5TYC2,28 m² Appartement ∙ 1 chambre ∙ 2 personnes,Ovronnaz - Leytron - Valais
15/04/2024,10/08/2024,17/08/2024,670.47,HA5TYC2,28 m² Appartement ∙ 1 chambre ∙ 2 personnes,Ovronnaz - Leytron - Valais
15/04/2024,17/08/2024,24/08/2024,670.47,HA5TYC2,28 m² Appartement ∙ 1 chambre ∙ 2 personnes,Ovronnaz - Leytron - Valais
15/04/2024,24/08/2024,31/08/2024,610.64,HA5TYC2,28 m² Appartement ∙ 1 chambre ∙ 2 personnes,Ovronnaz - Leytron - Valais
15/04/2024,31/08/2024,07/09/2024,610.64,HA5TYC2,28 m² Appartement ∙ 1 chambre ∙ 2 personnes,Ovronnaz - Leytron - Valais
15/04/2024,07/09/2024,14/09/2024,610.64,HA5TYC2,28 m² Appartement ∙ 1 chambre ∙ 2 personnes,Ovronnaz - Leytron - Valais
15/04/2024,14/09/2024,21/09/2024,610.64,HA5TYC2,28 m² Appartement ∙ 1 chambre ∙ 2 personnes,Ovronnaz - Leytron - Valais
15/04/2024,21/09/2024,28/09/2024,610.64,HA5TYC2,28 m² Appartement ∙ 1 chambre ∙ 2 personnes,Ovronnaz - Leytron - Valais
15/04/2024,28/09/2024,05/10/2024,610.64,HA5TYC2,28 m² Appartement ∙ 1 chambre ∙ 2 personnes,Ovronnaz - Leytron - Valais
15/04/2024,05/10/2024,12/10/2024,610.64,HA5TYC2,28 m² Appartement ∙ 1 chambre ∙ 2 personnes,Ovronnaz - Leytron - Valais
15/04/2024,12/10/2024,19/10/2024,610.64,HA5TYC2,28 m² Appartement ∙ 1 chambre ∙ 2 personnes,Ovronnaz - Leytron - Valais
15/04/2024,19/10/2024,26/10/2024,610.64,HA5TYC2,28 m² Appartement ∙ 1 chambre ∙ 2 personnes,Ovronnaz - Leytron - Valais
15/04/2024,26/10/2024,02/11/2024,610.64,HA5TYC2,28 m² Appartement ∙ 1 chambre ∙ 2 personnes,Ovronnaz - Leytron - Valais
15/04/2024,20/04/2024,27/04/2024,938.66,H90USXW,Appartement ∙ 2 chambres ∙ 6 personnes,Grächen - Valais
15/04/2024,27/04/2024,04/05/2024,938.66,H90USXW,Appartement ∙ 2 chambres ∙ 6 personnes,Grächen - Valais
15/04/2024,04/05/2024,11/05/2024,938.66,H90USXW,Appartement ∙ 2 chambres ∙ 6 personnes,Grächen - Valais
15/04/2024,11/05/2024,18/05/2024,938.66,H90USXW,Appartement ∙ 2 chambres ∙ 6 personnes,Grächen - Valais
15/04/2024,18/05/2024,25/05/2024,938.66,H90USXW,Appartement ∙ 2 chambres ∙ 6 personnes,Grächen - Valais
15/04/2024,25/05/2024,01/06/2024,938.66,H90USXW,Appartement ∙ 2 chambres ∙ 6 personnes,Grächen - Valais
15/04/2024,01/06/2024,08/06/2024,938.66,H90USXW,Appartement ∙ 2 chambres ∙ 6 personnes,Grächen - Valais
15/04/2024,08/06/2024,15/06/2024,938.66,H90USXW,Appartement ∙ 2 chambres ∙ 6 personnes,Grächen - Valais
15/04/2024,15/06/2024,22/06/2024,938.66,H90USXW,Appartement ∙ 2 chambres ∙ 6 personnes,Grächen - Valais
15/04/2024,22/06/2024,29/06/2024,938.66,H90USXW,Appartement ∙ 2 chambres ∙ 6 personnes,Grächen - Valais
15/04/2024,29/06/2024,06/07/2024,1147.33,H90USXW,Appartement ∙ 2 chambres ∙ 6 personnes,Grächen - Valais
15/04/2024,06/07/2024,13/07/2024,1010.87,H90USXW,Appartement ∙ 2 chambres ∙ 6 personnes,Grächen - Valais
15/04/2024,13/07/2024,20/07/2024,1010.87,H90USXW,Appartement ∙ 2 chambres ∙ 6 personnes,Grächen - Valais
15/04/2024,03/08/2024,10/08/2024,1010.87,H90USXW,Appartement ∙ 2 chambres ∙ 6 personnes,Grächen - Valais
15/04/2024,10/08/2024,17/08/2024,1010.87,H90USXW,Appartement ∙ 2 chambres ∙ 6 personnes,Grächen - Valais
15/04/2024,17/08/2024,24/08/2024,1010.87,H90USXW,Appartement ∙ 2 chambres ∙ 6 personnes,Grächen - Valais
15/04/2024,24/08/2024,31/08/2024,938.66,H90USXW,Appartement ∙ 2 chambres ∙ 6 personnes,Grächen - Valais
15/04/2024,31/08/2024,07/09/2024,938.66,H90USXW,Appartement ∙ 2 chambres ∙ 6 personnes,Grächen - Valais
15/04/2024,07/09/2024,14/09/2024,938.66,H90USXW,Appartement ∙ 2 chambres ∙ 6 personnes,Grächen - Valais
15/04/2024,14/09/2024,21/09/2024,938.66,H90USXW,Appartement ∙ 2 chambres ∙ 6 personnes,Grächen - Valais
15/04/2024,21/09/2024,28/09/2024,938.66,H90USXW,Appartement ∙ 2 chambres ∙ 6 personnes,Grächen - Valais
15/04/2024,28/09/2024,05/10/2024,938.66,H90USXW,Appartement ∙ 2 chambres ∙ 6 personnes,Grächen - Valais
15/04/2024,05/10/2024,12/10/2024,938.66,H90USXW,Appartement ∙ 2 chambres ∙ 6 personnes,Grächen - Valais
15/04/2024,12/10/2024,19/10/2024,938.66,H90USXW,Appartement ∙ 2 chambres ∙ 6 personnes,Grächen - Valais
15/04/2024,19/10/2024,26/10/2024,938.66,H90USXW,Appartement ∙ 2 chambres ∙ 6 personnes,Grächen - Valais
15/04/2024,26/10/2024,02/11/2024,938.66,H90USXW,Appartement ∙ 2 chambres ∙ 6 personnes,Grächen - Valais
15/04/2024,20/04/2024,27/04/2024,1476.07,HHYWMNG,110 m² Maison de vacances ∙ 3 chambres ∙ 6 personnes,Chamoson - Valais
15/04/2024,27/04/2024,04/05/2024,1476.07,HHYWMNG,110 m² Maison de vacances ∙ 3 chambres ∙ 6 personnes,Chamoson - Valais
15/04/2024,25/05/2024,01/06/2024,1476.07,HHYWMNG,110 m² Maison de vacances ∙ 3 chambres ∙ 6 personnes,Chamoson - Valais
15/04/2024,01/06/2024,08/06/2024,1476.07,HHYWMNG,110 m² Maison de vacances ∙ 3 chambres ∙ 6 personnes,Chamoson - Valais
15/04/2024,08/06/2024,15/06/2024,1476.07,HHYWMNG,110 m² Maison de vacances ∙ 3 chambres ∙ 6 personnes,Chamoson - Valais
15/04/2024,22/06/2024,29/06/2024,1476.07,HHYWMNG,110 m² Maison de vacances ∙ 3 chambres ∙ 6 personnes,Chamoson - Valais
15/04/2024,29/06/2024,06/07/2024,1808.21,HHYWMNG,110 m² Maison de vacances ∙ 3 chambres ∙ 6 personnes,Chamoson - Valais
15/04/2024,06/07/2024,13/07/2024,1808.21,HHYWMNG,110 m² Maison de vacances ∙ 3 chambres ∙ 6 personnes,Chamoson - Valais
15/04/2024,27/07/2024,03/08/2024,1956.74,HHYWMNG,110 m² Maison de vacances ∙ 3 chambres ∙ 6 personnes,Chamoson - Valais
15/04/2024,17/08/2024,24/08/2024,1476.07,HHYWMNG,110 m² Maison de vacances ∙ 3 chambres ∙ 6 personnes,Chamoson - Valais
15/04/2024,24/08/2024,31/08/2024,1476.07,HHYWMNG,110 m² Maison de vacances ∙ 3 chambres ∙ 6 personnes,Chamoson - Valais
15/04/2024,31/08/2024,07/09/2024,1476.07,HHYWMNG,110 m² Maison de vacances ∙ 3 chambres ∙ 6 personnes,Chamoson - Valais
15/04/2024,07/09/2024,14/09/2024,1476.07,HHYWMNG,110 m² Maison de vacances ∙ 3 chambres ∙ 6 personnes,Chamoson - Valais
15/04/2024,14/09/2024,21/09/2024,1476.07,HHYWMNG,110 m² Maison de vacances ∙ 3 chambres ∙ 6 personnes,Chamoson - Valais
15/04/2024,05/10/2024,12/10/2024,1476.07,HHYWMNG,110 m² Maison de vacances ∙ 3 chambres ∙ 6 personnes,Chamoson - Valais
15/04/2024,12/10/2024,19/10/2024,1476.07,HHYWMNG,110 m² Maison de vacances ∙ 3 chambres ∙ 6 personnes,Chamoson - Valais
15/04/2024,19/10/2024,26/10/2024,1476.07,HHYWMNG,110 m² Maison de vacances ∙ 3 chambres ∙ 6 personnes,Chamoson - Valais
15/04/2024,26/10/2024,02/11/2024,1476.07,HHYWMNG,110 m² Maison de vacances ∙ 3 chambres ∙ 6 personnes,Chamoson - Valais
15/04/2024,20/04/2024,27/04/2024,1533.73,HHDB3SA,67 m² Appartement ∙ 2 chambres ∙ 6 personnes,Saas Fee - Valais
15/04/2024,27/04/2024,04/05/2024,1533.73,HHDB3SA,67 m² Appartement ∙ 2 chambres ∙ 6 personnes,Saas Fee - Valais
15/04/2024,04/05/2024,11/05/2024,1533.73,HHDB3SA,67 m² Appartement ∙ 2 chambres ∙ 6 personnes,Saas Fee - Valais
15/04/2024,11/05/2024,18/05/2024,1533.73,HHDB3SA,67 m² Appartement ∙ 2 chambres ∙ 6 personnes,Saas Fee - Valais
15/04/2024,18/05/2024,25/05/2024,1533.73,HHDB3SA,67 m² Appartement ∙ 2 chambres ∙ 6 personnes,Saas Fee - Valais
15/04/2024,25/05/2024,01/06/2024,1533.73,HHDB3SA,67 m² Appartement ∙ 2 chambres ∙ 6 personnes,Saas Fee - Valais
15/04/2024,01/06/2024,08/06/2024,1533.73,HHDB3SA,67 m² Appartement ∙ 2 chambres ∙ 6 personnes,Saas Fee - Valais
15/04/2024,08/06/2024,15/06/2024,1533.73,HHDB3SA,67 m² Appartement ∙ 2 chambres ∙ 6 personnes,Saas Fee - Valais
15/04/2024,15/06/2024,22/06/2024,1533.73,HHDB3SA,67 m² Appartement ∙ 2 chambres ∙ 6 personnes,Saas Fee - Valais
15/04/2024,22/06/2024,29/06/2024,1533.73,HHDB3SA,67 m² Appartement ∙ 2 chambres ∙ 6 personnes,Saas Fee - Valais
15/04/2024,13/07/2024,20/07/2024,1610.99,HHDB3SA,67 m² Appartement ∙ 2 chambres ∙ 6 personnes,Saas Fee - Valais
15/04/2024,07/09/2024,14/09/2024,1610.99,HHDB3SA,67 m² Appartement ∙ 2 chambres ∙ 6 personnes,Saas Fee - Valais
15/04/2024,14/09/2024,21/09/2024,1610.99,HHDB3SA,67 m² Appartement ∙ 2 chambres ∙ 6 personnes,Saas Fee - Valais
15/04/2024,21/09/2024,28/09/2024,1610.99,HHDB3SA,67 m² Appartement ∙ 2 chambres ∙ 6 personnes,Saas Fee - Valais
15/04/2024,28/09/2024,05/10/2024,1610.99,HHDB3SA,67 m² Appartement ∙ 2 chambres ∙ 6 personnes,Saas Fee - Valais
15/04/2024,05/10/2024,12/10/2024,1610.99,HHDB3SA,67 m² Appartement ∙ 2 chambres ∙ 6 personnes,Saas Fee - Valais
15/04/2024,12/10/2024,19/10/2024,1610.99,HHDB3SA,67 m² Appartement ∙ 2 chambres ∙ 6 personnes,Saas Fee - Valais
15/04/2024,19/10/2024,26/10/2024,1610.99,HHDB3SA,67 m² Appartement ∙ 2 chambres ∙ 6 personnes,Saas Fee - Valais
15/04/2024,26/10/2024,02/11/2024,1533.73,HHDB3SA,67 m² Appartement ∙ 2 chambres ∙ 6 personnes,Saas Fee - Valais
15/04/2024,22/06/2024,29/06/2024,1017.05,HX32M05,Appartement ∙ 2 chambres ∙ 4 personnes,Betten - Bettmeralp - Valais
15/04/2024,29/06/2024,06/07/2024,1017.05,HX32M05,Appartement ∙ 2 chambres ∙ 4 personnes,Betten - Bettmeralp - Valais
15/04/2024,21/09/2024,28/09/2024,1017.05,HX32M05,Appartement ∙ 2 chambres ∙ 4 personnes,Betten - Bettmeralp - Valais
15/04/2024,05/10/2024,12/10/2024,1017.05,HX32M05,Appartement ∙ 2 chambres ∙ 4 personnes,Betten - Bettmeralp - Valais
15/04/2024,12/10/2024,19/10/2024,1017.05,HX32M05,Appartement ∙ 2 chambres ∙ 4 personnes,Betten - Bettmeralp - Valais
15/04/2024,20/04/2024,27/04/2024,1302.36,H6PF09C,145 m² Appartement ∙ 5 chambres ∙ 8 personnes,Saas-Almagell - Valais
15/04/2024,27/04/2024,04/05/2024,1236.14,H6PF09C,145 m² Appartement ∙ 5 chambres ∙ 8 personnes,Saas-Almagell - Valais
15/04/2024,04/05/2024,11/05/2024,1236.14,H6PF09C,145 m² Appartement ∙ 5 chambres ∙ 8 personnes,Saas-Almagell - Valais
15/04/2024,11/05/2024,18/05/2024,1236.14,H6PF09C,145 m² Appartement ∙ 5 chambres ∙ 8 personnes,Saas-Almagell - Valais
15/04/2024,18/05/2024,25/05/2024,1236.14,H6PF09C,145 m² Appartement ∙ 5 chambres ∙ 8 personnes,Saas-Almagell - Valais
15/04/2024,25/05/2024,01/06/2024,1236.14,H6PF09C,145 m² Appartement ∙ 5 chambres ∙ 8 personnes,Saas-Almagell - Valais
15/04/2024,01/06/2024,08/06/2024,1467.92,H6PF09C,145 m² Appartement ∙ 5 chambres ∙ 8 personnes,Saas-Almagell - Valais
15/04/2024,08/06/2024,15/06/2024,1467.92,H6PF09C,145 m² Appartement ∙ 5 chambres ∙ 8 personnes,Saas-Almagell - Valais
15/04/2024,15/06/2024,22/06/2024,1467.92,H6PF09C,145 m² Appartement ∙ 5 chambres ∙ 8 personnes,Saas-Almagell - Valais
15/04/2024,22/06/2024,29/06/2024,1467.92,H6PF09C,145 m² Appartement ∙ 5 chambres ∙ 8 personnes,Saas-Almagell - Valais
15/04/2024,29/06/2024,06/07/2024,1467.92,H6PF09C,145 m² Appartement ∙ 5 chambres ∙ 8 personnes,Saas-Almagell - Valais
15/04/2024,06/07/2024,13/07/2024,1467.92,H6PF09C,145 m² Appartement ∙ 5 chambres ∙ 8 personnes,Saas-Almagell - Valais
15/04/2024,13/07/2024,20/07/2024,1467.92,H6PF09C,145 m² Appartement ∙ 5 chambres ∙ 8 personnes,Saas-Almagell - Valais
15/04/2024,27/07/2024,03/08/2024,1467.92,H6PF09C,145 m² Appartement ∙ 5 chambres ∙ 8 personnes,Saas-Almagell - Valais
15/04/2024,03/08/2024,10/08/2024,1467.92,H6PF09C,145 m² Appartement ∙ 5 chambres ∙ 8 personnes,Saas-Almagell - Valais
15/04/2024,17/08/2024,24/08/2024,1467.92,H6PF09C,145 m² Appartement ∙ 5 chambres ∙ 8 personnes,Saas-Almagell - Valais
15/04/2024,24/08/2024,31/08/2024,1467.92,H6PF09C,145 m² Appartement ∙ 5 chambres ∙ 8 personnes,Saas-Almagell - Valais
15/04/2024,31/08/2024,07/09/2024,1467.92,H6PF09C,145 m² Appartement ∙ 5 chambres ∙ 8 personnes,Saas-Almagell - Valais
15/04/2024,07/09/2024,14/09/2024,1467.92,H6PF09C,145 m² Appartement ∙ 5 chambres ∙ 8 personnes,Saas-Almagell - Valais
15/04/2024,14/09/2024,21/09/2024,1467.92,H6PF09C,145 m² Appartement ∙ 5 chambres ∙ 8 personnes,Saas-Almagell - Valais
15/04/2024,21/09/2024,28/09/2024,1467.92,H6PF09C,145 m² Appartement ∙ 5 chambres ∙ 8 personnes,Saas-Almagell - Valais
15/04/2024,28/09/2024,05/10/2024,1467.92,H6PF09C,145 m² Appartement ∙ 5 chambres ∙ 8 personnes,Saas-Almagell - Valais
15/04/2024,05/10/2024,12/10/2024,1467.92,H6PF09C,145 m² Appartement ∙ 5 chambres ∙ 8 personnes,Saas-Almagell - Valais
15/04/2024,12/10/2024,19/10/2024,1467.92,H6PF09C,145 m² Appartement ∙ 5 chambres ∙ 8 personnes,Saas-Almagell - Valais
15/04/2024,19/10/2024,26/10/2024,1302.36,H6PF09C,145 m² Appartement ∙ 5 chambres ∙ 8 personnes,Saas-Almagell - Valais
15/04/2024,26/10/2024,02/11/2024,1236.14,H6PF09C,145 m² Appartement ∙ 5 chambres ∙ 8 personnes,Saas-Almagell - Valais
15/04/2024,20/04/2024,27/04/2024,1872.16,HH20BRZ,120 m² Maison de vacances ∙ 2 chambres ∙ 3 personnes,Staldenried - Valais
15/04/2024,25/05/2024,01/06/2024,1872.16,HH20BRZ,120 m² Maison de vacances ∙ 2 chambres ∙ 3 personnes,Staldenried - Valais
15/04/2024,08/06/2024,15/06/2024,1872.16,HH20BRZ,120 m² Maison de vacances ∙ 2 chambres ∙ 3 personnes,Staldenried - Valais
15/04/2024,15/06/2024,22/06/2024,1872.16,HH20BRZ,120 m² Maison de vacances ∙ 2 chambres ∙ 3 personnes,Staldenried - Valais
15/04/2024,22/06/2024,29/06/2024,1641.10,HH20BRZ,120 m² Maison de vacances ∙ 2 chambres ∙ 3 personnes,Staldenried - Valais
15/04/2024,07/09/2024,14/09/2024,1641.10,HH20BRZ,120 m² Maison de vacances ∙ 2 chambres ∙ 3 personnes,Staldenried - Valais
15/04/2024,14/09/2024,21/09/2024,1641.10,HH20BRZ,120 m² Maison de vacances ∙ 2 chambres ∙ 3 personnes,Staldenried - Valais
15/04/2024,21/09/2024,28/09/2024,1641.10,HH20BRZ,120 m² Maison de vacances ∙ 2 chambres ∙ 3 personnes,Staldenried - Valais
15/04/2024,28/09/2024,05/10/2024,1791.70,HH20BRZ,120 m² Maison de vacances ∙ 2 chambres ∙ 3 personnes,Staldenried - Valais
15/04/2024,05/10/2024,12/10/2024,1791.70,HH20BRZ,120 m² Maison de vacances ∙ 2 chambres ∙ 3 personnes,Staldenried - Valais
15/04/2024,26/10/2024,02/11/2024,1791.70,HH20BRZ,120 m² Maison de vacances ∙ 2 chambres ∙ 3 personnes,Staldenried - Valais
15/04/2024,27/04/2024,04/05/2024,1551.05,HLJV187,130 m² Appartement ∙ 4 chambres ∙ 7 personnes,Saas-Almagell - Valais
15/04/2024,04/05/2024,11/05/2024,1551.05,HLJV187,130 m² Appartement ∙ 4 chambres ∙ 7 personnes,Saas-Almagell - Valais
15/04/2024,11/05/2024,18/05/2024,1551.05,HLJV187,130 m² Appartement ∙ 4 chambres ∙ 7 personnes,Saas-Almagell - Valais
15/04/2024,18/05/2024,25/05/2024,1551.05,HLJV187,130 m² Appartement ∙ 4 chambres ∙ 7 personnes,Saas-Almagell - Valais
15/04/2024,25/05/2024,01/06/2024,1551.05,HLJV187,130 m² Appartement ∙ 4 chambres ∙ 7 personnes,Saas-Almagell - Valais
15/04/2024,01/06/2024,08/06/2024,1551.05,HLJV187,130 m² Appartement ∙ 4 chambres ∙ 7 personnes,Saas-Almagell - Valais
15/04/2024,08/06/2024,15/06/2024,1551.05,HLJV187,130 m² Appartement ∙ 4 chambres ∙ 7 personnes,Saas-Almagell - Valais
15/04/2024,15/06/2024,22/06/2024,1551.05,HLJV187,130 m² Appartement ∙ 4 chambres ∙ 7 personnes,Saas-Almagell - Valais
15/04/2024,22/06/2024,29/06/2024,1551.05,HLJV187,130 m² Appartement ∙ 4 chambres ∙ 7 personnes,Saas-Almagell - Valais
15/04/2024,20/04/2024,27/04/2024,928.34,HVZTK4E,Appartement ∙ 1 chambre ∙ 4 personnes,Saas-Almagell - Valais
15/04/2024,27/04/2024,04/05/2024,928.34,HVZTK4E,Appartement ∙ 1 chambre ∙ 4 personnes,Saas-Almagell - Valais
15/04/2024,04/05/2024,11/05/2024,928.34,HVZTK4E,Appartement ∙ 1 chambre ∙ 4 personnes,Saas-Almagell - Valais
15/04/2024,11/05/2024,18/05/2024,928.34,HVZTK4E,Appartement ∙ 1 chambre ∙ 4 personnes,Saas-Almagell - Valais
15/04/2024,18/05/2024,25/05/2024,928.34,HVZTK4E,Appartement ∙ 1 chambre ∙ 4 personnes,Saas-Almagell - Valais
15/04/2024,25/05/2024,01/06/2024,928.34,HVZTK4E,Appartement ∙ 1 chambre ∙ 4 personnes,Saas-Almagell - Valais
15/04/2024,01/06/2024,08/06/2024,928.34,HVZTK4E,Appartement ∙ 1 chambre ∙ 4 personnes,Saas-Almagell - Valais
15/04/2024,08/06/2024,15/06/2024,928.34,HVZTK4E,Appartement ∙ 1 chambre ∙ 4 personnes,Saas-Almagell - Valais
15/04/2024,15/06/2024,22/06/2024,928.34,HVZTK4E,Appartement ∙ 1 chambre ∙ 4 personnes,Saas-Almagell - Valais
15/04/2024,22/06/2024,29/06/2024,928.34,HVZTK4E,Appartement ∙ 1 chambre ∙ 4 personnes,Saas-Almagell - Valais
15/04/2024,29/06/2024,06/07/2024,928.34,HVZTK4E,Appartement ∙ 1 chambre ∙ 4 personnes,Saas-Almagell - Valais
15/04/2024,06/07/2024,13/07/2024,928.34,HVZTK4E,Appartement ∙ 1 chambre ∙ 4 personnes,Saas-Almagell - Valais
15/04/2024,13/07/2024,20/07/2024,928.34,HVZTK4E,Appartement ∙ 1 chambre ∙ 4 personnes,Saas-Almagell - Valais
15/04/2024,20/07/2024,27/07/2024,928.34,HVZTK4E,Appartement ∙ 1 chambre ∙ 4 personnes,Saas-Almagell - Valais
15/04/2024,27/07/2024,03/08/2024,928.34,HVZTK4E,Appartement ∙ 1 chambre ∙ 4 personnes,Saas-Almagell - Valais
15/04/2024,03/08/2024,10/08/2024,928.34,HVZTK4E,Appartement ∙ 1 chambre ∙ 4 personnes,Saas-Almagell - Valais
15/04/2024,31/08/2024,07/09/2024,928.34,HVZTK4E,Appartement ∙ 1 chambre ∙ 4 personnes,Saas-Almagell - Valais
15/04/2024,07/09/2024,14/09/2024,928.34,HVZTK4E,Appartement ∙ 1 chambre ∙ 4 personnes,Saas-Almagell - Valais
15/04/2024,14/09/2024,21/09/2024,928.34,HVZTK4E,Appartement ∙ 1 chambre ∙ 4 personnes,Saas-Almagell - Valais
15/04/2024,21/09/2024,28/09/2024,928.34,HVZTK4E,Appartement ∙ 1 chambre ∙ 4 personnes,Saas-Almagell - Valais
15/04/2024,28/09/2024,05/10/2024,928.34,HVZTK4E,Appartement ∙ 1 chambre ∙ 4 personnes,Saas-Almagell - Valais
15/04/2024,05/10/2024,12/10/2024,928.34,HVZTK4E,Appartement ∙ 1 chambre ∙ 4 personnes,Saas-Almagell - Valais
15/04/2024,12/10/2024,19/10/2024,928.34,HVZTK4E,Appartement ∙ 1 chambre ∙ 4 personnes,Saas-Almagell - Valais
15/04/2024,19/10/2024,26/10/2024,928.34,HVZTK4E,Appartement ∙ 1 chambre ∙ 4 personnes,Saas-Almagell - Valais
15/04/2024,26/10/2024,02/11/2024,928.34,HVZTK4E,Appartement ∙ 1 chambre ∙ 4 personnes,Saas-Almagell - Valais
15/04/2024,20/04/2024,27/04/2024,866.45,HZ65PUV,Appartement ∙ 3 chambres ∙ 8 personnes,Grächen - Valais
15/04/2024,05/10/2024,12/10/2024,866.45,HZ65PUV,Appartement ∙ 3 chambres ∙ 8 personnes,Grächen - Valais
15/04/2024,12/10/2024,19/10/2024,866.45,HZ65PUV,Appartement ∙ 3 chambres ∙ 8 personnes,Grächen - Valais
15/04/2024,19/10/2024,26/10/2024,866.45,HZ65PUV,Appartement ∙ 3 chambres ∙ 8 personnes,Grächen - Valais
15/04/2024,26/10/2024,02/11/2024,866.45,HZ65PUV,Appartement ∙ 3 chambres ∙ 8 personnes,Grächen - Valais
15/04/2024,18/05/2024,25/05/2024,1270.79,HVYJ265,50 m² Appartement ∙ 1 chambre ∙ 2 personnes,Mund - Valais
15/04/2024,25/05/2024,01/06/2024,1335.77,HVYJ265,50 m² Appartement ∙ 1 chambre ∙ 2 personnes,Mund - Valais
15/04/2024,01/06/2024,08/06/2024,1439.95,HVYJ265,50 m² Appartement ∙ 1 chambre ∙ 2 personnes,Mund - Valais
15/04/2024,15/06/2024,22/06/2024,1439.95,HVYJ265,50 m² Appartement ∙ 1 chambre ∙ 2 personnes,Mund - Valais
15/04/2024,22/06/2024,29/06/2024,1439.95,HVYJ265,50 m² Appartement ∙ 1 chambre ∙ 2 personnes,Mund - Valais
15/04/2024,29/06/2024,06/07/2024,1439.95,HVYJ265,50 m² Appartement ∙ 1 chambre ∙ 2 personnes,Mund - Valais
15/04/2024,06/07/2024,13/07/2024,1439.95,HVYJ265,50 m² Appartement ∙ 1 chambre ∙ 2 personnes,Mund - Valais
15/04/2024,13/07/2024,20/07/2024,1439.95,HVYJ265,50 m² Appartement ∙ 1 chambre ∙ 2 personnes,Mund - Valais
15/04/2024,20/07/2024,27/07/2024,1439.95,HVYJ265,50 m² Appartement ∙ 1 chambre ∙ 2 personnes,Mund - Valais
15/04/2024,10/08/2024,17/08/2024,1439.95,HVYJ265,50 m² Appartement ∙ 1 chambre ∙ 2 personnes,Mund - Valais
15/04/2024,17/08/2024,24/08/2024,1439.95,HVYJ265,50 m² Appartement ∙ 1 chambre ∙ 2 personnes,Mund - Valais
15/04/2024,24/08/2024,31/08/2024,1439.95,HVYJ265,50 m² Appartement ∙ 1 chambre ∙ 2 personnes,Mund - Valais
15/04/2024,05/10/2024,12/10/2024,1270.79,HVYJ265,50 m² Appartement ∙ 1 chambre ∙ 2 personnes,Mund - Valais
15/04/2024,12/10/2024,19/10/2024,1270.79,HVYJ265,50 m² Appartement ∙ 1 chambre ∙ 2 personnes,Mund - Valais
15/04/2024,26/10/2024,02/11/2024,1270.79,HVYJ265,50 m² Appartement ∙ 1 chambre ∙ 2 personnes,Mund - Valais
15/04/2024,18/05/2024,25/05/2024,589.04,HLUGY76,67 m² Appartement ∙ 2 chambres ∙ 6 personnes,Saas Grund - Valais
15/04/2024,25/05/2024,01/06/2024,589.04,HLUGY76,67 m² Appartement ∙ 2 chambres ∙ 6 personnes,Saas Grund - Valais
15/04/2024,01/06/2024,08/06/2024,589.04,HLUGY76,67 m² Appartement ∙ 2 chambres ∙ 6 personnes,Saas Grund - Valais
15/04/2024,08/06/2024,15/06/2024,764.86,HLUGY76,67 m² Appartement ∙ 2 chambres ∙ 6 personnes,Saas Grund - Valais
15/04/2024,15/06/2024,22/06/2024,764.86,HLUGY76,67 m² Appartement ∙ 2 chambres ∙ 6 personnes,Saas Grund - Valais
15/04/2024,22/06/2024,29/06/2024,764.86,HLUGY76,67 m² Appartement ∙ 2 chambres ∙ 6 personnes,Saas Grund - Valais
15/04/2024,29/06/2024,06/07/2024,879.60,HLUGY76,67 m² Appartement ∙ 2 chambres ∙ 6 personnes,Saas Grund - Valais
15/04/2024,20/07/2024,27/07/2024,879.60,HLUGY76,67 m² Appartement ∙ 2 chambres ∙ 6 personnes,Saas Grund - Valais
15/04/2024,14/09/2024,21/09/2024,764.86,HLUGY76,67 m² Appartement ∙ 2 chambres ∙ 6 personnes,Saas Grund - Valais
15/04/2024,21/09/2024,28/09/2024,764.86,HLUGY76,67 m² Appartement ∙ 2 chambres ∙ 6 personnes,Saas Grund - Valais
15/04/2024,28/09/2024,05/10/2024,589.04,HLUGY76,67 m² Appartement ∙ 2 chambres ∙ 6 personnes,Saas Grund - Valais
15/04/2024,05/10/2024,12/10/2024,589.04,HLUGY76,67 m² Appartement ∙ 2 chambres ∙ 6 personnes,Saas Grund - Valais
15/04/2024,12/10/2024,19/10/2024,589.04,HLUGY76,67 m² Appartement ∙ 2 chambres ∙ 6 personnes,Saas Grund - Valais
15/04/2024,19/10/2024,26/10/2024,589.04,HLUGY76,67 m² Appartement ∙ 2 chambres ∙ 6 personnes,Saas Grund - Valais
15/04/2024,26/10/2024,02/11/2024,589.04,HLUGY76,67 m² Appartement ∙ 2 chambres ∙ 6 personnes,Saas Grund - Valais
15/04/2024,20/04/2024,27/04/2024,722.04,H8F6P2J,Appartement ∙ 2 chambres ∙ 4 personnes,Grächen - Valais
15/04/2024,27/04/2024,04/05/2024,722.04,H8F6P2J,Appartement ∙ 2 chambres ∙ 4 personnes,Grächen - Valais
15/04/2024,04/05/2024,11/05/2024,722.04,H8F6P2J,Appartement ∙ 2 chambres ∙ 4 personnes,Grächen - Valais
15/04/2024,11/05/2024,18/05/2024,722.04,H8F6P2J,Appartement ∙ 2 chambres ∙ 4 personnes,Grächen - Valais
15/04/2024,18/05/2024,25/05/2024,722.04,H8F6P2J,Appartement ∙ 2 chambres ∙ 4 personnes,Grächen - Valais
15/04/2024,25/05/2024,01/06/2024,722.04,H8F6P2J,Appartement ∙ 2 chambres ∙ 4 personnes,Grächen - Valais
15/04/2024,01/06/2024,08/06/2024,722.04,H8F6P2J,Appartement ∙ 2 chambres ∙ 4 personnes,Grächen - Valais
15/04/2024,22/06/2024,29/06/2024,794.24,H8F6P2J,Appartement ∙ 2 chambres ∙ 4 personnes,Grächen - Valais
15/04/2024,13/07/2024,20/07/2024,794.24,H8F6P2J,Appartement ∙ 2 chambres ∙ 4 personnes,Grächen - Valais
15/04/2024,27/07/2024,03/08/2024,794.24,H8F6P2J,Appartement ∙ 2 chambres ∙ 4 personnes,Grächen - Valais
15/04/2024,14/09/2024,21/09/2024,794.24,H8F6P2J,Appartement ∙ 2 chambres ∙ 4 personnes,Grächen - Valais
15/04/2024,21/09/2024,28/09/2024,794.24,H8F6P2J,Appartement ∙ 2 chambres ∙ 4 personnes,Grächen - Valais
15/04/2024,28/09/2024,05/10/2024,794.24,H8F6P2J,Appartement ∙ 2 chambres ∙ 4 personnes,Grächen - Valais
15/04/2024,05/10/2024,12/10/2024,794.24,H8F6P2J,Appartement ∙ 2 chambres ∙ 4 personnes,Grächen - Valais
15/04/2024,12/10/2024,19/10/2024,794.24,H8F6P2J,Appartement ∙ 2 chambres ∙ 4 personnes,Grächen - Valais
15/04/2024,19/10/2024,26/10/2024,794.24,H8F6P2J,Appartement ∙ 2 chambres ∙ 4 personnes,Grächen - Valais
15/04/2024,26/10/2024,02/11/2024,794.24,H8F6P2J,Appartement ∙ 2 chambres ∙ 4 personnes,Grächen - Valais
15/04/2024,20/04/2024,27/04/2024,574.46,HN8E36T,Appartement ∙ 1 chambre ∙ 2 personnes,Saas Grund - Valais
15/04/2024,27/04/2024,04/05/2024,574.46,HN8E36T,Appartement ∙ 1 chambre ∙ 2 personnes,Saas Grund - Valais
15/04/2024,04/05/2024,11/05/2024,574.46,HN8E36T,Appartement ∙ 1 chambre ∙ 2 personnes,Saas Grund - Valais
15/04/2024,11/05/2024,18/05/2024,574.46,HN8E36T,Appartement ∙ 1 chambre ∙ 2 personnes,Saas Grund - Valais
15/04/2024,18/05/2024,25/05/2024,574.46,HN8E36T,Appartement ∙ 1 chambre ∙ 2 personnes,Saas Grund - Valais
15/04/2024,25/05/2024,01/06/2024,574.46,HN8E36T,Appartement ∙ 1 chambre ∙ 2 personnes,Saas Grund - Valais
15/04/2024,07/09/2024,14/09/2024,574.46,HN8E36T,Appartement ∙ 1 chambre ∙ 2 personnes,Saas Grund - Valais
15/04/2024,21/09/2024,28/09/2024,574.46,HN8E36T,Appartement ∙ 1 chambre ∙ 2 personnes,Saas Grund - Valais
15/04/2024,28/09/2024,05/10/2024,574.46,HN8E36T,Appartement ∙ 1 chambre ∙ 2 personnes,Saas Grund - Valais
15/04/2024,05/10/2024,12/10/2024,574.46,HN8E36T,Appartement ∙ 1 chambre ∙ 2 personnes,Saas Grund - Valais
15/04/2024,12/10/2024,19/10/2024,574.46,HN8E36T,Appartement ∙ 1 chambre ∙ 2 personnes,Saas Grund - Valais
15/04/2024,19/10/2024,26/10/2024,574.46,HN8E36T,Appartement ∙ 1 chambre ∙ 2 personnes,Saas Grund - Valais
15/04/2024,26/10/2024,02/11/2024,574.46,HN8E36T,Appartement ∙ 1 chambre ∙ 2 personnes,Saas Grund - Valais
15/04/2024,20/04/2024,27/04/2024,772.59,H9DW52J,85 m² Appartement ∙ 2 chambres ∙ 5 personnes,Saas-Almagell - Valais
15/04/2024,08/06/2024,15/06/2024,772.59,H9DW52J,85 m² Appartement ∙ 2 chambres ∙ 5 personnes,Saas-Almagell - Valais
15/04/2024,10/08/2024,17/08/2024,772.59,H9DW52J,85 m² Appartement ∙ 2 chambres ∙ 5 personnes,Saas-Almagell - Valais
15/04/2024,17/08/2024,24/08/2024,772.59,H9DW52J,85 m² Appartement ∙ 2 chambres ∙ 5 personnes,Saas-Almagell - Valais
15/04/2024,24/08/2024,31/08/2024,772.59,H9DW52J,85 m² Appartement ∙ 2 chambres ∙ 5 personnes,Saas-Almagell - Valais
15/04/2024,07/09/2024,14/09/2024,772.59,H9DW52J,85 m² Appartement ∙ 2 chambres ∙ 5 personnes,Saas-Almagell - Valais
15/04/2024,14/09/2024,21/09/2024,772.59,H9DW52J,85 m² Appartement ∙ 2 chambres ∙ 5 personnes,Saas-Almagell - Valais
15/04/2024,21/09/2024,28/09/2024,772.59,H9DW52J,85 m² Appartement ∙ 2 chambres ∙ 5 personnes,Saas-Almagell - Valais
15/04/2024,28/09/2024,05/10/2024,772.59,H9DW52J,85 m² Appartement ∙ 2 chambres ∙ 5 personnes,Saas-Almagell - Valais
15/04/2024,05/10/2024,12/10/2024,772.59,H9DW52J,85 m² Appartement ∙ 2 chambres ∙ 5 personnes,Saas-Almagell - Valais
15/04/2024,12/10/2024,19/10/2024,772.59,H9DW52J,85 m² Appartement ∙ 2 chambres ∙ 5 personnes,Saas-Almagell - Valais
15/04/2024,19/10/2024,26/10/2024,772.59,H9DW52J,85 m² Appartement ∙ 2 chambres ∙ 5 personnes,Saas-Almagell - Valais
15/04/2024,26/10/2024,02/11/2024,772.59,H9DW52J,85 m² Appartement ∙ 2 chambres ∙ 5 personnes,Saas-Almagell - Valais
15/04/2024,20/04/2024,27/04/2024,985.08,HA3FGWP,76 m² Appartement ∙ 2 chambres ∙ 4 personnes,Bürchen - Valais
15/04/2024,27/04/2024,04/05/2024,985.08,HA3FGWP,76 m² Appartement ∙ 2 chambres ∙ 4 personnes,Bürchen - Valais
15/04/2024,04/05/2024,11/05/2024,985.08,HA3FGWP,76 m² Appartement ∙ 2 chambres ∙ 4 personnes,Bürchen - Valais
15/04/2024,11/05/2024,18/05/2024,985.08,HA3FGWP,76 m² Appartement ∙ 2 chambres ∙ 4 personnes,Bürchen - Valais
15/04/2024,25/05/2024,01/06/2024,985.08,HA3FGWP,76 m² Appartement ∙ 2 chambres ∙ 4 personnes,Bürchen - Valais
15/04/2024,01/06/2024,08/06/2024,1060.37,HA3FGWP,76 m² Appartement ∙ 2 chambres ∙ 4 personnes,Bürchen - Valais
15/04/2024,08/06/2024,15/06/2024,1060.37,HA3FGWP,76 m² Appartement ∙ 2 chambres ∙ 4 personnes,Bürchen - Valais
15/04/2024,15/06/2024,22/06/2024,1060.37,HA3FGWP,76 m² Appartement ∙ 2 chambres ∙ 4 personnes,Bürchen - Valais
15/04/2024,22/06/2024,29/06/2024,1060.37,HA3FGWP,76 m² Appartement ∙ 2 chambres ∙ 4 personnes,Bürchen - Valais
15/04/2024,29/06/2024,06/07/2024,1060.37,HA3FGWP,76 m² Appartement ∙ 2 chambres ∙ 4 personnes,Bürchen - Valais
15/04/2024,06/07/2024,13/07/2024,1135.67,HA3FGWP,76 m² Appartement ∙ 2 chambres ∙ 4 personnes,Bürchen - Valais
15/04/2024,13/07/2024,20/07/2024,1135.67,HA3FGWP,76 m² Appartement ∙ 2 chambres ∙ 4 personnes,Bürchen - Valais
15/04/2024,20/07/2024,27/07/2024,1135.67,HA3FGWP,76 m² Appartement ∙ 2 chambres ∙ 4 personnes,Bürchen - Valais
15/04/2024,27/07/2024,03/08/2024,1135.67,HA3FGWP,76 m² Appartement ∙ 2 chambres ∙ 4 personnes,Bürchen - Valais
15/04/2024,03/08/2024,10/08/2024,1135.67,HA3FGWP,76 m² Appartement ∙ 2 chambres ∙ 4 personnes,Bürchen - Valais
15/04/2024,10/08/2024,17/08/2024,1135.67,HA3FGWP,76 m² Appartement ∙ 2 chambres ∙ 4 personnes,Bürchen - Valais
15/04/2024,17/08/2024,24/08/2024,1135.67,HA3FGWP,76 m² Appartement ∙ 2 chambres ∙ 4 personnes,Bürchen - Valais
15/04/2024,24/08/2024,31/08/2024,1135.67,HA3FGWP,76 m² Appartement ∙ 2 chambres ∙ 4 personnes,Bürchen - Valais
15/04/2024,31/08/2024,07/09/2024,1071.72,HA3FGWP,76 m² Appartement ∙ 2 chambres ∙ 4 personnes,Bürchen - Valais
15/04/2024,07/09/2024,14/09/2024,1060.37,HA3FGWP,76 m² Appartement ∙ 2 chambres ∙ 4 personnes,Bürchen - Valais
15/04/2024,14/09/2024,21/09/2024,1060.37,HA3FGWP,76 m² Appartement ∙ 2 chambres ∙ 4 personnes,Bürchen - Valais
15/04/2024,21/09/2024,28/09/2024,1060.37,HA3FGWP,76 m² Appartement ∙ 2 chambres ∙ 4 personnes,Bürchen - Valais
15/04/2024,28/09/2024,05/10/2024,1060.37,HA3FGWP,76 m² Appartement ∙ 2 chambres ∙ 4 personnes,Bürchen - Valais
15/04/2024,05/10/2024,12/10/2024,1060.37,HA3FGWP,76 m² Appartement ∙ 2 chambres ∙ 4 personnes,Bürchen - Valais
15/04/2024,12/10/2024,19/10/2024,1060.37,HA3FGWP,76 m² Appartement ∙ 2 chambres ∙ 4 personnes,Bürchen - Valais
15/04/2024,19/10/2024,26/10/2024,985.08,HA3FGWP,76 m² Appartement ∙ 2 chambres ∙ 4 personnes,Bürchen - Valais
15/04/2024,26/10/2024,02/11/2024,985.08,HA3FGWP,76 m² Appartement ∙ 2 chambres ∙ 4 personnes,Bürchen - Valais
15/04/2024,20/04/2024,27/04/2024,1575.09,HGB6MA1,Maison de vacances ∙ 3 chambres ∙ 6 personnes,Zinal - Ayer - Valais
15/04/2024,27/04/2024,04/05/2024,1575.09,HGB6MA1,Maison de vacances ∙ 3 chambres ∙ 6 personnes,Zinal - Ayer - Valais
15/04/2024,25/05/2024,01/06/2024,1575.09,HGB6MA1,Maison de vacances ∙ 3 chambres ∙ 6 personnes,Zinal - Ayer - Valais
15/04/2024,01/06/2024,08/06/2024,1575.09,HGB6MA1,Maison de vacances ∙ 3 chambres ∙ 6 personnes,Zinal - Ayer - Valais
15/04/2024,08/06/2024,15/06/2024,1575.09,HGB6MA1,Maison de vacances ∙ 3 chambres ∙ 6 personnes,Zinal - Ayer - Valais
15/04/2024,15/06/2024,22/06/2024,1575.09,HGB6MA1,Maison de vacances ∙ 3 chambres ∙ 6 personnes,Zinal - Ayer - Valais
15/04/2024,22/06/2024,29/06/2024,1575.09,HGB6MA1,Maison de vacances ∙ 3 chambres ∙ 6 personnes,Zinal - Ayer - Valais
15/04/2024,29/06/2024,06/07/2024,1575.09,HGB6MA1,Maison de vacances ∙ 3 chambres ∙ 6 personnes,Zinal - Ayer - Valais
15/04/2024,06/07/2024,13/07/2024,1575.09,HGB6MA1,Maison de vacances ∙ 3 chambres ∙ 6 personnes,Zinal - Ayer - Valais
15/04/2024,13/07/2024,20/07/2024,1799.95,HGB6MA1,Maison de vacances ∙ 3 chambres ∙ 6 personnes,Zinal - Ayer - Valais
15/04/2024,03/08/2024,10/08/2024,1799.95,HGB6MA1,Maison de vacances ∙ 3 chambres ∙ 6 personnes,Zinal - Ayer - Valais
15/04/2024,17/08/2024,24/08/2024,1575.09,HGB6MA1,Maison de vacances ∙ 3 chambres ∙ 6 personnes,Zinal - Ayer - Valais
15/04/2024,07/09/2024,14/09/2024,1575.09,HGB6MA1,Maison de vacances ∙ 3 chambres ∙ 6 personnes,Zinal - Ayer - Valais
15/04/2024,14/09/2024,21/09/2024,1575.09,HGB6MA1,Maison de vacances ∙ 3 chambres ∙ 6 personnes,Zinal - Ayer - Valais
15/04/2024,21/09/2024,28/09/2024,1575.09,HGB6MA1,Maison de vacances ∙ 3 chambres ∙ 6 personnes,Zinal - Ayer - Valais
15/04/2024,28/09/2024,05/10/2024,1575.09,HGB6MA1,Maison de vacances ∙ 3 chambres ∙ 6 personnes,Zinal - Ayer - Valais
15/04/2024,05/10/2024,12/10/2024,1575.09,HGB6MA1,Maison de vacances ∙ 3 chambres ∙ 6 personnes,Zinal - Ayer - Valais
15/04/2024,12/10/2024,19/10/2024,1575.09,HGB6MA1,Maison de vacances ∙ 3 chambres ∙ 6 personnes,Zinal - Ayer - Valais
15/04/2024,19/10/2024,26/10/2024,1575.09,HGB6MA1,Maison de vacances ∙ 3 chambres ∙ 6 personnes,Zinal - Ayer - Valais
15/04/2024,26/10/2024,02/11/2024,1575.09,HGB6MA1,Maison de vacances ∙ 3 chambres ∙ 6 personnes,Zinal - Ayer - Valais
15/04/2024,04/05/2024,11/05/2024,589.00,H1NJA5Y,42 m² Appartement ∙ 1 chambre ∙ 4 personnes,Vex - Valais
15/04/2024,11/05/2024,18/05/2024,589.00,H1NJA5Y,42 m² Appartement ∙ 1 chambre ∙ 4 personnes,Vex - Valais
15/04/2024,18/05/2024,25/05/2024,589.00,H1NJA5Y,42 m² Appartement ∙ 1 chambre ∙ 4 personnes,Vex - Valais
15/04/2024,25/05/2024,01/06/2024,589.00,H1NJA5Y,42 m² Appartement ∙ 1 chambre ∙ 4 personnes,Vex - Valais
15/04/2024,01/06/2024,08/06/2024,589.00,H1NJA5Y,42 m² Appartement ∙ 1 chambre ∙ 4 personnes,Vex - Valais
15/04/2024,08/06/2024,15/06/2024,589.00,H1NJA5Y,42 m² Appartement ∙ 1 chambre ∙ 4 personnes,Vex - Valais
15/04/2024,15/06/2024,22/06/2024,589.00,H1NJA5Y,42 m² Appartement ∙ 1 chambre ∙ 4 personnes,Vex - Valais
15/04/2024,22/06/2024,29/06/2024,589.00,H1NJA5Y,42 m² Appartement ∙ 1 chambre ∙ 4 personnes,Vex - Valais
15/04/2024,29/06/2024,06/07/2024,589.00,H1NJA5Y,42 m² Appartement ∙ 1 chambre ∙ 4 personnes,Vex - Valais
15/04/2024,06/07/2024,13/07/2024,676.00,H1NJA5Y,42 m² Appartement ∙ 1 chambre ∙ 4 personnes,Vex - Valais
15/04/2024,13/07/2024,20/07/2024,676.00,H1NJA5Y,42 m² Appartement ∙ 1 chambre ∙ 4 personnes,Vex - Valais
15/04/2024,20/07/2024,27/07/2024,676.00,H1NJA5Y,42 m² Appartement ∙ 1 chambre ∙ 4 personnes,Vex - Valais
15/04/2024,27/07/2024,03/08/2024,676.00,H1NJA5Y,42 m² Appartement ∙ 1 chambre ∙ 4 personnes,Vex - Valais
15/04/2024,03/08/2024,10/08/2024,676.00,H1NJA5Y,42 m² Appartement ∙ 1 chambre ∙ 4 personnes,Vex - Valais
15/04/2024,10/08/2024,17/08/2024,589.00,H1NJA5Y,42 m² Appartement ∙ 1 chambre ∙ 4 personnes,Vex - Valais
15/04/2024,17/08/2024,24/08/2024,589.00,H1NJA5Y,42 m² Appartement ∙ 1 chambre ∙ 4 personnes,Vex - Valais
15/04/2024,24/08/2024,31/08/2024,589.00,H1NJA5Y,42 m² Appartement ∙ 1 chambre ∙ 4 personnes,Vex - Valais
15/04/2024,31/08/2024,07/09/2024,589.00,H1NJA5Y,42 m² Appartement ∙ 1 chambre ∙ 4 personnes,Vex - Valais
15/04/2024,07/09/2024,14/09/2024,589.00,H1NJA5Y,42 m² Appartement ∙ 1 chambre ∙ 4 personnes,Vex - Valais
15/04/2024,14/09/2024,21/09/2024,589.00,H1NJA5Y,42 m² Appartement ∙ 1 chambre ∙ 4 personnes,Vex - Valais
15/04/2024,21/09/2024,28/09/2024,589.00,H1NJA5Y,42 m² Appartement ∙ 1 chambre ∙ 4 personnes,Vex - Valais
15/04/2024,28/09/2024,05/10/2024,589.00,H1NJA5Y,42 m² Appartement ∙ 1 chambre ∙ 4 personnes,Vex - Valais
15/04/2024,05/10/2024,12/10/2024,589.00,H1NJA5Y,42 m² Appartement ∙ 1 chambre ∙ 4 personnes,Vex - Valais
15/04/2024,12/10/2024,19/10/2024,589.00,H1NJA5Y,42 m² Appartement ∙ 1 chambre ∙ 4 personnes,Vex - Valais
15/04/2024,19/10/2024,26/10/2024,589.00,H1NJA5Y,42 m² Appartement ∙ 1 chambre ∙ 4 personnes,Vex - Valais
15/04/2024,20/04/2024,27/04/2024,1310.15,HYCGKVJ,95 m² Maison de vacances ∙ 3 chambres ∙ 6 personnes,Nendaz - Valais
15/04/2024,27/04/2024,04/05/2024,1310.15,HYCGKVJ,95 m² Maison de vacances ∙ 3 chambres ∙ 6 personnes,Nendaz - Valais
15/04/2024,18/05/2024,25/05/2024,1310.15,HYCGKVJ,95 m² Maison de vacances ∙ 3 chambres ∙ 6 personnes,Nendaz - Valais
15/04/2024,25/05/2024,01/06/2024,1310.15,HYCGKVJ,95 m² Maison de vacances ∙ 3 chambres ∙ 6 personnes,Nendaz - Valais
15/04/2024,01/06/2024,08/06/2024,1310.15,HYCGKVJ,95 m² Maison de vacances ∙ 3 chambres ∙ 6 personnes,Nendaz - Valais
15/04/2024,08/06/2024,15/06/2024,1310.15,HYCGKVJ,95 m² Maison de vacances ∙ 3 chambres ∙ 6 personnes,Nendaz - Valais
15/04/2024,22/06/2024,29/06/2024,1310.15,HYCGKVJ,95 m² Maison de vacances ∙ 3 chambres ∙ 6 personnes,Nendaz - Valais
15/04/2024,17/08/2024,24/08/2024,1761.32,HYCGKVJ,95 m² Maison de vacances ∙ 3 chambres ∙ 6 personnes,Nendaz - Valais
15/04/2024,21/09/2024,28/09/2024,1362.80,HYCGKVJ,95 m² Maison de vacances ∙ 3 chambres ∙ 6 personnes,Nendaz - Valais
15/04/2024,28/09/2024,05/10/2024,1362.80,HYCGKVJ,95 m² Maison de vacances ∙ 3 chambres ∙ 6 personnes,Nendaz - Valais
15/04/2024,05/10/2024,12/10/2024,1362.80,HYCGKVJ,95 m² Maison de vacances ∙ 3 chambres ∙ 6 personnes,Nendaz - Valais
15/04/2024,12/10/2024,19/10/2024,1362.80,HYCGKVJ,95 m² Maison de vacances ∙ 3 chambres ∙ 6 personnes,Nendaz - Valais
15/04/2024,19/10/2024,26/10/2024,1362.80,HYCGKVJ,95 m² Maison de vacances ∙ 3 chambres ∙ 6 personnes,Nendaz - Valais
15/04/2024,27/04/2024,04/05/2024,499.69,HGFELJA,Appartement ∙ 1 chambre ∙ 2 personnes,Saas Fee - Valais
15/04/2024,04/05/2024,11/05/2024,499.69,HGFELJA,Appartement ∙ 1 chambre ∙ 2 personnes,Saas Fee - Valais
15/04/2024,11/05/2024,18/05/2024,499.69,HGFELJA,Appartement ∙ 1 chambre ∙ 2 personnes,Saas Fee - Valais
15/04/2024,18/05/2024,25/05/2024,499.69,HGFELJA,Appartement ∙ 1 chambre ∙ 2 personnes,Saas Fee - Valais
15/04/2024,25/05/2024,01/06/2024,499.69,HGFELJA,Appartement ∙ 1 chambre ∙ 2 personnes,Saas Fee - Valais
15/04/2024,01/06/2024,08/06/2024,616.36,HGFELJA,Appartement ∙ 1 chambre ∙ 2 personnes,Saas Fee - Valais
15/04/2024,08/06/2024,15/06/2024,616.36,HGFELJA,Appartement ∙ 1 chambre ∙ 2 personnes,Saas Fee - Valais
15/04/2024,29/06/2024,06/07/2024,616.36,HGFELJA,Appartement ∙ 1 chambre ∙ 2 personnes,Saas Fee - Valais
15/04/2024,06/07/2024,13/07/2024,616.36,HGFELJA,Appartement ∙ 1 chambre ∙ 2 personnes,Saas Fee - Valais
15/04/2024,13/07/2024,20/07/2024,616.36,HGFELJA,Appartement ∙ 1 chambre ∙ 2 personnes,Saas Fee - Valais
15/04/2024,20/07/2024,27/07/2024,616.36,HGFELJA,Appartement ∙ 1 chambre ∙ 2 personnes,Saas Fee - Valais
15/04/2024,10/08/2024,17/08/2024,616.36,HGFELJA,Appartement ∙ 1 chambre ∙ 2 personnes,Saas Fee - Valais
15/04/2024,17/08/2024,24/08/2024,616.36,HGFELJA,Appartement ∙ 1 chambre ∙ 2 personnes,Saas Fee - Valais
15/04/2024,24/08/2024,31/08/2024,616.36,HGFELJA,Appartement ∙ 1 chambre ∙ 2 personnes,Saas Fee - Valais
15/04/2024,31/08/2024,07/09/2024,616.36,HGFELJA,Appartement ∙ 1 chambre ∙ 2 personnes,Saas Fee - Valais
15/04/2024,07/09/2024,14/09/2024,616.36,HGFELJA,Appartement ∙ 1 chambre ∙ 2 personnes,Saas Fee - Valais
15/04/2024,14/09/2024,21/09/2024,616.36,HGFELJA,Appartement ∙ 1 chambre ∙ 2 personnes,Saas Fee - Valais
15/04/2024,21/09/2024,28/09/2024,616.36,HGFELJA,Appartement ∙ 1 chambre ∙ 2 personnes,Saas Fee - Valais
15/04/2024,28/09/2024,05/10/2024,616.36,HGFELJA,Appartement ∙ 1 chambre ∙ 2 personnes,Saas Fee - Valais
15/04/2024,05/10/2024,12/10/2024,616.36,HGFELJA,Appartement ∙ 1 chambre ∙ 2 personnes,Saas Fee - Valais
15/04/2024,12/10/2024,19/10/2024,616.36,HGFELJA,Appartement ∙ 1 chambre ∙ 2 personnes,Saas Fee - Valais
15/04/2024,19/10/2024,26/10/2024,532.73,HGFELJA,Appartement ∙ 1 chambre ∙ 2 personnes,Saas Fee - Valais
15/04/2024,26/10/2024,02/11/2024,499.69,HGFELJA,Appartement ∙ 1 chambre ∙ 2 personnes,Saas Fee - Valais
15/04/2024,13/07/2024,20/07/2024,1810.88,H7UL81E,50 m² Maison de vacances ∙ 1 chambre ∙ 2 personnes,Evolène - Valais
15/04/2024,20/07/2024,27/07/2024,1810.88,H7UL81E,50 m² Maison de vacances ∙ 1 chambre ∙ 2 personnes,Evolène - Valais
15/04/2024,27/07/2024,03/08/2024,1810.88,H7UL81E,50 m² Maison de vacances ∙ 1 chambre ∙ 2 personnes,Evolène - Valais
15/04/2024,03/08/2024,10/08/2024,1810.88,H7UL81E,50 m² Maison de vacances ∙ 1 chambre ∙ 2 personnes,Evolène - Valais
15/04/2024,05/10/2024,12/10/2024,1795.39,H7UL81E,50 m² Maison de vacances ∙ 1 chambre ∙ 2 personnes,Evolène - Valais
15/04/2024,20/04/2024,27/04/2024,832.13,HG5EKDA,45 m² Appartement ∙ 1 chambre ∙ 3 personnes,Zermatt - Valais
15/04/2024,29/06/2024,06/07/2024,1118.12,HG5EKDA,45 m² Appartement ∙ 1 chambre ∙ 3 personnes,Zermatt - Valais
15/04/2024,03/08/2024,10/08/2024,1118.12,HG5EKDA,45 m² Appartement ∙ 1 chambre ∙ 3 personnes,Zermatt - Valais
15/04/2024,07/09/2024,14/09/2024,1057.20,HG5EKDA,45 m² Appartement ∙ 1 chambre ∙ 3 personnes,Zermatt - Valais
15/04/2024,14/09/2024,21/09/2024,1057.20,HG5EKDA,45 m² Appartement ∙ 1 chambre ∙ 3 personnes,Zermatt - Valais
15/04/2024,21/09/2024,28/09/2024,1057.20,HG5EKDA,45 m² Appartement ∙ 1 chambre ∙ 3 personnes,Zermatt - Valais
15/04/2024,28/09/2024,05/10/2024,1057.20,HG5EKDA,45 m² Appartement ∙ 1 chambre ∙ 3 personnes,Zermatt - Valais
15/04/2024,05/10/2024,12/10/2024,1057.20,HG5EKDA,45 m² Appartement ∙ 1 chambre ∙ 3 personnes,Zermatt - Valais
15/04/2024,12/10/2024,19/10/2024,1057.20,HG5EKDA,45 m² Appartement ∙ 1 chambre ∙ 3 personnes,Zermatt - Valais
15/04/2024,19/10/2024,26/10/2024,1057.20,HG5EKDA,45 m² Appartement ∙ 1 chambre ∙ 3 personnes,Zermatt - Valais
15/04/2024,26/10/2024,02/11/2024,1057.20,HG5EKDA,45 m² Appartement ∙ 1 chambre ∙ 3 personnes,Zermatt - Valais
16/04/2024,20/04/2024,27/04/2024,1120.18,H8X5HDS,Appartement ∙ 3 chambres ∙ 6 personnes,Zermatt - Valais
16/04/2024,25/05/2024,01/06/2024,1120.18,H8X5HDS,Appartement ∙ 3 chambres ∙ 6 personnes,Zermatt - Valais
16/04/2024,01/06/2024,08/06/2024,1120.18,H8X5HDS,Appartement ∙ 3 chambres ∙ 6 personnes,Zermatt - Valais
16/04/2024,08/06/2024,15/06/2024,1120.18,H8X5HDS,Appartement ∙ 3 chambres ∙ 6 personnes,Zermatt - Valais
16/04/2024,15/06/2024,22/06/2024,1120.18,H8X5HDS,Appartement ∙ 3 chambres ∙ 6 personnes,Zermatt - Valais
16/04/2024,22/06/2024,29/06/2024,1120.18,H8X5HDS,Appartement ∙ 3 chambres ∙ 6 personnes,Zermatt - Valais
16/04/2024,31/08/2024,07/09/2024,1467.08,H8X5HDS,Appartement ∙ 3 chambres ∙ 6 personnes,Zermatt - Valais
16/04/2024,07/09/2024,14/09/2024,1467.08,H8X5HDS,Appartement ∙ 3 chambres ∙ 6 personnes,Zermatt - Valais
16/04/2024,14/09/2024,21/09/2024,1120.18,H8X5HDS,Appartement ∙ 3 chambres ∙ 6 personnes,Zermatt - Valais
16/04/2024,21/09/2024,28/09/2024,1120.18,H8X5HDS,Appartement ∙ 3 chambres ∙ 6 personnes,Zermatt - Valais
16/04/2024,28/09/2024,05/10/2024,1120.18,H8X5HDS,Appartement ∙ 3 chambres ∙ 6 personnes,Zermatt - Valais
16/04/2024,05/10/2024,12/10/2024,1120.18,H8X5HDS,Appartement ∙ 3 chambres ∙ 6 personnes,Zermatt - Valais
16/04/2024,12/10/2024,19/10/2024,1120.18,H8X5HDS,Appartement ∙ 3 chambres ∙ 6 personnes,Zermatt - Valais
16/04/2024,19/10/2024,26/10/2024,1120.18,H8X5HDS,Appartement ∙ 3 chambres ∙ 6 personnes,Zermatt - Valais
16/04/2024,26/10/2024,02/11/2024,1120.18,H8X5HDS,Appartement ∙ 3 chambres ∙ 6 personnes,Zermatt - Valais
16/04/2024,24/08/2024,31/08/2024,579.19,HY6CGHT,35 m² Appartement ∙ 1 chambre ∙ 3 personnes,Crans-Montana - Valais
16/04/2024,21/09/2024,28/09/2024,579.19,HY6CGHT,35 m² Appartement ∙ 1 chambre ∙ 3 personnes,Crans-Montana - Valais
16/04/2024,28/09/2024,05/10/2024,579.19,HY6CGHT,35 m² Appartement ∙ 1 chambre ∙ 3 personnes,Crans-Montana - Valais
16/04/2024,05/10/2024,12/10/2024,579.19,HY6CGHT,35 m² Appartement ∙ 1 chambre ∙ 3 personnes,Crans-Montana - Valais
16/04/2024,12/10/2024,19/10/2024,579.19,HY6CGHT,35 m² Appartement ∙ 1 chambre ∙ 3 personnes,Crans-Montana - Valais
16/04/2024,19/10/2024,26/10/2024,579.19,HY6CGHT,35 m² Appartement ∙ 1 chambre ∙ 3 personnes,Crans-Montana - Valais
16/04/2024,26/10/2024,02/11/2024,579.19,HY6CGHT,35 m² Appartement ∙ 1 chambre ∙ 3 personnes,Crans-Montana - Valais
16/04/2024,24/08/2024,31/08/2024,1759.24,HXJ9MAE,140 m² Appartement ∙ 4 chambres ∙ 8 personnes,Täsch - Valais
16/04/2024,31/08/2024,07/09/2024,1759.24,HXJ9MAE,140 m² Appartement ∙ 4 chambres ∙ 8 personnes,Täsch - Valais
16/04/2024,07/09/2024,14/09/2024,1759.24,HXJ9MAE,140 m² Appartement ∙ 4 chambres ∙ 8 personnes,Täsch - Valais
16/04/2024,14/09/2024,21/09/2024,1759.24,HXJ9MAE,140 m² Appartement ∙ 4 chambres ∙ 8 personnes,Täsch - Valais
16/04/2024,21/09/2024,28/09/2024,1759.24,HXJ9MAE,140 m² Appartement ∙ 4 chambres ∙ 8 personnes,Täsch - Valais
16/04/2024,28/09/2024,05/10/2024,1759.24,HXJ9MAE,140 m² Appartement ∙ 4 chambres ∙ 8 personnes,Täsch - Valais
16/04/2024,05/10/2024,12/10/2024,1759.24,HXJ9MAE,140 m² Appartement ∙ 4 chambres ∙ 8 personnes,Täsch - Valais
16/04/2024,12/10/2024,19/10/2024,1759.24,HXJ9MAE,140 m² Appartement ∙ 4 chambres ∙ 8 personnes,Täsch - Valais
16/04/2024,19/10/2024,26/10/2024,1759.24,HXJ9MAE,140 m² Appartement ∙ 4 chambres ∙ 8 personnes,Täsch - Valais
16/04/2024,26/10/2024,02/11/2024,1358.67,HXJ9MAE,140 m² Appartement ∙ 4 chambres ∙ 8 personnes,Täsch - Valais
16/04/2024,20/04/2024,27/04/2024,1247.17,H20WLH4,115 m² Maison de vacances ∙ 4 chambres ∙ 8 personnes,Nendaz - Valais
16/04/2024,27/04/2024,04/05/2024,1605.42,H20WLH4,115 m² Maison de vacances ∙ 4 chambres ∙ 8 personnes,Nendaz - Valais
16/04/2024,11/05/2024,18/05/2024,1605.42,H20WLH4,115 m² Maison de vacances ∙ 4 chambres ∙ 8 personnes,Nendaz - Valais
16/04/2024,18/05/2024,25/05/2024,1605.42,H20WLH4,115 m² Maison de vacances ∙ 4 chambres ∙ 8 personnes,Nendaz - Valais
16/04/2024,25/05/2024,01/06/2024,1605.42,H20WLH4,115 m² Maison de vacances ∙ 4 chambres ∙ 8 personnes,Nendaz - Valais
16/04/2024,01/06/2024,08/06/2024,1605.42,H20WLH4,115 m² Maison de vacances ∙ 4 chambres ∙ 8 personnes,Nendaz - Valais
16/04/2024,08/06/2024,15/06/2024,1605.42,H20WLH4,115 m² Maison de vacances ∙ 4 chambres ∙ 8 personnes,Nendaz - Valais
16/04/2024,29/06/2024,06/07/2024,2445.81,H20WLH4,115 m² Maison de vacances ∙ 4 chambres ∙ 8 personnes,Nendaz - Valais
16/04/2024,06/07/2024,13/07/2024,2445.81,H20WLH4,115 m² Maison de vacances ∙ 4 chambres ∙ 8 personnes,Nendaz - Valais
16/04/2024,13/07/2024,20/07/2024,2664.69,H20WLH4,115 m² Maison de vacances ∙ 4 chambres ∙ 8 personnes,Nendaz - Valais
16/04/2024,20/07/2024,27/07/2024,2664.69,H20WLH4,115 m² Maison de vacances ∙ 4 chambres ∙ 8 personnes,Nendaz - Valais
16/04/2024,24/08/2024,31/08/2024,1605.42,H20WLH4,115 m² Maison de vacances ∙ 4 chambres ∙ 8 personnes,Nendaz - Valais
16/04/2024,31/08/2024,07/09/2024,1605.42,H20WLH4,115 m² Maison de vacances ∙ 4 chambres ∙ 8 personnes,Nendaz - Valais
16/04/2024,07/09/2024,14/09/2024,1605.42,H20WLH4,115 m² Maison de vacances ∙ 4 chambres ∙ 8 personnes,Nendaz - Valais
16/04/2024,14/09/2024,21/09/2024,1605.42,H20WLH4,115 m² Maison de vacances ∙ 4 chambres ∙ 8 personnes,Nendaz - Valais
16/04/2024,21/09/2024,28/09/2024,1605.42,H20WLH4,115 m² Maison de vacances ∙ 4 chambres ∙ 8 personnes,Nendaz - Valais
16/04/2024,28/09/2024,05/10/2024,1605.42,H20WLH4,115 m² Maison de vacances ∙ 4 chambres ∙ 8 personnes,Nendaz - Valais
16/04/2024,05/10/2024,12/10/2024,1605.42,H20WLH4,115 m² Maison de vacances ∙ 4 chambres ∙ 8 personnes,Nendaz - Valais
16/04/2024,12/10/2024,19/10/2024,1605.42,H20WLH4,115 m² Maison de vacances ∙ 4 chambres ∙ 8 personnes,Nendaz - Valais
16/04/2024,19/10/2024,26/10/2024,1605.42,H20WLH4,115 m² Maison de vacances ∙ 4 chambres ∙ 8 personnes,Nendaz - Valais
16/04/2024,26/10/2024,02/11/2024,1605.42,H20WLH4,115 m² Maison de vacances ∙ 4 chambres ∙ 8 personnes,Nendaz - Valais
16/04/2024,20/04/2024,27/04/2024,879.63,HWPD1GN,78 m² Appartement ∙ 2 chambres ∙ 5 personnes,Täsch - Valais
16/04/2024,27/04/2024,04/05/2024,946.73,HWPD1GN,78 m² Appartement ∙ 2 chambres ∙ 5 personnes,Täsch - Valais
16/04/2024,18/05/2024,25/05/2024,946.73,HWPD1GN,78 m² Appartement ∙ 2 chambres ∙ 5 personnes,Täsch - Valais
16/04/2024,25/05/2024,01/06/2024,946.73,HWPD1GN,78 m² Appartement ∙ 2 chambres ∙ 5 personnes,Täsch - Valais
16/04/2024,01/06/2024,08/06/2024,946.73,HWPD1GN,78 m² Appartement ∙ 2 chambres ∙ 5 personnes,Täsch - Valais
16/04/2024,08/06/2024,15/06/2024,946.73,HWPD1GN,78 m² Appartement ∙ 2 chambres ∙ 5 personnes,Täsch - Valais
16/04/2024,07/09/2024,14/09/2024,946.73,HWPD1GN,78 m² Appartement ∙ 2 chambres ∙ 5 personnes,Täsch - Valais
16/04/2024,14/09/2024,21/09/2024,946.73,HWPD1GN,78 m² Appartement ∙ 2 chambres ∙ 5 personnes,Täsch - Valais
16/04/2024,21/09/2024,28/09/2024,946.73,HWPD1GN,78 m² Appartement ∙ 2 chambres ∙ 5 personnes,Täsch - Valais
16/04/2024,28/09/2024,05/10/2024,946.73,HWPD1GN,78 m² Appartement ∙ 2 chambres ∙ 5 personnes,Täsch - Valais
16/04/2024,05/10/2024,12/10/2024,946.73,HWPD1GN,78 m² Appartement ∙ 2 chambres ∙ 5 personnes,Täsch - Valais
16/04/2024,12/10/2024,19/10/2024,946.73,HWPD1GN,78 m² Appartement ∙ 2 chambres ∙ 5 personnes,Täsch - Valais
16/04/2024,19/10/2024,26/10/2024,946.73,HWPD1GN,78 m² Appartement ∙ 2 chambres ∙ 5 personnes,Täsch - Valais
16/04/2024,26/10/2024,02/11/2024,946.73,HWPD1GN,78 m² Appartement ∙ 2 chambres ∙ 5 personnes,Täsch - Valais
16/04/2024,20/04/2024,27/04/2024,975.64,HFKJS2R,Appartement ∙ 2 chambres ∙ 5 personnes,Grächen - Valais
16/04/2024,27/04/2024,04/05/2024,975.64,HFKJS2R,Appartement ∙ 2 chambres ∙ 5 personnes,Grächen - Valais
16/04/2024,04/05/2024,11/05/2024,975.64,HFKJS2R,Appartement ∙ 2 chambres ∙ 5 personnes,Grächen - Valais
16/04/2024,11/05/2024,18/05/2024,975.64,HFKJS2R,Appartement ∙ 2 chambres ∙ 5 personnes,Grächen - Valais
16/04/2024,18/05/2024,25/05/2024,975.64,HFKJS2R,Appartement ∙ 2 chambres ∙ 5 personnes,Grächen - Valais
16/04/2024,25/05/2024,01/06/2024,975.64,HFKJS2R,Appartement ∙ 2 chambres ∙ 5 personnes,Grächen - Valais
16/04/2024,01/06/2024,08/06/2024,975.64,HFKJS2R,Appartement ∙ 2 chambres ∙ 5 personnes,Grächen - Valais
16/04/2024,08/06/2024,15/06/2024,975.64,HFKJS2R,Appartement ∙ 2 chambres ∙ 5 personnes,Grächen - Valais
16/04/2024,15/06/2024,22/06/2024,975.64,HFKJS2R,Appartement ∙ 2 chambres ∙ 5 personnes,Grächen - Valais
16/04/2024,22/06/2024,29/06/2024,975.64,HFKJS2R,Appartement ∙ 2 chambres ∙ 5 personnes,Grächen - Valais
16/04/2024,29/06/2024,06/07/2024,975.64,HFKJS2R,Appartement ∙ 2 chambres ∙ 5 personnes,Grächen - Valais
16/04/2024,06/07/2024,13/07/2024,975.64,HFKJS2R,Appartement ∙ 2 chambres ∙ 5 personnes,Grächen - Valais
16/04/2024,13/07/2024,20/07/2024,975.64,HFKJS2R,Appartement ∙ 2 chambres ∙ 5 personnes,Grächen - Valais
16/04/2024,20/04/2024,27/04/2024,1392.12,HCPU1Z2,105 m² Appartement ∙ 3 chambres ∙ 6 personnes,Saas Grund - Valais
16/04/2024,27/04/2024,04/05/2024,1392.12,HCPU1Z2,105 m² Appartement ∙ 3 chambres ∙ 6 personnes,Saas Grund - Valais
16/04/2024,04/05/2024,11/05/2024,1392.12,HCPU1Z2,105 m² Appartement ∙ 3 chambres ∙ 6 personnes,Saas Grund - Valais
16/04/2024,11/05/2024,18/05/2024,1392.12,HCPU1Z2,105 m² Appartement ∙ 3 chambres ∙ 6 personnes,Saas Grund - Valais
16/04/2024,18/05/2024,25/05/2024,1392.12,HCPU1Z2,105 m² Appartement ∙ 3 chambres ∙ 6 personnes,Saas Grund - Valais
16/04/2024,25/05/2024,01/06/2024,1392.12,HCPU1Z2,105 m² Appartement ∙ 3 chambres ∙ 6 personnes,Saas Grund - Valais
16/04/2024,01/06/2024,08/06/2024,1492.27,HCPU1Z2,105 m² Appartement ∙ 3 chambres ∙ 6 personnes,Saas Grund - Valais
16/04/2024,08/06/2024,15/06/2024,1492.27,HCPU1Z2,105 m² Appartement ∙ 3 chambres ∙ 6 personnes,Saas Grund - Valais
16/04/2024,15/06/2024,22/06/2024,1492.27,HCPU1Z2,105 m² Appartement ∙ 3 chambres ∙ 6 personnes,Saas Grund - Valais
16/04/2024,22/06/2024,29/06/2024,1492.27,HCPU1Z2,105 m² Appartement ∙ 3 chambres ∙ 6 personnes,Saas Grund - Valais
16/04/2024,29/06/2024,06/07/2024,2101.14,HCPU1Z2,105 m² Appartement ∙ 3 chambres ∙ 6 personnes,Saas Grund - Valais
16/04/2024,06/07/2024,13/07/2024,2101.14,HCPU1Z2,105 m² Appartement ∙ 3 chambres ∙ 6 personnes,Saas Grund - Valais
16/04/2024,13/07/2024,20/07/2024,2101.14,HCPU1Z2,105 m² Appartement ∙ 3 chambres ∙ 6 personnes,Saas Grund - Valais
16/04/2024,20/07/2024,27/07/2024,2101.14,HCPU1Z2,105 m² Appartement ∙ 3 chambres ∙ 6 personnes,Saas Grund - Valais
16/04/2024,27/07/2024,03/08/2024,2101.14,HCPU1Z2,105 m² Appartement ∙ 3 chambres ∙ 6 personnes,Saas Grund - Valais
16/04/2024,03/08/2024,10/08/2024,2101.14,HCPU1Z2,105 m² Appartement ∙ 3 chambres ∙ 6 personnes,Saas Grund - Valais
16/04/2024,10/08/2024,17/08/2024,2101.14,HCPU1Z2,105 m² Appartement ∙ 3 chambres ∙ 6 personnes,Saas Grund - Valais
16/04/2024,31/08/2024,07/09/2024,1492.27,HCPU1Z2,105 m² Appartement ∙ 3 chambres ∙ 6 personnes,Saas Grund - Valais
16/04/2024,07/09/2024,14/09/2024,1492.27,HCPU1Z2,105 m² Appartement ∙ 3 chambres ∙ 6 personnes,Saas Grund - Valais
16/04/2024,14/09/2024,21/09/2024,1492.27,HCPU1Z2,105 m² Appartement ∙ 3 chambres ∙ 6 personnes,Saas Grund - Valais
16/04/2024,21/09/2024,28/09/2024,1492.27,HCPU1Z2,105 m² Appartement ∙ 3 chambres ∙ 6 personnes,Saas Grund - Valais
16/04/2024,28/09/2024,05/10/2024,1492.27,HCPU1Z2,105 m² Appartement ∙ 3 chambres ∙ 6 personnes,Saas Grund - Valais
16/04/2024,05/10/2024,12/10/2024,1492.27,HCPU1Z2,105 m² Appartement ∙ 3 chambres ∙ 6 personnes,Saas Grund - Valais
16/04/2024,12/10/2024,19/10/2024,1492.27,HCPU1Z2,105 m² Appartement ∙ 3 chambres ∙ 6 personnes,Saas Grund - Valais
16/04/2024,19/10/2024,26/10/2024,1492.27,HCPU1Z2,105 m² Appartement ∙ 3 chambres ∙ 6 personnes,Saas Grund - Valais
16/04/2024,26/10/2024,02/11/2024,1492.27,HCPU1Z2,105 m² Appartement ∙ 3 chambres ∙ 6 personnes,Saas Grund - Valais
16/04/2024,20/04/2024,27/04/2024,787.74,H2ZMB9L,Appartement ∙ 2 chambres ∙ 4 personnes,Grächen - Valais
16/04/2024,27/04/2024,04/05/2024,787.74,H2ZMB9L,Appartement ∙ 2 chambres ∙ 4 personnes,Grächen - Valais
16/04/2024,04/05/2024,11/05/2024,787.74,H2ZMB9L,Appartement ∙ 2 chambres ∙ 4 personnes,Grächen - Valais
16/04/2024,11/05/2024,18/05/2024,787.74,H2ZMB9L,Appartement ∙ 2 chambres ∙ 4 personnes,Grächen - Valais
16/04/2024,18/05/2024,25/05/2024,787.74,H2ZMB9L,Appartement ∙ 2 chambres ∙ 4 personnes,Grächen - Valais
16/04/2024,25/05/2024,01/06/2024,787.74,H2ZMB9L,Appartement ∙ 2 chambres ∙ 4 personnes,Grächen - Valais
16/04/2024,01/06/2024,08/06/2024,787.74,H2ZMB9L,Appartement ∙ 2 chambres ∙ 4 personnes,Grächen - Valais
16/04/2024,08/06/2024,15/06/2024,787.74,H2ZMB9L,Appartement ∙ 2 chambres ∙ 4 personnes,Grächen - Valais
16/04/2024,15/06/2024,22/06/2024,787.74,H2ZMB9L,Appartement ∙ 2 chambres ∙ 4 personnes,Grächen - Valais
16/04/2024,22/06/2024,29/06/2024,787.74,H2ZMB9L,Appartement ∙ 2 chambres ∙ 4 personnes,Grächen - Valais
16/04/2024,29/06/2024,06/07/2024,903.37,H2ZMB9L,Appartement ∙ 2 chambres ∙ 4 personnes,Grächen - Valais
16/04/2024,06/07/2024,13/07/2024,903.37,H2ZMB9L,Appartement ∙ 2 chambres ∙ 4 personnes,Grächen - Valais
16/04/2024,13/07/2024,20/07/2024,903.37,H2ZMB9L,Appartement ∙ 2 chambres ∙ 4 personnes,Grächen - Valais
16/04/2024,20/07/2024,27/07/2024,903.37,H2ZMB9L,Appartement ∙ 2 chambres ∙ 4 personnes,Grächen - Valais
16/04/2024,03/08/2024,10/08/2024,903.37,H2ZMB9L,Appartement ∙ 2 chambres ∙ 4 personnes,Grächen - Valais
16/04/2024,10/08/2024,17/08/2024,903.37,H2ZMB9L,Appartement ∙ 2 chambres ∙ 4 personnes,Grächen - Valais
16/04/2024,17/08/2024,24/08/2024,787.74,H2ZMB9L,Appartement ∙ 2 chambres ∙ 4 personnes,Grächen - Valais
16/04/2024,24/08/2024,31/08/2024,787.74,H2ZMB9L,Appartement ∙ 2 chambres ∙ 4 personnes,Grächen - Valais
16/04/2024,31/08/2024,07/09/2024,787.74,H2ZMB9L,Appartement ∙ 2 chambres ∙ 4 personnes,Grächen - Valais
16/04/2024,07/09/2024,14/09/2024,787.74,H2ZMB9L,Appartement ∙ 2 chambres ∙ 4 personnes,Grächen - Valais
16/04/2024,14/09/2024,21/09/2024,787.74,H2ZMB9L,Appartement ∙ 2 chambres ∙ 4 personnes,Grächen - Valais
16/04/2024,21/09/2024,28/09/2024,787.74,H2ZMB9L,Appartement ∙ 2 chambres ∙ 4 personnes,Grächen - Valais
16/04/2024,28/09/2024,05/10/2024,787.74,H2ZMB9L,Appartement ∙ 2 chambres ∙ 4 personnes,Grächen - Valais
16/04/2024,05/10/2024,12/10/2024,787.74,H2ZMB9L,Appartement ∙ 2 chambres ∙ 4 personnes,Grächen - Valais
16/04/2024,12/10/2024,19/10/2024,787.74,H2ZMB9L,Appartement ∙ 2 chambres ∙ 4 personnes,Grächen - Valais
16/04/2024,19/10/2024,26/10/2024,787.74,H2ZMB9L,Appartement ∙ 2 chambres ∙ 4 personnes,Grächen - Valais
16/04/2024,26/10/2024,02/11/2024,787.74,H2ZMB9L,Appartement ∙ 2 chambres ∙ 4 personnes,Grächen - Valais
16/04/2024,20/04/2024,27/04/2024,566.80,H8MWXHT,45 m² Appartement ∙ 1 chambre ∙ 4 personnes,Ovronnaz - Leytron - Valais
16/04/2024,27/04/2024,04/05/2024,697.92,H8MWXHT,45 m² Appartement ∙ 1 chambre ∙ 4 personnes,Ovronnaz - Leytron - Valais
16/04/2024,04/05/2024,11/05/2024,697.92,H8MWXHT,45 m² Appartement ∙ 1 chambre ∙ 4 personnes,Ovronnaz - Leytron - Valais
16/04/2024,11/05/2024,18/05/2024,697.92,H8MWXHT,45 m² Appartement ∙ 1 chambre ∙ 4 personnes,Ovronnaz - Leytron - Valais
16/04/2024,18/05/2024,25/05/2024,697.92,H8MWXHT,45 m² Appartement ∙ 1 chambre ∙ 4 personnes,Ovronnaz - Leytron - Valais
16/04/2024,08/06/2024,15/06/2024,697.92,H8MWXHT,45 m² Appartement ∙ 1 chambre ∙ 4 personnes,Ovronnaz - Leytron - Valais
16/04/2024,15/06/2024,22/06/2024,697.92,H8MWXHT,45 m² Appartement ∙ 1 chambre ∙ 4 personnes,Ovronnaz - Leytron - Valais
16/04/2024,22/06/2024,29/06/2024,697.92,H8MWXHT,45 m² Appartement ∙ 1 chambre ∙ 4 personnes,Ovronnaz - Leytron - Valais
16/04/2024,29/06/2024,06/07/2024,697.92,H8MWXHT,45 m² Appartement ∙ 1 chambre ∙ 4 personnes,Ovronnaz - Leytron - Valais
16/04/2024,06/07/2024,13/07/2024,697.92,H8MWXHT,45 m² Appartement ∙ 1 chambre ∙ 4 personnes,Ovronnaz - Leytron - Valais
16/04/2024,10/08/2024,17/08/2024,810.45,H8MWXHT,45 m² Appartement ∙ 1 chambre ∙ 4 personnes,Ovronnaz - Leytron - Valais
16/04/2024,17/08/2024,24/08/2024,810.45,H8MWXHT,45 m² Appartement ∙ 1 chambre ∙ 4 personnes,Ovronnaz - Leytron - Valais
16/04/2024,24/08/2024,31/08/2024,697.92,H8MWXHT,45 m² Appartement ∙ 1 chambre ∙ 4 personnes,Ovronnaz - Leytron - Valais
16/04/2024,31/08/2024,07/09/2024,697.92,H8MWXHT,45 m² Appartement ∙ 1 chambre ∙ 4 personnes,Ovronnaz - Leytron - Valais
16/04/2024,07/09/2024,14/09/2024,697.92,H8MWXHT,45 m² Appartement ∙ 1 chambre ∙ 4 personnes,Ovronnaz - Leytron - Valais
16/04/2024,14/09/2024,21/09/2024,697.92,H8MWXHT,45 m² Appartement ∙ 1 chambre ∙ 4 personnes,Ovronnaz - Leytron - Valais
16/04/2024,21/09/2024,28/09/2024,697.92,H8MWXHT,45 m² Appartement ∙ 1 chambre ∙ 4 personnes,Ovronnaz - Leytron - Valais
16/04/2024,28/09/2024,05/10/2024,697.92,H8MWXHT,45 m² Appartement ∙ 1 chambre ∙ 4 personnes,Ovronnaz - Leytron - Valais
16/04/2024,05/10/2024,12/10/2024,697.92,H8MWXHT,45 m² Appartement ∙ 1 chambre ∙ 4 personnes,Ovronnaz - Leytron - Valais
16/04/2024,12/10/2024,19/10/2024,697.92,H8MWXHT,45 m² Appartement ∙ 1 chambre ∙ 4 personnes,Ovronnaz - Leytron - Valais
16/04/2024,19/10/2024,26/10/2024,697.92,H8MWXHT,45 m² Appartement ∙ 1 chambre ∙ 4 personnes,Ovronnaz - Leytron - Valais
16/04/2024,26/10/2024,02/11/2024,697.92,H8MWXHT,45 m² Appartement ∙ 1 chambre ∙ 4 personnes,Ovronnaz - Leytron - Valais
16/04/2024,20/04/2024,27/04/2024,722.70,HNKR0E3,Appartement ∙ 5 personnes,Grächen - Valais
16/04/2024,27/04/2024,04/05/2024,722.70,HNKR0E3,Appartement ∙ 5 personnes,Grächen - Valais
16/04/2024,04/05/2024,11/05/2024,722.70,HNKR0E3,Appartement ∙ 5 personnes,Grächen - Valais
16/04/2024,11/05/2024,18/05/2024,722.70,HNKR0E3,Appartement ∙ 5 personnes,Grächen - Valais
16/04/2024,18/05/2024,25/05/2024,722.70,HNKR0E3,Appartement ∙ 5 personnes,Grächen - Valais
16/04/2024,25/05/2024,01/06/2024,722.70,HNKR0E3,Appartement ∙ 5 personnes,Grächen - Valais
16/04/2024,01/06/2024,08/06/2024,722.70,HNKR0E3,Appartement ∙ 5 personnes,Grächen - Valais
16/04/2024,08/06/2024,15/06/2024,722.70,HNKR0E3,Appartement ∙ 5 personnes,Grächen - Valais
16/04/2024,15/06/2024,22/06/2024,722.70,HNKR0E3,Appartement ∙ 5 personnes,Grächen - Valais
16/04/2024,06/07/2024,13/07/2024,722.70,HNKR0E3,Appartement ∙ 5 personnes,Grächen - Valais
16/04/2024,20/07/2024,27/07/2024,722.70,HNKR0E3,Appartement ∙ 5 personnes,Grächen - Valais
16/04/2024,27/07/2024,03/08/2024,722.70,HNKR0E3,Appartement ∙ 5 personnes,Grächen - Valais
16/04/2024,03/08/2024,10/08/2024,722.70,HNKR0E3,Appartement ∙ 5 personnes,Grächen - Valais
16/04/2024,24/08/2024,31/08/2024,722.70,HNKR0E3,Appartement ∙ 5 personnes,Grächen - Valais
16/04/2024,31/08/2024,07/09/2024,722.70,HNKR0E3,Appartement ∙ 5 personnes,Grächen - Valais
16/04/2024,07/09/2024,14/09/2024,722.70,HNKR0E3,Appartement ∙ 5 personnes,Grächen - Valais
16/04/2024,14/09/2024,21/09/2024,722.70,HNKR0E3,Appartement ∙ 5 personnes,Grächen - Valais
16/04/2024,21/09/2024,28/09/2024,722.70,HNKR0E3,Appartement ∙ 5 personnes,Grächen - Valais
16/04/2024,28/09/2024,05/10/2024,722.70,HNKR0E3,Appartement ∙ 5 personnes,Grächen - Valais
16/04/2024,05/10/2024,12/10/2024,722.70,HNKR0E3,Appartement ∙ 5 personnes,Grächen - Valais
16/04/2024,12/10/2024,19/10/2024,722.70,HNKR0E3,Appartement ∙ 5 personnes,Grächen - Valais
16/04/2024,19/10/2024,26/10/2024,722.70,HNKR0E3,Appartement ∙ 5 personnes,Grächen - Valais
16/04/2024,26/10/2024,02/11/2024,722.70,HNKR0E3,Appartement ∙ 5 personnes,Grächen - Valais
16/04/2024,20/04/2024,27/04/2024,1171.80,H9KWJ54,100 m² Maison de vacances ∙ 3 chambres ∙ 5 personnes,Nendaz - Valais
16/04/2024,27/04/2024,04/05/2024,1171.80,H9KWJ54,100 m² Maison de vacances ∙ 3 chambres ∙ 5 personnes,Nendaz - Valais
16/04/2024,04/05/2024,11/05/2024,1171.80,H9KWJ54,100 m² Maison de vacances ∙ 3 chambres ∙ 5 personnes,Nendaz - Valais
16/04/2024,11/05/2024,18/05/2024,1171.80,H9KWJ54,100 m² Maison de vacances ∙ 3 chambres ∙ 5 personnes,Nendaz - Valais
16/04/2024,18/05/2024,25/05/2024,1171.80,H9KWJ54,100 m² Maison de vacances ∙ 3 chambres ∙ 5 personnes,Nendaz - Valais
16/04/2024,25/05/2024,01/06/2024,1171.80,H9KWJ54,100 m² Maison de vacances ∙ 3 chambres ∙ 5 personnes,Nendaz - Valais
16/04/2024,08/06/2024,15/06/2024,1171.80,H9KWJ54,100 m² Maison de vacances ∙ 3 chambres ∙ 5 personnes,Nendaz - Valais
16/04/2024,29/06/2024,06/07/2024,1703.50,H9KWJ54,100 m² Maison de vacances ∙ 3 chambres ∙ 5 personnes,Nendaz - Valais
16/04/2024,06/07/2024,13/07/2024,1703.50,H9KWJ54,100 m² Maison de vacances ∙ 3 chambres ∙ 5 personnes,Nendaz - Valais
16/04/2024,13/07/2024,20/07/2024,1849.07,H9KWJ54,100 m² Maison de vacances ∙ 3 chambres ∙ 5 personnes,Nendaz - Valais
16/04/2024,20/07/2024,27/07/2024,1849.07,H9KWJ54,100 m² Maison de vacances ∙ 3 chambres ∙ 5 personnes,Nendaz - Valais
16/04/2024,27/07/2024,03/08/2024,1849.07,H9KWJ54,100 m² Maison de vacances ∙ 3 chambres ∙ 5 personnes,Nendaz - Valais
16/04/2024,17/08/2024,24/08/2024,1593.03,H9KWJ54,100 m² Maison de vacances ∙ 3 chambres ∙ 5 personnes,Nendaz - Valais
16/04/2024,24/08/2024,31/08/2024,1255.43,H9KWJ54,100 m² Maison de vacances ∙ 3 chambres ∙ 5 personnes,Nendaz - Valais
16/04/2024,14/09/2024,21/09/2024,1255.43,H9KWJ54,100 m² Maison de vacances ∙ 3 chambres ∙ 5 personnes,Nendaz - Valais
16/04/2024,21/09/2024,28/09/2024,1255.43,H9KWJ54,100 m² Maison de vacances ∙ 3 chambres ∙ 5 personnes,Nendaz - Valais
16/04/2024,28/09/2024,05/10/2024,1255.43,H9KWJ54,100 m² Maison de vacances ∙ 3 chambres ∙ 5 personnes,Nendaz - Valais
16/04/2024,05/10/2024,12/10/2024,1255.43,H9KWJ54,100 m² Maison de vacances ∙ 3 chambres ∙ 5 personnes,Nendaz - Valais
16/04/2024,12/10/2024,19/10/2024,1255.43,H9KWJ54,100 m² Maison de vacances ∙ 3 chambres ∙ 5 personnes,Nendaz - Valais
16/04/2024,19/10/2024,26/10/2024,1255.43,H9KWJ54,100 m² Maison de vacances ∙ 3 chambres ∙ 5 personnes,Nendaz - Valais
16/04/2024,26/10/2024,02/11/2024,1255.43,H9KWJ54,100 m² Maison de vacances ∙ 3 chambres ∙ 5 personnes,Nendaz - Valais
16/04/2024,20/04/2024,27/04/2024,953.96,H1W7LZH,82 m² Appartement ∙ 2 chambres ∙ 4 personnes,Loèche-les-Bains - Valais
16/04/2024,27/04/2024,04/05/2024,953.96,H1W7LZH,82 m² Appartement ∙ 2 chambres ∙ 4 personnes,Loèche-les-Bains - Valais
16/04/2024,04/05/2024,11/05/2024,953.96,H1W7LZH,82 m² Appartement ∙ 2 chambres ∙ 4 personnes,Loèche-les-Bains - Valais
16/04/2024,25/05/2024,01/06/2024,953.96,H1W7LZH,82 m² Appartement ∙ 2 chambres ∙ 4 personnes,Loèche-les-Bains - Valais
16/04/2024,01/06/2024,08/06/2024,953.96,H1W7LZH,82 m² Appartement ∙ 2 chambres ∙ 4 personnes,Loèche-les-Bains - Valais
16/04/2024,08/06/2024,15/06/2024,953.96,H1W7LZH,82 m² Appartement ∙ 2 chambres ∙ 4 personnes,Loèche-les-Bains - Valais
16/04/2024,15/06/2024,22/06/2024,953.96,H1W7LZH,82 m² Appartement ∙ 2 chambres ∙ 4 personnes,Loèche-les-Bains - Valais
16/04/2024,22/06/2024,29/06/2024,953.96,H1W7LZH,82 m² Appartement ∙ 2 chambres ∙ 4 personnes,Loèche-les-Bains - Valais
16/04/2024,29/06/2024,06/07/2024,1084.05,H1W7LZH,82 m² Appartement ∙ 2 chambres ∙ 4 personnes,Loèche-les-Bains - Valais
16/04/2024,06/07/2024,13/07/2024,1084.05,H1W7LZH,82 m² Appartement ∙ 2 chambres ∙ 4 personnes,Loèche-les-Bains - Valais
16/04/2024,13/07/2024,20/07/2024,1084.05,H1W7LZH,82 m² Appartement ∙ 2 chambres ∙ 4 personnes,Loèche-les-Bains - Valais
16/04/2024,20/07/2024,27/07/2024,1084.05,H1W7LZH,82 m² Appartement ∙ 2 chambres ∙ 4 personnes,Loèche-les-Bains - Valais
16/04/2024,27/07/2024,03/08/2024,1084.05,H1W7LZH,82 m² Appartement ∙ 2 chambres ∙ 4 personnes,Loèche-les-Bains - Valais
16/04/2024,03/08/2024,10/08/2024,1084.05,H1W7LZH,82 m² Appartement ∙ 2 chambres ∙ 4 personnes,Loèche-les-Bains - Valais
16/04/2024,10/08/2024,17/08/2024,1084.05,H1W7LZH,82 m² Appartement ∙ 2 chambres ∙ 4 personnes,Loèche-les-Bains - Valais
16/04/2024,17/08/2024,24/08/2024,1084.05,H1W7LZH,82 m² Appartement ∙ 2 chambres ∙ 4 personnes,Loèche-les-Bains - Valais
16/04/2024,24/08/2024,31/08/2024,1084.05,H1W7LZH,82 m² Appartement ∙ 2 chambres ∙ 4 personnes,Loèche-les-Bains - Valais
16/04/2024,31/08/2024,07/09/2024,1084.05,H1W7LZH,82 m² Appartement ∙ 2 chambres ∙ 4 personnes,Loèche-les-Bains - Valais
16/04/2024,07/09/2024,14/09/2024,1084.05,H1W7LZH,82 m² Appartement ∙ 2 chambres ∙ 4 personnes,Loèche-les-Bains - Valais
16/04/2024,14/09/2024,21/09/2024,1084.05,H1W7LZH,82 m² Appartement ∙ 2 chambres ∙ 4 personnes,Loèche-les-Bains - Valais
16/04/2024,21/09/2024,28/09/2024,1084.05,H1W7LZH,82 m² Appartement ∙ 2 chambres ∙ 4 personnes,Loèche-les-Bains - Valais
16/04/2024,28/09/2024,05/10/2024,1084.05,H1W7LZH,82 m² Appartement ∙ 2 chambres ∙ 4 personnes,Loèche-les-Bains - Valais
16/04/2024,05/10/2024,12/10/2024,1084.05,H1W7LZH,82 m² Appartement ∙ 2 chambres ∙ 4 personnes,Loèche-les-Bains - Valais
16/04/2024,12/10/2024,19/10/2024,1084.05,H1W7LZH,82 m² Appartement ∙ 2 chambres ∙ 4 personnes,Loèche-les-Bains - Valais
16/04/2024,19/10/2024,26/10/2024,1084.05,H1W7LZH,82 m² Appartement ∙ 2 chambres ∙ 4 personnes,Loèche-les-Bains - Valais
16/04/2024,26/10/2024,02/11/2024,953.96,H1W7LZH,82 m² Appartement ∙ 2 chambres ∙ 4 personnes,Loèche-les-Bains - Valais
16/04/2024,29/06/2024,06/07/2024,1762.35,HWSKR4F,Appartement ∙ 3 chambres ∙ 8 personnes,Riederalp - Valais
16/04/2024,13/07/2024,20/07/2024,1917.21,HWSKR4F,Appartement ∙ 3 chambres ∙ 8 personnes,Riederalp - Valais
16/04/2024,10/08/2024,17/08/2024,1917.21,HWSKR4F,Appartement ∙ 3 chambres ∙ 8 personnes,Riederalp - Valais
16/04/2024,31/08/2024,07/09/2024,1762.35,HWSKR4F,Appartement ∙ 3 chambres ∙ 8 personnes,Riederalp - Valais
16/04/2024,07/09/2024,14/09/2024,1762.35,HWSKR4F,Appartement ∙ 3 chambres ∙ 8 personnes,Riederalp - Valais
16/04/2024,14/09/2024,21/09/2024,1762.35,HWSKR4F,Appartement ∙ 3 chambres ∙ 8 personnes,Riederalp - Valais
16/04/2024,21/09/2024,28/09/2024,1762.35,HWSKR4F,Appartement ∙ 3 chambres ∙ 8 personnes,Riederalp - Valais
16/04/2024,28/09/2024,05/10/2024,1762.35,HWSKR4F,Appartement ∙ 3 chambres ∙ 8 personnes,Riederalp - Valais
16/04/2024,26/10/2024,02/11/2024,1762.35,HWSKR4F,Appartement ∙ 3 chambres ∙ 8 personnes,Riederalp - Valais
16/04/2024,20/04/2024,27/04/2024,457.11,HDK41BS,30 m² Appartement ∙ 1 chambre ∙ 2 personnes,Salvan - Valais
16/04/2024,27/04/2024,04/05/2024,457.11,HDK41BS,30 m² Appartement ∙ 1 chambre ∙ 2 personnes,Salvan - Valais
16/04/2024,04/05/2024,11/05/2024,457.11,HDK41BS,30 m² Appartement ∙ 1 chambre ∙ 2 personnes,Salvan - Valais
16/04/2024,27/07/2024,03/08/2024,745.62,HDK41BS,30 m² Appartement ∙ 1 chambre ∙ 2 personnes,Salvan - Valais
16/04/2024,17/08/2024,24/08/2024,655.39,HDK41BS,30 m² Appartement ∙ 1 chambre ∙ 2 personnes,Salvan - Valais
16/04/2024,07/09/2024,14/09/2024,505.79,HDK41BS,30 m² Appartement ∙ 1 chambre ∙ 2 personnes,Salvan - Valais
16/04/2024,14/09/2024,21/09/2024,509.35,HDK41BS,30 m² Appartement ∙ 1 chambre ∙ 2 personnes,Salvan - Valais
16/04/2024,21/09/2024,28/09/2024,486.79,HDK41BS,30 m² Appartement ∙ 1 chambre ∙ 2 personnes,Salvan - Valais
16/04/2024,28/09/2024,05/10/2024,483.23,HDK41BS,30 m² Appartement ∙ 1 chambre ∙ 2 personnes,Salvan - Valais
16/04/2024,05/10/2024,12/10/2024,470.17,HDK41BS,30 m² Appartement ∙ 1 chambre ∙ 2 personnes,Salvan - Valais
16/04/2024,12/10/2024,19/10/2024,466.61,HDK41BS,30 m² Appartement ∙ 1 chambre ∙ 2 personnes,Salvan - Valais
16/04/2024,19/10/2024,26/10/2024,461.86,HDK41BS,30 m² Appartement ∙ 1 chambre ∙ 2 personnes,Salvan - Valais
16/04/2024,26/10/2024,02/11/2024,516.47,HDK41BS,30 m² Appartement ∙ 1 chambre ∙ 2 personnes,Salvan - Valais
16/04/2024,20/04/2024,27/04/2024,1138.76,HTWSPJM,Maison de vacances ∙ 3 chambres ∙ 7 personnes,Ovronnaz - Leytron - Valais
16/04/2024,27/04/2024,04/05/2024,1437.13,HTWSPJM,Maison de vacances ∙ 3 chambres ∙ 7 personnes,Ovronnaz - Leytron - Valais
16/04/2024,04/05/2024,11/05/2024,1437.13,HTWSPJM,Maison de vacances ∙ 3 chambres ∙ 7 personnes,Ovronnaz - Leytron - Valais
16/04/2024,11/05/2024,18/05/2024,1437.13,HTWSPJM,Maison de vacances ∙ 3 chambres ∙ 7 personnes,Ovronnaz - Leytron - Valais
16/04/2024,18/05/2024,25/05/2024,1437.13,HTWSPJM,Maison de vacances ∙ 3 chambres ∙ 7 personnes,Ovronnaz - Leytron - Valais
16/04/2024,25/05/2024,01/06/2024,1437.13,HTWSPJM,Maison de vacances ∙ 3 chambres ∙ 7 personnes,Ovronnaz - Leytron - Valais
16/04/2024,01/06/2024,08/06/2024,1437.13,HTWSPJM,Maison de vacances ∙ 3 chambres ∙ 7 personnes,Ovronnaz - Leytron - Valais
16/04/2024,08/06/2024,15/06/2024,1437.13,HTWSPJM,Maison de vacances ∙ 3 chambres ∙ 7 personnes,Ovronnaz - Leytron - Valais
16/04/2024,15/06/2024,22/06/2024,1437.13,HTWSPJM,Maison de vacances ∙ 3 chambres ∙ 7 personnes,Ovronnaz - Leytron - Valais
16/04/2024,06/07/2024,13/07/2024,1437.13,HTWSPJM,Maison de vacances ∙ 3 chambres ∙ 7 personnes,Ovronnaz - Leytron - Valais
16/04/2024,17/08/2024,24/08/2024,2022.52,HTWSPJM,Maison de vacances ∙ 3 chambres ∙ 7 personnes,Ovronnaz - Leytron - Valais
16/04/2024,24/08/2024,31/08/2024,1437.13,HTWSPJM,Maison de vacances ∙ 3 chambres ∙ 7 personnes,Ovronnaz - Leytron - Valais
16/04/2024,20/04/2024,27/04/2024,1303.95,HYMZ6P7,90 m² Appartement ∙ 2 chambres ∙ 4 personnes,Verbier - Bagnes - Valais
16/04/2024,27/04/2024,04/05/2024,1303.95,HYMZ6P7,90 m² Appartement ∙ 2 chambres ∙ 4 personnes,Verbier - Bagnes - Valais
16/04/2024,04/05/2024,11/05/2024,1303.95,HYMZ6P7,90 m² Appartement ∙ 2 chambres ∙ 4 personnes,Verbier - Bagnes - Valais
16/04/2024,11/05/2024,18/05/2024,1303.95,HYMZ6P7,90 m² Appartement ∙ 2 chambres ∙ 4 personnes,Verbier - Bagnes - Valais
16/04/2024,18/05/2024,25/05/2024,1303.95,HYMZ6P7,90 m² Appartement ∙ 2 chambres ∙ 4 personnes,Verbier - Bagnes - Valais
16/04/2024,25/05/2024,01/06/2024,1303.95,HYMZ6P7,90 m² Appartement ∙ 2 chambres ∙ 4 personnes,Verbier - Bagnes - Valais
16/04/2024,01/06/2024,08/06/2024,1303.95,HYMZ6P7,90 m² Appartement ∙ 2 chambres ∙ 4 personnes,Verbier - Bagnes - Valais
16/04/2024,08/06/2024,15/06/2024,1303.95,HYMZ6P7,90 m² Appartement ∙ 2 chambres ∙ 4 personnes,Verbier - Bagnes - Valais
16/04/2024,15/06/2024,22/06/2024,1303.95,HYMZ6P7,90 m² Appartement ∙ 2 chambres ∙ 4 personnes,Verbier - Bagnes - Valais
16/04/2024,13/07/2024,20/07/2024,1651.88,HYMZ6P7,90 m² Appartement ∙ 2 chambres ∙ 4 personnes,Verbier - Bagnes - Valais
16/04/2024,03/08/2024,10/08/2024,1651.88,HYMZ6P7,90 m² Appartement ∙ 2 chambres ∙ 4 personnes,Verbier - Bagnes - Valais
16/04/2024,10/08/2024,17/08/2024,1239.94,HYMZ6P7,90 m² Appartement ∙ 2 chambres ∙ 4 personnes,Verbier - Bagnes - Valais
16/04/2024,07/09/2024,14/09/2024,1239.94,HYMZ6P7,90 m² Appartement ∙ 2 chambres ∙ 4 personnes,Verbier - Bagnes - Valais
16/04/2024,14/09/2024,21/09/2024,1239.94,HYMZ6P7,90 m² Appartement ∙ 2 chambres ∙ 4 personnes,Verbier - Bagnes - Valais
16/04/2024,21/09/2024,28/09/2024,1239.94,HYMZ6P7,90 m² Appartement ∙ 2 chambres ∙ 4 personnes,Verbier - Bagnes - Valais
16/04/2024,28/09/2024,05/10/2024,1239.94,HYMZ6P7,90 m² Appartement ∙ 2 chambres ∙ 4 personnes,Verbier - Bagnes - Valais
16/04/2024,05/10/2024,12/10/2024,1239.94,HYMZ6P7,90 m² Appartement ∙ 2 chambres ∙ 4 personnes,Verbier - Bagnes - Valais
16/04/2024,12/10/2024,19/10/2024,1239.94,HYMZ6P7,90 m² Appartement ∙ 2 chambres ∙ 4 personnes,Verbier - Bagnes - Valais
16/04/2024,19/10/2024,26/10/2024,1239.94,HYMZ6P7,90 m² Appartement ∙ 2 chambres ∙ 4 personnes,Verbier - Bagnes - Valais
16/04/2024,26/10/2024,02/11/2024,1239.94,HYMZ6P7,90 m² Appartement ∙ 2 chambres ∙ 4 personnes,Verbier - Bagnes - Valais
16/04/2024,01/06/2024,08/06/2024,1610.90,HZHPM0G,60 m² Appartement ∙ 2 chambres ∙ 4 personnes,Saas Fee - Valais
16/04/2024,08/06/2024,15/06/2024,1610.90,HZHPM0G,60 m² Appartement ∙ 2 chambres ∙ 4 personnes,Saas Fee - Valais
16/04/2024,15/06/2024,22/06/2024,1610.90,HZHPM0G,60 m² Appartement ∙ 2 chambres ∙ 4 personnes,Saas Fee - Valais
16/04/2024,22/06/2024,29/06/2024,1610.90,HZHPM0G,60 m² Appartement ∙ 2 chambres ∙ 4 personnes,Saas Fee - Valais
16/04/2024,29/06/2024,06/07/2024,1610.90,HZHPM0G,60 m² Appartement ∙ 2 chambres ∙ 4 personnes,Saas Fee - Valais
16/04/2024,06/07/2024,13/07/2024,1971.21,HZHPM0G,60 m² Appartement ∙ 2 chambres ∙ 4 personnes,Saas Fee - Valais
16/04/2024,13/07/2024,20/07/2024,2026.44,HZHPM0G,60 m² Appartement ∙ 2 chambres ∙ 4 personnes,Saas Fee - Valais
16/04/2024,07/09/2024,14/09/2024,1610.90,HZHPM0G,60 m² Appartement ∙ 2 chambres ∙ 4 personnes,Saas Fee - Valais
16/04/2024,14/09/2024,21/09/2024,1610.90,HZHPM0G,60 m² Appartement ∙ 2 chambres ∙ 4 personnes,Saas Fee - Valais
16/04/2024,21/09/2024,28/09/2024,1610.90,HZHPM0G,60 m² Appartement ∙ 2 chambres ∙ 4 personnes,Saas Fee - Valais
16/04/2024,28/09/2024,05/10/2024,1610.90,HZHPM0G,60 m² Appartement ∙ 2 chambres ∙ 4 personnes,Saas Fee - Valais
16/04/2024,05/10/2024,12/10/2024,1510.75,HZHPM0G,60 m² Appartement ∙ 2 chambres ∙ 4 personnes,Saas Fee - Valais
16/04/2024,12/10/2024,19/10/2024,1510.75,HZHPM0G,60 m² Appartement ∙ 2 chambres ∙ 4 personnes,Saas Fee - Valais
16/04/2024,27/04/2024,04/05/2024,1639.49,H139H5Z,240 m² Maison de vacances ∙ 4 chambres ∙ 8 personnes,Nendaz - Valais
16/04/2024,18/05/2024,25/05/2024,1966.77,H139H5Z,240 m² Maison de vacances ∙ 4 chambres ∙ 8 personnes,Nendaz - Valais
16/04/2024,15/06/2024,22/06/2024,1966.77,H139H5Z,240 m² Maison de vacances ∙ 4 chambres ∙ 8 personnes,Nendaz - Valais
16/04/2024,22/06/2024,29/06/2024,1966.77,H139H5Z,240 m² Maison de vacances ∙ 4 chambres ∙ 8 personnes,Nendaz - Valais
16/04/2024,29/06/2024,06/07/2024,2791.68,H139H5Z,240 m² Maison de vacances ∙ 4 chambres ∙ 8 personnes,Nendaz - Valais
16/04/2024,06/07/2024,13/07/2024,2791.68,H139H5Z,240 m² Maison de vacances ∙ 4 chambres ∙ 8 personnes,Nendaz - Valais
16/04/2024,24/08/2024,31/08/2024,1966.77,H139H5Z,240 m² Maison de vacances ∙ 4 chambres ∙ 8 personnes,Nendaz - Valais
16/04/2024,31/08/2024,07/09/2024,1966.77,H139H5Z,240 m² Maison de vacances ∙ 4 chambres ∙ 8 personnes,Nendaz - Valais
16/04/2024,07/09/2024,14/09/2024,1966.77,H139H5Z,240 m² Maison de vacances ∙ 4 chambres ∙ 8 personnes,Nendaz - Valais
16/04/2024,14/09/2024,21/09/2024,1966.77,H139H5Z,240 m² Maison de vacances ∙ 4 chambres ∙ 8 personnes,Nendaz - Valais
16/04/2024,21/09/2024,28/09/2024,1966.77,H139H5Z,240 m² Maison de vacances ∙ 4 chambres ∙ 8 personnes,Nendaz - Valais
16/04/2024,28/09/2024,05/10/2024,1966.77,H139H5Z,240 m² Maison de vacances ∙ 4 chambres ∙ 8 personnes,Nendaz - Valais
16/04/2024,19/10/2024,26/10/2024,1966.77,H139H5Z,240 m² Maison de vacances ∙ 4 chambres ∙ 8 personnes,Nendaz - Valais
16/04/2024,26/10/2024,02/11/2024,1966.77,H139H5Z,240 m² Maison de vacances ∙ 4 chambres ∙ 8 personnes,Nendaz - Valais
16/04/2024,29/06/2024,06/07/2024,3122.05,HGEBUXR,25 m² Maison de vacances ∙ 1 chambre ∙ 2 personnes,Chandolin - Valais
16/04/2024,20/07/2024,27/07/2024,2832.97,HGEBUXR,25 m² Maison de vacances ∙ 1 chambre ∙ 2 personnes,Chandolin - Valais
16/04/2024,27/07/2024,03/08/2024,3122.05,HGEBUXR,25 m² Maison de vacances ∙ 1 chambre ∙ 2 personnes,Chandolin - Valais
16/04/2024,24/08/2024,31/08/2024,3122.05,HGEBUXR,25 m² Maison de vacances ∙ 1 chambre ∙ 2 personnes,Chandolin - Valais
16/04/2024,31/08/2024,07/09/2024,3122.05,HGEBUXR,25 m² Maison de vacances ∙ 1 chambre ∙ 2 personnes,Chandolin - Valais
16/04/2024,07/09/2024,14/09/2024,3122.05,HGEBUXR,25 m² Maison de vacances ∙ 1 chambre ∙ 2 personnes,Chandolin - Valais
16/04/2024,14/09/2024,21/09/2024,3122.05,HGEBUXR,25 m² Maison de vacances ∙ 1 chambre ∙ 2 personnes,Chandolin - Valais
16/04/2024,21/09/2024,28/09/2024,3122.05,HGEBUXR,25 m² Maison de vacances ∙ 1 chambre ∙ 2 personnes,Chandolin - Valais
16/04/2024,28/09/2024,05/10/2024,3122.05,HGEBUXR,25 m² Maison de vacances ∙ 1 chambre ∙ 2 personnes,Chandolin - Valais
16/04/2024,05/10/2024,12/10/2024,3122.05,HGEBUXR,25 m² Maison de vacances ∙ 1 chambre ∙ 2 personnes,Chandolin - Valais
16/04/2024,12/10/2024,19/10/2024,3122.05,HGEBUXR,25 m² Maison de vacances ∙ 1 chambre ∙ 2 personnes,Chandolin - Valais
16/04/2024,19/10/2024,26/10/2024,3122.05,HGEBUXR,25 m² Maison de vacances ∙ 1 chambre ∙ 2 personnes,Chandolin - Valais
16/04/2024,01/06/2024,08/06/2024,2113.99,HGHDK5W,75 m² Appartement ∙ 3 chambres ∙ 6 personnes,Saas Fee - Valais
16/04/2024,08/06/2024,15/06/2024,2113.99,HGHDK5W,75 m² Appartement ∙ 3 chambres ∙ 6 personnes,Saas Fee - Valais
16/04/2024,15/06/2024,22/06/2024,2113.99,HGHDK5W,75 m² Appartement ∙ 3 chambres ∙ 6 personnes,Saas Fee - Valais
16/04/2024,22/06/2024,29/06/2024,2113.99,HGHDK5W,75 m² Appartement ∙ 3 chambres ∙ 6 personnes,Saas Fee - Valais
16/04/2024,29/06/2024,06/07/2024,2113.99,HGHDK5W,75 m² Appartement ∙ 3 chambres ∙ 6 personnes,Saas Fee - Valais
16/04/2024,07/09/2024,14/09/2024,2113.99,HGHDK5W,75 m² Appartement ∙ 3 chambres ∙ 6 personnes,Saas Fee - Valais
16/04/2024,28/09/2024,05/10/2024,2113.99,HGHDK5W,75 m² Appartement ∙ 3 chambres ∙ 6 personnes,Saas Fee - Valais
16/04/2024,05/10/2024,12/10/2024,2113.99,HGHDK5W,75 m² Appartement ∙ 3 chambres ∙ 6 personnes,Saas Fee - Valais
16/04/2024,12/10/2024,19/10/2024,2113.99,HGHDK5W,75 m² Appartement ∙ 3 chambres ∙ 6 personnes,Saas Fee - Valais
16/04/2024,19/10/2024,26/10/2024,2113.99,HGHDK5W,75 m² Appartement ∙ 3 chambres ∙ 6 personnes,Saas Fee - Valais
16/04/2024,26/10/2024,02/11/2024,2113.99,HGHDK5W,75 m² Appartement ∙ 3 chambres ∙ 6 personnes,Saas Fee - Valais
16/04/2024,12/10/2024,19/10/2024,840.03,HMXWA8R,Studio ∙ 2 personnes,Zermatt - Valais
16/04/2024,19/10/2024,26/10/2024,839.98,HMXWA8R,Studio ∙ 2 personnes,Zermatt - Valais
16/04/2024,26/10/2024,02/11/2024,839.98,HMXWA8R,Studio ∙ 2 personnes,Zermatt - Valais
16/04/2024,20/04/2024,27/04/2024,356.17,H13PEN2,27 m² Appartement ∙ 1 chambre ∙ 2 personnes,Nendaz - Valais
16/04/2024,27/04/2024,04/05/2024,449.08,H13PEN2,27 m² Appartement ∙ 1 chambre ∙ 2 personnes,Nendaz - Valais
16/04/2024,04/05/2024,11/05/2024,449.08,H13PEN2,27 m² Appartement ∙ 1 chambre ∙ 2 personnes,Nendaz - Valais
16/04/2024,11/05/2024,18/05/2024,449.08,H13PEN2,27 m² Appartement ∙ 1 chambre ∙ 2 personnes,Nendaz - Valais
16/04/2024,18/05/2024,25/05/2024,449.08,H13PEN2,27 m² Appartement ∙ 1 chambre ∙ 2 personnes,Nendaz - Valais
16/04/2024,25/05/2024,01/06/2024,449.08,H13PEN2,27 m² Appartement ∙ 1 chambre ∙ 2 personnes,Nendaz - Valais
16/04/2024,01/06/2024,08/06/2024,449.08,H13PEN2,27 m² Appartement ∙ 1 chambre ∙ 2 personnes,Nendaz - Valais
16/04/2024,08/06/2024,15/06/2024,449.08,H13PEN2,27 m² Appartement ∙ 1 chambre ∙ 2 personnes,Nendaz - Valais
16/04/2024,15/06/2024,22/06/2024,449.08,H13PEN2,27 m² Appartement ∙ 1 chambre ∙ 2 personnes,Nendaz - Valais
16/04/2024,22/06/2024,29/06/2024,449.08,H13PEN2,27 m² Appartement ∙ 1 chambre ∙ 2 personnes,Nendaz - Valais
16/04/2024,06/07/2024,13/07/2024,449.08,H13PEN2,27 m² Appartement ∙ 1 chambre ∙ 2 personnes,Nendaz - Valais
16/04/2024,24/08/2024,31/08/2024,449.08,H13PEN2,27 m² Appartement ∙ 1 chambre ∙ 2 personnes,Nendaz - Valais
16/04/2024,31/08/2024,07/09/2024,449.08,H13PEN2,27 m² Appartement ∙ 1 chambre ∙ 2 personnes,Nendaz - Valais
16/04/2024,21/09/2024,28/09/2024,449.08,H13PEN2,27 m² Appartement ∙ 1 chambre ∙ 2 personnes,Nendaz - Valais
16/04/2024,28/09/2024,05/10/2024,449.08,H13PEN2,27 m² Appartement ∙ 1 chambre ∙ 2 personnes,Nendaz - Valais
16/04/2024,05/10/2024,12/10/2024,449.08,H13PEN2,27 m² Appartement ∙ 1 chambre ∙ 2 personnes,Nendaz - Valais
16/04/2024,12/10/2024,19/10/2024,449.08,H13PEN2,27 m² Appartement ∙ 1 chambre ∙ 2 personnes,Nendaz - Valais
16/04/2024,19/10/2024,26/10/2024,449.08,H13PEN2,27 m² Appartement ∙ 1 chambre ∙ 2 personnes,Nendaz - Valais
16/04/2024,26/10/2024,02/11/2024,449.08,H13PEN2,27 m² Appartement ∙ 1 chambre ∙ 2 personnes,Nendaz - Valais
16/04/2024,01/06/2024,08/06/2024,1701.13,HL7XUHF,161 m² Appartement ∙ 4 chambres ∙ 8 personnes,Saas Fee - Valais
16/04/2024,08/06/2024,15/06/2024,1701.13,HL7XUHF,161 m² Appartement ∙ 4 chambres ∙ 8 personnes,Saas Fee - Valais
16/04/2024,15/06/2024,22/06/2024,1701.13,HL7XUHF,161 m² Appartement ∙ 4 chambres ∙ 8 personnes,Saas Fee - Valais
16/04/2024,07/09/2024,14/09/2024,1701.13,HL7XUHF,161 m² Appartement ∙ 4 chambres ∙ 8 personnes,Saas Fee - Valais
16/04/2024,14/09/2024,21/09/2024,1701.13,HL7XUHF,161 m² Appartement ∙ 4 chambres ∙ 8 personnes,Saas Fee - Valais
16/04/2024,21/09/2024,28/09/2024,1701.13,HL7XUHF,161 m² Appartement ∙ 4 chambres ∙ 8 personnes,Saas Fee - Valais
16/04/2024,28/09/2024,05/10/2024,1701.13,HL7XUHF,161 m² Appartement ∙ 4 chambres ∙ 8 personnes,Saas Fee - Valais
16/04/2024,05/10/2024,12/10/2024,1701.13,HL7XUHF,161 m² Appartement ∙ 4 chambres ∙ 8 personnes,Saas Fee - Valais
16/04/2024,12/10/2024,19/10/2024,1701.13,HL7XUHF,161 m² Appartement ∙ 4 chambres ∙ 8 personnes,Saas Fee - Valais
16/04/2024,19/10/2024,26/10/2024,1701.13,HL7XUHF,161 m² Appartement ∙ 4 chambres ∙ 8 personnes,Saas Fee - Valais
16/04/2024,26/10/2024,02/11/2024,1701.13,HL7XUHF,161 m² Appartement ∙ 4 chambres ∙ 8 personnes,Saas Fee - Valais
16/04/2024,20/04/2024,27/04/2024,1126.31,HSFRA9U,84 m² Maison de vacances ∙ 3 chambres ∙ 6 personnes,Nendaz - Valais
16/04/2024,27/04/2024,04/05/2024,1126.31,HSFRA9U,84 m² Maison de vacances ∙ 3 chambres ∙ 6 personnes,Nendaz - Valais
16/04/2024,04/05/2024,11/05/2024,1126.31,HSFRA9U,84 m² Maison de vacances ∙ 3 chambres ∙ 6 personnes,Nendaz - Valais
16/04/2024,11/05/2024,18/05/2024,1126.31,HSFRA9U,84 m² Maison de vacances ∙ 3 chambres ∙ 6 personnes,Nendaz - Valais
16/04/2024,18/05/2024,25/05/2024,1126.31,HSFRA9U,84 m² Maison de vacances ∙ 3 chambres ∙ 6 personnes,Nendaz - Valais
16/04/2024,25/05/2024,01/06/2024,1126.31,HSFRA9U,84 m² Maison de vacances ∙ 3 chambres ∙ 6 personnes,Nendaz - Valais
16/04/2024,01/06/2024,08/06/2024,1126.31,HSFRA9U,84 m² Maison de vacances ∙ 3 chambres ∙ 6 personnes,Nendaz - Valais
16/04/2024,08/06/2024,15/06/2024,1126.31,HSFRA9U,84 m² Maison de vacances ∙ 3 chambres ∙ 6 personnes,Nendaz - Valais
16/04/2024,15/06/2024,22/06/2024,1126.31,HSFRA9U,84 m² Maison de vacances ∙ 3 chambres ∙ 6 personnes,Nendaz - Valais
16/04/2024,22/06/2024,29/06/2024,1126.31,HSFRA9U,84 m² Maison de vacances ∙ 3 chambres ∙ 6 personnes,Nendaz - Valais
16/04/2024,29/06/2024,06/07/2024,1475.25,HSFRA9U,84 m² Maison de vacances ∙ 3 chambres ∙ 6 personnes,Nendaz - Valais
16/04/2024,06/07/2024,13/07/2024,1475.25,HSFRA9U,84 m² Maison de vacances ∙ 3 chambres ∙ 6 personnes,Nendaz - Valais
16/04/2024,03/08/2024,10/08/2024,1591.91,HSFRA9U,84 m² Maison de vacances ∙ 3 chambres ∙ 6 personnes,Nendaz - Valais
16/04/2024,31/08/2024,07/09/2024,1126.31,HSFRA9U,84 m² Maison de vacances ∙ 3 chambres ∙ 6 personnes,Nendaz - Valais
16/04/2024,07/09/2024,14/09/2024,1126.31,HSFRA9U,84 m² Maison de vacances ∙ 3 chambres ∙ 6 personnes,Nendaz - Valais
16/04/2024,14/09/2024,21/09/2024,1126.31,HSFRA9U,84 m² Maison de vacances ∙ 3 chambres ∙ 6 personnes,Nendaz - Valais
16/04/2024,21/09/2024,28/09/2024,1126.31,HSFRA9U,84 m² Maison de vacances ∙ 3 chambres ∙ 6 personnes,Nendaz - Valais
16/04/2024,05/10/2024,12/10/2024,1126.31,HSFRA9U,84 m² Maison de vacances ∙ 3 chambres ∙ 6 personnes,Nendaz - Valais
16/04/2024,12/10/2024,19/10/2024,1126.31,HSFRA9U,84 m² Maison de vacances ∙ 3 chambres ∙ 6 personnes,Nendaz - Valais
16/04/2024,19/10/2024,26/10/2024,1126.31,HSFRA9U,84 m² Maison de vacances ∙ 3 chambres ∙ 6 personnes,Nendaz - Valais
16/04/2024,26/10/2024,02/11/2024,1126.31,HSFRA9U,84 m² Maison de vacances ∙ 3 chambres ∙ 6 personnes,Nendaz - Valais
16/04/2024,20/04/2024,27/04/2024,1011.72,HTE71XA,Appartement ∙ 2 chambres ∙ 4 personnes,Grächen - Valais
16/04/2024,27/04/2024,04/05/2024,1011.72,HTE71XA,Appartement ∙ 2 chambres ∙ 4 personnes,Grächen - Valais
16/04/2024,11/05/2024,18/05/2024,1011.72,HTE71XA,Appartement ∙ 2 chambres ∙ 4 personnes,Grächen - Valais
16/04/2024,25/05/2024,01/06/2024,1011.72,HTE71XA,Appartement ∙ 2 chambres ∙ 4 personnes,Grächen - Valais
16/04/2024,14/09/2024,21/09/2024,975.58,HTE71XA,Appartement ∙ 2 chambres ∙ 4 personnes,Grächen - Valais
16/04/2024,21/09/2024,28/09/2024,975.58,HTE71XA,Appartement ∙ 2 chambres ∙ 4 personnes,Grächen - Valais
16/04/2024,28/09/2024,05/10/2024,975.58,HTE71XA,Appartement ∙ 2 chambres ∙ 4 personnes,Grächen - Valais
16/04/2024,05/10/2024,12/10/2024,975.58,HTE71XA,Appartement ∙ 2 chambres ∙ 4 personnes,Grächen - Valais
16/04/2024,12/10/2024,19/10/2024,975.58,HTE71XA,Appartement ∙ 2 chambres ∙ 4 personnes,Grächen - Valais
16/04/2024,19/10/2024,26/10/2024,975.58,HTE71XA,Appartement ∙ 2 chambres ∙ 4 personnes,Grächen - Valais
16/04/2024,26/10/2024,02/11/2024,1071.90,HTE71XA,Appartement ∙ 2 chambres ∙ 4 personnes,Grächen - Valais
16/04/2024,20/04/2024,27/04/2024,903.32,H87YFB6,84 m² Maison de vacances ∙ 3 chambres ∙ 6 personnes,Nendaz - Valais
16/04/2024,27/04/2024,04/05/2024,1120.12,H87YFB6,84 m² Maison de vacances ∙ 3 chambres ∙ 6 personnes,Nendaz - Valais
16/04/2024,04/05/2024,11/05/2024,1120.12,H87YFB6,84 m² Maison de vacances ∙ 3 chambres ∙ 6 personnes,Nendaz - Valais
16/04/2024,11/05/2024,18/05/2024,1120.12,H87YFB6,84 m² Maison de vacances ∙ 3 chambres ∙ 6 personnes,Nendaz - Valais
16/04/2024,18/05/2024,25/05/2024,1120.12,H87YFB6,84 m² Maison de vacances ∙ 3 chambres ∙ 6 personnes,Nendaz - Valais
16/04/2024,25/05/2024,01/06/2024,1120.12,H87YFB6,84 m² Maison de vacances ∙ 3 chambres ∙ 6 personnes,Nendaz - Valais
16/04/2024,29/06/2024,06/07/2024,1471.12,H87YFB6,84 m² Maison de vacances ∙ 3 chambres ∙ 6 personnes,Nendaz - Valais
16/04/2024,06/07/2024,13/07/2024,1471.12,H87YFB6,84 m² Maison de vacances ∙ 3 chambres ∙ 6 personnes,Nendaz - Valais
16/04/2024,13/07/2024,20/07/2024,1585.71,H87YFB6,84 m² Maison de vacances ∙ 3 chambres ∙ 6 personnes,Nendaz - Valais
16/04/2024,20/07/2024,27/07/2024,1585.71,H87YFB6,84 m² Maison de vacances ∙ 3 chambres ∙ 6 personnes,Nendaz - Valais
16/04/2024,03/08/2024,10/08/2024,1585.71,H87YFB6,84 m² Maison de vacances ∙ 3 chambres ∙ 6 personnes,Nendaz - Valais
16/04/2024,10/08/2024,17/08/2024,1405.05,H87YFB6,84 m² Maison de vacances ∙ 3 chambres ∙ 6 personnes,Nendaz - Valais
16/04/2024,31/08/2024,07/09/2024,1120.12,H87YFB6,84 m² Maison de vacances ∙ 3 chambres ∙ 6 personnes,Nendaz - Valais
16/04/2024,07/09/2024,14/09/2024,1120.12,H87YFB6,84 m² Maison de vacances ∙ 3 chambres ∙ 6 personnes,Nendaz - Valais
16/04/2024,14/09/2024,21/09/2024,1120.12,H87YFB6,84 m² Maison de vacances ∙ 3 chambres ∙ 6 personnes,Nendaz - Valais
16/04/2024,21/09/2024,28/09/2024,1120.12,H87YFB6,84 m² Maison de vacances ∙ 3 chambres ∙ 6 personnes,Nendaz - Valais
16/04/2024,28/09/2024,05/10/2024,1120.12,H87YFB6,84 m² Maison de vacances ∙ 3 chambres ∙ 6 personnes,Nendaz - Valais
16/04/2024,05/10/2024,12/10/2024,1120.12,H87YFB6,84 m² Maison de vacances ∙ 3 chambres ∙ 6 personnes,Nendaz - Valais
16/04/2024,26/10/2024,02/11/2024,1120.12,H87YFB6,84 m² Maison de vacances ∙ 3 chambres ∙ 6 personnes,Nendaz - Valais
16/04/2024,20/04/2024,27/04/2024,1057.14,HNBT8FP,51 m² Appartement ∙ 1 chambre ∙ 4 personnes,Zermatt - Valais
16/04/2024,01/06/2024,08/06/2024,1167.60,HNBT8FP,51 m² Appartement ∙ 1 chambre ∙ 4 personnes,Zermatt - Valais
16/04/2024,08/06/2024,15/06/2024,1167.60,HNBT8FP,51 m² Appartement ∙ 1 chambre ∙ 4 personnes,Zermatt - Valais
16/04/2024,22/06/2024,29/06/2024,1167.60,HNBT8FP,51 m² Appartement ∙ 1 chambre ∙ 4 personnes,Zermatt - Valais
16/04/2024,13/07/2024,20/07/2024,1468.02,HNBT8FP,51 m² Appartement ∙ 1 chambre ∙ 4 personnes,Zermatt - Valais
16/04/2024,20/07/2024,27/07/2024,1468.02,HNBT8FP,51 m² Appartement ∙ 1 chambre ∙ 4 personnes,Zermatt - Valais
16/04/2024,03/08/2024,10/08/2024,1468.02,HNBT8FP,51 m² Appartement ∙ 1 chambre ∙ 4 personnes,Zermatt - Valais
16/04/2024,24/08/2024,31/08/2024,1468.02,HNBT8FP,51 m² Appartement ∙ 1 chambre ∙ 4 personnes,Zermatt - Valais
16/04/2024,31/08/2024,07/09/2024,1167.60,HNBT8FP,51 m² Appartement ∙ 1 chambre ∙ 4 personnes,Zermatt - Valais
16/04/2024,07/09/2024,14/09/2024,1167.60,HNBT8FP,51 m² Appartement ∙ 1 chambre ∙ 4 personnes,Zermatt - Valais
16/04/2024,14/09/2024,21/09/2024,1167.60,HNBT8FP,51 m² Appartement ∙ 1 chambre ∙ 4 personnes,Zermatt - Valais
16/04/2024,28/09/2024,05/10/2024,1167.60,HNBT8FP,51 m² Appartement ∙ 1 chambre ∙ 4 personnes,Zermatt - Valais
16/04/2024,05/10/2024,12/10/2024,1167.60,HNBT8FP,51 m² Appartement ∙ 1 chambre ∙ 4 personnes,Zermatt - Valais
16/04/2024,12/10/2024,19/10/2024,1167.60,HNBT8FP,51 m² Appartement ∙ 1 chambre ∙ 4 personnes,Zermatt - Valais
16/04/2024,19/10/2024,26/10/2024,1167.60,HNBT8FP,51 m² Appartement ∙ 1 chambre ∙ 4 personnes,Zermatt - Valais
16/04/2024,26/10/2024,02/11/2024,1167.60,HNBT8FP,51 m² Appartement ∙ 1 chambre ∙ 4 personnes,Zermatt - Valais
16/04/2024,04/05/2024,11/05/2024,1179.99,HEMBCWG,74 m² Maison de vacances ∙ 2 chambres ∙ 4 personnes,Nendaz - Valais
16/04/2024,11/05/2024,18/05/2024,1179.99,HEMBCWG,74 m² Maison de vacances ∙ 2 chambres ∙ 4 personnes,Nendaz - Valais
16/04/2024,18/05/2024,25/05/2024,1179.99,HEMBCWG,74 m² Maison de vacances ∙ 2 chambres ∙ 4 personnes,Nendaz - Valais
16/04/2024,25/05/2024,01/06/2024,1179.99,HEMBCWG,74 m² Maison de vacances ∙ 2 chambres ∙ 4 personnes,Nendaz - Valais
16/04/2024,01/06/2024,08/06/2024,1179.99,HEMBCWG,74 m² Maison de vacances ∙ 2 chambres ∙ 4 personnes,Nendaz - Valais
16/04/2024,22/06/2024,29/06/2024,1179.99,HEMBCWG,74 m² Maison de vacances ∙ 2 chambres ∙ 4 personnes,Nendaz - Valais
16/04/2024,27/07/2024,03/08/2024,1789.09,HEMBCWG,74 m² Maison de vacances ∙ 2 chambres ∙ 4 personnes,Nendaz - Valais
16/04/2024,03/08/2024,10/08/2024,1789.09,HEMBCWG,74 m² Maison de vacances ∙ 2 chambres ∙ 4 personnes,Nendaz - Valais
16/04/2024,10/08/2024,17/08/2024,1405.05,HEMBCWG,74 m² Maison de vacances ∙ 2 chambres ∙ 4 personnes,Nendaz - Valais
16/04/2024,17/08/2024,24/08/2024,1405.05,HEMBCWG,74 m² Maison de vacances ∙ 2 chambres ∙ 4 personnes,Nendaz - Valais
16/04/2024,24/08/2024,31/08/2024,1179.99,HEMBCWG,74 m² Maison de vacances ∙ 2 chambres ∙ 4 personnes,Nendaz - Valais
16/04/2024,31/08/2024,07/09/2024,1179.99,HEMBCWG,74 m² Maison de vacances ∙ 2 chambres ∙ 4 personnes,Nendaz - Valais
16/04/2024,07/09/2024,14/09/2024,1179.99,HEMBCWG,74 m² Maison de vacances ∙ 2 chambres ∙ 4 personnes,Nendaz - Valais
16/04/2024,14/09/2024,21/09/2024,1179.99,HEMBCWG,74 m² Maison de vacances ∙ 2 chambres ∙ 4 personnes,Nendaz - Valais
16/04/2024,21/09/2024,28/09/2024,1179.99,HEMBCWG,74 m² Maison de vacances ∙ 2 chambres ∙ 4 personnes,Nendaz - Valais
16/04/2024,28/09/2024,05/10/2024,1179.99,HEMBCWG,74 m² Maison de vacances ∙ 2 chambres ∙ 4 personnes,Nendaz - Valais
16/04/2024,05/10/2024,12/10/2024,1179.99,HEMBCWG,74 m² Maison de vacances ∙ 2 chambres ∙ 4 personnes,Nendaz - Valais
16/04/2024,12/10/2024,19/10/2024,1179.99,HEMBCWG,74 m² Maison de vacances ∙ 2 chambres ∙ 4 personnes,Nendaz - Valais
16/04/2024,19/10/2024,26/10/2024,1179.99,HEMBCWG,74 m² Maison de vacances ∙ 2 chambres ∙ 4 personnes,Nendaz - Valais
16/04/2024,26/10/2024,02/11/2024,1179.99,HEMBCWG,74 m² Maison de vacances ∙ 2 chambres ∙ 4 personnes,Nendaz - Valais
16/04/2024,20/04/2024,27/04/2024,308.46,HTG1EYK,33 m² Appartement ∙ 1 chambre ∙ 4 personnes,Nendaz - Valais
16/04/2024,27/04/2024,04/05/2024,308.46,HTG1EYK,33 m² Appartement ∙ 1 chambre ∙ 4 personnes,Nendaz - Valais
16/04/2024,04/05/2024,11/05/2024,308.46,HTG1EYK,33 m² Appartement ∙ 1 chambre ∙ 4 personnes,Nendaz - Valais
16/04/2024,11/05/2024,18/05/2024,308.46,HTG1EYK,33 m² Appartement ∙ 1 chambre ∙ 4 personnes,Nendaz - Valais
16/04/2024,18/05/2024,25/05/2024,308.46,HTG1EYK,33 m² Appartement ∙ 1 chambre ∙ 4 personnes,Nendaz - Valais
16/04/2024,25/05/2024,01/06/2024,308.46,HTG1EYK,33 m² Appartement ∙ 1 chambre ∙ 4 personnes,Nendaz - Valais
16/04/2024,01/06/2024,08/06/2024,308.46,HTG1EYK,33 m² Appartement ∙ 1 chambre ∙ 4 personnes,Nendaz - Valais
16/04/2024,08/06/2024,15/06/2024,308.46,HTG1EYK,33 m² Appartement ∙ 1 chambre ∙ 4 personnes,Nendaz - Valais
16/04/2024,15/06/2024,22/06/2024,308.46,HTG1EYK,33 m² Appartement ∙ 1 chambre ∙ 4 personnes,Nendaz - Valais
16/04/2024,22/06/2024,29/06/2024,415.14,HTG1EYK,33 m² Appartement ∙ 1 chambre ∙ 4 personnes,Nendaz - Valais
16/04/2024,29/06/2024,06/07/2024,415.14,HTG1EYK,33 m² Appartement ∙ 1 chambre ∙ 4 personnes,Nendaz - Valais
16/04/2024,06/07/2024,13/07/2024,557.33,HTG1EYK,33 m² Appartement ∙ 1 chambre ∙ 4 personnes,Nendaz - Valais
16/04/2024,13/07/2024,20/07/2024,557.33,HTG1EYK,33 m² Appartement ∙ 1 chambre ∙ 4 personnes,Nendaz - Valais
16/04/2024,20/07/2024,27/07/2024,557.33,HTG1EYK,33 m² Appartement ∙ 1 chambre ∙ 4 personnes,Nendaz - Valais
16/04/2024,27/07/2024,03/08/2024,557.33,HTG1EYK,33 m² Appartement ∙ 1 chambre ∙ 4 personnes,Nendaz - Valais
16/04/2024,03/08/2024,10/08/2024,557.33,HTG1EYK,33 m² Appartement ∙ 1 chambre ∙ 4 personnes,Nendaz - Valais
16/04/2024,10/08/2024,17/08/2024,557.33,HTG1EYK,33 m² Appartement ∙ 1 chambre ∙ 4 personnes,Nendaz - Valais
16/04/2024,17/08/2024,24/08/2024,415.14,HTG1EYK,33 m² Appartement ∙ 1 chambre ∙ 4 personnes,Nendaz - Valais
16/04/2024,24/08/2024,31/08/2024,308.46,HTG1EYK,33 m² Appartement ∙ 1 chambre ∙ 4 personnes,Nendaz - Valais
16/04/2024,31/08/2024,07/09/2024,308.46,HTG1EYK,33 m² Appartement ∙ 1 chambre ∙ 4 personnes,Nendaz - Valais
16/04/2024,07/09/2024,14/09/2024,308.46,HTG1EYK,33 m² Appartement ∙ 1 chambre ∙ 4 personnes,Nendaz - Valais
16/04/2024,14/09/2024,21/09/2024,308.46,HTG1EYK,33 m² Appartement ∙ 1 chambre ∙ 4 personnes,Nendaz - Valais
16/04/2024,21/09/2024,28/09/2024,308.46,HTG1EYK,33 m² Appartement ∙ 1 chambre ∙ 4 personnes,Nendaz - Valais
16/04/2024,28/09/2024,05/10/2024,308.46,HTG1EYK,33 m² Appartement ∙ 1 chambre ∙ 4 personnes,Nendaz - Valais
16/04/2024,05/10/2024,12/10/2024,308.46,HTG1EYK,33 m² Appartement ∙ 1 chambre ∙ 4 personnes,Nendaz - Valais
16/04/2024,12/10/2024,19/10/2024,308.46,HTG1EYK,33 m² Appartement ∙ 1 chambre ∙ 4 personnes,Nendaz - Valais
16/04/2024,19/10/2024,26/10/2024,308.46,HTG1EYK,33 m² Appartement ∙ 1 chambre ∙ 4 personnes,Nendaz - Valais
16/04/2024,26/10/2024,02/11/2024,308.46,HTG1EYK,33 m² Appartement ∙ 1 chambre ∙ 4 personnes,Nendaz - Valais
16/04/2024,20/04/2024,27/04/2024,852.73,HUB7N4K,Appartement ∙ 2 chambres ∙ 5 personnes,Fiesch - Valais
16/04/2024,27/04/2024,04/05/2024,852.73,HUB7N4K,Appartement ∙ 2 chambres ∙ 5 personnes,Fiesch - Valais
16/04/2024,04/05/2024,11/05/2024,852.73,HUB7N4K,Appartement ∙ 2 chambres ∙ 5 personnes,Fiesch - Valais
16/04/2024,25/05/2024,01/06/2024,852.73,HUB7N4K,Appartement ∙ 2 chambres ∙ 5 personnes,Fiesch - Valais
16/04/2024,01/06/2024,08/06/2024,852.73,HUB7N4K,Appartement ∙ 2 chambres ∙ 5 personnes,Fiesch - Valais
16/04/2024,08/06/2024,15/06/2024,852.73,HUB7N4K,Appartement ∙ 2 chambres ∙ 5 personnes,Fiesch - Valais
16/04/2024,15/06/2024,22/06/2024,852.73,HUB7N4K,Appartement ∙ 2 chambres ∙ 5 personnes,Fiesch - Valais
16/04/2024,27/07/2024,03/08/2024,1007.59,HUB7N4K,Appartement ∙ 2 chambres ∙ 5 personnes,Fiesch - Valais
16/04/2024,24/08/2024,31/08/2024,1007.59,HUB7N4K,Appartement ∙ 2 chambres ∙ 5 personnes,Fiesch - Valais
16/04/2024,07/09/2024,14/09/2024,1007.59,HUB7N4K,Appartement ∙ 2 chambres ∙ 5 personnes,Fiesch - Valais
16/04/2024,14/09/2024,21/09/2024,1007.59,HUB7N4K,Appartement ∙ 2 chambres ∙ 5 personnes,Fiesch - Valais
16/04/2024,21/09/2024,28/09/2024,1007.59,HUB7N4K,Appartement ∙ 2 chambres ∙ 5 personnes,Fiesch - Valais
16/04/2024,28/09/2024,05/10/2024,1007.59,HUB7N4K,Appartement ∙ 2 chambres ∙ 5 personnes,Fiesch - Valais
16/04/2024,05/10/2024,12/10/2024,1007.59,HUB7N4K,Appartement ∙ 2 chambres ∙ 5 personnes,Fiesch - Valais
16/04/2024,12/10/2024,19/10/2024,1007.59,HUB7N4K,Appartement ∙ 2 chambres ∙ 5 personnes,Fiesch - Valais
16/04/2024,19/10/2024,26/10/2024,1007.59,HUB7N4K,Appartement ∙ 2 chambres ∙ 5 personnes,Fiesch - Valais
16/04/2024,26/10/2024,02/11/2024,1472.15,HUB7N4K,Appartement ∙ 2 chambres ∙ 5 personnes,Fiesch - Valais
16/04/2024,20/04/2024,27/04/2024,773.24,HDHERM3,70 m² Appartement ∙ 2 chambres ∙ 6 personnes,Veysonnaz - Valais
16/04/2024,27/04/2024,04/05/2024,959.07,HDHERM3,70 m² Appartement ∙ 2 chambres ∙ 6 personnes,Veysonnaz - Valais
16/04/2024,04/05/2024,11/05/2024,959.07,HDHERM3,70 m² Appartement ∙ 2 chambres ∙ 6 personnes,Veysonnaz - Valais
16/04/2024,11/05/2024,18/05/2024,959.07,HDHERM3,70 m² Appartement ∙ 2 chambres ∙ 6 personnes,Veysonnaz - Valais
16/04/2024,18/05/2024,25/05/2024,959.07,HDHERM3,70 m² Appartement ∙ 2 chambres ∙ 6 personnes,Veysonnaz - Valais
16/04/2024,25/05/2024,01/06/2024,959.07,HDHERM3,70 m² Appartement ∙ 2 chambres ∙ 6 personnes,Veysonnaz - Valais
16/04/2024,01/06/2024,08/06/2024,959.07,HDHERM3,70 m² Appartement ∙ 2 chambres ∙ 6 personnes,Veysonnaz - Valais
16/04/2024,08/06/2024,15/06/2024,1050.95,HDHERM3,70 m² Appartement ∙ 2 chambres ∙ 6 personnes,Veysonnaz - Valais
16/04/2024,15/06/2024,22/06/2024,1050.95,HDHERM3,70 m² Appartement ∙ 2 chambres ∙ 6 personnes,Veysonnaz - Valais
16/04/2024,06/07/2024,13/07/2024,1050.95,HDHERM3,70 m² Appartement ∙ 2 chambres ∙ 6 personnes,Veysonnaz - Valais
16/04/2024,13/07/2024,20/07/2024,1252.26,HDHERM3,70 m² Appartement ∙ 2 chambres ∙ 6 personnes,Veysonnaz - Valais
16/04/2024,03/08/2024,10/08/2024,1252.26,HDHERM3,70 m² Appartement ∙ 2 chambres ∙ 6 personnes,Veysonnaz - Valais
16/04/2024,10/08/2024,17/08/2024,1252.26,HDHERM3,70 m² Appartement ∙ 2 chambres ∙ 6 personnes,Veysonnaz - Valais
16/04/2024,31/08/2024,07/09/2024,959.07,HDHERM3,70 m² Appartement ∙ 2 chambres ∙ 6 personnes,Veysonnaz - Valais
16/04/2024,07/09/2024,14/09/2024,959.07,HDHERM3,70 m² Appartement ∙ 2 chambres ∙ 6 personnes,Veysonnaz - Valais
16/04/2024,14/09/2024,21/09/2024,959.07,HDHERM3,70 m² Appartement ∙ 2 chambres ∙ 6 personnes,Veysonnaz - Valais
16/04/2024,21/09/2024,28/09/2024,959.07,HDHERM3,70 m² Appartement ∙ 2 chambres ∙ 6 personnes,Veysonnaz - Valais
16/04/2024,28/09/2024,05/10/2024,959.07,HDHERM3,70 m² Appartement ∙ 2 chambres ∙ 6 personnes,Veysonnaz - Valais
16/04/2024,05/10/2024,12/10/2024,959.07,HDHERM3,70 m² Appartement ∙ 2 chambres ∙ 6 personnes,Veysonnaz - Valais
16/04/2024,12/10/2024,19/10/2024,959.07,HDHERM3,70 m² Appartement ∙ 2 chambres ∙ 6 personnes,Veysonnaz - Valais
16/04/2024,19/10/2024,26/10/2024,959.07,HDHERM3,70 m² Appartement ∙ 2 chambres ∙ 6 personnes,Veysonnaz - Valais
16/04/2024,26/10/2024,02/11/2024,959.07,HDHERM3,70 m² Appartement ∙ 2 chambres ∙ 6 personnes,Veysonnaz - Valais
16/04/2024,20/04/2024,27/04/2024,718.01,HC7M2DN,110 m² Appartement ∙ 2 chambres ∙ 6 personnes,Saas-Almagell - Valais
16/04/2024,27/04/2024,04/05/2024,695.92,HC7M2DN,110 m² Appartement ∙ 2 chambres ∙ 6 personnes,Saas-Almagell - Valais
16/04/2024,04/05/2024,11/05/2024,695.92,HC7M2DN,110 m² Appartement ∙ 2 chambres ∙ 6 personnes,Saas-Almagell - Valais
16/04/2024,11/05/2024,18/05/2024,695.92,HC7M2DN,110 m² Appartement ∙ 2 chambres ∙ 6 personnes,Saas-Almagell - Valais
16/04/2024,18/05/2024,25/05/2024,695.92,HC7M2DN,110 m² Appartement ∙ 2 chambres ∙ 6 personnes,Saas-Almagell - Valais
16/04/2024,25/05/2024,01/06/2024,695.92,HC7M2DN,110 m² Appartement ∙ 2 chambres ∙ 6 personnes,Saas-Almagell - Valais
16/04/2024,01/06/2024,08/06/2024,773.24,HC7M2DN,110 m² Appartement ∙ 2 chambres ∙ 6 personnes,Saas-Almagell - Valais
16/04/2024,08/06/2024,15/06/2024,773.24,HC7M2DN,110 m² Appartement ∙ 2 chambres ∙ 6 personnes,Saas-Almagell - Valais
16/04/2024,15/06/2024,22/06/2024,773.24,HC7M2DN,110 m² Appartement ∙ 2 chambres ∙ 6 personnes,Saas-Almagell - Valais
16/04/2024,22/06/2024,29/06/2024,773.24,HC7M2DN,110 m² Appartement ∙ 2 chambres ∙ 6 personnes,Saas-Almagell - Valais
16/04/2024,29/06/2024,06/07/2024,773.24,HC7M2DN,110 m² Appartement ∙ 2 chambres ∙ 6 personnes,Saas-Almagell - Valais
16/04/2024,06/07/2024,13/07/2024,773.24,HC7M2DN,110 m² Appartement ∙ 2 chambres ∙ 6 personnes,Saas-Almagell - Valais
16/04/2024,13/07/2024,20/07/2024,773.24,HC7M2DN,110 m² Appartement ∙ 2 chambres ∙ 6 personnes,Saas-Almagell - Valais
16/04/2024,20/07/2024,27/07/2024,773.24,HC7M2DN,110 m² Appartement ∙ 2 chambres ∙ 6 personnes,Saas-Almagell - Valais
16/04/2024,27/07/2024,03/08/2024,773.24,HC7M2DN,110 m² Appartement ∙ 2 chambres ∙ 6 personnes,Saas-Almagell - Valais
16/04/2024,03/08/2024,10/08/2024,773.24,HC7M2DN,110 m² Appartement ∙ 2 chambres ∙ 6 personnes,Saas-Almagell - Valais
16/04/2024,10/08/2024,17/08/2024,773.24,HC7M2DN,110 m² Appartement ∙ 2 chambres ∙ 6 personnes,Saas-Almagell - Valais
16/04/2024,17/08/2024,24/08/2024,773.24,HC7M2DN,110 m² Appartement ∙ 2 chambres ∙ 6 personnes,Saas-Almagell - Valais
16/04/2024,24/08/2024,31/08/2024,773.24,HC7M2DN,110 m² Appartement ∙ 2 chambres ∙ 6 personnes,Saas-Almagell - Valais
16/04/2024,31/08/2024,07/09/2024,773.24,HC7M2DN,110 m² Appartement ∙ 2 chambres ∙ 6 personnes,Saas-Almagell - Valais
16/04/2024,07/09/2024,14/09/2024,773.24,HC7M2DN,110 m² Appartement ∙ 2 chambres ∙ 6 personnes,Saas-Almagell - Valais
16/04/2024,14/09/2024,21/09/2024,773.24,HC7M2DN,110 m² Appartement ∙ 2 chambres ∙ 6 personnes,Saas-Almagell - Valais
16/04/2024,21/09/2024,28/09/2024,773.24,HC7M2DN,110 m² Appartement ∙ 2 chambres ∙ 6 personnes,Saas-Almagell - Valais
16/04/2024,28/09/2024,05/10/2024,773.24,HC7M2DN,110 m² Appartement ∙ 2 chambres ∙ 6 personnes,Saas-Almagell - Valais
16/04/2024,05/10/2024,12/10/2024,773.24,HC7M2DN,110 m² Appartement ∙ 2 chambres ∙ 6 personnes,Saas-Almagell - Valais
16/04/2024,12/10/2024,19/10/2024,773.24,HC7M2DN,110 m² Appartement ∙ 2 chambres ∙ 6 personnes,Saas-Almagell - Valais
16/04/2024,19/10/2024,26/10/2024,718.01,HC7M2DN,110 m² Appartement ∙ 2 chambres ∙ 6 personnes,Saas-Almagell - Valais
16/04/2024,26/10/2024,02/11/2024,695.92,HC7M2DN,110 m² Appartement ∙ 2 chambres ∙ 6 personnes,Saas-Almagell - Valais
16/04/2024,20/04/2024,27/04/2024,1504.15,H1WYDBS,84 m² Maison de vacances ∙ 3 chambres ∙ 5 personnes,Ovronnaz - Leytron - Valais
16/04/2024,27/04/2024,04/05/2024,1504.15,H1WYDBS,84 m² Maison de vacances ∙ 3 chambres ∙ 5 personnes,Ovronnaz - Leytron - Valais
16/04/2024,25/05/2024,01/06/2024,1504.15,H1WYDBS,84 m² Maison de vacances ∙ 3 chambres ∙ 5 personnes,Ovronnaz - Leytron - Valais
16/04/2024,01/06/2024,08/06/2024,1504.15,H1WYDBS,84 m² Maison de vacances ∙ 3 chambres ∙ 5 personnes,Ovronnaz - Leytron - Valais
16/04/2024,08/06/2024,15/06/2024,1504.15,H1WYDBS,84 m² Maison de vacances ∙ 3 chambres ∙ 5 personnes,Ovronnaz - Leytron - Valais
16/04/2024,15/06/2024,22/06/2024,1504.15,H1WYDBS,84 m² Maison de vacances ∙ 3 chambres ∙ 5 personnes,Ovronnaz - Leytron - Valais
16/04/2024,22/06/2024,29/06/2024,1504.15,H1WYDBS,84 m² Maison de vacances ∙ 3 chambres ∙ 5 personnes,Ovronnaz - Leytron - Valais
16/04/2024,29/06/2024,06/07/2024,1618.75,H1WYDBS,84 m² Maison de vacances ∙ 3 chambres ∙ 5 personnes,Ovronnaz - Leytron - Valais
16/04/2024,06/07/2024,13/07/2024,1618.75,H1WYDBS,84 m² Maison de vacances ∙ 3 chambres ∙ 5 personnes,Ovronnaz - Leytron - Valais
16/04/2024,13/07/2024,20/07/2024,1751.92,H1WYDBS,84 m² Maison de vacances ∙ 3 chambres ∙ 5 personnes,Ovronnaz - Leytron - Valais
16/04/2024,10/08/2024,17/08/2024,1751.92,H1WYDBS,84 m² Maison de vacances ∙ 3 chambres ∙ 5 personnes,Ovronnaz - Leytron - Valais
16/04/2024,17/08/2024,24/08/2024,1504.15,H1WYDBS,84 m² Maison de vacances ∙ 3 chambres ∙ 5 personnes,Ovronnaz - Leytron - Valais
16/04/2024,24/08/2024,31/08/2024,1504.15,H1WYDBS,84 m² Maison de vacances ∙ 3 chambres ∙ 5 personnes,Ovronnaz - Leytron - Valais
16/04/2024,31/08/2024,07/09/2024,1504.15,H1WYDBS,84 m² Maison de vacances ∙ 3 chambres ∙ 5 personnes,Ovronnaz - Leytron - Valais
16/04/2024,07/09/2024,14/09/2024,1504.15,H1WYDBS,84 m² Maison de vacances ∙ 3 chambres ∙ 5 personnes,Ovronnaz - Leytron - Valais
16/04/2024,14/09/2024,21/09/2024,1504.15,H1WYDBS,84 m² Maison de vacances ∙ 3 chambres ∙ 5 personnes,Ovronnaz - Leytron - Valais
16/04/2024,21/09/2024,28/09/2024,1504.15,H1WYDBS,84 m² Maison de vacances ∙ 3 chambres ∙ 5 personnes,Ovronnaz - Leytron - Valais
16/04/2024,12/10/2024,19/10/2024,1504.15,H1WYDBS,84 m² Maison de vacances ∙ 3 chambres ∙ 5 personnes,Ovronnaz - Leytron - Valais
16/04/2024,19/10/2024,26/10/2024,1504.15,H1WYDBS,84 m² Maison de vacances ∙ 3 chambres ∙ 5 personnes,Ovronnaz - Leytron - Valais
16/04/2024,26/10/2024,02/11/2024,1504.15,H1WYDBS,84 m² Maison de vacances ∙ 3 chambres ∙ 5 personnes,Ovronnaz - Leytron - Valais
16/04/2024,27/04/2024,04/05/2024,432.56,HZBY4WC,30 m² Appartement ∙ 1 chambre ∙ 2 personnes,Nendaz - Valais
16/04/2024,11/05/2024,18/05/2024,432.56,HZBY4WC,30 m² Appartement ∙ 1 chambre ∙ 2 personnes,Nendaz - Valais
16/04/2024,18/05/2024,25/05/2024,432.56,HZBY4WC,30 m² Appartement ∙ 1 chambre ∙ 2 personnes,Nendaz - Valais
16/04/2024,25/05/2024,01/06/2024,432.56,HZBY4WC,30 m² Appartement ∙ 1 chambre ∙ 2 personnes,Nendaz - Valais
16/04/2024,01/06/2024,08/06/2024,432.56,HZBY4WC,30 m² Appartement ∙ 1 chambre ∙ 2 personnes,Nendaz - Valais
16/04/2024,08/06/2024,15/06/2024,432.56,HZBY4WC,30 m² Appartement ∙ 1 chambre ∙ 2 personnes,Nendaz - Valais
16/04/2024,13/07/2024,20/07/2024,575.03,HZBY4WC,30 m² Appartement ∙ 1 chambre ∙ 2 personnes,Nendaz - Valais
16/04/2024,20/07/2024,27/07/2024,575.03,HZBY4WC,30 m² Appartement ∙ 1 chambre ∙ 2 personnes,Nendaz - Valais
16/04/2024,27/07/2024,03/08/2024,575.03,HZBY4WC,30 m² Appartement ∙ 1 chambre ∙ 2 personnes,Nendaz - Valais
16/04/2024,17/08/2024,24/08/2024,432.56,HZBY4WC,30 m² Appartement ∙ 1 chambre ∙ 2 personnes,Nendaz - Valais
16/04/2024,24/08/2024,31/08/2024,432.56,HZBY4WC,30 m² Appartement ∙ 1 chambre ∙ 2 personnes,Nendaz - Valais
16/04/2024,31/08/2024,07/09/2024,432.56,HZBY4WC,30 m² Appartement ∙ 1 chambre ∙ 2 personnes,Nendaz - Valais
16/04/2024,07/09/2024,14/09/2024,432.56,HZBY4WC,30 m² Appartement ∙ 1 chambre ∙ 2 personnes,Nendaz - Valais
16/04/2024,14/09/2024,21/09/2024,432.56,HZBY4WC,30 m² Appartement ∙ 1 chambre ∙ 2 personnes,Nendaz - Valais
16/04/2024,21/09/2024,28/09/2024,432.56,HZBY4WC,30 m² Appartement ∙ 1 chambre ∙ 2 personnes,Nendaz - Valais
16/04/2024,28/09/2024,05/10/2024,432.56,HZBY4WC,30 m² Appartement ∙ 1 chambre ∙ 2 personnes,Nendaz - Valais
16/04/2024,05/10/2024,12/10/2024,432.56,HZBY4WC,30 m² Appartement ∙ 1 chambre ∙ 2 personnes,Nendaz - Valais
16/04/2024,12/10/2024,19/10/2024,432.56,HZBY4WC,30 m² Appartement ∙ 1 chambre ∙ 2 personnes,Nendaz - Valais
16/04/2024,19/10/2024,26/10/2024,432.56,HZBY4WC,30 m² Appartement ∙ 1 chambre ∙ 2 personnes,Nendaz - Valais
16/04/2024,26/10/2024,02/11/2024,432.56,HZBY4WC,30 m² Appartement ∙ 1 chambre ∙ 2 personnes,Nendaz - Valais
16/04/2024,20/04/2024,27/04/2024,675.17,H4W3R8D,45 m² Appartement ∙ 1 chambre ∙ 3 personnes,Crans-Montana - Valais
16/04/2024,11/05/2024,18/05/2024,675.17,H4W3R8D,45 m² Appartement ∙ 1 chambre ∙ 3 personnes,Crans-Montana - Valais
16/04/2024,18/05/2024,25/05/2024,675.17,H4W3R8D,45 m² Appartement ∙ 1 chambre ∙ 3 personnes,Crans-Montana - Valais
16/04/2024,25/05/2024,01/06/2024,675.17,H4W3R8D,45 m² Appartement ∙ 1 chambre ∙ 3 personnes,Crans-Montana - Valais
16/04/2024,01/06/2024,08/06/2024,675.17,H4W3R8D,45 m² Appartement ∙ 1 chambre ∙ 3 personnes,Crans-Montana - Valais
16/04/2024,08/06/2024,15/06/2024,675.17,H4W3R8D,45 m² Appartement ∙ 1 chambre ∙ 3 personnes,Crans-Montana - Valais
16/04/2024,15/06/2024,22/06/2024,675.17,H4W3R8D,45 m² Appartement ∙ 1 chambre ∙ 3 personnes,Crans-Montana - Valais
16/04/2024,22/06/2024,29/06/2024,675.17,H4W3R8D,45 m² Appartement ∙ 1 chambre ∙ 3 personnes,Crans-Montana - Valais
16/04/2024,29/06/2024,06/07/2024,675.17,H4W3R8D,45 m² Appartement ∙ 1 chambre ∙ 3 personnes,Crans-Montana - Valais
16/04/2024,06/07/2024,13/07/2024,863.06,H4W3R8D,45 m² Appartement ∙ 1 chambre ∙ 3 personnes,Crans-Montana - Valais
16/04/2024,20/07/2024,27/07/2024,945.65,H4W3R8D,45 m² Appartement ∙ 1 chambre ∙ 3 personnes,Crans-Montana - Valais
16/04/2024,27/07/2024,03/08/2024,945.65,H4W3R8D,45 m² Appartement ∙ 1 chambre ∙ 3 personnes,Crans-Montana - Valais
16/04/2024,03/08/2024,10/08/2024,945.65,H4W3R8D,45 m² Appartement ∙ 1 chambre ∙ 3 personnes,Crans-Montana - Valais
16/04/2024,10/08/2024,17/08/2024,863.06,H4W3R8D,45 m² Appartement ∙ 1 chambre ∙ 3 personnes,Crans-Montana - Valais
16/04/2024,17/08/2024,24/08/2024,863.06,H4W3R8D,45 m² Appartement ∙ 1 chambre ∙ 3 personnes,Crans-Montana - Valais
16/04/2024,24/08/2024,31/08/2024,675.17,H4W3R8D,45 m² Appartement ∙ 1 chambre ∙ 3 personnes,Crans-Montana - Valais
16/04/2024,31/08/2024,07/09/2024,946.68,H4W3R8D,45 m² Appartement ∙ 1 chambre ∙ 3 personnes,Crans-Montana - Valais
16/04/2024,12/10/2024,19/10/2024,675.17,H4W3R8D,45 m² Appartement ∙ 1 chambre ∙ 3 personnes,Crans-Montana - Valais
16/04/2024,19/10/2024,26/10/2024,675.17,H4W3R8D,45 m² Appartement ∙ 1 chambre ∙ 3 personnes,Crans-Montana - Valais
16/04/2024,26/10/2024,02/11/2024,675.17,H4W3R8D,45 m² Appartement ∙ 1 chambre ∙ 3 personnes,Crans-Montana - Valais
16/04/2024,20/04/2024,27/04/2024,1397.82,H4W2SGJ,90 m² Maison de vacances ∙ 3 chambres ∙ 6 personnes,Chamoson - Valais
16/04/2024,18/05/2024,25/05/2024,1397.82,H4W2SGJ,90 m² Maison de vacances ∙ 3 chambres ∙ 6 personnes,Chamoson - Valais
16/04/2024,01/06/2024,08/06/2024,1397.82,H4W2SGJ,90 m² Maison de vacances ∙ 3 chambres ∙ 6 personnes,Chamoson - Valais
16/04/2024,29/06/2024,06/07/2024,1878.90,H4W2SGJ,90 m² Maison de vacances ∙ 3 chambres ∙ 6 personnes,Chamoson - Valais
16/04/2024,06/07/2024,13/07/2024,1878.90,H4W2SGJ,90 m² Maison de vacances ∙ 3 chambres ∙ 6 personnes,Chamoson - Valais
16/04/2024,13/07/2024,20/07/2024,2119.44,H4W2SGJ,90 m² Maison de vacances ∙ 3 chambres ∙ 6 personnes,Chamoson - Valais
16/04/2024,03/08/2024,10/08/2024,2119.44,H4W2SGJ,90 m² Maison de vacances ∙ 3 chambres ∙ 6 personnes,Chamoson - Valais
16/04/2024,10/08/2024,17/08/2024,2119.44,H4W2SGJ,90 m² Maison de vacances ∙ 3 chambres ∙ 6 personnes,Chamoson - Valais
16/04/2024,17/08/2024,24/08/2024,1397.82,H4W2SGJ,90 m² Maison de vacances ∙ 3 chambres ∙ 6 personnes,Chamoson - Valais
16/04/2024,24/08/2024,31/08/2024,1397.82,H4W2SGJ,90 m² Maison de vacances ∙ 3 chambres ∙ 6 personnes,Chamoson - Valais
16/04/2024,31/08/2024,07/09/2024,1397.82,H4W2SGJ,90 m² Maison de vacances ∙ 3 chambres ∙ 6 personnes,Chamoson - Valais
16/04/2024,07/09/2024,14/09/2024,1397.82,H4W2SGJ,90 m² Maison de vacances ∙ 3 chambres ∙ 6 personnes,Chamoson - Valais
16/04/2024,14/09/2024,21/09/2024,1397.82,H4W2SGJ,90 m² Maison de vacances ∙ 3 chambres ∙ 6 personnes,Chamoson - Valais
16/04/2024,21/09/2024,28/09/2024,1397.82,H4W2SGJ,90 m² Maison de vacances ∙ 3 chambres ∙ 6 personnes,Chamoson - Valais
16/04/2024,28/09/2024,05/10/2024,1397.82,H4W2SGJ,90 m² Maison de vacances ∙ 3 chambres ∙ 6 personnes,Chamoson - Valais
16/04/2024,05/10/2024,12/10/2024,1397.82,H4W2SGJ,90 m² Maison de vacances ∙ 3 chambres ∙ 6 personnes,Chamoson - Valais
16/04/2024,12/10/2024,19/10/2024,1397.82,H4W2SGJ,90 m² Maison de vacances ∙ 3 chambres ∙ 6 personnes,Chamoson - Valais
16/04/2024,19/10/2024,26/10/2024,1397.82,H4W2SGJ,90 m² Maison de vacances ∙ 3 chambres ∙ 6 personnes,Chamoson - Valais
16/04/2024,26/10/2024,02/11/2024,1397.82,H4W2SGJ,90 m² Maison de vacances ∙ 3 chambres ∙ 6 personnes,Chamoson - Valais
16/04/2024,20/04/2024,27/04/2024,528.57,HK2DJCE,50 m² Appartement ∙ 1 chambre ∙ 4 personnes,Nendaz - Valais
16/04/2024,27/04/2024,04/05/2024,652.45,HK2DJCE,50 m² Appartement ∙ 1 chambre ∙ 4 personnes,Nendaz - Valais
16/04/2024,04/05/2024,11/05/2024,652.45,HK2DJCE,50 m² Appartement ∙ 1 chambre ∙ 4 personnes,Nendaz - Valais
16/04/2024,11/05/2024,18/05/2024,652.45,HK2DJCE,50 m² Appartement ∙ 1 chambre ∙ 4 personnes,Nendaz - Valais
16/04/2024,18/05/2024,25/05/2024,652.45,HK2DJCE,50 m² Appartement ∙ 1 chambre ∙ 4 personnes,Nendaz - Valais
16/04/2024,25/05/2024,01/06/2024,652.45,HK2DJCE,50 m² Appartement ∙ 1 chambre ∙ 4 personnes,Nendaz - Valais
16/04/2024,01/06/2024,08/06/2024,652.45,HK2DJCE,50 m² Appartement ∙ 1 chambre ∙ 4 personnes,Nendaz - Valais
16/04/2024,08/06/2024,15/06/2024,652.45,HK2DJCE,50 m² Appartement ∙ 1 chambre ∙ 4 personnes,Nendaz - Valais
16/04/2024,15/06/2024,22/06/2024,652.45,HK2DJCE,50 m² Appartement ∙ 1 chambre ∙ 4 personnes,Nendaz - Valais
16/04/2024,22/06/2024,29/06/2024,652.45,HK2DJCE,50 m² Appartement ∙ 1 chambre ∙ 4 personnes,Nendaz - Valais
16/04/2024,13/07/2024,20/07/2024,975.58,HK2DJCE,50 m² Appartement ∙ 1 chambre ∙ 4 personnes,Nendaz - Valais
16/04/2024,20/07/2024,27/07/2024,975.58,HK2DJCE,50 m² Appartement ∙ 1 chambre ∙ 4 personnes,Nendaz - Valais
16/04/2024,27/07/2024,03/08/2024,975.58,HK2DJCE,50 m² Appartement ∙ 1 chambre ∙ 4 personnes,Nendaz - Valais
16/04/2024,03/08/2024,10/08/2024,975.58,HK2DJCE,50 m² Appartement ∙ 1 chambre ∙ 4 personnes,Nendaz - Valais
16/04/2024,10/08/2024,17/08/2024,975.58,HK2DJCE,50 m² Appartement ∙ 1 chambre ∙ 4 personnes,Nendaz - Valais
16/04/2024,17/08/2024,24/08/2024,652.45,HK2DJCE,50 m² Appartement ∙ 1 chambre ∙ 4 personnes,Nendaz - Valais
16/04/2024,24/08/2024,31/08/2024,652.45,HK2DJCE,50 m² Appartement ∙ 1 chambre ∙ 4 personnes,Nendaz - Valais
16/04/2024,31/08/2024,07/09/2024,652.45,HK2DJCE,50 m² Appartement ∙ 1 chambre ∙ 4 personnes,Nendaz - Valais
16/04/2024,07/09/2024,14/09/2024,652.45,HK2DJCE,50 m² Appartement ∙ 1 chambre ∙ 4 personnes,Nendaz - Valais
16/04/2024,14/09/2024,21/09/2024,652.45,HK2DJCE,50 m² Appartement ∙ 1 chambre ∙ 4 personnes,Nendaz - Valais
16/04/2024,21/09/2024,28/09/2024,652.45,HK2DJCE,50 m² Appartement ∙ 1 chambre ∙ 4 personnes,Nendaz - Valais
16/04/2024,28/09/2024,05/10/2024,652.45,HK2DJCE,50 m² Appartement ∙ 1 chambre ∙ 4 personnes,Nendaz - Valais
16/04/2024,05/10/2024,12/10/2024,652.45,HK2DJCE,50 m² Appartement ∙ 1 chambre ∙ 4 personnes,Nendaz - Valais
16/04/2024,12/10/2024,19/10/2024,652.45,HK2DJCE,50 m² Appartement ∙ 1 chambre ∙ 4 personnes,Nendaz - Valais
16/04/2024,19/10/2024,26/10/2024,652.45,HK2DJCE,50 m² Appartement ∙ 1 chambre ∙ 4 personnes,Nendaz - Valais
16/04/2024,26/10/2024,02/11/2024,652.45,HK2DJCE,50 m² Appartement ∙ 1 chambre ∙ 4 personnes,Nendaz - Valais
16/04/2024,05/10/2024,12/10/2024,1003.46,HN7WFXR,95 m² Appartement ∙ 2 chambres ∙ 4 personnes,Crans-Montana - Valais
16/04/2024,12/10/2024,19/10/2024,1003.46,HN7WFXR,95 m² Appartement ∙ 2 chambres ∙ 4 personnes,Crans-Montana - Valais
16/04/2024,19/10/2024,26/10/2024,1003.46,HN7WFXR,95 m² Appartement ∙ 2 chambres ∙ 4 personnes,Crans-Montana - Valais
16/04/2024,26/10/2024,02/11/2024,1003.46,HN7WFXR,95 m² Appartement ∙ 2 chambres ∙ 4 personnes,Crans-Montana - Valais
16/04/2024,11/05/2024,18/05/2024,1615.86,HL1HS5W,78 m² Appartement ∙ 3 chambres ∙ 6 personnes,Saas Grund - Valais
16/04/2024,18/05/2024,25/05/2024,1615.86,HL1HS5W,78 m² Appartement ∙ 3 chambres ∙ 6 personnes,Saas Grund - Valais
16/04/2024,25/05/2024,01/06/2024,1615.86,HL1HS5W,78 m² Appartement ∙ 3 chambres ∙ 6 personnes,Saas Grund - Valais
16/04/2024,01/06/2024,08/06/2024,1615.86,HL1HS5W,78 m² Appartement ∙ 3 chambres ∙ 6 personnes,Saas Grund - Valais
16/04/2024,08/06/2024,15/06/2024,1615.86,HL1HS5W,78 m² Appartement ∙ 3 chambres ∙ 6 personnes,Saas Grund - Valais
16/04/2024,15/06/2024,22/06/2024,1615.86,HL1HS5W,78 m² Appartement ∙ 3 chambres ∙ 6 personnes,Saas Grund - Valais
16/04/2024,22/06/2024,29/06/2024,1615.86,HL1HS5W,78 m² Appartement ∙ 3 chambres ∙ 6 personnes,Saas Grund - Valais
16/04/2024,29/06/2024,06/07/2024,1615.86,HL1HS5W,78 m² Appartement ∙ 3 chambres ∙ 6 personnes,Saas Grund - Valais
16/04/2024,06/07/2024,13/07/2024,1615.86,HL1HS5W,78 m² Appartement ∙ 3 chambres ∙ 6 personnes,Saas Grund - Valais
16/04/2024,13/07/2024,20/07/2024,1909.88,HL1HS5W,78 m² Appartement ∙ 3 chambres ∙ 6 personnes,Saas Grund - Valais
16/04/2024,20/07/2024,27/07/2024,1954.06,HL1HS5W,78 m² Appartement ∙ 3 chambres ∙ 6 personnes,Saas Grund - Valais
16/04/2024,07/09/2024,14/09/2024,1722.09,HL1HS5W,78 m² Appartement ∙ 3 chambres ∙ 6 personnes,Saas Grund - Valais
16/04/2024,14/09/2024,21/09/2024,1722.09,HL1HS5W,78 m² Appartement ∙ 3 chambres ∙ 6 personnes,Saas Grund - Valais
16/04/2024,21/09/2024,28/09/2024,1722.09,HL1HS5W,78 m² Appartement ∙ 3 chambres ∙ 6 personnes,Saas Grund - Valais
16/04/2024,28/09/2024,05/10/2024,1722.09,HL1HS5W,78 m² Appartement ∙ 3 chambres ∙ 6 personnes,Saas Grund - Valais
16/04/2024,05/10/2024,12/10/2024,1722.09,HL1HS5W,78 m² Appartement ∙ 3 chambres ∙ 6 personnes,Saas Grund - Valais
16/04/2024,12/10/2024,19/10/2024,1722.09,HL1HS5W,78 m² Appartement ∙ 3 chambres ∙ 6 personnes,Saas Grund - Valais
16/04/2024,19/10/2024,26/10/2024,1722.09,HL1HS5W,78 m² Appartement ∙ 3 chambres ∙ 6 personnes,Saas Grund - Valais
16/04/2024,26/10/2024,02/11/2024,1722.09,HL1HS5W,78 m² Appartement ∙ 3 chambres ∙ 6 personnes,Saas Grund - Valais
16/04/2024,20/04/2024,27/04/2024,2048.21,HGNHR2K,215 m² Maison de vacances ∙ 7 chambres ∙ 12 personnes,Salvan - Valais
16/04/2024,11/05/2024,18/05/2024,2048.21,HGNHR2K,215 m² Maison de vacances ∙ 7 chambres ∙ 12 personnes,Salvan - Valais
16/04/2024,18/05/2024,25/05/2024,2048.21,HGNHR2K,215 m² Maison de vacances ∙ 7 chambres ∙ 12 personnes,Salvan - Valais
16/04/2024,01/06/2024,08/06/2024,2048.21,HGNHR2K,215 m² Maison de vacances ∙ 7 chambres ∙ 12 personnes,Salvan - Valais
16/04/2024,08/06/2024,15/06/2024,2048.21,HGNHR2K,215 m² Maison de vacances ∙ 7 chambres ∙ 12 personnes,Salvan - Valais
16/04/2024,13/07/2024,20/07/2024,2048.21,HGNHR2K,215 m² Maison de vacances ∙ 7 chambres ∙ 12 personnes,Salvan - Valais
16/04/2024,24/08/2024,31/08/2024,2048.21,HGNHR2K,215 m² Maison de vacances ∙ 7 chambres ∙ 12 personnes,Salvan - Valais
16/04/2024,31/08/2024,07/09/2024,2048.21,HGNHR2K,215 m² Maison de vacances ∙ 7 chambres ∙ 12 personnes,Salvan - Valais
16/04/2024,07/09/2024,14/09/2024,2048.21,HGNHR2K,215 m² Maison de vacances ∙ 7 chambres ∙ 12 personnes,Salvan - Valais
16/04/2024,14/09/2024,21/09/2024,2048.21,HGNHR2K,215 m² Maison de vacances ∙ 7 chambres ∙ 12 personnes,Salvan - Valais
16/04/2024,21/09/2024,28/09/2024,2048.21,HGNHR2K,215 m² Maison de vacances ∙ 7 chambres ∙ 12 personnes,Salvan - Valais
16/04/2024,28/09/2024,05/10/2024,2048.21,HGNHR2K,215 m² Maison de vacances ∙ 7 chambres ∙ 12 personnes,Salvan - Valais
16/04/2024,05/10/2024,12/10/2024,2048.21,HGNHR2K,215 m² Maison de vacances ∙ 7 chambres ∙ 12 personnes,Salvan - Valais
16/04/2024,12/10/2024,19/10/2024,2048.21,HGNHR2K,215 m² Maison de vacances ∙ 7 chambres ∙ 12 personnes,Salvan - Valais
16/04/2024,19/10/2024,26/10/2024,2048.21,HGNHR2K,215 m² Maison de vacances ∙ 7 chambres ∙ 12 personnes,Salvan - Valais
16/04/2024,26/10/2024,02/11/2024,2048.21,HGNHR2K,215 m² Maison de vacances ∙ 7 chambres ∙ 12 personnes,Salvan - Valais
16/04/2024,04/05/2024,11/05/2024,1469.05,H38XSWR,70 m² Maison de vacances ∙ 2 chambres ∙ 4 personnes,Nendaz - Valais
16/04/2024,11/05/2024,18/05/2024,1469.05,H38XSWR,70 m² Maison de vacances ∙ 2 chambres ∙ 4 personnes,Nendaz - Valais
16/04/2024,08/06/2024,15/06/2024,1469.05,H38XSWR,70 m² Maison de vacances ∙ 2 chambres ∙ 4 personnes,Nendaz - Valais
16/04/2024,15/06/2024,22/06/2024,1469.05,H38XSWR,70 m² Maison de vacances ∙ 2 chambres ∙ 4 personnes,Nendaz - Valais
16/04/2024,22/06/2024,29/06/2024,1469.05,H38XSWR,70 m² Maison de vacances ∙ 2 chambres ∙ 4 personnes,Nendaz - Valais
16/04/2024,29/06/2024,06/07/2024,1601.20,H38XSWR,70 m² Maison de vacances ∙ 2 chambres ∙ 4 personnes,Nendaz - Valais
16/04/2024,06/07/2024,13/07/2024,1601.20,H38XSWR,70 m² Maison de vacances ∙ 2 chambres ∙ 4 personnes,Nendaz - Valais
16/04/2024,17/08/2024,24/08/2024,1469.05,H38XSWR,70 m² Maison de vacances ∙ 2 chambres ∙ 4 personnes,Nendaz - Valais
16/04/2024,24/08/2024,31/08/2024,1469.05,H38XSWR,70 m² Maison de vacances ∙ 2 chambres ∙ 4 personnes,Nendaz - Valais
16/04/2024,31/08/2024,07/09/2024,1469.05,H38XSWR,70 m² Maison de vacances ∙ 2 chambres ∙ 4 personnes,Nendaz - Valais
16/04/2024,07/09/2024,14/09/2024,1469.05,H38XSWR,70 m² Maison de vacances ∙ 2 chambres ∙ 4 personnes,Nendaz - Valais
16/04/2024,14/09/2024,21/09/2024,1469.05,H38XSWR,70 m² Maison de vacances ∙ 2 chambres ∙ 4 personnes,Nendaz - Valais
16/04/2024,21/09/2024,28/09/2024,1469.05,H38XSWR,70 m² Maison de vacances ∙ 2 chambres ∙ 4 personnes,Nendaz - Valais
16/04/2024,28/09/2024,05/10/2024,1469.05,H38XSWR,70 m² Maison de vacances ∙ 2 chambres ∙ 4 personnes,Nendaz - Valais
16/04/2024,05/10/2024,12/10/2024,1469.05,H38XSWR,70 m² Maison de vacances ∙ 2 chambres ∙ 4 personnes,Nendaz - Valais
16/04/2024,19/10/2024,26/10/2024,1469.05,H38XSWR,70 m² Maison de vacances ∙ 2 chambres ∙ 4 personnes,Nendaz - Valais
16/04/2024,26/10/2024,02/11/2024,1469.05,H38XSWR,70 m² Maison de vacances ∙ 2 chambres ∙ 4 personnes,Nendaz - Valais
16/04/2024,20/04/2024,27/04/2024,505.86,HBE47YC,Studio ∙ 1 chambre ∙ 2 personnes,Grächen - Valais
16/04/2024,04/05/2024,11/05/2024,433.59,HBE47YC,Studio ∙ 1 chambre ∙ 2 personnes,Grächen - Valais
16/04/2024,11/05/2024,18/05/2024,433.59,HBE47YC,Studio ∙ 1 chambre ∙ 2 personnes,Grächen - Valais
16/04/2024,18/05/2024,25/05/2024,433.59,HBE47YC,Studio ∙ 1 chambre ∙ 2 personnes,Grächen - Valais
16/04/2024,25/05/2024,01/06/2024,433.59,HBE47YC,Studio ∙ 1 chambre ∙ 2 personnes,Grächen - Valais
16/04/2024,01/06/2024,08/06/2024,433.59,HBE47YC,Studio ∙ 1 chambre ∙ 2 personnes,Grächen - Valais
16/04/2024,08/06/2024,15/06/2024,433.59,HBE47YC,Studio ∙ 1 chambre ∙ 2 personnes,Grächen - Valais
16/04/2024,15/06/2024,22/06/2024,433.59,HBE47YC,Studio ∙ 1 chambre ∙ 2 personnes,Grächen - Valais
16/04/2024,22/06/2024,29/06/2024,433.59,HBE47YC,Studio ∙ 1 chambre ∙ 2 personnes,Grächen - Valais
16/04/2024,29/06/2024,06/07/2024,433.59,HBE47YC,Studio ∙ 1 chambre ∙ 2 personnes,Grächen - Valais
16/04/2024,06/07/2024,13/07/2024,433.59,HBE47YC,Studio ∙ 1 chambre ∙ 2 personnes,Grächen - Valais
16/04/2024,27/07/2024,03/08/2024,433.59,HBE47YC,Studio ∙ 1 chambre ∙ 2 personnes,Grächen - Valais
16/04/2024,03/08/2024,10/08/2024,433.59,HBE47YC,Studio ∙ 1 chambre ∙ 2 personnes,Grächen - Valais
16/04/2024,10/08/2024,17/08/2024,433.59,HBE47YC,Studio ∙ 1 chambre ∙ 2 personnes,Grächen - Valais
16/04/2024,24/08/2024,31/08/2024,433.59,HBE47YC,Studio ∙ 1 chambre ∙ 2 personnes,Grächen - Valais
16/04/2024,31/08/2024,07/09/2024,433.59,HBE47YC,Studio ∙ 1 chambre ∙ 2 personnes,Grächen - Valais
16/04/2024,07/09/2024,14/09/2024,433.59,HBE47YC,Studio ∙ 1 chambre ∙ 2 personnes,Grächen - Valais
16/04/2024,14/09/2024,21/09/2024,433.59,HBE47YC,Studio ∙ 1 chambre ∙ 2 personnes,Grächen - Valais
16/04/2024,21/09/2024,28/09/2024,433.59,HBE47YC,Studio ∙ 1 chambre ∙ 2 personnes,Grächen - Valais
16/04/2024,28/09/2024,05/10/2024,433.59,HBE47YC,Studio ∙ 1 chambre ∙ 2 personnes,Grächen - Valais
16/04/2024,05/10/2024,12/10/2024,433.59,HBE47YC,Studio ∙ 1 chambre ∙ 2 personnes,Grächen - Valais
16/04/2024,12/10/2024,19/10/2024,433.59,HBE47YC,Studio ∙ 1 chambre ∙ 2 personnes,Grächen - Valais
16/04/2024,19/10/2024,26/10/2024,433.59,HBE47YC,Studio ∙ 1 chambre ∙ 2 personnes,Grächen - Valais
16/04/2024,26/10/2024,02/11/2024,433.59,HBE47YC,Studio ∙ 1 chambre ∙ 2 personnes,Grächen - Valais
16/04/2024,20/04/2024,27/04/2024,1478.35,H4DFUJ8,110 m² Maison de vacances ∙ 3 chambres ∙ 6 personnes,Ovronnaz - Leytron - Valais
16/04/2024,04/05/2024,11/05/2024,1478.35,H4DFUJ8,110 m² Maison de vacances ∙ 3 chambres ∙ 6 personnes,Ovronnaz - Leytron - Valais
16/04/2024,11/05/2024,18/05/2024,1478.35,H4DFUJ8,110 m² Maison de vacances ∙ 3 chambres ∙ 6 personnes,Ovronnaz - Leytron - Valais
16/04/2024,18/05/2024,25/05/2024,1478.35,H4DFUJ8,110 m² Maison de vacances ∙ 3 chambres ∙ 6 personnes,Ovronnaz - Leytron - Valais
16/04/2024,25/05/2024,01/06/2024,1478.35,H4DFUJ8,110 m² Maison de vacances ∙ 3 chambres ∙ 6 personnes,Ovronnaz - Leytron - Valais
16/04/2024,01/06/2024,08/06/2024,1478.35,H4DFUJ8,110 m² Maison de vacances ∙ 3 chambres ∙ 6 personnes,Ovronnaz - Leytron - Valais
16/04/2024,08/06/2024,15/06/2024,1478.35,H4DFUJ8,110 m² Maison de vacances ∙ 3 chambres ∙ 6 personnes,Ovronnaz - Leytron - Valais
16/04/2024,15/06/2024,22/06/2024,1478.35,H4DFUJ8,110 m² Maison de vacances ∙ 3 chambres ∙ 6 personnes,Ovronnaz - Leytron - Valais
16/04/2024,22/06/2024,29/06/2024,1478.35,H4DFUJ8,110 m² Maison de vacances ∙ 3 chambres ∙ 6 personnes,Ovronnaz - Leytron - Valais
16/04/2024,20/07/2024,27/07/2024,1590.87,H4DFUJ8,110 m² Maison de vacances ∙ 3 chambres ∙ 6 personnes,Ovronnaz - Leytron - Valais
16/04/2024,27/07/2024,03/08/2024,1590.87,H4DFUJ8,110 m² Maison de vacances ∙ 3 chambres ∙ 6 personnes,Ovronnaz - Leytron - Valais
16/04/2024,17/08/2024,24/08/2024,1478.35,H4DFUJ8,110 m² Maison de vacances ∙ 3 chambres ∙ 6 personnes,Ovronnaz - Leytron - Valais
16/04/2024,24/08/2024,31/08/2024,1478.35,H4DFUJ8,110 m² Maison de vacances ∙ 3 chambres ∙ 6 personnes,Ovronnaz - Leytron - Valais
16/04/2024,31/08/2024,07/09/2024,1478.35,H4DFUJ8,110 m² Maison de vacances ∙ 3 chambres ∙ 6 personnes,Ovronnaz - Leytron - Valais
16/04/2024,07/09/2024,14/09/2024,1478.35,H4DFUJ8,110 m² Maison de vacances ∙ 3 chambres ∙ 6 personnes,Ovronnaz - Leytron - Valais
16/04/2024,14/09/2024,21/09/2024,1478.35,H4DFUJ8,110 m² Maison de vacances ∙ 3 chambres ∙ 6 personnes,Ovronnaz - Leytron - Valais
16/04/2024,21/09/2024,28/09/2024,1478.35,H4DFUJ8,110 m² Maison de vacances ∙ 3 chambres ∙ 6 personnes,Ovronnaz - Leytron - Valais
16/04/2024,28/09/2024,05/10/2024,1478.35,H4DFUJ8,110 m² Maison de vacances ∙ 3 chambres ∙ 6 personnes,Ovronnaz - Leytron - Valais
16/04/2024,05/10/2024,12/10/2024,1478.35,H4DFUJ8,110 m² Maison de vacances ∙ 3 chambres ∙ 6 personnes,Ovronnaz - Leytron - Valais
16/04/2024,12/10/2024,19/10/2024,1478.35,H4DFUJ8,110 m² Maison de vacances ∙ 3 chambres ∙ 6 personnes,Ovronnaz - Leytron - Valais
16/04/2024,19/10/2024,26/10/2024,1478.35,H4DFUJ8,110 m² Maison de vacances ∙ 3 chambres ∙ 6 personnes,Ovronnaz - Leytron - Valais
16/04/2024,26/10/2024,02/11/2024,1478.35,H4DFUJ8,110 m² Maison de vacances ∙ 3 chambres ∙ 6 personnes,Ovronnaz - Leytron - Valais
16/04/2024,01/06/2024,08/06/2024,655.00,H0DR1BC,52 m² Appartement ∙ 2 chambres ∙ 5 personnes,Saas Grund - Valais
16/04/2024,08/06/2024,15/06/2024,655.00,H0DR1BC,52 m² Appartement ∙ 2 chambres ∙ 5 personnes,Saas Grund - Valais
16/04/2024,15/06/2024,22/06/2024,655.00,H0DR1BC,52 m² Appartement ∙ 2 chambres ∙ 5 personnes,Saas Grund - Valais
16/04/2024,13/07/2024,20/07/2024,1031.00,H0DR1BC,52 m² Appartement ∙ 2 chambres ∙ 5 personnes,Saas Grund - Valais
16/04/2024,20/07/2024,27/07/2024,1031.00,H0DR1BC,52 m² Appartement ∙ 2 chambres ∙ 5 personnes,Saas Grund - Valais
16/04/2024,10/08/2024,17/08/2024,1031.00,H0DR1BC,52 m² Appartement ∙ 2 chambres ∙ 5 personnes,Saas Grund - Valais
16/04/2024,24/08/2024,31/08/2024,655.00,H0DR1BC,52 m² Appartement ∙ 2 chambres ∙ 5 personnes,Saas Grund - Valais
16/04/2024,31/08/2024,07/09/2024,655.00,H0DR1BC,52 m² Appartement ∙ 2 chambres ∙ 5 personnes,Saas Grund - Valais
16/04/2024,07/09/2024,14/09/2024,655.00,H0DR1BC,52 m² Appartement ∙ 2 chambres ∙ 5 personnes,Saas Grund - Valais
16/04/2024,14/09/2024,21/09/2024,655.00,H0DR1BC,52 m² Appartement ∙ 2 chambres ∙ 5 personnes,Saas Grund - Valais
16/04/2024,21/09/2024,28/09/2024,655.00,H0DR1BC,52 m² Appartement ∙ 2 chambres ∙ 5 personnes,Saas Grund - Valais
16/04/2024,28/09/2024,05/10/2024,655.00,H0DR1BC,52 m² Appartement ∙ 2 chambres ∙ 5 personnes,Saas Grund - Valais
16/04/2024,11/05/2024,18/05/2024,1207.00,HDTU94R,105 m² Maison de vacances ∙ 3 chambres ∙ 6 personnes,Grengiols - Valais
16/04/2024,18/05/2024,25/05/2024,1207.00,HDTU94R,105 m² Maison de vacances ∙ 3 chambres ∙ 6 personnes,Grengiols - Valais
16/04/2024,25/05/2024,01/06/2024,1207.00,HDTU94R,105 m² Maison de vacances ∙ 3 chambres ∙ 6 personnes,Grengiols - Valais
16/04/2024,01/06/2024,08/06/2024,1207.00,HDTU94R,105 m² Maison de vacances ∙ 3 chambres ∙ 6 personnes,Grengiols - Valais
16/04/2024,08/06/2024,15/06/2024,1207.00,HDTU94R,105 m² Maison de vacances ∙ 3 chambres ∙ 6 personnes,Grengiols - Valais
16/04/2024,15/06/2024,22/06/2024,1207.00,HDTU94R,105 m² Maison de vacances ∙ 3 chambres ∙ 6 personnes,Grengiols - Valais
16/04/2024,17/08/2024,24/08/2024,1281.00,HDTU94R,105 m² Maison de vacances ∙ 3 chambres ∙ 6 personnes,Grengiols - Valais
16/04/2024,24/08/2024,31/08/2024,1281.00,HDTU94R,105 m² Maison de vacances ∙ 3 chambres ∙ 6 personnes,Grengiols - Valais
16/04/2024,21/09/2024,28/09/2024,1207.00,HDTU94R,105 m² Maison de vacances ∙ 3 chambres ∙ 6 personnes,Grengiols - Valais
16/04/2024,28/09/2024,05/10/2024,1207.00,HDTU94R,105 m² Maison de vacances ∙ 3 chambres ∙ 6 personnes,Grengiols - Valais
16/04/2024,05/10/2024,12/10/2024,1207.00,HDTU94R,105 m² Maison de vacances ∙ 3 chambres ∙ 6 personnes,Grengiols - Valais
16/04/2024,12/10/2024,19/10/2024,1207.00,HDTU94R,105 m² Maison de vacances ∙ 3 chambres ∙ 6 personnes,Grengiols - Valais
16/04/2024,19/10/2024,26/10/2024,1207.00,HDTU94R,105 m² Maison de vacances ∙ 3 chambres ∙ 6 personnes,Grengiols - Valais
16/04/2024,29/06/2024,06/07/2024,1546.48,HPEHWLV,102 m² Appartement ∙ 3 chambres ∙ 6 personnes,Saas Fee - Valais
16/04/2024,06/07/2024,13/07/2024,1767.41,HPEHWLV,102 m² Appartement ∙ 3 chambres ∙ 6 personnes,Saas Fee - Valais
16/04/2024,13/07/2024,20/07/2024,1546.48,HPEHWLV,102 m² Appartement ∙ 3 chambres ∙ 6 personnes,Saas Fee - Valais
16/04/2024,07/09/2024,14/09/2024,1623.81,HPEHWLV,102 m² Appartement ∙ 3 chambres ∙ 6 personnes,Saas Fee - Valais
16/04/2024,14/09/2024,21/09/2024,1623.81,HPEHWLV,102 m² Appartement ∙ 3 chambres ∙ 6 personnes,Saas Fee - Valais
16/04/2024,21/09/2024,28/09/2024,1623.81,HPEHWLV,102 m² Appartement ∙ 3 chambres ∙ 6 personnes,Saas Fee - Valais
16/04/2024,28/09/2024,05/10/2024,1623.81,HPEHWLV,102 m² Appartement ∙ 3 chambres ∙ 6 personnes,Saas Fee - Valais
16/04/2024,05/10/2024,12/10/2024,1623.81,HPEHWLV,102 m² Appartement ∙ 3 chambres ∙ 6 personnes,Saas Fee - Valais
16/04/2024,12/10/2024,19/10/2024,1623.81,HPEHWLV,102 m² Appartement ∙ 3 chambres ∙ 6 personnes,Saas Fee - Valais
16/04/2024,19/10/2024,26/10/2024,1623.81,HPEHWLV,102 m² Appartement ∙ 3 chambres ∙ 6 personnes,Saas Fee - Valais
16/04/2024,26/10/2024,02/11/2024,1623.81,HPEHWLV,102 m² Appartement ∙ 3 chambres ∙ 6 personnes,Saas Fee - Valais
16/04/2024,20/04/2024,27/04/2024,914.63,HN6E3C9,45 m² Appartement ∙ 1 chambre ∙ 3 personnes,Saas Fee - Valais
16/04/2024,20/04/2024,27/04/2024,722.65,HW28L0U,Appartement ∙ 4 personnes,Grächen - Valais
16/04/2024,27/04/2024,04/05/2024,722.65,HW28L0U,Appartement ∙ 4 personnes,Grächen - Valais
16/04/2024,04/05/2024,11/05/2024,722.65,HW28L0U,Appartement ∙ 4 personnes,Grächen - Valais
16/04/2024,11/05/2024,18/05/2024,722.65,HW28L0U,Appartement ∙ 4 personnes,Grächen - Valais
16/04/2024,18/05/2024,25/05/2024,722.65,HW28L0U,Appartement ∙ 4 personnes,Grächen - Valais
16/04/2024,25/05/2024,01/06/2024,722.65,HW28L0U,Appartement ∙ 4 personnes,Grächen - Valais
16/04/2024,20/04/2024,27/04/2024,378.88,H3FBPTH,20 m² Appartement ∙ 1 chambre ∙ 2 personnes,Nendaz - Valais
16/04/2024,27/04/2024,04/05/2024,486.24,H3FBPTH,20 m² Appartement ∙ 1 chambre ∙ 2 personnes,Nendaz - Valais
16/04/2024,04/05/2024,11/05/2024,486.24,H3FBPTH,20 m² Appartement ∙ 1 chambre ∙ 2 personnes,Nendaz - Valais
16/04/2024,11/05/2024,18/05/2024,486.24,H3FBPTH,20 m² Appartement ∙ 1 chambre ∙ 2 personnes,Nendaz - Valais
16/04/2024,18/05/2024,25/05/2024,486.24,H3FBPTH,20 m² Appartement ∙ 1 chambre ∙ 2 personnes,Nendaz - Valais
16/04/2024,25/05/2024,01/06/2024,486.24,H3FBPTH,20 m² Appartement ∙ 1 chambre ∙ 2 personnes,Nendaz - Valais
16/04/2024,01/06/2024,08/06/2024,486.24,H3FBPTH,20 m² Appartement ∙ 1 chambre ∙ 2 personnes,Nendaz - Valais
16/04/2024,08/06/2024,15/06/2024,486.24,H3FBPTH,20 m² Appartement ∙ 1 chambre ∙ 2 personnes,Nendaz - Valais
16/04/2024,15/06/2024,22/06/2024,486.24,H3FBPTH,20 m² Appartement ∙ 1 chambre ∙ 2 personnes,Nendaz - Valais
16/04/2024,22/06/2024,29/06/2024,486.24,H3FBPTH,20 m² Appartement ∙ 1 chambre ∙ 2 personnes,Nendaz - Valais
16/04/2024,29/06/2024,06/07/2024,486.24,H3FBPTH,20 m² Appartement ∙ 1 chambre ∙ 2 personnes,Nendaz - Valais
16/04/2024,06/07/2024,13/07/2024,486.24,H3FBPTH,20 m² Appartement ∙ 1 chambre ∙ 2 personnes,Nendaz - Valais
16/04/2024,13/07/2024,20/07/2024,584.32,H3FBPTH,20 m² Appartement ∙ 1 chambre ∙ 2 personnes,Nendaz - Valais
16/04/2024,03/08/2024,10/08/2024,584.32,H3FBPTH,20 m² Appartement ∙ 1 chambre ∙ 2 personnes,Nendaz - Valais
16/04/2024,31/08/2024,07/09/2024,486.24,H3FBPTH,20 m² Appartement ∙ 1 chambre ∙ 2 personnes,Nendaz - Valais
16/04/2024,07/09/2024,14/09/2024,486.24,H3FBPTH,20 m² Appartement ∙ 1 chambre ∙ 2 personnes,Nendaz - Valais
16/04/2024,14/09/2024,21/09/2024,486.24,H3FBPTH,20 m² Appartement ∙ 1 chambre ∙ 2 personnes,Nendaz - Valais
16/04/2024,21/09/2024,28/09/2024,486.24,H3FBPTH,20 m² Appartement ∙ 1 chambre ∙ 2 personnes,Nendaz - Valais
16/04/2024,28/09/2024,05/10/2024,486.24,H3FBPTH,20 m² Appartement ∙ 1 chambre ∙ 2 personnes,Nendaz - Valais
16/04/2024,05/10/2024,12/10/2024,486.24,H3FBPTH,20 m² Appartement ∙ 1 chambre ∙ 2 personnes,Nendaz - Valais
16/04/2024,12/10/2024,19/10/2024,486.24,H3FBPTH,20 m² Appartement ∙ 1 chambre ∙ 2 personnes,Nendaz - Valais
16/04/2024,19/10/2024,26/10/2024,486.24,H3FBPTH,20 m² Appartement ∙ 1 chambre ∙ 2 personnes,Nendaz - Valais
16/04/2024,26/10/2024,02/11/2024,486.24,H3FBPTH,20 m² Appartement ∙ 1 chambre ∙ 2 personnes,Nendaz - Valais
16/04/2024,18/05/2024,25/05/2024,1329.21,HWS9MTK,90 m² Appartement ∙ 2 chambres ∙ 4 personnes,Loèche-les-Bains - Valais
16/04/2024,25/05/2024,01/06/2024,1329.21,HWS9MTK,90 m² Appartement ∙ 2 chambres ∙ 4 personnes,Loèche-les-Bains - Valais
16/04/2024,01/06/2024,08/06/2024,1329.21,HWS9MTK,90 m² Appartement ∙ 2 chambres ∙ 4 personnes,Loèche-les-Bains - Valais
16/04/2024,08/06/2024,15/06/2024,1329.21,HWS9MTK,90 m² Appartement ∙ 2 chambres ∙ 4 personnes,Loèche-les-Bains - Valais
16/04/2024,15/06/2024,22/06/2024,1329.21,HWS9MTK,90 m² Appartement ∙ 2 chambres ∙ 4 personnes,Loèche-les-Bains - Valais
16/04/2024,27/07/2024,03/08/2024,1554.19,HWS9MTK,90 m² Appartement ∙ 2 chambres ∙ 4 personnes,Loèche-les-Bains - Valais
16/04/2024,03/08/2024,10/08/2024,1554.19,HWS9MTK,90 m² Appartement ∙ 2 chambres ∙ 4 personnes,Loèche-les-Bains - Valais
16/04/2024,10/08/2024,17/08/2024,1554.19,HWS9MTK,90 m² Appartement ∙ 2 chambres ∙ 4 personnes,Loèche-les-Bains - Valais
16/04/2024,17/08/2024,24/08/2024,1554.19,HWS9MTK,90 m² Appartement ∙ 2 chambres ∙ 4 personnes,Loèche-les-Bains - Valais
16/04/2024,24/08/2024,31/08/2024,1554.19,HWS9MTK,90 m² Appartement ∙ 2 chambres ∙ 4 personnes,Loèche-les-Bains - Valais
16/04/2024,31/08/2024,07/09/2024,1554.19,HWS9MTK,90 m² Appartement ∙ 2 chambres ∙ 4 personnes,Loèche-les-Bains - Valais
16/04/2024,07/09/2024,14/09/2024,1554.19,HWS9MTK,90 m² Appartement ∙ 2 chambres ∙ 4 personnes,Loèche-les-Bains - Valais
16/04/2024,14/09/2024,21/09/2024,1554.19,HWS9MTK,90 m² Appartement ∙ 2 chambres ∙ 4 personnes,Loèche-les-Bains - Valais
16/04/2024,21/09/2024,28/09/2024,1554.19,HWS9MTK,90 m² Appartement ∙ 2 chambres ∙ 4 personnes,Loèche-les-Bains - Valais
16/04/2024,28/09/2024,05/10/2024,1554.19,HWS9MTK,90 m² Appartement ∙ 2 chambres ∙ 4 personnes,Loèche-les-Bains - Valais
16/04/2024,20/04/2024,27/04/2024,1363.27,HY68CEG,68 m² Appartement ∙ 2 chambres ∙ 4 personnes,Zermatt - Valais
16/04/2024,11/05/2024,18/05/2024,1253.88,HY68CEG,68 m² Appartement ∙ 2 chambres ∙ 4 personnes,Zermatt - Valais
16/04/2024,18/05/2024,25/05/2024,1253.88,HY68CEG,68 m² Appartement ∙ 2 chambres ∙ 4 personnes,Zermatt - Valais
16/04/2024,25/05/2024,01/06/2024,1253.88,HY68CEG,68 m² Appartement ∙ 2 chambres ∙ 4 personnes,Zermatt - Valais
16/04/2024,01/06/2024,08/06/2024,1253.88,HY68CEG,68 m² Appartement ∙ 2 chambres ∙ 4 personnes,Zermatt - Valais
16/04/2024,08/06/2024,15/06/2024,1253.88,HY68CEG,68 m² Appartement ∙ 2 chambres ∙ 4 personnes,Zermatt - Valais
16/04/2024,22/06/2024,29/06/2024,1253.88,HY68CEG,68 m² Appartement ∙ 2 chambres ∙ 4 personnes,Zermatt - Valais
16/04/2024,31/08/2024,07/09/2024,1253.88,HY68CEG,68 m² Appartement ∙ 2 chambres ∙ 4 personnes,Zermatt - Valais
16/04/2024,07/09/2024,14/09/2024,1253.88,HY68CEG,68 m² Appartement ∙ 2 chambres ∙ 4 personnes,Zermatt - Valais
16/04/2024,28/09/2024,05/10/2024,1253.88,HY68CEG,68 m² Appartement ∙ 2 chambres ∙ 4 personnes,Zermatt - Valais
16/04/2024,05/10/2024,12/10/2024,1253.88,HY68CEG,68 m² Appartement ∙ 2 chambres ∙ 4 personnes,Zermatt - Valais
16/04/2024,12/10/2024,19/10/2024,1253.88,HY68CEG,68 m² Appartement ∙ 2 chambres ∙ 4 personnes,Zermatt - Valais
16/04/2024,19/10/2024,26/10/2024,1253.88,HY68CEG,68 m² Appartement ∙ 2 chambres ∙ 4 personnes,Zermatt - Valais
16/04/2024,26/10/2024,02/11/2024,1253.88,HY68CEG,68 m² Appartement ∙ 2 chambres ∙ 4 personnes,Zermatt - Valais
16/04/2024,20/04/2024,27/04/2024,3481.95,H67ZHAR,Appartement ∙ 4 chambres ∙ 8 personnes,Saas Fee - Valais
16/04/2024,27/04/2024,04/05/2024,3481.95,H67ZHAR,Appartement ∙ 4 chambres ∙ 8 personnes,Saas Fee - Valais
16/04/2024,04/05/2024,11/05/2024,3481.95,H67ZHAR,Appartement ∙ 4 chambres ∙ 8 personnes,Saas Fee - Valais
16/04/2024,11/05/2024,18/05/2024,3481.95,H67ZHAR,Appartement ∙ 4 chambres ∙ 8 personnes,Saas Fee - Valais
16/04/2024,18/05/2024,25/05/2024,3481.95,H67ZHAR,Appartement ∙ 4 chambres ∙ 8 personnes,Saas Fee - Valais
16/04/2024,25/05/2024,01/06/2024,3481.95,H67ZHAR,Appartement ∙ 4 chambres ∙ 8 personnes,Saas Fee - Valais
16/04/2024,01/06/2024,08/06/2024,3481.95,H67ZHAR,Appartement ∙ 4 chambres ∙ 8 personnes,Saas Fee - Valais
16/04/2024,08/06/2024,15/06/2024,3481.95,H67ZHAR,Appartement ∙ 4 chambres ∙ 8 personnes,Saas Fee - Valais
16/04/2024,15/06/2024,22/06/2024,3481.95,H67ZHAR,Appartement ∙ 4 chambres ∙ 8 personnes,Saas Fee - Valais
16/04/2024,22/06/2024,29/06/2024,3481.95,H67ZHAR,Appartement ∙ 4 chambres ∙ 8 personnes,Saas Fee - Valais
16/04/2024,29/06/2024,06/07/2024,3481.95,H67ZHAR,Appartement ∙ 4 chambres ∙ 8 personnes,Saas Fee - Valais
16/04/2024,06/07/2024,13/07/2024,3481.95,H67ZHAR,Appartement ∙ 4 chambres ∙ 8 personnes,Saas Fee - Valais
16/04/2024,13/07/2024,20/07/2024,4286.91,H67ZHAR,Appartement ∙ 4 chambres ∙ 8 personnes,Saas Fee - Valais
16/04/2024,20/07/2024,27/07/2024,4286.91,H67ZHAR,Appartement ∙ 4 chambres ∙ 8 personnes,Saas Fee - Valais
16/04/2024,27/07/2024,03/08/2024,4286.91,H67ZHAR,Appartement ∙ 4 chambres ∙ 8 personnes,Saas Fee - Valais
16/04/2024,03/08/2024,10/08/2024,4286.91,H67ZHAR,Appartement ∙ 4 chambres ∙ 8 personnes,Saas Fee - Valais
16/04/2024,10/08/2024,17/08/2024,4286.91,H67ZHAR,Appartement ∙ 4 chambres ∙ 8 personnes,Saas Fee - Valais
16/04/2024,17/08/2024,24/08/2024,4286.91,H67ZHAR,Appartement ∙ 4 chambres ∙ 8 personnes,Saas Fee - Valais
16/04/2024,24/08/2024,31/08/2024,4286.91,H67ZHAR,Appartement ∙ 4 chambres ∙ 8 personnes,Saas Fee - Valais
16/04/2024,31/08/2024,07/09/2024,3597.54,H67ZHAR,Appartement ∙ 4 chambres ∙ 8 personnes,Saas Fee - Valais
16/04/2024,07/09/2024,14/09/2024,3481.95,H67ZHAR,Appartement ∙ 4 chambres ∙ 8 personnes,Saas Fee - Valais
16/04/2024,14/09/2024,21/09/2024,3481.95,H67ZHAR,Appartement ∙ 4 chambres ∙ 8 personnes,Saas Fee - Valais
16/04/2024,21/09/2024,28/09/2024,3481.95,H67ZHAR,Appartement ∙ 4 chambres ∙ 8 personnes,Saas Fee - Valais
16/04/2024,28/09/2024,05/10/2024,3481.95,H67ZHAR,Appartement ∙ 4 chambres ∙ 8 personnes,Saas Fee - Valais
16/04/2024,05/10/2024,12/10/2024,3481.95,H67ZHAR,Appartement ∙ 4 chambres ∙ 8 personnes,Saas Fee - Valais
16/04/2024,12/10/2024,19/10/2024,3481.95,H67ZHAR,Appartement ∙ 4 chambres ∙ 8 personnes,Saas Fee - Valais
16/04/2024,19/10/2024,26/10/2024,3481.95,H67ZHAR,Appartement ∙ 4 chambres ∙ 8 personnes,Saas Fee - Valais
16/04/2024,26/10/2024,02/11/2024,3481.95,H67ZHAR,Appartement ∙ 4 chambres ∙ 8 personnes,Saas Fee - Valais
16/04/2024,01/06/2024,08/06/2024,1185.39,HMTA4FN,88 m² Appartement ∙ 2 chambres ∙ 4 personnes,Saas Fee - Valais
16/04/2024,08/06/2024,15/06/2024,1185.39,HMTA4FN,88 m² Appartement ∙ 2 chambres ∙ 4 personnes,Saas Fee - Valais
16/04/2024,15/06/2024,22/06/2024,1185.39,HMTA4FN,88 m² Appartement ∙ 2 chambres ∙ 4 personnes,Saas Fee - Valais
16/04/2024,22/06/2024,29/06/2024,1185.39,HMTA4FN,88 m² Appartement ∙ 2 chambres ∙ 4 personnes,Saas Fee - Valais
16/04/2024,29/06/2024,06/07/2024,1185.39,HMTA4FN,88 m² Appartement ∙ 2 chambres ∙ 4 personnes,Saas Fee - Valais
16/04/2024,06/07/2024,13/07/2024,1417.28,HMTA4FN,88 m² Appartement ∙ 2 chambres ∙ 4 personnes,Saas Fee - Valais
16/04/2024,20/07/2024,27/07/2024,1533.23,HMTA4FN,88 m² Appartement ∙ 2 chambres ∙ 4 personnes,Saas Fee - Valais
16/04/2024,27/07/2024,03/08/2024,1533.23,HMTA4FN,88 m² Appartement ∙ 2 chambres ∙ 4 personnes,Saas Fee - Valais
16/04/2024,03/08/2024,10/08/2024,1533.23,HMTA4FN,88 m² Appartement ∙ 2 chambres ∙ 4 personnes,Saas Fee - Valais
16/04/2024,10/08/2024,17/08/2024,1533.23,HMTA4FN,88 m² Appartement ∙ 2 chambres ∙ 4 personnes,Saas Fee - Valais
16/04/2024,31/08/2024,07/09/2024,1185.39,HMTA4FN,88 m² Appartement ∙ 2 chambres ∙ 4 personnes,Saas Fee - Valais
16/04/2024,07/09/2024,14/09/2024,1185.39,HMTA4FN,88 m² Appartement ∙ 2 chambres ∙ 4 personnes,Saas Fee - Valais
16/04/2024,14/09/2024,21/09/2024,1185.39,HMTA4FN,88 m² Appartement ∙ 2 chambres ∙ 4 personnes,Saas Fee - Valais
16/04/2024,21/09/2024,28/09/2024,1185.39,HMTA4FN,88 m² Appartement ∙ 2 chambres ∙ 4 personnes,Saas Fee - Valais
16/04/2024,28/09/2024,05/10/2024,1185.39,HMTA4FN,88 m² Appartement ∙ 2 chambres ∙ 4 personnes,Saas Fee - Valais
16/04/2024,05/10/2024,12/10/2024,1185.39,HMTA4FN,88 m² Appartement ∙ 2 chambres ∙ 4 personnes,Saas Fee - Valais
16/04/2024,12/10/2024,19/10/2024,1185.39,HMTA4FN,88 m² Appartement ∙ 2 chambres ∙ 4 personnes,Saas Fee - Valais
16/04/2024,19/10/2024,26/10/2024,1185.39,HMTA4FN,88 m² Appartement ∙ 2 chambres ∙ 4 personnes,Saas Fee - Valais
16/04/2024,26/10/2024,02/11/2024,1185.39,HMTA4FN,88 m² Appartement ∙ 2 chambres ∙ 4 personnes,Saas Fee - Valais
16/04/2024,20/04/2024,27/04/2024,1519.78,HVE0D43,101 m² Appartement ∙ 2 chambres ∙ 5 personnes,Saas Grund - Valais
16/04/2024,27/04/2024,04/05/2024,1476.71,HVE0D43,101 m² Appartement ∙ 2 chambres ∙ 5 personnes,Saas Grund - Valais
16/04/2024,04/05/2024,11/05/2024,1476.71,HVE0D43,101 m² Appartement ∙ 2 chambres ∙ 5 personnes,Saas Grund - Valais
16/04/2024,11/05/2024,18/05/2024,1476.71,HVE0D43,101 m² Appartement ∙ 2 chambres ∙ 5 personnes,Saas Grund - Valais
16/04/2024,18/05/2024,25/05/2024,1476.71,HVE0D43,101 m² Appartement ∙ 2 chambres ∙ 5 personnes,Saas Grund - Valais
16/04/2024,25/05/2024,01/06/2024,1476.71,HVE0D43,101 m² Appartement ∙ 2 chambres ∙ 5 personnes,Saas Grund - Valais
16/04/2024,01/06/2024,08/06/2024,1523.09,HVE0D43,101 m² Appartement ∙ 2 chambres ∙ 5 personnes,Saas Grund - Valais
16/04/2024,08/06/2024,15/06/2024,1523.09,HVE0D43,101 m² Appartement ∙ 2 chambres ∙ 5 personnes,Saas Grund - Valais
16/04/2024,15/06/2024,22/06/2024,1778.17,HVE0D43,101 m² Appartement ∙ 2 chambres ∙ 5 personnes,Saas Grund - Valais
16/04/2024,22/06/2024,29/06/2024,1778.17,HVE0D43,101 m² Appartement ∙ 2 chambres ∙ 5 personnes,Saas Grund - Valais
16/04/2024,29/06/2024,06/07/2024,1778.17,HVE0D43,101 m² Appartement ∙ 2 chambres ∙ 5 personnes,Saas Grund - Valais
16/04/2024,06/07/2024,13/07/2024,1778.17,HVE0D43,101 m² Appartement ∙ 2 chambres ∙ 5 personnes,Saas Grund - Valais
16/04/2024,27/07/2024,03/08/2024,2285.96,HVE0D43,101 m² Appartement ∙ 2 chambres ∙ 5 personnes,Saas Grund - Valais
16/04/2024,03/08/2024,10/08/2024,2285.96,HVE0D43,101 m² Appartement ∙ 2 chambres ∙ 5 personnes,Saas Grund - Valais
16/04/2024,10/08/2024,17/08/2024,2285.96,HVE0D43,101 m² Appartement ∙ 2 chambres ∙ 5 personnes,Saas Grund - Valais
16/04/2024,17/08/2024,24/08/2024,2285.96,HVE0D43,101 m² Appartement ∙ 2 chambres ∙ 5 personnes,Saas Grund - Valais
16/04/2024,24/08/2024,31/08/2024,2285.96,HVE0D43,101 m² Appartement ∙ 2 chambres ∙ 5 personnes,Saas Grund - Valais
16/04/2024,31/08/2024,07/09/2024,2155.62,HVE0D43,101 m² Appartement ∙ 2 chambres ∙ 5 personnes,Saas Grund - Valais
16/04/2024,07/09/2024,14/09/2024,1907.17,HVE0D43,101 m² Appartement ∙ 2 chambres ∙ 5 personnes,Saas Grund - Valais
16/04/2024,14/09/2024,21/09/2024,1907.17,HVE0D43,101 m² Appartement ∙ 2 chambres ∙ 5 personnes,Saas Grund - Valais
16/04/2024,21/09/2024,28/09/2024,1907.17,HVE0D43,101 m² Appartement ∙ 2 chambres ∙ 5 personnes,Saas Grund - Valais
16/04/2024,28/09/2024,05/10/2024,1907.17,HVE0D43,101 m² Appartement ∙ 2 chambres ∙ 5 personnes,Saas Grund - Valais
16/04/2024,05/10/2024,12/10/2024,1907.17,HVE0D43,101 m² Appartement ∙ 2 chambres ∙ 5 personnes,Saas Grund - Valais
16/04/2024,12/10/2024,19/10/2024,1907.17,HVE0D43,101 m² Appartement ∙ 2 chambres ∙ 5 personnes,Saas Grund - Valais
16/04/2024,19/10/2024,26/10/2024,1623.19,HVE0D43,101 m² Appartement ∙ 2 chambres ∙ 5 personnes,Saas Grund - Valais
16/04/2024,26/10/2024,02/11/2024,1623.19,HVE0D43,101 m² Appartement ∙ 2 chambres ∙ 5 personnes,Saas Grund - Valais
16/04/2024,20/04/2024,27/04/2024,1348.82,HN1J6W8,60 m² Appartement ∙ 1 chambre ∙ 4 personnes,Zermatt - Valais
16/04/2024,25/05/2024,01/06/2024,1091.85,HN1J6W8,60 m² Appartement ∙ 1 chambre ∙ 4 personnes,Zermatt - Valais
16/04/2024,31/08/2024,07/09/2024,1091.85,HN1J6W8,60 m² Appartement ∙ 1 chambre ∙ 4 personnes,Zermatt - Valais
16/04/2024,28/09/2024,05/10/2024,1091.85,HN1J6W8,60 m² Appartement ∙ 1 chambre ∙ 4 personnes,Zermatt - Valais
16/04/2024,05/10/2024,12/10/2024,1091.85,HN1J6W8,60 m² Appartement ∙ 1 chambre ∙ 4 personnes,Zermatt - Valais
16/04/2024,26/10/2024,02/11/2024,1091.85,HN1J6W8,60 m² Appartement ∙ 1 chambre ∙ 4 personnes,Zermatt - Valais
16/04/2024,20/04/2024,27/04/2024,566.57,HVZ679L,48 m² Appartement ∙ 1 chambre ∙ 4 personnes,Ovronnaz - Leytron - Valais
16/04/2024,27/04/2024,04/05/2024,697.63,HVZ679L,48 m² Appartement ∙ 1 chambre ∙ 4 personnes,Ovronnaz - Leytron - Valais
16/04/2024,04/05/2024,11/05/2024,697.63,HVZ679L,48 m² Appartement ∙ 1 chambre ∙ 4 personnes,Ovronnaz - Leytron - Valais
16/04/2024,11/05/2024,18/05/2024,697.63,HVZ679L,48 m² Appartement ∙ 1 chambre ∙ 4 personnes,Ovronnaz - Leytron - Valais
16/04/2024,18/05/2024,25/05/2024,697.63,HVZ679L,48 m² Appartement ∙ 1 chambre ∙ 4 personnes,Ovronnaz - Leytron - Valais
16/04/2024,25/05/2024,01/06/2024,697.63,HVZ679L,48 m² Appartement ∙ 1 chambre ∙ 4 personnes,Ovronnaz - Leytron - Valais
16/04/2024,01/06/2024,08/06/2024,697.63,HVZ679L,48 m² Appartement ∙ 1 chambre ∙ 4 personnes,Ovronnaz - Leytron - Valais
16/04/2024,08/06/2024,15/06/2024,697.63,HVZ679L,48 m² Appartement ∙ 1 chambre ∙ 4 personnes,Ovronnaz - Leytron - Valais
16/04/2024,15/06/2024,22/06/2024,697.63,HVZ679L,48 m² Appartement ∙ 1 chambre ∙ 4 personnes,Ovronnaz - Leytron - Valais
16/04/2024,22/06/2024,29/06/2024,697.63,HVZ679L,48 m² Appartement ∙ 1 chambre ∙ 4 personnes,Ovronnaz - Leytron - Valais
16/04/2024,29/06/2024,06/07/2024,697.63,HVZ679L,48 m² Appartement ∙ 1 chambre ∙ 4 personnes,Ovronnaz - Leytron - Valais
16/04/2024,20/07/2024,27/07/2024,757.49,HVZ679L,48 m² Appartement ∙ 1 chambre ∙ 4 personnes,Ovronnaz - Leytron - Valais
16/04/2024,27/07/2024,03/08/2024,757.49,HVZ679L,48 m² Appartement ∙ 1 chambre ∙ 4 personnes,Ovronnaz - Leytron - Valais
16/04/2024,24/08/2024,31/08/2024,697.63,HVZ679L,48 m² Appartement ∙ 1 chambre ∙ 4 personnes,Ovronnaz - Leytron - Valais
16/04/2024,31/08/2024,07/09/2024,697.63,HVZ679L,48 m² Appartement ∙ 1 chambre ∙ 4 personnes,Ovronnaz - Leytron - Valais
16/04/2024,07/09/2024,14/09/2024,697.63,HVZ679L,48 m² Appartement ∙ 1 chambre ∙ 4 personnes,Ovronnaz - Leytron - Valais
16/04/2024,14/09/2024,21/09/2024,697.63,HVZ679L,48 m² Appartement ∙ 1 chambre ∙ 4 personnes,Ovronnaz - Leytron - Valais
16/04/2024,21/09/2024,28/09/2024,697.63,HVZ679L,48 m² Appartement ∙ 1 chambre ∙ 4 personnes,Ovronnaz - Leytron - Valais
16/04/2024,28/09/2024,05/10/2024,697.63,HVZ679L,48 m² Appartement ∙ 1 chambre ∙ 4 personnes,Ovronnaz - Leytron - Valais
16/04/2024,05/10/2024,12/10/2024,697.63,HVZ679L,48 m² Appartement ∙ 1 chambre ∙ 4 personnes,Ovronnaz - Leytron - Valais
16/04/2024,12/10/2024,19/10/2024,697.63,HVZ679L,48 m² Appartement ∙ 1 chambre ∙ 4 personnes,Ovronnaz - Leytron - Valais
16/04/2024,19/10/2024,26/10/2024,697.63,HVZ679L,48 m² Appartement ∙ 1 chambre ∙ 4 personnes,Ovronnaz - Leytron - Valais
16/04/2024,26/10/2024,02/11/2024,697.63,HVZ679L,48 m² Appartement ∙ 1 chambre ∙ 4 personnes,Ovronnaz - Leytron - Valais
16/04/2024,20/04/2024,27/04/2024,630.55,HNWYSPC,Appartement ∙ 1 chambre ∙ 4 personnes,Val-d'Illiez - Valais
16/04/2024,27/04/2024,04/05/2024,630.55,HNWYSPC,Appartement ∙ 1 chambre ∙ 4 personnes,Val-d'Illiez - Valais
16/04/2024,04/05/2024,11/05/2024,630.55,HNWYSPC,Appartement ∙ 1 chambre ∙ 4 personnes,Val-d'Illiez - Valais
16/04/2024,11/05/2024,18/05/2024,630.55,HNWYSPC,Appartement ∙ 1 chambre ∙ 4 personnes,Val-d'Illiez - Valais
16/04/2024,18/05/2024,25/05/2024,630.55,HNWYSPC,Appartement ∙ 1 chambre ∙ 4 personnes,Val-d'Illiez - Valais
16/04/2024,25/05/2024,01/06/2024,630.55,HNWYSPC,Appartement ∙ 1 chambre ∙ 4 personnes,Val-d'Illiez - Valais
16/04/2024,01/06/2024,08/06/2024,630.55,HNWYSPC,Appartement ∙ 1 chambre ∙ 4 personnes,Val-d'Illiez - Valais
16/04/2024,08/06/2024,15/06/2024,630.55,HNWYSPC,Appartement ∙ 1 chambre ∙ 4 personnes,Val-d'Illiez - Valais
16/04/2024,15/06/2024,22/06/2024,630.55,HNWYSPC,Appartement ∙ 1 chambre ∙ 4 personnes,Val-d'Illiez - Valais
16/04/2024,22/06/2024,29/06/2024,630.55,HNWYSPC,Appartement ∙ 1 chambre ∙ 4 personnes,Val-d'Illiez - Valais
16/04/2024,29/06/2024,06/07/2024,630.55,HNWYSPC,Appartement ∙ 1 chambre ∙ 4 personnes,Val-d'Illiez - Valais
16/04/2024,06/07/2024,13/07/2024,630.55,HNWYSPC,Appartement ∙ 1 chambre ∙ 4 personnes,Val-d'Illiez - Valais
16/04/2024,13/07/2024,20/07/2024,630.55,HNWYSPC,Appartement ∙ 1 chambre ∙ 4 personnes,Val-d'Illiez - Valais
16/04/2024,20/07/2024,27/07/2024,630.55,HNWYSPC,Appartement ∙ 1 chambre ∙ 4 personnes,Val-d'Illiez - Valais
16/04/2024,27/07/2024,03/08/2024,630.55,HNWYSPC,Appartement ∙ 1 chambre ∙ 4 personnes,Val-d'Illiez - Valais
16/04/2024,03/08/2024,10/08/2024,630.55,HNWYSPC,Appartement ∙ 1 chambre ∙ 4 personnes,Val-d'Illiez - Valais
16/04/2024,10/08/2024,17/08/2024,630.55,HNWYSPC,Appartement ∙ 1 chambre ∙ 4 personnes,Val-d'Illiez - Valais
16/04/2024,17/08/2024,24/08/2024,630.55,HNWYSPC,Appartement ∙ 1 chambre ∙ 4 personnes,Val-d'Illiez - Valais
16/04/2024,24/08/2024,31/08/2024,577.92,HNWYSPC,Appartement ∙ 1 chambre ∙ 4 personnes,Val-d'Illiez - Valais
16/04/2024,31/08/2024,07/09/2024,577.92,HNWYSPC,Appartement ∙ 1 chambre ∙ 4 personnes,Val-d'Illiez - Valais
16/04/2024,07/09/2024,14/09/2024,577.92,HNWYSPC,Appartement ∙ 1 chambre ∙ 4 personnes,Val-d'Illiez - Valais
16/04/2024,14/09/2024,21/09/2024,577.92,HNWYSPC,Appartement ∙ 1 chambre ∙ 4 personnes,Val-d'Illiez - Valais
16/04/2024,21/09/2024,28/09/2024,577.92,HNWYSPC,Appartement ∙ 1 chambre ∙ 4 personnes,Val-d'Illiez - Valais
16/04/2024,28/09/2024,05/10/2024,577.92,HNWYSPC,Appartement ∙ 1 chambre ∙ 4 personnes,Val-d'Illiez - Valais
16/04/2024,05/10/2024,12/10/2024,577.92,HNWYSPC,Appartement ∙ 1 chambre ∙ 4 personnes,Val-d'Illiez - Valais
16/04/2024,12/10/2024,19/10/2024,577.92,HNWYSPC,Appartement ∙ 1 chambre ∙ 4 personnes,Val-d'Illiez - Valais
16/04/2024,19/10/2024,26/10/2024,577.92,HNWYSPC,Appartement ∙ 1 chambre ∙ 4 personnes,Val-d'Illiez - Valais
16/04/2024,04/05/2024,11/05/2024,1336.43,H26C5ZK,Appartement ∙ 3 chambres ∙ 6 personnes,Ferden - Valais
16/04/2024,11/05/2024,18/05/2024,1336.43,H26C5ZK,Appartement ∙ 3 chambres ∙ 6 personnes,Ferden - Valais
16/04/2024,18/05/2024,25/05/2024,1336.43,H26C5ZK,Appartement ∙ 3 chambres ∙ 6 personnes,Ferden - Valais
16/04/2024,25/05/2024,01/06/2024,1336.43,H26C5ZK,Appartement ∙ 3 chambres ∙ 6 personnes,Ferden - Valais
16/04/2024,08/06/2024,15/06/2024,1336.43,H26C5ZK,Appartement ∙ 3 chambres ∙ 6 personnes,Ferden - Valais
16/04/2024,29/06/2024,06/07/2024,1336.43,H26C5ZK,Appartement ∙ 3 chambres ∙ 6 personnes,Ferden - Valais
16/04/2024,06/07/2024,13/07/2024,1336.43,H26C5ZK,Appartement ∙ 3 chambres ∙ 6 personnes,Ferden - Valais
16/04/2024,13/07/2024,20/07/2024,1336.43,H26C5ZK,Appartement ∙ 3 chambres ∙ 6 personnes,Ferden - Valais
16/04/2024,20/07/2024,27/07/2024,1336.43,H26C5ZK,Appartement ∙ 3 chambres ∙ 6 personnes,Ferden - Valais
16/04/2024,31/08/2024,07/09/2024,1336.43,H26C5ZK,Appartement ∙ 3 chambres ∙ 6 personnes,Ferden - Valais
16/04/2024,07/09/2024,14/09/2024,1336.43,H26C5ZK,Appartement ∙ 3 chambres ∙ 6 personnes,Ferden - Valais
16/04/2024,14/09/2024,21/09/2024,1336.43,H26C5ZK,Appartement ∙ 3 chambres ∙ 6 personnes,Ferden - Valais
16/04/2024,21/09/2024,28/09/2024,1336.43,H26C5ZK,Appartement ∙ 3 chambres ∙ 6 personnes,Ferden - Valais
16/04/2024,28/09/2024,05/10/2024,1336.43,H26C5ZK,Appartement ∙ 3 chambres ∙ 6 personnes,Ferden - Valais
16/04/2024,05/10/2024,12/10/2024,1336.43,H26C5ZK,Appartement ∙ 3 chambres ∙ 6 personnes,Ferden - Valais
16/04/2024,12/10/2024,19/10/2024,1336.43,H26C5ZK,Appartement ∙ 3 chambres ∙ 6 personnes,Ferden - Valais
16/04/2024,19/10/2024,26/10/2024,1336.43,H26C5ZK,Appartement ∙ 3 chambres ∙ 6 personnes,Ferden - Valais
16/04/2024,26/10/2024,02/11/2024,1336.43,H26C5ZK,Appartement ∙ 3 chambres ∙ 6 personnes,Ferden - Valais
16/04/2024,20/04/2024,27/04/2024,635.71,H1K67C2,60 m² Appartement ∙ 1 chambre ∙ 4 personnes,Saas Grund - Valais
16/04/2024,27/04/2024,04/05/2024,635.71,H1K67C2,60 m² Appartement ∙ 1 chambre ∙ 4 personnes,Saas Grund - Valais
16/04/2024,04/05/2024,11/05/2024,635.71,H1K67C2,60 m² Appartement ∙ 1 chambre ∙ 4 personnes,Saas Grund - Valais
16/04/2024,11/05/2024,18/05/2024,635.71,H1K67C2,60 m² Appartement ∙ 1 chambre ∙ 4 personnes,Saas Grund - Valais
16/04/2024,18/05/2024,25/05/2024,635.71,H1K67C2,60 m² Appartement ∙ 1 chambre ∙ 4 personnes,Saas Grund - Valais
16/04/2024,25/05/2024,01/06/2024,635.71,H1K67C2,60 m² Appartement ∙ 1 chambre ∙ 4 personnes,Saas Grund - Valais
16/04/2024,01/06/2024,08/06/2024,635.71,H1K67C2,60 m² Appartement ∙ 1 chambre ∙ 4 personnes,Saas Grund - Valais
16/04/2024,08/06/2024,15/06/2024,635.71,H1K67C2,60 m² Appartement ∙ 1 chambre ∙ 4 personnes,Saas Grund - Valais
16/04/2024,29/06/2024,06/07/2024,736.85,H1K67C2,60 m² Appartement ∙ 1 chambre ∙ 4 personnes,Saas Grund - Valais
16/04/2024,31/08/2024,07/09/2024,736.85,H1K67C2,60 m² Appartement ∙ 1 chambre ∙ 4 personnes,Saas Grund - Valais
16/04/2024,07/09/2024,14/09/2024,736.85,H1K67C2,60 m² Appartement ∙ 1 chambre ∙ 4 personnes,Saas Grund - Valais
16/04/2024,14/09/2024,21/09/2024,736.85,H1K67C2,60 m² Appartement ∙ 1 chambre ∙ 4 personnes,Saas Grund - Valais
16/04/2024,21/09/2024,28/09/2024,751.29,H1K67C2,60 m² Appartement ∙ 1 chambre ∙ 4 personnes,Saas Grund - Valais
16/04/2024,28/09/2024,05/10/2024,751.29,H1K67C2,60 m² Appartement ∙ 1 chambre ∙ 4 personnes,Saas Grund - Valais
16/04/2024,05/10/2024,12/10/2024,751.29,H1K67C2,60 m² Appartement ∙ 1 chambre ∙ 4 personnes,Saas Grund - Valais
16/04/2024,12/10/2024,19/10/2024,751.29,H1K67C2,60 m² Appartement ∙ 1 chambre ∙ 4 personnes,Saas Grund - Valais
16/04/2024,19/10/2024,26/10/2024,751.29,H1K67C2,60 m² Appartement ∙ 1 chambre ∙ 4 personnes,Saas Grund - Valais
16/04/2024,26/10/2024,02/11/2024,599.59,H1K67C2,60 m² Appartement ∙ 1 chambre ∙ 4 personnes,Saas Grund - Valais
16/04/2024,20/04/2024,27/04/2024,618.37,HT6A2PH,80 m² Appartement ∙ 2 chambres ∙ 4 personnes,Saas Grund - Valais
16/04/2024,27/04/2024,04/05/2024,618.37,HT6A2PH,80 m² Appartement ∙ 2 chambres ∙ 4 personnes,Saas Grund - Valais
16/04/2024,04/05/2024,11/05/2024,618.37,HT6A2PH,80 m² Appartement ∙ 2 chambres ∙ 4 personnes,Saas Grund - Valais
16/04/2024,11/05/2024,18/05/2024,618.37,HT6A2PH,80 m² Appartement ∙ 2 chambres ∙ 4 personnes,Saas Grund - Valais
16/04/2024,18/05/2024,25/05/2024,618.37,HT6A2PH,80 m² Appartement ∙ 2 chambres ∙ 4 personnes,Saas Grund - Valais
16/04/2024,25/05/2024,01/06/2024,618.37,HT6A2PH,80 m² Appartement ∙ 2 chambres ∙ 4 personnes,Saas Grund - Valais
16/04/2024,01/06/2024,08/06/2024,618.37,HT6A2PH,80 m² Appartement ∙ 2 chambres ∙ 4 personnes,Saas Grund - Valais
16/04/2024,08/06/2024,15/06/2024,618.37,HT6A2PH,80 m² Appartement ∙ 2 chambres ∙ 4 personnes,Saas Grund - Valais
16/04/2024,15/06/2024,22/06/2024,850.26,HT6A2PH,80 m² Appartement ∙ 2 chambres ∙ 4 personnes,Saas Grund - Valais
16/04/2024,22/06/2024,29/06/2024,850.26,HT6A2PH,80 m² Appartement ∙ 2 chambres ∙ 4 personnes,Saas Grund - Valais
16/04/2024,29/06/2024,06/07/2024,850.26,HT6A2PH,80 m² Appartement ∙ 2 chambres ∙ 4 personnes,Saas Grund - Valais
16/04/2024,06/07/2024,13/07/2024,850.26,HT6A2PH,80 m² Appartement ∙ 2 chambres ∙ 4 personnes,Saas Grund - Valais
16/04/2024,13/07/2024,20/07/2024,850.26,HT6A2PH,80 m² Appartement ∙ 2 chambres ∙ 4 personnes,Saas Grund - Valais
16/04/2024,20/07/2024,27/07/2024,850.26,HT6A2PH,80 m² Appartement ∙ 2 chambres ∙ 4 personnes,Saas Grund - Valais
16/04/2024,27/07/2024,03/08/2024,850.26,HT6A2PH,80 m² Appartement ∙ 2 chambres ∙ 4 personnes,Saas Grund - Valais
16/04/2024,03/08/2024,10/08/2024,850.26,HT6A2PH,80 m² Appartement ∙ 2 chambres ∙ 4 personnes,Saas Grund - Valais
16/04/2024,31/08/2024,07/09/2024,850.26,HT6A2PH,80 m² Appartement ∙ 2 chambres ∙ 4 personnes,Saas Grund - Valais
16/04/2024,07/09/2024,14/09/2024,850.26,HT6A2PH,80 m² Appartement ∙ 2 chambres ∙ 4 personnes,Saas Grund - Valais
16/04/2024,14/09/2024,21/09/2024,850.26,HT6A2PH,80 m² Appartement ∙ 2 chambres ∙ 4 personnes,Saas Grund - Valais
16/04/2024,21/09/2024,28/09/2024,850.26,HT6A2PH,80 m² Appartement ∙ 2 chambres ∙ 4 personnes,Saas Grund - Valais
16/04/2024,28/09/2024,05/10/2024,695.67,HT6A2PH,80 m² Appartement ∙ 2 chambres ∙ 4 personnes,Saas Grund - Valais
16/04/2024,05/10/2024,12/10/2024,695.67,HT6A2PH,80 m² Appartement ∙ 2 chambres ∙ 4 personnes,Saas Grund - Valais
16/04/2024,12/10/2024,19/10/2024,695.67,HT6A2PH,80 m² Appartement ∙ 2 chambres ∙ 4 personnes,Saas Grund - Valais
16/04/2024,19/10/2024,26/10/2024,695.67,HT6A2PH,80 m² Appartement ∙ 2 chambres ∙ 4 personnes,Saas Grund - Valais
16/04/2024,26/10/2024,02/11/2024,695.67,HT6A2PH,80 m² Appartement ∙ 2 chambres ∙ 4 personnes,Saas Grund - Valais
16/04/2024,20/04/2024,27/04/2024,577.92,HSDEN1Y,Appartement ∙ 1 chambre ∙ 4 personnes,Champéry - Valais
16/04/2024,27/04/2024,04/05/2024,577.92,HSDEN1Y,Appartement ∙ 1 chambre ∙ 4 personnes,Champéry - Valais
16/04/2024,04/05/2024,11/05/2024,577.92,HSDEN1Y,Appartement ∙ 1 chambre ∙ 4 personnes,Champéry - Valais
16/04/2024,11/05/2024,18/05/2024,577.92,HSDEN1Y,Appartement ∙ 1 chambre ∙ 4 personnes,Champéry - Valais
16/04/2024,18/05/2024,25/05/2024,577.92,HSDEN1Y,Appartement ∙ 1 chambre ∙ 4 personnes,Champéry - Valais
16/04/2024,25/05/2024,01/06/2024,577.92,HSDEN1Y,Appartement ∙ 1 chambre ∙ 4 personnes,Champéry - Valais
16/04/2024,01/06/2024,08/06/2024,577.92,HSDEN1Y,Appartement ∙ 1 chambre ∙ 4 personnes,Champéry - Valais
16/04/2024,08/06/2024,15/06/2024,577.92,HSDEN1Y,Appartement ∙ 1 chambre ∙ 4 personnes,Champéry - Valais
16/04/2024,15/06/2024,22/06/2024,722.40,HSDEN1Y,Appartement ∙ 1 chambre ∙ 4 personnes,Champéry - Valais
16/04/2024,22/06/2024,29/06/2024,722.40,HSDEN1Y,Appartement ∙ 1 chambre ∙ 4 personnes,Champéry - Valais
16/04/2024,29/06/2024,06/07/2024,722.40,HSDEN1Y,Appartement ∙ 1 chambre ∙ 4 personnes,Champéry - Valais
16/04/2024,24/08/2024,31/08/2024,722.40,HSDEN1Y,Appartement ∙ 1 chambre ∙ 4 personnes,Champéry - Valais
16/04/2024,31/08/2024,07/09/2024,577.92,HSDEN1Y,Appartement ∙ 1 chambre ∙ 4 personnes,Champéry - Valais
16/04/2024,07/09/2024,14/09/2024,577.92,HSDEN1Y,Appartement ∙ 1 chambre ∙ 4 personnes,Champéry - Valais
16/04/2024,14/09/2024,21/09/2024,577.92,HSDEN1Y,Appartement ∙ 1 chambre ∙ 4 personnes,Champéry - Valais
16/04/2024,21/09/2024,28/09/2024,577.92,HSDEN1Y,Appartement ∙ 1 chambre ∙ 4 personnes,Champéry - Valais
16/04/2024,28/09/2024,05/10/2024,577.92,HSDEN1Y,Appartement ∙ 1 chambre ∙ 4 personnes,Champéry - Valais
16/04/2024,05/10/2024,12/10/2024,577.92,HSDEN1Y,Appartement ∙ 1 chambre ∙ 4 personnes,Champéry - Valais
16/04/2024,12/10/2024,19/10/2024,577.92,HSDEN1Y,Appartement ∙ 1 chambre ∙ 4 personnes,Champéry - Valais
16/04/2024,19/10/2024,26/10/2024,577.92,HSDEN1Y,Appartement ∙ 1 chambre ∙ 4 personnes,Champéry - Valais
16/04/2024,20/04/2024,27/04/2024,542.83,H50DB4V,60 m² Appartement ∙ 1 chambre ∙ 4 personnes,Nendaz - Valais
16/04/2024,27/04/2024,04/05/2024,681.12,H50DB4V,60 m² Appartement ∙ 1 chambre ∙ 4 personnes,Nendaz - Valais
16/04/2024,04/05/2024,11/05/2024,681.12,H50DB4V,60 m² Appartement ∙ 1 chambre ∙ 4 personnes,Nendaz - Valais
16/04/2024,11/05/2024,18/05/2024,681.12,H50DB4V,60 m² Appartement ∙ 1 chambre ∙ 4 personnes,Nendaz - Valais
16/04/2024,18/05/2024,25/05/2024,681.12,H50DB4V,60 m² Appartement ∙ 1 chambre ∙ 4 personnes,Nendaz - Valais
16/04/2024,25/05/2024,01/06/2024,681.12,H50DB4V,60 m² Appartement ∙ 1 chambre ∙ 4 personnes,Nendaz - Valais
16/04/2024,01/06/2024,08/06/2024,681.12,H50DB4V,60 m² Appartement ∙ 1 chambre ∙ 4 personnes,Nendaz - Valais
16/04/2024,08/06/2024,15/06/2024,681.12,H50DB4V,60 m² Appartement ∙ 1 chambre ∙ 4 personnes,Nendaz - Valais
16/04/2024,15/06/2024,22/06/2024,681.12,H50DB4V,60 m² Appartement ∙ 1 chambre ∙ 4 personnes,Nendaz - Valais
16/04/2024,22/06/2024,29/06/2024,681.12,H50DB4V,60 m² Appartement ∙ 1 chambre ∙ 4 personnes,Nendaz - Valais
16/04/2024,29/06/2024,06/07/2024,681.12,H50DB4V,60 m² Appartement ∙ 1 chambre ∙ 4 personnes,Nendaz - Valais
16/04/2024,06/07/2024,13/07/2024,681.12,H50DB4V,60 m² Appartement ∙ 1 chambre ∙ 4 personnes,Nendaz - Valais
16/04/2024,07/09/2024,14/09/2024,681.12,H50DB4V,60 m² Appartement ∙ 1 chambre ∙ 4 personnes,Nendaz - Valais
16/04/2024,28/09/2024,05/10/2024,681.12,H50DB4V,60 m² Appartement ∙ 1 chambre ∙ 4 personnes,Nendaz - Valais
16/04/2024,05/10/2024,12/10/2024,681.12,H50DB4V,60 m² Appartement ∙ 1 chambre ∙ 4 personnes,Nendaz - Valais
16/04/2024,12/10/2024,19/10/2024,681.12,H50DB4V,60 m² Appartement ∙ 1 chambre ∙ 4 personnes,Nendaz - Valais
16/04/2024,19/10/2024,26/10/2024,681.12,H50DB4V,60 m² Appartement ∙ 1 chambre ∙ 4 personnes,Nendaz - Valais
16/04/2024,26/10/2024,02/11/2024,681.12,H50DB4V,60 m² Appartement ∙ 1 chambre ∙ 4 personnes,Nendaz - Valais
16/04/2024,27/04/2024,04/05/2024,686.28,H8UDW6T,Studio ∙ 3 personnes,Grächen - Valais
16/04/2024,04/05/2024,11/05/2024,686.28,H8UDW6T,Studio ∙ 3 personnes,Grächen - Valais
16/04/2024,11/05/2024,18/05/2024,686.28,H8UDW6T,Studio ∙ 3 personnes,Grächen - Valais
16/04/2024,18/05/2024,25/05/2024,686.28,H8UDW6T,Studio ∙ 3 personnes,Grächen - Valais
16/04/2024,25/05/2024,01/06/2024,686.28,H8UDW6T,Studio ∙ 3 personnes,Grächen - Valais
16/04/2024,01/06/2024,08/06/2024,686.28,H8UDW6T,Studio ∙ 3 personnes,Grächen - Valais
16/04/2024,15/06/2024,22/06/2024,686.28,H8UDW6T,Studio ∙ 3 personnes,Grächen - Valais
16/04/2024,22/06/2024,29/06/2024,686.28,H8UDW6T,Studio ∙ 3 personnes,Grächen - Valais
16/04/2024,29/06/2024,06/07/2024,686.28,H8UDW6T,Studio ∙ 3 personnes,Grächen - Valais
16/04/2024,06/07/2024,13/07/2024,686.28,H8UDW6T,Studio ∙ 3 personnes,Grächen - Valais
16/04/2024,13/07/2024,20/07/2024,686.28,H8UDW6T,Studio ∙ 3 personnes,Grächen - Valais
16/04/2024,20/07/2024,27/07/2024,686.28,H8UDW6T,Studio ∙ 3 personnes,Grächen - Valais
16/04/2024,27/07/2024,03/08/2024,686.28,H8UDW6T,Studio ∙ 3 personnes,Grächen - Valais
16/04/2024,03/08/2024,10/08/2024,686.28,H8UDW6T,Studio ∙ 3 personnes,Grächen - Valais
16/04/2024,10/08/2024,17/08/2024,686.28,H8UDW6T,Studio ∙ 3 personnes,Grächen - Valais
16/04/2024,17/08/2024,24/08/2024,686.28,H8UDW6T,Studio ∙ 3 personnes,Grächen - Valais
16/04/2024,24/08/2024,31/08/2024,686.28,H8UDW6T,Studio ∙ 3 personnes,Grächen - Valais
16/04/2024,14/09/2024,21/09/2024,686.28,H8UDW6T,Studio ∙ 3 personnes,Grächen - Valais
16/04/2024,21/09/2024,28/09/2024,686.28,H8UDW6T,Studio ∙ 3 personnes,Grächen - Valais
16/04/2024,28/09/2024,05/10/2024,686.28,H8UDW6T,Studio ∙ 3 personnes,Grächen - Valais
16/04/2024,05/10/2024,12/10/2024,686.28,H8UDW6T,Studio ∙ 3 personnes,Grächen - Valais
16/04/2024,12/10/2024,19/10/2024,686.28,H8UDW6T,Studio ∙ 3 personnes,Grächen - Valais
16/04/2024,19/10/2024,26/10/2024,686.28,H8UDW6T,Studio ∙ 3 personnes,Grächen - Valais
16/04/2024,26/10/2024,02/11/2024,686.28,H8UDW6T,Studio ∙ 3 personnes,Grächen - Valais
16/04/2024,25/05/2024,01/06/2024,1320.95,H5EA24C,100 m² Maison de vacances ∙ 3 chambres ∙ 6 personnes,Nendaz - Valais
16/04/2024,01/06/2024,08/06/2024,1320.95,H5EA24C,100 m² Maison de vacances ∙ 3 chambres ∙ 6 personnes,Nendaz - Valais
16/04/2024,08/06/2024,15/06/2024,1320.95,H5EA24C,100 m² Maison de vacances ∙ 3 chambres ∙ 6 personnes,Nendaz - Valais
16/04/2024,15/06/2024,22/06/2024,1320.95,H5EA24C,100 m² Maison de vacances ∙ 3 chambres ∙ 6 personnes,Nendaz - Valais
16/04/2024,22/06/2024,29/06/2024,1320.95,H5EA24C,100 m² Maison de vacances ∙ 3 chambres ∙ 6 personnes,Nendaz - Valais
16/04/2024,29/06/2024,06/07/2024,1792.58,H5EA24C,100 m² Maison de vacances ∙ 3 chambres ∙ 6 personnes,Nendaz - Valais
16/04/2024,06/07/2024,13/07/2024,1792.58,H5EA24C,100 m² Maison de vacances ∙ 3 chambres ∙ 6 personnes,Nendaz - Valais
16/04/2024,13/07/2024,20/07/2024,1945.31,H5EA24C,100 m² Maison de vacances ∙ 3 chambres ∙ 6 personnes,Nendaz - Valais
16/04/2024,03/08/2024,10/08/2024,1945.31,H5EA24C,100 m² Maison de vacances ∙ 3 chambres ∙ 6 personnes,Nendaz - Valais
16/04/2024,10/08/2024,17/08/2024,1734.79,H5EA24C,100 m² Maison de vacances ∙ 3 chambres ∙ 6 personnes,Nendaz - Valais
16/04/2024,17/08/2024,24/08/2024,1734.79,H5EA24C,100 m² Maison de vacances ∙ 3 chambres ∙ 6 personnes,Nendaz - Valais
16/04/2024,24/08/2024,31/08/2024,1320.95,H5EA24C,100 m² Maison de vacances ∙ 3 chambres ∙ 6 personnes,Nendaz - Valais
16/04/2024,31/08/2024,07/09/2024,1320.95,H5EA24C,100 m² Maison de vacances ∙ 3 chambres ∙ 6 personnes,Nendaz - Valais
16/04/2024,21/09/2024,28/09/2024,1320.95,H5EA24C,100 m² Maison de vacances ∙ 3 chambres ∙ 6 personnes,Nendaz - Valais
16/04/2024,28/09/2024,05/10/2024,1320.95,H5EA24C,100 m² Maison de vacances ∙ 3 chambres ∙ 6 personnes,Nendaz - Valais
16/04/2024,05/10/2024,12/10/2024,1320.95,H5EA24C,100 m² Maison de vacances ∙ 3 chambres ∙ 6 personnes,Nendaz - Valais
16/04/2024,20/04/2024,27/04/2024,691.44,H2W5CEV,Appartement ∙ 1 chambre ∙ 2 personnes,Fieschertal - Valais
16/04/2024,27/04/2024,04/05/2024,691.44,H2W5CEV,Appartement ∙ 1 chambre ∙ 2 personnes,Fieschertal - Valais
16/04/2024,04/05/2024,11/05/2024,691.44,H2W5CEV,Appartement ∙ 1 chambre ∙ 2 personnes,Fieschertal - Valais
16/04/2024,11/05/2024,18/05/2024,691.44,H2W5CEV,Appartement ∙ 1 chambre ∙ 2 personnes,Fieschertal - Valais
16/04/2024,18/05/2024,25/05/2024,691.44,H2W5CEV,Appartement ∙ 1 chambre ∙ 2 personnes,Fieschertal - Valais
16/04/2024,25/05/2024,01/06/2024,691.44,H2W5CEV,Appartement ∙ 1 chambre ∙ 2 personnes,Fieschertal - Valais
16/04/2024,01/06/2024,08/06/2024,691.44,H2W5CEV,Appartement ∙ 1 chambre ∙ 2 personnes,Fieschertal - Valais
16/04/2024,08/06/2024,15/06/2024,691.44,H2W5CEV,Appartement ∙ 1 chambre ∙ 2 personnes,Fieschertal - Valais
16/04/2024,15/06/2024,22/06/2024,691.44,H2W5CEV,Appartement ∙ 1 chambre ∙ 2 personnes,Fieschertal - Valais
16/04/2024,22/06/2024,29/06/2024,691.44,H2W5CEV,Appartement ∙ 1 chambre ∙ 2 personnes,Fieschertal - Valais
16/04/2024,29/06/2024,06/07/2024,691.44,H2W5CEV,Appartement ∙ 1 chambre ∙ 2 personnes,Fieschertal - Valais
16/04/2024,03/08/2024,10/08/2024,691.44,H2W5CEV,Appartement ∙ 1 chambre ∙ 2 personnes,Fieschertal - Valais
16/04/2024,10/08/2024,17/08/2024,691.44,H2W5CEV,Appartement ∙ 1 chambre ∙ 2 personnes,Fieschertal - Valais
16/04/2024,24/08/2024,31/08/2024,691.44,H2W5CEV,Appartement ∙ 1 chambre ∙ 2 personnes,Fieschertal - Valais
16/04/2024,31/08/2024,07/09/2024,691.44,H2W5CEV,Appartement ∙ 1 chambre ∙ 2 personnes,Fieschertal - Valais
16/04/2024,07/09/2024,14/09/2024,691.44,H2W5CEV,Appartement ∙ 1 chambre ∙ 2 personnes,Fieschertal - Valais
16/04/2024,14/09/2024,21/09/2024,691.44,H2W5CEV,Appartement ∙ 1 chambre ∙ 2 personnes,Fieschertal - Valais
16/04/2024,21/09/2024,28/09/2024,691.44,H2W5CEV,Appartement ∙ 1 chambre ∙ 2 personnes,Fieschertal - Valais
16/04/2024,28/09/2024,05/10/2024,691.44,H2W5CEV,Appartement ∙ 1 chambre ∙ 2 personnes,Fieschertal - Valais
16/04/2024,05/10/2024,12/10/2024,691.44,H2W5CEV,Appartement ∙ 1 chambre ∙ 2 personnes,Fieschertal - Valais
16/04/2024,12/10/2024,19/10/2024,691.44,H2W5CEV,Appartement ∙ 1 chambre ∙ 2 personnes,Fieschertal - Valais
16/04/2024,19/10/2024,26/10/2024,691.44,H2W5CEV,Appartement ∙ 1 chambre ∙ 2 personnes,Fieschertal - Valais
16/04/2024,26/10/2024,02/11/2024,691.44,H2W5CEV,Appartement ∙ 1 chambre ∙ 2 personnes,Fieschertal - Valais
16/04/2024,08/06/2024,15/06/2024,722.40,HN5AX6Z,Appartement ∙ 4 personnes,Grächen - Valais
16/04/2024,15/06/2024,22/06/2024,722.40,HN5AX6Z,Appartement ∙ 4 personnes,Grächen - Valais
16/04/2024,22/06/2024,29/06/2024,722.40,HN5AX6Z,Appartement ∙ 4 personnes,Grächen - Valais
16/04/2024,29/06/2024,06/07/2024,722.40,HN5AX6Z,Appartement ∙ 4 personnes,Grächen - Valais
16/04/2024,06/07/2024,13/07/2024,722.40,HN5AX6Z,Appartement ∙ 4 personnes,Grächen - Valais
16/04/2024,17/08/2024,24/08/2024,722.40,HN5AX6Z,Appartement ∙ 4 personnes,Grächen - Valais
16/04/2024,24/08/2024,31/08/2024,722.40,HN5AX6Z,Appartement ∙ 4 personnes,Grächen - Valais
16/04/2024,31/08/2024,07/09/2024,722.40,HN5AX6Z,Appartement ∙ 4 personnes,Grächen - Valais
16/04/2024,07/09/2024,14/09/2024,722.40,HN5AX6Z,Appartement ∙ 4 personnes,Grächen - Valais
16/04/2024,14/09/2024,21/09/2024,722.40,HN5AX6Z,Appartement ∙ 4 personnes,Grächen - Valais
16/04/2024,21/09/2024,28/09/2024,722.40,HN5AX6Z,Appartement ∙ 4 personnes,Grächen - Valais
16/04/2024,28/09/2024,05/10/2024,722.40,HN5AX6Z,Appartement ∙ 4 personnes,Grächen - Valais
16/04/2024,05/10/2024,12/10/2024,722.40,HN5AX6Z,Appartement ∙ 4 personnes,Grächen - Valais
16/04/2024,12/10/2024,19/10/2024,722.40,HN5AX6Z,Appartement ∙ 4 personnes,Grächen - Valais
16/04/2024,19/10/2024,26/10/2024,722.40,HN5AX6Z,Appartement ∙ 4 personnes,Grächen - Valais
16/04/2024,22/06/2024,29/06/2024,1191.95,HV5JC9B,75 m² Appartement ∙ 3 chambres ∙ 6 personnes,Termen - Valais
16/04/2024,29/06/2024,06/07/2024,1191.95,HV5JC9B,75 m² Appartement ∙ 3 chambres ∙ 6 personnes,Termen - Valais
16/04/2024,06/07/2024,13/07/2024,1191.95,HV5JC9B,75 m² Appartement ∙ 3 chambres ∙ 6 personnes,Termen - Valais
16/04/2024,13/07/2024,20/07/2024,1191.95,HV5JC9B,75 m² Appartement ∙ 3 chambres ∙ 6 personnes,Termen - Valais
16/04/2024,20/07/2024,27/07/2024,1191.95,HV5JC9B,75 m² Appartement ∙ 3 chambres ∙ 6 personnes,Termen - Valais
16/04/2024,27/07/2024,03/08/2024,1191.95,HV5JC9B,75 m² Appartement ∙ 3 chambres ∙ 6 personnes,Termen - Valais
16/04/2024,03/08/2024,10/08/2024,1191.95,HV5JC9B,75 m² Appartement ∙ 3 chambres ∙ 6 personnes,Termen - Valais
16/04/2024,10/08/2024,17/08/2024,1191.95,HV5JC9B,75 m² Appartement ∙ 3 chambres ∙ 6 personnes,Termen - Valais
16/04/2024,17/08/2024,24/08/2024,1191.95,HV5JC9B,75 m² Appartement ∙ 3 chambres ∙ 6 personnes,Termen - Valais
16/04/2024,24/08/2024,31/08/2024,1191.95,HV5JC9B,75 m² Appartement ∙ 3 chambres ∙ 6 personnes,Termen - Valais
16/04/2024,31/08/2024,07/09/2024,1191.95,HV5JC9B,75 m² Appartement ∙ 3 chambres ∙ 6 personnes,Termen - Valais
16/04/2024,07/09/2024,14/09/2024,1191.95,HV5JC9B,75 m² Appartement ∙ 3 chambres ∙ 6 personnes,Termen - Valais
16/04/2024,14/09/2024,21/09/2024,1191.95,HV5JC9B,75 m² Appartement ∙ 3 chambres ∙ 6 personnes,Termen - Valais
16/04/2024,21/09/2024,28/09/2024,1191.95,HV5JC9B,75 m² Appartement ∙ 3 chambres ∙ 6 personnes,Termen - Valais
16/04/2024,28/09/2024,05/10/2024,1191.95,HV5JC9B,75 m² Appartement ∙ 3 chambres ∙ 6 personnes,Termen - Valais
16/04/2024,05/10/2024,12/10/2024,1191.95,HV5JC9B,75 m² Appartement ∙ 3 chambres ∙ 6 personnes,Termen - Valais
16/04/2024,20/04/2024,27/04/2024,1011.36,HSZR5DC,Appartement ∙ 2 chambres ∙ 4 personnes,Grächen - Valais
16/04/2024,27/04/2024,04/05/2024,1011.36,HSZR5DC,Appartement ∙ 2 chambres ∙ 4 personnes,Grächen - Valais
16/04/2024,04/05/2024,11/05/2024,1011.36,HSZR5DC,Appartement ∙ 2 chambres ∙ 4 personnes,Grächen - Valais
16/04/2024,11/05/2024,18/05/2024,1011.36,HSZR5DC,Appartement ∙ 2 chambres ∙ 4 personnes,Grächen - Valais
16/04/2024,18/05/2024,25/05/2024,1011.36,HSZR5DC,Appartement ∙ 2 chambres ∙ 4 personnes,Grächen - Valais
16/04/2024,25/05/2024,01/06/2024,1011.36,HSZR5DC,Appartement ∙ 2 chambres ∙ 4 personnes,Grächen - Valais
16/04/2024,01/06/2024,08/06/2024,1011.36,HSZR5DC,Appartement ∙ 2 chambres ∙ 4 personnes,Grächen - Valais
16/04/2024,08/06/2024,15/06/2024,1011.36,HSZR5DC,Appartement ∙ 2 chambres ∙ 4 personnes,Grächen - Valais
16/04/2024,15/06/2024,22/06/2024,1011.36,HSZR5DC,Appartement ∙ 2 chambres ∙ 4 personnes,Grächen - Valais
16/04/2024,22/06/2024,29/06/2024,1011.36,HSZR5DC,Appartement ∙ 2 chambres ∙ 4 personnes,Grächen - Valais
16/04/2024,29/06/2024,06/07/2024,1011.36,HSZR5DC,Appartement ∙ 2 chambres ∙ 4 personnes,Grächen - Valais
16/04/2024,06/07/2024,13/07/2024,1011.36,HSZR5DC,Appartement ∙ 2 chambres ∙ 4 personnes,Grächen - Valais
16/04/2024,20/07/2024,27/07/2024,1011.36,HSZR5DC,Appartement ∙ 2 chambres ∙ 4 personnes,Grächen - Valais
16/04/2024,27/07/2024,03/08/2024,1011.36,HSZR5DC,Appartement ∙ 2 chambres ∙ 4 personnes,Grächen - Valais
16/04/2024,03/08/2024,10/08/2024,1011.36,HSZR5DC,Appartement ∙ 2 chambres ∙ 4 personnes,Grächen - Valais
16/04/2024,10/08/2024,17/08/2024,1011.36,HSZR5DC,Appartement ∙ 2 chambres ∙ 4 personnes,Grächen - Valais
16/04/2024,24/08/2024,31/08/2024,1011.36,HSZR5DC,Appartement ∙ 2 chambres ∙ 4 personnes,Grächen - Valais
16/04/2024,20/04/2024,27/04/2024,1908.16,HZYUPJ8,Maison de vacances ∙ 4 chambres ∙ 8 personnes,Chamoson - Valais
16/04/2024,27/04/2024,04/05/2024,1908.16,HZYUPJ8,Maison de vacances ∙ 4 chambres ∙ 8 personnes,Chamoson - Valais
16/04/2024,18/05/2024,25/05/2024,1908.16,HZYUPJ8,Maison de vacances ∙ 4 chambres ∙ 8 personnes,Chamoson - Valais
16/04/2024,25/05/2024,01/06/2024,1908.16,HZYUPJ8,Maison de vacances ∙ 4 chambres ∙ 8 personnes,Chamoson - Valais
16/04/2024,01/06/2024,08/06/2024,1908.16,HZYUPJ8,Maison de vacances ∙ 4 chambres ∙ 8 personnes,Chamoson - Valais
16/04/2024,08/06/2024,15/06/2024,1908.16,HZYUPJ8,Maison de vacances ∙ 4 chambres ∙ 8 personnes,Chamoson - Valais
16/04/2024,15/06/2024,22/06/2024,1908.16,HZYUPJ8,Maison de vacances ∙ 4 chambres ∙ 8 personnes,Chamoson - Valais
16/04/2024,22/06/2024,29/06/2024,1908.16,HZYUPJ8,Maison de vacances ∙ 4 chambres ∙ 8 personnes,Chamoson - Valais
16/04/2024,29/06/2024,06/07/2024,2066.06,HZYUPJ8,Maison de vacances ∙ 4 chambres ∙ 8 personnes,Chamoson - Valais
16/04/2024,06/07/2024,13/07/2024,2066.06,HZYUPJ8,Maison de vacances ∙ 4 chambres ∙ 8 personnes,Chamoson - Valais
16/04/2024,13/07/2024,20/07/2024,2066.06,HZYUPJ8,Maison de vacances ∙ 4 chambres ∙ 8 personnes,Chamoson - Valais
16/04/2024,20/07/2024,27/07/2024,2066.06,HZYUPJ8,Maison de vacances ∙ 4 chambres ∙ 8 personnes,Chamoson - Valais
16/04/2024,27/07/2024,03/08/2024,2066.06,HZYUPJ8,Maison de vacances ∙ 4 chambres ∙ 8 personnes,Chamoson - Valais
16/04/2024,03/08/2024,10/08/2024,2066.06,HZYUPJ8,Maison de vacances ∙ 4 chambres ∙ 8 personnes,Chamoson - Valais
16/04/2024,10/08/2024,17/08/2024,2066.06,HZYUPJ8,Maison de vacances ∙ 4 chambres ∙ 8 personnes,Chamoson - Valais
16/04/2024,17/08/2024,24/08/2024,1908.16,HZYUPJ8,Maison de vacances ∙ 4 chambres ∙ 8 personnes,Chamoson - Valais
16/04/2024,24/08/2024,31/08/2024,1908.16,HZYUPJ8,Maison de vacances ∙ 4 chambres ∙ 8 personnes,Chamoson - Valais
16/04/2024,31/08/2024,07/09/2024,1908.16,HZYUPJ8,Maison de vacances ∙ 4 chambres ∙ 8 personnes,Chamoson - Valais
16/04/2024,07/09/2024,14/09/2024,1908.16,HZYUPJ8,Maison de vacances ∙ 4 chambres ∙ 8 personnes,Chamoson - Valais
16/04/2024,14/09/2024,21/09/2024,1908.16,HZYUPJ8,Maison de vacances ∙ 4 chambres ∙ 8 personnes,Chamoson - Valais
16/04/2024,21/09/2024,28/09/2024,1908.16,HZYUPJ8,Maison de vacances ∙ 4 chambres ∙ 8 personnes,Chamoson - Valais
16/04/2024,28/09/2024,05/10/2024,1908.16,HZYUPJ8,Maison de vacances ∙ 4 chambres ∙ 8 personnes,Chamoson - Valais
16/04/2024,05/10/2024,12/10/2024,1908.16,HZYUPJ8,Maison de vacances ∙ 4 chambres ∙ 8 personnes,Chamoson - Valais
16/04/2024,12/10/2024,19/10/2024,1908.16,HZYUPJ8,Maison de vacances ∙ 4 chambres ∙ 8 personnes,Chamoson - Valais
16/04/2024,19/10/2024,26/10/2024,1908.16,HZYUPJ8,Maison de vacances ∙ 4 chambres ∙ 8 personnes,Chamoson - Valais
16/04/2024,26/10/2024,02/11/2024,1908.16,HZYUPJ8,Maison de vacances ∙ 4 chambres ∙ 8 personnes,Chamoson - Valais
16/04/2024,20/04/2024,27/04/2024,987.62,HXTSRZP,Maison de vacances ∙ 3 chambres ∙ 6 personnes,Ovronnaz - Leytron - Valais
16/04/2024,04/05/2024,11/05/2024,1233.24,HXTSRZP,Maison de vacances ∙ 3 chambres ∙ 6 personnes,Ovronnaz - Leytron - Valais
16/04/2024,11/05/2024,18/05/2024,1233.24,HXTSRZP,Maison de vacances ∙ 3 chambres ∙ 6 personnes,Ovronnaz - Leytron - Valais
16/04/2024,18/05/2024,25/05/2024,1233.24,HXTSRZP,Maison de vacances ∙ 3 chambres ∙ 6 personnes,Ovronnaz - Leytron - Valais
16/04/2024,25/05/2024,01/06/2024,1233.24,HXTSRZP,Maison de vacances ∙ 3 chambres ∙ 6 personnes,Ovronnaz - Leytron - Valais
16/04/2024,01/06/2024,08/06/2024,1233.24,HXTSRZP,Maison de vacances ∙ 3 chambres ∙ 6 personnes,Ovronnaz - Leytron - Valais
16/04/2024,08/06/2024,15/06/2024,1233.24,HXTSRZP,Maison de vacances ∙ 3 chambres ∙ 6 personnes,Ovronnaz - Leytron - Valais
16/04/2024,15/06/2024,22/06/2024,1233.24,HXTSRZP,Maison de vacances ∙ 3 chambres ∙ 6 personnes,Ovronnaz - Leytron - Valais
16/04/2024,22/06/2024,29/06/2024,1233.24,HXTSRZP,Maison de vacances ∙ 3 chambres ∙ 6 personnes,Ovronnaz - Leytron - Valais
16/04/2024,29/06/2024,06/07/2024,1703.83,HXTSRZP,Maison de vacances ∙ 3 chambres ∙ 6 personnes,Ovronnaz - Leytron - Valais
16/04/2024,06/07/2024,13/07/2024,1703.83,HXTSRZP,Maison de vacances ∙ 3 chambres ∙ 6 personnes,Ovronnaz - Leytron - Valais
16/04/2024,13/07/2024,20/07/2024,1842.11,HXTSRZP,Maison de vacances ∙ 3 chambres ∙ 6 personnes,Ovronnaz - Leytron - Valais
16/04/2024,20/07/2024,27/07/2024,1842.11,HXTSRZP,Maison de vacances ∙ 3 chambres ∙ 6 personnes,Ovronnaz - Leytron - Valais
16/04/2024,27/07/2024,03/08/2024,1842.11,HXTSRZP,Maison de vacances ∙ 3 chambres ∙ 6 personnes,Ovronnaz - Leytron - Valais
16/04/2024,03/08/2024,10/08/2024,1842.11,HXTSRZP,Maison de vacances ∙ 3 chambres ∙ 6 personnes,Ovronnaz - Leytron - Valais
16/04/2024,10/08/2024,17/08/2024,1842.11,HXTSRZP,Maison de vacances ∙ 3 chambres ∙ 6 personnes,Ovronnaz - Leytron - Valais
16/04/2024,17/08/2024,24/08/2024,1233.24,HXTSRZP,Maison de vacances ∙ 3 chambres ∙ 6 personnes,Ovronnaz - Leytron - Valais
16/04/2024,24/08/2024,31/08/2024,1233.24,HXTSRZP,Maison de vacances ∙ 3 chambres ∙ 6 personnes,Ovronnaz - Leytron - Valais
16/04/2024,31/08/2024,07/09/2024,1233.24,HXTSRZP,Maison de vacances ∙ 3 chambres ∙ 6 personnes,Ovronnaz - Leytron - Valais
16/04/2024,07/09/2024,14/09/2024,1233.24,HXTSRZP,Maison de vacances ∙ 3 chambres ∙ 6 personnes,Ovronnaz - Leytron - Valais
16/04/2024,14/09/2024,21/09/2024,1233.24,HXTSRZP,Maison de vacances ∙ 3 chambres ∙ 6 personnes,Ovronnaz - Leytron - Valais
16/04/2024,21/09/2024,28/09/2024,1233.24,HXTSRZP,Maison de vacances ∙ 3 chambres ∙ 6 personnes,Ovronnaz - Leytron - Valais
16/04/2024,28/09/2024,05/10/2024,1233.24,HXTSRZP,Maison de vacances ∙ 3 chambres ∙ 6 personnes,Ovronnaz - Leytron - Valais
16/04/2024,05/10/2024,12/10/2024,1233.24,HXTSRZP,Maison de vacances ∙ 3 chambres ∙ 6 personnes,Ovronnaz - Leytron - Valais
16/04/2024,12/10/2024,19/10/2024,1233.24,HXTSRZP,Maison de vacances ∙ 3 chambres ∙ 6 personnes,Ovronnaz - Leytron - Valais
16/04/2024,19/10/2024,26/10/2024,1233.24,HXTSRZP,Maison de vacances ∙ 3 chambres ∙ 6 personnes,Ovronnaz - Leytron - Valais
16/04/2024,26/10/2024,02/11/2024,1233.24,HXTSRZP,Maison de vacances ∙ 3 chambres ∙ 6 personnes,Ovronnaz - Leytron - Valais
16/04/2024,27/04/2024,04/05/2024,2178.75,HBZPX62,200 m² Appartement ∙ 4 chambres ∙ 10 personnes,Nendaz - Valais
16/04/2024,01/06/2024,08/06/2024,2178.75,HBZPX62,200 m² Appartement ∙ 4 chambres ∙ 10 personnes,Nendaz - Valais
16/04/2024,08/06/2024,15/06/2024,2178.75,HBZPX62,200 m² Appartement ∙ 4 chambres ∙ 10 personnes,Nendaz - Valais
16/04/2024,15/06/2024,22/06/2024,2178.75,HBZPX62,200 m² Appartement ∙ 4 chambres ∙ 10 personnes,Nendaz - Valais
16/04/2024,22/06/2024,29/06/2024,2891.03,HBZPX62,200 m² Appartement ∙ 4 chambres ∙ 10 personnes,Nendaz - Valais
16/04/2024,29/06/2024,06/07/2024,2891.03,HBZPX62,200 m² Appartement ∙ 4 chambres ∙ 10 personnes,Nendaz - Valais
16/04/2024,06/07/2024,13/07/2024,2891.03,HBZPX62,200 m² Appartement ∙ 4 chambres ∙ 10 personnes,Nendaz - Valais
16/04/2024,13/07/2024,20/07/2024,2891.03,HBZPX62,200 m² Appartement ∙ 4 chambres ∙ 10 personnes,Nendaz - Valais
16/04/2024,20/07/2024,27/07/2024,2891.03,HBZPX62,200 m² Appartement ∙ 4 chambres ∙ 10 personnes,Nendaz - Valais
16/04/2024,17/08/2024,24/08/2024,2891.03,HBZPX62,200 m² Appartement ∙ 4 chambres ∙ 10 personnes,Nendaz - Valais
16/04/2024,24/08/2024,31/08/2024,2891.03,HBZPX62,200 m² Appartement ∙ 4 chambres ∙ 10 personnes,Nendaz - Valais
16/04/2024,31/08/2024,07/09/2024,2178.75,HBZPX62,200 m² Appartement ∙ 4 chambres ∙ 10 personnes,Nendaz - Valais
16/04/2024,07/09/2024,14/09/2024,2178.75,HBZPX62,200 m² Appartement ∙ 4 chambres ∙ 10 personnes,Nendaz - Valais
16/04/2024,14/09/2024,21/09/2024,2178.75,HBZPX62,200 m² Appartement ∙ 4 chambres ∙ 10 personnes,Nendaz - Valais
16/04/2024,21/09/2024,28/09/2024,2178.75,HBZPX62,200 m² Appartement ∙ 4 chambres ∙ 10 personnes,Nendaz - Valais
16/04/2024,28/09/2024,05/10/2024,2178.75,HBZPX62,200 m² Appartement ∙ 4 chambres ∙ 10 personnes,Nendaz - Valais
16/04/2024,19/10/2024,26/10/2024,2178.75,HBZPX62,200 m² Appartement ∙ 4 chambres ∙ 10 personnes,Nendaz - Valais
16/04/2024,26/10/2024,02/11/2024,2178.75,HBZPX62,200 m² Appartement ∙ 4 chambres ∙ 10 personnes,Nendaz - Valais
16/04/2024,18/05/2024,25/05/2024,891.00,HPFLN4H,160 m² Appartement ∙ 5 chambres ∙ 16 personnes,Champéry - Valais
16/04/2024,25/05/2024,01/06/2024,891.00,HPFLN4H,160 m² Appartement ∙ 5 chambres ∙ 16 personnes,Champéry - Valais
16/04/2024,01/06/2024,08/06/2024,891.00,HPFLN4H,160 m² Appartement ∙ 5 chambres ∙ 16 personnes,Champéry - Valais
16/04/2024,08/06/2024,15/06/2024,891.00,HPFLN4H,160 m² Appartement ∙ 5 chambres ∙ 16 personnes,Champéry - Valais
16/04/2024,15/06/2024,22/06/2024,891.00,HPFLN4H,160 m² Appartement ∙ 5 chambres ∙ 16 personnes,Champéry - Valais
16/04/2024,22/06/2024,29/06/2024,891.00,HPFLN4H,160 m² Appartement ∙ 5 chambres ∙ 16 personnes,Champéry - Valais
16/04/2024,20/07/2024,27/07/2024,1077.00,HPFLN4H,160 m² Appartement ∙ 5 chambres ∙ 16 personnes,Champéry - Valais
16/04/2024,17/08/2024,24/08/2024,891.00,HPFLN4H,160 m² Appartement ∙ 5 chambres ∙ 16 personnes,Champéry - Valais
16/04/2024,31/08/2024,07/09/2024,891.00,HPFLN4H,160 m² Appartement ∙ 5 chambres ∙ 16 personnes,Champéry - Valais
16/04/2024,07/09/2024,14/09/2024,891.00,HPFLN4H,160 m² Appartement ∙ 5 chambres ∙ 16 personnes,Champéry - Valais
16/04/2024,14/09/2024,21/09/2024,891.00,HPFLN4H,160 m² Appartement ∙ 5 chambres ∙ 16 personnes,Champéry - Valais
16/04/2024,28/09/2024,05/10/2024,891.00,HPFLN4H,160 m² Appartement ∙ 5 chambres ∙ 16 personnes,Champéry - Valais
16/04/2024,05/10/2024,12/10/2024,891.00,HPFLN4H,160 m² Appartement ∙ 5 chambres ∙ 16 personnes,Champéry - Valais
16/04/2024,12/10/2024,19/10/2024,891.00,HPFLN4H,160 m² Appartement ∙ 5 chambres ∙ 16 personnes,Champéry - Valais
16/04/2024,19/10/2024,26/10/2024,891.00,HPFLN4H,160 m² Appartement ∙ 5 chambres ∙ 16 personnes,Champéry - Valais
16/04/2024,26/10/2024,02/11/2024,891.00,HPFLN4H,160 m² Appartement ∙ 5 chambres ∙ 16 personnes,Champéry - Valais
16/04/2024,20/04/2024,27/04/2024,1778.61,HUFH974,140 m² Maison de vacances ∙ 4 chambres ∙ 10 personnes,Saint-Nicolas - Valais
16/04/2024,27/04/2024,04/05/2024,1778.61,HUFH974,140 m² Maison de vacances ∙ 4 chambres ∙ 10 personnes,Saint-Nicolas - Valais
16/04/2024,04/05/2024,11/05/2024,1778.61,HUFH974,140 m² Maison de vacances ∙ 4 chambres ∙ 10 personnes,Saint-Nicolas - Valais
16/04/2024,11/05/2024,18/05/2024,1778.61,HUFH974,140 m² Maison de vacances ∙ 4 chambres ∙ 10 personnes,Saint-Nicolas - Valais
16/04/2024,18/05/2024,25/05/2024,1778.61,HUFH974,140 m² Maison de vacances ∙ 4 chambres ∙ 10 personnes,Saint-Nicolas - Valais
16/04/2024,25/05/2024,01/06/2024,1778.61,HUFH974,140 m² Maison de vacances ∙ 4 chambres ∙ 10 personnes,Saint-Nicolas - Valais
16/04/2024,08/06/2024,15/06/2024,1778.61,HUFH974,140 m² Maison de vacances ∙ 4 chambres ∙ 10 personnes,Saint-Nicolas - Valais
16/04/2024,15/06/2024,22/06/2024,1778.61,HUFH974,140 m² Maison de vacances ∙ 4 chambres ∙ 10 personnes,Saint-Nicolas - Valais
16/04/2024,29/06/2024,06/07/2024,1778.61,HUFH974,140 m² Maison de vacances ∙ 4 chambres ∙ 10 personnes,Saint-Nicolas - Valais
16/04/2024,24/08/2024,31/08/2024,1778.61,HUFH974,140 m² Maison de vacances ∙ 4 chambres ∙ 10 personnes,Saint-Nicolas - Valais
16/04/2024,31/08/2024,07/09/2024,1778.61,HUFH974,140 m² Maison de vacances ∙ 4 chambres ∙ 10 personnes,Saint-Nicolas - Valais
16/04/2024,05/10/2024,12/10/2024,1778.61,HUFH974,140 m² Maison de vacances ∙ 4 chambres ∙ 10 personnes,Saint-Nicolas - Valais
16/04/2024,12/10/2024,19/10/2024,1778.61,HUFH974,140 m² Maison de vacances ∙ 4 chambres ∙ 10 personnes,Saint-Nicolas - Valais
16/04/2024,19/10/2024,26/10/2024,1778.61,HUFH974,140 m² Maison de vacances ∙ 4 chambres ∙ 10 personnes,Saint-Nicolas - Valais
16/04/2024,26/10/2024,02/11/2024,1778.61,HUFH974,140 m² Maison de vacances ∙ 4 chambres ∙ 10 personnes,Saint-Nicolas - Valais
16/04/2024,20/04/2024,27/04/2024,1069.15,HW0UL79,116 m² Maison de vacances ∙ 3 chambres ∙ 8 personnes,Nendaz - Valais
16/04/2024,27/04/2024,04/05/2024,1329.21,HW0UL79,116 m² Maison de vacances ∙ 3 chambres ∙ 8 personnes,Nendaz - Valais
16/04/2024,04/05/2024,11/05/2024,1329.21,HW0UL79,116 m² Maison de vacances ∙ 3 chambres ∙ 8 personnes,Nendaz - Valais
16/04/2024,11/05/2024,18/05/2024,1329.21,HW0UL79,116 m² Maison de vacances ∙ 3 chambres ∙ 8 personnes,Nendaz - Valais
16/04/2024,18/05/2024,25/05/2024,1329.21,HW0UL79,116 m² Maison de vacances ∙ 3 chambres ∙ 8 personnes,Nendaz - Valais
16/04/2024,25/05/2024,01/06/2024,1329.21,HW0UL79,116 m² Maison de vacances ∙ 3 chambres ∙ 8 personnes,Nendaz - Valais
16/04/2024,01/06/2024,08/06/2024,1329.21,HW0UL79,116 m² Maison de vacances ∙ 3 chambres ∙ 8 personnes,Nendaz - Valais
16/04/2024,08/06/2024,15/06/2024,1329.21,HW0UL79,116 m² Maison de vacances ∙ 3 chambres ∙ 8 personnes,Nendaz - Valais
16/04/2024,31/08/2024,07/09/2024,1329.21,HW0UL79,116 m² Maison de vacances ∙ 3 chambres ∙ 8 personnes,Nendaz - Valais
16/04/2024,07/09/2024,14/09/2024,1329.21,HW0UL79,116 m² Maison de vacances ∙ 3 chambres ∙ 8 personnes,Nendaz - Valais
16/04/2024,14/09/2024,21/09/2024,1329.21,HW0UL79,116 m² Maison de vacances ∙ 3 chambres ∙ 8 personnes,Nendaz - Valais
16/04/2024,21/09/2024,28/09/2024,1329.21,HW0UL79,116 m² Maison de vacances ∙ 3 chambres ∙ 8 personnes,Nendaz - Valais
16/04/2024,28/09/2024,05/10/2024,1329.21,HW0UL79,116 m² Maison de vacances ∙ 3 chambres ∙ 8 personnes,Nendaz - Valais
16/04/2024,05/10/2024,12/10/2024,1329.21,HW0UL79,116 m² Maison de vacances ∙ 3 chambres ∙ 8 personnes,Nendaz - Valais
16/04/2024,12/10/2024,19/10/2024,1329.21,HW0UL79,116 m² Maison de vacances ∙ 3 chambres ∙ 8 personnes,Nendaz - Valais
16/04/2024,19/10/2024,26/10/2024,1329.21,HW0UL79,116 m² Maison de vacances ∙ 3 chambres ∙ 8 personnes,Nendaz - Valais
16/04/2024,26/10/2024,02/11/2024,1329.21,HW0UL79,116 m² Maison de vacances ∙ 3 chambres ∙ 8 personnes,Nendaz - Valais
16/04/2024,01/06/2024,08/06/2024,939.12,HX89S26,60 m² Appartement ∙ 2 chambres ∙ 4 personnes,Saas Fee - Valais
16/04/2024,08/06/2024,15/06/2024,939.12,HX89S26,60 m² Appartement ∙ 2 chambres ∙ 4 personnes,Saas Fee - Valais
16/04/2024,15/06/2024,22/06/2024,939.12,HX89S26,60 m² Appartement ∙ 2 chambres ∙ 4 personnes,Saas Fee - Valais
16/04/2024,22/06/2024,29/06/2024,939.12,HX89S26,60 m² Appartement ∙ 2 chambres ∙ 4 personnes,Saas Fee - Valais
16/04/2024,29/06/2024,06/07/2024,794.64,HX89S26,60 m² Appartement ∙ 2 chambres ∙ 4 personnes,Saas Fee - Valais
16/04/2024,06/07/2024,13/07/2024,794.64,HX89S26,60 m² Appartement ∙ 2 chambres ∙ 4 personnes,Saas Fee - Valais
16/04/2024,13/07/2024,20/07/2024,794.64,HX89S26,60 m² Appartement ∙ 2 chambres ∙ 4 personnes,Saas Fee - Valais
16/04/2024,20/07/2024,27/07/2024,794.64,HX89S26,60 m² Appartement ∙ 2 chambres ∙ 4 personnes,Saas Fee - Valais
16/04/2024,24/08/2024,31/08/2024,794.64,HX89S26,60 m² Appartement ∙ 2 chambres ∙ 4 personnes,Saas Fee - Valais
16/04/2024,31/08/2024,07/09/2024,939.12,HX89S26,60 m² Appartement ∙ 2 chambres ∙ 4 personnes,Saas Fee - Valais
16/04/2024,07/09/2024,14/09/2024,939.12,HX89S26,60 m² Appartement ∙ 2 chambres ∙ 4 personnes,Saas Fee - Valais
16/04/2024,14/09/2024,21/09/2024,939.12,HX89S26,60 m² Appartement ∙ 2 chambres ∙ 4 personnes,Saas Fee - Valais
16/04/2024,21/09/2024,28/09/2024,939.12,HX89S26,60 m² Appartement ∙ 2 chambres ∙ 4 personnes,Saas Fee - Valais
16/04/2024,28/09/2024,05/10/2024,939.12,HX89S26,60 m² Appartement ∙ 2 chambres ∙ 4 personnes,Saas Fee - Valais
16/04/2024,05/10/2024,12/10/2024,939.12,HX89S26,60 m² Appartement ∙ 2 chambres ∙ 4 personnes,Saas Fee - Valais
16/04/2024,12/10/2024,19/10/2024,939.12,HX89S26,60 m² Appartement ∙ 2 chambres ∙ 4 personnes,Saas Fee - Valais
16/04/2024,19/10/2024,26/10/2024,939.12,HX89S26,60 m² Appartement ∙ 2 chambres ∙ 4 personnes,Saas Fee - Valais
16/04/2024,26/10/2024,02/11/2024,939.12,HX89S26,60 m² Appartement ∙ 2 chambres ∙ 4 personnes,Saas Fee - Valais
16/04/2024,01/06/2024,08/06/2024,1097.73,H2EGFPH,65 m² Appartement ∙ 2 chambres ∙ 5 personnes,Saas Fee - Valais
16/04/2024,08/06/2024,15/06/2024,1097.73,H2EGFPH,65 m² Appartement ∙ 2 chambres ∙ 5 personnes,Saas Fee - Valais
16/04/2024,15/06/2024,22/06/2024,1097.73,H2EGFPH,65 m² Appartement ∙ 2 chambres ∙ 5 personnes,Saas Fee - Valais
16/04/2024,10/08/2024,17/08/2024,1213.68,H2EGFPH,65 m² Appartement ∙ 2 chambres ∙ 5 personnes,Saas Fee - Valais
16/04/2024,24/08/2024,31/08/2024,1213.68,H2EGFPH,65 m² Appartement ∙ 2 chambres ∙ 5 personnes,Saas Fee - Valais
16/04/2024,31/08/2024,07/09/2024,1213.68,H2EGFPH,65 m² Appartement ∙ 2 chambres ∙ 5 personnes,Saas Fee - Valais
16/04/2024,07/09/2024,14/09/2024,1213.68,H2EGFPH,65 m² Appartement ∙ 2 chambres ∙ 5 personnes,Saas Fee - Valais
16/04/2024,14/09/2024,21/09/2024,1213.68,H2EGFPH,65 m² Appartement ∙ 2 chambres ∙ 5 personnes,Saas Fee - Valais
16/04/2024,21/09/2024,28/09/2024,1213.68,H2EGFPH,65 m² Appartement ∙ 2 chambres ∙ 5 personnes,Saas Fee - Valais
16/04/2024,28/09/2024,05/10/2024,1213.68,H2EGFPH,65 m² Appartement ∙ 2 chambres ∙ 5 personnes,Saas Fee - Valais
16/04/2024,05/10/2024,12/10/2024,1213.68,H2EGFPH,65 m² Appartement ∙ 2 chambres ∙ 5 personnes,Saas Fee - Valais
16/04/2024,12/10/2024,19/10/2024,1213.68,H2EGFPH,65 m² Appartement ∙ 2 chambres ∙ 5 personnes,Saas Fee - Valais
16/04/2024,19/10/2024,26/10/2024,1171.00,H2EGFPH,65 m² Appartement ∙ 2 chambres ∙ 5 personnes,Saas Fee - Valais
16/04/2024,26/10/2024,02/11/2024,1171.00,H2EGFPH,65 m² Appartement ∙ 2 chambres ∙ 5 personnes,Saas Fee - Valais
16/04/2024,20/04/2024,27/04/2024,555.21,HFDR94Z,30 m² Appartement ∙ 1 chambre ∙ 2 personnes,Crans-Montana - Valais
16/04/2024,27/04/2024,04/05/2024,555.21,HFDR94Z,30 m² Appartement ∙ 1 chambre ∙ 2 personnes,Crans-Montana - Valais
16/04/2024,04/05/2024,11/05/2024,555.21,HFDR94Z,30 m² Appartement ∙ 1 chambre ∙ 2 personnes,Crans-Montana - Valais
16/04/2024,11/05/2024,18/05/2024,555.21,HFDR94Z,30 m² Appartement ∙ 1 chambre ∙ 2 personnes,Crans-Montana - Valais
16/04/2024,18/05/2024,25/05/2024,555.21,HFDR94Z,30 m² Appartement ∙ 1 chambre ∙ 2 personnes,Crans-Montana - Valais
16/04/2024,25/05/2024,01/06/2024,555.21,HFDR94Z,30 m² Appartement ∙ 1 chambre ∙ 2 personnes,Crans-Montana - Valais
16/04/2024,01/06/2024,08/06/2024,555.21,HFDR94Z,30 m² Appartement ∙ 1 chambre ∙ 2 personnes,Crans-Montana - Valais
16/04/2024,08/06/2024,15/06/2024,555.21,HFDR94Z,30 m² Appartement ∙ 1 chambre ∙ 2 personnes,Crans-Montana - Valais
16/04/2024,15/06/2024,22/06/2024,555.21,HFDR94Z,30 m² Appartement ∙ 1 chambre ∙ 2 personnes,Crans-Montana - Valais
16/04/2024,22/06/2024,29/06/2024,555.21,HFDR94Z,30 m² Appartement ∙ 1 chambre ∙ 2 personnes,Crans-Montana - Valais
16/04/2024,06/07/2024,13/07/2024,667.70,HFDR94Z,30 m² Appartement ∙ 1 chambre ∙ 2 personnes,Crans-Montana - Valais
16/04/2024,13/07/2024,20/07/2024,667.70,HFDR94Z,30 m² Appartement ∙ 1 chambre ∙ 2 personnes,Crans-Montana - Valais
16/04/2024,20/07/2024,27/07/2024,734.78,HFDR94Z,30 m² Appartement ∙ 1 chambre ∙ 2 personnes,Crans-Montana - Valais
16/04/2024,27/07/2024,03/08/2024,734.78,HFDR94Z,30 m² Appartement ∙ 1 chambre ∙ 2 personnes,Crans-Montana - Valais
16/04/2024,03/08/2024,10/08/2024,734.78,HFDR94Z,30 m² Appartement ∙ 1 chambre ∙ 2 personnes,Crans-Montana - Valais
16/04/2024,24/08/2024,31/08/2024,555.27,HFDR94Z,30 m² Appartement ∙ 1 chambre ∙ 2 personnes,Crans-Montana - Valais
16/04/2024,21/09/2024,28/09/2024,555.27,HFDR94Z,30 m² Appartement ∙ 1 chambre ∙ 2 personnes,Crans-Montana - Valais
16/04/2024,28/09/2024,05/10/2024,555.27,HFDR94Z,30 m² Appartement ∙ 1 chambre ∙ 2 personnes,Crans-Montana - Valais
16/04/2024,05/10/2024,12/10/2024,555.27,HFDR94Z,30 m² Appartement ∙ 1 chambre ∙ 2 personnes,Crans-Montana - Valais
16/04/2024,12/10/2024,19/10/2024,555.27,HFDR94Z,30 m² Appartement ∙ 1 chambre ∙ 2 personnes,Crans-Montana - Valais
16/04/2024,19/10/2024,26/10/2024,555.27,HFDR94Z,30 m² Appartement ∙ 1 chambre ∙ 2 personnes,Crans-Montana - Valais
16/04/2024,26/10/2024,02/11/2024,555.27,HFDR94Z,30 m² Appartement ∙ 1 chambre ∙ 2 personnes,Crans-Montana - Valais
16/04/2024,01/06/2024,08/06/2024,850.34,HFHZXP2,40 m² Appartement ∙ 1 chambre ∙ 3 personnes,Saas Fee - Valais
16/04/2024,24/08/2024,31/08/2024,850.34,HFHZXP2,40 m² Appartement ∙ 1 chambre ∙ 3 personnes,Saas Fee - Valais
16/04/2024,31/08/2024,07/09/2024,850.34,HFHZXP2,40 m² Appartement ∙ 1 chambre ∙ 3 personnes,Saas Fee - Valais
16/04/2024,07/09/2024,14/09/2024,850.34,HFHZXP2,40 m² Appartement ∙ 1 chambre ∙ 3 personnes,Saas Fee - Valais
16/04/2024,14/09/2024,21/09/2024,850.34,HFHZXP2,40 m² Appartement ∙ 1 chambre ∙ 3 personnes,Saas Fee - Valais
16/04/2024,21/09/2024,28/09/2024,850.34,HFHZXP2,40 m² Appartement ∙ 1 chambre ∙ 3 personnes,Saas Fee - Valais
16/04/2024,20/04/2024,27/04/2024,571.78,HZS9ETX,50 m² Appartement ∙ 1 chambre ∙ 4 personnes,Nendaz - Valais
16/04/2024,27/04/2024,04/05/2024,722.47,HZS9ETX,50 m² Appartement ∙ 1 chambre ∙ 4 personnes,Nendaz - Valais
16/04/2024,18/05/2024,25/05/2024,722.47,HZS9ETX,50 m² Appartement ∙ 1 chambre ∙ 4 personnes,Nendaz - Valais
16/04/2024,25/05/2024,01/06/2024,722.47,HZS9ETX,50 m² Appartement ∙ 1 chambre ∙ 4 personnes,Nendaz - Valais
16/04/2024,01/06/2024,08/06/2024,722.47,HZS9ETX,50 m² Appartement ∙ 1 chambre ∙ 4 personnes,Nendaz - Valais
16/04/2024,08/06/2024,15/06/2024,722.47,HZS9ETX,50 m² Appartement ∙ 1 chambre ∙ 4 personnes,Nendaz - Valais
16/04/2024,15/06/2024,22/06/2024,722.47,HZS9ETX,50 m² Appartement ∙ 1 chambre ∙ 4 personnes,Nendaz - Valais
16/04/2024,22/06/2024,29/06/2024,722.47,HZS9ETX,50 m² Appartement ∙ 1 chambre ∙ 4 personnes,Nendaz - Valais
16/04/2024,29/06/2024,06/07/2024,722.47,HZS9ETX,50 m² Appartement ∙ 1 chambre ∙ 4 personnes,Nendaz - Valais
16/04/2024,06/07/2024,13/07/2024,722.47,HZS9ETX,50 m² Appartement ∙ 1 chambre ∙ 4 personnes,Nendaz - Valais
16/04/2024,27/07/2024,03/08/2024,894.83,HZS9ETX,50 m² Appartement ∙ 1 chambre ∙ 4 personnes,Nendaz - Valais
16/04/2024,03/08/2024,10/08/2024,894.83,HZS9ETX,50 m² Appartement ∙ 1 chambre ∙ 4 personnes,Nendaz - Valais
16/04/2024,17/08/2024,24/08/2024,722.47,HZS9ETX,50 m² Appartement ∙ 1 chambre ∙ 4 personnes,Nendaz - Valais
16/04/2024,24/08/2024,31/08/2024,722.47,HZS9ETX,50 m² Appartement ∙ 1 chambre ∙ 4 personnes,Nendaz - Valais
16/04/2024,31/08/2024,07/09/2024,722.47,HZS9ETX,50 m² Appartement ∙ 1 chambre ∙ 4 personnes,Nendaz - Valais
16/04/2024,07/09/2024,14/09/2024,722.47,HZS9ETX,50 m² Appartement ∙ 1 chambre ∙ 4 personnes,Nendaz - Valais
16/04/2024,14/09/2024,21/09/2024,722.47,HZS9ETX,50 m² Appartement ∙ 1 chambre ∙ 4 personnes,Nendaz - Valais
16/04/2024,21/09/2024,28/09/2024,722.47,HZS9ETX,50 m² Appartement ∙ 1 chambre ∙ 4 personnes,Nendaz - Valais
16/04/2024,28/09/2024,05/10/2024,722.47,HZS9ETX,50 m² Appartement ∙ 1 chambre ∙ 4 personnes,Nendaz - Valais
16/04/2024,05/10/2024,12/10/2024,722.47,HZS9ETX,50 m² Appartement ∙ 1 chambre ∙ 4 personnes,Nendaz - Valais
16/04/2024,12/10/2024,19/10/2024,722.47,HZS9ETX,50 m² Appartement ∙ 1 chambre ∙ 4 personnes,Nendaz - Valais
16/04/2024,19/10/2024,26/10/2024,722.47,HZS9ETX,50 m² Appartement ∙ 1 chambre ∙ 4 personnes,Nendaz - Valais
16/04/2024,26/10/2024,02/11/2024,722.47,HZS9ETX,50 m² Appartement ∙ 1 chambre ∙ 4 personnes,Nendaz - Valais
16/04/2024,20/04/2024,27/04/2024,1539.89,H5NW2CF,120 m² Appartement ∙ 3 chambres ∙ 6 personnes,Zinal - Ayer - Valais
16/04/2024,27/04/2024,04/05/2024,1539.89,H5NW2CF,120 m² Appartement ∙ 3 chambres ∙ 6 personnes,Zinal - Ayer - Valais
16/04/2024,18/05/2024,25/05/2024,1539.89,H5NW2CF,120 m² Appartement ∙ 3 chambres ∙ 6 personnes,Zinal - Ayer - Valais
16/04/2024,25/05/2024,01/06/2024,1539.89,H5NW2CF,120 m² Appartement ∙ 3 chambres ∙ 6 personnes,Zinal - Ayer - Valais
16/04/2024,01/06/2024,08/06/2024,1539.89,H5NW2CF,120 m² Appartement ∙ 3 chambres ∙ 6 personnes,Zinal - Ayer - Valais
16/04/2024,08/06/2024,15/06/2024,1539.89,H5NW2CF,120 m² Appartement ∙ 3 chambres ∙ 6 personnes,Zinal - Ayer - Valais
16/04/2024,15/06/2024,22/06/2024,1539.89,H5NW2CF,120 m² Appartement ∙ 3 chambres ∙ 6 personnes,Zinal - Ayer - Valais
16/04/2024,22/06/2024,29/06/2024,1539.89,H5NW2CF,120 m² Appartement ∙ 3 chambres ∙ 6 personnes,Zinal - Ayer - Valais
16/04/2024,13/07/2024,20/07/2024,1667.87,H5NW2CF,120 m² Appartement ∙ 3 chambres ∙ 6 personnes,Zinal - Ayer - Valais
16/04/2024,17/08/2024,24/08/2024,1539.89,H5NW2CF,120 m² Appartement ∙ 3 chambres ∙ 6 personnes,Zinal - Ayer - Valais
16/04/2024,24/08/2024,31/08/2024,1539.89,H5NW2CF,120 m² Appartement ∙ 3 chambres ∙ 6 personnes,Zinal - Ayer - Valais
16/04/2024,31/08/2024,07/09/2024,1539.89,H5NW2CF,120 m² Appartement ∙ 3 chambres ∙ 6 personnes,Zinal - Ayer - Valais
16/04/2024,07/09/2024,14/09/2024,1539.89,H5NW2CF,120 m² Appartement ∙ 3 chambres ∙ 6 personnes,Zinal - Ayer - Valais
16/04/2024,14/09/2024,21/09/2024,1539.89,H5NW2CF,120 m² Appartement ∙ 3 chambres ∙ 6 personnes,Zinal - Ayer - Valais
16/04/2024,21/09/2024,28/09/2024,1539.89,H5NW2CF,120 m² Appartement ∙ 3 chambres ∙ 6 personnes,Zinal - Ayer - Valais
16/04/2024,28/09/2024,05/10/2024,1539.89,H5NW2CF,120 m² Appartement ∙ 3 chambres ∙ 6 personnes,Zinal - Ayer - Valais
16/04/2024,05/10/2024,12/10/2024,1539.89,H5NW2CF,120 m² Appartement ∙ 3 chambres ∙ 6 personnes,Zinal - Ayer - Valais
16/04/2024,12/10/2024,19/10/2024,1539.89,H5NW2CF,120 m² Appartement ∙ 3 chambres ∙ 6 personnes,Zinal - Ayer - Valais
16/04/2024,19/10/2024,26/10/2024,1539.89,H5NW2CF,120 m² Appartement ∙ 3 chambres ∙ 6 personnes,Zinal - Ayer - Valais
16/04/2024,26/10/2024,02/11/2024,1539.89,H5NW2CF,120 m² Appartement ∙ 3 chambres ∙ 6 personnes,Zinal - Ayer - Valais
16/04/2024,20/04/2024,27/04/2024,520.17,HB29WDL,29 m² Appartement ∙ 1 chambre ∙ 2 personnes,Loèche-les-Bains - Valais
16/04/2024,27/04/2024,04/05/2024,520.17,HB29WDL,29 m² Appartement ∙ 1 chambre ∙ 2 personnes,Loèche-les-Bains - Valais
16/04/2024,04/05/2024,11/05/2024,520.17,HB29WDL,29 m² Appartement ∙ 1 chambre ∙ 2 personnes,Loèche-les-Bains - Valais
16/04/2024,11/05/2024,18/05/2024,520.17,HB29WDL,29 m² Appartement ∙ 1 chambre ∙ 2 personnes,Loèche-les-Bains - Valais
16/04/2024,18/05/2024,25/05/2024,520.17,HB29WDL,29 m² Appartement ∙ 1 chambre ∙ 2 personnes,Loèche-les-Bains - Valais
16/04/2024,25/05/2024,01/06/2024,520.17,HB29WDL,29 m² Appartement ∙ 1 chambre ∙ 2 personnes,Loèche-les-Bains - Valais
16/04/2024,01/06/2024,08/06/2024,520.17,HB29WDL,29 m² Appartement ∙ 1 chambre ∙ 2 personnes,Loèche-les-Bains - Valais
16/04/2024,08/06/2024,15/06/2024,520.17,HB29WDL,29 m² Appartement ∙ 1 chambre ∙ 2 personnes,Loèche-les-Bains - Valais
16/04/2024,15/06/2024,22/06/2024,520.17,HB29WDL,29 m² Appartement ∙ 1 chambre ∙ 2 personnes,Loèche-les-Bains - Valais
16/04/2024,22/06/2024,29/06/2024,520.17,HB29WDL,29 m² Appartement ∙ 1 chambre ∙ 2 personnes,Loèche-les-Bains - Valais
16/04/2024,29/06/2024,06/07/2024,606.87,HB29WDL,29 m² Appartement ∙ 1 chambre ∙ 2 personnes,Loèche-les-Bains - Valais
16/04/2024,06/07/2024,13/07/2024,606.87,HB29WDL,29 m² Appartement ∙ 1 chambre ∙ 2 personnes,Loèche-les-Bains - Valais
16/04/2024,13/07/2024,20/07/2024,606.87,HB29WDL,29 m² Appartement ∙ 1 chambre ∙ 2 personnes,Loèche-les-Bains - Valais
16/04/2024,20/07/2024,27/07/2024,606.87,HB29WDL,29 m² Appartement ∙ 1 chambre ∙ 2 personnes,Loèche-les-Bains - Valais
16/04/2024,27/07/2024,03/08/2024,606.87,HB29WDL,29 m² Appartement ∙ 1 chambre ∙ 2 personnes,Loèche-les-Bains - Valais
16/04/2024,03/08/2024,10/08/2024,606.87,HB29WDL,29 m² Appartement ∙ 1 chambre ∙ 2 personnes,Loèche-les-Bains - Valais
16/04/2024,10/08/2024,17/08/2024,606.87,HB29WDL,29 m² Appartement ∙ 1 chambre ∙ 2 personnes,Loèche-les-Bains - Valais
16/04/2024,17/08/2024,24/08/2024,606.87,HB29WDL,29 m² Appartement ∙ 1 chambre ∙ 2 personnes,Loèche-les-Bains - Valais
16/04/2024,24/08/2024,31/08/2024,606.87,HB29WDL,29 m² Appartement ∙ 1 chambre ∙ 2 personnes,Loèche-les-Bains - Valais
16/04/2024,31/08/2024,07/09/2024,606.87,HB29WDL,29 m² Appartement ∙ 1 chambre ∙ 2 personnes,Loèche-les-Bains - Valais
16/04/2024,07/09/2024,14/09/2024,606.87,HB29WDL,29 m² Appartement ∙ 1 chambre ∙ 2 personnes,Loèche-les-Bains - Valais
16/04/2024,14/09/2024,21/09/2024,606.87,HB29WDL,29 m² Appartement ∙ 1 chambre ∙ 2 personnes,Loèche-les-Bains - Valais
16/04/2024,21/09/2024,28/09/2024,606.87,HB29WDL,29 m² Appartement ∙ 1 chambre ∙ 2 personnes,Loèche-les-Bains - Valais
16/04/2024,28/09/2024,05/10/2024,606.87,HB29WDL,29 m² Appartement ∙ 1 chambre ∙ 2 personnes,Loèche-les-Bains - Valais
16/04/2024,05/10/2024,12/10/2024,606.87,HB29WDL,29 m² Appartement ∙ 1 chambre ∙ 2 personnes,Loèche-les-Bains - Valais
16/04/2024,12/10/2024,19/10/2024,606.87,HB29WDL,29 m² Appartement ∙ 1 chambre ∙ 2 personnes,Loèche-les-Bains - Valais
16/04/2024,19/10/2024,26/10/2024,606.87,HB29WDL,29 m² Appartement ∙ 1 chambre ∙ 2 personnes,Loèche-les-Bains - Valais
16/04/2024,26/10/2024,02/11/2024,520.17,HB29WDL,29 m² Appartement ∙ 1 chambre ∙ 2 personnes,Loèche-les-Bains - Valais
16/04/2024,08/06/2024,15/06/2024,941.71,HW5HNAL,55 m² Appartement ∙ 1 chambre ∙ 4 personnes,Grimisuat - Valais
16/04/2024,15/06/2024,22/06/2024,1036.64,HW5HNAL,55 m² Appartement ∙ 1 chambre ∙ 4 personnes,Grimisuat - Valais
16/04/2024,28/09/2024,05/10/2024,876.58,HW5HNAL,55 m² Appartement ∙ 1 chambre ∙ 4 personnes,Grimisuat - Valais
16/04/2024,05/10/2024,12/10/2024,926.87,HW5HNAL,55 m² Appartement ∙ 1 chambre ∙ 4 personnes,Grimisuat - Valais
16/04/2024,12/10/2024,19/10/2024,953.55,HW5HNAL,55 m² Appartement ∙ 1 chambre ∙ 4 personnes,Grimisuat - Valais
16/04/2024,19/10/2024,26/10/2024,874.16,HW5HNAL,55 m² Appartement ∙ 1 chambre ∙ 4 personnes,Grimisuat - Valais
16/04/2024,26/10/2024,02/11/2024,895.81,HW5HNAL,55 m² Appartement ∙ 1 chambre ∙ 4 personnes,Grimisuat - Valais
16/04/2024,27/04/2024,04/05/2024,708.02,HXA9EGU,Appartement ∙ 1 chambre ∙ 2 personnes,Saas Grund - Valais
16/04/2024,01/06/2024,08/06/2024,734.85,HXA9EGU,Appartement ∙ 1 chambre ∙ 2 personnes,Saas Grund - Valais
16/04/2024,08/06/2024,15/06/2024,734.85,HXA9EGU,Appartement ∙ 1 chambre ∙ 2 personnes,Saas Grund - Valais
16/04/2024,24/08/2024,31/08/2024,928.89,HXA9EGU,Appartement ∙ 1 chambre ∙ 2 personnes,Saas Grund - Valais
16/04/2024,08/06/2024,15/06/2024,612.03,HECFAP0,33 m² Appartement ∙ 1 chambre ∙ 2 personnes,Crans-Montana - Valais
16/04/2024,21/09/2024,28/09/2024,612.03,HECFAP0,33 m² Appartement ∙ 1 chambre ∙ 2 personnes,Crans-Montana - Valais
16/04/2024,28/09/2024,05/10/2024,612.03,HECFAP0,33 m² Appartement ∙ 1 chambre ∙ 2 personnes,Crans-Montana - Valais
16/04/2024,05/10/2024,12/10/2024,612.03,HECFAP0,33 m² Appartement ∙ 1 chambre ∙ 2 personnes,Crans-Montana - Valais
16/04/2024,12/10/2024,19/10/2024,612.03,HECFAP0,33 m² Appartement ∙ 1 chambre ∙ 2 personnes,Crans-Montana - Valais
16/04/2024,19/10/2024,26/10/2024,612.03,HECFAP0,33 m² Appartement ∙ 1 chambre ∙ 2 personnes,Crans-Montana - Valais
16/04/2024,26/10/2024,02/11/2024,612.03,HECFAP0,33 m² Appartement ∙ 1 chambre ∙ 2 personnes,Crans-Montana - Valais
16/04/2024,20/04/2024,27/04/2024,716.28,H6EC4NX,50 m² Appartement ∙ 2 chambres ∙ 3 personnes,Verbier - Bagnes - Valais
16/04/2024,27/04/2024,04/05/2024,954.69,H6EC4NX,50 m² Appartement ∙ 2 chambres ∙ 3 personnes,Verbier - Bagnes - Valais
16/04/2024,04/05/2024,11/05/2024,954.69,H6EC4NX,50 m² Appartement ∙ 2 chambres ∙ 3 personnes,Verbier - Bagnes - Valais
16/04/2024,11/05/2024,18/05/2024,954.69,H6EC4NX,50 m² Appartement ∙ 2 chambres ∙ 3 personnes,Verbier - Bagnes - Valais
16/04/2024,18/05/2024,25/05/2024,954.69,H6EC4NX,50 m² Appartement ∙ 2 chambres ∙ 3 personnes,Verbier - Bagnes - Valais
16/04/2024,25/05/2024,01/06/2024,954.69,H6EC4NX,50 m² Appartement ∙ 2 chambres ∙ 3 personnes,Verbier - Bagnes - Valais
16/04/2024,03/08/2024,10/08/2024,1216.84,H6EC4NX,50 m² Appartement ∙ 2 chambres ∙ 3 personnes,Verbier - Bagnes - Valais
16/04/2024,07/09/2024,14/09/2024,954.69,H6EC4NX,50 m² Appartement ∙ 2 chambres ∙ 3 personnes,Verbier - Bagnes - Valais
16/04/2024,14/09/2024,21/09/2024,954.69,H6EC4NX,50 m² Appartement ∙ 2 chambres ∙ 3 personnes,Verbier - Bagnes - Valais
16/04/2024,21/09/2024,28/09/2024,954.69,H6EC4NX,50 m² Appartement ∙ 2 chambres ∙ 3 personnes,Verbier - Bagnes - Valais
16/04/2024,05/10/2024,12/10/2024,954.69,H6EC4NX,50 m² Appartement ∙ 2 chambres ∙ 3 personnes,Verbier - Bagnes - Valais
16/04/2024,12/10/2024,19/10/2024,954.69,H6EC4NX,50 m² Appartement ∙ 2 chambres ∙ 3 personnes,Verbier - Bagnes - Valais
16/04/2024,19/10/2024,26/10/2024,954.69,H6EC4NX,50 m² Appartement ∙ 2 chambres ∙ 3 personnes,Verbier - Bagnes - Valais
16/04/2024,26/10/2024,02/11/2024,954.69,H6EC4NX,50 m² Appartement ∙ 2 chambres ∙ 3 personnes,Verbier - Bagnes - Valais
16/04/2024,20/04/2024,27/04/2024,700.79,HG07H6A,65 m² Appartement ∙ 2 chambres ∙ 4 personnes,Nendaz - Valais
16/04/2024,27/04/2024,04/05/2024,910.31,HG07H6A,65 m² Appartement ∙ 2 chambres ∙ 4 personnes,Nendaz - Valais
16/04/2024,04/05/2024,11/05/2024,910.31,HG07H6A,65 m² Appartement ∙ 2 chambres ∙ 4 personnes,Nendaz - Valais
16/04/2024,11/05/2024,18/05/2024,910.31,HG07H6A,65 m² Appartement ∙ 2 chambres ∙ 4 personnes,Nendaz - Valais
16/04/2024,18/05/2024,25/05/2024,910.31,HG07H6A,65 m² Appartement ∙ 2 chambres ∙ 4 personnes,Nendaz - Valais
16/04/2024,25/05/2024,01/06/2024,910.31,HG07H6A,65 m² Appartement ∙ 2 chambres ∙ 4 personnes,Nendaz - Valais
16/04/2024,01/06/2024,08/06/2024,910.31,HG07H6A,65 m² Appartement ∙ 2 chambres ∙ 4 personnes,Nendaz - Valais
16/04/2024,08/06/2024,15/06/2024,910.31,HG07H6A,65 m² Appartement ∙ 2 chambres ∙ 4 personnes,Nendaz - Valais
16/04/2024,15/06/2024,22/06/2024,910.31,HG07H6A,65 m² Appartement ∙ 2 chambres ∙ 4 personnes,Nendaz - Valais
16/04/2024,22/06/2024,29/06/2024,910.31,HG07H6A,65 m² Appartement ∙ 2 chambres ∙ 4 personnes,Nendaz - Valais
16/04/2024,14/09/2024,21/09/2024,910.31,HG07H6A,65 m² Appartement ∙ 2 chambres ∙ 4 personnes,Nendaz - Valais
16/04/2024,21/09/2024,28/09/2024,910.31,HG07H6A,65 m² Appartement ∙ 2 chambres ∙ 4 personnes,Nendaz - Valais
16/04/2024,28/09/2024,05/10/2024,910.31,HG07H6A,65 m² Appartement ∙ 2 chambres ∙ 4 personnes,Nendaz - Valais
16/04/2024,05/10/2024,12/10/2024,910.31,HG07H6A,65 m² Appartement ∙ 2 chambres ∙ 4 personnes,Nendaz - Valais
16/04/2024,12/10/2024,19/10/2024,910.31,HG07H6A,65 m² Appartement ∙ 2 chambres ∙ 4 personnes,Nendaz - Valais
16/04/2024,19/10/2024,26/10/2024,910.31,HG07H6A,65 m² Appartement ∙ 2 chambres ∙ 4 personnes,Nendaz - Valais
16/04/2024,26/10/2024,02/11/2024,910.31,HG07H6A,65 m² Appartement ∙ 2 chambres ∙ 4 personnes,Nendaz - Valais
16/04/2024,20/04/2024,27/04/2024,927.65,HBR3TY9,50 m² Appartement ∙ 1 chambre ∙ 4 personnes,Saas Grund - Valais
16/04/2024,27/04/2024,04/05/2024,861.39,HBR3TY9,50 m² Appartement ∙ 1 chambre ∙ 4 personnes,Saas Grund - Valais
16/04/2024,04/05/2024,11/05/2024,773.04,HBR3TY9,50 m² Appartement ∙ 1 chambre ∙ 4 personnes,Saas Grund - Valais
16/04/2024,11/05/2024,18/05/2024,773.04,HBR3TY9,50 m² Appartement ∙ 1 chambre ∙ 4 personnes,Saas Grund - Valais
16/04/2024,18/05/2024,25/05/2024,773.04,HBR3TY9,50 m² Appartement ∙ 1 chambre ∙ 4 personnes,Saas Grund - Valais
16/04/2024,25/05/2024,01/06/2024,773.04,HBR3TY9,50 m² Appartement ∙ 1 chambre ∙ 4 personnes,Saas Grund - Valais
16/04/2024,01/06/2024,08/06/2024,773.04,HBR3TY9,50 m² Appartement ∙ 1 chambre ∙ 4 personnes,Saas Grund - Valais
16/04/2024,08/06/2024,15/06/2024,773.04,HBR3TY9,50 m² Appartement ∙ 1 chambre ∙ 4 personnes,Saas Grund - Valais
16/04/2024,15/06/2024,22/06/2024,773.04,HBR3TY9,50 m² Appartement ∙ 1 chambre ∙ 4 personnes,Saas Grund - Valais
16/04/2024,22/06/2024,29/06/2024,773.04,HBR3TY9,50 m² Appartement ∙ 1 chambre ∙ 4 personnes,Saas Grund - Valais
16/04/2024,29/06/2024,06/07/2024,883.47,HBR3TY9,50 m² Appartement ∙ 1 chambre ∙ 4 personnes,Saas Grund - Valais
16/04/2024,06/07/2024,13/07/2024,927.65,HBR3TY9,50 m² Appartement ∙ 1 chambre ∙ 4 personnes,Saas Grund - Valais
16/04/2024,13/07/2024,20/07/2024,927.65,HBR3TY9,50 m² Appartement ∙ 1 chambre ∙ 4 personnes,Saas Grund - Valais
16/04/2024,20/07/2024,27/07/2024,927.65,HBR3TY9,50 m² Appartement ∙ 1 chambre ∙ 4 personnes,Saas Grund - Valais
16/04/2024,27/07/2024,03/08/2024,839.30,HBR3TY9,50 m² Appartement ∙ 1 chambre ∙ 4 personnes,Saas Grund - Valais
16/04/2024,21/09/2024,28/09/2024,773.04,HBR3TY9,50 m² Appartement ∙ 1 chambre ∙ 4 personnes,Saas Grund - Valais
16/04/2024,28/09/2024,05/10/2024,773.04,HBR3TY9,50 m² Appartement ∙ 1 chambre ∙ 4 personnes,Saas Grund - Valais
16/04/2024,05/10/2024,12/10/2024,773.04,HBR3TY9,50 m² Appartement ∙ 1 chambre ∙ 4 personnes,Saas Grund - Valais
16/04/2024,12/10/2024,19/10/2024,773.04,HBR3TY9,50 m² Appartement ∙ 1 chambre ∙ 4 personnes,Saas Grund - Valais
16/04/2024,19/10/2024,26/10/2024,773.04,HBR3TY9,50 m² Appartement ∙ 1 chambre ∙ 4 personnes,Saas Grund - Valais
16/04/2024,26/10/2024,02/11/2024,773.04,HBR3TY9,50 m² Appartement ∙ 1 chambre ∙ 4 personnes,Saas Grund - Valais
16/04/2024,22/06/2024,29/06/2024,1083.70,HFVR02K,75 m² Appartement ∙ 2 chambres ∙ 5 personnes,Termen - Valais
16/04/2024,29/06/2024,06/07/2024,1083.70,HFVR02K,75 m² Appartement ∙ 2 chambres ∙ 5 personnes,Termen - Valais
16/04/2024,06/07/2024,13/07/2024,1083.70,HFVR02K,75 m² Appartement ∙ 2 chambres ∙ 5 personnes,Termen - Valais
16/04/2024,27/07/2024,03/08/2024,1083.70,HFVR02K,75 m² Appartement ∙ 2 chambres ∙ 5 personnes,Termen - Valais
16/04/2024,10/08/2024,17/08/2024,1083.70,HFVR02K,75 m² Appartement ∙ 2 chambres ∙ 5 personnes,Termen - Valais
16/04/2024,17/08/2024,24/08/2024,1083.70,HFVR02K,75 m² Appartement ∙ 2 chambres ∙ 5 personnes,Termen - Valais
16/04/2024,24/08/2024,31/08/2024,1083.70,HFVR02K,75 m² Appartement ∙ 2 chambres ∙ 5 personnes,Termen - Valais
16/04/2024,31/08/2024,07/09/2024,1083.70,HFVR02K,75 m² Appartement ∙ 2 chambres ∙ 5 personnes,Termen - Valais
16/04/2024,07/09/2024,14/09/2024,1083.70,HFVR02K,75 m² Appartement ∙ 2 chambres ∙ 5 personnes,Termen - Valais
16/04/2024,14/09/2024,21/09/2024,1083.70,HFVR02K,75 m² Appartement ∙ 2 chambres ∙ 5 personnes,Termen - Valais
16/04/2024,21/09/2024,28/09/2024,1083.70,HFVR02K,75 m² Appartement ∙ 2 chambres ∙ 5 personnes,Termen - Valais
16/04/2024,28/09/2024,05/10/2024,1083.70,HFVR02K,75 m² Appartement ∙ 2 chambres ∙ 5 personnes,Termen - Valais
16/04/2024,05/10/2024,12/10/2024,1083.70,HFVR02K,75 m² Appartement ∙ 2 chambres ∙ 5 personnes,Termen - Valais
16/04/2024,20/04/2024,27/04/2024,1957.89,HS43VP0,150 m² Maison de vacances ∙ 4 chambres ∙ 10 personnes,Zinal - Ayer - Valais
16/04/2024,27/04/2024,04/05/2024,1957.89,HS43VP0,150 m² Maison de vacances ∙ 4 chambres ∙ 10 personnes,Zinal - Ayer - Valais
16/04/2024,04/05/2024,11/05/2024,1957.89,HS43VP0,150 m² Maison de vacances ∙ 4 chambres ∙ 10 personnes,Zinal - Ayer - Valais
16/04/2024,11/05/2024,18/05/2024,1957.89,HS43VP0,150 m² Maison de vacances ∙ 4 chambres ∙ 10 personnes,Zinal - Ayer - Valais
16/04/2024,18/05/2024,25/05/2024,1957.89,HS43VP0,150 m² Maison de vacances ∙ 4 chambres ∙ 10 personnes,Zinal - Ayer - Valais
16/04/2024,25/05/2024,01/06/2024,1957.89,HS43VP0,150 m² Maison de vacances ∙ 4 chambres ∙ 10 personnes,Zinal - Ayer - Valais
16/04/2024,01/06/2024,08/06/2024,1957.89,HS43VP0,150 m² Maison de vacances ∙ 4 chambres ∙ 10 personnes,Zinal - Ayer - Valais
16/04/2024,08/06/2024,15/06/2024,1957.89,HS43VP0,150 m² Maison de vacances ∙ 4 chambres ∙ 10 personnes,Zinal - Ayer - Valais
16/04/2024,15/06/2024,22/06/2024,1957.89,HS43VP0,150 m² Maison de vacances ∙ 4 chambres ∙ 10 personnes,Zinal - Ayer - Valais
16/04/2024,22/06/2024,29/06/2024,1957.89,HS43VP0,150 m² Maison de vacances ∙ 4 chambres ∙ 10 personnes,Zinal - Ayer - Valais
16/04/2024,13/07/2024,20/07/2024,2258.23,HS43VP0,150 m² Maison de vacances ∙ 4 chambres ∙ 10 personnes,Zinal - Ayer - Valais
16/04/2024,20/07/2024,27/07/2024,2484.26,HS43VP0,150 m² Maison de vacances ∙ 4 chambres ∙ 10 personnes,Zinal - Ayer - Valais
16/04/2024,24/08/2024,31/08/2024,1957.89,HS43VP0,150 m² Maison de vacances ∙ 4 chambres ∙ 10 personnes,Zinal - Ayer - Valais
16/04/2024,31/08/2024,07/09/2024,1957.89,HS43VP0,150 m² Maison de vacances ∙ 4 chambres ∙ 10 personnes,Zinal - Ayer - Valais
16/04/2024,07/09/2024,14/09/2024,1957.89,HS43VP0,150 m² Maison de vacances ∙ 4 chambres ∙ 10 personnes,Zinal - Ayer - Valais
16/04/2024,14/09/2024,21/09/2024,1957.89,HS43VP0,150 m² Maison de vacances ∙ 4 chambres ∙ 10 personnes,Zinal - Ayer - Valais
16/04/2024,21/09/2024,28/09/2024,1957.89,HS43VP0,150 m² Maison de vacances ∙ 4 chambres ∙ 10 personnes,Zinal - Ayer - Valais
16/04/2024,28/09/2024,05/10/2024,1957.89,HS43VP0,150 m² Maison de vacances ∙ 4 chambres ∙ 10 personnes,Zinal - Ayer - Valais
16/04/2024,05/10/2024,12/10/2024,1957.89,HS43VP0,150 m² Maison de vacances ∙ 4 chambres ∙ 10 personnes,Zinal - Ayer - Valais
16/04/2024,12/10/2024,19/10/2024,1957.89,HS43VP0,150 m² Maison de vacances ∙ 4 chambres ∙ 10 personnes,Zinal - Ayer - Valais
16/04/2024,19/10/2024,26/10/2024,1957.89,HS43VP0,150 m² Maison de vacances ∙ 4 chambres ∙ 10 personnes,Zinal - Ayer - Valais
16/04/2024,26/10/2024,02/11/2024,1957.89,HS43VP0,150 m² Maison de vacances ∙ 4 chambres ∙ 10 personnes,Zinal - Ayer - Valais
16/04/2024,20/04/2024,27/04/2024,198.10,H7GX9AK,60 m² Appartement ∙ 1 chambre ∙ 4 personnes,Nendaz - Valais
16/04/2024,04/05/2024,11/05/2024,890.41,HVW76AM,80 m² Maison de vacances ∙ 2 chambres ∙ 5 personnes,Ayent - Valais
16/04/2024,25/05/2024,01/06/2024,967.33,HVW76AM,80 m² Maison de vacances ∙ 2 chambres ∙ 5 personnes,Ayent - Valais
16/04/2024,01/06/2024,08/06/2024,963.69,HVW76AM,80 m² Maison de vacances ∙ 2 chambres ∙ 5 personnes,Ayent - Valais
16/04/2024,15/06/2024,22/06/2024,943.59,HVW76AM,80 m² Maison de vacances ∙ 2 chambres ∙ 5 personnes,Ayent - Valais
16/04/2024,29/06/2024,06/07/2024,1309.42,HVW76AM,80 m² Maison de vacances ∙ 2 chambres ∙ 5 personnes,Ayent - Valais
16/04/2024,06/07/2024,13/07/2024,1601.47,HVW76AM,80 m² Maison de vacances ∙ 2 chambres ∙ 5 personnes,Ayent - Valais
16/04/2024,13/07/2024,20/07/2024,1916.78,HVW76AM,80 m² Maison de vacances ∙ 2 chambres ∙ 5 personnes,Ayent - Valais
16/04/2024,20/07/2024,27/07/2024,1702.88,HVW76AM,80 m² Maison de vacances ∙ 2 chambres ∙ 5 personnes,Ayent - Valais
16/04/2024,17/08/2024,24/08/2024,1849.62,HVW76AM,80 m² Maison de vacances ∙ 2 chambres ∙ 5 personnes,Ayent - Valais
16/04/2024,24/08/2024,31/08/2024,1787.77,HVW76AM,80 m² Maison de vacances ∙ 2 chambres ∙ 5 personnes,Ayent - Valais
16/04/2024,31/08/2024,07/09/2024,1918.74,HVW76AM,80 m² Maison de vacances ∙ 2 chambres ∙ 5 personnes,Ayent - Valais
16/04/2024,07/09/2024,14/09/2024,1719.86,HVW76AM,80 m² Maison de vacances ∙ 2 chambres ∙ 5 personnes,Ayent - Valais
16/04/2024,14/09/2024,21/09/2024,1154.73,HVW76AM,80 m² Maison de vacances ∙ 2 chambres ∙ 5 personnes,Ayent - Valais
16/04/2024,21/09/2024,28/09/2024,1034.16,HVW76AM,80 m² Maison de vacances ∙ 2 chambres ∙ 5 personnes,Ayent - Valais
16/04/2024,26/10/2024,02/11/2024,925.40,HVW76AM,80 m² Maison de vacances ∙ 2 chambres ∙ 5 personnes,Ayent - Valais
16/04/2024,20/04/2024,27/04/2024,1333.00,H5K38NU,130 m² Maison de vacances ∙ 4 chambres ∙ 10 personnes,Ernen - Valais
16/04/2024,27/04/2024,04/05/2024,1333.00,H5K38NU,130 m² Maison de vacances ∙ 4 chambres ∙ 10 personnes,Ernen - Valais
16/04/2024,20/04/2024,27/04/2024,650.22,HZLJFSM,Appartement ∙ 1 chambre ∙ 4 personnes,Grächen - Valais
16/04/2024,27/04/2024,04/05/2024,650.22,HZLJFSM,Appartement ∙ 1 chambre ∙ 4 personnes,Grächen - Valais
16/04/2024,04/05/2024,11/05/2024,650.22,HZLJFSM,Appartement ∙ 1 chambre ∙ 4 personnes,Grächen - Valais
16/04/2024,11/05/2024,18/05/2024,650.22,HZLJFSM,Appartement ∙ 1 chambre ∙ 4 personnes,Grächen - Valais
16/04/2024,18/05/2024,25/05/2024,650.22,HZLJFSM,Appartement ∙ 1 chambre ∙ 4 personnes,Grächen - Valais
16/04/2024,25/05/2024,01/06/2024,650.22,HZLJFSM,Appartement ∙ 1 chambre ∙ 4 personnes,Grächen - Valais
16/04/2024,01/06/2024,08/06/2024,650.22,HZLJFSM,Appartement ∙ 1 chambre ∙ 4 personnes,Grächen - Valais
16/04/2024,06/07/2024,13/07/2024,758.59,HZLJFSM,Appartement ∙ 1 chambre ∙ 4 personnes,Grächen - Valais
16/04/2024,13/07/2024,20/07/2024,758.59,HZLJFSM,Appartement ∙ 1 chambre ∙ 4 personnes,Grächen - Valais
16/04/2024,20/07/2024,27/07/2024,758.59,HZLJFSM,Appartement ∙ 1 chambre ∙ 4 personnes,Grächen - Valais
16/04/2024,27/07/2024,03/08/2024,758.59,HZLJFSM,Appartement ∙ 1 chambre ∙ 4 personnes,Grächen - Valais
16/04/2024,03/08/2024,10/08/2024,758.59,HZLJFSM,Appartement ∙ 1 chambre ∙ 4 personnes,Grächen - Valais
16/04/2024,10/08/2024,17/08/2024,758.59,HZLJFSM,Appartement ∙ 1 chambre ∙ 4 personnes,Grächen - Valais
16/04/2024,17/08/2024,24/08/2024,758.59,HZLJFSM,Appartement ∙ 1 chambre ∙ 4 personnes,Grächen - Valais
16/04/2024,24/08/2024,31/08/2024,650.22,HZLJFSM,Appartement ∙ 1 chambre ∙ 4 personnes,Grächen - Valais
16/04/2024,05/10/2024,12/10/2024,650.22,HZLJFSM,Appartement ∙ 1 chambre ∙ 4 personnes,Grächen - Valais
16/04/2024,12/10/2024,19/10/2024,650.22,HZLJFSM,Appartement ∙ 1 chambre ∙ 4 personnes,Grächen - Valais
16/04/2024,19/10/2024,26/10/2024,650.22,HZLJFSM,Appartement ∙ 1 chambre ∙ 4 personnes,Grächen - Valais
16/04/2024,26/10/2024,02/11/2024,650.22,HZLJFSM,Appartement ∙ 1 chambre ∙ 4 personnes,Grächen - Valais
16/04/2024,20/04/2024,27/04/2024,541.13,HA34KEZ,100 m² Appartement ∙ 2 chambres ∙ 6 personnes,Saas-Balen - Valais
16/04/2024,11/05/2024,18/05/2024,541.13,HA34KEZ,100 m² Appartement ∙ 2 chambres ∙ 6 personnes,Saas-Balen - Valais
16/04/2024,08/06/2024,15/06/2024,541.13,HA34KEZ,100 m² Appartement ∙ 2 chambres ∙ 6 personnes,Saas-Balen - Valais
16/04/2024,15/06/2024,22/06/2024,541.13,HA34KEZ,100 m² Appartement ∙ 2 chambres ∙ 6 personnes,Saas-Balen - Valais
16/04/2024,06/07/2024,13/07/2024,927.65,HA34KEZ,100 m² Appartement ∙ 2 chambres ∙ 6 personnes,Saas-Balen - Valais
16/04/2024,24/08/2024,31/08/2024,927.65,HA34KEZ,100 m² Appartement ∙ 2 chambres ∙ 6 personnes,Saas-Balen - Valais
16/04/2024,31/08/2024,07/09/2024,596.34,HA34KEZ,100 m² Appartement ∙ 2 chambres ∙ 6 personnes,Saas-Balen - Valais
16/04/2024,07/09/2024,14/09/2024,541.13,HA34KEZ,100 m² Appartement ∙ 2 chambres ∙ 6 personnes,Saas-Balen - Valais
16/04/2024,14/09/2024,21/09/2024,541.13,HA34KEZ,100 m² Appartement ∙ 2 chambres ∙ 6 personnes,Saas-Balen - Valais
16/04/2024,21/09/2024,28/09/2024,541.13,HA34KEZ,100 m² Appartement ∙ 2 chambres ∙ 6 personnes,Saas-Balen - Valais
16/04/2024,28/09/2024,05/10/2024,541.13,HA34KEZ,100 m² Appartement ∙ 2 chambres ∙ 6 personnes,Saas-Balen - Valais
16/04/2024,05/10/2024,12/10/2024,541.13,HA34KEZ,100 m² Appartement ∙ 2 chambres ∙ 6 personnes,Saas-Balen - Valais
16/04/2024,12/10/2024,19/10/2024,541.13,HA34KEZ,100 m² Appartement ∙ 2 chambres ∙ 6 personnes,Saas-Balen - Valais
16/04/2024,19/10/2024,26/10/2024,541.13,HA34KEZ,100 m² Appartement ∙ 2 chambres ∙ 6 personnes,Saas-Balen - Valais
16/04/2024,26/10/2024,02/11/2024,541.13,HA34KEZ,100 m² Appartement ∙ 2 chambres ∙ 6 personnes,Saas-Balen - Valais
16/04/2024,20/04/2024,27/04/2024,877.28,H8XV4SR,75 m² Maison de vacances ∙ 3 chambres ∙ 6 personnes,Saint-Nicolas - Valais
16/04/2024,11/05/2024,18/05/2024,1175.56,H8XV4SR,75 m² Maison de vacances ∙ 3 chambres ∙ 6 personnes,Saint-Nicolas - Valais
16/04/2024,01/06/2024,08/06/2024,1175.56,H8XV4SR,75 m² Maison de vacances ∙ 3 chambres ∙ 6 personnes,Saint-Nicolas - Valais
16/04/2024,08/06/2024,15/06/2024,1175.56,H8XV4SR,75 m² Maison de vacances ∙ 3 chambres ∙ 6 personnes,Saint-Nicolas - Valais
16/04/2024,13/07/2024,20/07/2024,1288.06,H8XV4SR,75 m² Maison de vacances ∙ 3 chambres ∙ 6 personnes,Saint-Nicolas - Valais
16/04/2024,27/07/2024,03/08/2024,1288.06,H8XV4SR,75 m² Maison de vacances ∙ 3 chambres ∙ 6 personnes,Saint-Nicolas - Valais
16/04/2024,17/08/2024,24/08/2024,1175.56,H8XV4SR,75 m² Maison de vacances ∙ 3 chambres ∙ 6 personnes,Saint-Nicolas - Valais
16/04/2024,31/08/2024,07/09/2024,1175.56,H8XV4SR,75 m² Maison de vacances ∙ 3 chambres ∙ 6 personnes,Saint-Nicolas - Valais
16/04/2024,07/09/2024,14/09/2024,1175.56,H8XV4SR,75 m² Maison de vacances ∙ 3 chambres ∙ 6 personnes,Saint-Nicolas - Valais
16/04/2024,14/09/2024,21/09/2024,1175.56,H8XV4SR,75 m² Maison de vacances ∙ 3 chambres ∙ 6 personnes,Saint-Nicolas - Valais
16/04/2024,21/09/2024,28/09/2024,987.72,H8XV4SR,75 m² Maison de vacances ∙ 3 chambres ∙ 6 personnes,Saint-Nicolas - Valais
16/04/2024,28/09/2024,05/10/2024,987.72,H8XV4SR,75 m² Maison de vacances ∙ 3 chambres ∙ 6 personnes,Saint-Nicolas - Valais
16/04/2024,05/10/2024,12/10/2024,987.72,H8XV4SR,75 m² Maison de vacances ∙ 3 chambres ∙ 6 personnes,Saint-Nicolas - Valais
16/04/2024,26/10/2024,02/11/2024,987.72,H8XV4SR,75 m² Maison de vacances ∙ 3 chambres ∙ 6 personnes,Saint-Nicolas - Valais
16/04/2024,20/04/2024,27/04/2024,686.35,HPEZV9X,Studio ∙ 1 chambre ∙ 2 personnes,Grächen - Valais
16/04/2024,18/05/2024,25/05/2024,541.85,HPEZV9X,Studio ∙ 1 chambre ∙ 2 personnes,Grächen - Valais
16/04/2024,25/05/2024,01/06/2024,541.85,HPEZV9X,Studio ∙ 1 chambre ∙ 2 personnes,Grächen - Valais
16/04/2024,08/06/2024,15/06/2024,614.09,HPEZV9X,Studio ∙ 1 chambre ∙ 2 personnes,Grächen - Valais
16/04/2024,27/07/2024,03/08/2024,830.84,HPEZV9X,Studio ∙ 1 chambre ∙ 2 personnes,Grächen - Valais
16/04/2024,05/10/2024,12/10/2024,614.10,HPEZV9X,Studio ∙ 1 chambre ∙ 2 personnes,Grächen - Valais
16/04/2024,12/10/2024,19/10/2024,614.10,HPEZV9X,Studio ∙ 1 chambre ∙ 2 personnes,Grächen - Valais
16/04/2024,19/10/2024,26/10/2024,614.10,HPEZV9X,Studio ∙ 1 chambre ∙ 2 personnes,Grächen - Valais
16/04/2024,01/06/2024,08/06/2024,1306.71,HNTCR6H,61 m² Appartement ∙ 3 chambres ∙ 5 personnes,Saas Fee - Valais
16/04/2024,08/06/2024,15/06/2024,1306.71,HNTCR6H,61 m² Appartement ∙ 3 chambres ∙ 5 personnes,Saas Fee - Valais
16/04/2024,15/06/2024,22/06/2024,1306.71,HNTCR6H,61 m² Appartement ∙ 3 chambres ∙ 5 personnes,Saas Fee - Valais
16/04/2024,29/06/2024,06/07/2024,1306.71,HNTCR6H,61 m² Appartement ∙ 3 chambres ∙ 5 personnes,Saas Fee - Valais
16/04/2024,06/07/2024,13/07/2024,1345.36,HNTCR6H,61 m² Appartement ∙ 3 chambres ∙ 5 personnes,Saas Fee - Valais
16/04/2024,13/07/2024,20/07/2024,1345.36,HNTCR6H,61 m² Appartement ∙ 3 chambres ∙ 5 personnes,Saas Fee - Valais
16/04/2024,20/07/2024,27/07/2024,1561.32,HNTCR6H,61 m² Appartement ∙ 3 chambres ∙ 5 personnes,Saas Fee - Valais
16/04/2024,27/07/2024,03/08/2024,1561.32,HNTCR6H,61 m² Appartement ∙ 3 chambres ∙ 5 personnes,Saas Fee - Valais
16/04/2024,03/08/2024,10/08/2024,1561.32,HNTCR6H,61 m² Appartement ∙ 3 chambres ∙ 5 personnes,Saas Fee - Valais
16/04/2024,24/08/2024,31/08/2024,1306.71,HNTCR6H,61 m² Appartement ∙ 3 chambres ∙ 5 personnes,Saas Fee - Valais
16/04/2024,31/08/2024,07/09/2024,1306.71,HNTCR6H,61 m² Appartement ∙ 3 chambres ∙ 5 personnes,Saas Fee - Valais
16/04/2024,07/09/2024,14/09/2024,1306.71,HNTCR6H,61 m² Appartement ∙ 3 chambres ∙ 5 personnes,Saas Fee - Valais
16/04/2024,14/09/2024,21/09/2024,1306.71,HNTCR6H,61 m² Appartement ∙ 3 chambres ∙ 5 personnes,Saas Fee - Valais
16/04/2024,21/09/2024,28/09/2024,1306.71,HNTCR6H,61 m² Appartement ∙ 3 chambres ∙ 5 personnes,Saas Fee - Valais
16/04/2024,28/09/2024,05/10/2024,1306.71,HNTCR6H,61 m² Appartement ∙ 3 chambres ∙ 5 personnes,Saas Fee - Valais
16/04/2024,05/10/2024,12/10/2024,1306.71,HNTCR6H,61 m² Appartement ∙ 3 chambres ∙ 5 personnes,Saas Fee - Valais
16/04/2024,12/10/2024,19/10/2024,1306.71,HNTCR6H,61 m² Appartement ∙ 3 chambres ∙ 5 personnes,Saas Fee - Valais
16/04/2024,19/10/2024,26/10/2024,1306.71,HNTCR6H,61 m² Appartement ∙ 3 chambres ∙ 5 personnes,Saas Fee - Valais
16/04/2024,26/10/2024,02/11/2024,1306.71,HNTCR6H,61 m² Appartement ∙ 3 chambres ∙ 5 personnes,Saas Fee - Valais
16/04/2024,19/10/2024,26/10/2024,665.86,H7NMVE2,50 m² Appartement ∙ 2 chambres ∙ 4 personnes,Salvan - Valais
16/04/2024,26/10/2024,02/11/2024,745.38,H7NMVE2,50 m² Appartement ∙ 2 chambres ∙ 4 personnes,Salvan - Valais
16/04/2024,20/04/2024,27/04/2024,663.64,H7NLXEP,58 m² Appartement ∙ 2 chambres ∙ 4 personnes,Crans-Montana - Valais
16/04/2024,27/04/2024,04/05/2024,827.74,H7NLXEP,58 m² Appartement ∙ 2 chambres ∙ 4 personnes,Crans-Montana - Valais
16/04/2024,04/05/2024,11/05/2024,827.74,H7NLXEP,58 m² Appartement ∙ 2 chambres ∙ 4 personnes,Crans-Montana - Valais
16/04/2024,11/05/2024,18/05/2024,827.74,H7NLXEP,58 m² Appartement ∙ 2 chambres ∙ 4 personnes,Crans-Montana - Valais
16/04/2024,18/05/2024,25/05/2024,827.74,H7NLXEP,58 m² Appartement ∙ 2 chambres ∙ 4 personnes,Crans-Montana - Valais
16/04/2024,25/05/2024,01/06/2024,827.74,H7NLXEP,58 m² Appartement ∙ 2 chambres ∙ 4 personnes,Crans-Montana - Valais
16/04/2024,01/06/2024,08/06/2024,827.74,H7NLXEP,58 m² Appartement ∙ 2 chambres ∙ 4 personnes,Crans-Montana - Valais
16/04/2024,08/06/2024,15/06/2024,827.74,H7NLXEP,58 m² Appartement ∙ 2 chambres ∙ 4 personnes,Crans-Montana - Valais
16/04/2024,15/06/2024,22/06/2024,827.74,H7NLXEP,58 m² Appartement ∙ 2 chambres ∙ 4 personnes,Crans-Montana - Valais
16/04/2024,22/06/2024,29/06/2024,827.74,H7NLXEP,58 m² Appartement ∙ 2 chambres ∙ 4 personnes,Crans-Montana - Valais
16/04/2024,29/06/2024,06/07/2024,827.74,H7NLXEP,58 m² Appartement ∙ 2 chambres ∙ 4 personnes,Crans-Montana - Valais
16/04/2024,06/07/2024,13/07/2024,1000.10,H7NLXEP,58 m² Appartement ∙ 2 chambres ∙ 4 personnes,Crans-Montana - Valais
16/04/2024,13/07/2024,20/07/2024,1000.10,H7NLXEP,58 m² Appartement ∙ 2 chambres ∙ 4 personnes,Crans-Montana - Valais
16/04/2024,20/07/2024,27/07/2024,1068.22,H7NLXEP,58 m² Appartement ∙ 2 chambres ∙ 4 personnes,Crans-Montana - Valais
16/04/2024,27/07/2024,03/08/2024,1068.22,H7NLXEP,58 m² Appartement ∙ 2 chambres ∙ 4 personnes,Crans-Montana - Valais
16/04/2024,03/08/2024,10/08/2024,1068.22,H7NLXEP,58 m² Appartement ∙ 2 chambres ∙ 4 personnes,Crans-Montana - Valais
16/04/2024,24/08/2024,31/08/2024,827.74,H7NLXEP,58 m² Appartement ∙ 2 chambres ∙ 4 personnes,Crans-Montana - Valais
16/04/2024,31/08/2024,07/09/2024,1000.10,H7NLXEP,58 m² Appartement ∙ 2 chambres ∙ 4 personnes,Crans-Montana - Valais
16/04/2024,07/09/2024,14/09/2024,1000.10,H7NLXEP,58 m² Appartement ∙ 2 chambres ∙ 4 personnes,Crans-Montana - Valais
16/04/2024,14/09/2024,21/09/2024,827.74,H7NLXEP,58 m² Appartement ∙ 2 chambres ∙ 4 personnes,Crans-Montana - Valais
16/04/2024,21/09/2024,28/09/2024,827.74,H7NLXEP,58 m² Appartement ∙ 2 chambres ∙ 4 personnes,Crans-Montana - Valais
16/04/2024,28/09/2024,05/10/2024,827.74,H7NLXEP,58 m² Appartement ∙ 2 chambres ∙ 4 personnes,Crans-Montana - Valais
16/04/2024,05/10/2024,12/10/2024,827.74,H7NLXEP,58 m² Appartement ∙ 2 chambres ∙ 4 personnes,Crans-Montana - Valais
16/04/2024,12/10/2024,19/10/2024,827.74,H7NLXEP,58 m² Appartement ∙ 2 chambres ∙ 4 personnes,Crans-Montana - Valais
16/04/2024,19/10/2024,26/10/2024,827.74,H7NLXEP,58 m² Appartement ∙ 2 chambres ∙ 4 personnes,Crans-Montana - Valais
16/04/2024,26/10/2024,02/11/2024,827.40,H7NLXEP,58 m² Appartement ∙ 2 chambres ∙ 4 personnes,Crans-Montana - Valais
16/04/2024,20/04/2024,27/04/2024,502.43,HZ2V0M4,32 m² Appartement ∙ 1 chambre ∙ 2 personnes,Crans-Montana - Valais
16/04/2024,11/05/2024,18/05/2024,502.43,HZ2V0M4,32 m² Appartement ∙ 1 chambre ∙ 2 personnes,Crans-Montana - Valais
16/04/2024,18/05/2024,25/05/2024,502.43,HZ2V0M4,32 m² Appartement ∙ 1 chambre ∙ 2 personnes,Crans-Montana - Valais
16/04/2024,25/05/2024,01/06/2024,502.43,HZ2V0M4,32 m² Appartement ∙ 1 chambre ∙ 2 personnes,Crans-Montana - Valais
16/04/2024,06/07/2024,13/07/2024,614.88,HZ2V0M4,32 m² Appartement ∙ 1 chambre ∙ 2 personnes,Crans-Montana - Valais
16/04/2024,13/07/2024,20/07/2024,614.88,HZ2V0M4,32 m² Appartement ∙ 1 chambre ∙ 2 personnes,Crans-Montana - Valais
16/04/2024,20/07/2024,27/07/2024,681.94,HZ2V0M4,32 m² Appartement ∙ 1 chambre ∙ 2 personnes,Crans-Montana - Valais
16/04/2024,27/07/2024,03/08/2024,681.94,HZ2V0M4,32 m² Appartement ∙ 1 chambre ∙ 2 personnes,Crans-Montana - Valais
16/04/2024,03/08/2024,10/08/2024,681.94,HZ2V0M4,32 m² Appartement ∙ 1 chambre ∙ 2 personnes,Crans-Montana - Valais
16/04/2024,21/09/2024,28/09/2024,502.43,HZ2V0M4,32 m² Appartement ∙ 1 chambre ∙ 2 personnes,Crans-Montana - Valais
16/04/2024,28/09/2024,05/10/2024,502.43,HZ2V0M4,32 m² Appartement ∙ 1 chambre ∙ 2 personnes,Crans-Montana - Valais
16/04/2024,05/10/2024,12/10/2024,502.43,HZ2V0M4,32 m² Appartement ∙ 1 chambre ∙ 2 personnes,Crans-Montana - Valais
16/04/2024,12/10/2024,19/10/2024,502.43,HZ2V0M4,32 m² Appartement ∙ 1 chambre ∙ 2 personnes,Crans-Montana - Valais
16/04/2024,19/10/2024,26/10/2024,502.43,HZ2V0M4,32 m² Appartement ∙ 1 chambre ∙ 2 personnes,Crans-Montana - Valais
16/04/2024,26/10/2024,02/11/2024,502.43,HZ2V0M4,32 m² Appartement ∙ 1 chambre ∙ 2 personnes,Crans-Montana - Valais
16/04/2024,27/04/2024,04/05/2024,700.51,HPB5VHY,Studio ∙ 2 personnes,Zermatt - Valais
16/04/2024,25/05/2024,01/06/2024,700.51,HPB5VHY,Studio ∙ 2 personnes,Zermatt - Valais
16/04/2024,31/08/2024,07/09/2024,1011.04,HPB5VHY,Studio ∙ 2 personnes,Zermatt - Valais
16/04/2024,07/09/2024,14/09/2024,1011.04,HPB5VHY,Studio ∙ 2 personnes,Zermatt - Valais
16/04/2024,14/09/2024,21/09/2024,700.51,HPB5VHY,Studio ∙ 2 personnes,Zermatt - Valais
16/04/2024,21/09/2024,28/09/2024,700.51,HPB5VHY,Studio ∙ 2 personnes,Zermatt - Valais
16/04/2024,05/10/2024,12/10/2024,700.51,HPB5VHY,Studio ∙ 2 personnes,Zermatt - Valais
16/04/2024,12/10/2024,19/10/2024,700.51,HPB5VHY,Studio ∙ 2 personnes,Zermatt - Valais
16/04/2024,19/10/2024,26/10/2024,700.51,HPB5VHY,Studio ∙ 2 personnes,Zermatt - Valais
16/04/2024,26/10/2024,02/11/2024,700.51,HPB5VHY,Studio ∙ 2 personnes,Zermatt - Valais
16/04/2024,18/05/2024,25/05/2024,618.18,HUJKLA0,85 m² Appartement ∙ 3 chambres ∙ 5 personnes,Saas Grund - Valais
16/04/2024,06/07/2024,13/07/2024,1159.09,HUJKLA0,85 m² Appartement ∙ 3 chambres ∙ 5 personnes,Saas Grund - Valais
16/04/2024,13/07/2024,20/07/2024,1159.09,HUJKLA0,85 m² Appartement ∙ 3 chambres ∙ 5 personnes,Saas Grund - Valais
16/04/2024,20/07/2024,27/07/2024,1159.09,HUJKLA0,85 m² Appartement ∙ 3 chambres ∙ 5 personnes,Saas Grund - Valais
16/04/2024,27/07/2024,03/08/2024,1159.09,HUJKLA0,85 m² Appartement ∙ 3 chambres ∙ 5 personnes,Saas Grund - Valais
16/04/2024,22/06/2024,29/06/2024,794.39,HD8T9U7,75 m² Appartement ∙ 3 chambres ∙ 4 personnes,Termen - Valais
16/04/2024,29/06/2024,06/07/2024,794.39,HD8T9U7,75 m² Appartement ∙ 3 chambres ∙ 4 personnes,Termen - Valais
16/04/2024,06/07/2024,13/07/2024,794.39,HD8T9U7,75 m² Appartement ∙ 3 chambres ∙ 4 personnes,Termen - Valais
16/04/2024,13/07/2024,20/07/2024,794.39,HD8T9U7,75 m² Appartement ∙ 3 chambres ∙ 4 personnes,Termen - Valais
16/04/2024,20/07/2024,27/07/2024,794.39,HD8T9U7,75 m² Appartement ∙ 3 chambres ∙ 4 personnes,Termen - Valais
16/04/2024,10/08/2024,17/08/2024,794.39,HD8T9U7,75 m² Appartement ∙ 3 chambres ∙ 4 personnes,Termen - Valais
16/04/2024,17/08/2024,24/08/2024,794.39,HD8T9U7,75 m² Appartement ∙ 3 chambres ∙ 4 personnes,Termen - Valais
16/04/2024,07/09/2024,14/09/2024,794.39,HD8T9U7,75 m² Appartement ∙ 3 chambres ∙ 4 personnes,Termen - Valais
16/04/2024,14/09/2024,21/09/2024,794.39,HD8T9U7,75 m² Appartement ∙ 3 chambres ∙ 4 personnes,Termen - Valais
16/04/2024,21/09/2024,28/09/2024,794.39,HD8T9U7,75 m² Appartement ∙ 3 chambres ∙ 4 personnes,Termen - Valais
16/04/2024,28/09/2024,05/10/2024,794.39,HD8T9U7,75 m² Appartement ∙ 3 chambres ∙ 4 personnes,Termen - Valais
16/04/2024,05/10/2024,12/10/2024,794.39,HD8T9U7,75 m² Appartement ∙ 3 chambres ∙ 4 personnes,Termen - Valais
16/04/2024,20/04/2024,27/04/2024,1159.60,H5EXKYN,105 m² Maison de vacances ∙ 4 chambres ∙ 8 personnes,Nendaz - Valais
16/04/2024,11/05/2024,18/05/2024,1476.33,H5EXKYN,105 m² Maison de vacances ∙ 4 chambres ∙ 8 personnes,Nendaz - Valais
16/04/2024,18/05/2024,25/05/2024,1476.33,H5EXKYN,105 m² Maison de vacances ∙ 4 chambres ∙ 8 personnes,Nendaz - Valais
16/04/2024,25/05/2024,01/06/2024,1476.33,H5EXKYN,105 m² Maison de vacances ∙ 4 chambres ∙ 8 personnes,Nendaz - Valais
16/04/2024,01/06/2024,08/06/2024,1476.33,H5EXKYN,105 m² Maison de vacances ∙ 4 chambres ∙ 8 personnes,Nendaz - Valais
16/04/2024,08/06/2024,15/06/2024,1476.33,H5EXKYN,105 m² Maison de vacances ∙ 4 chambres ∙ 8 personnes,Nendaz - Valais
16/04/2024,06/07/2024,13/07/2024,1971.53,H5EXKYN,105 m² Maison de vacances ∙ 4 chambres ∙ 8 personnes,Nendaz - Valais
16/04/2024,07/09/2024,14/09/2024,1476.33,H5EXKYN,105 m² Maison de vacances ∙ 4 chambres ∙ 8 personnes,Nendaz - Valais
16/04/2024,14/09/2024,21/09/2024,1476.33,H5EXKYN,105 m² Maison de vacances ∙ 4 chambres ∙ 8 personnes,Nendaz - Valais
16/04/2024,21/09/2024,28/09/2024,1476.33,H5EXKYN,105 m² Maison de vacances ∙ 4 chambres ∙ 8 personnes,Nendaz - Valais
16/04/2024,28/09/2024,05/10/2024,1476.33,H5EXKYN,105 m² Maison de vacances ∙ 4 chambres ∙ 8 personnes,Nendaz - Valais
16/04/2024,05/10/2024,12/10/2024,1476.33,H5EXKYN,105 m² Maison de vacances ∙ 4 chambres ∙ 8 personnes,Nendaz - Valais
16/04/2024,12/10/2024,19/10/2024,1476.33,H5EXKYN,105 m² Maison de vacances ∙ 4 chambres ∙ 8 personnes,Nendaz - Valais
16/04/2024,19/10/2024,26/10/2024,1476.33,H5EXKYN,105 m² Maison de vacances ∙ 4 chambres ∙ 8 personnes,Nendaz - Valais
16/04/2024,20/04/2024,27/04/2024,638.61,H7TZDBJ,45 m² Appartement ∙ 1 chambre ∙ 4 personnes,Grächen - Valais
16/04/2024,27/04/2024,04/05/2024,850.10,H7TZDBJ,45 m² Appartement ∙ 1 chambre ∙ 4 personnes,Grächen - Valais
16/04/2024,04/05/2024,11/05/2024,850.10,H7TZDBJ,45 m² Appartement ∙ 1 chambre ∙ 4 personnes,Grächen - Valais
16/04/2024,11/05/2024,18/05/2024,850.10,H7TZDBJ,45 m² Appartement ∙ 1 chambre ∙ 4 personnes,Grächen - Valais
16/04/2024,18/05/2024,25/05/2024,850.10,H7TZDBJ,45 m² Appartement ∙ 1 chambre ∙ 4 personnes,Grächen - Valais
16/04/2024,25/05/2024,01/06/2024,850.10,H7TZDBJ,45 m² Appartement ∙ 1 chambre ∙ 4 personnes,Grächen - Valais
16/04/2024,01/06/2024,08/06/2024,850.10,H7TZDBJ,45 m² Appartement ∙ 1 chambre ∙ 4 personnes,Grächen - Valais
16/04/2024,08/06/2024,15/06/2024,850.10,H7TZDBJ,45 m² Appartement ∙ 1 chambre ∙ 4 personnes,Grächen - Valais
16/04/2024,15/06/2024,22/06/2024,850.10,H7TZDBJ,45 m² Appartement ∙ 1 chambre ∙ 4 personnes,Grächen - Valais
16/04/2024,22/06/2024,29/06/2024,850.10,H7TZDBJ,45 m² Appartement ∙ 1 chambre ∙ 4 personnes,Grächen - Valais
16/04/2024,29/06/2024,06/07/2024,850.10,H7TZDBJ,45 m² Appartement ∙ 1 chambre ∙ 4 personnes,Grächen - Valais
16/04/2024,06/07/2024,13/07/2024,954.30,H7TZDBJ,45 m² Appartement ∙ 1 chambre ∙ 4 personnes,Grächen - Valais
16/04/2024,03/08/2024,10/08/2024,1058.50,H7TZDBJ,45 m² Appartement ∙ 1 chambre ∙ 4 personnes,Grächen - Valais
16/04/2024,10/08/2024,17/08/2024,1058.50,H7TZDBJ,45 m² Appartement ∙ 1 chambre ∙ 4 personnes,Grächen - Valais
16/04/2024,17/08/2024,24/08/2024,954.30,H7TZDBJ,45 m² Appartement ∙ 1 chambre ∙ 4 personnes,Grächen - Valais
16/04/2024,24/08/2024,31/08/2024,954.30,H7TZDBJ,45 m² Appartement ∙ 1 chambre ∙ 4 personnes,Grächen - Valais
16/04/2024,14/09/2024,21/09/2024,850.10,H7TZDBJ,45 m² Appartement ∙ 1 chambre ∙ 4 personnes,Grächen - Valais
16/04/2024,21/09/2024,28/09/2024,850.10,H7TZDBJ,45 m² Appartement ∙ 1 chambre ∙ 4 personnes,Grächen - Valais
16/04/2024,28/09/2024,05/10/2024,850.10,H7TZDBJ,45 m² Appartement ∙ 1 chambre ∙ 4 personnes,Grächen - Valais
16/04/2024,05/10/2024,12/10/2024,850.10,H7TZDBJ,45 m² Appartement ∙ 1 chambre ∙ 4 personnes,Grächen - Valais
16/04/2024,12/10/2024,19/10/2024,850.10,H7TZDBJ,45 m² Appartement ∙ 1 chambre ∙ 4 personnes,Grächen - Valais
16/04/2024,19/10/2024,26/10/2024,850.10,H7TZDBJ,45 m² Appartement ∙ 1 chambre ∙ 4 personnes,Grächen - Valais
16/04/2024,26/10/2024,02/11/2024,850.10,H7TZDBJ,45 m² Appartement ∙ 1 chambre ∙ 4 personnes,Grächen - Valais
16/04/2024,20/04/2024,27/04/2024,1796.03,HEK874M,81 m² Appartement ∙ 2 chambres ∙ 5 personnes,Saas Fee - Valais
16/04/2024,27/04/2024,04/05/2024,1506.81,HEK874M,81 m² Appartement ∙ 2 chambres ∙ 5 personnes,Saas Fee - Valais
16/04/2024,04/05/2024,11/05/2024,1506.81,HEK874M,81 m² Appartement ∙ 2 chambres ∙ 5 personnes,Saas Fee - Valais
16/04/2024,11/05/2024,18/05/2024,1506.81,HEK874M,81 m² Appartement ∙ 2 chambres ∙ 5 personnes,Saas Fee - Valais
16/04/2024,18/05/2024,25/05/2024,1506.81,HEK874M,81 m² Appartement ∙ 2 chambres ∙ 5 personnes,Saas Fee - Valais
16/04/2024,25/05/2024,01/06/2024,1506.81,HEK874M,81 m² Appartement ∙ 2 chambres ∙ 5 personnes,Saas Fee - Valais
16/04/2024,01/06/2024,08/06/2024,1506.81,HEK874M,81 m² Appartement ∙ 2 chambres ∙ 5 personnes,Saas Fee - Valais
16/04/2024,08/06/2024,15/06/2024,1506.81,HEK874M,81 m² Appartement ∙ 2 chambres ∙ 5 personnes,Saas Fee - Valais
16/04/2024,15/06/2024,22/06/2024,1506.81,HEK874M,81 m² Appartement ∙ 2 chambres ∙ 5 personnes,Saas Fee - Valais
16/04/2024,22/06/2024,29/06/2024,1506.81,HEK874M,81 m² Appartement ∙ 2 chambres ∙ 5 personnes,Saas Fee - Valais
16/04/2024,29/06/2024,06/07/2024,1506.81,HEK874M,81 m² Appartement ∙ 2 chambres ∙ 5 personnes,Saas Fee - Valais
16/04/2024,06/07/2024,13/07/2024,1606.88,HEK874M,81 m² Appartement ∙ 2 chambres ∙ 5 personnes,Saas Fee - Valais
16/04/2024,13/07/2024,20/07/2024,2022.13,HEK874M,81 m² Appartement ∙ 2 chambres ∙ 5 personnes,Saas Fee - Valais
16/04/2024,20/07/2024,27/07/2024,2022.13,HEK874M,81 m² Appartement ∙ 2 chambres ∙ 5 personnes,Saas Fee - Valais
16/04/2024,27/07/2024,03/08/2024,2022.13,HEK874M,81 m² Appartement ∙ 2 chambres ∙ 5 personnes,Saas Fee - Valais
16/04/2024,03/08/2024,10/08/2024,2022.13,HEK874M,81 m² Appartement ∙ 2 chambres ∙ 5 personnes,Saas Fee - Valais
16/04/2024,10/08/2024,17/08/2024,2022.13,HEK874M,81 m² Appartement ∙ 2 chambres ∙ 5 personnes,Saas Fee - Valais
16/04/2024,17/08/2024,24/08/2024,2022.13,HEK874M,81 m² Appartement ∙ 2 chambres ∙ 5 personnes,Saas Fee - Valais
16/04/2024,24/08/2024,31/08/2024,2022.13,HEK874M,81 m² Appartement ∙ 2 chambres ∙ 5 personnes,Saas Fee - Valais
16/04/2024,31/08/2024,07/09/2024,1690.97,HEK874M,81 m² Appartement ∙ 2 chambres ∙ 5 personnes,Saas Fee - Valais
16/04/2024,07/09/2024,14/09/2024,1606.88,HEK874M,81 m² Appartement ∙ 2 chambres ∙ 5 personnes,Saas Fee - Valais
16/04/2024,14/09/2024,21/09/2024,1606.88,HEK874M,81 m² Appartement ∙ 2 chambres ∙ 5 personnes,Saas Fee - Valais
16/04/2024,21/09/2024,28/09/2024,1606.88,HEK874M,81 m² Appartement ∙ 2 chambres ∙ 5 personnes,Saas Fee - Valais
16/04/2024,28/09/2024,05/10/2024,1606.88,HEK874M,81 m² Appartement ∙ 2 chambres ∙ 5 personnes,Saas Fee - Valais
16/04/2024,05/10/2024,12/10/2024,1606.88,HEK874M,81 m² Appartement ∙ 2 chambres ∙ 5 personnes,Saas Fee - Valais
16/04/2024,12/10/2024,19/10/2024,1606.88,HEK874M,81 m² Appartement ∙ 2 chambres ∙ 5 personnes,Saas Fee - Valais
16/04/2024,19/10/2024,26/10/2024,1606.88,HEK874M,81 m² Appartement ∙ 2 chambres ∙ 5 personnes,Saas Fee - Valais
16/04/2024,26/10/2024,02/11/2024,1606.88,HEK874M,81 m² Appartement ∙ 2 chambres ∙ 5 personnes,Saas Fee - Valais
16/04/2024,20/04/2024,27/04/2024,563.29,HE78N12,35 m² Appartement ∙ 1 chambre ∙ 2 personnes,Loèche-les-Bains - Valais
16/04/2024,27/04/2024,04/05/2024,563.29,HE78N12,35 m² Appartement ∙ 1 chambre ∙ 2 personnes,Loèche-les-Bains - Valais
16/04/2024,04/05/2024,11/05/2024,563.29,HE78N12,35 m² Appartement ∙ 1 chambre ∙ 2 personnes,Loèche-les-Bains - Valais
16/04/2024,19/10/2024,26/10/2024,437.02,HE78N12,35 m² Appartement ∙ 1 chambre ∙ 2 personnes,Loèche-les-Bains - Valais
16/04/2024,26/10/2024,02/11/2024,424.64,HE78N12,35 m² Appartement ∙ 1 chambre ∙ 2 personnes,Loèche-les-Bains - Valais
16/04/2024,20/04/2024,27/04/2024,983.19,HDG9E1W,70 m² Appartement ∙ 2 chambres ∙ 4 personnes,Grächen - Valais
16/04/2024,27/04/2024,04/05/2024,983.19,HDG9E1W,70 m² Appartement ∙ 2 chambres ∙ 4 personnes,Grächen - Valais
16/04/2024,04/05/2024,11/05/2024,983.19,HDG9E1W,70 m² Appartement ∙ 2 chambres ∙ 4 personnes,Grächen - Valais
16/04/2024,11/05/2024,18/05/2024,983.19,HDG9E1W,70 m² Appartement ∙ 2 chambres ∙ 4 personnes,Grächen - Valais
16/04/2024,18/05/2024,25/05/2024,983.19,HDG9E1W,70 m² Appartement ∙ 2 chambres ∙ 4 personnes,Grächen - Valais
16/04/2024,25/05/2024,01/06/2024,983.19,HDG9E1W,70 m² Appartement ∙ 2 chambres ∙ 4 personnes,Grächen - Valais
16/04/2024,01/06/2024,08/06/2024,983.19,HDG9E1W,70 m² Appartement ∙ 2 chambres ∙ 4 personnes,Grächen - Valais
16/04/2024,19/10/2024,26/10/2024,983.19,HDG9E1W,70 m² Appartement ∙ 2 chambres ∙ 4 personnes,Grächen - Valais
16/04/2024,26/10/2024,02/11/2024,983.19,HDG9E1W,70 m² Appartement ∙ 2 chambres ∙ 4 personnes,Grächen - Valais
16/04/2024,24/08/2024,31/08/2024,1027.72,H8X59Z0,60 m² Appartement ∙ 1 chambre ∙ 5 personnes,Saas Fee - Valais
16/04/2024,31/08/2024,07/09/2024,1027.72,H8X59Z0,60 m² Appartement ∙ 1 chambre ∙ 5 personnes,Saas Fee - Valais
16/04/2024,07/09/2024,14/09/2024,1027.72,H8X59Z0,60 m² Appartement ∙ 1 chambre ∙ 5 personnes,Saas Fee - Valais
16/04/2024,14/09/2024,21/09/2024,1027.72,H8X59Z0,60 m² Appartement ∙ 1 chambre ∙ 5 personnes,Saas Fee - Valais
16/04/2024,21/09/2024,28/09/2024,1027.72,H8X59Z0,60 m² Appartement ∙ 1 chambre ∙ 5 personnes,Saas Fee - Valais
16/04/2024,28/09/2024,05/10/2024,1027.72,H8X59Z0,60 m² Appartement ∙ 1 chambre ∙ 5 personnes,Saas Fee - Valais
16/04/2024,05/10/2024,12/10/2024,1027.72,H8X59Z0,60 m² Appartement ∙ 1 chambre ∙ 5 personnes,Saas Fee - Valais
16/04/2024,12/10/2024,19/10/2024,1027.72,H8X59Z0,60 m² Appartement ∙ 1 chambre ∙ 5 personnes,Saas Fee - Valais
16/04/2024,19/10/2024,26/10/2024,1027.72,H8X59Z0,60 m² Appartement ∙ 1 chambre ∙ 5 personnes,Saas Fee - Valais
16/04/2024,26/10/2024,02/11/2024,1027.72,H8X59Z0,60 m² Appartement ∙ 1 chambre ∙ 5 personnes,Saas Fee - Valais
16/04/2024,04/05/2024,11/05/2024,1757.97,H67URWN,Appartement ∙ 3 chambres ∙ 6 personnes,Betten - Bettmeralp - Valais
16/04/2024,11/05/2024,18/05/2024,1757.97,H67URWN,Appartement ∙ 3 chambres ∙ 6 personnes,Betten - Bettmeralp - Valais
16/04/2024,18/05/2024,25/05/2024,1757.97,H67URWN,Appartement ∙ 3 chambres ∙ 6 personnes,Betten - Bettmeralp - Valais
16/04/2024,25/05/2024,01/06/2024,1757.97,H67URWN,Appartement ∙ 3 chambres ∙ 6 personnes,Betten - Bettmeralp - Valais
16/04/2024,01/06/2024,08/06/2024,1757.97,H67URWN,Appartement ∙ 3 chambres ∙ 6 personnes,Betten - Bettmeralp - Valais
16/04/2024,08/06/2024,15/06/2024,1757.97,H67URWN,Appartement ∙ 3 chambres ∙ 6 personnes,Betten - Bettmeralp - Valais
16/04/2024,15/06/2024,22/06/2024,1757.97,H67URWN,Appartement ∙ 3 chambres ∙ 6 personnes,Betten - Bettmeralp - Valais
16/04/2024,22/06/2024,29/06/2024,1757.97,H67URWN,Appartement ∙ 3 chambres ∙ 6 personnes,Betten - Bettmeralp - Valais
16/04/2024,06/07/2024,13/07/2024,1757.97,H67URWN,Appartement ∙ 3 chambres ∙ 6 personnes,Betten - Bettmeralp - Valais
16/04/2024,13/07/2024,20/07/2024,1757.97,H67URWN,Appartement ∙ 3 chambres ∙ 6 personnes,Betten - Bettmeralp - Valais
16/04/2024,03/08/2024,10/08/2024,1757.97,H67URWN,Appartement ∙ 3 chambres ∙ 6 personnes,Betten - Bettmeralp - Valais
16/04/2024,17/08/2024,24/08/2024,1757.97,H67URWN,Appartement ∙ 3 chambres ∙ 6 personnes,Betten - Bettmeralp - Valais
16/04/2024,24/08/2024,31/08/2024,1757.97,H67URWN,Appartement ∙ 3 chambres ∙ 6 personnes,Betten - Bettmeralp - Valais
16/04/2024,14/09/2024,21/09/2024,1757.97,H67URWN,Appartement ∙ 3 chambres ∙ 6 personnes,Betten - Bettmeralp - Valais
16/04/2024,21/09/2024,28/09/2024,1757.97,H67URWN,Appartement ∙ 3 chambres ∙ 6 personnes,Betten - Bettmeralp - Valais
16/04/2024,28/09/2024,05/10/2024,1757.97,H67URWN,Appartement ∙ 3 chambres ∙ 6 personnes,Betten - Bettmeralp - Valais
16/04/2024,12/10/2024,19/10/2024,1757.97,H67URWN,Appartement ∙ 3 chambres ∙ 6 personnes,Betten - Bettmeralp - Valais
16/04/2024,19/10/2024,26/10/2024,1757.97,H67URWN,Appartement ∙ 3 chambres ∙ 6 personnes,Betten - Bettmeralp - Valais
16/04/2024,26/10/2024,02/11/2024,1757.97,H67URWN,Appartement ∙ 3 chambres ∙ 6 personnes,Betten - Bettmeralp - Valais
16/04/2024,20/04/2024,27/04/2024,1061.31,HGLV9FA,56 m² Appartement ∙ 2 chambres ∙ 6 personnes,Zinal - Ayer - Valais
16/04/2024,27/04/2024,04/05/2024,1061.31,HGLV9FA,56 m² Appartement ∙ 2 chambres ∙ 6 personnes,Zinal - Ayer - Valais
16/04/2024,04/05/2024,11/05/2024,1061.31,HGLV9FA,56 m² Appartement ∙ 2 chambres ∙ 6 personnes,Zinal - Ayer - Valais
16/04/2024,11/05/2024,18/05/2024,1061.31,HGLV9FA,56 m² Appartement ∙ 2 chambres ∙ 6 personnes,Zinal - Ayer - Valais
16/04/2024,18/05/2024,25/05/2024,1061.31,HGLV9FA,56 m² Appartement ∙ 2 chambres ∙ 6 personnes,Zinal - Ayer - Valais
16/04/2024,25/05/2024,01/06/2024,1193.97,HGLV9FA,56 m² Appartement ∙ 2 chambres ∙ 6 personnes,Zinal - Ayer - Valais
16/04/2024,01/06/2024,08/06/2024,1193.97,HGLV9FA,56 m² Appartement ∙ 2 chambres ∙ 6 personnes,Zinal - Ayer - Valais
16/04/2024,08/06/2024,15/06/2024,1193.97,HGLV9FA,56 m² Appartement ∙ 2 chambres ∙ 6 personnes,Zinal - Ayer - Valais
16/04/2024,15/06/2024,22/06/2024,1193.97,HGLV9FA,56 m² Appartement ∙ 2 chambres ∙ 6 personnes,Zinal - Ayer - Valais
16/04/2024,22/06/2024,29/06/2024,1193.97,HGLV9FA,56 m² Appartement ∙ 2 chambres ∙ 6 personnes,Zinal - Ayer - Valais
16/04/2024,29/06/2024,06/07/2024,1258.32,HGLV9FA,56 m² Appartement ∙ 2 chambres ∙ 6 personnes,Zinal - Ayer - Valais
16/04/2024,06/07/2024,13/07/2024,1258.32,HGLV9FA,56 m² Appartement ∙ 2 chambres ∙ 6 personnes,Zinal - Ayer - Valais
16/04/2024,13/07/2024,20/07/2024,1493.46,HGLV9FA,56 m² Appartement ∙ 2 chambres ∙ 6 personnes,Zinal - Ayer - Valais
16/04/2024,20/07/2024,27/07/2024,1493.46,HGLV9FA,56 m² Appartement ∙ 2 chambres ∙ 6 personnes,Zinal - Ayer - Valais
16/04/2024,17/08/2024,24/08/2024,1258.32,HGLV9FA,56 m² Appartement ∙ 2 chambres ∙ 6 personnes,Zinal - Ayer - Valais
16/04/2024,24/08/2024,31/08/2024,1193.97,HGLV9FA,56 m² Appartement ∙ 2 chambres ∙ 6 personnes,Zinal - Ayer - Valais
16/04/2024,31/08/2024,07/09/2024,1193.97,HGLV9FA,56 m² Appartement ∙ 2 chambres ∙ 6 personnes,Zinal - Ayer - Valais
16/04/2024,07/09/2024,14/09/2024,1193.97,HGLV9FA,56 m² Appartement ∙ 2 chambres ∙ 6 personnes,Zinal - Ayer - Valais
16/04/2024,14/09/2024,21/09/2024,1193.97,HGLV9FA,56 m² Appartement ∙ 2 chambres ∙ 6 personnes,Zinal - Ayer - Valais
16/04/2024,21/09/2024,28/09/2024,1193.97,HGLV9FA,56 m² Appartement ∙ 2 chambres ∙ 6 personnes,Zinal - Ayer - Valais
16/04/2024,28/09/2024,05/10/2024,1193.97,HGLV9FA,56 m² Appartement ∙ 2 chambres ∙ 6 personnes,Zinal - Ayer - Valais
16/04/2024,05/10/2024,12/10/2024,1193.97,HGLV9FA,56 m² Appartement ∙ 2 chambres ∙ 6 personnes,Zinal - Ayer - Valais
16/04/2024,12/10/2024,19/10/2024,1193.97,HGLV9FA,56 m² Appartement ∙ 2 chambres ∙ 6 personnes,Zinal - Ayer - Valais
16/04/2024,19/10/2024,26/10/2024,1193.97,HGLV9FA,56 m² Appartement ∙ 2 chambres ∙ 6 personnes,Zinal - Ayer - Valais
16/04/2024,20/04/2024,27/04/2024,2234.00,H8YEUA6,160 m² Appartement ∙ 4 chambres ∙ 10 personnes,Isérables - Valais
16/04/2024,27/04/2024,04/05/2024,2234.00,H8YEUA6,160 m² Appartement ∙ 4 chambres ∙ 10 personnes,Isérables - Valais
16/04/2024,20/04/2024,27/04/2024,772.73,H2RT6SU,85 m² Appartement ∙ 3 chambres ∙ 8 personnes,Saas Grund - Valais
16/04/2024,27/04/2024,04/05/2024,772.73,H2RT6SU,85 m² Appartement ∙ 3 chambres ∙ 8 personnes,Saas Grund - Valais
16/04/2024,04/05/2024,11/05/2024,772.73,H2RT6SU,85 m² Appartement ∙ 3 chambres ∙ 8 personnes,Saas Grund - Valais
16/04/2024,11/05/2024,18/05/2024,772.73,H2RT6SU,85 m² Appartement ∙ 3 chambres ∙ 8 personnes,Saas Grund - Valais
16/04/2024,18/05/2024,25/05/2024,772.73,H2RT6SU,85 m² Appartement ∙ 3 chambres ∙ 8 personnes,Saas Grund - Valais
16/04/2024,25/05/2024,01/06/2024,772.73,H2RT6SU,85 m² Appartement ∙ 3 chambres ∙ 8 personnes,Saas Grund - Valais
16/04/2024,01/06/2024,08/06/2024,927.27,H2RT6SU,85 m² Appartement ∙ 3 chambres ∙ 8 personnes,Saas Grund - Valais
16/04/2024,08/06/2024,15/06/2024,927.27,H2RT6SU,85 m² Appartement ∙ 3 chambres ∙ 8 personnes,Saas Grund - Valais
16/04/2024,15/06/2024,22/06/2024,927.27,H2RT6SU,85 m² Appartement ∙ 3 chambres ∙ 8 personnes,Saas Grund - Valais
16/04/2024,22/06/2024,29/06/2024,927.27,H2RT6SU,85 m² Appartement ∙ 3 chambres ∙ 8 personnes,Saas Grund - Valais
16/04/2024,29/06/2024,06/07/2024,927.27,H2RT6SU,85 m² Appartement ∙ 3 chambres ∙ 8 personnes,Saas Grund - Valais
16/04/2024,27/07/2024,03/08/2024,1159.09,H2RT6SU,85 m² Appartement ∙ 3 chambres ∙ 8 personnes,Saas Grund - Valais
16/04/2024,31/08/2024,07/09/2024,927.27,H2RT6SU,85 m² Appartement ∙ 3 chambres ∙ 8 personnes,Saas Grund - Valais
16/04/2024,07/09/2024,14/09/2024,927.27,H2RT6SU,85 m² Appartement ∙ 3 chambres ∙ 8 personnes,Saas Grund - Valais
16/04/2024,14/09/2024,21/09/2024,927.27,H2RT6SU,85 m² Appartement ∙ 3 chambres ∙ 8 personnes,Saas Grund - Valais
16/04/2024,21/09/2024,28/09/2024,927.27,H2RT6SU,85 m² Appartement ∙ 3 chambres ∙ 8 personnes,Saas Grund - Valais
16/04/2024,28/09/2024,05/10/2024,927.27,H2RT6SU,85 m² Appartement ∙ 3 chambres ∙ 8 personnes,Saas Grund - Valais
16/04/2024,05/10/2024,12/10/2024,927.27,H2RT6SU,85 m² Appartement ∙ 3 chambres ∙ 8 personnes,Saas Grund - Valais
16/04/2024,12/10/2024,19/10/2024,927.27,H2RT6SU,85 m² Appartement ∙ 3 chambres ∙ 8 personnes,Saas Grund - Valais
16/04/2024,19/10/2024,26/10/2024,927.27,H2RT6SU,85 m² Appartement ∙ 3 chambres ∙ 8 personnes,Saas Grund - Valais
16/04/2024,26/10/2024,02/11/2024,905.19,H2RT6SU,85 m² Appartement ∙ 3 chambres ∙ 8 personnes,Saas Grund - Valais
16/04/2024,04/05/2024,11/05/2024,505.52,H8SU6G7,29 m² Appartement ∙ 1 chambre ∙ 2 personnes,Termen - Valais
16/04/2024,11/05/2024,18/05/2024,505.52,H8SU6G7,29 m² Appartement ∙ 1 chambre ∙ 2 personnes,Termen - Valais
16/04/2024,18/05/2024,25/05/2024,505.52,H8SU6G7,29 m² Appartement ∙ 1 chambre ∙ 2 personnes,Termen - Valais
16/04/2024,01/06/2024,08/06/2024,505.52,H8SU6G7,29 m² Appartement ∙ 1 chambre ∙ 2 personnes,Termen - Valais
16/04/2024,08/06/2024,15/06/2024,505.52,H8SU6G7,29 m² Appartement ∙ 1 chambre ∙ 2 personnes,Termen - Valais
16/04/2024,15/06/2024,22/06/2024,505.52,H8SU6G7,29 m² Appartement ∙ 1 chambre ∙ 2 personnes,Termen - Valais
16/04/2024,06/07/2024,13/07/2024,505.52,H8SU6G7,29 m² Appartement ∙ 1 chambre ∙ 2 personnes,Termen - Valais
16/04/2024,13/07/2024,20/07/2024,505.52,H8SU6G7,29 m² Appartement ∙ 1 chambre ∙ 2 personnes,Termen - Valais
16/04/2024,20/07/2024,27/07/2024,505.52,H8SU6G7,29 m² Appartement ∙ 1 chambre ∙ 2 personnes,Termen - Valais
16/04/2024,27/07/2024,03/08/2024,505.52,H8SU6G7,29 m² Appartement ∙ 1 chambre ∙ 2 personnes,Termen - Valais
16/04/2024,24/08/2024,31/08/2024,505.52,H8SU6G7,29 m² Appartement ∙ 1 chambre ∙ 2 personnes,Termen - Valais
16/04/2024,31/08/2024,07/09/2024,505.52,H8SU6G7,29 m² Appartement ∙ 1 chambre ∙ 2 personnes,Termen - Valais
16/04/2024,07/09/2024,14/09/2024,505.52,H8SU6G7,29 m² Appartement ∙ 1 chambre ∙ 2 personnes,Termen - Valais
16/04/2024,14/09/2024,21/09/2024,505.52,H8SU6G7,29 m² Appartement ∙ 1 chambre ∙ 2 personnes,Termen - Valais
16/04/2024,21/09/2024,28/09/2024,505.52,H8SU6G7,29 m² Appartement ∙ 1 chambre ∙ 2 personnes,Termen - Valais
16/04/2024,28/09/2024,05/10/2024,505.52,H8SU6G7,29 m² Appartement ∙ 1 chambre ∙ 2 personnes,Termen - Valais
16/04/2024,05/10/2024,12/10/2024,505.52,H8SU6G7,29 m² Appartement ∙ 1 chambre ∙ 2 personnes,Termen - Valais
16/04/2024,12/10/2024,19/10/2024,505.52,H8SU6G7,29 m² Appartement ∙ 1 chambre ∙ 2 personnes,Termen - Valais
16/04/2024,19/10/2024,26/10/2024,505.52,H8SU6G7,29 m² Appartement ∙ 1 chambre ∙ 2 personnes,Termen - Valais
16/04/2024,26/10/2024,02/11/2024,505.52,H8SU6G7,29 m² Appartement ∙ 1 chambre ∙ 2 personnes,Termen - Valais
16/04/2024,25/05/2024,01/06/2024,2075.45,H7Z54X9,125 m² Maison de vacances ∙ 2 chambres ∙ 6 personnes,Mase - Valais
16/04/2024,01/06/2024,08/06/2024,1966.35,H7Z54X9,125 m² Maison de vacances ∙ 2 chambres ∙ 6 personnes,Mase - Valais
16/04/2024,03/08/2024,10/08/2024,3721.74,H7Z54X9,125 m² Maison de vacances ∙ 2 chambres ∙ 6 personnes,Mase - Valais
16/04/2024,17/08/2024,24/08/2024,3505.38,H7Z54X9,125 m² Maison de vacances ∙ 2 chambres ∙ 6 personnes,Mase - Valais
16/04/2024,19/10/2024,26/10/2024,1735.39,H7Z54X9,125 m² Maison de vacances ∙ 2 chambres ∙ 6 personnes,Mase - Valais
16/04/2024,26/10/2024,02/11/2024,1770.07,H7Z54X9,125 m² Maison de vacances ∙ 2 chambres ∙ 6 personnes,Mase - Valais
16/04/2024,04/05/2024,11/05/2024,772.72,HH2BWEZ,26 m² Studio ∙ 4 personnes,Saas Fee - Valais
16/04/2024,11/05/2024,18/05/2024,772.72,HH2BWEZ,26 m² Studio ∙ 4 personnes,Saas Fee - Valais
16/04/2024,25/05/2024,01/06/2024,841.17,HH2BWEZ,26 m² Studio ∙ 4 personnes,Saas Fee - Valais
16/04/2024,01/06/2024,08/06/2024,1251.81,HH2BWEZ,26 m² Studio ∙ 4 personnes,Saas Fee - Valais
16/04/2024,08/06/2024,15/06/2024,1251.81,HH2BWEZ,26 m² Studio ∙ 4 personnes,Saas Fee - Valais
16/04/2024,15/06/2024,22/06/2024,1251.81,HH2BWEZ,26 m² Studio ∙ 4 personnes,Saas Fee - Valais
16/04/2024,22/06/2024,29/06/2024,1251.81,HH2BWEZ,26 m² Studio ∙ 4 personnes,Saas Fee - Valais
16/04/2024,29/06/2024,06/07/2024,1251.81,HH2BWEZ,26 m² Studio ∙ 4 personnes,Saas Fee - Valais
16/04/2024,06/07/2024,13/07/2024,1251.81,HH2BWEZ,26 m² Studio ∙ 4 personnes,Saas Fee - Valais
16/04/2024,13/07/2024,20/07/2024,1251.81,HH2BWEZ,26 m² Studio ∙ 4 personnes,Saas Fee - Valais
16/04/2024,24/08/2024,31/08/2024,1251.81,HH2BWEZ,26 m² Studio ∙ 4 personnes,Saas Fee - Valais
16/04/2024,31/08/2024,07/09/2024,1251.81,HH2BWEZ,26 m² Studio ∙ 4 personnes,Saas Fee - Valais
16/04/2024,07/09/2024,14/09/2024,1251.81,HH2BWEZ,26 m² Studio ∙ 4 personnes,Saas Fee - Valais
16/04/2024,14/09/2024,21/09/2024,1251.81,HH2BWEZ,26 m² Studio ∙ 4 personnes,Saas Fee - Valais
16/04/2024,21/09/2024,28/09/2024,1251.81,HH2BWEZ,26 m² Studio ∙ 4 personnes,Saas Fee - Valais
16/04/2024,28/09/2024,05/10/2024,1251.81,HH2BWEZ,26 m² Studio ∙ 4 personnes,Saas Fee - Valais
16/04/2024,05/10/2024,12/10/2024,986.88,HH2BWEZ,26 m² Studio ∙ 4 personnes,Saas Fee - Valais
16/04/2024,12/10/2024,19/10/2024,880.91,HH2BWEZ,26 m² Studio ∙ 4 personnes,Saas Fee - Valais
16/04/2024,26/10/2024,02/11/2024,850.00,HH2BWEZ,26 m² Studio ∙ 4 personnes,Saas Fee - Valais
16/04/2024,20/04/2024,27/04/2024,506.96,HWGBFM6,25 m² Appartement ∙ 1 chambre ∙ 2 personnes,Loèche-les-Bains - Valais
16/04/2024,27/04/2024,04/05/2024,563.29,HWGBFM6,25 m² Appartement ∙ 1 chambre ∙ 2 personnes,Loèche-les-Bains - Valais
16/04/2024,11/05/2024,18/05/2024,563.29,HWGBFM6,25 m² Appartement ∙ 1 chambre ∙ 2 personnes,Loèche-les-Bains - Valais
16/04/2024,18/05/2024,25/05/2024,535.13,HWGBFM6,25 m² Appartement ∙ 1 chambre ∙ 2 personnes,Loèche-les-Bains - Valais
16/04/2024,08/06/2024,15/06/2024,535.13,HWGBFM6,25 m² Appartement ∙ 1 chambre ∙ 2 personnes,Loèche-les-Bains - Valais
16/04/2024,22/06/2024,29/06/2024,535.13,HWGBFM6,25 m² Appartement ∙ 1 chambre ∙ 2 personnes,Loèche-les-Bains - Valais
16/04/2024,29/06/2024,06/07/2024,576.29,HWGBFM6,25 m² Appartement ∙ 1 chambre ∙ 2 personnes,Loèche-les-Bains - Valais
16/04/2024,20/07/2024,27/07/2024,576.29,HWGBFM6,25 m² Appartement ∙ 1 chambre ∙ 2 personnes,Loèche-les-Bains - Valais
16/04/2024,27/07/2024,03/08/2024,576.29,HWGBFM6,25 m² Appartement ∙ 1 chambre ∙ 2 personnes,Loèche-les-Bains - Valais
16/04/2024,03/08/2024,10/08/2024,576.29,HWGBFM6,25 m² Appartement ∙ 1 chambre ∙ 2 personnes,Loèche-les-Bains - Valais
16/04/2024,10/08/2024,17/08/2024,576.29,HWGBFM6,25 m² Appartement ∙ 1 chambre ∙ 2 personnes,Loèche-les-Bains - Valais
16/04/2024,17/08/2024,24/08/2024,576.29,HWGBFM6,25 m² Appartement ∙ 1 chambre ∙ 2 personnes,Loèche-les-Bains - Valais
16/04/2024,24/08/2024,31/08/2024,576.29,HWGBFM6,25 m² Appartement ∙ 1 chambre ∙ 2 personnes,Loèche-les-Bains - Valais
16/04/2024,31/08/2024,07/09/2024,576.29,HWGBFM6,25 m² Appartement ∙ 1 chambre ∙ 2 personnes,Loèche-les-Bains - Valais
16/04/2024,07/09/2024,14/09/2024,576.29,HWGBFM6,25 m² Appartement ∙ 1 chambre ∙ 2 personnes,Loèche-les-Bains - Valais
16/04/2024,14/09/2024,21/09/2024,576.29,HWGBFM6,25 m² Appartement ∙ 1 chambre ∙ 2 personnes,Loèche-les-Bains - Valais
16/04/2024,21/09/2024,28/09/2024,576.29,HWGBFM6,25 m² Appartement ∙ 1 chambre ∙ 2 personnes,Loèche-les-Bains - Valais
16/04/2024,28/09/2024,05/10/2024,576.29,HWGBFM6,25 m² Appartement ∙ 1 chambre ∙ 2 personnes,Loèche-les-Bains - Valais
16/04/2024,05/10/2024,12/10/2024,576.29,HWGBFM6,25 m² Appartement ∙ 1 chambre ∙ 2 personnes,Loèche-les-Bains - Valais
16/04/2024,12/10/2024,19/10/2024,576.29,HWGBFM6,25 m² Appartement ∙ 1 chambre ∙ 2 personnes,Loèche-les-Bains - Valais
16/04/2024,19/10/2024,26/10/2024,576.29,HWGBFM6,25 m² Appartement ∙ 1 chambre ∙ 2 personnes,Loèche-les-Bains - Valais
16/04/2024,26/10/2024,02/11/2024,576.29,HWGBFM6,25 m² Appartement ∙ 1 chambre ∙ 2 personnes,Loèche-les-Bains - Valais
16/04/2024,18/05/2024,25/05/2024,1607.35,HNAC5YR,Appartement ∙ 1 chambre ∙ 2 personnes,Riederalp - Valais
16/04/2024,25/05/2024,01/06/2024,1607.35,HNAC5YR,Appartement ∙ 1 chambre ∙ 2 personnes,Riederalp - Valais
16/04/2024,01/06/2024,08/06/2024,1607.35,HNAC5YR,Appartement ∙ 1 chambre ∙ 2 personnes,Riederalp - Valais
16/04/2024,08/06/2024,15/06/2024,1607.35,HNAC5YR,Appartement ∙ 1 chambre ∙ 2 personnes,Riederalp - Valais
16/04/2024,29/06/2024,06/07/2024,1607.35,HNAC5YR,Appartement ∙ 1 chambre ∙ 2 personnes,Riederalp - Valais
16/04/2024,06/07/2024,13/07/2024,1607.35,HNAC5YR,Appartement ∙ 1 chambre ∙ 2 personnes,Riederalp - Valais
16/04/2024,13/07/2024,20/07/2024,1607.35,HNAC5YR,Appartement ∙ 1 chambre ∙ 2 personnes,Riederalp - Valais
16/04/2024,17/08/2024,24/08/2024,1607.35,HNAC5YR,Appartement ∙ 1 chambre ∙ 2 personnes,Riederalp - Valais
16/04/2024,24/08/2024,31/08/2024,1607.35,HNAC5YR,Appartement ∙ 1 chambre ∙ 2 personnes,Riederalp - Valais
16/04/2024,21/09/2024,28/09/2024,1607.35,HNAC5YR,Appartement ∙ 1 chambre ∙ 2 personnes,Riederalp - Valais
16/04/2024,28/09/2024,05/10/2024,1607.35,HNAC5YR,Appartement ∙ 1 chambre ∙ 2 personnes,Riederalp - Valais
16/04/2024,20/04/2024,27/04/2024,577.73,HU4AC7G,Appartement ∙ 1 chambre ∙ 4 personnes,Grächen - Valais
16/04/2024,15/06/2024,22/06/2024,577.73,HU4AC7G,Appartement ∙ 1 chambre ∙ 4 personnes,Grächen - Valais
16/04/2024,29/06/2024,06/07/2024,819.35,HU4AC7G,Appartement ∙ 1 chambre ∙ 4 personnes,Grächen - Valais
16/04/2024,06/07/2024,13/07/2024,649.95,HU4AC7G,Appartement ∙ 1 chambre ∙ 4 personnes,Grächen - Valais
16/04/2024,13/07/2024,20/07/2024,649.95,HU4AC7G,Appartement ∙ 1 chambre ∙ 4 personnes,Grächen - Valais
16/04/2024,10/08/2024,17/08/2024,649.95,HU4AC7G,Appartement ∙ 1 chambre ∙ 4 personnes,Grächen - Valais
16/04/2024,17/08/2024,24/08/2024,649.95,HU4AC7G,Appartement ∙ 1 chambre ∙ 4 personnes,Grächen - Valais
16/04/2024,24/08/2024,31/08/2024,649.95,HU4AC7G,Appartement ∙ 1 chambre ∙ 4 personnes,Grächen - Valais
16/04/2024,14/09/2024,21/09/2024,577.73,HU4AC7G,Appartement ∙ 1 chambre ∙ 4 personnes,Grächen - Valais
16/04/2024,21/09/2024,28/09/2024,577.73,HU4AC7G,Appartement ∙ 1 chambre ∙ 4 personnes,Grächen - Valais
16/04/2024,28/09/2024,05/10/2024,577.73,HU4AC7G,Appartement ∙ 1 chambre ∙ 4 personnes,Grächen - Valais
16/04/2024,20/04/2024,27/04/2024,653.05,HX9PV0U,30 m² Appartement ∙ 1 chambre ∙ 2 personnes,Verbier - Bagnes - Valais
16/04/2024,27/04/2024,04/05/2024,872.80,HX9PV0U,30 m² Appartement ∙ 1 chambre ∙ 2 personnes,Verbier - Bagnes - Valais
16/04/2024,04/05/2024,11/05/2024,872.80,HX9PV0U,30 m² Appartement ∙ 1 chambre ∙ 2 personnes,Verbier - Bagnes - Valais
16/04/2024,11/05/2024,18/05/2024,872.80,HX9PV0U,30 m² Appartement ∙ 1 chambre ∙ 2 personnes,Verbier - Bagnes - Valais
16/04/2024,18/05/2024,25/05/2024,872.80,HX9PV0U,30 m² Appartement ∙ 1 chambre ∙ 2 personnes,Verbier - Bagnes - Valais
16/04/2024,25/05/2024,01/06/2024,872.80,HX9PV0U,30 m² Appartement ∙ 1 chambre ∙ 2 personnes,Verbier - Bagnes - Valais
16/04/2024,01/06/2024,08/06/2024,872.80,HX9PV0U,30 m² Appartement ∙ 1 chambre ∙ 2 personnes,Verbier - Bagnes - Valais
16/04/2024,15/06/2024,22/06/2024,872.80,HX9PV0U,30 m² Appartement ∙ 1 chambre ∙ 2 personnes,Verbier - Bagnes - Valais
16/04/2024,22/06/2024,29/06/2024,872.80,HX9PV0U,30 m² Appartement ∙ 1 chambre ∙ 2 personnes,Verbier - Bagnes - Valais
16/04/2024,31/08/2024,07/09/2024,872.80,HX9PV0U,30 m² Appartement ∙ 1 chambre ∙ 2 personnes,Verbier - Bagnes - Valais
16/04/2024,21/09/2024,28/09/2024,872.80,HX9PV0U,30 m² Appartement ∙ 1 chambre ∙ 2 personnes,Verbier - Bagnes - Valais
16/04/2024,28/09/2024,05/10/2024,872.80,HX9PV0U,30 m² Appartement ∙ 1 chambre ∙ 2 personnes,Verbier - Bagnes - Valais
16/04/2024,05/10/2024,12/10/2024,872.80,HX9PV0U,30 m² Appartement ∙ 1 chambre ∙ 2 personnes,Verbier - Bagnes - Valais
16/04/2024,12/10/2024,19/10/2024,872.80,HX9PV0U,30 m² Appartement ∙ 1 chambre ∙ 2 personnes,Verbier - Bagnes - Valais
16/04/2024,19/10/2024,26/10/2024,872.80,HX9PV0U,30 m² Appartement ∙ 1 chambre ∙ 2 personnes,Verbier - Bagnes - Valais
16/04/2024,26/10/2024,02/11/2024,872.80,HX9PV0U,30 m² Appartement ∙ 1 chambre ∙ 2 personnes,Verbier - Bagnes - Valais
16/04/2024,20/04/2024,27/04/2024,1486.64,HSE9YNM,120 m² Appartement ∙ 3 chambres ∙ 6 personnes,Zermatt - Valais
16/04/2024,27/04/2024,04/05/2024,1831.22,HSE9YNM,120 m² Appartement ∙ 3 chambres ∙ 6 personnes,Zermatt - Valais
16/04/2024,11/05/2024,18/05/2024,1831.22,HSE9YNM,120 m² Appartement ∙ 3 chambres ∙ 6 personnes,Zermatt - Valais
16/04/2024,25/05/2024,01/06/2024,1831.22,HSE9YNM,120 m² Appartement ∙ 3 chambres ∙ 6 personnes,Zermatt - Valais
16/04/2024,22/06/2024,29/06/2024,1831.22,HSE9YNM,120 m² Appartement ∙ 3 chambres ∙ 6 personnes,Zermatt - Valais
16/04/2024,10/08/2024,17/08/2024,2057.16,HSE9YNM,120 m² Appartement ∙ 3 chambres ∙ 6 personnes,Zermatt - Valais
16/04/2024,31/08/2024,07/09/2024,1831.22,HSE9YNM,120 m² Appartement ∙ 3 chambres ∙ 6 personnes,Zermatt - Valais
16/04/2024,07/09/2024,14/09/2024,1831.22,HSE9YNM,120 m² Appartement ∙ 3 chambres ∙ 6 personnes,Zermatt - Valais
16/04/2024,14/09/2024,21/09/2024,1831.22,HSE9YNM,120 m² Appartement ∙ 3 chambres ∙ 6 personnes,Zermatt - Valais
16/04/2024,28/09/2024,05/10/2024,1831.22,HSE9YNM,120 m² Appartement ∙ 3 chambres ∙ 6 personnes,Zermatt - Valais
16/04/2024,05/10/2024,12/10/2024,1831.22,HSE9YNM,120 m² Appartement ∙ 3 chambres ∙ 6 personnes,Zermatt - Valais
16/04/2024,12/10/2024,19/10/2024,1831.22,HSE9YNM,120 m² Appartement ∙ 3 chambres ∙ 6 personnes,Zermatt - Valais
16/04/2024,19/10/2024,26/10/2024,1831.22,HSE9YNM,120 m² Appartement ∙ 3 chambres ∙ 6 personnes,Zermatt - Valais
16/04/2024,26/10/2024,02/11/2024,1831.22,HSE9YNM,120 m² Appartement ∙ 3 chambres ∙ 6 personnes,Zermatt - Valais
16/04/2024,20/04/2024,27/04/2024,1184.36,H94FPWJ,Appartement ∙ 2 chambres ∙ 4 personnes,Saas Grund - Valais
16/04/2024,27/04/2024,04/05/2024,1184.36,H94FPWJ,Appartement ∙ 2 chambres ∙ 4 personnes,Saas Grund - Valais
16/04/2024,04/05/2024,11/05/2024,1184.36,H94FPWJ,Appartement ∙ 2 chambres ∙ 4 personnes,Saas Grund - Valais
16/04/2024,11/05/2024,18/05/2024,1184.36,H94FPWJ,Appartement ∙ 2 chambres ∙ 4 personnes,Saas Grund - Valais
16/04/2024,18/05/2024,25/05/2024,1184.36,H94FPWJ,Appartement ∙ 2 chambres ∙ 4 personnes,Saas Grund - Valais
16/04/2024,25/05/2024,01/06/2024,1184.36,H94FPWJ,Appartement ∙ 2 chambres ∙ 4 personnes,Saas Grund - Valais
16/04/2024,08/06/2024,15/06/2024,1184.36,H94FPWJ,Appartement ∙ 2 chambres ∙ 4 personnes,Saas Grund - Valais
16/04/2024,15/06/2024,22/06/2024,1184.36,H94FPWJ,Appartement ∙ 2 chambres ∙ 4 personnes,Saas Grund - Valais
16/04/2024,07/09/2024,14/09/2024,1184.36,H94FPWJ,Appartement ∙ 2 chambres ∙ 4 personnes,Saas Grund - Valais
16/04/2024,14/09/2024,21/09/2024,1184.36,H94FPWJ,Appartement ∙ 2 chambres ∙ 4 personnes,Saas Grund - Valais
16/04/2024,21/09/2024,28/09/2024,1184.36,H94FPWJ,Appartement ∙ 2 chambres ∙ 4 personnes,Saas Grund - Valais
16/04/2024,28/09/2024,05/10/2024,1184.36,H94FPWJ,Appartement ∙ 2 chambres ∙ 4 personnes,Saas Grund - Valais
16/04/2024,05/10/2024,12/10/2024,1184.36,H94FPWJ,Appartement ∙ 2 chambres ∙ 4 personnes,Saas Grund - Valais
16/04/2024,12/10/2024,19/10/2024,1184.36,H94FPWJ,Appartement ∙ 2 chambres ∙ 4 personnes,Saas Grund - Valais
16/04/2024,19/10/2024,26/10/2024,1184.36,H94FPWJ,Appartement ∙ 2 chambres ∙ 4 personnes,Saas Grund - Valais
16/04/2024,26/10/2024,02/11/2024,1184.36,H94FPWJ,Appartement ∙ 2 chambres ∙ 4 personnes,Saas Grund - Valais
16/04/2024,20/04/2024,27/04/2024,686.06,HSMPHFR,Appartement ∙ 3 chambres ∙ 6 personnes,Grächen - Valais
16/04/2024,01/06/2024,08/06/2024,686.07,HSMPHFR,Appartement ∙ 3 chambres ∙ 6 personnes,Grächen - Valais
16/04/2024,27/07/2024,03/08/2024,830.50,HSMPHFR,Appartement ∙ 3 chambres ∙ 6 personnes,Grächen - Valais
16/04/2024,03/08/2024,10/08/2024,830.50,HSMPHFR,Appartement ∙ 3 chambres ∙ 6 personnes,Grächen - Valais
16/04/2024,10/08/2024,17/08/2024,830.50,HSMPHFR,Appartement ∙ 3 chambres ∙ 6 personnes,Grächen - Valais
16/04/2024,17/08/2024,24/08/2024,830.50,HSMPHFR,Appartement ∙ 3 chambres ∙ 6 personnes,Grächen - Valais
16/04/2024,24/08/2024,31/08/2024,830.50,HSMPHFR,Appartement ∙ 3 chambres ∙ 6 personnes,Grächen - Valais
16/04/2024,14/09/2024,21/09/2024,686.07,HSMPHFR,Appartement ∙ 3 chambres ∙ 6 personnes,Grächen - Valais
16/04/2024,21/09/2024,28/09/2024,686.07,HSMPHFR,Appartement ∙ 3 chambres ∙ 6 personnes,Grächen - Valais
16/04/2024,11/05/2024,18/05/2024,1100.80,HTRK21C,55 m² Appartement ∙ 1 chambre ∙ 4 personnes,Zermatt - Valais
16/04/2024,18/05/2024,25/05/2024,1100.80,HTRK21C,55 m² Appartement ∙ 1 chambre ∙ 4 personnes,Zermatt - Valais
16/04/2024,25/05/2024,01/06/2024,1100.80,HTRK21C,55 m² Appartement ∙ 1 chambre ∙ 4 personnes,Zermatt - Valais
16/04/2024,01/06/2024,08/06/2024,1100.80,HTRK21C,55 m² Appartement ∙ 1 chambre ∙ 4 personnes,Zermatt - Valais
16/04/2024,08/06/2024,15/06/2024,1100.80,HTRK21C,55 m² Appartement ∙ 1 chambre ∙ 4 personnes,Zermatt - Valais
16/04/2024,22/06/2024,29/06/2024,1100.80,HTRK21C,55 m² Appartement ∙ 1 chambre ∙ 4 personnes,Zermatt - Valais
16/04/2024,29/06/2024,06/07/2024,1288.56,HTRK21C,55 m² Appartement ∙ 1 chambre ∙ 4 personnes,Zermatt - Valais
16/04/2024,06/07/2024,13/07/2024,1288.56,HTRK21C,55 m² Appartement ∙ 1 chambre ∙ 4 personnes,Zermatt - Valais
16/04/2024,17/08/2024,24/08/2024,1288.56,HTRK21C,55 m² Appartement ∙ 1 chambre ∙ 4 personnes,Zermatt - Valais
16/04/2024,24/08/2024,31/08/2024,1288.56,HTRK21C,55 m² Appartement ∙ 1 chambre ∙ 4 personnes,Zermatt - Valais
16/04/2024,31/08/2024,07/09/2024,1100.80,HTRK21C,55 m² Appartement ∙ 1 chambre ∙ 4 personnes,Zermatt - Valais
16/04/2024,07/09/2024,14/09/2024,1100.80,HTRK21C,55 m² Appartement ∙ 1 chambre ∙ 4 personnes,Zermatt - Valais
16/04/2024,14/09/2024,21/09/2024,1100.80,HTRK21C,55 m² Appartement ∙ 1 chambre ∙ 4 personnes,Zermatt - Valais
16/04/2024,28/09/2024,05/10/2024,1100.80,HTRK21C,55 m² Appartement ∙ 1 chambre ∙ 4 personnes,Zermatt - Valais
16/04/2024,05/10/2024,12/10/2024,1100.80,HTRK21C,55 m² Appartement ∙ 1 chambre ∙ 4 personnes,Zermatt - Valais
16/04/2024,12/10/2024,19/10/2024,1100.80,HTRK21C,55 m² Appartement ∙ 1 chambre ∙ 4 personnes,Zermatt - Valais
16/04/2024,19/10/2024,26/10/2024,1100.80,HTRK21C,55 m² Appartement ∙ 1 chambre ∙ 4 personnes,Zermatt - Valais
16/04/2024,26/10/2024,02/11/2024,1100.80,HTRK21C,55 m² Appartement ∙ 1 chambre ∙ 4 personnes,Zermatt - Valais
16/04/2024,27/04/2024,04/05/2024,1622.72,H3LM2GD,48 m² Appartement ∙ 2 chambres ∙ 4 personnes,Saas Fee - Valais
16/04/2024,04/05/2024,11/05/2024,1622.72,H3LM2GD,48 m² Appartement ∙ 2 chambres ∙ 4 personnes,Saas Fee - Valais
16/04/2024,11/05/2024,18/05/2024,1622.72,H3LM2GD,48 m² Appartement ∙ 2 chambres ∙ 4 personnes,Saas Fee - Valais
16/04/2024,18/05/2024,25/05/2024,1622.72,H3LM2GD,48 m² Appartement ∙ 2 chambres ∙ 4 personnes,Saas Fee - Valais
16/04/2024,25/05/2024,01/06/2024,1622.72,H3LM2GD,48 m² Appartement ∙ 2 chambres ∙ 4 personnes,Saas Fee - Valais
16/04/2024,01/06/2024,08/06/2024,1738.63,H3LM2GD,48 m² Appartement ∙ 2 chambres ∙ 4 personnes,Saas Fee - Valais
16/04/2024,08/06/2024,15/06/2024,1738.63,H3LM2GD,48 m² Appartement ∙ 2 chambres ∙ 4 personnes,Saas Fee - Valais
16/04/2024,15/06/2024,22/06/2024,1738.63,H3LM2GD,48 m² Appartement ∙ 2 chambres ∙ 4 personnes,Saas Fee - Valais
16/04/2024,22/06/2024,29/06/2024,1738.63,H3LM2GD,48 m² Appartement ∙ 2 chambres ∙ 4 personnes,Saas Fee - Valais
16/04/2024,14/09/2024,21/09/2024,1739.37,H3LM2GD,48 m² Appartement ∙ 2 chambres ∙ 4 personnes,Saas Fee - Valais
16/04/2024,21/09/2024,28/09/2024,1739.37,H3LM2GD,48 m² Appartement ∙ 2 chambres ∙ 4 personnes,Saas Fee - Valais
16/04/2024,28/09/2024,05/10/2024,1739.37,H3LM2GD,48 m² Appartement ∙ 2 chambres ∙ 4 personnes,Saas Fee - Valais
16/04/2024,05/10/2024,12/10/2024,1739.37,H3LM2GD,48 m² Appartement ∙ 2 chambres ∙ 4 personnes,Saas Fee - Valais
16/04/2024,12/10/2024,19/10/2024,1739.37,H3LM2GD,48 m² Appartement ∙ 2 chambres ∙ 4 personnes,Saas Fee - Valais
16/04/2024,19/10/2024,26/10/2024,1656.54,H3LM2GD,48 m² Appartement ∙ 2 chambres ∙ 4 personnes,Saas Fee - Valais
16/04/2024,20/04/2024,27/04/2024,1533.72,HYEDJ7S,130 m² Maison de vacances ∙ 4 chambres ∙ 6 personnes,Ovronnaz - Leytron - Valais
16/04/2024,27/04/2024,04/05/2024,1533.72,HYEDJ7S,130 m² Maison de vacances ∙ 4 chambres ∙ 6 personnes,Ovronnaz - Leytron - Valais
16/04/2024,04/05/2024,11/05/2024,1533.72,HYEDJ7S,130 m² Maison de vacances ∙ 4 chambres ∙ 6 personnes,Ovronnaz - Leytron - Valais
16/04/2024,11/05/2024,18/05/2024,1533.72,HYEDJ7S,130 m² Maison de vacances ∙ 4 chambres ∙ 6 personnes,Ovronnaz - Leytron - Valais
16/04/2024,18/05/2024,25/05/2024,1533.72,HYEDJ7S,130 m² Maison de vacances ∙ 4 chambres ∙ 6 personnes,Ovronnaz - Leytron - Valais
16/04/2024,25/05/2024,01/06/2024,1533.72,HYEDJ7S,130 m² Maison de vacances ∙ 4 chambres ∙ 6 personnes,Ovronnaz - Leytron - Valais
16/04/2024,01/06/2024,08/06/2024,1533.72,HYEDJ7S,130 m² Maison de vacances ∙ 4 chambres ∙ 6 personnes,Ovronnaz - Leytron - Valais
16/04/2024,08/06/2024,15/06/2024,1533.72,HYEDJ7S,130 m² Maison de vacances ∙ 4 chambres ∙ 6 personnes,Ovronnaz - Leytron - Valais
16/04/2024,15/06/2024,22/06/2024,1533.72,HYEDJ7S,130 m² Maison de vacances ∙ 4 chambres ∙ 6 personnes,Ovronnaz - Leytron - Valais
16/04/2024,22/06/2024,29/06/2024,1533.72,HYEDJ7S,130 m² Maison de vacances ∙ 4 chambres ∙ 6 personnes,Ovronnaz - Leytron - Valais
16/04/2024,29/06/2024,06/07/2024,1728.79,HYEDJ7S,130 m² Maison de vacances ∙ 4 chambres ∙ 6 personnes,Ovronnaz - Leytron - Valais
16/04/2024,06/07/2024,13/07/2024,1728.79,HYEDJ7S,130 m² Maison de vacances ∙ 4 chambres ∙ 6 personnes,Ovronnaz - Leytron - Valais
16/04/2024,13/07/2024,20/07/2024,1872.25,HYEDJ7S,130 m² Maison de vacances ∙ 4 chambres ∙ 6 personnes,Ovronnaz - Leytron - Valais
16/04/2024,20/07/2024,27/07/2024,1872.25,HYEDJ7S,130 m² Maison de vacances ∙ 4 chambres ∙ 6 personnes,Ovronnaz - Leytron - Valais
16/04/2024,27/07/2024,03/08/2024,1872.25,HYEDJ7S,130 m² Maison de vacances ∙ 4 chambres ∙ 6 personnes,Ovronnaz - Leytron - Valais
16/04/2024,03/08/2024,10/08/2024,1872.25,HYEDJ7S,130 m² Maison de vacances ∙ 4 chambres ∙ 6 personnes,Ovronnaz - Leytron - Valais
16/04/2024,10/08/2024,17/08/2024,1872.25,HYEDJ7S,130 m² Maison de vacances ∙ 4 chambres ∙ 6 personnes,Ovronnaz - Leytron - Valais
16/04/2024,17/08/2024,24/08/2024,1533.72,HYEDJ7S,130 m² Maison de vacances ∙ 4 chambres ∙ 6 personnes,Ovronnaz - Leytron - Valais
16/04/2024,24/08/2024,31/08/2024,1533.72,HYEDJ7S,130 m² Maison de vacances ∙ 4 chambres ∙ 6 personnes,Ovronnaz - Leytron - Valais
16/04/2024,31/08/2024,07/09/2024,1533.72,HYEDJ7S,130 m² Maison de vacances ∙ 4 chambres ∙ 6 personnes,Ovronnaz - Leytron - Valais
16/04/2024,07/09/2024,14/09/2024,1533.72,HYEDJ7S,130 m² Maison de vacances ∙ 4 chambres ∙ 6 personnes,Ovronnaz - Leytron - Valais
16/04/2024,14/09/2024,21/09/2024,1533.72,HYEDJ7S,130 m² Maison de vacances ∙ 4 chambres ∙ 6 personnes,Ovronnaz - Leytron - Valais
16/04/2024,21/09/2024,28/09/2024,1533.72,HYEDJ7S,130 m² Maison de vacances ∙ 4 chambres ∙ 6 personnes,Ovronnaz - Leytron - Valais
16/04/2024,28/09/2024,05/10/2024,1533.72,HYEDJ7S,130 m² Maison de vacances ∙ 4 chambres ∙ 6 personnes,Ovronnaz - Leytron - Valais
16/04/2024,05/10/2024,12/10/2024,1533.72,HYEDJ7S,130 m² Maison de vacances ∙ 4 chambres ∙ 6 personnes,Ovronnaz - Leytron - Valais
16/04/2024,12/10/2024,19/10/2024,1533.72,HYEDJ7S,130 m² Maison de vacances ∙ 4 chambres ∙ 6 personnes,Ovronnaz - Leytron - Valais
16/04/2024,19/10/2024,26/10/2024,1533.72,HYEDJ7S,130 m² Maison de vacances ∙ 4 chambres ∙ 6 personnes,Ovronnaz - Leytron - Valais
16/04/2024,26/10/2024,02/11/2024,1533.72,HYEDJ7S,130 m² Maison de vacances ∙ 4 chambres ∙ 6 personnes,Ovronnaz - Leytron - Valais
16/04/2024,25/05/2024,01/06/2024,1031.08,H5WBATL,65 m² Appartement ∙ 1 chambre ∙ 4 personnes,Zermatt - Valais
16/04/2024,01/06/2024,08/06/2024,1031.08,H5WBATL,65 m² Appartement ∙ 1 chambre ∙ 4 personnes,Zermatt - Valais
16/04/2024,08/06/2024,15/06/2024,1031.08,H5WBATL,65 m² Appartement ∙ 1 chambre ∙ 4 personnes,Zermatt - Valais
16/04/2024,15/06/2024,22/06/2024,1031.08,H5WBATL,65 m² Appartement ∙ 1 chambre ∙ 4 personnes,Zermatt - Valais
16/04/2024,22/06/2024,29/06/2024,1031.08,H5WBATL,65 m² Appartement ∙ 1 chambre ∙ 4 personnes,Zermatt - Valais
16/04/2024,27/07/2024,03/08/2024,1144.61,H5WBATL,65 m² Appartement ∙ 1 chambre ∙ 4 personnes,Zermatt - Valais
16/04/2024,24/08/2024,31/08/2024,1144.61,H5WBATL,65 m² Appartement ∙ 1 chambre ∙ 4 personnes,Zermatt - Valais
16/04/2024,31/08/2024,07/09/2024,1031.08,H5WBATL,65 m² Appartement ∙ 1 chambre ∙ 4 personnes,Zermatt - Valais
16/04/2024,07/09/2024,14/09/2024,1031.08,H5WBATL,65 m² Appartement ∙ 1 chambre ∙ 4 personnes,Zermatt - Valais
16/04/2024,14/09/2024,21/09/2024,1031.08,H5WBATL,65 m² Appartement ∙ 1 chambre ∙ 4 personnes,Zermatt - Valais
16/04/2024,21/09/2024,28/09/2024,1031.08,H5WBATL,65 m² Appartement ∙ 1 chambre ∙ 4 personnes,Zermatt - Valais
16/04/2024,28/09/2024,05/10/2024,1031.08,H5WBATL,65 m² Appartement ∙ 1 chambre ∙ 4 personnes,Zermatt - Valais
16/04/2024,05/10/2024,12/10/2024,1031.08,H5WBATL,65 m² Appartement ∙ 1 chambre ∙ 4 personnes,Zermatt - Valais
16/04/2024,12/10/2024,19/10/2024,1031.08,H5WBATL,65 m² Appartement ∙ 1 chambre ∙ 4 personnes,Zermatt - Valais
16/04/2024,19/10/2024,26/10/2024,1031.08,H5WBATL,65 m² Appartement ∙ 1 chambre ∙ 4 personnes,Zermatt - Valais
16/04/2024,26/10/2024,02/11/2024,1031.08,H5WBATL,65 m² Appartement ∙ 1 chambre ∙ 4 personnes,Zermatt - Valais
16/04/2024,15/06/2024,22/06/2024,1213.70,HBA8KMG,50 m² Appartement ∙ 2 chambres ∙ 4 personnes,Saas Fee - Valais
16/04/2024,22/06/2024,29/06/2024,1213.70,HBA8KMG,50 m² Appartement ∙ 2 chambres ∙ 4 personnes,Saas Fee - Valais
16/04/2024,06/07/2024,13/07/2024,1213.70,HBA8KMG,50 m² Appartement ∙ 2 chambres ∙ 4 personnes,Saas Fee - Valais
16/04/2024,13/07/2024,20/07/2024,1221.43,HBA8KMG,50 m² Appartement ∙ 2 chambres ∙ 4 personnes,Saas Fee - Valais
16/04/2024,17/08/2024,24/08/2024,1221.43,HBA8KMG,50 m² Appartement ∙ 2 chambres ∙ 4 personnes,Saas Fee - Valais
16/04/2024,31/08/2024,07/09/2024,1213.70,HBA8KMG,50 m² Appartement ∙ 2 chambres ∙ 4 personnes,Saas Fee - Valais
16/04/2024,21/09/2024,28/09/2024,1213.70,HBA8KMG,50 m² Appartement ∙ 2 chambres ∙ 4 personnes,Saas Fee - Valais
16/04/2024,28/09/2024,05/10/2024,1213.70,HBA8KMG,50 m² Appartement ∙ 2 chambres ∙ 4 personnes,Saas Fee - Valais
16/04/2024,05/10/2024,12/10/2024,1213.70,HBA8KMG,50 m² Appartement ∙ 2 chambres ∙ 4 personnes,Saas Fee - Valais
16/04/2024,12/10/2024,19/10/2024,1213.70,HBA8KMG,50 m² Appartement ∙ 2 chambres ∙ 4 personnes,Saas Fee - Valais
16/04/2024,27/04/2024,04/05/2024,850.36,H9GTXB8,56 m² Appartement ∙ 2 chambres ∙ 4 personnes,Saas Fee - Valais
16/04/2024,04/05/2024,11/05/2024,850.36,H9GTXB8,56 m² Appartement ∙ 2 chambres ∙ 4 personnes,Saas Fee - Valais
16/04/2024,11/05/2024,18/05/2024,850.36,H9GTXB8,56 m² Appartement ∙ 2 chambres ∙ 4 personnes,Saas Fee - Valais
16/04/2024,18/05/2024,25/05/2024,850.36,H9GTXB8,56 m² Appartement ∙ 2 chambres ∙ 4 personnes,Saas Fee - Valais
16/04/2024,25/05/2024,01/06/2024,850.36,H9GTXB8,56 m² Appartement ∙ 2 chambres ∙ 4 personnes,Saas Fee - Valais
16/04/2024,08/06/2024,15/06/2024,1004.97,H9GTXB8,56 m² Appartement ∙ 2 chambres ∙ 4 personnes,Saas Fee - Valais
16/04/2024,15/06/2024,22/06/2024,1004.97,H9GTXB8,56 m² Appartement ∙ 2 chambres ∙ 4 personnes,Saas Fee - Valais
16/04/2024,22/06/2024,29/06/2024,1159.58,H9GTXB8,56 m² Appartement ∙ 2 chambres ∙ 4 personnes,Saas Fee - Valais
16/04/2024,20/07/2024,27/07/2024,1159.58,H9GTXB8,56 m² Appartement ∙ 2 chambres ∙ 4 personnes,Saas Fee - Valais
16/04/2024,24/08/2024,31/08/2024,1004.97,H9GTXB8,56 m² Appartement ∙ 2 chambres ∙ 4 personnes,Saas Fee - Valais
16/04/2024,31/08/2024,07/09/2024,1004.97,H9GTXB8,56 m² Appartement ∙ 2 chambres ∙ 4 personnes,Saas Fee - Valais
16/04/2024,07/09/2024,14/09/2024,1004.97,H9GTXB8,56 m² Appartement ∙ 2 chambres ∙ 4 personnes,Saas Fee - Valais
16/04/2024,14/09/2024,21/09/2024,1004.97,H9GTXB8,56 m² Appartement ∙ 2 chambres ∙ 4 personnes,Saas Fee - Valais
16/04/2024,21/09/2024,28/09/2024,1004.97,H9GTXB8,56 m² Appartement ∙ 2 chambres ∙ 4 personnes,Saas Fee - Valais
16/04/2024,28/09/2024,05/10/2024,1004.97,H9GTXB8,56 m² Appartement ∙ 2 chambres ∙ 4 personnes,Saas Fee - Valais
16/04/2024,05/10/2024,12/10/2024,1004.97,H9GTXB8,56 m² Appartement ∙ 2 chambres ∙ 4 personnes,Saas Fee - Valais
16/04/2024,12/10/2024,19/10/2024,1004.97,H9GTXB8,56 m² Appartement ∙ 2 chambres ∙ 4 personnes,Saas Fee - Valais
16/04/2024,19/10/2024,26/10/2024,1004.97,H9GTXB8,56 m² Appartement ∙ 2 chambres ∙ 4 personnes,Saas Fee - Valais
16/04/2024,26/10/2024,02/11/2024,993.93,H9GTXB8,56 m² Appartement ∙ 2 chambres ∙ 4 personnes,Saas Fee - Valais
16/04/2024,20/04/2024,27/04/2024,650.23,HZATFJM,Appartement ∙ 1 chambre ∙ 4 personnes,Grächen - Valais
16/04/2024,27/04/2024,04/05/2024,650.23,HZATFJM,Appartement ∙ 1 chambre ∙ 4 personnes,Grächen - Valais
16/04/2024,04/05/2024,11/05/2024,650.23,HZATFJM,Appartement ∙ 1 chambre ∙ 4 personnes,Grächen - Valais
16/04/2024,11/05/2024,18/05/2024,650.23,HZATFJM,Appartement ∙ 1 chambre ∙ 4 personnes,Grächen - Valais
16/04/2024,18/05/2024,25/05/2024,650.23,HZATFJM,Appartement ∙ 1 chambre ∙ 4 personnes,Grächen - Valais
16/04/2024,25/05/2024,01/06/2024,650.23,HZATFJM,Appartement ∙ 1 chambre ∙ 4 personnes,Grächen - Valais
16/04/2024,01/06/2024,08/06/2024,650.23,HZATFJM,Appartement ∙ 1 chambre ∙ 4 personnes,Grächen - Valais
16/04/2024,08/06/2024,15/06/2024,650.23,HZATFJM,Appartement ∙ 1 chambre ∙ 4 personnes,Grächen - Valais
16/04/2024,13/07/2024,20/07/2024,794.72,HZATFJM,Appartement ∙ 1 chambre ∙ 4 personnes,Grächen - Valais
16/04/2024,20/07/2024,27/07/2024,794.72,HZATFJM,Appartement ∙ 1 chambre ∙ 4 personnes,Grächen - Valais
16/04/2024,27/07/2024,03/08/2024,794.72,HZATFJM,Appartement ∙ 1 chambre ∙ 4 personnes,Grächen - Valais
16/04/2024,03/08/2024,10/08/2024,794.72,HZATFJM,Appartement ∙ 1 chambre ∙ 4 personnes,Grächen - Valais
16/04/2024,10/08/2024,17/08/2024,794.72,HZATFJM,Appartement ∙ 1 chambre ∙ 4 personnes,Grächen - Valais
16/04/2024,17/08/2024,24/08/2024,794.72,HZATFJM,Appartement ∙ 1 chambre ∙ 4 personnes,Grächen - Valais
16/04/2024,24/08/2024,31/08/2024,650.23,HZATFJM,Appartement ∙ 1 chambre ∙ 4 personnes,Grächen - Valais
16/04/2024,31/08/2024,07/09/2024,650.23,HZATFJM,Appartement ∙ 1 chambre ∙ 4 personnes,Grächen - Valais
16/04/2024,07/09/2024,14/09/2024,650.23,HZATFJM,Appartement ∙ 1 chambre ∙ 4 personnes,Grächen - Valais
16/04/2024,12/10/2024,19/10/2024,650.23,HZATFJM,Appartement ∙ 1 chambre ∙ 4 personnes,Grächen - Valais
16/04/2024,19/10/2024,26/10/2024,650.23,HZATFJM,Appartement ∙ 1 chambre ∙ 4 personnes,Grächen - Valais
16/04/2024,26/10/2024,02/11/2024,650.23,HZATFJM,Appartement ∙ 1 chambre ∙ 4 personnes,Grächen - Valais
16/04/2024,22/06/2024,29/06/2024,433.49,HKLWDZ4,20 m² Village vacances ∙ 1 chambre ∙ 2 personnes,Nendaz - Valais
16/04/2024,29/06/2024,06/07/2024,433.49,HKLWDZ4,20 m² Village vacances ∙ 1 chambre ∙ 2 personnes,Nendaz - Valais
16/04/2024,06/07/2024,13/07/2024,433.49,HKLWDZ4,20 m² Village vacances ∙ 1 chambre ∙ 2 personnes,Nendaz - Valais
16/04/2024,13/07/2024,20/07/2024,433.49,HKLWDZ4,20 m² Village vacances ∙ 1 chambre ∙ 2 personnes,Nendaz - Valais
16/04/2024,20/07/2024,27/07/2024,516.06,HKLWDZ4,20 m² Village vacances ∙ 1 chambre ∙ 2 personnes,Nendaz - Valais
16/04/2024,27/07/2024,03/08/2024,516.06,HKLWDZ4,20 m² Village vacances ∙ 1 chambre ∙ 2 personnes,Nendaz - Valais
16/04/2024,03/08/2024,10/08/2024,516.06,HKLWDZ4,20 m² Village vacances ∙ 1 chambre ∙ 2 personnes,Nendaz - Valais
16/04/2024,10/08/2024,17/08/2024,516.06,HKLWDZ4,20 m² Village vacances ∙ 1 chambre ∙ 2 personnes,Nendaz - Valais
16/04/2024,17/08/2024,24/08/2024,433.49,HKLWDZ4,20 m² Village vacances ∙ 1 chambre ∙ 2 personnes,Nendaz - Valais
16/04/2024,24/08/2024,31/08/2024,433.49,HKLWDZ4,20 m² Village vacances ∙ 1 chambre ∙ 2 personnes,Nendaz - Valais
16/04/2024,31/08/2024,07/09/2024,433.49,HKLWDZ4,20 m² Village vacances ∙ 1 chambre ∙ 2 personnes,Nendaz - Valais
16/04/2024,07/09/2024,14/09/2024,433.49,HKLWDZ4,20 m² Village vacances ∙ 1 chambre ∙ 2 personnes,Nendaz - Valais
16/04/2024,20/04/2024,27/04/2024,676.03,H78KD09,Appartement ∙ 1 chambre ∙ 4 personnes,Fiesch - Valais
16/04/2024,08/06/2024,15/06/2024,676.03,H78KD09,Appartement ∙ 1 chambre ∙ 4 personnes,Fiesch - Valais
16/04/2024,15/06/2024,22/06/2024,676.03,H78KD09,Appartement ∙ 1 chambre ∙ 4 personnes,Fiesch - Valais
16/04/2024,20/07/2024,27/07/2024,753.44,H78KD09,Appartement ∙ 1 chambre ∙ 4 personnes,Fiesch - Valais
16/04/2024,21/09/2024,28/09/2024,676.03,H78KD09,Appartement ∙ 1 chambre ∙ 4 personnes,Fiesch - Valais
16/04/2024,28/09/2024,05/10/2024,676.03,H78KD09,Appartement ∙ 1 chambre ∙ 4 personnes,Fiesch - Valais
16/04/2024,05/10/2024,12/10/2024,676.03,H78KD09,Appartement ∙ 1 chambre ∙ 4 personnes,Fiesch - Valais
16/04/2024,12/10/2024,19/10/2024,676.03,H78KD09,Appartement ∙ 1 chambre ∙ 4 personnes,Fiesch - Valais
16/04/2024,19/10/2024,26/10/2024,676.03,H78KD09,Appartement ∙ 1 chambre ∙ 4 personnes,Fiesch - Valais
16/04/2024,26/10/2024,02/11/2024,676.03,H78KD09,Appartement ∙ 1 chambre ∙ 4 personnes,Fiesch - Valais
16/04/2024,20/04/2024,27/04/2024,1444.95,H6J7CR1,Appartement ∙ 1 chambre ∙ 4 personnes,Randa - Valais
16/04/2024,11/05/2024,18/05/2024,971.83,H6J7CR1,Appartement ∙ 1 chambre ∙ 4 personnes,Randa - Valais
16/04/2024,29/06/2024,06/07/2024,975.34,H6J7CR1,Appartement ∙ 1 chambre ∙ 4 personnes,Randa - Valais
16/04/2024,06/07/2024,13/07/2024,975.34,H6J7CR1,Appartement ∙ 1 chambre ∙ 4 personnes,Randa - Valais
16/04/2024,10/08/2024,17/08/2024,975.34,H6J7CR1,Appartement ∙ 1 chambre ∙ 4 personnes,Randa - Valais
16/04/2024,17/08/2024,24/08/2024,975.34,H6J7CR1,Appartement ∙ 1 chambre ∙ 4 personnes,Randa - Valais
16/04/2024,24/08/2024,31/08/2024,975.34,H6J7CR1,Appartement ∙ 1 chambre ∙ 4 personnes,Randa - Valais
16/04/2024,31/08/2024,07/09/2024,845.30,H6J7CR1,Appartement ∙ 1 chambre ∙ 4 personnes,Randa - Valais
16/04/2024,07/09/2024,14/09/2024,845.30,H6J7CR1,Appartement ∙ 1 chambre ∙ 4 personnes,Randa - Valais
16/04/2024,14/09/2024,21/09/2024,845.30,H6J7CR1,Appartement ∙ 1 chambre ∙ 4 personnes,Randa - Valais
16/04/2024,21/09/2024,28/09/2024,715.25,H6J7CR1,Appartement ∙ 1 chambre ∙ 4 personnes,Randa - Valais
16/04/2024,28/09/2024,05/10/2024,715.25,H6J7CR1,Appartement ∙ 1 chambre ∙ 4 personnes,Randa - Valais
16/04/2024,05/10/2024,12/10/2024,715.25,H6J7CR1,Appartement ∙ 1 chambre ∙ 4 personnes,Randa - Valais
16/04/2024,12/10/2024,19/10/2024,715.25,H6J7CR1,Appartement ∙ 1 chambre ∙ 4 personnes,Randa - Valais
16/04/2024,19/10/2024,26/10/2024,715.25,H6J7CR1,Appartement ∙ 1 chambre ∙ 4 personnes,Randa - Valais
16/04/2024,26/10/2024,02/11/2024,715.25,H6J7CR1,Appartement ∙ 1 chambre ∙ 4 personnes,Randa - Valais
16/04/2024,20/04/2024,27/04/2024,715.25,H7PTRJ2,80 m² Appartement ∙ 2 chambres ∙ 4 personnes,Loèche-les-Bains - Valais
16/04/2024,27/04/2024,04/05/2024,715.25,H7PTRJ2,80 m² Appartement ∙ 2 chambres ∙ 4 personnes,Loèche-les-Bains - Valais
16/04/2024,25/05/2024,01/06/2024,858.30,H7PTRJ2,80 m² Appartement ∙ 2 chambres ∙ 4 personnes,Loèche-les-Bains - Valais
16/04/2024,01/06/2024,08/06/2024,858.30,H7PTRJ2,80 m² Appartement ∙ 2 chambres ∙ 4 personnes,Loèche-les-Bains - Valais
16/04/2024,06/07/2024,13/07/2024,1209.43,H7PTRJ2,80 m² Appartement ∙ 2 chambres ∙ 4 personnes,Loèche-les-Bains - Valais
16/04/2024,13/07/2024,20/07/2024,1209.43,H7PTRJ2,80 m² Appartement ∙ 2 chambres ∙ 4 personnes,Loèche-les-Bains - Valais
16/04/2024,03/08/2024,10/08/2024,1209.43,H7PTRJ2,80 m² Appartement ∙ 2 chambres ∙ 4 personnes,Loèche-les-Bains - Valais
16/04/2024,10/08/2024,17/08/2024,1209.43,H7PTRJ2,80 m² Appartement ∙ 2 chambres ∙ 4 personnes,Loèche-les-Bains - Valais
16/04/2024,17/08/2024,24/08/2024,1209.43,H7PTRJ2,80 m² Appartement ∙ 2 chambres ∙ 4 personnes,Loèche-les-Bains - Valais
16/04/2024,24/08/2024,31/08/2024,1209.43,H7PTRJ2,80 m² Appartement ∙ 2 chambres ∙ 4 personnes,Loèche-les-Bains - Valais
16/04/2024,31/08/2024,07/09/2024,1209.43,H7PTRJ2,80 m² Appartement ∙ 2 chambres ∙ 4 personnes,Loèche-les-Bains - Valais
16/04/2024,07/09/2024,14/09/2024,1209.43,H7PTRJ2,80 m² Appartement ∙ 2 chambres ∙ 4 personnes,Loèche-les-Bains - Valais
16/04/2024,14/09/2024,21/09/2024,1209.43,H7PTRJ2,80 m² Appartement ∙ 2 chambres ∙ 4 personnes,Loèche-les-Bains - Valais
16/04/2024,21/09/2024,28/09/2024,1209.43,H7PTRJ2,80 m² Appartement ∙ 2 chambres ∙ 4 personnes,Loèche-les-Bains - Valais
16/04/2024,28/09/2024,05/10/2024,1209.43,H7PTRJ2,80 m² Appartement ∙ 2 chambres ∙ 4 personnes,Loèche-les-Bains - Valais
16/04/2024,05/10/2024,12/10/2024,1209.43,H7PTRJ2,80 m² Appartement ∙ 2 chambres ∙ 4 personnes,Loèche-les-Bains - Valais
16/04/2024,26/10/2024,02/11/2024,858.30,H7PTRJ2,80 m² Appartement ∙ 2 chambres ∙ 4 personnes,Loèche-les-Bains - Valais
16/04/2024,20/04/2024,27/04/2024,866.98,HWBG9X0,90 m² Appartement ∙ 1 chambre ∙ 4 personnes,Saas-Almagell - Valais
16/04/2024,27/04/2024,04/05/2024,866.98,HWBG9X0,90 m² Appartement ∙ 1 chambre ∙ 4 personnes,Saas-Almagell - Valais
16/04/2024,04/05/2024,11/05/2024,866.98,HWBG9X0,90 m² Appartement ∙ 1 chambre ∙ 4 personnes,Saas-Almagell - Valais
16/04/2024,11/05/2024,18/05/2024,866.98,HWBG9X0,90 m² Appartement ∙ 1 chambre ∙ 4 personnes,Saas-Almagell - Valais
16/04/2024,18/05/2024,25/05/2024,866.98,HWBG9X0,90 m² Appartement ∙ 1 chambre ∙ 4 personnes,Saas-Almagell - Valais
16/04/2024,25/05/2024,01/06/2024,866.98,HWBG9X0,90 m² Appartement ∙ 1 chambre ∙ 4 personnes,Saas-Almagell - Valais
16/04/2024,01/06/2024,08/06/2024,866.98,HWBG9X0,90 m² Appartement ∙ 1 chambre ∙ 4 personnes,Saas-Almagell - Valais
16/04/2024,08/06/2024,15/06/2024,866.98,HWBG9X0,90 m² Appartement ∙ 1 chambre ∙ 4 personnes,Saas-Almagell - Valais
16/04/2024,15/06/2024,22/06/2024,866.98,HWBG9X0,90 m² Appartement ∙ 1 chambre ∙ 4 personnes,Saas-Almagell - Valais
16/04/2024,22/06/2024,29/06/2024,866.98,HWBG9X0,90 m² Appartement ∙ 1 chambre ∙ 4 personnes,Saas-Almagell - Valais
16/04/2024,29/06/2024,06/07/2024,866.98,HWBG9X0,90 m² Appartement ∙ 1 chambre ∙ 4 personnes,Saas-Almagell - Valais
16/04/2024,06/07/2024,13/07/2024,866.98,HWBG9X0,90 m² Appartement ∙ 1 chambre ∙ 4 personnes,Saas-Almagell - Valais
16/04/2024,13/07/2024,20/07/2024,866.98,HWBG9X0,90 m² Appartement ∙ 1 chambre ∙ 4 personnes,Saas-Almagell - Valais
16/04/2024,20/07/2024,27/07/2024,866.98,HWBG9X0,90 m² Appartement ∙ 1 chambre ∙ 4 personnes,Saas-Almagell - Valais
16/04/2024,27/07/2024,03/08/2024,866.98,HWBG9X0,90 m² Appartement ∙ 1 chambre ∙ 4 personnes,Saas-Almagell - Valais
16/04/2024,03/08/2024,10/08/2024,866.98,HWBG9X0,90 m² Appartement ∙ 1 chambre ∙ 4 personnes,Saas-Almagell - Valais
16/04/2024,31/08/2024,07/09/2024,866.98,HWBG9X0,90 m² Appartement ∙ 1 chambre ∙ 4 personnes,Saas-Almagell - Valais
16/04/2024,07/09/2024,14/09/2024,866.98,HWBG9X0,90 m² Appartement ∙ 1 chambre ∙ 4 personnes,Saas-Almagell - Valais
16/04/2024,14/09/2024,21/09/2024,866.98,HWBG9X0,90 m² Appartement ∙ 1 chambre ∙ 4 personnes,Saas-Almagell - Valais
16/04/2024,21/09/2024,28/09/2024,866.98,HWBG9X0,90 m² Appartement ∙ 1 chambre ∙ 4 personnes,Saas-Almagell - Valais
16/04/2024,28/09/2024,05/10/2024,866.98,HWBG9X0,90 m² Appartement ∙ 1 chambre ∙ 4 personnes,Saas-Almagell - Valais
16/04/2024,05/10/2024,12/10/2024,866.98,HWBG9X0,90 m² Appartement ∙ 1 chambre ∙ 4 personnes,Saas-Almagell - Valais
16/04/2024,12/10/2024,19/10/2024,866.98,HWBG9X0,90 m² Appartement ∙ 1 chambre ∙ 4 personnes,Saas-Almagell - Valais
16/04/2024,19/10/2024,26/10/2024,866.98,HWBG9X0,90 m² Appartement ∙ 1 chambre ∙ 4 personnes,Saas-Almagell - Valais
16/04/2024,26/10/2024,02/11/2024,866.98,HWBG9X0,90 m² Appartement ∙ 1 chambre ∙ 4 personnes,Saas-Almagell - Valais
16/04/2024,22/06/2024,29/06/2024,1119.84,HAWG3E7,80 m² Appartement ∙ 3 chambres ∙ 6 personnes,Termen - Valais
16/04/2024,29/06/2024,06/07/2024,1119.84,HAWG3E7,80 m² Appartement ∙ 3 chambres ∙ 6 personnes,Termen - Valais
16/04/2024,06/07/2024,13/07/2024,1119.84,HAWG3E7,80 m² Appartement ∙ 3 chambres ∙ 6 personnes,Termen - Valais
16/04/2024,13/07/2024,20/07/2024,1119.84,HAWG3E7,80 m² Appartement ∙ 3 chambres ∙ 6 personnes,Termen - Valais
16/04/2024,03/08/2024,10/08/2024,1119.84,HAWG3E7,80 m² Appartement ∙ 3 chambres ∙ 6 personnes,Termen - Valais
16/04/2024,24/08/2024,31/08/2024,1119.84,HAWG3E7,80 m² Appartement ∙ 3 chambres ∙ 6 personnes,Termen - Valais
16/04/2024,31/08/2024,07/09/2024,1119.84,HAWG3E7,80 m² Appartement ∙ 3 chambres ∙ 6 personnes,Termen - Valais
16/04/2024,07/09/2024,14/09/2024,1119.84,HAWG3E7,80 m² Appartement ∙ 3 chambres ∙ 6 personnes,Termen - Valais
16/04/2024,14/09/2024,21/09/2024,1119.84,HAWG3E7,80 m² Appartement ∙ 3 chambres ∙ 6 personnes,Termen - Valais
16/04/2024,21/09/2024,28/09/2024,1119.84,HAWG3E7,80 m² Appartement ∙ 3 chambres ∙ 6 personnes,Termen - Valais
16/04/2024,28/09/2024,05/10/2024,1119.84,HAWG3E7,80 m² Appartement ∙ 3 chambres ∙ 6 personnes,Termen - Valais
16/04/2024,05/10/2024,12/10/2024,1119.84,HAWG3E7,80 m² Appartement ∙ 3 chambres ∙ 6 personnes,Termen - Valais
16/04/2024,20/04/2024,27/04/2024,1149.77,H25BJD4,100 m² Maison de vacances ∙ 3 chambres ∙ 6 personnes,Nendaz - Valais
16/04/2024,27/04/2024,04/05/2024,1149.77,H25BJD4,100 m² Maison de vacances ∙ 3 chambres ∙ 6 personnes,Nendaz - Valais
16/04/2024,04/05/2024,11/05/2024,1149.77,H25BJD4,100 m² Maison de vacances ∙ 3 chambres ∙ 6 personnes,Nendaz - Valais
16/04/2024,11/05/2024,18/05/2024,1149.77,H25BJD4,100 m² Maison de vacances ∙ 3 chambres ∙ 6 personnes,Nendaz - Valais
16/04/2024,18/05/2024,25/05/2024,1149.77,H25BJD4,100 m² Maison de vacances ∙ 3 chambres ∙ 6 personnes,Nendaz - Valais
16/04/2024,25/05/2024,01/06/2024,1149.77,H25BJD4,100 m² Maison de vacances ∙ 3 chambres ∙ 6 personnes,Nendaz - Valais
16/04/2024,01/06/2024,08/06/2024,1149.77,H25BJD4,100 m² Maison de vacances ∙ 3 chambres ∙ 6 personnes,Nendaz - Valais
16/04/2024,08/06/2024,15/06/2024,1149.77,H25BJD4,100 m² Maison de vacances ∙ 3 chambres ∙ 6 personnes,Nendaz - Valais
16/04/2024,15/06/2024,22/06/2024,1149.77,H25BJD4,100 m² Maison de vacances ∙ 3 chambres ∙ 6 personnes,Nendaz - Valais
16/04/2024,17/08/2024,24/08/2024,1509.98,H25BJD4,100 m² Maison de vacances ∙ 3 chambres ∙ 6 personnes,Nendaz - Valais
16/04/2024,24/08/2024,31/08/2024,1149.77,H25BJD4,100 m² Maison de vacances ∙ 3 chambres ∙ 6 personnes,Nendaz - Valais
16/04/2024,31/08/2024,07/09/2024,1149.77,H25BJD4,100 m² Maison de vacances ∙ 3 chambres ∙ 6 personnes,Nendaz - Valais
16/04/2024,07/09/2024,14/09/2024,1149.77,H25BJD4,100 m² Maison de vacances ∙ 3 chambres ∙ 6 personnes,Nendaz - Valais
16/04/2024,14/09/2024,21/09/2024,1149.77,H25BJD4,100 m² Maison de vacances ∙ 3 chambres ∙ 6 personnes,Nendaz - Valais
16/04/2024,21/09/2024,28/09/2024,1149.77,H25BJD4,100 m² Maison de vacances ∙ 3 chambres ∙ 6 personnes,Nendaz - Valais
16/04/2024,28/09/2024,05/10/2024,1149.77,H25BJD4,100 m² Maison de vacances ∙ 3 chambres ∙ 6 personnes,Nendaz - Valais
16/04/2024,05/10/2024,12/10/2024,1149.77,H25BJD4,100 m² Maison de vacances ∙ 3 chambres ∙ 6 personnes,Nendaz - Valais
16/04/2024,12/10/2024,19/10/2024,1149.77,H25BJD4,100 m² Maison de vacances ∙ 3 chambres ∙ 6 personnes,Nendaz - Valais
16/04/2024,19/10/2024,26/10/2024,1149.77,H25BJD4,100 m² Maison de vacances ∙ 3 chambres ∙ 6 personnes,Nendaz - Valais
16/04/2024,26/10/2024,02/11/2024,1149.77,H25BJD4,100 m² Maison de vacances ∙ 3 chambres ∙ 6 personnes,Nendaz - Valais
16/04/2024,01/06/2024,08/06/2024,577.98,H65G7HL,95 m² Appartement ∙ 3 chambres ∙ 5 personnes,Saas Grund - Valais
16/04/2024,21/09/2024,28/09/2024,829.82,HKB1D36,35 m² Appartement ∙ 1 chambre ∙ 3 personnes,Zermatt - Valais
16/04/2024,19/10/2024,26/10/2024,829.82,HKB1D36,35 m² Appartement ∙ 1 chambre ∙ 3 personnes,Zermatt - Valais
16/04/2024,11/05/2024,18/05/2024,883.49,HF1EKL8,35 m² Appartement ∙ 1 chambre ∙ 2 personnes,Zermatt - Valais
16/04/2024,18/05/2024,25/05/2024,883.49,HF1EKL8,35 m² Appartement ∙ 1 chambre ∙ 2 personnes,Zermatt - Valais
16/04/2024,25/05/2024,01/06/2024,883.49,HF1EKL8,35 m² Appartement ∙ 1 chambre ∙ 2 personnes,Zermatt - Valais
16/04/2024,01/06/2024,08/06/2024,883.49,HF1EKL8,35 m² Appartement ∙ 1 chambre ∙ 2 personnes,Zermatt - Valais
16/04/2024,08/06/2024,15/06/2024,883.49,HF1EKL8,35 m² Appartement ∙ 1 chambre ∙ 2 personnes,Zermatt - Valais
16/04/2024,15/06/2024,22/06/2024,883.49,HF1EKL8,35 m² Appartement ∙ 1 chambre ∙ 2 personnes,Zermatt - Valais
16/04/2024,03/08/2024,10/08/2024,958.83,HF1EKL8,35 m² Appartement ∙ 1 chambre ∙ 2 personnes,Zermatt - Valais
16/04/2024,10/08/2024,17/08/2024,958.83,HF1EKL8,35 m² Appartement ∙ 1 chambre ∙ 2 personnes,Zermatt - Valais
16/04/2024,17/08/2024,24/08/2024,958.83,HF1EKL8,35 m² Appartement ∙ 1 chambre ∙ 2 personnes,Zermatt - Valais
16/04/2024,24/08/2024,31/08/2024,958.83,HF1EKL8,35 m² Appartement ∙ 1 chambre ∙ 2 personnes,Zermatt - Valais
16/04/2024,31/08/2024,07/09/2024,883.49,HF1EKL8,35 m² Appartement ∙ 1 chambre ∙ 2 personnes,Zermatt - Valais
16/04/2024,07/09/2024,14/09/2024,883.49,HF1EKL8,35 m² Appartement ∙ 1 chambre ∙ 2 personnes,Zermatt - Valais
16/04/2024,14/09/2024,21/09/2024,883.49,HF1EKL8,35 m² Appartement ∙ 1 chambre ∙ 2 personnes,Zermatt - Valais
16/04/2024,21/09/2024,28/09/2024,883.49,HF1EKL8,35 m² Appartement ∙ 1 chambre ∙ 2 personnes,Zermatt - Valais
16/04/2024,28/09/2024,05/10/2024,883.49,HF1EKL8,35 m² Appartement ∙ 1 chambre ∙ 2 personnes,Zermatt - Valais
16/04/2024,05/10/2024,12/10/2024,883.49,HF1EKL8,35 m² Appartement ∙ 1 chambre ∙ 2 personnes,Zermatt - Valais
16/04/2024,12/10/2024,19/10/2024,883.49,HF1EKL8,35 m² Appartement ∙ 1 chambre ∙ 2 personnes,Zermatt - Valais
16/04/2024,19/10/2024,26/10/2024,883.49,HF1EKL8,35 m² Appartement ∙ 1 chambre ∙ 2 personnes,Zermatt - Valais
16/04/2024,26/10/2024,02/11/2024,883.49,HF1EKL8,35 m² Appartement ∙ 1 chambre ∙ 2 personnes,Zermatt - Valais
16/04/2024,20/04/2024,27/04/2024,1399.85,HLW5GA3,120 m² Maison de vacances ∙ 3 chambres ∙ 6 personnes,Riddes - Valais
16/04/2024,01/06/2024,08/06/2024,1399.85,HLW5GA3,120 m² Maison de vacances ∙ 3 chambres ∙ 6 personnes,Riddes - Valais
16/04/2024,21/09/2024,28/09/2024,1399.86,HLW5GA3,120 m² Maison de vacances ∙ 3 chambres ∙ 6 personnes,Riddes - Valais
16/04/2024,28/09/2024,05/10/2024,1399.86,HLW5GA3,120 m² Maison de vacances ∙ 3 chambres ∙ 6 personnes,Riddes - Valais
16/04/2024,05/10/2024,12/10/2024,1399.86,HLW5GA3,120 m² Maison de vacances ∙ 3 chambres ∙ 6 personnes,Riddes - Valais
16/04/2024,12/10/2024,19/10/2024,1399.86,HLW5GA3,120 m² Maison de vacances ∙ 3 chambres ∙ 6 personnes,Riddes - Valais
16/04/2024,19/10/2024,26/10/2024,1399.86,HLW5GA3,120 m² Maison de vacances ∙ 3 chambres ∙ 6 personnes,Riddes - Valais
16/04/2024,20/04/2024,27/04/2024,1984.75,H5D3G0N,150 m² Maison de vacances ∙ 4 chambres ∙ 8 personnes,Hérémence - Valais
16/04/2024,27/04/2024,04/05/2024,1984.75,H5D3G0N,150 m² Maison de vacances ∙ 4 chambres ∙ 8 personnes,Hérémence - Valais
16/04/2024,04/05/2024,11/05/2024,1984.75,H5D3G0N,150 m² Maison de vacances ∙ 4 chambres ∙ 8 personnes,Hérémence - Valais
16/04/2024,11/05/2024,18/05/2024,1984.75,H5D3G0N,150 m² Maison de vacances ∙ 4 chambres ∙ 8 personnes,Hérémence - Valais
16/04/2024,18/05/2024,25/05/2024,1984.75,H5D3G0N,150 m² Maison de vacances ∙ 4 chambres ∙ 8 personnes,Hérémence - Valais
16/04/2024,25/05/2024,01/06/2024,1984.75,H5D3G0N,150 m² Maison de vacances ∙ 4 chambres ∙ 8 personnes,Hérémence - Valais
16/04/2024,01/06/2024,08/06/2024,1984.75,H5D3G0N,150 m² Maison de vacances ∙ 4 chambres ∙ 8 personnes,Hérémence - Valais
16/04/2024,08/06/2024,15/06/2024,1984.75,H5D3G0N,150 m² Maison de vacances ∙ 4 chambres ∙ 8 personnes,Hérémence - Valais
16/04/2024,15/06/2024,22/06/2024,1984.75,H5D3G0N,150 m² Maison de vacances ∙ 4 chambres ∙ 8 personnes,Hérémence - Valais
16/04/2024,22/06/2024,29/06/2024,1984.75,H5D3G0N,150 m² Maison de vacances ∙ 4 chambres ∙ 8 personnes,Hérémence - Valais
16/04/2024,29/06/2024,06/07/2024,1984.75,H5D3G0N,150 m² Maison de vacances ∙ 4 chambres ∙ 8 personnes,Hérémence - Valais
16/04/2024,06/07/2024,13/07/2024,2606.09,H5D3G0N,150 m² Maison de vacances ∙ 4 chambres ∙ 8 personnes,Hérémence - Valais
16/04/2024,13/07/2024,20/07/2024,2606.09,H5D3G0N,150 m² Maison de vacances ∙ 4 chambres ∙ 8 personnes,Hérémence - Valais
16/04/2024,20/07/2024,27/07/2024,2606.09,H5D3G0N,150 m² Maison de vacances ∙ 4 chambres ∙ 8 personnes,Hérémence - Valais
16/04/2024,27/07/2024,03/08/2024,2606.09,H5D3G0N,150 m² Maison de vacances ∙ 4 chambres ∙ 8 personnes,Hérémence - Valais
16/04/2024,03/08/2024,10/08/2024,2606.09,H5D3G0N,150 m² Maison de vacances ∙ 4 chambres ∙ 8 personnes,Hérémence - Valais
16/04/2024,10/08/2024,17/08/2024,2606.09,H5D3G0N,150 m² Maison de vacances ∙ 4 chambres ∙ 8 personnes,Hérémence - Valais
16/04/2024,17/08/2024,24/08/2024,2606.09,H5D3G0N,150 m² Maison de vacances ∙ 4 chambres ∙ 8 personnes,Hérémence - Valais
16/04/2024,24/08/2024,31/08/2024,1984.75,H5D3G0N,150 m² Maison de vacances ∙ 4 chambres ∙ 8 personnes,Hérémence - Valais
16/04/2024,31/08/2024,07/09/2024,1984.75,H5D3G0N,150 m² Maison de vacances ∙ 4 chambres ∙ 8 personnes,Hérémence - Valais
16/04/2024,07/09/2024,14/09/2024,1984.75,H5D3G0N,150 m² Maison de vacances ∙ 4 chambres ∙ 8 personnes,Hérémence - Valais
16/04/2024,14/09/2024,21/09/2024,1855.74,H5D3G0N,150 m² Maison de vacances ∙ 4 chambres ∙ 8 personnes,Hérémence - Valais
16/04/2024,21/09/2024,28/09/2024,1855.74,H5D3G0N,150 m² Maison de vacances ∙ 4 chambres ∙ 8 personnes,Hérémence - Valais
16/04/2024,28/09/2024,05/10/2024,1855.74,H5D3G0N,150 m² Maison de vacances ∙ 4 chambres ∙ 8 personnes,Hérémence - Valais
16/04/2024,05/10/2024,12/10/2024,1855.74,H5D3G0N,150 m² Maison de vacances ∙ 4 chambres ∙ 8 personnes,Hérémence - Valais
16/04/2024,12/10/2024,19/10/2024,1855.74,H5D3G0N,150 m² Maison de vacances ∙ 4 chambres ∙ 8 personnes,Hérémence - Valais
16/04/2024,19/10/2024,26/10/2024,1855.74,H5D3G0N,150 m² Maison de vacances ∙ 4 chambres ∙ 8 personnes,Hérémence - Valais
16/04/2024,04/05/2024,11/05/2024,910.32,HGKBHX9,51 m² Appartement ∙ 1 chambre ∙ 4 personnes,Crans-Montana - Valais
16/04/2024,11/05/2024,18/05/2024,910.32,HGKBHX9,51 m² Appartement ∙ 1 chambre ∙ 4 personnes,Crans-Montana - Valais
16/04/2024,18/05/2024,25/05/2024,910.32,HGKBHX9,51 m² Appartement ∙ 1 chambre ∙ 4 personnes,Crans-Montana - Valais
16/04/2024,25/05/2024,01/06/2024,910.32,HGKBHX9,51 m² Appartement ∙ 1 chambre ∙ 4 personnes,Crans-Montana - Valais
16/04/2024,01/06/2024,08/06/2024,910.32,HGKBHX9,51 m² Appartement ∙ 1 chambre ∙ 4 personnes,Crans-Montana - Valais
16/04/2024,08/06/2024,15/06/2024,910.32,HGKBHX9,51 m² Appartement ∙ 1 chambre ∙ 4 personnes,Crans-Montana - Valais
16/04/2024,29/06/2024,06/07/2024,910.32,HGKBHX9,51 m² Appartement ∙ 1 chambre ∙ 4 personnes,Crans-Montana - Valais
16/04/2024,06/07/2024,13/07/2024,1090.94,HGKBHX9,51 m² Appartement ∙ 1 chambre ∙ 4 personnes,Crans-Montana - Valais
16/04/2024,13/07/2024,20/07/2024,1090.94,HGKBHX9,51 m² Appartement ∙ 1 chambre ∙ 4 personnes,Crans-Montana - Valais
16/04/2024,24/08/2024,31/08/2024,910.32,HGKBHX9,51 m² Appartement ∙ 1 chambre ∙ 4 personnes,Crans-Montana - Valais
16/04/2024,21/09/2024,28/09/2024,910.32,HGKBHX9,51 m² Appartement ∙ 1 chambre ∙ 4 personnes,Crans-Montana - Valais
16/04/2024,28/09/2024,05/10/2024,910.32,HGKBHX9,51 m² Appartement ∙ 1 chambre ∙ 4 personnes,Crans-Montana - Valais
16/04/2024,05/10/2024,12/10/2024,910.32,HGKBHX9,51 m² Appartement ∙ 1 chambre ∙ 4 personnes,Crans-Montana - Valais
16/04/2024,12/10/2024,19/10/2024,910.32,HGKBHX9,51 m² Appartement ∙ 1 chambre ∙ 4 personnes,Crans-Montana - Valais
16/04/2024,19/10/2024,26/10/2024,910.32,HGKBHX9,51 m² Appartement ∙ 1 chambre ∙ 4 personnes,Crans-Montana - Valais
16/04/2024,26/10/2024,02/11/2024,910.32,HGKBHX9,51 m² Appartement ∙ 1 chambre ∙ 4 personnes,Crans-Montana - Valais
16/04/2024,20/04/2024,27/04/2024,1781.13,HVN24S0,92 m² Appartement ∙ 3 chambres ∙ 6 personnes,Saas Fee - Valais
16/04/2024,27/04/2024,04/05/2024,1607.57,HVN24S0,92 m² Appartement ∙ 3 chambres ∙ 6 personnes,Saas Fee - Valais
16/04/2024,04/05/2024,11/05/2024,1607.57,HVN24S0,92 m² Appartement ∙ 3 chambres ∙ 6 personnes,Saas Fee - Valais
16/04/2024,11/05/2024,18/05/2024,1607.57,HVN24S0,92 m² Appartement ∙ 3 chambres ∙ 6 personnes,Saas Fee - Valais
16/04/2024,18/05/2024,25/05/2024,1607.57,HVN24S0,92 m² Appartement ∙ 3 chambres ∙ 6 personnes,Saas Fee - Valais
16/04/2024,24/08/2024,31/08/2024,2022.99,HVN24S0,92 m² Appartement ∙ 3 chambres ∙ 6 personnes,Saas Fee - Valais
16/04/2024,31/08/2024,07/09/2024,1691.68,HVN24S0,92 m² Appartement ∙ 3 chambres ∙ 6 personnes,Saas Fee - Valais
16/04/2024,07/09/2024,14/09/2024,1607.57,HVN24S0,92 m² Appartement ∙ 3 chambres ∙ 6 personnes,Saas Fee - Valais
16/04/2024,14/09/2024,21/09/2024,1607.57,HVN24S0,92 m² Appartement ∙ 3 chambres ∙ 6 personnes,Saas Fee - Valais
16/04/2024,21/09/2024,28/09/2024,1607.57,HVN24S0,92 m² Appartement ∙ 3 chambres ∙ 6 personnes,Saas Fee - Valais
16/04/2024,28/09/2024,05/10/2024,1607.57,HVN24S0,92 m² Appartement ∙ 3 chambres ∙ 6 personnes,Saas Fee - Valais
16/04/2024,12/10/2024,19/10/2024,1607.57,HVN24S0,92 m² Appartement ∙ 3 chambres ∙ 6 personnes,Saas Fee - Valais
16/04/2024,19/10/2024,26/10/2024,1607.57,HVN24S0,92 m² Appartement ∙ 3 chambres ∙ 6 personnes,Saas Fee - Valais
16/04/2024,26/10/2024,02/11/2024,1607.57,HVN24S0,92 m² Appartement ∙ 3 chambres ∙ 6 personnes,Saas Fee - Valais
16/04/2024,20/04/2024,27/04/2024,650.23,H1XJSYF,50 m² Appartement ∙ 1 chambre ∙ 3 personnes,Saas-Almagell - Valais
16/04/2024,27/04/2024,04/05/2024,650.23,H1XJSYF,50 m² Appartement ∙ 1 chambre ∙ 3 personnes,Saas-Almagell - Valais
16/04/2024,04/05/2024,11/05/2024,650.23,H1XJSYF,50 m² Appartement ∙ 1 chambre ∙ 3 personnes,Saas-Almagell - Valais
16/04/2024,11/05/2024,18/05/2024,650.23,H1XJSYF,50 m² Appartement ∙ 1 chambre ∙ 3 personnes,Saas-Almagell - Valais
16/04/2024,18/05/2024,25/05/2024,650.23,H1XJSYF,50 m² Appartement ∙ 1 chambre ∙ 3 personnes,Saas-Almagell - Valais
16/04/2024,25/05/2024,01/06/2024,650.23,H1XJSYF,50 m² Appartement ∙ 1 chambre ∙ 3 personnes,Saas-Almagell - Valais
16/04/2024,15/06/2024,22/06/2024,650.23,H1XJSYF,50 m² Appartement ∙ 1 chambre ∙ 3 personnes,Saas-Almagell - Valais
16/04/2024,21/09/2024,28/09/2024,614.11,H1XJSYF,50 m² Appartement ∙ 1 chambre ∙ 3 personnes,Saas-Almagell - Valais
16/04/2024,28/09/2024,05/10/2024,614.11,H1XJSYF,50 m² Appartement ∙ 1 chambre ∙ 3 personnes,Saas-Almagell - Valais
16/04/2024,05/10/2024,12/10/2024,614.11,H1XJSYF,50 m² Appartement ∙ 1 chambre ∙ 3 personnes,Saas-Almagell - Valais
16/04/2024,12/10/2024,19/10/2024,614.11,H1XJSYF,50 m² Appartement ∙ 1 chambre ∙ 3 personnes,Saas-Almagell - Valais
16/04/2024,19/10/2024,26/10/2024,614.11,H1XJSYF,50 m² Appartement ∙ 1 chambre ∙ 3 personnes,Saas-Almagell - Valais
16/04/2024,11/05/2024,18/05/2024,1183.83,H01SAPV,Appartement ∙ 2 chambres ∙ 5 personnes,Riederalp - Valais
16/04/2024,18/05/2024,25/05/2024,1183.83,H01SAPV,Appartement ∙ 2 chambres ∙ 5 personnes,Riederalp - Valais
16/04/2024,25/05/2024,01/06/2024,1183.83,H01SAPV,Appartement ∙ 2 chambres ∙ 5 personnes,Riederalp - Valais
16/04/2024,01/06/2024,08/06/2024,1183.83,H01SAPV,Appartement ∙ 2 chambres ∙ 5 personnes,Riederalp - Valais
16/04/2024,08/06/2024,15/06/2024,1183.83,H01SAPV,Appartement ∙ 2 chambres ∙ 5 personnes,Riederalp - Valais
16/04/2024,15/06/2024,22/06/2024,1183.83,H01SAPV,Appartement ∙ 2 chambres ∙ 5 personnes,Riederalp - Valais
16/04/2024,29/06/2024,06/07/2024,1183.83,H01SAPV,Appartement ∙ 2 chambres ∙ 5 personnes,Riederalp - Valais
16/04/2024,06/07/2024,13/07/2024,1338.65,H01SAPV,Appartement ∙ 2 chambres ∙ 5 personnes,Riederalp - Valais
16/04/2024,13/07/2024,20/07/2024,1338.65,H01SAPV,Appartement ∙ 2 chambres ∙ 5 personnes,Riederalp - Valais
16/04/2024,10/08/2024,17/08/2024,1338.65,H01SAPV,Appartement ∙ 2 chambres ∙ 5 personnes,Riederalp - Valais
16/04/2024,31/08/2024,07/09/2024,1183.83,H01SAPV,Appartement ∙ 2 chambres ∙ 5 personnes,Riederalp - Valais
16/04/2024,07/09/2024,14/09/2024,1183.83,H01SAPV,Appartement ∙ 2 chambres ∙ 5 personnes,Riederalp - Valais
16/04/2024,14/09/2024,21/09/2024,1183.83,H01SAPV,Appartement ∙ 2 chambres ∙ 5 personnes,Riederalp - Valais
16/04/2024,21/09/2024,28/09/2024,1183.83,H01SAPV,Appartement ∙ 2 chambres ∙ 5 personnes,Riederalp - Valais
16/04/2024,28/09/2024,05/10/2024,1183.83,H01SAPV,Appartement ∙ 2 chambres ∙ 5 personnes,Riederalp - Valais
16/04/2024,05/10/2024,12/10/2024,1183.83,H01SAPV,Appartement ∙ 2 chambres ∙ 5 personnes,Riederalp - Valais
16/04/2024,12/10/2024,19/10/2024,1183.83,H01SAPV,Appartement ∙ 2 chambres ∙ 5 personnes,Riederalp - Valais
16/04/2024,19/10/2024,26/10/2024,1183.83,H01SAPV,Appartement ∙ 2 chambres ∙ 5 personnes,Riederalp - Valais
16/04/2024,26/10/2024,02/11/2024,1183.83,H01SAPV,Appartement ∙ 2 chambres ∙ 5 personnes,Riederalp - Valais
16/04/2024,01/06/2024,08/06/2024,664.68,HP14BR7,Appartement ∙ 1 chambre ∙ 2 personnes,Saas-Almagell - Valais
16/04/2024,08/06/2024,15/06/2024,664.68,HP14BR7,Appartement ∙ 1 chambre ∙ 2 personnes,Saas-Almagell - Valais
16/04/2024,15/06/2024,22/06/2024,664.68,HP14BR7,Appartement ∙ 1 chambre ∙ 2 personnes,Saas-Almagell - Valais
16/04/2024,22/06/2024,29/06/2024,781.31,HP14BR7,Appartement ∙ 1 chambre ∙ 2 personnes,Saas-Almagell - Valais
16/04/2024,29/06/2024,06/07/2024,781.31,HP14BR7,Appartement ∙ 1 chambre ∙ 2 personnes,Saas-Almagell - Valais
16/04/2024,06/07/2024,13/07/2024,781.31,HP14BR7,Appartement ∙ 1 chambre ∙ 2 personnes,Saas-Almagell - Valais
16/04/2024,20/07/2024,27/07/2024,781.31,HP14BR7,Appartement ∙ 1 chambre ∙ 2 personnes,Saas-Almagell - Valais
16/04/2024,03/08/2024,10/08/2024,781.31,HP14BR7,Appartement ∙ 1 chambre ∙ 2 personnes,Saas-Almagell - Valais
16/04/2024,10/08/2024,17/08/2024,781.31,HP14BR7,Appartement ∙ 1 chambre ∙ 2 personnes,Saas-Almagell - Valais
16/04/2024,24/08/2024,31/08/2024,781.31,HP14BR7,Appartement ∙ 1 chambre ∙ 2 personnes,Saas-Almagell - Valais
16/04/2024,31/08/2024,07/09/2024,703.90,HP14BR7,Appartement ∙ 1 chambre ∙ 2 personnes,Saas-Almagell - Valais
16/04/2024,07/09/2024,14/09/2024,703.90,HP14BR7,Appartement ∙ 1 chambre ∙ 2 personnes,Saas-Almagell - Valais
16/04/2024,14/09/2024,21/09/2024,703.90,HP14BR7,Appartement ∙ 1 chambre ∙ 2 personnes,Saas-Almagell - Valais
16/04/2024,21/09/2024,28/09/2024,703.90,HP14BR7,Appartement ∙ 1 chambre ∙ 2 personnes,Saas-Almagell - Valais
16/04/2024,28/09/2024,05/10/2024,703.90,HP14BR7,Appartement ∙ 1 chambre ∙ 2 personnes,Saas-Almagell - Valais
16/04/2024,05/10/2024,12/10/2024,703.90,HP14BR7,Appartement ∙ 1 chambre ∙ 2 personnes,Saas-Almagell - Valais
16/04/2024,12/10/2024,19/10/2024,703.90,HP14BR7,Appartement ∙ 1 chambre ∙ 2 personnes,Saas-Almagell - Valais
16/04/2024,20/04/2024,27/04/2024,2417.52,HDMNBTK,250 m² Maison de vacances ∙ 3 chambres ∙ 6 personnes,Loèche-les-Bains - Valais
16/04/2024,27/04/2024,04/05/2024,2417.52,HDMNBTK,250 m² Maison de vacances ∙ 3 chambres ∙ 6 personnes,Loèche-les-Bains - Valais
16/04/2024,04/05/2024,11/05/2024,2417.52,HDMNBTK,250 m² Maison de vacances ∙ 3 chambres ∙ 6 personnes,Loèche-les-Bains - Valais
16/04/2024,11/05/2024,18/05/2024,2417.52,HDMNBTK,250 m² Maison de vacances ∙ 3 chambres ∙ 6 personnes,Loèche-les-Bains - Valais
16/04/2024,18/05/2024,25/05/2024,2417.52,HDMNBTK,250 m² Maison de vacances ∙ 3 chambres ∙ 6 personnes,Loèche-les-Bains - Valais
16/04/2024,25/05/2024,01/06/2024,2417.52,HDMNBTK,250 m² Maison de vacances ∙ 3 chambres ∙ 6 personnes,Loèche-les-Bains - Valais
16/04/2024,01/06/2024,08/06/2024,2417.52,HDMNBTK,250 m² Maison de vacances ∙ 3 chambres ∙ 6 personnes,Loèche-les-Bains - Valais
16/04/2024,08/06/2024,15/06/2024,2417.52,HDMNBTK,250 m² Maison de vacances ∙ 3 chambres ∙ 6 personnes,Loèche-les-Bains - Valais
16/04/2024,15/06/2024,22/06/2024,2417.52,HDMNBTK,250 m² Maison de vacances ∙ 3 chambres ∙ 6 personnes,Loèche-les-Bains - Valais
16/04/2024,03/08/2024,10/08/2024,2619.09,HDMNBTK,250 m² Maison de vacances ∙ 3 chambres ∙ 6 personnes,Loèche-les-Bains - Valais
16/04/2024,10/08/2024,17/08/2024,2619.09,HDMNBTK,250 m² Maison de vacances ∙ 3 chambres ∙ 6 personnes,Loèche-les-Bains - Valais
16/04/2024,17/08/2024,24/08/2024,2619.09,HDMNBTK,250 m² Maison de vacances ∙ 3 chambres ∙ 6 personnes,Loèche-les-Bains - Valais
16/04/2024,24/08/2024,31/08/2024,2619.09,HDMNBTK,250 m² Maison de vacances ∙ 3 chambres ∙ 6 personnes,Loèche-les-Bains - Valais
16/04/2024,31/08/2024,07/09/2024,2619.09,HDMNBTK,250 m² Maison de vacances ∙ 3 chambres ∙ 6 personnes,Loèche-les-Bains - Valais
16/04/2024,07/09/2024,14/09/2024,2619.09,HDMNBTK,250 m² Maison de vacances ∙ 3 chambres ∙ 6 personnes,Loèche-les-Bains - Valais
16/04/2024,14/09/2024,21/09/2024,2619.09,HDMNBTK,250 m² Maison de vacances ∙ 3 chambres ∙ 6 personnes,Loèche-les-Bains - Valais
16/04/2024,21/09/2024,28/09/2024,2619.09,HDMNBTK,250 m² Maison de vacances ∙ 3 chambres ∙ 6 personnes,Loèche-les-Bains - Valais
16/04/2024,28/09/2024,05/10/2024,2619.09,HDMNBTK,250 m² Maison de vacances ∙ 3 chambres ∙ 6 personnes,Loèche-les-Bains - Valais
16/04/2024,05/10/2024,12/10/2024,2619.09,HDMNBTK,250 m² Maison de vacances ∙ 3 chambres ∙ 6 personnes,Loèche-les-Bains - Valais
16/04/2024,12/10/2024,19/10/2024,2619.09,HDMNBTK,250 m² Maison de vacances ∙ 3 chambres ∙ 6 personnes,Loèche-les-Bains - Valais
16/04/2024,19/10/2024,26/10/2024,2619.09,HDMNBTK,250 m² Maison de vacances ∙ 3 chambres ∙ 6 personnes,Loèche-les-Bains - Valais
16/04/2024,26/10/2024,02/11/2024,2503.91,HDMNBTK,250 m² Maison de vacances ∙ 3 chambres ∙ 6 personnes,Loèche-les-Bains - Valais
16/04/2024,20/04/2024,27/04/2024,2001.27,H2ZG5DP,83 m² Appartement ∙ 2 chambres ∙ 4 personnes,Zermatt - Valais
16/04/2024,11/05/2024,18/05/2024,1730.85,H2ZG5DP,83 m² Appartement ∙ 2 chambres ∙ 4 personnes,Zermatt - Valais
16/04/2024,18/05/2024,25/05/2024,1730.85,H2ZG5DP,83 m² Appartement ∙ 2 chambres ∙ 4 personnes,Zermatt - Valais
16/04/2024,25/05/2024,01/06/2024,1730.85,H2ZG5DP,83 m² Appartement ∙ 2 chambres ∙ 4 personnes,Zermatt - Valais
16/04/2024,01/06/2024,08/06/2024,1730.85,H2ZG5DP,83 m² Appartement ∙ 2 chambres ∙ 4 personnes,Zermatt - Valais
16/04/2024,08/06/2024,15/06/2024,1730.85,H2ZG5DP,83 m² Appartement ∙ 2 chambres ∙ 4 personnes,Zermatt - Valais
16/04/2024,15/06/2024,22/06/2024,1730.85,H2ZG5DP,83 m² Appartement ∙ 2 chambres ∙ 4 personnes,Zermatt - Valais
16/04/2024,22/06/2024,29/06/2024,1730.85,H2ZG5DP,83 m² Appartement ∙ 2 chambres ∙ 4 personnes,Zermatt - Valais
16/04/2024,29/06/2024,06/07/2024,1948.63,H2ZG5DP,83 m² Appartement ∙ 2 chambres ∙ 4 personnes,Zermatt - Valais
16/04/2024,06/07/2024,13/07/2024,1948.63,H2ZG5DP,83 m² Appartement ∙ 2 chambres ∙ 4 personnes,Zermatt - Valais
16/04/2024,27/07/2024,03/08/2024,2045.65,H2ZG5DP,83 m² Appartement ∙ 2 chambres ∙ 4 personnes,Zermatt - Valais
16/04/2024,10/08/2024,17/08/2024,2045.65,H2ZG5DP,83 m² Appartement ∙ 2 chambres ∙ 4 personnes,Zermatt - Valais
16/04/2024,31/08/2024,07/09/2024,1820.65,H2ZG5DP,83 m² Appartement ∙ 2 chambres ∙ 4 personnes,Zermatt - Valais
16/04/2024,07/09/2024,14/09/2024,1820.65,H2ZG5DP,83 m² Appartement ∙ 2 chambres ∙ 4 personnes,Zermatt - Valais
16/04/2024,14/09/2024,21/09/2024,1820.65,H2ZG5DP,83 m² Appartement ∙ 2 chambres ∙ 4 personnes,Zermatt - Valais
16/04/2024,21/09/2024,28/09/2024,1820.65,H2ZG5DP,83 m² Appartement ∙ 2 chambres ∙ 4 personnes,Zermatt - Valais
16/04/2024,28/09/2024,05/10/2024,1820.65,H2ZG5DP,83 m² Appartement ∙ 2 chambres ∙ 4 personnes,Zermatt - Valais
16/04/2024,05/10/2024,12/10/2024,1820.65,H2ZG5DP,83 m² Appartement ∙ 2 chambres ∙ 4 personnes,Zermatt - Valais
16/04/2024,12/10/2024,19/10/2024,1820.65,H2ZG5DP,83 m² Appartement ∙ 2 chambres ∙ 4 personnes,Zermatt - Valais
16/04/2024,19/10/2024,26/10/2024,1820.65,H2ZG5DP,83 m² Appartement ∙ 2 chambres ∙ 4 personnes,Zermatt - Valais
16/04/2024,26/10/2024,02/11/2024,1820.65,H2ZG5DP,83 m² Appartement ∙ 2 chambres ∙ 4 personnes,Zermatt - Valais
16/04/2024,27/04/2024,04/05/2024,1082.69,H70SDGL,Appartement ∙ 1 chambre ∙ 2 personnes,Betten - Bettmeralp - Valais
16/04/2024,04/05/2024,11/05/2024,861.81,H70SDGL,Appartement ∙ 1 chambre ∙ 2 personnes,Betten - Bettmeralp - Valais
16/04/2024,11/05/2024,18/05/2024,861.81,H70SDGL,Appartement ∙ 1 chambre ∙ 2 personnes,Betten - Bettmeralp - Valais
16/04/2024,18/05/2024,25/05/2024,861.81,H70SDGL,Appartement ∙ 1 chambre ∙ 2 personnes,Betten - Bettmeralp - Valais
16/04/2024,25/05/2024,01/06/2024,861.81,H70SDGL,Appartement ∙ 1 chambre ∙ 2 personnes,Betten - Bettmeralp - Valais
16/04/2024,01/06/2024,08/06/2024,861.81,H70SDGL,Appartement ∙ 1 chambre ∙ 2 personnes,Betten - Bettmeralp - Valais
16/04/2024,08/06/2024,15/06/2024,861.81,H70SDGL,Appartement ∙ 1 chambre ∙ 2 personnes,Betten - Bettmeralp - Valais
16/04/2024,15/06/2024,22/06/2024,861.81,H70SDGL,Appartement ∙ 1 chambre ∙ 2 personnes,Betten - Bettmeralp - Valais
16/04/2024,22/06/2024,29/06/2024,861.81,H70SDGL,Appartement ∙ 1 chambre ∙ 2 personnes,Betten - Bettmeralp - Valais
16/04/2024,29/06/2024,06/07/2024,861.81,H70SDGL,Appartement ∙ 1 chambre ∙ 2 personnes,Betten - Bettmeralp - Valais
16/04/2024,06/07/2024,13/07/2024,861.81,H70SDGL,Appartement ∙ 1 chambre ∙ 2 personnes,Betten - Bettmeralp - Valais
16/04/2024,13/07/2024,20/07/2024,861.81,H70SDGL,Appartement ∙ 1 chambre ∙ 2 personnes,Betten - Bettmeralp - Valais
16/04/2024,20/07/2024,27/07/2024,861.81,H70SDGL,Appartement ∙ 1 chambre ∙ 2 personnes,Betten - Bettmeralp - Valais
16/04/2024,27/07/2024,03/08/2024,861.81,H70SDGL,Appartement ∙ 1 chambre ∙ 2 personnes,Betten - Bettmeralp - Valais
16/04/2024,10/08/2024,17/08/2024,861.81,H70SDGL,Appartement ∙ 1 chambre ∙ 2 personnes,Betten - Bettmeralp - Valais
16/04/2024,17/08/2024,24/08/2024,861.81,H70SDGL,Appartement ∙ 1 chambre ∙ 2 personnes,Betten - Bettmeralp - Valais
16/04/2024,24/08/2024,31/08/2024,861.81,H70SDGL,Appartement ∙ 1 chambre ∙ 2 personnes,Betten - Bettmeralp - Valais
16/04/2024,31/08/2024,07/09/2024,861.81,H70SDGL,Appartement ∙ 1 chambre ∙ 2 personnes,Betten - Bettmeralp - Valais
16/04/2024,07/09/2024,14/09/2024,861.81,H70SDGL,Appartement ∙ 1 chambre ∙ 2 personnes,Betten - Bettmeralp - Valais
16/04/2024,14/09/2024,21/09/2024,861.81,H70SDGL,Appartement ∙ 1 chambre ∙ 2 personnes,Betten - Bettmeralp - Valais
16/04/2024,21/09/2024,28/09/2024,861.81,H70SDGL,Appartement ∙ 1 chambre ∙ 2 personnes,Betten - Bettmeralp - Valais
16/04/2024,28/09/2024,05/10/2024,861.81,H70SDGL,Appartement ∙ 1 chambre ∙ 2 personnes,Betten - Bettmeralp - Valais
16/04/2024,05/10/2024,12/10/2024,861.81,H70SDGL,Appartement ∙ 1 chambre ∙ 2 personnes,Betten - Bettmeralp - Valais
16/04/2024,12/10/2024,19/10/2024,861.81,H70SDGL,Appartement ∙ 1 chambre ∙ 2 personnes,Betten - Bettmeralp - Valais
16/04/2024,19/10/2024,26/10/2024,861.81,H70SDGL,Appartement ∙ 1 chambre ∙ 2 personnes,Betten - Bettmeralp - Valais
16/04/2024,26/10/2024,02/11/2024,861.81,H70SDGL,Appartement ∙ 1 chambre ∙ 2 personnes,Betten - Bettmeralp - Valais
16/04/2024,20/04/2024,27/04/2024,569.73,HV0YZX9,55 m² Appartement ∙ 1 chambre ∙ 4 personnes,Ovronnaz - Leytron - Valais
16/04/2024,27/04/2024,04/05/2024,700.81,HV0YZX9,55 m² Appartement ∙ 1 chambre ∙ 4 personnes,Ovronnaz - Leytron - Valais
16/04/2024,04/05/2024,11/05/2024,700.81,HV0YZX9,55 m² Appartement ∙ 1 chambre ∙ 4 personnes,Ovronnaz - Leytron - Valais
16/04/2024,11/05/2024,18/05/2024,700.81,HV0YZX9,55 m² Appartement ∙ 1 chambre ∙ 4 personnes,Ovronnaz - Leytron - Valais
16/04/2024,18/05/2024,25/05/2024,700.81,HV0YZX9,55 m² Appartement ∙ 1 chambre ∙ 4 personnes,Ovronnaz - Leytron - Valais
16/04/2024,25/05/2024,01/06/2024,700.81,HV0YZX9,55 m² Appartement ∙ 1 chambre ∙ 4 personnes,Ovronnaz - Leytron - Valais
16/04/2024,01/06/2024,08/06/2024,700.81,HV0YZX9,55 m² Appartement ∙ 1 chambre ∙ 4 personnes,Ovronnaz - Leytron - Valais
16/04/2024,08/06/2024,15/06/2024,700.81,HV0YZX9,55 m² Appartement ∙ 1 chambre ∙ 4 personnes,Ovronnaz - Leytron - Valais
16/04/2024,15/06/2024,22/06/2024,700.81,HV0YZX9,55 m² Appartement ∙ 1 chambre ∙ 4 personnes,Ovronnaz - Leytron - Valais
16/04/2024,22/06/2024,29/06/2024,700.81,HV0YZX9,55 m² Appartement ∙ 1 chambre ∙ 4 personnes,Ovronnaz - Leytron - Valais
16/04/2024,29/06/2024,06/07/2024,700.81,HV0YZX9,55 m² Appartement ∙ 1 chambre ∙ 4 personnes,Ovronnaz - Leytron - Valais
16/04/2024,06/07/2024,13/07/2024,700.81,HV0YZX9,55 m² Appartement ∙ 1 chambre ∙ 4 personnes,Ovronnaz - Leytron - Valais
16/04/2024,13/07/2024,20/07/2024,760.67,HV0YZX9,55 m² Appartement ∙ 1 chambre ∙ 4 personnes,Ovronnaz - Leytron - Valais
16/04/2024,20/07/2024,27/07/2024,760.67,HV0YZX9,55 m² Appartement ∙ 1 chambre ∙ 4 personnes,Ovronnaz - Leytron - Valais
16/04/2024,27/07/2024,03/08/2024,760.67,HV0YZX9,55 m² Appartement ∙ 1 chambre ∙ 4 personnes,Ovronnaz - Leytron - Valais
16/04/2024,24/08/2024,31/08/2024,700.81,HV0YZX9,55 m² Appartement ∙ 1 chambre ∙ 4 personnes,Ovronnaz - Leytron - Valais
16/04/2024,31/08/2024,07/09/2024,700.81,HV0YZX9,55 m² Appartement ∙ 1 chambre ∙ 4 personnes,Ovronnaz - Leytron - Valais
16/04/2024,07/09/2024,14/09/2024,700.81,HV0YZX9,55 m² Appartement ∙ 1 chambre ∙ 4 personnes,Ovronnaz - Leytron - Valais
16/04/2024,14/09/2024,21/09/2024,700.81,HV0YZX9,55 m² Appartement ∙ 1 chambre ∙ 4 personnes,Ovronnaz - Leytron - Valais
16/04/2024,21/09/2024,28/09/2024,700.81,HV0YZX9,55 m² Appartement ∙ 1 chambre ∙ 4 personnes,Ovronnaz - Leytron - Valais
16/04/2024,28/09/2024,05/10/2024,700.81,HV0YZX9,55 m² Appartement ∙ 1 chambre ∙ 4 personnes,Ovronnaz - Leytron - Valais
16/04/2024,05/10/2024,12/10/2024,700.81,HV0YZX9,55 m² Appartement ∙ 1 chambre ∙ 4 personnes,Ovronnaz - Leytron - Valais
16/04/2024,12/10/2024,19/10/2024,700.81,HV0YZX9,55 m² Appartement ∙ 1 chambre ∙ 4 personnes,Ovronnaz - Leytron - Valais
16/04/2024,19/10/2024,26/10/2024,700.81,HV0YZX9,55 m² Appartement ∙ 1 chambre ∙ 4 personnes,Ovronnaz - Leytron - Valais
16/04/2024,26/10/2024,02/11/2024,700.81,HV0YZX9,55 m² Appartement ∙ 1 chambre ∙ 4 personnes,Ovronnaz - Leytron - Valais
16/04/2024,08/06/2024,15/06/2024,1426.38,HX9JU7H,Appartement ∙ 2 chambres ∙ 4 personnes,Saas Grund - Valais
16/04/2024,15/06/2024,22/06/2024,1426.38,HX9JU7H,Appartement ∙ 2 chambres ∙ 4 personnes,Saas Grund - Valais
16/04/2024,22/06/2024,29/06/2024,1426.38,HX9JU7H,Appartement ∙ 2 chambres ∙ 4 personnes,Saas Grund - Valais
16/04/2024,29/06/2024,06/07/2024,1426.38,HX9JU7H,Appartement ∙ 2 chambres ∙ 4 personnes,Saas Grund - Valais
16/04/2024,31/08/2024,07/09/2024,1426.38,HX9JU7H,Appartement ∙ 2 chambres ∙ 4 personnes,Saas Grund - Valais
16/04/2024,07/09/2024,14/09/2024,1426.38,HX9JU7H,Appartement ∙ 2 chambres ∙ 4 personnes,Saas Grund - Valais
16/04/2024,14/09/2024,21/09/2024,1426.38,HX9JU7H,Appartement ∙ 2 chambres ∙ 4 personnes,Saas Grund - Valais
16/04/2024,21/09/2024,28/09/2024,1426.38,HX9JU7H,Appartement ∙ 2 chambres ∙ 4 personnes,Saas Grund - Valais
16/04/2024,28/09/2024,05/10/2024,1426.38,HX9JU7H,Appartement ∙ 2 chambres ∙ 4 personnes,Saas Grund - Valais
16/04/2024,05/10/2024,12/10/2024,1426.38,HX9JU7H,Appartement ∙ 2 chambres ∙ 4 personnes,Saas Grund - Valais
16/04/2024,12/10/2024,19/10/2024,1426.38,HX9JU7H,Appartement ∙ 2 chambres ∙ 4 personnes,Saas Grund - Valais
16/04/2024,19/10/2024,26/10/2024,1426.38,HX9JU7H,Appartement ∙ 2 chambres ∙ 4 personnes,Saas Grund - Valais
16/04/2024,20/04/2024,27/04/2024,1619.39,H0CX4E3,200 m² Maison de vacances ∙ 5 chambres ∙ 10 personnes,Riddes - Valais
16/04/2024,27/04/2024,04/05/2024,1619.39,H0CX4E3,200 m² Maison de vacances ∙ 5 chambres ∙ 10 personnes,Riddes - Valais
16/04/2024,18/05/2024,25/05/2024,1619.39,H0CX4E3,200 m² Maison de vacances ∙ 5 chambres ∙ 10 personnes,Riddes - Valais
16/04/2024,25/05/2024,01/06/2024,1619.39,H0CX4E3,200 m² Maison de vacances ∙ 5 chambres ∙ 10 personnes,Riddes - Valais
16/04/2024,01/06/2024,08/06/2024,1619.39,H0CX4E3,200 m² Maison de vacances ∙ 5 chambres ∙ 10 personnes,Riddes - Valais
16/04/2024,08/06/2024,15/06/2024,1619.39,H0CX4E3,200 m² Maison de vacances ∙ 5 chambres ∙ 10 personnes,Riddes - Valais
16/04/2024,15/06/2024,22/06/2024,1619.39,H0CX4E3,200 m² Maison de vacances ∙ 5 chambres ∙ 10 personnes,Riddes - Valais
16/04/2024,22/06/2024,29/06/2024,1619.39,H0CX4E3,200 m² Maison de vacances ∙ 5 chambres ∙ 10 personnes,Riddes - Valais
16/04/2024,27/07/2024,03/08/2024,2470.31,H0CX4E3,200 m² Maison de vacances ∙ 5 chambres ∙ 10 personnes,Riddes - Valais
16/04/2024,03/08/2024,10/08/2024,2470.31,H0CX4E3,200 m² Maison de vacances ∙ 5 chambres ∙ 10 personnes,Riddes - Valais
16/04/2024,31/08/2024,07/09/2024,1619.20,H0CX4E3,200 m² Maison de vacances ∙ 5 chambres ∙ 10 personnes,Riddes - Valais
16/04/2024,07/09/2024,14/09/2024,1619.20,H0CX4E3,200 m² Maison de vacances ∙ 5 chambres ∙ 10 personnes,Riddes - Valais
16/04/2024,14/09/2024,21/09/2024,1619.20,H0CX4E3,200 m² Maison de vacances ∙ 5 chambres ∙ 10 personnes,Riddes - Valais
16/04/2024,21/09/2024,28/09/2024,1619.20,H0CX4E3,200 m² Maison de vacances ∙ 5 chambres ∙ 10 personnes,Riddes - Valais
16/04/2024,28/09/2024,05/10/2024,1619.20,H0CX4E3,200 m² Maison de vacances ∙ 5 chambres ∙ 10 personnes,Riddes - Valais
16/04/2024,05/10/2024,12/10/2024,1619.20,H0CX4E3,200 m² Maison de vacances ∙ 5 chambres ∙ 10 personnes,Riddes - Valais
16/04/2024,12/10/2024,19/10/2024,1619.20,H0CX4E3,200 m² Maison de vacances ∙ 5 chambres ∙ 10 personnes,Riddes - Valais
16/04/2024,19/10/2024,26/10/2024,1619.20,H0CX4E3,200 m² Maison de vacances ∙ 5 chambres ∙ 10 personnes,Riddes - Valais
16/04/2024,26/10/2024,02/11/2024,1619.20,H0CX4E3,200 m² Maison de vacances ∙ 5 chambres ∙ 10 personnes,Riddes - Valais
16/04/2024,20/04/2024,27/04/2024,697.63,HPJFNHL,52 m² Appartement ∙ 1 chambre ∙ 4 personnes,Ovronnaz - Leytron - Valais
16/04/2024,27/04/2024,04/05/2024,697.63,HPJFNHL,52 m² Appartement ∙ 1 chambre ∙ 4 personnes,Ovronnaz - Leytron - Valais
16/04/2024,04/05/2024,11/05/2024,697.63,HPJFNHL,52 m² Appartement ∙ 1 chambre ∙ 4 personnes,Ovronnaz - Leytron - Valais
16/04/2024,11/05/2024,18/05/2024,697.63,HPJFNHL,52 m² Appartement ∙ 1 chambre ∙ 4 personnes,Ovronnaz - Leytron - Valais
16/04/2024,15/06/2024,22/06/2024,697.63,HPJFNHL,52 m² Appartement ∙ 1 chambre ∙ 4 personnes,Ovronnaz - Leytron - Valais
16/04/2024,22/06/2024,29/06/2024,697.63,HPJFNHL,52 m² Appartement ∙ 1 chambre ∙ 4 personnes,Ovronnaz - Leytron - Valais
16/04/2024,29/06/2024,06/07/2024,697.63,HPJFNHL,52 m² Appartement ∙ 1 chambre ∙ 4 personnes,Ovronnaz - Leytron - Valais
16/04/2024,06/07/2024,13/07/2024,697.63,HPJFNHL,52 m² Appartement ∙ 1 chambre ∙ 4 personnes,Ovronnaz - Leytron - Valais
16/04/2024,03/08/2024,10/08/2024,840.04,HPJFNHL,52 m² Appartement ∙ 1 chambre ∙ 4 personnes,Ovronnaz - Leytron - Valais
16/04/2024,07/09/2024,14/09/2024,697.63,HPJFNHL,52 m² Appartement ∙ 1 chambre ∙ 4 personnes,Ovronnaz - Leytron - Valais
16/04/2024,14/09/2024,21/09/2024,697.63,HPJFNHL,52 m² Appartement ∙ 1 chambre ∙ 4 personnes,Ovronnaz - Leytron - Valais
16/04/2024,21/09/2024,28/09/2024,697.63,HPJFNHL,52 m² Appartement ∙ 1 chambre ∙ 4 personnes,Ovronnaz - Leytron - Valais
16/04/2024,28/09/2024,05/10/2024,697.63,HPJFNHL,52 m² Appartement ∙ 1 chambre ∙ 4 personnes,Ovronnaz - Leytron - Valais
16/04/2024,05/10/2024,12/10/2024,697.63,HPJFNHL,52 m² Appartement ∙ 1 chambre ∙ 4 personnes,Ovronnaz - Leytron - Valais
16/04/2024,12/10/2024,19/10/2024,697.63,HPJFNHL,52 m² Appartement ∙ 1 chambre ∙ 4 personnes,Ovronnaz - Leytron - Valais
16/04/2024,19/10/2024,26/10/2024,697.63,HPJFNHL,52 m² Appartement ∙ 1 chambre ∙ 4 personnes,Ovronnaz - Leytron - Valais
16/04/2024,26/10/2024,02/11/2024,697.63,HPJFNHL,52 m² Appartement ∙ 1 chambre ∙ 4 personnes,Ovronnaz - Leytron - Valais
16/04/2024,28/09/2024,05/10/2024,871.00,HHDY4M9,76 m² Appartement ∙ 1 chambre ∙ 2 personnes,Zermatt - Valais
16/04/2024,19/10/2024,26/10/2024,871.00,HHDY4M9,76 m² Appartement ∙ 1 chambre ∙ 2 personnes,Zermatt - Valais
16/04/2024,26/10/2024,02/11/2024,871.00,HHDY4M9,76 m² Appartement ∙ 1 chambre ∙ 2 personnes,Zermatt - Valais
16/04/2024,20/04/2024,27/04/2024,884.42,H1H702C,75 m² Appartement ∙ 2 chambres ∙ 4 personnes,Orsières - Valais
16/04/2024,27/04/2024,04/05/2024,884.42,H1H702C,75 m² Appartement ∙ 2 chambres ∙ 4 personnes,Orsières - Valais
16/04/2024,04/05/2024,11/05/2024,884.42,H1H702C,75 m² Appartement ∙ 2 chambres ∙ 4 personnes,Orsières - Valais
16/04/2024,11/05/2024,18/05/2024,884.42,H1H702C,75 m² Appartement ∙ 2 chambres ∙ 4 personnes,Orsières - Valais
16/04/2024,18/05/2024,25/05/2024,884.42,H1H702C,75 m² Appartement ∙ 2 chambres ∙ 4 personnes,Orsières - Valais
16/04/2024,14/09/2024,21/09/2024,884.42,H1H702C,75 m² Appartement ∙ 2 chambres ∙ 4 personnes,Orsières - Valais
16/04/2024,28/09/2024,05/10/2024,884.42,H1H702C,75 m² Appartement ∙ 2 chambres ∙ 4 personnes,Orsières - Valais
16/04/2024,05/10/2024,12/10/2024,884.42,H1H702C,75 m² Appartement ∙ 2 chambres ∙ 4 personnes,Orsières - Valais
16/04/2024,12/10/2024,19/10/2024,884.42,H1H702C,75 m² Appartement ∙ 2 chambres ∙ 4 personnes,Orsières - Valais
16/04/2024,19/10/2024,26/10/2024,884.42,H1H702C,75 m² Appartement ∙ 2 chambres ∙ 4 personnes,Orsières - Valais
16/04/2024,18/05/2024,25/05/2024,1210.53,HAD6XE9,Appartement ∙ 1 chambre ∙ 2 personnes,Zermatt - Valais
16/04/2024,25/05/2024,01/06/2024,1210.53,HAD6XE9,Appartement ∙ 1 chambre ∙ 2 personnes,Zermatt - Valais
16/04/2024,01/06/2024,08/06/2024,1210.53,HAD6XE9,Appartement ∙ 1 chambre ∙ 2 personnes,Zermatt - Valais
16/04/2024,08/06/2024,15/06/2024,1210.53,HAD6XE9,Appartement ∙ 1 chambre ∙ 2 personnes,Zermatt - Valais
16/04/2024,15/06/2024,22/06/2024,1210.53,HAD6XE9,Appartement ∙ 1 chambre ∙ 2 personnes,Zermatt - Valais
16/04/2024,29/06/2024,06/07/2024,1398.35,HAD6XE9,Appartement ∙ 1 chambre ∙ 2 personnes,Zermatt - Valais
16/04/2024,06/07/2024,13/07/2024,1398.35,HAD6XE9,Appartement ∙ 1 chambre ∙ 2 personnes,Zermatt - Valais
16/04/2024,13/07/2024,20/07/2024,1398.35,HAD6XE9,Appartement ∙ 1 chambre ∙ 2 personnes,Zermatt - Valais
16/04/2024,20/07/2024,27/07/2024,1398.35,HAD6XE9,Appartement ∙ 1 chambre ∙ 2 personnes,Zermatt - Valais
16/04/2024,27/07/2024,03/08/2024,1398.35,HAD6XE9,Appartement ∙ 1 chambre ∙ 2 personnes,Zermatt - Valais
16/04/2024,10/08/2024,17/08/2024,1398.35,HAD6XE9,Appartement ∙ 1 chambre ∙ 2 personnes,Zermatt - Valais
16/04/2024,17/08/2024,24/08/2024,1398.35,HAD6XE9,Appartement ∙ 1 chambre ∙ 2 personnes,Zermatt - Valais
16/04/2024,24/08/2024,31/08/2024,1398.35,HAD6XE9,Appartement ∙ 1 chambre ∙ 2 personnes,Zermatt - Valais
16/04/2024,31/08/2024,07/09/2024,1210.53,HAD6XE9,Appartement ∙ 1 chambre ∙ 2 personnes,Zermatt - Valais
16/04/2024,07/09/2024,14/09/2024,1210.53,HAD6XE9,Appartement ∙ 1 chambre ∙ 2 personnes,Zermatt - Valais
16/04/2024,14/09/2024,21/09/2024,1210.53,HAD6XE9,Appartement ∙ 1 chambre ∙ 2 personnes,Zermatt - Valais
16/04/2024,21/09/2024,28/09/2024,1210.53,HAD6XE9,Appartement ∙ 1 chambre ∙ 2 personnes,Zermatt - Valais
16/04/2024,28/09/2024,05/10/2024,1210.53,HAD6XE9,Appartement ∙ 1 chambre ∙ 2 personnes,Zermatt - Valais
16/04/2024,05/10/2024,12/10/2024,1210.53,HAD6XE9,Appartement ∙ 1 chambre ∙ 2 personnes,Zermatt - Valais
16/04/2024,12/10/2024,19/10/2024,1210.53,HAD6XE9,Appartement ∙ 1 chambre ∙ 2 personnes,Zermatt - Valais
16/04/2024,19/10/2024,26/10/2024,1210.53,HAD6XE9,Appartement ∙ 1 chambre ∙ 2 personnes,Zermatt - Valais
16/04/2024,26/10/2024,02/11/2024,1210.53,HAD6XE9,Appartement ∙ 1 chambre ∙ 2 personnes,Zermatt - Valais
16/04/2024,20/04/2024,27/04/2024,1555.22,HBYF1C6,Appartement ∙ 2 chambres ∙ 4 personnes,Saas-Almagell - Valais
16/04/2024,27/04/2024,04/05/2024,1555.22,HBYF1C6,Appartement ∙ 2 chambres ∙ 4 personnes,Saas-Almagell - Valais
16/04/2024,11/05/2024,18/05/2024,1555.22,HBYF1C6,Appartement ∙ 2 chambres ∙ 4 personnes,Saas-Almagell - Valais
16/04/2024,18/05/2024,25/05/2024,1555.22,HBYF1C6,Appartement ∙ 2 chambres ∙ 4 personnes,Saas-Almagell - Valais
16/04/2024,25/05/2024,01/06/2024,1555.22,HBYF1C6,Appartement ∙ 2 chambres ∙ 4 personnes,Saas-Almagell - Valais
16/04/2024,01/06/2024,08/06/2024,1555.22,HBYF1C6,Appartement ∙ 2 chambres ∙ 4 personnes,Saas-Almagell - Valais
16/04/2024,08/06/2024,15/06/2024,1555.22,HBYF1C6,Appartement ∙ 2 chambres ∙ 4 personnes,Saas-Almagell - Valais
16/04/2024,15/06/2024,22/06/2024,1555.22,HBYF1C6,Appartement ∙ 2 chambres ∙ 4 personnes,Saas-Almagell - Valais
16/04/2024,22/06/2024,29/06/2024,1555.22,HBYF1C6,Appartement ∙ 2 chambres ∙ 4 personnes,Saas-Almagell - Valais
16/04/2024,29/06/2024,06/07/2024,1632.62,HBYF1C6,Appartement ∙ 2 chambres ∙ 4 personnes,Saas-Almagell - Valais
16/04/2024,06/07/2024,13/07/2024,1632.62,HBYF1C6,Appartement ∙ 2 chambres ∙ 4 personnes,Saas-Almagell - Valais
16/04/2024,13/07/2024,20/07/2024,1632.62,HBYF1C6,Appartement ∙ 2 chambres ∙ 4 personnes,Saas-Almagell - Valais
16/04/2024,27/07/2024,03/08/2024,1632.62,HBYF1C6,Appartement ∙ 2 chambres ∙ 4 personnes,Saas-Almagell - Valais
16/04/2024,03/08/2024,10/08/2024,1632.62,HBYF1C6,Appartement ∙ 2 chambres ∙ 4 personnes,Saas-Almagell - Valais
16/04/2024,10/08/2024,17/08/2024,1632.62,HBYF1C6,Appartement ∙ 2 chambres ∙ 4 personnes,Saas-Almagell - Valais
16/04/2024,17/08/2024,24/08/2024,1632.62,HBYF1C6,Appartement ∙ 2 chambres ∙ 4 personnes,Saas-Almagell - Valais
16/04/2024,24/08/2024,31/08/2024,1555.22,HBYF1C6,Appartement ∙ 2 chambres ∙ 4 personnes,Saas-Almagell - Valais
16/04/2024,07/09/2024,14/09/2024,1555.22,HBYF1C6,Appartement ∙ 2 chambres ∙ 4 personnes,Saas-Almagell - Valais
16/04/2024,14/09/2024,21/09/2024,1555.22,HBYF1C6,Appartement ∙ 2 chambres ∙ 4 personnes,Saas-Almagell - Valais
16/04/2024,21/09/2024,28/09/2024,1555.22,HBYF1C6,Appartement ∙ 2 chambres ∙ 4 personnes,Saas-Almagell - Valais
16/04/2024,28/09/2024,05/10/2024,1555.22,HBYF1C6,Appartement ∙ 2 chambres ∙ 4 personnes,Saas-Almagell - Valais
16/04/2024,05/10/2024,12/10/2024,1555.22,HBYF1C6,Appartement ∙ 2 chambres ∙ 4 personnes,Saas-Almagell - Valais
16/04/2024,12/10/2024,19/10/2024,1555.22,HBYF1C6,Appartement ∙ 2 chambres ∙ 4 personnes,Saas-Almagell - Valais
16/04/2024,19/10/2024,26/10/2024,1555.22,HBYF1C6,Appartement ∙ 2 chambres ∙ 4 personnes,Saas-Almagell - Valais
16/04/2024,26/10/2024,02/11/2024,1555.22,HBYF1C6,Appartement ∙ 2 chambres ∙ 4 personnes,Saas-Almagell - Valais
16/04/2024,20/04/2024,27/04/2024,1774.00,HUCYAK6,70 m² Appartement ∙ 2 chambres ∙ 4 personnes,Saas Fee - Valais
16/04/2024,27/04/2024,04/05/2024,1774.00,HUCYAK6,70 m² Appartement ∙ 2 chambres ∙ 4 personnes,Saas Fee - Valais
16/04/2024,04/05/2024,11/05/2024,1774.00,HUCYAK6,70 m² Appartement ∙ 2 chambres ∙ 4 personnes,Saas Fee - Valais
16/04/2024,11/05/2024,18/05/2024,1774.00,HUCYAK6,70 m² Appartement ∙ 2 chambres ∙ 4 personnes,Saas Fee - Valais
16/04/2024,18/05/2024,25/05/2024,1774.00,HUCYAK6,70 m² Appartement ∙ 2 chambres ∙ 4 personnes,Saas Fee - Valais
16/04/2024,25/05/2024,01/06/2024,1774.00,HUCYAK6,70 m² Appartement ∙ 2 chambres ∙ 4 personnes,Saas Fee - Valais
16/04/2024,01/06/2024,08/06/2024,1774.00,HUCYAK6,70 m² Appartement ∙ 2 chambres ∙ 4 personnes,Saas Fee - Valais
16/04/2024,08/06/2024,15/06/2024,1774.00,HUCYAK6,70 m² Appartement ∙ 2 chambres ∙ 4 personnes,Saas Fee - Valais
16/04/2024,15/06/2024,22/06/2024,1774.00,HUCYAK6,70 m² Appartement ∙ 2 chambres ∙ 4 personnes,Saas Fee - Valais
16/04/2024,22/06/2024,29/06/2024,1774.00,HUCYAK6,70 m² Appartement ∙ 2 chambres ∙ 4 personnes,Saas Fee - Valais
16/04/2024,14/09/2024,21/09/2024,1774.00,HUCYAK6,70 m² Appartement ∙ 2 chambres ∙ 4 personnes,Saas Fee - Valais
16/04/2024,21/09/2024,28/09/2024,1774.00,HUCYAK6,70 m² Appartement ∙ 2 chambres ∙ 4 personnes,Saas Fee - Valais
16/04/2024,28/09/2024,05/10/2024,1774.00,HUCYAK6,70 m² Appartement ∙ 2 chambres ∙ 4 personnes,Saas Fee - Valais
16/04/2024,05/10/2024,12/10/2024,1774.00,HUCYAK6,70 m² Appartement ∙ 2 chambres ∙ 4 personnes,Saas Fee - Valais
16/04/2024,12/10/2024,19/10/2024,1903.00,HUCYAK6,70 m² Appartement ∙ 2 chambres ∙ 4 personnes,Saas Fee - Valais
16/04/2024,19/10/2024,26/10/2024,1903.00,HUCYAK6,70 m² Appartement ∙ 2 chambres ∙ 4 personnes,Saas Fee - Valais
16/04/2024,26/10/2024,02/11/2024,1903.00,HUCYAK6,70 m² Appartement ∙ 2 chambres ∙ 4 personnes,Saas Fee - Valais
16/04/2024,22/06/2024,29/06/2024,1119.71,HXC34NB,85 m² Appartement ∙ 6 personnes,Termen - Valais
16/04/2024,29/06/2024,06/07/2024,1119.71,HXC34NB,85 m² Appartement ∙ 6 personnes,Termen - Valais
16/04/2024,20/07/2024,27/07/2024,1119.71,HXC34NB,85 m² Appartement ∙ 6 personnes,Termen - Valais
16/04/2024,03/08/2024,10/08/2024,1119.71,HXC34NB,85 m² Appartement ∙ 6 personnes,Termen - Valais
16/04/2024,24/08/2024,31/08/2024,1119.71,HXC34NB,85 m² Appartement ∙ 6 personnes,Termen - Valais
16/04/2024,31/08/2024,07/09/2024,1119.71,HXC34NB,85 m² Appartement ∙ 6 personnes,Termen - Valais
16/04/2024,07/09/2024,14/09/2024,1119.71,HXC34NB,85 m² Appartement ∙ 6 personnes,Termen - Valais
16/04/2024,14/09/2024,21/09/2024,1119.71,HXC34NB,85 m² Appartement ∙ 6 personnes,Termen - Valais
16/04/2024,21/09/2024,28/09/2024,1119.71,HXC34NB,85 m² Appartement ∙ 6 personnes,Termen - Valais
16/04/2024,28/09/2024,05/10/2024,1119.71,HXC34NB,85 m² Appartement ∙ 6 personnes,Termen - Valais
16/04/2024,05/10/2024,12/10/2024,1119.71,HXC34NB,85 m² Appartement ∙ 6 personnes,Termen - Valais
16/04/2024,13/07/2024,20/07/2024,2929.84,H0TEWXK,120 m² Maison de vacances ∙ 3 chambres ∙ 12 personnes,Evolène - Valais
16/04/2024,27/07/2024,03/08/2024,2929.84,H0TEWXK,120 m² Maison de vacances ∙ 3 chambres ∙ 12 personnes,Evolène - Valais
16/04/2024,28/09/2024,05/10/2024,2713.12,H0TEWXK,120 m² Maison de vacances ∙ 3 chambres ∙ 12 personnes,Evolène - Valais
16/04/2024,27/04/2024,04/05/2024,944.28,HRHDLMK,35 m² Appartement ∙ 1 chambre ∙ 4 personnes,Verbier - Bagnes - Valais
16/04/2024,04/05/2024,11/05/2024,944.28,HRHDLMK,35 m² Appartement ∙ 1 chambre ∙ 4 personnes,Verbier - Bagnes - Valais
16/04/2024,11/05/2024,18/05/2024,944.28,HRHDLMK,35 m² Appartement ∙ 1 chambre ∙ 4 personnes,Verbier - Bagnes - Valais
16/04/2024,18/05/2024,25/05/2024,944.28,HRHDLMK,35 m² Appartement ∙ 1 chambre ∙ 4 personnes,Verbier - Bagnes - Valais
16/04/2024,25/05/2024,01/06/2024,944.28,HRHDLMK,35 m² Appartement ∙ 1 chambre ∙ 4 personnes,Verbier - Bagnes - Valais
16/04/2024,01/06/2024,08/06/2024,944.28,HRHDLMK,35 m² Appartement ∙ 1 chambre ∙ 4 personnes,Verbier - Bagnes - Valais
16/04/2024,08/06/2024,15/06/2024,944.28,HRHDLMK,35 m² Appartement ∙ 1 chambre ∙ 4 personnes,Verbier - Bagnes - Valais
16/04/2024,15/06/2024,22/06/2024,944.28,HRHDLMK,35 m² Appartement ∙ 1 chambre ∙ 4 personnes,Verbier - Bagnes - Valais
16/04/2024,22/06/2024,29/06/2024,944.28,HRHDLMK,35 m² Appartement ∙ 1 chambre ∙ 4 personnes,Verbier - Bagnes - Valais
16/04/2024,10/08/2024,17/08/2024,944.28,HRHDLMK,35 m² Appartement ∙ 1 chambre ∙ 4 personnes,Verbier - Bagnes - Valais
16/04/2024,07/09/2024,14/09/2024,944.28,HRHDLMK,35 m² Appartement ∙ 1 chambre ∙ 4 personnes,Verbier - Bagnes - Valais
16/04/2024,14/09/2024,21/09/2024,944.28,HRHDLMK,35 m² Appartement ∙ 1 chambre ∙ 4 personnes,Verbier - Bagnes - Valais
16/04/2024,21/09/2024,28/09/2024,944.28,HRHDLMK,35 m² Appartement ∙ 1 chambre ∙ 4 personnes,Verbier - Bagnes - Valais
16/04/2024,28/09/2024,05/10/2024,944.28,HRHDLMK,35 m² Appartement ∙ 1 chambre ∙ 4 personnes,Verbier - Bagnes - Valais
16/04/2024,05/10/2024,12/10/2024,944.28,HRHDLMK,35 m² Appartement ∙ 1 chambre ∙ 4 personnes,Verbier - Bagnes - Valais
16/04/2024,12/10/2024,19/10/2024,944.28,HRHDLMK,35 m² Appartement ∙ 1 chambre ∙ 4 personnes,Verbier - Bagnes - Valais
16/04/2024,19/10/2024,26/10/2024,944.28,HRHDLMK,35 m² Appartement ∙ 1 chambre ∙ 4 personnes,Verbier - Bagnes - Valais
16/04/2024,26/10/2024,02/11/2024,944.28,HRHDLMK,35 m² Appartement ∙ 1 chambre ∙ 4 personnes,Verbier - Bagnes - Valais
16/04/2024,20/04/2024,27/04/2024,729.62,HVKRT4G,86 m² Appartement ∙ 2 chambres ∙ 5 personnes,Crans-Montana - Valais
16/04/2024,27/04/2024,04/05/2024,920.54,HVKRT4G,86 m² Appartement ∙ 2 chambres ∙ 5 personnes,Crans-Montana - Valais
16/04/2024,04/05/2024,11/05/2024,920.54,HVKRT4G,86 m² Appartement ∙ 2 chambres ∙ 5 personnes,Crans-Montana - Valais
16/04/2024,11/05/2024,18/05/2024,920.54,HVKRT4G,86 m² Appartement ∙ 2 chambres ∙ 5 personnes,Crans-Montana - Valais
16/04/2024,18/05/2024,25/05/2024,920.54,HVKRT4G,86 m² Appartement ∙ 2 chambres ∙ 5 personnes,Crans-Montana - Valais
16/04/2024,25/05/2024,01/06/2024,920.54,HVKRT4G,86 m² Appartement ∙ 2 chambres ∙ 5 personnes,Crans-Montana - Valais
16/04/2024,01/06/2024,08/06/2024,920.54,HVKRT4G,86 m² Appartement ∙ 2 chambres ∙ 5 personnes,Crans-Montana - Valais
16/04/2024,08/06/2024,15/06/2024,920.54,HVKRT4G,86 m² Appartement ∙ 2 chambres ∙ 5 personnes,Crans-Montana - Valais
16/04/2024,15/06/2024,22/06/2024,920.54,HVKRT4G,86 m² Appartement ∙ 2 chambres ∙ 5 personnes,Crans-Montana - Valais
16/04/2024,22/06/2024,29/06/2024,920.54,HVKRT4G,86 m² Appartement ∙ 2 chambres ∙ 5 personnes,Crans-Montana - Valais
16/04/2024,29/06/2024,06/07/2024,920.54,HVKRT4G,86 m² Appartement ∙ 2 chambres ∙ 5 personnes,Crans-Montana - Valais
16/04/2024,06/07/2024,13/07/2024,1199.18,HVKRT4G,86 m² Appartement ∙ 2 chambres ∙ 5 personnes,Crans-Montana - Valais
16/04/2024,13/07/2024,20/07/2024,1199.18,HVKRT4G,86 m² Appartement ∙ 2 chambres ∙ 5 personnes,Crans-Montana - Valais
16/04/2024,20/07/2024,27/07/2024,1259.03,HVKRT4G,86 m² Appartement ∙ 2 chambres ∙ 5 personnes,Crans-Montana - Valais
16/04/2024,27/07/2024,03/08/2024,1259.03,HVKRT4G,86 m² Appartement ∙ 2 chambres ∙ 5 personnes,Crans-Montana - Valais
16/04/2024,27/04/2024,04/05/2024,750.26,HV8XRG3,85 m² Appartement ∙ 2 chambres ∙ 5 personnes,La Lenk - Berne
16/04/2024,15/06/2024,22/06/2024,750.26,HV8XRG3,85 m² Appartement ∙ 2 chambres ∙ 5 personnes,La Lenk - Berne
16/04/2024,10/08/2024,17/08/2024,833.85,HV8XRG3,85 m² Appartement ∙ 2 chambres ∙ 5 personnes,La Lenk - Berne
16/04/2024,17/08/2024,24/08/2024,833.85,HV8XRG3,85 m² Appartement ∙ 2 chambres ∙ 5 personnes,La Lenk - Berne
16/04/2024,21/09/2024,28/09/2024,833.85,HV8XRG3,85 m² Appartement ∙ 2 chambres ∙ 5 personnes,La Lenk - Berne
16/04/2024,05/10/2024,12/10/2024,833.85,HV8XRG3,85 m² Appartement ∙ 2 chambres ∙ 5 personnes,La Lenk - Berne
16/04/2024,12/10/2024,19/10/2024,750.26,HV8XRG3,85 m² Appartement ∙ 2 chambres ∙ 5 personnes,La Lenk - Berne
16/04/2024,19/10/2024,26/10/2024,750.26,HV8XRG3,85 m² Appartement ∙ 2 chambres ∙ 5 personnes,La Lenk - Berne
16/04/2024,26/10/2024,02/11/2024,750.26,HV8XRG3,85 m² Appartement ∙ 2 chambres ∙ 5 personnes,La Lenk - Berne
16/04/2024,18/05/2024,25/05/2024,595.46,H7S8M5J,61 m² Appartement ∙ 1 chambre ∙ 4 personnes,La Lenk - Berne
16/04/2024,01/06/2024,08/06/2024,595.46,H7S8M5J,61 m² Appartement ∙ 1 chambre ∙ 4 personnes,La Lenk - Berne
16/04/2024,08/06/2024,15/06/2024,595.46,H7S8M5J,61 m² Appartement ∙ 1 chambre ∙ 4 personnes,La Lenk - Berne
16/04/2024,29/06/2024,06/07/2024,750.26,H7S8M5J,61 m² Appartement ∙ 1 chambre ∙ 4 personnes,La Lenk - Berne
16/04/2024,03/08/2024,10/08/2024,750.26,H7S8M5J,61 m² Appartement ∙ 1 chambre ∙ 4 personnes,La Lenk - Berne
16/04/2024,14/09/2024,21/09/2024,750.26,H7S8M5J,61 m² Appartement ∙ 1 chambre ∙ 4 personnes,La Lenk - Berne
16/04/2024,21/09/2024,28/09/2024,750.26,H7S8M5J,61 m² Appartement ∙ 1 chambre ∙ 4 personnes,La Lenk - Berne
16/04/2024,28/09/2024,05/10/2024,750.26,H7S8M5J,61 m² Appartement ∙ 1 chambre ∙ 4 personnes,La Lenk - Berne
16/04/2024,05/10/2024,12/10/2024,750.26,H7S8M5J,61 m² Appartement ∙ 1 chambre ∙ 4 personnes,La Lenk - Berne
16/04/2024,12/10/2024,19/10/2024,595.46,H7S8M5J,61 m² Appartement ∙ 1 chambre ∙ 4 personnes,La Lenk - Berne
16/04/2024,19/10/2024,26/10/2024,595.46,H7S8M5J,61 m² Appartement ∙ 1 chambre ∙ 4 personnes,La Lenk - Berne
16/04/2024,26/10/2024,02/11/2024,595.46,H7S8M5J,61 m² Appartement ∙ 1 chambre ∙ 4 personnes,La Lenk - Berne
16/04/2024,18/05/2024,25/05/2024,570.69,HTJ0USD,34 m² Village vacances ∙ 1 chambre ∙ 4 personnes,Zinal - Ayer - Valais
16/04/2024,25/05/2024,01/06/2024,570.69,HTJ0USD,34 m² Village vacances ∙ 1 chambre ∙ 4 personnes,Zinal - Ayer - Valais
16/04/2024,01/06/2024,08/06/2024,570.69,HTJ0USD,34 m² Village vacances ∙ 1 chambre ∙ 4 personnes,Zinal - Ayer - Valais
16/04/2024,08/06/2024,15/06/2024,570.69,HTJ0USD,34 m² Village vacances ∙ 1 chambre ∙ 4 personnes,Zinal - Ayer - Valais
16/04/2024,15/06/2024,22/06/2024,744.07,HTJ0USD,34 m² Village vacances ∙ 1 chambre ∙ 4 personnes,Zinal - Ayer - Valais
16/04/2024,22/06/2024,29/06/2024,744.07,HTJ0USD,34 m² Village vacances ∙ 1 chambre ∙ 4 personnes,Zinal - Ayer - Valais
16/04/2024,29/06/2024,06/07/2024,923.64,HTJ0USD,34 m² Village vacances ∙ 1 chambre ∙ 4 personnes,Zinal - Ayer - Valais
16/04/2024,06/07/2024,13/07/2024,1126.94,HTJ0USD,34 m² Village vacances ∙ 1 chambre ∙ 4 personnes,Zinal - Ayer - Valais
16/04/2024,13/07/2024,20/07/2024,1246.65,HTJ0USD,34 m² Village vacances ∙ 1 chambre ∙ 4 personnes,Zinal - Ayer - Valais
16/04/2024,20/07/2024,27/07/2024,1246.65,HTJ0USD,34 m² Village vacances ∙ 1 chambre ∙ 4 personnes,Zinal - Ayer - Valais
16/04/2024,27/07/2024,03/08/2024,1126.94,HTJ0USD,34 m² Village vacances ∙ 1 chambre ∙ 4 personnes,Zinal - Ayer - Valais
16/04/2024,17/08/2024,24/08/2024,744.07,HTJ0USD,34 m² Village vacances ∙ 1 chambre ∙ 4 personnes,Zinal - Ayer - Valais
16/04/2024,24/08/2024,31/08/2024,518.06,HTJ0USD,34 m² Village vacances ∙ 1 chambre ∙ 4 personnes,Zinal - Ayer - Valais
16/04/2024,31/08/2024,07/09/2024,518.06,HTJ0USD,34 m² Village vacances ∙ 1 chambre ∙ 4 personnes,Zinal - Ayer - Valais
16/04/2024,07/09/2024,14/09/2024,518.06,HTJ0USD,34 m² Village vacances ∙ 1 chambre ∙ 4 personnes,Zinal - Ayer - Valais
16/04/2024,14/09/2024,21/09/2024,518.06,HTJ0USD,34 m² Village vacances ∙ 1 chambre ∙ 4 personnes,Zinal - Ayer - Valais
16/04/2024,21/09/2024,28/09/2024,518.06,HTJ0USD,34 m² Village vacances ∙ 1 chambre ∙ 4 personnes,Zinal - Ayer - Valais
16/04/2024,28/09/2024,05/10/2024,518.06,HTJ0USD,34 m² Village vacances ∙ 1 chambre ∙ 4 personnes,Zinal - Ayer - Valais
16/04/2024,05/10/2024,12/10/2024,744.07,HTJ0USD,34 m² Village vacances ∙ 1 chambre ∙ 4 personnes,Zinal - Ayer - Valais
16/04/2024,12/10/2024,19/10/2024,744.07,HTJ0USD,34 m² Village vacances ∙ 1 chambre ∙ 4 personnes,Zinal - Ayer - Valais
16/04/2024,19/10/2024,26/10/2024,518.06,HTJ0USD,34 m² Village vacances ∙ 1 chambre ∙ 4 personnes,Zinal - Ayer - Valais
16/04/2024,20/04/2024,27/04/2024,1356.04,HFCVA6T,85 m² Appartement ∙ 3 chambres ∙ 6 personnes,Zinal - Ayer - Valais
16/04/2024,27/04/2024,04/05/2024,1356.04,HFCVA6T,85 m² Appartement ∙ 3 chambres ∙ 6 personnes,Zinal - Ayer - Valais
16/04/2024,04/05/2024,11/05/2024,1356.04,HFCVA6T,85 m² Appartement ∙ 3 chambres ∙ 6 personnes,Zinal - Ayer - Valais
16/04/2024,11/05/2024,18/05/2024,1356.04,HFCVA6T,85 m² Appartement ∙ 3 chambres ∙ 6 personnes,Zinal - Ayer - Valais
16/04/2024,18/05/2024,25/05/2024,1356.04,HFCVA6T,85 m² Appartement ∙ 3 chambres ∙ 6 personnes,Zinal - Ayer - Valais
16/04/2024,25/05/2024,01/06/2024,1356.04,HFCVA6T,85 m² Appartement ∙ 3 chambres ∙ 6 personnes,Zinal - Ayer - Valais
16/04/2024,01/06/2024,08/06/2024,1356.04,HFCVA6T,85 m² Appartement ∙ 3 chambres ∙ 6 personnes,Zinal - Ayer - Valais
16/04/2024,08/06/2024,15/06/2024,1356.04,HFCVA6T,85 m² Appartement ∙ 3 chambres ∙ 6 personnes,Zinal - Ayer - Valais
16/04/2024,15/06/2024,22/06/2024,1356.04,HFCVA6T,85 m² Appartement ∙ 3 chambres ∙ 6 personnes,Zinal - Ayer - Valais
16/04/2024,06/07/2024,13/07/2024,1356.04,HFCVA6T,85 m² Appartement ∙ 3 chambres ∙ 6 personnes,Zinal - Ayer - Valais
16/04/2024,24/08/2024,31/08/2024,1356.04,HFCVA6T,85 m² Appartement ∙ 3 chambres ∙ 6 personnes,Zinal - Ayer - Valais
16/04/2024,31/08/2024,07/09/2024,1356.04,HFCVA6T,85 m² Appartement ∙ 3 chambres ∙ 6 personnes,Zinal - Ayer - Valais
16/04/2024,07/09/2024,14/09/2024,1356.04,HFCVA6T,85 m² Appartement ∙ 3 chambres ∙ 6 personnes,Zinal - Ayer - Valais
16/04/2024,14/09/2024,21/09/2024,1356.04,HFCVA6T,85 m² Appartement ∙ 3 chambres ∙ 6 personnes,Zinal - Ayer - Valais
16/04/2024,21/09/2024,28/09/2024,1356.04,HFCVA6T,85 m² Appartement ∙ 3 chambres ∙ 6 personnes,Zinal - Ayer - Valais
16/04/2024,28/09/2024,05/10/2024,1356.04,HFCVA6T,85 m² Appartement ∙ 3 chambres ∙ 6 personnes,Zinal - Ayer - Valais
16/04/2024,05/10/2024,12/10/2024,1356.04,HFCVA6T,85 m² Appartement ∙ 3 chambres ∙ 6 personnes,Zinal - Ayer - Valais
16/04/2024,12/10/2024,19/10/2024,1356.04,HFCVA6T,85 m² Appartement ∙ 3 chambres ∙ 6 personnes,Zinal - Ayer - Valais
16/04/2024,19/10/2024,26/10/2024,1356.04,HFCVA6T,85 m² Appartement ∙ 3 chambres ∙ 6 personnes,Zinal - Ayer - Valais
16/04/2024,26/10/2024,02/11/2024,1356.04,HFCVA6T,85 m² Appartement ∙ 3 chambres ∙ 6 personnes,Zinal - Ayer - Valais
16/04/2024,20/04/2024,27/04/2024,1377.71,H05E9VG,Maison de vacances ∙ 3 chambres ∙ 5 personnes,Zinal - Ayer - Valais
16/04/2024,27/04/2024,04/05/2024,1377.71,H05E9VG,Maison de vacances ∙ 3 chambres ∙ 5 personnes,Zinal - Ayer - Valais
16/04/2024,04/05/2024,11/05/2024,1377.71,H05E9VG,Maison de vacances ∙ 3 chambres ∙ 5 personnes,Zinal - Ayer - Valais
16/04/2024,11/05/2024,18/05/2024,1377.71,H05E9VG,Maison de vacances ∙ 3 chambres ∙ 5 personnes,Zinal - Ayer - Valais
16/04/2024,18/05/2024,25/05/2024,1377.71,H05E9VG,Maison de vacances ∙ 3 chambres ∙ 5 personnes,Zinal - Ayer - Valais
16/04/2024,25/05/2024,01/06/2024,1377.71,H05E9VG,Maison de vacances ∙ 3 chambres ∙ 5 personnes,Zinal - Ayer - Valais
16/04/2024,01/06/2024,08/06/2024,1377.71,H05E9VG,Maison de vacances ∙ 3 chambres ∙ 5 personnes,Zinal - Ayer - Valais
16/04/2024,08/06/2024,15/06/2024,1377.71,H05E9VG,Maison de vacances ∙ 3 chambres ∙ 5 personnes,Zinal - Ayer - Valais
16/04/2024,22/06/2024,29/06/2024,1377.71,H05E9VG,Maison de vacances ∙ 3 chambres ∙ 5 personnes,Zinal - Ayer - Valais
16/04/2024,29/06/2024,06/07/2024,1377.71,H05E9VG,Maison de vacances ∙ 3 chambres ∙ 5 personnes,Zinal - Ayer - Valais
16/04/2024,06/07/2024,13/07/2024,1377.71,H05E9VG,Maison de vacances ∙ 3 chambres ∙ 5 personnes,Zinal - Ayer - Valais
16/04/2024,24/08/2024,31/08/2024,1377.71,H05E9VG,Maison de vacances ∙ 3 chambres ∙ 5 personnes,Zinal - Ayer - Valais
16/04/2024,31/08/2024,07/09/2024,1377.71,H05E9VG,Maison de vacances ∙ 3 chambres ∙ 5 personnes,Zinal - Ayer - Valais
16/04/2024,07/09/2024,14/09/2024,1377.71,H05E9VG,Maison de vacances ∙ 3 chambres ∙ 5 personnes,Zinal - Ayer - Valais
16/04/2024,14/09/2024,21/09/2024,1377.71,H05E9VG,Maison de vacances ∙ 3 chambres ∙ 5 personnes,Zinal - Ayer - Valais
16/04/2024,21/09/2024,28/09/2024,1377.71,H05E9VG,Maison de vacances ∙ 3 chambres ∙ 5 personnes,Zinal - Ayer - Valais
16/04/2024,28/09/2024,05/10/2024,1377.71,H05E9VG,Maison de vacances ∙ 3 chambres ∙ 5 personnes,Zinal - Ayer - Valais
16/04/2024,05/10/2024,12/10/2024,1377.71,H05E9VG,Maison de vacances ∙ 3 chambres ∙ 5 personnes,Zinal - Ayer - Valais
16/04/2024,12/10/2024,19/10/2024,1377.71,H05E9VG,Maison de vacances ∙ 3 chambres ∙ 5 personnes,Zinal - Ayer - Valais
16/04/2024,19/10/2024,26/10/2024,1377.71,H05E9VG,Maison de vacances ∙ 3 chambres ∙ 5 personnes,Zinal - Ayer - Valais
16/04/2024,26/10/2024,02/11/2024,1377.71,H05E9VG,Maison de vacances ∙ 3 chambres ∙ 5 personnes,Zinal - Ayer - Valais
16/04/2024,20/04/2024,27/04/2024,1472.66,HDZV9EN,Maison de vacances ∙ 3 chambres ∙ 6 personnes,Zinal - Ayer - Valais
16/04/2024,27/04/2024,04/05/2024,1472.66,HDZV9EN,Maison de vacances ∙ 3 chambres ∙ 6 personnes,Zinal - Ayer - Valais
16/04/2024,04/05/2024,11/05/2024,1472.66,HDZV9EN,Maison de vacances ∙ 3 chambres ∙ 6 personnes,Zinal - Ayer - Valais
16/04/2024,11/05/2024,18/05/2024,1472.66,HDZV9EN,Maison de vacances ∙ 3 chambres ∙ 6 personnes,Zinal - Ayer - Valais
16/04/2024,18/05/2024,25/05/2024,1472.66,HDZV9EN,Maison de vacances ∙ 3 chambres ∙ 6 personnes,Zinal - Ayer - Valais
16/04/2024,25/05/2024,01/06/2024,1472.66,HDZV9EN,Maison de vacances ∙ 3 chambres ∙ 6 personnes,Zinal - Ayer - Valais
16/04/2024,01/06/2024,08/06/2024,1472.66,HDZV9EN,Maison de vacances ∙ 3 chambres ∙ 6 personnes,Zinal - Ayer - Valais
16/04/2024,13/07/2024,20/07/2024,1772.97,HDZV9EN,Maison de vacances ∙ 3 chambres ∙ 6 personnes,Zinal - Ayer - Valais
16/04/2024,07/09/2024,14/09/2024,1472.66,HDZV9EN,Maison de vacances ∙ 3 chambres ∙ 6 personnes,Zinal - Ayer - Valais
16/04/2024,14/09/2024,21/09/2024,1472.66,HDZV9EN,Maison de vacances ∙ 3 chambres ∙ 6 personnes,Zinal - Ayer - Valais
16/04/2024,21/09/2024,28/09/2024,1472.66,HDZV9EN,Maison de vacances ∙ 3 chambres ∙ 6 personnes,Zinal - Ayer - Valais
16/04/2024,28/09/2024,05/10/2024,1472.66,HDZV9EN,Maison de vacances ∙ 3 chambres ∙ 6 personnes,Zinal - Ayer - Valais
16/04/2024,05/10/2024,12/10/2024,1472.66,HDZV9EN,Maison de vacances ∙ 3 chambres ∙ 6 personnes,Zinal - Ayer - Valais
16/04/2024,20/04/2024,27/04/2024,895.77,HAW3PSD,54 m² Appartement ∙ 2 chambres ∙ 5 personnes,Zinal - Ayer - Valais
16/04/2024,27/04/2024,04/05/2024,895.77,HAW3PSD,54 m² Appartement ∙ 2 chambres ∙ 5 personnes,Zinal - Ayer - Valais
16/04/2024,04/05/2024,11/05/2024,895.77,HAW3PSD,54 m² Appartement ∙ 2 chambres ∙ 5 personnes,Zinal - Ayer - Valais
16/04/2024,11/05/2024,18/05/2024,895.77,HAW3PSD,54 m² Appartement ∙ 2 chambres ∙ 5 personnes,Zinal - Ayer - Valais
16/04/2024,18/05/2024,25/05/2024,895.77,HAW3PSD,54 m² Appartement ∙ 2 chambres ∙ 5 personnes,Zinal - Ayer - Valais
16/04/2024,25/05/2024,01/06/2024,895.77,HAW3PSD,54 m² Appartement ∙ 2 chambres ∙ 5 personnes,Zinal - Ayer - Valais
16/04/2024,01/06/2024,08/06/2024,895.77,HAW3PSD,54 m² Appartement ∙ 2 chambres ∙ 5 personnes,Zinal - Ayer - Valais
16/04/2024,08/06/2024,15/06/2024,895.77,HAW3PSD,54 m² Appartement ∙ 2 chambres ∙ 5 personnes,Zinal - Ayer - Valais
16/04/2024,15/06/2024,22/06/2024,895.77,HAW3PSD,54 m² Appartement ∙ 2 chambres ∙ 5 personnes,Zinal - Ayer - Valais
16/04/2024,22/06/2024,29/06/2024,895.77,HAW3PSD,54 m² Appartement ∙ 2 chambres ∙ 5 personnes,Zinal - Ayer - Valais
16/04/2024,29/06/2024,06/07/2024,895.77,HAW3PSD,54 m² Appartement ∙ 2 chambres ∙ 5 personnes,Zinal - Ayer - Valais
16/04/2024,06/07/2024,13/07/2024,895.77,HAW3PSD,54 m² Appartement ∙ 2 chambres ∙ 5 personnes,Zinal - Ayer - Valais
16/04/2024,24/08/2024,31/08/2024,961.82,HAW3PSD,54 m² Appartement ∙ 2 chambres ∙ 5 personnes,Zinal - Ayer - Valais
16/04/2024,31/08/2024,07/09/2024,961.82,HAW3PSD,54 m² Appartement ∙ 2 chambres ∙ 5 personnes,Zinal - Ayer - Valais
16/04/2024,07/09/2024,14/09/2024,961.82,HAW3PSD,54 m² Appartement ∙ 2 chambres ∙ 5 personnes,Zinal - Ayer - Valais
16/04/2024,14/09/2024,21/09/2024,961.82,HAW3PSD,54 m² Appartement ∙ 2 chambres ∙ 5 personnes,Zinal - Ayer - Valais
16/04/2024,21/09/2024,28/09/2024,961.82,HAW3PSD,54 m² Appartement ∙ 2 chambres ∙ 5 personnes,Zinal - Ayer - Valais
16/04/2024,28/09/2024,05/10/2024,961.82,HAW3PSD,54 m² Appartement ∙ 2 chambres ∙ 5 personnes,Zinal - Ayer - Valais
16/04/2024,05/10/2024,12/10/2024,961.82,HAW3PSD,54 m² Appartement ∙ 2 chambres ∙ 5 personnes,Zinal - Ayer - Valais
16/04/2024,12/10/2024,19/10/2024,961.82,HAW3PSD,54 m² Appartement ∙ 2 chambres ∙ 5 personnes,Zinal - Ayer - Valais
16/04/2024,19/10/2024,26/10/2024,961.82,HAW3PSD,54 m² Appartement ∙ 2 chambres ∙ 5 personnes,Zinal - Ayer - Valais
16/04/2024,26/10/2024,02/11/2024,961.82,HAW3PSD,54 m² Appartement ∙ 2 chambres ∙ 5 personnes,Zinal - Ayer - Valais
16/04/2024,20/04/2024,27/04/2024,1328.63,HZDLK7H,74 m² Appartement ∙ 2 chambres ∙ 6 personnes,Zinal - Ayer - Valais
16/04/2024,27/04/2024,04/05/2024,1328.63,HZDLK7H,74 m² Appartement ∙ 2 chambres ∙ 6 personnes,Zinal - Ayer - Valais
16/04/2024,04/05/2024,11/05/2024,1328.63,HZDLK7H,74 m² Appartement ∙ 2 chambres ∙ 6 personnes,Zinal - Ayer - Valais
16/04/2024,11/05/2024,18/05/2024,1328.63,HZDLK7H,74 m² Appartement ∙ 2 chambres ∙ 6 personnes,Zinal - Ayer - Valais
16/04/2024,18/05/2024,25/05/2024,1328.63,HZDLK7H,74 m² Appartement ∙ 2 chambres ∙ 6 personnes,Zinal - Ayer - Valais
16/04/2024,25/05/2024,01/06/2024,1494.71,HZDLK7H,74 m² Appartement ∙ 2 chambres ∙ 6 personnes,Zinal - Ayer - Valais
16/04/2024,01/06/2024,08/06/2024,1494.71,HZDLK7H,74 m² Appartement ∙ 2 chambres ∙ 6 personnes,Zinal - Ayer - Valais
16/04/2024,08/06/2024,15/06/2024,1494.71,HZDLK7H,74 m² Appartement ∙ 2 chambres ∙ 6 personnes,Zinal - Ayer - Valais
16/04/2024,15/06/2024,22/06/2024,1494.71,HZDLK7H,74 m² Appartement ∙ 2 chambres ∙ 6 personnes,Zinal - Ayer - Valais
16/04/2024,22/06/2024,29/06/2024,1494.71,HZDLK7H,74 m² Appartement ∙ 2 chambres ∙ 6 personnes,Zinal - Ayer - Valais
16/04/2024,29/06/2024,06/07/2024,1523.32,HZDLK7H,74 m² Appartement ∙ 2 chambres ∙ 6 personnes,Zinal - Ayer - Valais
16/04/2024,06/07/2024,13/07/2024,1523.32,HZDLK7H,74 m² Appartement ∙ 2 chambres ∙ 6 personnes,Zinal - Ayer - Valais
16/04/2024,17/08/2024,24/08/2024,1523.32,HZDLK7H,74 m² Appartement ∙ 2 chambres ∙ 6 personnes,Zinal - Ayer - Valais
16/04/2024,24/08/2024,31/08/2024,1494.71,HZDLK7H,74 m² Appartement ∙ 2 chambres ∙ 6 personnes,Zinal - Ayer - Valais
16/04/2024,31/08/2024,07/09/2024,1494.71,HZDLK7H,74 m² Appartement ∙ 2 chambres ∙ 6 personnes,Zinal - Ayer - Valais
16/04/2024,07/09/2024,14/09/2024,1494.71,HZDLK7H,74 m² Appartement ∙ 2 chambres ∙ 6 personnes,Zinal - Ayer - Valais
16/04/2024,14/09/2024,21/09/2024,1494.71,HZDLK7H,74 m² Appartement ∙ 2 chambres ∙ 6 personnes,Zinal - Ayer - Valais
16/04/2024,21/09/2024,28/09/2024,1494.71,HZDLK7H,74 m² Appartement ∙ 2 chambres ∙ 6 personnes,Zinal - Ayer - Valais
16/04/2024,28/09/2024,05/10/2024,1494.71,HZDLK7H,74 m² Appartement ∙ 2 chambres ∙ 6 personnes,Zinal - Ayer - Valais
16/04/2024,05/10/2024,12/10/2024,1494.71,HZDLK7H,74 m² Appartement ∙ 2 chambres ∙ 6 personnes,Zinal - Ayer - Valais
16/04/2024,12/10/2024,19/10/2024,1494.71,HZDLK7H,74 m² Appartement ∙ 2 chambres ∙ 6 personnes,Zinal - Ayer - Valais
16/04/2024,19/10/2024,26/10/2024,1494.71,HZDLK7H,74 m² Appartement ∙ 2 chambres ∙ 6 personnes,Zinal - Ayer - Valais
16/04/2024,26/10/2024,02/11/2024,1494.71,HZDLK7H,74 m² Appartement ∙ 2 chambres ∙ 6 personnes,Zinal - Ayer - Valais
16/04/2024,20/04/2024,27/04/2024,1061.64,HGLV9FA,56 m² Appartement ∙ 2 chambres ∙ 6 personnes,Zinal - Ayer - Valais
16/04/2024,27/04/2024,04/05/2024,1061.64,HGLV9FA,56 m² Appartement ∙ 2 chambres ∙ 6 personnes,Zinal - Ayer - Valais
16/04/2024,04/05/2024,11/05/2024,1061.64,HGLV9FA,56 m² Appartement ∙ 2 chambres ∙ 6 personnes,Zinal - Ayer - Valais
16/04/2024,11/05/2024,18/05/2024,1061.64,HGLV9FA,56 m² Appartement ∙ 2 chambres ∙ 6 personnes,Zinal - Ayer - Valais
16/04/2024,18/05/2024,25/05/2024,1061.64,HGLV9FA,56 m² Appartement ∙ 2 chambres ∙ 6 personnes,Zinal - Ayer - Valais
16/04/2024,25/05/2024,01/06/2024,1194.34,HGLV9FA,56 m² Appartement ∙ 2 chambres ∙ 6 personnes,Zinal - Ayer - Valais
16/04/2024,01/06/2024,08/06/2024,1194.34,HGLV9FA,56 m² Appartement ∙ 2 chambres ∙ 6 personnes,Zinal - Ayer - Valais
16/04/2024,08/06/2024,15/06/2024,1194.34,HGLV9FA,56 m² Appartement ∙ 2 chambres ∙ 6 personnes,Zinal - Ayer - Valais
16/04/2024,15/06/2024,22/06/2024,1194.34,HGLV9FA,56 m² Appartement ∙ 2 chambres ∙ 6 personnes,Zinal - Ayer - Valais
16/04/2024,22/06/2024,29/06/2024,1194.34,HGLV9FA,56 m² Appartement ∙ 2 chambres ∙ 6 personnes,Zinal - Ayer - Valais
16/04/2024,29/06/2024,06/07/2024,1258.71,HGLV9FA,56 m² Appartement ∙ 2 chambres ∙ 6 personnes,Zinal - Ayer - Valais
16/04/2024,06/07/2024,13/07/2024,1258.71,HGLV9FA,56 m² Appartement ∙ 2 chambres ∙ 6 personnes,Zinal - Ayer - Valais
16/04/2024,13/07/2024,20/07/2024,1493.92,HGLV9FA,56 m² Appartement ∙ 2 chambres ∙ 6 personnes,Zinal - Ayer - Valais
16/04/2024,20/07/2024,27/07/2024,1493.92,HGLV9FA,56 m² Appartement ∙ 2 chambres ∙ 6 personnes,Zinal - Ayer - Valais
16/04/2024,17/08/2024,24/08/2024,1258.71,HGLV9FA,56 m² Appartement ∙ 2 chambres ∙ 6 personnes,Zinal - Ayer - Valais
16/04/2024,24/08/2024,31/08/2024,1194.34,HGLV9FA,56 m² Appartement ∙ 2 chambres ∙ 6 personnes,Zinal - Ayer - Valais
16/04/2024,31/08/2024,07/09/2024,1194.34,HGLV9FA,56 m² Appartement ∙ 2 chambres ∙ 6 personnes,Zinal - Ayer - Valais
16/04/2024,07/09/2024,14/09/2024,1194.34,HGLV9FA,56 m² Appartement ∙ 2 chambres ∙ 6 personnes,Zinal - Ayer - Valais
16/04/2024,14/09/2024,21/09/2024,1194.34,HGLV9FA,56 m² Appartement ∙ 2 chambres ∙ 6 personnes,Zinal - Ayer - Valais
16/04/2024,21/09/2024,28/09/2024,1194.34,HGLV9FA,56 m² Appartement ∙ 2 chambres ∙ 6 personnes,Zinal - Ayer - Valais
16/04/2024,28/09/2024,05/10/2024,1194.34,HGLV9FA,56 m² Appartement ∙ 2 chambres ∙ 6 personnes,Zinal - Ayer - Valais
16/04/2024,05/10/2024,12/10/2024,1194.34,HGLV9FA,56 m² Appartement ∙ 2 chambres ∙ 6 personnes,Zinal - Ayer - Valais
16/04/2024,12/10/2024,19/10/2024,1194.34,HGLV9FA,56 m² Appartement ∙ 2 chambres ∙ 6 personnes,Zinal - Ayer - Valais
16/04/2024,19/10/2024,26/10/2024,1194.34,HGLV9FA,56 m² Appartement ∙ 2 chambres ∙ 6 personnes,Zinal - Ayer - Valais
16/04/2024,20/04/2024,27/04/2024,1539.74,H5NW2CF,120 m² Appartement ∙ 3 chambres ∙ 6 personnes,Zinal - Ayer - Valais
16/04/2024,27/04/2024,04/05/2024,1539.74,H5NW2CF,120 m² Appartement ∙ 3 chambres ∙ 6 personnes,Zinal - Ayer - Valais
16/04/2024,18/05/2024,25/05/2024,1539.74,H5NW2CF,120 m² Appartement ∙ 3 chambres ∙ 6 personnes,Zinal - Ayer - Valais
16/04/2024,25/05/2024,01/06/2024,1539.74,H5NW2CF,120 m² Appartement ∙ 3 chambres ∙ 6 personnes,Zinal - Ayer - Valais
16/04/2024,01/06/2024,08/06/2024,1539.74,H5NW2CF,120 m² Appartement ∙ 3 chambres ∙ 6 personnes,Zinal - Ayer - Valais
16/04/2024,08/06/2024,15/06/2024,1539.74,H5NW2CF,120 m² Appartement ∙ 3 chambres ∙ 6 personnes,Zinal - Ayer - Valais
16/04/2024,15/06/2024,22/06/2024,1539.74,H5NW2CF,120 m² Appartement ∙ 3 chambres ∙ 6 personnes,Zinal - Ayer - Valais
16/04/2024,22/06/2024,29/06/2024,1539.74,H5NW2CF,120 m² Appartement ∙ 3 chambres ∙ 6 personnes,Zinal - Ayer - Valais
16/04/2024,13/07/2024,20/07/2024,1667.70,H5NW2CF,120 m² Appartement ∙ 3 chambres ∙ 6 personnes,Zinal - Ayer - Valais
16/04/2024,17/08/2024,24/08/2024,1539.74,H5NW2CF,120 m² Appartement ∙ 3 chambres ∙ 6 personnes,Zinal - Ayer - Valais
16/04/2024,24/08/2024,31/08/2024,1539.74,H5NW2CF,120 m² Appartement ∙ 3 chambres ∙ 6 personnes,Zinal - Ayer - Valais
16/04/2024,31/08/2024,07/09/2024,1539.74,H5NW2CF,120 m² Appartement ∙ 3 chambres ∙ 6 personnes,Zinal - Ayer - Valais
16/04/2024,07/09/2024,14/09/2024,1539.74,H5NW2CF,120 m² Appartement ∙ 3 chambres ∙ 6 personnes,Zinal - Ayer - Valais
16/04/2024,14/09/2024,21/09/2024,1539.74,H5NW2CF,120 m² Appartement ∙ 3 chambres ∙ 6 personnes,Zinal - Ayer - Valais
16/04/2024,21/09/2024,28/09/2024,1539.74,H5NW2CF,120 m² Appartement ∙ 3 chambres ∙ 6 personnes,Zinal - Ayer - Valais
16/04/2024,28/09/2024,05/10/2024,1539.74,H5NW2CF,120 m² Appartement ∙ 3 chambres ∙ 6 personnes,Zinal - Ayer - Valais
16/04/2024,05/10/2024,12/10/2024,1539.74,H5NW2CF,120 m² Appartement ∙ 3 chambres ∙ 6 personnes,Zinal - Ayer - Valais
16/04/2024,12/10/2024,19/10/2024,1539.74,H5NW2CF,120 m² Appartement ∙ 3 chambres ∙ 6 personnes,Zinal - Ayer - Valais
16/04/2024,19/10/2024,26/10/2024,1539.74,H5NW2CF,120 m² Appartement ∙ 3 chambres ∙ 6 personnes,Zinal - Ayer - Valais
16/04/2024,26/10/2024,02/11/2024,1539.74,H5NW2CF,120 m² Appartement ∙ 3 chambres ∙ 6 personnes,Zinal - Ayer - Valais
16/04/2024,20/04/2024,27/04/2024,1074.35,H53V2HB,74 m² Appartement ∙ 2 chambres ∙ 6 personnes,Zinal - Ayer - Valais
16/04/2024,27/04/2024,04/05/2024,1074.35,H53V2HB,74 m² Appartement ∙ 2 chambres ∙ 6 personnes,Zinal - Ayer - Valais
16/04/2024,04/05/2024,11/05/2024,1074.35,H53V2HB,74 m² Appartement ∙ 2 chambres ∙ 6 personnes,Zinal - Ayer - Valais
16/04/2024,11/05/2024,18/05/2024,1074.35,H53V2HB,74 m² Appartement ∙ 2 chambres ∙ 6 personnes,Zinal - Ayer - Valais
16/04/2024,18/05/2024,25/05/2024,1074.35,H53V2HB,74 m² Appartement ∙ 2 chambres ∙ 6 personnes,Zinal - Ayer - Valais
16/04/2024,25/05/2024,01/06/2024,1208.64,H53V2HB,74 m² Appartement ∙ 2 chambres ∙ 6 personnes,Zinal - Ayer - Valais
16/04/2024,01/06/2024,08/06/2024,1208.64,H53V2HB,74 m² Appartement ∙ 2 chambres ∙ 6 personnes,Zinal - Ayer - Valais
16/04/2024,08/06/2024,15/06/2024,1208.64,H53V2HB,74 m² Appartement ∙ 2 chambres ∙ 6 personnes,Zinal - Ayer - Valais
16/04/2024,15/06/2024,22/06/2024,1208.64,H53V2HB,74 m² Appartement ∙ 2 chambres ∙ 6 personnes,Zinal - Ayer - Valais
16/04/2024,22/06/2024,29/06/2024,1208.64,H53V2HB,74 m² Appartement ∙ 2 chambres ∙ 6 personnes,Zinal - Ayer - Valais
16/04/2024,29/06/2024,06/07/2024,1265.86,H53V2HB,74 m² Appartement ∙ 2 chambres ∙ 6 personnes,Zinal - Ayer - Valais
16/04/2024,20/07/2024,27/07/2024,1517.76,H53V2HB,74 m² Appartement ∙ 2 chambres ∙ 6 personnes,Zinal - Ayer - Valais
16/04/2024,27/07/2024,03/08/2024,1517.76,H53V2HB,74 m² Appartement ∙ 2 chambres ∙ 6 personnes,Zinal - Ayer - Valais
16/04/2024,17/08/2024,24/08/2024,1265.86,H53V2HB,74 m² Appartement ∙ 2 chambres ∙ 6 personnes,Zinal - Ayer - Valais
16/04/2024,24/08/2024,31/08/2024,1208.64,H53V2HB,74 m² Appartement ∙ 2 chambres ∙ 6 personnes,Zinal - Ayer - Valais
16/04/2024,31/08/2024,07/09/2024,1208.64,H53V2HB,74 m² Appartement ∙ 2 chambres ∙ 6 personnes,Zinal - Ayer - Valais
16/04/2024,07/09/2024,14/09/2024,1208.64,H53V2HB,74 m² Appartement ∙ 2 chambres ∙ 6 personnes,Zinal - Ayer - Valais
16/04/2024,14/09/2024,21/09/2024,1208.64,H53V2HB,74 m² Appartement ∙ 2 chambres ∙ 6 personnes,Zinal - Ayer - Valais
16/04/2024,21/09/2024,28/09/2024,1208.64,H53V2HB,74 m² Appartement ∙ 2 chambres ∙ 6 personnes,Zinal - Ayer - Valais
16/04/2024,28/09/2024,05/10/2024,1208.64,H53V2HB,74 m² Appartement ∙ 2 chambres ∙ 6 personnes,Zinal - Ayer - Valais
16/04/2024,05/10/2024,12/10/2024,1208.64,H53V2HB,74 m² Appartement ∙ 2 chambres ∙ 6 personnes,Zinal - Ayer - Valais
16/04/2024,12/10/2024,19/10/2024,1208.64,H53V2HB,74 m² Appartement ∙ 2 chambres ∙ 6 personnes,Zinal - Ayer - Valais
16/04/2024,19/10/2024,26/10/2024,1208.64,H53V2HB,74 m² Appartement ∙ 2 chambres ∙ 6 personnes,Zinal - Ayer - Valais
16/04/2024,26/10/2024,02/11/2024,1208.64,H53V2HB,74 m² Appartement ∙ 2 chambres ∙ 6 personnes,Zinal - Ayer - Valais
16/04/2024,20/04/2024,27/04/2024,1957.70,HS43VP0,150 m² Maison de vacances ∙ 4 chambres ∙ 10 personnes,Zinal - Ayer - Valais
16/04/2024,27/04/2024,04/05/2024,1957.70,HS43VP0,150 m² Maison de vacances ∙ 4 chambres ∙ 10 personnes,Zinal - Ayer - Valais
16/04/2024,04/05/2024,11/05/2024,1957.70,HS43VP0,150 m² Maison de vacances ∙ 4 chambres ∙ 10 personnes,Zinal - Ayer - Valais
16/04/2024,11/05/2024,18/05/2024,1957.70,HS43VP0,150 m² Maison de vacances ∙ 4 chambres ∙ 10 personnes,Zinal - Ayer - Valais
16/04/2024,18/05/2024,25/05/2024,1957.70,HS43VP0,150 m² Maison de vacances ∙ 4 chambres ∙ 10 personnes,Zinal - Ayer - Valais
16/04/2024,25/05/2024,01/06/2024,1957.70,HS43VP0,150 m² Maison de vacances ∙ 4 chambres ∙ 10 personnes,Zinal - Ayer - Valais
16/04/2024,01/06/2024,08/06/2024,1957.70,HS43VP0,150 m² Maison de vacances ∙ 4 chambres ∙ 10 personnes,Zinal - Ayer - Valais
16/04/2024,08/06/2024,15/06/2024,1957.70,HS43VP0,150 m² Maison de vacances ∙ 4 chambres ∙ 10 personnes,Zinal - Ayer - Valais
16/04/2024,15/06/2024,22/06/2024,1957.70,HS43VP0,150 m² Maison de vacances ∙ 4 chambres ∙ 10 personnes,Zinal - Ayer - Valais
16/04/2024,22/06/2024,29/06/2024,1957.70,HS43VP0,150 m² Maison de vacances ∙ 4 chambres ∙ 10 personnes,Zinal - Ayer - Valais
16/04/2024,13/07/2024,20/07/2024,2258.01,HS43VP0,150 m² Maison de vacances ∙ 4 chambres ∙ 10 personnes,Zinal - Ayer - Valais
16/04/2024,20/07/2024,27/07/2024,2484.01,HS43VP0,150 m² Maison de vacances ∙ 4 chambres ∙ 10 personnes,Zinal - Ayer - Valais
16/04/2024,24/08/2024,31/08/2024,1957.70,HS43VP0,150 m² Maison de vacances ∙ 4 chambres ∙ 10 personnes,Zinal - Ayer - Valais
16/04/2024,31/08/2024,07/09/2024,1957.70,HS43VP0,150 m² Maison de vacances ∙ 4 chambres ∙ 10 personnes,Zinal - Ayer - Valais
16/04/2024,07/09/2024,14/09/2024,1957.70,HS43VP0,150 m² Maison de vacances ∙ 4 chambres ∙ 10 personnes,Zinal - Ayer - Valais
16/04/2024,14/09/2024,21/09/2024,1957.70,HS43VP0,150 m² Maison de vacances ∙ 4 chambres ∙ 10 personnes,Zinal - Ayer - Valais
16/04/2024,21/09/2024,28/09/2024,1957.70,HS43VP0,150 m² Maison de vacances ∙ 4 chambres ∙ 10 personnes,Zinal - Ayer - Valais
16/04/2024,28/09/2024,05/10/2024,1957.70,HS43VP0,150 m² Maison de vacances ∙ 4 chambres ∙ 10 personnes,Zinal - Ayer - Valais
16/04/2024,05/10/2024,12/10/2024,1957.70,HS43VP0,150 m² Maison de vacances ∙ 4 chambres ∙ 10 personnes,Zinal - Ayer - Valais
16/04/2024,12/10/2024,19/10/2024,1957.70,HS43VP0,150 m² Maison de vacances ∙ 4 chambres ∙ 10 personnes,Zinal - Ayer - Valais
16/04/2024,19/10/2024,26/10/2024,1957.70,HS43VP0,150 m² Maison de vacances ∙ 4 chambres ∙ 10 personnes,Zinal - Ayer - Valais
16/04/2024,26/10/2024,02/11/2024,1957.70,HS43VP0,150 m² Maison de vacances ∙ 4 chambres ∙ 10 personnes,Zinal - Ayer - Valais
16/04/2024,20/04/2024,27/04/2024,1644.90,H3WN8KM,72 m² Appartement ∙ 2 chambres ∙ 6 personnes,Zinal - Ayer - Valais
16/04/2024,27/04/2024,04/05/2024,1644.90,H3WN8KM,72 m² Appartement ∙ 2 chambres ∙ 6 personnes,Zinal - Ayer - Valais
16/04/2024,04/05/2024,11/05/2024,1644.90,H3WN8KM,72 m² Appartement ∙ 2 chambres ∙ 6 personnes,Zinal - Ayer - Valais
16/04/2024,11/05/2024,18/05/2024,1644.90,H3WN8KM,72 m² Appartement ∙ 2 chambres ∙ 6 personnes,Zinal - Ayer - Valais
16/04/2024,18/05/2024,25/05/2024,1644.90,H3WN8KM,72 m² Appartement ∙ 2 chambres ∙ 6 personnes,Zinal - Ayer - Valais
16/04/2024,25/05/2024,01/06/2024,1973.88,H3WN8KM,72 m² Appartement ∙ 2 chambres ∙ 6 personnes,Zinal - Ayer - Valais
16/04/2024,01/06/2024,08/06/2024,1973.88,H3WN8KM,72 m² Appartement ∙ 2 chambres ∙ 6 personnes,Zinal - Ayer - Valais
16/04/2024,08/06/2024,15/06/2024,1973.88,H3WN8KM,72 m² Appartement ∙ 2 chambres ∙ 6 personnes,Zinal - Ayer - Valais
16/04/2024,15/06/2024,22/06/2024,1973.88,H3WN8KM,72 m² Appartement ∙ 2 chambres ∙ 6 personnes,Zinal - Ayer - Valais
16/04/2024,22/06/2024,29/06/2024,1973.88,H3WN8KM,72 m² Appartement ∙ 2 chambres ∙ 6 personnes,Zinal - Ayer - Valais
16/04/2024,29/06/2024,06/07/2024,2002.49,H3WN8KM,72 m² Appartement ∙ 2 chambres ∙ 6 personnes,Zinal - Ayer - Valais
16/04/2024,06/07/2024,13/07/2024,2002.49,H3WN8KM,72 m² Appartement ∙ 2 chambres ∙ 6 personnes,Zinal - Ayer - Valais
16/04/2024,13/07/2024,20/07/2024,2328.29,H3WN8KM,72 m² Appartement ∙ 2 chambres ∙ 6 personnes,Zinal - Ayer - Valais
16/04/2024,20/07/2024,27/07/2024,2328.29,H3WN8KM,72 m² Appartement ∙ 2 chambres ∙ 6 personnes,Zinal - Ayer - Valais
16/04/2024,27/07/2024,03/08/2024,2328.29,H3WN8KM,72 m² Appartement ∙ 2 chambres ∙ 6 personnes,Zinal - Ayer - Valais
16/04/2024,03/08/2024,10/08/2024,2328.29,H3WN8KM,72 m² Appartement ∙ 2 chambres ∙ 6 personnes,Zinal - Ayer - Valais
16/04/2024,10/08/2024,17/08/2024,2328.29,H3WN8KM,72 m² Appartement ∙ 2 chambres ∙ 6 personnes,Zinal - Ayer - Valais
16/04/2024,17/08/2024,24/08/2024,2002.49,H3WN8KM,72 m² Appartement ∙ 2 chambres ∙ 6 personnes,Zinal - Ayer - Valais
16/04/2024,24/08/2024,31/08/2024,1973.88,H3WN8KM,72 m² Appartement ∙ 2 chambres ∙ 6 personnes,Zinal - Ayer - Valais
16/04/2024,31/08/2024,07/09/2024,1973.88,H3WN8KM,72 m² Appartement ∙ 2 chambres ∙ 6 personnes,Zinal - Ayer - Valais
16/04/2024,07/09/2024,14/09/2024,1973.88,H3WN8KM,72 m² Appartement ∙ 2 chambres ∙ 6 personnes,Zinal - Ayer - Valais
16/04/2024,14/09/2024,21/09/2024,1973.88,H3WN8KM,72 m² Appartement ∙ 2 chambres ∙ 6 personnes,Zinal - Ayer - Valais
16/04/2024,21/09/2024,28/09/2024,1973.88,H3WN8KM,72 m² Appartement ∙ 2 chambres ∙ 6 personnes,Zinal - Ayer - Valais
16/04/2024,28/09/2024,05/10/2024,1973.88,H3WN8KM,72 m² Appartement ∙ 2 chambres ∙ 6 personnes,Zinal - Ayer - Valais
16/04/2024,05/10/2024,12/10/2024,1973.88,H3WN8KM,72 m² Appartement ∙ 2 chambres ∙ 6 personnes,Zinal - Ayer - Valais
16/04/2024,12/10/2024,19/10/2024,1973.88,H3WN8KM,72 m² Appartement ∙ 2 chambres ∙ 6 personnes,Zinal - Ayer - Valais
16/04/2024,19/10/2024,26/10/2024,1973.88,H3WN8KM,72 m² Appartement ∙ 2 chambres ∙ 6 personnes,Zinal - Ayer - Valais
16/04/2024,20/04/2024,27/04/2024,509.00,HPKN8VZ,28 m² Maison de vacances ∙ 1 chambre ∙ 2 personnes,Zinal - Ayer - Valais
16/04/2024,27/04/2024,04/05/2024,618.00,HPKN8VZ,28 m² Maison de vacances ∙ 1 chambre ∙ 2 personnes,Zinal - Ayer - Valais
16/04/2024,04/05/2024,11/05/2024,618.00,HPKN8VZ,28 m² Maison de vacances ∙ 1 chambre ∙ 2 personnes,Zinal - Ayer - Valais
16/04/2024,11/05/2024,18/05/2024,618.00,HPKN8VZ,28 m² Maison de vacances ∙ 1 chambre ∙ 2 personnes,Zinal - Ayer - Valais
16/04/2024,18/05/2024,25/05/2024,618.00,HPKN8VZ,28 m² Maison de vacances ∙ 1 chambre ∙ 2 personnes,Zinal - Ayer - Valais
16/04/2024,25/05/2024,01/06/2024,618.00,HPKN8VZ,28 m² Maison de vacances ∙ 1 chambre ∙ 2 personnes,Zinal - Ayer - Valais
16/04/2024,01/06/2024,08/06/2024,618.00,HPKN8VZ,28 m² Maison de vacances ∙ 1 chambre ∙ 2 personnes,Zinal - Ayer - Valais
16/04/2024,08/06/2024,15/06/2024,618.00,HPKN8VZ,28 m² Maison de vacances ∙ 1 chambre ∙ 2 personnes,Zinal - Ayer - Valais
16/04/2024,20/07/2024,27/07/2024,900.00,HPKN8VZ,28 m² Maison de vacances ∙ 1 chambre ∙ 2 personnes,Zinal - Ayer - Valais
16/04/2024,24/08/2024,31/08/2024,618.00,HPKN8VZ,28 m² Maison de vacances ∙ 1 chambre ∙ 2 personnes,Zinal - Ayer - Valais
16/04/2024,31/08/2024,07/09/2024,618.00,HPKN8VZ,28 m² Maison de vacances ∙ 1 chambre ∙ 2 personnes,Zinal - Ayer - Valais
16/04/2024,07/09/2024,14/09/2024,618.00,HPKN8VZ,28 m² Maison de vacances ∙ 1 chambre ∙ 2 personnes,Zinal - Ayer - Valais
16/04/2024,14/09/2024,21/09/2024,618.00,HPKN8VZ,28 m² Maison de vacances ∙ 1 chambre ∙ 2 personnes,Zinal - Ayer - Valais
16/04/2024,21/09/2024,28/09/2024,618.00,HPKN8VZ,28 m² Maison de vacances ∙ 1 chambre ∙ 2 personnes,Zinal - Ayer - Valais
16/04/2024,28/09/2024,05/10/2024,618.00,HPKN8VZ,28 m² Maison de vacances ∙ 1 chambre ∙ 2 personnes,Zinal - Ayer - Valais
16/04/2024,05/10/2024,12/10/2024,618.00,HPKN8VZ,28 m² Maison de vacances ∙ 1 chambre ∙ 2 personnes,Zinal - Ayer - Valais
16/04/2024,12/10/2024,19/10/2024,618.00,HPKN8VZ,28 m² Maison de vacances ∙ 1 chambre ∙ 2 personnes,Zinal - Ayer - Valais
16/04/2024,19/10/2024,26/10/2024,618.00,HPKN8VZ,28 m² Maison de vacances ∙ 1 chambre ∙ 2 personnes,Zinal - Ayer - Valais
16/04/2024,26/10/2024,02/11/2024,618.00,HPKN8VZ,28 m² Maison de vacances ∙ 1 chambre ∙ 2 personnes,Zinal - Ayer - Valais
16/04/2024,18/05/2024,25/05/2024,511.00,HPXV46D,34 m² Maison de vacances ∙ 1 chambre ∙ 4 personnes,Zinal - Ayer - Valais
16/04/2024,25/05/2024,01/06/2024,511.00,HPXV46D,34 m² Maison de vacances ∙ 1 chambre ∙ 4 personnes,Zinal - Ayer - Valais
16/04/2024,01/06/2024,08/06/2024,511.00,HPXV46D,34 m² Maison de vacances ∙ 1 chambre ∙ 4 personnes,Zinal - Ayer - Valais
16/04/2024,08/06/2024,15/06/2024,511.00,HPXV46D,34 m² Maison de vacances ∙ 1 chambre ∙ 4 personnes,Zinal - Ayer - Valais
16/04/2024,15/06/2024,22/06/2024,666.00,HPXV46D,34 m² Maison de vacances ∙ 1 chambre ∙ 4 personnes,Zinal - Ayer - Valais
16/04/2024,22/06/2024,29/06/2024,666.00,HPXV46D,34 m² Maison de vacances ∙ 1 chambre ∙ 4 personnes,Zinal - Ayer - Valais
16/04/2024,29/06/2024,06/07/2024,827.00,HPXV46D,34 m² Maison de vacances ∙ 1 chambre ∙ 4 personnes,Zinal - Ayer - Valais
16/04/2024,06/07/2024,13/07/2024,1248.00,HPXV46D,34 m² Maison de vacances ∙ 1 chambre ∙ 4 personnes,Zinal - Ayer - Valais
16/04/2024,13/07/2024,20/07/2024,1381.00,HPXV46D,34 m² Maison de vacances ∙ 1 chambre ∙ 4 personnes,Zinal - Ayer - Valais
16/04/2024,20/07/2024,27/07/2024,1381.00,HPXV46D,34 m² Maison de vacances ∙ 1 chambre ∙ 4 personnes,Zinal - Ayer - Valais
16/04/2024,27/07/2024,03/08/2024,1248.00,HPXV46D,34 m² Maison de vacances ∙ 1 chambre ∙ 4 personnes,Zinal - Ayer - Valais
16/04/2024,17/08/2024,24/08/2024,824.00,HPXV46D,34 m² Maison de vacances ∙ 1 chambre ∙ 4 personnes,Zinal - Ayer - Valais
16/04/2024,24/08/2024,31/08/2024,575.00,HPXV46D,34 m² Maison de vacances ∙ 1 chambre ∙ 4 personnes,Zinal - Ayer - Valais
16/04/2024,31/08/2024,07/09/2024,575.00,HPXV46D,34 m² Maison de vacances ∙ 1 chambre ∙ 4 personnes,Zinal - Ayer - Valais
16/04/2024,07/09/2024,14/09/2024,575.00,HPXV46D,34 m² Maison de vacances ∙ 1 chambre ∙ 4 personnes,Zinal - Ayer - Valais
16/04/2024,14/09/2024,21/09/2024,575.00,HPXV46D,34 m² Maison de vacances ∙ 1 chambre ∙ 4 personnes,Zinal - Ayer - Valais
16/04/2024,21/09/2024,28/09/2024,575.00,HPXV46D,34 m² Maison de vacances ∙ 1 chambre ∙ 4 personnes,Zinal - Ayer - Valais
16/04/2024,28/09/2024,05/10/2024,575.00,HPXV46D,34 m² Maison de vacances ∙ 1 chambre ∙ 4 personnes,Zinal - Ayer - Valais
16/04/2024,05/10/2024,12/10/2024,824.00,HPXV46D,34 m² Maison de vacances ∙ 1 chambre ∙ 4 personnes,Zinal - Ayer - Valais
16/04/2024,12/10/2024,19/10/2024,824.00,HPXV46D,34 m² Maison de vacances ∙ 1 chambre ∙ 4 personnes,Zinal - Ayer - Valais
16/04/2024,19/10/2024,26/10/2024,575.00,HPXV46D,34 m² Maison de vacances ∙ 1 chambre ∙ 4 personnes,Zinal - Ayer - Valais
16/04/2024,20/04/2024,27/04/2024,1501.00,H5B9ET1,85 m² Appartement ∙ 1 chambre ∙ 6 personnes,Zinal - Ayer - Valais
16/04/2024,27/04/2024,04/05/2024,1501.00,H5B9ET1,85 m² Appartement ∙ 1 chambre ∙ 6 personnes,Zinal - Ayer - Valais
16/04/2024,04/05/2024,11/05/2024,1501.00,H5B9ET1,85 m² Appartement ∙ 1 chambre ∙ 6 personnes,Zinal - Ayer - Valais
16/04/2024,11/05/2024,18/05/2024,1501.00,H5B9ET1,85 m² Appartement ∙ 1 chambre ∙ 6 personnes,Zinal - Ayer - Valais
16/04/2024,18/05/2024,25/05/2024,1501.00,H5B9ET1,85 m² Appartement ∙ 1 chambre ∙ 6 personnes,Zinal - Ayer - Valais
16/04/2024,25/05/2024,01/06/2024,1501.00,H5B9ET1,85 m² Appartement ∙ 1 chambre ∙ 6 personnes,Zinal - Ayer - Valais
16/04/2024,01/06/2024,08/06/2024,1501.00,H5B9ET1,85 m² Appartement ∙ 1 chambre ∙ 6 personnes,Zinal - Ayer - Valais
16/04/2024,08/06/2024,15/06/2024,1501.00,H5B9ET1,85 m² Appartement ∙ 1 chambre ∙ 6 personnes,Zinal - Ayer - Valais
16/04/2024,15/06/2024,22/06/2024,1501.00,H5B9ET1,85 m² Appartement ∙ 1 chambre ∙ 6 personnes,Zinal - Ayer - Valais
16/04/2024,06/07/2024,13/07/2024,1501.00,H5B9ET1,85 m² Appartement ∙ 1 chambre ∙ 6 personnes,Zinal - Ayer - Valais
16/04/2024,24/08/2024,31/08/2024,1501.00,H5B9ET1,85 m² Appartement ∙ 1 chambre ∙ 6 personnes,Zinal - Ayer - Valais
16/04/2024,31/08/2024,07/09/2024,1501.00,H5B9ET1,85 m² Appartement ∙ 1 chambre ∙ 6 personnes,Zinal - Ayer - Valais
16/04/2024,07/09/2024,14/09/2024,1501.00,H5B9ET1,85 m² Appartement ∙ 1 chambre ∙ 6 personnes,Zinal - Ayer - Valais
16/04/2024,14/09/2024,21/09/2024,1501.00,H5B9ET1,85 m² Appartement ∙ 1 chambre ∙ 6 personnes,Zinal - Ayer - Valais
16/04/2024,21/09/2024,28/09/2024,1501.00,H5B9ET1,85 m² Appartement ∙ 1 chambre ∙ 6 personnes,Zinal - Ayer - Valais
16/04/2024,28/09/2024,05/10/2024,1501.00,H5B9ET1,85 m² Appartement ∙ 1 chambre ∙ 6 personnes,Zinal - Ayer - Valais
16/04/2024,05/10/2024,12/10/2024,1501.00,H5B9ET1,85 m² Appartement ∙ 1 chambre ∙ 6 personnes,Zinal - Ayer - Valais
16/04/2024,12/10/2024,19/10/2024,1501.00,H5B9ET1,85 m² Appartement ∙ 1 chambre ∙ 6 personnes,Zinal - Ayer - Valais
16/04/2024,19/10/2024,26/10/2024,1501.00,H5B9ET1,85 m² Appartement ∙ 1 chambre ∙ 6 personnes,Zinal - Ayer - Valais
16/04/2024,26/10/2024,02/11/2024,1501.00,H5B9ET1,85 m² Appartement ∙ 1 chambre ∙ 6 personnes,Zinal - Ayer - Valais
16/04/2024,20/04/2024,27/04/2024,1631.00,HJV2ZK9,Villa ∙ 3 chambres ∙ 6 personnes,Zinal - Ayer - Valais
16/04/2024,27/04/2024,04/05/2024,1631.00,HJV2ZK9,Villa ∙ 3 chambres ∙ 6 personnes,Zinal - Ayer - Valais
16/04/2024,04/05/2024,11/05/2024,1631.00,HJV2ZK9,Villa ∙ 3 chambres ∙ 6 personnes,Zinal - Ayer - Valais
16/04/2024,11/05/2024,18/05/2024,1631.00,HJV2ZK9,Villa ∙ 3 chambres ∙ 6 personnes,Zinal - Ayer - Valais
16/04/2024,18/05/2024,25/05/2024,1631.00,HJV2ZK9,Villa ∙ 3 chambres ∙ 6 personnes,Zinal - Ayer - Valais
16/04/2024,25/05/2024,01/06/2024,1631.00,HJV2ZK9,Villa ∙ 3 chambres ∙ 6 personnes,Zinal - Ayer - Valais
16/04/2024,01/06/2024,08/06/2024,1631.00,HJV2ZK9,Villa ∙ 3 chambres ∙ 6 personnes,Zinal - Ayer - Valais
16/04/2024,13/07/2024,20/07/2024,1964.00,HJV2ZK9,Villa ∙ 3 chambres ∙ 6 personnes,Zinal - Ayer - Valais
16/04/2024,07/09/2024,14/09/2024,1631.00,HJV2ZK9,Villa ∙ 3 chambres ∙ 6 personnes,Zinal - Ayer - Valais
16/04/2024,14/09/2024,21/09/2024,1631.00,HJV2ZK9,Villa ∙ 3 chambres ∙ 6 personnes,Zinal - Ayer - Valais
16/04/2024,21/09/2024,28/09/2024,1631.00,HJV2ZK9,Villa ∙ 3 chambres ∙ 6 personnes,Zinal - Ayer - Valais
16/04/2024,28/09/2024,05/10/2024,1631.00,HJV2ZK9,Villa ∙ 3 chambres ∙ 6 personnes,Zinal - Ayer - Valais
16/04/2024,05/10/2024,12/10/2024,1631.00,HJV2ZK9,Villa ∙ 3 chambres ∙ 6 personnes,Zinal - Ayer - Valais
16/04/2024,26/10/2024,02/11/2024,1631.00,HJV2ZK9,Villa ∙ 3 chambres ∙ 6 personnes,Zinal - Ayer - Valais
16/04/2024,18/05/2024,25/05/2024,773.00,HMWPBN5,54 m² Maison de vacances ∙ 2 chambres ∙ 6 personnes,Zinal - Ayer - Valais
16/04/2024,25/05/2024,01/06/2024,773.00,HMWPBN5,54 m² Maison de vacances ∙ 2 chambres ∙ 6 personnes,Zinal - Ayer - Valais
16/04/2024,01/06/2024,08/06/2024,773.00,HMWPBN5,54 m² Maison de vacances ∙ 2 chambres ∙ 6 personnes,Zinal - Ayer - Valais
16/04/2024,22/06/2024,29/06/2024,1008.00,HMWPBN5,54 m² Maison de vacances ∙ 2 chambres ∙ 6 personnes,Zinal - Ayer - Valais
16/04/2024,29/06/2024,06/07/2024,1264.00,HMWPBN5,54 m² Maison de vacances ∙ 2 chambres ∙ 6 personnes,Zinal - Ayer - Valais
16/04/2024,06/07/2024,13/07/2024,1915.00,HMWPBN5,54 m² Maison de vacances ∙ 2 chambres ∙ 6 personnes,Zinal - Ayer - Valais
16/04/2024,13/07/2024,20/07/2024,2122.00,HMWPBN5,54 m² Maison de vacances ∙ 2 chambres ∙ 6 personnes,Zinal - Ayer - Valais
16/04/2024,27/07/2024,03/08/2024,1915.00,HMWPBN5,54 m² Maison de vacances ∙ 2 chambres ∙ 6 personnes,Zinal - Ayer - Valais
16/04/2024,17/08/2024,24/08/2024,1248.00,HMWPBN5,54 m² Maison de vacances ∙ 2 chambres ∙ 6 personnes,Zinal - Ayer - Valais
16/04/2024,24/08/2024,31/08/2024,874.00,HMWPBN5,54 m² Maison de vacances ∙ 2 chambres ∙ 6 personnes,Zinal - Ayer - Valais
16/04/2024,31/08/2024,07/09/2024,874.00,HMWPBN5,54 m² Maison de vacances ∙ 2 chambres ∙ 6 personnes,Zinal - Ayer - Valais
16/04/2024,07/09/2024,14/09/2024,874.00,HMWPBN5,54 m² Maison de vacances ∙ 2 chambres ∙ 6 personnes,Zinal - Ayer - Valais
16/04/2024,14/09/2024,21/09/2024,874.00,HMWPBN5,54 m² Maison de vacances ∙ 2 chambres ∙ 6 personnes,Zinal - Ayer - Valais
16/04/2024,21/09/2024,28/09/2024,874.00,HMWPBN5,54 m² Maison de vacances ∙ 2 chambres ∙ 6 personnes,Zinal - Ayer - Valais
16/04/2024,28/09/2024,05/10/2024,874.00,HMWPBN5,54 m² Maison de vacances ∙ 2 chambres ∙ 6 personnes,Zinal - Ayer - Valais
16/04/2024,05/10/2024,12/10/2024,1248.00,HMWPBN5,54 m² Maison de vacances ∙ 2 chambres ∙ 6 personnes,Zinal - Ayer - Valais
16/04/2024,12/10/2024,19/10/2024,1248.00,HMWPBN5,54 m² Maison de vacances ∙ 2 chambres ∙ 6 personnes,Zinal - Ayer - Valais
16/04/2024,19/10/2024,26/10/2024,874.00,HMWPBN5,54 m² Maison de vacances ∙ 2 chambres ∙ 6 personnes,Zinal - Ayer - Valais
16/04/2024,18/05/2024,25/05/2024,605.00,HJSXPGV,34 m² Maison de vacances ∙ 1 chambre ∙ 4 personnes,Zinal - Ayer - Valais
16/04/2024,25/05/2024,01/06/2024,605.00,HJSXPGV,34 m² Maison de vacances ∙ 1 chambre ∙ 4 personnes,Zinal - Ayer - Valais
16/04/2024,01/06/2024,08/06/2024,605.00,HJSXPGV,34 m² Maison de vacances ∙ 1 chambre ∙ 4 personnes,Zinal - Ayer - Valais
16/04/2024,08/06/2024,15/06/2024,605.00,HJSXPGV,34 m² Maison de vacances ∙ 1 chambre ∙ 4 personnes,Zinal - Ayer - Valais
16/04/2024,15/06/2024,22/06/2024,787.00,HJSXPGV,34 m² Maison de vacances ∙ 1 chambre ∙ 4 personnes,Zinal - Ayer - Valais
16/04/2024,22/06/2024,29/06/2024,787.00,HJSXPGV,34 m² Maison de vacances ∙ 1 chambre ∙ 4 personnes,Zinal - Ayer - Valais
16/04/2024,29/06/2024,06/07/2024,982.00,HJSXPGV,34 m² Maison de vacances ∙ 1 chambre ∙ 4 personnes,Zinal - Ayer - Valais
16/04/2024,06/07/2024,13/07/2024,1490.00,HJSXPGV,34 m² Maison de vacances ∙ 1 chambre ∙ 4 personnes,Zinal - Ayer - Valais
16/04/2024,13/07/2024,20/07/2024,1648.00,HJSXPGV,34 m² Maison de vacances ∙ 1 chambre ∙ 4 personnes,Zinal - Ayer - Valais
16/04/2024,20/07/2024,27/07/2024,1648.00,HJSXPGV,34 m² Maison de vacances ∙ 1 chambre ∙ 4 personnes,Zinal - Ayer - Valais
16/04/2024,27/07/2024,03/08/2024,1490.00,HJSXPGV,34 m² Maison de vacances ∙ 1 chambre ∙ 4 personnes,Zinal - Ayer - Valais
16/04/2024,07/09/2024,14/09/2024,692.00,HJSXPGV,34 m² Maison de vacances ∙ 1 chambre ∙ 4 personnes,Zinal - Ayer - Valais
16/04/2024,14/09/2024,21/09/2024,692.00,HJSXPGV,34 m² Maison de vacances ∙ 1 chambre ∙ 4 personnes,Zinal - Ayer - Valais
16/04/2024,21/09/2024,28/09/2024,692.00,HJSXPGV,34 m² Maison de vacances ∙ 1 chambre ∙ 4 personnes,Zinal - Ayer - Valais
16/04/2024,28/09/2024,05/10/2024,692.00,HJSXPGV,34 m² Maison de vacances ∙ 1 chambre ∙ 4 personnes,Zinal - Ayer - Valais
16/04/2024,05/10/2024,12/10/2024,974.00,HJSXPGV,34 m² Maison de vacances ∙ 1 chambre ∙ 4 personnes,Zinal - Ayer - Valais
16/04/2024,12/10/2024,19/10/2024,974.00,HJSXPGV,34 m² Maison de vacances ∙ 1 chambre ∙ 4 personnes,Zinal - Ayer - Valais
16/04/2024,19/10/2024,26/10/2024,692.00,HJSXPGV,34 m² Maison de vacances ∙ 1 chambre ∙ 4 personnes,Zinal - Ayer - Valais
16/04/2024,20/04/2024,27/04/2024,2169.00,HUDBMSA,150 m² Villa ∙ 4 chambres ∙ 10 personnes,Zinal - Ayer - Valais
16/04/2024,27/04/2024,04/05/2024,2169.00,HUDBMSA,150 m² Villa ∙ 4 chambres ∙ 10 personnes,Zinal - Ayer - Valais
16/04/2024,04/05/2024,11/05/2024,2169.00,HUDBMSA,150 m² Villa ∙ 4 chambres ∙ 10 personnes,Zinal - Ayer - Valais
16/04/2024,11/05/2024,18/05/2024,2169.00,HUDBMSA,150 m² Villa ∙ 4 chambres ∙ 10 personnes,Zinal - Ayer - Valais
16/04/2024,18/05/2024,25/05/2024,2169.00,HUDBMSA,150 m² Villa ∙ 4 chambres ∙ 10 personnes,Zinal - Ayer - Valais
16/04/2024,25/05/2024,01/06/2024,2169.00,HUDBMSA,150 m² Villa ∙ 4 chambres ∙ 10 personnes,Zinal - Ayer - Valais
16/04/2024,01/06/2024,08/06/2024,2169.00,HUDBMSA,150 m² Villa ∙ 4 chambres ∙ 10 personnes,Zinal - Ayer - Valais
16/04/2024,08/06/2024,15/06/2024,2169.00,HUDBMSA,150 m² Villa ∙ 4 chambres ∙ 10 personnes,Zinal - Ayer - Valais
16/04/2024,15/06/2024,22/06/2024,2169.00,HUDBMSA,150 m² Villa ∙ 4 chambres ∙ 10 personnes,Zinal - Ayer - Valais
16/04/2024,22/06/2024,29/06/2024,2169.00,HUDBMSA,150 m² Villa ∙ 4 chambres ∙ 10 personnes,Zinal - Ayer - Valais
16/04/2024,13/07/2024,20/07/2024,2501.00,HUDBMSA,150 m² Villa ∙ 4 chambres ∙ 10 personnes,Zinal - Ayer - Valais
16/04/2024,20/07/2024,27/07/2024,2751.00,HUDBMSA,150 m² Villa ∙ 4 chambres ∙ 10 personnes,Zinal - Ayer - Valais
16/04/2024,24/08/2024,31/08/2024,2169.00,HUDBMSA,150 m² Villa ∙ 4 chambres ∙ 10 personnes,Zinal - Ayer - Valais
16/04/2024,31/08/2024,07/09/2024,2169.00,HUDBMSA,150 m² Villa ∙ 4 chambres ∙ 10 personnes,Zinal - Ayer - Valais
16/04/2024,07/09/2024,14/09/2024,2169.00,HUDBMSA,150 m² Villa ∙ 4 chambres ∙ 10 personnes,Zinal - Ayer - Valais
16/04/2024,14/09/2024,21/09/2024,2169.00,HUDBMSA,150 m² Villa ∙ 4 chambres ∙ 10 personnes,Zinal - Ayer - Valais
16/04/2024,21/09/2024,28/09/2024,2169.00,HUDBMSA,150 m² Villa ∙ 4 chambres ∙ 10 personnes,Zinal - Ayer - Valais
16/04/2024,28/09/2024,05/10/2024,2169.00,HUDBMSA,150 m² Villa ∙ 4 chambres ∙ 10 personnes,Zinal - Ayer - Valais
16/04/2024,05/10/2024,12/10/2024,2169.00,HUDBMSA,150 m² Villa ∙ 4 chambres ∙ 10 personnes,Zinal - Ayer - Valais
16/04/2024,12/10/2024,19/10/2024,2169.00,HUDBMSA,150 m² Villa ∙ 4 chambres ∙ 10 personnes,Zinal - Ayer - Valais
16/04/2024,19/10/2024,26/10/2024,2169.00,HUDBMSA,150 m² Villa ∙ 4 chambres ∙ 10 personnes,Zinal - Ayer - Valais
16/04/2024,26/10/2024,02/11/2024,2169.00,HUDBMSA,150 m² Villa ∙ 4 chambres ∙ 10 personnes,Zinal - Ayer - Valais
16/04/2024,18/05/2024,25/05/2024,847.00,HNBD1US,52 m² Maison de vacances ∙ 2 chambres ∙ 6 personnes,Zinal - Ayer - Valais
16/04/2024,25/05/2024,01/06/2024,847.00,HNBD1US,52 m² Maison de vacances ∙ 2 chambres ∙ 6 personnes,Zinal - Ayer - Valais
16/04/2024,01/06/2024,08/06/2024,847.00,HNBD1US,52 m² Maison de vacances ∙ 2 chambres ∙ 6 personnes,Zinal - Ayer - Valais
16/04/2024,08/06/2024,15/06/2024,847.00,HNBD1US,52 m² Maison de vacances ∙ 2 chambres ∙ 6 personnes,Zinal - Ayer - Valais
16/04/2024,15/06/2024,22/06/2024,1109.00,HNBD1US,52 m² Maison de vacances ∙ 2 chambres ∙ 6 personnes,Zinal - Ayer - Valais
16/04/2024,29/06/2024,06/07/2024,1385.00,HNBD1US,52 m² Maison de vacances ∙ 2 chambres ∙ 6 personnes,Zinal - Ayer - Valais
16/04/2024,06/07/2024,13/07/2024,2105.00,HNBD1US,52 m² Maison de vacances ∙ 2 chambres ∙ 6 personnes,Zinal - Ayer - Valais
16/04/2024,13/07/2024,20/07/2024,2330.00,HNBD1US,52 m² Maison de vacances ∙ 2 chambres ∙ 6 personnes,Zinal - Ayer - Valais
16/04/2024,20/07/2024,27/07/2024,2330.00,HNBD1US,52 m² Maison de vacances ∙ 2 chambres ∙ 6 personnes,Zinal - Ayer - Valais
16/04/2024,27/07/2024,03/08/2024,2105.00,HNBD1US,52 m² Maison de vacances ∙ 2 chambres ∙ 6 personnes,Zinal - Ayer - Valais
16/04/2024,17/08/2024,24/08/2024,1374.00,HNBD1US,52 m² Maison de vacances ∙ 2 chambres ∙ 6 personnes,Zinal - Ayer - Valais
16/04/2024,24/08/2024,31/08/2024,966.00,HNBD1US,52 m² Maison de vacances ∙ 2 chambres ∙ 6 personnes,Zinal - Ayer - Valais
16/04/2024,31/08/2024,07/09/2024,966.00,HNBD1US,52 m² Maison de vacances ∙ 2 chambres ∙ 6 personnes,Zinal - Ayer - Valais
16/04/2024,07/09/2024,14/09/2024,966.00,HNBD1US,52 m² Maison de vacances ∙ 2 chambres ∙ 6 personnes,Zinal - Ayer - Valais
16/04/2024,14/09/2024,21/09/2024,966.00,HNBD1US,52 m² Maison de vacances ∙ 2 chambres ∙ 6 personnes,Zinal - Ayer - Valais
16/04/2024,21/09/2024,28/09/2024,966.00,HNBD1US,52 m² Maison de vacances ∙ 2 chambres ∙ 6 personnes,Zinal - Ayer - Valais
16/04/2024,28/09/2024,05/10/2024,966.00,HNBD1US,52 m² Maison de vacances ∙ 2 chambres ∙ 6 personnes,Zinal - Ayer - Valais
16/04/2024,05/10/2024,12/10/2024,1374.00,HNBD1US,52 m² Maison de vacances ∙ 2 chambres ∙ 6 personnes,Zinal - Ayer - Valais
16/04/2024,12/10/2024,19/10/2024,1374.00,HNBD1US,52 m² Maison de vacances ∙ 2 chambres ∙ 6 personnes,Zinal - Ayer - Valais
16/04/2024,19/10/2024,26/10/2024,966.00,HNBD1US,52 m² Maison de vacances ∙ 2 chambres ∙ 6 personnes,Zinal - Ayer - Valais
16/04/2024,18/05/2024,25/05/2024,699.00,H6UMWRH,54 m² Maison de vacances ∙ 1 chambre ∙ 6 personnes,Zinal - Ayer - Valais
16/04/2024,25/05/2024,01/06/2024,699.00,H6UMWRH,54 m² Maison de vacances ∙ 1 chambre ∙ 6 personnes,Zinal - Ayer - Valais
16/04/2024,01/06/2024,08/06/2024,699.00,H6UMWRH,54 m² Maison de vacances ∙ 1 chambre ∙ 6 personnes,Zinal - Ayer - Valais
16/04/2024,08/06/2024,15/06/2024,699.00,H6UMWRH,54 m² Maison de vacances ∙ 1 chambre ∙ 6 personnes,Zinal - Ayer - Valais
16/04/2024,15/06/2024,22/06/2024,908.00,H6UMWRH,54 m² Maison de vacances ∙ 1 chambre ∙ 6 personnes,Zinal - Ayer - Valais
16/04/2024,22/06/2024,29/06/2024,908.00,H6UMWRH,54 m² Maison de vacances ∙ 1 chambre ∙ 6 personnes,Zinal - Ayer - Valais
16/04/2024,29/06/2024,06/07/2024,1143.00,H6UMWRH,54 m² Maison de vacances ∙ 1 chambre ∙ 6 personnes,Zinal - Ayer - Valais
16/04/2024,06/07/2024,13/07/2024,1731.00,H6UMWRH,54 m² Maison de vacances ∙ 1 chambre ∙ 6 personnes,Zinal - Ayer - Valais
16/04/2024,13/07/2024,20/07/2024,1922.00,H6UMWRH,54 m² Maison de vacances ∙ 1 chambre ∙ 6 personnes,Zinal - Ayer - Valais
16/04/2024,20/07/2024,27/07/2024,1922.00,H6UMWRH,54 m² Maison de vacances ∙ 1 chambre ∙ 6 personnes,Zinal - Ayer - Valais
16/04/2024,27/07/2024,03/08/2024,1731.00,H6UMWRH,54 m² Maison de vacances ∙ 1 chambre ∙ 6 personnes,Zinal - Ayer - Valais
16/04/2024,17/08/2024,24/08/2024,1124.00,H6UMWRH,54 m² Maison de vacances ∙ 1 chambre ∙ 6 personnes,Zinal - Ayer - Valais
16/04/2024,24/08/2024,31/08/2024,791.00,H6UMWRH,54 m² Maison de vacances ∙ 1 chambre ∙ 6 personnes,Zinal - Ayer - Valais
16/04/2024,31/08/2024,07/09/2024,791.00,H6UMWRH,54 m² Maison de vacances ∙ 1 chambre ∙ 6 personnes,Zinal - Ayer - Valais
16/04/2024,07/09/2024,14/09/2024,791.00,H6UMWRH,54 m² Maison de vacances ∙ 1 chambre ∙ 6 personnes,Zinal - Ayer - Valais
16/04/2024,14/09/2024,21/09/2024,791.00,H6UMWRH,54 m² Maison de vacances ∙ 1 chambre ∙ 6 personnes,Zinal - Ayer - Valais
16/04/2024,21/09/2024,28/09/2024,791.00,H6UMWRH,54 m² Maison de vacances ∙ 1 chambre ∙ 6 personnes,Zinal - Ayer - Valais
16/04/2024,28/09/2024,05/10/2024,791.00,H6UMWRH,54 m² Maison de vacances ∙ 1 chambre ∙ 6 personnes,Zinal - Ayer - Valais
16/04/2024,05/10/2024,12/10/2024,1124.00,H6UMWRH,54 m² Maison de vacances ∙ 1 chambre ∙ 6 personnes,Zinal - Ayer - Valais
16/04/2024,12/10/2024,19/10/2024,1124.00,H6UMWRH,54 m² Maison de vacances ∙ 1 chambre ∙ 6 personnes,Zinal - Ayer - Valais
16/04/2024,19/10/2024,26/10/2024,791.00,H6UMWRH,54 m² Maison de vacances ∙ 1 chambre ∙ 6 personnes,Zinal - Ayer - Valais
16/04/2024,20/04/2024,27/04/2024,1117.57,HUBDXHJ,60 m² Appartement ∙ 3 chambres ∙ 6 personnes,Grimentz - Valais
16/04/2024,27/04/2024,04/05/2024,1117.57,HUBDXHJ,60 m² Appartement ∙ 3 chambres ∙ 6 personnes,Grimentz - Valais
16/04/2024,04/05/2024,11/05/2024,1117.57,HUBDXHJ,60 m² Appartement ∙ 3 chambres ∙ 6 personnes,Grimentz - Valais
16/04/2024,11/05/2024,18/05/2024,1117.57,HUBDXHJ,60 m² Appartement ∙ 3 chambres ∙ 6 personnes,Grimentz - Valais
16/04/2024,18/05/2024,25/05/2024,1117.57,HUBDXHJ,60 m² Appartement ∙ 3 chambres ∙ 6 personnes,Grimentz - Valais
16/04/2024,25/05/2024,01/06/2024,1117.57,HUBDXHJ,60 m² Appartement ∙ 3 chambres ∙ 6 personnes,Grimentz - Valais
16/04/2024,01/06/2024,08/06/2024,1117.57,HUBDXHJ,60 m² Appartement ∙ 3 chambres ∙ 6 personnes,Grimentz - Valais
16/04/2024,08/06/2024,15/06/2024,1117.57,HUBDXHJ,60 m² Appartement ∙ 3 chambres ∙ 6 personnes,Grimentz - Valais
16/04/2024,15/06/2024,22/06/2024,1117.57,HUBDXHJ,60 m² Appartement ∙ 3 chambres ∙ 6 personnes,Grimentz - Valais
16/04/2024,22/06/2024,29/06/2024,989.61,HUBDXHJ,60 m² Appartement ∙ 3 chambres ∙ 6 personnes,Grimentz - Valais
16/04/2024,29/06/2024,06/07/2024,841.02,HUBDXHJ,60 m² Appartement ∙ 3 chambres ∙ 6 personnes,Grimentz - Valais
16/04/2024,06/07/2024,13/07/2024,819.34,HUBDXHJ,60 m² Appartement ∙ 3 chambres ∙ 6 personnes,Grimentz - Valais
16/04/2024,13/07/2024,20/07/2024,819.34,HUBDXHJ,60 m² Appartement ∙ 3 chambres ∙ 6 personnes,Grimentz - Valais
16/04/2024,20/07/2024,27/07/2024,819.34,HUBDXHJ,60 m² Appartement ∙ 3 chambres ∙ 6 personnes,Grimentz - Valais
16/04/2024,27/07/2024,03/08/2024,819.34,HUBDXHJ,60 m² Appartement ∙ 3 chambres ∙ 6 personnes,Grimentz - Valais
16/04/2024,03/08/2024,10/08/2024,819.34,HUBDXHJ,60 m² Appartement ∙ 3 chambres ∙ 6 personnes,Grimentz - Valais
16/04/2024,10/08/2024,17/08/2024,819.34,HUBDXHJ,60 m² Appartement ∙ 3 chambres ∙ 6 personnes,Grimentz - Valais
16/04/2024,17/08/2024,24/08/2024,819.34,HUBDXHJ,60 m² Appartement ∙ 3 chambres ∙ 6 personnes,Grimentz - Valais
16/04/2024,24/08/2024,31/08/2024,819.34,HUBDXHJ,60 m² Appartement ∙ 3 chambres ∙ 6 personnes,Grimentz - Valais
16/04/2024,31/08/2024,07/09/2024,819.34,HUBDXHJ,60 m² Appartement ∙ 3 chambres ∙ 6 personnes,Grimentz - Valais
16/04/2024,07/09/2024,14/09/2024,819.34,HUBDXHJ,60 m² Appartement ∙ 3 chambres ∙ 6 personnes,Grimentz - Valais
16/04/2024,14/09/2024,21/09/2024,883.32,HUBDXHJ,60 m² Appartement ∙ 3 chambres ∙ 6 personnes,Grimentz - Valais
16/04/2024,21/09/2024,28/09/2024,893.64,HUBDXHJ,60 m² Appartement ∙ 3 chambres ∙ 6 personnes,Grimentz - Valais
16/04/2024,28/09/2024,05/10/2024,893.64,HUBDXHJ,60 m² Appartement ∙ 3 chambres ∙ 6 personnes,Grimentz - Valais
16/04/2024,05/10/2024,12/10/2024,893.64,HUBDXHJ,60 m² Appartement ∙ 3 chambres ∙ 6 personnes,Grimentz - Valais
16/04/2024,12/10/2024,19/10/2024,893.64,HUBDXHJ,60 m² Appartement ∙ 3 chambres ∙ 6 personnes,Grimentz - Valais
16/04/2024,19/10/2024,26/10/2024,893.64,HUBDXHJ,60 m² Appartement ∙ 3 chambres ∙ 6 personnes,Grimentz - Valais
16/04/2024,26/10/2024,02/11/2024,893.64,HUBDXHJ,60 m² Appartement ∙ 3 chambres ∙ 6 personnes,Grimentz - Valais
16/04/2024,11/05/2024,18/05/2024,1318.00,H098YCP,100 m² Maison de vacances ∙ 3 chambres ∙ 6 personnes,Grimentz - Valais
16/04/2024,18/05/2024,25/05/2024,1318.00,H098YCP,100 m² Maison de vacances ∙ 3 chambres ∙ 6 personnes,Grimentz - Valais
16/04/2024,25/05/2024,01/06/2024,1318.00,H098YCP,100 m² Maison de vacances ∙ 3 chambres ∙ 6 personnes,Grimentz - Valais
16/04/2024,01/06/2024,08/06/2024,1318.00,H098YCP,100 m² Maison de vacances ∙ 3 chambres ∙ 6 personnes,Grimentz - Valais
16/04/2024,22/06/2024,29/06/2024,1318.00,H098YCP,100 m² Maison de vacances ∙ 3 chambres ∙ 6 personnes,Grimentz - Valais
16/04/2024,20/07/2024,27/07/2024,1608.00,H098YCP,100 m² Maison de vacances ∙ 3 chambres ∙ 6 personnes,Grimentz - Valais
16/04/2024,19/10/2024,26/10/2024,1318.00,H098YCP,100 m² Maison de vacances ∙ 3 chambres ∙ 6 personnes,Grimentz - Valais
16/04/2024,26/10/2024,02/11/2024,1318.00,H098YCP,100 m² Maison de vacances ∙ 3 chambres ∙ 6 personnes,Grimentz - Valais
16/04/2024,20/04/2024,27/04/2024,1190.84,HUBDXHJ,60 m² Appartement ∙ 3 chambres ∙ 6 personnes,Grimentz - Valais
16/04/2024,27/04/2024,04/05/2024,1190.84,HUBDXHJ,60 m² Appartement ∙ 3 chambres ∙ 6 personnes,Grimentz - Valais
16/04/2024,04/05/2024,11/05/2024,1190.84,HUBDXHJ,60 m² Appartement ∙ 3 chambres ∙ 6 personnes,Grimentz - Valais
16/04/2024,11/05/2024,18/05/2024,1190.84,HUBDXHJ,60 m² Appartement ∙ 3 chambres ∙ 6 personnes,Grimentz - Valais
16/04/2024,18/05/2024,25/05/2024,1190.84,HUBDXHJ,60 m² Appartement ∙ 3 chambres ∙ 6 personnes,Grimentz - Valais
16/04/2024,25/05/2024,01/06/2024,1190.84,HUBDXHJ,60 m² Appartement ∙ 3 chambres ∙ 6 personnes,Grimentz - Valais
16/04/2024,01/06/2024,08/06/2024,1190.84,HUBDXHJ,60 m² Appartement ∙ 3 chambres ∙ 6 personnes,Grimentz - Valais
16/04/2024,08/06/2024,15/06/2024,1190.84,HUBDXHJ,60 m² Appartement ∙ 3 chambres ∙ 6 personnes,Grimentz - Valais
16/04/2024,15/06/2024,22/06/2024,1190.84,HUBDXHJ,60 m² Appartement ∙ 3 chambres ∙ 6 personnes,Grimentz - Valais
16/04/2024,22/06/2024,29/06/2024,1055.65,HUBDXHJ,60 m² Appartement ∙ 3 chambres ∙ 6 personnes,Grimentz - Valais
16/04/2024,29/06/2024,06/07/2024,899.84,HUBDXHJ,60 m² Appartement ∙ 3 chambres ∙ 6 personnes,Grimentz - Valais
16/04/2024,06/07/2024,13/07/2024,878.16,HUBDXHJ,60 m² Appartement ∙ 3 chambres ∙ 6 personnes,Grimentz - Valais
16/04/2024,13/07/2024,20/07/2024,878.16,HUBDXHJ,60 m² Appartement ∙ 3 chambres ∙ 6 personnes,Grimentz - Valais
16/04/2024,20/07/2024,27/07/2024,878.16,HUBDXHJ,60 m² Appartement ∙ 3 chambres ∙ 6 personnes,Grimentz - Valais
16/04/2024,27/07/2024,03/08/2024,878.16,HUBDXHJ,60 m² Appartement ∙ 3 chambres ∙ 6 personnes,Grimentz - Valais
16/04/2024,03/08/2024,10/08/2024,878.16,HUBDXHJ,60 m² Appartement ∙ 3 chambres ∙ 6 personnes,Grimentz - Valais
16/04/2024,10/08/2024,17/08/2024,878.16,HUBDXHJ,60 m² Appartement ∙ 3 chambres ∙ 6 personnes,Grimentz - Valais
16/04/2024,17/08/2024,24/08/2024,878.16,HUBDXHJ,60 m² Appartement ∙ 3 chambres ∙ 6 personnes,Grimentz - Valais
16/04/2024,24/08/2024,31/08/2024,878.16,HUBDXHJ,60 m² Appartement ∙ 3 chambres ∙ 6 personnes,Grimentz - Valais
16/04/2024,31/08/2024,07/09/2024,878.16,HUBDXHJ,60 m² Appartement ∙ 3 chambres ∙ 6 personnes,Grimentz - Valais
16/04/2024,07/09/2024,14/09/2024,878.16,HUBDXHJ,60 m² Appartement ∙ 3 chambres ∙ 6 personnes,Grimentz - Valais
16/04/2024,14/09/2024,21/09/2024,942.14,HUBDXHJ,60 m² Appartement ∙ 3 chambres ∙ 6 personnes,Grimentz - Valais
16/04/2024,21/09/2024,28/09/2024,952.46,HUBDXHJ,60 m² Appartement ∙ 3 chambres ∙ 6 personnes,Grimentz - Valais
16/04/2024,28/09/2024,05/10/2024,952.46,HUBDXHJ,60 m² Appartement ∙ 3 chambres ∙ 6 personnes,Grimentz - Valais
16/04/2024,05/10/2024,12/10/2024,952.46,HUBDXHJ,60 m² Appartement ∙ 3 chambres ∙ 6 personnes,Grimentz - Valais
16/04/2024,12/10/2024,19/10/2024,952.46,HUBDXHJ,60 m² Appartement ∙ 3 chambres ∙ 6 personnes,Grimentz - Valais
16/04/2024,19/10/2024,26/10/2024,952.46,HUBDXHJ,60 m² Appartement ∙ 3 chambres ∙ 6 personnes,Grimentz - Valais
16/04/2024,26/10/2024,02/11/2024,893.64,HUBDXHJ,60 m² Appartement ∙ 3 chambres ∙ 6 personnes,Grimentz - Valais
16/04/2024,11/05/2024,18/05/2024,1318.00,H098YCP,100 m² Maison de vacances ∙ 3 chambres ∙ 6 personnes,Grimentz - Valais
16/04/2024,18/05/2024,25/05/2024,1318.00,H098YCP,100 m² Maison de vacances ∙ 3 chambres ∙ 6 personnes,Grimentz - Valais
16/04/2024,25/05/2024,01/06/2024,1318.00,H098YCP,100 m² Maison de vacances ∙ 3 chambres ∙ 6 personnes,Grimentz - Valais
16/04/2024,01/06/2024,08/06/2024,1318.00,H098YCP,100 m² Maison de vacances ∙ 3 chambres ∙ 6 personnes,Grimentz - Valais
16/04/2024,22/06/2024,29/06/2024,1318.00,H098YCP,100 m² Maison de vacances ∙ 3 chambres ∙ 6 personnes,Grimentz - Valais
16/04/2024,20/07/2024,27/07/2024,1608.00,H098YCP,100 m² Maison de vacances ∙ 3 chambres ∙ 6 personnes,Grimentz - Valais
16/04/2024,19/10/2024,26/10/2024,1318.00,H098YCP,100 m² Maison de vacances ∙ 3 chambres ∙ 6 personnes,Grimentz - Valais
16/04/2024,26/10/2024,02/11/2024,1318.00,H098YCP,100 m² Maison de vacances ∙ 3 chambres ∙ 6 personnes,Grimentz - Valais
16/04/2024,04/05/2024,11/05/2024,1583.96,HPZW5VL,90 m² Maison de vacances ∙ 3 chambres ∙ 8 personnes,Evolène - Valais
16/04/2024,11/05/2024,18/05/2024,1583.96,HPZW5VL,90 m² Maison de vacances ∙ 3 chambres ∙ 8 personnes,Evolène - Valais
16/04/2024,04/05/2024,11/05/2024,1199.09,HNRH8DZ,125 m² Maison de vacances ∙ 3 chambres ∙ 6 personnes,Saint-Luc - Valais
16/04/2024,11/05/2024,18/05/2024,1199.09,HNRH8DZ,125 m² Maison de vacances ∙ 3 chambres ∙ 6 personnes,Saint-Luc - Valais
16/04/2024,01/06/2024,08/06/2024,1199.09,HNRH8DZ,125 m² Maison de vacances ∙ 3 chambres ∙ 6 personnes,Saint-Luc - Valais
16/04/2024,08/06/2024,15/06/2024,1199.09,HNRH8DZ,125 m² Maison de vacances ∙ 3 chambres ∙ 6 personnes,Saint-Luc - Valais
16/04/2024,17/08/2024,24/08/2024,1686.16,HNRH8DZ,125 m² Maison de vacances ∙ 3 chambres ∙ 6 personnes,Saint-Luc - Valais
16/04/2024,24/08/2024,31/08/2024,1686.16,HNRH8DZ,125 m² Maison de vacances ∙ 3 chambres ∙ 6 personnes,Saint-Luc - Valais
16/04/2024,31/08/2024,07/09/2024,1686.16,HNRH8DZ,125 m² Maison de vacances ∙ 3 chambres ∙ 6 personnes,Saint-Luc - Valais
16/04/2024,07/09/2024,14/09/2024,1686.16,HNRH8DZ,125 m² Maison de vacances ∙ 3 chambres ∙ 6 personnes,Saint-Luc - Valais
16/04/2024,14/09/2024,21/09/2024,1686.16,HNRH8DZ,125 m² Maison de vacances ∙ 3 chambres ∙ 6 personnes,Saint-Luc - Valais
16/04/2024,21/09/2024,28/09/2024,1686.16,HNRH8DZ,125 m² Maison de vacances ∙ 3 chambres ∙ 6 personnes,Saint-Luc - Valais
16/04/2024,28/09/2024,05/10/2024,1199.09,HNRH8DZ,125 m² Maison de vacances ∙ 3 chambres ∙ 6 personnes,Saint-Luc - Valais
16/04/2024,05/10/2024,12/10/2024,1199.09,HNRH8DZ,125 m² Maison de vacances ∙ 3 chambres ∙ 6 personnes,Saint-Luc - Valais
16/04/2024,12/10/2024,19/10/2024,1199.09,HNRH8DZ,125 m² Maison de vacances ∙ 3 chambres ∙ 6 personnes,Saint-Luc - Valais
16/04/2024,19/10/2024,26/10/2024,1199.09,HNRH8DZ,125 m² Maison de vacances ∙ 3 chambres ∙ 6 personnes,Saint-Luc - Valais
16/04/2024,26/10/2024,02/11/2024,1199.09,HNRH8DZ,125 m² Maison de vacances ∙ 3 chambres ∙ 6 personnes,Saint-Luc - Valais
16/04/2024,20/04/2024,27/04/2024,871.98,HRKZ0B1,40 m² Appartement ∙ 1 chambre ∙ 4 personnes,Grimentz - Valais
16/04/2024,27/04/2024,04/05/2024,871.98,HRKZ0B1,40 m² Appartement ∙ 1 chambre ∙ 4 personnes,Grimentz - Valais
16/04/2024,04/05/2024,11/05/2024,871.98,HRKZ0B1,40 m² Appartement ∙ 1 chambre ∙ 4 personnes,Grimentz - Valais
16/04/2024,11/05/2024,18/05/2024,871.98,HRKZ0B1,40 m² Appartement ∙ 1 chambre ∙ 4 personnes,Grimentz - Valais
16/04/2024,18/05/2024,25/05/2024,871.98,HRKZ0B1,40 m² Appartement ∙ 1 chambre ∙ 4 personnes,Grimentz - Valais
16/04/2024,25/05/2024,01/06/2024,871.98,HRKZ0B1,40 m² Appartement ∙ 1 chambre ∙ 4 personnes,Grimentz - Valais
16/04/2024,01/06/2024,08/06/2024,871.98,HRKZ0B1,40 m² Appartement ∙ 1 chambre ∙ 4 personnes,Grimentz - Valais
16/04/2024,08/06/2024,15/06/2024,871.98,HRKZ0B1,40 m² Appartement ∙ 1 chambre ∙ 4 personnes,Grimentz - Valais
16/04/2024,15/06/2024,22/06/2024,871.98,HRKZ0B1,40 m² Appartement ∙ 1 chambre ∙ 4 personnes,Grimentz - Valais
16/04/2024,22/06/2024,29/06/2024,871.98,HRKZ0B1,40 m² Appartement ∙ 1 chambre ∙ 4 personnes,Grimentz - Valais
16/04/2024,29/06/2024,06/07/2024,871.98,HRKZ0B1,40 m² Appartement ∙ 1 chambre ∙ 4 personnes,Grimentz - Valais
16/04/2024,06/07/2024,13/07/2024,871.98,HRKZ0B1,40 m² Appartement ∙ 1 chambre ∙ 4 personnes,Grimentz - Valais
16/04/2024,27/07/2024,03/08/2024,982.39,HRKZ0B1,40 m² Appartement ∙ 1 chambre ∙ 4 personnes,Grimentz - Valais
16/04/2024,10/08/2024,17/08/2024,982.39,HRKZ0B1,40 m² Appartement ∙ 1 chambre ∙ 4 personnes,Grimentz - Valais
16/04/2024,17/08/2024,24/08/2024,871.98,HRKZ0B1,40 m² Appartement ∙ 1 chambre ∙ 4 personnes,Grimentz - Valais
16/04/2024,24/08/2024,31/08/2024,871.98,HRKZ0B1,40 m² Appartement ∙ 1 chambre ∙ 4 personnes,Grimentz - Valais
16/04/2024,31/08/2024,07/09/2024,871.98,HRKZ0B1,40 m² Appartement ∙ 1 chambre ∙ 4 personnes,Grimentz - Valais
16/04/2024,07/09/2024,14/09/2024,871.98,HRKZ0B1,40 m² Appartement ∙ 1 chambre ∙ 4 personnes,Grimentz - Valais
16/04/2024,14/09/2024,21/09/2024,871.98,HRKZ0B1,40 m² Appartement ∙ 1 chambre ∙ 4 personnes,Grimentz - Valais
16/04/2024,21/09/2024,28/09/2024,871.98,HRKZ0B1,40 m² Appartement ∙ 1 chambre ∙ 4 personnes,Grimentz - Valais
16/04/2024,28/09/2024,05/10/2024,871.98,HRKZ0B1,40 m² Appartement ∙ 1 chambre ∙ 4 personnes,Grimentz - Valais
16/04/2024,05/10/2024,12/10/2024,871.98,HRKZ0B1,40 m² Appartement ∙ 1 chambre ∙ 4 personnes,Grimentz - Valais
16/04/2024,12/10/2024,19/10/2024,871.98,HRKZ0B1,40 m² Appartement ∙ 1 chambre ∙ 4 personnes,Grimentz - Valais
16/04/2024,19/10/2024,26/10/2024,871.98,HRKZ0B1,40 m² Appartement ∙ 1 chambre ∙ 4 personnes,Grimentz - Valais
16/04/2024,26/10/2024,02/11/2024,871.98,HRKZ0B1,40 m² Appartement ∙ 1 chambre ∙ 4 personnes,Grimentz - Valais
16/04/2024,20/04/2024,27/04/2024,1629.41,HLT4XN9,75 m² Maison de vacances ∙ 1 chambre ∙ 4 personnes,Evolène - Valais
16/04/2024,06/07/2024,13/07/2024,1938.99,HLT4XN9,75 m² Maison de vacances ∙ 1 chambre ∙ 4 personnes,Evolène - Valais
16/04/2024,13/07/2024,20/07/2024,1938.99,HLT4XN9,75 m² Maison de vacances ∙ 1 chambre ∙ 4 personnes,Evolène - Valais
16/04/2024,20/07/2024,27/07/2024,1938.99,HLT4XN9,75 m² Maison de vacances ∙ 1 chambre ∙ 4 personnes,Evolène - Valais
16/04/2024,07/09/2024,14/09/2024,1758.40,HLT4XN9,75 m² Maison de vacances ∙ 1 chambre ∙ 4 personnes,Evolène - Valais
16/04/2024,21/09/2024,28/09/2024,1758.40,HLT4XN9,75 m² Maison de vacances ∙ 1 chambre ∙ 4 personnes,Evolène - Valais
16/04/2024,28/09/2024,05/10/2024,1758.40,HLT4XN9,75 m² Maison de vacances ∙ 1 chambre ∙ 4 personnes,Evolène - Valais
16/04/2024,26/10/2024,02/11/2024,1758.40,HLT4XN9,75 m² Maison de vacances ∙ 1 chambre ∙ 4 personnes,Evolène - Valais
16/04/2024,20/04/2024,27/04/2024,2119.57,HK1XFSW,65 m² Maison de vacances ∙ 2 chambres ∙ 5 personnes,Grimentz - Valais
16/04/2024,27/04/2024,04/05/2024,2119.57,HK1XFSW,65 m² Maison de vacances ∙ 2 chambres ∙ 5 personnes,Grimentz - Valais
16/04/2024,04/05/2024,11/05/2024,2119.57,HK1XFSW,65 m² Maison de vacances ∙ 2 chambres ∙ 5 personnes,Grimentz - Valais
16/04/2024,11/05/2024,18/05/2024,2119.57,HK1XFSW,65 m² Maison de vacances ∙ 2 chambres ∙ 5 personnes,Grimentz - Valais
16/04/2024,18/05/2024,25/05/2024,2119.57,HK1XFSW,65 m² Maison de vacances ∙ 2 chambres ∙ 5 personnes,Grimentz - Valais
16/04/2024,25/05/2024,01/06/2024,2119.57,HK1XFSW,65 m² Maison de vacances ∙ 2 chambres ∙ 5 personnes,Grimentz - Valais
16/04/2024,31/08/2024,07/09/2024,1990.58,HK1XFSW,65 m² Maison de vacances ∙ 2 chambres ∙ 5 personnes,Grimentz - Valais
16/04/2024,07/09/2024,14/09/2024,1990.58,HK1XFSW,65 m² Maison de vacances ∙ 2 chambres ∙ 5 personnes,Grimentz - Valais
16/04/2024,14/09/2024,21/09/2024,1990.58,HK1XFSW,65 m² Maison de vacances ∙ 2 chambres ∙ 5 personnes,Grimentz - Valais
16/04/2024,21/09/2024,28/09/2024,1990.58,HK1XFSW,65 m² Maison de vacances ∙ 2 chambres ∙ 5 personnes,Grimentz - Valais
16/04/2024,28/09/2024,05/10/2024,2052.50,HK1XFSW,65 m² Maison de vacances ∙ 2 chambres ∙ 5 personnes,Grimentz - Valais
16/04/2024,05/10/2024,12/10/2024,2062.82,HK1XFSW,65 m² Maison de vacances ∙ 2 chambres ∙ 5 personnes,Grimentz - Valais
16/04/2024,12/10/2024,19/10/2024,2062.82,HK1XFSW,65 m² Maison de vacances ∙ 2 chambres ∙ 5 personnes,Grimentz - Valais
16/04/2024,19/10/2024,26/10/2024,2062.82,HK1XFSW,65 m² Maison de vacances ∙ 2 chambres ∙ 5 personnes,Grimentz - Valais
16/04/2024,26/10/2024,02/11/2024,2062.82,HK1XFSW,65 m² Maison de vacances ∙ 2 chambres ∙ 5 personnes,Grimentz - Valais
16/04/2024,11/05/2024,18/05/2024,1376.59,HHDFCVZ,180 m² Maison de vacances ∙ 3 chambres ∙ 8 personnes,Grimentz - Valais
16/04/2024,18/05/2024,25/05/2024,1376.59,HHDFCVZ,180 m² Maison de vacances ∙ 3 chambres ∙ 8 personnes,Grimentz - Valais
16/04/2024,25/05/2024,01/06/2024,1376.59,HHDFCVZ,180 m² Maison de vacances ∙ 3 chambres ∙ 8 personnes,Grimentz - Valais
16/04/2024,01/06/2024,08/06/2024,1376.59,HHDFCVZ,180 m² Maison de vacances ∙ 3 chambres ∙ 8 personnes,Grimentz - Valais
16/04/2024,08/06/2024,15/06/2024,1376.59,HHDFCVZ,180 m² Maison de vacances ∙ 3 chambres ∙ 8 personnes,Grimentz - Valais
16/04/2024,15/06/2024,22/06/2024,1376.59,HHDFCVZ,180 m² Maison de vacances ∙ 3 chambres ∙ 8 personnes,Grimentz - Valais
16/04/2024,22/06/2024,29/06/2024,1376.59,HHDFCVZ,180 m² Maison de vacances ∙ 3 chambres ∙ 8 personnes,Grimentz - Valais
16/04/2024,29/06/2024,06/07/2024,1376.59,HHDFCVZ,180 m² Maison de vacances ∙ 3 chambres ∙ 8 personnes,Grimentz - Valais
16/04/2024,06/07/2024,13/07/2024,1376.59,HHDFCVZ,180 m² Maison de vacances ∙ 3 chambres ∙ 8 personnes,Grimentz - Valais
16/04/2024,13/07/2024,20/07/2024,1827.54,HHDFCVZ,180 m² Maison de vacances ∙ 3 chambres ∙ 8 personnes,Grimentz - Valais
16/04/2024,20/07/2024,27/07/2024,2263.01,HHDFCVZ,180 m² Maison de vacances ∙ 3 chambres ∙ 8 personnes,Grimentz - Valais
16/04/2024,27/07/2024,03/08/2024,2263.01,HHDFCVZ,180 m² Maison de vacances ∙ 3 chambres ∙ 8 personnes,Grimentz - Valais
16/04/2024,17/08/2024,24/08/2024,1376.59,HHDFCVZ,180 m² Maison de vacances ∙ 3 chambres ∙ 8 personnes,Grimentz - Valais
16/04/2024,31/08/2024,07/09/2024,1376.59,HHDFCVZ,180 m² Maison de vacances ∙ 3 chambres ∙ 8 personnes,Grimentz - Valais
16/04/2024,07/09/2024,14/09/2024,1376.59,HHDFCVZ,180 m² Maison de vacances ∙ 3 chambres ∙ 8 personnes,Grimentz - Valais
16/04/2024,14/09/2024,21/09/2024,1376.59,HHDFCVZ,180 m² Maison de vacances ∙ 3 chambres ∙ 8 personnes,Grimentz - Valais
16/04/2024,21/09/2024,28/09/2024,1376.59,HHDFCVZ,180 m² Maison de vacances ∙ 3 chambres ∙ 8 personnes,Grimentz - Valais
16/04/2024,28/09/2024,05/10/2024,1376.59,HHDFCVZ,180 m² Maison de vacances ∙ 3 chambres ∙ 8 personnes,Grimentz - Valais
16/04/2024,05/10/2024,12/10/2024,1376.59,HHDFCVZ,180 m² Maison de vacances ∙ 3 chambres ∙ 8 personnes,Grimentz - Valais
16/04/2024,12/10/2024,19/10/2024,1376.59,HHDFCVZ,180 m² Maison de vacances ∙ 3 chambres ∙ 8 personnes,Grimentz - Valais
16/04/2024,19/10/2024,26/10/2024,1376.59,HHDFCVZ,180 m² Maison de vacances ∙ 3 chambres ∙ 8 personnes,Grimentz - Valais
16/04/2024,26/10/2024,02/11/2024,1376.59,HHDFCVZ,180 m² Maison de vacances ∙ 3 chambres ∙ 8 personnes,Grimentz - Valais
16/04/2024,20/04/2024,27/04/2024,1804.37,HF3GKWL,47 m² Appartement ∙ 1 chambre ∙ 2 personnes,Grimentz - Valais
16/04/2024,27/04/2024,04/05/2024,1804.37,HF3GKWL,47 m² Appartement ∙ 1 chambre ∙ 2 personnes,Grimentz - Valais
16/04/2024,04/05/2024,11/05/2024,1804.37,HF3GKWL,47 m² Appartement ∙ 1 chambre ∙ 2 personnes,Grimentz - Valais
16/04/2024,11/05/2024,18/05/2024,1804.37,HF3GKWL,47 m² Appartement ∙ 1 chambre ∙ 2 personnes,Grimentz - Valais
16/04/2024,18/05/2024,25/05/2024,1804.37,HF3GKWL,47 m² Appartement ∙ 1 chambre ∙ 2 personnes,Grimentz - Valais
16/04/2024,25/05/2024,01/06/2024,1804.37,HF3GKWL,47 m² Appartement ∙ 1 chambre ∙ 2 personnes,Grimentz - Valais
16/04/2024,01/06/2024,08/06/2024,1804.37,HF3GKWL,47 m² Appartement ∙ 1 chambre ∙ 2 personnes,Grimentz - Valais
16/04/2024,08/06/2024,15/06/2024,1804.37,HF3GKWL,47 m² Appartement ∙ 1 chambre ∙ 2 personnes,Grimentz - Valais
16/04/2024,15/06/2024,22/06/2024,1804.37,HF3GKWL,47 m² Appartement ∙ 1 chambre ∙ 2 personnes,Grimentz - Valais
16/04/2024,22/06/2024,29/06/2024,1804.37,HF3GKWL,47 m² Appartement ∙ 1 chambre ∙ 2 personnes,Grimentz - Valais
16/04/2024,29/06/2024,06/07/2024,1804.37,HF3GKWL,47 m² Appartement ∙ 1 chambre ∙ 2 personnes,Grimentz - Valais
16/04/2024,06/07/2024,13/07/2024,1924.68,HF3GKWL,47 m² Appartement ∙ 1 chambre ∙ 2 personnes,Grimentz - Valais
16/04/2024,13/07/2024,20/07/2024,1924.68,HF3GKWL,47 m² Appartement ∙ 1 chambre ∙ 2 personnes,Grimentz - Valais
16/04/2024,20/07/2024,27/07/2024,1924.68,HF3GKWL,47 m² Appartement ∙ 1 chambre ∙ 2 personnes,Grimentz - Valais
16/04/2024,27/07/2024,03/08/2024,1924.68,HF3GKWL,47 m² Appartement ∙ 1 chambre ∙ 2 personnes,Grimentz - Valais
16/04/2024,03/08/2024,10/08/2024,1924.68,HF3GKWL,47 m² Appartement ∙ 1 chambre ∙ 2 personnes,Grimentz - Valais
16/04/2024,10/08/2024,17/08/2024,1924.68,HF3GKWL,47 m² Appartement ∙ 1 chambre ∙ 2 personnes,Grimentz - Valais
16/04/2024,17/08/2024,24/08/2024,1924.68,HF3GKWL,47 m² Appartement ∙ 1 chambre ∙ 2 personnes,Grimentz - Valais
16/04/2024,24/08/2024,31/08/2024,1804.37,HF3GKWL,47 m² Appartement ∙ 1 chambre ∙ 2 personnes,Grimentz - Valais
16/04/2024,31/08/2024,07/09/2024,1804.37,HF3GKWL,47 m² Appartement ∙ 1 chambre ∙ 2 personnes,Grimentz - Valais
16/04/2024,07/09/2024,14/09/2024,1804.37,HF3GKWL,47 m² Appartement ∙ 1 chambre ∙ 2 personnes,Grimentz - Valais
16/04/2024,14/09/2024,21/09/2024,1804.37,HF3GKWL,47 m² Appartement ∙ 1 chambre ∙ 2 personnes,Grimentz - Valais
16/04/2024,21/09/2024,28/09/2024,1804.37,HF3GKWL,47 m² Appartement ∙ 1 chambre ∙ 2 personnes,Grimentz - Valais
16/04/2024,28/09/2024,05/10/2024,1804.37,HF3GKWL,47 m² Appartement ∙ 1 chambre ∙ 2 personnes,Grimentz - Valais
16/04/2024,05/10/2024,12/10/2024,1804.37,HF3GKWL,47 m² Appartement ∙ 1 chambre ∙ 2 personnes,Grimentz - Valais
16/04/2024,12/10/2024,19/10/2024,1804.37,HF3GKWL,47 m² Appartement ∙ 1 chambre ∙ 2 personnes,Grimentz - Valais
16/04/2024,19/10/2024,26/10/2024,1804.37,HF3GKWL,47 m² Appartement ∙ 1 chambre ∙ 2 personnes,Grimentz - Valais
16/04/2024,26/10/2024,02/11/2024,1804.37,HF3GKWL,47 m² Appartement ∙ 1 chambre ∙ 2 personnes,Grimentz - Valais
16/04/2024,20/04/2024,27/04/2024,967.00,HSKJ3A6,40 m² Maison de vacances ∙ 1 chambre ∙ 4 personnes,Grimentz - Valais
16/04/2024,27/04/2024,04/05/2024,967.00,HSKJ3A6,40 m² Maison de vacances ∙ 1 chambre ∙ 4 personnes,Grimentz - Valais
16/04/2024,04/05/2024,11/05/2024,967.00,HSKJ3A6,40 m² Maison de vacances ∙ 1 chambre ∙ 4 personnes,Grimentz - Valais
16/04/2024,11/05/2024,18/05/2024,967.00,HSKJ3A6,40 m² Maison de vacances ∙ 1 chambre ∙ 4 personnes,Grimentz - Valais
16/04/2024,18/05/2024,25/05/2024,967.00,HSKJ3A6,40 m² Maison de vacances ∙ 1 chambre ∙ 4 personnes,Grimentz - Valais
16/04/2024,25/05/2024,01/06/2024,967.00,HSKJ3A6,40 m² Maison de vacances ∙ 1 chambre ∙ 4 personnes,Grimentz - Valais
16/04/2024,08/06/2024,15/06/2024,967.00,HSKJ3A6,40 m² Maison de vacances ∙ 1 chambre ∙ 4 personnes,Grimentz - Valais
16/04/2024,15/06/2024,22/06/2024,967.00,HSKJ3A6,40 m² Maison de vacances ∙ 1 chambre ∙ 4 personnes,Grimentz - Valais
16/04/2024,22/06/2024,29/06/2024,967.00,HSKJ3A6,40 m² Maison de vacances ∙ 1 chambre ∙ 4 personnes,Grimentz - Valais
16/04/2024,29/06/2024,06/07/2024,967.00,HSKJ3A6,40 m² Maison de vacances ∙ 1 chambre ∙ 4 personnes,Grimentz - Valais
16/04/2024,06/07/2024,13/07/2024,967.00,HSKJ3A6,40 m² Maison de vacances ∙ 1 chambre ∙ 4 personnes,Grimentz - Valais
16/04/2024,27/07/2024,03/08/2024,1088.00,HSKJ3A6,40 m² Maison de vacances ∙ 1 chambre ∙ 4 personnes,Grimentz - Valais
16/04/2024,10/08/2024,17/08/2024,1088.00,HSKJ3A6,40 m² Maison de vacances ∙ 1 chambre ∙ 4 personnes,Grimentz - Valais
16/04/2024,17/08/2024,24/08/2024,967.00,HSKJ3A6,40 m² Maison de vacances ∙ 1 chambre ∙ 4 personnes,Grimentz - Valais
16/04/2024,24/08/2024,31/08/2024,967.00,HSKJ3A6,40 m² Maison de vacances ∙ 1 chambre ∙ 4 personnes,Grimentz - Valais
16/04/2024,31/08/2024,07/09/2024,967.00,HSKJ3A6,40 m² Maison de vacances ∙ 1 chambre ∙ 4 personnes,Grimentz - Valais
16/04/2024,07/09/2024,14/09/2024,967.00,HSKJ3A6,40 m² Maison de vacances ∙ 1 chambre ∙ 4 personnes,Grimentz - Valais
16/04/2024,14/09/2024,21/09/2024,967.00,HSKJ3A6,40 m² Maison de vacances ∙ 1 chambre ∙ 4 personnes,Grimentz - Valais
16/04/2024,21/09/2024,28/09/2024,967.00,HSKJ3A6,40 m² Maison de vacances ∙ 1 chambre ∙ 4 personnes,Grimentz - Valais
16/04/2024,28/09/2024,05/10/2024,967.00,HSKJ3A6,40 m² Maison de vacances ∙ 1 chambre ∙ 4 personnes,Grimentz - Valais
16/04/2024,05/10/2024,12/10/2024,967.00,HSKJ3A6,40 m² Maison de vacances ∙ 1 chambre ∙ 4 personnes,Grimentz - Valais
16/04/2024,12/10/2024,19/10/2024,967.00,HSKJ3A6,40 m² Maison de vacances ∙ 1 chambre ∙ 4 personnes,Grimentz - Valais
16/04/2024,19/10/2024,26/10/2024,967.00,HSKJ3A6,40 m² Maison de vacances ∙ 1 chambre ∙ 4 personnes,Grimentz - Valais
16/04/2024,26/10/2024,02/11/2024,967.00,HSKJ3A6,40 m² Maison de vacances ∙ 1 chambre ∙ 4 personnes,Grimentz - Valais
16/04/2024,20/04/2024,27/04/2024,2274.61,H7RM4CV,116 m² Chalet ∙ 2 chambres ∙ 4 personnes,Grimentz - Valais
16/04/2024,27/04/2024,04/05/2024,2274.61,H7RM4CV,116 m² Chalet ∙ 2 chambres ∙ 4 personnes,Grimentz - Valais
16/04/2024,04/05/2024,11/05/2024,2274.61,H7RM4CV,116 m² Chalet ∙ 2 chambres ∙ 4 personnes,Grimentz - Valais
16/04/2024,11/05/2024,18/05/2024,2274.61,H7RM4CV,116 m² Chalet ∙ 2 chambres ∙ 4 personnes,Grimentz - Valais
16/04/2024,18/05/2024,25/05/2024,2274.61,H7RM4CV,116 m² Chalet ∙ 2 chambres ∙ 4 personnes,Grimentz - Valais
16/04/2024,08/06/2024,15/06/2024,2274.61,H7RM4CV,116 m² Chalet ∙ 2 chambres ∙ 4 personnes,Grimentz - Valais
16/04/2024,15/06/2024,22/06/2024,2274.61,H7RM4CV,116 m² Chalet ∙ 2 chambres ∙ 4 personnes,Grimentz - Valais
16/04/2024,22/06/2024,29/06/2024,2274.61,H7RM4CV,116 m² Chalet ∙ 2 chambres ∙ 4 personnes,Grimentz - Valais
16/04/2024,29/06/2024,06/07/2024,2274.61,H7RM4CV,116 m² Chalet ∙ 2 chambres ∙ 4 personnes,Grimentz - Valais
16/04/2024,06/07/2024,13/07/2024,2744.83,H7RM4CV,116 m² Chalet ∙ 2 chambres ∙ 4 personnes,Grimentz - Valais
16/04/2024,20/07/2024,27/07/2024,2744.83,H7RM4CV,116 m² Chalet ∙ 2 chambres ∙ 4 personnes,Grimentz - Valais
16/04/2024,27/07/2024,03/08/2024,2744.83,H7RM4CV,116 m² Chalet ∙ 2 chambres ∙ 4 personnes,Grimentz - Valais
16/04/2024,07/09/2024,14/09/2024,2274.61,H7RM4CV,116 m² Chalet ∙ 2 chambres ∙ 4 personnes,Grimentz - Valais
16/04/2024,14/09/2024,21/09/2024,2274.61,H7RM4CV,116 m² Chalet ∙ 2 chambres ∙ 4 personnes,Grimentz - Valais
16/04/2024,21/09/2024,28/09/2024,2274.61,H7RM4CV,116 m² Chalet ∙ 2 chambres ∙ 4 personnes,Grimentz - Valais
16/04/2024,28/09/2024,05/10/2024,2274.61,H7RM4CV,116 m² Chalet ∙ 2 chambres ∙ 4 personnes,Grimentz - Valais
16/04/2024,05/10/2024,12/10/2024,2274.61,H7RM4CV,116 m² Chalet ∙ 2 chambres ∙ 4 personnes,Grimentz - Valais
16/04/2024,12/10/2024,19/10/2024,2274.61,H7RM4CV,116 m² Chalet ∙ 2 chambres ∙ 4 personnes,Grimentz - Valais
16/04/2024,19/10/2024,26/10/2024,2274.61,H7RM4CV,116 m² Chalet ∙ 2 chambres ∙ 4 personnes,Grimentz - Valais
16/04/2024,26/10/2024,02/11/2024,2274.61,H7RM4CV,116 m² Chalet ∙ 2 chambres ∙ 4 personnes,Grimentz - Valais
16/04/2024,20/04/2024,27/04/2024,5052.25,HB795XG,244 m² Chalet ∙ 5 chambres ∙ 10 personnes,Grimentz - Valais
16/04/2024,27/04/2024,04/05/2024,5052.25,HB795XG,244 m² Chalet ∙ 5 chambres ∙ 10 personnes,Grimentz - Valais
16/04/2024,04/05/2024,11/05/2024,5052.25,HB795XG,244 m² Chalet ∙ 5 chambres ∙ 10 personnes,Grimentz - Valais
16/04/2024,11/05/2024,18/05/2024,5052.25,HB795XG,244 m² Chalet ∙ 5 chambres ∙ 10 personnes,Grimentz - Valais
16/04/2024,25/05/2024,01/06/2024,5052.25,HB795XG,244 m² Chalet ∙ 5 chambres ∙ 10 personnes,Grimentz - Valais
16/04/2024,01/06/2024,08/06/2024,5052.25,HB795XG,244 m² Chalet ∙ 5 chambres ∙ 10 personnes,Grimentz - Valais
16/04/2024,08/06/2024,15/06/2024,5052.25,HB795XG,244 m² Chalet ∙ 5 chambres ∙ 10 personnes,Grimentz - Valais
16/04/2024,15/06/2024,22/06/2024,5052.25,HB795XG,244 m² Chalet ∙ 5 chambres ∙ 10 personnes,Grimentz - Valais
16/04/2024,22/06/2024,29/06/2024,5052.25,HB795XG,244 m² Chalet ∙ 5 chambres ∙ 10 personnes,Grimentz - Valais
16/04/2024,05/10/2024,12/10/2024,5052.25,HB795XG,244 m² Chalet ∙ 5 chambres ∙ 10 personnes,Grimentz - Valais
16/04/2024,12/10/2024,19/10/2024,5052.25,HB795XG,244 m² Chalet ∙ 5 chambres ∙ 10 personnes,Grimentz - Valais
16/04/2024,19/10/2024,26/10/2024,5052.25,HB795XG,244 m² Chalet ∙ 5 chambres ∙ 10 personnes,Grimentz - Valais
16/04/2024,26/10/2024,02/11/2024,5052.25,HB795XG,244 m² Chalet ∙ 5 chambres ∙ 10 personnes,Grimentz - Valais
16/04/2024,20/04/2024,27/04/2024,2274.61,H74MP03,107 m² Appartement ∙ 2 chambres ∙ 5 personnes,Grimentz - Valais
16/04/2024,27/04/2024,04/05/2024,2274.61,H74MP03,107 m² Appartement ∙ 2 chambres ∙ 5 personnes,Grimentz - Valais
16/04/2024,04/05/2024,11/05/2024,2274.61,H74MP03,107 m² Appartement ∙ 2 chambres ∙ 5 personnes,Grimentz - Valais
16/04/2024,11/05/2024,18/05/2024,2274.61,H74MP03,107 m² Appartement ∙ 2 chambres ∙ 5 personnes,Grimentz - Valais
16/04/2024,18/05/2024,25/05/2024,2274.61,H74MP03,107 m² Appartement ∙ 2 chambres ∙ 5 personnes,Grimentz - Valais
16/04/2024,25/05/2024,01/06/2024,2274.61,H74MP03,107 m² Appartement ∙ 2 chambres ∙ 5 personnes,Grimentz - Valais
16/04/2024,01/06/2024,08/06/2024,2274.61,H74MP03,107 m² Appartement ∙ 2 chambres ∙ 5 personnes,Grimentz - Valais
16/04/2024,08/06/2024,15/06/2024,2274.61,H74MP03,107 m² Appartement ∙ 2 chambres ∙ 5 personnes,Grimentz - Valais
16/04/2024,15/06/2024,22/06/2024,2274.61,H74MP03,107 m² Appartement ∙ 2 chambres ∙ 5 personnes,Grimentz - Valais
16/04/2024,22/06/2024,29/06/2024,2274.61,H74MP03,107 m² Appartement ∙ 2 chambres ∙ 5 personnes,Grimentz - Valais
16/04/2024,06/07/2024,13/07/2024,2744.83,H74MP03,107 m² Appartement ∙ 2 chambres ∙ 5 personnes,Grimentz - Valais
16/04/2024,13/07/2024,20/07/2024,2744.83,H74MP03,107 m² Appartement ∙ 2 chambres ∙ 5 personnes,Grimentz - Valais
16/04/2024,20/07/2024,27/07/2024,2744.83,H74MP03,107 m² Appartement ∙ 2 chambres ∙ 5 personnes,Grimentz - Valais
16/04/2024,27/07/2024,03/08/2024,2744.83,H74MP03,107 m² Appartement ∙ 2 chambres ∙ 5 personnes,Grimentz - Valais
16/04/2024,03/08/2024,10/08/2024,2744.83,H74MP03,107 m² Appartement ∙ 2 chambres ∙ 5 personnes,Grimentz - Valais
16/04/2024,10/08/2024,17/08/2024,2744.83,H74MP03,107 m² Appartement ∙ 2 chambres ∙ 5 personnes,Grimentz - Valais
16/04/2024,07/09/2024,14/09/2024,2274.61,H74MP03,107 m² Appartement ∙ 2 chambres ∙ 5 personnes,Grimentz - Valais
16/04/2024,14/09/2024,21/09/2024,2274.61,H74MP03,107 m² Appartement ∙ 2 chambres ∙ 5 personnes,Grimentz - Valais
16/04/2024,21/09/2024,28/09/2024,2274.61,H74MP03,107 m² Appartement ∙ 2 chambres ∙ 5 personnes,Grimentz - Valais
16/04/2024,28/09/2024,05/10/2024,2274.61,H74MP03,107 m² Appartement ∙ 2 chambres ∙ 5 personnes,Grimentz - Valais
16/04/2024,05/10/2024,12/10/2024,2274.61,H74MP03,107 m² Appartement ∙ 2 chambres ∙ 5 personnes,Grimentz - Valais
16/04/2024,12/10/2024,19/10/2024,2274.61,H74MP03,107 m² Appartement ∙ 2 chambres ∙ 5 personnes,Grimentz - Valais
16/04/2024,19/10/2024,26/10/2024,2274.61,H74MP03,107 m² Appartement ∙ 2 chambres ∙ 5 personnes,Grimentz - Valais
16/04/2024,26/10/2024,02/11/2024,2274.61,H74MP03,107 m² Appartement ∙ 2 chambres ∙ 5 personnes,Grimentz - Valais
16/04/2024,04/05/2024,11/05/2024,2394.90,H0LRYD3,108 m² Chalet ∙ 2 chambres ∙ 6 personnes,Grimentz - Valais
16/04/2024,11/05/2024,18/05/2024,2394.90,H0LRYD3,108 m² Chalet ∙ 2 chambres ∙ 6 personnes,Grimentz - Valais
16/04/2024,18/05/2024,25/05/2024,2394.90,H0LRYD3,108 m² Chalet ∙ 2 chambres ∙ 6 personnes,Grimentz - Valais
16/04/2024,25/05/2024,01/06/2024,2394.90,H0LRYD3,108 m² Chalet ∙ 2 chambres ∙ 6 personnes,Grimentz - Valais
16/04/2024,01/06/2024,08/06/2024,2394.90,H0LRYD3,108 m² Chalet ∙ 2 chambres ∙ 6 personnes,Grimentz - Valais
16/04/2024,08/06/2024,15/06/2024,2394.90,H0LRYD3,108 m² Chalet ∙ 2 chambres ∙ 6 personnes,Grimentz - Valais
16/04/2024,15/06/2024,22/06/2024,2394.90,H0LRYD3,108 m² Chalet ∙ 2 chambres ∙ 6 personnes,Grimentz - Valais
16/04/2024,22/06/2024,29/06/2024,2394.90,H0LRYD3,108 m² Chalet ∙ 2 chambres ∙ 6 personnes,Grimentz - Valais
16/04/2024,29/06/2024,06/07/2024,2394.90,H0LRYD3,108 m² Chalet ∙ 2 chambres ∙ 6 personnes,Grimentz - Valais
16/04/2024,06/07/2024,13/07/2024,2865.13,H0LRYD3,108 m² Chalet ∙ 2 chambres ∙ 6 personnes,Grimentz - Valais
16/04/2024,13/07/2024,20/07/2024,2865.13,H0LRYD3,108 m² Chalet ∙ 2 chambres ∙ 6 personnes,Grimentz - Valais
16/04/2024,20/07/2024,27/07/2024,2865.13,H0LRYD3,108 m² Chalet ∙ 2 chambres ∙ 6 personnes,Grimentz - Valais
16/04/2024,27/07/2024,03/08/2024,2865.13,H0LRYD3,108 m² Chalet ∙ 2 chambres ∙ 6 personnes,Grimentz - Valais
16/04/2024,03/08/2024,10/08/2024,2865.13,H0LRYD3,108 m² Chalet ∙ 2 chambres ∙ 6 personnes,Grimentz - Valais
16/04/2024,10/08/2024,17/08/2024,2865.13,H0LRYD3,108 m² Chalet ∙ 2 chambres ∙ 6 personnes,Grimentz - Valais
16/04/2024,07/09/2024,14/09/2024,2394.90,H0LRYD3,108 m² Chalet ∙ 2 chambres ∙ 6 personnes,Grimentz - Valais
16/04/2024,14/09/2024,21/09/2024,2394.90,H0LRYD3,108 m² Chalet ∙ 2 chambres ∙ 6 personnes,Grimentz - Valais
16/04/2024,21/09/2024,28/09/2024,2394.90,H0LRYD3,108 m² Chalet ∙ 2 chambres ∙ 6 personnes,Grimentz - Valais
16/04/2024,28/09/2024,05/10/2024,2394.90,H0LRYD3,108 m² Chalet ∙ 2 chambres ∙ 6 personnes,Grimentz - Valais
16/04/2024,05/10/2024,12/10/2024,2394.90,H0LRYD3,108 m² Chalet ∙ 2 chambres ∙ 6 personnes,Grimentz - Valais
16/04/2024,12/10/2024,19/10/2024,2394.90,H0LRYD3,108 m² Chalet ∙ 2 chambres ∙ 6 personnes,Grimentz - Valais
16/04/2024,19/10/2024,26/10/2024,2394.90,H0LRYD3,108 m² Chalet ∙ 2 chambres ∙ 6 personnes,Grimentz - Valais
16/04/2024,26/10/2024,02/11/2024,2394.90,H0LRYD3,108 m² Chalet ∙ 2 chambres ∙ 6 personnes,Grimentz - Valais
16/04/2024,11/05/2024,18/05/2024,1526.00,H5VC3WM,180 m² Villa ∙ 1 chambre ∙ 8 personnes,Grimentz - Valais
16/04/2024,18/05/2024,25/05/2024,1526.00,H5VC3WM,180 m² Villa ∙ 1 chambre ∙ 8 personnes,Grimentz - Valais
16/04/2024,25/05/2024,01/06/2024,1526.00,H5VC3WM,180 m² Villa ∙ 1 chambre ∙ 8 personnes,Grimentz - Valais
16/04/2024,01/06/2024,08/06/2024,1526.00,H5VC3WM,180 m² Villa ∙ 1 chambre ∙ 8 personnes,Grimentz - Valais
16/04/2024,08/06/2024,15/06/2024,1526.00,H5VC3WM,180 m² Villa ∙ 1 chambre ∙ 8 personnes,Grimentz - Valais
16/04/2024,15/06/2024,22/06/2024,1526.00,H5VC3WM,180 m² Villa ∙ 1 chambre ∙ 8 personnes,Grimentz - Valais
16/04/2024,22/06/2024,29/06/2024,1526.00,H5VC3WM,180 m² Villa ∙ 1 chambre ∙ 8 personnes,Grimentz - Valais
16/04/2024,29/06/2024,06/07/2024,1526.00,H5VC3WM,180 m² Villa ∙ 1 chambre ∙ 8 personnes,Grimentz - Valais
16/04/2024,06/07/2024,13/07/2024,1526.00,H5VC3WM,180 m² Villa ∙ 1 chambre ∙ 8 personnes,Grimentz - Valais
16/04/2024,13/07/2024,20/07/2024,2024.00,H5VC3WM,180 m² Villa ∙ 1 chambre ∙ 8 personnes,Grimentz - Valais
16/04/2024,20/07/2024,27/07/2024,2507.00,H5VC3WM,180 m² Villa ∙ 1 chambre ∙ 8 personnes,Grimentz - Valais
16/04/2024,27/07/2024,03/08/2024,2507.00,H5VC3WM,180 m² Villa ∙ 1 chambre ∙ 8 personnes,Grimentz - Valais
16/04/2024,17/08/2024,24/08/2024,1526.00,H5VC3WM,180 m² Villa ∙ 1 chambre ∙ 8 personnes,Grimentz - Valais
16/04/2024,31/08/2024,07/09/2024,1526.00,H5VC3WM,180 m² Villa ∙ 1 chambre ∙ 8 personnes,Grimentz - Valais
16/04/2024,07/09/2024,14/09/2024,1526.00,H5VC3WM,180 m² Villa ∙ 1 chambre ∙ 8 personnes,Grimentz - Valais
16/04/2024,14/09/2024,21/09/2024,1526.00,H5VC3WM,180 m² Villa ∙ 1 chambre ∙ 8 personnes,Grimentz - Valais
16/04/2024,21/09/2024,28/09/2024,1526.00,H5VC3WM,180 m² Villa ∙ 1 chambre ∙ 8 personnes,Grimentz - Valais
16/04/2024,28/09/2024,05/10/2024,1526.00,H5VC3WM,180 m² Villa ∙ 1 chambre ∙ 8 personnes,Grimentz - Valais
16/04/2024,05/10/2024,12/10/2024,1526.00,H5VC3WM,180 m² Villa ∙ 1 chambre ∙ 8 personnes,Grimentz - Valais
16/04/2024,12/10/2024,19/10/2024,1526.00,H5VC3WM,180 m² Villa ∙ 1 chambre ∙ 8 personnes,Grimentz - Valais
16/04/2024,19/10/2024,26/10/2024,1526.00,H5VC3WM,180 m² Villa ∙ 1 chambre ∙ 8 personnes,Grimentz - Valais
16/04/2024,26/10/2024,02/11/2024,1526.00,H5VC3WM,180 m² Villa ∙ 1 chambre ∙ 8 personnes,Grimentz - Valais
16/04/2024,20/04/2024,27/04/2024,3083.84,H0UJE4N,126 m² Appartement ∙ 3 chambres ∙ 8 personnes,Grimentz - Valais
16/04/2024,27/04/2024,04/05/2024,3083.84,H0UJE4N,126 m² Appartement ∙ 3 chambres ∙ 8 personnes,Grimentz - Valais
16/04/2024,04/05/2024,11/05/2024,3083.84,H0UJE4N,126 m² Appartement ∙ 3 chambres ∙ 8 personnes,Grimentz - Valais
16/04/2024,11/05/2024,18/05/2024,3083.84,H0UJE4N,126 m² Appartement ∙ 3 chambres ∙ 8 personnes,Grimentz - Valais
16/04/2024,18/05/2024,25/05/2024,3083.84,H0UJE4N,126 m² Appartement ∙ 3 chambres ∙ 8 personnes,Grimentz - Valais
16/04/2024,25/05/2024,01/06/2024,3083.84,H0UJE4N,126 m² Appartement ∙ 3 chambres ∙ 8 personnes,Grimentz - Valais
16/04/2024,15/06/2024,22/06/2024,3083.84,H0UJE4N,126 m² Appartement ∙ 3 chambres ∙ 8 personnes,Grimentz - Valais
16/04/2024,22/06/2024,29/06/2024,3083.84,H0UJE4N,126 m² Appartement ∙ 3 chambres ∙ 8 personnes,Grimentz - Valais
16/04/2024,29/06/2024,06/07/2024,3083.84,H0UJE4N,126 m² Appartement ∙ 3 chambres ∙ 8 personnes,Grimentz - Valais
16/04/2024,06/07/2024,13/07/2024,4068.05,H0UJE4N,126 m² Appartement ∙ 3 chambres ∙ 8 personnes,Grimentz - Valais
16/04/2024,13/07/2024,20/07/2024,4068.05,H0UJE4N,126 m² Appartement ∙ 3 chambres ∙ 8 personnes,Grimentz - Valais
16/04/2024,20/07/2024,27/07/2024,4068.05,H0UJE4N,126 m² Appartement ∙ 3 chambres ∙ 8 personnes,Grimentz - Valais
16/04/2024,07/09/2024,14/09/2024,3083.84,H0UJE4N,126 m² Appartement ∙ 3 chambres ∙ 8 personnes,Grimentz - Valais
16/04/2024,14/09/2024,21/09/2024,3083.84,H0UJE4N,126 m² Appartement ∙ 3 chambres ∙ 8 personnes,Grimentz - Valais
16/04/2024,21/09/2024,28/09/2024,3083.84,H0UJE4N,126 m² Appartement ∙ 3 chambres ∙ 8 personnes,Grimentz - Valais
16/04/2024,28/09/2024,05/10/2024,3083.84,H0UJE4N,126 m² Appartement ∙ 3 chambres ∙ 8 personnes,Grimentz - Valais
16/04/2024,05/10/2024,12/10/2024,3083.84,H0UJE4N,126 m² Appartement ∙ 3 chambres ∙ 8 personnes,Grimentz - Valais
16/04/2024,12/10/2024,19/10/2024,3083.84,H0UJE4N,126 m² Appartement ∙ 3 chambres ∙ 8 personnes,Grimentz - Valais
16/04/2024,19/10/2024,26/10/2024,3083.84,H0UJE4N,126 m² Appartement ∙ 3 chambres ∙ 8 personnes,Grimentz - Valais
16/04/2024,26/10/2024,02/11/2024,3083.84,H0UJE4N,126 m² Appartement ∙ 3 chambres ∙ 8 personnes,Grimentz - Valais
16/04/2024,20/04/2024,27/04/2024,2394.90,HGNB85X,129 m² Appartement ∙ 3 chambres ∙ 4 personnes,Grimentz - Valais
16/04/2024,11/05/2024,18/05/2024,2394.90,HGNB85X,129 m² Appartement ∙ 3 chambres ∙ 4 personnes,Grimentz - Valais
16/04/2024,18/05/2024,25/05/2024,2394.90,HGNB85X,129 m² Appartement ∙ 3 chambres ∙ 4 personnes,Grimentz - Valais
16/04/2024,25/05/2024,01/06/2024,2394.90,HGNB85X,129 m² Appartement ∙ 3 chambres ∙ 4 personnes,Grimentz - Valais
16/04/2024,15/06/2024,22/06/2024,2394.90,HGNB85X,129 m² Appartement ∙ 3 chambres ∙ 4 personnes,Grimentz - Valais
16/04/2024,22/06/2024,29/06/2024,2394.90,HGNB85X,129 m² Appartement ∙ 3 chambres ∙ 4 personnes,Grimentz - Valais
16/04/2024,29/06/2024,06/07/2024,2394.90,HGNB85X,129 m² Appartement ∙ 3 chambres ∙ 4 personnes,Grimentz - Valais
16/04/2024,06/07/2024,13/07/2024,2865.13,HGNB85X,129 m² Appartement ∙ 3 chambres ∙ 4 personnes,Grimentz - Valais
16/04/2024,13/07/2024,20/07/2024,2865.13,HGNB85X,129 m² Appartement ∙ 3 chambres ∙ 4 personnes,Grimentz - Valais
16/04/2024,20/07/2024,27/07/2024,2865.13,HGNB85X,129 m² Appartement ∙ 3 chambres ∙ 4 personnes,Grimentz - Valais
16/04/2024,27/07/2024,03/08/2024,2865.13,HGNB85X,129 m² Appartement ∙ 3 chambres ∙ 4 personnes,Grimentz - Valais
16/04/2024,03/08/2024,10/08/2024,2865.13,HGNB85X,129 m² Appartement ∙ 3 chambres ∙ 4 personnes,Grimentz - Valais
16/04/2024,10/08/2024,17/08/2024,2865.13,HGNB85X,129 m² Appartement ∙ 3 chambres ∙ 4 personnes,Grimentz - Valais
16/04/2024,17/08/2024,24/08/2024,2865.13,HGNB85X,129 m² Appartement ∙ 3 chambres ∙ 4 personnes,Grimentz - Valais
16/04/2024,24/08/2024,31/08/2024,2394.90,HGNB85X,129 m² Appartement ∙ 3 chambres ∙ 4 personnes,Grimentz - Valais
16/04/2024,31/08/2024,07/09/2024,2394.90,HGNB85X,129 m² Appartement ∙ 3 chambres ∙ 4 personnes,Grimentz - Valais
16/04/2024,07/09/2024,14/09/2024,2394.90,HGNB85X,129 m² Appartement ∙ 3 chambres ∙ 4 personnes,Grimentz - Valais
16/04/2024,14/09/2024,21/09/2024,2394.90,HGNB85X,129 m² Appartement ∙ 3 chambres ∙ 4 personnes,Grimentz - Valais
16/04/2024,21/09/2024,28/09/2024,2394.90,HGNB85X,129 m² Appartement ∙ 3 chambres ∙ 4 personnes,Grimentz - Valais
16/04/2024,28/09/2024,05/10/2024,2394.90,HGNB85X,129 m² Appartement ∙ 3 chambres ∙ 4 personnes,Grimentz - Valais
16/04/2024,05/10/2024,12/10/2024,2394.90,HGNB85X,129 m² Appartement ∙ 3 chambres ∙ 4 personnes,Grimentz - Valais
16/04/2024,12/10/2024,19/10/2024,2394.90,HGNB85X,129 m² Appartement ∙ 3 chambres ∙ 4 personnes,Grimentz - Valais
16/04/2024,19/10/2024,26/10/2024,2394.90,HGNB85X,129 m² Appartement ∙ 3 chambres ∙ 4 personnes,Grimentz - Valais
16/04/2024,26/10/2024,02/11/2024,2394.90,HGNB85X,129 m² Appartement ∙ 3 chambres ∙ 4 personnes,Grimentz - Valais
16/04/2024,20/04/2024,27/04/2024,4800.74,H41PXJD,207 m² Chalet ∙ 5 chambres ∙ 11 personnes,Grimentz - Valais
16/04/2024,25/05/2024,01/06/2024,4800.74,H41PXJD,207 m² Chalet ∙ 5 chambres ∙ 11 personnes,Grimentz - Valais
16/04/2024,01/06/2024,08/06/2024,4800.74,H41PXJD,207 m² Chalet ∙ 5 chambres ∙ 11 personnes,Grimentz - Valais
16/04/2024,08/06/2024,15/06/2024,4800.74,H41PXJD,207 m² Chalet ∙ 5 chambres ∙ 11 personnes,Grimentz - Valais
16/04/2024,15/06/2024,22/06/2024,4800.74,H41PXJD,207 m² Chalet ∙ 5 chambres ∙ 11 personnes,Grimentz - Valais
16/04/2024,22/06/2024,29/06/2024,4800.74,H41PXJD,207 m² Chalet ∙ 5 chambres ∙ 11 personnes,Grimentz - Valais
16/04/2024,29/06/2024,06/07/2024,4800.74,H41PXJD,207 m² Chalet ∙ 5 chambres ∙ 11 personnes,Grimentz - Valais
16/04/2024,06/07/2024,13/07/2024,5030.39,H41PXJD,207 m² Chalet ∙ 5 chambres ∙ 11 personnes,Grimentz - Valais
16/04/2024,13/07/2024,20/07/2024,5030.39,H41PXJD,207 m² Chalet ∙ 5 chambres ∙ 11 personnes,Grimentz - Valais
16/04/2024,20/07/2024,27/07/2024,5030.39,H41PXJD,207 m² Chalet ∙ 5 chambres ∙ 11 personnes,Grimentz - Valais
16/04/2024,27/07/2024,03/08/2024,5030.39,H41PXJD,207 m² Chalet ∙ 5 chambres ∙ 11 personnes,Grimentz - Valais
16/04/2024,07/09/2024,14/09/2024,4800.74,H41PXJD,207 m² Chalet ∙ 5 chambres ∙ 11 personnes,Grimentz - Valais
16/04/2024,14/09/2024,21/09/2024,4800.74,H41PXJD,207 m² Chalet ∙ 5 chambres ∙ 11 personnes,Grimentz - Valais
16/04/2024,21/09/2024,28/09/2024,4800.74,H41PXJD,207 m² Chalet ∙ 5 chambres ∙ 11 personnes,Grimentz - Valais
16/04/2024,28/09/2024,05/10/2024,4800.74,H41PXJD,207 m² Chalet ∙ 5 chambres ∙ 11 personnes,Grimentz - Valais
16/04/2024,05/10/2024,12/10/2024,4800.74,H41PXJD,207 m² Chalet ∙ 5 chambres ∙ 11 personnes,Grimentz - Valais
16/04/2024,12/10/2024,19/10/2024,4800.74,H41PXJD,207 m² Chalet ∙ 5 chambres ∙ 11 personnes,Grimentz - Valais
16/04/2024,19/10/2024,26/10/2024,4800.74,H41PXJD,207 m² Chalet ∙ 5 chambres ∙ 11 personnes,Grimentz - Valais
16/04/2024,26/10/2024,02/11/2024,4800.74,H41PXJD,207 m² Chalet ∙ 5 chambres ∙ 11 personnes,Grimentz - Valais
16/04/2024,20/04/2024,27/04/2024,4800.74,H57SDUL,246 m² Appartement ∙ 4 chambres ∙ 11 personnes,Grimentz - Valais
16/04/2024,27/04/2024,04/05/2024,4800.74,H57SDUL,246 m² Appartement ∙ 4 chambres ∙ 11 personnes,Grimentz - Valais
16/04/2024,18/05/2024,25/05/2024,4800.74,H57SDUL,246 m² Appartement ∙ 4 chambres ∙ 11 personnes,Grimentz - Valais
16/04/2024,25/05/2024,01/06/2024,4800.74,H57SDUL,246 m² Appartement ∙ 4 chambres ∙ 11 personnes,Grimentz - Valais
16/04/2024,01/06/2024,08/06/2024,4800.74,H57SDUL,246 m² Appartement ∙ 4 chambres ∙ 11 personnes,Grimentz - Valais
16/04/2024,29/06/2024,06/07/2024,4800.74,H57SDUL,246 m² Appartement ∙ 4 chambres ∙ 11 personnes,Grimentz - Valais
16/04/2024,06/07/2024,13/07/2024,5030.39,H57SDUL,246 m² Appartement ∙ 4 chambres ∙ 11 personnes,Grimentz - Valais
16/04/2024,10/08/2024,17/08/2024,5030.39,H57SDUL,246 m² Appartement ∙ 4 chambres ∙ 11 personnes,Grimentz - Valais
16/04/2024,31/08/2024,07/09/2024,4800.74,H57SDUL,246 m² Appartement ∙ 4 chambres ∙ 11 personnes,Grimentz - Valais
16/04/2024,05/10/2024,12/10/2024,4800.74,H57SDUL,246 m² Appartement ∙ 4 chambres ∙ 11 personnes,Grimentz - Valais
16/04/2024,12/10/2024,19/10/2024,4800.74,H57SDUL,246 m² Appartement ∙ 4 chambres ∙ 11 personnes,Grimentz - Valais
16/04/2024,19/10/2024,26/10/2024,4800.74,H57SDUL,246 m² Appartement ∙ 4 chambres ∙ 11 personnes,Grimentz - Valais
16/04/2024,26/10/2024,02/11/2024,4800.74,H57SDUL,246 m² Appartement ∙ 4 chambres ∙ 11 personnes,Grimentz - Valais
16/04/2024,20/04/2024,27/04/2024,5052.25,HXJP5AC,236 m² Appartement ∙ 5 chambres ∙ 10 personnes,Grimentz - Valais
16/04/2024,04/05/2024,11/05/2024,5052.25,HXJP5AC,236 m² Appartement ∙ 5 chambres ∙ 10 personnes,Grimentz - Valais
16/04/2024,11/05/2024,18/05/2024,5052.25,HXJP5AC,236 m² Appartement ∙ 5 chambres ∙ 10 personnes,Grimentz - Valais
16/04/2024,18/05/2024,25/05/2024,5052.25,HXJP5AC,236 m² Appartement ∙ 5 chambres ∙ 10 personnes,Grimentz - Valais
16/04/2024,25/05/2024,01/06/2024,5052.25,HXJP5AC,236 m² Appartement ∙ 5 chambres ∙ 10 personnes,Grimentz - Valais
16/04/2024,01/06/2024,08/06/2024,5052.25,HXJP5AC,236 m² Appartement ∙ 5 chambres ∙ 10 personnes,Grimentz - Valais
16/04/2024,08/06/2024,15/06/2024,5052.25,HXJP5AC,236 m² Appartement ∙ 5 chambres ∙ 10 personnes,Grimentz - Valais
16/04/2024,15/06/2024,22/06/2024,5052.25,HXJP5AC,236 m² Appartement ∙ 5 chambres ∙ 10 personnes,Grimentz - Valais
16/04/2024,22/06/2024,29/06/2024,5052.25,HXJP5AC,236 m² Appartement ∙ 5 chambres ∙ 10 personnes,Grimentz - Valais
16/04/2024,29/06/2024,06/07/2024,5052.25,HXJP5AC,236 m² Appartement ∙ 5 chambres ∙ 10 personnes,Grimentz - Valais
16/04/2024,06/07/2024,13/07/2024,6014.59,HXJP5AC,236 m² Appartement ∙ 5 chambres ∙ 10 personnes,Grimentz - Valais
16/04/2024,13/07/2024,20/07/2024,6014.59,HXJP5AC,236 m² Appartement ∙ 5 chambres ∙ 10 personnes,Grimentz - Valais
16/04/2024,20/07/2024,27/07/2024,6014.59,HXJP5AC,236 m² Appartement ∙ 5 chambres ∙ 10 personnes,Grimentz - Valais
16/04/2024,27/07/2024,03/08/2024,6014.59,HXJP5AC,236 m² Appartement ∙ 5 chambres ∙ 10 personnes,Grimentz - Valais
16/04/2024,14/09/2024,21/09/2024,5052.25,HXJP5AC,236 m² Appartement ∙ 5 chambres ∙ 10 personnes,Grimentz - Valais
16/04/2024,21/09/2024,28/09/2024,5052.25,HXJP5AC,236 m² Appartement ∙ 5 chambres ∙ 10 personnes,Grimentz - Valais
16/04/2024,28/09/2024,05/10/2024,5052.25,HXJP5AC,236 m² Appartement ∙ 5 chambres ∙ 10 personnes,Grimentz - Valais
16/04/2024,05/10/2024,12/10/2024,5052.25,HXJP5AC,236 m² Appartement ∙ 5 chambres ∙ 10 personnes,Grimentz - Valais
16/04/2024,12/10/2024,19/10/2024,5052.25,HXJP5AC,236 m² Appartement ∙ 5 chambres ∙ 10 personnes,Grimentz - Valais
16/04/2024,19/10/2024,26/10/2024,5052.25,HXJP5AC,236 m² Appartement ∙ 5 chambres ∙ 10 personnes,Grimentz - Valais
16/04/2024,20/04/2024,27/04/2024,2394.90,HPASMER,114 m² Chalet ∙ 2 chambres ∙ 6 personnes,Grimentz - Valais
16/04/2024,27/04/2024,04/05/2024,2394.90,HPASMER,114 m² Chalet ∙ 2 chambres ∙ 6 personnes,Grimentz - Valais
16/04/2024,04/05/2024,11/05/2024,2394.90,HPASMER,114 m² Chalet ∙ 2 chambres ∙ 6 personnes,Grimentz - Valais
16/04/2024,11/05/2024,18/05/2024,2394.90,HPASMER,114 m² Chalet ∙ 2 chambres ∙ 6 personnes,Grimentz - Valais
16/04/2024,20/04/2024,27/04/2024,2395.52,HPASMER,114 m² Chalet ∙ 2 chambres ∙ 6 personnes,Grimentz - Valais
16/04/2024,27/04/2024,04/05/2024,2395.52,HPASMER,114 m² Chalet ∙ 2 chambres ∙ 6 personnes,Grimentz - Valais
16/04/2024,04/05/2024,11/05/2024,2395.52,HPASMER,114 m² Chalet ∙ 2 chambres ∙ 6 personnes,Grimentz - Valais
16/04/2024,11/05/2024,18/05/2024,2395.52,HPASMER,114 m² Chalet ∙ 2 chambres ∙ 6 personnes,Grimentz - Valais
16/04/2024,18/05/2024,25/05/2024,2395.52,HPASMER,114 m² Chalet ∙ 2 chambres ∙ 6 personnes,Grimentz - Valais
16/04/2024,25/05/2024,01/06/2024,2395.52,HPASMER,114 m² Chalet ∙ 2 chambres ∙ 6 personnes,Grimentz - Valais
16/04/2024,01/06/2024,08/06/2024,2395.52,HPASMER,114 m² Chalet ∙ 2 chambres ∙ 6 personnes,Grimentz - Valais
16/04/2024,08/06/2024,15/06/2024,2395.52,HPASMER,114 m² Chalet ∙ 2 chambres ∙ 6 personnes,Grimentz - Valais
16/04/2024,15/06/2024,22/06/2024,2395.52,HPASMER,114 m² Chalet ∙ 2 chambres ∙ 6 personnes,Grimentz - Valais
16/04/2024,22/06/2024,29/06/2024,2395.52,HPASMER,114 m² Chalet ∙ 2 chambres ∙ 6 personnes,Grimentz - Valais
16/04/2024,29/06/2024,06/07/2024,2395.52,HPASMER,114 m² Chalet ∙ 2 chambres ∙ 6 personnes,Grimentz - Valais
16/04/2024,06/07/2024,13/07/2024,2865.87,HPASMER,114 m² Chalet ∙ 2 chambres ∙ 6 personnes,Grimentz - Valais
16/04/2024,13/07/2024,20/07/2024,2865.87,HPASMER,114 m² Chalet ∙ 2 chambres ∙ 6 personnes,Grimentz - Valais
16/04/2024,20/07/2024,27/07/2024,2865.87,HPASMER,114 m² Chalet ∙ 2 chambres ∙ 6 personnes,Grimentz - Valais
16/04/2024,27/07/2024,03/08/2024,2865.87,HPASMER,114 m² Chalet ∙ 2 chambres ∙ 6 personnes,Grimentz - Valais
16/04/2024,03/08/2024,10/08/2024,2865.87,HPASMER,114 m² Chalet ∙ 2 chambres ∙ 6 personnes,Grimentz - Valais
16/04/2024,07/09/2024,14/09/2024,2395.52,HPASMER,114 m² Chalet ∙ 2 chambres ∙ 6 personnes,Grimentz - Valais
16/04/2024,14/09/2024,21/09/2024,2395.52,HPASMER,114 m² Chalet ∙ 2 chambres ∙ 6 personnes,Grimentz - Valais
16/04/2024,21/09/2024,28/09/2024,2395.52,HPASMER,114 m² Chalet ∙ 2 chambres ∙ 6 personnes,Grimentz - Valais
16/04/2024,28/09/2024,05/10/2024,2395.52,HPASMER,114 m² Chalet ∙ 2 chambres ∙ 6 personnes,Grimentz - Valais
16/04/2024,05/10/2024,12/10/2024,2395.52,HPASMER,114 m² Chalet ∙ 2 chambres ∙ 6 personnes,Grimentz - Valais
16/04/2024,12/10/2024,19/10/2024,2395.52,HPASMER,114 m² Chalet ∙ 2 chambres ∙ 6 personnes,Grimentz - Valais
16/04/2024,19/10/2024,26/10/2024,2395.52,HPASMER,114 m² Chalet ∙ 2 chambres ∙ 6 personnes,Grimentz - Valais
16/04/2024,26/10/2024,02/11/2024,2395.52,HPASMER,114 m² Chalet ∙ 2 chambres ∙ 6 personnes,Grimentz - Valais
16/04/2024,20/04/2024,27/04/2024,3084.64,H5MXHVE,140 m² Chalet ∙ 3 chambres ∙ 9 personnes,Grimentz - Valais
16/04/2024,27/04/2024,04/05/2024,3084.64,H5MXHVE,140 m² Chalet ∙ 3 chambres ∙ 9 personnes,Grimentz - Valais
16/04/2024,04/05/2024,11/05/2024,3084.64,H5MXHVE,140 m² Chalet ∙ 3 chambres ∙ 9 personnes,Grimentz - Valais
16/04/2024,11/05/2024,18/05/2024,3084.64,H5MXHVE,140 m² Chalet ∙ 3 chambres ∙ 9 personnes,Grimentz - Valais
16/04/2024,18/05/2024,25/05/2024,3084.64,H5MXHVE,140 m² Chalet ∙ 3 chambres ∙ 9 personnes,Grimentz - Valais
16/04/2024,25/05/2024,01/06/2024,3084.64,H5MXHVE,140 m² Chalet ∙ 3 chambres ∙ 9 personnes,Grimentz - Valais
16/04/2024,01/06/2024,08/06/2024,3084.64,H5MXHVE,140 m² Chalet ∙ 3 chambres ∙ 9 personnes,Grimentz - Valais
16/04/2024,08/06/2024,15/06/2024,3084.64,H5MXHVE,140 m² Chalet ∙ 3 chambres ∙ 9 personnes,Grimentz - Valais
16/04/2024,15/06/2024,22/06/2024,3084.64,H5MXHVE,140 m² Chalet ∙ 3 chambres ∙ 9 personnes,Grimentz - Valais
16/04/2024,22/06/2024,29/06/2024,3084.64,H5MXHVE,140 m² Chalet ∙ 3 chambres ∙ 9 personnes,Grimentz - Valais
16/04/2024,29/06/2024,06/07/2024,3084.64,H5MXHVE,140 m² Chalet ∙ 3 chambres ∙ 9 personnes,Grimentz - Valais
16/04/2024,06/07/2024,13/07/2024,4069.11,H5MXHVE,140 m² Chalet ∙ 3 chambres ∙ 9 personnes,Grimentz - Valais
16/04/2024,13/07/2024,20/07/2024,4069.11,H5MXHVE,140 m² Chalet ∙ 3 chambres ∙ 9 personnes,Grimentz - Valais
16/04/2024,20/07/2024,27/07/2024,4069.11,H5MXHVE,140 m² Chalet ∙ 3 chambres ∙ 9 personnes,Grimentz - Valais
16/04/2024,27/07/2024,03/08/2024,4069.11,H5MXHVE,140 m² Chalet ∙ 3 chambres ∙ 9 personnes,Grimentz - Valais
16/04/2024,07/09/2024,14/09/2024,3084.64,H5MXHVE,140 m² Chalet ∙ 3 chambres ∙ 9 personnes,Grimentz - Valais
16/04/2024,28/09/2024,05/10/2024,3084.64,H5MXHVE,140 m² Chalet ∙ 3 chambres ∙ 9 personnes,Grimentz - Valais
16/04/2024,05/10/2024,12/10/2024,3084.64,H5MXHVE,140 m² Chalet ∙ 3 chambres ∙ 9 personnes,Grimentz - Valais
16/04/2024,12/10/2024,19/10/2024,3084.64,H5MXHVE,140 m² Chalet ∙ 3 chambres ∙ 9 personnes,Grimentz - Valais
16/04/2024,19/10/2024,26/10/2024,3084.64,H5MXHVE,140 m² Chalet ∙ 3 chambres ∙ 9 personnes,Grimentz - Valais
16/04/2024,26/10/2024,02/11/2024,3084.64,H5MXHVE,140 m² Chalet ∙ 3 chambres ∙ 9 personnes,Grimentz - Valais
16/04/2024,20/04/2024,27/04/2024,2395.52,H4RNLKH,116 m² Appartement ∙ 2 chambres ∙ 5 personnes,Grimentz - Valais
16/04/2024,27/04/2024,04/05/2024,2395.52,H4RNLKH,116 m² Appartement ∙ 2 chambres ∙ 5 personnes,Grimentz - Valais
16/04/2024,04/05/2024,11/05/2024,2395.52,H4RNLKH,116 m² Appartement ∙ 2 chambres ∙ 5 personnes,Grimentz - Valais
16/04/2024,11/05/2024,18/05/2024,2395.52,H4RNLKH,116 m² Appartement ∙ 2 chambres ∙ 5 personnes,Grimentz - Valais
16/04/2024,18/05/2024,25/05/2024,2395.52,H4RNLKH,116 m² Appartement ∙ 2 chambres ∙ 5 personnes,Grimentz - Valais
16/04/2024,25/05/2024,01/06/2024,2395.52,H4RNLKH,116 m² Appartement ∙ 2 chambres ∙ 5 personnes,Grimentz - Valais
16/04/2024,01/06/2024,08/06/2024,2395.52,H4RNLKH,116 m² Appartement ∙ 2 chambres ∙ 5 personnes,Grimentz - Valais
16/04/2024,08/06/2024,15/06/2024,2395.52,H4RNLKH,116 m² Appartement ∙ 2 chambres ∙ 5 personnes,Grimentz - Valais
16/04/2024,15/06/2024,22/06/2024,2395.52,H4RNLKH,116 m² Appartement ∙ 2 chambres ∙ 5 personnes,Grimentz - Valais
16/04/2024,22/06/2024,29/06/2024,2395.52,H4RNLKH,116 m² Appartement ∙ 2 chambres ∙ 5 personnes,Grimentz - Valais
16/04/2024,29/06/2024,06/07/2024,2395.52,H4RNLKH,116 m² Appartement ∙ 2 chambres ∙ 5 personnes,Grimentz - Valais
16/04/2024,06/07/2024,13/07/2024,2865.87,H4RNLKH,116 m² Appartement ∙ 2 chambres ∙ 5 personnes,Grimentz - Valais
16/04/2024,07/09/2024,14/09/2024,2395.52,H4RNLKH,116 m² Appartement ∙ 2 chambres ∙ 5 personnes,Grimentz - Valais
16/04/2024,14/09/2024,21/09/2024,2395.52,H4RNLKH,116 m² Appartement ∙ 2 chambres ∙ 5 personnes,Grimentz - Valais
16/04/2024,21/09/2024,28/09/2024,2395.52,H4RNLKH,116 m² Appartement ∙ 2 chambres ∙ 5 personnes,Grimentz - Valais
16/04/2024,28/09/2024,05/10/2024,2395.52,H4RNLKH,116 m² Appartement ∙ 2 chambres ∙ 5 personnes,Grimentz - Valais
16/04/2024,05/10/2024,12/10/2024,2395.52,H4RNLKH,116 m² Appartement ∙ 2 chambres ∙ 5 personnes,Grimentz - Valais
16/04/2024,12/10/2024,19/10/2024,2395.52,H4RNLKH,116 m² Appartement ∙ 2 chambres ∙ 5 personnes,Grimentz - Valais
16/04/2024,19/10/2024,26/10/2024,2395.52,H4RNLKH,116 m² Appartement ∙ 2 chambres ∙ 5 personnes,Grimentz - Valais
16/04/2024,26/10/2024,02/11/2024,2395.52,H4RNLKH,116 m² Appartement ∙ 2 chambres ∙ 5 personnes,Grimentz - Valais
16/04/2024,20/04/2024,27/04/2024,2275.20,H9TS3A2,107 m² Appartement ∙ 2 chambres ∙ 5 personnes,Grimentz - Valais
16/04/2024,27/04/2024,04/05/2024,2275.20,H9TS3A2,107 m² Appartement ∙ 2 chambres ∙ 5 personnes,Grimentz - Valais
16/04/2024,04/05/2024,11/05/2024,2275.20,H9TS3A2,107 m² Appartement ∙ 2 chambres ∙ 5 personnes,Grimentz - Valais
16/04/2024,11/05/2024,18/05/2024,2275.20,H9TS3A2,107 m² Appartement ∙ 2 chambres ∙ 5 personnes,Grimentz - Valais
16/04/2024,18/05/2024,25/05/2024,2275.20,H9TS3A2,107 m² Appartement ∙ 2 chambres ∙ 5 personnes,Grimentz - Valais
16/04/2024,25/05/2024,01/06/2024,2275.20,H9TS3A2,107 m² Appartement ∙ 2 chambres ∙ 5 personnes,Grimentz - Valais
16/04/2024,01/06/2024,08/06/2024,2275.20,H9TS3A2,107 m² Appartement ∙ 2 chambres ∙ 5 personnes,Grimentz - Valais
16/04/2024,08/06/2024,15/06/2024,2275.20,H9TS3A2,107 m² Appartement ∙ 2 chambres ∙ 5 personnes,Grimentz - Valais
16/04/2024,15/06/2024,22/06/2024,2275.20,H9TS3A2,107 m² Appartement ∙ 2 chambres ∙ 5 personnes,Grimentz - Valais
16/04/2024,22/06/2024,29/06/2024,2275.20,H9TS3A2,107 m² Appartement ∙ 2 chambres ∙ 5 personnes,Grimentz - Valais
16/04/2024,29/06/2024,06/07/2024,2275.20,H9TS3A2,107 m² Appartement ∙ 2 chambres ∙ 5 personnes,Grimentz - Valais
16/04/2024,06/07/2024,13/07/2024,2745.55,H9TS3A2,107 m² Appartement ∙ 2 chambres ∙ 5 personnes,Grimentz - Valais
16/04/2024,13/07/2024,20/07/2024,2745.55,H9TS3A2,107 m² Appartement ∙ 2 chambres ∙ 5 personnes,Grimentz - Valais
16/04/2024,20/07/2024,27/07/2024,2745.55,H9TS3A2,107 m² Appartement ∙ 2 chambres ∙ 5 personnes,Grimentz - Valais
16/04/2024,03/08/2024,10/08/2024,2745.55,H9TS3A2,107 m² Appartement ∙ 2 chambres ∙ 5 personnes,Grimentz - Valais
16/04/2024,10/08/2024,17/08/2024,2745.55,H9TS3A2,107 m² Appartement ∙ 2 chambres ∙ 5 personnes,Grimentz - Valais
16/04/2024,07/09/2024,14/09/2024,2275.20,H9TS3A2,107 m² Appartement ∙ 2 chambres ∙ 5 personnes,Grimentz - Valais
16/04/2024,14/09/2024,21/09/2024,2275.20,H9TS3A2,107 m² Appartement ∙ 2 chambres ∙ 5 personnes,Grimentz - Valais
16/04/2024,21/09/2024,28/09/2024,2275.20,H9TS3A2,107 m² Appartement ∙ 2 chambres ∙ 5 personnes,Grimentz - Valais
16/04/2024,28/09/2024,05/10/2024,2275.20,H9TS3A2,107 m² Appartement ∙ 2 chambres ∙ 5 personnes,Grimentz - Valais
16/04/2024,05/10/2024,12/10/2024,2275.20,H9TS3A2,107 m² Appartement ∙ 2 chambres ∙ 5 personnes,Grimentz - Valais
16/04/2024,12/10/2024,19/10/2024,2275.20,H9TS3A2,107 m² Appartement ∙ 2 chambres ∙ 5 personnes,Grimentz - Valais
16/04/2024,19/10/2024,26/10/2024,2275.20,H9TS3A2,107 m² Appartement ∙ 2 chambres ∙ 5 personnes,Grimentz - Valais
16/04/2024,26/10/2024,02/11/2024,2275.20,H9TS3A2,107 m² Appartement ∙ 2 chambres ∙ 5 personnes,Grimentz - Valais
